transaction_id,account_id,category_id,date,merchant_name,description,amount,currency_code,payment_channel,pending
11bb1a7e-c9cc-4eac-b2c5-2fbee7adec6b,000000 - 00000111,none,2023-11-06,VDP-ALIEXPRESS.COM,none,-43.44,EUR,none,False
0779fe03-b534-4b20-a280-3e93c8d1a216,000000 - 00000111,none,2023-11-06,VDP-Zara.com,none,-8.94,EUR,none,False
ea42c23c-a4c5-46fa-b11b-6f8932be5fca,000000 - 00000111,none,2023-11-07,VDP-IT TRALEE SERV,none,-95.0,EUR,none,False
df667193-dc24-4404-b6d3-5b0519a05490,000000 - 00000111,none,2023-11-07,VDC-IT TRALEE NORT,none,-4.6,EUR,none,False
8a79a5d7-b99f-4aa5-b8b5-e8de3be120c7,000000 - 00000001,none,2023-11-07,VDP-IT TRALEE SERV,none,-95.0,EUR,none,False
9c1c3868-400b-478f-a404-1a5656742489,000000 - 00000111,none,2023-11-08,VDC-IT TRALEE NORT,none,-5.6,EUR,none,False
b8782af4-d05d-40e9-ad95-d49129125717,000000 - 00000111,none,2023-11-10,VDC-LIDL IRELAND L,none,-20.32,EUR,none,False
7ebc58d5-786d-4fc1-92a4-40f0c50221c2,000000 - 00000111,none,2023-11-10,VDC-IT TRALEE NORT,none,-1.75,EUR,none,False
d0ca7b47-1d74-4bf6-9096-ccd153d71709,000000 - 00000111,none,2023-11-10,VDC-IT TRALEE NORT,none,-1.6,EUR,none,False
293b0048-c26b-4faf-bff4-823265af7423,000000 - 00000111,none,2023-11-10,VDC-IT TRALEE NORT,none,-1.4,EUR,none,False
b8870312-c30d-4a55-97c2-8fe997f68569,000000 - 00000111,none,2023-11-13,VDC-PEPCO 1624,none,-3.25,EUR,none,False
041c429a-e056-48a9-94e6-036130380370,000000 - 00000111,none,2023-11-13,VDC-LIDL IRELAND L,none,-3.44,EUR,none,False
bd3f3368-b713-4242-8e1a-80c58d4f350d,000000 - 00000111,none,2023-11-13,VDC-IT TRALEE NORT,none,-1.75,EUR,none,False
0f73c49c-5f86-477b-91d0-1f09880b1448,000000 - 00000111,none,2023-11-13,VDC-DUNNES TRALEE,none,-2.0,EUR,none,False
2596a84f-d470-4570-8722-444a814e1da6,000000 - 00000111,none,2023-11-15,VDC-IT TRALEE NORT,none,-1.75,EUR,none,False
cef73f57-a9ca-4a47-a3d3-d96d0d478007,000000 - 00000111,none,2023-11-15,T00000044,SCHOLARSHIP,0.0,EUR,none,False
d996a1e7-0679-4879-818f-9b2e445d3498,000000 - 00000001,none,2023-11-15,T00000022,SCHOLARSHIP,0.0,EUR,none,False
711eca43-130f-4381-a0a0-9ae1bda9b142,000000 - 00000111,none,2023-11-16,VDC-IT TRALEE NORT,none,-1.7,EUR,none,False
ec64502c-c679-40f4-956e-250fb14af63a,000000 - 00000111,none,2023-11-16,VDC-IT TRALEE NORT,none,-2.35,EUR,none,False
50563238-768f-44f3-9576-c0f9df1db253,000000 - 00000111,none,2023-11-16,VDC-LIDL IRELAND L,none,-7.48,EUR,none,False
79d5ce67-3987-46d5-a389-e55f7c26a5df,000000 - 00000001,none,2023-11-17,VDP-PEPCO 1624,none,-2.0,EUR,none,False
d99296c0-3c4e-4a14-86b0-7274bc532272,000000 - 00000111,none,2023-11-17,VDC-LIDL IRELAND L,none,-2.35,EUR,none,False
d423d9cc-7cbc-4a21-8236-951046e430f6,000000 - 00000111,none,2023-11-20,VDP-SHEIN.COM,none,-54.96,EUR,none,False
b3c0d02a-9df5-4e38-bf4c-8510b2642389,000000 - 00000111,none,2023-11-20,VDP-SP DIESEL ONLI,none,-80.96,EUR,none,False
b16352fb-ff9c-492e-8801-f21604b86c65,000000 - 00000111,none,2023-11-20,VDC-IT TRALEE NORT,none,-2.2,EUR,none,False
befcae0a-12d4-40b7-9f48-54b8af81f8ec,000000 - 00000111,none,2023-11-20,VDC-LIDL IRELAND L,none,-6.82,EUR,none,False
a976311d-8258-4cd4-a434-911edd13799d,000000 - 00000001,none,2023-11-20,*MOBI  TOP-UP,000000007,-20.0,EUR,none,False
b2c65a12-68d5-4259-96b3-4cb87bc0279d,000000 - 00000001,none,2023-11-20,VDP-GARVEYS SUPERV,none,-4.38,EUR,none,False
038e797b-afa3-4634-92ae-69ec539a5817,000000 - 00000001,none,2023-11-20,ATM TRALEE   B,18NOV23 TIME 15:22,0.0,EUR,none,False
cb214dae-fcb7-4abd-9464-43650796c718,000000 - 00000111,none,2023-11-21,VDC-IT TRALEE NORT,none,-3.1,EUR,none,False
38a978ce-915e-4f91-8c83-3c791d56cd9a,000000 - 00000111,none,2023-11-21,VDC-UGLY MUG CAFE,none,-3.8,EUR,none,False
429b5738-42ed-49f5-b3ab-9d122a1c8d86,000000 - 00000001,none,2023-11-21,VDP-PEPCO 1624,none,-3.0,EUR,none,False
a8fee0ca-b62d-4837-ac95-0563b7e857a3,000000 - 00000111,none,2023-11-21,VDC-IT TRALEE NORT,none,-1.75,EUR,none,False
9c4b8b81-911f-4dae-82e4-77c2b12efe09,000000 - 00000111,none,2023-11-21,VDC-IT TRALEE NORT,none,-1.4,EUR,none,False
fc5fc2bb-93b0-4cae-b616-f6e4357e090b,000000 - 00000111,none,2023-11-21,VDP-BOOZT,none,-74.95,EUR,none,False
80889a06-9f48-4f2f-aa84-1ab1774967a9,000000 - 00000001,none,2023-11-22,VDP-LIDL IRELAND L,none,-2.18,EUR,none,False
93030a00-5cd3-45fb-bfd6-5b43b99ff78e,000000 - 00000111,none,2023-11-22,VDC-IT TRALEE NORT,none,-1.6,EUR,none,False
86ad5fa6-59af-4804-850f-a6aff9a962e1,000000 - 00000111,none,2023-11-22,VDP-BOOZT,none,-172.5,EUR,none,False
c33de436-5925-4223-8d35-490d1b868aab,000000 - 00000111,none,2023-11-22,VDC-LIDL IRELAND L,none,-22.09,EUR,none,False
96aac968-220c-4880-ba8b-df6a5c1dc4fc,000000 - 00000111,none,2023-11-22,VDC-IT TRALEE NORT,none,-1.7,EUR,none,False
fc5fdf43-a6a5-470b-a3ea-a37bd527da97,000000 - 00000111,none,2023-11-23,VDC-THE BLASKET BA,none,-10.0,EUR,none,False
1208292b-06c2-4368-8069-06bb496c3601,000000 - 00000111,none,2023-11-23,VDC-IT TRALEE NORT,none,-2.0,EUR,none,False
b2db1e18-3f10-4938-98ae-8e3bddd07ae4,000000 - 00000111,none,2023-11-24,VDC-GARVEYS SUPERV,none,-13.5,EUR,none,False
161abd9b-8097-4f4c-a956-7e416396710b,000000 - 00000111,none,2023-11-24,VDC-IT TRALEE NORT,none,-1.0,EUR,none,False
c98ae6fa-68be-44e0-94fc-b54a84c92e9a,000000 - 00000111,none,2023-11-24,VDC-DUNNES TRALEE,none,-2.25,EUR,none,False
b4189f80-c4c5-4e93-82c0-9a887e2494c0,000000 - 00000111,none,2023-11-24,VDC-LIDL IRELAND L,none,-1.29,EUR,none,False
49fa7d8b-19b1-445a-805f-d4b0eee8c48e,000000 - 00000111,none,2023-11-24,VDC-GARVEYS SUPERV,none,-2.1,EUR,none,False
f77685ee-5ece-4882-a611-c4a18428ff50,000000 - 00000111,none,2023-11-24,VDC-IT TRALEE NORT,none,-4.7,EUR,none,False
2e583a5a-350e-4ecd-a7aa-d44d1aaf91e3,000000 - 00000111,none,2023-11-27,VDC-ALDI 105 873,none,-0.89,EUR,none,False
207f3267-924f-46f1-a326-e904106def64,000000 - 00000111,none,2023-11-27,VDC-DUNNES TRALEE,none,-2.3,EUR,none,False
146a4b3a-b6f6-494b-85f0-e8c13003e52d,000000 - 00000111,none,2023-11-27,VDC-IT TRALEE NORT,none,-2.0,EUR,none,False
a7595c76-254d-4648-a057-7d5d62345793,000000 - 00000111,none,2023-11-27,VDC-LIDL IRELAND L,none,-1.99,EUR,none,False
4c4249ef-6567-4077-89c5-9ee8f7e9a358,000000 - 00000111,none,2023-11-27,VDC-LIDL IRELAND L,none,-3.43,EUR,none,False
3448ce9c-5b1b-4d54-963d-177c178fae6c,000000 - 00000111,none,2023-11-27,VDC-TESCO STORES 3,none,-1.45,EUR,none,False
183c56ef-9999-4b2a-b06d-c5d42e55445e,000000 - 00000111,none,2023-11-27,VDC-IT TRALEE NORT,none,-2.8,EUR,none,False
f597e076-dbf0-42bf-bdb0-fe3fb99fc9b2,000000 - 00000001,none,2023-11-27,VDP-Spotify P276F6,none,-5.99,EUR,none,False
8f125d2b-7fd8-42b0-a525-583af4044f67,000000 - 00000001,none,2023-11-27,VDP-shein.com,none,-39.78,EUR,none,False
746f5c3f-5de1-43e1-a294-b6b1be9946eb,000000 - 00000001,none,2023-11-28,VDP-PEPCO 1624,none,-3.0,EUR,none,False
603a5c7c-140a-42d6-a1ce-86074d78d0e4,000000 - 00000111,none,2023-11-28,VDC-IT TRALEE NORT,none,-3.1,EUR,none,False
a84180c5-2850-41d2-acde-a25321d61a73,000000 - 00000111,none,2023-11-29,VDC-IT TRALEE NORT,none,-5.0,EUR,none,False
98650e87-d60a-4bd7-a78f-d62eab6f3039,000000 - 00000111,none,2023-11-29,*MOBI 00983312,none,-16.0,EUR,none,False
5f41a18c-5919-42b3-9a73-2ff2caa9132a,000000 - 00000111,none,2023-11-29,VDC-IT TRALEE NORT,none,-1.5,EUR,none,False
13229391-4541-4923-a80b-12d7306f3d94,000000 - 00000111,none,2023-11-29,VDC-IT TRALEE NORT,none,-1.5,EUR,none,False
0bbf74a5-c275-41d3-a73d-5aa9b230e858,000000 - 00000111,none,2023-11-30,VDP-IDONATE DONATI,none,-2.1,EUR,none,False
ea1c5d06-5df5-48b6-915e-ab506db5d10a,000000 - 00000111,none,2023-11-30,VDC-DUNNES HORAN C,none,-20.77,EUR,none,False
b44cd679-c79a-46cf-a38e-bafd62eb4ecb,000000 - 00000001,none,2023-11-30,VDP-PAYPAL *IDONAT,none,-2.1,EUR,none,False
d29abdd4-8334-4d62-87bf-8b7862d1ca45,000000 - 00000111,none,2023-12-01,VDC-LIDL IRELAND L,none,-1.99,EUR,none,False
42f0ceb3-db0b-4b8b-8520-a9373a4f0c9c,000000 - 00000001,none,2023-12-01,VDP-COMPLETESAVE.I,none,-15.0,EUR,none,False
847bbc66-e9dc-4645-89f8-58db6ade1b20,000000 - 00000111,none,2023-12-01,VDC-IT TRALEE NORT,none,-4.75,EUR,none,False
2e46ab25-e5e2-4ea7-b0e7-497fd7a51535,000000 - 00000111,none,2023-12-01,VDP-TooGoodToG znz,none,-3.99,EUR,none,False
de768e32-7ca8-49e7-a045-8bf7355f3d3a,000000 - 00000001,none,2023-12-04,VDC-LIDL IRELAND L,none,-7.57,EUR,none,False
41c93084-f708-4b5a-8829-3f1eaa7de2b7,000000 - 00000001,none,2023-12-04,VDC-NORTH SOUTH,none,-8.1,EUR,none,False
ce1a2f30-5000-422f-a3dd-4d900d4f326d,000000 - 00000001,none,2023-12-04,VDC-PEPCO 1624,none,-3.0,EUR,none,False
56a3165f-7c17-479c-b364-1cc3d8b84388,000000 - 00000111,none,2023-12-04,VDC-THE RANGE,none,-2.3,EUR,none,False
3eb3f00c-6b6d-4185-bb12-e64d3afd1f60,000000 - 00000111,none,2023-12-04,VDC-JYSK TRALEE,none,-1.5,EUR,none,False
316c6fbc-6e0a-467e-8413-2b883b54a038,000000 - 00000111,none,2023-12-04,VDC-IT TRALEE NORT,none,-1.65,EUR,none,False
73793e3a-43bd-497e-b12b-cd7c3ec038ee,000000 - 00000111,none,2023-12-04,VDC-PENNEYS TRALEE,none,-8.0,EUR,none,False
b71a0446-057d-4224-9bc1-97880e2c197f,000000 - 00000111,none,2023-12-04,VDP-ROI ECOMM,none,-35.3,EUR,none,False
460c6883-a47a-4690-a647-d091fc5249d1,000000 - 00000111,none,2023-12-04,*MOBI 00983312,none,-15.0,EUR,none,False
98858689-7253-473d-8418-423d1008323c,000000 - 00000111,none,2023-12-04,VDC-GARVEYS SUPERV,none,-1.0,EUR,none,False
37308d81-0d8c-44d9-b74f-23fc136467b1,000000 - 00000111,none,2023-12-04,VDC-PEPCO 1624,none,-8.7,EUR,none,False
26d733e0-c5b4-4d87-8c50-54bc4b26b9fb,000000 - 00000111,none,2023-12-04,VDC-TESCO STORES 3,none,-10.25,EUR,none,False
9431642b-7c37-4a96-bd31-6b905919d3e0,000000 - 00000111,none,2023-12-05,VDC-IT TRALEE NORT,none,-1.65,EUR,none,False
223592ed-8ce3-4276-bd55-83aa9bb04ddd,000000 - 00000111,none,2023-12-05,VDC-IT TRALEE NORT,none,-3.1,EUR,none,False
22c2ad88-73de-4444-ae41-e5adedbe5542,000000 - 00000111,none,2023-12-05,VDC-LIDL IRELAND L,none,-44.99,EUR,none,False
53e335fc-1288-426f-a777-42350bcd057a,000000 - 00000111,none,2023-12-05,VDC-TESCO STORES 3,none,-8.24,EUR,none,False
2e885377-7aba-493c-ad01-c44f0befaef4,000000 - 00000111,none,2023-12-05,VDC-LIDL IRELAND L,none,-7.0,EUR,none,False
f4ef8d2e-cc86-4748-9ce9-b17ba47d4d75,000000 - 00000001,none,2023-12-05,VDC-PENNEYS TRALEE,none,-4.4,EUR,none,False
f013e57d-b660-440d-af6d-f9e0fde2f58c,000000 - 00000001,none,2023-12-05,VDC-IT TRALEE NORT,none,-2.5,EUR,none,False
c3a72557-68ff-4b4e-bc5c-4001c248e2d4,000000 - 00000001,none,2023-12-06,T00000022,SCHOLARSHIP,0.0,EUR,none,False
18360eb7-b785-4ae4-8991-cfd903b9bac3,000000 - 00000001,none,2023-12-06,VDP-RYANAIR     PL,none,-34.76,EUR,none,False
f36a871e-2874-4698-a21e-a539c56e17a7,000000 - 00000001,none,2023-12-06,VDC-IT TRALEE NORT,none,-2.5,EUR,none,False
7ad887e3-9f12-455e-ac13-af8735b37194,000000 - 00000111,none,2023-12-06,VDC-PEPCO 1624,none,-13.0,EUR,none,False
695062a7-5112-440a-abc8-6d17da195dce,000000 - 00000001,none,2023-12-06,VDC-LIDL IRELAND L,none,-1.49,EUR,none,False
2b95e497-4fd3-43e0-9341-c62bb7eb167b,000000 - 00000111,none,2023-12-06,VDC-IT TRALEE NORT,none,-1.6,EUR,none,False
4251632d-54b1-4c9c-9e2a-f8fe7991ff2a,000000 - 00000111,none,2023-12-06,T00000044,SCHOLARSHIP,0.0,EUR,none,False
b9eddafa-34bb-4e5a-9c74-ecdd31d30b29,000000 - 00000111,none,2023-12-06,VDC-PENNEYS TRALEE,none,8.0,EUR,none,False
f5475f7a-a233-42fb-a920-5c1dca58037c,000000 - 00000111,none,2023-12-07,VDC-IT TRALEE NORT,none,-3.1,EUR,none,False
f645f59e-57bf-4dd7-bf55-bcc598835679,000000 - 00000111,none,2023-12-07,VDC-LIDL IRELAND L,none,-2.64,EUR,none,False
ed672fea-2494-449a-8d59-51d890e68061,000000 - 00000001,none,2023-12-07,ATM TRALEE   B,07DEC23 TIME 15:25,-500.0,EUR,none,False
4ea65bbb-e9e2-42c0-9ef7-c4cbc1d68fd7,000000 - 00000111,none,2023-12-08,VDC-TESCO STORES 3,none,-0.9,EUR,none,False
6eb3fe6f-45d0-43a6-bb89-0feba3f63b05,000000 - 00000001,none,2023-12-11,VDC-SQ *LOVE AND F,none,-7.0,EUR,none,False
091d7344-1a5f-48c4-b7f5-9b341b47ef73,000000 - 00000001,none,2023-12-11,*MOBI CURRENT - ST,none,172.5,EUR,none,False
fa33e324-e24d-4337-a17e-29c77679faa5,000000 - 00000001,none,2023-12-11,VDP-Hotel at Booki,none,-348.2,EUR,none,False
9d0448b1-acf0-4b23-98f8-fc2d4eaf4a0b,000000 - 00000111,none,2023-12-11,VDP-FLIXBUS.COM,none,-40.98,EUR,none,False
ebbad827-5ab6-4559-bd8f-3b7b768e8069,000000 - 00000111,none,2023-12-11,VDP-RYANAIR     MN,none,-69.12,EUR,none,False
5e340bf1-80ce-4e32-a20f-7e7355531db9,000000 - 00000001,none,2023-12-11,VDC-SQ *LOVE AND F,none,-3.5,EUR,none,False
fe643e87-7547-42de-9012-54276ac554dd,000000 - 00000001,none,2023-12-11,VDC-LIDL IRELAND L,none,-1.4,EUR,none,False
1b7cec7c-e271-44bc-9d82-8cb93caaaf0e,000000 - 00000111,none,2023-12-11,VDC-NORTH SOUTH,none,-3.8,EUR,none,False
7efebf67-b284-476d-a366-a6a140024b1c,000000 - 00000111,none,2023-12-11,VDC-SUMUP  *SEANOC,none,-6.0,EUR,none,False
adc32c2a-c7d3-4197-b887-7a6bd8b16afb,000000 - 00000001,none,2023-12-11,VDC-NORTH SOUTH,none,-8.1,EUR,none,False
7831ca6f-7166-4cb7-91e2-05505a945883,000000 - 00000001,none,2023-12-11,VDC-SUMUP  *UGLY M,none,-5.0,EUR,none,False
5343ffe6-7a2b-4b30-acaa-1e1819dc025f,000000 - 00000111,none,2023-12-11,VDC-IT TRALEE NORT,none,-3.0,EUR,none,False
20de6e46-c943-42e4-9db5-6264cfb16919,000000 - 00000001,none,2023-12-12,VDC-IT TRALEE NORT,none,-4.2,EUR,none,False
16f8c085-d825-4bcd-92ef-90be92e60929,000000 - 00000111,none,2023-12-13,*MOBI ZA KARTOSHKU,none,-8.0,EUR,none,False
995506b0-dc24-4943-8438-08e33612f19a,000000 - 00000111,none,2023-12-13,VDC-ARDFERT FUELS,none,-11.85,EUR,none,False
fa81e1b2-6ecb-49ce-afb2-cdcb383332c3,000000 - 00000111,none,2023-12-13,VDC-DUNNES TRALEE,none,-8.0,EUR,none,False
c932dcaf-d2dd-4dee-9c65-45bdcf332667,000000 - 00000111,none,2023-12-13,VDC-LIDL IRELAND L,none,-2.94,EUR,none,False
0a041897-1e75-46ef-8d6d-461909cb369f,000000 - 00000111,none,2023-12-13,VDC-MICHAEL GUINEY,none,-24.23,EUR,none,False
419e3163-8336-4371-a5ca-850f9b112fa9,000000 - 00000111,none,2023-12-13,VDC-DUNNES TRALEE,none,-14.92,EUR,none,False
a4abaf83-aef2-48dd-8279-73289b8bc69b,000000 - 00000111,none,2023-12-14,VDC-THE RANGE,none,-4.25,EUR,none,False
2209b612-2c04-4d3f-ac84-761822d3764b,000000 - 00000111,none,2023-12-14,VDC-TESCO STORES 3,none,-3.65,EUR,none,False
21262bc6-195d-4aab-8679-18b3453e4246,000000 - 00000111,none,2023-12-14,VDC-LIDL IRELAND L,none,-2.38,EUR,none,False
30e12392-d97c-4d06-8472-1b43cb527a4b,000000 - 00000111,none,2023-12-14,VDC-GARVEYS SUPERV,none,-2.0,EUR,none,False
687d0a76-f569-4ced-bb10-62cca931823a,000000 - 00000111,none,2023-12-14,VDP-RYANAIR     CQ,none,-20.0,EUR,none,False
69429ffc-6433-40a2-880d-38b3618bf8ad,000000 - 00000111,none,2023-12-15,VDC-DUNNES TRALEE,none,-1.5,EUR,none,False
3ef9dc00-81b9-43ec-adc6-56af5859bfb4,000000 - 00000111,none,2023-12-15,VDC-EUROGIANT TRAL,none,-2.0,EUR,none,False
0495efec-5144-4134-bc88-f82733f5869f,000000 - 00000111,none,2023-12-15,VDC-DUNNES HORAN C,none,-31.35,EUR,none,False
8479914d-333a-48ae-8f86-717fc9002cd6,000000 - 00000111,none,2023-12-15,VDC-LIDL IRELAND L,none,-2.89,EUR,none,False
022dbbb2-38c9-4aa4-84d6-da25c3b3c78d,000000 - 00000111,none,2023-12-15,VDC-LIDL IRELAND L,none,-3.99,EUR,none,False
8e4fde9f-605b-42af-af63-8420f4c0f979,000000 - 00000001,none,2023-12-15,VDC-LIDL IRELAND L,none,-5.04,EUR,none,False
cd2cf252-68cb-45de-b5c1-5d839966f4b9,000000 - 00000001,none,2023-12-15,VDC-OSULLIVANS PHA,none,-9.0,EUR,none,False
e74ba45a-d318-44d4-b7e5-0839da5b360e,000000 - 00000111,none,2023-12-18,VDC-TESCO STORES 4,none,-22.5,EUR,none,False
659a6190-2b99-4092-af05-3e6317aacd5e,000000 - 00000111,none,2023-12-18,VDC-ZARA SOUTH KIN,none,-100.05,EUR,none,False
bf93bc9a-c4a5-4595-a4dd-66a73dbe95f3,000000 - 00000111,none,2023-12-18,VDC-STRADIVARIUS J,none,-20.14,EUR,none,False
f0453034-57eb-4923-bb12-b07c1a44d7f1,000000 - 00000111,none,2023-12-18,VDC-Pandora,none,-109.0,EUR,none,False
b62910f8-3d67-4d31-b1ee-f0c377d10ee0,000000 - 00000111,none,2023-12-18,VDC-MARKS & SPENCE,none,-17.0,EUR,none,False
8710b58f-d0fb-4dd4-94c0-170751aebbeb,000000 - 00000111,none,2023-12-18,VDC-LIDL IRELAND L,none,-4.27,EUR,none,False
ffa77470-d88a-4d22-a1ca-ad2f95365e8c,000000 - 00000111,none,2023-12-18,VDC-BUTLERS CHOCOL,none,-4.4,EUR,none,False
46b6f2c2-51d5-42aa-81bd-4c9e325c89a2,000000 - 00000111,none,2023-12-18,VDC-BUTLER'S CHOCO,none,-4.4,EUR,none,False
848f5442-16bd-488b-add2-c75eca6783f4,000000 - 00000111,none,2023-12-18,VDP-CITI BUS WEBSI,none,-22.5,EUR,none,False
dd786752-7cca-43af-a0e7-ea7a2788986c,000000 - 00000111,none,2023-12-18,*MOBI CURRENT - ST,none,30.0,EUR,none,False
582b5423-4d94-40f2-b2a5-0f901789332f,000000 - 00000111,none,2023-12-18,*MOBI CURRENT - ST,none,7.5,EUR,none,False
36923d91-87a6-4f4a-9c89-3531519a7da0,000000 - 00000001,none,2023-12-18,VDC-PEPCO 1624,none,-1.85,EUR,none,False
a2b6d8b1-049d-454b-ae74-be37fe38ddcf,000000 - 00000001,none,2023-12-18,VDC-DUNNES TRALEE,none,-21.59,EUR,none,False
ad1591e9-184c-4417-b536-72321ea501ed,000000 - 00000001,none,2023-12-18,VDC-BOOTS RETAIL17,none,-21.99,EUR,none,False
0ba60ee2-403a-425f-9cdb-d1f46e7d790f,000000 - 00000001,none,2023-12-18,VDP-shein.com,none,-27.57,EUR,none,False
4dfb8095-da74-4c92-8205-47e091d03e77,000000 - 00000111,none,2023-12-18,VDC-TAKARA,none,-35.3,EUR,none,False
9c39186a-64c4-46c2-962d-6bdf28fd1db1,000000 - 00000111,none,2023-12-18,VDC-SV ASTON QUAY,none,-3.59,EUR,none,False
a697b87c-14bb-4e16-ac81-75a13b2eb53d,000000 - 00000001,none,2023-12-19,VDC-SQ *MADDENS,none,-4.5,EUR,none,False
db50b502-60b0-4456-9d4d-60225dd3fe05,000000 - 00000001,none,2023-12-19,VDC-IT TRALEE NORT,none,-1.7,EUR,none,False
2925fd34-3ae9-4f3e-95bf-71863f5981a3,000000 - 00000001,none,2023-12-19,VDC-GARVEYS SUPERV,none,-1.69,EUR,none,False
3938d853-aed4-4ed6-ba1d-c1d89696b072,000000 - 00000111,none,2023-12-20,VDC-GARVEYS SUPERV,none,-24.99,EUR,none,False
032d9b7c-e4c0-464d-affd-64a342092192,000000 - 00000111,none,2023-12-20,VDP-RYANAIR     LK,70.20 PLN@,-16.77,EUR,none,False
b13eddc5-70da-4e42-b1a0-f1d0492b8561,000000 - 00000111,none,2023-12-20,VDC-IT TRALEE NORT,none,-4.15,EUR,none,False
6426e5fa-ca11-43a7-a019-57e5132d472d,000000 - 00000111,none,2023-12-20,VDC-LIDL IRELAND L,none,-5.28,EUR,none,False
877ef384-6260-4e00-ac63-12000e602ff0,000000 - 00000111,none,2023-12-20,*MOBI CURRENT - ST,none,8.3,EUR,none,False
4082768e-3500-4cf0-b507-e3643d63d0ae,000000 - 00000001,none,2023-12-21,VDC-LIDL IRELAND L,none,-0.89,EUR,none,False
a6fe35e9-f552-4d83-b0c9-92375ac9e7f1,000000 - 00000111,none,2023-12-21,VDC-Mercury Food D,none,-13.65,EUR,none,False
34a8240e-7e5e-4e83-9658-dc4ae12543bf,000000 - 00000111,none,2023-12-21,VDC-MC CAFFREY,none,-10.0,EUR,none,False
7ced4cbc-669f-4a5a-8aba-bf9d91c36cf0,000000 - 00000001,none,2023-12-21,VDC-IT TRALEE NORT,none,-2.5,EUR,none,False
810e34ea-c1f2-437b-ad9c-25a788ccd017,000000 - 00000111,none,2023-12-22,VDC-GARVEYS SUPERV,none,-1.39,EUR,none,False
2089607c-803c-49f5-946b-b38e91693f6e,000000 - 00000111,none,2023-12-22,VDC-LIDL IRELAND L,none,-2.08,EUR,none,False
1fa34d67-0197-4a39-a85b-cb560914e752,000000 - 00000111,none,2023-12-28,FEE-QTR TO 24NOV23,000000 - 00000111,-8.25,EUR,none,False
fed189a6-4a80-4b57-bfaa-e90b299ce0b3,000000 - 00000111,none,2023-12-28,FEES REFUNDED,000000 - 00000111,8.25,EUR,none,False
29cfec0e-417c-4cd4-95b0-68a83063a233,000000 - 00000001,none,2023-12-28,FEES REFUNDED,Account Number: 000000 - 00000002,15.2,EUR,none,False
50c9fdde-2f58-4497-8c63-ab2721e3a64c,000000 - 00000001,none,2023-12-28,VDP-ROI ECOMM,none,-27.98,EUR,none,False
1b1673c0-e7e2-491b-82b9-73e1552a6634,000000 - 00000001,none,2023-12-28,VDP-Spotify P283AE,none,-5.99,EUR,none,False
10245608-14ea-41a5-ad9a-5beea80595b1,000000 - 00000001,none,2023-12-28,*MOBI  TOP-UP,000000007,-20.0,EUR,none,False
6ac0f263-9ef4-45f7-b377-37511c400557,000000 - 00000001,none,2023-12-28,FEE-QTR TO 24NOV23,Account Number: 000000 - 00000002,-15.2,EUR,none,False
1deef8e0-9960-495e-8d62-05e54f2ba602,000000 - 00000001,none,2023-12-28,VDC-C.H.CHEMISTS,none,-15.5,EUR,none,False
dffa0e32-2ef3-46b4-a394-02a3727c4536,000000 - 00000001,none,2023-12-28,VDC-EASON,none,-4.99,EUR,none,False
5961e42c-e59f-417f-b80c-515f9d93f297,000000 - 00000001,none,2023-12-28,VDC-LIDL IRELAND L,none,-0.89,EUR,none,False
e4a39337-f30e-4bf5-89e6-2d131a13fb59,000000 - 00000001,none,2023-12-28,VDC-LIDL IRELAND L,none,-2.49,EUR,none,False
d7a66f3f-437e-415a-832c-f386e30ebc03,000000 - 00000001,none,2023-12-28,VDC-PENNEYS TRALEE,none,-9.1,EUR,none,False
343bf7d9-9880-4b87-8069-e6511da45887,000000 - 00000001,none,2023-12-28,VDC-PEPCO 1624,none,-2.0,EUR,none,False
b27fc226-ee0b-47fe-a74f-496b9e76c07c,000000 - 00000111,none,2023-12-28,VDP-FLIXBUS.COM,none,40.98,EUR,none,False
bc938e14-08a5-4777-adf0-60deb6b60bc6,000000 - 00000111,none,2023-12-28,VDC-LIDL IRELAND L,none,-6.37,EUR,none,False
4d06bbd7-79f7-4c5c-aa1d-7f06bbf63ec9,000000 - 00000111,none,2023-12-28,VDC-SHELL,none,-1.5,EUR,none,False
4c95d063-92ca-4995-af29-f7078b6e4d0f,000000 - 00000111,none,2023-12-28,VDC-THE LOOP CORK,none,-25.0,EUR,none,False
56be7490-1818-4bbd-9875-4e9b0a7ade85,000000 - 00000111,none,2023-12-28,VDC-PEPCO 1624,none,-5.0,EUR,none,False
63132b33-bb42-4cce-bbc8-d8011641136e,000000 - 00000111,none,2023-12-28,VDC-MCDONALDS 452,none,-8.89,EUR,none,False
c02c2e15-4e3a-4e04-8a46-966651cc9be2,000000 - 00000111,none,2023-12-28,VDC-LIDL IRELAND L,none,-2.92,EUR,none,False
663bda7b-c131-4ee2-8d70-b7cb3369ddb0,000000 - 00000111,none,2023-12-28,VDC-KSG CORK AIRPO,none,-3.7,EUR,none,False
5bd6da2c-94cb-42ed-97fb-242abf0917ae,000000 - 00000111,none,2023-12-28,VDC-PAULINA MARSZA,none,-5.03,EUR,none,False
9bd2170a-4e2b-416a-bd3e-538d0bb9c0ab,000000 - 00000111,none,2023-12-28,VDP-INFOBUS.EU,none,-41.85,EUR,none,False
9893312a-938e-410e-8b7d-9b4855e92660,000000 - 00000111,none,2023-12-28,VDP-H  M Hennes  M,none,-57.0,EUR,none,False
fc0bfa81-8d7e-447b-92fa-b75eca052c4e,000000 - 00000111,none,2023-12-28,VDP-BOLT.EU/O/2312,39.32 PLN@,-9.57,EUR,none,False
04552067-6bd3-490d-b495-d779e25bd4ab,000000 - 00000111,none,2023-12-28,VDC-V13 CARREFOUR,24.62 PLN@,-5.8,EUR,none,False
104c9141-e7ce-4dd7-bf79-b572c6133e4a,000000 - 00000111,none,2023-12-28,VDP-LEAP CARD APP,none,-10.0,EUR,none,False
12c12d90-08f0-49b0-a6aa-8c2a21858eae,000000 - 00000001,none,2023-12-29,VDC-PENNEYS TRALEE,none,-12.0,EUR,none,False
ddfd2955-6bf4-4fc3-ae6d-7d64b1ebe137,000000 - 00000001,none,2023-12-29,VDC-BOOTS RETAIL17,none,-17.0,EUR,none,False
bcf94afd-06c4-44ae-b04b-483768ac8295,000000 - 00000001,none,2023-12-29,VDC-C.H.CHEMISTS,none,-3.5,EUR,none,False
01376212-682a-49bb-af8a-19b0d55dd2f4,000000 - 00000001,none,2023-12-29,VDC-C.H.CHEMISTS,none,-18.62,EUR,none,False
b54c6c07-9fff-4a67-9ec9-cdabb80da1cb,000000 - 00000001,none,2023-12-29,VDC-COSTA,none,-4.25,EUR,none,False
4200dcd6-088c-4134-b7ae-63dd178720cf,000000 - 00000001,none,2024-01-02,VDC-T K MAXX,none,-24.99,EUR,none,False
7ff50b1e-db3c-4ca1-b0dd-8ab0673f88fc,000000 - 00000001,none,2024-01-02,VDC-TESCO STORES 3,none,-31.55,EUR,none,False
b1f00b78-5401-4afd-ad30-cbc6436d932b,000000 - 00000001,none,2024-01-02,VDC-EASON,none,-2.99,EUR,none,False
86b73e22-a6c3-4e95-82da-3c0bd068bb49,000000 - 00000001,none,2024-01-02,VDC-SMYTHS TOYS TR,none,-10.99,EUR,none,False
9afa6c19-6a9d-44ca-92a1-c3c06a6de5a4,000000 - 00000001,none,2024-01-02,VDC-THE RANGE,none,-18.92,EUR,none,False
c11659ac-e36a-4d8b-9a10-04852c84cc0b,000000 - 00000001,none,2024-01-02,VDC-Sean Ogs Bar a,none,-10.0,EUR,none,False
99eb1c74-4c3b-4b81-93b2-4634f12a38d2,000000 - 00000001,none,2024-01-02,VDP-COMPLETESAVE.I,none,-15.0,EUR,none,False
c5c3ca70-3f0f-4df2-ba6d-40ac830e060f,000000 - 00000001,none,2024-01-02,VDC-GARVEYS SUPERV,none,-2.0,EUR,none,False
d8b10277-baa6-4cd9-b26d-af93967f02aa,000000 - 00000001,none,2024-01-02,VDC-DUNNES TRALEE,none,-17.0,EUR,none,False
99981064-aeaf-46f2-959a-068ad92603ac,000000 - 00000001,none,2024-01-02,VDC-MR PRICE,none,-2.98,EUR,none,False
4b4f02b1-e34a-4722-931d-f8518153fbfc,000000 - 00000001,none,2024-01-03,*MOBI CURRENT - ST,none,18.0,EUR,none,False
1f18d051-44b0-45c2-940a-7f95cc9fcf85,000000 - 00000001,none,2024-01-03,VDC-LIDL IRELAND L,none,-7.34,EUR,none,False
6027239c-0375-4ef7-a01c-70e41494be98,000000 - 00000001,none,2024-01-04,VDC-NORTH SOUTH,none,-26.4,EUR,none,False
c5c0447a-4ce4-4d60-8807-4611a1460c5b,000000 - 00000001,none,2024-01-04,VDC-PENNEYS TRALEE,none,-1.0,EUR,none,False
98546f23-f923-4db7-b118-02967ba2342d,000000 - 00000111,none,2024-01-08,VDP-FLIXBUS.COM,none,-51.99,EUR,none,False
ae214cdb-22ac-4657-807a-9f86a494e857,000000 - 00000001,none,2024-01-08,VDP-IRISH RAIL 679,none,-12.99,EUR,none,False
c1978965-8a66-4597-a010-48052393f4d2,000000 - 00000001,none,2024-01-08,*ATMLDG TRALEE   D,Card ending: 6180,450.0,EUR,none,False
da02539f-4b30-47f3-a801-0fa5d94d4eb8,000000 - 00000001,none,2024-01-08,VDP-AIRCOACH WEB E,none,-5.0,EUR,none,False
f27e674f-3652-460a-9d32-5c8f46e1deef,000000 - 00000001,none,2024-01-08,VDP-APPLE.COM/BILL,none,-17.99,EUR,none,False
13d797cb-4e74-4858-b43c-34b99edced25,000000 - 00000001,none,2024-01-08,VDP-LEAP CARD APP,none,-5.0,EUR,none,False
278459b5-ad38-4222-965f-eab684ee4f05,000000 - 00000001,none,2024-01-09,VDC-PEWEX,none,-9.66,EUR,none,False
78cbb766-9982-446e-9f08-094893fdcf12,000000 - 00000111,none,2024-01-09,VDP-Amazon.UK Pa*U,none,-37.3,EUR,none,False
2e05a496-a2aa-4c6e-9c6f-8c74362b3d30,000000 - 00000111,none,2024-01-09,VDP-RYANAIR     YM,198.88 PLN@,-46.62,EUR,none,False
f03bbed3-d3a9-4f72-9f06-1cf993d3e800,000000 - 00000001,none,2024-01-09,*MOBI 00000000,none,-16.0,EUR,none,False
cf15d65b-8427-40fd-bcfd-c8880f21ba25,000000 - 00000001,none,2024-01-09,VDC-THE KIOSK RAIL,none,-1.5,EUR,none,False
f95a3e6d-0bf6-4ab4-9afd-b212ddd4023a,000000 - 00000001,none,2024-01-10,*MOBI CURRENT - ST,none,20.0,EUR,none,False
6cddee2f-9670-4729-90e6-e36eebd1a0d0,000000 - 00000001,none,2024-01-10,*MOBI 00000000,none,-33.0,EUR,none,False
6f9b8ee1-70ca-4dff-8dfa-2a650b7e1703,000000 - 00000001,none,2024-01-10,*MOBI CURRENT - ST,none,15.0,EUR,none,False
1b5ef405-3669-4d98-a09c-8d103f24da14,000000 - 00000001,none,2024-01-10,VDC-MERCADONA C.C.,none,-4.25,EUR,none,False
dd8cc7ef-aa2c-4e48-aaac-998a6d2ce020,000000 - 00000001,none,2024-01-10,VDC-MDONALDS PARAL,none,-6.16,EUR,none,False
4a716aeb-5802-46d1-87d2-b8d2d6d71ef3,000000 - 00000001,none,2024-01-10,VDC-MONBUS,none,-6.75,EUR,none,False
0b23fd96-073b-4fda-a540-8818ca42917d,000000 - 00000001,none,2024-01-10,VDC-BUTLERS CHOCOL,none,-5.0,EUR,none,False
28156030-7158-425a-9c01-f7dc267fa059,000000 - 00000001,none,2024-01-10,VDC-BUTLERS CHOCOL,none,-1.5,EUR,none,False
79c68c0f-e8a1-4c47-8e1f-90be6dcb0604,000000 - 00000001,none,2024-01-10,VDC-HOTEL BARCELON,none,-31.0,EUR,none,False
df23d91f-40d9-4d8a-be28-d1282228fb81,000000 - 00000001,none,2024-01-11,VDC-365,none,-5.35,EUR,none,False
1957860c-d093-43ab-b0b7-146a51164286,000000 - 00000001,none,2024-01-11,VDC-TEZENIS PORTAL,none,-66.16,EUR,none,False
ace28137-2df5-4910-ac35-4cdafa099e21,000000 - 00000001,none,2024-01-11,VDC-TAPAS 2254,none,-17.9,EUR,none,False
9e98faea-a17a-459a-b330-f53ae9b6e215,000000 - 00000001,none,2024-01-11,VDC-TIENDA PORTAL,none,-15.15,EUR,none,False
b1b6acac-e087-4268-848e-998a9d61ab28,000000 - 00000001,none,2024-01-11,VDC-KIKO,none,-42.06,EUR,none,False
bb56e4f4-6d79-43e3-98f3-c103a2658fb5,000000 - 00000001,none,2024-01-11,VDC-HM Pg. Gracia,none,-36.08,EUR,none,False
0b03356c-6230-4083-89de-6db35386f662,000000 - 00000001,none,2024-01-11,VDC-CORCHO NATURAL,none,-65.15,EUR,none,False
aa346151-286e-4e34-b227-0efd00497623,000000 - 00000001,none,2024-01-11,VDC-CITEES BARCELO,none,-40.0,EUR,none,False
804fcb6f-aeb1-4571-973c-0813d0a6a796,000000 - 00000001,none,2024-01-11,VDC-STRADIVARIUS,none,-25.98,EUR,none,False
3ca7685b-1db0-40a8-bada-2eb2f2745863,000000 - 00000001,none,2024-01-12,VDC-MUSEU PICASSO,none,-15.0,EUR,none,False
af9f3308-1831-481c-8224-e0dd2dc191ed,000000 - 00000111,none,2024-01-15,VDC-SHOP PANDORA-1,10580.00 UAH@,-259.1,EUR,none,False
5ec95a70-fcfd-43f5-8e1b-51ba9cd353dd,000000 - 00000001,none,2024-01-15,VDC-624 - EA AER B,none,-15.1,EUR,none,False
602fef13-2ef1-44e0-942f-521364db889a,000000 - 00000001,none,2024-01-15,VDC-WH Smith Dubli,none,-3.75,EUR,none,False
5057dbc7-115a-4eed-a9dd-f08616267f1f,000000 - 00000001,none,2024-01-15,VDC-TRIGO RAVAL,none,-5.45,EUR,none,False
f16aea2e-4259-46b5-b608-1fc34ee85723,000000 - 00000001,none,2024-01-15,VDC-MDONALDS PARAL,none,-4.75,EUR,none,False
c09ef413-01b0-4327-bab2-dcc3b2978a7c,000000 - 00000001,none,2024-01-15,VDC-JOMIDAR BAZAR,none,-2.25,EUR,none,False
ecb19187-92dd-4607-b576-d056152e32b3,000000 - 00000001,none,2024-01-15,VDC-HOTEL BCN UNIV,none,-49.0,EUR,none,False
671392e9-606c-4cc2-bfe3-f4d0a192c562,000000 - 00000001,none,2024-01-15,VDP-METRO BARCELON,none,-5.15,EUR,none,False
992c9e20-dc1e-4c0c-a2c1-a7e1daff3588,000000 - 00000001,none,2024-01-15,VDP-METRO BARCELON,none,-4.8,EUR,none,False
d4b64f12-d230-47b1-96b5-eb1f45a8c076,000000 - 00000001,none,2024-01-15,VDP-CITI BUS MOBIL,none,-15.0,EUR,none,False
5e7b558f-e73e-4cc9-a611-6c4ad2adb42f,000000 - 00000001,none,2024-01-15,VDC-MDONALDS PARAL,none,-2.51,EUR,none,False
49cc4230-6520-4eea-8014-e0e521e3de01,000000 - 00000001,none,2024-01-15,VDC-ARBITRADE AE B,none,-2.0,EUR,none,False
ecb3c9ec-7618-4cbc-acb8-1545626608a7,000000 - 00000111,none,2024-01-16,VDC-ZARA CH WROCLA,139.00 PLN@,-32.58,EUR,none,False
eb32e6ef-9bd6-4408-9c19-882d9f084a4b,000000 - 00000111,none,2024-01-16,VDC-SV KILMAINHAM,none,-6.75,EUR,none,False
cbc05415-1d93-4dd8-a871-3a5730ce2dcb,000000 - 00000111,none,2024-01-16,VDC-STRADIVARIUS C,19.90 PLN@,-4.66,EUR,none,False
04440e00-7071-4d25-9f1d-289f6ef4d951,000000 - 00000111,none,2024-01-16,VDC-SEPHORA POLSKA,none,-36.87,EUR,none,False
2cc69788-2fbe-428a-9f05-fc43caf7c05b,000000 - 00000111,none,2024-01-16,VDC-NEW YORKER,none,-12.5,EUR,none,False
da092a20-c218-472f-9891-614ea3318550,000000 - 00000111,none,2024-01-16,VDC-NATIONAL EXPRE,none,-11.0,EUR,none,False
850b1ccd-1b7e-4adc-91a2-4ab05f879b49,000000 - 00000111,none,2024-01-16,VDC-HSQ PHARMACY,none,-5.5,EUR,none,False
2b801bf8-9b60-4a37-a55d-7cf03b6d00ae,000000 - 00000111,none,2024-01-16,VDC-CARREFOUR SUPE,4.39 PLN@,-1.02,EUR,none,False
9e36f5a9-7f0a-4ca9-bca0-f95f836e798a,000000 - 00000111,none,2024-01-16,VDP-IRISH RAIL 630,none,-15.99,EUR,none,False
204899d9-0818-4d3a-827e-a40f8fccdc53,000000 - 00000111,none,2024-01-16,VDC-LIDL IRELAND L,none,-2.49,EUR,none,False
581dbbae-87a2-49f1-b646-70fd49790550,000000 - 00000001,none,2024-01-16,VDC-LIDL IRELAND L,none,-2.38,EUR,none,False
891f6a1d-cb9c-4df8-8d56-c12137899124,000000 - 00000001,none,2024-01-16,VDC-IT TRALEE NORT,none,-2.5,EUR,none,False
30ee35a9-9422-460e-b8ab-1894e7a0cb87,000000 - 00000001,none,2024-01-16,VDC-IT TRALEE NORT,none,-2.3,EUR,none,False
b74d3c5c-1d7c-40a5-8ff4-7dfb8068e9f4,000000 - 00000001,none,2024-01-16,VDC-DUNNES TRALEE,none,-2.3,EUR,none,False
d215da39-29c6-4ace-851e-f08e83a4159e,000000 - 00000001,none,2024-01-17,VDC-IT TRALEE NORT,none,-2.5,EUR,none,False
28fc5e23-0dcb-4011-b6e4-d7a12b2d6d00,000000 - 00000001,none,2024-01-17,VDC-IT TRALEE NORT,none,-1.65,EUR,none,False
4b2a853d-b364-4f05-9d2f-1b21cee5e1da,000000 - 00000001,none,2024-01-17,VDP-Zara.com,none,-43.9,EUR,none,False
8db216ea-4ab5-4fd8-b7d2-d2eec37b4bc1,000000 - 00000001,none,2024-01-17,VDC-IT TRALEE NORT,none,-2.5,EUR,none,False
bba48c72-7db7-4fda-973e-68fd53eb20f8,000000 - 00000111,none,2024-01-17,VDC-EIR TRALEE,none,-20.0,EUR,none,False
6bfaf718-c2d2-4303-98eb-8cb0d55fb1d9,000000 - 00000111,none,2024-01-17,VDC-IT TRALEE NORT,none,-3.5,EUR,none,False
58d6fcf1-5512-4e26-bb4f-d9e289623843,000000 - 00000111,none,2024-01-17,VDC-IT TRALEE NORT,none,-4.7,EUR,none,False
c0b22f76-c30f-4f2f-9f87-226f9e6f4c2b,000000 - 00000111,none,2024-01-17,VDC-LIDL IRELAND L,none,-14.95,EUR,none,False
68152f2a-2c4a-4ad9-9597-ac45b75f808b,000000 - 00000111,none,2024-01-17,VDC-PEPCO 1624,none,-1.3,EUR,none,False
7810dcbf-08bf-49cb-af20-b8e80dbbdfde,000000 - 00000111,none,2024-01-17,VDC-FOCUS,none,-4.0,EUR,none,False
ddf4b997-cf6c-4ecd-b0ce-d560a9c5cced,000000 - 00000001,none,2024-01-17,VDC-LIDL IRELAND L,none,-3.49,EUR,none,False
2cbcc263-f077-4b11-bcb8-86f9b9ebc59f,000000 - 00000111,none,2024-01-18,VDC-Sean Ogs Bar a,none,-20.0,EUR,none,False
3768251f-9836-44b5-8dcc-8a99e1616c08,000000 - 00000111,none,2024-01-18,VDC-TESCO STORES 3,none,-8.9,EUR,none,False
0c7eebe0-84d7-4aa9-a617-ad821f6f5197,000000 - 00000111,none,2024-01-18,VDC-IT TRALEE NORT,none,-4.7,EUR,none,False
5641af2d-1f61-46ca-b2f1-3f583c36a2bc,000000 - 00000001,none,2024-01-18,VDC-LIDL IRELAND L,none,-0.69,EUR,none,False
8387e3bc-6a59-4477-b03d-c1450a4094eb,000000 - 00000001,none,2024-01-18,VDC-SQ *MADDENS,none,-8.5,EUR,none,False
d3b828ab-259c-4b96-9483-cd80e21a7656,000000 - 00000001,none,2024-01-18,*ATMLDG TRELEE,Card ending: 6180,170.0,EUR,none,False
97233f24-4b19-4fe3-af4e-061b2bfbaaaa,000000 - 00000111,none,2024-01-19,VDC-IT TRALEE NORT,none,-4.5,EUR,none,False
1e705076-1e18-4908-83b8-9c8716c5354e,000000 - 00000111,none,2024-01-19,VDC-UGLY MUG CAFE,none,-3.8,EUR,none,False
375db81f-76cf-4f4b-979b-4153602965a5,000000 - 00000001,none,2024-01-19,VDC-IT TRALEE NORT,none,-2.5,EUR,none,False
27ef074f-655f-4ad4-8fd2-2c32fe37944d,000000 - 00000001,none,2024-01-22,VDC-IT TRALEE NORT,none,-3.9,EUR,none,False
119b6804-fab3-403f-8974-d8e795e7c287,000000 - 00000001,none,2024-01-22,VDP-LACOSTE COM,none,-130.0,EUR,none,False
42497b05-fc90-4b82-8965-fbe03712abc7,000000 - 00000111,none,2024-01-22,VDC-Oaklands Daybr,none,-4.0,EUR,none,False
53460cc5-5fff-47c2-a912-1a597fd719ff,000000 - 00000111,none,2024-01-22,VDC-MC CAFFREY,none,-20.0,EUR,none,False
f7a2a3a3-2c63-4737-a12f-10144bc591a9,000000 - 00000111,none,2024-01-22,VDC-IT TRALEE NORT,none,-1.4,EUR,none,False
4feab9da-5da5-4ec9-8974-b9fad76b7775,000000 - 00000001,none,2024-01-23,VDP-SHEIN.COM,none,-22.83,EUR,none,False
8b2c596a-f632-4c8d-ad12-df1f1fae6056,000000 - 00000001,none,2024-01-23,VDC-IT TRALEE NORT,none,-1.4,EUR,none,False
38f23810-8b66-4500-988b-05939fcc0311,000000 - 00000001,none,2024-01-23,VDC-IT TRALEE NORT,none,-3.1,EUR,none,False
e71e882f-6aac-4802-a466-a9811b9cb8be,000000 - 00000111,none,2024-01-23,VDC-PENNEYS TRALEE,none,-6.0,EUR,none,False
b7eaae22-8c9c-4e20-91f1-27b62e9918f7,000000 - 00000111,none,2024-01-23,VDC-IT TRALEE NORT,none,-3.1,EUR,none,False
8b5cf9e2-f07c-47be-943f-164bb3925781,000000 - 00000111,none,2024-01-23,VDP-GARVEYS SUPERV,none,-40.1,EUR,none,False
031e7da5-b760-47db-9fad-421b870aa761,000000 - 00000001,none,2024-01-23,VDC-LIDL IRELAND L,none,-0.49,EUR,none,False
3211f83f-15d7-4315-8cb6-a1595fcdac07,000000 - 00000111,none,2024-01-24,VDC-DUNNES TRALEE,none,-8.29,EUR,none,False
85566be6-c3e6-44c2-9d44-98b421a58b58,000000 - 00000111,none,2024-01-24,VDC-LIDL IRELAND L,none,-17.27,EUR,none,False
d9e97d50-ed69-434d-b6cb-522b6894a9b0,000000 - 00000111,none,2024-01-24,VDC-TESCO STORES 3,none,-9.0,EUR,none,False
c2088675-2e65-41b9-80a1-6575bfde1154,000000 - 00000001,none,2024-01-24,*ATMLDG TRELEE,Card ending: 6180,50.0,EUR,none,False
6d36a075-d0b1-430f-9b27-7192ef04d678,000000 - 00000111,none,2024-01-24,VDC-IT TRALEE NORT,none,-4.7,EUR,none,False
b10790ed-e922-4eb4-b619-f9ac64a07d5a,000000 - 00000111,none,2024-01-25,VDC-LIDL IRELAND L,none,-0.75,EUR,none,False
31e84f72-7b9b-47ac-b6d9-e516e0efb5ce,000000 - 00000111,none,2024-01-25,VDC-IT TRALEE NORT,none,-1.4,EUR,none,False
221f5a8c-5e92-4080-bf9e-3ad009dd84fe,000000 - 00000111,none,2024-01-25,T00000044,SCHOLARSHIP,0.0,EUR,none,False
357358fd-dc67-4248-9df9-765e37e7c1c0,000000 - 00000111,none,2024-01-25,VDC-PEPCO 1624,none,-1.5,EUR,none,False
bd89d957-621a-4a6e-924f-56ef6cbb38a4,000000 - 00000111,none,2024-01-25,VDC-IT TRALEE NORT,none,-3.1,EUR,none,False
f4a397e4-818c-4743-b5e2-ab8197ae4400,000000 - 00000111,none,2024-01-25,VDP-ELECTRIC IRELA,none,-56.69,EUR,none,False
cfee21e5-6154-4a0c-a222-153b8ba5becf,000000 - 00000001,none,2024-01-25,T00000022,SCHOLARSHIP,0.0,EUR,none,False
3e489dc5-040e-40c9-bbc6-8a1b95359939,000000 - 00000001,none,2024-01-25,MOBI TOP UP,none,-20.0,EUR,none,False
f0acef25-fe2a-4957-99e5-f33136b83e11,000000 - 00000001,none,2024-01-25,STAMP DUTY 6180,none,-1.56,EUR,none,False
9d16af83-ba4e-4e4b-9636-cb1b1af4e40d,000000 - 00000111,none,2024-01-26,VDC-IT TRALEE NORT,none,-3.1,EUR,none,False
54bc783a-ae17-4d60-891e-a8ac326d71a2,000000 - 00000001,none,2024-01-26,VDC-IT TRALEE NORT,none,-1.7,EUR,none,False
911a8704-5ed8-4bc4-87a2-397abedfcf47,000000 - 00000001,none,2024-01-26,VDC-IT TRALEE NORT,none,-2.5,EUR,none,False
b52db690-d742-41c6-8b77-e026da20ad1f,000000 - 00000001,none,2024-01-26,VDP-Spotify P29605,none,-5.99,EUR,none,False
9b6569d0-9cfa-4745-a8bd-9308a73b836a,000000 - 00000001,none,2024-01-29,VDC-LIDL IRELAND L,none,-12.14,EUR,none,False
10766271-c6dc-4122-8181-996d91e70139,000000 - 00000111,none,2024-01-29,VDC-COCA COLA,none,-1.5,EUR,none,False
0f8b2f20-a312-46f6-ac5a-92251e79f622,000000 - 00000111,none,2024-01-29,VDC-PENNEYS TRALEE,none,-5.0,EUR,none,False
282124ef-a908-441d-8d8b-e316ac2cb7d4,000000 - 00000111,none,2024-01-29,VDC-COCA COLA,none,-1.5,EUR,none,False
ccfc3cf7-114c-4832-b313-1b2b47565c0b,000000 - 00000111,none,2024-01-29,VDC-EUROGIANT TRAL,none,-1.5,EUR,none,False
7c199c8a-27de-4296-ab5b-a3cd5b89f19a,000000 - 00000111,none,2024-01-29,VDC-IT TRALEE NORT,none,-3.1,EUR,none,False
bb5c4d43-4fa6-4fb2-9532-5882d4143f4f,000000 - 00000111,none,2024-01-29,VDC-LIDL IRELAND L,none,-3.29,EUR,none,False
2cf56521-601b-4f55-8e63-68d9e27e6495,000000 - 00000111,none,2024-01-29,VDC-LIDL IRELAND L,none,-3.57,EUR,none,False
0c35a145-d579-455a-aee8-c0e97dd557e3,000000 - 00000111,none,2024-01-29,VDC-LIDL IRELAND L,none,-8.56,EUR,none,False
c274fbbf-a57d-4317-a8df-47b41f72827c,000000 - 00000111,none,2024-01-29,VDC-LIDL IRELAND L,none,-8.68,EUR,none,False
f8a30a91-171a-4822-bf9d-beb7611bf9de,000000 - 00000111,none,2024-01-29,VDC-COCA COLA,none,-1.5,EUR,none,False
96308601-5413-42c3-9b8f-380dda21a04f,000000 - 00000001,none,2024-01-29,VDC-IT TRALEE NORT,none,-2.5,EUR,none,False
fcfd01c6-f752-414e-96eb-61b52379d836,000000 - 00000001,none,2024-01-30,VDC-IT TRALEE NORT,none,-2.5,EUR,none,False
97828c30-5bc4-4e29-be56-b7e020473c79,000000 - 00000001,none,2024-01-30,VDC-IT TRALEE NORT,none,-2.3,EUR,none,False
dab49533-abb6-4292-bcba-aa71e962268d,000000 - 00000111,none,2024-01-30,VDC-PEWEX,none,-6.37,EUR,none,False
634bc613-6424-4647-b981-5ef5b18a2fb7,000000 - 00000111,none,2024-01-30,VDP-ASOS.COM,none,-59.99,EUR,none,False
7d219eb3-4864-4054-aa77-81846cd8e3b1,000000 - 00000111,none,2024-01-30,VDP-SHEIN.COM,none,-21.27,EUR,none,False
de343a21-3856-4130-b429-4492acc116f4,000000 - 00000111,none,2024-01-30,VDC-IT TRALEE NORT,none,-4.7,EUR,none,False
afbc29d1-4cce-4249-8c44-c3ff840923db,000000 - 00000001,none,2024-01-31,VDC-IT TRALEE NORT,none,-2.5,EUR,none,False
57710701-e10e-4ecf-bde8-44c6ea5b3b71,000000 - 00000111,none,2024-01-31,VDC-THE COIN OFF L,none,-9.0,EUR,none,False
ffc54d7b-451b-4f9b-aeff-ed6b36257748,000000 - 00000111,none,2024-01-31,VDC-IT TRALEE NORT,none,-4.7,EUR,none,False
fc56a41d-2a6e-452c-b35b-f16d06bb05e5,000000 - 00000111,none,2024-01-31,VDC-DUNNES TRALEE,none,-27.35,EUR,none,False
8a278c78-d58f-41a2-9d02-4e7230f4659c,000000 - 00000001,none,2024-01-31,ATM TRALEE   B,31JAN24 TIME 12:26,0.0,EUR,none,False
651a4650-6f9d-4c4b-b46d-41f34922d745,000000 - 00000001,none,2024-01-31,VDP-COMPLETESAVE.I,none,-15.0,EUR,none,False
feae8989-c16b-4906-83be-365efa07ef2b,000000 - 00000111,none,2024-02-01,VDC-DUNNES TRALEE,none,-12.0,EUR,none,False
22e2f210-0efa-4608-a7d5-a642c0f72ce3,000000 - 00000111,none,2024-02-01,VDC-IT TRALEE NORT,none,-4.7,EUR,none,False
121d3744-c9bd-4588-9233-7d028d54aa9b,000000 - 00000111,none,2024-02-01,VDC-LIDL IRELAND L,none,-27.98,EUR,none,False
7dca908b-e2bc-4d7b-add5-8d6597edcd39,000000 - 00000001,none,2024-02-01,VDC-IT TRALEE NORT,none,-2.5,EUR,none,False
aeef387d-e14a-417f-bf2f-d9eecd0ca560,000000 - 00000111,none,2024-02-02,VDC-PEPCO 1624,none,-1.85,EUR,none,False
1df955df-62d6-4ee1-81ae-87331c20a75e,000000 - 00000111,none,2024-02-02,VDC-IT TRALEE NORT,none,-2.9,EUR,none,False
97f08c6f-9417-4aee-93b5-4102096b7936,000000 - 00000111,none,2024-02-02,VDC-IT TRALEE NORT,none,-3.5,EUR,none,False
69403ca5-5654-4fd0-bf27-ebd0f03ec07a,000000 - 00000001,none,2024-02-02,VDC-IT TRALEE NORT,none,-4.9,EUR,none,False
603bb9fe-d87b-4e7a-b865-32f5d80c00ac,000000 - 00000001,none,2024-02-02,*MOBI CURRENT-030,none,200.0,EUR,none,False
6f8aa628-fd11-40f8-9f25-50ae1f11bcee,000000 - 00000111,none,2024-02-02,VDC-LIDL IRELAND L,none,-10.34,EUR,none,False
292a3606-3022-4aad-a456-15d123aed666,000000 - 00000111,none,2024-02-06,VDC-Pandora,none,-69.0,EUR,none,False
cfe5e10a-0b55-4224-b19e-03fa1937fb14,000000 - 00000111,none,2024-02-06,VDC-TESCO STORES 3,none,-16.5,EUR,none,False
9ff852f3-1b16-4c59-ac0a-ee85997b42fb,000000 - 00000111,none,2024-02-06,VDC-MARKS & SPENCE,none,-29.0,EUR,none,False
fdda4db2-e3c0-488f-bb0a-3aec078622c9,000000 - 00000111,none,2024-02-06,VDC-LIDL IRELAND L,none,-2.87,EUR,none,False
bf53efe0-bc5f-476b-b29b-f8ea974c7195,000000 - 00000111,none,2024-02-06,VDC-LIDL IRELAND L,none,-1.38,EUR,none,False
c4ab19db-8130-41b7-91a2-2e73914cc72e,000000 - 00000111,none,2024-02-06,VDC-IT TRALEE NORT,none,-4.7,EUR,none,False
22f0a5fd-fc64-4e1d-aaf9-842e63a05b29,000000 - 00000111,none,2024-02-06,VDC-H & M,none,-39.98,EUR,none,False
7462beb0-0220-47d8-9db9-96ae6e5c92fb,000000 - 00000111,none,2024-02-06,VDC-DUNNES TRALEE,none,-5.0,EUR,none,False
abd175ec-f753-4c24-8d21-507fe3e3a94b,000000 - 00000111,none,2024-02-06,VDC-DUNNES GEORGES,none,-2.15,EUR,none,False
dc18d90e-e743-4cbb-a903-355d97282dcf,000000 - 00000111,none,2024-02-06,VDC-BUTLERS CHOCOL,none,-4.4,EUR,none,False
de594e07-1380-42ac-9e6f-709adc25568a,000000 - 00000111,none,2024-02-06,VDP-CITI BUS WEBSI,none,-22.5,EUR,none,False
6b2dd0e9-c93e-4edd-bb6d-db8fdadd9303,000000 - 00000111,none,2024-02-06,VDC-SUMUP  *POCHA,none,-24.8,EUR,none,False
c16ba3e9-b25e-4ee5-a373-c5d692622e52,000000 - 00000001,none,2024-02-06,*MOBI CURRENT-030,none,30.0,EUR,none,False
30f93832-e801-4cdb-b1ba-6e267f93fe77,000000 - 00000001,none,2024-02-06,VDP-RYANAIR     TK,none,-92.52,EUR,none,False
e880d0d1-af92-4066-9ac7-cf319f15f331,000000 - 00000001,none,2024-02-06,VDP-RYANAIR     UH,none,-96.88,EUR,none,False
1e7b95a3-cb26-497a-b66d-db4802be3aaf,000000 - 00000001,none,2024-02-06,VDC-EUROGIANT TRAL,none,-3.0,EUR,none,False
e040f2c9-6913-4c6b-a31d-913667570dd0,000000 - 00000111,none,2024-02-06,VDC-STRADIVARIUS J,none,-9.99,EUR,none,False
a277c944-1cbb-42d4-9603-826ffb58f3e4,000000 - 00000001,none,2024-02-06,VDC-LIDL IRELAND L,none,-6.09,EUR,none,False
fb629319-f800-4779-bbb3-22d0159213b5,000000 - 00000001,none,2024-02-06,VDC-IT TRALEE NORT,none,-2.5,EUR,none,False
df6a31a2-3d28-477c-96fb-26813a2e67a1,000000 - 00000001,none,2024-02-06,VDC-THE RANGE,none,-3.25,EUR,none,False
82fbb60c-c3e1-438e-ace0-f24eaa8a7381,000000 - 00000001,none,2024-02-06,VDC-SumUp  *Yusuf,none,-3.5,EUR,none,False
ed2892b0-2a74-4b31-8c11-37947c77a7b2,000000 - 00000001,none,2024-02-06,VDC-PENNEYS TRALEE,none,-4.9,EUR,none,False
e6a99e68-8999-4640-b16a-4daca4fe52d0,000000 - 00000001,none,2024-02-06,VDC-T K MAXX,none,-22.98,EUR,none,False
ed6b21c3-d2a2-4bdf-a476-62fabebc2c54,000000 - 00000001,none,2024-02-06,VDC-MCDONALDS TRAL,none,-5.0,EUR,none,False
7f00d4ce-de96-4263-b321-1bfc78a05320,000000 - 00000001,none,2024-02-06,VDC-MCDONALDS TRAL,none,-5.0,EUR,none,False
4fe06986-3564-4fc5-b42b-c78b914f13e7,000000 - 00000001,none,2024-02-06,VDC-LIDL IRELAND L,none,-6.09,EUR,none,False
1b33947c-eea7-411f-a9eb-779fc2bbdbe7,000000 - 00000111,none,2024-02-07,VDC-IT TRALEE NORT,none,-1.4,EUR,none,False
6583860d-5967-4c77-904e-950462f1a69b,000000 - 00000001,none,2024-02-07,VDC-IT TRALEE NORT,none,-2.5,EUR,none,False
6c360793-b790-479d-a712-64a157009b13,000000 - 00000001,none,2024-02-07,VDC-LIDL IRELAND L,none,-4.23,EUR,none,False
8d176fe6-2008-4ec7-80b5-76bcb5f85ab7,000000 - 00000111,none,2024-02-07,VDC-IT TRALEE NORT,none,-4.7,EUR,none,False
452e04de-0d46-4d1b-b06e-22d70959bfef,000000 - 00000111,none,2024-02-08,VDC-IT TRALEE NORT,none,-4.7,EUR,none,False
1b6a2686-91ff-4afb-b984-ed2fb97c4d16,000000 - 00000111,none,2024-02-08,VDC-BOOTS RETAIL17,none,-9.99,EUR,none,False
456473a9-4ea5-4204-90dd-53128853f26e,000000 - 00000111,none,2024-02-08,VDC-EIR TRALEE,none,-20.0,EUR,none,False
b5a3503f-86b9-460d-9e17-a98df2dec2ba,000000 - 00000111,none,2024-02-08,VDC-LIDL IRELAND L,none,-10.95,EUR,none,False
601f1ff9-86cb-4a65-87c8-3ba0d9537477,000000 - 00000001,none,2024-02-08,VDC-LIDL IRELAND L,none,-2.14,EUR,none,False
ace70ab0-7911-4c6c-8c40-97398f2b0ed7,000000 - 00000001,none,2024-02-08,VDC-EUROGIANT TRAL,none,-4.5,EUR,none,False
d63f0fd1-0850-4553-a76d-b25cf25f3338,000000 - 00000111,none,2024-02-08,VDC-PEPCO 1624,none,-3.7,EUR,none,False
a35c827b-3922-451d-adef-957dcf52582a,000000 - 00000111,none,2024-02-09,VDC-IT TRALEE NORT,none,-3.1,EUR,none,False
b357f1ba-8656-4560-aed9-8eb2a22e1fb2,000000 - 00000001,none,2024-02-09,VDC-TOP OIL CROAGH,none,-2.6,EUR,none,False
dc5586be-1553-4621-81af-026819a991e5,000000 - 00000001,none,2024-02-09,VDC-IT TRALEE NORT,none,-1.4,EUR,none,False
7b621112-e84a-4ee6-a5d7-90288126f459,000000 - 00000001,none,2024-02-09,VDC-TOP OIL CROAGH,none,-1.15,EUR,none,False
c16a7112-3df0-452a-8b0f-3fac12cb5312,000000 - 00000001,none,2024-02-12,VDC-PENNEYS TRALEE,none,-3.75,EUR,none,False
25d836f8-321d-40d1-ba17-ca44794416f4,000000 - 00000001,none,2024-02-12,VDC-IT TRALEE NORT,none,-2.5,EUR,none,False
b6a370cb-1deb-4849-bcd4-f6879c10de9c,000000 - 00000001,none,2024-02-12,VDC-LIDL IRELAND L,none,-3.11,EUR,none,False
232f2ccb-bf41-405e-a255-5fad69d0bf1a,000000 - 00000001,none,2024-02-12,VDC-DUNNES TRALEE,none,-6.5,EUR,none,False
3815b7e7-a191-49c6-9c73-ffc9f47ec0b7,000000 - 00000111,none,2024-02-12,VDC-IT TRALEE NORT,none,-1.6,EUR,none,False
223602a3-1b17-490a-94af-78fe0158ba13,000000 - 00000111,none,2024-02-12,VDC-IT TRALEE NORT,none,-3.1,EUR,none,False
146278ed-0cdd-4e40-bafb-c52fc27c9708,000000 - 00000111,none,2024-02-12,VDC-LIDL IRELAND L,none,-8.46,EUR,none,False
37afb2d2-412c-49c2-b787-cf8d2eea963c,000000 - 00000111,none,2024-02-12,VDC-TESCO STORES 3,none,-3.0,EUR,none,False
2a86f381-a157-411a-a4cb-6ec30c54c2d2,000000 - 00000111,none,2024-02-12,VDC-C.H.CHEMISTS,none,-25.2,EUR,none,False
946c117e-e957-4c77-8a26-ea01f5c3642e,000000 - 00000111,none,2024-02-13,VDC-BOOTS RETAIL17,none,-1.99,EUR,none,False
2c1420a4-8a0a-4120-ab3e-8c74171c2b31,000000 - 00000111,none,2024-02-13,VDC-LIDL IRELAND L,none,-6.02,EUR,none,False
642ce59c-d575-440a-b246-e26d0db0a412,000000 - 00000111,none,2024-02-13,VDC-TESCO STORES 3,none,-2.5,EUR,none,False
7cbb5aaa-f19c-4e60-84d7-db5525ec91b6,000000 - 00000001,none,2024-02-14,VDP-ALIEXPRESS.COM,none,-11.66,EUR,none,False
18ed8631-5c01-4978-b263-1c35dcf9b15b,000000 - 00000111,none,2024-02-14,VDC-TESCO STORES 3,none,-1.96,EUR,none,False
df0ad318-cfff-43ec-bf15-975f7a35975b,000000 - 00000111,none,2024-02-14,VDC-LIDL IRELAND L,none,-2.28,EUR,none,False
fc2dcb9e-1b9f-4408-a2ee-4748e7537af4,000000 - 00000111,none,2024-02-14,VDP-Vesta EIR TopU,none,-20.0,EUR,none,False
c96cf3c9-1dad-489d-bb60-b5e88b5efd82,000000 - 00000111,none,2024-02-14,VDC-LIDL IRELAND L,none,-1.0,EUR,none,False
040417cc-c26e-4e6a-90a0-d017d35ac938,000000 - 00000111,none,2024-02-15,VDP-Feel Unique,none,-62.07,EUR,none,False
2893f041-04c5-4c0e-81e0-d7c02f3d1391,000000 - 00000111,none,2024-02-15,VDP-Feel Unique,none,47.88,EUR,none,False
8e5cc85d-1864-424c-9370-e0370f68d748,000000 - 00000111,none,2024-02-16,VDC-PENNEYS TRALEE,none,-15.0,EUR,none,False
19eee305-1643-426f-b48f-20c1db9f4b5d,000000 - 00000111,none,2024-02-16,VDC-PENNEYS TRALEE,none,-8.0,EUR,none,False
501848be-17c4-477a-87a2-1efb0f26ebcd,000000 - 00000111,none,2024-02-16,VDC-Mercury Food D,none,-18.57,EUR,none,False
e144aee0-5f65-4573-b87f-146b5ea975e7,000000 - 00000111,none,2024-02-16,VDC-LIDL IRELAND L,none,-10.78,EUR,none,False
1864bd10-21a4-475d-9d76-a991ad36f5a2,000000 - 00000111,none,2024-02-16,VDC-PENNEYS TRALEE,none,-6.0,EUR,none,False
74ec02b3-49e6-46db-878d-e57b43606c2c,000000 - 00000001,none,2024-02-16,VDC-LIDL IRELAND L,none,-26.87,EUR,none,False
c606d4cf-888e-4b5c-894a-8c28bf0c1c15,000000 - 00000001,none,2024-02-16,VDC-SQ *MADDENS,none,-8.4,EUR,none,False
9d20fb2d-fe92-422f-843a-334e228718cc,000000 - 00000001,none,2024-02-16,VDC-DUNNES TRALEE,none,-1.0,EUR,none,False
da7c0eb8-3cd1-4f09-b2c1-346dfdbc0b17,000000 - 00000111,none,2024-02-19,VDC-ZONE STREET FO,none,-19.45,EUR,none,False
4005786b-69ee-4e71-acfd-473b766e73ea,000000 - 00000111,none,2024-02-19,VDC-TESCO STORES 3,none,-0.62,EUR,none,False
28576b80-78c4-41c0-8009-c0d75fac758c,000000 - 00000111,none,2024-02-19,VDC-T K MAXX,none,-16.0,EUR,none,False
8b58e016-d996-442c-9c43-ec1b15634a82,000000 - 00000111,none,2024-02-19,VDC-PEPCO 1624,none,-5.2,EUR,none,False
ce2a16be-eb87-4c5f-8389-1928655ae434,000000 - 00000111,none,2024-02-19,VDC-LIDL IRELAND L,none,-4.99,EUR,none,False
afd26ee7-ea54-46c6-86d3-11650717b728,000000 - 00000111,none,2024-02-19,VDC-GARVEYS SUPERV,none,-1.5,EUR,none,False
597d4cf4-1c72-4caa-8b53-35264add0769,000000 - 00000111,none,2024-02-19,VDC-DUNNES TRALEE,none,-6.9,EUR,none,False
56c61d25-b265-4f78-98c6-f2ced1955126,000000 - 00000111,none,2024-02-19,VDC-DUNNES KILLARN,none,-1.85,EUR,none,False
c6cf3bd1-677f-479d-9e11-0ae5de304da3,000000 - 00000111,none,2024-02-19,VDC-ALDI 105 873,none,-4.68,EUR,none,False
d0650beb-42a4-414e-9a23-560f832e6e6b,000000 - 00000111,none,2024-02-19,VDP-Feel Unique,none,-47.88,EUR,none,False
32941e68-8264-4f2f-bb95-aab07e7f49ea,000000 - 00000001,none,2024-02-19,VDC-SQ *BRIO BRUNC,none,-7.0,EUR,none,False
4aa2efc4-c572-445b-b1fe-04bf33389152,000000 - 00000001,none,2024-02-19,VDC-CARRYOUT OFF L,none,-7.99,EUR,none,False
92ca99e2-8049-4788-848a-e7b146d67eb2,000000 - 00000111,none,2024-02-19,VDP-IRISH RAIL 663,none,-7.5,EUR,none,False
773e4879-1f92-4197-b566-cf0dc1a0767f,000000 - 00000001,none,2024-02-20,VDC-LIDL IRELAND L,none,-0.99,EUR,none,False
6ecb9ddf-97e9-4a74-979b-7356bcfab064,000000 - 00000001,none,2024-02-20,VDC-IT TRALEE NORT,none,-4.1,EUR,none,False
6758bbb2-1b2f-4dba-b341-efeedd0e9f15,000000 - 00000001,none,2024-02-20,*ATMLDG TRALEE   D,Card ending: 6180,20.0,EUR,none,False
6244d1b9-1327-4fb8-b716-0a6bfdb523ab,000000 - 00000111,none,2024-02-20,VDP-Feel Unique,none,47.88,EUR,none,False
7225d079-ad60-4a01-8a53-c6866b2b0a33,000000 - 00000111,none,2024-02-20,VDC-IT TRALEE NORT,none,-1.0,EUR,none,False
4ccaf223-dc9f-429e-9793-87b4d0e5def4,000000 - 00000001,none,2024-02-21,T00000022,SCHOLARSHIP,0.0,EUR,none,False
845e5a18-7fa2-4815-bce7-012d11e04198,000000 - 00000001,none,2024-02-21,*MOBI  TOP-UP,000000007,-20.0,EUR,none,False
34caf651-dc70-4540-8b11-72bb6ea95d22,000000 - 00000001,none,2024-02-21,VDC-IT TRALEE NORT,none,-2.3,EUR,none,False
2dfc6621-a0e8-4d2d-98d3-7c232daeec77,000000 - 00000001,none,2024-02-21,ATM TRALEE   B,21FEB24 TIME 14:24,0.0,EUR,none,False
42b682ae-299c-4dea-8935-583f16751c17,000000 - 00000111,none,2024-02-21,T00000044,SCHOLARSHIP,0.0,EUR,none,False
0af3e28f-3c97-4918-bf8d-3bd4b94aa6eb,000000 - 00000111,none,2024-02-21,VDC-IT TRALEE NORT,none,-3.35,EUR,none,False
64288146-8ccf-46c4-bbf9-f71b0d2f7652,000000 - 00000111,none,2024-02-22,VDC-IT TRALEE NORT,none,-3.1,EUR,none,False
a03b1459-a78a-4761-a6b9-6b302d10b93a,000000 - 00000001,none,2024-02-22,VDC-IT TRALEE NORT,none,-1.6,EUR,none,False
d7217571-7356-4c34-aacc-6f22b37801a5,000000 - 00000111,none,2024-02-22,VDC-LIDL IRELAND L,none,-1.88,EUR,none,False
9cb2fa9f-bc18-4625-bc4e-0087c816d92e,000000 - 00000001,none,2024-02-23,VDC-PENNEYS TRALEE,none,-18.0,EUR,none,False
9df10f12-5d0b-4931-9363-92e1c030c1cf,000000 - 00000001,none,2024-02-23,VDC-PENNEYS TRALEE,none,-16.55,EUR,none,False
f8e2620c-dcde-47d3-8ad7-5ebdfe0d4b9c,000000 - 00000001,none,2024-02-23,VDC-IT TRALEE NORT,none,-3.9,EUR,none,False
9c182899-4235-40b7-8570-0043bf485207,000000 - 00000001,none,2024-02-23,VDC-IT TRALEE NORT,none,-1.7,EUR,none,False
9a72c593-0fa5-4959-8834-9c75fd3faebe,000000 - 00000001,none,2024-02-26,VDC-THE RANGE,none,-5.95,EUR,none,False
d1b4cc36-136b-45e5-873c-4bfa69e51403,000000 - 00000001,none,2024-02-26,VDC-TESCO STORES 3,none,-5.15,EUR,none,False
aa6251d0-b6a2-4666-8341-ba1a4ca32ecc,000000 - 00000001,none,2024-02-26,VDC-T K MAXX,none,-10.99,EUR,none,False
3e4e230d-b798-4dd4-9460-03b307f98727,000000 - 00000001,none,2024-02-26,VDC-LIDL IRELAND L,none,-13.97,EUR,none,False
f3db1221-c4b5-4574-a558-bda52bd9ae4e,000000 - 00000001,none,2024-02-26,VDC-ALDI 105 873,none,-10.01,EUR,none,False
e8c3ef01-b51b-4901-ba6c-aba9fd3da184,000000 - 00000001,none,2024-02-26,VDP-Spotify P2A198,none,-5.99,EUR,none,False
c89544f8-a120-45cd-8c55-15419ffeb4eb,000000 - 00000111,none,2024-02-26,VDC-DUNNES TRALEE,none,-4.0,EUR,none,False
630201ab-6cda-49fd-9fcb-4a24af25b6ba,000000 - 00000111,none,2024-02-26,VDC-DUNNES TRALEE,none,-7.0,EUR,none,False
9db0c951-feba-4ff7-90bb-8adbdda50be0,000000 - 00000111,none,2024-02-26,VDC-TESCO STORES 3,none,-2.5,EUR,none,False
5e59b1b2-8140-44aa-9c6f-7c1a4098c562,000000 - 00000111,none,2024-02-26,VDC-THE RANGE,none,-4.8,EUR,none,False
13c5dd40-013b-4c83-b8c7-6bd49b999433,000000 - 00000111,none,2024-02-26,VDC-PENNEYS TRALEE,none,15.0,EUR,none,False
728ecbbb-d7c0-414a-b83b-3f9af9b65d62,000000 - 00000001,none,2024-02-27,VDC-IT TRALEE NORT,none,-1.5,EUR,none,False
9ba3cc04-7f29-4a8c-8ea8-110b600a3024,000000 - 00000111,none,2024-02-27,VDC-LIDL IRELAND L,none,-0.79,EUR,none,False
968eb586-a1a3-42ad-81df-90ded1f52a39,000000 - 00000001,none,2024-02-27,VDC-IT TRALEE NORT,none,-1.4,EUR,none,False
2ef750b7-eb7d-49bb-a094-206d31a19252,000000 - 00000001,none,2024-02-27,VDC-LIDL IRELAND L,none,-2.98,EUR,none,False
c5951abf-694b-4509-ba76-d3a7e44a3254,000000 - 00000001,none,2024-02-28,VDC-IT TRALEE NORT,none,-3.1,EUR,none,False
ca578e1d-c009-4ace-813d-d10ebfadc444,000000 - 00000111,none,2024-02-28,VDP-ASOS.COM,none,-83.3,EUR,none,False
6df1b45b-c92b-42dd-a021-ffccb082d258,000000 - 00000111,none,2024-02-28,VDC-IT TRALEE NORT,none,-3.1,EUR,none,False
40db8a0c-d943-450c-afcb-974fa55b59fd,000000 - 00000001,none,2024-02-28,VDC-SumUp  *Yusuf,none,-3.5,EUR,none,False
176f9bf3-ac3d-474b-b38f-850b400d882e,000000 - 00000001,none,2024-02-29,VDP-UNHCR Refugee,none,-3.0,EUR,none,False
869d2034-7f91-48b8-9879-96f202acb9aa,000000 - 00000001,none,2024-02-29,VDC-IT TRALEE NORT,none,-3.1,EUR,none,False
5401788d-160e-4629-b75c-2226cbf79432,000000 - 00000111,none,2024-02-29,VDC-TESCO STORES 3,none,-1.24,EUR,none,False
dd5f68be-e712-4f23-9110-e229bed46d41,000000 - 00000111,none,2024-02-29,VDP-GlobalE /MarcJ,none,-225.0,EUR,none,False
91a80b4b-d9c7-4bae-8415-a6e9b014cfec,000000 - 00000111,none,2024-02-29,VDC-IT TRALEE NORT,none,-3.1,EUR,none,False
a49d5d11-8f37-41bd-a070-85546610733d,000000 - 00000111,none,2024-02-29,VDC-LIDL IRELAND L,none,-0.99,EUR,none,False
94938630-c402-4545-9305-96e8d2bdadc9,000000 - 00000001,none,2024-03-01,VDP-H  M Hennes  M,none,-36.98,EUR,none,False
03d9f726-02ac-4a7f-9c55-0a65a0cd3e23,000000 - 00000001,none,2024-03-01,VDC-IT TRALEE NORT,none,-3.1,EUR,none,False
d003dcf1-a18b-482e-9e1c-2d86c0679f8e,000000 - 00000111,none,2024-03-01,VDC-LIDL IRELAND L,none,-11.26,EUR,none,False
9bf6d598-9834-412b-8334-c2b146e23e11,000000 - 00000111,none,2024-03-01,VDC-IT TRALEE NORT,none,-2.5,EUR,none,False
f7669116-fba6-4a59-a963-120dcab09d06,000000 - 00000001,none,2024-03-04,*ATMLDG TRALEE   D,Card ending: 6180,100.0,EUR,none,False
3a79809a-d27f-4b27-acd0-03273847b1ff,000000 - 00000001,none,2024-03-04,*MOBI 00000000,none,-6.0,EUR,none,False
b6c9a51a-797a-4479-8578-2f0cf4710e31,000000 - 00000001,none,2024-03-04,VDC-DUNNES TRALEE,none,-15.0,EUR,none,False
e6d97190-85a4-47eb-bae6-17dd59dfe548,000000 - 00000001,none,2024-03-04,VDC-IT TRALEE NORT,none,-3.1,EUR,none,False
58b31ac4-1a76-45ea-acb0-bfda6295915d,000000 - 00000001,none,2024-03-04,VDC-LIDL IRELAND L,none,-10.61,EUR,none,False
7abefe3e-15c1-47d0-ba60-58e6ff34bf2d,000000 - 00000111,none,2024-03-04,VDP-Feel Unique,none,-47.88,EUR,none,False
4eac98ae-bdc2-443e-9ba2-0c7c4f5f4969,000000 - 00000111,none,2024-03-04,VDP-Feel Unique,none,47.88,EUR,none,False
465bd2fb-a6ab-4a35-953a-c909b91bdafa,000000 - 00000111,none,2024-03-04,VDC-IT TRALEE NORT,none,-4.7,EUR,none,False
0e984231-be6c-4836-9091-a380b2e19b65,000000 - 00000111,none,2024-03-04,VDC-LIDL IRELAND L,none,-3.69,EUR,none,False
cc8ee098-7fea-4ca0-93b3-9a901118aff4,000000 - 00000111,none,2024-03-04,VDC-LIDL IRELAND L,none,-3.99,EUR,none,False
d7ae320a-4883-4bfb-becb-69b56dbc924a,000000 - 00000111,none,2024-03-04,VDC-MC CAFFREY,none,-10.0,EUR,none,False
5380741c-e732-4498-9a27-9a0719f0456a,000000 - 00000111,none,2024-03-04,VDC-PENNEYS TRALEE,none,-3.5,EUR,none,False
19e27a9d-d768-41fb-846d-0c85745256e2,000000 - 00000111,none,2024-03-04,VDC-Sean Ogs Bar a,none,-20.0,EUR,none,False
3d5d98a7-3ece-4627-b6ac-b154f8f8d436,000000 - 00000111,none,2024-03-04,VDC-TESCO STORES 3,none,-32.5,EUR,none,False
00f1d4ee-e00b-4069-ac45-24947530565e,000000 - 00000001,none,2024-03-05,VDC-LIDL IRELAND L,none,-1.99,EUR,none,False
2c7617e9-d660-4ec5-a632-5dc32f463a67,000000 - 00000111,none,2024-03-05,VDC-TESCO STORES 3,none,-1.5,EUR,none,False
877f8d80-88ac-4cd2-a7e2-2bf170546c6e,000000 - 00000111,none,2024-03-05,VDC-IT TRALEE NORT,none,-3.1,EUR,none,False
d359b098-91a4-4d78-99a1-9b417ddceb32,000000 - 00000001,none,2024-03-05,VDC-IT TRALEE NORT,none,-3.1,EUR,none,False
ec305f53-bf4a-4b05-b64a-0d04b9e10414,000000 - 00000001,none,2024-03-05,VDC-IT TRALEE NORT,none,-1.6,EUR,none,False
02690c07-f8bb-44df-aae0-e04166517af8,000000 - 00000001,none,2024-03-06,VDC-LIDL IRELAND L,none,-0.65,EUR,none,False
65367cea-ceef-4200-b98b-ab4ce3cc1803,000000 - 00000001,none,2024-03-06,VDC-IT TRALEE NORT,none,-4.1,EUR,none,False
b867d114-5df3-4b47-8c00-ec2cc8900ff6,000000 - 00000001,none,2024-03-06,VDP-COMPLETESAVE.I,none,-15.0,EUR,none,False
4160a00f-7217-4492-bc64-6bfe05f5775b,000000 - 00000001,none,2024-03-07,VDC-PENNEYS TRALEE,none,-2.9,EUR,none,False
5cdcbb2d-a2b0-415e-b3e7-5e4c46c0d272,000000 - 00000001,none,2024-03-07,VDC-T K MAXX,none,-13.98,EUR,none,False
5f7678d5-a14e-47ff-a607-1d1765af07bb,000000 - 00000001,none,2024-03-07,VDP-LEAP CARD APP,none,-5.0,EUR,none,False
bb69af40-7a4c-4d2e-8a11-ee75ada99ba1,000000 - 00000001,none,2024-03-07,VDC-IT TRALEE NORT,none,-1.6,EUR,none,False
1a3d4265-484d-4f1a-b6f6-e311dcd1ab5c,000000 - 00000001,none,2024-03-07,VDC-IT TRALEE NORT,none,-1.4,EUR,none,False
58d546e9-3d29-4573-ac22-5feb30c4ed46,000000 - 00000111,none,2024-03-07,VDC-TESCO STORES 3,none,-15.35,EUR,none,False
19b32462-3def-4af8-8554-233569caea78,000000 - 00000111,none,2024-03-07,VDC-T K MAXX,none,-29.98,EUR,none,False
b932b43d-7bbc-4c91-b425-6067cccd845b,000000 - 00000111,none,2024-03-07,VDC-TESCO STORES 3,none,-4.95,EUR,none,False
46dc3a46-8f96-41c4-bae0-97b87e011877,000000 - 00000111,none,2024-03-07,VDC-IT TRALEE NORT,none,-4.7,EUR,none,False
0955b2f3-aff2-4757-825d-ffec5bec778f,000000 - 00000111,none,2024-03-08,VDC-LIDL IRELAND L,none,-11.17,EUR,none,False
1fec2914-f8eb-4d12-a044-f25ccd82b8ef,000000 - 00000111,none,2024-03-08,VDC-TESCO STORES 3,none,-3.5,EUR,none,False
076a4335-526f-4704-b68b-af91b72e71c6,000000 - 00000001,none,2024-03-08,VDC-IT TRALEE NORT,none,-3.1,EUR,none,False
b576ed6f-399c-4e23-ab14-ae8f43bbf224,000000 - 00000001,none,2024-03-08,VDC-IT TRALEE NORT,none,-3.05,EUR,none,False
2299d5b9-ad97-4611-b4e5-78a86c317bbe,000000 - 00000111,none,2024-03-08,VDC-ALDI 105 873,none,-4.91,EUR,none,False
fd0be99a-1d49-4775-acb2-b4f983c66915,000000 - 00000001,none,2024-03-11,VDC-TESCO STORES 3,none,-6.0,EUR,none,False
cee4cde0-a255-493b-9a61-5641a8f8925b,000000 - 00000001,none,2024-03-11,VDC-PEPCO 1624,none,-5.3,EUR,none,False
a5e38ca2-9598-4cfc-bd7c-2483d3a9f0a3,000000 - 00000001,none,2024-03-11,VDC-PEPCO 1624,none,-3.5,EUR,none,False
5b7fb2b1-a611-492d-8614-ef3c11dfc849,000000 - 00000001,none,2024-03-11,*ATMLDG TRALEE   C,Card ending: 6180,200.0,EUR,none,False
09067eee-d5ee-4904-aa96-d17d96528136,000000 - 00000001,none,2024-03-11,VDC-PENNEYS TRALEE,none,-2.0,EUR,none,False
fae9e28c-595a-46a9-95ad-8fc7059bc6fa,000000 - 00000001,none,2024-03-11,VDC-LIDL IRELAND L,none,-4.28,EUR,none,False
8dbe76bd-3c63-43d0-bd46-e5a0e74106ff,000000 - 00000001,none,2024-03-11,VDC-C.H.CHEMISTS,none,-26.99,EUR,none,False
ad7d4ff1-d6c9-482a-a37a-d04d0727ef91,000000 - 00000111,none,2024-03-11,VDC-LIDL IRELAND L,none,-1.5,EUR,none,False
cf3e8eb2-a4f7-421e-8728-9690f05e4419,000000 - 00000111,none,2024-03-11,VDC-LIDL IRELAND L,none,-12.26,EUR,none,False
cdb68a7f-bdda-4fb0-88fb-6b198f673aba,000000 - 00000111,none,2024-03-11,VDC-GARVEYS SUPERV,none,-6.0,EUR,none,False
2b3ba79e-20d9-411c-8aa2-00d9fa0398d1,000000 - 00000111,none,2024-03-11,VDC-IT TRALEE NORT,none,-4.7,EUR,none,False
5b911372-fae4-4e07-a275-63440be8409c,000000 - 00000111,none,2024-03-11,VDC-PENNEYS TRALEE,none,-2.9,EUR,none,False
70abdf2a-b137-47ee-920f-4fa9153035fb,000000 - 00000001,none,2024-03-11,VDC-IT TRALEE NORT,none,-1.7,EUR,none,False
81052504-84d7-4396-acf1-e270f333b52b,000000 - 00000001,none,2024-03-11,VDC-GARVEYS SUPERV,none,-21.2,EUR,none,False
09973a40-8b41-4bc5-955b-7abe862c211b,000000 - 00000001,none,2024-03-12,VDC-IT TRALEE NORT,none,-2.5,EUR,none,False
48c6e240-a434-4829-9430-88f515376e8a,000000 - 00000001,none,2024-03-12,VDP-IRISH RAIL 643,none,-69.56,EUR,none,False
e7b94378-6de7-4f99-9ef3-ba10fc701efe,000000 - 00000111,none,2024-03-12,VDC-IT TRALEE NORT,none,-1.6,EUR,none,False
364cb718-4383-4064-903e-c40655e10447,000000 - 00000111,none,2024-03-13,VDC-LIDL IRELAND L,none,-9.3,EUR,none,False
ced1021f-4b5f-4c0a-9325-9949e6864205,000000 - 00000001,none,2024-03-13,VDP-STYLEVANA,none,-36.39,EUR,none,False
72d4560a-4f8c-4670-bc83-644ba4167b3a,000000 - 00000111,none,2024-03-13,VDC-IT TRALEE NORT,none,-3.1,EUR,none,False
7168cf72-1043-4675-90bc-0af557d4763c,000000 - 00000111,none,2024-03-13,VDC-IT TRALEE NORT,none,-1.4,EUR,none,False
2df73a7f-d19d-4aeb-ac11-6f89cfd29646,000000 - 00000111,none,2024-03-13,VDC-EIR TRALEE,none,-20.0,EUR,none,False
d6e9f3ef-e764-428c-9c5a-2d397db5d3d4,000000 - 00000111,none,2024-03-14,VDC-DUNNES TRALEE,none,-7.0,EUR,none,False
515a29a3-6484-43da-ba5a-08c18faa6974,000000 - 00000111,none,2024-03-14,VDC-PEPCO 1624,none,-1.5,EUR,none,False
88573571-c53e-4a2a-a66d-6f786384aa11,000000 - 00000111,none,2024-03-14,VDC-IT TRALEE NORT,none,-3.1,EUR,none,False
95a078ad-7e54-44a2-89a0-ace601351379,000000 - 00000111,none,2024-03-14,VDC-DUNNES TRALEE,none,-5.0,EUR,none,False
175d59fa-23a1-4edb-9369-734f7d10eabd,000000 - 00000001,none,2024-03-14,VDC-IT TRALEE NORT,none,-1.7,EUR,none,False
8634f4c0-52a8-477c-af98-2afe0acbb2c5,000000 - 00000001,none,2024-03-15,VDC-PENNEYS TRALEE,none,-6.5,EUR,none,False
15880c5e-978d-4568-97b8-720b2c328ff5,000000 - 00000111,none,2024-03-15,VDC-LIDL IRELAND L,none,-6.35,EUR,none,False
6c06290f-4713-4434-bf62-2185561bf66d,000000 - 00000001,none,2024-03-15,VDC-DUNNES TRALEE,none,-5.38,EUR,none,False
c9fa6035-4693-49e3-96ed-bfe835ab6da7,000000 - 00000001,none,2024-03-19,VDP-PAYPAL *BOOKIN,none,-128.3,EUR,none,False
009a1064-aa66-4d06-add3-c5cb2786c763,000000 - 00000001,none,2024-03-19,KATERYNA FRIEND,none,4.7,EUR,none,False
118ec770-dd9e-4739-8139-0e5f5632bbfd,000000 - 00000001,none,2024-03-19,NA HLEBUSHEK,none,4.7,EUR,none,False
9cb9744a-6a00-4b5d-8b4f-d632bf0d1f3f,000000 - 00000001,none,2024-03-19,VDP-shein.com,none,-69.86,EUR,none,False
2475075b-bebb-4985-acab-0e3eaee0dbab,000000 - 00000001,none,2024-03-19,VDP-AMZN Marketpla,none,-76.74,EUR,none,False
d02983ea-652d-4596-9b23-3d802a953766,000000 - 00000001,none,2024-03-19,*MOBI  TOP-UP,000000007,-20.0,EUR,none,False
14997c8a-bfbb-4896-835c-c3013aaaa2b2,000000 - 00000001,none,2024-03-19,*ATMLDG TRALEE   C,Card ending: 6180,350.0,EUR,none,False
20e3136d-9f56-4b56-8eb8-c93a3cf6c1db,000000 - 00000001,none,2024-03-19,VDC-IT TRALEE NORT,none,-3.1,EUR,none,False
a0139555-7357-4ada-adcd-65c4bf6b01b9,000000 - 00000001,none,2024-03-19,VDC-BOOTS RETAIL17,none,-28.49,EUR,none,False
a3bb313d-95d5-4e21-aed1-32d8f1ac08e8,000000 - 00000001,none,2024-03-19,VDC-LIDL IRELAND L,none,-9.08,EUR,none,False
70962a7f-8d2c-448c-8c51-87fdc58be58f,000000 - 00000111,none,2024-03-19,VDC-T K MAXX,none,-10.99,EUR,none,False
d9b43464-0b93-443f-8b58-19daf29ac0d8,000000 - 00000111,none,2024-03-19,VDC-LIDL IRELAND L,none,-13.65,EUR,none,False
c18d5ae7-6b02-4024-9173-837eac5a8e73,000000 - 00000111,none,2024-03-19,VDC-LIDL IRELAND L,none,-5.67,EUR,none,False
5cab5c2f-bf72-4bad-bb40-a051143510aa,000000 - 00000001,none,2024-03-19,VDC-BOOTS RETAIL17,none,-11.99,EUR,none,False
7d59779e-e2d2-417d-82be-5e253b6c31c3,000000 - 00000111,none,2024-03-19,VDC-LIDL IRELAND L,none,-2.49,EUR,none,False
6f761840-4b37-44a7-bddc-f15cdcec3edc,000000 - 00000111,none,2024-03-19,VDC-LIDL IRELAND L,none,-0.99,EUR,none,False
81be8893-0e6e-4b65-b001-7eef0cad95bd,000000 - 00000111,none,2024-03-19,VDC-LANA TRALEE,none,-12.95,EUR,none,False
cf58a11f-f08a-4c28-85b4-8d4dae6ba8b0,000000 - 00000111,none,2024-03-19,VDC-JACK MACS PUB,none,-11.4,EUR,none,False
50550e76-477e-4c24-8fc9-fbce06e00ff3,000000 - 00000111,none,2024-03-19,VDC-IT TRALEE NORT,none,-3.1,EUR,none,False
e5fb5aa5-6db5-4f1a-8e88-1d8acf2b47da,000000 - 00000111,none,2024-03-19,VDC-EUROGIANT TRAL,none,-1.5,EUR,none,False
c468dbfa-a67c-4b55-a5e7-6b37217bf423,000000 - 00000111,none,2024-03-19,VDC-DUNNES TRALEE,none,-3.65,EUR,none,False
8db2c739-7359-4dbd-bec7-25f33de924b7,000000 - 00000111,none,2024-03-19,VDC-DUNNES TRALEE,none,-1.75,EUR,none,False
6b196773-f369-4984-ba86-34e3dc586809,000000 - 00000111,none,2024-03-19,VDC-C.H.CHEMISTS,none,-16.5,EUR,none,False
516873d1-5ac3-4149-9662-4e7683dce714,000000 - 00000111,none,2024-03-19,*MOBI ZA COFFEE,none,-4.7,EUR,none,False
0911b1c9-190c-4644-b547-00abfeb4b6f8,000000 - 00000111,none,2024-03-19,VDP-FlowComm/HausL,none,-97.9,EUR,none,False
188b9496-868a-42c3-87be-fb5a4aa62eb0,000000 - 00000111,none,2024-03-19,VDP-ALIEXPRESS.COM,none,-26.59,EUR,none,False
0db4520c-f09d-4968-9e74-6d35d2d37217,000000 - 00000001,none,2024-03-19,VDC-PENNEYS TRALEE,none,-12.95,EUR,none,False
15995678-eaba-4fec-ba87-5d24e452a4ef,000000 - 00000001,none,2024-03-19,VDC-LIDL IRELAND L,none,-5.44,EUR,none,False
0b927ad5-ea37-47af-8893-274ae3082585,000000 - 00000111,none,2024-03-19,VDC-TESCO STORES 3,none,-1.25,EUR,none,False
d6af8210-9045-4ff5-9b9b-1a501272c1e0,000000 - 00000111,none,2024-03-20,VDP-ROI ECOMM,none,-55.84,EUR,none,False
45791e1c-c149-48bb-a66f-d1a9ebcc0399,000000 - 00000001,none,2024-03-20,VDC-IT TRALEE NORT,none,-1.4,EUR,none,False
07d22b5d-91ca-4c23-a488-da21471f881a,000000 - 00000001,none,2024-03-20,VDC-LIDL IRELAND L,none,-3.51,EUR,none,False
21ebc6ff-49a1-4a7f-a5f7-fa54fb32d317,000000 - 00000111,none,2024-03-21,VDC-C.H.CHEMISTS,none,-13.5,EUR,none,False
aeee1520-93d7-45a1-b824-d855f77f1ee1,000000 - 00000001,none,2024-03-21,T00000022,SCHOLARSHIP,0.0,EUR,none,False
106d16f2-5e57-45a1-b0db-b87c77a42a39,000000 - 00000001,none,2024-03-21,VDC-IT TRALEE NORT,none,-3.1,EUR,none,False
f0454dc0-2e3a-40c1-a014-d237275d87c2,000000 - 00000111,none,2024-03-21,T00000044,SCHOLARSHIP,0.0,EUR,none,False
8adb1b50-c905-428c-a264-eb6501f64d97,000000 - 00000111,none,2024-03-21,VDC-IT TRALEE NORT,none,-3.1,EUR,none,False
9693ab26-ac66-4a88-a1e1-b458badb669f,000000 - 00000111,none,2024-03-21,VDC-GARVEYS SUPERV,none,-4.99,EUR,none,False
c7ad772d-47f5-4e02-8131-d6514dc8e934,000000 - 00000111,none,2024-03-22,VDC-PEPCO 1624,none,-2.0,EUR,none,False
be3c7193-73e1-4f79-b6e9-31def14336a2,000000 - 00000001,none,2024-03-22,VDC-IT TRALEE NORT,none,-3.1,EUR,none,False
36970a85-225f-4ee1-bc2d-fdf394ade466,000000 - 00000111,none,2024-03-22,VDC-LIDL IRELAND L,none,-10.58,EUR,none,False
b8bf978c-102e-494c-be0b-e8759ee89882,000000 - 00000111,none,2024-03-22,VDC-IT TRALEE NORT,none,-3.1,EUR,none,False
8bec0e85-5e10-46ea-b8ee-d8a48ceba23b,000000 - 00000111,none,2024-03-22,VDP-ASOS.COM,none,59.99,EUR,none,False
52a43421-8b27-48d7-867f-25a4122d9d37,000000 - 00000001,none,2024-03-25,VDC-H M,none,-36.98,EUR,none,False
7080194a-0c25-466c-aa82-e6268997045e,000000 - 00000001,none,2024-03-25,VDC-IT TRALEE NORT,none,-3.1,EUR,none,False
63770c5d-4320-48f7-b682-37577184d7d9,000000 - 00000001,none,2024-03-25,VDC-IT TRALEE NORT,none,-3.1,EUR,none,False
f5cfeea3-35b7-4c55-9410-61b563dccc98,000000 - 00000001,none,2024-03-25,VDP-LEAP CARD APP,none,-5.0,EUR,none,False
b5a18c8a-3eb0-40d5-b760-6b80bdd3bee2,000000 - 00000111,none,2024-03-25,VDC-DUNNES TRALEE,none,-5.95,EUR,none,False
356da5f0-9368-4d35-8623-d63e5417313a,000000 - 00000111,none,2024-03-25,VDC-TAKARA,none,-24.0,EUR,none,False
1c2face2-5408-44eb-a0ca-c9d670e4bce0,000000 - 00000111,none,2024-03-25,VDC-SV ASTON QUAY,none,-6.11,EUR,none,False
fcd62653-58cb-4c72-944d-0d2d1b596025,000000 - 00000111,none,2024-03-25,VDC-SumUp  *Pocha,none,-6.0,EUR,none,False
28fbd394-64c8-4b09-9b36-0842d6bad541,000000 - 00000111,none,2024-03-25,VDC-PULL AND BEAR,none,-36.09,EUR,none,False
42ce7b66-6067-4019-bc87-85643a958158,000000 - 00000111,none,2024-03-25,VDC-MCDONALDS7001,none,-3.5,EUR,none,False
f888b62f-cc40-40a6-84dd-e8fa45717d3a,000000 - 00000111,none,2024-03-25,VDC-MARKS & SPENCE,none,-17.0,EUR,none,False
7bbf2501-abcf-4765-93ff-c392b2ce00a2,000000 - 00000111,none,2024-03-25,VDC-LIDL IRELAND L,none,-1.66,EUR,none,False
40910c1b-b418-4922-ba0c-bf5d455e2135,000000 - 00000111,none,2024-03-25,VDC-IT TRALEE NORT,none,-3.1,EUR,none,False
be6c444b-f5a3-4e17-83d2-af76faafb8b1,000000 - 00000001,none,2024-03-25,VDC-NATIONAL MERCH,none,-35.0,EUR,none,False
acc2f6db-ad0b-4365-80ad-98f81154742a,000000 - 00000111,none,2024-03-25,VDC-BERSHKA JERVIS,none,-7.99,EUR,none,False
8d3b07f2-b9f6-46b7-90f2-707fadc7845d,000000 - 00000111,none,2024-03-25,VDP-CITI BUS WEBSI,none,-22.5,EUR,none,False
0a45cbca-6c31-469e-a9a1-f44658f99b6b,000000 - 00000001,none,2024-03-25,VDC-STRADIVARIUS J,none,-15.99,EUR,none,False
4a3bf98b-eb04-4d3e-b732-c4c0f9ec6891,000000 - 00000111,none,2024-03-25,VDC-TESCO STORES 4,none,-1.55,EUR,none,False
f7bd05bd-c30d-478b-a68f-20e3a10882fc,000000 - 00000001,none,2024-03-25,VDC-NYA*Louis and,none,-6.0,EUR,none,False
15e64417-8819-481d-869a-b5fc902e388d,000000 - 00000001,none,2024-03-25,VDC-VS GRAFTON STR,none,-72.5,EUR,none,False
45137822-1b76-49d2-be26-60fba6b68295,000000 - 00000001,none,2024-03-26,VDC-FRESH THE GOOD,none,-15.6,EUR,none,False
1868b945-5a69-43b0-b681-0ccd544d5942,000000 - 00000001,none,2024-03-26,VDC-ASIA MARKET-RE,none,-32.9,EUR,none,False
2ce9da41-9f5e-4bdc-91f2-c0bf6e4a9edc,000000 - 00000001,none,2024-03-26,VDP-Spotify P2AE0A,none,-5.99,EUR,none,False
ff4ac55e-da3c-45cc-ac4f-0bd1290b6832,000000 - 00000111,none,2024-03-27,VDP-shein.com,none,-24.55,EUR,none,False
45b0cf5f-b147-4c8e-9c41-6cc98e55acd8,000000 - 00000111,none,2024-03-27,VDP-ELECTRIC IRELA,none,-181.72,EUR,none,False
2a42441d-bc40-4cf7-a5f7-f5b070f74374,000000 - 00000111,none,2024-03-27,VDP-Zara.com,none,-69.9,EUR,none,False
8063ed63-6f4e-4782-901f-951e690cbec4,000000 - 00000111,none,2024-03-27,VDC-DUNNES TRALEE,none,-1.59,EUR,none,False
f505c880-14b7-4da9-a7a2-26587c9573a6,000000 - 00000111,none,2024-03-27,VDC-LIDL IRELAND L,none,-13.53,EUR,none,False
3312c45e-fa99-48d0-acfb-b59679fe3c6d,000000 - 00000111,none,2024-03-27,VDC-TESCO STORES 3,none,-3.75,EUR,none,False
150a9e40-cdd7-4318-8a11-e0b509f2930a,000000 - 00000111,none,2024-03-28,VDC-LIDL IRELAND L,none,-17.81,EUR,none,False
1a669f14-f2ca-4fa2-ae85-7672da97a9b8,000000 - 00000111,none,2024-03-28,VDC-DUNNES TRALEE,none,-3.95,EUR,none,False
c7e5ff11-d675-4bd3-8641-e77c9f36d17c,000000 - 00000111,none,2024-03-28,FEE-QTR TO 23FEB24,930016-10087096,-11.3,EUR,none,False
206e4092-c0dc-43f6-95ff-fb508e25292b,000000 - 00000001,none,2024-03-28,VDP-CITI BUS MOBIL,none,-12.5,EUR,none,False
13431d13-9423-4b2b-b8c6-facbdc3198e9,000000 - 00000001,none,2024-03-28,FEES REFUNDED,Account Number: 000000 - 00000002,14.75,EUR,none,False
16d0237c-523c-4f31-809b-59188f75dd52,000000 - 00000001,none,2024-03-28,VDP-shein.com,none,-44.24,EUR,none,False
ceef76c0-c0cd-4cbe-97ef-877f933efb1a,000000 - 00000111,none,2024-03-28,VDC-Mercury Food D,none,-19.33,EUR,none,False
195855f6-5d3e-4c58-8315-968961f82e88,000000 - 00000001,none,2024-03-28,FEE-QTR TO 23FEB24,Account Number: 000000 - 00000002,-14.75,EUR,none,False
a940e084-e787-4b00-b597-4be783c3addc,000000 - 00000001,none,2024-04-02,VDP-LEAP CARD APP,none,-5.0,EUR,none,False
3de9bc88-3625-4857-a022-79c23f6c81de,000000 - 00000001,none,2024-04-02,*MOBI  TOP-UP,000000007,-20.0,EUR,none,False
e5fb3ce8-89e5-486c-ab12-756bcf828cb8,000000 - 00000001,none,2024-04-02,VDC-BOOTS RETAIL17,none,-3.99,EUR,none,False
66c4ed04-bdeb-41ad-afeb-da7dba8f1fcd,000000 - 00000001,none,2024-04-02,VDC-PENNEYS TRALEE,none,-21.0,EUR,none,False
95b57fcf-b93b-44c5-a17f-5655d5994e1c,000000 - 00000001,none,2024-04-02,VDP-COMPLETESAVE.I,none,-15.0,EUR,none,False
3cf000e2-351f-40fa-82a8-84998aa3edf5,000000 - 00000001,none,2024-04-02,VDC-SQ *BRIO BRUNC,none,-4.0,EUR,none,False
9cc0b0bc-3287-49bc-b261-7d6cc81f879f,000000 - 00000001,none,2024-04-02,VDC-TESCO STORES 3,none,-4.9,EUR,none,False
547cf6c4-a924-4cfc-b705-0fe5a2184e7a,000000 - 00000001,none,2024-04-02,VDC-TESCO STORES 3,none,-9.06,EUR,none,False
f2db0ae0-a2fc-4335-bc01-41f68b9be61f,000000 - 00000111,none,2024-04-02,VDC-FRESH THE GOOD,none,-2.25,EUR,none,False
1879f389-2f3f-4a31-afe1-c29914d4f9fc,000000 - 00000111,none,2024-04-02,VDP-IRISH RAIL 640,none,-15.99,EUR,none,False
bd44199d-ca4d-4eb4-b5ab-3dd7df3e4349,000000 - 00000111,none,2024-04-02,VDP-VESTA  *EIR TO,none,-5.0,EUR,none,False
a2cc1c4b-8ec4-498d-aa3c-ef902fc8f6fa,000000 - 00000111,none,2024-04-02,*MOBI OPLATA TRUDA,none,-90.0,EUR,none,False
137977ac-1913-4d3e-bde8-38d1b99a6987,000000 - 00000111,none,2024-04-02,*MOBI SPASIBO,none,-130.0,EUR,none,False
0f87cb6e-d56e-43d6-9394-80d7fa41e868,000000 - 00000111,none,2024-04-02,VDC-ALDI 105 873,none,-2.38,EUR,none,False
4a4b3a4e-c3d9-43ef-8fce-876a318c65a2,000000 - 00000111,none,2024-04-02,VDC-BOOTS RETAIL 1,none,-4.73,EUR,none,False
4d5ca014-a9c0-4105-99d1-72ca07560906,000000 - 00000111,none,2024-04-02,VDC-BOOTS RETAIL17,none,-15.98,EUR,none,False
8d7c2f4c-9c12-4cf3-b657-7bec544e9bd7,000000 - 00000111,none,2024-04-02,VDC-DISTRI JO SARL,none,-10.74,EUR,none,False
fdf03a55-7fae-4b28-9505-841a5f7a594e,000000 - 00000111,none,2024-04-02,VDC-BURGER KING 2,none,-9.9,EUR,none,False
3b6ffbc5-29ce-469f-938b-80cf9e99df79,000000 - 00000111,none,2024-04-02,VDC-DISTRI JO SARL,none,-14.54,EUR,none,False
c4ab413b-7c71-44db-a827-df86a1cb344b,000000 - 00000111,none,2024-04-02,VDC-DUNNES HORAN C,none,-2.0,EUR,none,False
6589883e-7b84-46fd-8c61-98be6e9f953b,000000 - 00000111,none,2024-04-02,VDC-DUBLIN AIRPORT,none,-11.0,EUR,none,False
c9b4d787-1717-4a93-beda-79ee3bcc7692,000000 - 00000111,none,2024-04-02,VDC-U EXPRESS,none,-0.53,EUR,none,False
bf372391-5e52-4438-b112-c25de30e2ed5,000000 - 00000111,none,2024-04-02,VDC-SQ *NOIR COFFE,none,-9.3,EUR,none,False
5c9c15ea-e3dc-4f9f-b7b3-13e45d15ddec,000000 - 00000111,none,2024-04-02,VDC-SQ *BRIO BRUNC,none,-3.5,EUR,none,False
699359c3-c404-41cb-899f-3dd271d6fec9,000000 - 00000111,none,2024-04-02,VDC-SHOPPING CENTE,none,-0.8,EUR,none,False
1e8c2102-0a03-48a9-bffe-b8cd7470c0ec,000000 - 00000111,none,2024-04-02,VDC-PEPCO 1624,none,-2.6,EUR,none,False
cbe588dd-e439-4608-826c-43ae656f3880,000000 - 00000111,none,2024-04-02,VDC-PEPCO 1624,none,-2.0,EUR,none,False
6f53639c-c7cf-4a7d-9833-a46d63b2821b,000000 - 00000111,none,2024-04-02,VDC-PEPCO 1624,none,-0.65,EUR,none,False
61676678-ad34-4ac9-a288-e26a726915c9,000000 - 00000111,none,2024-04-02,VDC-CSO CC Paris I,none,-59.0,EUR,none,False
0a475541-16da-44e9-91c7-b587413a651e,000000 - 00000111,none,2024-04-02,VDC-PENNEYS TRALEE,none,-4.9,EUR,none,False
5c7f8844-adc4-46ec-9b69-562c34aa253a,000000 - 00000111,none,2024-04-02,VDC-MONOPRIX,none,-0.95,EUR,none,False
efa5d5e9-0d52-4f7c-a1df-d9c408ef9082,000000 - 00000111,none,2024-04-02,VDC-MC CAFFREY,none,-10.0,EUR,none,False
7a904eea-84d4-475f-a3cb-e93b360e7330,000000 - 00000111,none,2024-04-02,VDC-LIDL IRELAND L,none,-10.32,EUR,none,False
0b53a2c9-c396-4f29-acca-65b3bf22fff8,000000 - 00000111,none,2024-04-02,VDC-Kiko France SA,none,-11.99,EUR,none,False
2db7ff0c-bb38-47e9-878d-526bf87d889f,000000 - 00000111,none,2024-04-02,VDC-DUNNES TRALEE,none,-3.27,EUR,none,False
0582a693-f083-4836-be84-48908ae11c85,000000 - 00000111,none,2024-04-02,VDC-DUNNES TRALEE,none,-3.15,EUR,none,False
0a0e97e2-5825-489c-8747-1bf3b28cd93a,000000 - 00000111,none,2024-04-02,VDC-PENNEYS TRALEE,none,-15.0,EUR,none,False
0b6f65cd-7250-4709-88f5-53f37760d463,000000 - 00000111,none,2024-04-03,VDC-STARBUCKS,none,-12.15,EUR,none,False
5a6d247c-fadf-4578-84e7-b0ed3eaad039,000000 - 00000111,none,2024-04-03,VDC-SARL BY ORSEL,none,-3.99,EUR,none,False
eb0cbde9-ee68-4a48-9c00-e63b61a9a348,000000 - 00000111,none,2024-04-03,VDC-PARIT1 COMPTOI,none,-21.7,EUR,none,False
5e62fcd5-8ebd-4544-be25-373b1c6a6039,000000 - 00000111,none,2024-04-03,VDC-PAUL,none,-1.7,EUR,none,False
04a1ed50-fcce-4abc-b226-1954e7cf1fa4,000000 - 00000111,none,2024-04-03,VDC-ETAM-3188,none,-64.98,EUR,none,False
4372318c-054d-4c5e-bfef-80fb71536a70,000000 - 00000111,none,2024-04-03,VDP-RYANAIR     ZT,none,-367.4,EUR,none,False
9717181d-fe6a-4b67-9606-303500b63a14,000000 - 00000111,none,2024-04-03,ZA EDY,none,8.7,EUR,none,False
8491488c-49d5-4aed-9a3a-6f54a10e4566,000000 - 00000111,none,2024-04-03,VDC-GOURMET HAUSSM,none,-12.35,EUR,none,False
8c90616c-3802-4af4-a37c-be33480229bb,000000 - 00000111,none,2024-04-03,VDP-Aerobus Paris-,none,-33.8,EUR,none,False
b5fd991f-a9bf-4c18-b2fc-cd1b69f7832f,000000 - 00000111,none,2024-04-04,VDP-CITI BUS WEBSI,none,-12.5,EUR,none,False
2772a6de-32ba-4a8f-b380-db1bca6c43e0,000000 - 00000111,none,2024-04-04,VDC-BEAUVAIS INTER,none,-20.57,EUR,none,False
9602c227-f0f9-44e5-bfa5-1edc8d28ba2c,000000 - 00000111,none,2024-04-04,VDC-BOURGEOIS EDDY,none,-6.0,EUR,none,False
cfba841d-4884-408d-9a8c-f28633212c7b,000000 - 00000111,none,2024-04-04,VDC-CAF25765BEAU T,none,-9.4,EUR,none,False
70232d3a-4f85-421c-9326-2201d8397ae6,000000 - 00000111,none,2024-04-04,"VDC-LEGO Store, Du",none,-27.0,EUR,none,False
6bbe5226-833f-4ae8-a5ee-9f872f9b46c8,000000 - 00000111,none,2024-04-04,VDC-OPERAPARISSXAU,none,-20.0,EUR,none,False
4c1d1c97-f198-4bcf-a921-6acaf0f75f67,000000 - 00000111,none,2024-04-04,VDC-SPAR 8 UPPER O,none,-2.45,EUR,none,False
1ae89e3e-e9e8-48b8-83e4-081b5103f828,000000 - 00000111,none,2024-04-04,VDC-SV ASTON QUAY,none,-11.68,EUR,none,False
4e89a54b-2fcb-4987-b390-fbe3c8d6f5fd,000000 - 00000111,none,2024-04-04,VDC-SV ASTON QUAY,none,-2.33,EUR,none,False
45e81ab2-bc7f-4c4d-9b6c-374543d85e86,000000 - 00000001,none,2024-04-04,VDC-IT TRALEE NORT,none,-3.1,EUR,none,False
5bc83fa8-0d5b-43ed-aa6f-4cf520bd8701,000000 - 00000001,none,2024-04-05,VDC-IT TRALEE NORT,none,-3.1,EUR,none,False
48098a20-31e5-4e85-8b2e-0ea876c4bf94,000000 - 00000001,none,2024-04-05,VDC-RYLES PHARMACY,none,-7.95,EUR,none,False
582b8db3-f9fb-44a0-b14a-90e98f102832,000000 - 00000111,none,2024-04-05,VDC-COPY TOP,none,-2.0,EUR,none,False
465eff20-8f5a-4e28-8dfa-d4345f5bac0a,000000 - 00000111,none,2024-04-05,VDC-CARD WORLD,none,-1.79,EUR,none,False
47582493-db40-4772-9aad-b941dc5980e0,000000 - 00000111,none,2024-04-08,VDC-T K MAXX,none,-12.99,EUR,none,False
b7c968a2-27e3-420a-8642-5c9642c9d46a,000000 - 00000111,none,2024-04-08,VDC-SAM MC CAULEY,none,-4.99,EUR,none,False
52709f02-c281-47de-844b-6063b4c3eabd,000000 - 00000111,none,2024-04-08,VDC-LIDL IRELAND L,none,-15.56,EUR,none,False
4bbf7145-2fb5-4eb6-8591-0efbb4f98d16,000000 - 00000111,none,2024-04-08,VDC-DUNNES TRALEE,none,-1.8,EUR,none,False
9ac51d4b-d79b-4e8d-903f-8b2c1909970a,000000 - 00000111,none,2024-04-08,VDC-BOOTS RETAIL17,none,-13.99,EUR,none,False
cbd6587c-b5fa-45b6-9d48-2f1a6c939a36,000000 - 00000111,none,2024-04-08,VDC-PENNEYS TRALEE,none,-1.0,EUR,none,False
3f7f013b-e09a-4140-a2cb-d44a98a6bc20,000000 - 00000001,none,2024-04-08,VDP-Temu.com,none,-36.87,EUR,none,False
d561507f-1af7-4cb4-b5e9-38f68b07a524,000000 - 00000001,none,2024-04-08,VDC-IT TRALEE NORT,none,-1.6,EUR,none,False
856bba6b-3522-4e6b-8d7c-2995526ff7f6,000000 - 00000001,none,2024-04-08,VDC-IT TRALEE NORT,none,-3.1,EUR,none,False
0d50cb0e-df11-4177-b8c7-c15cc5f06d97,000000 - 00000001,none,2024-04-08,VDC-LIDL IRELAND L,none,-3.97,EUR,none,False
aef14363-b143-48e1-9ab3-af7c2723c2ac,000000 - 00000001,none,2024-04-08,VDC-LIDL IRELAND L,none,-12.89,EUR,none,False
ad5e2590-15b6-407d-b852-67d3579f32e6,000000 - 00000111,none,2024-04-09,VDC-DUNNES TRALEE,none,-7.75,EUR,none,False
000d8dc8-1777-49fe-b5f0-d906ac02ab12,000000 - 00000111,none,2024-04-09,VDC-C.H.CHEMISTS,none,-18.13,EUR,none,False
5f563445-6738-4f27-a8f5-745a3ac4cf33,000000 - 00000001,none,2024-04-09,VDC-IT TRALEE NORT,none,-3.1,EUR,none,False
e89c6b06-0efe-4fe2-bd0a-f772c72b04df,000000 - 00000111,none,2024-04-10,VDP-EIR,none,-20.0,EUR,none,False
cef17663-c9d0-4e28-90d0-800795d547de,000000 - 00000111,none,2024-04-10,VDC-LIDL IRELAND L,none,-10.44,EUR,none,False
3ee1ffb7-7329-4eb7-aca3-84ba3bd81f01,000000 - 00000111,none,2024-04-10,VDC-IT TRALEE NORT,none,-1.6,EUR,none,False
9cdd6afc-2ee5-4338-93c4-764c6a657275,000000 - 00000111,none,2024-04-10,VDC-IT TRALEE NORT,none,-1.5,EUR,none,False
2595e1a1-c778-45ba-9381-13b0b58f2f15,000000 - 00000001,none,2024-04-10,VDC-SumUp  *Yusuf,none,-7.0,EUR,none,False
125bcf1d-a1ba-4080-84a0-9f17abdcb075,000000 - 00000001,none,2024-04-10,VDC-IT TRALEE NORT,none,-3.1,EUR,none,False
db25ae35-108b-4a4e-9a93-0cf72ba54103,000000 - 00000111,none,2024-04-11,VDC-IT TRALEE NORT,none,-2.4,EUR,none,False
1c8b001d-eb6e-43de-b574-623da868c50c,000000 - 00000001,none,2024-04-11,VDC-IT TRALEE NORT,none,-2.4,EUR,none,False
9f8c264c-5284-462b-9778-aa69f24e8e81,000000 - 00000001,none,2024-04-11,VDC-IT TRALEE NORT,none,-3.1,EUR,none,False
548ebc44-4a44-406a-b370-e9fa02ff261d,000000 - 00000001,none,2024-04-11,VDC-LIDL IRELAND L,none,-6.03,EUR,none,False
962ea204-5dca-4bc1-8711-3dcba74acc73,000000 - 00000111,none,2024-04-12,VDC-MC CAFFREY,none,-5.7,EUR,none,False
4f4abf1f-a244-4246-86b0-9b55f30e3351,000000 - 00000111,none,2024-04-12,VDC-LIDL IRELAND L,none,-3.44,EUR,none,False
27a71ab6-8fd5-4374-92ef-77d6407a35dd,000000 - 00000001,none,2024-04-12,VDC-IT TRALEE NORT,none,-3.1,EUR,none,False
78a0fc0f-e0cc-48c8-9320-83b6793bcb50,000000 - 00000111,none,2024-04-15,VDC-LIDL IRELAND L,none,-5.26,EUR,none,False
1dac1a95-3439-42fc-afef-10cc7a8a9bad,000000 - 00000111,none,2024-04-15,VDC-MC CAFFREY,none,-24.3,EUR,none,False
e3a2c97c-e3d2-45bb-b104-9d4bfa0509f8,000000 - 00000111,none,2024-04-15,VDC-GARVEYS SUPERV,none,-1.32,EUR,none,False
6b95ea01-08a2-4dda-921f-9db4278d958d,000000 - 00000001,none,2024-04-15,ATM CASTLE ST 1,13APR24 TIME 13:25,-20.0,EUR,none,False
237c4dbf-6e0d-4302-9d27-60ccd8a62d43,000000 - 00000111,none,2024-04-16,VDC-IT TRALEE NORT,none,-1.6,EUR,none,False
4e3c3509-51ec-4609-951d-0d631b548efa,000000 - 00000001,none,2024-04-16,VDP-YESSTYLE.COM L,none,-73.42,EUR,none,False
941542a5-f17d-4d5b-92eb-7ee4f53cbad2,000000 - 00000001,none,2024-04-16,VDC-IT TRALEE NORT,none,-3.1,EUR,none,False
8aa5988b-cda1-4dc9-8ec9-c7e89168f5de,000000 - 00000001,none,2024-04-16,VDC-LIDL IRELAND L,none,-1.18,EUR,none,False
a00dd02f-ae0d-4296-80bc-0b5619124672,000000 - 00000111,none,2024-04-16,VDC-IT TRALEE NORT,none,-2.4,EUR,none,False
24381efa-b209-4ba4-95cf-a817e5d516a5,000000 - 00000111,none,2024-04-16,VDC-LIDL IRELAND L,none,-3.49,EUR,none,False
814ef75b-2a89-45f6-92d7-bb88dfca8616,000000 - 00000111,none,2024-04-17,VDP-SP SHOE SUITE,none,-75.0,EUR,none,False
03694120-bea6-4ab8-8392-73bc021abab0,000000 - 00000111,none,2024-04-17,VDP-LEAP CARD APP,none,-5.0,EUR,none,False
e4fabf20-af37-406e-a845-0c8a64c1d5f2,000000 - 00000111,none,2024-04-17,VDC-PENNEYS TRALEE,none,-4.5,EUR,none,False
25701fbb-c0fe-4d52-8978-1aafbc10a915,000000 - 00000111,none,2024-04-17,VDC-IT TRALEE NORT,none,-1.6,EUR,none,False
ccc7ecc7-dfbb-4936-861c-9ad721e589d2,000000 - 00000111,none,2024-04-17,VDC-IT TRALEE NORT,none,-1.5,EUR,none,False
ec66cba6-c4ae-402f-a5e9-c6c23de8f15c,000000 - 00000111,none,2024-04-17,VDC-IT TRALEE NORT,none,-1.7,EUR,none,False
644605c4-e319-49a5-ad9d-06d140511d80,000000 - 00000001,none,2024-04-17,*MOBI 000000 - 00000001,none,-100.0,EUR,none,False
22d0fd3e-1d64-4878-bdbd-62130f467b9e,000000 - 00000001,none,2024-04-17,VDC-IT TRALEE NORT,none,-1.7,EUR,none,False
4c7a213a-2968-488a-a0e5-31de08b030c8,000000 - 00000001,none,2024-04-18,VDC-LIDL IRELAND L,none,-4.08,EUR,none,False
b8012de6-f1e1-482c-97d3-4c9413a93c10,000000 - 00000001,none,2024-04-18,VDC-IT TRALEE NORT,none,-2.3,EUR,none,False
eddcf139-258c-4212-b029-63d680f8eaac,000000 - 00000001,none,2024-04-18,T00000022,SCHOLARSHIP,0.0,EUR,none,False
088f0687-8cc8-4257-a04c-412f8501dc4f,000000 - 00000001,none,2024-04-18,*MOBI  TOP-UP,000000007,-20.0,EUR,none,False
806e06d3-1e9b-4087-988b-bba8637ca3e9,000000 - 00000111,none,2024-04-18,T00000044,SCHOLARSHIP,0.0,EUR,none,False
db274704-75ca-476c-8bd4-8d8d1128cdd7,000000 - 00000111,none,2024-04-18,VDC-LIDL IRELAND L,none,-2.99,EUR,none,False
d1e7839b-aa0e-48e0-9e26-8941b8b37208,000000 - 00000001,none,2024-04-18,VDC-PENNEYS TRALEE,none,-5.0,EUR,none,False
dd71b17b-871e-42ea-a9ab-598901cecde3,000000 - 00000111,none,2024-04-19,*MOBI SPASIBO,none,-37.0,EUR,none,False
42de644b-8675-4b1c-a47b-2638c78a9957,000000 - 00000111,none,2024-04-19,VDC-LIDL IRELAND L,none,-10.63,EUR,none,False
5a8285fd-631a-41ee-8191-33b32226f443,000000 - 00000001,none,2024-04-19,VDC-IT TRALEE NORT,none,-2.3,EUR,none,False
eca46c31-6915-4f6c-b887-21c81a0381d4,000000 - 00000001,none,2024-04-19,VDC-IT TRALEE NORT,none,-3.1,EUR,none,False
3b47a91f-d66e-4450-9b0d-6cb7323fa622,000000 - 00000001,none,2024-04-19,ATM TRALEE   B,19APR24 TIME 17:45,0.0,EUR,none,False
86795e91-3413-44fc-b89e-6d8f122f886b,000000 - 00000111,none,2024-04-22,VDC-T K MAXX,none,-5.99,EUR,none,False
fece33d9-90f7-4fcf-bd03-8634cbed6755,000000 - 00000111,none,2024-04-22,VDC-PENNEYS KILLAR,none,-8.5,EUR,none,False
f48daab0-b6f9-45af-87d0-60b961446a3e,000000 - 00000111,none,2024-04-22,VDC-NOOR GROCERY O,none,-11.78,EUR,none,False
1ad54cc8-27f2-4156-b146-132ad0d44f20,000000 - 00000111,none,2024-04-22,VDC-LIDL IRELAND L,none,-12.53,EUR,none,False
f2a5c07c-2b0d-4a5a-9455-6f8969e11490,000000 - 00000111,none,2024-04-22,VDC-LIDL IRELAND L,none,-2.93,EUR,none,False
43056c32-2c01-41b7-8622-cf99985667d3,000000 - 00000111,none,2024-04-22,VDC-IRISH RAIL KIL,none,-4.15,EUR,none,False
58836fb7-5661-49b8-90f3-546f8b51c2d9,000000 - 00000111,none,2024-04-22,VDC-GARVEYS SUPERV,none,-1.0,EUR,none,False
c6c9fd5e-dadf-4c2a-a160-607aeaba2345,000000 - 00000111,none,2024-04-22,VDC-DUNNES TRALEE,none,-3.05,EUR,none,False
88d07bcc-7947-453e-a896-cf316ded5952,000000 - 00000111,none,2024-04-22,VDC-DUNNES HORAN C,none,-5.89,EUR,none,False
cd48a2e8-900c-45bd-9043-c4cad1ef7c15,000000 - 00000111,none,2024-04-22,VDC-DEALZ - 1605,none,-1.5,EUR,none,False
b2c7b075-2da6-436e-bf00-0dc70166356a,000000 - 00000111,none,2024-04-22,VDP-LEAP CARD APP,none,-5.0,EUR,none,False
d6df1009-8489-4d78-b887-309fc4712c88,000000 - 00000111,none,2024-04-22,VDP-notino.ie,none,-70.37,EUR,none,False
c6b3b296-6c89-450c-a245-a0e029f010ec,000000 - 00000001,none,2024-04-22,*MOBI 00000002,none,-50.0,EUR,none,False
bbeb5d42-2c8c-411d-b1b3-72f5d5e30df3,000000 - 00000001,none,2024-04-22,VDC-IT TRALEE NORT,none,-3.0,EUR,none,False
40f4136b-b238-47cf-b76f-16d63ceaabdd,000000 - 00000001,none,2024-04-22,VDC-MCDONALDS TRAL,none,-8.3,EUR,none,False
90ff43f2-140d-43e7-869b-ff84742a2e4a,000000 - 00000001,none,2024-04-22,VDC-MCDONALDS TRAL,none,-20.6,EUR,none,False
fbee54eb-2212-4a4f-a144-4eb331240f52,000000 - 00000001,none,2024-04-22,VDC-PENNEYS TRALEE,none,-2.9,EUR,none,False
69002dac-0a94-4f26-8db2-1d39ed21eeab,000000 - 00000001,none,2024-04-22,VDC-SumUp  *Yusuf,none,-7.0,EUR,none,False
0babcafd-fed0-4040-a814-6f48db900267,000000 - 00000001,none,2024-04-22,VDC-T K MAXX,none,-10.99,EUR,none,False
2fca171b-264c-428d-9655-a2d96d163805,000000 - 00000111,none,2024-04-22,VDP-LEAP CARD APP,none,-5.0,EUR,none,False
ff765d89-c691-477d-911b-f50bbb36534e,000000 - 00000111,none,2024-04-22,VDC-TESCO STORES 3,none,-3.76,EUR,none,False
64238d78-0740-4fc5-a004-30e1204aa941,000000 - 00000111,none,2024-04-22,VDC-T K MAXX,none,-7.99,EUR,none,False
704e8974-8ba7-417f-9f9c-e94f2c6ec040,000000 - 00000111,none,2024-04-23,VDP-LEAP CARD APP,none,-5.0,EUR,none,False
d906b1a3-e306-4658-83bc-d0ed15a3a11c,000000 - 00000001,none,2024-04-23,VDC-IT TRALEE NORT,none,-3.1,EUR,none,False
0143e1c9-f1e5-4234-a5d8-3a5ae53cdd92,000000 - 00000001,none,2024-04-23,VDC-IT TRALEE NORT,none,-2.3,EUR,none,False
8cee97d5-a0f6-4220-9f98-1bdad5fd2cd5,000000 - 00000111,none,2024-04-23,VDC-LIDL IRELAND L,none,-2.97,EUR,none,False
c452ac0f-5e42-4c43-a83e-b7fbd722ff67,000000 - 00000111,none,2024-04-23,VDC-IT TRALEE NORT,none,-4.7,EUR,none,False
1f2b958b-f1c5-4fd8-a1d3-9c19d21d1c90,000000 - 00000001,none,2024-04-24,VDC-IT TRALEE NORT,none,-5.5,EUR,none,False
486a7103-5bbb-409d-ad0e-e43f9a5355fd,000000 - 00000001,none,2024-04-24,VDC-LIDL IRELAND L,none,-10.02,EUR,none,False
ea1144eb-d9d4-420f-a964-ae63562dfb71,000000 - 00000111,none,2024-04-24,VDC-PEPCO 1624,none,-2.0,EUR,none,False
2439eb4b-e18a-4c74-9c88-2e6723642130,000000 - 00000111,none,2024-04-24,VDC-LIDL IRELAND L,none,-2.88,EUR,none,False
8bb9fbaa-8ed8-470c-9572-ac0b7b90215a,000000 - 00000111,none,2024-04-25,VDC-IT TRALEE NORT,none,-3.5,EUR,none,False
798786e2-31ce-44fe-9105-27a31871c17d,000000 - 00000111,none,2024-04-25,VDC-IT TRALEE NORT,none,-1.6,EUR,none,False
fd88eb9a-b3da-4ec4-8a0d-e779ab8cbfef,000000 - 00000111,none,2024-04-25,VDC-PENNEYS TRALEE,none,-5.5,EUR,none,False
20325f22-a0eb-449c-816a-b0223eee6b7b,000000 - 00000001,none,2024-04-26,VDC-SumUp  *Yusuf,none,-7.0,EUR,none,False
c56de2b5-b539-4d27-9f02-b5034ce108f1,000000 - 00000001,none,2024-04-26,VDC-LIDL IRELAND L,none,-7.58,EUR,none,False
a5d841d9-c9e7-4ac8-a4f0-ac3df85fdb90,000000 - 00000001,none,2024-04-26,VDC-IT TRALEE NORT,none,-3.1,EUR,none,False
f2980a1b-1de2-4993-becd-378b830463be,000000 - 00000001,none,2024-04-26,VDP-Spotify P2BAE2,none,-5.99,EUR,none,False
1fb2aa46-1e95-4940-8315-0067a0802cf7,000000 - 00000111,none,2024-04-26,VDC-TESCO STORES 3,none,-1.76,EUR,none,False
87698c9a-dd22-4067-91d8-73c77477361a,000000 - 00000111,none,2024-04-26,VDC-IT TRALEE NORT,none,-4.7,EUR,none,False
6170873f-51bc-4e30-b4ed-ae8e482a28fd,000000 - 00000111,none,2024-04-26,VDC-IT TRALEE NORT,none,-1.6,EUR,none,False
d6c5e590-2321-4e20-9623-a26a96ffa479,000000 - 00000001,none,2024-04-29,*MOBI 00000000,none,-15.0,EUR,none,False
34ea8e3c-f0ec-4fef-b2d1-f43a873da340,000000 - 00000111,none,2024-04-29,VDP-CITI BUS WEBSI,none,-12.5,EUR,none,False
eb131367-1acf-4e5d-ae77-705064f3dd6d,000000 - 00000111,none,2024-04-29,VDC-MC CAFFREY,none,-10.0,EUR,none,False
3d3670b2-253a-4609-9071-630879b89bdf,000000 - 00000001,none,2024-04-29,VDC-LIDL IRELAND L,none,-7.95,EUR,none,False
fc31b7d1-55ef-48a6-ac17-1c16b0e6a2b2,000000 - 00000001,none,2024-04-29,VDC-TESCO STORES 3,none,-2.75,EUR,none,False
22dea5e2-f318-492f-bfda-08db20aeae35,000000 - 00000111,none,2024-04-29,VDC-TESCO STORES 3,none,-4.64,EUR,none,False
7f71b4fc-6238-40ef-b997-0f63f1bfd1a4,000000 - 00000111,none,2024-04-29,VDC-IT TRALEE NORT,none,-4.7,EUR,none,False
646fe2ac-1142-4140-9d65-d28e9fffb68c,000000 - 00000001,none,2024-04-29,VDC-SQ *MADDENS,none,-10.6,EUR,none,False
6d4b9206-4a37-4574-a596-8be0d4b179c3,000000 - 00000001,none,2024-04-29,VDC-PENNEYS TRALEE,none,-22.0,EUR,none,False
e1ea483e-e61f-469a-8a4d-4dd7daa54839,000000 - 00000001,none,2024-04-29,VDP-shein.com,none,-29.07,EUR,none,False
ce67dc9e-7d4e-447a-8f7d-72fdedc102f6,000000 - 00000111,none,2024-04-29,VDC-MCDONALDS TRAL,none,-12.5,EUR,none,False
f01452dc-916e-40d6-b9d9-0d51b1bd6a26,000000 - 00000111,none,2024-04-29,VDC-LIDL IRELAND L,none,-5.79,EUR,none,False
e8d19d69-4fa0-4de5-a8bb-8b94835e4745,000000 - 00000111,none,2024-04-30,VDC-ZARA HENRY ST,none,-58.05,EUR,none,False
e9cdab14-f084-4db2-8e11-f4dd62055dc0,000000 - 00000111,none,2024-04-30,VDC-VS GRAFTON STR,none,-78.5,EUR,none,False
57f7518e-1a31-49f2-a0d4-01484f64854e,000000 - 00000111,none,2024-04-30,VDC-TAKARA,none,-15.8,EUR,none,False
fc6003b2-29c7-434c-8447-149c0f04cbba,000000 - 00000111,none,2024-04-30,VDC-SV ASTON QUAY,none,-5.68,EUR,none,False
5435373f-82a4-45c8-b4e4-b3a41224f228,000000 - 00000111,none,2024-04-30,VDC-PENNEYS MARY S,none,-11.0,EUR,none,False
bb8e43b0-8387-4953-9a03-e1f11e3eb3c3,000000 - 00000111,none,2024-04-30,VDC-SumUp  *Pocha,none,-6.0,EUR,none,False
6fc096dd-a7e9-4214-9bc5-09d2bf543d18,000000 - 00000111,none,2024-04-30,VDC-MCDONALDS7017,none,-3.6,EUR,none,False
fa900db5-00e6-401c-b7a2-25083780ee58,000000 - 00000111,none,2024-04-30,VDC-POLONEZ MARY S,none,-3.49,EUR,none,False
d9530882-13ce-4d20-bd14-596900ded420,000000 - 00000111,none,2024-04-30,VDC-Hansung Limite,none,-2.1,EUR,none,False
09417456-1268-40df-9e9a-475077251b57,000000 - 00000111,none,2024-04-30,VDC-BERSHKA JERVIS,none,-5.99,EUR,none,False
63b8e260-3e2a-4ef5-ac77-f69d07c5bd06,000000 - 00000111,none,2024-04-30,VDP-CITI BUS WEBSI,none,-12.5,EUR,none,False
0b90252d-63ca-4b26-8e6d-a9fed97a99b9,000000 - 00000001,none,2024-04-30,VDC-RYLES PHARMACY,none,-4.5,EUR,none,False
1fe105cf-f09c-4f5c-bd95-1bed67f5eb3e,000000 - 00000111,none,2024-04-30,VDC-MARKS & SPENCE,none,-17.0,EUR,none,False
345e27c1-1485-4ae0-99fe-623b4acfad22,000000 - 00000111,none,2024-05-01,VDC-IT TRALEE NORT,none,-4.7,EUR,none,False
1b4e7fb0-d65e-4cf0-9cee-7c6aa6d4bd19,000000 - 00000001,none,2024-05-01,VDC-SUMUP  *BAD GR,none,-19.99,EUR,none,False
8fc353e8-36b0-4d03-b852-9e476dbbbd20,000000 - 00000001,none,2024-05-01,VDC-PEPCO 1624,none,-6.8,EUR,none,False
8782c8c0-8830-49e7-9a87-2d1ba1b39b69,000000 - 00000001,none,2024-05-01,VDP-COMPLETESAVE.I,none,-15.0,EUR,none,False
0a9d9583-3b93-42f3-bb81-681d0f351f52,000000 - 00000111,none,2024-05-01,VDC-DUNNES TRALEE,none,-21.88,EUR,none,False
4d7db337-65a0-4554-b9c9-1767b28cc281,000000 - 00000111,none,2024-05-01,VDC-IT TRALEE NORT,none,-4.2,EUR,none,False
3071b7fa-ed5f-47f3-8203-9e9682f31800,000000 - 00000001,none,2024-05-01,NA CHAI,none,10.0,EUR,none,False
58997233-151c-423f-8ba2-a38fd6843d15,000000 - 00000001,none,2024-05-01,ALLA HARVEN,none,200.0,EUR,none,False
8dfa49f3-492c-4ad1-9d20-edcd2d1b9875,000000 - 00000111,none,2024-05-02,VDP-Zara.com,none,67.95,EUR,none,False
cc3598ca-2ca2-40bf-abcf-1ce679b2e152,000000 - 00000111,none,2024-05-02,VDC-TESCO STORES 3,none,-0.88,EUR,none,False
dc463fa4-e295-49b9-8db7-e084f6b59487,000000 - 00000111,none,2024-05-02,VDC-PEPCO 1624,none,-2.15,EUR,none,False
f807a914-bf05-4be9-a962-0e41551a36d8,000000 - 00000111,none,2024-05-02,VDC-LIDL IRELAND L,none,-18.29,EUR,none,False
558ca658-7343-40aa-a31f-53665153a05f,000000 - 00000111,none,2024-05-02,VDC-LIDL IRELAND L,none,-3.97,EUR,none,False
fa1e52f1-26a3-414b-86df-383723064534,000000 - 00000111,none,2024-05-02,VDC-DUNNES TRALEE,none,-2.2,EUR,none,False
f7dc8a42-a393-44d5-a04a-5d3e7ec3df69,000000 - 00000001,none,2024-05-02,VDP-shein.com,none,-19.8,EUR,none,False
c63e892c-4771-49fa-8fcd-3755c53751b5,000000 - 00000111,none,2024-05-02,VDC-ALDI 105 873,none,-3.96,EUR,none,False
80d9ba95-b3e4-4d6e-85bf-1ef64bb428f1,000000 - 00000001,none,2024-05-03,VDC-SumUp  *Yusuf,none,-3.5,EUR,none,False
7504c1a9-5b88-4ea1-b10c-0f8b50dedc1f,000000 - 00000001,none,2024-05-03,VDC-LIDL IRELAND L,none,-3.26,EUR,none,False
a250038a-441a-4a3e-be7d-775bd5c9e22c,000000 - 00000111,none,2024-05-03,VDC-LIDL IRELAND L,none,-2.19,EUR,none,False
b3de64e2-7b74-4cd1-858d-3f47c405a4aa,000000 - 00000111,none,2024-05-03,VDC-ALDI 105 873,none,-0.99,EUR,none,False
b762a894-aecd-4e55-99e9-57a19184d484,000000 - 00000111,none,2024-05-03,VDP-VESTA  *EIR TO,none,-20.0,EUR,none,False
2da20306-d24d-40f0-8720-2e6e2e58bccb,000000 - 00000001,none,2024-05-07,VDC-MCDONALDS TRAL,none,-10.0,EUR,none,False
18de734f-5ce8-4d4b-bc7f-9989cdd45dc1,000000 - 00000111,none,2024-05-07,VDC-LIDL IRELAND L,none,-2.78,EUR,none,False
176422ab-a7e5-446c-bac6-7d5ced1e2a20,000000 - 00000111,none,2024-05-07,VDC-DUNNES TRALEE,none,-0.79,EUR,none,False
d34e33a8-fc91-4717-9fba-54d7d5a82309,000000 - 00000111,none,2024-05-07,VDP-LEAP CARD APP,none,-5.0,EUR,none,False
586135fa-7831-4fd0-bd2b-b3cafb36de88,000000 - 00000111,none,2024-05-07,ZA MOLOKO,none,2.0,EUR,none,False
c682c784-c58f-4bc9-874d-3f7dad7b9fdb,000000 - 00000001,none,2024-05-07,VDC-TESCO STORES 3,none,-6.4,EUR,none,False
c64699f0-2427-4a9c-9e04-2a235255ca91,000000 - 00000001,none,2024-05-07,VDC-PEPCO 1624,none,-3.5,EUR,none,False
0d612113-932c-4e9c-a7c4-d004168010f5,000000 - 00000001,none,2024-05-07,VDC-TESCO STORES 3,none,-1.5,EUR,none,False
c4d8b9d6-3a66-4c4f-a3ec-361ff3f84bd8,000000 - 00000001,none,2024-05-07,VDC-T K MAXX,none,-9.99,EUR,none,False
29193b5a-a0f5-411c-8daa-3e8979ccfec0,000000 - 00000001,none,2024-05-07,VDC-SUMUP  *MIKES,none,-11.9,EUR,none,False
e8de1159-27bb-437d-b9bc-c66e3b42b42f,000000 - 00000111,none,2024-05-07,VDC-TESCO STORES 3,none,-1.0,EUR,none,False
3d514327-8ff8-4be0-a025-1f50b50b2204,000000 - 00000001,none,2024-05-07,VDC-PEPCO 1624,none,-4.25,EUR,none,False
8b1db62a-9611-466b-a7a4-27d3bcdbf0e5,000000 - 00000001,none,2024-05-07,VDC-DUNNES HORAN C,none,-1.09,EUR,none,False
a9cf8cd2-380f-4c18-b893-fe2ec4d5d19c,000000 - 00000001,none,2024-05-07,VDC-THE RANGE,none,-3.9,EUR,none,False
d1c6086a-502b-4029-9dd8-cb878fb2dc6c,000000 - 00000111,none,2024-05-07,VDC-TESCO STORES 3,none,-1.05,EUR,none,False
920ce168-5312-466c-879a-7c4be1caf170,000000 - 00000111,none,2024-05-07,VDC-ALDI 105 873,none,-4.62,EUR,none,False
d425a098-00bd-4875-924f-24032d154f83,000000 - 00000111,none,2024-05-08,VDC-IT TRALEE NORT,none,-4.7,EUR,none,False
e99f97bc-7e29-4c81-b0f7-dfbe167a25b3,000000 - 00000111,none,2024-05-08,VDP-VESTA  *EIR TO,none,-20.0,EUR,none,False
b6ff1e75-282c-4210-a21f-a76dbc8a05c5,000000 - 00000001,none,2024-05-08,VDC-PEWEX,none,-8.06,EUR,none,False
259efe1a-e15a-452f-9902-6107e48947c4,000000 - 00000111,none,2024-05-09,VDC-PEWEX,none,-4.47,EUR,none,False
a93e6fb4-ac50-404f-a8ae-ee2bb4e41f62,000000 - 00000111,none,2024-05-09,VDC-IT TRALEE NORT,none,-1.6,EUR,none,False
04b1d2cd-1fa6-4688-bb88-0efc9f7f3112,000000 - 00000111,none,2024-05-09,T00000044,SCHOLARSHIP,0.0,EUR,none,False
026e0629-e847-41a6-aeb4-9ab747bf422d,000000 - 00000001,none,2024-05-09,T00000022,SCHOLARSHIP,0.0,EUR,none,False
03de0961-4d89-4492-9200-bc194c66efad,000000 - 00000111,none,2024-05-09,VDC-LIDL IRELAND L,none,-6.12,EUR,none,False
93a886f0-caf5-451a-bf7f-77ac7613ea54,000000 - 00000111,none,2024-05-10,VDC-DUNNES TRALEE,none,-7.49,EUR,none,False
1479764c-2b5d-44f6-b230-7e1abef9cd42,000000 - 00000111,none,2024-05-10,VDC-IT TRALEE NORT,none,-4.7,EUR,none,False
045ad7ba-6b64-4953-b2e5-ef50b52513df,000000 - 00000111,none,2024-05-13,VDC-DUNNES HORAN C,none,-3.15,EUR,none,False
f4d1743b-9838-48d4-9392-c24dd8bf8951,000000 - 00000111,none,2024-05-13,VDP-LEAP CARD APP,none,-5.0,EUR,none,False
dbde1000-b049-4868-84d0-cf7c369e6a99,000000 - 00000111,none,2024-05-13,VDC-LIDL IRELAND L,none,-3.99,EUR,none,False
d5043b56-1f56-40ac-8eea-b92c13600155,000000 - 00000111,none,2024-05-13,VDC-IT TRALEE NORT,none,-1.6,EUR,none,False
c1be9eb7-fe57-41bb-8031-2968458b7710,000000 - 00000111,none,2024-05-13,VDC-THE SOUTH POLE,none,-6.5,EUR,none,False
3e19ac5d-c014-4be9-8dd2-f9c1f0f3e375,000000 - 00000111,none,2024-05-13,VDC-THE COIN OFF L,none,-8.0,EUR,none,False
d06c5f0f-cc94-4146-8cd7-e608b50c013f,000000 - 00000111,none,2024-05-13,VDC-SAM MC CAULEY,none,-25.0,EUR,none,False
3fe49b40-1172-491f-8882-3865420643bf,000000 - 00000111,none,2024-05-13,VDC-SumUp  *Ocean,none,-9.0,EUR,none,False
77ad12bd-38c2-4a5d-9e53-26f3ad9c343f,000000 - 00000111,none,2024-05-13,VDC-MCDONALDS TRAL,none,-10.3,EUR,none,False
87c8e447-1fe3-43c7-ab17-173c3bab9fb1,000000 - 00000111,none,2024-05-13,VDC-MC CAFFREY,none,-10.0,EUR,none,False
ce0b9444-1d31-4450-a962-59a96b3a554a,000000 - 00000111,none,2024-05-13,VDC-CAHILLS SUPERV,none,-2.49,EUR,none,False
cadf966c-24ec-481e-8a7a-a97b11b7dba5,000000 - 00000111,none,2024-05-13,VDC-ALDI 105 873,none,-9.55,EUR,none,False
579e5b13-282a-4970-84cd-2a6ea6b8ca82,000000 - 00000111,none,2024-05-13,VDP-LEAP CARD APP,none,-15.0,EUR,none,False
81c68d98-a293-4954-a9cf-08e24bfd204b,000000 - 00000001,none,2024-05-13,ATM TRALEE   B,13MAY24 TIME 12:35,-700.0,EUR,none,False
c4896f09-7d52-456d-bb11-d23d31090277,000000 - 00000001,none,2024-05-13,VDC-PENNEYS TRALEE,none,-4.0,EUR,none,False
71bcf733-46c2-4c07-bcbe-0c1c6c77a5b0,000000 - 00000001,none,2024-05-13,VDC-Pandora,none,-94.0,EUR,none,False
712de33f-0c8d-4d7e-b7fd-e93cf9baed42,000000 - 00000001,none,2024-05-13,VDC-OFF BEAT DONUT,none,-8.0,EUR,none,False
1ca167f6-a446-4e4c-b09f-8b1097fd3cd9,000000 - 00000001,none,2024-05-13,VDC-LIDL IRELAND L,none,-5.82,EUR,none,False
05385098-0d59-44c5-969e-097e739336cb,000000 - 00000001,none,2024-05-13,VDC-LIDL IRELAND L,none,-0.78,EUR,none,False
1b2bf27f-2fbd-4387-9caa-7491d725ad34,000000 - 00000111,none,2024-05-13,VDC-LIDL IRELAND L,none,-0.99,EUR,none,False
e7f960c1-c7ff-44af-b1b1-5be2d8ac56a6,000000 - 00000001,none,2024-05-13,VDP-IRISH RAIL 613,none,-36.8,EUR,none,False
e679f997-c9c1-43b3-b4bd-3316edcbc9f7,000000 - 00000001,none,2024-05-13,VDP-IRISH RAIL 648,none,-6.6,EUR,none,False
edc5be1e-88d2-4938-bce7-5b46be5eaf40,000000 - 00000001,none,2024-05-13,VDC-AKIRA,none,-48.1,EUR,none,False
f7df9633-c350-4911-bc18-5a8c57495bba,000000 - 00000001,none,2024-05-13,VDC-IRISH RAIL COB,none,-7.8,EUR,none,False
87be282f-6210-4018-84f8-55353a549bcc,000000 - 00000001,none,2024-05-14,VDC-LIDL IRELAND L,none,-0.85,EUR,none,False
d854b566-1d90-45a3-87fe-7c4e7a4bc4b8,000000 - 00000111,none,2024-05-14,VDC-LIDL IRELAND L,none,-5.44,EUR,none,False
8eda12f2-8bf4-46a2-95a9-67d79cfea82c,000000 - 00000111,none,2024-05-15,VDC-TURNERS BAR,none,-15.0,EUR,none,False
aa21f621-af8b-40a6-b8ca-480d347f288a,000000 - 00000001,none,2024-05-15,*MOBI 10087096,none,-10.0,EUR,none,False
0b82628e-2000-402e-bff5-2d83c0f8f92a,000000 - 00000111,none,2024-05-15,*MOBI CURRENT-012,none,10.0,EUR,none,False
e377c236-2785-426d-83cc-95f0e15a90a0,000000 - 00000111,none,2024-05-15,VDC-ALDI 105 873,none,-3.08,EUR,none,False
9d22fe86-6638-4894-8ad0-041d6d791f16,000000 - 00000111,none,2024-05-15,VDC-MCDONALDS TRAL,none,-10.6,EUR,none,False
8333d18c-9eca-4b23-9016-cb42c28971a6,000000 - 00000111,none,2024-05-15,VDC-T K MAXX,none,-27.98,EUR,none,False
0a9f1900-8ef9-42f3-834b-66ddfd023cf4,000000 - 00000111,none,2024-05-15,VDC-THE COIN OFF L,none,-16.0,EUR,none,False
e8e9e95c-d567-4f38-aa1d-3b77649032f1,000000 - 00000111,none,2024-05-15,VDC-TURNERS BAR,none,-5.0,EUR,none,False
032630f1-a1a6-442d-acc5-8fe8df93bf83,000000 - 00000111,none,2024-05-15,ZA PINA,none,10.0,EUR,none,False
85f64865-892c-463a-891d-56288e9580f1,000000 - 00000111,none,2024-05-15,VDC-IT TRALEE NORT,none,-1.6,EUR,none,False
28cafdd2-c2a7-4ffc-8103-022136315057,000000 - 00000001,none,2024-05-16,*MOBI  TOP-UP,000000007,-20.0,EUR,none,False
cf753f5f-63be-4a76-982a-813e8ceeecca,000000 - 00000001,none,2024-05-16,ALLA HARVEN,none,22.0,EUR,none,False
2bc6da4a-1662-4c5d-b41e-5446f352af57,000000 - 00000001,none,2024-05-16,VDP-H  M Hennes  M,none,-78.98,EUR,none,False
42d4f2a7-0846-42ef-827c-6b4d5858ca28,000000 - 00000111,none,2024-05-16,VDC-TESCO STORES 3,none,-2.76,EUR,none,False
b73c9912-73af-45d3-9537-4f6b8d3a13dc,000000 - 00000111,none,2024-05-16,VDC-LIDL IRELAND L,none,-11.88,EUR,none,False
172f1e95-bdde-447c-9bf3-4791753113a0,000000 - 00000111,none,2024-05-17,VDC-DUNNES TRALEE,none,-2.5,EUR,none,False
c5a83fb4-cf68-4386-a447-4e8a942bf0b1,000000 - 00000111,none,2024-05-17,VDC-DUNNES TRALEE,none,-5.04,EUR,none,False
d392954d-b6fb-4406-80df-c511916582a1,000000 - 00000111,none,2024-05-17,VDC-LIDL IRELAND L,none,-4.37,EUR,none,False
773719a2-340e-4cde-a91d-e48156da3ca0,000000 - 00000001,none,2024-05-17,VDP-LEAP CARD APP,none,-5.0,EUR,none,False
003f8fb2-69ce-4567-b79c-fbf8e13f30ef,000000 - 00000001,none,2024-05-17,VDP-LEAP CARD APP,none,-5.0,EUR,none,False
7a8ab22b-7696-4ca4-a17f-c2dffc72c87a,000000 - 00000001,none,2024-05-17,VDP-UBER   *EATS,none,-31.87,EUR,none,False
79427454-a1fc-4b62-90ab-cc6d510708ad,000000 - 00000001,none,2024-05-20,VDC-TAMARIND,none,-11.5,EUR,none,False
0ed866c4-f741-4377-9e42-fb7fe6a13571,000000 - 00000001,none,2024-05-20,VDC-MR PRICE,none,-7.65,EUR,none,False
952b2f1b-e707-4b4c-a6ce-8e44445dc197,000000 - 00000001,none,2024-05-20,VDC-MERCURY FOOD D,none,-8.99,EUR,none,False
55fa5e16-b9e5-4086-bfc5-84534e2f9caa,000000 - 00000001,none,2024-05-20,VDC-LIDL IRELAND L,none,-26.38,EUR,none,False
74ad11a4-ab29-419b-a06e-43cd183e5db6,000000 - 00000001,none,2024-05-20,VDC-AN POST-OFFICE,none,-10.0,EUR,none,False
7f2de5de-6241-4204-80f1-e866d5686a1f,000000 - 00000001,none,2024-05-20,VDC-AN POST-OFFICE,none,-10.0,EUR,none,False
e8ab71dd-69ca-441b-986d-af56ddd926bb,000000 - 00000001,none,2024-05-20,VDC-TESCO STORES,none,-1.5,EUR,none,False
98357aae-78a4-4ef0-bc0e-506ed828380b,000000 - 00000001,none,2024-05-20,VDC-AN POST-OFFICE,none,-1.2,EUR,none,False
5346dd3a-27c0-4be8-9f14-66d754dc2ff0,000000 - 00000001,none,2024-05-20,*ATMLDG TRALEE   C,Card ending: 6180,100.0,EUR,none,False
c325ccfd-5de7-4bb5-bd94-066e489e0dad,000000 - 00000001,none,2024-05-20,VDC-CARD WORLD,none,-2.99,EUR,none,False
dded2eaf-d6cd-4081-b273-5fbcd67bc1b4,000000 - 00000001,none,2024-05-20,VDC-THE COIN OFF L,none,-2.25,EUR,none,False
6b87c53a-6ba0-4daf-93bb-912897b8bf0c,000000 - 00000001,none,2024-05-20,VDC-SumUp  *Yusuf,none,-3.5,EUR,none,False
d19f9c47-e754-4d82-aad3-4a6898fa5198,000000 - 00000111,none,2024-05-20,VDC-GARVEYS SUPERV,none,-4.49,EUR,none,False
3ce8ed12-9216-4c34-9f8a-e3cc77021c8a,000000 - 00000111,none,2024-05-20,VDC-LIDL IRELAND L,none,-0.79,EUR,none,False
2a3c8984-69c9-4ca9-a83a-3824070c5dde,000000 - 00000111,none,2024-05-20,VDC-LIDL IRELAND L,none,-4.17,EUR,none,False
7e7bf9e8-80db-4086-a39e-19f7a7a9d9f8,000000 - 00000111,none,2024-05-20,VDC-LIDL IRELAND L,none,-4.24,EUR,none,False
638b0a15-dda5-49ca-8bf9-c5c6e2231bd3,000000 - 00000111,none,2024-05-20,VDC-PEPCO 1624,none,-2.8,EUR,none,False
9661e36e-6f82-4e11-9c02-96ee7c25cf08,000000 - 00000111,none,2024-05-20,VDC-TESCO STORES 3,none,-7.24,EUR,none,False
97e1d2cb-a697-4295-865e-6ba02ee5de92,000000 - 00000111,none,2024-05-20,VDC-TESCO STORES 3,none,-7.5,EUR,none,False
a6230aa6-4779-4641-9a34-6c96fe7b5a58,000000 - 00000111,none,2024-05-20,VDC-THE COIN OFF L,none,-8.0,EUR,none,False
87d548ea-c9ae-4833-b6b2-9f4af260925f,000000 - 00000111,none,2024-05-20,VDP-TRALEE OMNIPLE,none,-24.0,EUR,none,False
d1817ff0-8ba9-4957-8c3e-84009597632b,000000 - 00000001,none,2024-05-21,VDP-SBB CFF FFS Mo,15.60 CHF@,-16.32,EUR,none,False
0f5bd85b-ec1a-4a5d-8d66-9a32f27e3966,000000 - 00000001,none,2024-05-21,VDP-SBB CFF FFS Mo,29.40 CHF@,-30.42,EUR,none,False
fca202da-b634-4220-a416-3f012e4b1053,000000 - 00000001,none,2024-05-21,VDP-SBB CFF FFS Mo,39.00 CHF@,-40.35,EUR,none,False
d97df6ed-8c5b-4661-80bd-775e7ef28c57,000000 - 00000001,none,2024-05-21,VDP-SBB CFF FFS Mo,63.20 CHF@,-65.39,EUR,none,False
ef8e3997-a306-4062-8770-59b39da92061,000000 - 00000111,none,2024-05-22,VDP-IRISH RAIL 650,none,-9.99,EUR,none,False
d74ac022-1c3d-46d6-823f-a9f8401ff4b5,000000 - 00000111,none,2024-05-22,*MOBI TICKEY,none,-11.0,EUR,none,False
3ea53af5-24d1-41cd-9af0-fc1f39b80487,000000 - 00000111,none,2024-05-22,VDC-LIDL IRELAND L,none,-4.29,EUR,none,False
817d05e4-93dc-484b-b918-ce5ab1076e6d,000000 - 00000111,none,2024-05-22,VDC-SAM MC CAULEY,none,-2.95,EUR,none,False
2cf6bb0a-e06d-46e7-99a5-54125635b5bb,000000 - 00000111,none,2024-05-22,VDC-TESCO STORES 3,none,-2.64,EUR,none,False
b7504714-ea70-42dd-be76-687cbbb08c0b,000000 - 00000111,none,2024-05-22,VDC-LIDL IRELAND L,none,-0.99,EUR,none,False
af79600d-a1b3-4cd1-87a5-42d86585584e,000000 - 00000111,none,2024-05-22,VDC-DUNNES TRALEE,none,-12.99,EUR,none,False
ad0b07f2-47e7-429b-8088-f628ef698e67,000000 - 00000001,none,2024-05-22,*ATMLDG TRALEE   C,Card ending: 6180,300.0,EUR,none,False
eb63e428-8db1-4146-bdd9-8d5ccc16b233,000000 - 00000001,none,2024-05-22,VDP-FLIBCO* SHUTTL,none,-39.98,EUR,none,False
1c249584-2dc9-4e33-b44e-8c91f8a3122e,000000 - 00000001,none,2024-05-23,VDC-LIDL IRELAND L,none,-2.5,EUR,none,False
1f071f68-c635-41cf-bf4e-400b5fb6a321,000000 - 00000001,none,2024-05-23,VDC-DUNNES TRALEE,none,-2.99,EUR,none,False
e0aaeb1b-bbbc-4995-9a8e-676d0e959d02,000000 - 00000111,none,2024-05-23,VDP-LEAP CARD APP,none,-10.0,EUR,none,False
ecb7eecb-a5a4-4834-b854-e14df9442fe9,000000 - 00000111,none,2024-05-23,VDC-BUTTER BUBBLE,none,-5.7,EUR,none,False
37873b88-8973-4fcb-9fc5-df2c4ab568b3,000000 - 00000111,none,2024-05-23,VDC-Mr Bells Engli,none,-0.6,EUR,none,False
2d283212-3716-407e-8cc3-4be48f078a96,000000 - 00000111,none,2024-05-23,VDC-SEASALT CAFE A,none,-17.8,EUR,none,False
15418b16-7c7b-4969-beb8-3b6c9736c045,000000 - 00000111,none,2024-05-23,VDC-TOM STANLEY,none,-2.65,EUR,none,False
5ddf53f7-9eac-475c-ad65-f34e751872ae,000000 - 00000001,none,2024-05-24,VDP-SBB CFF FFS Mo,7.20 CHF@,-7.74,EUR,none,False
b3b99c01-4093-4336-90f5-22440e051804,000000 - 00000111,none,2024-05-24,VDC-C.H.CHEMISTS,none,-34.0,EUR,none,False
0701c835-79e0-4dd8-8615-db3637f57ca5,000000 - 00000111,none,2024-05-24,VDC-GARVEYS SUPERV,none,-3.85,EUR,none,False
4366e376-9153-45de-bc2b-edce14ef04be,000000 - 00000111,none,2024-05-24,VDC-LIDL IRELAND L,none,-6.66,EUR,none,False
ff53573c-7c28-4125-9e40-a602a9e3e9b2,000000 - 00000111,none,2024-05-24,VDC-PEPCO 1624,none,-2.0,EUR,none,False
91f40046-7ca5-4d5c-a51f-ee47b9161f74,000000 - 00000001,none,2024-05-27,VDC-Best Worscht i,none,-8.4,EUR,none,False
11204985-4f55-468f-af33-5891bce9e040,000000 - 00000001,none,2024-05-27,*MOBI  TOP-UP,000000007,-20.0,EUR,none,False
77a1af23-b0bf-4d50-8068-44139acc5fe4,000000 - 00000001,none,2024-05-27,VDP-Spotify P2C79A,none,-5.99,EUR,none,False
6458ae0d-157f-4fb1-9091-73d6fc31e984,000000 - 00000001,none,2024-05-27,VDC-KIKO MILANO,none,-62.45,EUR,none,False
3eb36d64-91d2-4e5e-b833-a8ab302f6171,000000 - 00000001,none,2024-05-27,VDC-METROPOLITAN H,none,-8.0,EUR,none,False
74d79883-fecc-4d54-892b-8560b773432e,000000 - 00000001,none,2024-05-27,VDC-REWE Frankfurt,none,-10.38,EUR,none,False
0783f260-1191-470d-950e-e4e398490b4e,000000 - 00000001,none,2024-05-27,VDC-Stadtwerke Ver,none,-3.65,EUR,none,False
a38271d8-5f8a-461d-8126-8ef1238b8845,000000 - 00000001,none,2024-05-27,VDC-Stadtwerke Ver,none,-3.65,EUR,none,False
b230deff-9317-445c-8df8-9f8034f58f1d,000000 - 00000001,none,2024-05-27,VDC-Swisstaste,27.80 CHF@,-28.62,EUR,none,False
7e97132b-347f-4f3d-9c82-bb644444453e,000000 - 00000001,none,2024-05-27,VDC-THE ALLEY FRAN,none,-11.5,EUR,none,False
19adcb22-ebdb-445d-9842-213abe9eda0c,000000 - 00000111,none,2024-05-27,VDC-KIRBYS BROGUE,none,-7.8,EUR,none,False
e1e848b3-fb3b-4ab2-b5a4-e18456bf0503,000000 - 00000111,none,2024-05-27,VDC-LIDL IRELAND L,none,-4.58,EUR,none,False
c85c9356-af9a-412c-8adb-08f68b790234,000000 - 00000111,none,2024-05-27,VDC-ALDI 105 873,none,-7.09,EUR,none,False
ea8af9a6-84b5-4672-bcae-d8d507fec02b,000000 - 00000111,none,2024-05-27,VDC-LIDL IRELAND L,none,-16.82,EUR,none,False
af94caba-cbe2-45f2-bf70-40d1d6b5b1c7,000000 - 00000111,none,2024-05-27,VDC-MERCURY FOOD D,none,-19.88,EUR,none,False
0741f291-9561-4ad8-a470-b84660dd2b82,000000 - 00000001,none,2024-05-27,VDC-CANVERO Access,none,-5.99,EUR,none,False
05e1e2c7-8498-47e1-b613-d62ad8398489,000000 - 00000001,none,2024-05-27,VDC-MCDONALD S DEU,none,-14.48,EUR,none,False
682b9f07-4c52-43aa-942f-951dcb4877ca,000000 - 00000111,none,2024-05-28,VDC-LIDL IRELAND L,none,-5.26,EUR,none,False
3fcb3d72-f08b-45f2-acd0-e16122dd3a66,000000 - 00000111,none,2024-05-28,VDC-T K MAXX,none,-17.99,EUR,none,False
b8cafe84-73e3-4b5a-a4a3-f4947ee65424,000000 - 00000111,none,2024-05-28,VDC-TESCO STORES 3,none,-3.0,EUR,none,False
aa51eb88-237a-4f90-871c-44bcd6e05bb0,000000 - 00000111,none,2024-05-28,VDC-EUROGIANT TRAL,none,-1.5,EUR,none,False
12ba7dec-674c-4a9d-b271-64586cce9aaa,000000 - 00000001,none,2024-05-28,VDC-MCDONALDS 0165,none,-8.88,EUR,none,False
3153690c-ac74-4f3d-af04-b5cf7369c3bf,000000 - 00000111,none,2024-05-29,VDC-ALDI 105 873,none,-3.24,EUR,none,False
0e669512-783f-41b6-a50d-03bb24bf6571,000000 - 00000111,none,2024-05-29,VDC-SQ *MADDENS,none,-4.8,EUR,none,False
3485c384-9eab-41f7-8d10-2c8147de738f,000000 - 00000001,none,2024-05-29,VDC-SQ *MADDENS,none,-5.2,EUR,none,False
91cf57a9-e954-404e-ba69-1707863eabd1,000000 - 00000001,none,2024-05-29,VDC-LIDL IRELAND L,none,-2.15,EUR,none,False
19e1cf01-e821-44fb-afd1-cf20b09e1367,000000 - 00000111,none,2024-05-29,VDC-LIDL IRELAND L,none,-0.44,EUR,none,False
ced83393-7e96-4849-a8c2-cc0d0cda216b,000000 - 00000111,none,2024-05-30,VDC-TESCO STORES 3,none,-2.17,EUR,none,False
d2031380-b98c-41a7-9746-7ef314b5d0d7,000000 - 00000001,none,2024-05-30,ALLA HARVEN,none,100.0,EUR,none,False
d48e5a9c-cd56-4676-903d-37f73dd2ee32,000000 - 00000111,none,2024-05-30,VDP-ELECTRIC IRELA,none,-308.98,EUR,none,False
86a2f93d-f967-4b43-b671-10c870c9fdd3,000000 - 00000001,none,2024-05-31,VDP-COMPLETESAVE.I,none,-15.0,EUR,none,False
5227cabe-e134-48b5-bbc3-6924caa78dfc,000000 - 00000001,none,2024-05-31,ALLA HARVEN,none,20.0,EUR,none,False
4cb548e3-f391-4264-9c7b-d318ee29fa07,000000 - 00000001,none,2024-05-31,VDC-DUNNES TRALEE,none,-13.79,EUR,none,False
bf1317fd-5775-40f2-9a67-d35d3e82ed65,000000 - 00000001,none,2024-05-31,VDC-LIDL IRELAND L,none,-0.85,EUR,none,False
c88dba52-ec01-4e98-99ac-b2d2518c765a,000000 - 00000001,none,2024-05-31,VDC-LIDL IRELAND L,none,-8.68,EUR,none,False
4a7836dc-6a6e-4c86-9804-f2686f7a50fe,000000 - 00000111,none,2024-05-31,VDC-LIDL IRELAND L,none,-1.39,EUR,none,False
a679ea94-483b-422f-8804-eac814682bf0,000000 - 00000111,none,2024-05-31,VDP-VESTA  *EIR TO,none,-20.0,EUR,none,False
ccf57ebd-e99a-4e2c-b8b3-e319fa03f243,000000 - 00000111,none,2024-05-31,VDP-shein.com,none,-58.82,EUR,none,False
a56e389c-6d35-424b-8483-b35b87a92402,000000 - 00000001,none,2024-06-04,VDP-LEAP CARD APP,none,-5.0,EUR,none,False
45eb77b8-85b5-4eda-8a24-1f669f86d3a3,000000 - 00000001,none,2024-06-04,VDP-Temu.com,none,-36.1,EUR,none,False
ce9bf9d7-6677-4dd2-8d4d-95759a1d1ea7,000000 - 00000001,none,2024-06-04,VDC-APPLEGREEN TRA,none,-3.6,EUR,none,False
be859be9-4db5-4139-955b-b15f695c2f72,000000 - 00000001,none,2024-06-04,VDC-LIDL IRELAND L,none,-7.18,EUR,none,False
9661362e-8ec9-47c4-9207-af8bf3ef63a7,000000 - 00000001,none,2024-06-04,VDC-LIDL IRELAND L,none,-16.24,EUR,none,False
d4093fe1-72dd-4bfe-8f50-a2d2dd06db03,000000 - 00000001,none,2024-06-04,VDC-MR MC GUIRES O,none,-4.78,EUR,none,False
e003dcfc-a18d-4d31-82bf-d4461f652963,000000 - 00000001,none,2024-06-04,VDC-PENNEYS TRALEE,none,-72.3,EUR,none,False
90bd590f-8434-4096-98c4-284ce4e9ef1d,000000 - 00000001,none,2024-06-04,VDC-PEPCO 1624,none,-1.5,EUR,none,False
9132a70e-df58-49b3-98b5-8fa0d71413d8,000000 - 00000001,none,2024-06-04,VDC-SumUp  *Yusuf,none,-9.99,EUR,none,False
426d8dfc-c480-4482-baf3-52033321ae37,000000 - 00000111,none,2024-06-04,VDC-PEPCO 1624,none,-4.0,EUR,none,False
34cb0ac1-86f8-4e72-889a-afc9b2e71ecd,000000 - 00000111,none,2024-06-04,VDC-TESCO STORES 3,none,-3.99,EUR,none,False
6350396b-72f1-44ef-a1b1-33616b691d6c,000000 - 00000111,none,2024-06-04,VDP-LEAP CARD APP,none,-15.0,EUR,none,False
1ade5f35-81fe-42e7-88d9-95653ab6aab1,000000 - 00000111,none,2024-06-04,VDC-GARVEYS SUPERV,none,-18.19,EUR,none,False
687d1a61-e7e9-432b-88b1-199495908429,000000 - 00000111,none,2024-06-04,VDC-HENNESSY'S BAR,none,-8.8,EUR,none,False
ff9d6b6f-eebe-4229-855e-6b1c09d9ad04,000000 - 00000111,none,2024-06-04,VDC-HENNESSY'S BAR,none,-19.5,EUR,none,False
63b04ec9-a346-4030-b95a-fac5426d7781,000000 - 00000111,none,2024-06-04,VDC-JOHN BENNYS PU,none,-32.0,EUR,none,False
3ab59c3b-7c68-4a0c-849a-eac9ed66c515,000000 - 00000111,none,2024-06-04,VDC-LIDL IRELAND L,none,-4.73,EUR,none,False
446fe826-fd31-4109-9af0-cae3869b8335,000000 - 00000111,none,2024-06-04,VDC-LIDL IRELAND L,none,-18.74,EUR,none,False
c4b1f472-02b4-476f-84c9-ca290be0f679,000000 - 00000111,none,2024-06-04,VDC-Murphys Ice Cr,none,-6.0,EUR,none,False
97cd9149-1d8e-4124-8612-236e30709cbd,000000 - 00000001,none,2024-06-04,VDC-T K MAXX,none,-26.98,EUR,none,False
af4587b6-9e56-484a-9a46-456979a6b580,000000 - 00000111,none,2024-06-04,VDC-CORRIB OIL TRA,none,-1.5,EUR,none,False
7541855b-1e91-4baa-ac64-af5f345afe64,000000 - 00000111,none,2024-06-05,KATERYNA TUDURIAN,none,20.0,EUR,none,False
34a42af1-6999-4977-9a01-cb6c06f1a85b,000000 - 00000001,none,2024-06-05,VDC-SUPERVALU GARV,none,-3.0,EUR,none,False
15aeba6f-f066-474d-b067-3808457ce80c,000000 - 00000111,none,2024-06-05,VDP-Vesta EIR TopU,none,-20.0,EUR,none,False
feb16000-a237-469e-adfa-3ed7f11e17aa,000000 - 00000111,none,2024-06-05,VDC-MCDONALDS TRAL,none,-11.2,EUR,none,False
64f787ea-be14-464b-a843-22194d7440b8,000000 - 00000111,none,2024-06-05,VDC-LIDL IRELAND L,none,-3.96,EUR,none,False
bce375d4-c1a3-4e1f-a325-bdc11d5cb3a1,000000 - 00000001,none,2024-06-05,VDP-LEAP CARD APP,none,-5.0,EUR,none,False
60a38ae4-4535-4f0e-a106-62b856260203,000000 - 00000111,none,2024-06-06,VDC-BUTTER BUBBLE,none,-10.3,EUR,none,False
6fd5cc92-c721-442a-9209-03406701996a,000000 - 00000001,none,2024-06-06,VDP-LEAP CARD APP,none,-20.0,EUR,none,False
2ba582e8-7c7c-4250-bc7e-1158a8d8e34c,000000 - 00000111,none,2024-06-06,VDC-SAKURA JAPANES,none,-35.79,EUR,none,False
e93e1199-0cff-436f-b529-e51bbc2b6634,000000 - 00000111,none,2024-06-06,VDC-MC CAFFREY,none,-10.0,EUR,none,False
b9e6176c-6a58-4e33-958a-94d5eec5e288,000000 - 00000111,none,2024-06-06,VDC-LIDL IRELAND L,none,-3.54,EUR,none,False
1fdbc079-8aed-4186-955f-00cf67ed90cf,000000 - 00000001,none,2024-06-06,VDC-SUPERVALU GARV,none,-7.25,EUR,none,False
6b2197cb-a54d-4345-b4b4-3dea1e3094d3,000000 - 00000111,none,2024-06-06,VDP-IRISH RAIL 642,none,-9.2,EUR,none,False
0d2d1767-2458-4688-bf2e-c1e8ccf4f9cd,000000 - 00000111,none,2024-06-06,VDC-IRISH RAIL COR,none,-10.4,EUR,none,False
f8b20e4a-2b54-4300-9951-2ed8f252a634,000000 - 00000111,none,2024-06-07,VDC-TESCO STORES 3,none,-6.06,EUR,none,False
9f2a6517-26b8-479b-8173-aab60e28265e,000000 - 00000111,none,2024-06-07,VDC-LIDL IRELAND L,none,-10.91,EUR,none,False
bb4c8bc2-b0bd-4a29-b0ad-668704e82ad4,000000 - 00000001,none,2024-06-07,VDC-LIDL IRELAND L,none,-2.59,EUR,none,False
fa0ca807-5e6b-4fe8-b2f8-165a8ecd6897,000000 - 00000001,none,2024-06-07,VDC-SQ *BRIO BRUNC,none,-4.72,EUR,none,False
acd54cb7-23a4-4cef-9266-c136ebb90055,000000 - 00000111,none,2024-06-10,VDC-TESCO STORES 3,none,-3.55,EUR,none,False
29dfe2be-9bb6-46ec-ba29-ee69914f6f6b,000000 - 00000111,none,2024-06-10,VDC-THE SOUTH POLE,none,-11.3,EUR,none,False
b107c14c-2499-419e-a25b-1d0e75db2091,000000 - 00000111,none,2024-06-10,VDC-Ugly Mug,none,-4.3,EUR,none,False
550cf547-36b5-4412-b039-d21646ac7952,000000 - 00000111,none,2024-06-10,VDC-VAPECENTRIC,none,-10.0,EUR,none,False
893e45d7-12f1-42fb-b934-d7ae05f09389,000000 - 00000111,none,2024-06-10,VDC-PEPCO 1624,none,-2.0,EUR,none,False
11a6660b-715f-4151-9ac4-1a0ac5c670a1,000000 - 00000111,none,2024-06-10,VDC-LIDL IRELAND L,none,-15.77,EUR,none,False
a4cd6882-02f0-451e-aa2c-05bc3f5abf0d,000000 - 00000001,none,2024-06-10,*ATMLDG TRALEE   C,Card ending: 6180,100.0,EUR,none,False
8636157c-dc0a-4c6a-97bc-e52d479c3e46,000000 - 00000111,none,2024-06-10,VDC-GARVEYS SUPERV,none,-1.0,EUR,none,False
cc21b29e-8242-4a26-b6ee-f90a5ccc8533,000000 - 00000111,none,2024-06-10,VDP-LEAP CARD APP,none,-10.0,EUR,none,False
12b533b4-c2e2-4ae5-9185-5eeba72d8bcd,000000 - 00000001,none,2024-06-10,VDC-SUPERVALU GARV,none,-5.0,EUR,none,False
3cd14907-4f81-4cd2-be33-fdf3d3eb6447,000000 - 00000001,none,2024-06-10,VDC-PEPCO 1624,none,-13.5,EUR,none,False
eb3a402c-bb91-4c4e-b38c-cb0f09bf7304,000000 - 00000001,none,2024-06-10,VDC-PENNEYS TRALEE,none,-6.0,EUR,none,False
94f6b80f-8fb6-410b-b0fa-ff59f0df9993,000000 - 00000001,none,2024-06-10,VDP-LEAP CARD APP,none,-25.0,EUR,none,False
4264c7df-5397-40ed-9168-d2a522733855,000000 - 00000111,none,2024-06-10,VDC-LIDL IRELAND L,none,-2.28,EUR,none,False
e4ef8b2f-8223-4ced-b272-1226521f07dc,000000 - 00000111,none,2024-06-10,VDC-DUNNES TRALEE,none,-2.49,EUR,none,False
738b9f19-5b1b-445c-951f-02326fab1616,000000 - 00000111,none,2024-06-11,VDC-LIDL IRELAND L,none,-4.33,EUR,none,False
ecaaea9e-889b-4413-936e-8441d826c99f,000000 - 00000111,none,2024-06-11,VDC-MERCURY FOOD D,none,-21.41,EUR,none,False
8f4f83e0-3489-4249-94a5-88a005f07357,000000 - 00000111,none,2024-06-11,VDC-TESCO STORES 3,none,-1.69,EUR,none,False
95975d98-d073-4ef3-9373-e2141d01a3b3,000000 - 00000111,none,2024-06-12,VDC-ALDI 105 873,none,-5.47,EUR,none,False
7850094a-93e4-4800-9a02-9f81c2a416d6,000000 - 00000111,none,2024-06-12,VDC-GARVEYS SUPERV,none,-4.2,EUR,none,False
9f022d27-e40b-4459-9718-eb20be570a86,000000 - 00000111,none,2024-06-12,VDC-LIDL IRELAND L,none,-1.99,EUR,none,False
98394761-44f5-4866-ad68-cfbdc5e3d4f5,000000 - 00000111,none,2024-06-12,VDC-THE RANGE,none,-3.9,EUR,none,False
feb66571-6c22-4aa5-92a1-3ab08f835825,000000 - 00000111,none,2024-06-13,VDC-TESCO STORES 3,none,-3.0,EUR,none,False
5724e595-dee3-4105-923c-8896f78eefae,000000 - 00000111,none,2024-06-13,VDC-ALDI 105 873,none,-2.48,EUR,none,False
ff53a0b8-b4c0-46b0-b5e4-56038331ce4a,000000 - 00000001,none,2024-06-13,VDC-C.H.CHEMISTS,none,-13.0,EUR,none,False
33fe68f2-8e89-49b6-8ea6-ec13d06415cf,000000 - 00000001,none,2024-06-13,VDC-PEPCO 1624,none,-3.0,EUR,none,False
44181f41-0573-46e3-8fc0-00f987bc0ba6,000000 - 00000001,none,2024-06-13,VDC-SQ *MADDENS,none,-8.9,EUR,none,False
33ce0121-7d45-4ad8-806e-775a01345565,000000 - 00000001,none,2024-06-14,BIN BAN TEO W24,IE24061020373264,189.55,EUR,none,False
32e52b07-2b1e-44eb-99ad-e2cbb3c2e3cc,000000 - 00000111,none,2024-06-14,VDC-DUNNES HORAN C,none,-7.39,EUR,none,False
eea0a16e-647a-4561-ba3c-6bfde07e7438,000000 - 00000111,none,2024-06-14,VDP-AMZN Mktp UK*H,none,-31.55,EUR,none,False
70e70c09-f511-4042-9085-8ff9293cd7cb,000000 - 00000001,none,2024-06-14,VDC-PEPCO 1624,none,-5.25,EUR,none,False
252ca0c9-e2df-4988-8d7c-24e351c2dbe2,000000 - 00000001,none,2024-06-14,VDC-TESCO STORES 3,none,-5.7,EUR,none,False
60a5f05a-752c-466e-81ab-b2d1ae87d1ff,000000 - 00000001,none,2024-06-17,VDC-SUPERVALU GARV,none,-2.75,EUR,none,False
92ab0d83-f7cb-480d-88df-125375d143b0,000000 - 00000001,none,2024-06-17,VDC-MR PRICE,none,-2.73,EUR,none,False
a7506061-a3d0-4348-a376-e4a47f599be3,000000 - 00000001,none,2024-06-17,VDP-TRALEE OMNIPLE,none,-12.0,EUR,none,False
b88f40f2-645a-4688-9518-d24ad67438b1,000000 - 00000111,none,2024-06-17,VDC-LIDL IRELAND L,none,-6.36,EUR,none,False
0e455a0b-7de3-4594-a815-b2612573b391,000000 - 00000001,none,2024-06-17,VDP-LEAP CARD APP,none,-10.0,EUR,none,False
6c8bc5b5-ec24-4d8e-a422-2d2c077b20b9,000000 - 00000001,none,2024-06-17,VDC-SUPERVALU GARV,none,-2.79,EUR,none,False
b04db635-69ed-490e-8093-b888b60c4ed0,000000 - 00000001,none,2024-06-17,VDP-LEAP CARD APP,none,-10.0,EUR,none,False
379fb3f9-a6ae-4e13-b1d0-38b52c38ed60,000000 - 00000001,none,2024-06-17,VDC-TESCO STORES 3,none,-3.5,EUR,none,False
47ae8f0c-a1d9-4451-ba53-d5d9a75d15cc,000000 - 00000001,none,2024-06-17,VDC-TESCO STORES 3,none,-13.92,EUR,none,False
88ca6091-239b-408d-be9c-75d022eee01d,000000 - 00000111,none,2024-06-17,VDC-SumUp  *Salty,none,-4.0,EUR,none,False
3eaef06f-5e30-4b5c-b544-45f4ccddcedc,000000 - 00000111,none,2024-06-17,VDC-SumUp  *Vape s,none,-7.0,EUR,none,False
676b389f-f4da-4763-af23-fbec40cf7353,000000 - 00000111,none,2024-06-17,VDC-TESCO STORES 3,none,-1.6,EUR,none,False
5031b731-466b-4984-aa49-370e2c1583cc,000000 - 00000111,none,2024-06-17,VDC-TESCO STORES 3,none,-5.25,EUR,none,False
4ae73dfc-d96e-48c4-97e4-de22cd1632f3,000000 - 00000111,none,2024-06-17,VDC-VAPECENTRIC,none,-8.5,EUR,none,False
332d4086-cb2c-4800-83bc-387b5ccd2ec0,000000 - 00000111,none,2024-06-17,VDC-PEPCO 1624,none,-4.05,EUR,none,False
ac642b65-498e-417c-8314-6a65c51170f7,000000 - 00000111,none,2024-06-18,VDP-RYANAIR     TW,none,-164.38,EUR,none,False
d2a20ef1-3a22-4d1c-b725-0b158732ef20,000000 - 00000111,none,2024-06-18,VDP-RYANAIR     FM,none,-217.98,EUR,none,False
0933a85e-a920-4736-afa1-0905f036dd0a,000000 - 00000111,none,2024-06-18,VDC-DUNNES TRALEE,none,-27.0,EUR,none,False
2e84c185-c014-42be-aa7d-3a767513d151,000000 - 00000111,none,2024-06-18,*MOBI TO KATE,none,-40.0,EUR,none,False
2f994b01-7010-4f4e-8739-4624689c8fdc,000000 - 00000111,none,2024-06-19,VDC-ALDI 105 873,none,-0.89,EUR,none,False
077ae731-51c8-4ff3-84b9-5ccade2e3262,000000 - 00000111,none,2024-06-19,VDC-DUNNES TRALEE,none,-3.15,EUR,none,False
22680e16-b571-483a-98cc-9ada01fae16d,000000 - 00000001,none,2024-06-19,VDC-PEPCO 1624,none,-5.5,EUR,none,False
fee75ba6-a973-429b-a237-3fec41a8adfe,000000 - 00000001,none,2024-06-19,VDP-ROI ECOMM,none,-41.97,EUR,none,False
d0672cf1-8000-42e4-969f-b7b729f7320c,000000 - 00000111,none,2024-06-19,VDC-DUNNES TRALEE,none,-8.0,EUR,none,False
a7c78a96-44aa-4c51-ada6-7296aa84b260,000000 - 00000111,none,2024-06-19,VDC-LIDL IRELAND L,none,-2.19,EUR,none,False
e34fda01-08e2-4907-a0c7-ca4f3ebc4cc3,000000 - 00000111,none,2024-06-19,VDC-THE DAILY GRIN,none,-4.4,EUR,none,False
0262ea86-d305-457a-abe0-7709aede4de2,000000 - 00000001,none,2024-06-19,VDP-LEAP CARD APP,none,-10.0,EUR,none,False
3ec8b119-0fdb-425a-993c-6988864d00e6,000000 - 00000111,none,2024-06-20,VDC-PEPCO 1624,none,-2.0,EUR,none,False
a38a8fe5-0640-4223-8723-dc840e0a0842,000000 - 00000001,none,2024-06-20,T00000022,SCHOLARSHIP,0.0,EUR,none,False
56881e14-ad8c-442d-88c2-fe423b5e45f7,000000 - 00000001,none,2024-06-20,ATM TRALEE   B,20JUN24 TIME 16:54,0.0,EUR,none,False
c1b1bf65-1fc6-43e8-be84-2960b13c5fb7,000000 - 00000001,none,2024-06-20,VDC-PEPCO 1624,none,-8.05,EUR,none,False
17ca3d6a-8ce7-4de2-a4e3-d4742c951ff2,000000 - 00000001,none,2024-06-20,VDC-TESCO STORES 3,none,-2.0,EUR,none,False
2d81b9b7-813f-499d-afd4-457890a5b983,000000 - 00000111,none,2024-06-20,T00000044,SCHOLARSHIP,0.0,EUR,none,False
4b96e9c6-edcf-40bd-b799-26dfc62704b2,000000 - 00000111,none,2024-06-20,VDC-GARVEYS SUPERV,none,-2.99,EUR,none,False
87237feb-3918-4f12-b026-30134a5f529f,000000 - 00000111,none,2024-06-20,VDC-LIDL IRELAND L,none,-3.93,EUR,none,False
2d72a5bb-1e26-4729-868b-da975726a950,000000 - 00000111,none,2024-06-20,VDC-TESCO STORES 3,none,-4.4,EUR,none,False
917912d0-b0d1-43a7-b77c-7a2b26dab62b,000000 - 00000001,none,2024-06-21,BIN BAN TEO W25,Account Number: 000000 - 00000003,457.85,EUR,none,False
6799170a-6c2d-49ab-b587-37a42e48bc74,000000 - 00000001,none,2024-06-21,VDC-LIDL IRELAND L,none,-4.88,EUR,none,False
a596117d-6c3e-42e3-9607-eb7fca81035f,000000 - 00000111,none,2024-06-21,VDC-LIDL IRELAND L,none,-3.79,EUR,none,False
19f6d279-a1b2-417e-ba61-69f06271354b,000000 - 00000111,none,2024-06-21,VDC-DUNNES TRALEE,none,-6.49,EUR,none,False
f0755d8c-3d25-4a1b-a122-7bb05947beda,000000 - 00000111,none,2024-06-21,VDC-BOOTS RETAIL17,none,-14.98,EUR,none,False
38965a16-6002-403d-bc60-0a182503b5d3,000000 - 00000001,none,2024-06-24,ATM CASTLE ST 2,21JUN24 TIME 18:43,-500.0,EUR,none,False
b512d3fe-88ce-4a17-8981-63281e5a57fe,000000 - 00000001,none,2024-06-24,VDP-LEAP CARD APP,none,-10.0,EUR,none,False
2df7a1a8-eb04-4cec-b642-ed2452b431a4,000000 - 00000001,none,2024-06-24,VDC-DUNNES TRALEE,none,-1.85,EUR,none,False
7a6c8485-fc76-4042-aeb9-67111cd884f7,000000 - 00000001,none,2024-06-24,VDP-YESSTYLE.COM L,none,-65.68,EUR,none,False
8031df9b-5cee-4f34-84db-520e20d174df,000000 - 00000111,none,2024-06-24,VDP-shein.com,none,-33.47,EUR,none,False
27554e81-798d-4a5d-83eb-81d25bee37e3,000000 - 00000111,none,2024-06-24,VDC-DUNNES HORAN C,none,-4.55,EUR,none,False
6a3a842f-4c91-4d43-a125-696be7f0a29d,000000 - 00000111,none,2024-06-24,VDC-TESCO STORES 3,none,-12.75,EUR,none,False
2e2c5fb6-4c50-4b83-a356-8b6e1354ad46,000000 - 00000111,none,2024-06-24,VDC-SumUp  *Vape s,none,-7.0,EUR,none,False
21d1d603-e47a-45c6-9d00-f4461d6f0a4f,000000 - 00000111,none,2024-06-24,VDC-LIDL IRELAND L,none,-0.65,EUR,none,False
abdbc80a-fc6f-4b5a-a242-6ecdbfd6ad6d,000000 - 00000111,none,2024-06-24,VDC-EUROGIANT TRAL,none,-1.5,EUR,none,False
b064aa61-5e04-4dc4-aba3-8d9467fe18f5,000000 - 00000001,none,2024-06-24,VDP-LEAP CARD APP,none,-10.0,EUR,none,False
be28e4a1-73ff-4907-aeb5-3f81428a135f,000000 - 00000001,none,2024-06-25,VDC-SUPERVALU GARV,none,-1.5,EUR,none,False
0fa8f28f-009c-4692-9a38-411f3cc8b7ff,000000 - 00000001,none,2024-06-25,VDP-LEAP CARD APP,none,-5.0,EUR,none,False
417ebc1d-c61b-4278-adbf-b8e3f62e2fa0,000000 - 00000111,none,2024-06-25,VDC-LIDL IRELAND L,none,-12.24,EUR,none,False
66426262-8baf-4f9d-9548-f3d464aa2731,000000 - 00000111,none,2024-06-25,VDC-PENNEYS TRALEE,none,-2.2,EUR,none,False
50aabf08-1e7d-4ff5-864c-e7e4418d2f3a,000000 - 00000111,none,2024-06-25,VDC-PEPCO 1624,none,-8.9,EUR,none,False
4171adf2-9cc5-4280-9443-bbede1ffd1d0,000000 - 00000111,none,2024-06-25,VDC-SHAWS TRALEE,none,-22.99,EUR,none,False
c57f10ee-1d2b-4868-af9f-b7900ec72c2e,000000 - 00000001,none,2024-06-26,VDP-Spotify P2D3B0,none,-5.99,EUR,none,False
b34da9d1-750a-4326-a755-d9199eec7b6e,000000 - 00000001,none,2024-06-26,VDC-GARVEYS SUPERV,none,-5.89,EUR,none,False
4dd796cc-d8e8-4878-9a46-c5b2f35d6c4e,000000 - 00000001,none,2024-06-26,VDC-PEPCO 1624,none,-9.0,EUR,none,False
88dcc800-7187-49b0-bb75-1ea4c07b793e,000000 - 00000001,none,2024-06-26,VDC-SQ *MADDENS,none,-5.2,EUR,none,False
20756882-f8bf-4f3c-91b2-1d790a490502,000000 - 00000001,none,2024-06-26,VDC-BOOTS RETAIL17,none,-3.49,EUR,none,False
26433905-0559-4b31-a3cc-65ad583a0d2c,000000 - 00000111,none,2024-06-27,VDC-TESCO STORES 3,none,-0.7,EUR,none,False
9d88b109-54e6-4cc0-b24d-d25ac93d78fc,000000 - 00000001,none,2024-06-28,BIN BAN TEO W26,Account Number: 000000 - 00000003,373.53,EUR,none,False
795a3a72-18f4-4d29-9e3c-bbb5d686c712,000000 - 00000111,none,2024-06-28,FEE-QTR TO 31MAY24,000000 - 00000112,-13.9,EUR,none,False
f74848b3-0873-42b1-b33b-e5405ef5693b,000000 - 00000111,none,2024-06-28,VDC-IRISH RAIL TRA,none,-4.3,EUR,none,False
72590ec1-47d6-4caa-a9b8-74c0942bfba6,000000 - 00000111,none,2024-06-28,VDC-Smoke N Vape S,none,-8.0,EUR,none,False
0e8a852d-c2c0-473d-a43f-5080f779f85f,000000 - 00000111,none,2024-06-28,VDC-T K MAXX,none,-7.0,EUR,none,False
634b091b-dc52-4166-a79c-8916f2ece347,000000 - 00000111,none,2024-06-28,VDC-TESCO STORES,none,-3.75,EUR,none,False
b24e43c6-8599-4dcc-a9ca-91bb815fe403,000000 - 00000001,none,2024-06-28,FEE-QTR TO 31MAY24,Account Number: 000000 - 00000002,-18.5,EUR,none,False
def7a74d-5866-4e80-9ed8-a741279e6b60,000000 - 00000111,none,2024-06-28,VDP-IRISH RAIL 612,none,-3.75,EUR,none,False
34ac698c-be53-4668-b30d-8b4d3f6cd7e7,000000 - 00000111,none,2024-06-28,VDC-LIDL IRELAND L,none,-4.77,EUR,none,False
7622ce48-4034-45a4-a372-759c6b341e26,000000 - 00000111,none,2024-06-28,VDC-MARKS & SPENCE,none,-4.08,EUR,none,False
15a36565-7df5-44d5-bfe9-e4306034ccea,000000 - 00000001,none,2024-06-28,FEES REFUNDED,Account Number: 000000 - 00000002,18.5,EUR,none,False
32f45159-2c4e-41c4-a9e4-2b8313d67874,000000 - 00000001,none,2024-06-28,VDC-LIDL IRELAND L,none,-4.94,EUR,none,False
d47e4706-29cc-4749-a876-af53101ae952,000000 - 00000001,none,2024-06-28,VDC-SQ *BRIO BRUNC,none,-4.5,EUR,none,False
76aa93c8-7cd2-4368-9ec9-951bc2fb6042,000000 - 00000111,none,2024-07-01,VDC-T K MAXX,none,-44.99,EUR,none,False
0867a123-489d-445c-b672-f8b68ea688e6,000000 - 00000111,none,2024-07-01,VDC-T K MAXX,none,-5.99,EUR,none,False
16726450-afda-47c3-ab22-7ce9b218daaf,000000 - 00000111,none,2024-07-01,VDC-SumUp  *smash,none,-5.0,EUR,none,False
aac829c1-525c-4f16-8bb5-e08db3630948,000000 - 00000111,none,2024-07-01,VDC-Sean Ogs Bar a,none,-8.5,EUR,none,False
5f536d0d-e853-4e35-80e2-827aa1011029,000000 - 00000111,none,2024-07-01,VDC-Sean Ogs Bar a,none,-8.0,EUR,none,False
05a2f4ec-e1f6-4853-b70f-3f22b0afd17d,000000 - 00000111,none,2024-07-01,VDC-PEPCO 1624,none,-4.0,EUR,none,False
79cd0a96-c3f3-4f57-8ea6-07d947fd3ab5,000000 - 00000111,none,2024-07-01,VDC-PENNEYS TRALEE,none,-5.8,EUR,none,False
86ebfdb0-75a1-4575-b624-a5b6bc8ac9d4,000000 - 00000111,none,2024-07-01,VDC-MR PRICE,none,-1.79,EUR,none,False
8766c954-1d09-401c-b52e-7dcf12e90db8,000000 - 00000111,none,2024-07-01,VDC-LIDL IRELAND L,none,-5.19,EUR,none,False
b1a11ae2-2e18-4e28-ad4c-8e6a13015192,000000 - 00000111,none,2024-07-01,VDC-ALDI 105 873,none,-4.68,EUR,none,False
e9bcf20f-06a5-49a8-8b2d-8a5d9e52f99a,000000 - 00000111,none,2024-07-01,*MOBI HOTEL,none,-185.0,EUR,none,False
d66de787-ff53-4421-bcef-dc9cc6306dc5,000000 - 00000001,none,2024-07-01,VDP-COMPLETESAVE.I,none,-15.0,EUR,none,False
ba5dacac-50d3-4f1b-8782-5f92f1973e70,000000 - 00000111,none,2024-07-01,VDC-BOOTS RETAIL17,none,-5.99,EUR,none,False
d544b0c3-7e93-433a-9073-daaca1113327,000000 - 00000001,none,2024-07-01,VDP-LEAP CARD APP,none,-10.0,EUR,none,False
b06aac1e-c528-4e75-8596-31783002abe7,000000 - 00000001,none,2024-07-01,VDP-WWW.DRIVINGTES,none,-85.0,EUR,none,False
b9c40ec5-21f3-45b3-a5f7-7cca772133db,000000 - 00000001,none,2024-07-01,VDC-MCDONALDS TRAL,none,-26.0,EUR,none,False
3a21f83c-c64c-41af-b644-76494fce22e3,000000 - 00000001,none,2024-07-01,VDC-Sean Ogs Bar a,none,-10.0,EUR,none,False
3a8bb1d4-f68a-4e33-a15f-0402505e970b,000000 - 00000001,none,2024-07-01,VDC-SUPERVALU GARV,none,-5.29,EUR,none,False
75ca9249-e253-4555-853b-1edddf0c0f09,000000 - 00000001,none,2024-07-01,VDC-T K MAXX,none,-27.98,EUR,none,False
6de2f326-950e-4a0f-a919-5cb96958261d,000000 - 00000001,none,2024-07-01,VDP-LEAP CARD APP,none,-5.0,EUR,none,False
5d00dfc8-8737-470c-b393-0b6e68e3edca,000000 - 00000111,none,2024-07-02,VDC-SQ *MADDENS,none,-8.0,EUR,none,False
dd1401f4-5694-4ba5-b6c5-de19177d2e83,000000 - 00000001,none,2024-07-02,VDP-LEAP CARD APP,none,-10.0,EUR,none,False
9e1867d3-ddae-4432-b8b8-38ba6a433541,000000 - 00000001,none,2024-07-02,VDC-SUPERVALU GARV,none,-2.65,EUR,none,False
c4a3bf01-4276-4fd7-87ac-d29159630e5c,000000 - 00000111,none,2024-07-02,VDC-T K MAXX,none,-5.49,EUR,none,False
f0310244-c1ea-4d8f-9ba2-5b8534127b08,000000 - 00000111,none,2024-07-02,VDC-PENNEYS TRALEE,none,-2.0,EUR,none,False
59764bec-dd5d-4ce5-81e0-913901039043,000000 - 00000111,none,2024-07-02,VDC-PARKGATE COFFE,none,-3.5,EUR,none,False
1771fed8-3986-4884-924f-c04b3b0a70bf,000000 - 00000111,none,2024-07-02,VDP-Vesta EIR TopU,none,-20.0,EUR,none,False
4f60e453-f3ad-4a26-b675-fa1481560b22,000000 - 00000111,none,2024-07-02,VDC-ELVERY SPORTS,none,-45.0,EUR,none,False
76bc1817-24d5-4074-940b-8de781500ee2,000000 - 00000001,none,2024-07-03,ATM CASTLE ST 2,03JUL24 TIME 12:48,-100.0,EUR,none,False
a2299675-cb24-45bb-9704-ed4747b2353f,000000 - 00000111,none,2024-07-03,VDC-EUROGIANT TRAL,none,-2.0,EUR,none,False
5c342526-6fd4-4ccb-8e1f-b96a6ae09fe2,000000 - 00000111,none,2024-07-03,VDC-MERCURY FOOD D,none,-6.01,EUR,none,False
4e514860-de12-404d-b480-135a7abc05e8,000000 - 00000001,none,2024-07-04,VDC-LANA TRALEE,none,-41.0,EUR,none,False
795c1af8-24d7-4656-9e1e-0d4272b83e75,000000 - 00000111,none,2024-07-04,VDC-LIDL IRELAND L,none,-6.42,EUR,none,False
9ae88060-17c6-497f-a7b9-07c6d5ff3578,000000 - 00000001,none,2024-07-04,VDC-PEPCO 1624,none,-5.0,EUR,none,False
333a549b-51b1-4200-a418-d5a2dbf8222d,000000 - 00000111,none,2024-07-05,VDC-SumUp  *Vape s,none,-7.0,EUR,none,False
ed16825d-18f4-4908-a702-630d60f21e9e,000000 - 00000111,none,2024-07-05,VDC-EUROGIANT TRAL,none,-1.5,EUR,none,False
1d3ca123-d9dd-4888-82d0-021625d2b745,000000 - 00000111,none,2024-07-05,VDC-PENNEYS TRALEE,none,-3.0,EUR,none,False
ebfdcd73-4485-4980-a046-10a6020499fb,000000 - 00000111,none,2024-07-05,VDP-RYANAIR     ZN,none,-166.99,EUR,none,False
2a8580f7-05b6-4c54-b438-5187c6617620,000000 - 00000001,none,2024-07-05,VDP-H  M Hennes  M,none,-22.0,EUR,none,False
b6ad47d9-352f-4acf-abe5-e99de30440de,000000 - 00000111,none,2024-07-05,ATM TRALEE   B,05JUL24 TIME 12:47,-200.0,EUR,none,False
ec99b3d8-f3b5-43fd-95d0-67fb4e214834,000000 - 00000001,none,2024-07-05,VDC-LIDL IRELAND L,none,-6.27,EUR,none,False
4fe8b6aa-176d-4ffe-bba7-eddab6f3d0b9,000000 - 00000001,none,2024-07-05,BIN BAN TEO W27,Account Number: 000000 - 00000003,284.32,EUR,none,False
2dcd8f21-b0ae-42e2-91bc-82111df420a2,000000 - 00000001,none,2024-07-05,ATM CASTLE ST 2,05JUL24 TIME 10:05,-250.0,EUR,none,False
bc341438-aa24-4f45-92c0-c36bcffb6f9e,000000 - 00000111,none,2024-07-05,VDP-APPLE.COM/BILL,none,-2.99,EUR,none,False
fbe3a4a8-1f33-45ff-90f5-e35711ea2a23,000000 - 00000111,none,2024-07-08,VDC-PENNEYS TRALEE,none,-12.5,EUR,none,False
bae4bed3-53fd-467e-8ae0-f930a1ea88b7,000000 - 00000111,none,2024-07-08,VDC-MC DONALDS EXP,none,-10.36,EUR,none,False
e971537d-2a8e-4459-9e47-6a85ed6eed8c,000000 - 00000111,none,2024-07-08,VDC-LUXURY FOOD,none,-13.72,EUR,none,False
9b68fba3-2145-4219-9dd4-39ad2123b594,000000 - 00000111,none,2024-07-08,VDC-LIDL IRELAND L,none,-3.54,EUR,none,False
0e788785-f7cf-4f46-b7c3-bce30f3874cd,000000 - 00000111,none,2024-07-08,VDC-KIKO MILANO,none,-3.99,EUR,none,False
150f08d2-aeeb-4ccb-8356-614ea0cabc07,000000 - 00000111,none,2024-07-08,VDC-HM Plaza Mar 2,none,-26.68,EUR,none,False
97430bb1-e79e-4434-a99a-8ad19ba0d578,000000 - 00000111,none,2024-07-08,VDC-HELADOS SALA,none,-4.5,EUR,none,False
0c2bed87-e821-446b-8753-851c6c80da94,000000 - 00000111,none,2024-07-08,VDC-EUROGIANT TRAL,none,-3.0,EUR,none,False
e89b4384-0ae3-446f-9ae7-618f50596897,000000 - 00000111,none,2024-07-08,VDC-ALCAMPO CC PLA,none,-3.86,EUR,none,False
980e829d-c4de-4f28-9a94-875bcd9dbbf7,000000 - 00000111,none,2024-07-08,VDC-PRIMOR ALI1,none,-1.99,EUR,none,False
736e9665-15ea-4e7d-abf6-80450f59e14e,000000 - 00000111,none,2024-07-08,VDC-KERRY AIRPORT,none,-1.5,EUR,none,False
caf465a7-9006-4022-baf2-2f0b804d06c7,000000 - 00000111,none,2024-07-08,VDC-SUPERMERCADO 8,none,-17.6,EUR,none,False
8ccb702c-20d5-4137-8dca-79263e024156,000000 - 00000111,none,2024-07-08,VDC-ARIJU COVIRAN,none,-0.75,EUR,none,False
69c446c7-8561-408d-9910-59820928a11d,000000 - 00000111,none,2024-07-08,VDC-ZARA ALICANTE,none,-4.99,EUR,none,False
3af8d01f-5bba-4fae-83e4-750b4848e8bc,000000 - 00000001,none,2024-07-08,VDC-SUPERVALU GARV,none,-2.75,EUR,none,False
49e5b5a5-c6ce-4e9f-a773-170e24101fae,000000 - 00000001,none,2024-07-08,VDC-DUNNES TRALEE,none,-7.38,EUR,none,False
12c43ac6-de74-41cb-941a-ba82aaeb2b12,000000 - 00000001,none,2024-07-08,VDP-LEAP CARD APP,none,-5.0,EUR,none,False
f7a3b4af-38fa-4857-bd61-b58b2a19a0c8,000000 - 00000001,none,2024-07-08,VDC-LIDL IRELAND L,none,-2.24,EUR,none,False
6e6c5475-5229-4e2e-9f94-bf260445d0a3,000000 - 00000111,none,2024-07-08,VDC-UNO PUNTO MAR,none,-9.0,EUR,none,False
c677c836-20ae-4681-8caa-e58b1b5822df,000000 - 00000001,none,2024-07-09,VDC-SUPERVALU GARV,none,-1.75,EUR,none,False
acce469b-2ec0-4e26-ba5a-7752d9b1148c,000000 - 00000001,none,2024-07-09,VDP-LEAP CARD APP,none,-10.0,EUR,none,False
e5dcda79-528a-494f-8614-2bea9a392bd9,000000 - 00000111,none,2024-07-09,VDC-241117 FINESTR,none,-3.2,EUR,none,False
a5732631-c137-4026-beeb-dea4d007fc9b,000000 - 00000111,none,2024-07-09,VDC-DESHORAS JUAN,none,-2.5,EUR,none,False
f356c96b-00d1-4a69-a2db-6c3c400d9cdd,000000 - 00000111,none,2024-07-09,VDC-HELADOS SALA,none,-4.5,EUR,none,False
2ed7ea66-895b-44b2-9831-6eaedf1ebb41,000000 - 00000001,none,2024-07-09,ATM CASTLE ST 2,09JUL24 TIME 11:54,-30.0,EUR,none,False
5e43f95b-9190-4d91-b697-424ba4024510,000000 - 00000111,none,2024-07-09,VDC-241117 FINESTR,none,-3.2,EUR,none,False
b3cfe049-20e5-451e-9a09-17868370e46f,000000 - 00000001,none,2024-07-10,VDC-LIDL IRELAND L,none,-5.29,EUR,none,False
beac9d9c-69fa-4bd6-8992-3c6783778987,000000 - 00000111,none,2024-07-10,VDC-CHURRERIA SANT,none,-4.0,EUR,none,False
81eb191f-b2b6-498b-b339-45fad8e2967a,000000 - 00000111,none,2024-07-11,VDC-SUPERMERCADO 8,none,-19.85,EUR,none,False
5d249ad6-a304-4f13-995c-e7d26ad458d0,000000 - 00000111,none,2024-07-11,VDC-SUPERMERCADO 8,none,-1.0,EUR,none,False
415af9be-8c95-4b6b-857c-063bda79aeed,000000 - 00000111,none,2024-07-11,VDC-HOSTELERIA IMP,none,-3.0,EUR,none,False
e9e4226d-a992-401a-9782-940e83286a15,000000 - 00000111,none,2024-07-11,VDC-HOSTELERIA IMP,none,-3.0,EUR,none,False
87105808-ad26-4339-b0ab-55c0ebde9ca7,000000 - 00000111,none,2024-07-11,VDC-DESHORAS JUAN,none,-1.2,EUR,none,False
82b9faf0-a5cf-41c8-b1be-ece32d960779,000000 - 00000001,none,2024-07-11,*ATMLDG TRALEE   C,Card ending: 6180,30.0,EUR,none,False
02ea10ab-ed54-493f-82f0-dad214367adf,000000 - 00000001,none,2024-07-11,PHONE NUMBER,none,20.0,EUR,none,False
1dddeb15-7007-45a8-ac62-83b1d9ca9b1e,000000 - 00000001,none,2024-07-11,VDP-LEAP CARD APP,none,-5.0,EUR,none,False
2780780e-dc7d-4dc2-bafb-c1987f886be5,000000 - 00000001,none,2024-07-11,*MOBI  TOP-UP,000000007,-20.0,EUR,none,False
68b6c0f4-7a96-4951-8d4a-4749a4b06fdd,000000 - 00000001,none,2024-07-12,*MOBI  TOP-UP,000000007,-20.0,EUR,none,False
ff4a4584-9731-4e7b-a567-c874921d7e2e,000000 - 00000001,none,2024-07-12,ALLA HARVEN,none,30.0,EUR,none,False
14a87dc4-0cbe-4515-8a80-0d99e36e670d,000000 - 00000001,none,2024-07-12,BIN BAN TEO W28,Account Number: 000000 - 00000003,284.32,EUR,none,False
6d913ce2-764a-42be-809d-b1e779395f5d,000000 - 00000111,none,2024-07-12,VDC-AREAS AO. ALIC,none,-16.5,EUR,none,False
90560e88-51fa-465e-abae-08e3c397d474,000000 - 00000111,none,2024-07-12,VDP-CITI BUS WEBSI,none,-6.0,EUR,none,False
e15d4f22-a59a-4892-be0e-74f8e3fe176a,000000 - 00000111,none,2024-07-12,VDC-Bus Eireann-Ir,none,-9.5,EUR,none,False
00f9808d-1937-4ed8-b1f4-247c7fb2b8ea,000000 - 00000111,none,2024-07-12,VDC-EL CORTE INGLE,none,-69.0,EUR,none,False
88b88b33-650c-4475-9c03-2c644a2f0b81,000000 - 00000111,none,2024-07-12,VDC-HAPPY LAND,none,-2.5,EUR,none,False
6d9745f2-9811-4c67-9ae4-40fbfe81b586,000000 - 00000111,none,2024-07-12,VDC-LA ALCOYANA,none,-3.85,EUR,none,False
fb7a37be-6f48-495d-91ea-b1ddf7034f81,000000 - 00000111,none,2024-07-12,VDC-LA ALCOYANA,none,-3.85,EUR,none,False
32b413e0-01fe-443d-be34-978f57b49369,000000 - 00000111,none,2024-07-12,VDC-Subway,none,-12.2,EUR,none,False
806a3061-54e9-4e9d-99c7-f6cdc884f6bd,000000 - 00000111,none,2024-07-12,VDC-STOP AND LOOK,none,-6.0,EUR,none,False
24cf2b55-bf47-449e-8922-5947d01ba0a0,000000 - 00000111,none,2024-07-12,VDC-SUPERMERCADO 8,none,-2.5,EUR,none,False
5febba75-3980-44b8-a5b8-e7cc0a2d1c37,000000 - 00000111,none,2024-07-15,VDC-MCDONALDS TRAL,none,-11.4,EUR,none,False
ec76f1b4-9690-40cd-9b1f-3be8bf30cf50,000000 - 00000001,none,2024-07-15,VDC-SUPERVALU GARV,none,-2.5,EUR,none,False
6363d6d9-73eb-4aa6-baf1-8f15436b628a,000000 - 00000111,none,2024-07-15,VDC-PENNEYS TRALEE,none,16.0,EUR,none,False
c879df31-90d3-425d-8331-a0aabe70221e,000000 - 00000111,none,2024-07-15,VDP-RYANAIR     ZN,none,-20.0,EUR,none,False
54c065d8-daf0-4ea1-879c-53da35963b4f,000000 - 00000111,none,2024-07-15,VDC-EUROGIANT TRAL,none,-22.6,EUR,none,False
7e8773a8-6868-4675-a370-8f778f7cba8c,000000 - 00000111,none,2024-07-15,VDC-HENNESSY'S BAR,none,-8.8,EUR,none,False
f33e7a19-9cfd-443d-9e53-53a502ede533,000000 - 00000111,none,2024-07-15,VDC-LIDL IRELAND L,none,-16.28,EUR,none,False
415981ac-7b95-4ae3-ac24-d8c6b575b2a3,000000 - 00000111,none,2024-07-15,VDC-LIDL IRELAND L,none,-2.29,EUR,none,False
a37c45e0-c3a4-4c61-bb4a-e0492a684017,000000 - 00000001,none,2024-07-15,VDP-LEAP CARD APP,none,-10.0,EUR,none,False
8f77a1c4-7bae-44bb-83f5-c13b55ba9da3,000000 - 00000111,none,2024-07-15,VDC-PENNEYS TRALEE,none,-21.9,EUR,none,False
c41f98e8-7371-429c-aae7-13f17dc47441,000000 - 00000111,none,2024-07-15,VDC-PENNEYS TRALEE,none,-47.0,EUR,none,False
dad70f67-64e8-4f0d-ace5-b715ced8c12f,000000 - 00000111,none,2024-07-15,VDC-LIDL IRELAND L,none,-2.49,EUR,none,False
733d9e49-ea3a-4388-b2fa-f551ec694529,000000 - 00000111,none,2024-07-15,VDC-T K MAXX,none,-14.0,EUR,none,False
ef8b3f59-db19-4db8-827e-a04133c7920a,000000 - 00000111,none,2024-07-15,VDC-TESCO STORES 3,none,-0.88,EUR,none,False
f0dd3877-8929-4aad-8ea0-18e8bfe1b426,000000 - 00000111,none,2024-07-15,VDC-THE RANGE,none,-1.45,EUR,none,False
1ed975b1-bd1f-47f1-8cd8-6a5fe7d55d8d,000000 - 00000001,none,2024-07-15,VDP-LEAP CARD APP,none,-5.0,EUR,none,False
dffd8371-6d4e-4c7a-9b38-52422f7f3032,000000 - 00000111,none,2024-07-15,VDC-PEPCO 1624,none,-2.0,EUR,none,False
06624efd-6f99-49e5-bddc-465b5046feec,000000 - 00000001,none,2024-07-15,VDC-MORANS SPAR,none,-2.35,EUR,none,False
2c7a1d28-6a2b-4b8d-aa9a-7f82589c4528,000000 - 00000111,none,2024-07-16,VDC-Carrolls Irish,none,-50.0,EUR,none,False
72b52e52-bc0d-46b9-9429-7f042ef61c0c,000000 - 00000111,none,2024-07-16,VDC-CORK DUTY FREE,none,-12.0,EUR,none,False
53428484-a885-48ee-9e0e-493ced7fe81a,000000 - 00000111,none,2024-07-16,VDC-DUNNES MERCHAN,none,-4.0,EUR,none,False
c5649f9a-b017-4499-be90-22e4975f5a73,000000 - 00000111,none,2024-07-16,VDC-MARKS & SPENCE,none,-4.25,EUR,none,False
59017a45-7485-4b7f-8e39-e71786580efb,000000 - 00000111,none,2024-07-16,VDC-MCDONALDS,none,-7.3,EUR,none,False
5809bd25-ef2e-41bb-93a0-573d7b6a89db,000000 - 00000111,none,2024-07-16,*MOBI PAY,none,-100.0,EUR,none,False
8ad2a59f-0c1a-4944-8b51-705b5376bdd3,000000 - 00000111,none,2024-07-16,VDP-IRISH RAIL 679,none,-9.2,EUR,none,False
0aeec1bb-d3a9-4399-ad40-bfa3f8964b76,000000 - 00000001,none,2024-07-17,VDP-LEAP CARD APP,none,-10.0,EUR,none,False
128cedac-32ba-412b-9135-d8cf57dd45b4,000000 - 00000111,none,2024-07-17,VDP-BOLT.EU/O/2407,44.84 PLN@,-11.01,EUR,none,False
ba5a9a17-2706-4dfa-a27e-43b74766f826,000000 - 00000111,none,2024-07-17,VDP-POLREGIO sp. z,5.50 PLN@,-1.74,EUR,none,False
fcb23a1f-d8ad-44a0-a5ff-a65f422d7dbe,000000 - 00000111,none,2024-07-17,VDC-1-Minute 54602,none,-6.06,EUR,none,False
3510eec0-a272-4182-9c23-9d824d20ded4,000000 - 00000001,none,2024-07-18,ATM CASTLE ST 2,18JUL24 TIME 14:18,-250.0,EUR,none,False
6b142c7b-06c3-48f0-af2d-a1ccb31a72a4,000000 - 00000001,none,2024-07-19,VDC-PEPCO 1624,none,-2.0,EUR,none,False
70d50f70-8351-4e84-be70-f991c5138d76,000000 - 00000001,none,2024-07-19,VDC-SumUp  *Yusuf,none,-6.3,EUR,none,False
337d9c9b-b744-489a-9c6a-bc768d2b933b,000000 - 00000001,none,2024-07-19,VDC-LIDL IRELAND L,none,-20.06,EUR,none,False
33a8db4d-82cc-4c2e-91df-3201d4228cd4,000000 - 00000001,none,2024-07-19,ATM CASTLE ST 2,19JUL24 TIME 16:29,-250.0,EUR,none,False
41c5ed2f-a4ba-4d24-a0ea-5c7562fd04e4,000000 - 00000001,none,2024-07-19,BIN BAN TEO W29,Account Number: 000000 - 00000003,310.65,EUR,none,False
9e819e9e-508a-4f47-89f7-072dda4e8587,000000 - 00000001,none,2024-07-22,VDC-TESCO STORES 3,none,-3.8,EUR,none,False
222279e9-2e8c-4bff-9926-f84e8776739e,000000 - 00000001,none,2024-07-22,VDC-SUPERVALU GARV,none,-2.48,EUR,none,False
ed3f3e1a-4f93-4ade-ae5d-e7ffb78f99bc,000000 - 00000001,none,2024-07-22,VDC-GARVEYS SUPERV,none,-3.0,EUR,none,False
c71c503c-3367-465c-9cd0-fa75df9764a4,000000 - 00000001,none,2024-07-22,VDP-LEAP CARD APP,none,-5.0,EUR,none,False
6af2cf07-dffc-484e-9f5c-9cb922bf644c,000000 - 00000001,none,2024-07-22,VDP-EXPOSE BEAUTY,none,-38.0,EUR,none,False
54b24db4-c231-4f8f-b1f7-8334dee5d61b,000000 - 00000111,none,2024-07-22,VDP-APPLE.COM/BILL,none,-2.99,EUR,none,False
064cafd2-f894-4663-8144-c6d0888edd9d,000000 - 00000001,none,2024-07-23,*ATMLDG TRALEE   C,Card ending: 6180,10.0,EUR,none,False
d9f0a352-0d99-4191-9221-f1deee674793,000000 - 00000001,none,2024-07-23,VDP-LEAP CARD APP,none,-15.0,EUR,none,False
34f1fba8-de5e-46f9-afb9-06354985194a,000000 - 00000001,none,2024-07-23,VDC-SUPERVALU GARV,none,-3.93,EUR,none,False
19a59cad-c012-43aa-8744-fad729a53ea7,000000 - 00000001,none,2024-07-24,VDC-MORANS SPAR,none,-2.99,EUR,none,False
e0c923e6-ec44-4744-979c-0f1ee81bc1c1,000000 - 00000001,none,2024-07-25,VDP-LEAP CARD APP,none,-10.0,EUR,none,False
cfcc01e1-b2d4-4737-88b7-d8f1c47bf572,000000 - 00000111,none,2024-07-25,VDP-ELECTRIC IRELA,none,-102.7,EUR,none,False
f3c8b8d2-90fd-425a-a0e8-225983845af8,000000 - 00000001,none,2024-07-26,BIN BAN TEO W30,Account Number: 000000 - 00000003,303.28,EUR,none,False
d0f624fd-4022-4898-8e82-8886c1b09b22,000000 - 00000001,none,2024-07-26,VDC-CIRCLE K FENIT,none,-1.45,EUR,none,False
5961b998-a95a-40b4-a903-76b984d157fc,000000 - 00000001,none,2024-07-29,VDP-LEAP CARD APP,none,-25.0,EUR,none,False
44f1fa70-b46b-4469-ac61-3957947d0bd1,000000 - 00000001,none,2024-07-29,VDP-Spotify P2E095,none,-5.99,EUR,none,False
1b5efe72-c5b4-44c1-92fc-4cae2041fd58,000000 - 00000001,none,2024-07-30,ALLA HARVEN,none,60.0,EUR,none,False
4b80899a-1f1e-41c1-911a-bc0f7c0237d7,000000 - 00000001,none,2024-07-30,VDP-CITI BUS MOBIL,none,-13.0,EUR,none,False
329e1635-07f1-47b3-8441-e923dd286407,000000 - 00000001,none,2024-07-30,VDP-CITI BUS MOBIL,none,-26.0,EUR,none,False
c0fc9164-d758-4d23-96c9-8a18caf7a005,000000 - 00000001,none,2024-07-30,VDC-LIDL IRELAND L,none,-8.31,EUR,none,False
8c9aa8d7-c367-47ee-9ff6-45fe65975efd,000000 - 00000001,none,2024-07-30,VDC-PEPCO 1624,none,-5.0,EUR,none,False
a9d03c4b-8bdb-4b14-a452-c92923c2e4c1,000000 - 00000001,none,2024-07-30,VDC-TESCO STORES 3,none,-2.6,EUR,none,False
cf44c0f9-a5f5-4b5f-bee8-f3ec878c6da0,000000 - 00000001,none,2024-07-31,VDP-COMPLETESAVE.I,none,-15.0,EUR,none,False
6d9d6c6f-fc14-4e29-9f9c-54d96811eb03,000000 - 00000001,none,2024-07-31,VDC-POCHA KOREAN S,none,-8.15,EUR,none,False
1cc2b059-bc2e-4fb9-8b5d-4a4781c3f498,000000 - 00000001,none,2024-07-31,VDC-POCHA KOREAN S,none,-26.8,EUR,none,False
47ff9768-753b-46bc-a853-19d8404362a5,000000 - 00000001,none,2024-07-31,VDP-IRISH RAIL 607,none,-49.98,EUR,none,False
4cd4368e-ac83-440f-92f2-a5607c8ac607,000000 - 00000001,none,2024-08-02,BIN BAN TEO W31,Account Number: 000000 - 00000003,376.03,EUR,none,False
8113a12c-9643-4fe7-8f3c-3cbb5e8c8383,000000 - 00000001,none,2024-08-02,VDC-GARVEYS SUPERV,none,-3.66,EUR,none,False
468de65e-30ef-486d-b4df-c8700b1c8612,000000 - 00000001,none,2024-08-02,VDC-MERCURY FOOD D,none,-9.52,EUR,none,False
2e19bd10-1acc-42c1-bc09-184f917fcb41,000000 - 00000001,none,2024-08-02,VDC-PEPCO 1624,none,-1.15,EUR,none,False
3ddb9572-11b6-43d2-8cd3-11767655798e,000000 - 00000001,none,2024-08-02,VDC-TESCO STORES 3,none,-11.58,EUR,none,False
a407fd23-4434-4175-b852-5500ffc50087,000000 - 00000001,none,2024-08-06,VDP-IRISH RAIL 633,none,-7.5,EUR,none,False
69d08504-753d-4514-9b47-9205d3ba2b3a,000000 - 00000001,none,2024-08-06,VDP-LINKEDIN PRE*1,none,-30.49,EUR,none,False
316e6444-cd72-4570-843f-1c00ea13b05f,000000 - 00000001,none,2024-08-06,VDP-LEAP CARD APP,none,-15.0,EUR,none,False
5c24e28e-0180-4a2d-ab86-c69f221b6220,000000 - 00000001,none,2024-08-06,VDP-IRISH RAIL 692,none,-7.5,EUR,none,False
921002af-8643-4642-ab91-0c4edb1159bc,000000 - 00000001,none,2024-08-06,VDC-OMNIPLEX KILLA,none,-4.0,EUR,none,False
ddaaadfe-0319-45e7-a7d9-eed60fc31816,000000 - 00000001,none,2024-08-06,VDP-shein.com,none,-11.22,EUR,none,False
f83e290d-fe43-46a7-af5c-a033e0e90f76,000000 - 00000111,none,2024-08-06,VDP-APPLE.COM/BILL,none,-2.99,EUR,none,False
3cab4556-7be7-4d72-81ac-3befad5c1388,000000 - 00000001,none,2024-08-07,VDP-shein.com,none,-9.2,EUR,none,False
109ce526-b2e1-4c94-bca7-08a5463be2a0,000000 - 00000001,none,2024-08-07,VDC-SUPERVALU GARV,none,-3.0,EUR,none,False
56175b28-e1ab-4766-b749-adf9caeb63ed,000000 - 00000001,none,2024-08-07,VDP-LEAP CARD APP,none,-5.0,EUR,none,False
e63d8d81-4ca2-4689-85ef-d1d1c8e10b7b,000000 - 00000001,none,2024-08-08,VDC-MC CAFFREY,none,-10.0,EUR,none,False
009cbfa0-c78b-4d84-897e-102dd07ca8ac,000000 - 00000001,none,2024-08-08,VDC-MC CAFFREY,none,-10.0,EUR,none,False
a73a8b98-ef99-4cdc-b008-a652fc623dee,000000 - 00000111,none,2024-08-08,VDC-FRIENDSCAFE,75.00 UAH@,-1.69,EUR,none,False
9a85c5cd-4f1c-415e-946b-af7e97ffdda5,000000 - 00000001,none,2024-08-08,ATM CASTLE ST 2,08AUG24 TIME 11:57,-350.0,EUR,none,False
6d3f4264-e310-407c-bf05-d8d1d79ee4cb,000000 - 00000001,none,2024-08-09,BIN BAN TEO W32,Account Number: 000000 - 00000003,306.43,EUR,none,False
b9d163db-0992-4384-b071-90f046ca84ed,000000 - 00000001,none,2024-08-09,*MOBI  TOP-UP,000000007,-20.0,EUR,none,False
e99f536d-7977-49f7-8fdb-0af1c13a1c27,000000 - 00000001,none,2024-08-09,VDC-LIDL IRELAND L,none,-2.29,EUR,none,False
82110d76-171b-434e-96e5-72fa14d5f861,000000 - 00000001,none,2024-08-09,VDC-SumUp  *Yusuf,none,-1.99,EUR,none,False
4f05d175-cf6d-4ffb-84d7-e8f80f86f2e5,000000 - 00000001,none,2024-08-12,ATM CASTLE ST 2,09AUG24 TIME 18:57,-300.0,EUR,none,False
81c7e870-a9e0-4e1d-b113-c78e6aea282e,000000 - 00000001,none,2024-08-12,VDP-LEAP CARD APP,none,-15.0,EUR,none,False
e4847d62-2c04-4372-8218-658f9f11bec0,000000 - 00000001,none,2024-08-12,VDC-MORANS SPAR,none,-3.0,EUR,none,False
93171adf-ebdb-477a-9717-faefbbfec99d,000000 - 00000001,none,2024-08-12,VDC-SumUp  *Yusuf,none,-3.49,EUR,none,False
04d5ce65-e8a8-4836-afe2-ad83a66d09d7,000000 - 00000001,none,2024-08-12,VDC-SUPERVALU GARV,none,-1.29,EUR,none,False
92925290-d5f5-4300-91db-06f41db633bf,000000 - 00000001,none,2024-08-13,VDC-PEPCO 1624,none,-5.0,EUR,none,False
a48e0c9b-1922-4333-87b6-cc52d49cfa0f,000000 - 00000001,none,2024-08-16,VDC-TESCO STORES 3,none,-7.7,EUR,none,False
679c7314-8030-42bd-b990-dc1cc04fb666,000000 - 00000001,none,2024-08-16,BIN BAN TEO W33,Account Number: 000000 - 00000003,343.29,EUR,none,False
ff05204c-0684-4041-894a-aa6d4d5691d4,000000 - 00000001,none,2024-08-19,VDC-BOOTS RETAIL17,none,-44.06,EUR,none,False
82dee3a2-1e92-4548-9f72-3f83ceb1ed4e,000000 - 00000001,none,2024-08-19,VDC-LIDL IRELAND L,none,-4.0,EUR,none,False
1691ecd7-6958-4327-a920-6a3b6d561b4e,000000 - 00000001,none,2024-08-19,VDC-SUPERVALU GARV,none,-2.04,EUR,none,False
70b21d9a-c551-44e4-94c7-c8db5c4597d2,000000 - 00000001,none,2024-08-19,VDP-LEAP CARD APP,none,-20.0,EUR,none,False
95425c3c-b78d-4adf-ac43-ddb04b869870,000000 - 00000001,none,2024-08-20,VDP-shein.com,none,-14.26,EUR,none,False
0da44b70-caec-45b3-b7cf-00768176b7d0,000000 - 00000001,none,2024-08-20,VDC-TESCO STORES 3,none,-2.25,EUR,none,False
f4003e4c-c5bf-461c-b00d-e1fe794d5fd6,000000 - 00000001,none,2024-08-21,VDC-SUPERVALU GARV,none,-1.75,EUR,none,False
3c28484f-da82-4b0e-b950-524625dc4b8b,000000 - 00000001,none,2024-08-21,VDC-TESCO STORES 3,none,-3.6,EUR,none,False
6af1285a-7633-47bf-a01f-17a4c2b9bec2,000000 - 00000001,none,2024-08-22,VDP-APPLE.COM/BILL,none,-12.99,EUR,none,False
18649f94-6bf4-4b25-8aab-4e28be99e439,000000 - 00000001,none,2024-08-22,VDC-LIDL IRELAND L,none,-40.33,EUR,none,False
10e10ac5-9ce3-4dfb-a793-d9be4760b428,000000 - 00000001,none,2024-08-23,VDC-TESCO STORES 3,none,-6.38,EUR,none,False
4ac139f3-5881-4517-98ae-a5dad784398e,000000 - 00000001,none,2024-08-23,BIN BAN TEO W34,Account Number: 000000 - 00000003,340.13,EUR,none,False
024a0a12-28ac-4034-af04-5b7122fcfa52,000000 - 00000001,none,2024-08-26,VDP-LEAP CARD APP,none,-25.0,EUR,none,False
049e7b22-4e60-4724-a176-5ec8285726ec,000000 - 00000001,none,2024-08-26,VDP-Spotify P2EDDF,none,-5.99,EUR,none,False
c94f210d-bfef-4cdf-a652-46d7742014a9,000000 - 00000001,none,2024-08-26,VDC-C.H.CHEMISTS,none,-20.0,EUR,none,False
8127e9b1-8ff9-4917-85d4-2ae625dac0e2,000000 - 00000001,none,2024-08-26,VDC-DUNNES TRALEE,none,-37.89,EUR,none,False
192ef09f-1576-4ab3-b234-ed90f0e4ba28,000000 - 00000001,none,2024-08-26,VDC-GARVEYS SUPERV,none,-7.5,EUR,none,False
f5a5125c-e1e2-4554-8de3-92a8a1f845d5,000000 - 00000001,none,2024-08-26,VDC-LIDL IRELAND L,none,-30.92,EUR,none,False
db5d6601-e687-4ee2-b9a3-e1e0befee99a,000000 - 00000001,none,2024-08-26,VDC-MC CAFFREY,none,-20.0,EUR,none,False
ee590e1e-a731-4726-b2c3-674820404750,000000 - 00000001,none,2024-08-26,VDC-MC CAFFREY,none,-20.5,EUR,none,False
656174f5-9566-4b5b-9d3b-85e9eddbcc3b,000000 - 00000111,none,2024-08-26,ZA LUBOVI,none,10.0,EUR,none,False
7b733373-d3ff-4a99-b040-1839bd2a4029,000000 - 00000001,none,2024-08-26,VDC-TESCO STORES 3,none,-8.0,EUR,none,False
83db5802-dc1c-43d6-86dc-79ef189693a3,000000 - 00000001,none,2024-08-28,VDC-SUPERVALU GARV,none,-3.0,EUR,none,False
5a138941-f1b3-4b7c-a179-f74ef01523e7,000000 - 00000001,none,2024-08-28,VDC-PEPCO 1624,none,-4.0,EUR,none,False
fb18f67e-bc77-42c9-b840-b93573f6b1e2,000000 - 00000001,none,2024-08-29,VDC-DINGLE OLDE SW,none,-4.99,EUR,none,False
af399a03-8780-48de-9a76-b8f3817aca47,000000 - 00000111,none,2024-08-30,*ATMLDG TRELEE,none,100.0,EUR,none,False
97d8b24a-215f-44fa-bd7b-b557d63af16e,000000 - 00000111,none,2024-08-30,*ATMLDG TRELEE,Card ending: 3430,200.0,EUR,none,False
829d16c6-6d7f-4360-b96d-970f82797608,000000 - 00000111,none,2024-08-30,ZA ZDOROVIE,none,35.17,EUR,none,False
f676da64-56bf-4811-8bed-4d4ba491f8f6,000000 - 00000111,none,2024-08-30,OLEH B,000000 - 00000222,28.0,EUR,none,False
8fa541c5-1ae2-403e-863e-42abd72ee134,000000 - 00000111,none,2024-08-30,VDP-LEAP CARD APP,none,-15.0,EUR,none,False
c66772cb-a0be-4db5-b067-86eb25c4b179,000000 - 00000111,none,2024-08-30,VDC-BOOTS RETAIL(I,none,-15.48,EUR,none,False
240d060d-dba9-483f-9401-07e0c47a6bbb,000000 - 00000111,none,2024-08-30,VDC-HALE VAPING,none,-8.0,EUR,none,False
08a90413-ade6-4fee-8f2a-d51679a8e1c6,000000 - 00000111,none,2024-08-30,VDC-SUPERDRUG,none,-13.55,EUR,none,False
bd837c42-9ff1-4c08-aebc-a5014bdfc13e,000000 - 00000001,none,2024-08-30,VDC-EUROGIANT TRAL,none,-1.0,EUR,none,False
e2f44ba7-18ba-4e49-afb6-7a5ba48b11df,000000 - 00000001,none,2024-08-30,VDC-BOOTS RETAIL17,none,-17.6,EUR,none,False
30d39df3-c694-450e-9b1b-68709a3633af,000000 - 00000001,none,2024-08-30,BIN BAN TEO W35,Account Number: 000000 - 00000003,287.48,EUR,none,False
d8571f5e-7ccc-4ca5-99f4-5ce7fed7873e,000000 - 00000111,none,2024-08-30,VDC-WH Smith Shann,none,-7.29,EUR,none,False
ff5febca-94d1-4c7f-a78c-cf902b1ea92d,000000 - 00000001,none,2024-09-02,WITHDRAWAL,none,0.0,EUR,none,False
1a4e8a23-10f2-47b4-80db-411397a268a1,000000 - 00000001,none,2024-09-02,VDP-LEAP CARD APP,none,-10.0,EUR,none,False
fa4189ad-b543-4db7-990f-5a1a816ceb16,000000 - 00000001,none,2024-09-02,VDP-COMPLETESAVE.I,none,-15.0,EUR,none,False
d83cadff-d687-42fa-9684-61a2fa2f3b54,000000 - 00000001,none,2024-09-02,LODGMENT,none,0.0,EUR,none,False
9c3e2ab0-0edd-4da3-9e3f-a938b5dd9a9f,000000 - 00000001,none,2024-09-02,VDC-MERCURY FOOD D,none,-16.58,EUR,none,False
d6973c70-8210-4ae2-a0eb-38edf548582c,000000 - 00000001,none,2024-09-02,VDC-TESCO STORES 3,none,-9.3,EUR,none,False
724e685e-75e0-4ad4-b716-01a14f218db7,000000 - 00000111,none,2024-09-02,VDC-HENNESSY'S BAR,none,-8.8,EUR,none,False
7f86784f-4db8-41a6-b088-a66aa5c55b55,000000 - 00000111,none,2024-09-02,VDC-EIR TRALEE,none,-20.0,EUR,none,False
5d858568-70b4-4afd-9200-9226ea36e587,000000 - 00000111,none,2024-09-02,VDC-PEPCO 1624,none,-1.5,EUR,none,False
34ea615b-38b0-4711-8ba1-3e5f3cab82d8,000000 - 00000111,none,2024-09-02,VDC-LIDL IRELAND L,none,-13.35,EUR,none,False
c94851b8-1b58-47ab-9dd1-aa52487ce7a8,000000 - 00000111,none,2024-09-02,VDC-LIDL IRELAND L,none,-4.25,EUR,none,False
986bb337-b0a2-4546-ad4b-b6935942b749,000000 - 00000111,none,2024-09-02,VDC-LIDL IRELAND L,none,-2.89,EUR,none,False
e3000adb-c3dd-4ffb-a348-ef9cc47d7e37,000000 - 00000111,none,2024-09-02,VDC-SumUp  *Vape s,none,-7.0,EUR,none,False
dba4af08-cecf-493c-a009-32f1aba56faa,000000 - 00000111,none,2024-09-02,VDC-DUNNES TRALEE,none,-2.49,EUR,none,False
a6306f5f-b529-412c-af5b-d3bd58dda11d,000000 - 00000111,none,2024-09-02,VDC-COSTA COFFEE,none,-5.75,EUR,none,False
555bb0c7-85d1-4a3d-86e0-e1411c5747c0,000000 - 00000111,none,2024-09-02,VDC-SumUp  *Salty,none,-3.8,EUR,none,False
a3ad9419-5679-43c1-8502-412f26d301a9,000000 - 00000001,none,2024-09-03,VDP-LinkedIn Pre P,none,-30.49,EUR,none,False
8233fb72-efa6-4c9e-b6c8-3ba8b920883a,000000 - 00000001,none,2024-09-03,VDC-PEPCO 1624,none,-5.0,EUR,none,False
8f4efb8b-476f-4212-9ea7-bd628278b797,000000 - 00000111,none,2024-09-03,VDC-THE KIOSK RAIL,none,-3.8,EUR,none,False
5d17b392-b323-4e3d-b74e-12f85a088333,000000 - 00000111,none,2024-09-03,VDC-LIDL IRELAND L,none,-5.36,EUR,none,False
59da125e-af9e-42bf-a9f5-f87bdaf24309,000000 - 00000111,none,2024-09-03,VDP-OMNIPLEX SERVI,none,-17.99,EUR,none,False
8ddac7e3-8581-4daa-91d6-c1bc03fc731d,000000 - 00000111,none,2024-09-03,VDC-LIDL IRELAND L,none,-1.59,EUR,none,False
4a4016c5-6305-451f-90a2-ac9420ea26a1,000000 - 00000001,none,2024-09-04,VDP-TRALEE OMNIPLE,none,-12.0,EUR,none,False
58840c4d-f80d-45a4-9f64-f7144ec44ee9,000000 - 00000001,none,2024-09-04,VDC-DUNNES TRALEE,none,-7.69,EUR,none,False
71bc8358-952d-4562-80a0-57b040bebf66,000000 - 00000001,none,2024-09-04,VDC-GARVEYS SUPERV,none,-5.3,EUR,none,False
2ac98c7d-3291-4ee1-9cd5-aeaad3ccfddc,000000 - 00000111,none,2024-09-04,VDC-TESCO STORES 3,none,-4.75,EUR,none,False
4efcc994-10dd-45e8-9e5d-a73fba67a71b,000000 - 00000111,none,2024-09-04,VDC-PENNEYS TRALEE,none,-7.5,EUR,none,False
7350f9ac-92f6-4d7b-baa9-21349124bf61,000000 - 00000001,none,2024-09-04,VDC-PEPCO 1624,none,-3.5,EUR,none,False
19b9e86c-edab-4310-bc96-1df3b23b7bd7,000000 - 00000001,none,2024-09-04,VDC-TESCO STORES 3,none,-3.58,EUR,none,False
ecaf3b17-cd7d-4637-b582-07bd810dcb34,000000 - 00000001,none,2024-09-05,*MOBI  TOP-UP,000000007,-20.0,EUR,none,False
64288a6f-0920-44e5-96e2-4b7e513534f4,000000 - 00000001,none,2024-09-05,VDP-IRISH RAIL 654,none,-31.98,EUR,none,False
c3503be9-45a5-4ef8-b208-ee41ae78521f,000000 - 00000111,none,2024-09-05,KATERYNA T,none,20.0,EUR,none,False
6caa62fe-3f8f-4ec2-938f-3f4525be996d,000000 - 00000111,none,2024-09-05,VDP-APPLE.COM/BILL,none,-2.99,EUR,none,False
64877000-d97c-4273-b396-7c102c3e0f81,000000 - 00000111,none,2024-09-05,VDP-IRISH RAIL 648,none,-15.99,EUR,none,False
443ad99e-fdd3-4c84-9417-d2bf1d370dd5,000000 - 00000111,none,2024-09-05,VDC-Sean Ogs Bar a,none,-9.0,EUR,none,False
53e2f640-61a8-4d32-96ca-f9e6b6dcf6b2,000000 - 00000111,none,2024-09-05,VDC-SumUp  *Vape s,none,-7.0,EUR,none,False
865a2d4a-0287-46f7-8d40-0f3b6c070687,000000 - 00000111,none,2024-09-05,VDC-SAM MC CAULEY,none,-9.0,EUR,none,False
e5e0cfa7-8283-42f3-9f7d-96c7e3acb47b,000000 - 00000111,none,2024-09-05,VDC-SQ *MADDENS,none,-4.0,EUR,none,False
eb2a4d9e-0068-40b2-b35c-0937d1f74e61,000000 - 00000111,none,2024-09-05,VDC-TESCO STORES 3,none,-3.5,EUR,none,False
63c08296-4753-4af4-8caa-51d164d07c57,000000 - 00000111,none,2024-09-06,VDP-LEAP CARD APP,none,-10.0,EUR,none,False
3f38991b-ed3f-4ebc-b320-8daa0ae64dcb,000000 - 00000111,none,2024-09-06,VDC-H & M,none,-21.14,EUR,none,False
2ecad03e-389c-43a2-94b7-0e3c93423657,000000 - 00000111,none,2024-09-06,VDC-MARKS & SPENCE,none,-1.75,EUR,none,False
a7ed0db0-3570-45aa-b3af-5b7db4a6bfce,000000 - 00000111,none,2024-09-06,VDC-MARKS & SPENCE,none,-11.5,EUR,none,False
ac16773a-c42d-4733-9dfc-041223a6cd85,000000 - 00000111,none,2024-09-06,VDC-MARKS & SPENCE,none,-29.0,EUR,none,False
074adc52-a0ac-4c49-9457-736044b19959,000000 - 00000111,none,2024-09-06,VDC-Rituals Cosmet,none,-29.8,EUR,none,False
3ec3394a-7b9e-41a1-857e-ae706a612ff0,000000 - 00000111,none,2024-09-06,VDC-TST-Off Beat W,none,-8.5,EUR,none,False
3a79372e-5428-4e83-94d0-2c18c36952d6,000000 - 00000111,none,2024-09-06,VDC-SV ASTON QUAY,none,-6.6,EUR,none,False
6dde2ba6-8a75-4a5d-93e2-91a1088cbd80,000000 - 00000001,none,2024-09-06,BIN BAN TEO W36,Account Number: 000000 - 00000003,284.32,EUR,none,False
1bf95bb5-b59a-41c5-9e9e-b0e0011f3f4c,000000 - 00000001,none,2024-09-06,VDP-LEAP CARD APP,none,-5.0,EUR,none,False
72a1f70c-7c99-4312-93b3-db67023605d8,000000 - 00000001,none,2024-09-06,VDC-FRESH THE GOOD,none,-10.15,EUR,none,False
4c92fd7c-17f5-4a12-9622-747a5877f49d,000000 - 00000001,none,2024-09-06,VDC-H & M,none,-23.13,EUR,none,False
f40e7345-7dd1-4e7a-b922-e04c91a16c0e,000000 - 00000001,none,2024-09-06,VDC-MARKS & SPENCE,none,-4.25,EUR,none,False
2b8566ab-e31e-4fb1-a81d-8b8a8445bca6,000000 - 00000001,none,2024-09-06,VDC-Rituals Cosmet,none,-32.8,EUR,none,False
92b3fda7-f83d-4c1f-9721-7867b041f9bd,000000 - 00000001,none,2024-09-06,VDC-TST-Off Beat W,none,-8.5,EUR,none,False
dce63645-e93d-49da-994b-80ed845ebebe,000000 - 00000001,none,2024-09-06,VDC-VS GRAFTON STR,none,-71.0,EUR,none,False
826bb9e4-4fdc-4e7c-859c-5206f0266a19,000000 - 00000001,none,2024-09-06,VDC-MARKS & SPENCE,none,-1.25,EUR,none,False
42cda4b2-3d0c-497e-ac73-a01b76a1e4d0,000000 - 00000001,none,2024-09-09,VDC-DUNNES TRALEE,none,-6.79,EUR,none,False
6778ca00-c117-4f18-bbaf-518c554b2fbc,000000 - 00000001,none,2024-09-09,VDC-KINGDOM FOOD A,none,-4.0,EUR,none,False
5944a815-0d67-4a7c-9a4c-b5a729e56a24,000000 - 00000001,none,2024-09-09,VDC-LIDL IRELAND L,none,-6.92,EUR,none,False
7c697995-92a8-4760-ab66-140015f28172,000000 - 00000111,none,2024-09-09,VDC-TESCO STORES 3,none,-8.14,EUR,none,False
18e133e6-eb26-46ac-9716-071bc276b0fc,000000 - 00000001,none,2024-09-09,VDC-TESCO STORES 3,none,-9.79,EUR,none,False
31c8bce8-8c51-4b10-816a-84bdffd70620,000000 - 00000111,none,2024-09-09,VDC-ALDI 105 873,none,-1.84,EUR,none,False
b034a58c-b314-48d5-94c1-a86a26137b0b,000000 - 00000111,none,2024-09-09,VDC-DER OSULLIVANS,none,-6.0,EUR,none,False
6a31df54-295d-4c08-abd6-a7bef9e41ff0,000000 - 00000111,none,2024-09-09,VDC-LIDL IRELAND L,none,-2.64,EUR,none,False
8c5de2f4-15fb-45af-81fd-d3be3ed17e11,000000 - 00000111,none,2024-09-09,VDC-LIDL IRELAND L,none,-10.29,EUR,none,False
43d54a6e-72ab-4b5d-b309-0d4eb299c5bc,000000 - 00000111,none,2024-09-09,VDC-PEPCO 1624,none,-4.25,EUR,none,False
24eb0e50-6505-4510-b6b0-aab0190079f4,000000 - 00000111,none,2024-09-09,VDC-TESCO STORES 3,none,-1.05,EUR,none,False
ad2af96d-43c3-480c-a4fc-7dec812c1c0c,000000 - 00000111,none,2024-09-09,VDC-TESCO STORES 3,none,-1.39,EUR,none,False
be143715-5ae3-45da-855c-beccd1cd46c9,000000 - 00000001,none,2024-09-09,ATM CASTLE ST 1,09SEP24 TIME 15:34,-400.0,EUR,none,False
4eeb18ac-a623-4114-909c-ed09a0c78ddf,000000 - 00000111,none,2024-09-10,VDC-LIDL IRELAND L,none,-0.99,EUR,none,False
f6df2684-57e6-4fc8-8e4e-4db77b659b5f,000000 - 00000111,none,2024-09-10,VDC-ALDI 105 873,none,-0.99,EUR,none,False
6879e35f-c1d1-411b-abf1-b35dfc3d90be,000000 - 00000111,none,2024-09-10,VDP-Bershka.com,none,-79.98,EUR,none,False
25937aaa-367a-4ab8-9073-061595ca3f7a,000000 - 00000111,none,2024-09-10,VDC-EUROGIANT TRAL,none,-1.5,EUR,none,False
87f09fe3-2eca-4571-bd24-1425e53faba4,000000 - 00000111,none,2024-09-10,VDC-MR PRICE,none,-1.99,EUR,none,False
4e66f4ce-cc21-4d0d-97d4-798d8bbc64e5,000000 - 00000001,none,2024-09-10,VDC-BOOTS RETAIL17,none,-6.69,EUR,none,False
0840c296-a30e-410c-b47f-0a62335f30b4,000000 - 00000111,none,2024-09-10,KATERYNA T,none,15.0,EUR,none,False
0b7a4232-799d-4bd0-bddf-855a5817bc07,000000 - 00000001,none,2024-09-10,VDC-C.H.CHEMISTS,none,-1.14,EUR,none,False
0bba961e-f472-4dc1-833c-5ee4e3ec01ae,000000 - 00000001,none,2024-09-10,VDC-DUNNES TRALEE,none,-4.39,EUR,none,False
3e81b1d6-38d2-41a2-ab65-bd43130660f1,000000 - 00000111,none,2024-09-11,VDC-GARVEYS SUPERV,none,-2.6,EUR,none,False
f6d38733-c481-4a37-b751-37dd5b110cab,000000 - 00000001,none,2024-09-11,VDC-DUNNES HORAN C,none,-2.38,EUR,none,False
5e83b573-a4af-4bbc-ae83-5c7e43b9023a,000000 - 00000001,none,2024-09-12,VDC-LIDL IRELAND L,none,-4.5,EUR,none,False
1f3ab216-aec2-403a-b27a-db684a756faf,000000 - 00000001,none,2024-09-13,VDC-GARVEYS SUPERV,none,-15.85,EUR,none,False
849c09a2-8d4c-4bc0-a735-bcf4290ae367,000000 - 00000001,none,2024-09-13,VDC-IT TRALEE NORT,none,-3.3,EUR,none,False
4493c9ed-1c3a-4e2c-9956-6fd1a23439e4,000000 - 00000111,none,2024-09-13,*ATMLDG TRELEE,Card ending: 3430,200.0,EUR,none,False
6a4557ba-ec8e-4f74-b43a-6c5c74500bd8,000000 - 00000111,none,2024-09-13,VDC-IT TRALEE NORT,none,-5.1,EUR,none,False
25d08467-9423-443d-821f-6e9e51dbe368,000000 - 00000111,none,2024-09-13,VDC-LIDL IRELAND L,none,-4.95,EUR,none,False
249249b4-3101-4cc4-a819-7dacd0702e7d,000000 - 00000111,none,2024-09-13,VDC-PENNEYS TRALEE,none,-8.9,EUR,none,False
6a2f9f27-e63c-4f69-b7bc-f309dd123680,000000 - 00000111,none,2024-09-16,VDP-aliexpress,none,-7.5,EUR,none,False
6e5b09cc-f982-4b8e-bc9b-d08e9129ebcc,000000 - 00000111,none,2024-09-16,VDP-shein.com,none,-22.48,EUR,none,False
88e9d108-26e9-40d6-8b92-3764a606f043,000000 - 00000111,none,2024-09-16,VDC-ALDI 105 873,none,-3.48,EUR,none,False
a14389b4-571e-4634-b414-5e2140b59b33,000000 - 00000111,none,2024-09-16,VDC-MERCURY FOOD D,none,-12.61,EUR,none,False
eeef3f59-b257-4e31-8e00-996f6bfd166c,000000 - 00000001,none,2024-09-16,VDC-PENNEYS TRALEE,none,-14.15,EUR,none,False
5f675faa-5040-4800-9860-7d0f61640e5a,000000 - 00000111,none,2024-09-16,VDC-PEPCO 1624,none,-1.0,EUR,none,False
aa6b9576-c58d-4dfa-b03f-ae0bd23973e2,000000 - 00000111,none,2024-09-16,VDC-PEPCO 1624,none,-6.75,EUR,none,False
d5636529-26b3-45c8-b1d4-af174852b36a,000000 - 00000111,none,2024-09-16,VDC-MCDONALDS TRAL,none,-10.3,EUR,none,False
0cf21834-b709-4753-80ec-808363c54235,000000 - 00000111,none,2024-09-16,VDC-LIDL IRELAND L,none,-1.19,EUR,none,False
a07b0e3a-fd86-4df5-b64a-aa739d35a4c0,000000 - 00000111,none,2024-09-17,VDC-IT TRALEE NORT,none,-1.8,EUR,none,False
4cfb7a73-4e44-485a-b7e4-b6f73e2f4140,000000 - 00000111,none,2024-09-17,VDC-LIDL IRELAND L,none,-2.85,EUR,none,False
89686c22-57d1-47f4-8818-bd47ac13d4f7,000000 - 00000111,none,2024-09-17,VDC-THE AQUADOME,none,-3.0,EUR,none,False
587e506d-f285-4892-9ffe-a7008d2515a6,000000 - 00000001,none,2024-09-17,VDC-LIDL IRELAND L,none,-3.65,EUR,none,False
8841ebc5-5c40-4307-8800-77299154d5a3,000000 - 00000001,none,2024-09-17,VDC-PATCHINOS COFF,none,-3.4,EUR,none,False
03428180-8b35-40d8-b312-67231f4549ed,000000 - 00000111,none,2024-09-18,VDC-LIDL IRELAND L,none,-2.64,EUR,none,False
01222437-ae89-4900-8795-1864d0383998,000000 - 00000001,none,2024-09-19,VDC-IT TRALEE NORT,none,-3.3,EUR,none,False
90ee8a5a-519c-4fb1-9553-176182e539d6,000000 - 00000111,none,2024-09-19,VDC-LIDL IRELAND L,none,-9.3,EUR,none,False
a73cb328-f941-4972-9262-f06fa7c1851c,000000 - 00000111,none,2024-09-19,VDC-IT TRALEE NORT,none,-3.5,EUR,none,False
b280a34b-ae6c-4e2d-b473-3ae057fb10fa,000000 - 00000111,none,2024-09-19,VDC-IT TRALEE NORT,none,-2.1,EUR,none,False
f42dcbea-d2a0-48d6-bc94-14e03bf1e998,000000 - 00000111,none,2024-09-19,KATERYNA T,none,6.0,EUR,none,False
fde60f79-bdc1-4069-884b-c8eb3490dc31,000000 - 00000111,none,2024-09-20,VDC-LIDL IRELAND L,none,-3.19,EUR,none,False
991d42e0-5a57-4e60-b022-5cac75a7e97b,000000 - 00000001,none,2024-09-20,VDC-IT TRALEE NORT,none,-3.3,EUR,none,False
67112a50-9d79-4cb1-aa47-c648df3dff98,000000 - 00000001,none,2024-09-20,VDP-YOUNG ADULT ST,none,-10.0,EUR,none,False
6376e410-b653-4d5f-8258-b35b1b630a7d,000000 - 00000001,none,2024-09-20,VDP-LEAP CARD APP,none,-5.0,EUR,none,False
f0aa03ce-42f9-4913-b8ae-5faf70c69423,000000 - 00000001,none,2024-09-20,BIN BAN TEO W38,Account Number: 000000 - 00000003,302.32,EUR,none,False
87f9b37a-9656-47da-a6b4-6ecb98303a96,000000 - 00000111,none,2024-09-20,VDC-IT TRALEE NORT,none,-3.3,EUR,none,False
e4b3c72e-4319-4c4b-af51-185a08e3172f,000000 - 00000111,none,2024-09-20,VDC-TESCO STORES 3,none,-13.8,EUR,none,False
4a77431d-8f9e-4670-83d4-7fd6e02d820a,000000 - 00000111,none,2024-09-20,VDC-PENNEYS TRALEE,none,-16.0,EUR,none,False
da689cb6-fe6f-4d44-a7fe-adc2a166fcd4,000000 - 00000001,none,2024-09-23,VDC-LIDL IRELAND L,none,-19.29,EUR,none,False
1beb6568-c15c-4925-9661-6adfab0fb230,000000 - 00000111,none,2024-09-23,VDC-JOHN BENNYS PU,none,-23.5,EUR,none,False
e6a367a5-6769-4f38-bafb-da7280febe63,000000 - 00000111,none,2024-09-23,VDC-TESCO STORES 3,none,-0.8,EUR,none,False
6891077d-e702-4502-b711-16e8ddda78fa,000000 - 00000111,none,2024-09-23,VDC-LIDL IRELAND L,none,-3.37,EUR,none,False
8132bf17-cf3f-4b95-ae5e-a85e5c74b967,000000 - 00000111,none,2024-09-23,VDC-LIDL IRELAND L,none,-1.98,EUR,none,False
c9d33a8e-4d11-42a7-a14a-0e85d08e440a,000000 - 00000111,none,2024-09-23,*ATMLDG TRALEE   B,Card ending: 3430,100.0,EUR,none,False
0d4eadfc-df43-41aa-98fb-59670dafa3c6,000000 - 00000111,none,2024-09-23,VDP-LEAP CARD APP,none,-15.0,EUR,none,False
64208994-e41e-4b4e-8d40-1a39d7e9fbd8,000000 - 00000111,none,2024-09-24,VDC-THE AQUADOME,none,-3.0,EUR,none,False
e2881a89-bf1b-4340-b6ae-6b1e514612de,000000 - 00000111,none,2024-09-24,VDC-MCDONALDS TRAL,none,-9.6,EUR,none,False
e22f03a2-9187-4c8a-b34d-08070a9d7af7,000000 - 00000111,none,2024-09-24,VDC-IT TRALEE NORT,none,-4.6,EUR,none,False
9638e7cc-98a8-4020-ae24-be93ea169a1a,000000 - 00000111,none,2024-09-24,VDC-BOOTS RETAIL17,none,-7.49,EUR,none,False
b9724a35-d399-4f3c-8e12-7b40bc64ab13,000000 - 00000111,none,2024-09-24,VDP-ELECTRIC IRELA,none,-143.16,EUR,none,False
7229da1a-4d3c-4250-bbbd-2c4392cccf2e,000000 - 00000001,none,2024-09-24,VDC-IT TRALEE NORT,none,-3.2,EUR,none,False
d386fe7a-ea64-4b03-b854-28c3840cf91d,000000 - 00000001,none,2024-09-25,VDC-IT TRALEE NORT,none,-3.2,EUR,none,False
c7238624-b992-4492-aa08-34471eddb2e0,000000 - 00000111,none,2024-09-25,VDC-LIDL IRELAND L,none,-1.38,EUR,none,False
5fe30d03-75f7-419f-9a0d-cb3e08e16318,000000 - 00000111,none,2024-09-25,VDC-MCDONALDS TRAL,none,-3.6,EUR,none,False
cf70a1df-3e68-4cfa-ba94-346db341a173,000000 - 00000111,none,2024-09-26,VDC-LIDL IRELAND L,none,-1.98,EUR,none,False
bfdccf4c-4542-471c-be76-389713e2c506,000000 - 00000001,none,2024-09-26,VDP-Spotify P302C7,none,-5.99,EUR,none,False
7f4aa8c9-a3ec-414b-962a-9bb98bb4a524,000000 - 00000111,none,2024-09-27,*ATMLDG TRELEE,Card ending: 3430,200.0,EUR,none,False
a0c08f9a-65df-406c-87a4-cca555dfa42e,000000 - 00000111,none,2024-09-27,VDC-IT TRALEE NORT,none,-3.2,EUR,none,False
e5b01bad-fa64-42ec-a88f-67c6c9696ae6,000000 - 00000001,none,2024-09-30,VDC-SumUp  *Yusuf,none,-7.0,EUR,none,False
10022daf-d6db-416e-8c7f-078bc4b707f3,000000 - 00000001,none,2024-09-30,VDC-LIDL IRELAND L,none,-38.08,EUR,none,False
5b6701a8-1d94-4935-825d-e7d9d2db63f2,000000 - 00000001,none,2024-09-30,VDC-LIDL IRELAND L,none,-3.63,EUR,none,False
96f1e902-574f-4626-b6b5-d6226e608cd7,000000 - 00000001,none,2024-09-30,VDC-LANA TRALEE,none,-35.0,EUR,none,False
583dec2a-8fe5-4e13-8d85-eaf1ca1545c4,000000 - 00000001,none,2024-09-30,FEE-QTR TO 30AUG24,Account Number: 000000 - 00000002,-22.1,EUR,none,False
6f44dc45-8948-48a8-bfd8-c6a40052f3f7,000000 - 00000001,none,2024-09-30,FEES REFUNDED,Account Number: 000000 - 00000002,22.1,EUR,none,False
4f5031ae-61d1-45a6-b332-3e1b949887b6,000000 - 00000001,none,2024-09-30,ANNA,none,414.0,EUR,none,False
45c42d7c-2764-480b-bf17-27839bb2412d,000000 - 00000001,none,2024-09-30,ANNA,none,334.1,EUR,none,False
65a1f780-6351-4f21-bfeb-b060d71907c5,000000 - 00000111,none,2024-09-30,VDC-T K MAXX,none,-15.0,EUR,none,False
3b88bbfe-9f34-4396-9edd-868f8cb671c5,000000 - 00000001,none,2024-09-30,VDC-SQ *MADDENS,none,-9.4,EUR,none,False
6542369a-0bd3-4d88-b6e3-d743981a35ab,000000 - 00000111,none,2024-09-30,VDC-SAM MC CAULEY,none,-5.45,EUR,none,False
8727598d-9c48-41eb-b55c-c8a1dda7b156,000000 - 00000111,none,2024-09-30,VDC-PENNEYS TRALEE,none,-4.9,EUR,none,False
0c753dee-59fe-48b2-9025-1e99c3726029,000000 - 00000111,none,2024-09-30,VDC-LIDL IRELAND L,none,-24.28,EUR,none,False
76fdbfc6-a50a-4ad1-880d-3b11c609c224,000000 - 00000111,none,2024-09-30,VDC-LIDL IRELAND L,none,-5.13,EUR,none,False
63102df4-2f41-449a-a651-b81a2e6fad0c,000000 - 00000111,none,2024-09-30,VDC-LIDL IRELAND L,none,-3.63,EUR,none,False
25c87feb-b8cc-4586-9d85-f0e60aa883f0,000000 - 00000111,none,2024-09-30,VDC-ALDI 105 873,none,-1.49,EUR,none,False
db27436c-62e0-401d-8182-830f5243f6e5,000000 - 00000111,none,2024-09-30,FEE-QTR TO 30AUG24,000000 - 00000112,-11.35,EUR,none,False
8e9f6916-8c24-4a34-a450-7e4892f5154a,000000 - 00000111,none,2024-09-30,VDP-VESTA  *EIR TO,none,-20.0,EUR,none,False
eb1f1ccd-f195-4fca-9583-d490883c3ab9,000000 - 00000111,none,2024-10-01,VDC-IT TRALEE NORT,none,-1.8,EUR,none,False
7f31a3e1-22b0-462a-8007-9e3755c6552a,000000 - 00000001,none,2024-10-01,VDP-COMPLETESAVE.I,none,-15.0,EUR,none,False
106bc502-5040-492f-b8f4-9887c629da31,000000 - 00000001,none,2024-10-01,VDC-IT TRALEE NORT,none,-3.2,EUR,none,False
1221bf36-2ffd-430b-af98-daa434b1bd22,000000 - 00000111,none,2024-10-02,VDC-TESCO STORES 3,none,-3.5,EUR,none,False
910d38c8-95e5-4812-b92c-d7a48ab422a5,000000 - 00000111,none,2024-10-02,VDC-SumUp  *Vape s,none,-7.0,EUR,none,False
23a731b8-bc91-4f41-a8ba-7bd8096f376b,000000 - 00000111,none,2024-10-02,VDC-LIDL IRELAND L,none,-1.64,EUR,none,False
686c3bb2-f78b-4e1e-bf69-a97c08011a57,000000 - 00000111,none,2024-10-02,VDC-IT TRALEE NORT,none,-3.2,EUR,none,False
12d0da2e-c677-4cd3-bc29-1407356c95fd,000000 - 00000001,none,2024-10-02,ANNA,none,0.0,EUR,none,False
071cd8f8-d0f0-4780-8ec8-726ce0134b16,000000 - 00000001,none,2024-10-02,ATM CASTLE ST 2,02OCT24 TIME 14:57,-20.0,EUR,none,False
4a4da1bb-1a98-4cc5-8bfe-76080112c5f0,000000 - 00000111,none,2024-10-03,VDP-OMNIPLEX SERVI,none,-17.99,EUR,none,False
c533f7aa-0fe2-4598-bc43-5965dc847077,000000 - 00000001,none,2024-10-03,VDC-IT TRALEE NORT,none,-3.2,EUR,none,False
2a349c26-a90b-44ff-bca5-5bf140bf2cb6,000000 - 00000001,none,2024-10-03,VDC-PEPCO 1624,none,-4.0,EUR,none,False
e3e0fc35-a039-4f40-951f-4037506e7526,000000 - 00000111,none,2024-10-03,VDC-IT TRALEE NORT,none,-5.0,EUR,none,False
07ae01f8-0969-4bb0-b761-7a273ce6c807,000000 - 00000111,none,2024-10-03,VDC-LIDL IRELAND L,none,-4.99,EUR,none,False
5c60dec2-8785-4920-90e0-cf05f85070c9,000000 - 00000001,none,2024-10-04,*MOBI  TOP-UP,000000007,-20.0,EUR,none,False
13fa41d7-b16e-49cb-977a-754aa85531c2,000000 - 00000111,none,2024-10-04,VDC-ZARA CORK,none,-22.05,EUR,none,False
ae53a74c-7e7d-43cf-a501-e95d0f6d2cce,000000 - 00000111,none,2024-10-04,VDC-TST-HANA - Mar,none,-11.0,EUR,none,False
6cb387d7-6023-4faa-a563-46b919436b94,000000 - 00000111,none,2024-10-04,VDC-TIGER STORES,none,-1.15,EUR,none,False
2d5e72ef-bfb6-4b8a-85ca-06735d177cd5,000000 - 00000001,none,2024-10-04,VDC-TST-HANA - Mar,none,-12.5,EUR,none,False
f39816c3-f115-483c-bef7-6d2787aff98e,000000 - 00000001,none,2024-10-04,VDC-TIGER STORES,none,-1.15,EUR,none,False
bd69c2a3-fcf5-456c-b226-ca0639b48e5a,000000 - 00000111,none,2024-10-07,VDC-TESCO STORES 3,none,-2.4,EUR,none,False
67dbcd14-4bd8-4f60-b520-bcc86d300402,000000 - 00000111,none,2024-10-07,VDC-LIDL IRELAND L,none,-6.58,EUR,none,False
480bf73d-dc0e-4e4d-acee-4f74b166e12d,000000 - 00000111,none,2024-10-07,VDC-LIDL IRELAND L,none,-0.99,EUR,none,False
4d25687e-7107-4a31-a3b6-bed44ef77891,000000 - 00000111,none,2024-10-07,VDP-APPLE.COM/BILL,none,-2.99,EUR,none,False
239ed92f-2d06-4d98-a9ed-f4f3ac4f2178,000000 - 00000111,none,2024-10-07,*ATMLDG TRELEE,Card ending: 3430,50.0,EUR,none,False
012a7a88-25c1-436d-9d68-3ee37c142ac5,000000 - 00000001,none,2024-10-07,VDC-IT TRALEE NORT,none,-3.2,EUR,none,False
99a414c4-4688-4210-93fb-675934999903,000000 - 00000111,none,2024-10-07,*MOBI KATE,none,-10.0,EUR,none,False
c3e2a4ea-c113-4de8-9353-e2ed85f3c0c6,000000 - 00000001,none,2024-10-07,VDC-LIDL IRELAND L,none,-20.39,EUR,none,False
5a007ac8-a0be-4ff4-838f-e3829b024f9a,000000 - 00000001,none,2024-10-07,VDC-SumUp  *Yusuf,none,-5.5,EUR,none,False
b1cbd999-a531-44fc-90e7-a8b1f400bb8c,000000 - 00000001,none,2024-10-07,VDC-IT TRALEE NORT,none,-1.8,EUR,none,False
0bdb0b57-c6cf-487e-b8c1-b1cf72061ee9,000000 - 00000001,none,2024-10-07,VDC-LIDL IRELAND L,none,-15.44,EUR,none,False
c8ad8a99-1f0b-4ef5-8ac5-9a232fdf9475,000000 - 00000111,none,2024-10-08,VDP-LEAP CARD APP,none,-10.0,EUR,none,False
6df0581c-d27c-4361-9841-d9f9f8475df2,000000 - 00000111,none,2024-10-08,VDC-ALDI 105 873,none,-2.34,EUR,none,False
246492fe-0b55-4e55-b567-7fb811aca22b,000000 - 00000111,none,2024-10-08,VDC-IT TRALEE NORT,none,-1.8,EUR,none,False
596ecb41-4328-4021-bc58-40487b8cebf6,000000 - 00000111,none,2024-10-08,VDC-LIDL IRELAND L,none,-6.45,EUR,none,False
c329db0b-c8a5-4cc7-86a2-392eb29fc25e,000000 - 00000111,none,2024-10-08,VDC-SumUp  *Vape s,none,-7.0,EUR,none,False
ea881300-ffe2-4921-a8ec-d77aa73f6aea,000000 - 00000001,none,2024-10-08,VDC-LIDL IRELAND L,none,-9.75,EUR,none,False
ba04ed73-fb6b-42c1-9a48-2f1f36407e87,000000 - 00000001,none,2024-10-08,VDP-LEAP CARD APP,none,-5.0,EUR,none,False
fe1e4187-0be0-47d5-b9af-1473f38b2327,000000 - 00000111,none,2024-10-09,VDC-THE COIN OFF L,none,-2.0,EUR,none,False
86b0417c-9ce1-4f1f-ac4f-e6002e346a91,000000 - 00000111,none,2024-10-09,VDC-LIDL IRELAND L,none,-1.98,EUR,none,False
78812a92-7e27-48f6-84d7-7f2b600f8caf,000000 - 00000111,none,2024-10-09,VDC-IT TRALEE NORT,none,-3.2,EUR,none,False
cd612478-6417-4b40-bbb9-2053c7d93b81,000000 - 00000001,none,2024-10-10,VDC-IT TRALEE NORT,none,-1.8,EUR,none,False
cd9eca29-aa81-41d8-9a96-d900ef777e08,000000 - 00000001,none,2024-10-10,VDC-PATCHINOS COFF,none,-4.0,EUR,none,False
4731a993-41a2-43b1-a210-b973a7588351,000000 - 00000111,none,2024-10-10,VDC-PATCHINOS COFF,none,-3.4,EUR,none,False
7754fddb-0628-47c6-a4f6-b813f907dbd9,000000 - 00000111,none,2024-10-10,VDC-LIDL IRELAND L,none,-6.04,EUR,none,False
df4abfc7-eae3-42eb-bedd-d8cf1796be26,000000 - 00000111,none,2024-10-10,VDC-IT TRALEE NORT,none,-1.8,EUR,none,False
0bc1ec2e-7b89-4d84-9622-56a3735d7420,000000 - 00000001,none,2024-10-11,VDC-IT TRALEE NORT,none,-3.2,EUR,none,False
246d6763-fe6e-44de-85bf-fbe44c8889f2,000000 - 00000111,none,2024-10-11,VDC-IT TRALEE NORT,none,-1.7,EUR,none,False
e8260315-7dff-4fda-84ae-65283f5e6e6d,000000 - 00000111,none,2024-10-14,*ATMLDG TRELEE,Card ending: 3430,50.0,EUR,none,False
7800ec27-dee6-4065-9546-90998302e6b2,000000 - 00000001,none,2024-10-14,VDC-SUPER ASIA FOO,none,-5.42,EUR,none,False
e711e8c6-f63a-4669-8211-ac7a1ad4e043,000000 - 00000111,none,2024-10-14,VDC-COSTA COFFEE,none,-5.95,EUR,none,False
759ba56d-3bf9-4ef1-8426-89e92cd63d95,000000 - 00000001,none,2024-10-14,VDC-PULL AND BEAR,none,-29.99,EUR,none,False
1e950055-4c03-4d62-9b4e-aca32b2e73e2,000000 - 00000001,none,2024-10-14,VDC-LIDL IRELAND L,none,-19.36,EUR,none,False
90595f6f-ccdf-47c1-9d0b-30106f1480f2,000000 - 00000001,none,2024-10-14,VDC-IT TRALEE NORT,none,-1.8,EUR,none,False
e5b56e83-c320-400e-a03d-d4cb4f9e132f,000000 - 00000001,none,2024-10-14,VDC-IRISH RAIL TRA,none,-32.0,EUR,none,False
d9c0c700-67a2-490e-961f-a5e0581c4e59,000000 - 00000001,none,2024-10-14,VDC-BOOTS RETAIL17,none,-25.98,EUR,none,False
129da6cb-770e-4622-b721-d78b1bf61b76,000000 - 00000001,none,2024-10-14,VDC-ASIA MARKET-RE,none,-24.55,EUR,none,False
551c2ec9-00fb-43f4-9c61-74f37e36a13a,000000 - 00000001,none,2024-10-14,ZA SODZY,none,9.5,EUR,none,False
b3ad481e-6c8a-4bd4-8ad6-d62ee589f7bb,000000 - 00000111,none,2024-10-14,VDC-LIDL IRELAND L,none,-6.56,EUR,none,False
820bf876-6850-4dd7-a5ff-d41265cd37cd,000000 - 00000111,none,2024-10-14,VDC-LIDL IRELAND L,none,-6.26,EUR,none,False
632f46d2-a39d-4851-b558-2b7a445f9b3c,000000 - 00000001,none,2024-10-15,VDP-LEAP CARD APP,none,-10.0,EUR,none,False
d81d4a01-1285-40b2-80e3-6dcc944954ea,000000 - 00000111,none,2024-10-15,VDC-IT TRALEE NORT,none,-1.8,EUR,none,False
9143049c-5c10-4364-a16b-405e029b444c,000000 - 00000111,none,2024-10-15,VDC-IT TRALEE NORT,none,-3.2,EUR,none,False
239ac630-cacb-4c33-bd09-9f50b8e7513c,000000 - 00000111,none,2024-10-15,VDC-LIDL IRELAND L,none,-6.15,EUR,none,False
cda58049-a5cd-43e2-b1bf-53419d775d18,000000 - 00000111,none,2024-10-16,VDC-IT TRALEE NORT,none,-3.2,EUR,none,False
126d2b9c-5eef-4f10-817c-4dba422534a8,000000 - 00000111,none,2024-10-16,VDC-IT TRALEE NORT,none,-1.8,EUR,none,False
9ff0bf4f-bc5c-49fa-b420-dbb2fbac0ad2,000000 - 00000111,none,2024-10-17,VDC-LIDL IRELAND L,none,-0.99,EUR,none,False
34109f91-9fe5-4412-bca2-1781afba76d3,000000 - 00000111,none,2024-10-17,VDC-LIDL IRELAND L,none,-13.46,EUR,none,False
3821c7ce-aa40-4da3-9413-a3e71bfd5157,000000 - 00000001,none,2024-10-17,VDC-LIDL IRELAND L,none,-3.97,EUR,none,False
7f268f0d-3ebf-4608-b532-6dacec5cb4aa,000000 - 00000111,none,2024-10-17,VDC-IT TRALEE NORT,none,-3.2,EUR,none,False
c7dab159-f404-4fe1-a751-f6f5726354c3,000000 - 00000111,none,2024-10-18,*ATMLDG TRELEE,Card ending: 3430,200.0,EUR,none,False
66e3e7f6-ce37-45cc-9db1-fc3dbfe3cae8,000000 - 00000111,none,2024-10-18,VDC-E SMOKE STORE,none,-8.0,EUR,none,False
2ffe0f2f-3594-4de9-be58-a27b60604a0d,000000 - 00000111,none,2024-10-18,VDC-IT TRALEE NORT,none,-1.7,EUR,none,False
26ce5f40-616e-4a2e-99a9-37f4586ce477,000000 - 00000111,none,2024-10-18,VDC-IT TRALEE NORT,none,-1.8,EUR,none,False
a2fbfd11-77c7-4560-a8dc-e82ab36907ce,000000 - 00000111,none,2024-10-18,VDC-IT TRALEE NORT,none,-1.8,EUR,none,False
d1beeca5-a0a2-4c8a-a8e1-a78b42f498e2,000000 - 00000111,none,2024-10-18,VDC-TESCO STORES 3,none,-5.75,EUR,none,False
7ca6beee-04a7-4215-b9ac-ed29360bc970,000000 - 00000111,none,2024-10-18,VDC-Ugly Mug,none,-4.3,EUR,none,False
20c94787-ca25-4170-bbb3-2a3090ae220c,000000 - 00000111,none,2024-10-21,KATERYNA T,none,7.0,EUR,none,False
78546aab-3d2a-45da-a07d-d0ee4435b649,000000 - 00000111,none,2024-10-21,VDC-IT TRALEE NORT,none,-3.2,EUR,none,False
2f44189d-1b17-49a6-a7aa-aa91d0492691,000000 - 00000111,none,2024-10-21,VDC-LIDL IRELAND L,none,-4.6,EUR,none,False
7c9dcc46-94b1-4779-9e1c-e3764e5c158d,000000 - 00000001,none,2024-10-21,VDP-AMZN Mktp UK*T,none,-65.8,EUR,none,False
8934ebad-95da-450a-9c87-4d6ef411bded,000000 - 00000001,none,2024-10-21,VDC-PEPCO 1624,none,-10.4,EUR,none,False
250722b8-bb60-486f-97d8-8ed0c25a6905,000000 - 00000001,none,2024-10-21,VDC-TESCO STORES 3,none,-4.38,EUR,none,False
b11fa7d5-a2bf-4273-9465-9e3f668ed7dd,000000 - 00000111,none,2024-10-21,VDC-GARVEYS SUPERV,none,-2.99,EUR,none,False
30f2ddd7-f8c2-45ca-aea1-0e70a8e74f37,000000 - 00000111,none,2024-10-21,VDC-DUNNES TRALEE,none,-24.36,EUR,none,False
755cc96c-47f7-4749-a592-dadb7dc70293,000000 - 00000111,none,2024-10-22,VDC-BOOTS RETAIL17,none,-7.49,EUR,none,False
0d0aa878-d0af-4a3c-8799-2e472b754ace,000000 - 00000111,none,2024-10-22,VDC-DUNNES TRALEE,none,-14.84,EUR,none,False
c7d8bb0a-5c76-4bff-8822-3a698d6ba414,000000 - 00000111,none,2024-10-22,VDC-IT TRALEE NORT,none,-1.8,EUR,none,False
5beec3f2-21f1-439e-9bf7-250237cb2374,000000 - 00000111,none,2024-10-22,VDC-TESCO STORES 3,none,-1.7,EUR,none,False
12e0fd40-c6b6-4aae-ba55-adf6d14fbf56,000000 - 00000111,none,2024-10-22,VDC-IT TRALEE NORT,none,-3.2,EUR,none,False
c4289d57-76b8-4291-bee7-59462b2c6818,000000 - 00000001,none,2024-10-22,VDC-LIDL IRELAND L,none,-10.05,EUR,none,False
2e90bc41-c2b8-46fe-b4b1-a3a5667f3d4b,000000 - 00000111,none,2024-10-23,VDC-IT TRALEE NORT,none,-2.6,EUR,none,False
e8ca979c-329b-4013-9ae4-8899afb301e4,000000 - 00000111,none,2024-10-23,VDC-IT TRALEE NORT,none,-1.8,EUR,none,False
7e05bd29-0f7c-4af0-b31a-1e85044c6b17,000000 - 00000111,none,2024-10-23,VDP-TCARD,none,-5.0,EUR,none,False
0cd5444c-b761-43aa-bb49-71f2188ef624,000000 - 00000111,none,2024-10-23,VDC-LIDL IRELAND L,none,-11.23,EUR,none,False
40891fbf-f00e-44dd-a190-572d234141a7,000000 - 00000111,none,2024-10-24,VDC-IT TRALEE NORT,none,-3.2,EUR,none,False
48406522-e4cb-42f6-99f3-1f3f573d4717,000000 - 00000001,none,2024-10-24,VDC-TESCO STORES 3,none,-7.19,EUR,none,False
d4f9c473-a520-4e00-84ee-fa78db3ed4ef,000000 - 00000111,none,2024-10-24,VDC-IT TRALEE NORT,none,-5.0,EUR,none,False
ed94d119-118e-423c-9524-cef7a23be6c9,000000 - 00000111,none,2024-10-24,VDC-LIDL IRELAND L,none,-9.52,EUR,none,False
06cd1132-6b24-463d-8093-04be50089325,000000 - 00000111,none,2024-10-24,VDC-Vape shop,none,-7.0,EUR,none,False
0ba20551-ec58-4b62-a021-ed500b589e2c,000000 - 00000111,none,2024-10-24,VDC-IT TRALEE NORT,none,-1.7,EUR,none,False
1da1bed2-14d6-4af1-bdb9-3351d2426a7a,000000 - 00000111,none,2024-10-25,VDC-IT TRALEE NORT,none,-5.0,EUR,none,False
d933d4bb-3ab3-4bf4-aebd-8bc99e44d4fc,000000 - 00000111,none,2024-10-25,VDC-LIDL IRELAND L,none,-6.17,EUR,none,False
895b988a-a6a3-40c3-a651-ca53e7c0da1d,000000 - 00000111,none,2024-10-29,VDP-LEAP CARD APP,none,-10.0,EUR,none,False
49fafd19-a6e6-47d9-a609-d65d950485ca,000000 - 00000111,none,2024-10-29,VDP-Vesta EIR TopU,none,-20.0,EUR,none,False
e940bbe9-d707-418b-8404-eafc534f53c5,000000 - 00000111,none,2024-10-29,VDC-Byrnesworth,none,-1.8,EUR,none,False
a067219d-4cf3-416f-b0f1-a3d420538617,000000 - 00000111,none,2024-10-29,VDC-BOOTS RETAIL17,none,-5.64,EUR,none,False
37388ad0-52ff-49bc-9739-560119a609f7,000000 - 00000111,none,2024-10-29,VDC-CLAIRES ACCESS,none,-9.99,EUR,none,False
b11c4bed-0cab-4a49-911c-b16092184c74,000000 - 00000111,none,2024-10-29,VDC-DINANOS PIZZA,none,-5.5,EUR,none,False
80860f0d-a2da-4f29-b955-63a688d7beeb,000000 - 00000111,none,2024-10-29,VDC-HENNESSY'S BAR,none,-8.8,EUR,none,False
593aaa72-5db2-4245-9ec3-08b2b35b3569,000000 - 00000111,none,2024-10-29,VDC-LIDL IRELAND L,none,-2.97,EUR,none,False
00aeb3fb-6402-4fb9-822e-863e0280528d,000000 - 00000111,none,2024-10-29,*ATMLDG TRELEE,Card ending: 3430,250.0,EUR,none,False
217782c1-1832-4e52-a700-266ee3442a9c,000000 - 00000001,none,2024-10-29,VDC-SQ *BRIO BRUNC,none,-4.5,EUR,none,False
0bc652d7-cc43-461e-9d8b-5a29c04f1774,000000 - 00000001,none,2024-10-29,VDP-AN POST-OFFICE,none,-2.1,EUR,none,False
31e57e4a-9f7b-40cf-aff0-f07875444e89,000000 - 00000001,none,2024-10-29,VDP-AN POST-OFFICE,none,-591.58,EUR,none,False
3e5ff4e3-86d1-4ac1-86d9-83477bd20bc2,000000 - 00000001,none,2024-10-29,VDP-AN POST-OFFICE,none,-655.5,EUR,none,False
7c4a5aa8-12c5-4fe6-a42e-49b66dd8c079,000000 - 00000001,none,2024-10-29,VDP-Spotify P30F4E,none,-5.99,EUR,none,False
ccd33262-22c9-47f5-9f3a-77f50755fa62,000000 - 00000001,none,2024-10-29,VDP-TAKE AWAY ORDE,none,-14.0,EUR,none,False
40c46a50-3c01-4415-89a6-3acc1a861272,000000 - 00000001,none,2024-10-29,VDP-TAKE AWAY ORDE,none,-15.5,EUR,none,False
8762e20e-09ba-4af6-9154-f6def8c2e809,000000 - 00000001,none,2024-10-29,VDC-BOOTS RETAIL17,none,-13.99,EUR,none,False
051085e7-992a-42d2-a34b-90cfcf5b8464,000000 - 00000001,none,2024-10-29,VDC-EUROGIANT TRAL,none,-3.75,EUR,none,False
7738f2a0-032e-4db5-b9d0-b7413e2b5746,000000 - 00000111,none,2024-10-29,VDC-LIDL IRELAND L,none,-18.37,EUR,none,False
4dc9e78f-adcb-423b-8b89-b94d4b918c4f,000000 - 00000001,none,2024-10-29,VDC-HENNESSY'S BAR,none,-6.3,EUR,none,False
47c08e9f-8437-49bd-babf-7a0c05063cab,000000 - 00000001,none,2024-10-29,VDC-LIDL IRELAND L,none,-45.99,EUR,none,False
6c304a6f-7d22-42dc-bb6a-0f6a5f3df2c3,000000 - 00000001,none,2024-10-29,VDC-MCCAFFREYS BAR,none,-15.0,EUR,none,False
f1d7d327-ae88-48cd-8ec2-9693842b5396,000000 - 00000001,none,2024-10-29,VDC-PENNEYS TRALEE,none,-40.95,EUR,none,False
254219db-265c-48af-97be-181f6f950c11,000000 - 00000001,none,2024-10-29,VDC-PEPCO 1624,none,-2.0,EUR,none,False
008059d9-3305-4e27-95b2-a991f7947fe8,000000 - 00000001,none,2024-10-29,VDC-SQ *MADDENS,none,-8.7,EUR,none,False
bb285a96-b884-4cea-9cd8-a56547cb40d0,000000 - 00000111,none,2024-10-29,VDC-MCCAFFREYS BAR,none,-6.0,EUR,none,False
9a46e8e4-3869-4e42-8b10-0fb0fcfe79d6,000000 - 00000001,none,2024-10-29,VDP-AN POST-OFFICE,none,-8.1,EUR,none,False
5e192af7-5315-4f42-a3f4-6aaa89a77a53,000000 - 00000111,none,2024-10-29,VDC-MCDONALDS TRAL,none,-11.2,EUR,none,False
a0981a7f-726f-4b41-94b4-ead54cb23d1c,000000 - 00000111,none,2024-10-29,VDC-PENNEYS TRALEE,none,-7.0,EUR,none,False
5d575609-290e-47bf-849e-6d2143e0c558,000000 - 00000111,none,2024-10-29,VDC-SQ *BRIO BRUNC,none,-4.0,EUR,none,False
19ad33ae-47c7-4c0b-9e6f-2aa3432fc48d,000000 - 00000111,none,2024-10-29,VDC-TESCO STORES 3,none,-1.74,EUR,none,False
6cbdfc3c-4894-4256-a218-4f997e0f185c,000000 - 00000111,none,2024-10-29,VDC-VAPECENTRIC,none,-15.0,EUR,none,False
c3690bcd-808b-4c28-b794-38971f19b88e,000000 - 00000111,none,2024-10-29,VDC-MCCAFFREYS BAR,none,-10.0,EUR,none,False
4d2f34b4-cf4a-40de-a344-5197f9031027,000000 - 00000111,none,2024-10-30,VDC-Ugly Mug,none,-4.3,EUR,none,False
1d5bd644-09a8-4669-a7cb-526b196841f3,000000 - 00000001,none,2024-10-30,VDC-PEPCO 1624,none,-1.5,EUR,none,False
6fa63a28-d9df-4db2-9f09-377c68c2cc49,000000 - 00000001,none,2024-10-30,VDC-BOOTS RETAIL17,none,-3.36,EUR,none,False
2efbb53d-e3f9-4cff-bb44-e8f206b8d5e6,000000 - 00000001,none,2024-10-31,KATERYNA FRIEND,none,5.0,EUR,none,False
d333c258-154b-40fc-9095-058375e2a5b9,000000 - 00000001,none,2024-10-31,VDP-COMPLETESAVE.I,none,-15.0,EUR,none,False
b5e4f00e-81b5-4c1e-8802-f588a3ff06f0,000000 - 00000001,none,2024-10-31,VDC-EUROGIANT TRAL,none,-4.0,EUR,none,False
eab3dbc7-95ca-4494-a30b-cef47dc1c864,000000 - 00000001,none,2024-10-31,VDC-IT TRALEE NORT,none,-2.45,EUR,none,False
5cc5a868-f2f6-4ee1-806b-3ca35330d096,000000 - 00000001,none,2024-10-31,VDC-TESCO STORES 3,none,-10.35,EUR,none,False
418081f1-5eb6-4940-8abb-9d11dd93cda9,000000 - 00000011,none,2024-10-31,VDC-IT TRALEE NORT,none,-2.45,EUR,none,False
2a068490-f937-4aac-bb44-44aa00540d20,000000 - 00000011,none,2024-10-31,VDC-EUROGIANT TRAL,none,-4.0,EUR,none,False
672c0d0a-5c02-43d0-9f7b-a3ca06bfa671,000000 - 00000011,none,2024-10-31,VDP-COMPLETESAVE.I,none,-15.0,EUR,none,False
31ad028f-c072-4418-84ae-453bf80c8e46,000000 - 00000011,none,2024-10-31,KATERYNA FRIEND FRIEND,none,5.0,EUR,none,False
cbb94408-0985-4c12-8271-6ce8826c4ffb,000000 - 00000111,none,2024-10-31,VDC-IT TRALEE NORT,none,-5.0,EUR,none,False
bf3996ba-2128-4db7-a3fd-5143678989de,000000 - 00000111,none,2024-10-31,VDC-DUNNES TRALEE,none,-0.95,EUR,none,False
9011a513-c1e8-4d90-870e-146caac17500,000000 - 00000111,none,2024-10-31,VDP-VESTA  *EIR TO,none,-20.0,EUR,none,False
84567b24-ad87-4827-8280-e6a19dc8a4ec,000000 - 00000011,none,2024-10-31,VDC-TESCO STORES 3,none,-10.35,EUR,none,False
1f30e19a-729b-4fd2-a5f0-e80982b27819,000000 - 00000011,none,2024-11-01,T00000033,SCHOLARSHIP,0.0,EUR,none,False
620faa03-0b30-4667-b875-9da248d15a9d,000000 - 00000011,none,2024-11-01,VDP-IT TRALEE SERV,none,-95.0,EUR,none,False
0a53c93e-df86-4f1c-983b-b25ec5dc44ee,000000 - 00000011,none,2024-11-01,*MOBI  TOP-UP,000000008,-20.0,EUR,none,False
008f139c-5baa-462e-94a0-35d8dec7abf5,000000 - 00000001,none,2024-11-01,*MOBI  TOP-UP,000000007,-20.0,EUR,none,False
3d2bcc6c-4c07-4c14-b028-7a16f2892f5d,000000 - 00000001,none,2024-11-01,VDP-IT TRALEE SERV,none,-95.0,EUR,none,False
a104e9d1-fc10-4681-9b28-6f38e683c88c,000000 - 00000001,none,2024-11-01,T00000022,SCHOLARSHIP,0.0,EUR,none,False
ef89b0ce-1104-4f22-a469-4f8425ac092e,000000 - 00000111,none,2024-11-01,T00000044,SCHOLARSHIP,0.0,EUR,none,False
5b63483d-6724-4538-a4dd-085ee0737edb,000000 - 00000111,none,2024-11-01,VDC-LIDL IRELAND L,none,-7.22,EUR,none,False
91c72fea-cea9-4c7c-99f3-47296c9d668d,000000 - 00000111,none,2024-11-01,VDC-Ugly Mug,none,-3.8,EUR,none,False
7bb330c1-f3bb-4d11-9662-beb5dc36411c,000000 - 00000111,none,2024-11-04,VDC-LIDL IRELAND L,none,-7.7,EUR,none,False
f52ffe05-704b-4c49-9d5b-edefc213e6b1,000000 - 00000111,none,2024-11-04,VDC-T K MAXX,none,-2.99,EUR,none,False
f76a2871-8dd5-4d5b-98e2-dbf6848d31b5,000000 - 00000111,none,2024-11-04,VDC-TESCO STORES 3,none,-3.75,EUR,none,False
512407a7-88d1-49cf-b554-d0b0eb607196,000000 - 00000111,none,2024-11-04,VDC-VAPECENTRIC,none,-15.0,EUR,none,False
e218d279-b42b-4acf-b9fd-ad81a7b937d2,000000 - 00000111,none,2024-11-04,VDC-LIDL IRELAND L,none,-2.96,EUR,none,False
6ed44ead-4058-4989-a66d-44173cd2ed61,000000 - 00000111,none,2024-11-04,VDC-HENNESSY'S BAR,none,-6.2,EUR,none,False
f56d539e-d524-4f8a-bf71-bf3b4f0a2938,000000 - 00000011,none,2024-11-04,VDC-PEWEX,none,-6.57,EUR,none,False
9a1cf4ea-40c6-4be9-b77a-2bf4ddfc3a13,000000 - 00000011,none,2024-11-04,VDC-LIDL IRELAND L,none,-27.67,EUR,none,False
920f3264-0cb2-488c-a951-56c43f5ed9a9,000000 - 00000011,none,2024-11-04,VDC-LIDL IRELAND L,none,-0.75,EUR,none,False
a69a0d0c-97c4-46d9-8b43-dd7e7230152a,000000 - 00000011,none,2024-11-04,VDP-PAYPAL *ITUNES,none,-5.08,EUR,none,False
7c33c12e-dc9e-4a0b-8b88-c6b196703544,000000 - 00000011,none,2024-11-04,VDP-IT TRALEE SERV,none,-95.0,EUR,none,False
182d0930-3c49-48cb-a74a-51b80801c63f,000000 - 00000011,none,2024-11-04,ATM CASTLE ST 2,01NOV24 TIME 18:57,-500.0,EUR,none,False
e1827395-e9dd-45ad-99e7-909cbb6033a4,000000 - 00000111,none,2024-11-04,VDC-COSTA,none,-5.1,EUR,none,False
4cbed193-48aa-48b8-9975-a945cc405fb9,000000 - 00000111,none,2024-11-04,VDC-C.H.CHEMISTS,none,-20.0,EUR,none,False
eb49af8e-88ab-4f39-905d-e25d0df23ccf,000000 - 00000111,none,2024-11-04,VDC-BOOTS RETAIL17,none,-14.98,EUR,none,False
919be59d-b1b5-419e-b544-96fce7596484,000000 - 00000111,none,2024-11-04,VDP-OMNIPLEX SERVI,none,-17.99,EUR,none,False
4bb39d21-787e-4d64-beff-8285398f0baa,000000 - 00000111,none,2024-11-04,VDP-IT TRALEE SERV,none,-95.0,EUR,none,False
c687c6fb-bdde-4fb1-9bd5-d23508a2bffb,000000 - 00000111,none,2024-11-04,BB,none,50.0,EUR,none,False
213dbc3a-f55b-4fc9-988e-a17d2208f7bc,000000 - 00000111,none,2024-11-04,VDC-SQ *BRIO BRUNC,none,-4.0,EUR,none,False
59d1d7a1-a712-48e4-bd33-92a883c4a015,000000 - 00000111,none,2024-11-04,VDC-MCDONALDS TRAL,none,-8.9,EUR,none,False
bdc28e75-6554-4ad0-9c49-89d5c553f072,000000 - 00000011,none,2024-11-05,ZA TORTIK,none,3.0,EUR,none,False
546afa11-0adb-4a45-9bb7-87a70f195bd3,000000 - 00000011,none,2024-11-05,VDP-LEAP CARD APP,none,-15.0,EUR,none,False
80ccc0e5-9b74-49fc-9348-bbcc0045fb4a,000000 - 00000111,none,2024-11-05,*MOBI ANNE,none,-3.0,EUR,none,False
0b5ba28c-a4ad-4c8e-9bc9-5adde8a8ba9c,000000 - 00000111,none,2024-11-05,*MOBI KATE,none,-20.0,EUR,none,False
01a78bfc-727d-4bb5-891b-d5b2b8cb736c,000000 - 00000111,none,2024-11-05,VDP-APPLE.COM/BILL,none,-2.99,EUR,none,False
23248f92-4c1c-4eb3-9da1-5617f5cf7cdb,000000 - 00000111,none,2024-11-05,VDC-FOCUS,none,-2.0,EUR,none,False
0dfd94ea-2117-4b12-84bb-89d7a2e6ab6f,000000 - 00000111,none,2024-11-05,VDC-GARVEYS SUPERV,none,-18.35,EUR,none,False
2262c66b-ced7-46b1-ba64-d37dd7999751,000000 - 00000111,none,2024-11-05,VDC-IT TRALEE NORT,none,-1.8,EUR,none,False
61d5b5e6-222e-4567-ba31-fa53714d2a19,000000 - 00000111,none,2024-11-05,VDC-IT TRALEE NORT,none,-3.2,EUR,none,False
446e70a9-14eb-4919-8d6d-0729fc93aa6c,000000 - 00000111,none,2024-11-05,VDC-LIDL IRELAND L,none,-2.99,EUR,none,False
ff644d5d-fcd3-45d7-9308-b8e4a814a0af,000000 - 00000111,none,2024-11-05,VDC-MCDONALDS TRAL,none,-11.1,EUR,none,False
89101748-beac-4738-968a-a521fa135045,000000 - 00000111,none,2024-11-05,VDC-THE AQUADOME,none,-3.0,EUR,none,False
9c7ce3e6-e386-4a40-8e4f-0448635d26a7,000000 - 00000011,none,2024-11-06,VDC-IT TRALEE NORT,none,-1.8,EUR,none,False
222d4e11-4a60-4148-8371-7bd73c2881d7,000000 - 00000111,none,2024-11-06,VDC-DUNNES TRALEE,none,-4.3,EUR,none,False
224b8c48-39b5-4a0a-b852-7d3872c043d8,000000 - 00000111,none,2024-11-06,VDC-IT TRALEE NORT,none,-1.8,EUR,none,False
33eef823-c99c-45fd-8afe-ab1da5ae99f2,000000 - 00000111,none,2024-11-06,VDC-IT TRALEE NORT,none,-3.2,EUR,none,False
0b30bcf8-611f-43a4-a12a-ca7030eab6c1,000000 - 00000111,none,2024-11-07,VDC-IT TRALEE NORT,none,-1.8,EUR,none,False
1bc41a04-5c4e-49d0-9ae7-b9a21c95217f,000000 - 00000111,none,2024-11-07,VDC-LIDL IRELAND L,none,-4.72,EUR,none,False
78883a73-e6aa-461e-b40c-a1eaa52664cc,000000 - 00000011,none,2024-11-07,VDP-FBD INSURANCE,none,-80.0,EUR,none,False
7c34dc89-56ca-4b52-aff4-3a1b7e542300,000000 - 00000011,none,2024-11-07,VDC-MERCURY FOOD D,none,-3.93,EUR,none,False
6e6f4003-015a-4e4e-942c-47cb0fa25f61,000000 - 00000111,none,2024-11-08,VDC-IT TRALEE NORT,none,-1.8,EUR,none,False
78e7b1a0-9d2d-4cfe-a3b6-f062cc416189,000000 - 00000111,none,2024-11-08,VDC-IT TRALEE NORT,none,-5.0,EUR,none,False
10b0c164-3884-4a94-9b8d-27f815360a12,000000 - 00000011,none,2024-11-08,VDP-WWW.DRIVINGTES,none,-85.0,EUR,none,False
7c390b17-4ce5-495f-a548-7c11a2fee8b2,000000 - 00000011,none,2024-11-08,VDC-LIDL IRELAND L,none,-7.15,EUR,none,False
48a61b45-2b3d-4b19-88d2-a9681d4dc63b,000000 - 00000011,none,2024-11-08,VDC-SQ *MADDENS,none,-9.4,EUR,none,False
1f74b0bc-3fd7-4803-96b4-a06193274543,000000 - 00000111,none,2024-11-08,VDC-PENNEYS TRALEE,none,-5.0,EUR,none,False
46a917eb-45cf-44ba-8231-d8a659b50190,000000 - 00000111,none,2024-11-11,VDC-Vape shop,none,-7.0,EUR,none,False
3b36ec25-0812-428a-bf18-90b422fd7d3b,000000 - 00000111,none,2024-11-11,VDC-Ugly Mug,none,-4.3,EUR,none,False
a1c03f4e-efdb-4e28-b74c-0cc9410d3bd3,000000 - 00000111,none,2024-11-11,VDC-TESCO STORES 3,none,-3.5,EUR,none,False
ed991593-203d-461c-9115-f5e5f1812765,000000 - 00000111,none,2024-11-11,VDC-MCDONALDS TRAL,none,-6.5,EUR,none,False
062ce8ed-a7b3-493d-af6b-bb952c293b43,000000 - 00000111,none,2024-11-11,VDC-LIDL IRELAND L,none,-8.18,EUR,none,False
fe1be95a-e3fe-4729-a022-da2b39000f08,000000 - 00000011,none,2024-11-11,VDC-T K MAXX,none,-50.96,EUR,none,False
7e395d7a-aa5e-495d-8ca7-f8e09eb5157f,000000 - 00000011,none,2024-11-11,VDC-LIDL IRELAND L,none,-20.5,EUR,none,False
a6559fd8-9972-4f29-900b-d4f6d375ce29,000000 - 00000111,none,2024-11-12,VDC-SQ *BRIO BRUNC,none,-4.0,EUR,none,False
2d097c1a-8088-4138-82fe-21dd2b8ec154,000000 - 00000011,none,2024-11-13,VDC-IT TRALEE NORT,none,-3.2,EUR,none,False
4da0ee21-abc7-47e4-9c08-0a87b664975a,000000 - 00000111,none,2024-11-13,VDC-THE RANGE,none,-11.9,EUR,none,False
e8ac85a8-5cba-4299-99de-88559f3824bd,000000 - 00000111,none,2024-11-13,VDC-TESCO STORES 3,none,-3.75,EUR,none,False
4b027ef9-6c4d-4a23-b3b4-106a0e111308,000000 - 00000111,none,2024-11-13,VDC-TESCO STORES 3,none,-2.25,EUR,none,False
74213d12-cf9d-4a9b-852e-875914dee7b0,000000 - 00000111,none,2024-11-13,VDC-IT TRALEE NORT,none,-4.4,EUR,none,False
bd6018b3-2afb-49b5-895e-9d7fdf7407c4,000000 - 00000011,none,2024-11-13,VDC-LIDL IRELAND L,none,-5.42,EUR,none,False
a993b29c-ff85-4faa-bfbf-386a8842d7cd,000000 - 00000111,none,2024-11-14,VDP-notino.ie,none,-152.49,EUR,none,False
ddc90cb0-2dca-4144-89b0-390bad9a9a58,000000 - 00000111,none,2024-11-14,VDC-LIDL IRELAND L,none,-13.37,EUR,none,False
7a2f1c6e-c78a-4d81-8c03-a6fbd62faaa8,000000 - 00000111,none,2024-11-14,VDC-IT TRALEE NORT,none,-3.2,EUR,none,False
52503f91-ef8b-46de-a63d-303dcc5ec727,000000 - 00000111,none,2024-11-14,VDC-IT TRALEE NORT,none,-1.8,EUR,none,False
563b0078-c9f1-432d-94e8-02533ca74ec9,000000 - 00000111,none,2024-11-14,VDC-IT TRALEE NORT,none,-1.7,EUR,none,False
0ecfb96a-56b3-47ad-b1cb-8fd3b47fb8ba,000000 - 00000111,none,2024-11-14,VDC-IT TRALEE NORT,none,-1.0,EUR,none,False
c492c486-2467-4f93-b3e1-bf2ab15c5b5d,000000 - 00000011,none,2024-11-14,VDC-PENNEYS TRALEE,none,-6.0,EUR,none,False
8fd96885-bc17-44fb-a90d-2fad73c72b38,000000 - 00000011,none,2024-11-14,ATM CASTLE ST 1,13NOV24 TIME 13:30,-30.0,EUR,none,False
709fd6cb-e7ac-4d05-8755-e41fa54ec5e1,000000 - 00000111,none,2024-11-14,VDC-GARVEYS SUPERV,none,-2.45,EUR,none,False
137b3e42-2667-4bba-9320-c3a634a8f31e,000000 - 00000111,none,2024-11-14,*MOBI KATE,none,-30.0,EUR,none,False
570b890f-8fea-4a86-b001-c9124dfd23cc,000000 - 00000111,none,2024-11-15,VDC-IT TRALEE NORT,none,-1.8,EUR,none,False
ac1873a1-87e5-4359-8dc1-5242eac63467,000000 - 00000011,none,2024-11-15,VDP-VISA APPLICATI,none,-175.75,EUR,none,False
6ad15dd0-bdb5-428d-888b-40fb3cf53e60,000000 - 00000011,none,2024-11-15,*ATMLDG TRALEE   C,Card ending: 0011,50.0,EUR,none,False
b522eb17-9933-4d0d-9039-bfbe304ca7cd,000000 - 00000011,none,2024-11-15,*ATMLDG TRALEE   C,none,0.0,EUR,none,False
532baaf6-8f50-46d9-9829-2ee17a0f5487,000000 - 00000011,none,2024-11-15,VDC-LIDL IRELAND L,none,-2.98,EUR,none,False
ca153725-a1c1-4be6-aa59-867b809fcb80,000000 - 00000011,none,2024-11-15,VDC-IT TRALEE NORT,none,-3.2,EUR,none,False
57a9b3cf-b3ec-454d-86dd-49348897ae75,000000 - 00000011,none,2024-11-15,VDP-PREMIUM DELIVE,none,-31.0,EUR,none,False
481fe7c4-d88f-47f6-a1b4-026bf32f50b2,000000 - 00000111,none,2024-11-15,VDC-IT TRALEE NORT,none,-3.2,EUR,none,False
b59ad926-839e-4376-818a-2f37c9293a55,000000 - 00000011,none,2024-11-18,VDP-IRISH RAIL 618,none,-63.96,EUR,none,False
98e39a50-1d95-478d-aaa2-69762b3edcdc,000000 - 00000011,none,2024-11-18,T00000033,SCHOLARSHIP,0.0,EUR,none,False
a880dec0-aefe-4061-a448-25b9307d8da9,000000 - 00000011,none,2024-11-18,VDC-CW Henry St I0,none,-14.58,EUR,none,False
18cdced8-37d0-43b0-9cde-9b7410c69c84,000000 - 00000011,none,2024-11-18,VDC-H & M,none,-19.98,EUR,none,False
bf834d1f-5e5e-4a5a-a615-ba099346a338,000000 - 00000011,none,2024-11-18,VDC-C.H.CHEMISTS,none,-15.0,EUR,none,False
f391a397-b407-421f-92d3-3efb600d3685,000000 - 00000111,none,2024-11-18,VDC-SQ *MADDENS,none,-4.0,EUR,none,False
a2f227d7-6606-4be2-9ff7-e30a45f2b657,000000 - 00000111,none,2024-11-18,VDC-MCDONALDS TRAL,none,-9.7,EUR,none,False
8e85de3a-e6c7-4dc1-8ca9-e55f30818ef5,000000 - 00000111,none,2024-11-18,VDC-LIDL IRELAND L,none,-22.07,EUR,none,False
88a34b8d-7689-4992-b2b1-e010b4420676,000000 - 00000011,none,2024-11-18,VDC-DUNNES TRALEE,none,-20.59,EUR,none,False
5f13d873-630e-4e9f-9c95-05de6eec3ff3,000000 - 00000111,none,2024-11-18,VDP-EVER DISH,none,-17.0,EUR,none,False
eaa3799f-a61f-4013-af39-9f730bc9c7b8,000000 - 00000111,none,2024-11-18,VDC-LIDL IRELAND L,none,-2.98,EUR,none,False
27434e03-344e-4a87-9da5-52f2a34ede75,000000 - 00000011,none,2024-11-18,VDC-KIKO Milano,none,-8.99,EUR,none,False
1e10cea9-96c3-45dd-911f-0164e83d9a09,000000 - 00000111,none,2024-11-18,T00000044,SCHOLARSHIP,0.0,EUR,none,False
abb740c6-5ea6-4999-9827-8e4e254145d9,000000 - 00000011,none,2024-11-19,VDC-NANAS TEA,none,-12.5,EUR,none,False
2f84bd6c-1d74-4bec-a58d-46e8a69528e6,000000 - 00000011,none,2024-11-19,VDC-LIDL IRELAND L,none,-10.37,EUR,none,False
cc4fa6d4-5c0f-4ca5-8f87-ef518d0dc622,000000 - 00000111,none,2024-11-19,VDC-LIDL IRELAND L,none,-11.78,EUR,none,False
733b2e16-95af-4c76-85d4-b5013db6ff08,000000 - 00000011,none,2024-11-20,VDC-LIDL IRELAND L,none,-1.78,EUR,none,False
6e55e251-507a-48e5-883a-d20a2eb26ef2,000000 - 00000011,none,2024-11-20,VDP-shein.com,none,-26.13,EUR,none,False
11d73ea4-a1f5-40e2-956b-755a355de260,000000 - 00000011,none,2024-11-20,ZA KONFETI,none,3.06,EUR,none,False
6c85c108-e6bc-4837-a22f-8f96ed241055,000000 - 00000111,none,2024-11-20,VDC-IT TRALEE NORT,none,-5.0,EUR,none,False
7bb9f46e-d3a5-400c-a910-a0723a7cb2a6,000000 - 00000111,none,2024-11-20,VDC-TESCO STORES 3,none,-1.75,EUR,none,False
1ecb32ad-60ab-4c6b-87d0-616c23dcdd59,000000 - 00000011,none,2024-11-20,VDC-SQ *BRIO BRUNC,none,-8.4,EUR,none,False
1829f3c0-63ec-4d43-a3aa-156ca807d40d,000000 - 00000111,none,2024-11-21,VDC-IT TRALEE NORT,none,-3.2,EUR,none,False
57840a1b-9107-4e74-8349-1f6dfcc44fe0,000000 - 00000111,none,2024-11-21,VDC-LIDL IRELAND L,none,-8.3,EUR,none,False
bf45df28-c0d6-44d9-b1de-aa1ed4ea905e,000000 - 00000011,none,2024-11-21,VDC-MERCURY FOOD D,none,-20.06,EUR,none,False
ad2ba37c-185d-40a1-b1fb-89ae5ffc2e4b,000000 - 00000011,none,2024-11-21,VDC-SQ *MADDENS,none,-8.9,EUR,none,False
9dd9bb06-3e3c-41d1-be80-9471368c95b9,000000 - 00000011,none,2024-11-21,VDC-TESCO STORES 3,none,-4.65,EUR,none,False
0bbf9b86-fa31-4342-adbb-013c7018644f,000000 - 00000011,none,2024-11-22,VDP-LEAP CARD APP,none,-20.0,EUR,none,False
96e447c9-294b-41fa-b23b-a3f9e04ab882,000000 - 00000011,none,2024-11-22,VDC-BOOTS RETAIL17,none,-13.99,EUR,none,False
560dea97-ff8f-4409-bac7-352b4b5260ee,000000 - 00000111,none,2024-11-22,VDC-IT TRALEE NORT,none,-1.8,EUR,none,False
83729a3f-6733-4024-8c10-28fcb20e9471,000000 - 00000111,none,2024-11-22,VDP-VESTA  *EIR TO,none,-20.0,EUR,none,False
72ed054a-fa49-4b72-b8fa-76369a3fe7c4,000000 - 00000111,none,2024-11-25,VDC-T K MAXX,none,-12.99,EUR,none,False
af319494-bfcf-474a-bcc6-e4e571d2c8be,000000 - 00000111,none,2024-11-25,VDC-THE DAILY GRIN,none,-4.6,EUR,none,False
9c9b4054-b340-48c9-81a9-1a675c6a24a7,000000 - 00000111,none,2024-11-25,VDC-THE DAILY GRIN,none,-12.95,EUR,none,False
ec9bc7a0-422d-4472-be35-d36708f8c66c,000000 - 00000111,none,2024-11-25,VDC-VAPECENTRIC,none,-15.0,EUR,none,False
4bfeb2ca-3641-4715-9137-f5df98ed4a92,000000 - 00000111,none,2024-11-25,VDC-PEPCO 1624,none,-5.5,EUR,none,False
cd08e039-d694-4ac8-bb6b-54182274f822,000000 - 00000111,none,2024-11-25,VDP-ZoundIndustrie,none,-79.0,EUR,none,False
a69a15db-9e99-4c2c-b9d0-7b8d39174536,000000 - 00000111,none,2024-11-25,VDC-LIDL IRELAND L,none,-7.5,EUR,none,False
860b3b57-1258-4b3c-ae89-4bcd8942728b,000000 - 00000011,none,2024-11-25,VDC-Yusuf Spice,none,-1.75,EUR,none,False
73f2f301-f267-4b45-a9fb-cbb285251540,000000 - 00000111,none,2024-11-25,VDC-TESCO STORES 3,none,-5.79,EUR,none,False
09728884-ed8b-4c3f-a9af-24d615c28de2,000000 - 00000011,none,2024-11-25,VDC-LIDL IRELAND L,none,-17.51,EUR,none,False
6a5615f8-34e5-4be1-a23d-1c6b001d166e,000000 - 00000011,none,2024-11-25,VDC-HARVEY NORMAN,none,-259.0,EUR,none,False
a40fb7e2-00b4-4dfe-a54f-3efaf01004ab,000000 - 00000111,none,2024-11-25,VDC-MCDONALDS TRAL,none,-15.5,EUR,none,False
03cb5ccf-ee85-40f9-b1a0-eaa76bf537d9,000000 - 00000111,none,2024-11-25,VDC-SUMUP  *YUSUF,none,-10.25,EUR,none,False
1544b177-05af-45c7-94d7-f090782a64de,000000 - 00000111,none,2024-11-26,VDC-IT TRALEE NORT,none,-5.3,EUR,none,False
4c2feeed-af01-459c-9900-a373d03e0159,000000 - 00000111,none,2024-11-26,VDC-IT TRALEE NORT,none,-5.0,EUR,none,False
0e23864e-6ffc-46cf-a225-01a64aaecac8,000000 - 00000011,none,2024-11-26,VDP-Spotify P31C39,none,-5.99,EUR,none,False
821638a8-6280-4201-983b-f6e03839ca78,000000 - 00000011,none,2024-11-26,VDC-IT TRALEE NORT,none,-1.8,EUR,none,False
80d8e07e-5f2d-424b-ab38-d10b2d28a38d,000000 - 00000111,none,2024-11-27,VDP-ELECTRIC IRELA,none,-66.62,EUR,none,False
7dfc30c3-69bb-4de9-9222-def40e07db54,000000 - 00000111,none,2024-11-27,VDP-VESTA  *EIR TO,none,-20.0,EUR,none,False
112c9a48-c9e3-4589-b002-281e899a77df,000000 - 00000011,none,2024-11-27,ZA STAYKIDS,none,182.0,EUR,none,False
b04adc2f-f51c-4acd-8dd8-899f08caf1eb,000000 - 00000011,none,2024-11-27,VDP-PAYPAL *EN ROU,none,-48.01,EUR,none,False
40263e04-e983-4b58-97dc-3d00da9add6b,000000 - 00000011,none,2024-11-28,VDP-OPENAI *CHATGP,24.60 USD@,-24.05,EUR,none,False
21a9c81d-7eea-4c59-8cf5-ca85db7939f2,000000 - 00000111,none,2024-11-28,VDP-H  M Hennes  M,none,-171.77,EUR,none,False
3ae7cb13-e3b6-445c-8426-3cfa40404579,000000 - 00000011,none,2024-11-28,VDP-TICKETMASTER S,none,-546.5,EUR,none,False
0079e7e0-355a-441c-a06e-8c64a049930b,000000 - 00000011,none,2024-11-28,VDP-shein.com,none,-19.84,EUR,none,False
99fa7a95-1081-4613-99d6-e69e44ab5edf,000000 - 00000111,none,2024-11-29,VDC-LIDL IRELAND L,none,-3.0,EUR,none,False
85f29449-b5da-4976-88dd-f78455b47d53,000000 - 00000011,none,2024-11-29,VDC-IT TRALEE NORT,none,-3.5,EUR,none,False
fec1e69b-3ac9-4a5d-974e-a190e3044e54,000000 - 00000011,none,2024-11-29,*MOBI  TOP-UP,000000008,-20.0,EUR,none,False
d154c4c1-6b80-44e6-a3de-053352d27cfb,000000 - 00000011,none,2024-11-29,ATM TRALEE   B,29NOV24 TIME 13:06,0.0,EUR,none,False
e6d20d8a-722c-4e4e-bf57-b962781b019b,000000 - 00000111,none,2024-11-29,VDC-IT TRALEE NORT,none,-1.8,EUR,none,False
a520d080-ef01-42f7-812f-d3313dfebb8c,000000 - 00000011,none,2024-12-02,VDP-FREENOW* BO8AR,none,-12.4,EUR,none,False
499a280d-4aaa-497c-95dc-a1bc1d99bbff,000000 - 00000011,none,2024-12-02,VDP-COMPLETESAVE.I,none,-15.0,EUR,none,False
fbe94cf9-4cad-47a6-9a37-9ff654cf5aaf,000000 - 00000011,none,2024-12-02,VDP-YESSTYLE.COM L,none,-47.49,EUR,none,False
091775ec-baa3-4d75-ad5d-0e579426955d,000000 - 00000111,none,2024-12-02,VDP-shein.com,none,-106.48,EUR,none,False
58b3df2a-b05e-4a77-bd50-6810a5cf76db,000000 - 00000111,none,2024-12-02,VDP-BEAUTY BAY LTD,none,-36.15,EUR,none,False
8b511934-c485-45c4-a3fc-2aa7f463adb2,000000 - 00000111,none,2024-12-02,VDP-TM *TICKETMAST,none,-166.75,EUR,none,False
73b286f6-6e3e-4573-93d1-d48ddbb0b2f7,000000 - 00000111,none,2024-12-02,VDC-DUNNES TRALEE,none,-2.99,EUR,none,False
df33dd1d-f60b-4a86-925f-80f86b4a0e15,000000 - 00000111,none,2024-12-02,VDC-EUROGIANT TRAL,none,-3.0,EUR,none,False
fc520b28-45d2-4a80-8a61-8d91c924a15c,000000 - 00000111,none,2024-12-02,VDC-MCDONALDS TRAL,none,-11.6,EUR,none,False
a185221d-33fe-42cc-b371-5ab59bcd7cbf,000000 - 00000111,none,2024-12-02,VDC-PENNEYS TRALEE,none,-8.0,EUR,none,False
66ce236c-9f93-4119-9ff2-c15878389d0a,000000 - 00000111,none,2024-12-02,VDC-PENNEYS TRALEE,none,-12.9,EUR,none,False
92af8b1a-679d-473e-b862-7f9d4ca4effd,000000 - 00000111,none,2024-12-02,VDC-Vape shop,none,-7.0,EUR,none,False
77fa2b4b-e4c7-4570-b24e-db849386de08,000000 - 00000111,none,2024-12-03,VDP-OMNIPLEX SERVI,none,-17.99,EUR,none,False
ad929996-daf2-46e6-acfa-d62d4fcf16bb,000000 - 00000011,none,2024-12-03,VDC-LIDL IRELAND L,none,-21.72,EUR,none,False
eddae369-6f58-42d4-946b-2192045f34e0,000000 - 00000111,none,2024-12-03,VDC-IT TRALEE NORT,none,-1.8,EUR,none,False
a24fb50d-7846-4bdf-8b81-9f4c15070f61,000000 - 00000111,none,2024-12-03,VDC-IT TRALEE NORT,none,-3.2,EUR,none,False
401e33e3-5ea8-4466-876e-21cf38e0289a,000000 - 00000111,none,2024-12-03,VDC-LIDL IRELAND L,none,-5.66,EUR,none,False
53e5848b-fa8e-4d57-a64e-aa12cf98512a,000000 - 00000111,none,2024-12-03,VDC-IT TRALEE NORT,none,-3.5,EUR,none,False
912bc40a-fe72-4abf-b3d1-d06ab481502d,000000 - 00000111,none,2024-12-04,VDC-IT TRALEE NORT,none,-1.8,EUR,none,False
51ffdcd9-7090-41ae-9497-654b82abcf43,000000 - 00000011,none,2024-12-04,ATM CASTLE ST 1,04DEC24 TIME 11:52,-600.0,EUR,none,False
85056e8e-b7a0-4542-b67a-c61357e9e004,000000 - 00000011,none,2024-12-04,MNOGO MANI,none,3.4,EUR,none,False
04931fe0-e3bc-46be-8780-2a5da5d07192,000000 - 00000111,none,2024-12-04,VDC-IT TRALEE NORT,none,-3.4,EUR,none,False
38fee073-a86d-4409-91a4-4bef79540c27,000000 - 00000011,none,2024-12-04,*MOBI ZA TAKSI,none,-15.0,EUR,none,False
314e0edd-3907-4b5d-8cfb-817526379a70,000000 - 00000011,none,2024-12-04,VDP-GlobalE /SKIMS,none,-86.0,EUR,none,False
5994bfbe-0c7d-4326-a63e-287c7ddc1148,000000 - 00000111,none,2024-12-04,VDC-LIDL IRELAND L,none,-8.18,EUR,none,False
0fdc0a23-cd25-4d57-a281-c720b1c94001,000000 - 00000111,none,2024-12-05,VDC-PEPCO 1624,none,-3.25,EUR,none,False
0301ab52-706d-45d5-ad37-e5c1515f775d,000000 - 00000111,none,2024-12-05,VDC-TESCO STORES 3,none,-3.5,EUR,none,False
3d332cda-5ad3-49da-a16b-a4387c47aae4,000000 - 00000111,none,2024-12-05,VDC-Ugly Mug,none,-4.3,EUR,none,False
ebd77fd5-4a7f-40a8-aa6b-b39ed1e8242d,000000 - 00000111,none,2024-12-05,VDP-APPLE.COM/BILL,none,-2.99,EUR,none,False
9541aa91-772a-41b7-b6b4-8ee0052b03ec,000000 - 00000111,none,2024-12-05,VDP-LEAP CARD APP,none,-10.0,EUR,none,False
5a2ed48b-aded-46e1-ae45-8086b7bfe259,000000 - 00000111,none,2024-12-06,VDC-IT TRALEE NORT,none,-1.8,EUR,none,False
a6eb484e-5e0d-4de4-9b77-770fb4b58480,000000 - 00000111,none,2024-12-06,VDC-IT TRALEE NORT,none,-3.2,EUR,none,False
8fae7f3d-380a-4db4-b2f5-e0369374ec25,000000 - 00000111,none,2024-12-06,VDC-LIDL IRELAND L,none,-1.29,EUR,none,False
ef9c572b-fa13-4f24-b22b-c6d32ced3154,000000 - 00000111,none,2024-12-06,VDP-TCARD,none,-5.0,EUR,none,False
f256bdce-8c24-4ea3-a101-38055a05a4a8,000000 - 00000011,none,2024-12-09,VDC-LIDL IRELAND L,none,-9.65,EUR,none,False
0e32a49d-4fbc-4ebd-90a6-803db16f8084,000000 - 00000011,none,2024-12-09,VDC-PENNEYS TRALEE,none,-8.0,EUR,none,False
51f6a7f1-c555-46fe-9d28-f9fbe670b97d,000000 - 00000011,none,2024-12-09,VDC-DUNNES TRALEE,none,-25.5,EUR,none,False
aff10292-367a-40b4-a5e2-ed9f83d80392,000000 - 00000011,none,2024-12-09,VDC-TESCO STORES 3,none,-2.0,EUR,none,False
215cc9c0-606e-4080-8d94-37f0fe863c0f,000000 - 00000111,none,2024-12-09,VDP-RITUALS COSMET,none,-36.72,EUR,none,False
d813dfea-919e-468f-9c00-ba222d5cbb7c,000000 - 00000111,none,2024-12-09,VDC-LIDL IRELAND L,none,-9.14,EUR,none,False
4853ab55-190f-4904-be59-728e924b61a4,000000 - 00000111,none,2024-12-09,VDP-shein.com,none,-58.12,EUR,none,False
78c9bb6c-8af6-45f3-9602-4bf5a7296a81,000000 - 00000111,none,2024-12-09,VDP-CHARLOTTE TILB,none,-94.55,EUR,none,False
ab1eb878-a0fb-41b3-9d8b-910ec74fe6e7,000000 - 00000011,none,2024-12-09,VDC-Yusuf Spice,none,-3.5,EUR,none,False
5aea9aa8-d102-4d3d-85e2-2d134a5cf48e,000000 - 00000111,none,2024-12-09,VDC-Ugly Mug,none,-4.3,EUR,none,False
c52719f7-2253-4bdb-868b-7f6006d49b92,000000 - 00000111,none,2024-12-09,VDC-VAPECENTRIC,none,-15.0,EUR,none,False
a26c773e-34b2-4dbe-8ad8-be733a869417,000000 - 00000111,none,2024-12-10,VDP-RYANAIR     EQ,none,-61.07,EUR,none,False
28eda392-628a-4ccc-90a9-86ee9ee67aa9,000000 - 00000111,none,2024-12-10,VDC-LIDL IRELAND L,none,-2.98,EUR,none,False
f82b1059-d23a-4f5d-a723-0dee016bbedf,000000 - 00000111,none,2024-12-10,VDC-T K MAXX,none,-14.98,EUR,none,False
bed7bec8-d381-4eab-91a7-5d19ac60e5df,000000 - 00000111,none,2024-12-10,VDC-THE RANGE,none,-12.5,EUR,none,False
81287cb1-f24b-41bd-ad6d-fb6825a5b08b,000000 - 00000111,none,2024-12-10,VDC-Ugly Mug,none,-4.3,EUR,none,False
f2dcc9d0-6c4c-43f2-bff0-cb28e8e3c023,000000 - 00000111,none,2024-12-10,VDC-Vape shop,none,-7.0,EUR,none,False
0393490b-6540-4ff9-8f0f-7ae8231a12e9,000000 - 00000111,none,2024-12-11,VDC-MERCURY FOOD D,none,-20.9,EUR,none,False
e8f9fd0f-b054-4f72-a2e1-2ce431773570,000000 - 00000011,none,2024-12-11,VDC-LIDL IRELAND L,none,-4.65,EUR,none,False
271529b8-d2b1-4953-b920-f978026ce231,000000 - 00000011,none,2024-12-11,VDC-SUMUP  *YUSUF,none,-18.5,EUR,none,False
052a850c-48c2-488d-867b-00e401771d82,000000 - 00000111,none,2024-12-12,VDC-TESCO STORES 3,none,-4.65,EUR,none,False
e7dc8974-fb4c-40f1-9ef1-8697e3de9515,000000 - 00000011,none,2024-12-12,VDC-PEPCO 1624,none,-7.5,EUR,none,False
d0ab93df-ea63-4160-9819-9506881da70b,000000 - 00000011,none,2024-12-12,VDC-TESCO STORES 3,none,-2.0,EUR,none,False
f5ff8432-ffdf-4884-a992-988eb63b5661,000000 - 00000011,none,2024-12-12,VDP-PAYPAL *KHOJAE,none,-52.0,EUR,none,False
58683e82-999c-4aad-8ccd-ddf37e41dff9,000000 - 00000111,none,2024-12-13,VDC-LIDL IRELAND L,none,-7.13,EUR,none,False
21345f51-3d6f-4457-ab67-7710fbfe0979,000000 - 00000111,none,2024-12-13,T00000044,SCHOLARSHIP,0.0,EUR,none,False
e7e41a2a-2fd0-4797-8c13-0a2110389669,000000 - 00000011,none,2024-12-13,VDC-C.H.CHEMISTS,none,-3.45,EUR,none,False
dc7d978f-1d3c-4e21-bedd-0a2a735d9d05,000000 - 00000011,none,2024-12-13,T00000033,SCHOLARSHIP,0.0,EUR,none,False
40d856f3-fed8-41b2-8894-6dd47cc09400,000000 - 00000011,none,2024-12-16,ATM TRALEE   B,15DEC24 TIME 11:49,-50.0,EUR,none,False
3a980b80-fafb-4b46-9433-71ca3c71fd40,000000 - 00000111,none,2024-12-16,VDC-LIDL IRELAND L,none,-1.09,EUR,none,False
f8935a4a-33ad-4254-bb2d-83c3f8481f74,000000 - 00000011,none,2024-12-16,VDC-Yusuf Spice,none,-6.0,EUR,none,False
6614048f-f230-46fc-95af-e14eed51b0fe,000000 - 00000111,none,2024-12-16,VDC-VAPECENTRIC,none,-15.0,EUR,none,False
4a7dd8b4-9c11-4a5e-a259-a8a2ee67dbea,000000 - 00000111,none,2024-12-16,VDC-Ugly Mug,none,-4.3,EUR,none,False
ded61075-98e0-4ea6-a6e4-38f50634d5ab,000000 - 00000111,none,2024-12-16,VDC-LIDL IRELAND L,none,-4.87,EUR,none,False
52359010-e22c-4dd3-80c8-4a84a43840a7,000000 - 00000111,none,2024-12-16,VDC-IRISH RAIL TRA,none,-4.3,EUR,none,False
8077c187-8552-449a-8794-d5514404edef,000000 - 00000011,none,2024-12-16,VDC-LIDL IRELAND L,none,-3.82,EUR,none,False
d7885014-3985-465b-a54d-eba25c938a4f,000000 - 00000011,none,2024-12-17,VDC-LIDL IRELAND L,none,-11.16,EUR,none,False
84ffd3da-550e-44c2-89fa-e7b72c5465ce,000000 - 00000011,none,2024-12-17,VDC-KINGDOM FOOD A,none,-12.0,EUR,none,False
4acb8dc2-0633-48c9-bc1c-08f7f49793c9,000000 - 00000111,none,2024-12-17,VDC-LIDL IRELAND L,none,-5.07,EUR,none,False
23e48688-6b10-4669-b487-382587d19b1f,000000 - 00000011,none,2024-12-18,VDC-THE KIOSK RAIL,none,-2.0,EUR,none,False
1cefbe65-129d-4c62-9446-67d2f4b5a1e1,000000 - 00000111,none,2024-12-18,VDP-LEAP CARD APP,none,-5.0,EUR,none,False
be567b7d-d9ef-4453-99ca-5876b34b3f96,000000 - 00000111,none,2024-12-19,VDC-LIDL IRELAND L,none,-22.35,EUR,none,False
400d6ef3-7f1f-4e6a-9dbc-d3e2653500f3,000000 - 00000011,none,2024-12-20,VDP-IRISH RAIL 757,none,-15.0,EUR,none,False
144a57f4-31a3-4292-a871-0ad9b7e87b32,000000 - 00000111,none,2024-12-20,VDP-VESTA  *EIR TO,none,-20.0,EUR,none,False
29d8a642-cf00-4089-b12c-9f9cff74514b,000000 - 00000111,none,2024-12-20,VDC-MCDONALDS TRAL,none,-13.7,EUR,none,False
1dc95fa8-9c88-4c87-af4a-1bd63d89bf7f,000000 - 00000111,none,2024-12-23,VDC-GARVEYS SUPERV,none,-17.75,EUR,none,False
5a2af772-5410-436f-b570-bd139df53f11,000000 - 00000011,none,2024-12-23,VDC-GARVEYS SUPERV,none,-6.47,EUR,none,False
4f2e1c7d-9ee7-4ee2-a02a-27e38eb4809e,000000 - 00000011,none,2024-12-23,VDC-DUNNES TRALEE,none,-43.72,EUR,none,False
7c653563-eeb4-4bce-a96e-885c33954d8c,000000 - 00000011,none,2024-12-23,VDC-C.H.CHEMISTS,none,-9.9,EUR,none,False
3748ff54-4994-4a5f-a902-0ac460793033,000000 - 00000111,none,2024-12-23,VDP-EVER DISH,none,-17.0,EUR,none,False
261242e3-c7ba-4606-b883-99dafc0cfa68,000000 - 00000111,none,2024-12-23,VDC-DER OSULLIVANS,none,-15.0,EUR,none,False
23d784d5-e048-42ba-91ab-3965a8dec5c6,000000 - 00000111,none,2024-12-23,VDC-CARRYOUT OFF L,none,-16.8,EUR,none,False
dd535ac7-aa41-473e-b04d-a5756c6f6cbc,000000 - 00000011,none,2024-12-23,VDC-Petit Delice D,none,-3.7,EUR,none,False
81cbf5c4-4e45-4aff-8048-b34f5b28839e,000000 - 00000111,none,2024-12-23,VDC-EUROGIANT TRAL,none,-5.5,EUR,none,False
640e0b37-78d2-4081-9e88-4b0eb75ba94e,000000 - 00000011,none,2024-12-23,VDC-PENNEYS TRALEE,none,-9.0,EUR,none,False
0629dfe2-767c-45a0-a0cf-8bfa745533cf,000000 - 00000011,none,2024-12-23,VDC-PENNEYS TRALEE,none,-21.8,EUR,none,False
f48eab50-66da-456c-9f19-e4b5ae8e3e37,000000 - 00000011,none,2024-12-23,VDC-PEPCO 1624,none,-2.8,EUR,none,False
f048fe54-3eb0-4e86-9c41-5116a8326efd,000000 - 00000111,none,2024-12-23,VDC-LIDL IRELAND L,none,-3.28,EUR,none,False
f5d7175d-c2b4-43f5-a4a3-0b32a7b99a0e,000000 - 00000111,none,2024-12-23,VDC-LIDL IRELAND L,none,-4.79,EUR,none,False
9b6f6cac-9397-418b-9232-3ee8f7416d4a,000000 - 00000111,none,2024-12-23,VDC-NEXT RETAIL LT,none,-46.15,EUR,none,False
55fe7180-e195-4cc9-9c72-deec4e7d0a24,000000 - 00000111,none,2024-12-23,VDC-FINE WINES ENN,none,-2.25,EUR,none,False
a1a08a1b-0770-4e1e-b7fd-1bae81220a91,000000 - 00000111,none,2024-12-23,VDC-PEPCO 1624,none,-3.5,EUR,none,False
35d26980-640f-4465-aafc-5eae097de619,000000 - 00000111,none,2024-12-23,VDC-PEPCO 1624,none,-3.5,EUR,none,False
826858f9-7c07-4fdc-88e1-000cfa80f0d3,000000 - 00000111,none,2024-12-23,VDC-SUMUP  *VAPE S,none,-14.0,EUR,none,False
553199da-b1b1-4513-aba4-1a21b55b6e73,000000 - 00000111,none,2024-12-23,VDC-TESCO STORES 3,none,-1.75,EUR,none,False
f5bd8ceb-d868-47a7-ab06-a6051b0e4eab,000000 - 00000111,none,2024-12-23,VDC-TESCO STORES 3,none,-8.15,EUR,none,False
3a7a9070-dd6e-4be2-9923-5898c66b96e6,000000 - 00000111,none,2024-12-23,VDC-THE RANGE,none,-1.9,EUR,none,False
20cba9a5-5564-4bed-b82e-cce217b34955,000000 - 00000011,none,2024-12-23,VDC-TESCO STORES 3,none,-8.7,EUR,none,False
9482dfd3-751a-4fb4-8ae1-c89a52a45a0b,000000 - 00000011,none,2024-12-23,VDC-T K MAXX,none,-19.99,EUR,none,False
b1cef2ec-1aad-42c6-a0d8-7dc2830d184e,000000 - 00000011,none,2024-12-23,VDC-Rituals Killar,none,-61.7,EUR,none,False
80be76fa-9d90-4799-92ea-ab86c4a9dfd0,000000 - 00000111,none,2024-12-23,VDC-FOCUS,none,-42.0,EUR,none,False
e0230019-cc73-4c2d-b882-e2f957ece532,000000 - 00000111,none,2024-12-23,VDC-PEPCO 1624,none,-3.3,EUR,none,False
b11c26d0-73ed-4c98-8109-edc324e6b0b4,000000 - 00000011,none,2024-12-24,VDC-SQ *MADDENS,none,-9.3,EUR,none,False
f1eeecf2-9bd3-4034-a6c7-82581f0427e6,000000 - 00000011,none,2024-12-24,VDC-LIDL IRELAND L,none,-6.47,EUR,none,False
06072cf8-bc5f-4274-b136-e18e2ab8dc29,000000 - 00000111,none,2024-12-24,VDC-IRISH RAIL TRA,none,-4.3,EUR,none,False
83687bd8-35a6-43c4-902e-6fb52943eb95,000000 - 00000111,none,2024-12-24,VDC-PENNEYS KILLAR,none,-13.0,EUR,none,False
d67b0953-78f0-409c-8968-c954b56cfd0c,000000 - 00000111,none,2024-12-24,VDC-E SMOKE STORE,none,-8.0,EUR,none,False
d5784a3c-cab7-4a8d-81fd-28441ac80262,000000 - 00000111,none,2024-12-24,VDC-ZONE STREET FO,none,-19.95,EUR,none,False
3904586d-c1b3-4ff3-bcb8-2431d0a63556,000000 - 00000111,none,2024-12-24,VDC-TESCO STORES 3,none,-2.08,EUR,none,False
d0ade77e-c91b-4a59-96ed-8a2e56ccc146,000000 - 00000111,none,2024-12-24,VDC-T K MAXX,none,-18.98,EUR,none,False
1f9b970f-e9bc-418e-93ce-6f54c41a0514,000000 - 00000111,none,2024-12-24,VDC-SQ *BRIO BRUNC,none,-3.7,EUR,none,False
2e121df8-7d4c-4998-9481-1a1e8fed1c8a,000000 - 00000111,none,2024-12-24,VDC-Rituals Killar,none,-31.7,EUR,none,False
3b0c1fef-3290-4e52-a3b5-0e3b3eb79c75,000000 - 00000111,none,2024-12-24,VDC-IRISH RAIL KIL,none,-4.3,EUR,none,False
4b93f6e9-5703-4468-89ef-69eaf221bc63,000000 - 00000111,none,2024-12-24,VDC-LIDL IRELAND L,none,-75.34,EUR,none,False
d67717a2-4791-4323-a9d3-a718c1679ea7,000000 - 00000111,none,2024-12-24,VDC-LIDL IRELAND L,none,-17.94,EUR,none,False
6aa1977d-3b9e-4e81-8593-9d703d6fb43c,000000 - 00000111,none,2024-12-24,VDC-LIDL IRELAND L,none,-1.35,EUR,none,False
87ccbe16-029f-43a9-b0ea-2d16fcc13fe2,000000 - 00000011,none,2024-12-30,FEES REFUNDED,Account Number: 000000 - 00000022,18.33,EUR,none,False
7d4948e6-5072-493b-8f42-4cd0f4d31843,000000 - 00000011,none,2024-12-30,VDC-PEPCO 1624,none,-4.6,EUR,none,False
cc30b2c5-bdfb-4e56-b323-2c03b3b436af,000000 - 00000011,none,2024-12-30,VDC-Yusuf Spice,none,-3.5,EUR,none,False
9b3b1adb-8d37-4122-b1d6-bb7d4c7f4e61,000000 - 00000011,none,2024-12-30,VDC-MIZU MODERN JA,none,-56.0,EUR,none,False
c17f868a-345f-4252-846c-eedcd9c1f43a,000000 - 00000011,none,2024-12-30,VDC-NANAS TEA,none,-5.8,EUR,none,False
41ec4fb3-029e-4a28-a570-a20d61fe9725,000000 - 00000011,none,2024-12-30,ATM TRALEE   B,28DEC24 TIME 17:15,0.0,EUR,none,False
e53b76c5-2dbc-4150-a5c4-f87cc98cb806,000000 - 00000011,none,2024-12-30,VDP-AMZN Mktp UK*T,none,-105.91,EUR,none,False
cbf1d7fc-6086-4fc4-8d78-946f17f957e7,000000 - 00000011,none,2024-12-30,VDC-MERCURY FOOD D,none,-20.53,EUR,none,False
dca34c15-8c8b-4687-9705-23950726893d,000000 - 00000011,none,2024-12-30,VDP-Fruugo IE,none,-13.19,EUR,none,False
766f6bc0-3051-4883-a401-5f911e25bb32,000000 - 00000111,none,2024-12-30,FRIEND AND FAMILY,none,100.0,EUR,none,False
8ed8a133-a8ae-4ff3-b285-06487dba8bc7,000000 - 00000111,none,2024-12-30,KURTKA,none,160.0,EUR,none,False
5ed72147-9a66-4ed6-be9c-7b571233688a,000000 - 00000111,none,2024-12-30,ATM TRALEE   B,28DEC24 TIME 17:16,-550.0,EUR,none,False
5a375f68-7445-42e1-9966-baa6432ded1b,000000 - 00000111,none,2024-12-30,VDP-BUS EIREANN EX,none,-6.25,EUR,none,False
ed2b54e6-972b-47a9-a5f5-7dac91159e23,000000 - 00000111,none,2024-12-30,VDP-IRISH RAIL 754,none,-15.99,EUR,none,False
07ed2379-51a7-4a99-b9a1-3838532a8a0a,000000 - 00000111,none,2024-12-30,VDP-IRISH RAIL 765,none,-3.75,EUR,none,False
037af372-0c68-442d-b7e2-aeefbd5643fe,000000 - 00000111,none,2024-12-30,VDP-SWORDS PROMOTI,none,-21.5,EUR,none,False
e63520a5-8204-47fd-8efe-c14202a221cc,000000 - 00000111,none,2024-12-30,FEE-QTR TO 29NOV24,930016-10087096,-14.55,EUR,none,False
b54e111b-1e2e-43f3-ba54-91c24898e8a1,000000 - 00000111,none,2024-12-30,VDC-COSTA,none,-5.7,EUR,none,False
ad0d507a-11a0-4b02-8acd-c7f091f37841,000000 - 00000111,none,2024-12-30,VDC-DUNNES TRALEE,none,-17.16,EUR,none,False
e3e39734-69ac-49a4-ac20-7dea1f61534e,000000 - 00000111,none,2024-12-30,VDC-LIDL IRELAND L,none,-4.28,EUR,none,False
0cce6fe5-5856-4849-b44f-89636ffcc1c3,000000 - 00000111,none,2024-12-30,VDC-LIDL IRELAND L,none,-5.17,EUR,none,False
f71b5293-b5b0-4272-b2c4-6b93868a961b,000000 - 00000111,none,2024-12-30,VDC-LIDL IRELAND L,none,-5.93,EUR,none,False
bae04e0a-a4bf-4909-8adc-f8e9105f18a0,000000 - 00000111,none,2024-12-30,VDC-SQ *BRIO BRUNC,none,-4.2,EUR,none,False
90a04685-f301-4af9-b719-d83b882b3c05,000000 - 00000111,none,2024-12-30,VDC-T K MAXX,none,-7.99,EUR,none,False
544eaba1-6493-482d-8eba-7f0cf144ae4a,000000 - 00000111,none,2024-12-30,VDC-T K MAXX,none,-12.99,EUR,none,False
cb20fe28-6f0d-433d-b9cb-4e74f9564fe8,000000 - 00000111,none,2024-12-30,VDC-TESCO STORES 3,none,-3.75,EUR,none,False
cd11481d-e465-442d-9a97-390c9126b143,000000 - 00000111,none,2024-12-30,VDC-VAPECENTRIC,none,-8.0,EUR,none,False
e41999d1-f224-400a-9f45-426a874d6ff9,000000 - 00000111,none,2024-12-30,VDC-VAPEWORX KILLA,none,-7.0,EUR,none,False
c1cd01dc-3fd7-4e1a-a2d0-9c012a7dd8e6,000000 - 00000011,none,2024-12-30,VDC-LIDL IRELAND L,none,-5.07,EUR,none,False
acfd2bf5-04e6-44e4-a12a-9c7f3c36d8f4,000000 - 00000011,none,2024-12-30,VDC-LIDL IRELAND L,none,-2.1,EUR,none,False
9e49fee9-f158-477f-9d37-15dc13267d0f,000000 - 00000011,none,2024-12-30,VDC-DUNNES TRALEE,none,-4.81,EUR,none,False
a1706c9d-c8b2-4942-b80c-888fa667d86b,000000 - 00000011,none,2024-12-30,FEE-QTR TO 29NOV24,Account Number: 000000 - 00000022,-18.33,EUR,none,False
32b6ee20-cea2-4a17-b2e9-3db78a1f3d88,000000 - 00000011,none,2024-12-30,*MOBI  TOP-UP,000000008,-20.0,EUR,none,False
8a881352-6a54-4b96-bf72-2dda57fc07b1,000000 - 00000011,none,2024-12-30,VDC-MCDONALDS TRAL,none,-11.75,EUR,none,False
21105ad9-431a-45c5-97b9-a6ef56912166,000000 - 00000011,none,2024-12-30,VDP-YESSTYLE.COM L,none,-43.55,EUR,none,False
92864f1d-3300-4f31-ac74-793067477000,000000 - 00000011,none,2024-12-30,VDP-SWORDS PROMOTI,none,-21.5,EUR,none,False
b379f8a1-7360-4226-a2bf-43a85beb77f7,000000 - 00000011,none,2024-12-30,VDP-Spotify P32AA0,none,-5.99,EUR,none,False
93e18de7-30ad-446e-8bee-c3fe6e6e2d88,000000 - 00000011,none,2024-12-30,VDP-IRISH RAIL 775,none,-3.75,EUR,none,False
e53ebb8d-d32e-4c82-8dfd-25801b8bbaeb,000000 - 00000011,none,2024-12-30,VDP-BUS EIREANN EX,none,-6.25,EUR,none,False
eb4ff9a2-9b4c-45ca-bc52-7edac46e887b,000000 - 00000111,none,2024-12-30,VDP-Vesta EIR TopU,none,-20.0,EUR,none,False
43e1e33c-f466-4d63-b20d-99163f442d6c,000000 - 00000111,none,2024-12-31,VDC-LIDL IRELAND L,none,-7.4,EUR,none,False
9a31a14c-244b-4269-a7a5-bb17bc825bc1,000000 - 00000111,none,2024-12-31,VDC-KIKO Milano,none,-23.98,EUR,none,False
19f66a09-6ebb-4e2d-91b4-9350d22e8152,000000 - 00000111,none,2024-12-31,VDC-Pandora,none,-126.0,EUR,none,False
cc369d68-8858-4ab1-a642-241fe28493cf,000000 - 00000111,none,2024-12-31,VDC-1-Minute 74602,48.99 PLN@,-11.73,EUR,none,False
d4e35202-8867-4206-bcaa-787fb8c83749,000000 - 00000111,none,2024-12-31,VDC-Visit Podkarpa,29.90 PLN@,-7.16,EUR,none,False
61109048-6d77-4249-93b5-794a42b0e68c,000000 - 00000111,none,2024-12-31,VDC-STARBUCKS COLL,none,-13.05,EUR,none,False
def040a1-2f2a-41a6-a10c-1f52bb06fbb4,000000 - 00000111,none,2024-12-31,VDC-DUBLIN DUTY FR,none,-2.0,EUR,none,False
f1414e9a-4484-41b5-8823-a3d98d693019,000000 - 00000111,none,2024-12-31,VDP-RYANAIR     MZ,127.83 PLN@,-30.67,EUR,none,False
c4e8b539-6345-4067-b8a4-19733c2dd783,000000 - 00000011,none,2024-12-31,VDP-TRALEE OMNIPLE,none,-10.0,EUR,none,False
043af0ef-55b7-4808-b7b3-5b96b88ed891,000000 - 00000011,none,2024-12-31,VDP-COMPLETESAVE.I,none,-15.0,EUR,none,False
bce3e5b6-3f75-4534-be04-25685a4467f6,000000 - 00000111,none,2024-12-31,VDP-BOLT.EU/O/2412,40.71 PLN@,-10.02,EUR,none,False
b06b27bf-d86a-4f1f-9ab6-4ac247ca8245,000000 - 00000111,none,2024-12-31,VDP-AMZN Mktp UK*3,none,-159.35,EUR,none,False
6b9eb1c1-9f74-44e4-8c3c-4df28348a67b,000000 - 00000011,none,2025-01-02,VDP-TAKE AWAY ORDE,none,-15.0,EUR,none,False
b0933419-7938-4af6-83ac-6fc065a1e493,000000 - 00000011,none,2025-01-02,VDP-EVER DISH,none,-17.0,EUR,none,False
c1ed4ba7-7605-4086-8242-9a1e59e21e57,000000 - 00000111,none,2025-01-02,VDC-MOMO,65.00 UAH@,-1.51,EUR,none,False
56ee416d-5437-4526-b3e8-c3d243db1d73,000000 - 00000011,none,2025-01-02,VDP-H  M Hennes  M,none,-83.0,EUR,none,False
be6851d7-ffd3-43f1-8eca-7f0733cb00c9,000000 - 00000011,none,2025-01-02,VDC-TRALEE OMNIPLE,none,-9.5,EUR,none,False
5bd0dbf6-0f13-49de-be94-e3df43024ca8,000000 - 00000011,none,2025-01-03,VDC-DUNNES TRALEE,none,-41.37,EUR,none,False
aa4ce53d-5cbb-40d6-92f0-8137aae33032,000000 - 00000111,none,2025-01-06,VDP-APPLE.COM/BILL,none,-2.99,EUR,none,False
40fd5a0b-f24e-4230-9766-98344b0ca371,000000 - 00000011,none,2025-01-06,VDC-PENNEYS TRALEE,none,-8.0,EUR,none,False
9b0eaaf7-4005-423d-9ac6-11b0abcec7af,000000 - 00000011,none,2025-01-06,VDC-TESCO STORES 3,none,-3.25,EUR,none,False
525a2c4f-3d69-45ae-945b-d402bb7bb431,000000 - 00000011,none,2025-01-06,VDC-LIDL IRELAND L,none,-0.69,EUR,none,False
5ecd0e8e-6abf-4d6e-a942-38258ff2b8bf,000000 - 00000011,none,2025-01-06,VDC-HEATONS,none,-9.0,EUR,none,False
ba2ff0ea-0af3-4c9c-916e-50466f6106be,000000 - 00000011,none,2025-01-06,VDC-COCA COLA,none,-1.9,EUR,none,False
5341b671-c3fc-4572-896c-e88f9891e054,000000 - 00000011,none,2025-01-06,VDP-IHERB.COM,none,-21.78,EUR,none,False
af469246-07c3-4158-9f8f-65bdea96d13b,000000 - 00000011,none,2025-01-07,VDP-APPLE.COM/BILL,none,-5.08,EUR,none,False
21bcb815-a548-4d60-9994-4e6feaafad5d,000000 - 00000011,none,2025-01-07,VDC-TESCO STORES 3,none,-4.1,EUR,none,False
b751563f-7556-4033-80ed-594f56b4b241,000000 - 00000011,none,2025-01-08,VDP-APPLE.COM/BILL,none,-5.08,EUR,none,False
e9364226-2e5b-42e4-b824-db284273e1f2,000000 - 00000011,none,2025-01-09,VDC-SQ *MADDENS,none,-8.5,EUR,none,False
d16bbd0f-82b7-43dc-b905-d29bbc3ecd75,000000 - 00000011,none,2025-01-10,VDC-PEPCO 1624,none,-4.25,EUR,none,False
d6b2b331-4e1e-4ff2-a4b2-63ceef49f048,000000 - 00000011,none,2025-01-10,VDC-TESCO STORES 3,none,-6.44,EUR,none,False
bd4fe88e-d629-4a31-9ee4-70a395cb9d62,000000 - 00000011,none,2025-01-13,VDP-shein.com,none,-22.47,EUR,none,False
bb590d35-2c85-4606-830b-6ef4bd07de77,000000 - 00000011,none,2025-01-13,VDC-LIDL IRELAND L,none,-16.18,EUR,none,False
0a8c1736-72ed-4208-b0c8-22cde0b6f2c7,000000 - 00000011,none,2025-01-13,VDC-DUNNES TRALEE,none,-26.49,EUR,none,False
80049067-53c3-467f-9a37-39546f6f411f,000000 - 00000111,none,2025-01-13,VDP-ecolines,none,-41.6,EUR,none,False
3c142c3f-d644-4472-9e62-4c805b4e5fdb,000000 - 00000011,none,2025-01-13,VDP-APPLE.COM/BILL,none,-5.08,EUR,none,False
02ef2b3a-9b36-4f99-8950-7821b96ac99d,000000 - 00000011,none,2025-01-14,VDC-SUMUP  *YUSUF,none,-10.0,EUR,none,False
394f5ed5-944f-4e9b-9e4a-59ac8eca6266,000000 - 00000011,none,2025-01-15,ATM TRALEE   B,15JAN25 TIME 14:16,-40.0,EUR,none,False
fe5436bc-26c8-4d9b-bdde-83a87fbdd1f7,000000 - 00000111,none,2025-01-17,T00000044,SCHOLARSHIP,0.0,EUR,none,False
eb87dc11-da72-4c66-8ca0-c70b09f0cd24,000000 - 00000011,none,2025-01-17,T00000033,SCHOLARSHIP,0.0,EUR,none,False
51ef36f9-01af-4116-b2a9-b51b63198530,000000 - 00000011,none,2025-01-20,VDP-TAKE AWAY ORDE,none,-15.0,EUR,none,False
097120ad-2709-4614-96bc-7dc54519d9cb,000000 - 00000111,none,2025-01-20,VDP-BUS EIREANN EX,none,-12.5,EUR,none,False
9fe489dd-0b9a-4ff7-b810-bde5f22250d3,000000 - 00000111,none,2025-01-20,VDC-Cigarettes Dut,189.90 PLN@,-45.44,EUR,none,False
5fd1d684-7376-4500-8645-c765cec93c84,000000 - 00000111,none,2025-01-20,VDC-KSG CORK AIRPO,none,-4.0,EUR,none,False
83743a94-1008-4917-9c45-09afefe9b0a7,000000 - 00000111,none,2025-01-20,VDC-Lagardere Duty,none,-2.39,EUR,none,False
2435694c-5067-4c9e-83f5-85291f56af61,000000 - 00000111,none,2025-01-20,VDC-MCCAFFREYS BAR,none,-26.0,EUR,none,False
26b58e0b-cc28-458d-85d2-1230a7a90127,000000 - 00000111,none,2025-01-20,VDC-MCDONALDS TRAL,none,-7.5,EUR,none,False
842e5026-cd63-4d79-aba5-62a2fe661d54,000000 - 00000111,none,2025-01-20,VDC-THE DAILY GRIN,none,-4.7,EUR,none,False
fdce7aa4-e729-4907-8bea-a9474c0ca1c2,000000 - 00000111,none,2025-01-20,VDC-HALE 01,none,-8.0,EUR,none,False
9131edef-e0cf-42c2-a395-438e9a008384,000000 - 00000011,none,2025-01-20,VDC-DUNNES HORAN C,none,-1.83,EUR,none,False
9e454277-05a0-4b03-aaa9-7f1b13d0f064,000000 - 00000011,none,2025-01-20,VDC-MCDONALDS TRAL,none,-7.0,EUR,none,False
18840153-07bd-476b-875f-fe161758c2dd,000000 - 00000011,none,2025-01-20,VDC-PEPCO 1624,none,-2.0,EUR,none,False
3be09341-81b4-4aac-9e7f-46ea5d0fe700,000000 - 00000011,none,2025-01-20,VDC-PEPCO 1624,none,-9.75,EUR,none,False
a7a0b484-06a3-414b-b121-94519abc6d0f,000000 - 00000011,none,2025-01-20,VDC-SQ *MADDENS,none,-8.5,EUR,none,False
8445cc16-0917-49c9-8c06-2e8ab8542b11,000000 - 00000011,none,2025-01-20,VDC-TESCO STORES 3,none,-3.25,EUR,none,False
17b08688-e012-4e46-95ae-d5e81643690c,000000 - 00000011,none,2025-01-20,VDC-Yusuf Spice,none,-3.5,EUR,none,False
21cfb72d-3ed0-41fb-af1f-844ae0ca9402,000000 - 00000011,none,2025-01-20,VDC-Yusuf Spice,none,-3.5,EUR,none,False
d38ab246-fd0e-4429-b701-adcf445b80bd,000000 - 00000011,none,2025-01-21,VDC-PEPCO 1624,none,-3.75,EUR,none,False
1e6713f7-2e7b-462e-9886-268a638fe299,000000 - 00000011,none,2025-01-21,VDP-LEAP CARD APP,none,-5.0,EUR,none,False
7c089e48-50c6-4d5b-b519-bb3a75481c72,000000 - 00000011,none,2025-01-21,VDC-IT TRALEE NORT,none,-3.2,EUR,none,False
777fec9a-9a48-41ad-b143-d99e2f764b21,000000 - 00000111,none,2025-01-21,*MOBI LANE,none,-25.0,EUR,none,False
aa79a744-9f6d-45b8-9eca-c08257008e14,000000 - 00000111,none,2025-01-21,VDC-IT TRALEE NORT,none,-5.0,EUR,none,False
b0dadf26-b1ab-4301-b77f-5e6b4ea012b3,000000 - 00000111,none,2025-01-21,VDC-LIDL IRELAND L,none,-5.58,EUR,none,False
eacb5da0-56f3-4d3f-8342-b237ff5afdb4,000000 - 00000111,none,2025-01-21,VDC-MCCAFFREYS BAR,none,-13.0,EUR,none,False
0c92ea06-36dd-4cb0-bc0a-4e5b2ef7cc62,000000 - 00000111,none,2025-01-21,VDC-MCCAFFREYS BAR,none,-26.0,EUR,none,False
8f6ac800-b93e-4d7d-9a7c-26ad5a8880ed,000000 - 00000011,none,2025-01-22,VDP-TAKE AWAY ORDE,none,-30.0,EUR,none,False
7a1d78e5-c871-4bf3-b6ed-95dd8bf67ff2,000000 - 00000111,none,2025-01-22,VDC-BOOTS RETAIL17,none,-19.97,EUR,none,False
bb133046-f196-42c3-8453-6ed5b920a91f,000000 - 00000011,none,2025-01-22,VDP-APPLE.COM/BILL,none,-5.08,EUR,none,False
0ef3066b-37aa-4cb5-9288-0613064e928d,000000 - 00000011,none,2025-01-22,VDP-EVER DISH,none,-17.0,EUR,none,False
980a9e28-bda6-4b79-b9fb-cb2a54a30750,000000 - 00000011,none,2025-01-22,VDP-KIKO SpA,none,-31.38,EUR,none,False
7f604b1f-ca37-4ac9-9c7d-77a1366fab1d,000000 - 00000111,none,2025-01-22,VDC-IT TRALEE NORT,none,-3.2,EUR,none,False
e0f0fbf6-66ef-4e07-accd-3efea691b6d9,000000 - 00000011,none,2025-01-22,VDC-SQ *MADDENS,none,-20.2,EUR,none,False
7acc3b15-15e1-415a-8af2-8204982a50f1,000000 - 00000111,none,2025-01-22,VDP-VESTA  *EIR TO,none,-20.0,EUR,none,False
06b5333a-d3d0-40c0-8b83-b74b737902e2,000000 - 00000111,none,2025-01-22,VDC-PEPCO 1624,none,-5.5,EUR,none,False
0c56e657-ba57-437c-a0e6-3a68d3dc39e9,000000 - 00000011,none,2025-01-23,*MOBI  TOP-UP,000000008,-20.0,EUR,none,False
e00872eb-c3f2-4dfa-8ec6-a3cff5a5f436,000000 - 00000111,none,2025-01-23,VDC-VAPECENTRIC,none,-15.0,EUR,none,False
b68cc85b-4fdf-4872-8119-5882d02b234f,000000 - 00000111,none,2025-01-23,VDC-LIDL IRELAND L,none,-4.76,EUR,none,False
13a8d98c-cc24-445c-809b-8e3d91078cab,000000 - 00000111,none,2025-01-23,VDC-IT TRALEE NORT,none,-2.6,EUR,none,False
bfcc06c2-bf0e-42be-9664-b30fc9aca883,000000 - 00000111,none,2025-01-23,VDP-VESTA  *EIR TO,none,-20.0,EUR,none,False
6bd70549-7e75-4c73-b228-88f55b3d6c56,000000 - 00000111,none,2025-01-24,VDC-IT TRALEE NORT,none,-5.0,EUR,none,False
4a2839de-73b0-4639-a251-448ad85dc6b9,000000 - 00000011,none,2025-01-24,VDC-LIDL IRELAND L,none,-33.11,EUR,none,False
451c9caf-872a-499c-b587-50e67591048a,000000 - 00000011,none,2025-01-27,VDP-Spotify P33822,none,-5.99,EUR,none,False
4a4aacbc-ad64-42be-a6a3-91005f6487ef,000000 - 00000011,none,2025-01-27,VDP-TRALEE OMNIPLE,none,-24.0,EUR,none,False
a30a0b18-ff42-49cf-a326-7a8687d651c8,000000 - 00000011,none,2025-01-27,VDC-LIDL IRELAND L,none,-1.79,EUR,none,False
a2cc5bac-01c7-44d1-97c5-060d7a7ec5f5,000000 - 00000011,none,2025-01-27,VDC-PEPCO 1624,none,-26.25,EUR,none,False
d460189e-9e71-401a-9352-987648600432,000000 - 00000111,none,2025-01-27,VDC-LIDL IRELAND L,none,-6.58,EUR,none,False
2e9accdb-a731-4e24-ac4b-4816848bd8fa,000000 - 00000111,none,2025-01-27,VDC-PENNEYS TRALEE,none,-2.0,EUR,none,False
7be43e2a-9d13-4f20-bd95-0a1412ce377e,000000 - 00000111,none,2025-01-27,VDC-LIDL IRELAND L,none,-16.38,EUR,none,False
aaf41d00-0a12-40ff-89ce-8a472a73e976,000000 - 00000111,none,2025-01-28,VDC-IT TRALEE NORT,none,-1.7,EUR,none,False
8e73b58a-1b40-4053-b5a6-a2c1f34b5ac6,000000 - 00000011,none,2025-01-28,VDC-LIDL IRELAND L,none,-13.25,EUR,none,False
34eb7889-6505-4d94-bd4e-bd22ee76fd41,000000 - 00000011,none,2025-01-28,STAMP DUTY 0011,none,-2.64,EUR,none,False
049b0835-1679-482b-990d-15815536a6a6,000000 - 00000111,none,2025-01-28,STAMP DUTY 3430,none,-0.24,EUR,none,False
c5aa679d-8b87-4d87-bd18-482ffbbf6827,000000 - 00000111,none,2025-01-28,ATM TRALEE   B,28JAN25 TIME 17:15,-600.0,EUR,none,False
cf08f9ba-541a-43eb-9605-1fc3cf1655b7,000000 - 00000111,none,2025-01-28,VDC-IT TRALEE NORT,none,-3.2,EUR,none,False
cb19baa6-73b7-473e-8b6a-bbc71dbf5c8d,000000 - 00000111,none,2025-01-28,VDC-IT TRALEE NORT,none,-1.75,EUR,none,False
6ddf6950-f1f1-4303-bfd6-d1bbb5a0cba6,000000 - 00000111,none,2025-01-29,VDC-EUROGIANT TRAL,none,-3.0,EUR,none,False
919be865-2a45-4982-965a-0a55c79d29d5,000000 - 00000111,none,2025-01-29,VDC-IT TRALEE NORT,none,-1.8,EUR,none,False
bd25d14b-912f-4584-acaf-6747259593b5,000000 - 00000111,none,2025-01-29,VDC-IT TRALEE NORT,none,-5.0,EUR,none,False
7243e672-ec77-41db-b7e0-4c7fc46575ad,000000 - 00000111,none,2025-01-29,VDP-LEAP CARD APP,none,-10.0,EUR,none,False
cb06ac9c-41a4-4285-b7ef-c99b4ad9380b,000000 - 00000111,none,2025-01-29,VDC-BOOTS RETAIL17,none,-13.99,EUR,none,False
48fa9a55-1d4b-43d1-a5a4-a9f4faee709f,000000 - 00000111,none,2025-01-30,VDC-VAPECENTRIC,none,-8.0,EUR,none,False
50a81e83-f530-4fd4-b990-448e784fe973,000000 - 00000111,none,2025-01-30,VDC-MCDONALDS TRAL,none,-8.9,EUR,none,False
3c5278a5-3294-48aa-92c4-e55654c88985,000000 - 00000111,none,2025-01-30,VDC-IT TRALEE NORT,none,-3.2,EUR,none,False
b4190d6c-6a12-487e-b6c5-ce09c79e6808,000000 - 00000011,none,2025-01-30,VDC-LIDL IRELAND L,none,-10.31,EUR,none,False
0a0a3c8f-b21a-4bc5-b77c-d617beb733f2,000000 - 00000011,none,2025-01-30,VDC-LIDL IRELAND L,none,-6.07,EUR,none,False
7f3d8a1e-9b40-4aff-8fe8-db411046516d,000000 - 00000111,none,2025-01-31,VDC-IT TRALEE NORT,none,-5.0,EUR,none,False
6e1a6202-3b3c-41e1-8bac-805085fa80f7,000000 - 00000111,none,2025-01-31,VDP-ELECTRIC IRELA,none,-136.35,EUR,none,False
4572db64-dfa3-474d-a498-e826cbb398e6,000000 - 00000011,none,2025-01-31,VDC-IT TRALEE NORT,none,-1.8,EUR,none,False
10a20ea7-4aba-4972-8617-f02161f71891,000000 - 00000011,none,2025-01-31,VDP-Webloyalty Sar,none,-18.0,EUR,none,False
9f2a54da-992f-4452-bc54-9c92dffce99d,000000 - 00000111,none,2025-02-04,VDC-LIDL IRELAND L,none,-8.66,EUR,none,False
152df857-efe8-4416-9df2-f160a847249e,000000 - 00000111,none,2025-02-04,VDC-SQ *MADDENS,none,-4.5,EUR,none,False
2f810d0a-7aab-47f9-8de8-b7648d62cd06,000000 - 00000111,none,2025-02-04,VDC-ELVERY SPORTS,none,-95.0,EUR,none,False
c07d83af-4641-4e56-9aab-a4b4663f42c1,000000 - 00000111,none,2025-02-04,VDC-THE COIN OFF L,none,-8.0,EUR,none,False
c3c2b6e8-d7c4-4d19-ac15-b2c76bba7c04,000000 - 00000111,none,2025-02-04,VDC-LIDL IRELAND L,none,-21.32,EUR,none,False
fb0302e0-6390-42d5-a842-cf0538085716,000000 - 00000111,none,2025-02-04,VDC-LIDL IRELAND L,none,-2.18,EUR,none,False
a6933c9f-444c-42fd-bb4e-95df39b16fa7,000000 - 00000111,none,2025-02-04,VDC-BENNERS HOTEL,none,-13.0,EUR,none,False
5730c53c-65b6-4e90-8375-2b80662902dc,000000 - 00000111,none,2025-02-04,VDC-T K MAXX,none,-10.0,EUR,none,False
5164daf4-8508-4eea-9706-391731aa1ffb,000000 - 00000011,none,2025-02-04,ZA CHOCOLATE,none,25.0,EUR,none,False
3c4973c1-d945-4b60-b74a-feddade93e20,000000 - 00000011,none,2025-02-04,VDP-SP SIXSENSE CO,none,-54.65,EUR,none,False
9db9e049-a634-4be5-aacd-7ceaf0ee73b4,000000 - 00000011,none,2025-02-04,VDC-TESCO STORES 3,none,-5.45,EUR,none,False
37f1aa7f-1222-46d2-8ea7-d0a7435a4b73,000000 - 00000011,none,2025-02-04,VDC-SQ *BRIO BRUNC,none,-29.0,EUR,none,False
96fe4cde-92da-4b17-acdb-d7c184f2abae,000000 - 00000011,none,2025-02-04,VDC-LIDL IRELAND L,none,-9.72,EUR,none,False
ea87b917-38b1-4001-840b-f453795257ee,000000 - 00000011,none,2025-02-04,VDC-BENNERS HOTEL,none,-13.0,EUR,none,False
20edcc50-8d6e-4564-8026-fb00c9498585,000000 - 00000111,none,2025-02-05,VDC-LIDL IRELAND L,none,-1.19,EUR,none,False
24a68b7b-cf9a-4d73-9bf1-bf4ccd301a98,000000 - 00000111,none,2025-02-05,VDC-IT TRALEE NORT,none,-3.2,EUR,none,False
975b64a3-bf7d-42a2-8e51-d8c0f71de3fa,000000 - 00000111,none,2025-02-05,VDC-IT TRALEE NORT,none,-1.8,EUR,none,False
315d6c8b-939e-4dbc-8b70-a3fb0c347cf7,000000 - 00000111,none,2025-02-05,VDP-APPLE.COM/BILL,none,-2.99,EUR,none,False
6fd5b223-fe60-4ac2-9492-2c56f48d130e,000000 - 00000011,none,2025-02-05,VDP-LEAP CARD APP,none,-10.0,EUR,none,False
2533e076-301c-4447-b881-fce8d6ff2ab8,000000 - 00000111,none,2025-02-06,VDP-LOOKFANTASTIC,none,-57.9,EUR,none,False
f79fa04d-84e5-42f8-8d93-9558dc5b7c96,000000 - 00000111,none,2025-02-06,VDP-notino.ie,none,-52.0,EUR,none,False
c9af7728-2683-413c-ba2b-8216297b40d1,000000 - 00000111,none,2025-02-06,VDC-IT TRALEE NORT,none,-3.2,EUR,none,False
29e55760-8123-46d7-8135-af90aa2ea7e2,000000 - 00000011,none,2025-02-07,VDP-ROAD SAFETY AU,none,-65.0,EUR,none,False
f478a5b3-1489-4553-99f6-5afe39b504d6,000000 - 00000111,none,2025-02-07,FAMELY,none,400.0,EUR,none,False
a651f2c5-e22b-4e18-819c-853bfa2bf2f0,000000 - 00000111,none,2025-02-07,VDC-IT TRALEE NORT,none,-1.8,EUR,none,False
8f55a948-25dd-435c-982f-f6272b5ceaa7,000000 - 00000111,none,2025-02-07,VDC-IT TRALEE NORT,none,-3.2,EUR,none,False
c65a4df2-543a-4d77-b457-1a6c02d169df,000000 - 00000011,none,2025-02-10,ATM CASTLE ST 2,10FEB25 TIME 09:27,-20.0,EUR,none,False
28b79c34-b54f-4b97-8c8c-402cd6843f65,000000 - 00000011,none,2025-02-10,VDC-T K MAXX,none,-30.19,EUR,none,False
1b5d542c-0eaf-46b8-813c-b48f329cf2a6,000000 - 00000111,none,2025-02-10,VDC-TESCO STORES,none,-6.2,EUR,none,False
b74812e3-e56d-439a-b652-1b3a83af84c8,000000 - 00000111,none,2025-02-10,VDC-PARKGATE COFFE,none,-7.9,EUR,none,False
598d821f-05b3-4532-8416-d4187b976ec3,000000 - 00000111,none,2025-02-10,VDC-MERCURY FOOD D,none,-17.98,EUR,none,False
a97e04cb-3010-484e-801e-d1d8b6412f70,000000 - 00000111,none,2025-02-10,VDC-JUSTTIP,none,-0.25,EUR,none,False
de2862f5-5b9f-423b-9795-24b90d4bf7b5,000000 - 00000111,none,2025-02-10,VDC-IRISH RAIL TRA,none,-49.45,EUR,none,False
824e8824-78c9-40c2-bc95-89fa3c350e64,000000 - 00000111,none,2025-02-10,VDC-LIDL IRELAND L,none,-6.36,EUR,none,False
309136ff-b632-48e0-99d4-2378a3e48c48,000000 - 00000011,none,2025-02-10,VDC-PEPCO 1624,none,-2.5,EUR,none,False
c531b05c-7f4c-407b-bef9-2074e4b49b61,000000 - 00000011,none,2025-02-10,VDC-PENNEYS TRALEE,none,-12.0,EUR,none,False
38659d2c-1bd2-4df1-aaab-c012a067b285,000000 - 00000011,none,2025-02-10,VDC-MCDONALDS TRAL,none,-8.5,EUR,none,False
fa18c343-f27e-4ad1-bffe-f491f8ad0f42,000000 - 00000011,none,2025-02-10,VDC-LIDL IRELAND L,none,-28.0,EUR,none,False
442512d6-480d-475e-b4a9-9519e699f77c,000000 - 00000011,none,2025-02-10,VDP-MALDRON PEARSE,none,-406.77,EUR,none,False
20269190-29f2-43c8-94bd-219f42ae1d05,000000 - 00000111,none,2025-02-10,VDC-IRISH RAIL TRA,none,-24.7,EUR,none,False
12f22c52-1b9d-475e-9bef-dff5c7977122,000000 - 00000111,none,2025-02-11,D/D Electric Irela,IE25013113417969,-136.35,EUR,none,False
9c28bae1-6a2c-4df7-81ca-a59f9ab06256,000000 - 00000111,none,2025-02-11,VDC-IT TRALEE NORT,none,-3.2,EUR,none,False
4c514ad0-30d1-4cef-9c5c-d3d06bb35e75,000000 - 00000111,none,2025-02-12,VDC-IT TRALEE NORT,none,-1.8,EUR,none,False
72a78b6d-44e2-4033-87c4-e89da48f3978,000000 - 00000111,none,2025-02-12,VDC-IT TRALEE NORT,none,-3.2,EUR,none,False
b835a6c2-304a-40f4-8623-c8aba6533823,000000 - 00000011,none,2025-02-12,VDC-DUNNES TRALEE,none,-4.0,EUR,none,False
2d3b275e-4450-401f-8f93-ee8298612e35,000000 - 00000011,none,2025-02-13,VDC-IT TRALEE NORT,none,-1.8,EUR,none,False
7595c93f-54fd-408e-98d9-9c7167673c2d,000000 - 00000111,none,2025-02-13,VDC-IT TRALEE NORT,none,-3.2,EUR,none,False
088a4dd0-595a-49eb-8229-bd45cf666475,000000 - 00000111,none,2025-02-13,VDC-SQ *MADDENS,none,-8.5,EUR,none,False
77f1f8aa-b62e-4e74-b9b4-f9c53f6fcf4c,000000 - 00000111,none,2025-02-14,T00000044,SCHOLARSHIP,0.0,EUR,none,False
b0e10c87-d844-4388-bd93-0cb3fc95a500,000000 - 00000111,none,2025-02-14,VDP-LEAP CARD APP,none,-15.0,EUR,none,False
70b23226-3244-4910-b824-a6323495c94e,000000 - 00000111,none,2025-02-14,VDC-IT TRALEE NORT,none,-3.2,EUR,none,False
ec71e844-e0c2-4d40-861c-46a1acbb2341,000000 - 00000011,none,2025-02-14,VDP-ESCAPE,none,-87.5,EUR,none,False
7bda5573-229a-46c9-9b99-7be7c033657a,000000 - 00000011,none,2025-02-14,T00000033,SCHOLARSHIP,0.0,EUR,none,False
b2f5d458-3182-4110-80ba-efb366585886,000000 - 00000011,none,2025-02-14,VDC-CARD WORLD,none,-1.49,EUR,none,False
88ab37b1-d6f8-4c32-9e83-62014c8eb755,000000 - 00000011,none,2025-02-14,VDC-MCCAFFREYS BAR,none,-30.0,EUR,none,False
74f9ea92-b4c7-4147-bb8f-db730b1369cb,000000 - 00000011,none,2025-02-14,VDC-PEPCO 1624,none,-1.75,EUR,none,False
ea6e0ea0-9d0c-4ec6-8f4d-522d27bd200e,000000 - 00000011,none,2025-02-14,VDC-TESCO STORES 3,none,-2.19,EUR,none,False
0525295e-d25f-4f34-9a80-48f0edf04812,000000 - 00000111,none,2025-02-17,VDC-LIDL IRELAND L,none,-1.99,EUR,none,False
21b98839-be02-4440-844e-dcc0bb3b73a7,000000 - 00000111,none,2025-02-17,VDC-IT TRALEE NORT,none,-1.8,EUR,none,False
7fa773ec-0ce0-45c9-8cdd-377bd557793e,000000 - 00000011,none,2025-02-17,ATM CAPEL ST A,15FEB25 TIME 16:44,-100.0,EUR,none,False
23616f77-66de-4149-8c98-88f702e2a395,000000 - 00000011,none,2025-02-17,VDP-IRISH RAIL 752,none,-19.4,EUR,none,False
bf6d9139-661c-4435-976a-49b01150c200,000000 - 00000011,none,2025-02-17,VDP-LEAP CARD APP,none,-10.0,EUR,none,False
bfd14f9d-6e1a-4009-8bcb-5fbb8da8c02e,000000 - 00000011,none,2025-02-17,VDC-CENTRA,none,-2.65,EUR,none,False
b19b3ce9-9c20-4a42-afcb-16d983c27224,000000 - 00000011,none,2025-02-17,VDC-KIKO Milano,none,-7.49,EUR,none,False
67e35408-fa54-45ec-a3aa-77fcb625d345,000000 - 00000011,none,2025-02-17,VDC-MADAME PHO,none,-42.0,EUR,none,False
589d1680-558a-4c2b-b3fe-f50608f7873a,000000 - 00000011,none,2025-02-17,VDC-POCHA KOREAN S,none,-33.1,EUR,none,False
439f34f7-a80f-486f-8740-5dad3bc5fd13,000000 - 00000011,none,2025-02-17,VDC-Rituals Cosmet,none,-17.01,EUR,none,False
70b159c0-47bc-4768-905c-497ea3115c11,000000 - 00000011,none,2025-02-17,VDC-SUPER ASIA FOO,none,-19.42,EUR,none,False
dec95288-69bd-4aec-976c-0f6af977cf1e,000000 - 00000011,none,2025-02-17,VDC-TESCO STORES 6,none,-3.0,EUR,none,False
a04cb632-0345-4b98-9083-b66976a530fc,000000 - 00000011,none,2025-02-17,VDC-TIGER STORES,none,-2.0,EUR,none,False
3406dccc-ed95-4e8b-afa4-12ef44445976,000000 - 00000111,none,2025-02-17,VDC-DUNNES HORAN C,none,-16.94,EUR,none,False
22422948-320b-40e3-9c71-23b44b5be656,000000 - 00000111,none,2025-02-17,VDC-LIDL 0958 TRAL,none,-11.14,EUR,none,False
e9136dc5-5e6c-446d-8522-b48cf2d30479,000000 - 00000111,none,2025-02-17,VDC-Vape shop,none,-7.0,EUR,none,False
04ae4949-10b7-426f-ba0b-e2456652ca30,000000 - 00000111,none,2025-02-17,VDP-shein.com,none,-95.84,EUR,none,False
f9f7fe02-9771-4628-8c78-c5f1d5c50b19,000000 - 00000111,none,2025-02-18,VDP-VESTA  *EIR TO,none,-20.0,EUR,none,False
b18b2e3f-ce19-439c-b161-bedd102c84fa,000000 - 00000011,none,2025-02-18,VDC-BREAD 41,none,-17.2,EUR,none,False
6ab3284e-19b5-4f27-b2dc-50dcf7138a56,000000 - 00000011,none,2025-02-19,VDC-ASIA MARKET-RE,none,-3.8,EUR,none,False
a272c131-d8c0-4ac8-b9c9-e8928042d05d,000000 - 00000111,none,2025-02-19,VDP-VESTA  *EIR TO,none,-20.0,EUR,none,False
c9aeeb5b-eeb5-4e83-af7c-ec980a21ed26,000000 - 00000111,none,2025-02-19,VDC-LIDL IRELAND L,none,-12.54,EUR,none,False
2cf32967-2d58-43f9-bf9a-3d644a5ba952,000000 - 00000111,none,2025-02-19,VDC-TESCO STORES 3,none,-4.5,EUR,none,False
88f6023f-f733-4762-baf8-6b106da3e156,000000 - 00000011,none,2025-02-19,VDC-DUNNES TRALEE,none,-60.36,EUR,none,False
8c8bd4e3-919f-4e9d-81e3-8435d9ee5fc9,000000 - 00000111,none,2025-02-21,VDC-LIDL IRELAND L,none,-2.18,EUR,none,False
b8d0024a-5dd6-4c78-b135-00edb54ab959,000000 - 00000111,none,2025-02-21,VDC-IT TRALEE NORT,none,-5.0,EUR,none,False
b7b7a4f7-030f-4377-a818-160d4e561ad8,000000 - 00000011,none,2025-02-21,VDP-IRISH RAIL 762,none,-31.98,EUR,none,False
7e5a763a-edfc-45f7-985f-3b0daa0c2eda,000000 - 00000011,none,2025-02-21,*MOBI  TOP-UP,000000008,-20.0,EUR,none,False
b5e3d06b-f184-4ca2-a195-4da6789cc933,000000 - 00000011,none,2025-02-21,VDC-LANA TRALEE,none,-39.95,EUR,none,False
7e472fbc-9442-470c-a909-4cb3c4b51cbe,000000 - 00000011,none,2025-02-21,VDC-LIDL IRELAND L,none,-17.69,EUR,none,False
dcb4ed3b-5f9b-43e7-a192-9feac072c5ae,000000 - 00000111,none,2025-02-24,VDC-IT TRALEE NORT,none,-5.0,EUR,none,False
feeed73f-c1d3-41f2-bfa5-7bdbfc7866e4,000000 - 00000011,none,2025-02-24,VDP-CITI BUS MOBIL,none,-14.5,EUR,none,False
860002c2-ad59-48d0-a386-96f288efc2f8,000000 - 00000011,none,2025-02-24,VDP-IRISH RAIL 706,none,-31.98,EUR,none,False
6a0b9a80-67a5-4bdb-9b74-80ee19f74e90,000000 - 00000011,none,2025-02-24,VDP-LEAP CARD APP,none,-5.0,EUR,none,False
1b1fe1e0-6278-4ae9-a2ab-e7d26f39f90b,000000 - 00000011,none,2025-02-24,VDC-TESCO STORES 3,none,-19.15,EUR,none,False
84854008-d24e-4893-ba22-701a710b847d,000000 - 00000111,none,2025-02-24,VDC-PEPCO 1624,none,-6.15,EUR,none,False
fc175474-f249-4fd2-816d-08bed8c12e25,000000 - 00000111,none,2025-02-24,VDC-VAPECENTRIC,none,-8.0,EUR,none,False
11656b89-2cfb-4e47-8af4-767996747adc,000000 - 00000111,none,2025-02-24,VDC-TESCO STORES 3,none,-1.0,EUR,none,False
6bd55291-14b4-469b-b502-3a04c6e5a559,000000 - 00000111,none,2025-02-24,VDC-SQ *MADDENS,none,-8.0,EUR,none,False
3dbf35a8-3bff-47f1-ac1e-f2344540b3b3,000000 - 00000011,none,2025-02-24,VDC-PENNEYS TRALEE,none,-1.0,EUR,none,False
2143859a-a91d-404a-b983-e0a6759074cd,000000 - 00000011,none,2025-02-25,VDC-TESCO STORES 3,none,-10.73,EUR,none,False
873104fc-3cbe-411d-99c8-1f760249959b,000000 - 00000111,none,2025-02-25,VDC-IT TRALEE NORT,none,-1.7,EUR,none,False
f28fa672-bd72-4f53-9172-f4b415cc8c7d,000000 - 00000111,none,2025-02-25,VDC-BENNERS HOTEL,none,-16.5,EUR,none,False
760bd691-83a9-49f6-9ea0-265a9672126a,000000 - 00000111,none,2025-02-25,VDC-IT TRALEE NORT,none,-5.0,EUR,none,False
d12a64ca-3772-45f4-b5a1-97f41fb7bc06,000000 - 00000011,none,2025-02-26,VDP-Spotify P34593,none,-11.99,EUR,none,False
04e3278b-ac74-49ab-bd73-2f10e9aba167,000000 - 00000011,none,2025-02-26,VDC-TESCO STORES 3,none,-7.0,EUR,none,False
46dd4398-80c6-49d6-87dd-82087baa040d,000000 - 00000111,none,2025-02-26,VDC-IT TRALEE NORT,none,-3.2,EUR,none,False
863cb443-b036-43b4-bae2-f7d9fd693f0d,000000 - 00000011,none,2025-02-27,VDC-LIDL IRELAND L,none,-8.97,EUR,none,False
07f3c4d2-16ec-4a00-88f5-c110089c5fce,000000 - 00000111,none,2025-02-27,VDC-DUNNES HORAN C,none,-21.47,EUR,none,False
a23bb83e-3b04-4c82-b6db-2adc93070c9f,000000 - 00000111,none,2025-02-27,VDC-IT TRALEE NORT,none,-3.2,EUR,none,False
2fbe4a74-bd7a-4196-b90e-ea161c172fc4,000000 - 00000011,none,2025-02-28,VDC-LIDL IRELAND L,none,-19.83,EUR,none,False
cc57381a-e1cb-45dc-838e-1527e9405a2e,000000 - 00000011,none,2025-02-28,VDC-IT TRALEE NORT,none,-3.6,EUR,none,False
a1d1c5ac-ccce-480d-bbe6-0e97cfa3d49a,000000 - 00000111,none,2025-02-28,VDC-HENNESSY'S BAR,none,-12.2,EUR,none,False
df9baea1-bf9b-48b4-8cef-3e74297036f5,000000 - 00000111,none,2025-02-28,VDC-IT TRALEE NORT,none,-5.0,EUR,none,False
dacc442e-6669-4322-8683-8b1ad3195526,000000 - 00000111,none,2025-02-28,VDC-LIDL IRELAND L,none,-2.24,EUR,none,False
04bb1642-3001-48e6-8443-a55cfc654749,000000 - 00000011,none,2025-03-03,VDC-PENNEYS TRALEE,none,-11.5,EUR,none,False
58396d11-09cd-4d5f-9b5a-22c93ff54062,000000 - 00000111,none,2025-03-03,VDC-GARVEYS SUPERV,none,-4.4,EUR,none,False
396efaad-2ce9-4bed-910b-2c9b5ddd16c1,000000 - 00000111,none,2025-03-03,VDC-IRISH RAIL TRA,none,-5.35,EUR,none,False
7511dbfe-4a44-4516-83c0-620c12a0ff0f,000000 - 00000111,none,2025-03-03,VDC-LIDL IRELAND L,none,-6.42,EUR,none,False
27584c78-8fdb-4bdd-aec7-d86dd88937a0,000000 - 00000111,none,2025-03-03,VDC-MCDONALDS KILL,none,-5.7,EUR,none,False
0786bd14-5897-4d67-be54-372d84eda76c,000000 - 00000111,none,2025-03-03,VDC-SQ *BRIO BRUNC,none,-4.2,EUR,none,False
00674df8-aa84-49c5-8dc8-f1e4c63e1050,000000 - 00000011,none,2025-03-03,VDC-Yusuf Spice,none,-7.0,EUR,none,False
53fd84fb-ffa3-4d10-8c2d-e10821d8380b,000000 - 00000011,none,2025-03-03,VDC-TESCO STORES 3,none,-5.24,EUR,none,False
3d354492-9d8c-4a7e-bbe2-b1db68d91596,000000 - 00000011,none,2025-03-03,VDP-COMPLETESAVE.I,none,-18.0,EUR,none,False
c0e6d059-75a5-4749-92ca-952026b26257,000000 - 00000011,none,2025-03-03,VDC-HOLLAND & BARR,none,-17.17,EUR,none,False
fd02747d-613b-4af2-8c43-67ac2741047b,000000 - 00000111,none,2025-03-03,VDC-VAPECENTRIC,none,-15.0,EUR,none,False
f723a2d4-6786-4f0f-8947-29af226472ba,000000 - 00000011,none,2025-03-04,VDP-LEAP CARD APP,none,-10.0,EUR,none,False
dd30ed7e-7d6b-4cd6-9e5c-16811f3239e2,000000 - 00000011,none,2025-03-04,A,none,300.0,EUR,none,False
8f51201e-2160-4db1-a750-ecf1042d0efa,000000 - 00000011,none,2025-03-04,VDC-IT TRALEE NORT,none,-1.8,EUR,none,False
d0d73c04-d5a9-4e6b-b104-67bb671cdb03,000000 - 00000111,none,2025-03-04,VDC-IT TRALEE NORT,none,-3.2,EUR,none,False
19a344f2-f880-4cca-aa89-1d8c9c661f0f,000000 - 00000111,none,2025-03-04,VDC-IT TRALEE NORT,none,-1.8,EUR,none,False
5e2e0a20-422f-4e60-877f-2d4b01b1eede,000000 - 00000011,none,2025-03-04,VDC-LIDL IRELAND L,none,-4.62,EUR,none,False
0bbd466c-a0e0-4498-bdd3-34c7dbfe0025,000000 - 00000111,none,2025-03-04,VDC-IT TRALEE NORT,none,-1.7,EUR,none,False
46007eff-d6bd-47d7-84a2-54961e761eb4,000000 - 00000011,none,2025-03-04,VDC-IT TRALEE NORT,none,-3.2,EUR,none,False
1d756a82-76f5-4b73-8a25-afeadeeba12a,000000 - 00000111,none,2025-03-05,VDP-APPLE.COM/BILL,none,-2.99,EUR,none,False
2753eaf0-608d-4623-9394-6273cb143051,000000 - 00000011,none,2025-03-05,VDC-SQ *MADDENS,none,-8.7,EUR,none,False
d8c13d5b-d046-4f9c-bb4b-21025c399bea,000000 - 00000011,none,2025-03-05,VDC-PEPCO 1624,none,-1.5,EUR,none,False
c025999f-52dc-4b29-be67-d3a3906ad8fb,000000 - 00000111,none,2025-03-06,VDC-LIDL IRELAND L,none,-19.11,EUR,none,False
ec1e25d0-ca18-44e8-af39-2a7d5355b9d2,000000 - 00000111,none,2025-03-06,VDC-IT TRALEE NORT,none,-3.2,EUR,none,False
82b1000c-48b1-4fba-ac43-52a6fa29eb1f,000000 - 00000111,none,2025-03-07,VDC-IT TRALEE NORT,none,-3.2,EUR,none,False
d4d72c2f-5f58-49ff-bd20-07d70f3d5e04,000000 - 00000011,none,2025-03-07,VDC-IT TRALEE NORT,none,-2.4,EUR,none,False
ce577ac2-e203-4136-bf75-27b698287ffe,000000 - 00000111,none,2025-03-10,VDC-EMILIES,none,-8.8,EUR,none,False
825d7914-5783-474f-8ee5-9c4b47d0e1af,000000 - 00000111,none,2025-03-10,VDC-IT TRALEE NORT,none,-5.0,EUR,none,False
46f6b45a-48cf-477c-8531-7e301473d6f1,000000 - 00000111,none,2025-03-10,VDC-LIDL IRELAND L,none,-6.42,EUR,none,False
e9285d0c-4a4b-4eca-bfc5-d148c73c6771,000000 - 00000111,none,2025-03-10,VDC-SQ *KELLS BAY,none,-3.8,EUR,none,False
06308634-8ea5-4e51-9600-12f13e7ef147,000000 - 00000111,none,2025-03-10,VDC-VAPECENTRIC,none,-8.0,EUR,none,False
1e0b7c58-ce46-4ef7-aff5-fb0edaac3eb8,000000 - 00000011,none,2025-03-10,VDP-Revolut**6957*,none,-48.0,EUR,none,False
80cdf480-4571-4f3a-b109-45126d48a219,000000 - 00000011,none,2025-03-10,VDP-Revolut**8281*,none,-8.0,EUR,none,False
68c3cece-0c6b-45e7-85e6-edd752b0620d,000000 - 00000011,none,2025-03-10,VDP-SPORTSDIRECT.C,none,-46.98,EUR,none,False
042bdfd4-528f-4347-ae17-69ad3e2c39c5,000000 - 00000011,none,2025-03-10,VDC-DUNNES TRALEE,none,-41.54,EUR,none,False
a5596338-66bb-4e1c-86aa-ac10d018789f,000000 - 00000011,none,2025-03-10,VDC-LAKESIDE CAFE,none,-7.0,EUR,none,False
5248a3fc-98f0-40a3-a23e-1776edd5fa86,000000 - 00000111,none,2025-03-10,VDC-DUNNES TRALEE,none,-40.0,EUR,none,False
89440713-4917-4be6-ab6a-0e1abbd724c9,000000 - 00000011,none,2025-03-10,VDC-SQ *MADDENS,none,-8.5,EUR,none,False
92ff2b2b-7005-4107-8a4d-b7a75700752e,000000 - 00000011,none,2025-03-10,VDC-PENNEYS TRALEE,none,-2.0,EUR,none,False
62704be1-cbb1-45d2-9edc-cc38ff2b1a7e,000000 - 00000011,none,2025-03-10,VDC-THE ASHE HOTEL,none,-67.0,EUR,none,False
3d60f936-9aa3-47a1-8878-15915950d2fc,000000 - 00000111,none,2025-03-11,VDC-BOOTS RETAIL17,none,-14.98,EUR,none,False
7ff1a90e-d57c-47b2-ad68-30050537dea4,000000 - 00000111,none,2025-03-11,VDC-IT TRALEE NORT,none,-3.2,EUR,none,False
2f08b993-9143-4ca5-b80a-9a6eb8aa63b1,000000 - 00000111,none,2025-03-11,VDP-LEAP CARD APP,none,-10.0,EUR,none,False
52490073-f7fc-4bb9-b024-a086ac50a164,000000 - 00000111,none,2025-03-12,VDC-C.H.CHEMISTS,none,-62.4,EUR,none,False
ada0658c-517d-4d5e-b948-640cc63cf991,000000 - 00000111,none,2025-03-12,VDC-SQ *MADDENS,none,-4.0,EUR,none,False
efb089bc-b467-42f7-89f7-45c9325d3cd6,000000 - 00000111,none,2025-03-12,VDC-VAPECENTRIC,none,-15.0,EUR,none,False
0e7217d0-141e-446f-b917-8ac44dc30cd3,000000 - 00000011,none,2025-03-12,VDC-LIDL IRELAND L,none,-21.22,EUR,none,False
731185d1-bd52-4f3f-a07b-89141d1c7986,000000 - 00000011,none,2025-03-12,VDC-KATERYNA FRIEND,none,-90.0,EUR,none,False
8d2cef4b-06af-4bf6-8959-9b213ebd803a,000000 - 00000011,none,2025-03-12,VDC-DUNNES TRALEE,none,-11.5,EUR,none,False
d7ea7bd8-0e49-4365-93aa-35db0bf557d6,000000 - 00000011,none,2025-03-12,ZA REZINY,none,6.0,EUR,none,False
1f2f700f-bd0c-4283-9ee8-a09c5b4b04e2,000000 - 00000111,none,2025-03-13,VDC-IT TRALEE NORT,none,-3.2,EUR,none,False
598642f7-8389-4059-bd0f-ee07a91c2968,000000 - 00000111,none,2025-03-13,VDC-LIDL IRELAND L,none,-4.06,EUR,none,False
be4504b7-d95e-4a71-b4f2-78adc21c70db,000000 - 00000111,none,2025-03-14,*MOBI BILET,none,-60.0,EUR,none,False
f144e256-5b67-4dfc-a99d-b8e4d410aeac,000000 - 00000111,none,2025-03-14,VDP-EVER DISH,none,-17.0,EUR,none,False
04f248e7-10be-40e1-be93-542e302b9597,000000 - 00000011,none,2025-03-14,BILET,none,60.0,EUR,none,False
2c41bc68-9dd6-4e99-b7bd-12b8de5ef3dc,000000 - 00000011,none,2025-03-14,VDC-Yusuf Spice,none,-7.0,EUR,none,False
920361b7-d6c6-431d-b2f2-a50d9533fa72,000000 - 00000111,none,2025-03-14,VDC-IT TRALEE NORT,none,-3.2,EUR,none,False
8b4aa541-c8e7-4c39-8dbf-bfd5984c6147,000000 - 00000111,none,2025-03-14,VDC-PEPCO 1624,none,-2.15,EUR,none,False
6d3d7688-9d51-465e-b4c7-a25c5539cf51,000000 - 00000011,none,2025-03-18,VDP-EB *EVENTBRITE,none,-119.64,EUR,none,False
cbb15053-7bad-4f80-922a-0ff624dff90e,000000 - 00000011,none,2025-03-18,VDP-RYANAIR     VT,none,-20.79,EUR,none,False
35f0400f-e1f2-4d2e-92a8-b05f5f31826a,000000 - 00000011,none,2025-03-18,VDC-DUNNES TRALEE,none,-41.62,EUR,none,False
898dac59-b018-42f9-b4d3-94397a11c56f,000000 - 00000111,none,2025-03-18,VDC-TESCO STORES 3,none,-3.59,EUR,none,False
805aca90-288a-4ec2-bdde-abfc68a3f401,000000 - 00000111,none,2025-03-18,ATM TRALEE   B,18MAR25 TIME 15:40,-800.0,EUR,none,False
b0226a24-0b0c-4d5f-ae17-f91d9a9ab1cc,000000 - 00000011,none,2025-03-18,VDC-PEPCO 1624,none,-3.5,EUR,none,False
2132223b-4a64-4c39-a9ae-185d197e7f22,000000 - 00000011,none,2025-03-18,VDC-PENNEYS TRALEE,none,-20.0,EUR,none,False
cf89110f-6218-486d-99c5-ff253c6849a2,000000 - 00000011,none,2025-03-18,VDC-PENNEYS TRALEE,none,-17.0,EUR,none,False
20d3479f-b26a-46e2-8175-072ed5fcb22d,000000 - 00000011,none,2025-03-18,VDC-PENNEYS TRALEE,none,-4.9,EUR,none,False
7f3bf214-92ba-4e42-a313-357d774631d6,000000 - 00000011,none,2025-03-18,VDC-LIDL IRELAND L,none,-18.34,EUR,none,False
4304e480-2d08-4315-b266-6e4144f6ea07,000000 - 00000011,none,2025-03-18,VDC-LIDL IRELAND L,none,-2.49,EUR,none,False
863472e1-eacd-4b9d-8706-7115a0bbaabc,000000 - 00000011,none,2025-03-18,VDC-IRISH RAIL TRA,none,-5.35,EUR,none,False
ddcdd39a-fc11-40ea-984a-c73b54cce6f7,000000 - 00000011,none,2025-03-18,VDC-EASON,none,-2.99,EUR,none,False
93f53477-531a-4703-93c9-e5695f5e9c71,000000 - 00000111,none,2025-03-18,T00000044,SCHOLARSHIP,0.0,EUR,none,False
b75e2901-ef7d-4e06-8586-69f48e402a66,000000 - 00000111,none,2025-03-18,VDC-GARVEYS SUPERV,none,-7.0,EUR,none,False
827bb0fd-6a78-48a2-9bc1-ec4616b4a882,000000 - 00000111,none,2025-03-18,VDC-LIDL IRELAND L,none,-0.79,EUR,none,False
8370e822-25e6-4655-bb26-3a35aa953444,000000 - 00000011,none,2025-03-18,T00000033,SCHOLARSHIP,0.0,EUR,none,False
09259d87-d1eb-4ec1-a7a1-806a242428d5,000000 - 00000111,none,2025-03-18,VDC-MCDONALDS TRAL,none,-3.0,EUR,none,False
ab2e34da-e283-4804-b2ac-a89e66e5fdb6,000000 - 00000111,none,2025-03-18,VDC-MCDONALDS TRAL,none,-9.6,EUR,none,False
30c77632-0251-42bb-b3b1-5bb490e27092,000000 - 00000111,none,2025-03-18,VDC-PARKGATE COFFE,none,-8.4,EUR,none,False
49cfb99d-a2d6-4324-8c35-8e5d1bb3d401,000000 - 00000111,none,2025-03-18,VDC-PEWEX,none,-4.98,EUR,none,False
4c3d66c1-fad4-4837-99aa-ae850ece4880,000000 - 00000011,none,2025-03-18,ANNA,none,50.0,EUR,none,False
9b94dc1c-a3f9-4d7b-9cf9-4a8a66cdfe88,000000 - 00000111,none,2025-03-18,VDC-Vape shop,none,-7.0,EUR,none,False
26553421-5f4a-43b7-af62-5183a940f0d7,000000 - 00000111,none,2025-03-18,VDC-MCCAFFREYS BAR,none,-34.0,EUR,none,False
3642319e-86a7-42c6-baa7-9d7dfb22ff26,000000 - 00000111,none,2025-03-19,VDP-VESTA  *EIR TO,none,-20.0,EUR,none,False
8df6c32c-8153-4b94-93b4-89fc29ff4347,000000 - 00000111,none,2025-03-19,VDP-VESTA  *EIR TO,none,-20.0,EUR,none,False
29fefd47-1c03-42d2-a645-26dfbec143c2,000000 - 00000111,none,2025-03-19,VDC-LIDL IRELAND L,none,-13.7,EUR,none,False
9be64e69-5ef2-4ab6-a1cc-acf9939eaa29,000000 - 00000011,none,2025-03-19,AN,none,100.0,EUR,none,False
ae10d11d-1711-4572-bf9b-e300fa75686d,000000 - 00000111,none,2025-03-19,VDC-IT TRALEE NORT,none,-3.2,EUR,none,False
9522b565-40bd-4488-b462-c4d3f1af0df7,000000 - 00000111,none,2025-03-20,VDC-VAPECENTRIC,none,-8.0,EUR,none,False
9e703b5e-2543-4e40-81f7-0b34e73e68de,000000 - 00000111,none,2025-03-20,VDC-IT TRALEE NORT,none,-5.0,EUR,none,False
5c84324c-8875-4068-b857-65a484c2eae2,000000 - 00000011,none,2025-03-20,VDC-GARVEYS SUPERV,none,-2.25,EUR,none,False
93a466fe-bbb3-45c6-bed0-53ab2f2ca702,000000 - 00000011,none,2025-03-20,VDC-LIDL IRELAND L,none,-8.2,EUR,none,False
39b20444-106b-4ca4-b505-198874294b6b,000000 - 00000011,none,2025-03-21,*MOBI  TOP-UP,000000008,-20.0,EUR,none,False
c3155348-b947-4998-9e0b-7d676bea071c,000000 - 00000111,none,2025-03-21,VDC-IT TRALEE NORT,none,-1.7,EUR,none,False
6530d903-730b-4823-b4f5-c30cd7505048,000000 - 00000111,none,2025-03-21,VDC-IT TRALEE NORT,none,-3.2,EUR,none,False
57611747-9f5f-4fd4-bd41-21f64904d7bc,000000 - 00000011,none,2025-03-24,VDC-BUBBLEJOY WROC,none,-6.6,EUR,none,False
143c7d78-b5b6-4729-8d1e-f0886eb2b2ce,000000 - 00000111,none,2025-03-24,VDC-DUNNES TRALEE,none,-15.58,EUR,none,False
33f15e48-315c-4443-a159-ed66098d9ad0,000000 - 00000111,none,2025-03-24,VDC-LIDL IRELAND L,none,-5.86,EUR,none,False
dfcc843f-8bb3-4a8c-b2a0-faa7f67bda2e,000000 - 00000111,none,2025-03-24,VDC-PARKGATE COFFE,none,-7.9,EUR,none,False
41d329db-e8fb-4e3f-a809-233fc9b21f17,000000 - 00000111,none,2025-03-24,VDC-THE COIN OFF L,none,-8.0,EUR,none,False
6ae46dfc-d3f5-4cc3-bbe6-371fbe67db8a,000000 - 00000011,none,2025-03-24,VDC-WH Smith Shann,none,-12.02,EUR,none,False
b1bd1f56-2b90-4c87-93e0-6f8be55c11a0,000000 - 00000011,none,2025-03-24,VDC-SHANNON AIRPOR,none,-69.8,EUR,none,False
87539131-c804-4017-87d4-34fdc27fa123,000000 - 00000011,none,2025-03-24,VDC-SHANNON AIRPOR,none,-11.0,EUR,none,False
3c2fe7fe-3201-48ca-931d-1e412741b1a5,000000 - 00000011,none,2025-03-24,VDC-NATA DENT STOM,none,-396.22,EUR,none,False
8eda4d86-3699-41be-8025-4ec46d37fc36,000000 - 00000011,none,2025-03-24,VDC-NATA DENT STOM,none,-153.37,EUR,none,False
16f5a196-6c54-4292-a54b-93abdb87e910,000000 - 00000011,none,2025-03-24,VDC-MCDONALDS 367,none,-8.75,EUR,none,False
7d6dc017-f875-4907-84de-28c122f7bb30,000000 - 00000011,none,2025-03-24,VDC-MCDONALDS 141,none,-4.49,EUR,none,False
c2efe7be-075c-4c3b-874c-a2fb0c340433,000000 - 00000011,none,2025-03-24,VDC-APTEKA PULASKA,none,-18.82,EUR,none,False
7dc50f61-9acf-4699-b424-ce685d77791f,000000 - 00000011,none,2025-03-24,VDC-JJ RUDDLES BAR,none,-6.9,EUR,none,False
59fef579-9872-4c14-abae-29efe4229a8b,000000 - 00000111,none,2025-03-24,VDP-MAKEUP,none,-60.54,EUR,none,False
3502c28c-2d64-4f04-9feb-2eff73304fdd,000000 - 00000011,none,2025-03-24,VDP-BOLT.EU/O/2503,51.99 PLN@,-12.92,EUR,none,False
d8a47aad-3e01-424f-b571-7b1f00c1a633,000000 - 00000011,none,2025-03-25,VDC-PORT LOTNICZY,none,-1.82,EUR,none,False
6312ddcd-9193-45b2-8147-84966608cc3b,000000 - 00000011,none,2025-03-25,VDC-LIDL IRELAND L,none,-27.26,EUR,none,False
f6393b61-7738-4ee8-aba2-f8783561f28f,000000 - 00000011,none,2025-03-25,VDP-RYANAIR     AL,313.76 PLN@,-76.54,EUR,none,False
8a0c8339-92f7-498c-957c-d81bfda174c7,000000 - 00000011,none,2025-03-25,VDC-PHZ BALTONA B0,none,-13.14,EUR,none,False
4ccfc7e4-3887-430a-88a8-2438f035ac3e,000000 - 00000111,none,2025-03-25,VDC-IT TRALEE NORT,none,-3.2,EUR,none,False
c6825b19-178b-42e8-bff8-751986b4c49d,000000 - 00000111,none,2025-03-25,VDC-LIDL IRELAND L,none,-13.14,EUR,none,False
97aec532-6ce2-43c7-af6a-c5417f948a6f,000000 - 00000011,none,2025-03-26,VDP-Spotify P353F3,none,-11.99,EUR,none,False
a1858950-fc8c-4f17-945a-d7aaff78a8e4,000000 - 00000111,none,2025-03-26,VDC-Vape shop,none,-7.0,EUR,none,False
a175cd0c-22e3-44cf-8ac5-1ddc8c260c96,000000 - 00000111,none,2025-03-26,VDC-IT TRALEE NORT,none,-3.2,EUR,none,False
3bf48e8a-1070-42b9-885f-ca3a7042043a,000000 - 00000011,none,2025-03-26,VDC-IT TRALEE NORT,none,-1.7,EUR,none,False
4c1e9621-eb79-4001-a642-9a904f788e3d,000000 - 00000011,none,2025-03-26,VDP-Charles and Ke,none,-69.7,EUR,none,False
656cf0b2-c672-4ee3-92ac-35cafb825a3c,000000 - 00000011,none,2025-03-26,VDC-IT TRALEE NORT,none,-1.4,EUR,none,False
093da1df-3f57-4621-884e-4aef5a25ed80,000000 - 00000011,none,2025-03-27,VDP-PAYPAL *kristi,none,-11.98,EUR,none,False
e2e86516-e1a6-4d6c-a99d-d91a94096e8f,000000 - 00000111,none,2025-03-27,VDC-E SMOKE STORE,none,-8.0,EUR,none,False
02cbfc5e-2b6f-4bd0-a39d-d787f27cacaa,000000 - 00000111,none,2025-03-27,VDC-TESCO STORES 3,none,-4.65,EUR,none,False
dc959143-ff50-4908-b3c8-0139e2ea2f25,000000 - 00000111,none,2025-03-27,VDC-PENNEYS TRALEE,none,-5.0,EUR,none,False
6bbe4593-a5b1-4b0a-9478-4873152ef13b,000000 - 00000111,none,2025-03-27,VDC-IT TRALEE NORT,none,-5.0,EUR,none,False
679230a6-c65f-4dde-bcc6-b9763c437022,000000 - 00000111,none,2025-03-27,VDP-LEAP CARD APP,none,-5.0,EUR,none,False
92b386fa-5020-4429-8a2b-12061d896141,000000 - 00000111,none,2025-03-27,VDC-SUPERVALU GARV,none,-6.75,EUR,none,False
dee5c4c5-0a15-4acd-9a08-2d836961b034,000000 - 00000111,none,2025-03-28,VDC-JOHN BENNYS PU,none,-13.4,EUR,none,False
007a7753-90d4-4c3a-90f3-57ea0e760dbd,000000 - 00000111,none,2025-03-28,VDC-IT TRALEE NORT,none,-3.6,EUR,none,False
5621d6f4-094a-43ae-bfac-074616409150,000000 - 00000111,none,2025-03-28,FEE-QTR TO 28FEB25,000000 - 00000122,-14.0,EUR,none,False
83493416-d447-4da0-b23b-3b641843548c,000000 - 00000011,none,2025-03-28,FEES REFUNDED,Account Number: 000000 - 00000022,17.2,EUR,none,False
a46fe74f-9b1e-4cc6-bc4d-8441f7f71a17,000000 - 00000011,none,2025-03-28,VDC-SQ *MADDENS,none,-3.8,EUR,none,False
394721e4-bbd8-44e5-8e02-f233b71f47ed,000000 - 00000011,none,2025-03-28,VDC-IT TRALEE NORT,none,-3.5,EUR,none,False
1d209b4e-0b16-4080-bdd3-a0b598d27381,000000 - 00000011,none,2025-03-28,FEE-QTR TO 28FEB25,Account Number: 000000 - 00000022,-17.2,EUR,none,False
ee77a4fc-1252-405f-8fef-ec5e6dad7a67,000000 - 00000011,none,2025-03-28,VDP-LEAP CARD APP,none,-10.0,EUR,none,False
3fb8e582-a8cb-4414-a7e7-9675181174d8,000000 - 00000011,none,2025-03-28,VDC-SQ *MADDENS,none,-4.7,EUR,none,False
6ef57d3a-a986-464b-85ff-d066cf77cc86,000000 - 00000111,none,2025-03-31,VDP-ELECTRIC IRELA,none,-128.41,EUR,none,False
b3314e2f-8af4-4985-ab28-b94e93aa5b72,000000 - 00000111,none,2025-03-31,VDP-LEAP CARD APP,none,-5.0,EUR,none,False
821f01cc-538b-441d-a20f-0594dedb0f2c,000000 - 00000111,none,2025-03-31,VDP-RYANAIR     F2,none,-19.99,EUR,none,False
a6da9b03-59cb-430a-b373-420f4b50cdeb,000000 - 00000111,none,2025-03-31,VDC-MERCURY FOOD D,none,-7.99,EUR,none,False
65325478-3b05-42b2-94ed-3bdb7ad62a60,000000 - 00000111,none,2025-03-31,VDC-IT TRALEE NORT,none,-7.1,EUR,none,False
42af639e-5688-4f66-8f35-dcb71bb4db17,000000 - 00000111,none,2025-03-31,VDC-LIDL IRELAND L,none,-10.79,EUR,none,False
3cb0e1f7-2fb6-4f99-9522-9d8aa6a4f9bb,000000 - 00000111,none,2025-03-31,VDC-MR PRICE,none,-10.97,EUR,none,False
4ed7566e-4941-4034-9b97-6aeb10c8c629,000000 - 00000111,none,2025-03-31,VDC-THE RANGE,none,-2.1,EUR,none,False
bdeb4909-423c-4670-bc09-22b8244d06af,000000 - 00000111,none,2025-03-31,VDC-Eleanors Flori,none,-8.0,EUR,none,False
4b79023f-db02-4f61-ab7d-c82b59c5fc75,000000 - 00000011,none,2025-03-31,VDC-BOOTS RETAIL17,none,-6.49,EUR,none,False
260f926d-4ad7-483f-abfc-fba5da6c3df2,000000 - 00000011,none,2025-03-31,VDP-Just Eat Irela,none,-29.63,EUR,none,False
4c286bb3-51cc-4c63-a2be-5b59ff5f6eb4,000000 - 00000011,none,2025-03-31,VDP-COMPLETESAVE.I,none,-18.0,EUR,none,False
32369aed-d45a-4f90-8608-7d50e28d4c30,000000 - 00000111,none,2025-03-31,VDC-TESCO STORES 3,none,-11.26,EUR,none,False
1ddeec0e-2ecd-4376-83fa-ef092cd436e5,000000 - 00000011,none,2025-03-31,VDC-TESCO STORES 3,none,-10.0,EUR,none,False
4e813ca4-39f5-4489-a98e-a678381fb595,000000 - 00000111,none,2025-04-01,VDC-LIDL IRELAND L,none,-7.72,EUR,none,False
4627784f-6714-4642-b52b-016a421a0e35,000000 - 00000111,none,2025-04-01,VDC-IT TRALEE NORT,none,-4.6,EUR,none,False
f450db60-2ba5-4b92-9627-4a01c87cc73f,000000 - 00000111,none,2025-04-01,VDP-YOUNG ADULT ST,none,-10.0,EUR,none,False
b3ba1478-cdd0-4957-a503-a2521df088f2,000000 - 00000111,none,2025-04-01,VDP-YOUNG ADULT ST,none,10.0,EUR,none,False
31e7a016-20a0-4622-b1cc-123c70a53a3c,000000 - 00000111,none,2025-04-01,VDP-YOUNG ADULT ST,none,-10.0,EUR,none,False
511ddfbe-312c-4824-bcb6-a5cef17e2e76,000000 - 00000011,none,2025-04-01,VDC-LIDL IRELAND L,none,-1.52,EUR,none,False
c83bab41-e55b-4c27-8ac1-2cf90bf79025,000000 - 00000111,none,2025-04-02,VDC-IT TRALEE NORT,none,-1.8,EUR,none,False
ee13d17f-3e27-4aa6-8d99-dd222a7e297b,000000 - 00000111,none,2025-04-02,VDC-LIDL IRELAND L,none,-1.99,EUR,none,False
bfcb9afe-648f-47be-925b-e64fb9fd16e0,000000 - 00000111,none,2025-04-02,VDC-MEADOWLANDS HO,none,-9.2,EUR,none,False
0edc252c-be9a-4985-858e-e20bb6100679,000000 - 00000111,none,2025-04-02,VDC-TESCO STORES 3,none,-3.75,EUR,none,False
15288bd4-e201-4b4c-b855-0032420dcde5,000000 - 00000111,none,2025-04-03,VDC-VAPECENTRIC,none,-15.0,EUR,none,False
3f989122-d2d2-4456-a1b9-bcd060a27de4,000000 - 00000111,none,2025-04-03,VDC-PEPCO 1624,none,-2.25,EUR,none,False
7e0c19ea-8485-4162-8920-2c5a5eec9648,000000 - 00000111,none,2025-04-04,VDC-IT TRALEE NORT,none,-1.8,EUR,none,False
1b072055-2c33-4729-8121-31fe9dd26609,000000 - 00000111,none,2025-04-04,VDP-LEAP CARD APP,none,-25.0,EUR,none,False
fa48c97e-83ca-4057-848f-d06902501eac,000000 - 00000111,none,2025-04-04,VDP-LEAP CARD APP,none,-5.0,EUR,none,False
c84a4841-d210-413c-928c-003499ae9b4d,000000 - 00000111,none,2025-04-04,FAMILY,none,400.0,EUR,none,False
87a1771a-2b79-4425-85a3-83091b3772ff,000000 - 00000111,none,2025-04-04,VDC-IT TRALEE NORT,none,-3.2,EUR,none,False
571eb3d2-45d0-446e-892b-5c5ac24df417,000000 - 00000011,none,2025-04-04,VDC-LIDL IRELAND L,none,-15.74,EUR,none,False
a24b00aa-311f-42cf-90c8-ad7a90d083e2,000000 - 00000111,none,2025-04-04,VDC-EUROGIANT TRAL,none,-1.5,EUR,none,False
a90101ce-1bcb-4d5e-a718-5c7657fdfc92,000000 - 00000111,none,2025-04-07,VDP-APPLE.COM/BILL,none,-2.99,EUR,none,False
9ad9ef65-4857-4870-8e09-bb44a36b2f72,000000 - 00000111,none,2025-04-07,VDC-DEALZ - 1605,none,-1.5,EUR,none,False
3d4568d1-5f78-4d1e-b4ea-729cb112529c,000000 - 00000111,none,2025-04-07,VDC-FOUR STAR PIZZ,none,-15.99,EUR,none,False
72e2419c-0e06-4f56-9d79-e56cfeab59e6,000000 - 00000011,none,2025-04-07,VDP-APPLE.COM/BILL,none,-5.08,EUR,none,False
50f6c76f-f4b2-4fb4-b1b3-426f2b145f79,000000 - 00000111,none,2025-04-07,VDC-J.M. REIDY,none,-37.0,EUR,none,False
f52098fb-a8a6-40f2-a563-dd102a15daa6,000000 - 00000111,none,2025-04-07,VDC-KILLARNEY GRAN,none,-10.0,EUR,none,False
02cbbfd3-1d78-4461-b4d1-5566a11432a4,000000 - 00000111,none,2025-04-07,VDC-KILLARNEY GRAN,none,-15.1,EUR,none,False
553cc3f4-d51e-499f-aa0c-e8c2ef82c148,000000 - 00000111,none,2025-04-07,VDC-MCDONALDS TRAL,none,-11.7,EUR,none,False
a1245680-00e8-476f-9eea-b47324722a72,000000 - 00000111,none,2025-04-07,VDC-PEWEX,none,-3.47,EUR,none,False
a0951eb4-fc38-473e-9321-39661eba58a4,000000 - 00000111,none,2025-04-07,VDC-Rituals Killar,none,-53.7,EUR,none,False
395483a3-7c89-4622-885e-0a7ce13f3aef,000000 - 00000111,none,2025-04-07,VDC-SUMUP  *321 CH,none,-2.99,EUR,none,False
fa896c82-7f02-424b-b232-c1046902c783,000000 - 00000111,none,2025-04-07,VDC-THE COIN OFF L,none,-8.0,EUR,none,False
487d4ad2-407d-4e6c-a324-ae1853c46ad3,000000 - 00000111,none,2025-04-07,VDC-IRISH RAIL TRA,none,-4.3,EUR,none,False
d3677638-2f0f-4cc3-a8a4-2872f5e35686,000000 - 00000111,none,2025-04-07,VDC-IRISH RAIL KIL,none,-4.3,EUR,none,False
0e917970-5b70-4678-8ed8-e06bd09b87bf,000000 - 00000111,none,2025-04-07,VDP-RANDLE HOTEL,none,-260.0,EUR,none,False
92c17ef8-bad9-4abe-bb1f-81f294401d80,000000 - 00000011,none,2025-04-07,VDC-NANAS TEA,none,-6.1,EUR,none,False
d88a730f-4cd3-4979-9d82-d1d2b09ac871,000000 - 00000011,none,2025-04-07,VDC-DEALZ - 1605,none,-3.0,EUR,none,False
811f623e-64aa-4e39-b268-7134763ba3e5,000000 - 00000011,none,2025-04-07,VDC-PEWEX,none,-11.95,EUR,none,False
f2dcbc9b-7cb5-4432-acef-f006a98e5943,000000 - 00000011,none,2025-04-07,VDC-IRISH RAIL TRA,none,-4.3,EUR,none,False
72a44ff3-4215-44f4-9b33-684399962215,000000 - 00000011,none,2025-04-07,VDC-KILLARNEY GRAN,none,-10.0,EUR,none,False
1bbdce24-7454-4244-a526-f2942eb9547b,000000 - 00000011,none,2025-04-07,VDC-LIDL IRELAND L,none,-9.58,EUR,none,False
c082c92a-d483-4b11-95e0-ca1036c81d21,000000 - 00000011,none,2025-04-07,VDC-LIDL IRELAND L,none,-11.95,EUR,none,False
325fa767-520a-4b89-909b-706fac8c76dd,000000 - 00000011,none,2025-04-07,VDC-IRISH RAIL KIL,none,-4.3,EUR,none,False
c75e988d-f649-42b7-b35c-31d02bef108b,000000 - 00000011,none,2025-04-07,VDC-NANAS TEA,none,-14.5,EUR,none,False
eeb3a68b-dc7e-47a2-8899-844ec4e055bd,000000 - 00000011,none,2025-04-07,VDC-SQ *MADDENS,none,-4.7,EUR,none,False
6d3720d2-dd3a-41c5-8285-1f0ca876eec9,000000 - 00000011,none,2025-04-07,VDC-T K MAXX,none,-20.98,EUR,none,False
a1cbca34-a954-42a8-bd71-79638aac8203,000000 - 00000111,none,2025-04-08,VDC-IT TRALEE NORT,none,-4.35,EUR,none,False
36f55835-44fa-4b50-8edf-7969b6a3bc93,000000 - 00000111,none,2025-04-08,VDP-TCARD,none,-5.0,EUR,none,False
6e85b4c1-9676-46e6-80e2-f40c5979bbfb,000000 - 00000111,none,2025-04-08,VDC-LIDL IRELAND L,none,-8.57,EUR,none,False
58cda722-adf4-4743-ba7a-c20ed761136f,000000 - 00000011,none,2025-04-09,VDC-C.H.CHEMISTS,none,-5.95,EUR,none,False
d568b9ae-3ff3-4a1b-b26f-4ce46a0a8e45,000000 - 00000011,none,2025-04-09,VDC-LIDL IRELAND L,none,-13.45,EUR,none,False
f14068fa-028c-4a52-907d-53f56400e765,000000 - 00000011,none,2025-04-09,VDP-EXPOSE BEAUTY,none,-38.0,EUR,none,False
89cc5faa-91a1-4fd4-8193-da0c4eaa3fbb,000000 - 00000011,none,2025-04-10,VDC-MCDONALDS TRAL,none,-16.3,EUR,none,False
06933c9c-d5bc-4ccc-9d86-7827d60dc682,000000 - 00000111,none,2025-04-10,VDC-GARVEYS SUPERV,none,-0.95,EUR,none,False
a9e8b9bf-9fdb-4e87-883c-0d8381269444,000000 - 00000111,none,2025-04-10,VDC-IT TRALEE NORT,none,-5.0,EUR,none,False
ff703e83-9090-4d00-b1b5-f300ffb98943,000000 - 00000111,none,2025-04-10,VDC-LIDL IRELAND L,none,-1.59,EUR,none,False
503bd09d-5cb7-44cd-8b59-ca3cae030851,000000 - 00000011,none,2025-04-10,VDC-IT TRALEE NORT,none,-3.65,EUR,none,False
244b4d50-25db-45d4-9ca0-840c00a31d01,000000 - 00000111,none,2025-04-11,VDC-Another Mug,none,-5.0,EUR,none,False
1a8ec517-58e9-4a02-8392-db22cbff0074,000000 - 00000111,none,2025-04-11,VDC-ALDI 105 873,none,-9.78,EUR,none,False
ff796d9f-c2f9-4cd4-ae35-911975a7d8f1,000000 - 00000111,none,2025-04-11,VDC-BOOTS RETAIL17,none,-7.48,EUR,none,False
f5cc66e7-d054-4ede-bf25-f43ecfac734e,000000 - 00000111,none,2025-04-11,VDC-TESCO STORES 3,none,-3.08,EUR,none,False
7732306b-aa96-4cde-928f-3f344cce885a,000000 - 00000011,none,2025-04-11,VDC-GARVEYS SUPERV,none,-7.72,EUR,none,False
76a90f7d-8caa-4e27-88b7-cb50371c249a,000000 - 00000111,none,2025-04-11,VDC-IT TRALEE NORT,none,-1.4,EUR,none,False
231df843-ae13-4587-9f08-a89feb78d694,000000 - 00000111,none,2025-04-14,VDC-LIDL IRELAND L,none,-11.04,EUR,none,False
66bae47b-24e3-4764-bcf1-b6cf1b072df7,000000 - 00000111,none,2025-04-14,VDC-LIDL IRELAND L,none,-4.87,EUR,none,False
7a5614a8-501a-496b-bef3-b5299c0642f7,000000 - 00000011,none,2025-04-14,VDC-LIDL IRELAND L,none,-20.7,EUR,none,False
8592630b-a6e6-4b59-abcd-2a8ec9175ca6,000000 - 00000011,none,2025-04-14,VDC-LIDL IRELAND L,none,-17.4,EUR,none,False
f8978fb0-7037-43a7-aeae-eb916a63ab84,000000 - 00000011,none,2025-04-14,VDP-PAYPAL *operat,none,-211.6,EUR,none,False
ae0327bf-4f6a-4d92-b603-5221e635b0a9,000000 - 00000011,none,2025-04-14,A,none,300.0,EUR,none,False
9ab42f6d-24c7-48c6-abd5-ebf6f37611f1,000000 - 00000111,none,2025-04-14,VDC-PARKGATE COFFE,none,-4.9,EUR,none,False
fe4d923e-1bac-460d-90b5-648d46d1bb37,000000 - 00000111,none,2025-04-14,VDC-VAPECENTRIC,none,-8.0,EUR,none,False
1f9040ea-061f-4015-8559-ddf2bb03e3d5,000000 - 00000111,none,2025-04-15,VDP-VESTA  *EIR TO,none,-20.0,EUR,none,False
3f855b03-d6c4-47be-8c7e-66c33a54493b,000000 - 00000111,none,2025-04-15,VDC-TESCO STORES 3,none,-0.75,EUR,none,False
a65d9049-c126-4c82-9158-339b3684e926,000000 - 00000111,none,2025-04-15,VDC-ALDI 105 873,none,-3.75,EUR,none,False
3108b846-5a9f-411f-93d1-2c89f6973149,000000 - 00000111,none,2025-04-16,VDC-LIDL IRELAND L,none,-5.5,EUR,none,False
c992ab02-7dbc-436c-b21d-24c7ca3f2a16,000000 - 00000011,none,2025-04-16,ATM TRALEE   B,16APR25 TIME 09:27,-200.0,EUR,none,False
3c012c9f-75d1-4010-a5e5-9c482f1b6908,000000 - 00000111,none,2025-04-17,VDP-IRISH RAIL 720,none,-31.98,EUR,none,False
245fc030-969a-4cf5-8a8f-22411a26feec,000000 - 00000111,none,2025-04-17,VDC-MERCURY FOOD D,none,-6.54,EUR,none,False
1d050d05-0e4e-41b6-a692-50165f40a9d7,000000 - 00000111,none,2025-04-17,VDC-PEPCO 1624,none,-2.75,EUR,none,False
5ddab222-018e-4e30-bffd-baf3199f6662,000000 - 00000011,none,2025-04-17,VDP-RYANAIR     L2,none,-333.1,EUR,none,False
2ba65d97-51bb-4386-99c4-8539cb0c6c24,000000 - 00000011,none,2025-04-17,VDC-COSTA,none,-12.8,EUR,none,False
64731cb6-41d5-4fc6-a39c-33f84514bd9e,000000 - 00000011,none,2025-04-17,VDC-MERCURY FOOD D,none,-13.39,EUR,none,False
b9ab1e48-ff00-4211-a6e2-7fe0c88e37c5,000000 - 00000011,none,2025-04-17,VDC-PEPCO 1624,none,-3.5,EUR,none,False
8e5f86f0-3c13-44e8-82fe-147dd32a3e9a,000000 - 00000011,none,2025-04-17,VDP-agoda.com,none,-72.44,EUR,none,False
948441b5-0c70-4fd3-8374-58684b814239,000000 - 00000111,none,2025-04-22,VDC-VAPECENTRIC,none,-15.0,EUR,none,False
2a024dd1-98a6-4851-ad85-69f70959167e,000000 - 00000111,none,2025-04-22,VDC-SQ *BRIO BRUNC,none,-5.0,EUR,none,False
1f51e1a8-a029-452d-951f-a3c5fffacc28,000000 - 00000111,none,2025-04-22,VDC-LIDL 0958 TRAL,none,-6.11,EUR,none,False
31243acd-1a9e-4088-aed3-865f4f3306f2,000000 - 00000111,none,2025-04-22,VDC-LIDL IRELAND L,none,-7.74,EUR,none,False
c9a7542b-f384-48db-bc67-be8ecfe19634,000000 - 00000111,none,2025-04-22,*ATMLDG TRALEE   B,CASH,200.0,EUR,none,False
2ef7d178-211c-4b5d-aa4c-4008a3d3544b,000000 - 00000011,none,2025-04-22,VDP-RYANAIR     RS,none,-145.58,EUR,none,False
185f4562-f2a2-43d2-b8c7-0cc07e94cf7c,000000 - 00000011,none,2025-04-22,VDC-SQ *MADDENS,none,-5.2,EUR,none,False
75f86088-c34d-4d8d-bcaa-b9dc6b2c96cb,000000 - 00000011,none,2025-04-22,VDC-PENNEYS TRALEE,none,-2.45,EUR,none,False
d21472b9-ccf5-4c0e-800b-f5e690f6b908,000000 - 00000011,none,2025-04-22,*MOBI  TOP-UP,000000008,-20.0,EUR,none,False
566cf25e-bed2-4d44-a86b-75c8f3a121ac,000000 - 00000011,none,2025-04-23,VDC-TEAS TIME,none,-10.6,EUR,none,False
a58ee14a-4ae0-48b6-bfc5-6b4811f93e51,000000 - 00000011,none,2025-04-23,VDC-LIDL IRELAND L,none,-3.19,EUR,none,False
47e325f1-083c-422b-ad7a-5488121933fa,000000 - 00000111,none,2025-04-23,VDC-VIP ELECTRONIC,none,-8.0,EUR,none,False
eb3ca31d-33a9-4a02-8cac-6dbfdedb68bb,000000 - 00000111,none,2025-04-23,VDC-MURRAYS BAR AN,none,-39.3,EUR,none,False
d6f0460e-822b-4d44-b943-2f293caf2471,000000 - 00000111,none,2025-04-23,VDC-MARKS & SPENCE,none,-17.0,EUR,none,False
eb4b1fe2-8dff-422a-bf9c-46f1624df1f9,000000 - 00000111,none,2025-04-23,VDC-LIDL IRELAND L,none,-5.29,EUR,none,False
ff7ed449-7857-44e9-b2a1-051a5d96875e,000000 - 00000111,none,2025-04-23,VDC-BELVEDERE COLL,none,-9.65,EUR,none,False
b7ae5c5a-a39d-41b7-8672-008e193fa1ef,000000 - 00000111,none,2025-04-23,VDC-POCHA KOREAN S,none,-12.0,EUR,none,False
95c698d3-0738-44df-804b-e219baa043bc,000000 - 00000011,none,2025-04-23,VDP-TAKARARAMENDEL,none,-16.15,EUR,none,False
046dddbb-f520-42e0-8c14-1fa2b92f1123,000000 - 00000111,none,2025-04-23,VDP-RYANAIR     W1,177.28 PLN@,-42.19,EUR,none,False
b362f8ca-8972-4c67-88e4-e4ee84ee338a,000000 - 00000111,none,2025-04-24,VDC-SHAKING LAB,none,-5.95,EUR,none,False
9ef43456-576e-4491-8cb5-7e6cd39f6c28,000000 - 00000111,none,2025-04-24,VDC-MCDONALDS7001,none,-12.65,EUR,none,False
3a091cf5-bcfc-46c8-a204-a2e58b1daa00,000000 - 00000111,none,2025-04-24,VDC-LONDIS HEUSTON,none,-3.3,EUR,none,False
2764a739-d7e9-4dc1-bdb3-344bd6aa1fbb,000000 - 00000111,none,2025-04-24,VDC-KIKO Milano,none,-13.14,EUR,none,False
c4c35677-3f05-4dcd-b694-375026b8b515,000000 - 00000111,none,2025-04-24,VDC-DEALZ - 1635,none,-2.0,EUR,none,False
7c6ccfa4-e402-4771-a770-e49a48521e35,000000 - 00000111,none,2025-04-24,VDC-BOOTS RETAIL 1,none,-14.98,EUR,none,False
5d561caa-8e6d-4bd5-b739-aa1892366749,000000 - 00000111,none,2025-04-24,VDP-IRISH RAIL 788,none,-25.99,EUR,none,False
2de02f73-a265-439c-a3db-7ff6f0ff81f3,000000 - 00000111,none,2025-04-24,VDP-IRISH RAIL 707,none,-15.99,EUR,none,False
72aa0c74-f5e4-46dd-8539-0b3abfae48d3,000000 - 00000011,none,2025-04-24,VDC-KIKO Milano,none,-8.49,EUR,none,False
b070f25b-65d4-4a99-b30b-7ed5b02a1e7d,000000 - 00000011,none,2025-04-24,VDC-LIDL IRELAND L,none,-6.96,EUR,none,False
031f491a-5b3a-4a39-80b3-fcfee53df5d7,000000 - 00000011,none,2025-04-24,VDP-IRISH RAIL 795,none,-31.98,EUR,none,False
f34a4d41-f234-415e-9457-624d1b404a18,000000 - 00000111,none,2025-04-25,VDC-THE KIOSK RAIL,none,-6.8,EUR,none,False
06428d2f-4c84-4dd4-907d-9c4b6a2752d0,000000 - 00000111,none,2025-04-25,VDC-POCHA KOREAN S,none,-12.0,EUR,none,False
2539454a-38aa-4a26-90b2-077c5b25589e,000000 - 00000111,none,2025-04-25,VDC-BOOTS RETAIL(I,none,-14.98,EUR,none,False
4bc845f7-40dc-4c42-9d8b-de64d2635660,000000 - 00000111,none,2025-04-25,VDC-FITZSIMONS,none,-19.0,EUR,none,False
bb595652-d0c7-4c9f-85e7-7679b7a2e366,000000 - 00000111,none,2025-04-25,VDP-IRISH RAIL 738,none,-15.99,EUR,none,False
521b894c-586c-42a4-a673-e5d68cf5efda,000000 - 00000011,none,2025-04-25,VDC-LIDL IRELAND L,none,-5.83,EUR,none,False
1fb6b5ee-17b6-483e-a93a-abe86e1deb38,000000 - 00000011,none,2025-04-25,T00000033,SCHOLARSHIP,0.0,EUR,none,False
b143bab3-98b0-4e31-b722-2de30b120625,000000 - 00000111,none,2025-04-25,VDC-Brambles,none,-12.95,EUR,none,False
1ec03707-780d-41cd-ac97-a46767e0295f,000000 - 00000111,none,2025-04-25,T00000044,SCHOLARSHIP,0.0,EUR,none,False
066489e7-c239-4486-8730-773666b06a2c,000000 - 00000111,none,2025-04-28,ZA PIVO,none,9.5,EUR,none,False
aa04591c-2cfc-4b5a-830f-a5e7f4789e8f,000000 - 00000111,none,2025-04-28,VDP-IRISH RAIL 781,none,-18.4,EUR,none,False
0d2e49d6-e746-423a-a437-b3d4d64ac2a0,000000 - 00000111,none,2025-04-28,VDP-UBER   * EATS,none,-16.24,EUR,none,False
6d387892-69c4-4ad3-8593-ea5f1d7da069,000000 - 00000111,none,2025-04-28,VDC-LIDL IRELAND L,none,-9.93,EUR,none,False
f023bcfe-f0cf-4836-8934-4f4ce66a01be,000000 - 00000111,none,2025-04-28,VDC-LIDL IRELAND L,none,-24.72,EUR,none,False
f2cf97ae-c2db-406a-8985-c9cbf6f2b3fd,000000 - 00000111,none,2025-04-28,VDC-SUMUP  *VAPE S,none,-14.0,EUR,none,False
72ae1e0e-183e-41d9-b1a8-a099d0f7a1f8,000000 - 00000011,none,2025-04-28,VDP-Spotify P362D3,none,-11.99,EUR,none,False
46b1e48f-68ae-473e-ade6-0aa00a1243b2,000000 - 00000011,none,2025-04-28,VDP-shein.com,none,-34.37,EUR,none,False
ff05bad2-d98a-49a9-8f96-3ab3623dc66c,000000 - 00000011,none,2025-04-28,VDC-DUNNES TRALEE,none,-4.98,EUR,none,False
d4d040b1-6d52-4217-ae7a-e00c698ded19,000000 - 00000011,none,2025-04-28,VDP-GAMEDEV.TV,none,-11.25,EUR,none,False
ebfc2a61-ec7e-44b0-8279-2f641ed8e7bd,000000 - 00000111,none,2025-04-29,VDC-LIDL IRELAND L,none,-7.96,EUR,none,False
29889511-4326-4c67-8f85-0f85670ff122,000000 - 00000111,none,2025-04-29,VDC-IT TRALEE NORT,none,-4.2,EUR,none,False
8c76e200-7aa5-446a-938b-ddd22db6adfe,000000 - 00000111,none,2025-04-29,VDC-IT TRALEE NORT,none,-3.2,EUR,none,False
4a33dbb8-662c-45b9-b50d-8c165320185d,000000 - 00000111,none,2025-04-29,VDP-Vesta EIR TopU,none,-20.0,EUR,none,False
1f91f7fe-3da0-4a9c-b3e0-5e25c7fd8558,000000 - 00000011,none,2025-04-30,VDC-LIDL IRELAND L,none,-14.46,EUR,none,False
19bbd124-dda4-4381-8178-faf5474e3da8,000000 - 00000111,none,2025-04-30,VDC-IT TRALEE NORT,none,-5.6,EUR,none,False
6fd6b5d2-e8f2-4aeb-953e-8cadbe314cd0,000000 - 00000111,none,2025-04-30,VDC-IT TRALEE NORT,none,-3.2,EUR,none,False
1d9decb8-85d1-4ef5-9c03-75f4dad37135,000000 - 00000111,none,2025-05-01,VDC-VAPECENTRIC,none,-8.0,EUR,none,False
0733464b-7d17-4b6f-80cc-f38eeed6633e,000000 - 00000111,none,2025-05-01,VDC-IT TRALEE NORT,none,-3.2,EUR,none,False
32edee15-bb89-486f-9989-ef14f7bc99bf,000000 - 00000111,none,2025-05-01,VDC-IT TRALEE NORT,none,-3.15,EUR,none,False
d4c37035-5b1d-49be-a632-67c7a5030e4d,000000 - 00000111,none,2025-05-01,VDC-Another Mug,none,-5.0,EUR,none,False
32c7fcfb-d3b7-420e-b5ed-94d021e6ba1b,000000 - 00000011,none,2025-05-01,VDC-SQ *MADDENS,none,-3.5,EUR,none,False
b523f898-d210-4f98-8f9e-496176e51897,000000 - 00000011,none,2025-05-01,VDC-SQ *MADDENS,none,-6.7,EUR,none,False
a772a79b-5750-42dc-b739-57c73d0d490d,000000 - 00000111,none,2025-05-01,VDC-SPAR CK TRALEE,none,-14.37,EUR,none,False
2e2d3774-d208-49cd-b57c-ab3946441d46,000000 - 00000011,none,2025-05-01,VDC-LIDL IRELAND L,none,-2.1,EUR,none,False
71e93b00-bd5b-484d-a6b0-2ba2701af45a,000000 - 00000011,none,2025-05-01,VDP-TAKE AWAY ORDE,none,-28.0,EUR,none,False
9b581415-4ea7-4b82-8e88-2bacb77748b4,000000 - 00000011,none,2025-05-01,VDP-COMPLETESAVE.I,none,-18.0,EUR,none,False
8a47e0d7-817e-457c-a55f-9c28c00aa11e,000000 - 00000011,none,2025-05-01,VDP-ROI ECOMM,none,-33.0,EUR,none,False
9f1dadcf-7273-4d04-8a3b-c721b523c938,000000 - 00000111,none,2025-05-02,VDC-SUMUP  *WICKED,none,-7.0,EUR,none,False
a903445f-a9e2-408f-93fc-19aaff2e4976,000000 - 00000011,none,2025-05-02,ATM TRALEE   B,02MAY25 TIME 16:11,-500.0,EUR,none,False
45aad44f-d3ef-485b-af1d-ad08ff2c6a5c,000000 - 00000011,none,2025-05-02,VDC-SQ *MADDENS,none,-4.5,EUR,none,False
736d0a11-bad1-410a-9f8f-9ad385ea9f00,000000 - 00000011,none,2025-05-02,VDC-SQ *MADDENS,none,-5.2,EUR,none,False
1d526972-4c7c-4f6d-8920-edffc2142018,000000 - 00000111,none,2025-05-02,VDC-DUNNES HORAN C,none,-6.75,EUR,none,False
280f4ff4-9f6a-4d59-9eff-1120b6813ce5,000000 - 00000111,none,2025-05-02,VDC-MCCAFFREYS BAR,none,-17.0,EUR,none,False
19a0e43a-1144-483c-9d96-e20c9c37c4d4,000000 - 00000111,none,2025-05-02,VDC-NYA*Poolside c,none,-3.0,EUR,none,False
cbc8cda1-9bb1-434e-9c64-2d266b0c8409,000000 - 00000111,none,2025-05-02,VDC-PIZZA TIME,none,-11.7,EUR,none,False
43cbd9ec-4136-422a-9bb0-e2a194587de7,000000 - 00000111,none,2025-05-02,VDC-SQ *RUSTICBOOW,none,-3.8,EUR,none,False
21d37a33-7615-4efe-8d44-1ff17d8186d7,000000 - 00000111,none,2025-05-06,VDC-SUMUP  *WICKED,none,-7.0,EUR,none,False
a453f200-fe45-4a6a-8222-95583f5a65f8,000000 - 00000111,none,2025-05-06,VDC-LIDL 0958 TRAL,none,-3.99,EUR,none,False
1a71f9b7-10d4-4276-85db-cad8879583d5,000000 - 00000111,none,2025-05-06,VDP-APPLE.COM/BILL,none,-2.99,EUR,none,False
49016663-ccfa-425d-9430-7cde5b43d649,000000 - 00000111,none,2025-05-06,VDC-SQ *MADDENS,none,-8.8,EUR,none,False
ed2e3fec-e8c0-4ab1-ae7f-6fab6d2d7e59,000000 - 00000111,none,2025-05-06,VDC-DUNNES TRALEE,none,-3.0,EUR,none,False
eb6a86f5-dd90-474a-894c-b824c39d1521,000000 - 00000111,none,2025-05-06,VDC-DUNNES TRALEE,none,-5.09,EUR,none,False
031a2337-dc42-4e67-9eff-fa3cff02a6a2,000000 - 00000111,none,2025-05-06,VDC-GARVEYS SUPERV,none,-6.25,EUR,none,False
d0698a07-ff77-48ae-8238-f3e27558583f,000000 - 00000111,none,2025-05-06,VDC-HENNESSY'S BAR,none,-6.3,EUR,none,False
ccdb5213-3f4c-4c76-98d8-1f1fd18858ad,000000 - 00000111,none,2025-05-06,VDC-HENNESSY'S BAR,none,-6.5,EUR,none,False
ae730b7b-3f81-43be-8163-05adf7bd008b,000000 - 00000111,none,2025-05-06,VDC-LIDL IRELAND L,none,-8.71,EUR,none,False
c91744a0-2f06-4fa7-86a1-556f3346c1cb,000000 - 00000111,none,2025-05-06,VDC-LIDL IRELAND L,none,-9.19,EUR,none,False
8b3bce7f-d60e-488a-b530-47a89b8bff5a,000000 - 00000111,none,2025-05-06,VDC-PENNEYS TRALEE,none,-5.0,EUR,none,False
0e20a2ee-3635-4856-babb-13e160036064,000000 - 00000111,none,2025-05-06,VDP-IRISH RAIL 723,none,-18.4,EUR,none,False
3b3ff255-78af-4624-bb58-0acdfaed2b9b,000000 - 00000111,none,2025-05-06,VDP-shein.com,none,-116.76,EUR,none,False
35877595-8032-4df6-8003-576df6937baf,000000 - 00000011,none,2025-05-06,VDC-PEPCO 1624,none,-6.75,EUR,none,False
9b2796ba-6cc8-449c-ae70-50e9adbc742f,000000 - 00000011,none,2025-05-06,VDC-TESCO STORES 3,none,-2.5,EUR,none,False
e85f34e3-0e68-44f2-9cfb-ad9cbfd84a69,000000 - 00000011,none,2025-05-06,VDC-SQ *MADDENS,none,-10.0,EUR,none,False
af723582-370e-46db-aa12-a4f1ab0d4256,000000 - 00000011,none,2025-05-06,VDC-PEPCO 1624,none,-9.5,EUR,none,False
c0967779-c3a5-44f2-a1fb-6aeb356163d6,000000 - 00000011,none,2025-05-06,VDC-PEPCO 1624,none,-4.25,EUR,none,False
736dc925-7619-46b8-b0f3-82bdc0ae0c08,000000 - 00000011,none,2025-05-06,VDC-PENNEYS TRALEE,none,-10.25,EUR,none,False
358e3999-5713-40e8-a533-7cf1fd418e52,000000 - 00000011,none,2025-05-06,VDC-LIDL IRELAND L,none,-20.54,EUR,none,False
f0b15b23-bb74-41a5-985c-0c7daeea59a3,000000 - 00000011,none,2025-05-06,VDP-LEAP CARD APP,none,-10.0,EUR,none,False
0c34db59-1541-4995-be88-95128a2e2d54,000000 - 00000011,none,2025-05-06,VDC-AKIRA ASIA SUP,none,-6.0,EUR,none,False
16c54328-2261-4bef-a321-1a398fb82778,000000 - 00000011,none,2025-05-06,VDC-BOOTS RETAIL17,none,-7.49,EUR,none,False
2addd59c-0064-4c57-a271-3e5a76a3717a,000000 - 00000011,none,2025-05-06,VDC-KYOTO,none,-17.5,EUR,none,False
4cfd4953-1273-4cbc-b3db-59926118bfb6,000000 - 00000011,none,2025-05-07,VDC-Parkgate Coffe,none,-4.5,EUR,none,False
cb70d4c6-56c0-4371-91cb-36e0db1bff45,000000 - 00000011,none,2025-05-07,VDC-MORANS SPAR,none,-2.15,EUR,none,False
c3bcf647-6859-4da3-8259-98077b83036a,000000 - 00000111,none,2025-05-07,VDP-FOTA WILDLIFE,none,-14.6,EUR,none,False
8d61331f-d70e-4669-95e5-56fb638e5341,000000 - 00000011,none,2025-05-08,VDC-LIDL IRELAND L,none,-5.07,EUR,none,False
fe3a795c-a3e4-4e8c-9384-188672bffe56,000000 - 00000111,none,2025-05-08,VDP-LEAP CARD APP,none,-10.0,EUR,none,False
c8d61115-68c7-4ab3-88cd-644d399dd945,000000 - 00000111,none,2025-05-08,ATM TRALEE   B,08MAY25 TIME 16:38,-300.0,EUR,none,False
46209586-2504-4ec8-a2a6-556caeea978b,000000 - 00000011,none,2025-05-08,VDC-SUPERVALU GARV,none,-1.05,EUR,none,False
1c9a057a-a279-42c3-80a5-d48869f234e9,000000 - 00000011,none,2025-05-08,VDC-MORANS SPAR,none,-3.0,EUR,none,False
a5bbb16a-1665-4421-90f5-958f25c656e7,000000 - 00000011,none,2025-05-08,VDP-LEAP CARD APP,none,-30.0,EUR,none,False
7afa7541-55a3-4c22-ad7d-4249184b3b8d,000000 - 00000111,none,2025-05-09,VDC-LIDL IRELAND L,none,-1.99,EUR,none,False
57115177-990f-4cf2-8410-3563e2769b2b,000000 - 00000011,none,2025-05-09,VDC-PEPCO 1624,none,-5.5,EUR,none,False
7788782c-0ac2-4867-9609-c2f6be0e3654,000000 - 00000011,none,2025-05-09,*MOBI SERHII TRELOR,none,-50.0,EUR,none,False
874f49f4-8b8e-4ec9-8693-23903f1b14f8,000000 - 00000011,none,2025-05-09,ATM CASTLE ST 1,09MAY25 TIME 10:54,-600.0,EUR,none,False
6bf4833e-ba2f-48d6-a426-b650dcda8af6,000000 - 00000111,none,2025-05-09,VDC-IT TRALEE NORT,none,-4.35,EUR,none,False
7c4ac06a-615c-445b-8a3b-007a0cb2a2d5,000000 - 00000111,none,2025-05-09,ATM CASTLE ST 2,09MAY25 TIME 15:23,-280.0,EUR,none,False
8422a451-498f-464c-93a9-461db2ac0581,000000 - 00000111,none,2025-05-09,VDC-TESCO STORES 3,none,-29.09,EUR,none,False
a2357ffe-4c76-4728-9ba3-5c3aaa743ee8,000000 - 00000111,none,2025-05-12,VDC-SUMUP  *VAPE S,none,-14.0,EUR,none,False
6da7774e-e150-47ce-aa18-45ffb8b0cce0,000000 - 00000111,none,2025-05-12,VDC-Salty souls ca,none,-3.6,EUR,none,False
7ca976d3-1e8e-44ab-bb50-695078efe022,000000 - 00000111,none,2025-05-12,VDC-PENNEYS TRALEE,none,-4.0,EUR,none,False
3d6d0a9d-4a52-414c-bdea-c30cc863b72b,000000 - 00000111,none,2025-05-12,VDC-NORTH SOUTH,none,-5.1,EUR,none,False
c531172b-63bf-4f09-b4a6-4d034ea22986,000000 - 00000111,none,2025-05-12,VDC-LIDL IRELAND L,none,-19.86,EUR,none,False
cbb105f5-31c9-47b5-8613-c2725855987c,000000 - 00000111,none,2025-05-12,VDC-LIDL IRELAND L,none,-6.52,EUR,none,False
0678bd9b-fde8-42d8-81e7-827a6532da6d,000000 - 00000111,none,2025-05-12,VDC-LIDL IRELAND L,none,-1.99,EUR,none,False
0cb5e369-bb33-4021-920d-f110747c4df4,000000 - 00000111,none,2025-05-12,VDC-LIDL IRELAND L,none,-2.23,EUR,none,False
ea7ff98a-b81d-40da-a9f1-6e0dc5e9ec3d,000000 - 00000011,none,2025-05-12,VDC-LIDL IRELAND L,none,-20.07,EUR,none,False
3190c713-25bc-4282-9efe-9ecaf852ace3,000000 - 00000011,none,2025-05-12,VDC-MORANS SPAR,none,-3.65,EUR,none,False
ac2a09d3-0958-493f-9df7-4865e79f505b,000000 - 00000011,none,2025-05-12,VDC-NORTH SOUTH,none,-4.0,EUR,none,False
fc29b589-4e19-4404-930c-233a0e6968bb,000000 - 00000011,none,2025-05-12,VDC-NV Beauty Bar,none,-39.9,EUR,none,False
8bd341a1-c718-433f-9142-5c9c61046813,000000 - 00000011,none,2025-05-13,VDC-KYOTO,none,-17.5,EUR,none,False
f8bf0774-95a1-4ee2-b406-4dc39e5cba3f,000000 - 00000111,none,2025-05-13,VDC-SUMUP  *VAPE S,none,-18.8,EUR,none,False
e7a7b49e-de6c-48e0-a0dd-936fbc1651fc,000000 - 00000111,none,2025-05-13,VDC-KYOTO,none,-20.1,EUR,none,False
757932df-5801-4261-b59f-97ebacc48b72,000000 - 00000111,none,2025-05-13,VDP-VESTA  *EIR TO,none,-20.0,EUR,none,False
ff1ef36f-77b6-49c0-9f13-608bd5c99b4a,000000 - 00000011,none,2025-05-13,VDC-LIDL IRELAND L,none,-13.37,EUR,none,False
68dfa377-f5c6-48eb-bd3c-de8da89f8476,000000 - 00000011,none,2025-05-14,VDP-AIRBNB * HMSXJ,none,-60.4,EUR,none,False
5dc0660e-b800-4a8b-974b-b738e4e83fd9,000000 - 00000111,none,2025-05-14,VDC-IT TRALEE NORT,none,-5.0,EUR,none,False
b64cde50-e290-4efe-bc50-d96552b32999,000000 - 00000111,none,2025-05-14,VDC-IT TRALEE NORT,none,-3.2,EUR,none,False
ac7c7a43-314a-46f6-8f88-393136dac312,000000 - 00000111,none,2025-05-14,VDC-IT TRALEE NORT,none,-2.55,EUR,none,False
e72e1765-227d-48fc-aeb3-0d5a51d159da,000000 - 00000111,none,2025-05-14,VDC-IT TRALEE NORT,none,-1.7,EUR,none,False
2a40bcb6-5e98-4d74-a4b0-24dddb633718,000000 - 00000011,none,2025-05-15,VDC-MORANS SPAR,none,-3.3,EUR,none,False
a5022cd5-56c3-4c7b-bfc2-3071134a83da,000000 - 00000011,none,2025-05-15,VDP-LEAP CARD APP,none,-30.0,EUR,none,False
ba2cbf33-7164-4469-828f-e0e765435da6,000000 - 00000111,none,2025-05-15,VDC-IT TRALEE NORT,none,-4.2,EUR,none,False
8e52b5ce-f335-481f-b564-2370d15d7b50,000000 - 00000111,none,2025-05-15,VDC-IT TRALEE NORT,none,-4.35,EUR,none,False
b078f003-d6a7-4174-b0cb-28b94a93a234,000000 - 00000111,none,2025-05-15,VDC-IT TRALEE NORT,none,-3.2,EUR,none,False
9e6d9e36-c19b-4a80-91ef-e281e8ba851f,000000 - 00000011,none,2025-05-16,*MOBI  TOP-UP,000000008,-20.0,EUR,none,False
4bb30755-8e6e-46b4-b777-03cdeddcbfa3,000000 - 00000011,none,2025-05-16,VDP-PAYPAL *kristi,none,-141.99,EUR,none,False
054860f0-6fc6-42e9-9ef2-4f26c0ddce1d,000000 - 00000111,none,2025-05-16,VDC-E SMOKE STORE,none,-8.0,EUR,none,False
3c411881-2725-463d-9326-05b010df931c,000000 - 00000111,none,2025-05-16,VDC-IT TRALEE NORT,none,-4.7,EUR,none,False
ce50210a-7143-4b88-913c-b41234fe1318,000000 - 00000111,none,2025-05-16,VDC-LIDL IRELAND L,none,-3.0,EUR,none,False
b25ba41c-54c7-49b2-b339-086f85df91a1,000000 - 00000111,none,2025-05-16,VDC-SQ *MADDENS,none,-5.0,EUR,none,False
dcb463de-459e-4a7c-b011-eec3a58f318f,000000 - 00000011,none,2025-05-16,VDC-PEPCO 1624,none,-6.0,EUR,none,False
64efd8bb-c873-4692-842d-60552895615a,000000 - 00000111,none,2025-05-19,VDP-LEAP CARD APP,none,-15.0,EUR,none,False
fd750db6-6dff-4530-9c0e-2af197ebf17b,000000 - 00000111,none,2025-05-19,VDC-IT TRALEE NORT,none,-2.85,EUR,none,False
2ce3ea7f-9f24-4247-956d-701e18ed4158,000000 - 00000111,none,2025-05-19,VDC-IT TRALEE NORT,none,-3.2,EUR,none,False
9d81c7c8-6d49-409d-8403-5f4ac25555d7,000000 - 00000111,none,2025-05-19,VDC-LIDL IRELAND L,none,-3.75,EUR,none,False
1cdc4f1e-971b-450f-a8bc-5bbb3b6266e8,000000 - 00000111,none,2025-05-19,VDC-Parkgate Coffe,none,-4.4,EUR,none,False
0d8b7a13-a8e8-4a1e-a534-deaedca6e387,000000 - 00000111,none,2025-05-19,VDC-SQ *MADDENS,none,-4.0,EUR,none,False
40a300f0-4459-43c4-aa80-414915ab36fa,000000 - 00000111,none,2025-05-19,VDC-TESCO STORES 3,none,-3.04,EUR,none,False
3c752f67-6b19-43fa-80c6-af20590460fa,000000 - 00000011,none,2025-05-19,VDP-LEAP CARD APP,none,-10.0,EUR,none,False
dfa32dc3-34a0-471c-81f9-b0676f72d6cb,000000 - 00000011,none,2025-05-19,VDC-TESCO STORES 3,none,-3.5,EUR,none,False
67bf25ec-818c-43b6-b720-ca4ba7bb7a16,000000 - 00000111,none,2025-05-19,*ATMLDG TRALEE   C,ST,100.0,EUR,none,False
7a04d9b0-cea4-49dd-93b7-50986983266e,000000 - 00000111,none,2025-05-19,VDC-IT TRALEE NORT,none,-1.8,EUR,none,False
0c85ae69-302a-4e7e-8ebe-2341da47161e,000000 - 00000011,none,2025-05-20,VDC-AKIRA ASIA SUP,none,-6.0,EUR,none,False
82871295-3d22-4f29-9244-31e5e0c8d674,000000 - 00000111,none,2025-05-21,*ATMLDG TRALEE   C,Card ending: 3430,80.0,EUR,none,False
761ce37c-0355-4d0a-9f78-c1dca96fa89a,000000 - 00000011,none,2025-05-21,VDC-SQ *MADDENS,none,-5.2,EUR,none,False
424f2cc2-8711-4208-8f87-ef90f6233d12,000000 - 00000011,none,2025-05-21,VDC-LIDL IRELAND L,none,-13.01,EUR,none,False
4b3ab901-e4a1-4715-b264-c3545f0d20fd,000000 - 00000111,none,2025-05-22,VDC-PEPCO 1624,none,-0.75,EUR,none,False
94397a49-f432-40f0-948e-0c05ac740b94,000000 - 00000111,none,2025-05-22,VDC-PENNEYS TRALEE,none,-3.15,EUR,none,False
bc5549db-2a38-4546-a15b-79e5b42f63db,000000 - 00000111,none,2025-05-22,VDC-LIDL IRELAND L,none,-3.75,EUR,none,False
fcf1fec1-8837-40aa-9d98-bb71a0c73984,000000 - 00000111,none,2025-05-22,VDC-IT TRALEE NORT,none,-3.2,EUR,none,False
e645cf26-ec9a-4eb5-83e7-7a1e56cfaf51,000000 - 00000111,none,2025-05-22,VDC-BOOTS RETAIL17,none,-17.98,EUR,none,False
44aeec30-4db5-4d02-923b-e4547f62f1e2,000000 - 00000011,none,2025-05-23,VDC-DUNNES TRALEE,none,-5.0,EUR,none,False
2ece2d65-ee92-430b-9109-faf713ee5e63,000000 - 00000011,none,2025-05-23,VDC-IT TRALEE NORT,none,-1.8,EUR,none,False
9fab818b-c33b-4023-8fe9-5cb88253ea80,000000 - 00000011,none,2025-05-23,VDC-LIDL IRELAND L,none,-13.42,EUR,none,False
096c4639-b2e4-485e-ab86-560b0872f9ed,000000 - 00000011,none,2025-05-23,VDC-SQ *MADDENS,none,-8.7,EUR,none,False
3ca543eb-662b-4aab-978b-aaf60b83e28e,000000 - 00000111,none,2025-05-23,VDC-THE DAILY GRIN,none,-7.65,EUR,none,False
3eb39505-2922-4238-8b79-20ba9a5a5c7e,000000 - 00000111,none,2025-05-23,VDC-VAPECENTRIC,none,-15.0,EUR,none,False
cd28d114-6c98-4cd1-8c11-1c789975090c,000000 - 00000111,none,2025-05-23,VDC-SQ *MADDENS,none,-9.0,EUR,none,False
791dda5e-c337-433d-9d10-2e8fa770e313,000000 - 00000111,none,2025-05-23,VDC-LIDL IRELAND L,none,-0.39,EUR,none,False
35ddc9d4-d002-4146-a5cb-9352d0444569,000000 - 00000111,none,2025-05-23,VDC-IT TRALEE NORT,none,-2.65,EUR,none,False
f6dd5e89-0df6-4ed2-8a8b-aa46534884e8,000000 - 00000111,none,2025-05-23,VDP-MAKEUP,none,-141.11,EUR,none,False
60fd269c-5bcd-4ab8-9005-a50e33649e9c,000000 - 00000111,none,2025-05-23,VDP-IRISH RAIL 717,none,-9.2,EUR,none,False
4157ed69-0a46-48b5-b1bc-285598277f2e,000000 - 00000111,none,2025-05-23,*ATMLDG TRALEE   C,Card ending: 3430,200.0,EUR,none,False
0a52b644-a043-41e7-b7fe-172fac69afa9,000000 - 00000011,none,2025-05-26,VDC-C.H.CHEMISTS,none,-0.25,EUR,none,False
fa2fe9a3-bf23-46a5-ba51-d5251514ab09,000000 - 00000011,none,2025-05-26,VDC-LIDL IRELAND L,none,-22.93,EUR,none,False
a0121782-37c6-451b-be55-27619f5e9fca,000000 - 00000011,none,2025-05-26,VDC-MORANS SPAR,none,-2.35,EUR,none,False
3667bfbb-cfe2-4fe3-b782-80bfcc6e0ed1,000000 - 00000011,none,2025-05-26,VDC-PEPCO 1624,none,-3.8,EUR,none,False
0e16c64c-05f0-4b59-8d1c-5cb2dc18889d,000000 - 00000011,none,2025-05-26,VDC-SQ *MADDENS,none,-4.7,EUR,none,False
db37edfe-0bb8-49f1-87e2-5e798c54f3e6,000000 - 00000011,none,2025-05-26,VDP-Spotify P371A4,none,-11.99,EUR,none,False
42c7ea24-0e2b-4f8a-b783-b6b6d155b87f,000000 - 00000011,none,2025-05-26,VDP-LEAP CARD APP,none,-10.0,EUR,none,False
468e8b54-a7c1-4f17-84f7-ad001a79f8d4,000000 - 00000011,none,2025-05-26,VDC-BOOTS RETAIL17,none,-4.49,EUR,none,False
82a49e88-b135-4c04-9676-dfa965871104,000000 - 00000011,none,2025-05-26,VDP-LEAP CARD APP,none,-5.0,EUR,none,False
21f1f90d-5a98-40ba-8884-8952e57bfc4c,000000 - 00000011,none,2025-05-26,*ATMLDG TRALEE   C,Card ending: 0011,50.0,EUR,none,False
040d07ae-ac98-4180-bfd7-f89087509e58,000000 - 00000111,none,2025-05-26,*ATMLDG TRALEE   C,Card ending: 3430,250.0,EUR,none,False
97206401-37db-4718-952c-2be1ea3e1064,000000 - 00000111,none,2025-05-26,VDP-LEAP CARD APP,none,-10.0,EUR,none,False
3e4d5a6b-5b77-4c83-81e7-780ab3ed0c31,000000 - 00000111,none,2025-05-26,VDP-LEAP CARD APP,none,-20.0,EUR,none,False
b3f1045e-9fc1-4aea-a937-7f63f20547da,000000 - 00000111,none,2025-05-26,VDC-C.H.CHEMISTS,none,-0.25,EUR,none,False
ea1c47de-a3c2-4d7a-b2a3-28c4802fc96f,000000 - 00000111,none,2025-05-26,VDC-Parkgate Coffe,none,-4.4,EUR,none,False
bfc17107-ffa2-4380-ab5d-e9b6d918ed2a,000000 - 00000111,none,2025-05-26,VDC-SQ *MADDENS,none,-8.3,EUR,none,False
5f5a7478-7b90-4dfe-bf74-e3a88d2e4285,000000 - 00000111,none,2025-05-26,VDC-Parkgate Coffe,none,-4.4,EUR,none,False
f0cc3986-ea47-4af9-8107-6984d1c0210b,000000 - 00000111,none,2025-05-27,VDC-BIG BOSS FAISA,none,-15.0,EUR,none,False
a1899bef-175f-470c-92f7-440f724f582e,000000 - 00000111,none,2025-05-27,VDC-BOOTS RETAIL(I,none,-13.99,EUR,none,False
a13a0916-1bf1-4334-9deb-c0db19b86c32,000000 - 00000111,none,2025-05-27,VDC-Gerard Roe,none,-4.5,EUR,none,False
0d824502-8ac8-4aa1-948c-b8a22f22f7c1,000000 - 00000011,none,2025-05-27,ZA MALIBU,none,10.0,EUR,none,False
9ea41a5e-b3df-412a-9ee7-d6b2ebb273ef,000000 - 00000111,none,2025-05-27,VDP-Vesta EIR TopU,none,-20.0,EUR,none,False
2a08b404-83b8-4a94-bb0c-0a602bbced83,000000 - 00000011,none,2025-05-28,VDP-LEAP CARD APP,none,-5.0,EUR,none,False
a8c2c8dd-5472-486b-bdb3-b8b7865aa0af,000000 - 00000111,none,2025-05-28,VDC-LIDL IRELAND L,none,-22.41,EUR,none,False
d5ffa0d7-81af-416f-b5ca-be87e2fc2394,000000 - 00000011,none,2025-05-28,*ATMLDG TRALEE   C,Card ending: 0011,50.0,EUR,none,False
4d760fc8-0bab-4f5d-8dbc-29feaccb7894,000000 - 00000011,none,2025-05-28,VDC-MORANS SPAR,none,-0.95,EUR,none,False
6e623479-5d34-4a0e-8646-872ee936287b,000000 - 00000011,none,2025-05-28,VDC-SUPERVALU GARV,none,-8.15,EUR,none,False
1616be6d-dfd2-4bea-8d39-bcf879c03849,000000 - 00000011,none,2025-05-29,VDC-TESCO STORES 3,none,-6.2,EUR,none,False
51659ac0-72bc-4f96-83b6-1b06c58aff02,000000 - 00000011,none,2025-05-29,VDC-PEPCO 1624,none,-1.0,EUR,none,False
0d2acdad-4207-4f93-aeb6-7ed14de71f85,000000 - 00000011,none,2025-05-29,VDC-AKIRA ASIA SUP,none,-31.4,EUR,none,False
d176a550-2a43-4cd6-8584-678db698ad4e,000000 - 00000011,none,2025-05-29,T00000033,SCHOLARSHIP,0.0,EUR,none,False
c4075352-8f5b-4aae-812e-4cedbc6cd763,000000 - 00000111,none,2025-05-29,T00000044,SCHOLARSHIP,0.0,EUR,none,False
46d72021-c0b7-44fb-850a-cf498e7322b7,000000 - 00000111,none,2025-05-29,VDP-IRISH RAIL 756,none,-9.2,EUR,none,False
68828228-2623-42ef-a7c2-ef0ce26b56ea,000000 - 00000111,none,2025-05-29,VDC-CIT CAMPUS CAT,none,-4.95,EUR,none,False
95a33445-69fd-4d89-a403-da12a0acbb7f,000000 - 00000111,none,2025-05-29,VDC-T K MAXX,none,-12.99,EUR,none,False
84aaf607-f038-46a4-bba5-d05120148c1d,000000 - 00000011,none,2025-05-29,VDC-AKIRA ASIA SUP,none,-5.5,EUR,none,False
e3826c28-0e1f-4c77-a16f-21287c189346,000000 - 00000011,none,2025-05-30,VDC-MCCAFFREYS BAR,none,-3.2,EUR,none,False
57a5fdc5-a8e9-49d6-872d-af751220c5d3,000000 - 00000011,none,2025-05-30,BIN BAN TEO W22,Account Number: 000000 - 00000033,317.9,EUR,none,False
86623b8e-ed7e-4ad9-9da8-2f8fed397990,000000 - 00000111,none,2025-05-30,VDC-LIDL IRELAND L,none,-22.5,EUR,none,False
6d9a6cbf-bcb1-4eae-9603-c1e4ee4a7b17,000000 - 00000111,none,2025-05-30,VDC-MCCAFFREYS BAR,none,-13.0,EUR,none,False
1ba86ae1-2daa-4aba-903d-6e566499b26b,000000 - 00000111,none,2025-06-03,VDP-IRISH RAIL 777,none,-15.99,EUR,none,False
c6c2c5be-594c-4089-ab66-c8591ea1626e,000000 - 00000011,none,2025-06-03,VDP-Just Eat Irela,none,-25.19,EUR,none,False
df36a942-fe12-41fa-928a-52bfce13e78a,000000 - 00000111,none,2025-06-03,VDP-ELECTRIC IRELA,none,-192.67,EUR,none,False
a7a9cff5-9058-4115-8ff7-95eacc4bef81,000000 - 00000011,none,2025-06-03,VDP-LEAP CARD APP,none,-30.0,EUR,none,False
90883f55-eeb5-461c-bca1-27820eaadc3e,000000 - 00000011,none,2025-06-03,VDP-YESSTYLE.COM L,none,-67.82,EUR,none,False
cabcf25d-46ae-4874-bf19-3887124f44c8,000000 - 00000011,none,2025-06-03,VDC-LIDL IRELAND L,none,-14.8,EUR,none,False
ce2b172e-be00-4ffd-91eb-c1634a4575da,000000 - 00000011,none,2025-06-03,VDC-MORANS SPAR,none,-4.25,EUR,none,False
7b9edc3f-2b8e-40c6-9de9-29d5481066ea,000000 - 00000011,none,2025-06-03,VDC-PEPCO 1624,none,-4.25,EUR,none,False
72270645-4ae1-4fcc-8069-6fbad9ba364a,000000 - 00000011,none,2025-06-03,VDC-SQ *MADDENS,none,-8.7,EUR,none,False
ec808a4b-10c1-4ea9-a167-2498fd392f1c,000000 - 00000111,none,2025-06-03,VDC-The Coin Off L,none,-16.0,EUR,none,False
53d47233-b2bb-4abb-823d-ed6e0fb898ac,000000 - 00000111,none,2025-06-03,VDC-Parkgate Coffe,none,-8.7,EUR,none,False
514b2bfb-01dd-44a7-9f3f-700bd6de36be,000000 - 00000111,none,2025-06-03,VDC-Parkgate Coffe,none,-7.9,EUR,none,False
d224b24e-6fe2-4121-ac6e-59f00e304c72,000000 - 00000111,none,2025-06-03,VDP-CITI BUS WEBSI,none,-14.5,EUR,none,False
2dd39b0e-00a3-4fbf-ab7c-3a38f0d74e71,000000 - 00000111,none,2025-06-03,VDP-LEAP CARD APP,none,-20.0,EUR,none,False
f4bfdaf4-92a4-4bad-a35e-84455de54938,000000 - 00000011,none,2025-06-03,VDP-COMPLETESAVE.I,none,-18.0,EUR,none,False
36da0085-fe60-4ce4-9265-47d697acf112,000000 - 00000111,none,2025-06-03,VDC-DINANOS PIZZA,none,-17.0,EUR,none,False
0d5fa5a5-1f1e-4f76-8746-de8f66d0b159,000000 - 00000111,none,2025-06-04,VDC-H & M,none,-25.98,EUR,none,False
0e276624-de3b-4897-83e0-dcb798b4d4d5,000000 - 00000011,none,2025-06-04,VDC-LIDL IRELAND L,none,-24.82,EUR,none,False
5b81f60a-16c0-446e-b9b4-1fbf56a3f9da,000000 - 00000011,none,2025-06-04,VDC-PEPCO 1624,none,-4.25,EUR,none,False
8cca0c72-e798-48eb-87f3-704d0da6a24a,000000 - 00000111,none,2025-06-04,VDC-SV ASTON QUAY,none,-6.6,EUR,none,False
80574ffa-610c-4bce-9a8c-7394d5819bed,000000 - 00000111,none,2025-06-04,VDC-Rituals Cosmet,none,-18.9,EUR,none,False
df352ac2-200c-43e0-a901-60d359d10ef7,000000 - 00000111,none,2025-06-04,VDC-Moldova Stores,none,-2.85,EUR,none,False
f348e968-1cdb-441f-9f1f-2dcec9bbd6f3,000000 - 00000111,none,2025-06-04,VDC-BONOBO,none,-13.7,EUR,none,False
5d6a26a8-80be-4c4f-b662-eba7f21e9adb,000000 - 00000011,none,2025-06-04,VDC-C.H.CHEMISTS,none,-19.2,EUR,none,False
c0665e52-3961-4c45-bac2-70df27ef79d6,000000 - 00000011,none,2025-06-05,VDP-LH Trading,none,-50.81,EUR,none,False
0960df09-98c8-4f2f-a15f-957b19fa0c50,000000 - 00000011,none,2025-06-05,VDC-PEPCO 1624,none,-2.0,EUR,none,False
153a139f-71e3-4457-906c-e1bc827b6d2b,000000 - 00000111,none,2025-06-05,VDC-SQ *MADDENS,none,-16.2,EUR,none,False
fdd083e1-1192-4467-b002-190e0346f82f,000000 - 00000111,none,2025-06-05,VDC-LIDL IRELAND L,none,-27.64,EUR,none,False
6d8daaad-c515-4191-99cf-787ca798bede,000000 - 00000111,none,2025-06-05,VDP-APPLE.COM/BILL,none,-2.99,EUR,none,False
7dc15c69-c584-4cc9-883c-ba85b4b1e091,000000 - 00000111,none,2025-06-05,VDC-BENNERS HOTEL,none,-6.5,EUR,none,False
da9d083b-e4b9-45d1-b9f7-5a569792a535,000000 - 00000111,none,2025-06-05,VDC-GARVEYS SUPERV,none,-2.5,EUR,none,False
7a293650-c377-43cc-9428-0672def700fc,000000 - 00000111,none,2025-06-06,VDC-LIDL IRELAND L,none,-2.1,EUR,none,False
d08da135-ebeb-4e89-916f-bb3852596a1e,000000 - 00000011,none,2025-06-06,BIN BAN TEO W23,Account Number: 000000 - 00000033,324.62,EUR,none,False
873e7990-a0b0-4075-93ad-afee07b92d6e,000000 - 00000011,none,2025-06-09,VDP-LEAP CARD APP,none,-20.0,EUR,none,False
03cb64c1-4be7-4f70-bc1b-700b632c0bc3,000000 - 00000111,none,2025-06-09,VDC-BOOTS RETAIL17,none,-13.99,EUR,none,False
2ea59627-95c3-44e0-b0fb-9943c6ac4fcc,000000 - 00000011,none,2025-06-09,VDC-THE DAILY GRIN,none,-12.85,EUR,none,False
b69c7c5f-445e-439d-9b33-7dd003593ced,000000 - 00000011,none,2025-06-09,VDC-PEPCO 1624,none,-9.25,EUR,none,False
a2128149-9d63-4f8c-a930-23727245807a,000000 - 00000011,none,2025-06-09,VDC-LIDL IRELAND L,none,-17.25,EUR,none,False
ce94c91b-830b-43f9-8c13-71d5e7451699,000000 - 00000011,none,2025-06-09,VDC-BOOTS RETAIL17,none,-12.49,EUR,none,False
4e601e1a-04fa-4019-b058-270ea494ca52,000000 - 00000011,none,2025-06-09,*MOBI KATERYNA FRIEND,none,-34.0,EUR,none,False
860d9f62-af6a-448e-a9c7-6e40d8624cae,000000 - 00000111,none,2025-06-09,VDC-MCDONALDS TRAL,none,-6.9,EUR,none,False
d47ff14a-b02b-45c3-96df-b7a4d09f26cc,000000 - 00000111,none,2025-06-09,VDC-THE RANGE,none,-1.5,EUR,none,False
e0cca807-320e-4ba3-83d5-97ea2a44540a,000000 - 00000111,none,2025-06-09,VDC-THE DAILY GRIN,none,-13.65,EUR,none,False
fcc1fabe-23c3-41c6-91a0-824ae851802a,000000 - 00000111,none,2025-06-09,VDC-PENNEYS TRALEE,none,-4.45,EUR,none,False
5b964366-2b70-4730-96dc-2873d2fc833b,000000 - 00000111,none,2025-06-09,VDC-LIDL IRELAND L,none,-25.7,EUR,none,False
a13acc6c-6319-4764-ace9-785cb2f13aae,000000 - 00000111,none,2025-06-09,VDC-LIDL IRELAND L,none,-3.58,EUR,none,False
1a3b274f-a7ec-478e-a384-f2190753dcec,000000 - 00000111,none,2025-06-09,VDC-E SMOKE STORE,none,-8.0,EUR,none,False
d15e1617-ed76-47a5-9377-b95eb7f71cc9,000000 - 00000011,none,2025-06-10,VDC-NV Beauty Bar,none,-22.5,EUR,none,False
e05ca8af-1743-4130-a1a2-2d9edd36b166,000000 - 00000011,none,2025-06-10,VDC-PEPCO 1624,none,-3.75,EUR,none,False
df7a94ba-e4ea-4a51-9231-23e0b56e215d,000000 - 00000111,none,2025-06-10,VDC-LIDL IRELAND L,none,-7.68,EUR,none,False
dece1387-8de7-43c2-86eb-ae89107bd39f,000000 - 00000111,none,2025-06-10,VDP-TCARD,none,-5.0,EUR,none,False
c3851504-686a-4248-a0f9-49b7750a1cc6,000000 - 00000111,none,2025-06-10,VDC-SQ *MADDENS,none,-5.5,EUR,none,False
c54b2c7f-8cf7-4bff-8189-a92324b5f3d3,000000 - 00000111,none,2025-06-10,VDP-notino.ie,none,-81.34,EUR,none,False
5d565bb0-6065-49aa-91ba-d7a06a793427,000000 - 00000111,none,2025-06-11,VDC-IT TRALEE NORT,none,-2.45,EUR,none,False
8fe18016-5e70-4d34-becb-3f8d1225f6ba,000000 - 00000111,none,2025-06-11,VDC-IT TRALEE NORT,none,-4.35,EUR,none,False
fb5dfb64-0d31-43db-8249-177c126500dc,000000 - 00000111,none,2025-06-11,VDC-IT TRALEE NORT,none,-4.35,EUR,none,False
d311f551-0d41-48e2-a3db-4b8b99aa02ee,000000 - 00000011,none,2025-06-11,VDC-TESCO STORES 3,none,-0.84,EUR,none,False
548fafbf-5eb5-45b9-b136-b0a353fdbb09,000000 - 00000011,none,2025-06-11,VDC-PEPCO 1624,none,-3.75,EUR,none,False
a95c125e-ca40-4fe5-a246-fa4ab79cad90,000000 - 00000011,none,2025-06-11,VDP-LEAP CARD APP,none,-10.0,EUR,none,False
7656e466-60ed-4ba9-892d-439834d8d0f7,000000 - 00000111,none,2025-06-11,VDC-Safi Vape Ltd,none,-16.0,EUR,none,False
109dc340-2fe0-422d-8e6d-8026847e2a8b,000000 - 00000111,none,2025-06-11,VDC-IRISH RAIL KIL,none,-4.3,EUR,none,False
017beffe-0a73-48db-b0ae-31496822405f,000000 - 00000111,none,2025-06-11,MYKHAILO B,000000 - 00001223,8.0,EUR,none,False
0a52a94a-9bc9-43e5-9bcf-89a0628a0fba,000000 - 00000111,none,2025-06-11,VDP-VESTA  *EIR TO,none,-20.0,EUR,none,False
e9a0c716-81f6-499e-8729-ac313544e3d4,000000 - 00000111,none,2025-06-11,VDC-FOUR STAR PIZZ,none,-15.99,EUR,none,False
1a6e623c-a554-4296-be71-508ca9ca9f13,000000 - 00000011,none,2025-06-12,VDP-AIRBNB * HMSXJ,none,-241.6,EUR,none,False
40e6ded5-a1ca-4f91-924a-ebc7c56c9035,000000 - 00000011,none,2025-06-12,VDC-AN POST-OFFICE,none,-2.95,EUR,none,False
2ec22e35-44a0-4fa4-b9ea-cead4c03970e,000000 - 00000111,none,2025-06-13,VDC-TESCO STORES 3,none,-6.65,EUR,none,False
7e358c9e-d398-4a27-bce2-8e48d1d9a045,000000 - 00000111,none,2025-06-13,VDC-SUMUP  *VAPE S,none,-18.0,EUR,none,False
0c5c8626-9e66-438f-8d10-08712945ea65,000000 - 00000111,none,2025-06-13,VDP-IRISH RAIL 770,none,-9.2,EUR,none,False
e61b38b4-7fab-4555-b7ea-3bfc946cb1c5,000000 - 00000011,none,2025-06-13,BIN BAN TEO W24,Account Number: 000000 - 00000033,331.34,EUR,none,False
3b19d6e1-315a-41c2-b698-578635876cb8,000000 - 00000011,none,2025-06-13,*MOBI  TOP-UP,000000008,-20.0,EUR,none,False
635e04a0-037a-43cf-a5c7-ac37ea88843f,000000 - 00000011,none,2025-06-13,*MOBI SERHII TRELOR,none,-100.0,EUR,none,False
02a568ad-6c7e-40e8-bd0b-db5a42856600,000000 - 00000111,none,2025-06-16,VDP-Just Eat Irela,none,-14.64,EUR,none,False
1f517fb6-df72-4965-93bb-e274bace9bba,000000 - 00000111,none,2025-06-16,VDC-LIDL IRELAND L,none,-8.06,EUR,none,False
2129ad45-49a1-4638-ab53-a4f0323bfe5c,000000 - 00000111,none,2025-06-16,T00000044,SCHOLARSHIP,0.0,EUR,none,False
09bf4652-ebda-4b82-831e-5ab9ea81d8fd,000000 - 00000011,none,2025-06-16,VDC-BUTTER BUBBLE,none,-14.4,EUR,none,False
be2e6b42-9e65-41f9-9b85-d874a16f61f5,000000 - 00000011,none,2025-06-16,VDP-IRISH RAIL 758,none,-36.8,EUR,none,False
aa8012b8-6c30-442a-b923-3649dbb294e1,000000 - 00000011,none,2025-06-16,VDC-Krispy Kreme D,none,-2.65,EUR,none,False
2b74b8aa-488e-42b2-af89-5eb04f6ea57a,000000 - 00000011,none,2025-06-16,VDC-SQ *EGAWA SUSH,none,-29.0,EUR,none,False
e9a19eed-ea2a-47a2-ab18-b5f67e0c3bdd,000000 - 00000011,none,2025-06-16,VDC-THE KIOSK RAIL,none,-2.0,EUR,none,False
dd9c94db-0f1f-48dd-802e-97cb6e19d82d,000000 - 00000011,none,2025-06-16,VDP-AMZN Mktp UK*A,none,-184.78,EUR,none,False
55162787-5bac-4442-b00c-d3bd35a44ee2,000000 - 00000011,none,2025-06-16,T00000033,SCHOLARSHIP,0.0,EUR,none,False
0b262515-3151-45ae-8d70-1c6b1481698d,000000 - 00000111,none,2025-06-17,VDC-Fone + Vape,none,-14.0,EUR,none,False
851df202-ffd1-4dd1-a45e-fc48e3cdb83a,000000 - 00000011,none,2025-06-17,ZA ARBUZ,none,5.0,EUR,none,False
90f13cc2-54b1-4ba6-90c6-a82bd153f3c1,000000 - 00000011,none,2025-06-17,VDC-LIDL IRELAND L,none,-17.47,EUR,none,False
7dd31a89-8140-4871-9fef-000eb01ac529,000000 - 00000011,none,2025-06-17,VDC-THE KIOSK RAIL,none,-2.5,EUR,none,False
1342c53c-f88c-4db4-9622-b9b79e5ab233,000000 - 00000111,none,2025-06-17,VDC-THE ROUNDY,none,-16.8,EUR,none,False
ad870fe1-3ac0-44b7-9b69-5b551042cbaf,000000 - 00000111,none,2025-06-17,VDP-BUS EIREANN EX,none,-6.8,EUR,none,False
5821a19f-8fe2-4e61-b167-0a6f06e72463,000000 - 00000111,none,2025-06-18,VDP-IRISH RAIL 779,none,-9.2,EUR,none,False
428a9b4a-cac5-4ca7-b54f-4ab2ccde43a3,000000 - 00000011,none,2025-06-18,VDC-MERCURY FOOD D,none,-23.22,EUR,none,False
c34511ac-2107-46d8-8d69-cb9c0c20b35b,000000 - 00000111,none,2025-06-18,VDC-SPAR YOUGHAL,none,-3.6,EUR,none,False
1353f7de-3035-4596-a28a-32a0e49ee7d7,000000 - 00000011,none,2025-06-18,VDC-MERCURY FOOD D,none,-2.26,EUR,none,False
f7e10367-23c1-4238-b117-fcdce62298b7,000000 - 00000011,none,2025-06-19,VDP-LEAP CARD APP,none,-10.0,EUR,none,False
055339a5-0e00-428a-bf2d-4f1c971a77d8,000000 - 00000011,none,2025-06-19,*ATMLDG TRELEE,Card ending: 0011,0.0,EUR,none,False
b56e8e1d-8b60-4a2b-aa62-2cdc42ad6e8b,000000 - 00000111,none,2025-06-19,VDC-SQ *MADDENS,none,-17.0,EUR,none,False
5793e370-e4ff-45a5-8290-fca06b79e439,000000 - 00000111,none,2025-06-19,VDC-LIDL IRELAND L,none,-7.76,EUR,none,False
d08b87e6-2862-4a6d-90f0-b8547c543044,000000 - 00000111,none,2025-06-19,VDC-LIDL IRELAND L,none,-4.48,EUR,none,False
587bfd76-af37-4194-9b54-bee3e2d9999b,000000 - 00000011,none,2025-06-20,VDP-BERESFORD* DUB,none,-116.25,EUR,none,False
707f3ddb-3312-4a24-82bc-ce69260bb328,000000 - 00000011,none,2025-06-20,VDC-C.H.CHEMISTS,none,-10.0,EUR,none,False
d3dab526-8f73-44be-a851-ced379f136e8,000000 - 00000011,none,2025-06-20,VDC-C.H.CHEMISTS,none,-15.0,EUR,none,False
ce37c44e-36b3-452e-8e1c-188fdca3a3a7,000000 - 00000011,none,2025-06-20,VDC-MCCAFFREYS BAR,none,-10.0,EUR,none,False
1eac4146-afc7-4bda-b29c-da1187e7d727,000000 - 00000011,none,2025-06-20,VDC-PEPCO 1624,none,-2.75,EUR,none,False
3eb85ff7-4303-469f-a060-17e058424235,000000 - 00000011,none,2025-06-20,BIN BAN TEO W25,Account Number: 000000 - 00000033,302.23,EUR,none,False
ca803117-4733-47dd-8b34-938aa9631f1f,000000 - 00000111,none,2025-06-20,VDC-IT TRALEE NORT,none,-3.5,EUR,none,False
f8b63775-2fbd-473e-994d-f7a2e25d6881,000000 - 00000111,none,2025-06-20,VDC-MCCAFFREYS BAR,none,-13.0,EUR,none,False
e47ba76e-784c-4aad-8765-fa46b0827f68,000000 - 00000011,none,2025-06-23,ATM TRALEE   B,23JUN25 TIME 17:32,0.0,EUR,none,False
ab6a3092-d2a7-4dda-8ef7-0c225921de20,000000 - 00000011,none,2025-06-23,VDP-LEAP CARD APP,none,-5.0,EUR,none,False
b495a1f9-a030-45a5-acb0-645b0e1f58f5,000000 - 00000011,none,2025-06-23,VDP-RYANAIR     C2,none,-277.72,EUR,none,False
c43b94c5-0341-4f6f-a220-da4215ee8d50,000000 - 00000011,none,2025-06-23,VDC-PENNEYS TRALEE,none,-2.5,EUR,none,False
0d0569cc-54e5-4248-ac48-f1bd07a9353b,000000 - 00000011,none,2025-06-23,VDC-PEPCO 1624,none,-2.0,EUR,none,False
58c263f4-aac7-4364-9274-4b0402dafcfd,000000 - 00000011,none,2025-06-23,VDC-SUPERVALU GARV,none,-10.5,EUR,none,False
39dd8920-3265-49bf-a7f3-e59834ed3761,000000 - 00000011,none,2025-06-23,*ATMLDG TRELEE,Card ending: 0011,0.0,EUR,none,False
8364d663-1789-4de7-91ed-9338f3c71472,000000 - 00000011,none,2025-06-23,VDP-LEAP CARD APP,none,-20.0,EUR,none,False
b2483af8-32d5-4677-b8d7-9a78facbb34e,000000 - 00000111,none,2025-06-23,VDC-PEPCO 1624,none,-4.5,EUR,none,False
3cdd792b-eeaf-4ddb-9dcb-413a478818cd,000000 - 00000111,none,2025-06-23,VDC-TESCO STORES 3,none,-4.65,EUR,none,False
3902939a-8d71-4270-8db5-b956d16fd93c,000000 - 00000111,none,2025-06-23,VDP-LEAP CARD APP,none,-20.0,EUR,none,False
8820ea88-5403-4fcb-8112-82b81bc30d4f,000000 - 00000111,none,2025-06-23,VDP-Vesta EIR TopU,none,-20.0,EUR,none,False
b4ed9d21-1dd9-4909-b20b-21fbb408af29,000000 - 00000111,none,2025-06-23,VDC-SQ *MADDENS,none,-5.5,EUR,none,False
601aa5d1-8ba5-452d-b569-9d98c7617bca,000000 - 00000111,none,2025-06-23,VDC-Parkgate Coffe,none,-4.9,EUR,none,False
6043c931-ad51-4ecb-8a7f-e396c87e6373,000000 - 00000111,none,2025-06-23,VDC-BOOTS RETAIL17,none,-14.98,EUR,none,False
7e1a3973-58a8-4adc-aa92-d74e82c988dc,000000 - 00000111,none,2025-06-23,VDC-TESCO STORES 3,none,-26.8,EUR,none,False
8d9bf3a4-3be7-4f28-8a83-35e6cb956601,000000 - 00000111,none,2025-06-23,VDC-Parkgate Coffe,none,-4.9,EUR,none,False
0a9ef9d0-1553-49d4-8931-7972a0356eac,000000 - 00000011,none,2025-06-24,VDC-TESCO STORES 3,none,-14.3,EUR,none,False
09f15e11-8f94-4eab-b48d-26cb59c4413c,000000 - 00000111,none,2025-06-24,VDP-IRISH RAIL 704,none,-9.2,EUR,none,False
a2b4ece3-dae6-4130-a362-7aee7f7f3a59,000000 - 00000111,none,2025-06-24,VDC-THE DAILY GRIN,none,-9.4,EUR,none,False
111c1487-bf76-4d62-912b-213313ad18a2,000000 - 00000011,none,2025-06-24,VDP-IRISH RAIL 771,none,-31.98,EUR,none,False
177e3b69-1c0a-449e-9380-c944f0bbf561,000000 - 00000011,none,2025-06-24,*MOBI HAN O,none,-400.0,EUR,none,False
60f44811-edcc-4919-bfe1-8d8a77bca672,000000 - 00000011,none,2025-06-25,VDC-MARKS & SPENCE,none,-1.25,EUR,none,False
60f254f7-3dd3-4747-af9c-0465b1700ca7,000000 - 00000011,none,2025-06-25,VDC-CW Henry St I0,none,-3.39,EUR,none,False
aaaa0643-d3d1-4a77-86f6-3c46144cfb0c,000000 - 00000111,none,2025-06-25,VDP-TFI GO,none,-0.65,EUR,none,False
fe390da2-400b-4e74-bf76-ed5098e59551,000000 - 00000111,none,2025-06-25,VDP-TFI GO,none,-0.65,EUR,none,False
2c727e21-f54f-4191-82e8-343386e8a150,000000 - 00000111,none,2025-06-25,VDC-MCDONALDS,none,-3.0,EUR,none,False
7a2aeb30-3c7c-4518-afa2-bfe93179c40e,000000 - 00000111,none,2025-06-25,VDC-IRISH RAIL COR,none,-10.8,EUR,none,False
7c564efc-deea-4b9c-8dfd-168e0c975940,000000 - 00000111,none,2025-06-25,VDC-DEALZ - 1603,none,-4.0,EUR,none,False
762391fa-765d-4514-9013-1e0ed211b0e5,000000 - 00000011,none,2025-06-25,VDP-RYANAIR     L2,none,-20.5,EUR,none,False
263be24c-8ee5-4ca1-9fde-3296d347fc15,000000 - 00000111,none,2025-06-26,VDC-SQ *MADDENS,none,-6.5,EUR,none,False
2b6bf0b3-6aba-4a0e-8e26-940c9d23663e,000000 - 00000111,none,2025-06-26,VDC-LIDL IRELAND L,none,-2.38,EUR,none,False
3c33dfec-b870-4271-8cd6-edbc4827a8c2,000000 - 00000011,none,2025-06-26,VDP-Spotify P37FC3,none,-11.99,EUR,none,False
7e28c1e9-f576-4c64-a4f5-9eef3f776f2c,000000 - 00000011,none,2025-06-26,VDC-STB VALIDATOAR,3.00 RON@,-0.61,EUR,none,False
39c8fbe3-46b6-45bf-a779-3e73a6c14c33,000000 - 00000011,none,2025-06-27,BIN BAN TEO W26,Account Number: 000000 - 00000033,321.25,EUR,none,False
6d67917f-ee30-415f-8619-43f0b5359e5a,000000 - 00000011,none,2025-06-30,FEES REFUNDED,Account Number: 000000 - 00000022,17.05,EUR,none,False
c3c36881-fef3-45a2-9ad5-7ee753697c2e,000000 - 00000111,none,2025-06-30,VDP-CITI BUS WEBSI,none,-14.5,EUR,none,False
adfdffed-2059-49b6-867a-e9f7e44322f0,000000 - 00000111,none,2025-06-30,VDP-IRISH RAIL 717,none,-9.2,EUR,none,False
2600e36c-bfa8-45ab-ac67-94c1c8ae0118,000000 - 00000111,none,2025-06-30,VDP-LEAP CARD APP,none,-20.0,EUR,none,False
f3e659ce-af58-4c66-b3b9-7c8338a15a70,000000 - 00000111,none,2025-06-30,FEE-QTR TO 30MAY25,000000 - 00000112,-16.3,EUR,none,False
e9927fe3-fecd-46a7-a47d-ef7853442789,000000 - 00000111,none,2025-06-30,VDC-Parkgate Coffe,none,-8.4,EUR,none,False
67bce9bc-156b-49c0-8db9-ef6d6e7cc194,000000 - 00000111,none,2025-06-30,VDC-PEPCO 1624,none,-3.5,EUR,none,False
16433028-dc1c-45f1-8859-ea8b6b940dc9,000000 - 00000111,none,2025-06-30,VDC-SQ *BRIO BRUNC,none,-4.2,EUR,none,False
bd9ee9ed-a947-4e9c-a964-3e7ef50da7b5,000000 - 00000011,none,2025-06-30,FEE-QTR TO 30MAY25,Account Number: 000000 - 00000022,-17.05,EUR,none,False
741f0939-5ed5-4f38-9c1d-b277c40c4721,000000 - 00000011,none,2025-07-01,VDP-IRISH RAIL 764,none,-31.98,EUR,none,False
bc506b6c-2bea-447d-9cd8-207f74948e2b,000000 - 00000111,none,2025-07-01,VDP-Joos,none,-2.5,EUR,none,False
16664b21-015f-4280-bfbd-a06a6adcbb7c,000000 - 00000111,none,2025-07-01,VDC-SUMUP  *AVIVA,none,-3.0,EUR,none,False
4fe8515b-ddf1-4bf8-960b-462f5911198c,000000 - 00000111,none,2025-07-01,VDC-TAKARA,none,-10.2,EUR,none,False
376b6d49-a8a1-4d67-b1cc-92b008468087,000000 - 00000011,none,2025-07-01,VDP-COMPLETESAVE.I,none,-18.0,EUR,none,False
55d7107c-7d83-4561-bd81-eff51bf6b4e7,000000 - 00000011,none,2025-07-01,VDP-LEAP CARD APP,none,-5.0,EUR,none,False
8f73db48-cb0b-4331-b930-01aab5bd6640,000000 - 00000011,none,2025-07-01,VDC-BURGER KING O,none,-17.4,EUR,none,False
e3968c99-3a33-43d6-b586-fa93d5fff2ee,000000 - 00000011,none,2025-07-01,VDC-LIDL IRELAND L,none,-14.19,EUR,none,False
cd9a6e45-fe7b-4a8b-b5ca-204f97a7cde9,000000 - 00000111,none,2025-07-02,VDC-LITTLE GENOS,none,-4.3,EUR,none,False
2aeeb205-1320-4de1-830e-3ad261894879,000000 - 00000011,none,2025-07-02,VDP-APPLE.COM/BILL,none,-0.99,EUR,none,False
fe2d2de2-3d59-40e1-83e2-a5fee6806d6d,000000 - 00000011,none,2025-07-02,VDP-LEAP CARD APP,none,-5.0,EUR,none,False
275de027-10f3-4705-a8c1-7e3c34f2c540,000000 - 00000011,none,2025-07-02,VDC-SUPERVALU GARV,none,-2.79,EUR,none,False
1f6658e2-d352-4372-b8bc-a4a03c665971,000000 - 00000111,none,2025-07-03,VDC-COCA COLA,none,-2.0,EUR,none,False
b434b836-1f98-41bc-9429-e6ca936a0e35,000000 - 00000111,none,2025-07-03,VDC-Fast Als Parad,none,-7.5,EUR,none,False
3c3f0509-e51d-467d-ad83-8c8cc9d4ff48,000000 - 00000111,none,2025-07-03,VDP-LEAP CARD APP,none,-10.0,EUR,none,False
7e9ba160-9e0f-43b0-b5d5-08cdfcd0f12f,000000 - 00000111,none,2025-07-03,VDC-WH Smith Cork,none,-4.95,EUR,none,False
351276fe-d13c-498f-839c-696f3ee702c6,000000 - 00000111,none,2025-07-03,VDC-The Mardyke En,none,-14.4,EUR,none,False
96bce80f-ff40-4978-b4cc-0495376db941,000000 - 00000111,none,2025-07-03,VDC-NYA*Snaparazzi,none,-6.0,EUR,none,False
e950d2c8-9167-4c43-9aff-465210f60770,000000 - 00000111,none,2025-07-03,VDC-MCDONALDS,none,-7.8,EUR,none,False
a347a7da-862f-4c30-8bd7-503063bf34bb,000000 - 00000111,none,2025-07-03,VDC-MCDONALDS,none,-7.0,EUR,none,False
e490b95e-4908-45bb-bbf0-0b5d037f6feb,000000 - 00000111,none,2025-07-03,VDP-LEAP CARD APP,none,-20.0,EUR,none,False
497febc5-d668-47dc-af96-e008fd59733e,000000 - 00000111,none,2025-07-04,VDP-IRISH RAIL 746,none,-9.2,EUR,none,False
e43b6ed1-ca88-46ed-a83d-c29dd5bdbcba,000000 - 00000111,none,2025-07-04,VDC-Pandora,none,-15.0,EUR,none,False
26d9b0c2-b9d6-4880-af58-2091d4af95e1,000000 - 00000111,none,2025-07-04,VDC-FOUR STAR PIZZ,none,-17.75,EUR,none,False
c0bf5b68-434e-4b46-a8bc-dc5893617299,000000 - 00000111,none,2025-07-04,VDC-AS LTD,none,-4.8,EUR,none,False
9dedcb7c-8d75-4dee-946f-377e0c458536,000000 - 00000111,none,2025-07-04,VDC-FOUR STAR PIZZ,none,-3.05,EUR,none,False
6939319d-655b-4546-b589-65407ea820a5,000000 - 00000111,none,2025-07-04,VDC-LIDL IRELAND L,none,-8.25,EUR,none,False
846b2d59-8489-460e-992b-eda706b8a01c,000000 - 00000011,none,2025-07-04,BIN BAN TEO W27,Account Number: 000000 - 00000033,317.91,EUR,none,False
fde2a40a-faec-42ae-8591-9999f60d8afb,000000 - 00000011,none,2025-07-04,VDC-PEPCO 1624,none,-5.5,EUR,none,False
2598b96b-ba7a-4f72-b551-c873ec1de5a6,000000 - 00000011,none,2025-07-07,VDC-SUPERVALU GARV,none,-1.5,EUR,none,False
04a59288-4894-4183-966d-1ae1111fb94a,000000 - 00000111,none,2025-07-07,VDC-PEPCO 1624,none,-7.75,EUR,none,False
da890323-065f-4f97-87cc-5649ee22b91c,000000 - 00000111,none,2025-07-07,VDC-Parkgate Coffe,none,-4.4,EUR,none,False
fb6689dc-36b4-493b-9c8c-dad8ccdc22f4,000000 - 00000111,none,2025-07-07,VDP-APPLE.COM/BILL,none,-2.99,EUR,none,False
5efb172e-3be2-43ef-b059-0716f323eb04,000000 - 00000111,none,2025-07-07,VDP-LEAP CARD APP,none,-20.0,EUR,none,False
bd880813-97ab-438e-ba0e-557dbc2158cf,000000 - 00000111,none,2025-07-07,VDC-SEAN OGS BAR L,none,-13.0,EUR,none,False
e34dac73-30cf-4ac0-afb1-f72c2134799d,000000 - 00000011,none,2025-07-07,VDC-SEAN OGS BAR L,none,-13.0,EUR,none,False
25fb5726-5a97-4619-aabd-05c7fc6b8ef3,000000 - 00000111,none,2025-07-07,VDC-SQ *MADDENS,none,-5.0,EUR,none,False
8d1261b7-5748-4549-86a0-a54119d04a37,000000 - 00000011,none,2025-07-07,VDC-MORANS SPAR,none,-1.65,EUR,none,False
1ca2a2af-279f-49ea-86ff-f85c4b6e5661,000000 - 00000011,none,2025-07-07,VDC-LIDL IRELAND L,none,-17.55,EUR,none,False
6118da9a-6897-4c3e-b848-6d112151f71d,000000 - 00000011,none,2025-07-07,VDP-TransferWise,none,-7.0,EUR,none,False
a56e35d1-c2ea-40a0-97ce-b0640895f333,000000 - 00000011,none,2025-07-07,VDP-LEAP CARD APP,none,-40.0,EUR,none,False
004d18a6-81d5-4b13-8c8c-fa17fdac62b9,000000 - 00000011,none,2025-07-07,VDP-AMZN Mktp UK*R,none,-72.02,EUR,none,False
f2594af8-9688-44d7-944e-517134a8c562,000000 - 00000011,none,2025-07-07,ATM TRALEE   B,05JUL25 TIME 18:32,0.0,EUR,none,False
bf7beeb1-fefa-4b9a-9e53-9607f5d9ef56,000000 - 00000011,none,2025-07-07,VDC-PEPCO 1624,none,-8.0,EUR,none,False
eae259d1-b991-4a27-91de-ab3b4918bd71,000000 - 00000011,none,2025-07-08,VDC-SMYTHS TOYS TR,none,-22.97,EUR,none,False
9e61c5fe-860a-4898-b33d-ccbabc690cf8,000000 - 00000011,none,2025-07-08,VDC-SQ *MADDENS,none,-11.7,EUR,none,False
cd921d85-2e51-4cdc-81cd-505420cd83f1,000000 - 00000111,none,2025-07-08,VDP-RYANAIR     UN,none,-18.0,EUR,none,False
f431fa64-70a8-4069-acb1-664dc3d60e15,000000 - 00000011,none,2025-07-08,VDC-TESCO STORES 3,none,-2.25,EUR,none,False
371dd9da-5cc8-4590-b639-cf1898c9e32d,000000 - 00000111,none,2025-07-09,VDC-MCDONALDS TRAL,none,-9.85,EUR,none,False
8a30a929-b5b9-4a4a-b125-4484f03e40c9,000000 - 00000111,none,2025-07-09,VDP-Vesta EIR TopU,none,-20.0,EUR,none,False
651f9865-6ebf-4166-936d-f5496ccc130b,000000 - 00000011,none,2025-07-09,VDC-MORANS SPAR,none,-3.15,EUR,none,False
005a802c-c14f-4e3b-866b-3c8cd300a860,000000 - 00000011,none,2025-07-09,VDC-LIDL IRELAND L,none,-14.97,EUR,none,False
4ab178b7-ca9e-4161-9f79-51256ffe7bfb,000000 - 00000011,none,2025-07-09,VDP-shein.com,none,-9.17,EUR,none,False
3d01f3b8-3e21-406c-ba48-33487439c7be,000000 - 00000111,none,2025-07-09,VDC-TESCO STORES 3,none,-8.25,EUR,none,False
7b555c88-a87b-4a8d-9142-53e4e92c5034,000000 - 00000011,none,2025-07-09,VDC-MORANS SPAR,none,-1.85,EUR,none,False
762eb991-e562-4211-8a46-6d46a7812387,000000 - 00000111,none,2025-07-10,VDC-MCCAFFREYS BAR,none,-13.0,EUR,none,False
ade8c919-7be7-444a-a809-a8a15dc1345d,000000 - 00000011,none,2025-07-10,VDC-MORANS SPAR,none,-1.85,EUR,none,False
7a96d142-e6b6-469d-8595-121f0992645c,000000 - 00000011,none,2025-07-10,VDC-AKIRA ASIA SUP,none,-6.0,EUR,none,False
760d2843-28d1-46e3-97a1-8d243295ea54,000000 - 00000011,none,2025-07-10,VDP-RYANAIR     T1,none,-72.99,EUR,none,False
0ca23a7c-d3e0-4af9-8988-fb673cb5f0bb,000000 - 00000111,none,2025-07-11,VDC-Vape shop,none,-7.0,EUR,none,False
c443fb89-9e20-4312-8e05-44786293bb1a,000000 - 00000011,none,2025-07-11,VDC-DUNNES TRALEE,none,-9.0,EUR,none,False
1e43814c-7459-4476-a9fa-af7c647713a3,000000 - 00000011,none,2025-07-11,*MOBI  TOP-UP,000000008,-20.0,EUR,none,False
91d6455d-a2fa-4f4d-9590-63a3ecb35292,000000 - 00000011,none,2025-07-11,BIN BAN TEO W28,Account Number: 000000 - 00000033,100.74,EUR,none,False
93d2ba6b-3f34-43b2-9b7a-347d0b25e8bc,000000 - 00000111,none,2025-07-11,VDC-LIDL IRELAND L,none,-11.39,EUR,none,False
229bfb86-a344-4bfa-8fbe-f592af0d7ab8,000000 - 00000011,none,2025-07-11,VDC-SQ *MADDENS,none,-12.5,EUR,none,False
be533983-c9ef-4d6a-8368-39862d024c16,000000 - 00000011,none,2025-07-14,VDP-LEAP CARD APP,none,-20.0,EUR,none,False
b72e5292-ae73-4f01-93e8-e659269040d4,000000 - 00000011,none,2025-07-14,VDC-MORANS SPAR,none,-2.5,EUR,none,False
35a7903a-c8fa-44c9-a186-0cb464c27418,000000 - 00000011,none,2025-07-14,VDC-SUPERVALU GARV,none,-2.0,EUR,none,False
759235c6-3b00-44ab-81ed-d1f36ed2efbe,000000 - 00000111,none,2025-07-14,VDP-LEAP CARD APP,none,-20.0,EUR,none,False
51e5682c-5e01-4988-aeac-0b052179c1aa,000000 - 00000011,none,2025-07-14,VDC-LIDL IRELAND L,none,-12.76,EUR,none,False
44bf6f83-622b-4c5e-b758-aad44970e8b3,000000 - 00000011,none,2025-07-14,VDP-Just Eat Irela,none,-19.64,EUR,none,False
1633d91a-89ae-423b-bfe7-aff568c3d010,000000 - 00000011,none,2025-07-14,VDC-MORANS SPAR,none,-1.65,EUR,none,False
2af576e8-65a0-4ef1-a0d5-faaec794642d,000000 - 00000011,none,2025-07-14,*MOBI DABAIE2D,none,-150.0,EUR,none,False
f055ad2a-10f3-4247-a0e5-d1a78ec9fec0,000000 - 00000011,none,2025-07-15,VDC-MORANS SPAR,none,-0.95,EUR,none,False
59f3f372-a44f-4d10-a38e-e8b5290332bb,000000 - 00000011,none,2025-07-15,VDC-PEPCO 1624,none,-10.0,EUR,none,False
7f2e696d-ffc7-4629-a7bf-58f0a8d8f3c6,000000 - 00000011,none,2025-07-15,VDC-SUPERVALU GARV,none,-2.34,EUR,none,False
9bfdfef7-3a2a-4868-a4ec-6a20a697bb69,000000 - 00000111,none,2025-07-15,VDC-SQ *MADDENS,none,-6.0,EUR,none,False
71801161-98ff-4fe5-a1a4-989080290cf7,000000 - 00000111,none,2025-07-16,VDC-O Domhaill,none,-5.0,EUR,none,False
2ea3e281-9a36-4eaf-a60e-d54ee737136c,000000 - 00000011,none,2025-07-16,VDC-C.H.CHEMISTS,none,-10.0,EUR,none,False
4b776403-e089-4523-a0df-740fb168c858,000000 - 00000011,none,2025-07-16,VDC-KYOTO,none,-16.5,EUR,none,False
e6e4e880-93c6-4e63-9b7c-1c92da1dabc8,000000 - 00000011,none,2025-07-16,VDC-PEPCO 1624,none,-7.5,EUR,none,False
5b445407-e56f-4c2a-8809-93798d2dbb9d,000000 - 00000011,none,2025-07-16,VDC-SQ *MADDENS,none,-6.5,EUR,none,False
cd060e45-6fa4-4695-b985-d006d6d63d05,000000 - 00000011,none,2025-07-17,VDP-LEAP CARD APP,none,-10.0,EUR,none,False
9572cbaf-d37a-4640-9bd8-18ad83fe939d,000000 - 00000011,none,2025-07-17,VDC-MORANS SPAR,none,-0.95,EUR,none,False
00c1ce3f-24d8-404f-9f36-af783e5a7d1a,000000 - 00000011,none,2025-07-18,BIN BAN TEO W29,Account Number: 000000 - 00000033,391.3,EUR,none,False
1c0059d0-b157-4e9e-be74-c953ffc578f7,000000 - 00000011,none,2025-07-18,VDC-C.H.CHEMISTS,none,-11.51,EUR,none,False
4fee7710-6e82-4b09-a6e6-fd21e0394f02,000000 - 00000011,none,2025-07-18,VDC-EASON  TRALEE,none,-16.98,EUR,none,False
7508ee6b-4315-43c4-9dde-5ad4e6100ba5,000000 - 00000011,none,2025-07-18,VDC-Mohammad Spice,none,-4.5,EUR,none,False
155e0b1d-6319-46a6-923a-1bca94ecd2ae,000000 - 00000011,none,2025-07-18,VDC-TESCO STORES 3,none,-1.8,EUR,none,False
e1d67769-f6cb-49bb-9a6f-8c67a57e58f1,000000 - 00000011,none,2025-07-18,VDP-IRISH RAIL 756,none,-31.98,EUR,none,False
e520eef4-50f4-4f07-853d-da997c58fca1,000000 - 00000111,none,2025-07-21,VDC-TESCO STORES 3,none,-6.0,EUR,none,False
7bb4aaf9-b44d-487b-9f5f-3cebc2362885,000000 - 00000111,none,2025-07-21,VDC-PEPCO 1624,none,-3.25,EUR,none,False
c5a42a91-3718-46df-99fb-788301ca10ba,000000 - 00000111,none,2025-07-21,VDP-IRISH RAIL 729,none,-3.75,EUR,none,False
450ee9ff-d0a5-4a40-9389-599a4fd06fcd,000000 - 00000111,none,2025-07-21,VDP-LEAP CARD APP,none,-10.0,EUR,none,False
dc1563f4-b3b0-46a4-a855-a33adb28d66e,000000 - 00000111,none,2025-07-21,VDP-LEAP CARD APP,none,-15.0,EUR,none,False
7b5a0a13-9665-433c-98cd-fc0b5ccf6879,000000 - 00000111,none,2025-07-21,VDP-IRISH RAIL 705,none,-3.75,EUR,none,False
ea325ab4-27f5-4903-b098-4f4657eb1609,000000 - 00000011,none,2025-07-21,VDC-PEPCO 1624,none,-4.0,EUR,none,False
4f966d67-ea96-4d10-9812-abf2cefb6bf3,000000 - 00000111,none,2025-07-21,VDP-Vesta EIR TopU,none,-20.0,EUR,none,False
886a5b6d-8589-44db-a696-8a7471e6a459,000000 - 00000011,none,2025-07-21,VDC-MORANS SPAR,none,-3.8,EUR,none,False
22419049-e03d-4e84-93c3-9e92f8de0f68,000000 - 00000011,none,2025-07-21,VDP-LEAP CARD APP,none,-10.0,EUR,none,False
55b16fd3-31db-46e2-ba63-bcab4a32dc88,000000 - 00000011,none,2025-07-21,VDP-NV BEAUTY BAR,none,-43.0,EUR,none,False
ec6f155b-211e-42af-9b02-62f5f646ce5f,000000 - 00000011,none,2025-07-21,VDC-PENNEYS TRALEE,none,-25.0,EUR,none,False
dc869b58-c8c5-4562-a0f6-533bc9fbc183,000000 - 00000011,none,2025-07-21,VDC-COSTA,none,-4.35,EUR,none,False
47933d8c-806c-4028-b0e7-d094bc7826b8,000000 - 00000011,none,2025-07-21,VDC-FOUR STAR PIZZ,none,-13.6,EUR,none,False
f02920e8-0a62-4ecf-b1c6-4d7f9205c4b1,000000 - 00000011,none,2025-07-21,VDC-PEPCO 1624,none,-3.0,EUR,none,False
404815c0-1207-4059-b54d-467d4860de4b,000000 - 00000011,none,2025-07-21,VDC-Mohammad Spice,none,-9.49,EUR,none,False
551ecb93-7fdc-4b8c-872c-490c8cf1868a,000000 - 00000011,none,2025-07-22,VDC-TAKARA,none,-27.9,EUR,none,False
6a907c59-27e2-4162-bac0-cb0bbe43552f,000000 - 00000011,none,2025-07-22,VDC-SPAR LIFFEY ST,none,-6.25,EUR,none,False
6c2b77e2-aa8a-4a6d-81a2-2538c7d1192a,000000 - 00000011,none,2025-07-22,VDP-BERESFORD HOTE,none,-111.2,EUR,none,False
25bafb0c-4024-4b73-88d0-cca802622a02,000000 - 00000111,none,2025-07-22,VDC-Parkgate Coffe,none,-4.4,EUR,none,False
229ad1ba-6187-46c9-b448-799baa8dbffc,000000 - 00000011,none,2025-07-23,VDC-ARAMARK 18010R,none,-3.0,EUR,none,False
d0e83ddc-3ce3-465f-9295-2ad7a2490571,000000 - 00000011,none,2025-07-23,VDC-EL YANTAR DE A,none,-9.0,EUR,none,False
5bb62355-9ebb-4f18-9d2e-3ba0df79a6a5,000000 - 00000011,none,2025-07-23,VDC-KIOSCO,none,-3.0,EUR,none,False
0c48e644-8830-4029-96b5-9a3d2d36fa48,000000 - 00000111,none,2025-07-23,VDC-J.M. REIDY,none,-28.0,EUR,none,False
ca9237ff-d656-4728-b96f-2c7f2e8009d2,000000 - 00000011,none,2025-07-23,VDC-METRO DE MADRI,none,-2.0,EUR,none,False
83e662a0-2e4e-4c23-85e6-fa6ca158819b,000000 - 00000011,none,2025-07-23,VDC-METRO DE MADRI,none,-7.4,EUR,none,False
4e73ef95-3132-465b-a729-5ba1cd977e84,000000 - 00000011,none,2025-07-24,VDP-LEAP CARD APP,none,-15.0,EUR,none,False
15fd542a-4b80-4f36-91bd-5f4a41c9e9bf,000000 - 00000011,none,2025-07-24,VDP-Just Eat Irela,none,-27.13,EUR,none,False
38f6c62c-1c37-4a5d-800b-e510c31d4b35,000000 - 00000011,none,2025-07-24,VDC-FRESH THE GOOD,none,-19.2,EUR,none,False
1a632678-0923-4066-b49f-4dc8e42e60a2,000000 - 00000011,none,2025-07-24,VDC-NYX*ABServicio,none,-4.8,EUR,none,False
e9bb69fb-640d-4712-906c-6b6287de1852,000000 - 00000011,none,2025-07-24,VDC-519 - CANAS Y,none,-3.7,EUR,none,False
3edadd9b-3bc0-461a-8917-b8d85dc2283e,000000 - 00000111,none,2025-07-24,VDC-PENNEYS TRALEE,none,-8.15,EUR,none,False
15d711f9-a2bb-4780-a014-8a6a8b7cd966,000000 - 00000011,none,2025-07-24,VDP-IRISH RAIL 774,none,-31.98,EUR,none,False
bf1b9377-6b06-4b92-b409-eeebf7255163,000000 - 00000011,none,2025-07-25,BIN BAN TEO W30,Account Number: 000000 - 00000033,389.54,EUR,none,False
c0ad692e-2536-43bd-a28a-0e873d0d31ff,000000 - 00000011,none,2025-07-25,VDC-MORANS SPAR,none,-0.95,EUR,none,False
831efa47-907f-4517-b5df-9f9a25d780cf,000000 - 00000011,none,2025-07-25,VDC-SUPERVALU GARV,none,-14.49,EUR,none,False
660f8a8b-bdf4-4fc7-8f25-a583e531b156,000000 - 00000111,none,2025-07-25,VDP-LEAP CARD APP,none,-10.0,EUR,none,False
a81861a1-0b15-443e-822a-180385250214,000000 - 00000111,none,2025-07-28,VDC-O Domhaill,none,-1.25,EUR,none,False
cd78f0b2-348a-4f23-b79e-c9e1896e9c62,000000 - 00000111,none,2025-07-28,VDC-O Domhaill,none,-5.0,EUR,none,False
b7ad869e-1668-4e4c-af29-59dfe1a8f46f,000000 - 00000111,none,2025-07-28,VDP-LEAP CARD APP,none,-15.0,EUR,none,False
e00091a0-ae3f-4c3d-8f47-cb09f173cbb9,000000 - 00000011,none,2025-07-28,*MOBI SKZ MADRID,none,-55.0,EUR,none,False
3082dc78-6043-481d-a454-d41c18c78082,000000 - 00000011,none,2025-07-28,VDP-LEAP CARD APP,none,-15.0,EUR,none,False
c3cfb65e-1b6d-4418-a177-0bd0158d2739,000000 - 00000011,none,2025-07-28,VDP-Spotify P38E70,none,-11.99,EUR,none,False
e3d46fd5-1046-4cc3-907a-dcd5334d19ce,000000 - 00000011,none,2025-07-28,VDC-SUPERVALU GARV,none,-2.58,EUR,none,False
33a96457-50ff-47f8-ba42-d5f7f743a472,000000 - 00000011,none,2025-07-28,VDC-SUPERVALU GARV,none,-2.0,EUR,none,False
b49aea83-1d39-4a24-942f-93e64466b5cc,000000 - 00000011,none,2025-07-28,VDP-TRALEE OMNIPLE,none,-27.9,EUR,none,False
6f2bf56d-3d3c-4362-b2ce-c38ac3e8c529,000000 - 00000011,none,2025-07-28,VDC-Parkgate Coffe,none,-3.8,EUR,none,False
706c5486-f127-4364-8304-e91c379f9541,000000 - 00000011,none,2025-07-28,VDC-MORANS SPAR,none,-1.65,EUR,none,False
b8783fc0-30c5-40b9-b222-b75a411bfc18,000000 - 00000011,none,2025-07-28,VDC-PEPCO 1624,none,-11.25,EUR,none,False
42f7b609-a48f-4145-8601-2f24638a65d2,000000 - 00000011,none,2025-07-29,VDC-T K MAXX,none,-32.97,EUR,none,False
6ce46580-04c1-41b5-8f30-26d719cde93a,000000 - 00000011,none,2025-07-29,VDC-MCDONALDS TRAL,none,-11.85,EUR,none,False
2a13c12a-5531-4a9d-812c-1cf4df47a069,000000 - 00000111,none,2025-07-29,VDC-Parkgate Coffe,none,-4.4,EUR,none,False
7d47f0c4-588c-421c-a070-abeab12a1133,000000 - 00000011,none,2025-07-29,VDC-SMYTHS TOYS TR,none,-7.98,EUR,none,False
b7b03258-88a6-4008-87ff-4a1673c4e6d5,000000 - 00000111,none,2025-07-30,MYKHAILO B,000000 - 00001223,5.33,EUR,none,False
d6db62df-6fa3-44ed-8ff1-4db2c97f0827,000000 - 00000011,none,2025-07-30,VDC-Parkgate Coffe,none,-7.7,EUR,none,False
dafeaf52-d3b9-46c0-8bdf-8894c3117226,000000 - 00000011,none,2025-07-30,VDC-SUPERVALU GARV,none,-3.3,EUR,none,False
4b501bab-d779-446d-b4ce-d265df706f55,000000 - 00000111,none,2025-07-30,VDC-LIDL IRELAND L,none,-18.84,EUR,none,False
b4708e32-54e7-4ca0-9c67-091afa71c6ef,000000 - 00000111,none,2025-07-31,VDC-C.H.CHEMISTS,none,-60.8,EUR,none,False
3cc49b2e-8299-4343-b31e-9c69cec421c3,000000 - 00000111,none,2025-07-31,VDC-ALDI 105 873,none,-17.81,EUR,none,False
6d5144ed-afc7-4572-8878-c82781766bf9,000000 - 00000011,none,2025-07-31,VDP-COMPLETESAVE.I,none,-18.0,EUR,none,False
52b13971-eeac-4d2b-b8de-c96dbe55b53e,000000 - 00000011,none,2025-07-31,VDC-TESCO STORES 3,none,-12.35,EUR,none,False
5f0ffb56-15fe-45a5-be59-6a565e80e245,000000 - 00000111,none,2025-07-31,VDC-SUMUP  *WICKED,none,-14.0,EUR,none,False
a416a9bd-0b9b-4a00-94a5-65b1849837dd,000000 - 00000111,none,2025-07-31,VDC-BOOTS RETAIL17,none,-26.46,EUR,none,False
deea6716-3821-4146-8ace-eb3379ec4a93,000000 - 00000011,none,2025-08-01,VDC-SQ *RUSTICBOOW,none,-7.2,EUR,none,False
64acefe4-4b0e-4abc-9f73-c6763ea7fe53,000000 - 00000011,none,2025-08-01,BIN BAN TEO W31,Account Number: 000000 - 00000033,288.8,EUR,none,False
420c55a0-8484-49e4-98f9-6aa4d7d4ee25,000000 - 00000011,none,2025-08-01,VDP-Amazon.ie,none,-17.33,EUR,none,False
e1195922-56a3-49ba-abee-ce785d5e9eb3,000000 - 00000011,none,2025-08-01,VDC-AKIRA ASIA SUP,none,-6.0,EUR,none,False
72a9db48-afa2-4e14-8bc3-da5ccf4ed273,000000 - 00000011,none,2025-08-01,VDP-TGTG eep20n7ny,none,-5.99,EUR,none,False
4652f11b-33eb-4453-befe-d79be738be06,000000 - 00000111,none,2025-08-01,*MOBI PIVO,none,-20.0,EUR,none,False
da690652-7703-487d-9e91-bc4e002e683d,000000 - 00000111,none,2025-08-01,VDC-BAININ COFFEE,none,-0.3,EUR,none,False
7f08724d-925e-4bb3-a3f0-93895526848b,000000 - 00000111,none,2025-08-01,VDC-VAPECENTRIC,none,-16.0,EUR,none,False
2aba2319-dfdc-428d-82f0-4d9f93d10cf5,000000 - 00000111,none,2025-08-05,VDC-LIDL IRELAND L,none,-4.32,EUR,none,False
500967a1-232e-47f7-bb71-6d1fb9c4bd48,000000 - 00000011,none,2025-08-05,VDC-Parkgate Coffe,none,-4.3,EUR,none,False
3479612c-ff68-4458-8bf9-8b0867ac622b,000000 - 00000011,none,2025-08-05,VDC-Parkgate Coffe,none,-3.5,EUR,none,False
ca057290-9120-4499-96bc-cd25f86fc6da,000000 - 00000111,none,2025-08-05,VDP-APPLE.COM/BILL,none,-2.99,EUR,none,False
7705e44b-0371-4d85-a649-ab7f158a4ce1,000000 - 00000111,none,2025-08-05,VDP-IRISH RAIL 706,none,-9.2,EUR,none,False
a3ca8308-47b6-4b95-9548-5adb2a149292,000000 - 00000111,none,2025-08-05,VDC-BAININ COFFEE,none,-8.4,EUR,none,False
a24ef457-a97c-4d8b-a13c-f358fa1ae289,000000 - 00000111,none,2025-08-05,VDC-O Domhaill,none,-3.75,EUR,none,False
bf6c93be-fe01-440f-9ad8-fd1e03746a60,000000 - 00000011,none,2025-08-05,VDC-PEPCO 1624,none,-6.75,EUR,none,False
afee2ec1-fe4b-4c4f-8812-3c979a9f82cc,000000 - 00000111,none,2025-08-05,VDC-O Domhaill,none,-5.0,EUR,none,False
c002a999-e39f-42da-8024-4e0feee9237f,000000 - 00000011,none,2025-08-05,VDP-LEAP CARD APP,none,-25.0,EUR,none,False
afb0849a-321a-4308-8a07-805f73aeb1ad,000000 - 00000011,none,2025-08-05,VDP-SP FLOWERSFORD,115.76 USD@,-103.41,EUR,none,False
f467dd32-838d-45e3-bc29-3b99faa6c0f8,000000 - 00000011,none,2025-08-05,*TPP Poland,none,0.0,EUR,none,False
f8bbb663-2711-4409-bbba-8a463e77dc8f,000000 - 00000011,none,2025-08-05,VDC-DUNNES TRALEE,none,-11.7,EUR,none,False
5508d3c8-2e28-431a-888b-37eb96b9b6d7,000000 - 00000011,none,2025-08-05,VDC-LIDL IRELAND L,none,-10.05,EUR,none,False
04ea88be-f106-418c-8802-d09c81ddcc2d,000000 - 00000011,none,2025-08-05,VDC-MORANS SPAR,none,-2.0,EUR,none,False
dd70b143-14b2-4a51-9e48-e30f1f11713b,000000 - 00000011,none,2025-08-05,VDC-MORANS SPAR,none,-2.1,EUR,none,False
4644dc9e-ff33-4134-baaf-b35cb40a7495,000000 - 00000011,none,2025-08-05,VDC-MORANS SPAR,none,-4.55,EUR,none,False
7b0c93dd-6965-4f86-9887-fe2c6f2c6b40,000000 - 00000111,none,2025-08-05,VDC-SQ *BRIO BRUNC,none,-5.0,EUR,none,False
8b6873c2-7401-47f2-a140-41d0f46c737a,000000 - 00000011,none,2025-08-05,VDC-SQ *MADDENS,none,-8.5,EUR,none,False
a815873e-c5ee-44fc-ac19-d437a9a8ba68,000000 - 00000011,none,2025-08-06,*TPP Anna Versar,none,0.0,EUR,none,False
06451a14-d03f-4457-abc7-f73c7ccd74f3,000000 - 00000011,none,2025-08-06,VDC-AKIRA ASIA SUP,none,-10.2,EUR,none,False
9ced862d-4664-403b-a068-966ce4101252,000000 - 00000011,none,2025-08-06,VDC-TESCO STORES 3,none,-15.75,EUR,none,False
729273ca-5820-4f22-9a7d-24a88f502fe3,000000 - 00000111,none,2025-08-06,VDC-LIDL IRELAND L,none,-3.23,EUR,none,False
b4f45134-00ec-4c0e-a9ef-98905578f698,000000 - 00000111,none,2025-08-06,VDC-SQ *MADDENS,none,-8.0,EUR,none,False
8800ebf2-2705-48f9-9386-e90e90ff43a7,000000 - 00000111,none,2025-08-06,BABKI,none,7.0,EUR,none,False
ffd239f8-4210-4a03-aa90-3a0b69d1dc73,000000 - 00000111,none,2025-08-06,VDP-Vesta EIR TopU,none,-20.0,EUR,none,False
55cf1935-203c-4c9d-a0bf-ee34c65d5431,000000 - 00000111,none,2025-08-06,VDC-SQ *MADDENS,none,-6.5,EUR,none,False
b8b6fa93-ba9c-45d8-9e41-43c4d76c6a17,000000 - 00000111,none,2025-08-07,VDC-MCDONALDS,none,-21.0,EUR,none,False
1dc4677d-413e-41df-81be-807f9f989e50,000000 - 00000111,none,2025-08-07,VDP-IRISH RAIL 771,none,-9.2,EUR,none,False
978d942e-e416-4972-a471-28516b86a69d,000000 - 00000111,none,2025-08-07,*MOBI BEER,none,-12.0,EUR,none,False
e3c20291-c567-446c-abaa-560f4f8d1812,000000 - 00000111,none,2025-08-07,VDP-TFI GO,none,-0.65,EUR,none,False
0ace4d51-c633-44ff-a287-067f78cb3044,000000 - 00000011,none,2025-08-07,*MOBI  TOP-UP,000000008,-20.0,EUR,none,False
975d36bf-2c31-4298-a990-54a301be9fc1,000000 - 00000011,none,2025-08-07,VDC-PENNEYS TRALEE,none,-1.5,EUR,none,False
27dd4895-c740-4e9d-87b6-620cfddb151a,000000 - 00000011,none,2025-08-07,VDC-TESCO STORES 3,none,-6.45,EUR,none,False
3d88d157-2d09-48bb-b8f2-0048ef66e462,000000 - 00000111,none,2025-08-08,VDC-BAININ COFFEE,none,-8.4,EUR,none,False
0d7775a8-5eb7-43f1-ab70-a4ed52a142fd,000000 - 00000011,none,2025-08-08,BIN BAN TEO W32,Account Number: 000000 - 00000033,317.9,EUR,none,False
2dec2b11-ecb2-423f-8f05-af17a26ea70b,000000 - 00000011,none,2025-08-08,VDC-SHANNON AIRPOR,none,-35.0,EUR,none,False
c0bd314d-b1ba-404b-a3b6-b4a6ae8a96b0,000000 - 00000111,none,2025-08-11,VDP-RYANAIR     CN,none,-19.99,EUR,none,False
f6ee57ca-0395-4e12-b009-262e53dc3e4a,000000 - 00000111,none,2025-08-11,VDP-RYANAIR     ZN,none,-54.0,EUR,none,False
982acbe3-f7b1-47cf-9984-ff1200cb1ac7,000000 - 00000011,none,2025-08-11,VDP-MAKEUP,none,-29.78,EUR,none,False
8b159427-f2be-4be7-a16d-c27d8e5d9757,000000 - 00000011,none,2025-08-11,*TPP Anna Versar,none,0.0,EUR,none,False
f737e122-6948-44c3-a643-61378314016d,000000 - 00000011,none,2025-08-11,VDC-NATA DENT STOM,none,0.0,EUR,none,False
7a939b07-a317-43d8-9a64-f091a462af0f,000000 - 00000111,none,2025-08-11,VDC-Parkgate Coffe,none,-3.5,EUR,none,False
834292f3-1041-4fb9-b970-e928feca74ac,000000 - 00000111,none,2025-08-11,VDC-PENNEYS TRALEE,none,-5.0,EUR,none,False
69792b18-e754-4c07-93d8-20d91d19f1ab,000000 - 00000111,none,2025-08-11,VDC-TESCO STORES 3,none,-2.45,EUR,none,False
9e2549e7-a061-43f6-8968-b81d0a40dd5e,000000 - 00000111,none,2025-08-11,VDC-TESCO STORES 3,none,-4.65,EUR,none,False
5f94ac9b-d615-4c6f-a6c0-b96cd38c66d5,000000 - 00000111,none,2025-08-11,VDP-RYANAIR     L2,none,-103.99,EUR,none,False
450332be-93b2-4291-8a93-2d7ad7f7e809,000000 - 00000111,none,2025-08-11,VDP-RYANAIR     PU,none,-42.63,EUR,none,False
853fea58-1f94-4366-963e-2481700583e4,000000 - 00000111,none,2025-08-12,VDC-Salty souls ca,none,-5.0,EUR,none,False
aaf0f820-278b-4e98-affc-9573edeeb53d,000000 - 00000111,none,2025-08-13,VDP-IRISH RAIL 784,none,-3.75,EUR,none,False
09992276-e748-41b5-a646-782f8719fb1b,000000 - 00000111,none,2025-08-13,D/D Electric Irela,000000 - 00002111,-192.97,EUR,none,False
ac72cac8-b46a-42fb-8574-b62e415ba97a,000000 - 00000111,none,2025-08-13,VDC-IRISH RAIL KIL,none,-4.3,EUR,none,False
72ee0e0f-3366-446e-b5ce-4584e1f67be7,000000 - 00000111,none,2025-08-13,VDC-PENNEYS KILLAR,none,-2.0,EUR,none,False
976debe6-6f3d-4c42-aa9c-f269f491e075,000000 - 00000011,none,2025-08-13,*MOBI  TOP-UP,000000008,-40.0,EUR,none,False
4a23e752-d05f-486b-850d-71c9c19fcdcf,000000 - 00000111,none,2025-08-13,VDC-LIDL IRELAND L,none,-2.43,EUR,none,False
d033195e-1aaa-45b0-ab9b-f21b4f7f343d,000000 - 00000011,none,2025-08-15,BIN BAN TEO W33,Account Number: 000000 - 00000033,364.74,EUR,none,False
edb19d34-026f-417b-9b18-fc57c1933dec,000000 - 00000011,none,2025-08-15,VDP-IRISH RAIL 766,none,-31.98,EUR,none,False
197214d8-da53-4cba-b793-64f3a164fc36,000000 - 00000011,none,2025-08-18,VDP-TGTG caqw6v0br,none,-9.99,EUR,none,False
25352bf6-366a-4512-94e8-6a814a79ac09,000000 - 00000011,none,2025-08-18,VDC-BUTLERS IRISH,none,-4.1,EUR,none,False
446b8406-f45c-4fa3-adfb-66ced8cdc608,000000 - 00000011,none,2025-08-18,VDC-Il Valentino,none,-17.8,EUR,none,False
6b4dc86d-134b-495c-8056-a719bb2fbae6,000000 - 00000011,none,2025-08-18,VDC-KIKO Milano,none,-12.99,EUR,none,False
65c54535-7512-4afa-afc8-e033d9497853,000000 - 00000011,none,2025-08-18,VDC-SQ *BAD BOYS B,none,-20.0,EUR,none,False
97a1a727-bc6e-4abf-8b27-68a98fb80b10,000000 - 00000011,none,2025-08-18,VDC-TST-Off Beat H,none,-9.0,EUR,none,False
5dee369a-8ada-4a31-bd27-5d8ed4a54c38,000000 - 00000011,none,2025-08-18,VDC-CENTRA CAPEL S,none,-1.5,EUR,none,False
63a04ad9-246c-41be-9e01-fa92e0a3052c,000000 - 00000111,none,2025-08-18,VDP-shein.com,none,-119.65,EUR,none,False
e0cfba4c-3e37-4047-b797-fb50d8aa742b,000000 - 00000011,none,2025-08-19,VDC-PEPCO 1624,none,-6.0,EUR,none,False
cf561854-b76c-4571-ad51-3017352c469e,000000 - 00000011,none,2025-08-19,VDC-SQ *MADDENS,none,-16.3,EUR,none,False
13505434-e125-40da-9b94-8bb015055ce3,000000 - 00000011,none,2025-08-20,VDP-Fresha NV BEAU,none,-38.0,EUR,none,False
7f902721-dfe7-45aa-9923-3ead8d70368e,000000 - 00000011,none,2025-08-20,VDC-GARVEYS SUPERV,none,-4.1,EUR,none,False
41005f21-c23f-4d08-b0e5-d2047b1fcc3d,000000 - 00000011,none,2025-08-20,VDC-SQ *MADDENS,none,-4.0,EUR,none,False
bfbcbeec-3eba-4d9d-bb86-87ae4e5ae312,000000 - 00000011,none,2025-08-20,VDC-SUMUP  *DINKY,none,-7.0,EUR,none,False
2023e471-f46b-476b-b66a-2d0e7d87ae3c,000000 - 00000111,none,2025-08-20,*ATMLDG TRALEE   C,1,150.0,EUR,none,False
a8133cef-f37c-43b1-849a-0ddb128dff85,000000 - 00000011,none,2025-08-22,VDC-LIDL IRELAND L,none,-33.53,EUR,none,False
490c7fb2-af2d-4acb-b0c1-68ab1872b137,000000 - 00000011,none,2025-08-22,VDP-WHYDONATE* WD-,none,-50.0,EUR,none,False
0ca4f7d0-664f-4f73-8e03-dacb1e97f4df,000000 - 00000011,none,2025-08-22,VDP-UPS IE,none,-41.39,EUR,none,False
db4a83e0-9985-407a-b7bc-cab6c6173244,000000 - 00000011,none,2025-08-22,VDP-LEAP CARD APP,none,-15.0,EUR,none,False
28888ad8-3932-469c-9cc5-dca785ff13dc,000000 - 00000111,none,2025-08-22,VDC-BOOTS RET 1744,none,-11.49,EUR,none,False
9df57457-ed51-4c88-a1a1-eecf55571779,000000 - 00000111,none,2025-08-22,*MOBI PIVO,none,-22.0,EUR,none,False
10905e9c-127e-490a-b402-93e724356d6b,000000 - 00000111,none,2025-08-22,VDP-IRISH RAIL 784,none,-9.2,EUR,none,False
95155e74-96c7-4363-b031-0368b1b7142a,000000 - 00000111,none,2025-08-22,VDP-IRISH RAIL 724,none,-9.2,EUR,none,False
aed94cfe-949e-461a-8d20-209868c9b269,000000 - 00000011,none,2025-08-25,VDC-LIDL IRELAND L,none,-5.87,EUR,none,False
dfc55249-e462-4ee4-aafc-ee938b840be1,000000 - 00000011,none,2025-08-25,VDC-LIDL IRELAND L,none,-4.08,EUR,none,False
33989ad0-0d34-49fd-9804-17276c0ac666,000000 - 00000011,none,2025-08-25,VDC-DUNNES TRALEE,none,-12.0,EUR,none,False
05624f2a-5a1b-46fb-a114-6f9c3becab94,000000 - 00000011,none,2025-08-25,VDC-PEPCO 1624,none,-2.0,EUR,none,False
b8b2f819-38ee-48ab-87b7-1ac25fd893a7,000000 - 00000011,none,2025-08-25,VDC-TESCO STORES 3,none,-9.5,EUR,none,False
edac2847-ee71-4bac-be78-3c04ae52a572,000000 - 00000011,none,2025-08-25,VDC-PEPCO 1624,none,-1.5,EUR,none,False
8c4c97a2-06c2-403d-8c52-0a4335fe0be8,000000 - 00000011,none,2025-08-25,VDC-BENNERS HOTEL,none,-98.85,EUR,none,False
a1059e66-b321-40db-80c8-b21b215b143e,000000 - 00000011,none,2025-08-25,VDC-AKIRA ASIA SUP,none,-6.0,EUR,none,False
f876fea8-5de3-4db9-8c1d-64d55ee642b0,000000 - 00000111,none,2025-08-25,VDP-WHYDONATE* WD-,none,-11.4,EUR,none,False
7d292ad5-445b-405a-9f35-af1f73c5dfc3,000000 - 00000011,none,2025-08-26,VDC-DUNNES TRALEE,none,-9.28,EUR,none,False
642903d6-ab04-4e0c-8cf0-07f4cbc987df,000000 - 00000011,none,2025-08-26,VDP-Spotify P39E01,none,-11.99,EUR,none,False
5636cd71-2be3-4f57-a690-76cd363b402e,000000 - 00000011,none,2025-08-27,VDC-SQ *MADDENS,none,-8.5,EUR,none,False
74bcbaeb-6479-499d-a0b5-49ad6ffe3e7f,000000 - 00000011,none,2025-08-27,VDP-IRISH RAIL 726,none,-63.96,EUR,none,False
754d59cf-496a-4128-8f2e-5ff8f1059c14,000000 - 00000011,none,2025-08-29,VDC-COOL HAND COFF,none,-15.0,EUR,none,False
ff85a750-a65c-472b-9ad1-1714b2710101,000000 - 00000011,none,2025-08-29,VDC-KIKO Milano,none,-8.49,EUR,none,False
5208ae72-b34d-4781-b0c1-2dd87372667d,000000 - 00000011,none,2025-08-29,VDC-IZAKAYA,none,-47.2,EUR,none,False
cc61adcb-99d8-4af3-83b0-fc2452fac2fe,000000 - 00000011,none,2025-08-29,VDC-H M,none,-49.98,EUR,none,False
adbd9005-2995-4700-81d5-c6d2fab0a380,000000 - 00000111,none,2025-08-29,VDC-PEPCO 1624,none,-1.5,EUR,none,False
97df50a8-e13f-4ddb-8485-f2eaa0a41ee3,000000 - 00000011,none,2025-08-29,VDC-SUPERMAC'S RES,none,-22.9,EUR,none,False
4703cb37-e15b-4923-89a3-b52755c8f950,000000 - 00000011,none,2025-08-29,VDC-TST-Off Beat H,none,-9.0,EUR,none,False
a4ba68c7-d055-466e-9096-a1437195437b,000000 - 00000011,none,2025-09-01,VDC-LIDL IRELAND L,none,-16.58,EUR,none,False
951da291-6564-465b-a019-9b154b28c1df,000000 - 00000011,none,2025-09-01,VDP-COMPLETESAVE.I,none,-18.0,EUR,none,False
7d8c290b-c284-43fd-b643-238ec288fe07,000000 - 00000111,none,2025-09-01,*ATMLDG TRALEE   B,Card ending: 3430,150.0,EUR,none,False
ae75bd11-303b-46a9-9c04-a335b9615182,000000 - 00000111,none,2025-09-01,VDC-SHANNON AIRPOR,none,-4.0,EUR,none,False
d3ebbbe1-8f3c-4eb2-939c-b564f7b8ccdd,000000 - 00000011,none,2025-09-01,VDC-PEWEX,none,-8.98,EUR,none,False
14afcd0a-057a-430c-84b5-1e6345010d7c,000000 - 00000111,none,2025-09-01,VDC-WH Smith Shann,none,-7.53,EUR,none,False
19b13aa8-b1da-4648-a172-7b1f6e97adb6,000000 - 00000011,none,2025-09-01,VDC-AKIRA ASIA SUP,none,-6.0,EUR,none,False
d18fb0bd-7cd3-4f92-9cd0-239caaf80ea3,000000 - 00000011,none,2025-09-02,VDC-LIDL IRELAND L,none,-17.02,EUR,none,False
901b5a80-de8f-4fa1-a968-e7c65a79122c,000000 - 00000011,none,2025-09-02,VDC-LIDL IRELAND L,none,-7.77,EUR,none,False
4f87c53b-7341-4304-bd82-25d2aae2d28c,000000 - 00000011,none,2025-09-02,VDC-UGLY MUG,none,-7.8,EUR,none,False
3c988e54-2977-4a2b-8985-a8c7d83a2ffb,000000 - 00000111,none,2025-09-02,VDC-QAWRA FRUIT AN,none,-1.0,EUR,none,False
f87be293-2ebd-43fd-805d-92b7282f6dba,000000 - 00000111,none,2025-09-02,VDC-WELBEES SUPERM,none,-56.11,EUR,none,False
9d025724-cb6c-4cab-aac3-2eeaedda44f4,000000 - 00000111,none,2025-09-03,VDC-STEPPING STONE,none,-1.99,EUR,none,False
1562d498-ca04-40b2-844d-3fe9cc2ac680,000000 - 00000111,none,2025-09-03,VDC-GELATERIA LUNG,none,-3.25,EUR,none,False
539053ee-7d16-4e95-bfde-20b885c6ec38,000000 - 00000111,none,2025-09-03,VDC-MALTA PUBLIC T,none,-25.0,EUR,none,False
162f2949-07e0-408e-b5ef-5f416089996d,000000 - 00000111,none,2025-09-03,VDP-VESTA  *EIR TO,none,-20.0,EUR,none,False
195633e4-aae7-4e46-86ca-a2ab027805bd,000000 - 00000111,none,2025-09-03,VDC-SINGITA MIRACL,none,-66.0,EUR,none,False
0ad91e7c-3d1c-41f7-baf6-61e79d28d308,000000 - 00000111,none,2025-09-04,VDC-DAVES FOODSTOR,none,-0.99,EUR,none,False
4a2bbb04-9335-4f2c-9000-d913bdc36104,000000 - 00000111,none,2025-09-04,VDC-GOPALDAS,none,-4.0,EUR,none,False
ae182580-3de3-4212-99e8-d2018a9e1e98,000000 - 00000111,none,2025-09-04,VDC-Pandora Concep,none,-50.0,EUR,none,False
aa26432e-9362-42f9-b14a-de5dcadb6ca6,000000 - 00000111,none,2025-09-04,VDC-ANDREA BY MICS,none,-3.95,EUR,none,False
2f17c0ce-0225-4bf0-81c3-d37183c65614,000000 - 00000011,none,2025-09-04,VDC-SQ *MADDENS,none,-8.0,EUR,none,False
7ac04078-21eb-40a1-bec0-98f2bc6bf8c8,000000 - 00000011,none,2025-09-04,VDC-T K MAXX,none,-45.98,EUR,none,False
6c3a968c-691b-47a2-84c9-9a18d5a5b412,000000 - 00000011,none,2025-09-04,VDC-TESCO STORES 3,none,-4.25,EUR,none,False
2692b25a-ba99-4cd8-b593-5b778254cd0a,000000 - 00000011,none,2025-09-04,VDC-THE RANGE,none,-5.26,EUR,none,False
ed3a5ed8-1609-4652-b451-5f3069b4b07c,000000 - 00000011,none,2025-09-05,*MOBI  TOP-UP,000000008,-20.0,EUR,none,False
20398372-90c7-4dbc-a86d-b3d29b9011dc,000000 - 00000011,none,2025-09-05,VDC-NOLAN HILSERS,none,-15.0,EUR,none,False
62b23794-1a92-4023-8d1e-63b585d2b771,000000 - 00000011,none,2025-09-05,VDC-PEPCO 1624,none,-4.0,EUR,none,False
8885c318-845e-471c-bbdd-ab7a62cab470,000000 - 00000111,none,2025-09-05,VDC-Paradise Bay L,none,-1.5,EUR,none,False
3137b0ae-93f8-4844-8f1a-9038adb54ffe,000000 - 00000111,none,2025-09-05,VDP-APPLE.COM/BILL,none,-2.99,EUR,none,False
23771e37-dafb-4066-a708-237cd3de08d5,000000 - 00000111,none,2025-09-05,VDP-Vesta EIR TopU,none,-20.0,EUR,none,False
ccef122e-f9e2-4cd1-a11a-c56812eb345a,000000 - 00000111,none,2025-09-05,VDC-AMORINO VLT,none,-5.5,EUR,none,False
78cdf6f9-d0ee-4a15-b08a-e60aab0a3629,000000 - 00000111,none,2025-09-05,VDC-SOUTHERN FRIED,none,-8.75,EUR,none,False
06078c4f-90e5-40b3-97df-2419d331e1bd,000000 - 00000111,none,2025-09-05,VDC-SPAR SAVOY,none,-3.95,EUR,none,False
ede256e3-f9c8-49e5-874d-c67f4bece215,000000 - 00000011,none,2025-09-08,VDC-SQ *MADDENS,none,-8.0,EUR,none,False
91f0b11c-1527-45a1-af9a-3e4608bc5164,000000 - 00000011,none,2025-09-08,VDC-DUNNES TRALEE,none,-38.45,EUR,none,False
066b2544-80d1-407d-9c3c-eb59819cc85c,000000 - 00000111,none,2025-09-08,VDC-4 Sphinx,none,-0.5,EUR,none,False
6291c166-bf31-4956-81b7-a504e5e815b9,000000 - 00000011,none,2025-09-08,VDC-AKIRA ASIA SUP,none,-6.0,EUR,none,False
4f7285ca-a211-45ab-bb4c-6bd4af913ae4,000000 - 00000011,none,2025-09-09,VDP-Fresha NV BEAU,none,-38.0,EUR,none,False
10d96025-0d52-4db4-95fd-d66c8ff45825,000000 - 00000011,none,2025-09-09,VDC-LIDL IRELAND L,none,-11.08,EUR,none,False
780173d3-fed5-4b52-b71f-4304a2a5b881,000000 - 00000111,none,2025-09-09,VDP-CITI BUS WEBSI,none,-14.5,EUR,none,False
53a1d62d-34e7-4e55-96a5-b8f67fab1bb9,000000 - 00000011,none,2025-09-10,VDC-LIDL IRELAND L,none,-5.57,EUR,none,False
502786ef-c586-4fc2-a2b9-0a620805ccf3,000000 - 00000111,none,2025-09-10,*MOBI MISHA,none,-10.0,EUR,none,False
c2b2deb3-367e-41be-846b-6897d8dbfeb4,000000 - 00000111,none,2025-09-10,VDC-RELAY,none,-5.15,EUR,none,False
2140bdda-cfa4-4ae1-9adf-7e7ecfed6078,000000 - 00000011,none,2025-09-11,VDP-TM *TICKETMAST,none,-353.25,EUR,none,False
86636b76-7a84-4dbb-ad26-d85ed8199b40,000000 - 00000011,none,2025-09-11,VDC-BOOTS RETAIL17,none,-9.49,EUR,none,False
c4440c0c-82e9-47cb-b1e1-20057a82b419,000000 - 00000011,none,2025-09-11,VDC-PEPCO 1624,none,-9.25,EUR,none,False
46d90604-7965-4b61-bd8a-e6e89af5087b,000000 - 00000011,none,2025-09-11,VDC-SQ *MADDENS,none,-8.0,EUR,none,False
a324d97d-ebe2-4abb-9bba-f864c11cc73b,000000 - 00000111,none,2025-09-12,VDC-LIDL IRELAND L,none,-16.3,EUR,none,False
522f87f7-9829-4b72-a40e-b41a8fb555d4,000000 - 00000111,none,2025-09-12,VDC-MTU TRALEE NOR,none,-1.6,EUR,none,False
090690ad-71ad-4090-9687-65fd2121b2a3,000000 - 00000111,none,2025-09-12,VDC-SUMUP  *VAPE S,none,-18.0,EUR,none,False
20a5612b-38c9-4b7e-a306-4c1f866dc533,000000 - 00000011,none,2025-09-12,VDC-SQ *MADDENS,none,-8.0,EUR,none,False
c37403dc-ef37-444a-b953-5e3d29a096f2,000000 - 00000011,none,2025-09-15,VDC-SQ *MADDENS,none,-4.0,EUR,none,False
74fd405f-c89e-46b8-b39b-73f57ede5e72,000000 - 00000011,none,2025-09-15,VDC-SMYTHS TOYS TR,none,-7.98,EUR,none,False
00f33230-c943-4d1f-a137-958854fd4e0a,000000 - 00000011,none,2025-09-15,VDC-SQ *MADDENS,none,-13.0,EUR,none,False
32f37629-72db-426e-bfbe-78a727c6d910,000000 - 00000011,none,2025-09-15,VDC-SQ *MADDENS,none,-12.0,EUR,none,False
eb854fc4-bf84-4541-9963-88cba53d2e08,000000 - 00000011,none,2025-09-15,VDC-MCDONALDS 7026,none,-9.75,EUR,none,False
e5c7afb2-f6b1-4a9b-a70b-16e4b844b1be,000000 - 00000111,none,2025-09-15,ZA SUSHI,none,6.0,EUR,none,False
370425ae-90a7-463e-b8c3-641f82362a2d,000000 - 00000011,none,2025-09-15,VDC-GARVEYS SUPERV,none,-4.77,EUR,none,False
ba02f948-9926-4966-9a91-68aec9cda8c8,000000 - 00000011,none,2025-09-15,VDC-GARVEYS SUPERV,none,-2.85,EUR,none,False
2ef3d591-5314-405b-acb8-4a90e5e00503,000000 - 00000011,none,2025-09-15,VDC-ALDI 105 873,none,-4.21,EUR,none,False
21a626e7-3f8d-4cc5-8d56-1c9db2849847,000000 - 00000111,none,2025-09-15,VDC-LIDL IRELAND L,none,-2.19,EUR,none,False
af5efdaf-d111-4d15-8fb3-012e50c6a7d5,000000 - 00000011,none,2025-09-15,VDC-LIDL IRELAND L,none,-16.93,EUR,none,False
b5d68e9a-920a-4ec4-82ac-4056982bae0e,000000 - 00000011,none,2025-09-15,VDC-T K MAXX,none,-39.99,EUR,none,False
25d02b64-4424-4eb0-af66-25c80e86fae2,000000 - 00000011,none,2025-09-16,VDC-PENNEYS TRALEE,none,-4.0,EUR,none,False
0d8e643d-73ed-43e5-847f-f6ca6ee57430,000000 - 00000011,none,2025-09-16,VDP-EVER DISH,none,-17.0,EUR,none,False
cc74a8c2-6149-4db4-9bf0-df2b76029ddc,000000 - 00000011,none,2025-09-16,VDC-DUNNES TRALEE,none,-3.68,EUR,none,False
9240273e-5f4d-490e-af6e-efc4e3f0a744,000000 - 00000011,none,2025-09-16,VDC-LIDL IRELAND L,none,-6.86,EUR,none,False
d04c70b0-2f31-45f4-b30f-5ee0f5a8d198,000000 - 00000011,none,2025-09-16,VDC-MTU TRALEE NOR,none,-3.85,EUR,none,False
56dfa21d-3abf-48f5-a0b5-7b89442bf1c4,000000 - 00000111,none,2025-09-17,VDC-MTU TRALEE NOR,none,-3.9,EUR,none,False
d5518361-5baf-4abf-8254-1d42ab5753cc,000000 - 00000011,none,2025-09-17,VDC-MTU TRALEE NOR,none,-3.3,EUR,none,False
184590f7-bd64-49b4-b265-525ae32132a2,000000 - 00000011,none,2025-09-18,VDC-MTU TRALEE NOR,none,-2.9,EUR,none,False
113db852-9dfa-43d5-8e81-e9a4d7ff692d,000000 - 00000011,none,2025-09-18,VDC-LIDL IRELAND L,none,-9.77,EUR,none,False
d4cd5940-eb2a-4edd-89ed-7c0e98d501b0,000000 - 00000011,none,2025-09-18,VDP-LEAP CARD APP,none,-20.0,EUR,none,False
36071b1f-c36c-4276-8558-3f9829a8a6f4,000000 - 00000111,none,2025-09-18,VDC-MTU TRALEE NOR,none,-3.5,EUR,none,False
6a48c679-2396-4431-aa4f-905762847507,000000 - 00000111,none,2025-09-18,VDC-SEAN OGS,none,-13.5,EUR,none,False
7db681b2-5194-4d0f-88b8-fb551dcbcb49,000000 - 00000111,none,2025-09-18,VDC-LIDL IRELAND L,none,-3.43,EUR,none,False
30c92654-cb17-475f-951c-c184de66c20e,000000 - 00000011,none,2025-09-19,VDP-TGTG rwb42c1q0,none,-5.99,EUR,none,False
e28f61a9-3ffb-4223-a021-c3aeb0302513,000000 - 00000111,none,2025-09-19,*ATMLDG TRELEE,Card ending: 3430,100.0,EUR,none,False
5d057337-6c71-41ed-a2ff-aa31bd562c90,000000 - 00000011,none,2025-09-19,VDC-SQ *MADDENS,none,-8.7,EUR,none,False
5d688fc1-bcb4-4512-931c-b47cf3b70898,000000 - 00000011,none,2025-09-19,VDC-GARVEYS SUPERV,none,-4.05,EUR,none,False
03061779-64f8-4884-86e1-773e97f0dad8,000000 - 00000011,none,2025-09-22,VDC-SQ *MADDENS,none,-6.5,EUR,none,False
89a11e16-6ad5-450c-99ad-4d019777905e,000000 - 00000011,none,2025-09-22,VDC-PEPCO 1624,none,-1.5,EUR,none,False
2b0b1c6b-2574-4f69-aed4-6586f26585f1,000000 - 00000011,none,2025-09-22,VDC-LIDL IRELAND L,none,-13.88,EUR,none,False
c86e69a2-dafb-413b-9ad0-a3a39edaa123,000000 - 00000011,none,2025-09-22,VDC-ALDI 105 873,none,-9.47,EUR,none,False
cfa489cf-c458-4312-a2c3-7ec993ef56b0,000000 - 00000011,none,2025-09-22,VDP-EVER DISH,none,-13.0,EUR,none,False
9cc77641-b013-4555-9403-a07b4cb3af60,000000 - 00000111,none,2025-09-22,VDP-IRISH RAIL 788,none,-9.2,EUR,none,False
e31fc1bc-fca9-4a01-91f9-c74499490c6a,000000 - 00000111,none,2025-09-22,VDP-IRISH RAIL 748,none,-9.2,EUR,none,False
9d04e3ba-f188-4051-914e-8878ef593d17,000000 - 00000111,none,2025-09-22,VDC-WH Smith Cork,none,-3.34,EUR,none,False
4470ce9e-50f7-4318-955f-62cd0f0f90de,000000 - 00000111,none,2025-09-22,VDC-TST-Off Beat C,none,-2.97,EUR,none,False
2ecee4cc-ba61-4bb7-9d62-5791712d9226,000000 - 00000111,none,2025-09-22,VDC-TIGER STORES,none,-3.5,EUR,none,False
cb3425ec-062c-4571-9b47-27f2e8a7374f,000000 - 00000111,none,2025-09-22,*MOBI COFEE,none,-15.0,EUR,none,False
8824d192-2a76-4109-b38f-e21d24cec9e0,000000 - 00000111,none,2025-09-22,VDP-TFI GO,none,-0.65,EUR,none,False
8efe8872-161f-4d29-a2f6-2e0a15abf106,000000 - 00000111,none,2025-09-23,VDC-LIDL IRELAND L,none,-4.34,EUR,none,False
54654fab-dc62-4357-a54a-74235ee2ad72,000000 - 00000011,none,2025-09-23,VDC-COSTA,none,-4.75,EUR,none,False
6560ce34-f2de-4c07-bd5e-f91a6bd61626,000000 - 00000011,none,2025-09-23,VDP-Just Eat Irela,none,-34.88,EUR,none,False
d1ab98f9-9077-4dd6-bbdb-2e8e95ac7b58,000000 - 00000011,none,2025-09-23,VDC-AKIRA ASIA SUP,none,-6.5,EUR,none,False
9bc55a10-4ab8-4a25-acb2-66da3a79672b,000000 - 00000111,none,2025-09-23,VDC-MTU TRALEE NOR,none,-1.9,EUR,none,False
f688972b-e628-4d11-ba8e-ed2d8b2b3b65,000000 - 00000011,none,2025-09-23,VDC-MTU TRALEE NOR,none,-2.0,EUR,none,False
a4afc5e4-47eb-4601-a04e-e0c6a410b561,000000 - 00000011,none,2025-09-24,VDC-LIDL IRELAND L,none,-9.71,EUR,none,False
b9f84ef9-9c08-462a-97c7-995a62493a57,000000 - 00000011,none,2025-09-24,VDC-PEPCO 1624,none,-2.0,EUR,none,False
2365814a-60a5-4c2b-8fbc-fb1bf97c0224,000000 - 00000011,none,2025-09-24,VDC-MTU TRALEE NOR,none,-2.9,EUR,none,False
ab48cfe1-84df-41f3-bc9f-8474c6f2fa75,000000 - 00000011,none,2025-09-25,VDC-MTU TRALEE NOR,none,-2.9,EUR,none,False
8aec8b3e-6568-4843-959a-11ce8a9bb071,000000 - 00000011,none,2025-09-25,VDC-AKIRA ASIA SUP,none,-6.0,EUR,none,False
0b7be72c-2f48-47a8-a5df-253ca7a8f8f5,000000 - 00000011,none,2025-09-25,ZA PROEZD,none,2.0,EUR,none,False
13f076fc-3fac-4bb5-8068-76a560b02ffd,000000 - 00000011,none,2025-09-25,VDC-AKIRA ASIA SUP,none,-6.0,EUR,none,False
98294466-7b5c-4e4b-bed4-7fc8b356aac4,000000 - 00000011,none,2025-09-26,VDC-LIDL IRELAND L,none,-6.58,EUR,none,False
5a87c629-f738-4165-bd67-7042729e9806,000000 - 00000011,none,2025-09-26,VDC-TESCO STORES 3,none,-16.7,EUR,none,False
51059191-b90b-4130-a156-6436a4764f64,000000 - 00000011,none,2025-09-26,VDP-Spotify P3AE09,none,-11.99,EUR,none,False
88214fef-db6e-4de2-9bdf-055bf8b2ab54,000000 - 00000011,none,2025-09-26,COFEE,none,5.0,EUR,none,False
a8f88418-d076-4442-9f48-d7bd47cd4df7,000000 - 00000011,none,2025-09-26,VDC-COSTA,none,-9.4,EUR,none,False
a218a557-b1bf-4c94-a510-53016fb64420,000000 - 00000111,none,2025-09-26,*MOBI COFEE,none,-5.0,EUR,none,False
80850031-dee1-4050-9824-7562af9ad293,000000 - 00000111,none,2025-09-29,VDP-UBER   * EATS,none,-18.63,EUR,none,False
b47c302f-f372-4705-af03-dad381ae1c63,000000 - 00000111,none,2025-09-29,VDC-SEAN OGS,none,-13.5,EUR,none,False
3007c8cf-6f03-4c8a-b0bb-64aafc346b04,000000 - 00000111,none,2025-09-29,FEE-QTR TO 29AUG25,000000 - 00000221,-16.45,EUR,none,False
2bcb94c8-0365-4443-a577-379e0ddc28a4,000000 - 00000011,none,2025-09-29,FEES REFUNDED,Account Number: 000000 - 00000022,21.9,EUR,none,False
47cd17c3-a299-4f99-a2a5-7496ab004b5e,000000 - 00000011,none,2025-09-29,FEE-QTR TO 29AUG25,Account Number: 000000 - 00000022,-21.9,EUR,none,False
ab67adb1-7ada-4fb0-985c-07d9d0690f07,000000 - 00000011,none,2025-09-29,VDC-LIDL IRELAND L,none,-19.36,EUR,none,False
8c1aa18d-a33e-4280-b7c6-8eadceaafb52,000000 - 00000011,none,2025-09-29,VDC-MCDONALDS 7026,none,-14.1,EUR,none,False
ff3f1b7e-a85a-4c06-ac99-dc64815bd63e,000000 - 00000011,none,2025-09-29,VDC-MTU TRALEE NOR,none,-2.9,EUR,none,False
f081405e-2060-4dfc-bc37-e9c0aecca6e0,000000 - 00000011,none,2025-09-29,VDC-PEWEX,none,-8.78,EUR,none,False
394ef0cd-ae3a-4f3e-982f-cef1537b981d,000000 - 00000011,none,2025-09-29,VDC-SEAN OGS,none,-7.0,EUR,none,False
7f448ecc-6563-438b-b0e3-9c96f26f46e9,000000 - 00000011,none,2025-09-29,VDC-SQ *MADDENS,none,-9.2,EUR,none,False
83ad6f21-f7ba-4694-ba4f-e37562714dd8,000000 - 00000111,none,2025-09-30,VDC-MTU TRALEE NOR,none,-2.0,EUR,none,False
4ece0f42-a5ad-4789-9fc1-0ab621fe341d,000000 - 00000011,none,2025-09-30,VDC-LIDL IRELAND L,none,-15.55,EUR,none,False
c76b8b8a-16ef-4b51-afca-a8abf2f32b15,000000 - 00000111,none,2025-09-30,VDC-MTU TRALEE NOR,none,-4.2,EUR,none,False
c501c4d4-003f-4d07-82ad-bc27d8b0e08d,000000 - 00000011,none,2025-09-30,VDC-MTU TRALEE NOR,none,-2.0,EUR,none,False
0c294f66-64d9-4c5c-8cf6-597a36cc5b78,000000 - 00000111,none,2025-09-30,VDC-MTU TRALEE NOR,none,-1.5,EUR,none,False
c4b7a109-ec1e-4fcd-aa54-a1738bbf06fe,000000 - 00000111,none,2025-10-01,VDC-MTU TRALEE NOR,none,-6.6,EUR,none,False
beb4fc9b-a82d-43c1-95fa-9677b70f7f14,000000 - 00000011,none,2025-10-01,VDC-PEPCO 1624,none,-8.25,EUR,none,False
c2ad1353-6b3b-4b10-a2b5-dae749b10741,000000 - 00000011,none,2025-10-01,VDC-MTU TRALEE NOR,none,-2.9,EUR,none,False
b3b6015c-84f4-42e0-91b2-e85c01d87d0f,000000 - 00000011,none,2025-10-01,*MOBI ALLA KALDREN,none,-50.0,EUR,none,False
252f9222-59f0-46a6-9dd6-c44223675b47,000000 - 00000011,none,2025-10-01,VDP-COMPLETESAVE.I,none,-18.0,EUR,none,False
ebc19f98-c34e-4e57-9d8c-c4dc8f540743,000000 - 00000111,none,2025-10-01,VDP-Vesta EIR TopU,none,-20.0,EUR,none,False
0ce7ed44-ea4c-4173-be8c-2046725d8b18,000000 - 00000111,none,2025-10-01,VDP-IRISH RAIL 734,none,-9.2,EUR,none,False
0cdcef24-8eac-45e5-b85c-f09ec8f9ac76,000000 - 00000111,none,2025-10-01,*ATMLDG TRELEE,30,200.0,EUR,none,False
e30c327f-ddaf-48c0-afa1-32f90cb66e0d,000000 - 00000111,none,2025-10-01,*ATMLDG TRALEE   C,Card ending: 3430,50.0,EUR,none,False
5876e660-3076-4567-96a9-2a563e026e23,000000 - 00000011,none,2025-10-02,VDC-SMYTHS TOYS TR,none,-34.99,EUR,none,False
8034daf5-ca3e-4fa6-9974-062d3f8fa037,000000 - 00000111,none,2025-10-02,VDP-ELECTRIC IRELA,none,-168.32,EUR,none,False
44440730-353c-4c62-93b5-be66da060b65,000000 - 00000011,none,2025-10-02,VDC-T K MAXX,none,-10.0,EUR,none,False
74239c34-fb76-494f-9ef5-149ec083380b,000000 - 00000011,none,2025-10-02,VDC-MTU TRALEE NOR,none,-2.9,EUR,none,False
a03ee7ca-7669-432a-b7f4-79c006da9d6e,000000 - 00000011,none,2025-10-02,VDC-MCDONALDS 7026,none,-12.6,EUR,none,False
55e762dc-6cfb-423e-a337-42e6dccaf76d,000000 - 00000111,none,2025-10-03,VDC-SQ *SOMA COFFE,none,-4.6,EUR,none,False
b91b2c56-aa8e-45e6-8465-00832d00ce5d,000000 - 00000111,none,2025-10-03,VDC-CIT CAMPUS CAT,none,-6.75,EUR,none,False
b064e97e-594b-4d55-98d1-66b36122f188,000000 - 00000111,none,2025-10-03,VDP-TFI GO,none,-0.65,EUR,none,False
e5f91b3d-fa2c-4b88-8aa8-33a148daaff8,000000 - 00000111,none,2025-10-03,VDP-TFI GO,none,-0.65,EUR,none,False
7a65bd0e-4bb9-42b2-98a9-c0b67b1a45bb,000000 - 00000011,none,2025-10-03,*MOBI  TOP-UP,000000008,-20.0,EUR,none,False
d51a34fc-db9e-4a6c-b31f-6bf4b46feacd,000000 - 00000011,none,2025-10-03,VDC-SQ *MADDENS,none,-8.0,EUR,none,False
c87c5c60-c25f-4c66-aec9-605df8d6a993,000000 - 00000011,none,2025-10-06,VDC-SUMUP  *THE SA,none,-11.0,EUR,none,False
fe6e6980-01b7-4776-9355-6ec6dab108c6,000000 - 00000011,none,2025-10-06,VDP-LEAP CARD APP,none,-20.0,EUR,none,False
98d47bef-7c00-4717-bb8c-d53adc67e37d,000000 - 00000011,none,2025-10-06,VDP-Trading 212,none,-100.0,EUR,none,False
2c3059a2-1b9b-47ba-9ac7-161990aa21aa,000000 - 00000111,none,2025-10-06,VDP-IRISH RAIL 740,none,-9.2,EUR,none,False
f3af3012-0a8d-4fdf-99d8-52c4aa3c00a0,000000 - 00000111,none,2025-10-06,VDC-LIDL IRELAND L,none,-7.51,EUR,none,False
f328dbb2-e543-4596-a6ab-f4b8ab9cb7c2,000000 - 00000111,none,2025-10-06,VDC-UNITY SHOP AND,none,-6.8,EUR,none,False
132dbd4d-f8f0-4f17-bef2-d1742ad09700,000000 - 00000111,none,2025-10-06,VDP-APPLE.COM/BILL,none,-2.99,EUR,none,False
16796038-a6b3-4c47-831b-c038ac6c8c8f,000000 - 00000011,none,2025-10-06,VDC-GARVEYS SUPERV,none,-4.24,EUR,none,False
dc95175e-d9f7-499f-9fc8-ea5304fffc8e,000000 - 00000111,none,2025-10-07,VDC-MTU TRALEE NOR,none,-5.2,EUR,none,False
54462aa8-328f-4320-a20b-be2aa09d5732,000000 - 00000011,none,2025-10-07,VDC-MTU TRALEE NOR,none,-2.9,EUR,none,False
d695ba8e-6b96-41e3-8ed2-0e27a0c5948a,000000 - 00000011,none,2025-10-08,VDP-IT TRALEE SERV,none,-95.0,EUR,none,False
8fda8109-08f9-49c7-b467-e4541cfc533b,000000 - 00000111,none,2025-10-08,VDC-MTU TRALEE NOR,none,-2.7,EUR,none,False
1366fe3c-2b15-4a85-a4d8-26d701b5f144,000000 - 00000111,none,2025-10-09,VDP-IRISH RAIL 727,none,-9.2,EUR,none,False
51cae1e9-2b12-4274-ac50-b0c0d168edec,000000 - 00000011,none,2025-10-09,ZA FEES,none,17.0,EUR,none,False
aedaab35-8b06-4445-8340-fe11a7cc64e5,000000 - 00000011,none,2025-10-09,TWICE,none,184.0,EUR,none,False
97b51f5d-3dd1-4824-a4d5-f7abe1a421eb,000000 - 00000111,none,2025-10-09,VDC-MTU TRALEE NOR,none,-1.4,EUR,none,False
e65c5a0c-cfdc-4d8e-bb66-d53fe05ae6e1,000000 - 00000011,none,2025-10-10,VDP-AN POST-OFFICE,none,-2.95,EUR,none,False
a7ba30d1-c7cd-4811-b0cb-16b59f5bb519,000000 - 00000011,none,2025-10-10,BIN BAN TEO W41,Account Number: 000000 - 00000033,164.68,EUR,none,False
ccd3eae6-b6f9-4bc4-962d-f9043489c77c,000000 - 00000111,none,2025-10-10,VDC-LIDL IRELAND L,none,-7.12,EUR,none,False
0cc33464-fdb5-4392-aade-4d835395be27,000000 - 00000011,none,2025-10-10,*MOBI KATERYNA FRIEND,none,-4.0,EUR,none,False
bf020413-7f21-4911-a1dc-148077a8e5a1,000000 - 00000111,none,2025-10-13,VDC-MARKS & SPENCE,none,-2.45,EUR,none,False
3fce881c-a393-4afd-bf91-7afcf942c162,000000 - 00000011,none,2025-10-13,VDC-EASON  TRALEE,none,-19.99,EUR,none,False
73fbb4f2-9c7c-49d2-8939-5ca6daf516a3,000000 - 00000111,none,2025-10-13,MYKHAILO B,000000 - 00001223,15.95,EUR,none,False
d771fb99-f25b-4a8c-8c56-35295977da6c,000000 - 00000111,none,2025-10-13,VDP-IRISH RAIL 792,none,-9.2,EUR,none,False
a1add6da-0709-40e6-a19d-1c332e46ad08,000000 - 00000111,none,2025-10-13,VDC-DEALZ - 1638,none,-0.5,EUR,none,False
7ad55bc1-513c-4137-bc70-4b10aaf4ea75,000000 - 00000111,none,2025-10-13,VDC-POLONEZ BLACKP,none,-5.73,EUR,none,False
9aa4ca14-e669-42a2-8ca6-0d89007990f8,000000 - 00000111,none,2025-10-13,VDC-RITUALS COSMET,none,-14.0,EUR,none,False
9d619ae7-a92d-4319-880d-b40e451af593,000000 - 00000011,none,2025-10-13,EMMANUELLA ,Account Number: 000000 - 00000044,20.0,EUR,none,False
d6c68439-eaaa-45a3-9789-45eec1c788b5,000000 - 00000011,none,2025-10-13,VDP-ACADEMI.CX,14.99 USD@,-13.42,EUR,none,False
654d5a31-44fc-45d1-b033-53a3c2a3a372,000000 - 00000111,none,2025-10-13,MYKHAILO B,000000 - 00001223,10.0,EUR,none,False
c573813f-3b90-47ea-9bee-174e48bfb934,000000 - 00000011,none,2025-10-13,VDP-UNIVERSITY COL,none,-50.0,EUR,none,False
d0a69c67-27f0-4d6b-84ef-1bcb38b5e3a8,000000 - 00000111,none,2025-10-14,*ATMLDG TRELEE,14,200.0,EUR,none,False
6ca52749-3ada-4ac1-9652-8048a7b6f1df,000000 - 00000011,none,2025-10-14,VDC-MTU TRALEE NOR,none,-2.0,EUR,none,False
e241cd70-cec2-41f2-9cb3-65b2ef89ab0a,000000 - 00000011,none,2025-10-15,VDC-LIDL IRELAND L,none,-5.98,EUR,none,False
7c0691fe-1ba3-4880-b7c2-52d6c6109513,000000 - 00000011,none,2025-10-15,VDP-Amazon.ie,none,-42.71,EUR,none,False
230748fb-6f96-4900-9007-15408a669f4f,000000 - 00000111,none,2025-10-15,VDC-MTU TRALEE NOR,none,-4.7,EUR,none,False
18569092-8c70-48d9-a970-804bb030bd47,000000 - 00000111,none,2025-10-15,VDC-LIDL IRELAND L,none,-21.23,EUR,none,False
cb33c3a1-314c-48e3-96b3-169c71107128,000000 - 00000011,none,2025-10-16,VDC-SQ *MADDENS,none,-12.0,EUR,none,False
8ca01619-9918-4a3a-ad05-29df3a3d5267,000000 - 00000111,none,2025-10-16,VDC-MTU TRALEE NOR,none,-1.4,EUR,none,False
79e34a6f-166e-446c-9f76-a2011027c793,000000 - 00000011,none,2025-10-17,VDC-MTU TRALEE NOR,none,-5.0,EUR,none,False
9812907e-fb70-4798-961e-fd590469db82,000000 - 00000111,none,2025-10-17,VDP-IRISH RAIL 766,none,-3.75,EUR,none,False
86cf7693-c870-43d0-96fd-94917eda157d,000000 - 00000111,none,2025-10-17,VDC-MTU TRALEE NOR,none,-5.4,EUR,none,False
2257a4f6-a7e3-4420-bb7b-a39511cb0611,000000 - 00000011,none,2025-10-17,VDP-WALTER AI,none,-8.0,EUR,none,False
c23e1469-cb76-40f6-99ee-3c10c71e8cd9,000000 - 00000111,none,2025-10-17,VDC-MTU TRALEE NOR,none,-3.4,EUR,none,False
bda878af-9174-4a07-8bf9-0615f4794aae,000000 - 00000011,none,2025-10-20,VDC-MCDONALDS 7026,none,-10.7,EUR,none,False
61c091ad-b350-4433-be88-4577b4c207c6,000000 - 00000111,none,2025-10-20,VDC-IRISH RAIL KIL,none,-4.3,EUR,none,False
dec8d9bf-3846-4512-b982-1b0dc5c6043d,000000 - 00000011,none,2025-10-20,VDC-MTU TRALEE NOR,none,-4.9,EUR,none,False
5c9eaaf3-723c-4e5c-a1bc-8ad9bfcc03fb,000000 - 00000011,none,2025-10-20,VDC-THE RANGE,none,-5.2,EUR,none,False
426644b5-406c-4aef-bf67-29e00c766c00,000000 - 00000011,none,2025-10-20,VDC-PEPCO 1624,none,-1.3,EUR,none,False
0a57bd92-9c6a-4c52-a6b8-02c3b93c0079,000000 - 00000111,none,2025-10-20,VDP-IRISH RAIL 725,none,-3.75,EUR,none,False
3f95373b-e98f-4d98-a6a6-a7ceb3bca679,000000 - 00000011,none,2025-10-20,VDC-AKIRA ASIA SUP,none,-17.8,EUR,none,False
c87102cf-d70e-4803-8b8d-afade497334b,000000 - 00000011,none,2025-10-20,VDC-NEXT RETAIL LT,none,-87.65,EUR,none,False
04cd13b1-35bc-4d87-bf6d-d7ee53badf62,000000 - 00000111,none,2025-10-20,VDC-TRALEE SUPER M,none,-3.0,EUR,none,False
5f448a6c-0f33-4635-b75f-49099f110961,000000 - 00000111,none,2025-10-20,VDC-MCDONALDS 7031,none,-11.2,EUR,none,False
90ef9b11-3dbb-4c34-8015-213958d276ae,000000 - 00000111,none,2025-10-20,VDC-LUNA FINE FOOD,none,-4.7,EUR,none,False
17f4ac51-c106-4545-9fbd-66acfcc0ac07,000000 - 00000111,none,2025-10-20,VDC-IRISH RAIL KIL,none,-4.3,EUR,none,False
045530d4-88e9-45ba-8db6-9f34dda40740,000000 - 00000111,none,2025-10-21,VDC-LIDL IRELAND L,none,-3.58,EUR,none,False
155d208f-17f5-4263-8d4c-351e0b3e2204,000000 - 00000011,none,2025-10-21,VDC-MTU TRALEE NOR,none,-2.9,EUR,none,False
27d69aa4-2966-4017-af54-59d5f2073a61,000000 - 00000011,none,2025-10-21,VDC-PEPCO 1624,none,-3.5,EUR,none,False
a6309fdb-a1f5-4082-b58d-ff294cdab3db,000000 - 00000111,none,2025-10-21,VDC-MTU TRALEE NOR,none,-2.0,EUR,none,False
a47a8371-3c0b-4213-bf44-d0b97acf5bf9,000000 - 00000011,none,2025-10-22,VDP-Zara.com,none,-59.9,EUR,none,False
35444904-584c-4329-b2d3-3ebe040f173e,000000 - 00000011,none,2025-10-22,VDC-C.H.CHEMISTS,none,-3.55,EUR,none,False
15870de1-cc3d-4997-b000-fc36cd069637,000000 - 00000011,none,2025-10-22,VDC-PENNEYS TRALEE,none,-9.0,EUR,none,False
ee21a9b4-0869-4b38-84f8-cd604bd3bca4,000000 - 00000011,none,2025-10-22,VDC-SQ *MADDENS,none,-4.0,EUR,none,False
0dad8711-6a94-471f-8b28-96bf6ffc613c,000000 - 00000011,none,2025-10-23,VDC-MERCURY FOOD D,none,-9.7,EUR,none,False
83f33a86-3a7b-49f5-bef0-945b0fb0a8ef,000000 - 00000011,none,2025-10-23,VDC-AN POST-OFFICE,none,-2.75,EUR,none,False
9c054f1d-81e5-4316-aa8f-535d7b86450d,000000 - 00000011,none,2025-10-23,VDC-SQ *MADDENS,none,-4.0,EUR,none,False
ced8ccde-d0f5-4737-b794-aaaffb473596,000000 - 00000011,none,2025-10-24,VDP-LEAP CARD APP,none,-10.0,EUR,none,False
1e1827f8-e80b-4b51-8bed-0dac96d9890f,000000 - 00000111,none,2025-10-24,VDC-CENTRA PATRICK,none,-3.15,EUR,none,False
aaa59ec9-6086-4cc9-a517-d1cb7f22e7b2,000000 - 00000111,none,2025-10-24,VDP-IRISH RAIL 712,none,-9.2,EUR,none,False
9eee9fae-d025-4bcf-94b4-e51fa13ee1d8,000000 - 00000111,none,2025-10-24,VDP-FREENOW* CW7K3,none,-15.8,EUR,none,False
c22b445b-f4da-4bc6-89db-dd4478ff9f27,000000 - 00000011,none,2025-10-24,VDP-WWW.PHELANCONA,none,-40.0,EUR,none,False
5879dde9-920d-4c45-bc2d-b158e04c4e5c,000000 - 00000111,none,2025-10-28,VDC-IMPALA CORK,none,-12.3,EUR,none,False
008182cb-122c-446b-bdff-36ead13c088b,000000 - 00000111,none,2025-10-28,VDC-Insomnia Dougl,none,-9.4,EUR,none,False
89d0fe76-a373-45c4-9a6e-4d54a9bfb198,000000 - 00000111,none,2025-10-28,VDC-Cork Coffee Ro,none,-8.8,EUR,none,False
f82c643e-8216-4047-b90a-76fbaf4da923,000000 - 00000111,none,2025-10-28,VDP-VESTA  *EIR TO,none,-20.0,EUR,none,False
fdd04da4-43ba-48c1-8786-4bbd4dc3076f,000000 - 00000111,none,2025-10-28,VDP-IRISH RAIL 794,none,-18.4,EUR,none,False
6c2cd2f4-031d-4910-b0cf-b771ef9306af,000000 - 00000111,none,2025-10-28,VDC-LIDL IRELAND L,none,-8.93,EUR,none,False
4007d332-d405-4c6b-aa19-6db787631fe9,000000 - 00000011,none,2025-10-28,VDC-CLIFFS OF MOHE,none,-12.0,EUR,none,False
8616c29e-bed0-421c-89d8-28606e260e3d,000000 - 00000011,none,2025-10-28,VDC-LIDL IRELAND L,none,-32.11,EUR,none,False
77e060c1-670f-4922-af4e-554914064190,000000 - 00000011,none,2025-10-28,VDC-THE PUFFINS NE,none,-19.8,EUR,none,False
693ba02a-c905-407d-b7d7-1894e21463be,000000 - 00000011,none,2025-10-28,VDC-MORANS SPAR,none,-2.2,EUR,none,False
b042f5e4-b2d9-4652-a8e7-2652d83213de,000000 - 00000011,none,2025-10-28,MONEY TRANSFER,Account Number: 000000 - 00000055,500.0,EUR,none,False
f9e01b26-af20-4ea8-97c8-dfa18ecb35e9,000000 - 00000011,none,2025-10-28,VDC-DUNNES TRALEE,none,-16.5,EUR,none,False
e1e5bfba-2f8a-44ee-8107-58bfb563ef52,000000 - 00000011,none,2025-10-28,VDC-DUNNES TRALEE,none,-3.0,EUR,none,False
67520ced-457a-4a6f-af83-dac083ac3cdb,000000 - 00000011,none,2025-10-28,VDC-AKIRA ASIA SUP,none,-6.0,EUR,none,False
853a5abf-de74-4de6-99b1-f54fde1b75ea,000000 - 00000011,none,2025-10-28,VDP-Spotify P3BCCB,none,-11.99,EUR,none,False
86813d87-df4d-454d-ba1a-3545a6d01e5e,000000 - 00000011,none,2025-10-28,VDP-IRISH RAIL 730,none,-31.98,EUR,none,False
9018bc7b-f9f9-41f7-8401-a322186b9d2e,000000 - 00000111,none,2025-10-29,VDC-PEPCO 1624,none,-6.5,EUR,none,False
87feb48b-3cef-4448-9415-dae2fe71c091,000000 - 00000011,none,2025-10-30,VDC-TAKARA,none,-29.9,EUR,none,False
2fe2d0ec-ea1b-40b5-9fef-28a68f33f7cd,000000 - 00000011,none,2025-10-30,VDC-KIKO Milano,none,-17.48,EUR,none,False
8de28576-cbd7-48d3-b137-f55d2bd60c32,000000 - 00000011,none,2025-10-30,VDC-H & M,none,-39.98,EUR,none,False
a2ee4ebb-3c9c-4ec3-9e54-bcd6e1884c86,000000 - 00000011,none,2025-10-30,VDC-CW Henry St I0,none,-2.99,EUR,none,False
e5be3999-773e-4c9e-9086-0f1c42c36940,000000 - 00000011,none,2025-10-30,VDC-BERSHKA JERVIS,none,-9.99,EUR,none,False
fd4e4b8c-0063-4106-8961-a323308626b8,000000 - 00000011,none,2025-10-31,VDC-HEATONS,none,-70.0,EUR,none,False
f42ce8a9-2b59-4dcc-a40f-99c8212eae11,000000 - 00000011,none,2025-10-31,VDP-COMPLETESAVE.I,none,-18.0,EUR,none,False
b028cdd0-1275-44a0-bcb3-39428c66c60d,000000 - 00000011,none,2025-10-31,VDC-PEPCO 1624,none,-10.75,EUR,none,False
9ecbc70f-3906-4aa9-835a-0cf9bcf63b1e,000000 - 00000111,none,2025-10-31,*ATMLDG TRALEE   B,Card ending: 3430,100.0,EUR,none,False
cffebb8e-d1f0-41b1-b557-000e741f7a5e,000000 - 00000111,none,2025-11-04,VDC-MTU TRALEE NOR,none,-2.0,EUR,none,False
984e26e4-1d49-42aa-9499-20b7ea852568,000000 - 00000111,none,2025-11-04,VDP-TCARD,none,-5.0,EUR,none,False
4b2d7857-a99a-42a8-b434-70b1c1318a93,000000 - 00000111,none,2025-11-05,VDP-APPLE.COM/BILL,none,-2.99,EUR,none,False
