transaction_id,account_id,category_id,date,merchant_name,description,amount,currency_code,payment_channel,pending
k93BG9lqqpfKb54oweleU4oaMnazb7cLlvo8w,Wjvndjx55pfLel7mqdKdI1jqAkoKkEs6QADdw,,2025-10-12,FUN,SparkFun,89.4,USD,in store,False
3j45qjRppLfxZl9qP868SENaRWaxdouZDxE87,AA8XeAPRR4IdgLbMXaQaHyPpwvjQvBF9xKdbo,,2025-10-11,,INTRST PYMNT,-4.22,USD,other,False
agvDMgZ55PCLaBkgZ5R5IWw3gL3GbvUZBMDed,nladKlrzzbtkBNE7RbrbspvnjxRPxmtAMpnaZ,,2025-10-01,United Airlines,United Airlines,500.0,USD,in store,False
lvx3lvkKKJuv5LnVQ9k9I1Kd7QdjrBtpVxRrn,Wjvndjx55pfLel7mqdKdI1jqAkoKkEs6QADdw,,2025-09-29,Uber,Uber 072515 SF**POOL**,6.33,USD,online,False
47NmK7RooptPJBgKk8y8SzL4oj4rn8iJQPLka,nladKlrzzbtkBNE7RbrbspvnjxRPxmtAMpnaZ,,2025-09-26,,Tectra Inc,500.0,USD,in store,False
jyBzAyWllkSq3j6nkbRbUWRk1dkg3zU6VeawB,nladKlrzzbtkBNE7RbrbspvnjxRPxmtAMpnaZ,,2025-09-25,,AUTOMATIC PAYMENT - THANK,2078.5,USD,online,False
P3vVq3l55jFgrBAmZnLnTPQxMzxmVWCoPRAJg,nladKlrzzbtkBNE7RbrbspvnjxRPxmtAMpnaZ,,2025-09-25,KFC,KFC,500.0,USD,in store,False
NzvXGzE55MCpgv3JMo8os4RGWrGN6Lcy4wQxE,nladKlrzzbtkBNE7RbrbspvnjxRPxmtAMpnaZ,,2025-09-25,,Madison Bicycle Shop,500.0,USD,in store,False
x41MP4j77RCeQ9g7lmBmhDr5vl5BQEf63beAd,AA8XeAPRR4IdgLbMXaQaHyPpwvjQvBF9xKdbo,,2025-09-16,,CREDIT CARD 3333 PAYMENT *//,25.0,USD,other,False
qrPkBr3xxqfdqLG78N3NHBwML8MZqjugz3RVQ,Wjvndjx55pfLel7mqdKdI1jqAkoKkEs6QADdw,,2025-09-16,Uber,Uber 063015 SF**POOL**,5.4,USD,online,False
eAlnoAp55yIWbxXDQo7osXMoeQonjWCr4GmE1,bkvn1kMJJwfPMmzJj171Sz6wZrjlrnCm6ydRB,,2025-09-15,,ACH Electronic CreditGUSTO PAY 123456,5850.0,USD,online,False
dWvbpWL55NirpmM9dv7vCPJk7KkAa6CJjpR6V,G9vXp9M55Rf7kywpbeReIr6pabe3bgf67rQV8,,2025-09-15,,CD DEPOSIT .INITIAL.,1000.0,USD,other,False
7Z7kBZKEELFqNaenb868UxKGEVGbveidoqxjK,nladKlrzzbtkBNE7RbrbspvnjxRPxmtAMpnaZ,,2025-09-14,,Touchstone Climbing,78.5,USD,in store,False
KqvXEqo55yhMn8doe1A1sxwzXRz3WGiRxQ1mJ,Wjvndjx55pfLel7mqdKdI1jqAkoKkEs6QADdw,,2025-09-14,United Airlines,United Airlines,-500.0,USD,in store,False
rzkP3zxddKCaqp5647A7IgNMB4Mnqlf7ez1DN,Wjvndjx55pfLel7mqdKdI1jqAkoKkEs6QADdw,,2025-09-13,McDonald's,McDonald's,12.0,USD,in store,False
zPpL7PeQQACZo1A5vXmXtn3mDvmxo8fl5nQg8,Wjvndjx55pfLel7mqdKdI1jqAkoKkEs6QADdw,,2025-09-13,Starbucks,Starbucks,4.33,USD,in store,False
BGEXQGj66vIaQkRbJ4r4IMZjQzj3w4H4blgL6,Wjvndjx55pfLel7mqdKdI1jqAkoKkEs6QADdw,,2025-09-12,FUN,SparkFun,89.4,USD,in store,False
QxwyKxq557CWG1k6ZnPnsjm5pVopZbfjomoXP,AA8XeAPRR4IdgLbMXaQaHyPpwvjQvBF9xKdbo,,2025-09-11,,INTRST PYMNT,-4.22,USD,other,False
BGEXQGj66vIaQkRbJ4r4IMZNdPJdVwCkyMyle,nladKlrzzbtkBNE7RbrbspvnjxRPxmtAMpnaZ,,2025-09-01,United Airlines,United Airlines,500.0,USD,in store,False
DbAXMbe554FNak1M3PrPilAVjgejJBtZeWeob,Wjvndjx55pfLel7mqdKdI1jqAkoKkEs6QADdw,,2025-08-30,Uber,Uber 072515 SF**POOL**,6.33,USD,online,False
3j45qjRppLfxZl9qP868SENwj54jmdSWJlJL9,nladKlrzzbtkBNE7RbrbspvnjxRPxmtAMpnaZ,,2025-08-27,,Tectra Inc,500.0,USD,in store,False
agvDMgZ55PCLaBkgZ5R5IWwBqz5qjbIX454vz,nladKlrzzbtkBNE7RbrbspvnjxRPxmtAMpnaZ,,2025-08-26,,AUTOMATIC PAYMENT - THANK,2078.5,USD,online,False
dWvbpWL55NirpmM9dv7vCPJjRLMR5aFXNENq7,nladKlrzzbtkBNE7RbrbspvnjxRPxmtAMpnaZ,,2025-08-26,KFC,KFC,500.0,USD,in store,False
x41MP4j77RCeQ9g7lmBmhDredw3dgQCQw4wZx,nladKlrzzbtkBNE7RbrbspvnjxRPxmtAMpnaZ,,2025-08-26,,Madison Bicycle Shop,500.0,USD,in store,False
ZQXRNQ455psbJ5gZWnxnigGBeaLe8XCxLqLpm,AA8XeAPRR4IdgLbMXaQaHyPpwvjQvBF9xKdbo,,2025-08-17,,CREDIT CARD 3333 PAYMENT *//,25.0,USD,other,False
VPvJxP355wCXNJBk7nonsMZLJQkJ1bCDkgkVw,Wjvndjx55pfLel7mqdKdI1jqAkoKkEs6QADdw,,2025-08-17,Uber,Uber 063015 SF**POOL**,5.4,USD,online,False
Wjvndjx55pfLel7mqdKdI1j783A8gDuBMZMW1,bkvn1kMJJwfPMmzJj171Sz6wZrjlrnCm6ydRB,,2025-08-16,,ACH Electronic CreditGUSTO PAY 123456,5850.0,USD,online,False
LKvXWKk55Qu1R3A64LpLHdjG6186p9u38j85X,G9vXp9M55Rf7kywpbeReIr6pabe3bgf67rQV8,,2025-08-16,,CD DEPOSIT .INITIAL.,1000.0,USD,other,False
47NmK7RooptPJBgKk8y8SzLgleRldnum5b5Kw,nladKlrzzbtkBNE7RbrbspvnjxRPxmtAMpnaZ,,2025-08-15,,Touchstone Climbing,78.5,USD,in store,False
waMZNaPjjxf76PzkwQDQInrZP4bPB6CQ9Z9px,Wjvndjx55pfLel7mqdKdI1jqAkoKkEs6QADdw,,2025-08-15,United Airlines,United Airlines,-500.0,USD,in store,False
5eP8relggJuL1oyr5kWkIBlVZodZ7mu6VKVnM,Wjvndjx55pfLel7mqdKdI1jqAkoKkEs6QADdw,,2025-08-14,McDonald's,McDonald's,12.0,USD,in store,False
JlvX8lp55QtZRvwAEMgMt3b9XDjXgBFnj6jyg,Wjvndjx55pfLel7mqdKdI1jqAkoKkEs6QADdw,,2025-08-14,Starbucks,Starbucks,4.33,USD,in store,False
k93BG9lqqpfKb54oweleU4olmeGmjbfmE6Ejp,Wjvndjx55pfLel7mqdKdI1jqAkoKkEs6QADdw,,2025-08-13,FUN,SparkFun,89.4,USD,in store,False
MrvXAr855RfLjyKXopgpIaG1XzxXgDUmx6xv6,AA8XeAPRR4IdgLbMXaQaHyPpwvjQvBF9xKdbo,,2025-08-12,,INTRST PYMNT,-4.22,USD,other,False
NzvXGzE55MCpgv3JMo8os4RqJ3ZJP6fVZ6Zzm,nladKlrzzbtkBNE7RbrbspvnjxRPxmtAMpnaZ,,2025-08-02,United Airlines,United Airlines,500.0,USD,in store,False
lvx3lvkKKJuv5LnVQ9k9I1KVqv5qZruMWoWqR,Wjvndjx55pfLel7mqdKdI1jqAkoKkEs6QADdw,,2025-07-31,Uber,Uber 072515 SF**POOL**,6.33,USD,online,False
P3vVq3l55jFgrBAmZnLnTPQ9DZdD7VFKd6dnW,nladKlrzzbtkBNE7RbrbspvnjxRPxmtAMpnaZ,,2025-07-28,,Tectra Inc,500.0,USD,in store,False
eAlnoAp55yIWbxXDQo7osXM4Rm3RzjuxD9DX3,nladKlrzzbtkBNE7RbrbspvnjxRPxmtAMpnaZ,,2025-07-27,,AUTOMATIC PAYMENT - THANK,2078.5,USD,online,False
7Z7kBZKEELFqNaenb868UxKJZWrZjvFwQJQax,nladKlrzzbtkBNE7RbrbspvnjxRPxmtAMpnaZ,,2025-07-27,KFC,KFC,500.0,USD,in store,False
jyBzAyWllkSq3j6nkbRbUWRV49E4Q3IQ4W4jA,nladKlrzzbtkBNE7RbrbspvnjxRPxmtAMpnaZ,,2025-07-27,,Madison Bicycle Shop,500.0,USD,in store,False
1Nd8GNR11LiDPKVNmQjQfrZQVxjVe1CD7j7Rd,AA8XeAPRR4IdgLbMXaQaHyPpwvjQvBF9xKdbo,,2025-07-18,,CREDIT CARD 3333 PAYMENT *//,25.0,USD,other,False
qrPkBr3xxqfdqLG78N3NHBw1bmzbaquQWrWjy,Wjvndjx55pfLel7mqdKdI1jqAkoKkEs6QADdw,,2025-07-18,Uber,Uber 063015 SF**POOL**,5.4,USD,online,False
AA8XeAPRR4IdgLbMXaQaHyPeD7wD54CBwrwWP,bkvn1kMJJwfPMmzJj171Sz6wZrjlrnCm6ydRB,,2025-07-17,,ACH Electronic CreditGUSTO PAY 123456,5850.0,USD,online,False
pKN4zKB33lux9nvm6RBRS5alJ6ZJd9tXgogdx,G9vXp9M55Rf7kywpbeReIr6pabe3bgf67rQV8,,2025-07-17,,CD DEPOSIT .INITIAL.,1000.0,USD,other,False
QxwyKxq557CWG1k6ZnPnsjm5pVopZbfjomonP,nladKlrzzbtkBNE7RbrbspvnjxRPxmtAMpnaZ,,2025-07-16,,Touchstone Climbing,78.5,USD,in store,False
KqvXEqo55yhMn8doe1A1sxwDo18oAWF58p89o,Wjvndjx55pfLel7mqdKdI1jqAkoKkEs6QADdw,,2025-07-16,United Airlines,United Airlines,-500.0,USD,in store,False
rzkP3zxddKCaqp5647A7IgNExjex5qCGwJwA9,Wjvndjx55pfLel7mqdKdI1jqAkoKkEs6QADdw,,2025-07-15,McDonald's,McDonald's,12.0,USD,in store,False
zPpL7PeQQACZo1A5vXmXtn3AqJ5qWoCeaNayN,Wjvndjx55pfLel7mqdKdI1jqAkoKkEs6QADdw,,2025-07-15,Starbucks,Starbucks,4.33,USD,in store,False
BGEXQGj66vIaQkRbJ4r4IMZNdPJdVwCkyMypo,Wjvndjx55pfLel7mqdKdI1jqAkoKkEs6QADdw,,2025-07-14,FUN,SparkFun,89.4,USD,in store,False
LKvXWKk55Qu1R3A64LpLHdjG6186p9u38j8MX,AA8XeAPRR4IdgLbMXaQaHyPpwvjQvBF9xKdbo,,2025-07-13,,INTRST PYMNT,-4.22,USD,other,False
ZQXRNQ455psbJ5gZWnxnigGBeaLe8XCxLqLvm,nladKlrzzbtkBNE7RbrbspvnjxRPxmtAMpnaZ,,2025-07-03,United Airlines,United Airlines,500.0,USD,in store,False
3j45qjRppLfxZl9qP868SENwj54jmdSWJlJjD,Wjvndjx55pfLel7mqdKdI1jqAkoKkEs6QADdw,,2025-07-01,Uber,Uber 072515 SF**POOL**,6.33,USD,online,False
MrvXAr855RfLjyKXopgpIaG1XzxXgDUmx6x56,nladKlrzzbtkBNE7RbrbspvnjxRPxmtAMpnaZ,,2025-06-28,,Tectra Inc,500.0,USD,in store,False
pKN4zKB33lux9nvm6RBRS5alJ6ZJd9tXgogqx,nladKlrzzbtkBNE7RbrbspvnjxRPxmtAMpnaZ,,2025-06-27,,AUTOMATIC PAYMENT - THANK,2078.5,USD,online,False
LKvXWKk55Qu1R3A64LpLHdjG6186p9u38j8mX,nladKlrzzbtkBNE7RbrbspvnjxRPxmtAMpnaZ,,2025-06-27,KFC,KFC,500.0,USD,in store,False
1Nd8GNR11LiDPKVNmQjQfrZQVxjVe1CD7j7ad,nladKlrzzbtkBNE7RbrbspvnjxRPxmtAMpnaZ,,2025-06-27,,Madison Bicycle Shop,500.0,USD,in store,False
pKN4zKB33lux9nvm6RBRS5alJ6ZJd9tXgogGx,AA8XeAPRR4IdgLbMXaQaHyPpwvjQvBF9xKdbo,,2025-06-18,,CREDIT CARD 3333 PAYMENT *//,25.0,USD,other,False
x41MP4j77RCeQ9g7lmBmhDredw3dgQCQw4wzE,Wjvndjx55pfLel7mqdKdI1jqAkoKkEs6QADdw,,2025-06-18,Uber,Uber 063015 SF**POOL**,5.4,USD,online,False
G9vXp9M55Rf7kywpbeReIr6o4Pa4ZVCZ9M9Wo,bkvn1kMJJwfPMmzJj171Sz6wZrjlrnCm6ydRB,,2025-06-17,,ACH Electronic CreditGUSTO PAY 123456,5850.0,USD,online,False
oq4arqzBBWh3Jda7DbAbTNx8z5dzpJfv9q9ml,G9vXp9M55Rf7kywpbeReIr6pabe3bgf67rQV8,,2025-06-17,,CD DEPOSIT .INITIAL.,1000.0,USD,other,False
oq4arqzBBWh3Jda7DbAbTNx8z5dzpJfv9q9Pl,nladKlrzzbtkBNE7RbrbspvnjxRPxmtAMpnaZ,,2025-06-16,,Touchstone Climbing,78.5,USD,in store,False
dWvbpWL55NirpmM9dv7vCPJjRLMR5aFXNENbW,Wjvndjx55pfLel7mqdKdI1jqAkoKkEs6QADdw,,2025-06-16,United Airlines,United Airlines,-500.0,USD,in store,False
agvDMgZ55PCLaBkgZ5R5IWwBqz5qjbIX454Eq,Wjvndjx55pfLel7mqdKdI1jqAkoKkEs6QADdw,,2025-06-15,McDonald's,McDonald's,12.0,USD,in store,False
47NmK7RooptPJBgKk8y8SzLgleRldnum5b5vo,Wjvndjx55pfLel7mqdKdI1jqAkoKkEs6QADdw,,2025-06-15,Starbucks,Starbucks,4.33,USD,in store,False
NzvXGzE55MCpgv3JMo8os4RqJ3ZJP6fVZ6ZGG,Wjvndjx55pfLel7mqdKdI1jqAkoKkEs6QADdw,,2025-06-14,FUN,SparkFun,89.4,USD,in store,False
oq4arqzBBWh3Jda7DbAbTNx8z5dzpJfv9q9Dl,AA8XeAPRR4IdgLbMXaQaHyPpwvjQvBF9xKdbo,,2025-06-13,,INTRST PYMNT,-4.22,USD,other,False
gnKq8ng55Nt91lm6rwDwTm7v5Po5dEIyD8DGb,nladKlrzzbtkBNE7RbrbspvnjxRPxmtAMpnaZ,,2025-06-03,United Airlines,United Airlines,500.0,USD,in store,False
P3vVq3l55jFgrBAmZnLnTPQ9DZdD7VFKd6dek,Wjvndjx55pfLel7mqdKdI1jqAkoKkEs6QADdw,,2025-06-01,Uber,Uber 072515 SF**POOL**,6.33,USD,online,False
agvDMgZ55PCLaBkgZ5R5IWwBqz5qjbIX454vN,nladKlrzzbtkBNE7RbrbspvnjxRPxmtAMpnaZ,,2025-05-29,,Tectra Inc,500.0,USD,in store,False
P3vVq3l55jFgrBAmZnLnTPQ9DZdD7VFKd6dnd,nladKlrzzbtkBNE7RbrbspvnjxRPxmtAMpnaZ,,2025-05-28,,AUTOMATIC PAYMENT - THANK,2078.5,USD,online,False
NzvXGzE55MCpgv3JMo8os4RqJ3ZJP6fVZ6Zzj,nladKlrzzbtkBNE7RbrbspvnjxRPxmtAMpnaZ,,2025-05-28,KFC,KFC,500.0,USD,in store,False
47NmK7RooptPJBgKk8y8SzLgleRldnum5b5Kv,nladKlrzzbtkBNE7RbrbspvnjxRPxmtAMpnaZ,,2025-05-28,,Madison Bicycle Shop,500.0,USD,in store,False
gnKq8ng55Nt91lm6rwDwTm7v5Po5dEIyD8DBb,AA8XeAPRR4IdgLbMXaQaHyPpwvjQvBF9xKdbo,,2025-05-19,,CREDIT CARD 3333 PAYMENT *//,25.0,USD,other,False
jyBzAyWllkSq3j6nkbRbUWRV49E4Q3IQ4W474,Wjvndjx55pfLel7mqdKdI1jqAkoKkEs6QADdw,,2025-05-19,Uber,Uber 063015 SF**POOL**,5.4,USD,online,False
nladKlrzzbtkBNE7Rbrbspvl1Ej1MBtJklk8M,bkvn1kMJJwfPMmzJj171Sz6wZrjlrnCm6ydRB,,2025-05-18,,ACH Electronic CreditGUSTO PAY 123456,5850.0,USD,online,False
gnKq8ng55Nt91lm6rwDwTm7v5Po5dEIyD8DJb,G9vXp9M55Rf7kywpbeReIr6pabe3bgf67rQV8,,2025-05-18,,CD DEPOSIT .INITIAL.,1000.0,USD,other,False
jyBzAyWllkSq3j6nkbRbUWRV49E4Q3IQ4W4jd,nladKlrzzbtkBNE7RbrbspvnjxRPxmtAMpnaZ,,2025-05-17,,Touchstone Climbing,78.5,USD,in store,False
7Z7kBZKEELFqNaenb868UxKJZWrZjvFwQJQ5P,Wjvndjx55pfLel7mqdKdI1jqAkoKkEs6QADdw,,2025-05-17,United Airlines,United Airlines,-500.0,USD,in store,False
eAlnoAp55yIWbxXDQo7osXM4Rm3RzjuxD9DbG,Wjvndjx55pfLel7mqdKdI1jqAkoKkEs6QADdw,,2025-05-16,McDonald's,McDonald's,12.0,USD,in store,False
QxwyKxq557CWG1k6ZnPnsjm5pVopZbfjomogn,Wjvndjx55pfLel7mqdKdI1jqAkoKkEs6QADdw,,2025-05-16,Starbucks,Starbucks,4.33,USD,in store,False
ZQXRNQ455psbJ5gZWnxnigGBeaLe8XCxLqLEw,Wjvndjx55pfLel7mqdKdI1jqAkoKkEs6QADdw,,2025-05-15,FUN,SparkFun,89.4,USD,in store,False
8MeX3MrkkvTXQjE5olylsvV9zAJzGlFNa3a6n,AA8XeAPRR4IdgLbMXaQaHyPpwvjQvBF9xKdbo,,2025-05-14,,INTRST PYMNT,-4.22,USD,other,False
7Z7kBZKEELFqNaenb868UxKJZWrZjvFwQJQaq,nladKlrzzbtkBNE7RbrbspvnjxRPxmtAMpnaZ,,2025-05-04,United Airlines,United Airlines,500.0,USD,in store,False
MrvXAr855RfLjyKXopgpIaG1XzxXgDUmx6xWb,Wjvndjx55pfLel7mqdKdI1jqAkoKkEs6QADdw,,2025-05-02,Uber,Uber 072515 SF**POOL**,6.33,USD,online,False
eAlnoAp55yIWbxXDQo7osXM4Rm3RzjuxD9DXX,nladKlrzzbtkBNE7RbrbspvnjxRPxmtAMpnaZ,,2025-04-29,,Tectra Inc,500.0,USD,in store,False
MrvXAr855RfLjyKXopgpIaG1XzxXgDUmx6x5D,nladKlrzzbtkBNE7RbrbspvnjxRPxmtAMpnaZ,,2025-04-28,,AUTOMATIC PAYMENT - THANK,2078.5,USD,online,False
ZQXRNQ455psbJ5gZWnxnigGBeaLe8XCxLqLvn,nladKlrzzbtkBNE7RbrbspvnjxRPxmtAMpnaZ,,2025-04-28,KFC,KFC,500.0,USD,in store,False
QxwyKxq557CWG1k6ZnPnsjm5pVopZbfjomonL,nladKlrzzbtkBNE7RbrbspvnjxRPxmtAMpnaZ,,2025-04-28,,Madison Bicycle Shop,500.0,USD,in store,False
EmGX1mQ55nUPZdvMQjwjSqA1orBo9Vi6QxQ7B,AA8XeAPRR4IdgLbMXaQaHyPpwvjQvBF9xKdbo,,2025-04-19,,CREDIT CARD 3333 PAYMENT *//,25.0,USD,other,False
1Nd8GNR11LiDPKVNmQjQfrZQVxjVe1CD7j7kQ,Wjvndjx55pfLel7mqdKdI1jqAkoKkEs6QADdw,,2025-04-19,Uber,Uber 063015 SF**POOL**,5.4,USD,online,False
bkvn1kMJJwfPMmzJj171Sz6XRKZRgDuBLbLGn,bkvn1kMJJwfPMmzJj171Sz6wZrjlrnCm6ydRB,,2025-04-18,,ACH Electronic CreditGUSTO PAY 123456,5850.0,USD,online,False
8MeX3MrkkvTXQjE5olylsvV9zAJzGlFNa3aBn,G9vXp9M55Rf7kywpbeReIr6pabe3bgf67rQV8,,2025-04-18,,CD DEPOSIT .INITIAL.,1000.0,USD,other,False
1Nd8GNR11LiDPKVNmQjQfrZQVxjVe1CD7j7a5,nladKlrzzbtkBNE7RbrbspvnjxRPxmtAMpnaZ,,2025-04-17,,Touchstone Climbing,78.5,USD,in store,False
LKvXWKk55Qu1R3A64LpLHdjG6186p9u38j8xP,Wjvndjx55pfLel7mqdKdI1jqAkoKkEs6QADdw,,2025-04-17,United Airlines,United Airlines,-500.0,USD,in store,False
pKN4zKB33lux9nvm6RBRS5alJ6ZJd9tXgogvp,Wjvndjx55pfLel7mqdKdI1jqAkoKkEs6QADdw,,2025-04-16,McDonald's,McDonald's,12.0,USD,in store,False
oq4arqzBBWh3Jda7DbAbTNx8z5dzpJfv9q9Zp,Wjvndjx55pfLel7mqdKdI1jqAkoKkEs6QADdw,,2025-04-16,Starbucks,Starbucks,4.33,USD,in store,False
gnKq8ng55Nt91lm6rwDwTm7v5Po5dEIyD8D64,Wjvndjx55pfLel7mqdKdI1jqAkoKkEs6QADdw,,2025-04-15,FUN,SparkFun,89.4,USD,in store,False
Wjvndjx55pfLel7mqdKdI1j783A8gDuBMZM89,AA8XeAPRR4IdgLbMXaQaHyPpwvjQvBF9xKdbo,,2025-04-14,,INTRST PYMNT,-4.22,USD,other,False
LKvXWKk55Qu1R3A64LpLHdjG6186p9u38j8mk,nladKlrzzbtkBNE7RbrbspvnjxRPxmtAMpnaZ,,2025-04-04,United Airlines,United Airlines,500.0,USD,in store,False
agvDMgZ55PCLaBkgZ5R5IWwBqz5qjbIX454Ee,Wjvndjx55pfLel7mqdKdI1jqAkoKkEs6QADdw,,2025-04-02,Uber,Uber 072515 SF**POOL**,6.33,USD,online,False
pKN4zKB33lux9nvm6RBRS5alJ6ZJd9tXgogqJ,nladKlrzzbtkBNE7RbrbspvnjxRPxmtAMpnaZ,,2025-03-30,,Tectra Inc,500.0,USD,in store,False
8MeX3MrkkvTXQjE5olylsvV9zAJzGlFNa3aRz,nladKlrzzbtkBNE7RbrbspvnjxRPxmtAMpnaZ,,2025-03-29,,AUTOMATIC PAYMENT - THANK,2078.5,USD,online,False
gnKq8ng55Nt91lm6rwDwTm7v5Po5dEIyD8DGM,nladKlrzzbtkBNE7RbrbspvnjxRPxmtAMpnaZ,,2025-03-29,KFC,KFC,500.0,USD,in store,False
oq4arqzBBWh3Jda7DbAbTNx8z5dzpJfv9q9Pk,nladKlrzzbtkBNE7RbrbspvnjxRPxmtAMpnaZ,,2025-03-29,,Madison Bicycle Shop,500.0,USD,in store,False
AA8XeAPRR4IdgLbMXaQaHyPeD7wD54CBwrwDw,AA8XeAPRR4IdgLbMXaQaHyPpwvjQvBF9xKdbo,,2025-03-20,,CREDIT CARD 3333 PAYMENT *//,25.0,USD,other,False
47NmK7RooptPJBgKk8y8SzLgleRldnum5b5vk,Wjvndjx55pfLel7mqdKdI1jqAkoKkEs6QADdw,,2025-03-20,Uber,Uber 063015 SF**POOL**,5.4,USD,online,False
mRdxqRKkkaFz5m7wAbKbcWRkLNDLB5Irjyj7p,bkvn1kMJJwfPMmzJj171Sz6wZrjlrnCm6ydRB,,2025-03-19,,ACH Electronic CreditGUSTO PAY 123456,5850.0,USD,online,False
EmGX1mQ55nUPZdvMQjwjSqA1orBo9Vi6QxQNB,G9vXp9M55Rf7kywpbeReIr6pabe3bgf67rQV8,,2025-03-19,,CD DEPOSIT .INITIAL.,1000.0,USD,other,False
EmGX1mQ55nUPZdvMQjwjSqA1orBo9Vi6QxQMr,nladKlrzzbtkBNE7RbrbspvnjxRPxmtAMpnaZ,,2025-03-18,,Touchstone Climbing,78.5,USD,in store,False
NzvXGzE55MCpgv3JMo8os4RqJ3ZJP6fVZ6ZGo,Wjvndjx55pfLel7mqdKdI1jqAkoKkEs6QADdw,,2025-03-18,United Airlines,United Airlines,-500.0,USD,in store,False
P3vVq3l55jFgrBAmZnLnTPQ9DZdD7VFKd6deK,Wjvndjx55pfLel7mqdKdI1jqAkoKkEs6QADdw,,2025-03-17,McDonald's,McDonald's,12.0,USD,in store,False
jyBzAyWllkSq3j6nkbRbUWRV49E4Q3IQ4W479,Wjvndjx55pfLel7mqdKdI1jqAkoKkEs6QADdw,,2025-03-17,Starbucks,Starbucks,4.33,USD,in store,False
7Z7kBZKEELFqNaenb868UxKJZWrZjvFwQJQ5r,Wjvndjx55pfLel7mqdKdI1jqAkoKkEs6QADdw,,2025-03-16,FUN,SparkFun,89.4,USD,in store,False
G9vXp9M55Rf7kywpbeReIr6o4Pa4ZVCZ9M9vv,AA8XeAPRR4IdgLbMXaQaHyPpwvjQvBF9xKdbo,,2025-03-15,,INTRST PYMNT,-4.22,USD,other,False
Wjvndjx55pfLel7mqdKdI1j783A8gDuBMZM5B,nladKlrzzbtkBNE7RbrbspvnjxRPxmtAMpnaZ,,2025-03-05,United Airlines,United Airlines,500.0,USD,in store,False
eAlnoAp55yIWbxXDQo7osXM4Rm3RzjuxD9Dbn,Wjvndjx55pfLel7mqdKdI1jqAkoKkEs6QADdw,,2025-03-03,Uber,Uber 072515 SF**POOL**,6.33,USD,online,False
AA8XeAPRR4IdgLbMXaQaHyPeD7wD54CBwrwkM,nladKlrzzbtkBNE7RbrbspvnjxRPxmtAMpnaZ,,2025-02-28,,Tectra Inc,500.0,USD,in store,False
bkvn1kMJJwfPMmzJj171Sz6XRKZRgDuBLbLJy,nladKlrzzbtkBNE7RbrbspvnjxRPxmtAMpnaZ,,2025-02-27,,AUTOMATIC PAYMENT - THANK,2078.5,USD,online,False
nladKlrzzbtkBNE7Rbrbspvl1Ej1MBtJklkXm,nladKlrzzbtkBNE7RbrbspvnjxRPxmtAMpnaZ,,2025-02-27,KFC,KFC,500.0,USD,in store,False
G9vXp9M55Rf7kywpbeReIr6o4Pa4ZVCZ9M9LR,nladKlrzzbtkBNE7RbrbspvnjxRPxmtAMpnaZ,,2025-02-27,,Madison Bicycle Shop,500.0,USD,in store,False
nladKlrzzbtkBNE7Rbrbspvl1Ej1MBtJklkR4,AA8XeAPRR4IdgLbMXaQaHyPpwvjQvBF9xKdbo,,2025-02-18,,CREDIT CARD 3333 PAYMENT *//,25.0,USD,other,False
QxwyKxq557CWG1k6ZnPnsjm5pVopZbfjomog4,Wjvndjx55pfLel7mqdKdI1jqAkoKkEs6QADdw,,2025-02-18,Uber,Uber 063015 SF**POOL**,5.4,USD,online,False
yNL1jN7eeDivZV5A1pzpIKaGMdzM5QCgd6dr6,bkvn1kMJJwfPMmzJj171Sz6wZrjlrnCm6ydRB,,2025-02-17,,ACH Electronic CreditGUSTO PAY 123456,5850.0,USD,online,False
Wjvndjx55pfLel7mqdKdI1j783A8gDuBMZMV9,G9vXp9M55Rf7kywpbeReIr6pabe3bgf67rQV8,,2025-02-17,,CD DEPOSIT .INITIAL.,1000.0,USD,other,False
mRdxqRKkkaFz5m7wAbKbcWRkLNDLB5IrjyjlG,nladKlrzzbtkBNE7RbrbspvnjxRPxmtAMpnaZ,,2025-02-16,,Touchstone Climbing,78.5,USD,in store,False
ZQXRNQ455psbJ5gZWnxnigGBeaLe8XCxLqLEo,Wjvndjx55pfLel7mqdKdI1jqAkoKkEs6QADdw,,2025-02-16,United Airlines,United Airlines,-500.0,USD,in store,False
MrvXAr855RfLjyKXopgpIaG1XzxXgDUmx6xWd,Wjvndjx55pfLel7mqdKdI1jqAkoKkEs6QADdw,,2025-02-15,McDonald's,McDonald's,12.0,USD,in store,False
1Nd8GNR11LiDPKVNmQjQfrZQVxjVe1CD7j7k6,Wjvndjx55pfLel7mqdKdI1jqAkoKkEs6QADdw,,2025-02-15,Starbucks,Starbucks,4.33,USD,in store,False
LKvXWKk55Qu1R3A64LpLHdjG6186p9u38j8xD,Wjvndjx55pfLel7mqdKdI1jqAkoKkEs6QADdw,,2025-02-14,FUN,SparkFun,89.4,USD,in store,False
bkvn1kMJJwfPMmzJj171Sz6XRKZRgDuBLbLjJ,AA8XeAPRR4IdgLbMXaQaHyPpwvjQvBF9xKdbo,,2025-02-13,,INTRST PYMNT,-4.22,USD,other,False
yNL1jN7eeDivZV5A1pzpIKaGMdzM5QCgd6dZ7,nladKlrzzbtkBNE7RbrbspvnjxRPxmtAMpnaZ,,2025-02-03,United Airlines,United Airlines,500.0,USD,in store,False
pKN4zKB33lux9nvm6RBRS5alJ6ZJd9tXgogr5,Wjvndjx55pfLel7mqdKdI1jqAkoKkEs6QADdw,,2025-02-01,Uber,Uber 072515 SF**POOL**,6.33,USD,online,False
91QXx1zAA5TlE6Dm9q1qckzxZLyZ7wfK8x83d,nladKlrzzbtkBNE7RbrbspvnjxRPxmtAMpnaZ,,2025-01-29,,Tectra Inc,500.0,USD,in store,False
6QjDzQq88Ls5yV4zn8Z8seqnyW7y6AHzJDJaN,nladKlrzzbtkBNE7RbrbspvnjxRPxmtAMpnaZ,,2025-01-28,,AUTOMATIC PAYMENT - THANK,2078.5,USD,online,False
RdvnrdK55ZtJGWDkwrPrH7ZdwNjwvWSZjpjxn,nladKlrzzbtkBNE7RbrbspvnjxRPxmtAMpnaZ,,2025-01-28,KFC,KFC,500.0,USD,in store,False
vdZQ4dNPP3tjDaqQn7R7hW5EoxMoqDIwx6xP5,nladKlrzzbtkBNE7RbrbspvnjxRPxmtAMpnaZ,,2025-01-28,,Madison Bicycle Shop,500.0,USD,in store,False
mRdxqRKkkaFz5m7wAbKbcWRkLNDLB5IrjyjNK,AA8XeAPRR4IdgLbMXaQaHyPpwvjQvBF9xKdbo,,2025-01-19,,CREDIT CARD 3333 PAYMENT *//,25.0,USD,other,False
oq4arqzBBWh3Jda7DbAbTNx8z5dzpJfv9q9Mg,Wjvndjx55pfLel7mqdKdI1jqAkoKkEs6QADdw,,2025-01-19,Uber,Uber 063015 SF**POOL**,5.4,USD,online,False
91QXx1zAA5TlE6Dm9q1qckzxZLyZ7wfK8x8lN,bkvn1kMJJwfPMmzJj171Sz6wZrjlrnCm6ydRB,,2025-01-18,,ACH Electronic CreditGUSTO PAY 123456,5850.0,USD,online,False
AA8XeAPRR4IdgLbMXaQaHyPeD7wD54CBwrwmw,G9vXp9M55Rf7kywpbeReIr6pabe3bgf67rQV8,,2025-01-18,,CD DEPOSIT .INITIAL.,1000.0,USD,other,False
X7vJa7d55QtBKewvRmEmTw3Qq8gqyNIDgKgMG,nladKlrzzbtkBNE7RbrbspvnjxRPxmtAMpnaZ,,2025-01-17,,Touchstone Climbing,78.5,USD,in store,False
gnKq8ng55Nt91lm6rwDwTm7v5Po5dEIyD8DVW,Wjvndjx55pfLel7mqdKdI1jqAkoKkEs6QADdw,,2025-01-17,United Airlines,United Airlines,-500.0,USD,in store,False
8MeX3MrkkvTXQjE5olylsvV9zAJzGlFNa3a1G,Wjvndjx55pfLel7mqdKdI1jqAkoKkEs6QADdw,,2025-01-16,McDonald's,McDonald's,12.0,USD,in store,False
EmGX1mQ55nUPZdvMQjwjSqA1orBo9Vi6QxQRP,Wjvndjx55pfLel7mqdKdI1jqAkoKkEs6QADdw,,2025-01-16,Starbucks,Starbucks,4.33,USD,in store,False
Wjvndjx55pfLel7mqdKdI1j783A8gDuBMZM9K,Wjvndjx55pfLel7mqdKdI1jqAkoKkEs6QADdw,,2025-01-15,FUN,SparkFun,89.4,USD,in store,False
yNL1jN7eeDivZV5A1pzpIKaGMdzM5QCgd6dmk,AA8XeAPRR4IdgLbMXaQaHyPpwvjQvBF9xKdbo,,2025-01-14,,INTRST PYMNT,-4.22,USD,other,False
DbAXMbe554FNak1M3PrPilAVjgejJBtZeWelk,nladKlrzzbtkBNE7RbrbspvnjxRPxmtAMpnaZ,,2025-01-04,United Airlines,United Airlines,500.0,USD,in store,False
AA8XeAPRR4IdgLbMXaQaHyPeD7wD54CBwrwjA,Wjvndjx55pfLel7mqdKdI1jqAkoKkEs6QADdw,,2025-01-02,Uber,Uber 072515 SF**POOL**,6.33,USD,online,False
VPvJxP355wCXNJBk7nonsMZLJQkJ1bCDkgk5X,nladKlrzzbtkBNE7RbrbspvnjxRPxmtAMpnaZ,,2024-12-30,,Tectra Inc,500.0,USD,in store,False
JlvX8lp55QtZRvwAEMgMt3b9XDjXgBFnj6jKJ,nladKlrzzbtkBNE7RbrbspvnjxRPxmtAMpnaZ,,2024-12-29,,AUTOMATIC PAYMENT - THANK,2078.5,USD,online,False
5eP8relggJuL1oyr5kWkIBlVZodZ7mu6VKV47,nladKlrzzbtkBNE7RbrbspvnjxRPxmtAMpnaZ,,2024-12-29,KFC,KFC,500.0,USD,in store,False
waMZNaPjjxf76PzkwQDQInrZP4bPB6CQ9Z9yj,nladKlrzzbtkBNE7RbrbspvnjxRPxmtAMpnaZ,,2024-12-29,,Madison Bicycle Shop,500.0,USD,in store,False
91QXx1zAA5TlE6Dm9q1qckzxZLyZ7wfK8x81l,AA8XeAPRR4IdgLbMXaQaHyPpwvjQvBF9xKdbo,,2024-12-20,,CREDIT CARD 3333 PAYMENT *//,25.0,USD,other,False
G9vXp9M55Rf7kywpbeReIr6o4Pa4ZVCZ9M9B3,Wjvndjx55pfLel7mqdKdI1jqAkoKkEs6QADdw,,2024-12-20,Uber,Uber 063015 SF**POOL**,5.4,USD,online,False
vdZQ4dNPP3tjDaqQn7R7hW5EoxMoqDIwx6xoM,bkvn1kMJJwfPMmzJj171Sz6wZrjlrnCm6ydRB,,2024-12-19,,ACH Electronic CreditGUSTO PAY 123456,5850.0,USD,online,False
G9vXp9M55Rf7kywpbeReIr6o4Pa4ZVCZ9M9dv,G9vXp9M55Rf7kywpbeReIr6pabe3bgf67rQV8,,2024-12-19,,CD DEPOSIT .INITIAL.,1000.0,USD,other,False
k93BG9lqqpfKb54oweleU4olmeGmjbfmE6EGo,nladKlrzzbtkBNE7RbrbspvnjxRPxmtAMpnaZ,,2024-12-18,,Touchstone Climbing,78.5,USD,in store,False
nladKlrzzbtkBNE7Rbrbspvl1Ej1MBtJklkeQ,Wjvndjx55pfLel7mqdKdI1jqAkoKkEs6QADdw,,2024-12-18,United Airlines,United Airlines,-500.0,USD,in store,False
bkvn1kMJJwfPMmzJj171Sz6XRKZRgDuBLbLx6,Wjvndjx55pfLel7mqdKdI1jqAkoKkEs6QADdw,,2024-12-17,McDonald's,McDonald's,12.0,USD,in store,False
mRdxqRKkkaFz5m7wAbKbcWRkLNDLB5Irjyjme,Wjvndjx55pfLel7mqdKdI1jqAkoKkEs6QADdw,,2024-12-17,Starbucks,Starbucks,4.33,USD,in store,False
yNL1jN7eeDivZV5A1pzpIKaGMdzM5QCgd6d3n,Wjvndjx55pfLel7mqdKdI1jqAkoKkEs6QADdw,,2024-12-16,FUN,SparkFun,89.4,USD,in store,False
vdZQ4dNPP3tjDaqQn7R7hW5EoxMoqDIwx6xmW,AA8XeAPRR4IdgLbMXaQaHyPpwvjQvBF9xKdbo,,2024-12-15,,INTRST PYMNT,-4.22,USD,other,False
lvx3lvkKKJuv5LnVQ9k9I1KVqv5qZruMWoWzm,nladKlrzzbtkBNE7RbrbspvnjxRPxmtAMpnaZ,,2024-12-05,United Airlines,United Airlines,500.0,USD,in store,False
91QXx1zAA5TlE6Dm9q1qckzxZLyZ7wfK8x8Gx,Wjvndjx55pfLel7mqdKdI1jqAkoKkEs6QADdw,,2024-12-03,Uber,Uber 072515 SF**POOL**,6.33,USD,online,False
qrPkBr3xxqfdqLG78N3NHBw1bmzbaquQWrWvl,nladKlrzzbtkBNE7RbrbspvnjxRPxmtAMpnaZ,,2024-11-30,,Tectra Inc,500.0,USD,in store,False
zPpL7PeQQACZo1A5vXmXtn3AqJ5qWoCeaNaZb,nladKlrzzbtkBNE7RbrbspvnjxRPxmtAMpnaZ,,2024-11-29,,AUTOMATIC PAYMENT - THANK,2078.5,USD,online,False
rzkP3zxddKCaqp5647A7IgNExjex5qCGwJwWJ,nladKlrzzbtkBNE7RbrbspvnjxRPxmtAMpnaZ,,2024-11-29,KFC,KFC,500.0,USD,in store,False
KqvXEqo55yhMn8doe1A1sxwDo18oAWF58p87k,nladKlrzzbtkBNE7RbrbspvnjxRPxmtAMpnaZ,,2024-11-29,,Madison Bicycle Shop,500.0,USD,in store,False
RdvnrdK55ZtJGWDkwrPrH7ZdwNjwvWSZjpjya,AA8XeAPRR4IdgLbMXaQaHyPpwvjQvBF9xKdbo,,2024-11-20,,CREDIT CARD 3333 PAYMENT *//,25.0,USD,other,False
vdZQ4dNPP3tjDaqQn7R7hW5EoxMoqDIwx6xzQ,Wjvndjx55pfLel7mqdKdI1jqAkoKkEs6QADdw,,2024-11-20,Uber,Uber 063015 SF**POOL**,5.4,USD,online,False
RdvnrdK55ZtJGWDkwrPrH7ZdwNjwvWSZjpjzQ,bkvn1kMJJwfPMmzJj171Sz6wZrjlrnCm6ydRB,,2024-11-19,,ACH Electronic CreditGUSTO PAY 123456,5850.0,USD,online,False
nladKlrzzbtkBNE7Rbrbspvl1Ej1MBtJklk44,G9vXp9M55Rf7kywpbeReIr6pabe3bgf67rQV8,,2024-11-19,,CD DEPOSIT .INITIAL.,1000.0,USD,other,False
BGEXQGj66vIaQkRbJ4r4IMZNdPJdVwCkyMyRb,nladKlrzzbtkBNE7RbrbspvnjxRPxmtAMpnaZ,,2024-11-18,,Touchstone Climbing,78.5,USD,in store,False
RdvnrdK55ZtJGWDkwrPrH7ZdwNjwvWSZjpjlg,Wjvndjx55pfLel7mqdKdI1jqAkoKkEs6QADdw,,2024-11-18,United Airlines,United Airlines,-500.0,USD,in store,False
6QjDzQq88Ls5yV4zn8Z8seqnyW7y6AHzJDJ9R,Wjvndjx55pfLel7mqdKdI1jqAkoKkEs6QADdw,,2024-11-17,McDonald's,McDonald's,12.0,USD,in store,False
X7vJa7d55QtBKewvRmEmTw3Qq8gqyNIDgKg6W,Wjvndjx55pfLel7mqdKdI1jqAkoKkEs6QADdw,,2024-11-17,Starbucks,Starbucks,4.33,USD,in store,False
DbAXMbe554FNak1M3PrPilAVjgejJBtZeWewg,Wjvndjx55pfLel7mqdKdI1jqAkoKkEs6QADdw,,2024-11-16,FUN,SparkFun,89.4,USD,in store,False
6QjDzQq88Ls5yV4zn8Z8seqnyW7y6AHzJDJZ1,AA8XeAPRR4IdgLbMXaQaHyPpwvjQvBF9xKdbo,,2024-11-15,,INTRST PYMNT,-4.22,USD,other,False
3j45qjRppLfxZl9qP868SENwj54jmdSWJlJva,nladKlrzzbtkBNE7RbrbspvnjxRPxmtAMpnaZ,,2024-11-05,United Airlines,United Airlines,500.0,USD,in store,False
VPvJxP355wCXNJBk7nonsMZLJQkJ1bCDkgkma,Wjvndjx55pfLel7mqdKdI1jqAkoKkEs6QADdw,,2024-11-03,Uber,Uber 072515 SF**POOL**,6.33,USD,online,False
x41MP4j77RCeQ9g7lmBmhDredw3dgQCQw4wXG,nladKlrzzbtkBNE7RbrbspvnjxRPxmtAMpnaZ,,2024-10-31,,Tectra Inc,500.0,USD,in store,False
47NmK7RooptPJBgKk8y8SzLgleRldnum5b5qv,nladKlrzzbtkBNE7RbrbspvnjxRPxmtAMpnaZ,,2024-10-30,,AUTOMATIC PAYMENT - THANK,2078.5,USD,online,False
agvDMgZ55PCLaBkgZ5R5IWwBqz5qjbIX454bN,nladKlrzzbtkBNE7RbrbspvnjxRPxmtAMpnaZ,,2024-10-30,KFC,KFC,500.0,USD,in store,False
dWvbpWL55NirpmM9dv7vCPJjRLMR5aFXNENdw,nladKlrzzbtkBNE7RbrbspvnjxRPxmtAMpnaZ,,2024-10-30,,Madison Bicycle Shop,500.0,USD,in store,False
X7vJa7d55QtBKewvRmEmTw3Qq8gqyNIDgKgZP,AA8XeAPRR4IdgLbMXaQaHyPpwvjQvBF9xKdbo,,2024-10-21,,CREDIT CARD 3333 PAYMENT *//,25.0,USD,other,False
waMZNaPjjxf76PzkwQDQInrZP4bPB6CQ9Z9Np,Wjvndjx55pfLel7mqdKdI1jqAkoKkEs6QADdw,,2024-10-21,Uber,Uber 063015 SF**POOL**,5.4,USD,online,False
6QjDzQq88Ls5yV4zn8Z8seqnyW7y6AHzJDJro,bkvn1kMJJwfPMmzJj171Sz6wZrjlrnCm6ydRB,,2024-10-20,,ACH Electronic CreditGUSTO PAY 123456,5850.0,USD,online,False
bkvn1kMJJwfPMmzJj171Sz6XRKZRgDuBLbLeJ,G9vXp9M55Rf7kywpbeReIr6pabe3bgf67rQV8,,2024-10-20,,CD DEPOSIT .INITIAL.,1000.0,USD,other,False
NzvXGzE55MCpgv3JMo8os4RqJ3ZJP6fVZ6Zbj,nladKlrzzbtkBNE7RbrbspvnjxRPxmtAMpnaZ,,2024-10-19,,Touchstone Climbing,78.5,USD,in store,False
5eP8relggJuL1oyr5kWkIBlVZodZ7mu6VKVww,Wjvndjx55pfLel7mqdKdI1jqAkoKkEs6QADdw,,2024-10-19,United Airlines,United Airlines,-500.0,USD,in store,False
JlvX8lp55QtZRvwAEMgMt3b9XDjXgBFnj6j4j,Wjvndjx55pfLel7mqdKdI1jqAkoKkEs6QADdw,,2024-10-18,McDonald's,McDonald's,12.0,USD,in store,False
k93BG9lqqpfKb54oweleU4olmeGmjbfmE6EQn,Wjvndjx55pfLel7mqdKdI1jqAkoKkEs6QADdw,,2024-10-18,Starbucks,Starbucks,4.33,USD,in store,False
lvx3lvkKKJuv5LnVQ9k9I1KVqv5qZruMWoWwx,Wjvndjx55pfLel7mqdKdI1jqAkoKkEs6QADdw,,2024-10-17,FUN,SparkFun,89.4,USD,in store,False
DbAXMbe554FNak1M3PrPilAVjgejJBtZeWeDX,AA8XeAPRR4IdgLbMXaQaHyPpwvjQvBF9xKdbo,,2024-10-16,,INTRST PYMNT,-4.22,USD,other,False
P3vVq3l55jFgrBAmZnLnTPQ9DZdD7VFKd6dbd,nladKlrzzbtkBNE7RbrbspvnjxRPxmtAMpnaZ,,2024-10-06,United Airlines,United Airlines,500.0,USD,in store,False
qrPkBr3xxqfdqLG78N3NHBw1bmzbaquQWrWm5,Wjvndjx55pfLel7mqdKdI1jqAkoKkEs6QADdw,,2024-10-04,Uber,Uber 072515 SF**POOL**,6.33,USD,online,False
jyBzAyWllkSq3j6nkbRbUWRV49E4Q3IQ4W4kd,nladKlrzzbtkBNE7RbrbspvnjxRPxmtAMpnaZ,,2024-10-01,,Tectra Inc,500.0,USD,in store,False
QxwyKxq557CWG1k6ZnPnsjm5pVopZbfjomoLL,nladKlrzzbtkBNE7RbrbspvnjxRPxmtAMpnaZ,,2024-09-30,,AUTOMATIC PAYMENT - THANK,2078.5,USD,online,False
eAlnoAp55yIWbxXDQo7osXM4Rm3RzjuxD9DKX,nladKlrzzbtkBNE7RbrbspvnjxRPxmtAMpnaZ,,2024-09-30,KFC,KFC,500.0,USD,in store,False
7Z7kBZKEELFqNaenb868UxKJZWrZjvFwQJQzq,nladKlrzzbtkBNE7RbrbspvnjxRPxmtAMpnaZ,,2024-09-30,,Madison Bicycle Shop,500.0,USD,in store,False
VPvJxP355wCXNJBk7nonsMZLJQkJ1bCDkgk1R,AA8XeAPRR4IdgLbMXaQaHyPpwvjQvBF9xKdbo,,2024-09-21,,CREDIT CARD 3333 PAYMENT *//,25.0,USD,other,False
KqvXEqo55yhMn8doe1A1sxwDo18oAWF58p8Z7,Wjvndjx55pfLel7mqdKdI1jqAkoKkEs6QADdw,,2024-09-21,Uber,Uber 063015 SF**POOL**,5.4,USD,online,False
X7vJa7d55QtBKewvRmEmTw3Qq8gqyNIDgKg54,bkvn1kMJJwfPMmzJj171Sz6wZrjlrnCm6ydRB,,2024-09-20,,ACH Electronic CreditGUSTO PAY 123456,5850.0,USD,online,False
mRdxqRKkkaFz5m7wAbKbcWRkLNDLB5IrjyjaK,G9vXp9M55Rf7kywpbeReIr6pabe3bgf67rQV8,,2024-09-20,,CD DEPOSIT .INITIAL.,1000.0,USD,other,False
ZQXRNQ455psbJ5gZWnxnigGBeaLe8XCxLqLwn,nladKlrzzbtkBNE7RbrbspvnjxRPxmtAMpnaZ,,2024-09-19,,Touchstone Climbing,78.5,USD,in store,False
rzkP3zxddKCaqp5647A7IgNExjex5qCGwJwPL,Wjvndjx55pfLel7mqdKdI1jqAkoKkEs6QADdw,,2024-09-19,United Airlines,United Airlines,-500.0,USD,in store,False
zPpL7PeQQACZo1A5vXmXtn3AqJ5qWoCeaNa7E,Wjvndjx55pfLel7mqdKdI1jqAkoKkEs6QADdw,,2024-09-18,McDonald's,McDonald's,12.0,USD,in store,False
BGEXQGj66vIaQkRbJ4r4IMZNdPJdVwCkyMyWw,Wjvndjx55pfLel7mqdKdI1jqAkoKkEs6QADdw,,2024-09-18,Starbucks,Starbucks,4.33,USD,in store,False
3j45qjRppLfxZl9qP868SENwj54jmdSWJlJrZ,Wjvndjx55pfLel7mqdKdI1jqAkoKkEs6QADdw,,2024-09-17,FUN,SparkFun,89.4,USD,in store,False
waMZNaPjjxf76PzkwQDQInrZP4bPB6CQ9Z9w3,AA8XeAPRR4IdgLbMXaQaHyPpwvjQvBF9xKdbo,,2024-09-16,,INTRST PYMNT,-4.22,USD,other,False
MrvXAr855RfLjyKXopgpIaG1XzxXgDUmx6xAD,nladKlrzzbtkBNE7RbrbspvnjxRPxmtAMpnaZ,,2024-09-06,United Airlines,United Airlines,500.0,USD,in store,False
x41MP4j77RCeQ9g7lmBmhDredw3dgQCQw4w7y,Wjvndjx55pfLel7mqdKdI1jqAkoKkEs6QADdw,,2024-09-04,Uber,Uber 072515 SF**POOL**,6.33,USD,online,False
1Nd8GNR11LiDPKVNmQjQfrZQVxjVe1CD7j7y5,nladKlrzzbtkBNE7RbrbspvnjxRPxmtAMpnaZ,,2024-09-01,,Tectra Inc,500.0,USD,in store,False
oq4arqzBBWh3Jda7DbAbTNx8z5dzpJfv9q9Bk,nladKlrzzbtkBNE7RbrbspvnjxRPxmtAMpnaZ,,2024-08-31,,AUTOMATIC PAYMENT - THANK,2078.5,USD,online,False
pKN4zKB33lux9nvm6RBRS5alJ6ZJd9tXgog6J,nladKlrzzbtkBNE7RbrbspvnjxRPxmtAMpnaZ,,2024-08-31,KFC,KFC,500.0,USD,in store,False
LKvXWKk55Qu1R3A64LpLHdjG6186p9u38j84k,nladKlrzzbtkBNE7RbrbspvnjxRPxmtAMpnaZ,,2024-08-31,,Madison Bicycle Shop,500.0,USD,in store,False
5eP8relggJuL1oyr5kWkIBlVZodZ7mu6VKVl6,AA8XeAPRR4IdgLbMXaQaHyPpwvjQvBF9xKdbo,,2024-08-22,,CREDIT CARD 3333 PAYMENT *//,25.0,USD,other,False
dWvbpWL55NirpmM9dv7vCPJjRLMR5aFXNENMD,Wjvndjx55pfLel7mqdKdI1jqAkoKkEs6QADdw,,2024-08-22,Uber,Uber 063015 SF**POOL**,5.4,USD,online,False
DbAXMbe554FNak1M3PrPilAVjgejJBtZeWez1,bkvn1kMJJwfPMmzJj171Sz6wZrjlrnCm6ydRB,,2024-08-21,,ACH Electronic CreditGUSTO PAY 123456,5850.0,USD,online,False
yNL1jN7eeDivZV5A1pzpIKaGMdzM5QCgd6dBk,G9vXp9M55Rf7kywpbeReIr6pabe3bgf67rQV8,,2024-08-21,,CD DEPOSIT .INITIAL.,1000.0,USD,other,False
gnKq8ng55Nt91lm6rwDwTm7v5Po5dEIyD8DZM,nladKlrzzbtkBNE7RbrbspvnjxRPxmtAMpnaZ,,2024-08-20,,Touchstone Climbing,78.5,USD,in store,False
agvDMgZ55PCLaBkgZ5R5IWwBqz5qjbIX454ae,Wjvndjx55pfLel7mqdKdI1jqAkoKkEs6QADdw,,2024-08-20,United Airlines,United Airlines,-500.0,USD,in store,False
47NmK7RooptPJBgKk8y8SzLgleRldnum5b5rk,Wjvndjx55pfLel7mqdKdI1jqAkoKkEs6QADdw,,2024-08-19,McDonald's,McDonald's,12.0,USD,in store,False
NzvXGzE55MCpgv3JMo8os4RqJ3ZJP6fVZ6Zjo,Wjvndjx55pfLel7mqdKdI1jqAkoKkEs6QADdw,,2024-08-19,Starbucks,Starbucks,4.33,USD,in store,False
P3vVq3l55jFgrBAmZnLnTPQ9DZdD7VFKd6dkK,Wjvndjx55pfLel7mqdKdI1jqAkoKkEs6QADdw,,2024-08-18,FUN,SparkFun,89.4,USD,in store,False
JlvX8lp55QtZRvwAEMgMt3b9XDjXgBFnj6j3x,AA8XeAPRR4IdgLbMXaQaHyPpwvjQvBF9xKdbo,,2024-08-17,,INTRST PYMNT,-4.22,USD,other,False
8MeX3MrkkvTXQjE5olylsvV9zAJzGlFNa3aQz,nladKlrzzbtkBNE7RbrbspvnjxRPxmtAMpnaZ,,2024-08-07,United Airlines,United Airlines,500.0,USD,in store,False
jyBzAyWllkSq3j6nkbRbUWRV49E4Q3IQ4W4M9,Wjvndjx55pfLel7mqdKdI1jqAkoKkEs6QADdw,,2024-08-05,Uber,Uber 072515 SF**POOL**,6.33,USD,online,False
EmGX1mQ55nUPZdvMQjwjSqA1orBo9Vi6QxQAr,nladKlrzzbtkBNE7RbrbspvnjxRPxmtAMpnaZ,,2024-08-02,,Tectra Inc,500.0,USD,in store,False
G9vXp9M55Rf7kywpbeReIr6o4Pa4ZVCZ9M9NR,nladKlrzzbtkBNE7RbrbspvnjxRPxmtAMpnaZ,,2024-08-01,,AUTOMATIC PAYMENT - THANK,2078.5,USD,online,False
AA8XeAPRR4IdgLbMXaQaHyPeD7wD54CBwrwVM,nladKlrzzbtkBNE7RbrbspvnjxRPxmtAMpnaZ,,2024-08-01,KFC,KFC,500.0,USD,in store,False
Wjvndjx55pfLel7mqdKdI1j783A8gDuBMZMNB,nladKlrzzbtkBNE7RbrbspvnjxRPxmtAMpnaZ,,2024-08-01,,Madison Bicycle Shop,500.0,USD,in store,False
k93BG9lqqpfKb54oweleU4olmeGmjbfmE6EnA,AA8XeAPRR4IdgLbMXaQaHyPpwvjQvBF9xKdbo,,2024-07-23,,CREDIT CARD 3333 PAYMENT *//,25.0,USD,other,False
7Z7kBZKEELFqNaenb868UxKJZWrZjvFwQJQlr,Wjvndjx55pfLel7mqdKdI1jqAkoKkEs6QADdw,,2024-07-23,Uber,Uber 063015 SF**POOL**,5.4,USD,online,False
VPvJxP355wCXNJBk7nonsMZLJQkJ1bCDkgk6V,bkvn1kMJJwfPMmzJj171Sz6wZrjlrnCm6ydRB,,2024-07-22,,ACH Electronic CreditGUSTO PAY 123456,5850.0,USD,online,False
91QXx1zAA5TlE6Dm9q1qckzxZLyZ7wfK8x86l,G9vXp9M55Rf7kywpbeReIr6pabe3bgf67rQV8,,2024-07-22,,CD DEPOSIT .INITIAL.,1000.0,USD,other,False
nladKlrzzbtkBNE7Rbrbspvl1Ej1MBtJklk7m,nladKlrzzbtkBNE7RbrbspvnjxRPxmtAMpnaZ,,2024-07-21,,Touchstone Climbing,78.5,USD,in store,False
eAlnoAp55yIWbxXDQo7osXM4Rm3RzjuxD9Ddn,Wjvndjx55pfLel7mqdKdI1jqAkoKkEs6QADdw,,2024-07-21,United Airlines,United Airlines,-500.0,USD,in store,False
QxwyKxq557CWG1k6ZnPnsjm5pVopZbfjomoM4,Wjvndjx55pfLel7mqdKdI1jqAkoKkEs6QADdw,,2024-07-20,McDonald's,McDonald's,12.0,USD,in store,False
ZQXRNQ455psbJ5gZWnxnigGBeaLe8XCxLqLRo,Wjvndjx55pfLel7mqdKdI1jqAkoKkEs6QADdw,,2024-07-20,Starbucks,Starbucks,4.33,USD,in store,False
MrvXAr855RfLjyKXopgpIaG1XzxXgDUmx6xld,Wjvndjx55pfLel7mqdKdI1jqAkoKkEs6QADdw,,2024-07-19,FUN,SparkFun,89.4,USD,in store,False
lvx3lvkKKJuv5LnVQ9k9I1KVqv5qZruMWoWQA,AA8XeAPRR4IdgLbMXaQaHyPpwvjQvBF9xKdbo,,2024-07-18,,INTRST PYMNT,-4.22,USD,other,False
bkvn1kMJJwfPMmzJj171Sz6XRKZRgDuBLbL9y,nladKlrzzbtkBNE7RbrbspvnjxRPxmtAMpnaZ,,2024-07-08,United Airlines,United Airlines,500.0,USD,in store,False
1Nd8GNR11LiDPKVNmQjQfrZQVxjVe1CD7j7K6,Wjvndjx55pfLel7mqdKdI1jqAkoKkEs6QADdw,,2024-07-06,Uber,Uber 072515 SF**POOL**,6.33,USD,online,False
mRdxqRKkkaFz5m7wAbKbcWRkLNDLB5IrjyjKG,nladKlrzzbtkBNE7RbrbspvnjxRPxmtAMpnaZ,,2024-07-03,,Tectra Inc,500.0,USD,in store,False
vdZQ4dNPP3tjDaqQn7R7hW5EoxMoqDIwx6xG5,nladKlrzzbtkBNE7RbrbspvnjxRPxmtAMpnaZ,,2024-07-02,,AUTOMATIC PAYMENT - THANK,2078.5,USD,online,False
91QXx1zAA5TlE6Dm9q1qckzxZLyZ7wfK8x8ed,nladKlrzzbtkBNE7RbrbspvnjxRPxmtAMpnaZ,,2024-07-02,KFC,KFC,500.0,USD,in store,False
yNL1jN7eeDivZV5A1pzpIKaGMdzM5QCgd6d17,nladKlrzzbtkBNE7RbrbspvnjxRPxmtAMpnaZ,,2024-07-02,,Madison Bicycle Shop,500.0,USD,in store,False
qrPkBr3xxqfdqLG78N3NHBw1bmzbaquQWrWGA,AA8XeAPRR4IdgLbMXaQaHyPpwvjQvBF9xKdbo,,2024-06-23,,CREDIT CARD 3333 PAYMENT *//,25.0,USD,other,False
LKvXWKk55Qu1R3A64LpLHdjG6186p9u38j8QD,Wjvndjx55pfLel7mqdKdI1jqAkoKkEs6QADdw,,2024-06-23,Uber,Uber 063015 SF**POOL**,5.4,USD,online,False
waMZNaPjjxf76PzkwQDQInrZP4bPB6CQ9Z9gN,bkvn1kMJJwfPMmzJj171Sz6wZrjlrnCm6ydRB,,2024-06-22,,ACH Electronic CreditGUSTO PAY 123456,5850.0,USD,online,False
vdZQ4dNPP3tjDaqQn7R7hW5EoxMoqDIwx6xdW,G9vXp9M55Rf7kywpbeReIr6pabe3bgf67rQV8,,2024-06-22,,CD DEPOSIT .INITIAL.,1000.0,USD,other,False
RdvnrdK55ZtJGWDkwrPrH7ZdwNjwvWSZjpj7n,nladKlrzzbtkBNE7RbrbspvnjxRPxmtAMpnaZ,,2024-06-21,,Touchstone Climbing,78.5,USD,in store,False
pKN4zKB33lux9nvm6RBRS5alJ6ZJd9tXgogg5,Wjvndjx55pfLel7mqdKdI1jqAkoKkEs6QADdw,,2024-06-21,United Airlines,United Airlines,-500.0,USD,in store,False
oq4arqzBBWh3Jda7DbAbTNx8z5dzpJfv9q99g,Wjvndjx55pfLel7mqdKdI1jqAkoKkEs6QADdw,,2024-06-20,McDonald's,McDonald's,12.0,USD,in store,False
gnKq8ng55Nt91lm6rwDwTm7v5Po5dEIyD8DDW,Wjvndjx55pfLel7mqdKdI1jqAkoKkEs6QADdw,,2024-06-20,Starbucks,Starbucks,4.33,USD,in store,False
8MeX3MrkkvTXQjE5olylsvV9zAJzGlFNa3aaG,Wjvndjx55pfLel7mqdKdI1jqAkoKkEs6QADdw,,2024-06-19,FUN,SparkFun,89.4,USD,in store,False
KqvXEqo55yhMn8doe1A1sxwDo18oAWF58p8ql,AA8XeAPRR4IdgLbMXaQaHyPpwvjQvBF9xKdbo,,2024-06-18,,INTRST PYMNT,-4.22,USD,other,False
6QjDzQq88Ls5yV4zn8Z8seqnyW7y6AHzJDJjN,nladKlrzzbtkBNE7RbrbspvnjxRPxmtAMpnaZ,,2024-06-08,United Airlines,United Airlines,500.0,USD,in store,False
EmGX1mQ55nUPZdvMQjwjSqA1orBo9Vi6QxQQP,Wjvndjx55pfLel7mqdKdI1jqAkoKkEs6QADdw,,2024-06-06,Uber,Uber 072515 SF**POOL**,6.33,USD,online,False
X7vJa7d55QtBKewvRmEmTw3Qq8gqyNIDgKgpG,nladKlrzzbtkBNE7RbrbspvnjxRPxmtAMpnaZ,,2024-06-03,,Tectra Inc,500.0,USD,in store,False
waMZNaPjjxf76PzkwQDQInrZP4bPB6CQ9Z9Aj,nladKlrzzbtkBNE7RbrbspvnjxRPxmtAMpnaZ,,2024-06-02,,AUTOMATIC PAYMENT - THANK,2078.5,USD,online,False
VPvJxP355wCXNJBk7nonsMZLJQkJ1bCDkgkbX,nladKlrzzbtkBNE7RbrbspvnjxRPxmtAMpnaZ,,2024-06-02,KFC,KFC,500.0,USD,in store,False
DbAXMbe554FNak1M3PrPilAVjgejJBtZeWemk,nladKlrzzbtkBNE7RbrbspvnjxRPxmtAMpnaZ,,2024-06-02,,Madison Bicycle Shop,500.0,USD,in store,False
rzkP3zxddKCaqp5647A7IgNExjex5qCGwJw43,AA8XeAPRR4IdgLbMXaQaHyPpwvjQvBF9xKdbo,,2024-05-24,,CREDIT CARD 3333 PAYMENT *//,25.0,USD,other,False
Wjvndjx55pfLel7mqdKdI1j783A8gDuBMZMMK,Wjvndjx55pfLel7mqdKdI1jqAkoKkEs6QADdw,,2024-05-24,Uber,Uber 063015 SF**POOL**,5.4,USD,online,False
5eP8relggJuL1oyr5kWkIBlVZodZ7mu6VKVxV,bkvn1kMJJwfPMmzJj171Sz6wZrjlrnCm6ydRB,,2024-05-23,,ACH Electronic CreditGUSTO PAY 123456,5850.0,USD,online,False
RdvnrdK55ZtJGWDkwrPrH7ZdwNjwvWSZjpjEa,G9vXp9M55Rf7kywpbeReIr6pabe3bgf67rQV8,,2024-05-23,,CD DEPOSIT .INITIAL.,1000.0,USD,other,False
5eP8relggJuL1oyr5kWkIBlVZodZ7mu6VKVz7,nladKlrzzbtkBNE7RbrbspvnjxRPxmtAMpnaZ,,2024-05-22,,Touchstone Climbing,78.5,USD,in store,False
AA8XeAPRR4IdgLbMXaQaHyPeD7wD54CBwrwwA,Wjvndjx55pfLel7mqdKdI1jqAkoKkEs6QADdw,,2024-05-22,United Airlines,United Airlines,-500.0,USD,in store,False
G9vXp9M55Rf7kywpbeReIr6o4Pa4ZVCZ9M993,Wjvndjx55pfLel7mqdKdI1jqAkoKkEs6QADdw,,2024-05-21,McDonald's,McDonald's,12.0,USD,in store,False
nladKlrzzbtkBNE7Rbrbspvl1Ej1MBtJklkkQ,Wjvndjx55pfLel7mqdKdI1jqAkoKkEs6QADdw,,2024-05-21,Starbucks,Starbucks,4.33,USD,in store,False
bkvn1kMJJwfPMmzJj171Sz6XRKZRgDuBLbLL6,Wjvndjx55pfLel7mqdKdI1jqAkoKkEs6QADdw,,2024-05-20,FUN,SparkFun,89.4,USD,in store,False
zPpL7PeQQACZo1A5vXmXtn3AqJ5qWoCeaNark,AA8XeAPRR4IdgLbMXaQaHyPpwvjQvBF9xKdbo,,2024-05-19,,INTRST PYMNT,-4.22,USD,other,False
JlvX8lp55QtZRvwAEMgMt3b9XDjXgBFnj6jpJ,nladKlrzzbtkBNE7RbrbspvnjxRPxmtAMpnaZ,,2024-05-09,United Airlines,United Airlines,500.0,USD,in store,False
mRdxqRKkkaFz5m7wAbKbcWRkLNDLB5Irjyjje,Wjvndjx55pfLel7mqdKdI1jqAkoKkEs6QADdw,,2024-05-07,Uber,Uber 072515 SF**POOL**,6.33,USD,online,False
k93BG9lqqpfKb54oweleU4olmeGmjbfmE6Ero,nladKlrzzbtkBNE7RbrbspvnjxRPxmtAMpnaZ,,2024-05-04,,Tectra Inc,500.0,USD,in store,False
KqvXEqo55yhMn8doe1A1sxwDo18oAWF58p8gk,nladKlrzzbtkBNE7RbrbspvnjxRPxmtAMpnaZ,,2024-05-03,,AUTOMATIC PAYMENT - THANK,2078.5,USD,online,False
qrPkBr3xxqfdqLG78N3NHBw1bmzbaquQWrW8l,nladKlrzzbtkBNE7RbrbspvnjxRPxmtAMpnaZ,,2024-05-03,KFC,KFC,500.0,USD,in store,False
lvx3lvkKKJuv5LnVQ9k9I1KVqv5qZruMWoW1m,nladKlrzzbtkBNE7RbrbspvnjxRPxmtAMpnaZ,,2024-05-03,,Madison Bicycle Shop,500.0,USD,in store,False
BGEXQGj66vIaQkRbJ4r4IMZNdPJdVwCkyMyEe,AA8XeAPRR4IdgLbMXaQaHyPpwvjQvBF9xKdbo,,2024-04-24,,CREDIT CARD 3333 PAYMENT *//,25.0,USD,other,False
yNL1jN7eeDivZV5A1pzpIKaGMdzM5QCgd6ddn,Wjvndjx55pfLel7mqdKdI1jqAkoKkEs6QADdw,,2024-04-24,Uber,Uber 063015 SF**POOL**,5.4,USD,online,False
JlvX8lp55QtZRvwAEMgMt3b9XDjXgBFnj6jb3,bkvn1kMJJwfPMmzJj171Sz6wZrjlrnCm6ydRB,,2024-04-23,,ACH Electronic CreditGUSTO PAY 123456,5850.0,USD,online,False
6QjDzQq88Ls5yV4zn8Z8seqnyW7y6AHzJDJ51,G9vXp9M55Rf7kywpbeReIr6pabe3bgf67rQV8,,2024-04-23,,CD DEPOSIT .INITIAL.,1000.0,USD,other,False
rzkP3zxddKCaqp5647A7IgNExjex5qCGwJwLJ,nladKlrzzbtkBNE7RbrbspvnjxRPxmtAMpnaZ,,2024-04-22,,Touchstone Climbing,78.5,USD,in store,False
91QXx1zAA5TlE6Dm9q1qckzxZLyZ7wfK8x88x,Wjvndjx55pfLel7mqdKdI1jqAkoKkEs6QADdw,,2024-04-22,United Airlines,United Airlines,-500.0,USD,in store,False
vdZQ4dNPP3tjDaqQn7R7hW5EoxMoqDIwx6xxQ,Wjvndjx55pfLel7mqdKdI1jqAkoKkEs6QADdw,,2024-04-21,McDonald's,McDonald's,12.0,USD,in store,False
RdvnrdK55ZtJGWDkwrPrH7ZdwNjwvWSZjpjjg,Wjvndjx55pfLel7mqdKdI1jqAkoKkEs6QADdw,,2024-04-21,Starbucks,Starbucks,4.33,USD,in store,False
6QjDzQq88Ls5yV4zn8Z8seqnyW7y6AHzJDJJR,Wjvndjx55pfLel7mqdKdI1jqAkoKkEs6QADdw,,2024-04-20,FUN,SparkFun,89.4,USD,in store,False
3j45qjRppLfxZl9qP868SENwj54jmdSWJlJx9,AA8XeAPRR4IdgLbMXaQaHyPpwvjQvBF9xKdbo,,2024-04-19,,INTRST PYMNT,-4.22,USD,other,False
zPpL7PeQQACZo1A5vXmXtn3AqJ5qWoCeaNaDb,nladKlrzzbtkBNE7RbrbspvnjxRPxmtAMpnaZ,,2024-04-09,United Airlines,United Airlines,500.0,USD,in store,False
X7vJa7d55QtBKewvRmEmTw3Qq8gqyNIDgKggW,Wjvndjx55pfLel7mqdKdI1jqAkoKkEs6QADdw,,2024-04-07,Uber,Uber 072515 SF**POOL**,6.33,USD,online,False
BGEXQGj66vIaQkRbJ4r4IMZNdPJdVwCkyMyqb,nladKlrzzbtkBNE7RbrbspvnjxRPxmtAMpnaZ,,2024-04-04,,Tectra Inc,500.0,USD,in store,False
dWvbpWL55NirpmM9dv7vCPJjRLMR5aFXNENow,nladKlrzzbtkBNE7RbrbspvnjxRPxmtAMpnaZ,,2024-04-03,,AUTOMATIC PAYMENT - THANK,2078.5,USD,online,False
x41MP4j77RCeQ9g7lmBmhDredw3dgQCQw4wmG,nladKlrzzbtkBNE7RbrbspvnjxRPxmtAMpnaZ,,2024-04-03,KFC,KFC,500.0,USD,in store,False
3j45qjRppLfxZl9qP868SENwj54jmdSWJlJGa,nladKlrzzbtkBNE7RbrbspvnjxRPxmtAMpnaZ,,2024-04-03,,Madison Bicycle Shop,500.0,USD,in store,False
x41MP4j77RCeQ9g7lmBmhDredw3dgQCQw4wbx,AA8XeAPRR4IdgLbMXaQaHyPpwvjQvBF9xKdbo,,2024-03-25,,CREDIT CARD 3333 PAYMENT *//,25.0,USD,other,False
DbAXMbe554FNak1M3PrPilAVjgejJBtZeWeeg,Wjvndjx55pfLel7mqdKdI1jqAkoKkEs6QADdw,,2024-03-25,Uber,Uber 063015 SF**POOL**,5.4,USD,online,False
k93BG9lqqpfKb54oweleU4olmeGmjbfmE6Exv,bkvn1kMJJwfPMmzJj171Sz6wZrjlrnCm6ydRB,,2024-03-24,,ACH Electronic CreditGUSTO PAY 123456,5850.0,USD,online,False
X7vJa7d55QtBKewvRmEmTw3Qq8gqyNIDgKgaP,G9vXp9M55Rf7kywpbeReIr6pabe3bgf67rQV8,,2024-03-24,,CD DEPOSIT .INITIAL.,1000.0,USD,other,False
agvDMgZ55PCLaBkgZ5R5IWwBqz5qjbIX454pN,nladKlrzzbtkBNE7RbrbspvnjxRPxmtAMpnaZ,,2024-03-23,,Touchstone Climbing,78.5,USD,in store,False
VPvJxP355wCXNJBk7nonsMZLJQkJ1bCDkgkka,Wjvndjx55pfLel7mqdKdI1jqAkoKkEs6QADdw,,2024-03-23,United Airlines,United Airlines,-500.0,USD,in store,False
waMZNaPjjxf76PzkwQDQInrZP4bPB6CQ9Z99p,Wjvndjx55pfLel7mqdKdI1jqAkoKkEs6QADdw,,2024-03-22,McDonald's,McDonald's,12.0,USD,in store,False
5eP8relggJuL1oyr5kWkIBlVZodZ7mu6VKVVw,Wjvndjx55pfLel7mqdKdI1jqAkoKkEs6QADdw,,2024-03-22,Starbucks,Starbucks,4.33,USD,in store,False
JlvX8lp55QtZRvwAEMgMt3b9XDjXgBFnj6jjj,Wjvndjx55pfLel7mqdKdI1jqAkoKkEs6QADdw,,2024-03-21,FUN,SparkFun,89.4,USD,in store,False
dWvbpWL55NirpmM9dv7vCPJjRLMR5aFXNENp7,AA8XeAPRR4IdgLbMXaQaHyPpwvjQvBF9xKdbo,,2024-03-20,,INTRST PYMNT,-4.22,USD,other,False
47NmK7RooptPJBgKk8y8SzLgleRldnum5b58v,nladKlrzzbtkBNE7RbrbspvnjxRPxmtAMpnaZ,,2024-03-10,United Airlines,United Airlines,500.0,USD,in store,False
k93BG9lqqpfKb54oweleU4olmeGmjbfmE6EEn,Wjvndjx55pfLel7mqdKdI1jqAkoKkEs6QADdw,,2024-03-08,Uber,Uber 072515 SF**POOL**,6.33,USD,online,False
NzvXGzE55MCpgv3JMo8os4RqJ3ZJP6fVZ6ZLj,nladKlrzzbtkBNE7RbrbspvnjxRPxmtAMpnaZ,,2024-03-05,,Tectra Inc,500.0,USD,in store,False
7Z7kBZKEELFqNaenb868UxKJZWrZjvFwQJQ4q,nladKlrzzbtkBNE7RbrbspvnjxRPxmtAMpnaZ,,2024-03-04,,AUTOMATIC PAYMENT - THANK,2078.5,USD,online,False
jyBzAyWllkSq3j6nkbRbUWRV49E4Q3IQ4W4od,nladKlrzzbtkBNE7RbrbspvnjxRPxmtAMpnaZ,,2024-03-04,KFC,KFC,500.0,USD,in store,False
P3vVq3l55jFgrBAmZnLnTPQ9DZdD7VFKd6dEd,nladKlrzzbtkBNE7RbrbspvnjxRPxmtAMpnaZ,,2024-03-04,,Madison Bicycle Shop,500.0,USD,in store,False
agvDMgZ55PCLaBkgZ5R5IWwBqz5qjbIX454Mz,AA8XeAPRR4IdgLbMXaQaHyPpwvjQvBF9xKdbo,,2024-02-24,,CREDIT CARD 3333 PAYMENT *//,25.0,USD,other,False
lvx3lvkKKJuv5LnVQ9k9I1KVqv5qZruMWoWWx,Wjvndjx55pfLel7mqdKdI1jqAkoKkEs6QADdw,,2024-02-24,Uber,Uber 063015 SF**POOL**,5.4,USD,online,False
lvx3lvkKKJuv5LnVQ9k9I1KVqv5qZruMWoWL5,bkvn1kMJJwfPMmzJj171Sz6wZrjlrnCm6ydRB,,2024-02-23,,ACH Electronic CreditGUSTO PAY 123456,5850.0,USD,online,False
DbAXMbe554FNak1M3PrPilAVjgejJBtZeWeMX,G9vXp9M55Rf7kywpbeReIr6pabe3bgf67rQV8,,2024-02-23,,CD DEPOSIT .INITIAL.,1000.0,USD,other,False
eAlnoAp55yIWbxXDQo7osXM4Rm3RzjuxD9DyX,nladKlrzzbtkBNE7RbrbspvnjxRPxmtAMpnaZ,,2024-02-22,,Touchstone Climbing,78.5,USD,in store,False
qrPkBr3xxqfdqLG78N3NHBw1bmzbaquQWrWW5,Wjvndjx55pfLel7mqdKdI1jqAkoKkEs6QADdw,,2024-02-22,United Airlines,United Airlines,-500.0,USD,in store,False
KqvXEqo55yhMn8doe1A1sxwDo18oAWF58p887,Wjvndjx55pfLel7mqdKdI1jqAkoKkEs6QADdw,,2024-02-21,McDonald's,McDonald's,12.0,USD,in store,False
rzkP3zxddKCaqp5647A7IgNExjex5qCGwJwwL,Wjvndjx55pfLel7mqdKdI1jqAkoKkEs6QADdw,,2024-02-21,Starbucks,Starbucks,4.33,USD,in store,False
zPpL7PeQQACZo1A5vXmXtn3AqJ5qWoCeaNaaE,Wjvndjx55pfLel7mqdKdI1jqAkoKkEs6QADdw,,2024-02-20,FUN,SparkFun,89.4,USD,in store,False
47NmK7RooptPJBgKk8y8SzLgleRldnum5b5Pw,AA8XeAPRR4IdgLbMXaQaHyPpwvjQvBF9xKdbo,,2024-02-19,,INTRST PYMNT,-4.22,USD,other,False
QxwyKxq557CWG1k6ZnPnsjm5pVopZbfjomorL,nladKlrzzbtkBNE7RbrbspvnjxRPxmtAMpnaZ,,2024-02-09,United Airlines,United Airlines,500.0,USD,in store,False
BGEXQGj66vIaQkRbJ4r4IMZNdPJdVwCkyMyyw,Wjvndjx55pfLel7mqdKdI1jqAkoKkEs6QADdw,,2024-02-07,Uber,Uber 072515 SF**POOL**,6.33,USD,online,False
ZQXRNQ455psbJ5gZWnxnigGBeaLe8XCxLqLnn,nladKlrzzbtkBNE7RbrbspvnjxRPxmtAMpnaZ,,2024-02-04,,Tectra Inc,500.0,USD,in store,False
LKvXWKk55Qu1R3A64LpLHdjG6186p9u38j8gk,nladKlrzzbtkBNE7RbrbspvnjxRPxmtAMpnaZ,,2024-02-03,,AUTOMATIC PAYMENT - THANK,2078.5,USD,online,False
1Nd8GNR11LiDPKVNmQjQfrZQVxjVe1CD7j7b5,nladKlrzzbtkBNE7RbrbspvnjxRPxmtAMpnaZ,,2024-02-03,KFC,KFC,500.0,USD,in store,False
MrvXAr855RfLjyKXopgpIaG1XzxXgDUmx6xbD,nladKlrzzbtkBNE7RbrbspvnjxRPxmtAMpnaZ,,2024-02-03,,Madison Bicycle Shop,500.0,USD,in store,False
NzvXGzE55MCpgv3JMo8os4RqJ3ZJP6fVZ6Zwm,AA8XeAPRR4IdgLbMXaQaHyPpwvjQvBF9xKdbo,,2024-01-25,,CREDIT CARD 3333 PAYMENT *//,25.0,USD,other,False
3j45qjRppLfxZl9qP868SENwj54jmdSWJlJJZ,Wjvndjx55pfLel7mqdKdI1jqAkoKkEs6QADdw,,2024-01-25,Uber,Uber 063015 SF**POOL**,5.4,USD,online,False
qrPkBr3xxqfdqLG78N3NHBw1bmzbaquQWrWJv,bkvn1kMJJwfPMmzJj171Sz6wZrjlrnCm6ydRB,,2024-01-24,,ACH Electronic CreditGUSTO PAY 123456,5850.0,USD,online,False
VPvJxP355wCXNJBk7nonsMZLJQkJ1bCDkgkrR,G9vXp9M55Rf7kywpbeReIr6pabe3bgf67rQV8,,2024-01-24,,CD DEPOSIT .INITIAL.,1000.0,USD,other,False
pKN4zKB33lux9nvm6RBRS5alJ6ZJd9tXgog9J,nladKlrzzbtkBNE7RbrbspvnjxRPxmtAMpnaZ,,2024-01-23,,Touchstone Climbing,78.5,USD,in store,False
x41MP4j77RCeQ9g7lmBmhDredw3dgQCQw4wwy,Wjvndjx55pfLel7mqdKdI1jqAkoKkEs6QADdw,,2024-01-23,United Airlines,United Airlines,-500.0,USD,in store,False
dWvbpWL55NirpmM9dv7vCPJjRLMR5aFXNENND,Wjvndjx55pfLel7mqdKdI1jqAkoKkEs6QADdw,,2024-01-22,McDonald's,McDonald's,12.0,USD,in store,False
agvDMgZ55PCLaBkgZ5R5IWwBqz5qjbIX4544e,Wjvndjx55pfLel7mqdKdI1jqAkoKkEs6QADdw,,2024-01-22,Starbucks,Starbucks,4.33,USD,in store,False
47NmK7RooptPJBgKk8y8SzLgleRldnum5b55k,Wjvndjx55pfLel7mqdKdI1jqAkoKkEs6QADdw,,2024-01-21,FUN,SparkFun,89.4,USD,in store,False
P3vVq3l55jFgrBAmZnLnTPQ9DZdD7VFKd6dRW,AA8XeAPRR4IdgLbMXaQaHyPpwvjQvBF9xKdbo,,2024-01-20,,INTRST PYMNT,-4.22,USD,other,False
oq4arqzBBWh3Jda7DbAbTNx8z5dzpJfv9q94k,nladKlrzzbtkBNE7RbrbspvnjxRPxmtAMpnaZ,,2024-01-10,United Airlines,United Airlines,500.0,USD,in store,False
NzvXGzE55MCpgv3JMo8os4RqJ3ZJP6fVZ6ZZo,Wjvndjx55pfLel7mqdKdI1jqAkoKkEs6QADdw,,2024-01-08,Uber,Uber 072515 SF**POOL**,6.33,USD,online,False
gnKq8ng55Nt91lm6rwDwTm7v5Po5dEIyD8DjM,nladKlrzzbtkBNE7RbrbspvnjxRPxmtAMpnaZ,,2024-01-05,,Tectra Inc,500.0,USD,in store,False
NzvXGzE55MCpgv3JMo8os4RqJ3ZJP6fVZ6ZLV,nladKlrzzbtkBNE7RbrbspvnjxRPxmtAMpnaZ,,2024-01-04,,AUTOMATIC PAYMENT - THANK,2078.5,USD,online,False
47NmK7RooptPJBgKk8y8SzLgleRldnum5b589,nladKlrzzbtkBNE7RbrbspvnjxRPxmtAMpnaZ,,2024-01-04,KFC,KFC,500.0,USD,in store,False
agvDMgZ55PCLaBkgZ5R5IWwBqz5qjbIX454pP,nladKlrzzbtkBNE7RbrbspvnjxRPxmtAMpnaZ,,2024-01-04,,Madison Bicycle Shop,500.0,USD,in store,False
jyBzAyWllkSq3j6nkbRbUWRV49E4Q3IQ4W4eA,AA8XeAPRR4IdgLbMXaQaHyPpwvjQvBF9xKdbo,,2023-12-26,,CREDIT CARD 3333 PAYMENT *//,25.0,USD,other,False
P3vVq3l55jFgrBAmZnLnTPQ9DZdD7VFKd6ddK,Wjvndjx55pfLel7mqdKdI1jqAkoKkEs6QADdw,,2023-12-26,Uber,Uber 063015 SF**POOL**,5.4,USD,online,False
KqvXEqo55yhMn8doe1A1sxwDo18oAWF58p86g,bkvn1kMJJwfPMmzJj171Sz6wZrjlrnCm6ydRB,,2023-12-25,,ACH Electronic CreditGUSTO PAY 123456,5850.0,USD,online,False
waMZNaPjjxf76PzkwQDQInrZP4bPB6CQ9Z983,G9vXp9M55Rf7kywpbeReIr6pabe3bgf67rQV8,,2023-12-25,,CD DEPOSIT .INITIAL.,1000.0,USD,other,False
P3vVq3l55jFgrBAmZnLnTPQ9DZdD7VFKd6dEj,nladKlrzzbtkBNE7RbrbspvnjxRPxmtAMpnaZ,,2023-12-24,,Touchstone Climbing,78.5,USD,in store,False
jyBzAyWllkSq3j6nkbRbUWRV49E4Q3IQ4W449,Wjvndjx55pfLel7mqdKdI1jqAkoKkEs6QADdw,,2023-12-24,United Airlines,United Airlines,-500.0,USD,in store,False
7Z7kBZKEELFqNaenb868UxKJZWrZjvFwQJQQr,Wjvndjx55pfLel7mqdKdI1jqAkoKkEs6QADdw,,2023-12-23,McDonald's,McDonald's,12.0,USD,in store,False
eAlnoAp55yIWbxXDQo7osXM4Rm3RzjuxD9DDn,Wjvndjx55pfLel7mqdKdI1jqAkoKkEs6QADdw,,2023-12-23,Starbucks,Starbucks,4.33,USD,in store,False
QxwyKxq557CWG1k6ZnPnsjm5pVopZbfjomoo4,Wjvndjx55pfLel7mqdKdI1jqAkoKkEs6QADdw,,2023-12-22,FUN,SparkFun,89.4,USD,in store,False
7Z7kBZKEELFqNaenb868UxKJZWrZjvFwQJQqx,AA8XeAPRR4IdgLbMXaQaHyPpwvjQvBF9xKdbo,,2023-12-21,,INTRST PYMNT,-4.22,USD,other,False
jyBzAyWllkSq3j6nkbRbUWRV49E4Q3IQ4W4ol,nladKlrzzbtkBNE7RbrbspvnjxRPxmtAMpnaZ,,2023-12-11,United Airlines,United Airlines,500.0,USD,in store,False
ZQXRNQ455psbJ5gZWnxnigGBeaLe8XCxLqLLo,Wjvndjx55pfLel7mqdKdI1jqAkoKkEs6QADdw,,2023-12-09,Uber,Uber 072515 SF**POOL**,6.33,USD,online,False
7Z7kBZKEELFqNaenb868UxKJZWrZjvFwQJQ4V,nladKlrzzbtkBNE7RbrbspvnjxRPxmtAMpnaZ,,2023-12-06,,Tectra Inc,500.0,USD,in store,False
ZQXRNQ455psbJ5gZWnxnigGBeaLe8XCxLqLnd,nladKlrzzbtkBNE7RbrbspvnjxRPxmtAMpnaZ,,2023-12-05,,AUTOMATIC PAYMENT - THANK,2078.5,USD,online,False
QxwyKxq557CWG1k6ZnPnsjm5pVopZbfjomorN,nladKlrzzbtkBNE7RbrbspvnjxRPxmtAMpnaZ,,2023-12-05,KFC,KFC,500.0,USD,in store,False
eAlnoAp55yIWbxXDQo7osXM4Rm3RzjuxD9DyR,nladKlrzzbtkBNE7RbrbspvnjxRPxmtAMpnaZ,,2023-12-05,,Madison Bicycle Shop,500.0,USD,in store,False
eAlnoAp55yIWbxXDQo7osXM4Rm3RzjuxD9DG3,AA8XeAPRR4IdgLbMXaQaHyPpwvjQvBF9xKdbo,,2023-11-26,,CREDIT CARD 3333 PAYMENT *//,25.0,USD,other,False
MrvXAr855RfLjyKXopgpIaG1XzxXgDUmx6xxd,Wjvndjx55pfLel7mqdKdI1jqAkoKkEs6QADdw,,2023-11-26,Uber,Uber 063015 SF**POOL**,5.4,USD,online,False
rzkP3zxddKCaqp5647A7IgNExjex5qCGwJwyy,bkvn1kMJJwfPMmzJj171Sz6wZrjlrnCm6ydRB,,2023-11-25,,ACH Electronic CreditGUSTO PAY 123456,5850.0,USD,online,False
5eP8relggJuL1oyr5kWkIBlVZodZ7mu6VKVm6,G9vXp9M55Rf7kywpbeReIr6pabe3bgf67rQV8,,2023-11-25,,CD DEPOSIT .INITIAL.,1000.0,USD,other,False
MrvXAr855RfLjyKXopgpIaG1XzxXgDUmx6xba,nladKlrzzbtkBNE7RbrbspvnjxRPxmtAMpnaZ,,2023-11-24,,Touchstone Climbing,78.5,USD,in store,False
1Nd8GNR11LiDPKVNmQjQfrZQVxjVe1CD7j776,Wjvndjx55pfLel7mqdKdI1jqAkoKkEs6QADdw,,2023-11-24,United Airlines,United Airlines,-500.0,USD,in store,False
LKvXWKk55Qu1R3A64LpLHdjG6186p9u38j88D,Wjvndjx55pfLel7mqdKdI1jqAkoKkEs6QADdw,,2023-11-23,McDonald's,McDonald's,12.0,USD,in store,False
pKN4zKB33lux9nvm6RBRS5alJ6ZJd9tXgogG5,Wjvndjx55pfLel7mqdKdI1jqAkoKkEs6QADdw,,2023-11-23,Starbucks,Starbucks,4.33,USD,in store,False
oq4arqzBBWh3Jda7DbAbTNx8z5dzpJfv9q9Dg,Wjvndjx55pfLel7mqdKdI1jqAkoKkEs6QADdw,,2023-11-22,FUN,SparkFun,89.4,USD,in store,False
QxwyKxq557CWG1k6ZnPnsjm5pVopZbfjomoVP,AA8XeAPRR4IdgLbMXaQaHyPpwvjQvBF9xKdbo,,2023-11-21,,INTRST PYMNT,-4.22,USD,other,False
1Nd8GNR11LiDPKVNmQjQfrZQVxjVe1CD7j7bW,nladKlrzzbtkBNE7RbrbspvnjxRPxmtAMpnaZ,,2023-11-11,United Airlines,United Airlines,500.0,USD,in store,False
gnKq8ng55Nt91lm6rwDwTm7v5Po5dEIyD8DBW,Wjvndjx55pfLel7mqdKdI1jqAkoKkEs6QADdw,,2023-11-09,Uber,Uber 072515 SF**POOL**,6.33,USD,online,False
LKvXWKk55Qu1R3A64LpLHdjG6186p9u38j8LN,nladKlrzzbtkBNE7RbrbspvnjxRPxmtAMpnaZ,,2023-11-06,,Tectra Inc,500.0,USD,in store,False
gnKq8ng55Nt91lm6rwDwTm7v5Po5dEIyD8Dlw,nladKlrzzbtkBNE7RbrbspvnjxRPxmtAMpnaZ,,2023-11-05,,AUTOMATIC PAYMENT - THANK,2078.5,USD,online,False
oq4arqzBBWh3Jda7DbAbTNx8z5dzpJfv9q9XE,nladKlrzzbtkBNE7RbrbspvnjxRPxmtAMpnaZ,,2023-11-05,KFC,KFC,500.0,USD,in store,False
pKN4zKB33lux9nvm6RBRS5alJ6ZJd9tXgogDB,nladKlrzzbtkBNE7RbrbspvnjxRPxmtAMpnaZ,,2023-11-05,,Madison Bicycle Shop,500.0,USD,in store,False
ZQXRNQ455psbJ5gZWnxnigGBeaLe8XCxLqLBm,AA8XeAPRR4IdgLbMXaQaHyPpwvjQvBF9xKdbo,,2023-10-27,,CREDIT CARD 3333 PAYMENT *//,25.0,USD,other,False
agvDMgZ55PCLaBkgZ5R5IWwBqz5qjbIX454wz,Wjvndjx55pfLel7mqdKdI1jqAkoKkEs6QADdw,,2023-10-27,Uber,Uber 063015 SF**POOL**,5.4,USD,online,False
zPpL7PeQQACZo1A5vXmXtn3AqJ5qWoCeaNaEo,bkvn1kMJJwfPMmzJj171Sz6wZrjlrnCm6ydRB,,2023-10-26,,ACH Electronic CreditGUSTO PAY 123456,5850.0,USD,online,False
JlvX8lp55QtZRvwAEMgMt3b9XDjXgBFnj6jPx,G9vXp9M55Rf7kywpbeReIr6pabe3bgf67rQV8,,2023-10-26,,CD DEPOSIT .INITIAL.,1000.0,USD,other,False
8MeX3MrkkvTXQjE5olylsvV9zAJzGlFNa3axV,nladKlrzzbtkBNE7RbrbspvnjxRPxmtAMpnaZ,,2023-10-25,,Touchstone Climbing,78.5,USD,in store,False
47NmK7RooptPJBgKk8y8SzLgleRldnum5b5zw,Wjvndjx55pfLel7mqdKdI1jqAkoKkEs6QADdw,,2023-10-25,United Airlines,United Airlines,-500.0,USD,in store,False
NzvXGzE55MCpgv3JMo8os4RqJ3ZJP6fVZ6Zdm,Wjvndjx55pfLel7mqdKdI1jqAkoKkEs6QADdw,,2023-10-24,McDonald's,McDonald's,12.0,USD,in store,False
P3vVq3l55jFgrBAmZnLnTPQ9DZdD7VFKd6daW,Wjvndjx55pfLel7mqdKdI1jqAkoKkEs6QADdw,,2023-10-24,Starbucks,Starbucks,4.33,USD,in store,False
jyBzAyWllkSq3j6nkbRbUWRV49E4Q3IQ4W4dA,Wjvndjx55pfLel7mqdKdI1jqAkoKkEs6QADdw,,2023-10-23,FUN,SparkFun,89.4,USD,in store,False
MrvXAr855RfLjyKXopgpIaG1XzxXgDUmx6xr6,AA8XeAPRR4IdgLbMXaQaHyPpwvjQvBF9xKdbo,,2023-10-22,,INTRST PYMNT,-4.22,USD,other,False
JL6W9lZN4dTDldjEwomXC3bNoydoDkhBpjaXE,jEN6PyxmJ3h97Grk641KTWRZoXnNP1CQ4W4wj,,2025-10-12,FUN,SparkFun,89.4,USD,in store,False
BPAW9GaKDNTLjWvJRPd3hMZ36pq6P4U4qydv1,7qmNlZw5avtvAlzbekophxKm6Nz4REFwQJQjz,,2025-10-11,,INTRST PYMNT,-4.22,USD,other,False
dEB98Wq3DehklGNdMzK3sPJA43X4L6CJoNvyP,QB6Amx8GXQSex7bZkLrwUjmvQwBrdLijomozk,,2025-10-01,United Airlines,United Airlines,500.0,USD,in store,False
kEPok9dQxXh6M9Dw4Ndzi4ozKZBKe7tLrEN79,jEN6PyxmJ3h97Grk641KTWRZoXnNP1CQ4W4wj,,2025-09-29,Uber,Uber 072515 SF**POOL**,6.33,USD,online,False
apKG9gwrBJUKdQPZkqp9sWwGx9VxzvIZp4867,QB6Amx8GXQSex7bZkLrwUjmvQwBrdLijomozk,,2025-09-26,,Tectra Inc,500.0,USD,in store,False
Pz6Ao3gZQRHb3o1ZADpqTPQmG3aGZWCoEdGLQ,QB6Amx8GXQSex7bZkLrwUjmvQwBrdLijomozk,,2025-09-25,,AUTOMATIC PAYMENT - THANK,2078.5,USD,online,False
NK6ygzpj7ViwzeGM3DEAT4RNmlam3LtyLZE8X,QB6Amx8GXQSex7bZkLrwUjmvQwBrdLijomozk,,2025-09-25,KFC,KFC,500.0,USD,in store,False
4LDdG7XkawT5orekgRdwszLr9Pq9e8tJ85XpJ,QB6Amx8GXQSex7bZkLrwUjmvQwBrdLijomozk,,2025-09-25,,Madison Bicycle Shop,500.0,USD,in store,False
31oxdj6XGVUN1wzP9kDvuENxG87G5otZGJkgv,7qmNlZw5avtvAlzbekophxKm6Nz4REFwQJQjz,,2025-09-16,,CREDIT CARD 3333 PAYMENT *//,25.0,USD,other,False
lEjodvaQ9ghGD4wQnPgos1Kj6oX6vBTp1WjBq,jEN6PyxmJ3h97Grk641KTWRZoXnNP1CQ4W4wj,,2025-09-16,Uber,Uber 063015 SF**POOL**,5.4,USD,online,False
7qmNlZw5avtvAlzbekophxKb5QA5WeFd4QRbj,Z76AeQ9y8wHkQzrWgdpjsgGrynVPbQsxLqLzg,,2025-09-15,,ACH Electronic CreditGUSTO PAY 123456,5850.0,USD,online,False
xlym54pWgLHXzonlg4G1sDrBk1AkwEu6mwxMm,eE3D1AKxP4hGPr6QXBlwsXM79AvkDefxD9DEy,,2025-09-15,,CD DEPOSIT .INITIAL.,1000.0,USD,other,False
jEN6PyxmJ3h97Grk641KTWRgqKeq9zI6o4PKG,QB6Amx8GXQSex7bZkLrwUjmvQwBrdLijomozk,,2025-09-14,,Touchstone Climbing,78.5,USD,in store,False
qwMo9r71b5UWoeD8GrAkTBwZdk4dmjug8W9lm,jEN6PyxmJ3h97Grk641KTWRZoXnNP1CQ4W4wj,,2025-09-14,United Airlines,United Airlines,-500.0,USD,in store,False
Kk6WZqMN4wCpqabedD6JCxw3b9Kb1GFRg8eo8,jEN6PyxmJ3h97Grk641KTWRZoXnNP1CQ4W4wj,,2025-09-13,McDonald's,McDonald's,12.0,USD,in store,False
rE1o9zeWgXhGZQb45zDvsgNn8vm8jlS7Lwjb4,jEN6PyxmJ3h97Grk641KTWRZoXnNP1CQ4W4wj,,2025-09-13,Starbucks,Starbucks,4.33,USD,in store,False
zKV19PgwaBiMy8jvAP73In3xE1BEJ8ulDaRdn,jEN6PyxmJ3h97Grk641KTWRZoXnNP1CQ4W4wj,,2025-09-12,FUN,SparkFun,89.4,USD,in store,False
yqyR5NoWM9t9BGL15N7lTKa9LQXeLpsvN3nvg,7qmNlZw5avtvAlzbekophxKm6Nz4REFwQJQjz,,2025-09-11,,INTRST PYMNT,-4.22,USD,other,False
31oxdj6XGVUN1wzP9kDvuENb8dLq8nINorb7L,QB6Amx8GXQSex7bZkLrwUjmvQwBrdLijomozk,,2025-09-01,United Airlines,United Airlines,500.0,USD,in store,False
V46mrPnyaoTyPL47BWgEUMZrab3PaztA7myD6,jEN6PyxmJ3h97Grk641KTWRZoXnNP1CQ4W4wj,,2025-08-30,Uber,Uber 072515 SF**POOL**,6.33,USD,online,False
xlym54pWgLHXzonlg4G1sDrz1QbN1XCWl7P5X,QB6Amx8GXQSex7bZkLrwUjmvQwBrdLijomozk,,2025-08-27,,Tectra Inc,500.0,USD,in store,False
4LDdG7XkawT5orekgRdwszLxPnDAPMtEDrV6d,QB6Amx8GXQSex7bZkLrwUjmvQwBrdLijomozk,,2025-08-26,,AUTOMATIC PAYMENT - THANK,2078.5,USD,online,False
apKG9gwrBJUKdQPZkqp9sWwr9bZp9NCGdaJjR,QB6Amx8GXQSex7bZkLrwUjmvQwBrdLijomozk,,2025-08-26,KFC,KFC,500.0,USD,in store,False
dEB98Wq3DehklGNdMzK3sPJm3aEv3giAgMz8o,QB6Amx8GXQSex7bZkLrwUjmvQwBrdLijomozk,,2025-08-26,,Madison Bicycle Shop,500.0,USD,in store,False
9rDjK1lMdWhNAk39Dredukz3KwoeKPTJPGyJB,7qmNlZw5avtvAlzbekophxKm6Nz4REFwQJQjz,,2025-08-17,,CREDIT CARD 3333 PAYMENT *//,25.0,USD,other,False
wEw1JaLXbDhGypdwzaZNsnrVN6EMNyCdeNRQr,jEN6PyxmJ3h97Grk641KTWRZoXnNP1CQ4W4wj,,2025-08-17,Uber,Uber 063015 SF**POOL**,5.4,USD,online,False
JL6W9lZN4dTDldjEwomXC3bGyBwmyqHN74M7o,Z76AeQ9y8wHkQzrWgdpjsgGrynVPbQsxLqLzg,,2025-08-16,,ACH Electronic CreditGUSTO PAY 123456,5850.0,USD,online,False
pwZm9KjRPbUEkG16vKgwh5a3w9oRwKImRrjyy,eE3D1AKxP4hGPr6QXBlwsXM79AvkDefxD9DEy,,2025-08-16,,CD DEPOSIT .INITIAL.,1000.0,USD,other,False
NK6ygzpj7ViwzeGM3DEAT4Rzl6QvlyCNejply,QB6Amx8GXQSex7bZkLrwUjmvQwBrdLijomozk,,2025-08-15,,Touchstone Climbing,78.5,USD,in store,False
5pRa6eDM4zURAw65yvmxsBl8wmXvwWfLBwy65,jEN6PyxmJ3h97Grk641KTWRZoXnNP1CQ4W4wj,,2025-08-15,United Airlines,United Airlines,-500.0,USD,in store,False
JL6W9lZN4dTDldjEwomXC3bGyBwmyqHN74MnQ,jEN6PyxmJ3h97Grk641KTWRZoXnNP1CQ4W4wj,,2025-08-14,McDonald's,McDonald's,12.0,USD,in store,False
kEPok9dQxXh6M9Dw4Ndzi4oPZb6WZLCRPQDmz,jEN6PyxmJ3h97Grk641KTWRZoXnNP1CQ4W4wj,,2025-08-14,Starbucks,Starbucks,4.33,USD,in store,False
lEjodvaQ9ghGD4wQnPgos1KRorGPozsA9wgMr,jEN6PyxmJ3h97Grk641KTWRZoXnNP1CQ4W4wj,,2025-08-13,FUN,SparkFun,89.4,USD,in store,False
vXyJAd1WMbHEKmonqdyLhW5pLDk9L4C75ze7V,7qmNlZw5avtvAlzbekophxKm6Nz4REFwQJQjz,,2025-08-12,,INTRST PYMNT,-4.22,USD,other,False
Pz6Ao3gZQRHb3o1ZADpqTPQn3VE83Nim3k5xX,QB6Amx8GXQSex7bZkLrwUjmvQwBrdLijomozk,,2025-08-02,United Airlines,United Airlines,500.0,USD,in store,False
qwMo9r71b5UWoeD8GrAkTBwrkqWDkvfXbmPQo,jEN6PyxmJ3h97Grk641KTWRZoXnNP1CQ4W4wj,,2025-07-31,Uber,Uber 072515 SF**POOL**,6.33,USD,online,False
jEN6PyxmJ3h97Grk641KTWRLK3o7KwCbpMmNZ,QB6Amx8GXQSex7bZkLrwUjmvQwBrdLijomozk,,2025-07-28,,Tectra Inc,500.0,USD,in store,False
QB6Amx8GXQSex7bZkLrwUjmWebQ8ePCAyM6NZ,QB6Amx8GXQSex7bZkLrwUjmvQwBrdLijomozk,,2025-07-27,,AUTOMATIC PAYMENT - THANK,2078.5,USD,online,False
eE3D1AKxP4hGPr6QXBlwsXM8wj9pwKfn6dBqE,QB6Amx8GXQSex7bZkLrwUjmvQwBrdLijomozk,,2025-07-27,KFC,KFC,500.0,USD,in store,False
7qmNlZw5avtvAlzbekophxKLQv6nQ7iVvlyE1,QB6Amx8GXQSex7bZkLrwUjmvQwBrdLijomozk,,2025-07-27,,Madison Bicycle Shop,500.0,USD,in store,False
R36AodEyQJSQdBmwD1pgh7ZBrWVxrkH1dlk11,7qmNlZw5avtvAlzbekophxKm6Nz4REFwQJQjz,,2025-07-18,,CREDIT CARD 3333 PAYMENT *//,25.0,USD,other,False
Kk6WZqMN4wCpqabedD6JCxwj9WdL9li3wZk5K,jEN6PyxmJ3h97Grk641KTWRZoXnNP1CQ4W4wj,,2025-07-18,Uber,Uber 063015 SF**POOL**,5.4,USD,online,False
kEPok9dQxXh6M9Dw4Ndzi4oPZb6WZLCRPQDP8,Z76AeQ9y8wHkQzrWgdpjsgGrynVPbQsxLqLzg,,2025-07-17,,ACH Electronic CreditGUSTO PAY 123456,5850.0,USD,online,False
oEQo9qPmJZhGkjyDaq9QsNx7QJGmQBCwLM5xJ,eE3D1AKxP4hGPr6QXBlwsXM79AvkDefxD9DEy,,2025-07-17,,CD DEPOSIT .INITIAL.,1000.0,USD,other,False
Z76AeQ9y8wHkQzrWgdpjsgGEjXyvjKskQRmox,QB6Amx8GXQSex7bZkLrwUjmvQwBrdLijomozk,,2025-07-16,,Touchstone Climbing,78.5,USD,in store,False
rE1o9zeWgXhGZQb45zDvsgNVvqGpvWsBKP9GG,jEN6PyxmJ3h97Grk641KTWRZoXnNP1CQ4W4wj,,2025-07-16,United Airlines,United Airlines,-500.0,USD,in store,False
zKV19PgwaBiMy8jvAP73In3X1opL1ZC8P7Bej,jEN6PyxmJ3h97Grk641KTWRZoXnNP1CQ4W4wj,,2025-07-15,McDonald's,McDonald's,12.0,USD,in store,False
BPAW9GaKDNTLjWvJRPd3hMZ1pwRmpatJeW5kV,jEN6PyxmJ3h97Grk641KTWRZoXnNP1CQ4W4wj,,2025-07-15,Starbucks,Starbucks,4.33,USD,in store,False
31oxdj6XGVUN1wzP9kDvuENb8dLq8nINorbWN,jEN6PyxmJ3h97Grk641KTWRZoXnNP1CQ4W4wj,,2025-07-14,FUN,SparkFun,89.4,USD,in store,False
6l54dQVbeJHBAewn4olNceqN4AjG4zIAw9KAM,7qmNlZw5avtvAlzbekophxKm6Nz4REFwQJQjz,,2025-07-13,,INTRST PYMNT,-4.22,USD,other,False
Mq6VorLNj9t9r7doKAzeTaG5WDedWqtZnlpjk,QB6Amx8GXQSex7bZkLrwUjmvQwBrdLijomozk,,2025-07-03,United Airlines,United Airlines,500.0,USD,in store,False
xlym54pWgLHXzonlg4G1sDrz1QbN1XCWl7PQp,jEN6PyxmJ3h97Grk641KTWRZoXnNP1CQ4W4wj,,2025-07-01,Uber,Uber 072515 SF**POOL**,6.33,USD,online,False
1Z5BmNvM4rs7or3mVR6bhrZPo19kopcvWKXnE,QB6Amx8GXQSex7bZkLrwUjmvQwBrdLijomozk,,2025-06-28,,Tectra Inc,500.0,USD,in store,False
oEQo9qPmJZhGkjyDaq9QsNx7QJGmQBCwLM5JJ,QB6Amx8GXQSex7bZkLrwUjmvQwBrdLijomozk,,2025-06-27,,AUTOMATIC PAYMENT - THANK,2078.5,USD,online,False
pwZm9KjRPbUEkG16vKgwh5a3w9oRwKImRrj7y,QB6Amx8GXQSex7bZkLrwUjmvQwBrdLijomozk,,2025-06-27,KFC,KFC,500.0,USD,in store,False
Ll6woK1N4GHbKya4AkXrTdjmo9WnoNFzDQKAz,QB6Amx8GXQSex7bZkLrwUjmvQwBrdLijomozk,,2025-06-27,,Madison Bicycle Shop,500.0,USD,in store,False
XP6RB7mVgpTb7j6Rwg8yTw3aoNdboAhlB6jl7,7qmNlZw5avtvAlzbekophxKm6Nz4REFwQJQjz,,2025-06-18,,CREDIT CARD 3333 PAYMENT *//,25.0,USD,other,False
dEB98Wq3DehklGNdMzK3sPJm3aEv3giAgMzX8,jEN6PyxmJ3h97Grk641KTWRZoXnNP1CQ4W4wj,,2025-06-18,Uber,Uber 063015 SF**POOL**,5.4,USD,online,False
lEjodvaQ9ghGD4wQnPgos1KRorGPozsA9wg9J,Z76AeQ9y8wHkQzrWgdpjsgGrynVPbQsxLqLzg,,2025-06-17,,ACH Electronic CreditGUSTO PAY 123456,5850.0,USD,online,False
g9d6knzaPwCENBzrm5yXhm7KXE8NXZsk3VRav,eE3D1AKxP4hGPr6QXBlwsXM79AvkDefxD9DEy,,2025-06-17,,CD DEPOSIT .INITIAL.,1000.0,USD,other,False
g9d6knzaPwCENBzrm5yXhm7KXE8NXZsk3VRev,QB6Amx8GXQSex7bZkLrwUjmvQwBrdLijomozk,,2025-06-16,,Touchstone Climbing,78.5,USD,in store,False
apKG9gwrBJUKdQPZkqp9sWwr9bZp9NCGdaJXA,jEN6PyxmJ3h97Grk641KTWRZoXnNP1CQ4W4wj,,2025-06-16,United Airlines,United Airlines,-500.0,USD,in store,False
4LDdG7XkawT5orekgRdwszLxPnDAPMtEDrVmG,jEN6PyxmJ3h97Grk641KTWRZoXnNP1CQ4W4wj,,2025-06-15,McDonald's,McDonald's,12.0,USD,in store,False
NK6ygzpj7ViwzeGM3DEAT4Rzl6QvlyCNejpVe,jEN6PyxmJ3h97Grk641KTWRZoXnNP1CQ4W4wj,,2025-06-15,Starbucks,Starbucks,4.33,USD,in store,False
Pz6Ao3gZQRHb3o1ZADpqTPQn3VE83Nim3k5jz,jEN6PyxmJ3h97Grk641KTWRZoXnNP1CQ4W4wj,,2025-06-14,FUN,SparkFun,89.4,USD,in store,False
D76GVbNz1KHEbDp31LVyhlAr7B3E71upywRpK,7qmNlZw5avtvAlzbekophxKm6Nz4REFwQJQjz,,2025-06-13,,INTRST PYMNT,-4.22,USD,other,False
8KAPqM5jD4iwrvBoEKLxTvV3ol5PoKiEd1pPD,QB6Amx8GXQSex7bZkLrwUjmvQwBrdLijomozk,,2025-06-03,United Airlines,United Airlines,500.0,USD,in store,False
jEN6PyxmJ3h97Grk641KTWRLK3o7KwCbpMm9P,jEN6PyxmJ3h97Grk641KTWRZoXnNP1CQ4W4wj,,2025-06-01,Uber,Uber 072515 SF**POOL**,6.33,USD,online,False
EebWvmPBwRhkGbEQvD7WsqAMzVvDzgfdDReaD,QB6Amx8GXQSex7bZkLrwUjmvQwBrdLijomozk,,2025-05-29,,Tectra Inc,500.0,USD,in store,False
GZA6o97xybsKMXGbwLzDsr6LpVWJpycjEBxzk,QB6Amx8GXQSex7bZkLrwUjmvQwBrdLijomozk,,2025-05-28,,AUTOMATIC PAYMENT - THANK,2078.5,USD,online,False
AN6WpAdkx5TKAyvXbN5osyPkp4b3paTeGjJnZ,QB6Amx8GXQSex7bZkLrwUjmvQwBrdLijomozk,,2025-05-28,KFC,KFC,500.0,USD,in store,False
WNVAzjbyLwTk6Bnq7o8js1jQqDzvqwsaL9yJp,QB6Amx8GXQSex7bZkLrwUjmvQwBrdLijomozk,,2025-05-28,,Madison Bicycle Shop,500.0,USD,in store,False
V46mrPnyaoTyPL47BWgEUMZrab3PaztA7myAG,7qmNlZw5avtvAlzbekophxKm6Nz4REFwQJQjz,,2025-05-19,,CREDIT CARD 3333 PAYMENT *//,25.0,USD,other,False
7qmNlZw5avtvAlzbekophxKLQv6nQ7iVvly3e,jEN6PyxmJ3h97Grk641KTWRZoXnNP1CQ4W4wj,,2025-05-19,Uber,Uber 063015 SF**POOL**,5.4,USD,online,False
qwMo9r71b5UWoeD8GrAkTBwrkqWDkvfXbmPbL,Z76AeQ9y8wHkQzrWgdpjsgGrynVPbQsxLqLzg,,2025-05-18,,ACH Electronic CreditGUSTO PAY 123456,5850.0,USD,online,False
8KAPqM5jD4iwrvBoEKLxTvV3ol5PoKiEd1p4D,eE3D1AKxP4hGPr6QXBlwsXM79AvkDefxD9DEy,,2025-05-18,,CD DEPOSIT .INITIAL.,1000.0,USD,other,False
nEe9wlNQMmhG8PjRElXnspvrnBW3n7umxeVLn,QB6Amx8GXQSex7bZkLrwUjmvQwBrdLijomozk,,2025-05-17,,Touchstone Climbing,78.5,USD,in store,False
eE3D1AKxP4hGPr6QXBlwsXM8wj9pwKfn6dBPz,jEN6PyxmJ3h97Grk641KTWRZoXnNP1CQ4W4wj,,2025-05-17,United Airlines,United Airlines,-500.0,USD,in store,False
QB6Amx8GXQSex7bZkLrwUjmWebQ8ePCAyM6BW,jEN6PyxmJ3h97Grk641KTWRZoXnNP1CQ4W4wj,,2025-05-16,McDonald's,McDonald's,12.0,USD,in store,False
Z76AeQ9y8wHkQzrWgdpjsgGEjXyvjKskQRmWV,jEN6PyxmJ3h97Grk641KTWRZoXnNP1CQ4W4wj,,2025-05-16,Starbucks,Starbucks,4.33,USD,in store,False
Mq6VorLNj9t9r7doKAzeTaG5WDedWqtZnlpkP,jEN6PyxmJ3h97Grk641KTWRZoXnNP1CQ4W4wj,,2025-05-15,FUN,SparkFun,89.4,USD,in store,False
wEw1JaLXbDhGypdwzaZNsnrVN6EMNyCdeNRde,7qmNlZw5avtvAlzbekophxKm6Nz4REFwQJQjz,,2025-05-14,,INTRST PYMNT,-4.22,USD,other,False
bErogk5z6ehGQl9jzKZwsz6vwDGQw9tvDxKM1,QB6Amx8GXQSex7bZkLrwUjmvQwBrdLijomozk,,2025-05-04,United Airlines,United Airlines,500.0,USD,in store,False
1Z5BmNvM4rs7or3mVR6bhrZPo19kopcvWKXVo,jEN6PyxmJ3h97Grk641KTWRZoXnNP1CQ4W4wj,,2025-05-02,Uber,Uber 072515 SF**POOL**,6.33,USD,online,False
my7wbR4XgWSE6NnA7RZPhWRQP5yXPKC3qmpVz,QB6Amx8GXQSex7bZkLrwUjmvQwBrdLijomozk,,2025-04-29,,Tectra Inc,500.0,USD,in store,False
vXyJAd1WMbHEKmonqdyLhW5pLDk9L4C75ze91,QB6Amx8GXQSex7bZkLrwUjmvQwBrdLijomozk,,2025-04-28,,AUTOMATIC PAYMENT - THANK,2078.5,USD,online,False
9rDjK1lMdWhNAk39Dredukz3KwoeKPTJPGyXD,QB6Amx8GXQSex7bZkLrwUjmvQwBrdLijomozk,,2025-04-28,KFC,KFC,500.0,USD,in store,False
yqyR5NoWM9t9BGL15N7lTKa9LQXeLpsvN3n7X,QB6Amx8GXQSex7bZkLrwUjmvQwBrdLijomozk,,2025-04-28,,Madison Bicycle Shop,500.0,USD,in store,False
5pRa6eDM4zURAw65yvmxsBl8wmXvwWfLBwyeN,7qmNlZw5avtvAlzbekophxKm6Nz4REFwQJQjz,,2025-04-19,,CREDIT CARD 3333 PAYMENT *//,25.0,USD,other,False
Ll6woK1N4GHbKya4AkXrTdjmo9WnoNFzDQKBE,jEN6PyxmJ3h97Grk641KTWRZoXnNP1CQ4W4wj,,2025-04-19,Uber,Uber 063015 SF**POOL**,5.4,USD,online,False
Kk6WZqMN4wCpqabedD6JCxwj9WdL9li3wZkw5,Z76AeQ9y8wHkQzrWgdpjsgGrynVPbQsxLqLzg,,2025-04-18,,ACH Electronic CreditGUSTO PAY 123456,5850.0,USD,online,False
EebWvmPBwRhkGbEQvD7WsqAMzVvDzgfdDRevD,eE3D1AKxP4hGPr6QXBlwsXM79AvkDefxD9DEy,,2025-04-18,,CD DEPOSIT .INITIAL.,1000.0,USD,other,False
R36AodEyQJSQdBmwD1pgh7ZBrWVxrkH1dlkmo,QB6Amx8GXQSex7bZkLrwUjmvQwBrdLijomozk,,2025-04-17,,Touchstone Climbing,78.5,USD,in store,False
pwZm9KjRPbUEkG16vKgwh5a3w9oRwKImRrjeQ,jEN6PyxmJ3h97Grk641KTWRZoXnNP1CQ4W4wj,,2025-04-17,United Airlines,United Airlines,-500.0,USD,in store,False
oEQo9qPmJZhGkjyDaq9QsNx7QJGmQBCwLM5AQ,jEN6PyxmJ3h97Grk641KTWRZoXnNP1CQ4W4wj,,2025-04-16,McDonald's,McDonald's,12.0,USD,in store,False
g9d6knzaPwCENBzrm5yXhm7KXE8NXZsk3VR9R,jEN6PyxmJ3h97Grk641KTWRZoXnNP1CQ4W4wj,,2025-04-16,Starbucks,Starbucks,4.33,USD,in store,False
8KAPqM5jD4iwrvBoEKLxTvV3ol5PoKiEd1p53,jEN6PyxmJ3h97Grk641KTWRZoXnNP1CQ4W4wj,,2025-04-15,FUN,SparkFun,89.4,USD,in store,False
JL6W9lZN4dTDldjEwomXC3bGyBwmyqHN74MWa,7qmNlZw5avtvAlzbekophxKm6Nz4REFwQJQjz,,2025-04-14,,INTRST PYMNT,-4.22,USD,other,False
6l54dQVbeJHBAewn4olNceqN4AjG4zIAw9KVQ,QB6Amx8GXQSex7bZkLrwUjmvQwBrdLijomozk,,2025-04-04,United Airlines,United Airlines,500.0,USD,in store,False
EebWvmPBwRhkGbEQvD7WsqAMzVvDzgfdDRezn,jEN6PyxmJ3h97Grk641KTWRZoXnNP1CQ4W4wj,,2025-04-02,Uber,Uber 072515 SF**POOL**,6.33,USD,online,False
XP6RB7mVgpTb7j6Rwg8yTw3aoNdboAhlB6jwj,QB6Amx8GXQSex7bZkLrwUjmvQwBrdLijomozk,,2025-03-30,,Tectra Inc,500.0,USD,in store,False
wEw1JaLXbDhGypdwzaZNsnrVN6EMNyCdeNRBb,QB6Amx8GXQSex7bZkLrwUjmvQwBrdLijomozk,,2025-03-29,,AUTOMATIC PAYMENT - THANK,2078.5,USD,online,False
V46mrPnyaoTyPL47BWgEUMZrab3PaztA7my3M,QB6Amx8GXQSex7bZkLrwUjmvQwBrdLijomozk,,2025-03-29,KFC,KFC,500.0,USD,in store,False
D76GVbNz1KHEbDp31LVyhlAr7B3E71upywRKW,QB6Amx8GXQSex7bZkLrwUjmvQwBrdLijomozk,,2025-03-29,,Madison Bicycle Shop,500.0,USD,in store,False
kEPok9dQxXh6M9Dw4Ndzi4oPZb6WZLCRPQDgk,7qmNlZw5avtvAlzbekophxKm6Nz4REFwQJQjz,,2025-03-20,,CREDIT CARD 3333 PAYMENT *//,25.0,USD,other,False
WNVAzjbyLwTk6Bnq7o8js1jQqDzvqwsaL9yxk,jEN6PyxmJ3h97Grk641KTWRZoXnNP1CQ4W4wj,,2025-03-20,Uber,Uber 063015 SF**POOL**,5.4,USD,online,False
rE1o9zeWgXhGZQb45zDvsgNVvqGpvWsBKP9Km,Z76AeQ9y8wHkQzrWgdpjsgGrynVPbQsxLqLzg,,2025-03-19,,ACH Electronic CreditGUSTO PAY 123456,5850.0,USD,online,False
WNVAzjbyLwTk6Bnq7o8js1jQqDzvqwsaL9ydp,eE3D1AKxP4hGPr6QXBlwsXM79AvkDefxD9DEy,,2025-03-19,,CD DEPOSIT .INITIAL.,1000.0,USD,other,False
5pRa6eDM4zURAw65yvmxsBl8wmXvwWfLBwyqD,QB6Amx8GXQSex7bZkLrwUjmvQwBrdLijomozk,,2025-03-18,,Touchstone Climbing,78.5,USD,in store,False
AN6WpAdkx5TKAyvXbN5osyPkp4b3paTeGjJMv,jEN6PyxmJ3h97Grk641KTWRZoXnNP1CQ4W4wj,,2025-03-18,United Airlines,United Airlines,-500.0,USD,in store,False
GZA6o97xybsKMXGbwLzDsr6LpVWJpycjEBxwe,jEN6PyxmJ3h97Grk641KTWRZoXnNP1CQ4W4wj,,2025-03-17,McDonald's,McDonald's,12.0,USD,in store,False
nEe9wlNQMmhG8PjRElXnspvrnBW3n7umxeVDd,jEN6PyxmJ3h97Grk641KTWRZoXnNP1CQ4W4wj,,2025-03-17,Starbucks,Starbucks,4.33,USD,in store,False
bErogk5z6ehGQl9jzKZwsz6vwDGQw9tvDxKPl,jEN6PyxmJ3h97Grk641KTWRZoXnNP1CQ4W4wj,,2025-03-16,FUN,SparkFun,89.4,USD,in store,False
lEjodvaQ9ghGD4wQnPgos1KRorGPozsA9wgGk,7qmNlZw5avtvAlzbekophxKm6Nz4REFwQJQjz,,2025-03-15,,INTRST PYMNT,-4.22,USD,other,False
JL6W9lZN4dTDldjEwomXC3bGyBwmyqHN74MVr,QB6Amx8GXQSex7bZkLrwUjmvQwBrdLijomozk,,2025-03-05,United Airlines,United Airlines,500.0,USD,in store,False
my7wbR4XgWSE6NnA7RZPhWRQP5yXPKC3qmpko,jEN6PyxmJ3h97Grk641KTWRZoXnNP1CQ4W4wj,,2025-03-03,Uber,Uber 072515 SF**POOL**,6.33,USD,online,False
kEPok9dQxXh6M9Dw4Ndzi4oPZb6WZLCRPQDyB,QB6Amx8GXQSex7bZkLrwUjmvQwBrdLijomozk,,2025-02-28,,Tectra Inc,500.0,USD,in store,False
Kk6WZqMN4wCpqabedD6JCxwj9WdL9li3wZk4Z,QB6Amx8GXQSex7bZkLrwUjmvQwBrdLijomozk,,2025-02-27,,AUTOMATIC PAYMENT - THANK,2078.5,USD,online,False
qwMo9r71b5UWoeD8GrAkTBwrkqWDkvfXbmP4j,QB6Amx8GXQSex7bZkLrwUjmvQwBrdLijomozk,,2025-02-27,KFC,KFC,500.0,USD,in store,False
lEjodvaQ9ghGD4wQnPgos1KRorGPozsA9wgD4,QB6Amx8GXQSex7bZkLrwUjmvQwBrdLijomozk,,2025-02-27,,Madison Bicycle Shop,500.0,USD,in store,False
qwMo9r71b5UWoeD8GrAkTBwrkqWDkvfXbmPA1,7qmNlZw5avtvAlzbekophxKm6Nz4REFwQJQjz,,2025-02-18,,CREDIT CARD 3333 PAYMENT *//,25.0,USD,other,False
yqyR5NoWM9t9BGL15N7lTKa9LQXeLpsvN3nM3,jEN6PyxmJ3h97Grk641KTWRZoXnNP1CQ4W4wj,,2025-02-18,Uber,Uber 063015 SF**POOL**,5.4,USD,online,False
zKV19PgwaBiMy8jvAP73In3X1opL1ZC8P7BP6,Z76AeQ9y8wHkQzrWgdpjsgGrynVPbQsxLqLzg,,2025-02-17,,ACH Electronic CreditGUSTO PAY 123456,5850.0,USD,online,False
AN6WpAdkx5TKAyvXbN5osyPkp4b3paTeGjJbZ,eE3D1AKxP4hGPr6QXBlwsXM79AvkDefxD9DEy,,2025-02-17,,CD DEPOSIT .INITIAL.,1000.0,USD,other,False
rE1o9zeWgXhGZQb45zDvsgNVvqGpvWsBKP93w,QB6Amx8GXQSex7bZkLrwUjmvQwBrdLijomozk,,2025-02-16,,Touchstone Climbing,78.5,USD,in store,False
9rDjK1lMdWhNAk39Dredukz3KwoeKPTJPGyB8,jEN6PyxmJ3h97Grk641KTWRZoXnNP1CQ4W4wj,,2025-02-16,United Airlines,United Airlines,-500.0,USD,in store,False
vXyJAd1WMbHEKmonqdyLhW5pLDk9L4C75zeJm,jEN6PyxmJ3h97Grk641KTWRZoXnNP1CQ4W4wj,,2025-02-15,McDonald's,McDonald's,12.0,USD,in store,False
R36AodEyQJSQdBmwD1pgh7ZBrWVxrkH1dlkME,jEN6PyxmJ3h97Grk641KTWRZoXnNP1CQ4W4wj,,2025-02-15,Starbucks,Starbucks,4.33,USD,in store,False
6l54dQVbeJHBAewn4olNceqN4AjG4zIAw9Kkq,jEN6PyxmJ3h97Grk641KTWRZoXnNP1CQ4W4wj,,2025-02-14,FUN,SparkFun,89.4,USD,in store,False
Kk6WZqMN4wCpqabedD6JCxwj9WdL9li3wZkWb,7qmNlZw5avtvAlzbekophxKm6Nz4REFwQJQjz,,2025-02-13,,INTRST PYMNT,-4.22,USD,other,False
zKV19PgwaBiMy8jvAP73In3X1opL1ZC8P7B4r,QB6Amx8GXQSex7bZkLrwUjmvQwBrdLijomozk,,2025-02-03,United Airlines,United Airlines,500.0,USD,in store,False
XP6RB7mVgpTb7j6Rwg8yTw3aoNdboAhlB6jJM,jEN6PyxmJ3h97Grk641KTWRZoXnNP1CQ4W4wj,,2025-02-01,Uber,Uber 072515 SF**POOL**,6.33,USD,online,False
BPAW9GaKDNTLjWvJRPd3hMZ1pwRmpatJeW5Dl,QB6Amx8GXQSex7bZkLrwUjmvQwBrdLijomozk,,2025-01-29,,Tectra Inc,500.0,USD,in store,False
dEB98Wq3DehklGNdMzK3sPJm3aEv3giAgMzLo,QB6Amx8GXQSex7bZkLrwUjmvQwBrdLijomozk,,2025-01-28,,AUTOMATIC PAYMENT - THANK,2078.5,USD,online,False
xlym54pWgLHXzonlg4G1sDrz1QbN1XCWl7PdX,QB6Amx8GXQSex7bZkLrwUjmvQwBrdLijomozk,,2025-01-28,KFC,KFC,500.0,USD,in store,False
31oxdj6XGVUN1wzP9kDvuENb8dLq8nINorbdL,QB6Amx8GXQSex7bZkLrwUjmvQwBrdLijomozk,,2025-01-28,,Madison Bicycle Shop,500.0,USD,in store,False
rE1o9zeWgXhGZQb45zDvsgNVvqGpvWsBKP9q6,7qmNlZw5avtvAlzbekophxKm6Nz4REFwQJQjz,,2025-01-19,,CREDIT CARD 3333 PAYMENT *//,25.0,USD,other,False
D76GVbNz1KHEbDp31LVyhlAr7B3E71upywRdm,jEN6PyxmJ3h97Grk641KTWRZoXnNP1CQ4W4wj,,2025-01-19,Uber,Uber 063015 SF**POOL**,5.4,USD,online,False
BPAW9GaKDNTLjWvJRPd3hMZ1pwRmpatJeW5eJ,Z76AeQ9y8wHkQzrWgdpjsgGrynVPbQsxLqLzg,,2025-01-18,,ACH Electronic CreditGUSTO PAY 123456,5850.0,USD,online,False
GZA6o97xybsKMXGbwLzDsr6LpVWJpycjEBxVk,eE3D1AKxP4hGPr6QXBlwsXM79AvkDefxD9DEy,,2025-01-18,,CD DEPOSIT .INITIAL.,1000.0,USD,other,False
apKG9gwrBJUKdQPZkqp9sWwr9bZp9NCGdaJAR,QB6Amx8GXQSex7bZkLrwUjmvQwBrdLijomozk,,2025-01-17,,Touchstone Climbing,78.5,USD,in store,False
V46mrPnyaoTyPL47BWgEUMZrab3PaztA7myl6,jEN6PyxmJ3h97Grk641KTWRZoXnNP1CQ4W4wj,,2025-01-17,United Airlines,United Airlines,-500.0,USD,in store,False
wEw1JaLXbDhGypdwzaZNsnrVN6EMNyCdeNRMr,jEN6PyxmJ3h97Grk641KTWRZoXnNP1CQ4W4wj,,2025-01-16,McDonald's,McDonald's,12.0,USD,in store,False
5pRa6eDM4zURAw65yvmxsBl8wmXvwWfLBwyJ5,jEN6PyxmJ3h97Grk641KTWRZoXnNP1CQ4W4wj,,2025-01-16,Starbucks,Starbucks,4.33,USD,in store,False
JL6W9lZN4dTDldjEwomXC3bGyBwmyqHN74MxQ,jEN6PyxmJ3h97Grk641KTWRZoXnNP1CQ4W4wj,,2025-01-15,FUN,SparkFun,89.4,USD,in store,False
zKV19PgwaBiMy8jvAP73In3X1opL1ZC8P7BJm,7qmNlZw5avtvAlzbekophxKm6Nz4REFwQJQjz,,2025-01-14,,INTRST PYMNT,-4.22,USD,other,False
4LDdG7XkawT5orekgRdwszLxPnDAPMtEDrVjd,QB6Amx8GXQSex7bZkLrwUjmvQwBrdLijomozk,,2025-01-04,United Airlines,United Airlines,500.0,USD,in store,False
kEPok9dQxXh6M9Dw4Ndzi4oPZb6WZLCRPQDaz,jEN6PyxmJ3h97Grk641KTWRZoXnNP1CQ4W4wj,,2025-01-02,Uber,Uber 072515 SF**POOL**,6.33,USD,online,False
wEw1JaLXbDhGypdwzaZNsnrVN6EMNyCdeNRBP,QB6Amx8GXQSex7bZkLrwUjmvQwBrdLijomozk,,2024-12-30,,Tectra Inc,500.0,USD,in store,False
kEPok9dQxXh6M9Dw4Ndzi4oPZb6WZLCRPQDy8,QB6Amx8GXQSex7bZkLrwUjmvQwBrdLijomozk,,2024-12-29,,AUTOMATIC PAYMENT - THANK,2078.5,USD,online,False
JL6W9lZN4dTDldjEwomXC3bGyBwmyqHN74MVo,QB6Amx8GXQSex7bZkLrwUjmvQwBrdLijomozk,,2024-12-29,KFC,KFC,500.0,USD,in store,False
5pRa6eDM4zURAw65yvmxsBl8wmXvwWfLBwyqG,QB6Amx8GXQSex7bZkLrwUjmvQwBrdLijomozk,,2024-12-29,,Madison Bicycle Shop,500.0,USD,in store,False
BPAW9GaKDNTLjWvJRPd3hMZ1pwRmpatJeW56g,7qmNlZw5avtvAlzbekophxKm6Nz4REFwQJQjz,,2024-12-20,,CREDIT CARD 3333 PAYMENT *//,25.0,USD,other,False
lEjodvaQ9ghGD4wQnPgos1KRorGPozsA9wgNr,jEN6PyxmJ3h97Grk641KTWRZoXnNP1CQ4W4wj,,2024-12-20,Uber,Uber 063015 SF**POOL**,5.4,USD,online,False
31oxdj6XGVUN1wzP9kDvuENb8dLq8nINorboK,Z76AeQ9y8wHkQzrWgdpjsgGrynVPbQsxLqLzg,,2024-12-19,,ACH Electronic CreditGUSTO PAY 123456,5850.0,USD,online,False
nEe9wlNQMmhG8PjRElXnspvrnBW3n7umxeVan,eE3D1AKxP4hGPr6QXBlwsXM79AvkDefxD9DEy,,2024-12-19,,CD DEPOSIT .INITIAL.,1000.0,USD,other,False
lEjodvaQ9ghGD4wQnPgos1KRorGPozsA9wgDJ,QB6Amx8GXQSex7bZkLrwUjmvQwBrdLijomozk,,2024-12-18,,Touchstone Climbing,78.5,USD,in store,False
qwMo9r71b5UWoeD8GrAkTBwrkqWDkvfXbmPxo,jEN6PyxmJ3h97Grk641KTWRZoXnNP1CQ4W4wj,,2024-12-18,United Airlines,United Airlines,-500.0,USD,in store,False
Kk6WZqMN4wCpqabedD6JCxwj9WdL9li3wZkJK,jEN6PyxmJ3h97Grk641KTWRZoXnNP1CQ4W4wj,,2024-12-17,McDonald's,McDonald's,12.0,USD,in store,False
rE1o9zeWgXhGZQb45zDvsgNVvqGpvWsBKP9mG,jEN6PyxmJ3h97Grk641KTWRZoXnNP1CQ4W4wj,,2024-12-17,Starbucks,Starbucks,4.33,USD,in store,False
zKV19PgwaBiMy8jvAP73In3X1opL1ZC8P7Bjj,jEN6PyxmJ3h97Grk641KTWRZoXnNP1CQ4W4wj,,2024-12-16,FUN,SparkFun,89.4,USD,in store,False
31oxdj6XGVUN1wzP9kDvuENb8dLq8nINorbKV,7qmNlZw5avtvAlzbekophxKm6Nz4REFwQJQjz,,2024-12-15,,INTRST PYMNT,-4.22,USD,other,False
qwMo9r71b5UWoeD8GrAkTBwrkqWDkvfXbmP4L,QB6Amx8GXQSex7bZkLrwUjmvQwBrdLijomozk,,2024-12-05,United Airlines,United Airlines,500.0,USD,in store,False
BPAW9GaKDNTLjWvJRPd3hMZ1pwRmpatJeW5aV,jEN6PyxmJ3h97Grk641KTWRZoXnNP1CQ4W4wj,,2024-12-03,Uber,Uber 072515 SF**POOL**,6.33,USD,online,False
Kk6WZqMN4wCpqabedD6JCxwj9WdL9li3wZk45,QB6Amx8GXQSex7bZkLrwUjmvQwBrdLijomozk,,2024-11-30,,Tectra Inc,500.0,USD,in store,False
BPAW9GaKDNTLjWvJRPd3hMZ1pwRmpatJeW5DJ,QB6Amx8GXQSex7bZkLrwUjmvQwBrdLijomozk,,2024-11-29,,AUTOMATIC PAYMENT - THANK,2078.5,USD,online,False
zKV19PgwaBiMy8jvAP73In3X1opL1ZC8P7B46,QB6Amx8GXQSex7bZkLrwUjmvQwBrdLijomozk,,2024-11-29,KFC,KFC,500.0,USD,in store,False
rE1o9zeWgXhGZQb45zDvsgNVvqGpvWsBKP93m,QB6Amx8GXQSex7bZkLrwUjmvQwBrdLijomozk,,2024-11-29,,Madison Bicycle Shop,500.0,USD,in store,False
xlym54pWgLHXzonlg4G1sDrz1QbN1XCWl7PpM,7qmNlZw5avtvAlzbekophxKm6Nz4REFwQJQjz,,2024-11-20,,CREDIT CARD 3333 PAYMENT *//,25.0,USD,other,False
31oxdj6XGVUN1wzP9kDvuENb8dLq8nINorbXN,jEN6PyxmJ3h97Grk641KTWRZoXnNP1CQ4W4wj,,2024-11-20,Uber,Uber 063015 SF**POOL**,5.4,USD,online,False
xlym54pWgLHXzonlg4G1sDrz1QbN1XCWl7Pl5,Z76AeQ9y8wHkQzrWgdpjsgGrynVPbQsxLqLzg,,2024-11-19,,ACH Electronic CreditGUSTO PAY 123456,5850.0,USD,online,False
bErogk5z6ehGQl9jzKZwsz6vwDGQw9tvDxKR1,eE3D1AKxP4hGPr6QXBlwsXM79AvkDefxD9DEy,,2024-11-19,,CD DEPOSIT .INITIAL.,1000.0,USD,other,False
31oxdj6XGVUN1wzP9kDvuENb8dLq8nINorbdK,QB6Amx8GXQSex7bZkLrwUjmvQwBrdLijomozk,,2024-11-18,,Touchstone Climbing,78.5,USD,in store,False
xlym54pWgLHXzonlg4G1sDrz1QbN1XCWl7Pgp,jEN6PyxmJ3h97Grk641KTWRZoXnNP1CQ4W4wj,,2024-11-18,United Airlines,United Airlines,-500.0,USD,in store,False
dEB98Wq3DehklGNdMzK3sPJm3aEv3giAgMz98,jEN6PyxmJ3h97Grk641KTWRZoXnNP1CQ4W4wj,,2024-11-17,McDonald's,McDonald's,12.0,USD,in store,False
apKG9gwrBJUKdQPZkqp9sWwr9bZp9NCGdaJnA,jEN6PyxmJ3h97Grk641KTWRZoXnNP1CQ4W4wj,,2024-11-17,Starbucks,Starbucks,4.33,USD,in store,False
4LDdG7XkawT5orekgRdwszLxPnDAPMtEDrVWG,jEN6PyxmJ3h97Grk641KTWRZoXnNP1CQ4W4wj,,2024-11-16,FUN,SparkFun,89.4,USD,in store,False
dEB98Wq3DehklGNdMzK3sPJm3aEv3giAgMz5z,7qmNlZw5avtvAlzbekophxKm6Nz4REFwQJQjz,,2024-11-15,,INTRST PYMNT,-4.22,USD,other,False
xlym54pWgLHXzonlg4G1sDrz1QbN1XCWl7Pd5,QB6Amx8GXQSex7bZkLrwUjmvQwBrdLijomozk,,2024-11-05,United Airlines,United Airlines,500.0,USD,in store,False
wEw1JaLXbDhGypdwzaZNsnrVN6EMNyCdeNRMe,jEN6PyxmJ3h97Grk641KTWRZoXnNP1CQ4W4wj,,2024-11-03,Uber,Uber 072515 SF**POOL**,6.33,USD,online,False
dEB98Wq3DehklGNdMzK3sPJm3aEv3giAgMzLL,QB6Amx8GXQSex7bZkLrwUjmvQwBrdLijomozk,,2024-10-31,,Tectra Inc,500.0,USD,in store,False
NK6ygzpj7ViwzeGM3DEAT4Rzl6QvlyCNejpRM,QB6Amx8GXQSex7bZkLrwUjmvQwBrdLijomozk,,2024-10-30,,AUTOMATIC PAYMENT - THANK,2078.5,USD,online,False
4LDdG7XkawT5orekgRdwszLxPnDAPMtEDrVjD,QB6Amx8GXQSex7bZkLrwUjmvQwBrdLijomozk,,2024-10-30,KFC,KFC,500.0,USD,in store,False
apKG9gwrBJUKdQPZkqp9sWwr9bZp9NCGdaJAy,QB6Amx8GXQSex7bZkLrwUjmvQwBrdLijomozk,,2024-10-30,,Madison Bicycle Shop,500.0,USD,in store,False
apKG9gwrBJUKdQPZkqp9sWwr9bZp9NCGdaJl5,7qmNlZw5avtvAlzbekophxKm6Nz4REFwQJQjz,,2024-10-21,,CREDIT CARD 3333 PAYMENT *//,25.0,USD,other,False
5pRa6eDM4zURAw65yvmxsBl8wmXvwWfLBwyjN,jEN6PyxmJ3h97Grk641KTWRZoXnNP1CQ4W4wj,,2024-10-21,Uber,Uber 063015 SF**POOL**,5.4,USD,online,False
dEB98Wq3DehklGNdMzK3sPJm3aEv3giAgMzgL,Z76AeQ9y8wHkQzrWgdpjsgGrynVPbQsxLqLzg,,2024-10-20,,ACH Electronic CreditGUSTO PAY 123456,5850.0,USD,online,False
my7wbR4XgWSE6NnA7RZPhWRQP5yXPKC3qmpGz,eE3D1AKxP4hGPr6QXBlwsXM79AvkDefxD9DEy,,2024-10-20,,CD DEPOSIT .INITIAL.,1000.0,USD,other,False
Pz6Ao3gZQRHb3o1ZADpqTPQn3VE83Nim3k5qG,QB6Amx8GXQSex7bZkLrwUjmvQwBrdLijomozk,,2024-10-19,,Touchstone Climbing,78.5,USD,in store,False
JL6W9lZN4dTDldjEwomXC3bGyBwmyqHN74Mwa,jEN6PyxmJ3h97Grk641KTWRZoXnNP1CQ4W4wj,,2024-10-19,United Airlines,United Airlines,-500.0,USD,in store,False
kEPok9dQxXh6M9Dw4Ndzi4oPZb6WZLCRPQDAk,jEN6PyxmJ3h97Grk641KTWRZoXnNP1CQ4W4wj,,2024-10-18,McDonald's,McDonald's,12.0,USD,in store,False
lEjodvaQ9ghGD4wQnPgos1KRorGPozsA9wg6k,jEN6PyxmJ3h97Grk641KTWRZoXnNP1CQ4W4wj,,2024-10-18,Starbucks,Starbucks,4.33,USD,in store,False
qwMo9r71b5UWoeD8GrAkTBwrkqWDkvfXbmPB1,jEN6PyxmJ3h97Grk641KTWRZoXnNP1CQ4W4wj,,2024-10-17,FUN,SparkFun,89.4,USD,in store,False
4LDdG7XkawT5orekgRdwszLxPnDAPMtEDrVNy,7qmNlZw5avtvAlzbekophxKm6Nz4REFwQJQjz,,2024-10-16,,INTRST PYMNT,-4.22,USD,other,False
jEN6PyxmJ3h97Grk641KTWRLK3o7KwCbpMmnD,QB6Amx8GXQSex7bZkLrwUjmvQwBrdLijomozk,,2024-10-06,United Airlines,United Airlines,500.0,USD,in store,False
Kk6WZqMN4wCpqabedD6JCxwj9WdL9li3wZkrb,jEN6PyxmJ3h97Grk641KTWRZoXnNP1CQ4W4wj,,2024-10-04,Uber,Uber 072515 SF**POOL**,6.33,USD,online,False
7qmNlZw5avtvAlzbekophxKLQv6nQ7iVvlyDm,QB6Amx8GXQSex7bZkLrwUjmvQwBrdLijomozk,,2024-10-01,,Tectra Inc,500.0,USD,in store,False
Z76AeQ9y8wHkQzrWgdpjsgGEjXyvjKskQRmZX,QB6Amx8GXQSex7bZkLrwUjmvQwBrdLijomozk,,2024-09-30,,AUTOMATIC PAYMENT - THANK,2078.5,USD,online,False
QB6Amx8GXQSex7bZkLrwUjmWebQ8ePCAyM6bE,QB6Amx8GXQSex7bZkLrwUjmvQwBrdLijomozk,,2024-09-30,KFC,KFC,500.0,USD,in store,False
eE3D1AKxP4hGPr6QXBlwsXM8wj9pwKfn6dBAl,QB6Amx8GXQSex7bZkLrwUjmvQwBrdLijomozk,,2024-09-30,,Madison Bicycle Shop,500.0,USD,in store,False
wEw1JaLXbDhGypdwzaZNsnrVN6EMNyCdeNRDb,7qmNlZw5avtvAlzbekophxKm6Nz4REFwQJQjz,,2024-09-21,,CREDIT CARD 3333 PAYMENT *//,25.0,USD,other,False
rE1o9zeWgXhGZQb45zDvsgNVvqGpvWsBKP9N6,jEN6PyxmJ3h97Grk641KTWRZoXnNP1CQ4W4wj,,2024-09-21,Uber,Uber 063015 SF**POOL**,5.4,USD,online,False
apKG9gwrBJUKdQPZkqp9sWwr9bZp9NCGdaJdy,Z76AeQ9y8wHkQzrWgdpjsgGrynVPbQsxLqLzg,,2024-09-20,,ACH Electronic CreditGUSTO PAY 123456,5850.0,USD,online,False
yqyR5NoWM9t9BGL15N7lTKa9LQXeLpsvN3nJX,eE3D1AKxP4hGPr6QXBlwsXM79AvkDefxD9DEy,,2024-09-20,,CD DEPOSIT .INITIAL.,1000.0,USD,other,False
Mq6VorLNj9t9r7doKAzeTaG5WDedWqtZnlpay,QB6Amx8GXQSex7bZkLrwUjmvQwBrdLijomozk,,2024-09-19,,Touchstone Climbing,78.5,USD,in store,False
zKV19PgwaBiMy8jvAP73In3X1opL1ZC8P7B6m,jEN6PyxmJ3h97Grk641KTWRZoXnNP1CQ4W4wj,,2024-09-19,United Airlines,United Airlines,-500.0,USD,in store,False
BPAW9GaKDNTLjWvJRPd3hMZ1pwRmpatJeW5Vg,jEN6PyxmJ3h97Grk641KTWRZoXnNP1CQ4W4wj,,2024-09-18,McDonald's,McDonald's,12.0,USD,in store,False
31oxdj6XGVUN1wzP9kDvuENb8dLq8nINorb5V,jEN6PyxmJ3h97Grk641KTWRZoXnNP1CQ4W4wj,,2024-09-18,Starbucks,Starbucks,4.33,USD,in store,False
xlym54pWgLHXzonlg4G1sDrz1QbN1XCWl7PLM,jEN6PyxmJ3h97Grk641KTWRZoXnNP1CQ4W4wj,,2024-09-17,FUN,SparkFun,89.4,USD,in store,False
5pRa6eDM4zURAw65yvmxsBl8wmXvwWfLBwyeD,7qmNlZw5avtvAlzbekophxKm6Nz4REFwQJQjz,,2024-09-16,,INTRST PYMNT,-4.22,USD,other,False
1Z5BmNvM4rs7or3mVR6bhrZPo19kopcvWKX6r,QB6Amx8GXQSex7bZkLrwUjmvQwBrdLijomozk,,2024-09-06,United Airlines,United Airlines,500.0,USD,in store,False
dEB98Wq3DehklGNdMzK3sPJm3aEv3giAgMzrz,jEN6PyxmJ3h97Grk641KTWRZoXnNP1CQ4W4wj,,2024-09-04,Uber,Uber 072515 SF**POOL**,6.33,USD,online,False
Ll6woK1N4GHbKya4AkXrTdjmo9WnoNFzDQKZW,QB6Amx8GXQSex7bZkLrwUjmvQwBrdLijomozk,,2024-09-01,,Tectra Inc,500.0,USD,in store,False
g9d6knzaPwCENBzrm5yXhm7KXE8NXZsk3VRA8,QB6Amx8GXQSex7bZkLrwUjmvQwBrdLijomozk,,2024-08-31,,AUTOMATIC PAYMENT - THANK,2078.5,USD,online,False
oEQo9qPmJZhGkjyDaq9QsNx7QJGmQBCwLM565,QB6Amx8GXQSex7bZkLrwUjmvQwBrdLijomozk,,2024-08-31,KFC,KFC,500.0,USD,in store,False
pwZm9KjRPbUEkG16vKgwh5a3w9oRwKImRrjPl,QB6Amx8GXQSex7bZkLrwUjmvQwBrdLijomozk,,2024-08-31,,Madison Bicycle Shop,500.0,USD,in store,False
JL6W9lZN4dTDldjEwomXC3bGyBwmyqHN74MWr,7qmNlZw5avtvAlzbekophxKm6Nz4REFwQJQjz,,2024-08-22,,CREDIT CARD 3333 PAYMENT *//,25.0,USD,other,False
apKG9gwrBJUKdQPZkqp9sWwr9bZp9NCGdaJV5,jEN6PyxmJ3h97Grk641KTWRZoXnNP1CQ4W4wj,,2024-08-22,Uber,Uber 063015 SF**POOL**,5.4,USD,online,False
4LDdG7XkawT5orekgRdwszLxPnDAPMtEDrVDD,Z76AeQ9y8wHkQzrWgdpjsgGrynVPbQsxLqLzg,,2024-08-21,,ACH Electronic CreditGUSTO PAY 123456,5850.0,USD,online,False
9rDjK1lMdWhNAk39Dredukz3KwoeKPTJPGy7D,eE3D1AKxP4hGPr6QXBlwsXM79AvkDefxD9DEy,,2024-08-21,,CD DEPOSIT .INITIAL.,1000.0,USD,other,False
8KAPqM5jD4iwrvBoEKLxTvV3ol5PoKiEd1pDo,QB6Amx8GXQSex7bZkLrwUjmvQwBrdLijomozk,,2024-08-20,,Touchstone Climbing,78.5,USD,in store,False
4LDdG7XkawT5orekgRdwszLxPnDAPMtEDrV4y,jEN6PyxmJ3h97Grk641KTWRZoXnNP1CQ4W4wj,,2024-08-20,United Airlines,United Airlines,-500.0,USD,in store,False
NK6ygzpj7ViwzeGM3DEAT4Rzl6QvlyCNejpk4,jEN6PyxmJ3h97Grk641KTWRZoXnNP1CQ4W4wj,,2024-08-19,McDonald's,McDonald's,12.0,USD,in store,False
Pz6Ao3gZQRHb3o1ZADpqTPQn3VE83Nim3k5V4,jEN6PyxmJ3h97Grk641KTWRZoXnNP1CQ4W4wj,,2024-08-19,Starbucks,Starbucks,4.33,USD,in store,False
jEN6PyxmJ3h97Grk641KTWRLK3o7KwCbpMmlX,jEN6PyxmJ3h97Grk641KTWRZoXnNP1CQ4W4wj,,2024-08-18,FUN,SparkFun,89.4,USD,in store,False
kEPok9dQxXh6M9Dw4Ndzi4oPZb6WZLCRPQDgB,7qmNlZw5avtvAlzbekophxKm6Nz4REFwQJQjz,,2024-08-17,,INTRST PYMNT,-4.22,USD,other,False
EebWvmPBwRhkGbEQvD7WsqAMzVvDzgfdDReWq,QB6Amx8GXQSex7bZkLrwUjmvQwBrdLijomozk,,2024-08-07,United Airlines,United Airlines,500.0,USD,in store,False
7qmNlZw5avtvAlzbekophxKLQv6nQ7iVvlyrW,jEN6PyxmJ3h97Grk641KTWRZoXnNP1CQ4W4wj,,2024-08-05,Uber,Uber 072515 SF**POOL**,6.33,USD,online,False
WNVAzjbyLwTk6Bnq7o8js1jQqDzvqwsaL9yeG,QB6Amx8GXQSex7bZkLrwUjmvQwBrdLijomozk,,2024-08-02,,Tectra Inc,500.0,USD,in store,False
nEe9wlNQMmhG8PjRElXnspvrnBW3n7umxeV1o,QB6Amx8GXQSex7bZkLrwUjmvQwBrdLijomozk,,2024-08-01,,AUTOMATIC PAYMENT - THANK,2078.5,USD,online,False
GZA6o97xybsKMXGbwLzDsr6LpVWJpycjEBxDl,QB6Amx8GXQSex7bZkLrwUjmvQwBrdLijomozk,,2024-08-01,KFC,KFC,500.0,USD,in store,False
AN6WpAdkx5TKAyvXbN5osyPkp4b3paTeGjJqX,QB6Amx8GXQSex7bZkLrwUjmvQwBrdLijomozk,,2024-08-01,,Madison Bicycle Shop,500.0,USD,in store,False
lEjodvaQ9ghGD4wQnPgos1KRorGPozsA9wgG4,7qmNlZw5avtvAlzbekophxKm6Nz4REFwQJQjz,,2024-07-23,,CREDIT CARD 3333 PAYMENT *//,25.0,USD,other,False
eE3D1AKxP4hGPr6QXBlwsXM8wj9pwKfn6dBeg,jEN6PyxmJ3h97Grk641KTWRZoXnNP1CQ4W4wj,,2024-07-23,Uber,Uber 063015 SF**POOL**,5.4,USD,online,False
wEw1JaLXbDhGypdwzaZNsnrVN6EMNyCdeNZWW,Z76AeQ9y8wHkQzrWgdpjsgGrynVPbQsxLqLzg,,2024-07-22,,ACH Electronic CreditGUSTO PAY 123456,5850.0,USD,online,False
vXyJAd1WMbHEKmonqdyLhW5pLDk9L4C75zeL1,eE3D1AKxP4hGPr6QXBlwsXM79AvkDefxD9DEy,,2024-07-22,,CD DEPOSIT .INITIAL.,1000.0,USD,other,False
bErogk5z6ehGQl9jzKZwsz6vwDGQw9tvDxKAk,QB6Amx8GXQSex7bZkLrwUjmvQwBrdLijomozk,,2024-07-21,,Touchstone Climbing,78.5,USD,in store,False
QB6Amx8GXQSex7bZkLrwUjmWebQ8ePCAyM6Rg,jEN6PyxmJ3h97Grk641KTWRZoXnNP1CQ4W4wj,,2024-07-21,United Airlines,United Airlines,-500.0,USD,in store,False
Z76AeQ9y8wHkQzrWgdpjsgGEjXyvjKskQRm9R,jEN6PyxmJ3h97Grk641KTWRZoXnNP1CQ4W4wj,,2024-07-20,McDonald's,McDonald's,12.0,USD,in store,False
Mq6VorLNj9t9r7doKAzeTaG5WDedWqtZnlpGx,jEN6PyxmJ3h97Grk641KTWRZoXnNP1CQ4W4wj,,2024-07-20,Starbucks,Starbucks,4.33,USD,in store,False
1Z5BmNvM4rs7or3mVR6bhrZPo19kopcvWKXER,jEN6PyxmJ3h97Grk641KTWRZoXnNP1CQ4W4wj,,2024-07-19,FUN,SparkFun,89.4,USD,in store,False
qwMo9r71b5UWoeD8GrAkTBwrkqWDkvfXbmPAj,7qmNlZw5avtvAlzbekophxKm6Nz4REFwQJQjz,,2024-07-18,,INTRST PYMNT,-4.22,USD,other,False
my7wbR4XgWSE6NnA7RZPhWRQP5yXPKC3qmpBm,QB6Amx8GXQSex7bZkLrwUjmvQwBrdLijomozk,,2024-07-08,United Airlines,United Airlines,500.0,USD,in store,False
Ll6woK1N4GHbKya4AkXrTdjmo9WnoNFzDQKd5,jEN6PyxmJ3h97Grk641KTWRZoXnNP1CQ4W4wj,,2024-07-06,Uber,Uber 072515 SF**POOL**,6.33,USD,online,False
yqyR5NoWM9t9BGL15N7lTKa9LQXeLpsvN3nVd,QB6Amx8GXQSex7bZkLrwUjmvQwBrdLijomozk,,2024-07-03,,Tectra Inc,500.0,USD,in store,False
R36AodEyQJSQdBmwD1pgh7ZBrWVxrkH1dlkeL,QB6Amx8GXQSex7bZkLrwUjmvQwBrdLijomozk,,2024-07-02,,AUTOMATIC PAYMENT - THANK,2078.5,USD,online,False
vXyJAd1WMbHEKmonqdyLhW5pLDk9L4C75zeyd,QB6Amx8GXQSex7bZkLrwUjmvQwBrdLijomozk,,2024-07-02,KFC,KFC,500.0,USD,in store,False
9rDjK1lMdWhNAk39Dredukz3KwoeKPTJPGyd1,QB6Amx8GXQSex7bZkLrwUjmvQwBrdLijomozk,,2024-07-02,,Madison Bicycle Shop,500.0,USD,in store,False
Kk6WZqMN4wCpqabedD6JCxwj9WdL9li3wZkWZ,7qmNlZw5avtvAlzbekophxKm6Nz4REFwQJQjz,,2024-06-23,,CREDIT CARD 3333 PAYMENT *//,25.0,USD,other,False
pwZm9KjRPbUEkG16vKgwh5a3w9oRwKImRrj8q,jEN6PyxmJ3h97Grk641KTWRZoXnNP1CQ4W4wj,,2024-06-23,Uber,Uber 063015 SF**POOL**,5.4,USD,online,False
5pRa6eDM4zURAw65yvmxsBl8wmXvwWfLBwKNR,Z76AeQ9y8wHkQzrWgdpjsgGrynVPbQsxLqLzg,,2024-06-22,,ACH Electronic CreditGUSTO PAY 123456,5850.0,USD,online,False
R36AodEyQJSQdBmwD1pgh7ZBrWVxrkH1dlk6o,eE3D1AKxP4hGPr6QXBlwsXM79AvkDefxD9DEy,,2024-06-22,,CD DEPOSIT .INITIAL.,1000.0,USD,other,False
6l54dQVbeJHBAewn4olNceqN4AjG4zIAw9Kva,QB6Amx8GXQSex7bZkLrwUjmvQwBrdLijomozk,,2024-06-21,,Touchstone Climbing,78.5,USD,in store,False
oEQo9qPmJZhGkjyDaq9QsNx7QJGmQBCwLM5GB,jEN6PyxmJ3h97Grk641KTWRZoXnNP1CQ4W4wj,,2024-06-21,United Airlines,United Airlines,-500.0,USD,in store,False
g9d6knzaPwCENBzrm5yXhm7KXE8NXZsk3VRdj,jEN6PyxmJ3h97Grk641KTWRZoXnNP1CQ4W4wj,,2024-06-20,McDonald's,McDonald's,12.0,USD,in store,False
8KAPqM5jD4iwrvBoEKLxTvV3ol5PoKiEd1pex,jEN6PyxmJ3h97Grk641KTWRZoXnNP1CQ4W4wj,,2024-06-20,Starbucks,Starbucks,4.33,USD,in store,False
EebWvmPBwRhkGbEQvD7WsqAMzVvDzgfdDRe3X,jEN6PyxmJ3h97Grk641KTWRZoXnNP1CQ4W4wj,,2024-06-19,FUN,SparkFun,89.4,USD,in store,False
rE1o9zeWgXhGZQb45zDvsgNVvqGpvWsBKP9qw,7qmNlZw5avtvAlzbekophxKm6Nz4REFwQJQjz,,2024-06-18,,INTRST PYMNT,-4.22,USD,other,False
XP6RB7mVgpTb7j6Rwg8yTw3aoNdboAhlB6jop,QB6Amx8GXQSex7bZkLrwUjmvQwBrdLijomozk,,2024-06-08,United Airlines,United Airlines,500.0,USD,in store,False
WNVAzjbyLwTk6Bnq7o8js1jQqDzvqwsaL9yq6,jEN6PyxmJ3h97Grk641KTWRZoXnNP1CQ4W4wj,,2024-06-06,Uber,Uber 072515 SF**POOL**,6.33,USD,online,False
D76GVbNz1KHEbDp31LVyhlAr7B3E71upywRjz,QB6Amx8GXQSex7bZkLrwUjmvQwBrdLijomozk,,2024-06-03,,Tectra Inc,500.0,USD,in store,False
5pRa6eDM4zURAw65yvmxsBl8wmXvwWfLBwykG,QB6Amx8GXQSex7bZkLrwUjmvQwBrdLijomozk,,2024-06-02,,AUTOMATIC PAYMENT - THANK,2078.5,USD,online,False
wEw1JaLXbDhGypdwzaZNsnrVN6EMNyCdeNRnP,QB6Amx8GXQSex7bZkLrwUjmvQwBrdLijomozk,,2024-06-02,KFC,KFC,500.0,USD,in store,False
V46mrPnyaoTyPL47BWgEUMZrab3PaztA7myGW,QB6Amx8GXQSex7bZkLrwUjmvQwBrdLijomozk,,2024-06-02,,Madison Bicycle Shop,500.0,USD,in store,False
zKV19PgwaBiMy8jvAP73In3X1opL1ZC8P7BJr,7qmNlZw5avtvAlzbekophxKm6Nz4REFwQJQjz,,2024-05-24,,CREDIT CARD 3333 PAYMENT *//,25.0,USD,other,False
AN6WpAdkx5TKAyvXbN5osyPkp4b3paTeGjJ34,jEN6PyxmJ3h97Grk641KTWRZoXnNP1CQ4W4wj,,2024-05-24,Uber,Uber 063015 SF**POOL**,5.4,USD,online,False
JL6W9lZN4dTDldjEwomXC3bGyBwmyqHN746Rm,Z76AeQ9y8wHkQzrWgdpjsgGrynVPbQsxLqLzg,,2024-05-23,,ACH Electronic CreditGUSTO PAY 123456,5850.0,USD,online,False
6l54dQVbeJHBAewn4olNceqN4AjG4zIAw9KEQ,eE3D1AKxP4hGPr6QXBlwsXM79AvkDefxD9DEy,,2024-05-23,,CD DEPOSIT .INITIAL.,1000.0,USD,other,False
JL6W9lZN4dTDldjEwomXC3bGyBwmyqHN74Mzo,QB6Amx8GXQSex7bZkLrwUjmvQwBrdLijomozk,,2024-05-22,,Touchstone Climbing,78.5,USD,in store,False
GZA6o97xybsKMXGbwLzDsr6LpVWJpycjEBxRA,jEN6PyxmJ3h97Grk641KTWRZoXnNP1CQ4W4wj,,2024-05-22,United Airlines,United Airlines,-500.0,USD,in store,False
nEe9wlNQMmhG8PjRElXnspvrnBW3n7umxeVgG,jEN6PyxmJ3h97Grk641KTWRZoXnNP1CQ4W4wj,,2024-05-21,McDonald's,McDonald's,12.0,USD,in store,False
bErogk5z6ehGQl9jzKZwsz6vwDGQw9tvDxKrz,jEN6PyxmJ3h97Grk641KTWRZoXnNP1CQ4W4wj,,2024-05-21,Starbucks,Starbucks,4.33,USD,in store,False
my7wbR4XgWSE6NnA7RZPhWRQP5yXPKC3qmp89,jEN6PyxmJ3h97Grk641KTWRZoXnNP1CQ4W4wj,,2024-05-20,FUN,SparkFun,89.4,USD,in store,False
BPAW9GaKDNTLjWvJRPd3hMZ1pwRmpatJeW56l,7qmNlZw5avtvAlzbekophxKm6Nz4REFwQJQjz,,2024-05-19,,INTRST PYMNT,-4.22,USD,other,False
kEPok9dQxXh6M9Dw4Ndzi4oPZb6WZLCRPQDM8,QB6Amx8GXQSex7bZkLrwUjmvQwBrdLijomozk,,2024-05-09,United Airlines,United Airlines,500.0,USD,in store,False
yqyR5NoWM9t9BGL15N7lTKa9LQXeLpsvN3npg,jEN6PyxmJ3h97Grk641KTWRZoXnNP1CQ4W4wj,,2024-05-07,Uber,Uber 072515 SF**POOL**,6.33,USD,online,False
lEjodvaQ9ghGD4wQnPgos1KRorGPozsA9wgPJ,QB6Amx8GXQSex7bZkLrwUjmvQwBrdLijomozk,,2024-05-04,,Tectra Inc,500.0,USD,in store,False
rE1o9zeWgXhGZQb45zDvsgNVvqGpvWsBKP98m,QB6Amx8GXQSex7bZkLrwUjmvQwBrdLijomozk,,2024-05-03,,AUTOMATIC PAYMENT - THANK,2078.5,USD,online,False
Kk6WZqMN4wCpqabedD6JCxwj9WdL9li3wZkd5,QB6Amx8GXQSex7bZkLrwUjmvQwBrdLijomozk,,2024-05-03,KFC,KFC,500.0,USD,in store,False
qwMo9r71b5UWoeD8GrAkTBwrkqWDkvfXbmPpL,QB6Amx8GXQSex7bZkLrwUjmvQwBrdLijomozk,,2024-05-03,,Madison Bicycle Shop,500.0,USD,in store,False
31oxdj6XGVUN1wzP9kDvuENb8dLq8nINorbKL,7qmNlZw5avtvAlzbekophxKm6Nz4REFwQJQjz,,2024-04-24,,CREDIT CARD 3333 PAYMENT *//,25.0,USD,other,False
9rDjK1lMdWhNAk39Dredukz3KwoeKPTJPGyMB,jEN6PyxmJ3h97Grk641KTWRZoXnNP1CQ4W4wj,,2024-04-24,Uber,Uber 063015 SF**POOL**,5.4,USD,online,False
kEPok9dQxXh6M9Dw4Ndzi4oPZb6WZLCRPQ6ZX,Z76AeQ9y8wHkQzrWgdpjsgGrynVPbQsxLqLzg,,2024-04-23,,ACH Electronic CreditGUSTO PAY 123456,5850.0,USD,online,False
XP6RB7mVgpTb7j6Rwg8yTw3aoNdboAhlB6j7j,eE3D1AKxP4hGPr6QXBlwsXM79AvkDefxD9DEy,,2024-04-23,,CD DEPOSIT .INITIAL.,1000.0,USD,other,False
zKV19PgwaBiMy8jvAP73In3X1opL1ZC8P7Bk6,QB6Amx8GXQSex7bZkLrwUjmvQwBrdLijomozk,,2024-04-22,,Touchstone Climbing,78.5,USD,in store,False
vXyJAd1WMbHEKmonqdyLhW5pLDk9L4C75zeVV,jEN6PyxmJ3h97Grk641KTWRZoXnNP1CQ4W4wj,,2024-04-22,United Airlines,United Airlines,-500.0,USD,in store,False
R36AodEyQJSQdBmwD1pgh7ZBrWVxrkH1dlk51,jEN6PyxmJ3h97Grk641KTWRZoXnNP1CQ4W4wj,,2024-04-21,McDonald's,McDonald's,12.0,USD,in store,False
6l54dQVbeJHBAewn4olNceqN4AjG4zIAw9KnM,jEN6PyxmJ3h97Grk641KTWRZoXnNP1CQ4W4wj,,2024-04-21,Starbucks,Starbucks,4.33,USD,in store,False
XP6RB7mVgpTb7j6Rwg8yTw3aoNdboAhlB6j87,jEN6PyxmJ3h97Grk641KTWRZoXnNP1CQ4W4wj,,2024-04-20,FUN,SparkFun,89.4,USD,in store,False
xlym54pWgLHXzonlg4G1sDrz1QbN1XCWl7PpX,7qmNlZw5avtvAlzbekophxKm6Nz4REFwQJQjz,,2024-04-19,,INTRST PYMNT,-4.22,USD,other,False
BPAW9GaKDNTLjWvJRPd3hMZ1pwRmpatJeW5mJ,QB6Amx8GXQSex7bZkLrwUjmvQwBrdLijomozk,,2024-04-09,United Airlines,United Airlines,500.0,USD,in store,False
D76GVbNz1KHEbDp31LVyhlAr7B3E71upywRGK,jEN6PyxmJ3h97Grk641KTWRZoXnNP1CQ4W4wj,,2024-04-07,Uber,Uber 072515 SF**POOL**,6.33,USD,online,False
31oxdj6XGVUN1wzP9kDvuENb8dLq8nINorb4K,QB6Amx8GXQSex7bZkLrwUjmvQwBrdLijomozk,,2024-04-04,,Tectra Inc,500.0,USD,in store,False
apKG9gwrBJUKdQPZkqp9sWwr9bZp9NCGdaJyy,QB6Amx8GXQSex7bZkLrwUjmvQwBrdLijomozk,,2024-04-03,,AUTOMATIC PAYMENT - THANK,2078.5,USD,online,False
dEB98Wq3DehklGNdMzK3sPJm3aEv3giAgMzVL,QB6Amx8GXQSex7bZkLrwUjmvQwBrdLijomozk,,2024-04-03,KFC,KFC,500.0,USD,in store,False
xlym54pWgLHXzonlg4G1sDrz1QbN1XCWl7Pr5,QB6Amx8GXQSex7bZkLrwUjmvQwBrdLijomozk,,2024-04-03,,Madison Bicycle Shop,500.0,USD,in store,False
dEB98Wq3DehklGNdMzK3sPJm3aEv3giAgMz5o,7qmNlZw5avtvAlzbekophxKm6Nz4REFwQJQjz,,2024-03-25,,CREDIT CARD 3333 PAYMENT *//,25.0,USD,other,False
V46mrPnyaoTyPL47BWgEUMZrab3PaztA7myNG,jEN6PyxmJ3h97Grk641KTWRZoXnNP1CQ4W4wj,,2024-03-25,Uber,Uber 063015 SF**POOL**,5.4,USD,online,False
lEjodvaQ9ghGD4wQnPgos1KRorGPozsA9wobe,Z76AeQ9y8wHkQzrWgdpjsgGrynVPbQsxLqLzg,,2024-03-24,,ACH Electronic CreditGUSTO PAY 123456,5850.0,USD,online,False
D76GVbNz1KHEbDp31LVyhlAr7B3E71upywRAW,eE3D1AKxP4hGPr6QXBlwsXM79AvkDefxD9DEy,,2024-03-24,,CD DEPOSIT .INITIAL.,1000.0,USD,other,False
4LDdG7XkawT5orekgRdwszLxPnDAPMtEDrVGD,QB6Amx8GXQSex7bZkLrwUjmvQwBrdLijomozk,,2024-03-23,,Touchstone Climbing,78.5,USD,in store,False
wEw1JaLXbDhGypdwzaZNsnrVN6EMNyCdeNRKe,jEN6PyxmJ3h97Grk641KTWRZoXnNP1CQ4W4wj,,2024-03-23,United Airlines,United Airlines,-500.0,USD,in store,False
5pRa6eDM4zURAw65yvmxsBl8wmXvwWfLBwyLN,jEN6PyxmJ3h97Grk641KTWRZoXnNP1CQ4W4wj,,2024-03-22,McDonald's,McDonald's,12.0,USD,in store,False
JL6W9lZN4dTDldjEwomXC3bGyBwmyqHN74MNa,jEN6PyxmJ3h97Grk641KTWRZoXnNP1CQ4W4wj,,2024-03-22,Starbucks,Starbucks,4.33,USD,in store,False
kEPok9dQxXh6M9Dw4Ndzi4oPZb6WZLCRPQDRk,jEN6PyxmJ3h97Grk641KTWRZoXnNP1CQ4W4wj,,2024-03-21,FUN,SparkFun,89.4,USD,in store,False
apKG9gwrBJUKdQPZkqp9sWwr9bZp9NCGdaJlR,7qmNlZw5avtvAlzbekophxKm6Nz4REFwQJQjz,,2024-03-20,,INTRST PYMNT,-4.22,USD,other,False
NK6ygzpj7ViwzeGM3DEAT4Rzl6QvlyCNejpeM,QB6Amx8GXQSex7bZkLrwUjmvQwBrdLijomozk,,2024-03-10,United Airlines,United Airlines,500.0,USD,in store,False
lEjodvaQ9ghGD4wQnPgos1KRorGPozsA9wgAk,jEN6PyxmJ3h97Grk641KTWRZoXnNP1CQ4W4wj,,2024-03-08,Uber,Uber 072515 SF**POOL**,6.33,USD,online,False
Pz6Ao3gZQRHb3o1ZADpqTPQn3VE83Nim3k53G,QB6Amx8GXQSex7bZkLrwUjmvQwBrdLijomozk,,2024-03-05,,Tectra Inc,500.0,USD,in store,False
eE3D1AKxP4hGPr6QXBlwsXM8wj9pwKfn6dB6l,QB6Amx8GXQSex7bZkLrwUjmvQwBrdLijomozk,,2024-03-04,,AUTOMATIC PAYMENT - THANK,2078.5,USD,online,False
7qmNlZw5avtvAlzbekophxKLQv6nQ7iVvlyvm,QB6Amx8GXQSex7bZkLrwUjmvQwBrdLijomozk,,2024-03-04,KFC,KFC,500.0,USD,in store,False
jEN6PyxmJ3h97Grk641KTWRLK3o7KwCbpMmpD,QB6Amx8GXQSex7bZkLrwUjmvQwBrdLijomozk,,2024-03-04,,Madison Bicycle Shop,500.0,USD,in store,False
4LDdG7XkawT5orekgRdwszLxPnDAPMtEDrVNd,7qmNlZw5avtvAlzbekophxKm6Nz4REFwQJQjz,,2024-02-24,,CREDIT CARD 3333 PAYMENT *//,25.0,USD,other,False
qwMo9r71b5UWoeD8GrAkTBwrkqWDkvfXbmPX1,jEN6PyxmJ3h97Grk641KTWRZoXnNP1CQ4W4wj,,2024-02-24,Uber,Uber 063015 SF**POOL**,5.4,USD,online,False
qwMo9r71b5UWoeD8GrAkTBwrkqWDkvfXbmrwk,Z76AeQ9y8wHkQzrWgdpjsgGrynVPbQsxLqLzg,,2024-02-23,,ACH Electronic CreditGUSTO PAY 123456,5850.0,USD,online,False
V46mrPnyaoTyPL47BWgEUMZrab3PaztA7myjM,eE3D1AKxP4hGPr6QXBlwsXM79AvkDefxD9DEy,,2024-02-23,,CD DEPOSIT .INITIAL.,1000.0,USD,other,False
QB6Amx8GXQSex7bZkLrwUjmWebQ8ePCAyM6yE,QB6Amx8GXQSex7bZkLrwUjmvQwBrdLijomozk,,2024-02-22,,Touchstone Climbing,78.5,USD,in store,False
Kk6WZqMN4wCpqabedD6JCxwj9WdL9li3wZk3b,jEN6PyxmJ3h97Grk641KTWRZoXnNP1CQ4W4wj,,2024-02-22,United Airlines,United Airlines,-500.0,USD,in store,False
rE1o9zeWgXhGZQb45zDvsgNVvqGpvWsBKP9B6,jEN6PyxmJ3h97Grk641KTWRZoXnNP1CQ4W4wj,,2024-02-21,McDonald's,McDonald's,12.0,USD,in store,False
zKV19PgwaBiMy8jvAP73In3X1opL1ZC8P7B8m,jEN6PyxmJ3h97Grk641KTWRZoXnNP1CQ4W4wj,,2024-02-21,Starbucks,Starbucks,4.33,USD,in store,False
BPAW9GaKDNTLjWvJRPd3hMZ1pwRmpatJeW5Jg,jEN6PyxmJ3h97Grk641KTWRZoXnNP1CQ4W4wj,,2024-02-20,FUN,SparkFun,89.4,USD,in store,False
NK6ygzpj7ViwzeGM3DEAT4Rzl6QvlyCNejpBy,7qmNlZw5avtvAlzbekophxKm6Nz4REFwQJQjz,,2024-02-19,,INTRST PYMNT,-4.22,USD,other,False
Z76AeQ9y8wHkQzrWgdpjsgGEjXyvjKskQRmQX,QB6Amx8GXQSex7bZkLrwUjmvQwBrdLijomozk,,2024-02-09,United Airlines,United Airlines,500.0,USD,in store,False
31oxdj6XGVUN1wzP9kDvuENb8dLq8nINorbNV,jEN6PyxmJ3h97Grk641KTWRZoXnNP1CQ4W4wj,,2024-02-07,Uber,Uber 072515 SF**POOL**,6.33,USD,online,False
Mq6VorLNj9t9r7doKAzeTaG5WDedWqtZnlpny,QB6Amx8GXQSex7bZkLrwUjmvQwBrdLijomozk,,2024-02-04,,Tectra Inc,500.0,USD,in store,False
pwZm9KjRPbUEkG16vKgwh5a3w9oRwKImRrjRl,QB6Amx8GXQSex7bZkLrwUjmvQwBrdLijomozk,,2024-02-03,,AUTOMATIC PAYMENT - THANK,2078.5,USD,online,False
Ll6woK1N4GHbKya4AkXrTdjmo9WnoNFzDQKDW,QB6Amx8GXQSex7bZkLrwUjmvQwBrdLijomozk,,2024-02-03,KFC,KFC,500.0,USD,in store,False
1Z5BmNvM4rs7or3mVR6bhrZPo19kopcvWKXWr,QB6Amx8GXQSex7bZkLrwUjmvQwBrdLijomozk,,2024-02-03,,Madison Bicycle Shop,500.0,USD,in store,False
Pz6Ao3gZQRHb3o1ZADpqTPQn3VE83Nim3k5BX,7qmNlZw5avtvAlzbekophxKm6Nz4REFwQJQjz,,2024-01-25,,CREDIT CARD 3333 PAYMENT *//,25.0,USD,other,False
xlym54pWgLHXzonlg4G1sDrz1QbN1XCWl7PWM,jEN6PyxmJ3h97Grk641KTWRZoXnNP1CQ4W4wj,,2024-01-25,Uber,Uber 063015 SF**POOL**,5.4,USD,online,False
Kk6WZqMN4wCpqabedD6JCxwj9WdL9li3wZpzA,Z76AeQ9y8wHkQzrWgdpjsgGrynVPbQsxLqLzg,,2024-01-24,,ACH Electronic CreditGUSTO PAY 123456,5850.0,USD,online,False
wEw1JaLXbDhGypdwzaZNsnrVN6EMNyCdeNR4b,eE3D1AKxP4hGPr6QXBlwsXM79AvkDefxD9DEy,,2024-01-24,,CD DEPOSIT .INITIAL.,1000.0,USD,other,False
oEQo9qPmJZhGkjyDaq9QsNx7QJGmQBCwLM5L5,QB6Amx8GXQSex7bZkLrwUjmvQwBrdLijomozk,,2024-01-23,,Touchstone Climbing,78.5,USD,in store,False
dEB98Wq3DehklGNdMzK3sPJm3aEv3giAgMzAz,jEN6PyxmJ3h97Grk641KTWRZoXnNP1CQ4W4wj,,2024-01-23,United Airlines,United Airlines,-500.0,USD,in store,False
apKG9gwrBJUKdQPZkqp9sWwr9bZp9NCGdaJG5,jEN6PyxmJ3h97Grk641KTWRZoXnNP1CQ4W4wj,,2024-01-22,McDonald's,McDonald's,12.0,USD,in store,False
4LDdG7XkawT5orekgRdwszLxPnDAPMtEDrVEy,jEN6PyxmJ3h97Grk641KTWRZoXnNP1CQ4W4wj,,2024-01-22,Starbucks,Starbucks,4.33,USD,in store,False
NK6ygzpj7ViwzeGM3DEAT4Rzl6QvlyCNejpN4,jEN6PyxmJ3h97Grk641KTWRZoXnNP1CQ4W4wj,,2024-01-21,FUN,SparkFun,89.4,USD,in store,False
jEN6PyxmJ3h97Grk641KTWRLK3o7KwCbpMmzZ,7qmNlZw5avtvAlzbekophxKm6Nz4REFwQJQjz,,2024-01-20,,INTRST PYMNT,-4.22,USD,other,False
g9d6knzaPwCENBzrm5yXhm7KXE8NXZsk3VR38,QB6Amx8GXQSex7bZkLrwUjmvQwBrdLijomozk,,2024-01-10,United Airlines,United Airlines,500.0,USD,in store,False
Pz6Ao3gZQRHb3o1ZADpqTPQn3VE83Nim3k5m4,jEN6PyxmJ3h97Grk641KTWRZoXnNP1CQ4W4wj,,2024-01-08,Uber,Uber 072515 SF**POOL**,6.33,USD,online,False
8KAPqM5jD4iwrvBoEKLxTvV3ol5PoKiEd1pdo,QB6Amx8GXQSex7bZkLrwUjmvQwBrdLijomozk,,2024-01-05,,Tectra Inc,500.0,USD,in store,False
AN6WpAdkx5TKAyvXbN5osyPkp4b3paTeGjJGX,QB6Amx8GXQSex7bZkLrwUjmvQwBrdLijomozk,,2024-01-04,,AUTOMATIC PAYMENT - THANK,2078.5,USD,online,False
WNVAzjbyLwTk6Bnq7o8js1jQqDzvqwsaL9yLG,QB6Amx8GXQSex7bZkLrwUjmvQwBrdLijomozk,,2024-01-04,KFC,KFC,500.0,USD,in store,False
EebWvmPBwRhkGbEQvD7WsqAMzVvDzgfdDReDq,QB6Amx8GXQSex7bZkLrwUjmvQwBrdLijomozk,,2024-01-04,,Madison Bicycle Shop,500.0,USD,in store,False
7qmNlZw5avtvAlzbekophxKLQv6nQ7iVvlyA1,7qmNlZw5avtvAlzbekophxKm6Nz4REFwQJQjz,,2023-12-26,,CREDIT CARD 3333 PAYMENT *//,25.0,USD,other,False
jEN6PyxmJ3h97Grk641KTWRLK3o7KwCbpMmbX,jEN6PyxmJ3h97Grk641KTWRZoXnNP1CQ4W4wj,,2023-12-26,Uber,Uber 063015 SF**POOL**,5.4,USD,online,False
rE1o9zeWgXhGZQb45zDvsgNVvqGpvWsBKPJZM,Z76AeQ9y8wHkQzrWgdpjsgGrynVPbQsxLqLzg,,2023-12-25,,ACH Electronic CreditGUSTO PAY 123456,5850.0,USD,online,False
5pRa6eDM4zURAw65yvmxsBl8wmXvwWfLBwyaD,eE3D1AKxP4hGPr6QXBlwsXM79AvkDefxD9DEy,,2023-12-25,,CD DEPOSIT .INITIAL.,1000.0,USD,other,False
GZA6o97xybsKMXGbwLzDsr6LpVWJpycjEBxEl,QB6Amx8GXQSex7bZkLrwUjmvQwBrdLijomozk,,2023-12-24,,Touchstone Climbing,78.5,USD,in store,False
7qmNlZw5avtvAlzbekophxKLQv6nQ7iVvlyVW,jEN6PyxmJ3h97Grk641KTWRZoXnNP1CQ4W4wj,,2023-12-24,United Airlines,United Airlines,-500.0,USD,in store,False
eE3D1AKxP4hGPr6QXBlwsXM8wj9pwKfn6dBng,jEN6PyxmJ3h97Grk641KTWRZoXnNP1CQ4W4wj,,2023-12-23,McDonald's,McDonald's,12.0,USD,in store,False
QB6Amx8GXQSex7bZkLrwUjmWebQ8ePCAyM6Ag,jEN6PyxmJ3h97Grk641KTWRZoXnNP1CQ4W4wj,,2023-12-23,Starbucks,Starbucks,4.33,USD,in store,False
Z76AeQ9y8wHkQzrWgdpjsgGEjXyvjKskQRmkR,jEN6PyxmJ3h97Grk641KTWRZoXnNP1CQ4W4wj,,2023-12-22,FUN,SparkFun,89.4,USD,in store,False
eE3D1AKxP4hGPr6QXBlwsXM8wj9pwKfn6dBRE,7qmNlZw5avtvAlzbekophxKm6Nz4REFwQJQjz,,2023-12-21,,INTRST PYMNT,-4.22,USD,other,False
nEe9wlNQMmhG8PjRElXnspvrnBW3n7umxeVxo,QB6Amx8GXQSex7bZkLrwUjmvQwBrdLijomozk,,2023-12-11,United Airlines,United Airlines,500.0,USD,in store,False
Mq6VorLNj9t9r7doKAzeTaG5WDedWqtZnlpZx,jEN6PyxmJ3h97Grk641KTWRZoXnNP1CQ4W4wj,,2023-12-09,Uber,Uber 072515 SF**POOL**,6.33,USD,online,False
bErogk5z6ehGQl9jzKZwsz6vwDGQw9tvDxKDk,QB6Amx8GXQSex7bZkLrwUjmvQwBrdLijomozk,,2023-12-06,,Tectra Inc,500.0,USD,in store,False
9rDjK1lMdWhNAk39Dredukz3KwoeKPTJPGyP1,QB6Amx8GXQSex7bZkLrwUjmvQwBrdLijomozk,,2023-12-05,,AUTOMATIC PAYMENT - THANK,2078.5,USD,online,False
yqyR5NoWM9t9BGL15N7lTKa9LQXeLpsvN3nNd,QB6Amx8GXQSex7bZkLrwUjmvQwBrdLijomozk,,2023-12-05,KFC,KFC,500.0,USD,in store,False
my7wbR4XgWSE6NnA7RZPhWRQP5yXPKC3qmpqm,QB6Amx8GXQSex7bZkLrwUjmvQwBrdLijomozk,,2023-12-05,,Madison Bicycle Shop,500.0,USD,in store,False
QB6Amx8GXQSex7bZkLrwUjmWebQ8ePCAyM64Z,7qmNlZw5avtvAlzbekophxKm6Nz4REFwQJQjz,,2023-11-26,,CREDIT CARD 3333 PAYMENT *//,25.0,USD,other,False
1Z5BmNvM4rs7or3mVR6bhrZPo19kopcvWKXvR,jEN6PyxmJ3h97Grk641KTWRZoXnNP1CQ4W4wj,,2023-11-26,Uber,Uber 063015 SF**POOL**,5.4,USD,online,False
zKV19PgwaBiMy8jvAP73In3X1opL1ZC8P7NxQ,Z76AeQ9y8wHkQzrWgdpjsgGrynVPbQsxLqLzg,,2023-11-25,,ACH Electronic CreditGUSTO PAY 123456,5850.0,USD,online,False
JL6W9lZN4dTDldjEwomXC3bGyBwmyqHN74Mlr,eE3D1AKxP4hGPr6QXBlwsXM79AvkDefxD9DEy,,2023-11-25,,CD DEPOSIT .INITIAL.,1000.0,USD,other,False
vXyJAd1WMbHEKmonqdyLhW5pLDk9L4C75ze5d,QB6Amx8GXQSex7bZkLrwUjmvQwBrdLijomozk,,2023-11-24,,Touchstone Climbing,78.5,USD,in store,False
Ll6woK1N4GHbKya4AkXrTdjmo9WnoNFzDQKz5,jEN6PyxmJ3h97Grk641KTWRZoXnNP1CQ4W4wj,,2023-11-24,United Airlines,United Airlines,-500.0,USD,in store,False
pwZm9KjRPbUEkG16vKgwh5a3w9oRwKImRrjmq,jEN6PyxmJ3h97Grk641KTWRZoXnNP1CQ4W4wj,,2023-11-23,McDonald's,McDonald's,12.0,USD,in store,False
oEQo9qPmJZhGkjyDaq9QsNx7QJGmQBCwLM5wB,jEN6PyxmJ3h97Grk641KTWRZoXnNP1CQ4W4wj,,2023-11-23,Starbucks,Starbucks,4.33,USD,in store,False
g9d6knzaPwCENBzrm5yXhm7KXE8NXZsk3VRkj,jEN6PyxmJ3h97Grk641KTWRZoXnNP1CQ4W4wj,,2023-11-22,FUN,SparkFun,89.4,USD,in store,False
Z76AeQ9y8wHkQzrWgdpjsgGEjXyvjKskQRmAx,7qmNlZw5avtvAlzbekophxKm6Nz4REFwQJQjz,,2023-11-21,,INTRST PYMNT,-4.22,USD,other,False
R36AodEyQJSQdBmwD1pgh7ZBrWVxrkH1dlkdL,QB6Amx8GXQSex7bZkLrwUjmvQwBrdLijomozk,,2023-11-11,United Airlines,United Airlines,500.0,USD,in store,False
8KAPqM5jD4iwrvBoEKLxTvV3ol5PoKiEd1pEx,jEN6PyxmJ3h97Grk641KTWRZoXnNP1CQ4W4wj,,2023-11-09,Uber,Uber 072515 SF**POOL**,6.33,USD,online,False
6l54dQVbeJHBAewn4olNceqN4AjG4zIAw9Kwa,QB6Amx8GXQSex7bZkLrwUjmvQwBrdLijomozk,,2023-11-06,,Tectra Inc,500.0,USD,in store,False
V46mrPnyaoTyPL47BWgEUMZrab3PaztA7my7W,QB6Amx8GXQSex7bZkLrwUjmvQwBrdLijomozk,,2023-11-05,,AUTOMATIC PAYMENT - THANK,2078.5,USD,online,False
D76GVbNz1KHEbDp31LVyhlAr7B3E71upywRyz,QB6Amx8GXQSex7bZkLrwUjmvQwBrdLijomozk,,2023-11-05,KFC,KFC,500.0,USD,in store,False
XP6RB7mVgpTb7j6Rwg8yTw3aoNdboAhlB6jBp,QB6Amx8GXQSex7bZkLrwUjmvQwBrdLijomozk,,2023-11-05,,Madison Bicycle Shop,500.0,USD,in store,False
Mq6VorLNj9t9r7doKAzeTaG5WDedWqtZnlpwk,7qmNlZw5avtvAlzbekophxKm6Nz4REFwQJQjz,,2023-10-27,,CREDIT CARD 3333 PAYMENT *//,25.0,USD,other,False
EebWvmPBwRhkGbEQvD7WsqAMzVvDzgfdDRedX,jEN6PyxmJ3h97Grk641KTWRZoXnNP1CQ4W4wj,,2023-10-27,Uber,Uber 063015 SF**POOL**,5.4,USD,online,False
BPAW9GaKDNTLjWvJRPd3hMZ1pwRmpatJeWM3x,Z76AeQ9y8wHkQzrWgdpjsgGrynVPbQsxLqLzg,,2023-10-26,,ACH Electronic CreditGUSTO PAY 123456,5850.0,USD,online,False
kEPok9dQxXh6M9Dw4Ndzi4oPZb6WZLCRPQD4B,eE3D1AKxP4hGPr6QXBlwsXM79AvkDefxD9DEy,,2023-10-26,,CD DEPOSIT .INITIAL.,1000.0,USD,other,False
wEw1JaLXbDhGypdwzaZNsnrVN6EMNyCdeNReP,QB6Amx8GXQSex7bZkLrwUjmvQwBrdLijomozk,,2023-10-25,,Touchstone Climbing,78.5,USD,in store,False
WNVAzjbyLwTk6Bnq7o8js1jQqDzvqwsaL9ya6,jEN6PyxmJ3h97Grk641KTWRZoXnNP1CQ4W4wj,,2023-10-25,United Airlines,United Airlines,-500.0,USD,in store,False
AN6WpAdkx5TKAyvXbN5osyPkp4b3paTeGjJe4,jEN6PyxmJ3h97Grk641KTWRZoXnNP1CQ4W4wj,,2023-10-24,McDonald's,McDonald's,12.0,USD,in store,False
GZA6o97xybsKMXGbwLzDsr6LpVWJpycjEBxjA,jEN6PyxmJ3h97Grk641KTWRZoXnNP1CQ4W4wj,,2023-10-24,Starbucks,Starbucks,4.33,USD,in store,False
nEe9wlNQMmhG8PjRElXnspvrnBW3n7umxeVmG,jEN6PyxmJ3h97Grk641KTWRZoXnNP1CQ4W4wj,,2023-10-23,FUN,SparkFun,89.4,USD,in store,False
1Z5BmNvM4rs7or3mVR6bhrZPo19kopcvWKXLE,7qmNlZw5avtvAlzbekophxKm6Nz4REFwQJQjz,,2023-10-22,,INTRST PYMNT,-4.22,USD,other,False
X6qXKxxygVuQzm9bAKB8swvmEWaaeptbjnbaR,oQ8pdvvMJmH5zbnGEJ39hNjopRpnNri19KZ1l,,2025-10-12,FUN,SparkFun,89.4,USD,in store,False
ljpMB66e9Qcq693GE5vgH14xy3RRDpFpgdpxQ,gdQjloo4Paiq3wQEn19yHmGqdadkmbtPDM6Pb,,2025-10-11,,INTRST PYMNT,-4.22,USD,other,False
r1A8NvvpgWu9k7BGEqaDHgQ73RVV9Lc7967zW,EboMlJJjwBuglj3kxZP7hqab939dqwUrQEBrB,,2025-10-01,United Airlines,United Airlines,500.0,USD,in store,False
D6pZyJJP1zud9PqEWaNVilLmRwrrbKf3Ra3MP,oQ8pdvvMJmH5zbnGEJ39hNjopRpnNri19KZ1l,,2025-09-29,Uber,Uber 072515 SF**POOL**,6.33,USD,online,False
zVRyovvkawCDaX9MboZ7Tn9gRGXXdNclBLlnD,EboMlJJjwBuglj3kxZP7hqab939dqwUrQEBrB,,2025-09-26,,Tectra Inc,500.0,USD,in store,False
xy9bkvvAgWCqrmdXVQeGHDnm84zzxjc6PV6b6,EboMlJJjwBuglj3kxZP7hqab939dqwUrQEBrB,,2025-09-25,,AUTOMATIC PAYMENT - THANK,2078.5,USD,online,False
3ozlkMMyGXFEg87NdZxDSEJP91bbBKiZbnZxq,EboMlJJjwBuglj3kxZP7hqab939dqwUrQEBrB,,2025-09-25,KFC,KFC,500.0,USD,in store,False
BA1eyJJ4DKFZo4VLzQaduMbGk811xrS4584l7,EboMlJJjwBuglj3kxZP7hqab939dqwUrQEBrB,,2025-09-25,,Madison Bicycle Shop,500.0,USD,in store,False
qMWg4vvLb1SbBNMWwqdAtBEJgKrrGycgP7g33,gdQjloo4Paiq3wQEn19yHmGqdadkmbtPDM6Pb,,2025-09-16,,CREDIT CARD 3333 PAYMENT *//,25.0,USD,other,False
V6VRkBBbayua1nQyANXgSMK6vmrrE7S9yP9r4,oQ8pdvvMJmH5zbnGEJ39hNjopRpnNri19KZ1l,,2025-09-16,Uber,Uber 063015 SF**POOL**,5.4,USD,online,False
aK4xNQQzBriNX5wKAaLptWd8QMrryEHZJQZM1,WVl6q33mLyCzgdykxeL8c1K4gxga1dIXM4bX9,,2025-09-15,,ACH Electronic CreditGUSTO PAY 123456,5850.0,USD,online,False
K6G83JJ14NukX1RpjnM6hx6PVZjjeviRkARQj,8AaBygglDjFVplbwJQXLIvbxG7GDveigarXgn,,2025-09-15,,CD DEPOSIT .INITIAL.,1000.0,USD,other,False
dBj4711xD3C6AvgkoprKHPGyNQmmxefJzQJpB,EboMlJJjwBuglj3kxZP7hqab939dqwUrQEBrB,,2025-09-14,,Touchstone Climbing,78.5,USD,in store,False
wwynQvvWbXSR9QjGo67ZInp1A5VV9XcPRoP8G,oQ8pdvvMJmH5zbnGEJ39hNjopRpnNri19KZ1l,,2025-09-14,United Airlines,United Airlines,-500.0,USD,in store,False
5R3Kykkv4MuVzkNR71LmIBAa4k88Mxc5y75mn,oQ8pdvvMJmH5zbnGEJ39hNjopRpnNri19KZ1l,,2025-09-13,McDonald's,McDonald's,12.0,USD,in store,False
J6AgBJJM4Nu6LMkDPRZmH35VE4GG6xIBMgBP4,oQ8pdvvMJmH5zbnGEJ39hNjopRpnNri19KZ1l,,2025-09-13,Starbucks,Starbucks,4.33,USD,in store,False
kPLZzvv7xQFmBe36EbKdH49Jv5PP1xtLDdLvE,oQ8pdvvMJmH5zbnGEJ39hNjopRpnNri19KZ1l,,2025-09-12,FUN,SparkFun,89.4,USD,in store,False
vymGevvEMWCl57xE1DjyCWwlyze5DdSgmBReN,gdQjloo4Paiq3wQEn19yHmGqdadkmbtPDM6Pb,,2025-09-11,,INTRST PYMNT,-4.22,USD,other,False
dBj4711xD3C6AvgkoprKHPGrqleJa6ClKxaEl,EboMlJJjwBuglj3kxZP7hqab939dqwUrQEBrB,,2025-09-01,,United Airlines,500.0,USD,other,False
9D43yJJqdMF8vq4N7EleHkpb6JlAKnuk1wDDM,oQ8pdvvMJmH5zbnGEJ39hNjopRpnNri19KZ1l,,2025-08-30,,Uber 072515 SF**POOL**,6.33,USD,other,False
aK4xNQQzBriNX5wKAaLptWdlPAEwbvSowx35X,EboMlJJjwBuglj3kxZP7hqab939dqwUrQEBrB,,2025-08-27,,Tectra Inc,500.0,USD,other,False
P69nNJJ8QZuE4nxblrgpSPvbKBwQVWC8arv6m,EboMlJJjwBuglj3kxZP7hqab939dqwUrQEBrB,,2025-08-26,,AUTOMATIC PAYMENT - THANK,2078.5,USD,other,False
N6mkaJJo7juBQokwWgpEI4konMxR6LiodqK6k,EboMlJJjwBuglj3kxZP7hqab939dqwUrQEBrB,,2025-08-26,,KFC,500.0,USD,other,False
4DBqy119akFWV8b5pJPdHzEkKb3Ln8C9zwMbW,EboMlJJjwBuglj3kxZP7hqab939dqwUrQEBrB,,2025-08-26,,Madison Bicycle Shop,500.0,USD,other,False
R6kmjqqWQyuVvr9QKGJpI74Q8EgZWbIwyW4k8,gdQjloo4Paiq3wQEn19yHmGqdadkmbtPDM6Pb,,2025-08-17,,CREDIT CARD 3333 PAYMENT *//,25.0,USD,other,False
vymGevvEMWCl57xE1DjyCWw1mRabL7sgmBRR7,oQ8pdvvMJmH5zbnGEJ39hNjopRpnNri19KZ1l,,2025-08-17,,Uber 063015 SF**POOL**,5.4,USD,other,False
ljpMB66e9Qcq693GE5vgH14akwpKrBhnQe7vD,WVl6q33mLyCzgdykxeL8c1K4gxga1dIXM4bX9,,2025-08-16,,ACH Electronic CreditGUSTO PAY 123456,5850.0,USD,other,False
gdQjloo4Paiq3wQEn19yHmGyM9b7EeFPBQ18q,8AaBygglDjFVplbwJQXLIvbxG7GDveigarXgn,,2025-08-16,,CD DEPOSIT .INITIAL.,1000.0,USD,other,False
jN1QrvvjJmfMEbz9y3q1hWGnNMbR3zSxd8AWz,EboMlJJjwBuglj3kxZP7hqab939dqwUrQEBrB,,2025-08-15,,Touchstone Climbing,78.5,USD,other,False
R6kmjqqWQyuVvr9QKGJpI74yD9J5rRFwyW44r,oQ8pdvvMJmH5zbnGEJ39hNjopRpnNri19KZ1l,,2025-08-15,,United Airlines,-500.0,USD,other,False
65xryppRebcJm8WBby5lTewaPV8b4gHmZp33E,oQ8pdvvMJmH5zbnGEJ39hNjopRpnNri19KZ1l,,2025-08-14,,McDonald's,12.0,USD,other,False
X6qXKxxygVuQzm9bAKB8swvmzDB6oZI9ZNEEw,oQ8pdvvMJmH5zbnGEJ39hNjopRpnNri19KZ1l,,2025-08-14,,Starbucks,4.33,USD,other,False
K6G83JJ14NukX1RpjnM6hx64ravwWGfKqaNNd,oQ8pdvvMJmH5zbnGEJ39hNjopRpnNri19KZ1l,,2025-08-13,,SparkFun,89.4,USD,other,False
65xryppRebcJm8WBby5lTewEoDZqAkImZp3Ky,gdQjloo4Paiq3wQEn19yHmGqdadkmbtPDM6Pb,,2025-08-12,,INTRST PYMNT,-4.22,USD,other,False
7mdzyoo6a5cQ38MvXNqosxaz4wpKvef6PKpJE,EboMlJJjwBuglj3kxZP7hqab939dqwUrQEBrB,,2025-08-02,,United Airlines,500.0,USD,other,False
r1A8NvvpgWu9k7BGEqaDHgQywPLNqlip4VMMK,oQ8pdvvMJmH5zbnGEJ39hNjopRpnNri19KZ1l,,2025-07-31,,Uber 072515 SF**POOL**,6.33,USD,other,False
e37NeLLdPxS3eo8G5bWlhXrvkGaMjWiJQlk9o,EboMlJJjwBuglj3kxZP7hqab939dqwUrQEBrB,,2025-07-28,,Tectra Inc,500.0,USD,other,False
M6bWdJJpjNuJEpb9WjLzTay9VJRGDmcNv8ygQ,EboMlJJjwBuglj3kxZP7hqab939dqwUrQEBrB,,2025-07-27,,AUTOMATIC PAYMENT - THANK,2078.5,USD,other,False
Z6rlzaav8yuy8nRk4JbpSgdVPxAGXWiPpDlqQ,EboMlJJjwBuglj3kxZP7hqab939dqwUrQEBrB,,2025-07-27,,KFC,500.0,USD,other,False
Q6vbPllEXGuQKnaeqGWrsj3BranmbJiZXWemb,EboMlJJjwBuglj3kxZP7hqab939dqwUrQEBrB,,2025-07-27,,Madison Bicycle Shop,500.0,USD,other,False
X6qXKxxygVuQzm9bAKB8swvrVPp3NLF9ZNEjN,gdQjloo4Paiq3wQEn19yHmGqdadkmbtPDM6Pb,,2025-07-18,,CREDIT CARD 3333 PAYMENT *//,25.0,USD,other,False
zVRyovvkawCDaX9MboZ7Tn9zVPN3o8iMr1mQx,oQ8pdvvMJmH5zbnGEJ39hNjopRpnNri19KZ1l,,2025-07-18,,Uber 063015 SF**POOL**,5.4,USD,other,False
qMWg4vvLb1SbBNMWwqdAtBEXlVywqjfLG1Mqp,WVl6q33mLyCzgdykxeL8c1K4gxga1dIXM4bX9,,2025-07-17,,ACH Electronic CreditGUSTO PAY 123456,5850.0,USD,other,False
8AaBygglDjFVplbwJQXLIvbjgkeVlXCg6Vm3L,8AaBygglDjFVplbwJQXLIvbxG7GDveigarXgn,,2025-07-17,,CD DEPOSIT .INITIAL.,1000.0,USD,other,False
15KX7QQb4McgGQ47ePD6hrA5vmGZ1acNRGod4,EboMlJJjwBuglj3kxZP7hqab939dqwUrQEBrB,,2025-07-16,,Touchstone Climbing,78.5,USD,other,False
BA1eyJJ4DKFZo4VLzQaduMbA9XrZw4TXENjgd,oQ8pdvvMJmH5zbnGEJ39hNjopRpnNri19KZ1l,,2025-07-16,,United Airlines,-500.0,USD,other,False
3ozlkMMyGXFEg87NdZxDSEJA6lKNdoCQ6eREz,oQ8pdvvMJmH5zbnGEJ39hNjopRpnNri19KZ1l,,2025-07-15,,McDonald's,12.0,USD,other,False
xy9bkvvAgWCqrmdXVQeGHDnKy7jrQEikjRBeq,oQ8pdvvMJmH5zbnGEJ39hNjopRpnNri19KZ1l,,2025-07-15,,Starbucks,4.33,USD,other,False
dBj4711xD3C6AvgkoprKHPGrqleJa6ClKxaRx,oQ8pdvvMJmH5zbnGEJ39hNjopRpnNri19KZ1l,,2025-07-14,,SparkFun,89.4,USD,other,False
D6pZyJJP1zud9PqEWaNVilLyaWKABXt7DBQRx,gdQjloo4Paiq3wQEn19yHmGqdadkmbtPDM6Pb,,2025-07-13,,INTRST PYMNT,-4.22,USD,other,False
L6nExJJL4NugJL8bnR1XhdabZAMj9EiqMyanw,EboMlJJjwBuglj3kxZP7hqab939dqwUrQEBrB,,2025-07-03,,United Airlines,500.0,USD,other,False
aK4xNQQzBriNX5wKAaLptWdlPAEwbvSowx3DL,oQ8pdvvMJmH5zbnGEJ39hNjopRpnNri19KZ1l,,2025-07-01,,Uber 072515 SF**POOL**,6.33,USD,other,False
pZEokvv1PRuJ7RZEV9xgT5yb8rza9XtbGNnMW,EboMlJJjwBuglj3kxZP7hqab939dqwUrQEBrB,,2025-06-28,,Tectra Inc,500.0,USD,other,False
8AaBygglDjFVplbwJQXLIvbjgkeVlXCg6VmoL,EboMlJJjwBuglj3kxZP7hqab939dqwUrQEBrB,,2025-06-27,,AUTOMATIC PAYMENT - THANK,2078.5,USD,other,False
gdQjloo4Paiq3wQEn19yHmGyM9b7EeFPBQ1pq,EboMlJJjwBuglj3kxZP7hqab939dqwUrQEBrB,,2025-06-27,,KFC,500.0,USD,other,False
oQ8pdvvMJmH5zbnGEJ39hNjLqMrxJ9F1Dnyen,EboMlJJjwBuglj3kxZP7hqab939dqwUrQEBrB,,2025-06-27,,Madison Bicycle Shop,500.0,USD,other,False
V6VRkBBbayua1nQyANXgSMK9wG7ZbWTo1XdyP,gdQjloo4Paiq3wQEn19yHmGqdadkmbtPDM6Pb,,2025-06-18,,CREDIT CARD 3333 PAYMENT *//,25.0,USD,other,False
4DBqy119akFWV8b5pJPdHzEkKb3Ln8C9zwMLA,oQ8pdvvMJmH5zbnGEJ39hNjopRpnNri19KZ1l,,2025-06-18,,Uber 063015 SF**POOL**,5.4,USD,other,False
K6G83JJ14NukX1RpjnM6hx64ravwWGfKqaNvw,WVl6q33mLyCzgdykxeL8c1K4gxga1dIXM4bX9,,2025-06-17,,ACH Electronic CreditGUSTO PAY 123456,5850.0,USD,other,False
EboMlJJjwBuglj3kxZP7hqaZ4mwAVjtr7Plxl,8AaBygglDjFVplbwJQXLIvbxG7GDveigarXgn,,2025-06-17,,CD DEPOSIT .INITIAL.,1000.0,USD,other,False
EboMlJJjwBuglj3kxZP7hqaZ4mwAVjtr7Plnl,EboMlJJjwBuglj3kxZP7hqab939dqwUrQEBrB,,2025-06-16,,Touchstone Climbing,78.5,USD,other,False
N6mkaJJo7juBQokwWgpEI4konMxR6LiodqKQK,oQ8pdvvMJmH5zbnGEJ39hNjopRpnNri19KZ1l,,2025-06-16,,United Airlines,-500.0,USD,other,False
P69nNJJ8QZuE4nxblrgpSPvbKBwQVWC8arvAA,oQ8pdvvMJmH5zbnGEJ39hNjopRpnNri19KZ1l,,2025-06-15,,McDonald's,12.0,USD,other,False
jN1QrvvjJmfMEbz9y3q1hWGnNMbR3zSxd8AaR,oQ8pdvvMJmH5zbnGEJ39hNjopRpnNri19KZ1l,,2025-06-15,,Starbucks,4.33,USD,other,False
7mdzyoo6a5cQ38MvXNqosxaz4wpKvef6PKpxb,oQ8pdvvMJmH5zbnGEJ39hNjopRpnNri19KZ1l,,2025-06-14,,SparkFun,89.4,USD,other,False
wwynQvvWbXSR9QjGo67ZInpmGDXr6vi3wxVRV,gdQjloo4Paiq3wQEn19yHmGqdadkmbtPDM6Pb,,2025-06-13,,INTRST PYMNT,-4.22,USD,other,False
WVl6q33mLyCzgdykxeL8c1KWJVdjDXhX87Ezj,EboMlJJjwBuglj3kxZP7hqab939dqwUrQEBrB,,2025-06-03,,United Airlines,500.0,USD,other,False
e37NeLLdPxS3eo8G5bWlhXrvkGaMjWiJQlkmB,oQ8pdvvMJmH5zbnGEJ39hNjopRpnNri19KZ1l,,2025-06-01,,Uber 072515 SF**POOL**,6.33,USD,other,False
A6M7yJJaxkuwVaDKrgd5HyQAxlEP4gCaDlPNx,EboMlJJjwBuglj3kxZP7hqab939dqwUrQEBrB,,2025-05-29,,Tectra Inc,500.0,USD,other,False
brNdPZZB6zuoR1XGEMPZSzl1meV6DWCEj1qpb,EboMlJJjwBuglj3kxZP7hqab939dqwUrQEBrB,,2025-05-28,,AUTOMATIC PAYMENT - THANK,2078.5,USD,other,False
negLxvvZMQF1obeGyBkXTpPdzeDvB9CZRNbqV,EboMlJJjwBuglj3kxZP7hqab939dqwUrQEBrB,,2025-05-28,,KFC,500.0,USD,other,False
GA8LKJJeyxF6mevK9k7zHr3KnMq6VXcqvX3gK,EboMlJJjwBuglj3kxZP7hqab939dqwUrQEBrB,,2025-05-28,,Madison Bicycle Shop,500.0,USD,other,False
5R3Kykkv4MuVzkNR71LmIBA9PKxlmbfblAdy8,gdQjloo4Paiq3wQEn19yHmGqdadkmbtPDM6Pb,,2025-05-19,,CREDIT CARD 3333 PAYMENT *//,25.0,USD,other,False
Q6vbPllEXGuQKnaeqGWrsj3BranmbJiZXWeDm,oQ8pdvvMJmH5zbnGEJ39hNjopRpnNri19KZ1l,,2025-05-19,,Uber 063015 SF**POOL**,5.4,USD,other,False
r1A8NvvpgWu9k7BGEqaDHgQywPLNqlip4VM5Z,WVl6q33mLyCzgdykxeL8c1K4gxga1dIXM4bX9,,2025-05-18,,ACH Electronic CreditGUSTO PAY 123456,5850.0,USD,other,False
WVl6q33mLyCzgdykxeL8c1KWJVdjDXhX87EZj,8AaBygglDjFVplbwJQXLIvbxG7GDveigarXgn,,2025-05-18,,CD DEPOSIT .INITIAL.,1000.0,USD,other,False
m7o13vvQgXcLGbpEo5zZSWGawmVR58S9NnJZZ,EboMlJJjwBuglj3kxZP7hqab939dqwUrQEBrB,,2025-05-17,,Touchstone Climbing,78.5,USD,other,False
Z6rlzaav8yuy8nRk4JbpSgdVPxAGXWiPpDlGy,oQ8pdvvMJmH5zbnGEJ39hNjopRpnNri19KZ1l,,2025-05-17,,United Airlines,-500.0,USD,other,False
M6bWdJJpjNuJEpb9WjLzTay9VJRGDmcNv8y1J,oQ8pdvvMJmH5zbnGEJ39hNjopRpnNri19KZ1l,,2025-05-16,,McDonald's,12.0,USD,other,False
15KX7QQb4McgGQ47ePD6hrA5vmGZ1acNRGorw,oQ8pdvvMJmH5zbnGEJ39hNjopRpnNri19KZ1l,,2025-05-16,,Starbucks,4.33,USD,other,False
L6nExJJL4NugJL8bnR1XhdabZAMj9EiqMyaEr,oQ8pdvvMJmH5zbnGEJ39hNjopRpnNri19KZ1l,,2025-05-15,,SparkFun,89.4,USD,other,False
J6AgBJJM4Nu6LMkDPRZmH3587ZxbBkf13vJMe,gdQjloo4Paiq3wQEn19yHmGqdadkmbtPDM6Pb,,2025-05-14,,INTRST PYMNT,-4.22,USD,other,False
yyvmJwwGMWC6ap49EZv7HKVkB3WaQoUombARz,EboMlJJjwBuglj3kxZP7hqab939dqwUrQEBrB,,2025-05-04,,United Airlines,500.0,USD,other,False
pZEokvv1PRuJ7RZEV9xgT5yb8rza9XtbGNnz4,oQ8pdvvMJmH5zbnGEJ39hNjopRpnNri19KZ1l,,2025-05-02,,Uber 072515 SF**POOL**,6.33,USD,other,False
9D43yJJqdMF8vq4N7EleHkp4BVdzwqUk1wDNm,EboMlJJjwBuglj3kxZP7hqab939dqwUrQEBrB,,2025-04-29,,Tectra Inc,500.0,USD,other,False
65xryppRebcJm8WBby5lTewEoDZqAkImZp376,EboMlJJjwBuglj3kxZP7hqab939dqwUrQEBrB,,2025-04-28,,AUTOMATIC PAYMENT - THANK,2078.5,USD,other,False
R6kmjqqWQyuVvr9QKGJpI74Q8EgZWbIwyW4VK,EboMlJJjwBuglj3kxZP7hqab939dqwUrQEBrB,,2025-04-28,,KFC,500.0,USD,other,False
vymGevvEMWCl57xE1DjyCWwlyze5DdSgmBRQ3,EboMlJJjwBuglj3kxZP7hqab939dqwUrQEBrB,,2025-04-28,,Madison Bicycle Shop,500.0,USD,other,False
kPLZzvv7xQFmBe36EbKdH49drwxob7iqnepD7,gdQjloo4Paiq3wQEn19yHmGqdadkmbtPDM6Pb,,2025-04-19,,CREDIT CARD 3333 PAYMENT *//,25.0,USD,other,False
oQ8pdvvMJmH5zbnGEJ39hNjLqMrxJ9F1Dnybj,oQ8pdvvMJmH5zbnGEJ39hNjopRpnNri19KZ1l,,2025-04-19,,Uber 063015 SF**POOL**,5.4,USD,other,False
zVRyovvkawCDaX9MboZ7Tn9zVPN3o8iMr1mvR,WVl6q33mLyCzgdykxeL8c1K4gxga1dIXM4bX9,,2025-04-18,,ACH Electronic CreditGUSTO PAY 123456,5850.0,USD,other,False
A6M7yJJaxkuwVaDKrgd5HyQAxlEP4gCaDlPrx,8AaBygglDjFVplbwJQXLIvbxG7GDveigarXgn,,2025-04-18,,CD DEPOSIT .INITIAL.,1000.0,USD,other,False
X6qXKxxygVuQzm9bAKB8swvrVPp3NLF9ZNEAX,EboMlJJjwBuglj3kxZP7hqab939dqwUrQEBrB,,2025-04-17,,Touchstone Climbing,78.5,USD,other,False
gdQjloo4Paiq3wQEn19yHmGyM9b7EeFPBQ156,oQ8pdvvMJmH5zbnGEJ39hNjopRpnNri19KZ1l,,2025-04-17,,United Airlines,-500.0,USD,other,False
8AaBygglDjFVplbwJQXLIvbjgkeVlXCg6Vm81,oQ8pdvvMJmH5zbnGEJ39hNjopRpnNri19KZ1l,,2025-04-16,,McDonald's,12.0,USD,other,False
EboMlJJjwBuglj3kxZP7hqaZ4mwAVjtr7PlmQ,oQ8pdvvMJmH5zbnGEJ39hNjopRpnNri19KZ1l,,2025-04-16,,Starbucks,4.33,USD,other,False
WVl6q33mLyCzgdykxeL8c1KWJVdjDXhX87Ej8,oQ8pdvvMJmH5zbnGEJ39hNjopRpnNri19KZ1l,,2025-04-15,,SparkFun,89.4,USD,other,False
ljpMB66e9Qcq693GE5vgH14akwpKrBhnQe7gg,gdQjloo4Paiq3wQEn19yHmGqdadkmbtPDM6Pb,,2025-04-14,,INTRST PYMNT,-4.22,USD,other,False
D6pZyJJP1zud9PqEWaNVilLyaWKABXt7DBQqw,EboMlJJjwBuglj3kxZP7hqab939dqwUrQEBrB,,2025-04-04,,United Airlines,500.0,USD,other,False
A6M7yJJaxkuwVaDKrgd5HyQAxlEP4gCaDlP5m,oQ8pdvvMJmH5zbnGEJ39hNjopRpnNri19KZ1l,,2025-04-02,,Uber 072515 SF**POOL**,6.33,USD,other,False
V6VRkBBbayua1nQyANXgSMK9wG7ZbWTo1XdMk,EboMlJJjwBuglj3kxZP7hqab939dqwUrQEBrB,,2025-03-30,,Tectra Inc,500.0,USD,in store,False
J6AgBJJM4Nu6LMkDPRZmH3587ZxbBkf13vJ8G,EboMlJJjwBuglj3kxZP7hqab939dqwUrQEBrB,,2025-03-29,,AUTOMATIC PAYMENT - THANK,2078.5,USD,online,False
5R3Kykkv4MuVzkNR71LmIBA9PKxlmbfblAdrm,EboMlJJjwBuglj3kxZP7hqab939dqwUrQEBrB,,2025-03-29,KFC,KFC,500.0,USD,in store,False
wwynQvvWbXSR9QjGo67ZInpmGDXr6vi3wxVXw,EboMlJJjwBuglj3kxZP7hqab939dqwUrQEBrB,,2025-03-29,,Madison Bicycle Shop,500.0,USD,in store,False
qMWg4vvLb1SbBNMWwqdAtBEXlVywqjfLG1MPr,gdQjloo4Paiq3wQEn19yHmGqdadkmbtPDM6Pb,,2025-03-20,,CREDIT CARD 3333 PAYMENT *//,25.0,USD,other,False
GA8LKJJeyxF6mevK9k7zHr3KnMq6VXcqvX3oL,oQ8pdvvMJmH5zbnGEJ39hNjopRpnNri19KZ1l,,2025-03-20,Uber,Uber 063015 SF**POOL**,5.4,USD,online,False
BA1eyJJ4DKFZo4VLzQaduMbA9XrZw4TXENjKr,WVl6q33mLyCzgdykxeL8c1K4gxga1dIXM4bX9,,2025-03-19,,ACH Electronic CreditGUSTO PAY 123456,5850.0,USD,online,False
GA8LKJJeyxF6mevK9k7zHr3KnMq6VXcqvX3MK,8AaBygglDjFVplbwJQXLIvbxG7GDveigarXgn,,2025-03-19,,CD DEPOSIT .INITIAL.,1000.0,USD,other,False
kPLZzvv7xQFmBe36EbKdH49drwxob7iqnep5G,EboMlJJjwBuglj3kxZP7hqab939dqwUrQEBrB,,2025-03-18,,Touchstone Climbing,78.5,USD,in store,False
negLxvvZMQF1obeGyBkXTpPdzeDvB9CZRNbQ7,oQ8pdvvMJmH5zbnGEJ39hNjopRpnNri19KZ1l,,2025-03-18,United Airlines,United Airlines,-500.0,USD,in store,False
brNdPZZB6zuoR1XGEMPZSzl1meV6DWCEj1q7g,oQ8pdvvMJmH5zbnGEJ39hNjopRpnNri19KZ1l,,2025-03-17,McDonald's,McDonald's,12.0,USD,in store,False
m7o13vvQgXcLGbpEo5zZSWGawmVR58S9NnJX7,oQ8pdvvMJmH5zbnGEJ39hNjopRpnNri19KZ1l,,2025-03-17,Starbucks,Starbucks,4.33,USD,in store,False
yyvmJwwGMWC6ap49EZv7HKVkB3WaQoUombAwy,oQ8pdvvMJmH5zbnGEJ39hNjopRpnNri19KZ1l,,2025-03-16,FUN,SparkFun,89.4,USD,in store,False
K6G83JJ14NukX1RpjnM6hx64ravwWGfKqaNkX,gdQjloo4Paiq3wQEn19yHmGqdadkmbtPDM6Pb,,2025-03-15,,INTRST PYMNT,-4.22,USD,other,False
ljpMB66e9Qcq693GE5vgH14akwpKrBhnQe731,EboMlJJjwBuglj3kxZP7hqab939dqwUrQEBrB,,2025-03-05,United Airlines,United Airlines,500.0,USD,in store,False
9D43yJJqdMF8vq4N7EleHkp4BVdzwqUk1wDg4,oQ8pdvvMJmH5zbnGEJ39hNjopRpnNri19KZ1l,,2025-03-03,Uber,Uber 072515 SF**POOL**,6.33,USD,online,False
qMWg4vvLb1SbBNMWwqdAtBEXlVywqjfLG1MKJ,EboMlJJjwBuglj3kxZP7hqab939dqwUrQEBrB,,2025-02-28,,Tectra Inc,500.0,USD,in store,False
zVRyovvkawCDaX9MboZ7Tn9zVPN3o8iMr1mb3,EboMlJJjwBuglj3kxZP7hqab939dqwUrQEBrB,,2025-02-27,,AUTOMATIC PAYMENT - THANK,2078.5,USD,online,False
r1A8NvvpgWu9k7BGEqaDHgQywPLNqlip4VMR7,EboMlJJjwBuglj3kxZP7hqab939dqwUrQEBrB,,2025-02-27,KFC,KFC,500.0,USD,in store,False
K6G83JJ14NukX1RpjnM6hx64ravwWGfKqaNXV,EboMlJJjwBuglj3kxZP7hqab939dqwUrQEBrB,,2025-02-27,,Madison Bicycle Shop,500.0,USD,in store,False
r1A8NvvpgWu9k7BGEqaDHgQywPLNqlip4VM9e,gdQjloo4Paiq3wQEn19yHmGqdadkmbtPDM6Pb,,2025-02-18,,CREDIT CARD 3333 PAYMENT *//,25.0,USD,other,False
vymGevvEMWCl57xE1DjyCWwlyze5DdSgmBR1v,oQ8pdvvMJmH5zbnGEJ39hNjopRpnNri19KZ1l,,2025-02-18,Uber,Uber 063015 SF**POOL**,5.4,USD,online,False
3ozlkMMyGXFEg87NdZxDSEJA6lKNdoCQ6eR1B,WVl6q33mLyCzgdykxeL8c1K4gxga1dIXM4bX9,,2025-02-17,,ACH Electronic CreditGUSTO PAY 123456,5850.0,USD,online,False
negLxvvZMQF1obeGyBkXTpPdzeDvB9CZRNblV,8AaBygglDjFVplbwJQXLIvbxG7GDveigarXgn,,2025-02-17,,CD DEPOSIT .INITIAL.,1000.0,USD,other,False
BA1eyJJ4DKFZo4VLzQaduMbA9XrZw4TXENjoA,EboMlJJjwBuglj3kxZP7hqab939dqwUrQEBrB,,2025-02-16,,Touchstone Climbing,78.5,USD,in store,False
R6kmjqqWQyuVvr9QKGJpI74Q8EgZWbIwyW4AX,oQ8pdvvMJmH5zbnGEJ39hNjopRpnNri19KZ1l,,2025-02-16,United Airlines,United Airlines,-500.0,USD,in store,False
65xryppRebcJm8WBby5lTewEoDZqAkImZp3ex,oQ8pdvvMJmH5zbnGEJ39hNjopRpnNri19KZ1l,,2025-02-15,McDonald's,McDonald's,12.0,USD,in store,False
X6qXKxxygVuQzm9bAKB8swvrVPp3NLF9ZNELy,oQ8pdvvMJmH5zbnGEJ39hNjopRpnNri19KZ1l,,2025-02-15,Starbucks,Starbucks,4.33,USD,in store,False
D6pZyJJP1zud9PqEWaNVilLyaWKABXt7DBQJ7,oQ8pdvvMJmH5zbnGEJ39hNjopRpnNri19KZ1l,,2025-02-14,FUN,SparkFun,89.4,USD,in store,False
zVRyovvkawCDaX9MboZ7Tn9zVPN3o8iMr1mBG,gdQjloo4Paiq3wQEn19yHmGqdadkmbtPDM6Pb,,2025-02-13,,INTRST PYMNT,-4.22,USD,other,False
3ozlkMMyGXFEg87NdZxDSEJA6lKNdoCQ6eRy8,EboMlJJjwBuglj3kxZP7hqab939dqwUrQEBrB,,2025-02-03,United Airlines,United Airlines,500.0,USD,in store,False
V6VRkBBbayua1nQyANXgSMK9wG7ZbWTo1XdED,oQ8pdvvMJmH5zbnGEJ39hNjopRpnNri19KZ1l,,2025-02-01,Uber,Uber 072515 SF**POOL**,6.33,USD,online,False
xy9bkvvAgWCqrmdXVQeGHDnKy7jrQEikjRBaN,EboMlJJjwBuglj3kxZP7hqab939dqwUrQEBrB,,2025-01-29,,Tectra Inc,500.0,USD,in store,False
4DBqy119akFWV8b5pJPdHzEkKb3Ln8C9zwMyW,EboMlJJjwBuglj3kxZP7hqab939dqwUrQEBrB,,2025-01-28,,AUTOMATIC PAYMENT - THANK,2078.5,USD,online,False
aK4xNQQzBriNX5wKAaLptWdlPAEwbvSowx3mX,EboMlJJjwBuglj3kxZP7hqab939dqwUrQEBrB,,2025-01-28,KFC,KFC,500.0,USD,in store,False
dBj4711xD3C6AvgkoprKHPGrqleJa6ClKxa1l,EboMlJJjwBuglj3kxZP7hqab939dqwUrQEBrB,,2025-01-28,,Madison Bicycle Shop,500.0,USD,in store,False
BA1eyJJ4DKFZo4VLzQaduMbA9XrZw4TXENj5K,gdQjloo4Paiq3wQEn19yHmGqdadkmbtPDM6Pb,,2025-01-19,,CREDIT CARD 3333 PAYMENT *//,25.0,USD,other,False
wwynQvvWbXSR9QjGo67ZInpmGDXr6vi3wxVmM,oQ8pdvvMJmH5zbnGEJ39hNjopRpnNri19KZ1l,,2025-01-19,Uber,Uber 063015 SF**POOL**,5.4,USD,online,False
xy9bkvvAgWCqrmdXVQeGHDnKy7jrQEikjRBGR,WVl6q33mLyCzgdykxeL8c1K4gxga1dIXM4bX9,,2025-01-18,,ACH Electronic CreditGUSTO PAY 123456,5850.0,USD,online,False
brNdPZZB6zuoR1XGEMPZSzl1meV6DWCEj1qbb,8AaBygglDjFVplbwJQXLIvbxG7GDveigarXgn,,2025-01-18,,CD DEPOSIT .INITIAL.,1000.0,USD,other,False
wwynQvvWbXSR9QjGo67ZInpmGDXr6vi3wxVXK,EboMlJJjwBuglj3kxZP7hqab939dqwUrQEBrB,,2025-01-17,,Touchstone Climbing,78.5,USD,in store,False
5R3Kykkv4MuVzkNR71LmIBA9PKxlmbfblAd8j,oQ8pdvvMJmH5zbnGEJ39hNjopRpnNri19KZ1l,,2025-01-17,United Airlines,United Airlines,-500.0,USD,in store,False
J6AgBJJM4Nu6LMkDPRZmH3587ZxbBkf13vJkN,oQ8pdvvMJmH5zbnGEJ39hNjopRpnNri19KZ1l,,2025-01-16,McDonald's,McDonald's,12.0,USD,in store,False
kPLZzvv7xQFmBe36EbKdH49drwxob7iqnepog,oQ8pdvvMJmH5zbnGEJ39hNjopRpnNri19KZ1l,,2025-01-16,Starbucks,Starbucks,4.33,USD,in store,False
ljpMB66e9Qcq693GE5vgH14akwpKrBhnQe7RK,oQ8pdvvMJmH5zbnGEJ39hNjopRpnNri19KZ1l,,2025-01-15,FUN,SparkFun,89.4,USD,in store,False
3ozlkMMyGXFEg87NdZxDSEJA6lKNdoCQ6eRbp,gdQjloo4Paiq3wQEn19yHmGqdadkmbtPDM6Pb,,2025-01-14,,INTRST PYMNT,-4.22,USD,other,False
5R3Kykkv4MuVzkNR71LmIBA9PKxlmbfblAdrL,EboMlJJjwBuglj3kxZP7hqab939dqwUrQEBrB,,2025-01-04,United Airlines,United Airlines,500.0,USD,in store,False
qMWg4vvLb1SbBNMWwqdAtBEXlVywqjfLG1MR4,oQ8pdvvMJmH5zbnGEJ39hNjopRpnNri19KZ1l,,2025-01-02,Uber,Uber 072515 SF**POOL**,6.33,USD,online,False
J6AgBJJM4Nu6LMkDPRZmH3587ZxbBkf13vJ8W,EboMlJJjwBuglj3kxZP7hqab939dqwUrQEBrB,,2024-12-30,,Tectra Inc,500.0,USD,in store,False
qMWg4vvLb1SbBNMWwqdAtBEXlVywqjfLG1MKp,EboMlJJjwBuglj3kxZP7hqab939dqwUrQEBrB,,2024-12-29,,AUTOMATIC PAYMENT - THANK,2078.5,USD,online,False
ljpMB66e9Qcq693GE5vgH14akwpKrBhnQe73D,EboMlJJjwBuglj3kxZP7hqab939dqwUrQEBrB,,2024-12-29,KFC,KFC,500.0,USD,in store,False
kPLZzvv7xQFmBe36EbKdH49drwxob7iqnep54,EboMlJJjwBuglj3kxZP7hqab939dqwUrQEBrB,,2024-12-29,,Madison Bicycle Shop,500.0,USD,in store,False
xy9bkvvAgWCqrmdXVQeGHDnKy7jrQEikjRBP1,gdQjloo4Paiq3wQEn19yHmGqdadkmbtPDM6Pb,,2024-12-20,,CREDIT CARD 3333 PAYMENT *//,25.0,USD,other,False
K6G83JJ14NukX1RpjnM6hx64ravwWGfKqaN1d,oQ8pdvvMJmH5zbnGEJ39hNjopRpnNri19KZ1l,,2024-12-20,Uber,Uber 063015 SF**POOL**,5.4,USD,online,False
dBj4711xD3C6AvgkoprKHPGrqleJa6ClKxaWe,WVl6q33mLyCzgdykxeL8c1K4gxga1dIXM4bX9,,2024-12-19,,ACH Electronic CreditGUSTO PAY 123456,5850.0,USD,online,False
m7o13vvQgXcLGbpEo5zZSWGawmVR58S9NnJyZ,8AaBygglDjFVplbwJQXLIvbxG7GDveigarXgn,,2024-12-19,,CD DEPOSIT .INITIAL.,1000.0,USD,other,False
K6G83JJ14NukX1RpjnM6hx64ravwWGfKqaNXw,EboMlJJjwBuglj3kxZP7hqab939dqwUrQEBrB,,2024-12-18,,Touchstone Climbing,78.5,USD,in store,False
r1A8NvvpgWu9k7BGEqaDHgQywPLNqlip4VM1K,oQ8pdvvMJmH5zbnGEJ39hNjopRpnNri19KZ1l,,2024-12-18,United Airlines,United Airlines,-500.0,USD,in store,False
zVRyovvkawCDaX9MboZ7Tn9zVPN3o8iMr1mXx,oQ8pdvvMJmH5zbnGEJ39hNjopRpnNri19KZ1l,,2024-12-17,McDonald's,McDonald's,12.0,USD,in store,False
BA1eyJJ4DKFZo4VLzQaduMbA9XrZw4TXENjxd,oQ8pdvvMJmH5zbnGEJ39hNjopRpnNri19KZ1l,,2024-12-17,Starbucks,Starbucks,4.33,USD,in store,False
3ozlkMMyGXFEg87NdZxDSEJA6lKNdoCQ6eRVz,oQ8pdvvMJmH5zbnGEJ39hNjopRpnNri19KZ1l,,2024-12-16,FUN,SparkFun,89.4,USD,in store,False
dBj4711xD3C6AvgkoprKHPGrqleJa6ClKxazb,gdQjloo4Paiq3wQEn19yHmGqdadkmbtPDM6Pb,,2024-12-15,,INTRST PYMNT,-4.22,USD,other,False
r1A8NvvpgWu9k7BGEqaDHgQywPLNqlip4VMeZ,EboMlJJjwBuglj3kxZP7hqab939dqwUrQEBrB,,2024-12-05,United Airlines,United Airlines,500.0,USD,in store,False
xy9bkvvAgWCqrmdXVQeGHDnKy7jrQEikjRBKq,oQ8pdvvMJmH5zbnGEJ39hNjopRpnNri19KZ1l,,2024-12-03,Uber,Uber 072515 SF**POOL**,6.33,USD,online,False
zVRyovvkawCDaX9MboZ7Tn9zVPN3o8iMr1m5R,EboMlJJjwBuglj3kxZP7hqab939dqwUrQEBrB,,2024-11-30,,Tectra Inc,500.0,USD,in store,False
xy9bkvvAgWCqrmdXVQeGHDnKy7jrQEikjRB3R,EboMlJJjwBuglj3kxZP7hqab939dqwUrQEBrB,,2024-11-29,,AUTOMATIC PAYMENT - THANK,2078.5,USD,online,False
3ozlkMMyGXFEg87NdZxDSEJA6lKNdoCQ6eRDB,EboMlJJjwBuglj3kxZP7hqab939dqwUrQEBrB,,2024-11-29,KFC,KFC,500.0,USD,in store,False
BA1eyJJ4DKFZo4VLzQaduMbA9XrZw4TXENjbr,EboMlJJjwBuglj3kxZP7hqab939dqwUrQEBrB,,2024-11-29,,Madison Bicycle Shop,500.0,USD,in store,False
aK4xNQQzBriNX5wKAaLptWdlPAEwbvSowx3Ja,gdQjloo4Paiq3wQEn19yHmGqdadkmbtPDM6Pb,,2024-11-20,,CREDIT CARD 3333 PAYMENT *//,25.0,USD,other,False
dBj4711xD3C6AvgkoprKHPGrqleJa6ClKxanx,oQ8pdvvMJmH5zbnGEJ39hNjopRpnNri19KZ1l,,2024-11-20,Uber,Uber 063015 SF**POOL**,5.4,USD,online,False
aK4xNQQzBriNX5wKAaLptWdlPAEwbvSowx3WQ,WVl6q33mLyCzgdykxeL8c1K4gxga1dIXM4bX9,,2024-11-19,,ACH Electronic CreditGUSTO PAY 123456,5850.0,USD,online,False
yyvmJwwGMWC6ap49EZv7HKVkB3WaQoUombA6z,8AaBygglDjFVplbwJQXLIvbxG7GDveigarXgn,,2024-11-19,,CD DEPOSIT .INITIAL.,1000.0,USD,other,False
dBj4711xD3C6AvgkoprKHPGrqleJa6ClKxaje,EboMlJJjwBuglj3kxZP7hqab939dqwUrQEBrB,,2024-11-18,,Touchstone Climbing,78.5,USD,in store,False
aK4xNQQzBriNX5wKAaLptWdlPAEwbvSowx3KL,oQ8pdvvMJmH5zbnGEJ39hNjopRpnNri19KZ1l,,2024-11-18,United Airlines,United Airlines,-500.0,USD,in store,False
4DBqy119akFWV8b5pJPdHzEkKb3Ln8C9zwMRA,oQ8pdvvMJmH5zbnGEJ39hNjopRpnNri19KZ1l,,2024-11-17,McDonald's,McDonald's,12.0,USD,in store,False
wwynQvvWbXSR9QjGo67ZInpmGDXr6vi3wxV1V,oQ8pdvvMJmH5zbnGEJ39hNjopRpnNri19KZ1l,,2024-11-17,Starbucks,Starbucks,4.33,USD,in store,False
5R3Kykkv4MuVzkNR71LmIBA9PKxlmbfblAdQ8,oQ8pdvvMJmH5zbnGEJ39hNjopRpnNri19KZ1l,,2024-11-16,FUN,SparkFun,89.4,USD,in store,False
4DBqy119akFWV8b5pJPdHzEkKb3Ln8C9zwMV5,gdQjloo4Paiq3wQEn19yHmGqdadkmbtPDM6Pb,,2024-11-15,,INTRST PYMNT,-4.22,USD,other,False
aK4xNQQzBriNX5wKAaLptWdlPAEwbvSowx3BQ,EboMlJJjwBuglj3kxZP7hqab939dqwUrQEBrB,,2024-11-05,United Airlines,United Airlines,500.0,USD,in store,False
J6AgBJJM4Nu6LMkDPRZmH3587ZxbBkf13vJee,oQ8pdvvMJmH5zbnGEJ39hNjopRpnNri19KZ1l,,2024-11-03,Uber,Uber 072515 SF**POOL**,6.33,USD,online,False
4DBqy119akFWV8b5pJPdHzEkKb3Ln8C9zwMQM,EboMlJJjwBuglj3kxZP7hqab939dqwUrQEBrB,,2024-10-31,,Tectra Inc,500.0,USD,in store,False
jN1QrvvjJmfMEbz9y3q1hWGnNMbR3zSxd8AVK,EboMlJJjwBuglj3kxZP7hqab939dqwUrQEBrB,,2024-10-30,,AUTOMATIC PAYMENT - THANK,2078.5,USD,online,False
P69nNJJ8QZuE4nxblrgpSPvbKBwQVWC8arvPy,EboMlJJjwBuglj3kxZP7hqab939dqwUrQEBrB,,2024-10-30,KFC,KFC,500.0,USD,in store,False
N6mkaJJo7juBQokwWgpEI4konMxR6LiodqK4Q,EboMlJJjwBuglj3kxZP7hqab939dqwUrQEBrB,,2024-10-30,,Madison Bicycle Shop,500.0,USD,in store,False
wwynQvvWbXSR9QjGo67ZInpmGDXr6vi3wxVRw,gdQjloo4Paiq3wQEn19yHmGqdadkmbtPDM6Pb,,2024-10-21,,CREDIT CARD 3333 PAYMENT *//,25.0,USD,other,False
kPLZzvv7xQFmBe36EbKdH49drwxob7iqnep17,oQ8pdvvMJmH5zbnGEJ39hNjopRpnNri19KZ1l,,2024-10-21,Uber,Uber 063015 SF**POOL**,5.4,USD,online,False
4DBqy119akFWV8b5pJPdHzEkKb3Ln8C9zwM1M,WVl6q33mLyCzgdykxeL8c1K4gxga1dIXM4bX9,,2024-10-20,,ACH Electronic CreditGUSTO PAY 123456,5850.0,USD,online,False
9D43yJJqdMF8vq4N7EleHkp4BVdzwqUk1wDxm,8AaBygglDjFVplbwJQXLIvbxG7GDveigarXgn,,2024-10-20,,CD DEPOSIT .INITIAL.,1000.0,USD,other,False
7mdzyoo6a5cQ38MvXNqosxaz4wpKvef6PKpoy,EboMlJJjwBuglj3kxZP7hqab939dqwUrQEBrB,,2024-10-19,,Touchstone Climbing,78.5,USD,in store,False
ljpMB66e9Qcq693GE5vgH14akwpKrBhnQe7mg,oQ8pdvvMJmH5zbnGEJ39hNjopRpnNri19KZ1l,,2024-10-19,United Airlines,United Airlines,-500.0,USD,in store,False
qMWg4vvLb1SbBNMWwqdAtBEXlVywqjfLG1Myr,oQ8pdvvMJmH5zbnGEJ39hNjopRpnNri19KZ1l,,2024-10-18,McDonald's,McDonald's,12.0,USD,in store,False
K6G83JJ14NukX1RpjnM6hx64ravwWGfKqaNDX,oQ8pdvvMJmH5zbnGEJ39hNjopRpnNri19KZ1l,,2024-10-18,Starbucks,Starbucks,4.33,USD,in store,False
r1A8NvvpgWu9k7BGEqaDHgQywPLNqlip4VMke,oQ8pdvvMJmH5zbnGEJ39hNjopRpnNri19KZ1l,,2024-10-17,FUN,SparkFun,89.4,USD,in store,False
5R3Kykkv4MuVzkNR71LmIBA9PKxlmbfblAdym,gdQjloo4Paiq3wQEn19yHmGqdadkmbtPDM6Pb,,2024-10-16,,INTRST PYMNT,-4.22,USD,other,False
e37NeLLdPxS3eo8G5bWlhXrvkGaMjWiJQlk49,EboMlJJjwBuglj3kxZP7hqab939dqwUrQEBrB,,2024-10-06,United Airlines,United Airlines,500.0,USD,in store,False
zVRyovvkawCDaX9MboZ7Tn9zVPN3o8iMr1mXG,oQ8pdvvMJmH5zbnGEJ39hNjopRpnNri19KZ1l,,2024-10-04,Uber,Uber 072515 SF**POOL**,6.33,USD,online,False
Q6vbPllEXGuQKnaeqGWrsj3BranmbJiZXWe5Q,EboMlJJjwBuglj3kxZP7hqab939dqwUrQEBrB,,2024-10-01,,Tectra Inc,500.0,USD,in store,False
15KX7QQb4McgGQ47ePD6hrA5vmGZ1acNRGo8J,EboMlJJjwBuglj3kxZP7hqab939dqwUrQEBrB,,2024-09-30,,AUTOMATIC PAYMENT - THANK,2078.5,USD,online,False
M6bWdJJpjNuJEpb9WjLzTay9VJRGDmcNv8yJo,EboMlJJjwBuglj3kxZP7hqab939dqwUrQEBrB,,2024-09-30,KFC,KFC,500.0,USD,in store,False
Z6rlzaav8yuy8nRk4JbpSgdVPxAGXWiPpDl66,EboMlJJjwBuglj3kxZP7hqab939dqwUrQEBrB,,2024-09-30,,Madison Bicycle Shop,500.0,USD,in store,False
J6AgBJJM4Nu6LMkDPRZmH3587ZxbBkf13vJMG,gdQjloo4Paiq3wQEn19yHmGqdadkmbtPDM6Pb,,2024-09-21,,CREDIT CARD 3333 PAYMENT *//,25.0,USD,other,False
BA1eyJJ4DKFZo4VLzQaduMbA9XrZw4TXENjxK,oQ8pdvvMJmH5zbnGEJ39hNjopRpnNri19KZ1l,,2024-09-21,Uber,Uber 063015 SF**POOL**,5.4,USD,online,False
wwynQvvWbXSR9QjGo67ZInpmGDXr6vi3wxV7m,WVl6q33mLyCzgdykxeL8c1K4gxga1dIXM4bX9,,2024-09-20,,ACH Electronic CreditGUSTO PAY 123456,5850.0,USD,online,False
vymGevvEMWCl57xE1DjyCWwlyze5DdSgmBR63,8AaBygglDjFVplbwJQXLIvbxG7GDveigarXgn,,2024-09-20,,CD DEPOSIT .INITIAL.,1000.0,USD,other,False
L6nExJJL4NugJL8bnR1XhdabZAMj9EiqMyaXb,EboMlJJjwBuglj3kxZP7hqab939dqwUrQEBrB,,2024-09-19,,Touchstone Climbing,78.5,USD,in store,False
3ozlkMMyGXFEg87NdZxDSEJA6lKNdoCQ6eRVp,oQ8pdvvMJmH5zbnGEJ39hNjopRpnNri19KZ1l,,2024-09-19,United Airlines,United Airlines,-500.0,USD,in store,False
xy9bkvvAgWCqrmdXVQeGHDnKy7jrQEikjRBK1,oQ8pdvvMJmH5zbnGEJ39hNjopRpnNri19KZ1l,,2024-09-18,McDonald's,McDonald's,12.0,USD,in store,False
dBj4711xD3C6AvgkoprKHPGrqleJa6ClKxanb,oQ8pdvvMJmH5zbnGEJ39hNjopRpnNri19KZ1l,,2024-09-18,Starbucks,Starbucks,4.33,USD,in store,False
aK4xNQQzBriNX5wKAaLptWdlPAEwbvSowx3Ka,oQ8pdvvMJmH5zbnGEJ39hNjopRpnNri19KZ1l,,2024-09-17,FUN,SparkFun,89.4,USD,in store,False
kPLZzvv7xQFmBe36EbKdH49drwxob7iqnepDG,gdQjloo4Paiq3wQEn19yHmGqdadkmbtPDM6Pb,,2024-09-16,,INTRST PYMNT,-4.22,USD,other,False
pZEokvv1PRuJ7RZEV9xgT5yb8rza9XtbGNnZw,EboMlJJjwBuglj3kxZP7hqab939dqwUrQEBrB,,2024-09-06,United Airlines,United Airlines,500.0,USD,in store,False
4DBqy119akFWV8b5pJPdHzEkKb3Ln8C9zwMR5,oQ8pdvvMJmH5zbnGEJ39hNjopRpnNri19KZ1l,,2024-09-04,Uber,Uber 072515 SF**POOL**,6.33,USD,online,False
oQ8pdvvMJmH5zbnGEJ39hNjLqMrxJ9F1DnydZ,EboMlJJjwBuglj3kxZP7hqab939dqwUrQEBrB,,2024-09-01,,Tectra Inc,500.0,USD,in store,False
EboMlJJjwBuglj3kxZP7hqaZ4mwAVjtr7Plq7,EboMlJJjwBuglj3kxZP7hqab939dqwUrQEBrB,,2024-08-31,,AUTOMATIC PAYMENT - THANK,2078.5,USD,online,False
8AaBygglDjFVplbwJQXLIvbjgkeVlXCg6Vmba,EboMlJJjwBuglj3kxZP7hqab939dqwUrQEBrB,,2024-08-31,KFC,KFC,500.0,USD,in store,False
gdQjloo4Paiq3wQEn19yHmGyM9b7EeFPBQ1xV,EboMlJJjwBuglj3kxZP7hqab939dqwUrQEBrB,,2024-08-31,,Madison Bicycle Shop,500.0,USD,in store,False
ljpMB66e9Qcq693GE5vgH14akwpKrBhnQe7g1,gdQjloo4Paiq3wQEn19yHmGqdadkmbtPDM6Pb,,2024-08-22,,CREDIT CARD 3333 PAYMENT *//,25.0,USD,other,False
N6mkaJJo7juBQokwWgpEI4konMxR6LiodqKAd,oQ8pdvvMJmH5zbnGEJ39hNjopRpnNri19KZ1l,,2024-08-22,Uber,Uber 063015 SF**POOL**,5.4,USD,online,False
5R3Kykkv4MuVzkNR71LmIBA9PKxlmbfblAdPQ,WVl6q33mLyCzgdykxeL8c1K4gxga1dIXM4bX9,,2024-08-21,,ACH Electronic CreditGUSTO PAY 123456,5850.0,USD,online,False
R6kmjqqWQyuVvr9QKGJpI74Q8EgZWbIwyW4pK,8AaBygglDjFVplbwJQXLIvbxG7GDveigarXgn,,2024-08-21,,CD DEPOSIT .INITIAL.,1000.0,USD,other,False
WVl6q33mLyCzgdykxeL8c1KWJVdjDXhX87EkV,EboMlJJjwBuglj3kxZP7hqab939dqwUrQEBrB,,2024-08-20,,Touchstone Climbing,78.5,USD,in store,False
P69nNJJ8QZuE4nxblrgpSPvbKBwQVWC8arvyR,oQ8pdvvMJmH5zbnGEJ39hNjopRpnNri19KZ1l,,2024-08-20,United Airlines,United Airlines,-500.0,USD,in store,False
jN1QrvvjJmfMEbz9y3q1hWGnNMbR3zSxd8ARj,oQ8pdvvMJmH5zbnGEJ39hNjopRpnNri19KZ1l,,2024-08-19,McDonald's,McDonald's,12.0,USD,in store,False
7mdzyoo6a5cQ38MvXNqosxaz4wpKvef6PKpBz,oQ8pdvvMJmH5zbnGEJ39hNjopRpnNri19KZ1l,,2024-08-19,Starbucks,Starbucks,4.33,USD,in store,False
e37NeLLdPxS3eo8G5bWlhXrvkGaMjWiJQlk3y,oQ8pdvvMJmH5zbnGEJ39hNjopRpnNri19KZ1l,,2024-08-18,FUN,SparkFun,89.4,USD,in store,False
qMWg4vvLb1SbBNMWwqdAtBEXlVywqjfLG1MPJ,gdQjloo4Paiq3wQEn19yHmGqdadkmbtPDM6Pb,,2024-08-17,,INTRST PYMNT,-4.22,USD,other,False
A6M7yJJaxkuwVaDKrgd5HyQAxlEP4gCaDlPQk,EboMlJJjwBuglj3kxZP7hqab939dqwUrQEBrB,,2024-08-07,United Airlines,United Airlines,500.0,USD,in store,False
Q6vbPllEXGuQKnaeqGWrsj3BranmbJiZXWelk,oQ8pdvvMJmH5zbnGEJ39hNjopRpnNri19KZ1l,,2024-08-05,Uber,Uber 072515 SF**POOL**,6.33,USD,online,False
GA8LKJJeyxF6mevK9k7zHr3KnMq6VXcqvX35N,EboMlJJjwBuglj3kxZP7hqab939dqwUrQEBrB,,2024-08-02,,Tectra Inc,500.0,USD,in store,False
m7o13vvQgXcLGbpEo5zZSWGawmVR58S9NnJDL,EboMlJJjwBuglj3kxZP7hqab939dqwUrQEBrB,,2024-08-01,,AUTOMATIC PAYMENT - THANK,2078.5,USD,online,False
brNdPZZB6zuoR1XGEMPZSzl1meV6DWCEj1qXG,EboMlJJjwBuglj3kxZP7hqab939dqwUrQEBrB,,2024-08-01,KFC,KFC,500.0,USD,in store,False
negLxvvZMQF1obeGyBkXTpPdzeDvB9CZRNbjP,EboMlJJjwBuglj3kxZP7hqab939dqwUrQEBrB,,2024-08-01,,Madison Bicycle Shop,500.0,USD,in store,False
K6G83JJ14NukX1RpjnM6hx64ravwWGfKqaNkV,gdQjloo4Paiq3wQEn19yHmGqdadkmbtPDM6Pb,,2024-07-23,,CREDIT CARD 3333 PAYMENT *//,25.0,USD,other,False
Z6rlzaav8yuy8nRk4JbpSgdVPxAGXWiPpDl1g,oQ8pdvvMJmH5zbnGEJ39hNjopRpnNri19KZ1l,,2024-07-23,Uber,Uber 063015 SF**POOL**,5.4,USD,online,False
J6AgBJJM4Nu6LMkDPRZmH3587ZxbBkf13vJrX,WVl6q33mLyCzgdykxeL8c1K4gxga1dIXM4bX9,,2024-07-22,,ACH Electronic CreditGUSTO PAY 123456,5850.0,USD,online,False
65xryppRebcJm8WBby5lTewEoDZqAkImZp3D6,8AaBygglDjFVplbwJQXLIvbxG7GDveigarXgn,,2024-07-22,,CD DEPOSIT .INITIAL.,1000.0,USD,other,False
yyvmJwwGMWC6ap49EZv7HKVkB3WaQoUombAz4,EboMlJJjwBuglj3kxZP7hqab939dqwUrQEBrB,,2024-07-21,,Touchstone Climbing,78.5,USD,in store,False
M6bWdJJpjNuJEpb9WjLzTay9VJRGDmcNv8yRL,oQ8pdvvMJmH5zbnGEJ39hNjopRpnNri19KZ1l,,2024-07-21,United Airlines,United Airlines,-500.0,USD,in store,False
15KX7QQb4McgGQ47ePD6hrA5vmGZ1acNRGoPq,oQ8pdvvMJmH5zbnGEJ39hNjopRpnNri19KZ1l,,2024-07-20,McDonald's,McDonald's,12.0,USD,in store,False
L6nExJJL4NugJL8bnR1XhdabZAMj9EiqMyaWl,oQ8pdvvMJmH5zbnGEJ39hNjopRpnNri19KZ1l,,2024-07-20,Starbucks,Starbucks,4.33,USD,in store,False
pZEokvv1PRuJ7RZEV9xgT5yb8rza9XtbGNnQK,oQ8pdvvMJmH5zbnGEJ39hNjopRpnNri19KZ1l,,2024-07-19,FUN,SparkFun,89.4,USD,in store,False
r1A8NvvpgWu9k7BGEqaDHgQywPLNqlip4VM97,gdQjloo4Paiq3wQEn19yHmGqdadkmbtPDM6Pb,,2024-07-18,,INTRST PYMNT,-4.22,USD,other,False
9D43yJJqdMF8vq4N7EleHkp4BVdzwqUk1wDpq,EboMlJJjwBuglj3kxZP7hqab939dqwUrQEBrB,,2024-07-08,United Airlines,United Airlines,500.0,USD,in store,False
oQ8pdvvMJmH5zbnGEJ39hNjLqMrxJ9F1DnyVr,oQ8pdvvMJmH5zbnGEJ39hNjopRpnNri19KZ1l,,2024-07-06,Uber,Uber 072515 SF**POOL**,6.33,USD,online,False
vymGevvEMWCl57xE1DjyCWwlyze5DdSgmBRMn,EboMlJJjwBuglj3kxZP7hqab939dqwUrQEBrB,,2024-07-03,,Tectra Inc,500.0,USD,in store,False
X6qXKxxygVuQzm9bAKB8swvrVPp3NLF9ZNEm9,EboMlJJjwBuglj3kxZP7hqab939dqwUrQEBrB,,2024-07-02,,AUTOMATIC PAYMENT - THANK,2078.5,USD,online,False
65xryppRebcJm8WBby5lTewEoDZqAkImZp3BG,EboMlJJjwBuglj3kxZP7hqab939dqwUrQEBrB,,2024-07-02,KFC,KFC,500.0,USD,in store,False
R6kmjqqWQyuVvr9QKGJpI74Q8EgZWbIwyW4gG,EboMlJJjwBuglj3kxZP7hqab939dqwUrQEBrB,,2024-07-02,,Madison Bicycle Shop,500.0,USD,in store,False
zVRyovvkawCDaX9MboZ7Tn9zVPN3o8iMr1mB3,gdQjloo4Paiq3wQEn19yHmGqdadkmbtPDM6Pb,,2024-06-23,,CREDIT CARD 3333 PAYMENT *//,25.0,USD,other,False
gdQjloo4Paiq3wQEn19yHmGyM9b7EeFPBQ17P,oQ8pdvvMJmH5zbnGEJ39hNjopRpnNri19KZ1l,,2024-06-23,Uber,Uber 063015 SF**POOL**,5.4,USD,online,False
kPLZzvv7xQFmBe36EbKdH49drwxob7iqnepVD,WVl6q33mLyCzgdykxeL8c1K4gxga1dIXM4bX9,,2024-06-22,,ACH Electronic CreditGUSTO PAY 123456,5850.0,USD,online,False
X6qXKxxygVuQzm9bAKB8swvrVPp3NLF9ZNEKX,8AaBygglDjFVplbwJQXLIvbxG7GDveigarXgn,,2024-06-22,,CD DEPOSIT .INITIAL.,1000.0,USD,other,False
D6pZyJJP1zud9PqEWaNVilLyaWKABXt7DBQ5Z,EboMlJJjwBuglj3kxZP7hqab939dqwUrQEBrB,,2024-06-21,,Touchstone Climbing,78.5,USD,in store,False
8AaBygglDjFVplbwJQXLIvbjgkeVlXCg6VmJN,oQ8pdvvMJmH5zbnGEJ39hNjopRpnNri19KZ1l,,2024-06-21,United Airlines,United Airlines,-500.0,USD,in store,False
EboMlJJjwBuglj3kxZP7hqaZ4mwAVjtr7Pl5z,oQ8pdvvMJmH5zbnGEJ39hNjopRpnNri19KZ1l,,2024-06-20,McDonald's,McDonald's,12.0,USD,in store,False
WVl6q33mLyCzgdykxeL8c1KWJVdjDXhX87EQq,oQ8pdvvMJmH5zbnGEJ39hNjopRpnNri19KZ1l,,2024-06-20,Starbucks,Starbucks,4.33,USD,in store,False
A6M7yJJaxkuwVaDKrgd5HyQAxlEP4gCaDlPxe,oQ8pdvvMJmH5zbnGEJ39hNjopRpnNri19KZ1l,,2024-06-19,FUN,SparkFun,89.4,USD,in store,False
BA1eyJJ4DKFZo4VLzQaduMbA9XrZw4TXENj5A,gdQjloo4Paiq3wQEn19yHmGqdadkmbtPDM6Pb,,2024-06-18,,INTRST PYMNT,-4.22,USD,other,False
V6VRkBBbayua1nQyANXgSMK9wG7ZbWTo1XdBl,EboMlJJjwBuglj3kxZP7hqab939dqwUrQEBrB,,2024-06-08,United Airlines,United Airlines,500.0,USD,in store,False
GA8LKJJeyxF6mevK9k7zHr3KnMq6VXcqvX37r,oQ8pdvvMJmH5zbnGEJ39hNjopRpnNri19KZ1l,,2024-06-06,Uber,Uber 072515 SF**POOL**,6.33,USD,online,False
wwynQvvWbXSR9QjGo67ZInpmGDXr6vi3wxVbK,EboMlJJjwBuglj3kxZP7hqab939dqwUrQEBrB,,2024-06-03,,Tectra Inc,500.0,USD,in store,False
kPLZzvv7xQFmBe36EbKdH49drwxob7iqnepl4,EboMlJJjwBuglj3kxZP7hqab939dqwUrQEBrB,,2024-06-02,,AUTOMATIC PAYMENT - THANK,2078.5,USD,online,False
J6AgBJJM4Nu6LMkDPRZmH3587ZxbBkf13vJDW,EboMlJJjwBuglj3kxZP7hqab939dqwUrQEBrB,,2024-06-02,KFC,KFC,500.0,USD,in store,False
5R3Kykkv4MuVzkNR71LmIBA9PKxlmbfblAd1L,EboMlJJjwBuglj3kxZP7hqab939dqwUrQEBrB,,2024-06-02,,Madison Bicycle Shop,500.0,USD,in store,False
3ozlkMMyGXFEg87NdZxDSEJA6lKNdoCQ6eRb8,gdQjloo4Paiq3wQEn19yHmGqdadkmbtPDM6Pb,,2024-05-24,,CREDIT CARD 3333 PAYMENT *//,25.0,USD,other,False
negLxvvZMQF1obeGyBkXTpPdzeDvB9CZRNbMa,oQ8pdvvMJmH5zbnGEJ39hNjopRpnNri19KZ1l,,2024-05-24,Uber,Uber 063015 SF**POOL**,5.4,USD,online,False
ljpMB66e9Qcq693GE5vgH14akwpKrBhnQe7Xo,WVl6q33mLyCzgdykxeL8c1K4gxga1dIXM4bX9,,2024-05-23,,ACH Electronic CreditGUSTO PAY 123456,5850.0,USD,online,False
D6pZyJJP1zud9PqEWaNVilLyaWKABXt7DBQWw,8AaBygglDjFVplbwJQXLIvbxG7GDveigarXgn,,2024-05-23,,CD DEPOSIT .INITIAL.,1000.0,USD,other,False
ljpMB66e9Qcq693GE5vgH14akwpKrBhnQe7VD,EboMlJJjwBuglj3kxZP7hqab939dqwUrQEBrB,,2024-05-22,,Touchstone Climbing,78.5,USD,in store,False
brNdPZZB6zuoR1XGEMPZSzl1meV6DWCEj1q6M,oQ8pdvvMJmH5zbnGEJ39hNjopRpnNri19KZ1l,,2024-05-22,United Airlines,United Airlines,-500.0,USD,in store,False
m7o13vvQgXcLGbpEo5zZSWGawmVR58S9NnJQB,oQ8pdvvMJmH5zbnGEJ39hNjopRpnNri19KZ1l,,2024-05-21,McDonald's,McDonald's,12.0,USD,in store,False
yyvmJwwGMWC6ap49EZv7HKVkB3WaQoUombA8N,oQ8pdvvMJmH5zbnGEJ39hNjopRpnNri19KZ1l,,2024-05-21,Starbucks,Starbucks,4.33,USD,in store,False
9D43yJJqdMF8vq4N7EleHkp4BVdzwqUk1wDoZ,oQ8pdvvMJmH5zbnGEJ39hNjopRpnNri19KZ1l,,2024-05-20,FUN,SparkFun,89.4,USD,in store,False
xy9bkvvAgWCqrmdXVQeGHDnKy7jrQEikjRBPN,gdQjloo4Paiq3wQEn19yHmGqdadkmbtPDM6Pb,,2024-05-19,,INTRST PYMNT,-4.22,USD,other,False
qMWg4vvLb1SbBNMWwqdAtBEXlVywqjfLG1Mzp,EboMlJJjwBuglj3kxZP7hqab939dqwUrQEBrB,,2024-05-09,United Airlines,United Airlines,500.0,USD,in store,False
vymGevvEMWCl57xE1DjyCWwlyze5DdSgmBRbN,oQ8pdvvMJmH5zbnGEJ39hNjopRpnNri19KZ1l,,2024-05-07,Uber,Uber 072515 SF**POOL**,6.33,USD,online,False
K6G83JJ14NukX1RpjnM6hx64ravwWGfKqaNxw,EboMlJJjwBuglj3kxZP7hqab939dqwUrQEBrB,,2024-05-04,,Tectra Inc,500.0,USD,in store,False
BA1eyJJ4DKFZo4VLzQaduMbA9XrZw4TXENjGr,EboMlJJjwBuglj3kxZP7hqab939dqwUrQEBrB,,2024-05-03,,AUTOMATIC PAYMENT - THANK,2078.5,USD,online,False
zVRyovvkawCDaX9MboZ7Tn9zVPN3o8iMr1mGR,EboMlJJjwBuglj3kxZP7hqab939dqwUrQEBrB,,2024-05-03,KFC,KFC,500.0,USD,in store,False
r1A8NvvpgWu9k7BGEqaDHgQywPLNqlip4VMvZ,EboMlJJjwBuglj3kxZP7hqab939dqwUrQEBrB,,2024-05-03,,Madison Bicycle Shop,500.0,USD,in store,False
dBj4711xD3C6AvgkoprKHPGrqleJa6ClKxazl,gdQjloo4Paiq3wQEn19yHmGqdadkmbtPDM6Pb,,2024-04-24,,CREDIT CARD 3333 PAYMENT *//,25.0,USD,other,False
R6kmjqqWQyuVvr9QKGJpI74Q8EgZWbIwyW4N8,oQ8pdvvMJmH5zbnGEJ39hNjopRpnNri19KZ1l,,2024-04-24,Uber,Uber 063015 SF**POOL**,5.4,USD,online,False
qMWg4vvLb1SbBNMWwqdAtBEXlVywqjfLG1MDK,WVl6q33mLyCzgdykxeL8c1K4gxga1dIXM4bX9,,2024-04-23,,ACH Electronic CreditGUSTO PAY 123456,5850.0,USD,online,False
V6VRkBBbayua1nQyANXgSMK9wG7ZbWTo1Xdgk,8AaBygglDjFVplbwJQXLIvbxG7GDveigarXgn,,2024-04-23,,CD DEPOSIT .INITIAL.,1000.0,USD,other,False
3ozlkMMyGXFEg87NdZxDSEJA6lKNdoCQ6eRaB,EboMlJJjwBuglj3kxZP7hqab939dqwUrQEBrB,,2024-04-22,,Touchstone Climbing,78.5,USD,in store,False
65xryppRebcJm8WBby5lTewEoDZqAkImZp3Qy,oQ8pdvvMJmH5zbnGEJ39hNjopRpnNri19KZ1l,,2024-04-22,United Airlines,United Airlines,-500.0,USD,in store,False
X6qXKxxygVuQzm9bAKB8swvrVPp3NLF9ZNEkN,oQ8pdvvMJmH5zbnGEJ39hNjopRpnNri19KZ1l,,2024-04-21,McDonald's,McDonald's,12.0,USD,in store,False
D6pZyJJP1zud9PqEWaNVilLyaWKABXt7DBQNx,oQ8pdvvMJmH5zbnGEJ39hNjopRpnNri19KZ1l,,2024-04-21,Starbucks,Starbucks,4.33,USD,in store,False
V6VRkBBbayua1nQyANXgSMK9wG7ZbWTo1XdQP,oQ8pdvvMJmH5zbnGEJ39hNjopRpnNri19KZ1l,,2024-04-20,FUN,SparkFun,89.4,USD,in store,False
aK4xNQQzBriNX5wKAaLptWdlPAEwbvSowx3JX,gdQjloo4Paiq3wQEn19yHmGqdadkmbtPDM6Pb,,2024-04-19,,INTRST PYMNT,-4.22,USD,other,False
xy9bkvvAgWCqrmdXVQeGHDnKy7jrQEikjRBER,EboMlJJjwBuglj3kxZP7hqab939dqwUrQEBrB,,2024-04-09,United Airlines,United Airlines,500.0,USD,in store,False
wwynQvvWbXSR9QjGo67ZInpmGDXr6vi3wxVzV,oQ8pdvvMJmH5zbnGEJ39hNjopRpnNri19KZ1l,,2024-04-07,Uber,Uber 072515 SF**POOL**,6.33,USD,online,False
dBj4711xD3C6AvgkoprKHPGrqleJa6ClKxa3e,EboMlJJjwBuglj3kxZP7hqab939dqwUrQEBrB,,2024-04-04,,Tectra Inc,500.0,USD,in store,False
N6mkaJJo7juBQokwWgpEI4konMxR6LiodqK1Q,EboMlJJjwBuglj3kxZP7hqab939dqwUrQEBrB,,2024-04-03,,AUTOMATIC PAYMENT - THANK,2078.5,USD,online,False
4DBqy119akFWV8b5pJPdHzEkKb3Ln8C9zwMxM,EboMlJJjwBuglj3kxZP7hqab939dqwUrQEBrB,,2024-04-03,KFC,KFC,500.0,USD,in store,False
aK4xNQQzBriNX5wKAaLptWdlPAEwbvSowx39Q,EboMlJJjwBuglj3kxZP7hqab939dqwUrQEBrB,,2024-04-03,,Madison Bicycle Shop,500.0,USD,in store,False
4DBqy119akFWV8b5pJPdHzEkKb3Ln8C9zwMVW,gdQjloo4Paiq3wQEn19yHmGqdadkmbtPDM6Pb,,2024-03-25,,CREDIT CARD 3333 PAYMENT *//,25.0,USD,other,False
5R3Kykkv4MuVzkNR71LmIBA9PKxlmbfblAdX8,oQ8pdvvMJmH5zbnGEJ39hNjopRpnNri19KZ1l,,2024-03-25,Uber,Uber 063015 SF**POOL**,5.4,USD,online,False
K6G83JJ14NukX1RpjnM6hx64ravwWGfKqaNBx,WVl6q33mLyCzgdykxeL8c1K4gxga1dIXM4bX9,,2024-03-24,,ACH Electronic CreditGUSTO PAY 123456,5850.0,USD,online,False
wwynQvvWbXSR9QjGo67ZInpmGDXr6vi3wxVZw,8AaBygglDjFVplbwJQXLIvbxG7GDveigarXgn,,2024-03-24,,CD DEPOSIT .INITIAL.,1000.0,USD,other,False
P69nNJJ8QZuE4nxblrgpSPvbKBwQVWC8arv4y,EboMlJJjwBuglj3kxZP7hqab939dqwUrQEBrB,,2024-03-23,,Touchstone Climbing,78.5,USD,in store,False
J6AgBJJM4Nu6LMkDPRZmH3587ZxbBkf13vJXe,oQ8pdvvMJmH5zbnGEJ39hNjopRpnNri19KZ1l,,2024-03-23,United Airlines,United Airlines,-500.0,USD,in store,False
kPLZzvv7xQFmBe36EbKdH49drwxob7iqnep77,oQ8pdvvMJmH5zbnGEJ39hNjopRpnNri19KZ1l,,2024-03-22,McDonald's,McDonald's,12.0,USD,in store,False
ljpMB66e9Qcq693GE5vgH14akwpKrBhnQe7Bg,oQ8pdvvMJmH5zbnGEJ39hNjopRpnNri19KZ1l,,2024-03-22,Starbucks,Starbucks,4.33,USD,in store,False
qMWg4vvLb1SbBNMWwqdAtBEXlVywqjfLG1Mlr,oQ8pdvvMJmH5zbnGEJ39hNjopRpnNri19KZ1l,,2024-03-21,FUN,SparkFun,89.4,USD,in store,False
N6mkaJJo7juBQokwWgpEI4konMxR6LiodqKpk,gdQjloo4Paiq3wQEn19yHmGqdadkmbtPDM6Pb,,2024-03-20,,INTRST PYMNT,-4.22,USD,other,False
jN1QrvvjJmfMEbz9y3q1hWGnNMbR3zSxd8A3K,EboMlJJjwBuglj3kxZP7hqab939dqwUrQEBrB,,2024-03-10,United Airlines,United Airlines,500.0,USD,in store,False
K6G83JJ14NukX1RpjnM6hx64ravwWGfKqaNoX,oQ8pdvvMJmH5zbnGEJ39hNjopRpnNri19KZ1l,,2024-03-08,Uber,Uber 072515 SF**POOL**,6.33,USD,online,False
7mdzyoo6a5cQ38MvXNqosxaz4wpKvef6PKpGy,EboMlJJjwBuglj3kxZP7hqab939dqwUrQEBrB,,2024-03-05,,Tectra Inc,500.0,USD,in store,False
Z6rlzaav8yuy8nRk4JbpSgdVPxAGXWiPpDlj6,EboMlJJjwBuglj3kxZP7hqab939dqwUrQEBrB,,2024-03-04,,AUTOMATIC PAYMENT - THANK,2078.5,USD,online,False
Q6vbPllEXGuQKnaeqGWrsj3BranmbJiZXWedQ,EboMlJJjwBuglj3kxZP7hqab939dqwUrQEBrB,,2024-03-04,KFC,KFC,500.0,USD,in store,False
e37NeLLdPxS3eo8G5bWlhXrvkGaMjWiJQlkw9,EboMlJJjwBuglj3kxZP7hqab939dqwUrQEBrB,,2024-03-04,,Madison Bicycle Shop,500.0,USD,in store,False
P69nNJJ8QZuE4nxblrgpSPvbKBwQVWC8arv5m,gdQjloo4Paiq3wQEn19yHmGqdadkmbtPDM6Pb,,2024-02-24,,CREDIT CARD 3333 PAYMENT *//,25.0,USD,other,False
r1A8NvvpgWu9k7BGEqaDHgQywPLNqlip4VMbe,oQ8pdvvMJmH5zbnGEJ39hNjopRpnNri19KZ1l,,2024-02-24,Uber,Uber 063015 SF**POOL**,5.4,USD,online,False
r1A8NvvpgWu9k7BGEqaDHgQywPLNqlip4VM5v,WVl6q33mLyCzgdykxeL8c1K4gxga1dIXM4bX9,,2024-02-23,,ACH Electronic CreditGUSTO PAY 123456,5850.0,USD,online,False
5R3Kykkv4MuVzkNR71LmIBA9PKxlmbfblAdKm,8AaBygglDjFVplbwJQXLIvbxG7GDveigarXgn,,2024-02-23,,CD DEPOSIT .INITIAL.,1000.0,USD,other,False
M6bWdJJpjNuJEpb9WjLzTay9VJRGDmcNv8yoo,EboMlJJjwBuglj3kxZP7hqab939dqwUrQEBrB,,2024-02-22,,Touchstone Climbing,78.5,USD,in store,False
zVRyovvkawCDaX9MboZ7Tn9zVPN3o8iMr1mdG,oQ8pdvvMJmH5zbnGEJ39hNjopRpnNri19KZ1l,,2024-02-22,United Airlines,United Airlines,-500.0,USD,in store,False
BA1eyJJ4DKFZo4VLzQaduMbA9XrZw4TXENjvK,oQ8pdvvMJmH5zbnGEJ39hNjopRpnNri19KZ1l,,2024-02-21,McDonald's,McDonald's,12.0,USD,in store,False
3ozlkMMyGXFEg87NdZxDSEJA6lKNdoCQ6eRgp,oQ8pdvvMJmH5zbnGEJ39hNjopRpnNri19KZ1l,,2024-02-21,Starbucks,Starbucks,4.33,USD,in store,False
xy9bkvvAgWCqrmdXVQeGHDnKy7jrQEikjRBM1,oQ8pdvvMJmH5zbnGEJ39hNjopRpnNri19KZ1l,,2024-02-20,FUN,SparkFun,89.4,USD,in store,False
jN1QrvvjJmfMEbz9y3q1hWGnNMbR3zSxd8Amz,gdQjloo4Paiq3wQEn19yHmGqdadkmbtPDM6Pb,,2024-02-19,,INTRST PYMNT,-4.22,USD,other,False
15KX7QQb4McgGQ47ePD6hrA5vmGZ1acNRGowJ,EboMlJJjwBuglj3kxZP7hqab939dqwUrQEBrB,,2024-02-09,United Airlines,United Airlines,500.0,USD,in store,False
dBj4711xD3C6AvgkoprKHPGrqleJa6ClKxayb,oQ8pdvvMJmH5zbnGEJ39hNjopRpnNri19KZ1l,,2024-02-07,Uber,Uber 072515 SF**POOL**,6.33,USD,online,False
L6nExJJL4NugJL8bnR1XhdabZAMj9EiqMyaJb,EboMlJJjwBuglj3kxZP7hqab939dqwUrQEBrB,,2024-02-04,,Tectra Inc,500.0,USD,in store,False
gdQjloo4Paiq3wQEn19yHmGyM9b7EeFPBQ1XV,EboMlJJjwBuglj3kxZP7hqab939dqwUrQEBrB,,2024-02-03,,AUTOMATIC PAYMENT - THANK,2078.5,USD,online,False
oQ8pdvvMJmH5zbnGEJ39hNjLqMrxJ9F1Dny3Z,EboMlJJjwBuglj3kxZP7hqab939dqwUrQEBrB,,2024-02-03,KFC,KFC,500.0,USD,in store,False
pZEokvv1PRuJ7RZEV9xgT5yb8rza9XtbGNnxw,EboMlJJjwBuglj3kxZP7hqab939dqwUrQEBrB,,2024-02-03,,Madison Bicycle Shop,500.0,USD,in store,False
7mdzyoo6a5cQ38MvXNqosxaz4wpKvef6PKpyE,gdQjloo4Paiq3wQEn19yHmGqdadkmbtPDM6Pb,,2024-01-25,,CREDIT CARD 3333 PAYMENT *//,25.0,USD,other,False
aK4xNQQzBriNX5wKAaLptWdlPAEwbvSowx36a,oQ8pdvvMJmH5zbnGEJ39hNjopRpnNri19KZ1l,,2024-01-25,Uber,Uber 063015 SF**POOL**,5.4,USD,online,False
zVRyovvkawCDaX9MboZ7Tn9zVPN3o8iMr1mvv,WVl6q33mLyCzgdykxeL8c1K4gxga1dIXM4bX9,,2024-01-24,,ACH Electronic CreditGUSTO PAY 123456,5850.0,USD,online,False
J6AgBJJM4Nu6LMkDPRZmH3587ZxbBkf13vJ6G,8AaBygglDjFVplbwJQXLIvbxG7GDveigarXgn,,2024-01-24,,CD DEPOSIT .INITIAL.,1000.0,USD,other,False
8AaBygglDjFVplbwJQXLIvbjgkeVlXCg6Vmya,EboMlJJjwBuglj3kxZP7hqab939dqwUrQEBrB,,2024-01-23,,Touchstone Climbing,78.5,USD,in store,False
4DBqy119akFWV8b5pJPdHzEkKb3Ln8C9zwMp5,oQ8pdvvMJmH5zbnGEJ39hNjopRpnNri19KZ1l,,2024-01-23,United Airlines,United Airlines,-500.0,USD,in store,False
N6mkaJJo7juBQokwWgpEI4konMxR6LiodqK8d,oQ8pdvvMJmH5zbnGEJ39hNjopRpnNri19KZ1l,,2024-01-22,McDonald's,McDonald's,12.0,USD,in store,False
P69nNJJ8QZuE4nxblrgpSPvbKBwQVWC8arvLR,oQ8pdvvMJmH5zbnGEJ39hNjopRpnNri19KZ1l,,2024-01-22,Starbucks,Starbucks,4.33,USD,in store,False
jN1QrvvjJmfMEbz9y3q1hWGnNMbR3zSxd8AKj,oQ8pdvvMJmH5zbnGEJ39hNjopRpnNri19KZ1l,,2024-01-21,FUN,SparkFun,89.4,USD,in store,False
e37NeLLdPxS3eo8G5bWlhXrvkGaMjWiJQlkBo,gdQjloo4Paiq3wQEn19yHmGqdadkmbtPDM6Pb,,2024-01-20,,INTRST PYMNT,-4.22,USD,other,False
EboMlJJjwBuglj3kxZP7hqaZ4mwAVjtr7PlL7,EboMlJJjwBuglj3kxZP7hqab939dqwUrQEBrB,,2024-01-10,United Airlines,United Airlines,500.0,USD,in store,False
7mdzyoo6a5cQ38MvXNqosxaz4wpKvef6PKpbz,oQ8pdvvMJmH5zbnGEJ39hNjopRpnNri19KZ1l,,2024-01-08,Uber,Uber 072515 SF**POOL**,6.33,USD,online,False
WVl6q33mLyCzgdykxeL8c1KWJVdjDXhX87EGV,EboMlJJjwBuglj3kxZP7hqab939dqwUrQEBrB,,2024-01-05,,Tectra Inc,500.0,USD,in store,False
negLxvvZMQF1obeGyBkXTpPdzeDvB9CZRNbBP,EboMlJJjwBuglj3kxZP7hqab939dqwUrQEBrB,,2024-01-04,,AUTOMATIC PAYMENT - THANK,2078.5,USD,online,False
GA8LKJJeyxF6mevK9k7zHr3KnMq6VXcqvX34N,EboMlJJjwBuglj3kxZP7hqab939dqwUrQEBrB,,2024-01-04,KFC,KFC,500.0,USD,in store,False
A6M7yJJaxkuwVaDKrgd5HyQAxlEP4gCaDlPvk,EboMlJJjwBuglj3kxZP7hqab939dqwUrQEBrB,,2024-01-04,,Madison Bicycle Shop,500.0,USD,in store,False
Q6vbPllEXGuQKnaeqGWrsj3BranmbJiZXWe6b,gdQjloo4Paiq3wQEn19yHmGqdadkmbtPDM6Pb,,2023-12-26,,CREDIT CARD 3333 PAYMENT *//,25.0,USD,other,False
e37NeLLdPxS3eo8G5bWlhXrvkGaMjWiJQlkvy,oQ8pdvvMJmH5zbnGEJ39hNjopRpnNri19KZ1l,,2023-12-26,Uber,Uber 063015 SF**POOL**,5.4,USD,online,False
BA1eyJJ4DKFZo4VLzQaduMbA9XrZw4TXENjKP,WVl6q33mLyCzgdykxeL8c1K4gxga1dIXM4bX9,,2023-12-25,,ACH Electronic CreditGUSTO PAY 123456,5850.0,USD,online,False
kPLZzvv7xQFmBe36EbKdH49drwxob7iqnep6G,8AaBygglDjFVplbwJQXLIvbxG7GDveigarXgn,,2023-12-25,,CD DEPOSIT .INITIAL.,1000.0,USD,other,False
brNdPZZB6zuoR1XGEMPZSzl1meV6DWCEj1qwG,EboMlJJjwBuglj3kxZP7hqab939dqwUrQEBrB,,2023-12-24,,Touchstone Climbing,78.5,USD,in store,False
Q6vbPllEXGuQKnaeqGWrsj3BranmbJiZXWePk,oQ8pdvvMJmH5zbnGEJ39hNjopRpnNri19KZ1l,,2023-12-24,United Airlines,United Airlines,-500.0,USD,in store,False
Z6rlzaav8yuy8nRk4JbpSgdVPxAGXWiPpDlag,oQ8pdvvMJmH5zbnGEJ39hNjopRpnNri19KZ1l,,2023-12-23,McDonald's,McDonald's,12.0,USD,in store,False
M6bWdJJpjNuJEpb9WjLzTay9VJRGDmcNv8yXL,oQ8pdvvMJmH5zbnGEJ39hNjopRpnNri19KZ1l,,2023-12-23,Starbucks,Starbucks,4.33,USD,in store,False
15KX7QQb4McgGQ47ePD6hrA5vmGZ1acNRGo9q,oQ8pdvvMJmH5zbnGEJ39hNjopRpnNri19KZ1l,,2023-12-22,FUN,SparkFun,89.4,USD,in store,False
Z6rlzaav8yuy8nRk4JbpSgdVPxAGXWiPpDlmQ,gdQjloo4Paiq3wQEn19yHmGqdadkmbtPDM6Pb,,2023-12-21,,INTRST PYMNT,-4.22,USD,other,False
m7o13vvQgXcLGbpEo5zZSWGawmVR58S9NnJ5L,EboMlJJjwBuglj3kxZP7hqab939dqwUrQEBrB,,2023-12-11,United Airlines,United Airlines,500.0,USD,in store,False
L6nExJJL4NugJL8bnR1XhdabZAMj9EiqMya6l,oQ8pdvvMJmH5zbnGEJ39hNjopRpnNri19KZ1l,,2023-12-09,Uber,Uber 072515 SF**POOL**,6.33,USD,online,False
yyvmJwwGMWC6ap49EZv7HKVkB3WaQoUombAQ4,EboMlJJjwBuglj3kxZP7hqab939dqwUrQEBrB,,2023-12-06,,Tectra Inc,500.0,USD,in store,False
R6kmjqqWQyuVvr9QKGJpI74Q8EgZWbIwyW4QG,EboMlJJjwBuglj3kxZP7hqab939dqwUrQEBrB,,2023-12-05,,AUTOMATIC PAYMENT - THANK,2078.5,USD,online,False
vymGevvEMWCl57xE1DjyCWwlyze5DdSgmBRDn,EboMlJJjwBuglj3kxZP7hqab939dqwUrQEBrB,,2023-12-05,KFC,KFC,500.0,USD,in store,False
9D43yJJqdMF8vq4N7EleHkp4BVdzwqUk1wDmq,EboMlJJjwBuglj3kxZP7hqab939dqwUrQEBrB,,2023-12-05,,Madison Bicycle Shop,500.0,USD,in store,False
M6bWdJJpjNuJEpb9WjLzTay9VJRGDmcNv8y6Q,gdQjloo4Paiq3wQEn19yHmGqdadkmbtPDM6Pb,,2023-11-26,,CREDIT CARD 3333 PAYMENT *//,25.0,USD,other,False
pZEokvv1PRuJ7RZEV9xgT5yb8rza9XtbGNnlK,oQ8pdvvMJmH5zbnGEJ39hNjopRpnNri19KZ1l,,2023-11-26,Uber,Uber 063015 SF**POOL**,5.4,USD,online,False
3ozlkMMyGXFEg87NdZxDSEJA6lKNdoCQ6eR1A,WVl6q33mLyCzgdykxeL8c1K4gxga1dIXM4bX9,,2023-11-25,,ACH Electronic CreditGUSTO PAY 123456,5850.0,USD,online,False
ljpMB66e9Qcq693GE5vgH14akwpKrBhnQe7o1,8AaBygglDjFVplbwJQXLIvbxG7GDveigarXgn,,2023-11-25,,CD DEPOSIT .INITIAL.,1000.0,USD,other,False
65xryppRebcJm8WBby5lTewEoDZqAkImZp3RG,EboMlJJjwBuglj3kxZP7hqab939dqwUrQEBrB,,2023-11-24,,Touchstone Climbing,78.5,USD,in store,False
oQ8pdvvMJmH5zbnGEJ39hNjLqMrxJ9F1DnyQr,oQ8pdvvMJmH5zbnGEJ39hNjopRpnNri19KZ1l,,2023-11-24,United Airlines,United Airlines,-500.0,USD,in store,False
gdQjloo4Paiq3wQEn19yHmGyM9b7EeFPBQ1NP,oQ8pdvvMJmH5zbnGEJ39hNjopRpnNri19KZ1l,,2023-11-23,McDonald's,McDonald's,12.0,USD,in store,False
8AaBygglDjFVplbwJQXLIvbjgkeVlXCg6Vm7N,oQ8pdvvMJmH5zbnGEJ39hNjopRpnNri19KZ1l,,2023-11-23,Starbucks,Starbucks,4.33,USD,in store,False
EboMlJJjwBuglj3kxZP7hqaZ4mwAVjtr7Pl8z,oQ8pdvvMJmH5zbnGEJ39hNjopRpnNri19KZ1l,,2023-11-22,FUN,SparkFun,89.4,USD,in store,False
15KX7QQb4McgGQ47ePD6hrA5vmGZ1acNRGoj4,gdQjloo4Paiq3wQEn19yHmGqdadkmbtPDM6Pb,,2023-11-21,,INTRST PYMNT,-4.22,USD,other,False
X6qXKxxygVuQzm9bAKB8swvrVPp3NLF9ZNER9,EboMlJJjwBuglj3kxZP7hqab939dqwUrQEBrB,,2023-11-11,United Airlines,United Airlines,500.0,USD,in store,False
WVl6q33mLyCzgdykxeL8c1KWJVdjDXhX87E3q,oQ8pdvvMJmH5zbnGEJ39hNjopRpnNri19KZ1l,,2023-11-09,Uber,Uber 072515 SF**POOL**,6.33,USD,online,False
D6pZyJJP1zud9PqEWaNVilLyaWKABXt7DBQ8Z,EboMlJJjwBuglj3kxZP7hqab939dqwUrQEBrB,,2023-11-06,,Tectra Inc,500.0,USD,in store,False
5R3Kykkv4MuVzkNR71LmIBA9PKxlmbfblAdDL,EboMlJJjwBuglj3kxZP7hqab939dqwUrQEBrB,,2023-11-05,,AUTOMATIC PAYMENT - THANK,2078.5,USD,online,False
wwynQvvWbXSR9QjGo67ZInpmGDXr6vi3wxV6K,EboMlJJjwBuglj3kxZP7hqab939dqwUrQEBrB,,2023-11-05,KFC,KFC,500.0,USD,in store,False
V6VRkBBbayua1nQyANXgSMK9wG7ZbWTo1XdJl,EboMlJJjwBuglj3kxZP7hqab939dqwUrQEBrB,,2023-11-05,,Madison Bicycle Shop,500.0,USD,in store,False
L6nExJJL4NugJL8bnR1XhdabZAMj9EiqMyajw,gdQjloo4Paiq3wQEn19yHmGqdadkmbtPDM6Pb,,2023-10-27,,CREDIT CARD 3333 PAYMENT *//,25.0,USD,other,False
A6M7yJJaxkuwVaDKrgd5HyQAxlEP4gCaDlPLe,oQ8pdvvMJmH5zbnGEJ39hNjopRpnNri19KZ1l,,2023-10-27,Uber,Uber 063015 SF**POOL**,5.4,USD,online,False
xy9bkvvAgWCqrmdXVQeGHDnKy7jrQEikjRBGz,WVl6q33mLyCzgdykxeL8c1K4gxga1dIXM4bX9,,2023-10-26,,ACH Electronic CreditGUSTO PAY 123456,5850.0,USD,online,False
qMWg4vvLb1SbBNMWwqdAtBEXlVywqjfLG1MrJ,8AaBygglDjFVplbwJQXLIvbxG7GDveigarXgn,,2023-10-26,,CD DEPOSIT .INITIAL.,1000.0,USD,other,False
J6AgBJJM4Nu6LMkDPRZmH3587ZxbBkf13vJLW,EboMlJJjwBuglj3kxZP7hqab939dqwUrQEBrB,,2023-10-25,,Touchstone Climbing,78.5,USD,in store,False
GA8LKJJeyxF6mevK9k7zHr3KnMq6VXcqvX3Kr,oQ8pdvvMJmH5zbnGEJ39hNjopRpnNri19KZ1l,,2023-10-25,United Airlines,United Airlines,-500.0,USD,in store,False
negLxvvZMQF1obeGyBkXTpPdzeDvB9CZRNb9a,oQ8pdvvMJmH5zbnGEJ39hNjopRpnNri19KZ1l,,2023-10-24,McDonald's,McDonald's,12.0,USD,in store,False
brNdPZZB6zuoR1XGEMPZSzl1meV6DWCEj1qnM,oQ8pdvvMJmH5zbnGEJ39hNjopRpnNri19KZ1l,,2023-10-24,Starbucks,Starbucks,4.33,USD,in store,False
m7o13vvQgXcLGbpEo5zZSWGawmVR58S9NnJeB,oQ8pdvvMJmH5zbnGEJ39hNjopRpnNri19KZ1l,,2023-10-23,FUN,SparkFun,89.4,USD,in store,False
pZEokvv1PRuJ7RZEV9xgT5yb8rza9XtbGNnoW,gdQjloo4Paiq3wQEn19yHmGqdadkmbtPDM6Pb,,2023-10-22,,INTRST PYMNT,-4.22,USD,other,False
74P3wVpzWmHJVVdPW4XBUxa854zkdAiwQJPRA,qKlp7jRgaMimKK6Pzvw4HBEbNBvQLjigzbe5r,,2025-10-12,FUN,SparkFun,89.4,USD,in store,False
pqgpjX5odZU5qqDMN8VdU5yLv8bBDpFXgoGaa,KbR9MVn8r6SK33WNGVjLIx6oMxlNXGFRxwljX,,2025-10-11,,INTRST PYMNT,-4.22,USD,other,False
8N6V5RpB8ATD44nkaNJeTvbwZgjN4rfNa36qj,JnkRZbEgK6SJnnBNQyPxU35pb5BpK3UBD7lGL,,2025-10-01,United Airlines,United Airlines,500.0,USD,in store,False
eg6QKJvN83HEzzaMKV5qIXrqNkv6xbtxD9Q8q,qKlp7jRgaMimKK6Pzvw4HBEbNBvQLjigzbe5r,,2025-09-29,Uber,Uber 072515 SF**POOL**,6.33,USD,online,False
E87EPr9MgbS6yyVopaxnuqa574ZQ8JS6Qx7bk,JnkRZbEgK6SJnnBNQyPxU35pb5BpK3UBD7lGL,,2025-09-26,,Tectra Inc,500.0,USD,in store,False
GWwB7kQLEAuAZZV1jd9xTr3DRnKkbgFZ9Mvk7,JnkRZbEgK6SJnnBNQyPxU35pb5BpK3UBD7lGL,,2025-09-25,,AUTOMATIC PAYMENT - THANK,2078.5,USD,online,False
AL1bd9n7v6IB664p8lrnUyQK9xAdvBTBwrDz5,JnkRZbEgK6SJnnBNQyPxU35pb5BpK3UBD7lGL,,2025-09-25,KFC,KFC,500.0,USD,in store,False
WaJgb4R6eVcpRRvD3XxEi1KNmJWekECBMZ8gE,JnkRZbEgK6SJnnBNQyPxU35pb5BpK3UBD7lGL,,2025-09-25,,Madison Bicycle Shop,500.0,USD,in store,False
olbNPL5pkQTNll1PM8EwUNjZvqLVwXFv9qDEz,KbR9MVn8r6SK33WNGVjLIx6oMxlNXGFRxwljX,,2025-09-16,,CREDIT CARD 3333 PAYMENT *//,25.0,USD,other,False
Qrzg8WJba6UVoolEyXqDij3DErB4XlijomX9q,qKlp7jRgaMimKK6Pzvw4HBEbNBvQLjigzbe5r,,2025-09-16,Uber,Uber 063015 SF**POOL**,5.4,USD,online,False
bLpQ5jxd9rIqnnbk6VE3Szl3dm1MrnfBLbj8K,knwjdmyZrPSaJJpk7vEAI49Eo9bER4CLlP43V,,2025-09-15,,ACH Electronic CreditGUSTO PAY 123456,5850.0,USD,online,False
gEpZzJbjLdHovvbMgVnkImGRjMyQgAcyD8BWQ,rrqye5J841UgrrmPMVEoSgQxagWABlC7eKrXe,,2025-09-15,,CD DEPOSIT .INITIAL.,1000.0,USD,other,False
ny41NJ5L3efpggA9Vvy6ipPJkzdQxmuJklRv9,JnkRZbEgK6SJnnBNQyPxU35pb5BpK3UBD7lGL,,2025-09-14,,Touchstone Climbing,78.5,USD,in store,False
ZPbD9jqlG6hBmmPaMV4NUgdplPV1m5TxLqpMZ,qKlp7jRgaMimKK6Pzvw4HBEbNBvQLjigzbe5r,,2025-09-14,United Airlines,United Airlines,-500.0,USD,in store,False
MylGLZ7WB6f8qqD4xwWBfay8bV9jMAfmx6v3n,qKlp7jRgaMimKK6Pzvw4HBEbNBvQLjigzbe5r,,2025-09-13,McDonald's,McDonald's,12.0,USD,in store,False
1zJ3vwlXD5SxppkMnze8IrAglv5Ez3FD7jRBM,qKlp7jRgaMimKK6Pzvw4HBEbNBvQLjigzbe5r,,2025-09-13,Starbucks,Starbucks,4.33,USD,in store,False
LmMy1bVEz6F7ll9NvGnqIdag3ZbRqrC38jMw1,qKlp7jRgaMimKK6Pzvw4HBEbNBvQLjigzbe5r,,2025-09-12,FUN,SparkFun,89.4,USD,in store,False
mmJZ4951B7FWddXx3voDUWG8v5MjK8trjyNpE,KbR9MVn8r6SK33WNGVjLIx6oMxlNXGFRxwljX,,2025-09-11,,INTRST PYMNT,-4.22,USD,other,False
LmMy1bVEz6F7ll9NvGnqIdaEq9ygNEu38jMna,JnkRZbEgK6SJnnBNQyPxU35pb5BpK3UBD7lGL,,2025-09-01,,United Airlines,500.0,USD,other,False
a1kyw3exLKuG114EjVAJsWdvQb1JNvtX45wD6,qKlp7jRgaMimKK6Pzvw4HBEbNBvQLjigzbe5r,,2025-08-30,,Uber 072515 SF**POOL**,6.33,USD,other,False
33Pw6vKlDosVLLjaW3driEJo9dzQnoIWJl6yE,JnkRZbEgK6SJnnBNQyPxU35pb5BpK3UBD7lGL,,2025-08-27,,Tectra Inc,500.0,USD,other,False
a1kyw3exLKuG114EjVAJsWdvQb1JNvtX45wmJ,JnkRZbEgK6SJnnBNQyPxU35pb5BpK3UBD7lGL,,2025-08-26,,AUTOMATIC PAYMENT - THANK,2078.5,USD,other,False
dogaqJw4ABUB11e5qVowUPG6NaDwg6uXNEK1y,JnkRZbEgK6SJnnBNQyPxU35pb5BpK3UBD7lGL,,2025-08-26,,KFC,500.0,USD,other,False
xaxwpXrbZycDNNyMAZVvTDnE8QJWXECQw4jaK,JnkRZbEgK6SJnnBNQyPxU35pb5BpK3UBD7lGL,,2025-08-26,,Madison Bicycle Shop,500.0,USD,other,False
y4dzobVmZyHKPPqRMwEXIKVoDQbrpoCgd6mna,KbR9MVn8r6SK33WNGVjLIx6oMxlNXGFRxwljX,,2025-08-17,,CREDIT CARD 3333 PAYMENT *//,25.0,USD,other,False
4x6jXVrqgDHv4496qXpQIzE86nBWM8Fm5bzLV,qKlp7jRgaMimKK6Pzvw4HBEbNBvQLjigzbe5r,,2025-08-17,,Uber 063015 SF**POOL**,5.4,USD,other,False
5d7GDVoK1RIGeegMKd7lsBAb4mNQWbt6VKlP1,knwjdmyZrPSaJJpk7vEAI49Eo9bER4CLlP43V,,2025-08-16,,ACH Electronic CreditGUSTO PAY 123456,5850.0,USD,other,False
RzBXE18m46SX33a4EoK6f74boWnmkbhZjpypy,rrqye5J841UgrrmPMVEoSgQxagWABlC7eKrXe,,2025-08-16,,CD DEPOSIT .INITIAL.,1000.0,USD,other,False
4x6jXVrqgDHv4496qXpQIzE86nBWM8Fm5bzyb,JnkRZbEgK6SJnnBNQyPxU35pb5BpK3UBD7lGL,,2025-08-15,,Touchstone Climbing,78.5,USD,other,False
NlqbpnRk36TdXX6LmbWas4kLb6E5yLiVZ6dQ6,qKlp7jRgaMimKK6Pzvw4HBEbNBvQLjigzbe5r,,2025-08-15,,United Airlines,-500.0,USD,other,False
PKrXgEbnd6iRzzVd8ylwtPvW4VR5NWuKd6aAl,qKlp7jRgaMimKK6Pzvw4HBEbNBvQLjigzbe5r,,2025-08-14,,McDonald's,12.0,USD,other,False
jGpXxgbQKNUWLLPxJvymUWGzv3ZmwztQ4WdaV,qKlp7jRgaMimKK6Pzvw4HBEbNBvQLjigzbe5r,,2025-08-14,,Starbucks,4.33,USD,other,False
74P3wVpzWmHJVVdPW4XBUxaedvm87euwQJPxG,qKlp7jRgaMimKK6Pzvw4HBEbNBvQLjigzbe5r,,2025-08-13,,SparkFun,89.4,USD,other,False
9PkNlw83gDhKVVw5pP7nIkpqEw5NPqsK8x1yG,KbR9MVn8r6SK33WNGVjLIx6oMxlNXGFRxwljX,,2025-08-12,,INTRST PYMNT,-4.22,USD,other,False
NlqbpnRk36TdXX6LmbWas4kLb6E5yLiVZ6dJJ,JnkRZbEgK6SJnnBNQyPxU35pb5BpK3UBD7lGL,,2025-08-02,,United Airlines,500.0,USD,other,False
eg6QKJvN83HEzzaMKV5qIXrWxj7qKWuxD9Qmj,qKlp7jRgaMimKK6Pzvw4HBEbNBvQLjigzbe5r,,2025-07-31,,Uber 072515 SF**POOL**,6.33,USD,other,False
PKrXgEbnd6iRzzVd8ylwtPvW4VR5NWuKd6alP,JnkRZbEgK6SJnnBNQyPxU35pb5BpK3UBD7lGL,,2025-07-28,,Tectra Inc,500.0,USD,other,False
eg6QKJvN83HEzzaMKV5qIXrWxj7qKWuxD9QZN,JnkRZbEgK6SJnnBNQyPxU35pb5BpK3UBD7lGL,,2025-07-27,,AUTOMATIC PAYMENT - THANK,2078.5,USD,other,False
74P3wVpzWmHJVVdPW4XBUxaedvm87euwQJPk9,JnkRZbEgK6SJnnBNQyPxU35pb5BpK3UBD7lGL,,2025-07-27,,KFC,500.0,USD,other,False
jGpXxgbQKNUWLLPxJvymUWGzv3ZmwztQ4Wdg3,JnkRZbEgK6SJnnBNQyPxU35pb5BpK3UBD7lGL,,2025-07-27,,Madison Bicycle Shop,500.0,USD,other,False
vxB91RqG7yHWNNkJZv1XUWwdZDn34dtwx6mex,KbR9MVn8r6SK33WNGVjLIx6oMxlNXGFRxwljX,,2025-07-18,,CREDIT CARD 3333 PAYMENT *//,25.0,USD,other,False
Qrzg8WJba6UVoolEyXqDij3JXbvDPJcjomXDx,qKlp7jRgaMimKK6Pzvw4HBEbNBvQLjigzbe5r,,2025-07-18,,Uber 063015 SF**POOL**,5.4,USD,other,False
JnkRZbEgK6SJnnBNQyPxU35kEBMLqktnj63rL,knwjdmyZrPSaJJpk7vEAI49Eo9bER4CLlP43V,,2025-07-17,,ACH Electronic CreditGUSTO PAY 123456,5850.0,USD,other,False
6aXNVBgr15cgLLr9vabPSewkdAvlzkszJDZD5,rrqye5J841UgrrmPMVEoSgQxagWABlC7eKrXe,,2025-07-17,,CD DEPOSIT .INITIAL.,1000.0,USD,other,False
Qrzg8WJba6UVoolEyXqDij3JXbvDPJcjomXQ1,JnkRZbEgK6SJnnBNQyPxU35pb5BpK3UBD7lGL,,2025-07-16,,Touchstone Climbing,78.5,USD,other,False
ZPbD9jqlG6hBmmPaMV4NUgdWmXrpKWsxLqpG3,qKlp7jRgaMimKK6Pzvw4HBEbNBvQLjigzbe5r,,2025-07-16,,United Airlines,-500.0,USD,other,False
MylGLZ7WB6f8qqD4xwWBfaymMDK8qmhmx6v1W,qKlp7jRgaMimKK6Pzvw4HBEbNBvQLjigzbe5r,,2025-07-15,,McDonald's,12.0,USD,other,False
1zJ3vwlXD5SxppkMnze8IrAaz1dgpafD7jRrK,qKlp7jRgaMimKK6Pzvw4HBEbNBvQLjigzbe5r,,2025-07-15,,Starbucks,4.33,USD,other,False
LmMy1bVEz6F7ll9NvGnqIdaEq9ygNEu38jME8,qKlp7jRgaMimKK6Pzvw4HBEbNBvQLjigzbe5r,,2025-07-14,,SparkFun,89.4,USD,other,False
RzBXE18m46SX33a4EoK6f74boWnmkbhZjpyky,KbR9MVn8r6SK33WNGVjLIx6oMxlNXGFRxwljX,,2025-07-13,,INTRST PYMNT,-4.22,USD,other,False
ZPbD9jqlG6hBmmPaMV4NUgdWmXrpKWsxLqpyE,JnkRZbEgK6SJnnBNQyPxU35pb5BpK3UBD7lGL,,2025-07-03,,United Airlines,500.0,USD,other,False
33Pw6vKlDosVLLjaW3driEJo9dzQnoIWJl6E6,qKlp7jRgaMimKK6Pzvw4HBEbNBvQLjigzbe5r,,2025-07-01,,Uber 072515 SF**POOL**,6.33,USD,other,False
MylGLZ7WB6f8qqD4xwWBfaymMDK8qmhmx6vgl,JnkRZbEgK6SJnnBNQyPxU35pb5BpK3UBD7lGL,,2025-06-28,,Tectra Inc,500.0,USD,other,False
pqgpjX5odZU5qqDMN8VdU5yXD9ELKXuXgoGMd,JnkRZbEgK6SJnnBNQyPxU35pb5BpK3UBD7lGL,,2025-06-27,,AUTOMATIC PAYMENT - THANK,2078.5,USD,other,False
LmMy1bVEz6F7ll9NvGnqIdaEq9ygNEu38jMnM,JnkRZbEgK6SJnnBNQyPxU35pb5BpK3UBD7lGL,,2025-06-27,,KFC,500.0,USD,other,False
1zJ3vwlXD5SxppkMnze8IrAaz1dgpafD7jRd7,JnkRZbEgK6SJnnBNQyPxU35pb5BpK3UBD7lGL,,2025-06-27,,Madison Bicycle Shop,500.0,USD,other,False
6aXNVBgr15cgLLr9vabPSewkdAvlzkszJDZK5,KbR9MVn8r6SK33WNGVjLIx6oMxlNXGFRxwljX,,2025-06-18,,CREDIT CARD 3333 PAYMENT *//,25.0,USD,other,False
xaxwpXrbZycDNNyMAZVvTDnE8QJWXECQw4jeb,qKlp7jRgaMimKK6Pzvw4HBEbNBvQLjigzbe5r,,2025-06-18,,Uber 063015 SF**POOL**,5.4,USD,other,False
knwjdmyZrPSaJJpk7vEAI497vbyAL7imE6nVV,knwjdmyZrPSaJJpk7vEAI49Eo9bER4CLlP43V,,2025-06-17,,ACH Electronic CreditGUSTO PAY 123456,5850.0,USD,other,False
X4oEmw8XD6HoNNnJqGAdIwvLENkJALtDgKZKr,rrqye5J841UgrrmPMVEoSgQxagWABlC7eKrXe,,2025-06-17,,CD DEPOSIT .INITIAL.,1000.0,USD,other,False
olbNPL5pkQTNll1PM8EwUNj9wJkZB9uv9qDeP,JnkRZbEgK6SJnnBNQyPxU35pb5BpK3UBD7lGL,,2025-06-16,,Touchstone Climbing,78.5,USD,other,False
dogaqJw4ABUB11e5qVowUPG6NaDwg6uXNEKRq,qKlp7jRgaMimKK6Pzvw4HBEbNBvQLjigzbe5r,,2025-06-16,,United Airlines,-500.0,USD,other,False
a1kyw3exLKuG114EjVAJsWdvQb1JNvtX45wDb,qKlp7jRgaMimKK6Pzvw4HBEbNBvQLjigzbe5r,,2025-06-15,,McDonald's,12.0,USD,other,False
4x6jXVrqgDHv4496qXpQIzE86nBWM8Fm5bzL8,qKlp7jRgaMimKK6Pzvw4HBEbNBvQLjigzbe5r,,2025-06-15,,Starbucks,4.33,USD,other,False
NlqbpnRk36TdXX6LmbWas4kLb6E5yLiVZ6dQr,qKlp7jRgaMimKK6Pzvw4HBEbNBvQLjigzbe5r,,2025-06-14,,SparkFun,89.4,USD,other,False
X4oEmw8XD6HoNNnJqGAdIwvLENkJALtDgKZjr,KbR9MVn8r6SK33WNGVjLIx6oMxlNXGFRxwljX,,2025-06-13,,INTRST PYMNT,-4.22,USD,other,False
gEpZzJbjLdHovvbMgVnkImGegE4RZeFyD8BpZ,JnkRZbEgK6SJnnBNQyPxU35pb5BpK3UBD7lGL,,2025-06-03,,United Airlines,500.0,USD,other,False
PKrXgEbnd6iRzzVd8ylwtPvW4VR5NWuKd6aA7,qKlp7jRgaMimKK6Pzvw4HBEbNBvQLjigzbe5r,,2025-06-01,,Uber 072515 SF**POOL**,6.33,USD,other,False
8N6V5RpB8ATD44nkaNJeTvbX4lqwKXiNa36ov,JnkRZbEgK6SJnnBNQyPxU35pb5BpK3UBD7lGL,,2025-05-29,,Tectra Inc,500.0,USD,other,False
AL1bd9n7v6IB664p8lrnUyQgv4NKagHBwrDN9,JnkRZbEgK6SJnnBNQyPxU35pb5BpK3UBD7lGL,,2025-05-28,,AUTOMATIC PAYMENT - THANK,2078.5,USD,other,False
WaJgb4R6eVcpRRvD3XxEi1KXkDMNwXUBMZ8zl,JnkRZbEgK6SJnnBNQyPxU35pb5BpK3UBD7lGL,,2025-05-28,,KFC,500.0,USD,other,False
E87EPr9MgbS6yyVopaxnuqaj8Vx5gjf6Qx7nj,JnkRZbEgK6SJnnBNQyPxU35pb5BpK3UBD7lGL,,2025-05-28,,Madison Bicycle Shop,500.0,USD,other,False
DgojNw8Z96HGZZBvR4WxslLXRBQD1XuZeWDRl,KbR9MVn8r6SK33WNGVjLIx6oMxlNXGFRxwljX,,2025-05-19,,CREDIT CARD 3333 PAYMENT *//,25.0,USD,other,False
jGpXxgbQKNUWLLPxJvymUWGzv3ZmwztQ4Wda6,qKlp7jRgaMimKK6Pzvw4HBEbNBvQLjigzbe5r,,2025-05-19,,Uber 063015 SF**POOL**,5.4,USD,other,False
lb75a1ZMzjS1JJ7bN8EmU14ByrEmzBUMWoQXy,knwjdmyZrPSaJJpk7vEAI49Eo9bER4CLlP43V,,2025-05-18,,ACH Electronic CreditGUSTO PAY 123456,5850.0,USD,other,False
DgojNw8Z96HGZZBvR4WxslLXRBQD1XuZeWDWl,rrqye5J841UgrrmPMVEoSgQxagWABlC7eKrXe,,2025-05-18,,CD DEPOSIT .INITIAL.,1000.0,USD,other,False
GWwB7kQLEAuAZZV1jd9xTr3XbV5DyXfZ9MvgG,JnkRZbEgK6SJnnBNQyPxU35pb5BpK3UBD7lGL,,2025-05-17,,Touchstone Climbing,78.5,USD,other,False
74P3wVpzWmHJVVdPW4XBUxaedvm87euwQJPx8,qKlp7jRgaMimKK6Pzvw4HBEbNBvQLjigzbe5r,,2025-05-17,,United Airlines,-500.0,USD,other,False
eg6QKJvN83HEzzaMKV5qIXrWxj7qKWuxD9Qm7,qKlp7jRgaMimKK6Pzvw4HBEbNBvQLjigzbe5r,,2025-05-16,,McDonald's,12.0,USD,other,False
Qrzg8WJba6UVoolEyXqDij3JXbvDPJcjomXDa,qKlp7jRgaMimKK6Pzvw4HBEbNBvQLjigzbe5r,,2025-05-16,,Starbucks,4.33,USD,other,False
ZPbD9jqlG6hBmmPaMV4NUgdWmXrpKWsxLqpGz,qKlp7jRgaMimKK6Pzvw4HBEbNBvQLjigzbe5r,,2025-05-15,,SparkFun,89.4,USD,other,False
VdpGngWR76IrGGxp9qAjcMKWvbj8zWTDkg1yb,KbR9MVn8r6SK33WNGVjLIx6oMxlNXGFRxwljX,,2025-05-14,,INTRST PYMNT,-4.22,USD,other,False
ny41NJ5L3efpggA9Vvy6ipP9xBKJ79FJklRqK,JnkRZbEgK6SJnnBNQyPxU35pb5BpK3UBD7lGL,,2025-05-04,,United Airlines,500.0,USD,other,False
MylGLZ7WB6f8qqD4xwWBfaymMDK8qmhmx6v1N,qKlp7jRgaMimKK6Pzvw4HBEbNBvQLjigzbe5r,,2025-05-02,,Uber 072515 SF**POOL**,6.33,USD,other,False
bLpQ5jxd9rIqnnbk6VE3SzlWrDN39WFBLbjp3,JnkRZbEgK6SJnnBNQyPxU35pb5BpK3UBD7lGL,,2025-04-29,,Tectra Inc,500.0,USD,other,False
9PkNlw83gDhKVVw5pP7nIkpqEw5NPqsK8x1NK,JnkRZbEgK6SJnnBNQyPxU35pb5BpK3UBD7lGL,,2025-04-28,,AUTOMATIC PAYMENT - THANK,2078.5,USD,other,False
y4dzobVmZyHKPPqRMwEXIKVoDQbrpoCgd6mRo,JnkRZbEgK6SJnnBNQyPxU35pb5BpK3UBD7lGL,,2025-04-28,,KFC,500.0,USD,other,False
mmJZ4951B7FWddXx3voDUWG8v5MjK8trjyNZP,JnkRZbEgK6SJnnBNQyPxU35pb5BpK3UBD7lGL,,2025-04-28,,Madison Bicycle Shop,500.0,USD,other,False
wd39L5KnewIqLLmM4vogSnpvA6q3yvCQ9ZwRg,KbR9MVn8r6SK33WNGVjLIx6oMxlNXGFRxwljX,,2025-04-19,,CREDIT CARD 3333 PAYMENT *//,25.0,USD,other,False
1zJ3vwlXD5SxppkMnze8IrAaz1dgpafD7jRrD,qKlp7jRgaMimKK6Pzvw4HBEbNBvQLjigzbe5r,,2025-04-19,,Uber 063015 SF**POOL**,5.4,USD,other,False
qKlp7jRgaMimKK6Pzvw4HBEjgqNpvjtQWrGDE,knwjdmyZrPSaJJpk7vEAI49Eo9bER4CLlP43V,,2025-04-18,,ACH Electronic CreditGUSTO PAY 123456,5850.0,USD,other,False
VdpGngWR76IrGGxp9qAjcMKWvbj8zWTDkg1gb,rrqye5J841UgrrmPMVEoSgQxagWABlC7eKrXe,,2025-04-18,,CD DEPOSIT .INITIAL.,1000.0,USD,other,False
vxB91RqG7yHWNNkJZv1XUWwdZDn34dtwx6mQJ,JnkRZbEgK6SJnnBNQyPxU35pb5BpK3UBD7lGL,,2025-04-17,,Touchstone Climbing,78.5,USD,other,False
LmMy1bVEz6F7ll9NvGnqIdaEq9ygNEu38jMEB,qKlp7jRgaMimKK6Pzvw4HBEbNBvQLjigzbe5r,,2025-04-17,,United Airlines,-500.0,USD,other,False
pqgpjX5odZU5qqDMN8VdU5yXD9ELKXuXgoGz8,qKlp7jRgaMimKK6Pzvw4HBEbNBvQLjigzbe5r,,2025-04-16,,McDonald's,12.0,USD,other,False
olbNPL5pkQTNll1PM8EwUNj9wJkZB9uv9qDbw,qKlp7jRgaMimKK6Pzvw4HBEbNBvQLjigzbe5r,,2025-04-16,,Starbucks,4.33,USD,other,False
gEpZzJbjLdHovvbMgVnkImGegE4RZeFyD8B5a,qKlp7jRgaMimKK6Pzvw4HBEbNBvQLjigzbe5r,,2025-04-15,,SparkFun,89.4,USD,other,False
5d7GDVoK1RIGeegMKd7lsBAb4mNQWbt6VKlyZ,KbR9MVn8r6SK33WNGVjLIx6oMxlNXGFRxwljX,,2025-04-14,,INTRST PYMNT,-4.22,USD,other,False
RzBXE18m46SX33a4EoK6f74boWnmkbhZjpyV5,JnkRZbEgK6SJnnBNQyPxU35pb5BpK3UBD7lGL,,2025-04-04,,United Airlines,500.0,USD,other,False
8N6V5RpB8ATD44nkaNJeTvbX4lqwKXiNa368P,qKlp7jRgaMimKK6Pzvw4HBEbNBvQLjigzbe5r,,2025-04-02,,Uber 072515 SF**POOL**,6.33,USD,other,False
6aXNVBgr15cgLLr9vabPSewkdAvlzkszJDZ7A,JnkRZbEgK6SJnnBNQyPxU35pb5BpK3UBD7lGL,,2025-03-30,,Tectra Inc,500.0,USD,other,False
VdpGngWR76IrGGxp9qAjcMKWvbj8zWTDkg1M3,JnkRZbEgK6SJnnBNQyPxU35pb5BpK3UBD7lGL,,2025-03-29,,AUTOMATIC PAYMENT - THANK,2078.5,USD,other,False
DgojNw8Z96HGZZBvR4WxslLXRBQD1XuZeWDqA,JnkRZbEgK6SJnnBNQyPxU35pb5BpK3UBD7lGL,,2025-03-29,,KFC,500.0,USD,other,False
X4oEmw8XD6HoNNnJqGAdIwvLENkJALtDgKZAz,JnkRZbEgK6SJnnBNQyPxU35pb5BpK3UBD7lGL,,2025-03-29,,Madison Bicycle Shop,500.0,USD,other,False
JnkRZbEgK6SJnnBNQyPxU35kEBMLqktnj63MB,KbR9MVn8r6SK33WNGVjLIx6oMxlNXGFRxwljX,,2025-03-20,,CREDIT CARD 3333 PAYMENT *//,25.0,USD,other,False
E87EPr9MgbS6yyVopaxnuqaj8Vx5gjf6Qx7mp,qKlp7jRgaMimKK6Pzvw4HBEbNBvQLjigzbe5r,,2025-03-20,,Uber 063015 SF**POOL**,5.4,USD,other,False
KbR9MVn8r6SK33WNGVjLIx6GVWM5lGu58pqB9,knwjdmyZrPSaJJpk7vEAI49Eo9bER4CLlP43V,,2025-03-19,,ACH Electronic CreditGUSTO PAY 123456,5850.0,USD,other,False
wd39L5KnewIqLLmM4vogSnpvA6q3yvCQ9ZwZg,rrqye5J841UgrrmPMVEoSgQxagWABlC7eKrXe,,2025-03-19,,CD DEPOSIT .INITIAL.,1000.0,USD,other,False
wd39L5KnewIqLLmM4vogSnpvA6q3yvCQ9ZwXn,JnkRZbEgK6SJnnBNQyPxU35pb5BpK3UBD7lGL,,2025-03-18,,Touchstone Climbing,78.5,USD,other,False
WaJgb4R6eVcpRRvD3XxEi1KXkDMNwXUBMZ8je,qKlp7jRgaMimKK6Pzvw4HBEbNBvQLjigzbe5r,,2025-03-18,,United Airlines,-500.0,USD,other,False
AL1bd9n7v6IB664p8lrnUyQgv4NKagHBwrD5G,qKlp7jRgaMimKK6Pzvw4HBEbNBvQLjigzbe5r,,2025-03-17,,McDonald's,12.0,USD,other,False
GWwB7kQLEAuAZZV1jd9xTr3XbV5DyXfZ9Mv7b,qKlp7jRgaMimKK6Pzvw4HBEbNBvQLjigzbe5r,,2025-03-17,,Starbucks,4.33,USD,other,False
ny41NJ5L3efpggA9Vvy6ipP9xBKJ79FJklRMr,qKlp7jRgaMimKK6Pzvw4HBEbNBvQLjigzbe5r,,2025-03-16,,SparkFun,89.4,USD,other,False
knwjdmyZrPSaJJpk7vEAI497vbyAL7imE6nDJ,KbR9MVn8r6SK33WNGVjLIx6oMxlNXGFRxwljX,,2025-03-15,,INTRST PYMNT,-4.22,USD,other,False
5d7GDVoK1RIGeegMKd7lsBAb4mNQWbt6VKlrB,JnkRZbEgK6SJnnBNQyPxU35pb5BpK3UBD7lGL,,2025-03-05,,United Airlines,500.0,USD,other,False
bLpQ5jxd9rIqnnbk6VE3SzlWrDN39WFBLbj68,qKlp7jRgaMimKK6Pzvw4HBEbNBvQLjigzbe5r,,2025-03-03,,Uber 072515 SF**POOL**,6.33,USD,other,False
JnkRZbEgK6SJnnBNQyPxU35kEBMLqktnj63DR,JnkRZbEgK6SJnnBNQyPxU35pb5BpK3UBD7lGL,,2025-02-28,,Tectra Inc,500.0,USD,other,False
qKlp7jRgaMimKK6Pzvw4HBEjgqNpvjtQWrGzZ,JnkRZbEgK6SJnnBNQyPxU35pb5BpK3UBD7lGL,,2025-02-27,,AUTOMATIC PAYMENT - THANK,2078.5,USD,other,False
lb75a1ZMzjS1JJ7bN8EmU14ByrEmzBUMWoQVl,JnkRZbEgK6SJnnBNQyPxU35pb5BpK3UBD7lGL,,2025-02-27,,KFC,500.0,USD,other,False
knwjdmyZrPSaJJpk7vEAI497vbyAL7imE6nlN,JnkRZbEgK6SJnnBNQyPxU35pb5BpK3UBD7lGL,,2025-02-27,,Madison Bicycle Shop,500.0,USD,other,False
lb75a1ZMzjS1JJ7bN8EmU14ByrEmzBUMWoQgE,KbR9MVn8r6SK33WNGVjLIx6oMxlNXGFRxwljX,,2025-02-18,,CREDIT CARD 3333 PAYMENT *//,25.0,USD,other,False
mmJZ4951B7FWddXx3voDUWG8v5MjK8trjyNQW,qKlp7jRgaMimKK6Pzvw4HBEbNBvQLjigzbe5r,,2025-02-18,,Uber 063015 SF**POOL**,5.4,USD,other,False
rrqye5J841UgrrmPMVEoSgQl3qaJWlsGwJ45P,knwjdmyZrPSaJJpk7vEAI49Eo9bER4CLlP43V,,2025-02-17,,ACH Electronic CreditGUSTO PAY 123456,5850.0,USD,other,False
5d7GDVoK1RIGeegMKd7lsBAb4mNQWbt6VKlKZ,rrqye5J841UgrrmPMVEoSgQxagWABlC7eKrXe,,2025-02-17,,CD DEPOSIT .INITIAL.,1000.0,USD,other,False
KbR9MVn8r6SK33WNGVjLIx6GVWM5lGu58pqxa,JnkRZbEgK6SJnnBNQyPxU35pb5BpK3UBD7lGL,,2025-02-16,,Touchstone Climbing,78.5,USD,other,False
y4dzobVmZyHKPPqRMwEXIKVoDQbrpoCgd6m8b,qKlp7jRgaMimKK6Pzvw4HBEbNBvQLjigzbe5r,,2025-02-16,,United Airlines,-500.0,USD,other,False
9PkNlw83gDhKVVw5pP7nIkpqEw5NPqsK8x19a,qKlp7jRgaMimKK6Pzvw4HBEbNBvQLjigzbe5r,,2025-02-15,,McDonald's,12.0,USD,other,False
vxB91RqG7yHWNNkJZv1XUWwdZDn34dtwx6mZk,qKlp7jRgaMimKK6Pzvw4HBEbNBvQLjigzbe5r,,2025-02-15,,Starbucks,4.33,USD,other,False
RzBXE18m46SX33a4EoK6f74boWnmkbhZjpyo4,qKlp7jRgaMimKK6Pzvw4HBEbNBvQLjigzbe5r,,2025-02-14,,SparkFun,89.4,USD,other,False
qKlp7jRgaMimKK6Pzvw4HBEjgqNpvjtQWrGPV,KbR9MVn8r6SK33WNGVjLIx6oMxlNXGFRxwljX,,2025-02-13,,INTRST PYMNT,-4.22,USD,other,False
rrqye5J841UgrrmPMVEoSgQl3qaJWlsGwJ4eg,JnkRZbEgK6SJnnBNQyPxU35pb5BpK3UBD7lGL,,2025-02-03,,United Airlines,500.0,USD,other,False
6aXNVBgr15cgLLr9vabPSewkdAvlzkszJDZPe,qKlp7jRgaMimKK6Pzvw4HBEbNBvQLjigzbe5r,,2025-02-01,,Uber 072515 SF**POOL**,6.33,USD,other,False
zNJxg5myEVT6NNLJ4Qbdun98RoalZ8CeaNr5L,JnkRZbEgK6SJnnBNQyPxU35pb5BpK3UBD7lGL,,2025-01-29,,Tectra Inc,500.0,USD,other,False
xaxwpXrbZycDNNyMAZVvTDnE8QJWXECQw4j3K,JnkRZbEgK6SJnnBNQyPxU35pb5BpK3UBD7lGL,,2025-01-28,,AUTOMATIC PAYMENT - THANK,2078.5,USD,other,False
33Pw6vKlDosVLLjaW3driEJo9dzQnoIWJl6DE,JnkRZbEgK6SJnnBNQyPxU35pb5BpK3UBD7lGL,,2025-01-28,,KFC,500.0,USD,other,False
Bpwda5RegASgppw65DzqSMb4kwDLa4TkyMEbj,JnkRZbEgK6SJnnBNQyPxU35pb5BpK3UBD7lGL,,2025-01-28,,Madison Bicycle Shop,500.0,USD,other,False
KbR9MVn8r6SK33WNGVjLIx6GVWM5lGu58pqkn,KbR9MVn8r6SK33WNGVjLIx6oMxlNXGFRxwljX,,2025-01-19,,CREDIT CARD 3333 PAYMENT *//,25.0,USD,other,False
X4oEmw8XD6HoNNnJqGAdIwvLENkJALtDgKZvv,qKlp7jRgaMimKK6Pzvw4HBEbNBvQLjigzbe5r,,2025-01-19,,Uber 063015 SF**POOL**,5.4,USD,other,False
zNJxg5myEVT6NNLJ4Qbdun98RoalZ8CeaNrva,knwjdmyZrPSaJJpk7vEAI49Eo9bER4CLlP43V,,2025-01-18,,ACH Electronic CreditGUSTO PAY 123456,5850.0,USD,other,False
JnkRZbEgK6SJnnBNQyPxU35kEBMLqktnj636B,rrqye5J841UgrrmPMVEoSgQxagWABlC7eKrXe,,2025-01-18,,CD DEPOSIT .INITIAL.,1000.0,USD,other,False
dogaqJw4ABUB11e5qVowUPG6NaDwg6uXNEKjy,JnkRZbEgK6SJnnBNQyPxU35pb5BpK3UBD7lGL,,2025-01-17,,Touchstone Climbing,78.5,USD,other,False
DgojNw8Z96HGZZBvR4WxslLXRBQD1XuZeWDLN,qKlp7jRgaMimKK6Pzvw4HBEbNBvQLjigzbe5r,,2025-01-17,,United Airlines,-500.0,USD,other,False
VdpGngWR76IrGGxp9qAjcMKWvbj8zWTDkg1Zy,qKlp7jRgaMimKK6Pzvw4HBEbNBvQLjigzbe5r,,2025-01-16,,McDonald's,12.0,USD,other,False
wd39L5KnewIqLLmM4vogSnpvA6q3yvCQ9Zw1Z,qKlp7jRgaMimKK6Pzvw4HBEbNBvQLjigzbe5r,,2025-01-16,,Starbucks,4.33,USD,other,False
5d7GDVoK1RIGeegMKd7lsBAb4mNQWbt6VKlQr,qKlp7jRgaMimKK6Pzvw4HBEbNBvQLjigzbe5r,,2025-01-15,,SparkFun,89.4,USD,other,False
rrqye5J841UgrrmPMVEoSgQl3qaJWlsGwJ49p,KbR9MVn8r6SK33WNGVjLIx6oMxlNXGFRxwljX,,2025-01-14,,INTRST PYMNT,-4.22,USD,other,False
a1kyw3exLKuG114EjVAJsWdvQb1JNvtX45wBJ,JnkRZbEgK6SJnnBNQyPxU35pb5BpK3UBD7lGL,,2025-01-04,,United Airlines,500.0,USD,other,False
JnkRZbEgK6SJnnBNQyPxU35kEBMLqktnj63eD,qKlp7jRgaMimKK6Pzvw4HBEbNBvQLjigzbe5r,,2025-01-02,,Uber 072515 SF**POOL**,6.33,USD,other,False
4x6jXVrqgDHv4496qXpQIzE86nBWM8Fm5bzQb,JnkRZbEgK6SJnnBNQyPxU35pb5BpK3UBD7lGL,,2024-12-30,,Tectra Inc,500.0,USD,other,False
jGpXxgbQKNUWLLPxJvymUWGzv3ZmwztQ4WdV3,JnkRZbEgK6SJnnBNQyPxU35pb5BpK3UBD7lGL,,2024-12-29,,AUTOMATIC PAYMENT - THANK,2078.5,USD,other,False
PKrXgEbnd6iRzzVd8ylwtPvW4VR5NWuKd6aPP,JnkRZbEgK6SJnnBNQyPxU35pb5BpK3UBD7lGL,,2024-12-29,,KFC,500.0,USD,other,False
NlqbpnRk36TdXX6LmbWas4kLb6E5yLiVZ6d4J,JnkRZbEgK6SJnnBNQyPxU35pb5BpK3UBD7lGL,,2024-12-29,,Madison Bicycle Shop,500.0,USD,other,False
zNJxg5myEVT6NNLJ4Qbdun98RoalZ8CeaNrBe,KbR9MVn8r6SK33WNGVjLIx6oMxlNXGFRxwljX,,2024-12-20,,CREDIT CARD 3333 PAYMENT *//,25.0,USD,other,False
knwjdmyZrPSaJJpk7vEAI497vbyAL7imE6n1b,qKlp7jRgaMimKK6Pzvw4HBEbNBvQLjigzbe5r,,2024-12-20,,Uber 063015 SF**POOL**,5.4,USD,other,False
Bpwda5RegASgppw65DzqSMb4kwDLa4TkyMEKE,knwjdmyZrPSaJJpk7vEAI49Eo9bER4CLlP43V,,2024-12-19,,ACH Electronic CreditGUSTO PAY 123456,5850.0,USD,other,False
knwjdmyZrPSaJJpk7vEAI497vbyAL7imE6n6J,rrqye5J841UgrrmPMVEoSgQxagWABlC7eKrXe,,2024-12-19,,CD DEPOSIT .INITIAL.,1000.0,USD,other,False
74P3wVpzWmHJVVdPW4XBUxaedvm87euwQJPo9,JnkRZbEgK6SJnnBNQyPxU35pb5BpK3UBD7lGL,,2024-12-18,,Touchstone Climbing,78.5,USD,other,False
lb75a1ZMzjS1JJ7bN8EmU14ByrEmzBUMWoQmX,qKlp7jRgaMimKK6Pzvw4HBEbNBvQLjigzbe5r,,2024-12-18,,United Airlines,-500.0,USD,other,False
qKlp7jRgaMimKK6Pzvw4HBEjgqNpvjtQWrGya,qKlp7jRgaMimKK6Pzvw4HBEbNBvQLjigzbe5r,,2024-12-17,,McDonald's,12.0,USD,other,False
KbR9MVn8r6SK33WNGVjLIx6GVWM5lGu58pqDy,qKlp7jRgaMimKK6Pzvw4HBEbNBvQLjigzbe5r,,2024-12-17,,Starbucks,4.33,USD,other,False
rrqye5J841UgrrmPMVEoSgQl3qaJWlsGwJ4kA,qKlp7jRgaMimKK6Pzvw4HBEbNBvQLjigzbe5r,,2024-12-16,,SparkFun,89.4,USD,other,False
Bpwda5RegASgppw65DzqSMb4kwDLa4TkyME5a,KbR9MVn8r6SK33WNGVjLIx6oMxlNXGFRxwljX,,2024-12-15,,INTRST PYMNT,-4.22,USD,other,False
eg6QKJvN83HEzzaMKV5qIXrWxj7qKWuxD9Q4N,JnkRZbEgK6SJnnBNQyPxU35pb5BpK3UBD7lGL,,2024-12-05,,United Airlines,500.0,USD,other,False
zNJxg5myEVT6NNLJ4Qbdun98RoalZ8CeaNrX7,qKlp7jRgaMimKK6Pzvw4HBEbNBvQLjigzbe5r,,2024-12-03,,Uber 072515 SF**POOL**,6.33,USD,other,False
Qrzg8WJba6UVoolEyXqDij3JXbvDPJcjomX51,JnkRZbEgK6SJnnBNQyPxU35pb5BpK3UBD7lGL,,2024-11-30,,Tectra Inc,500.0,USD,other,False
1zJ3vwlXD5SxppkMnze8IrAaz1dgpafD7jR87,JnkRZbEgK6SJnnBNQyPxU35pb5BpK3UBD7lGL,,2024-11-29,,AUTOMATIC PAYMENT - THANK,2078.5,USD,other,False
MylGLZ7WB6f8qqD4xwWBfaymMDK8qmhmx6vJl,JnkRZbEgK6SJnnBNQyPxU35pb5BpK3UBD7lGL,,2024-11-29,,KFC,500.0,USD,other,False
ZPbD9jqlG6hBmmPaMV4NUgdWmXrpKWsxLqp6E,JnkRZbEgK6SJnnBNQyPxU35pb5BpK3UBD7lGL,,2024-11-29,,Madison Bicycle Shop,500.0,USD,other,False
33Pw6vKlDosVLLjaW3driEJo9dzQnoIWJl6b5,KbR9MVn8r6SK33WNGVjLIx6oMxlNXGFRxwljX,,2024-11-20,,CREDIT CARD 3333 PAYMENT *//,25.0,USD,other,False
Bpwda5RegASgppw65DzqSMb4kwDLa4TkyMExy,qKlp7jRgaMimKK6Pzvw4HBEbNBvQLjigzbe5r,,2024-11-20,,Uber 063015 SF**POOL**,5.4,USD,other,False
33Pw6vKlDosVLLjaW3driEJo9dzQnoIWJl61x,knwjdmyZrPSaJJpk7vEAI49Eo9bER4CLlP43V,,2024-11-19,,ACH Electronic CreditGUSTO PAY 123456,5850.0,USD,other,False
lb75a1ZMzjS1JJ7bN8EmU14ByrEmzBUMWoQoE,rrqye5J841UgrrmPMVEoSgQxagWABlC7eKrXe,,2024-11-19,,CD DEPOSIT .INITIAL.,1000.0,USD,other,False
LmMy1bVEz6F7ll9NvGnqIdaEq9ygNEu38jMXM,JnkRZbEgK6SJnnBNQyPxU35pb5BpK3UBD7lGL,,2024-11-18,,Touchstone Climbing,78.5,USD,other,False
33Pw6vKlDosVLLjaW3driEJo9dzQnoIWJl6V6,qKlp7jRgaMimKK6Pzvw4HBEbNBvQLjigzbe5r,,2024-11-18,,United Airlines,-500.0,USD,other,False
xaxwpXrbZycDNNyMAZVvTDnE8QJWXECQw4jKb,qKlp7jRgaMimKK6Pzvw4HBEbNBvQLjigzbe5r,,2024-11-17,,McDonald's,12.0,USD,other,False
dogaqJw4ABUB11e5qVowUPG6NaDwg6uXNEKnq,qKlp7jRgaMimKK6Pzvw4HBEbNBvQLjigzbe5r,,2024-11-17,,Starbucks,4.33,USD,other,False
a1kyw3exLKuG114EjVAJsWdvQb1JNvtX45wKb,qKlp7jRgaMimKK6Pzvw4HBEbNBvQLjigzbe5r,,2024-11-16,,SparkFun,89.4,USD,other,False
xaxwpXrbZycDNNyMAZVvTDnE8QJWXECQw4jPW,KbR9MVn8r6SK33WNGVjLIx6oMxlNXGFRxwljX,,2024-11-15,,INTRST PYMNT,-4.22,USD,other,False
pqgpjX5odZU5qqDMN8VdU5yXD9ELKXuXgoGZd,JnkRZbEgK6SJnnBNQyPxU35pb5BpK3UBD7lGL,,2024-11-05,,United Airlines,500.0,USD,other,False
4x6jXVrqgDHv4496qXpQIzE86nBWM8Fm5bzR8,qKlp7jRgaMimKK6Pzvw4HBEbNBvQLjigzbe5r,,2024-11-03,,Uber 072515 SF**POOL**,6.33,USD,other,False
olbNPL5pkQTNll1PM8EwUNj9wJkZB9uv9qDdP,JnkRZbEgK6SJnnBNQyPxU35pb5BpK3UBD7lGL,,2024-10-31,,Tectra Inc,500.0,USD,other,False
E87EPr9MgbS6yyVopaxnuqaj8Vx5gjf6Qx7qj,JnkRZbEgK6SJnnBNQyPxU35pb5BpK3UBD7lGL,,2024-10-30,,AUTOMATIC PAYMENT - THANK,2078.5,USD,other,False
8N6V5RpB8ATD44nkaNJeTvbX4lqwKXiNa36bv,JnkRZbEgK6SJnnBNQyPxU35pb5BpK3UBD7lGL,,2024-10-30,,KFC,500.0,USD,other,False
gEpZzJbjLdHovvbMgVnkImGegE4RZeFyD8BxZ,JnkRZbEgK6SJnnBNQyPxU35pb5BpK3UBD7lGL,,2024-10-30,,Madison Bicycle Shop,500.0,USD,other,False
dogaqJw4ABUB11e5qVowUPG6NaDwg6uXNEKz5,KbR9MVn8r6SK33WNGVjLIx6oMxlNXGFRxwljX,,2024-10-21,,CREDIT CARD 3333 PAYMENT *//,25.0,USD,other,False
NlqbpnRk36TdXX6LmbWas4kLb6E5yLiVZ6dAr,qKlp7jRgaMimKK6Pzvw4HBEbNBvQLjigzbe5r,,2024-10-21,,Uber 063015 SF**POOL**,5.4,USD,other,False
xaxwpXrbZycDNNyMAZVvTDnE8QJWXECQw4jGZ,knwjdmyZrPSaJJpk7vEAI49Eo9bER4CLlP43V,,2024-10-20,,ACH Electronic CreditGUSTO PAY 123456,5850.0,USD,other,False
qKlp7jRgaMimKK6Pzvw4HBEjgqNpvjtQWrGrV,rrqye5J841UgrrmPMVEoSgQxagWABlC7eKrXe,,2024-10-20,,CD DEPOSIT .INITIAL.,1000.0,USD,other,False
WaJgb4R6eVcpRRvD3XxEi1KXkDMNwXUBMZ8kl,JnkRZbEgK6SJnnBNQyPxU35pb5BpK3UBD7lGL,,2024-10-19,,Touchstone Climbing,78.5,USD,other,False
PKrXgEbnd6iRzzVd8ylwtPvW4VR5NWuKd6ay7,qKlp7jRgaMimKK6Pzvw4HBEbNBvQLjigzbe5r,,2024-10-19,,United Airlines,-500.0,USD,other,False
jGpXxgbQKNUWLLPxJvymUWGzv3ZmwztQ4WdR6,qKlp7jRgaMimKK6Pzvw4HBEbNBvQLjigzbe5r,,2024-10-18,,McDonald's,12.0,USD,other,False
74P3wVpzWmHJVVdPW4XBUxaedvm87euwQJPB8,qKlp7jRgaMimKK6Pzvw4HBEbNBvQLjigzbe5r,,2024-10-18,,Starbucks,4.33,USD,other,False
eg6QKJvN83HEzzaMKV5qIXrWxj7qKWuxD9Q37,qKlp7jRgaMimKK6Pzvw4HBEbNBvQLjigzbe5r,,2024-10-17,,SparkFun,89.4,USD,other,False
a1kyw3exLKuG114EjVAJsWdvQb1JNvtX45wJj,KbR9MVn8r6SK33WNGVjLIx6oMxlNXGFRxwljX,,2024-10-16,,INTRST PYMNT,-4.22,USD,other,False
AL1bd9n7v6IB664p8lrnUyQgv4NKagHBwrDQ9,JnkRZbEgK6SJnnBNQyPxU35pb5BpK3UBD7lGL,,2024-10-06,,United Airlines,500.0,USD,other,False
Qrzg8WJba6UVoolEyXqDij3JXbvDPJcjomXla,qKlp7jRgaMimKK6Pzvw4HBEbNBvQLjigzbe5r,,2024-10-04,,Uber 072515 SF**POOL**,6.33,USD,other,False
GWwB7kQLEAuAZZV1jd9xTr3XbV5DyXfZ9Mv5G,JnkRZbEgK6SJnnBNQyPxU35pb5BpK3UBD7lGL,,2024-10-01,,Tectra Inc,500.0,USD,other,False
mmJZ4951B7FWddXx3voDUWG8v5MjK8trjyNDP,JnkRZbEgK6SJnnBNQyPxU35pb5BpK3UBD7lGL,,2024-09-30,,AUTOMATIC PAYMENT - THANK,2078.5,USD,other,False
bLpQ5jxd9rIqnnbk6VE3SzlWrDN39WFBLbjX3,JnkRZbEgK6SJnnBNQyPxU35pb5BpK3UBD7lGL,,2024-09-30,,KFC,500.0,USD,other,False
ny41NJ5L3efpggA9Vvy6ipP9xBKJ79FJklRjK,JnkRZbEgK6SJnnBNQyPxU35pb5BpK3UBD7lGL,,2024-09-30,,Madison Bicycle Shop,500.0,USD,other,False
4x6jXVrqgDHv4496qXpQIzE86nBWM8Fm5bzVj,KbR9MVn8r6SK33WNGVjLIx6oMxlNXGFRxwljX,,2024-09-21,,CREDIT CARD 3333 PAYMENT *//,25.0,USD,other,False
ZPbD9jqlG6hBmmPaMV4NUgdWmXrpKWsxLqp1z,qKlp7jRgaMimKK6Pzvw4HBEbNBvQLjigzbe5r,,2024-09-21,Uber,Uber 063015 SF**POOL**,5.4,USD,online,False
dogaqJw4ABUB11e5qVowUPG6NaDwg6uXNEKWd,knwjdmyZrPSaJJpk7vEAI49Eo9bER4CLlP43V,,2024-09-20,,ACH Electronic CreditGUSTO PAY 123456,5850.0,USD,online,False
KbR9MVn8r6SK33WNGVjLIx6GVWM5lGu58pqpn,rrqye5J841UgrrmPMVEoSgQxagWABlC7eKrXe,,2024-09-20,,CD DEPOSIT .INITIAL.,1000.0,USD,other,False
y4dzobVmZyHKPPqRMwEXIKVoDQbrpoCgd6mzo,JnkRZbEgK6SJnnBNQyPxU35pb5BpK3UBD7lGL,,2024-09-19,,Touchstone Climbing,78.5,USD,in store,False
MylGLZ7WB6f8qqD4xwWBfaymMDK8qmhmx6vRN,qKlp7jRgaMimKK6Pzvw4HBEbNBvQLjigzbe5r,,2024-09-19,United Airlines,United Airlines,-500.0,USD,in store,False
1zJ3vwlXD5SxppkMnze8IrAaz1dgpafD7jRPD,qKlp7jRgaMimKK6Pzvw4HBEbNBvQLjigzbe5r,,2024-09-18,McDonald's,McDonald's,12.0,USD,in store,False
LmMy1bVEz6F7ll9NvGnqIdaEq9ygNEu38jMWB,qKlp7jRgaMimKK6Pzvw4HBEbNBvQLjigzbe5r,,2024-09-18,Starbucks,Starbucks,4.33,USD,in store,False
pqgpjX5odZU5qqDMN8VdU5yXD9ELKXuXgoGQ8,qKlp7jRgaMimKK6Pzvw4HBEbNBvQLjigzbe5r,,2024-09-17,FUN,SparkFun,89.4,USD,in store,False
NlqbpnRk36TdXX6LmbWas4kLb6E5yLiVZ6dpR,KbR9MVn8r6SK33WNGVjLIx6oMxlNXGFRxwljX,,2024-09-16,,INTRST PYMNT,-4.22,USD,other,False
9PkNlw83gDhKVVw5pP7nIkpqEw5NPqsK8x1pK,JnkRZbEgK6SJnnBNQyPxU35pb5BpK3UBD7lGL,,2024-09-06,United Airlines,United Airlines,500.0,USD,in store,False
olbNPL5pkQTNll1PM8EwUNj9wJkZB9uv9qDVw,qKlp7jRgaMimKK6Pzvw4HBEbNBvQLjigzbe5r,,2024-09-04,Uber,Uber 072515 SF**POOL**,6.33,USD,online,False
vxB91RqG7yHWNNkJZv1XUWwdZDn34dtwx6mMJ,JnkRZbEgK6SJnnBNQyPxU35pb5BpK3UBD7lGL,,2024-09-01,,Tectra Inc,500.0,USD,in store,False
X4oEmw8XD6HoNNnJqGAdIwvLENkJALtDgKZmz,JnkRZbEgK6SJnnBNQyPxU35pb5BpK3UBD7lGL,,2024-08-31,,AUTOMATIC PAYMENT - THANK,2078.5,USD,online,False
6aXNVBgr15cgLLr9vabPSewkdAvlzkszJDZBA,JnkRZbEgK6SJnnBNQyPxU35pb5BpK3UBD7lGL,,2024-08-31,KFC,KFC,500.0,USD,in store,False
RzBXE18m46SX33a4EoK6f74boWnmkbhZjpyg5,JnkRZbEgK6SJnnBNQyPxU35pb5BpK3UBD7lGL,,2024-08-31,,Madison Bicycle Shop,500.0,USD,in store,False
PKrXgEbnd6iRzzVd8ylwtPvW4VR5NWuKd6a53,KbR9MVn8r6SK33WNGVjLIx6oMxlNXGFRxwljX,,2024-08-22,,CREDIT CARD 3333 PAYMENT *//,25.0,USD,other,False
gEpZzJbjLdHovvbMgVnkImGegE4RZeFyD8B7a,qKlp7jRgaMimKK6Pzvw4HBEbNBvQLjigzbe5r,,2024-08-22,Uber,Uber 063015 SF**POOL**,5.4,USD,online,False
a1kyw3exLKuG114EjVAJsWdvQb1JNvtX45wWp,knwjdmyZrPSaJJpk7vEAI49Eo9bER4CLlP43V,,2024-08-21,,ACH Electronic CreditGUSTO PAY 123456,5850.0,USD,online,False
rrqye5J841UgrrmPMVEoSgQl3qaJWlsGwJ4Jp,rrqye5J841UgrrmPMVEoSgQxagWABlC7eKrXe,,2024-08-21,,CD DEPOSIT .INITIAL.,1000.0,USD,other,False
DgojNw8Z96HGZZBvR4WxslLXRBQD1XuZeWD5A,JnkRZbEgK6SJnnBNQyPxU35pb5BpK3UBD7lGL,,2024-08-20,,Touchstone Climbing,78.5,USD,in store,False
8N6V5RpB8ATD44nkaNJeTvbX4lqwKXiNa36JP,qKlp7jRgaMimKK6Pzvw4HBEbNBvQLjigzbe5r,,2024-08-20,United Airlines,United Airlines,-500.0,USD,in store,False
E87EPr9MgbS6yyVopaxnuqaj8Vx5gjf6Qx75p,qKlp7jRgaMimKK6Pzvw4HBEbNBvQLjigzbe5r,,2024-08-19,McDonald's,McDonald's,12.0,USD,in store,False
WaJgb4R6eVcpRRvD3XxEi1KXkDMNwXUBMZ8Qe,qKlp7jRgaMimKK6Pzvw4HBEbNBvQLjigzbe5r,,2024-08-19,Starbucks,Starbucks,4.33,USD,in store,False
AL1bd9n7v6IB664p8lrnUyQgv4NKagHBwrDxG,qKlp7jRgaMimKK6Pzvw4HBEbNBvQLjigzbe5r,,2024-08-18,FUN,SparkFun,89.4,USD,in store,False
jGpXxgbQKNUWLLPxJvymUWGzv3ZmwztQ4WdWJ,KbR9MVn8r6SK33WNGVjLIx6oMxlNXGFRxwljX,,2024-08-17,,INTRST PYMNT,-4.22,USD,other,False
VdpGngWR76IrGGxp9qAjcMKWvbj8zWTDkg1B3,JnkRZbEgK6SJnnBNQyPxU35pb5BpK3UBD7lGL,,2024-08-07,United Airlines,United Airlines,500.0,USD,in store,False
GWwB7kQLEAuAZZV1jd9xTr3XbV5DyXfZ9MvKb,qKlp7jRgaMimKK6Pzvw4HBEbNBvQLjigzbe5r,,2024-08-05,Uber,Uber 072515 SF**POOL**,6.33,USD,online,False
wd39L5KnewIqLLmM4vogSnpvA6q3yvCQ9Zwbn,JnkRZbEgK6SJnnBNQyPxU35pb5BpK3UBD7lGL,,2024-08-02,,Tectra Inc,500.0,USD,in store,False
knwjdmyZrPSaJJpk7vEAI497vbyAL7imE6nbN,JnkRZbEgK6SJnnBNQyPxU35pb5BpK3UBD7lGL,,2024-08-01,,AUTOMATIC PAYMENT - THANK,2078.5,USD,online,False
JnkRZbEgK6SJnnBNQyPxU35kEBMLqktnj63LR,JnkRZbEgK6SJnnBNQyPxU35pb5BpK3UBD7lGL,,2024-08-01,KFC,KFC,500.0,USD,in store,False
5d7GDVoK1RIGeegMKd7lsBAb4mNQWbt6VKl1B,JnkRZbEgK6SJnnBNQyPxU35pb5BpK3UBD7lGL,,2024-08-01,,Madison Bicycle Shop,500.0,USD,in store,False
74P3wVpzWmHJVVdPW4XBUxaedvm87euwQJPJR,KbR9MVn8r6SK33WNGVjLIx6oMxlNXGFRxwljX,,2024-07-23,,CREDIT CARD 3333 PAYMENT *//,25.0,USD,other,False
ny41NJ5L3efpggA9Vvy6ipP9xBKJ79FJklR9r,qKlp7jRgaMimKK6Pzvw4HBEbNBvQLjigzbe5r,,2024-07-23,Uber,Uber 063015 SF**POOL**,5.4,USD,online,False
4x6jXVrqgDHv4496qXpQIzE86nBWM8Fm5bz1g,knwjdmyZrPSaJJpk7vEAI49Eo9bER4CLlP43V,,2024-07-22,,ACH Electronic CreditGUSTO PAY 123456,5850.0,USD,online,False
zNJxg5myEVT6NNLJ4Qbdun98RoalZ8CeaNrNe,rrqye5J841UgrrmPMVEoSgQxagWABlC7eKrXe,,2024-07-22,,CD DEPOSIT .INITIAL.,1000.0,USD,other,False
lb75a1ZMzjS1JJ7bN8EmU14ByrEmzBUMWoQvl,JnkRZbEgK6SJnnBNQyPxU35pb5BpK3UBD7lGL,,2024-07-21,,Touchstone Climbing,78.5,USD,in store,False
bLpQ5jxd9rIqnnbk6VE3SzlWrDN39WFBLbjn8,qKlp7jRgaMimKK6Pzvw4HBEbNBvQLjigzbe5r,,2024-07-21,United Airlines,United Airlines,-500.0,USD,in store,False
mmJZ4951B7FWddXx3voDUWG8v5MjK8trjyNeW,qKlp7jRgaMimKK6Pzvw4HBEbNBvQLjigzbe5r,,2024-07-20,McDonald's,McDonald's,12.0,USD,in store,False
y4dzobVmZyHKPPqRMwEXIKVoDQbrpoCgd6mPb,qKlp7jRgaMimKK6Pzvw4HBEbNBvQLjigzbe5r,,2024-07-20,Starbucks,Starbucks,4.33,USD,in store,False
9PkNlw83gDhKVVw5pP7nIkpqEw5NPqsK8x1oa,qKlp7jRgaMimKK6Pzvw4HBEbNBvQLjigzbe5r,,2024-07-19,FUN,SparkFun,89.4,USD,in store,False
eg6QKJvN83HEzzaMKV5qIXrWxj7qKWuxD9Q9p,KbR9MVn8r6SK33WNGVjLIx6oMxlNXGFRxwljX,,2024-07-18,,INTRST PYMNT,-4.22,USD,other,False
qKlp7jRgaMimKK6Pzvw4HBEjgqNpvjtQWrGqZ,JnkRZbEgK6SJnnBNQyPxU35pb5BpK3UBD7lGL,,2024-07-08,United Airlines,United Airlines,500.0,USD,in store,False
vxB91RqG7yHWNNkJZv1XUWwdZDn34dtwx6mbk,qKlp7jRgaMimKK6Pzvw4HBEbNBvQLjigzbe5r,,2024-07-06,Uber,Uber 072515 SF**POOL**,6.33,USD,online,False
KbR9MVn8r6SK33WNGVjLIx6GVWM5lGu58pqva,JnkRZbEgK6SJnnBNQyPxU35pb5BpK3UBD7lGL,,2024-07-03,,Tectra Inc,500.0,USD,in store,False
Bpwda5RegASgppw65DzqSMb4kwDLa4TkyMEGj,JnkRZbEgK6SJnnBNQyPxU35pb5BpK3UBD7lGL,,2024-07-02,,AUTOMATIC PAYMENT - THANK,2078.5,USD,online,False
zNJxg5myEVT6NNLJ4Qbdun98RoalZ8CeaNrGL,JnkRZbEgK6SJnnBNQyPxU35pb5BpK3UBD7lGL,,2024-07-02,KFC,KFC,500.0,USD,in store,False
rrqye5J841UgrrmPMVEoSgQl3qaJWlsGwJ4vg,JnkRZbEgK6SJnnBNQyPxU35pb5BpK3UBD7lGL,,2024-07-02,,Madison Bicycle Shop,500.0,USD,in store,False
Qrzg8WJba6UVoolEyXqDij3JXbvDPJcjomXmJ,KbR9MVn8r6SK33WNGVjLIx6oMxlNXGFRxwljX,,2024-06-23,,CREDIT CARD 3333 PAYMENT *//,25.0,USD,other,False
RzBXE18m46SX33a4EoK6f74boWnmkbhZjpyN4,qKlp7jRgaMimKK6Pzvw4HBEbNBvQLjigzbe5r,,2024-06-23,Uber,Uber 063015 SF**POOL**,5.4,USD,online,False
NlqbpnRk36TdXX6LmbWas4kLb6E5yLiVZ6dDW,knwjdmyZrPSaJJpk7vEAI49Eo9bER4CLlP43V,,2024-06-22,,ACH Electronic CreditGUSTO PAY 123456,5850.0,USD,online,False
Bpwda5RegASgppw65DzqSMb4kwDLa4TkyMEMa,rrqye5J841UgrrmPMVEoSgQxagWABlC7eKrXe,,2024-06-22,,CD DEPOSIT .INITIAL.,1000.0,USD,other,False
33Pw6vKlDosVLLjaW3driEJo9dzQnoIWJl6aE,JnkRZbEgK6SJnnBNQyPxU35pb5BpK3UBD7lGL,,2024-06-21,,Touchstone Climbing,78.5,USD,in store,False
6aXNVBgr15cgLLr9vabPSewkdAvlzkszJDZQe,qKlp7jRgaMimKK6Pzvw4HBEbNBvQLjigzbe5r,,2024-06-21,United Airlines,United Airlines,-500.0,USD,in store,False
X4oEmw8XD6HoNNnJqGAdIwvLENkJALtDgKZkv,qKlp7jRgaMimKK6Pzvw4HBEbNBvQLjigzbe5r,,2024-06-20,McDonald's,McDonald's,12.0,USD,in store,False
DgojNw8Z96HGZZBvR4WxslLXRBQD1XuZeWDNN,qKlp7jRgaMimKK6Pzvw4HBEbNBvQLjigzbe5r,,2024-06-20,Starbucks,Starbucks,4.33,USD,in store,False
VdpGngWR76IrGGxp9qAjcMKWvbj8zWTDkg1Qy,qKlp7jRgaMimKK6Pzvw4HBEbNBvQLjigzbe5r,,2024-06-19,FUN,SparkFun,89.4,USD,in store,False
ZPbD9jqlG6hBmmPaMV4NUgdWmXrpKWsxLqpqD,KbR9MVn8r6SK33WNGVjLIx6oMxlNXGFRxwljX,,2024-06-18,,INTRST PYMNT,-4.22,USD,other,False
xaxwpXrbZycDNNyMAZVvTDnE8QJWXECQw4jEK,JnkRZbEgK6SJnnBNQyPxU35pb5BpK3UBD7lGL,,2024-06-08,United Airlines,United Airlines,500.0,USD,in store,False
wd39L5KnewIqLLmM4vogSnpvA6q3yvCQ9ZwzZ,qKlp7jRgaMimKK6Pzvw4HBEbNBvQLjigzbe5r,,2024-06-06,Uber,Uber 072515 SF**POOL**,6.33,USD,online,False
dogaqJw4ABUB11e5qVowUPG6NaDwg6uXNEK3y,JnkRZbEgK6SJnnBNQyPxU35pb5BpK3UBD7lGL,,2024-06-03,,Tectra Inc,500.0,USD,in store,False
NlqbpnRk36TdXX6LmbWas4kLb6E5yLiVZ6d1J,JnkRZbEgK6SJnnBNQyPxU35pb5BpK3UBD7lGL,,2024-06-02,,AUTOMATIC PAYMENT - THANK,2078.5,USD,online,False
4x6jXVrqgDHv4496qXpQIzE86nBWM8Fm5bzxb,JnkRZbEgK6SJnnBNQyPxU35pb5BpK3UBD7lGL,,2024-06-02,KFC,KFC,500.0,USD,in store,False
a1kyw3exLKuG114EjVAJsWdvQb1JNvtX45w9J,JnkRZbEgK6SJnnBNQyPxU35pb5BpK3UBD7lGL,,2024-06-02,,Madison Bicycle Shop,500.0,USD,in store,False
MylGLZ7WB6f8qqD4xwWBfaymMDK8qmhmx6v6V,KbR9MVn8r6SK33WNGVjLIx6oMxlNXGFRxwljX,,2024-05-24,,CREDIT CARD 3333 PAYMENT *//,25.0,USD,other,False
5d7GDVoK1RIGeegMKd7lsBAb4mNQWbt6VKlXr,qKlp7jRgaMimKK6Pzvw4HBEbNBvQLjigzbe5r,,2024-05-24,Uber,Uber 063015 SF**POOL**,5.4,USD,online,False
PKrXgEbnd6iRzzVd8ylwtPvW4VR5NWuKd6aMo,knwjdmyZrPSaJJpk7vEAI49Eo9bER4CLlP43V,,2024-05-23,,ACH Electronic CreditGUSTO PAY 123456,5850.0,USD,online,False
33Pw6vKlDosVLLjaW3driEJo9dzQnoIWJl6l5,rrqye5J841UgrrmPMVEoSgQxagWABlC7eKrXe,,2024-05-23,,CD DEPOSIT .INITIAL.,1000.0,USD,other,False
PKrXgEbnd6iRzzVd8ylwtPvW4VR5NWuKd6a4P,JnkRZbEgK6SJnnBNQyPxU35pb5BpK3UBD7lGL,,2024-05-22,,Touchstone Climbing,78.5,USD,in store,False
JnkRZbEgK6SJnnBNQyPxU35kEBMLqktnj63XD,qKlp7jRgaMimKK6Pzvw4HBEbNBvQLjigzbe5r,,2024-05-22,United Airlines,United Airlines,-500.0,USD,in store,False
knwjdmyZrPSaJJpk7vEAI497vbyAL7imE6n7b,qKlp7jRgaMimKK6Pzvw4HBEbNBvQLjigzbe5r,,2024-05-21,McDonald's,McDonald's,12.0,USD,in store,False
lb75a1ZMzjS1JJ7bN8EmU14ByrEmzBUMWoQBX,qKlp7jRgaMimKK6Pzvw4HBEbNBvQLjigzbe5r,,2024-05-21,Starbucks,Starbucks,4.33,USD,in store,False
qKlp7jRgaMimKK6Pzvw4HBEjgqNpvjtQWrGla,qKlp7jRgaMimKK6Pzvw4HBEbNBvQLjigzbe5r,,2024-05-20,FUN,SparkFun,89.4,USD,in store,False
1zJ3vwlXD5SxppkMnze8IrAaz1dgpafD7jRje,KbR9MVn8r6SK33WNGVjLIx6oMxlNXGFRxwljX,,2024-05-19,,INTRST PYMNT,-4.22,USD,other,False
jGpXxgbQKNUWLLPxJvymUWGzv3ZmwztQ4Wd33,JnkRZbEgK6SJnnBNQyPxU35pb5BpK3UBD7lGL,,2024-05-09,United Airlines,United Airlines,500.0,USD,in store,False
KbR9MVn8r6SK33WNGVjLIx6GVWM5lGu58pqoy,qKlp7jRgaMimKK6Pzvw4HBEbNBvQLjigzbe5r,,2024-05-07,Uber,Uber 072515 SF**POOL**,6.33,USD,online,False
74P3wVpzWmHJVVdPW4XBUxaedvm87euwQJPG9,JnkRZbEgK6SJnnBNQyPxU35pb5BpK3UBD7lGL,,2024-05-04,,Tectra Inc,500.0,USD,in store,False
ZPbD9jqlG6hBmmPaMV4NUgdWmXrpKWsxLqpjE,JnkRZbEgK6SJnnBNQyPxU35pb5BpK3UBD7lGL,,2024-05-03,,AUTOMATIC PAYMENT - THANK,2078.5,USD,online,False
Qrzg8WJba6UVoolEyXqDij3JXbvDPJcjomXd1,JnkRZbEgK6SJnnBNQyPxU35pb5BpK3UBD7lGL,,2024-05-03,KFC,KFC,500.0,USD,in store,False
eg6QKJvN83HEzzaMKV5qIXrWxj7qKWuxD9QwN,JnkRZbEgK6SJnnBNQyPxU35pb5BpK3UBD7lGL,,2024-05-03,,Madison Bicycle Shop,500.0,USD,in store,False
LmMy1bVEz6F7ll9NvGnqIdaEq9ygNEu38jMja,KbR9MVn8r6SK33WNGVjLIx6oMxlNXGFRxwljX,,2024-04-24,,CREDIT CARD 3333 PAYMENT *//,25.0,USD,other,False
rrqye5J841UgrrmPMVEoSgQl3qaJWlsGwJ4bA,qKlp7jRgaMimKK6Pzvw4HBEbNBvQLjigzbe5r,,2024-04-24,Uber,Uber 063015 SF**POOL**,5.4,USD,online,False
jGpXxgbQKNUWLLPxJvymUWGzv3ZmwztQ4WdXv,knwjdmyZrPSaJJpk7vEAI49Eo9bER4CLlP43V,,2024-04-23,,ACH Electronic CreditGUSTO PAY 123456,5850.0,USD,online,False
xaxwpXrbZycDNNyMAZVvTDnE8QJWXECQw4j4W,rrqye5J841UgrrmPMVEoSgQxagWABlC7eKrXe,,2024-04-23,,CD DEPOSIT .INITIAL.,1000.0,USD,other,False
MylGLZ7WB6f8qqD4xwWBfaymMDK8qmhmx6vol,JnkRZbEgK6SJnnBNQyPxU35pb5BpK3UBD7lGL,,2024-04-22,,Touchstone Climbing,78.5,USD,in store,False
zNJxg5myEVT6NNLJ4Qbdun98RoalZ8CeaNrd7,qKlp7jRgaMimKK6Pzvw4HBEbNBvQLjigzbe5r,,2024-04-22,United Airlines,United Airlines,-500.0,USD,in store,False
Bpwda5RegASgppw65DzqSMb4kwDLa4TkyMEvy,qKlp7jRgaMimKK6Pzvw4HBEbNBvQLjigzbe5r,,2024-04-21,McDonald's,McDonald's,12.0,USD,in store,False
33Pw6vKlDosVLLjaW3driEJo9dzQnoIWJl6g6,qKlp7jRgaMimKK6Pzvw4HBEbNBvQLjigzbe5r,,2024-04-21,Starbucks,Starbucks,4.33,USD,in store,False
xaxwpXrbZycDNNyMAZVvTDnE8QJWXECQw4jMb,qKlp7jRgaMimKK6Pzvw4HBEbNBvQLjigzbe5r,,2024-04-20,FUN,SparkFun,89.4,USD,in store,False
pqgpjX5odZU5qqDMN8VdU5yXD9ELKXuXgoGoz,KbR9MVn8r6SK33WNGVjLIx6oMxlNXGFRxwljX,,2024-04-19,,INTRST PYMNT,-4.22,USD,other,False
1zJ3vwlXD5SxppkMnze8IrAaz1dgpafD7jRw7,JnkRZbEgK6SJnnBNQyPxU35pb5BpK3UBD7lGL,,2024-04-09,United Airlines,United Airlines,500.0,USD,in store,False
dogaqJw4ABUB11e5qVowUPG6NaDwg6uXNEKyq,qKlp7jRgaMimKK6Pzvw4HBEbNBvQLjigzbe5r,,2024-04-07,Uber,Uber 072515 SF**POOL**,6.33,USD,online,False
LmMy1bVEz6F7ll9NvGnqIdaEq9ygNEu38jMJM,JnkRZbEgK6SJnnBNQyPxU35pb5BpK3UBD7lGL,,2024-04-04,,Tectra Inc,500.0,USD,in store,False
dogaqJw4ABUB11e5qVowUPG6NaDwg6uXNEK3d,JnkRZbEgK6SJnnBNQyPxU35pb5BpK3UBD7lGL,,2024-04-03,,AUTOMATIC PAYMENT - THANK,2078.5,USD,online,False
xaxwpXrbZycDNNyMAZVvTDnE8QJWXECQw4jEZ,JnkRZbEgK6SJnnBNQyPxU35pb5BpK3UBD7lGL,,2024-04-03,KFC,KFC,500.0,USD,in store,False
33Pw6vKlDosVLLjaW3driEJo9dzQnoIWJl6ax,JnkRZbEgK6SJnnBNQyPxU35pb5BpK3UBD7lGL,,2024-04-03,,Madison Bicycle Shop,500.0,USD,in store,False
olbNPL5pkQTNll1PM8EwUNj9wJkZB9uv9qDqV,KbR9MVn8r6SK33WNGVjLIx6oMxlNXGFRxwljX,,2024-03-25,,CREDIT CARD 3333 PAYMENT *//,25.0,USD,other,False
a1kyw3exLKuG114EjVAJsWdvQb1JNvtX45w6b,qKlp7jRgaMimKK6Pzvw4HBEbNBvQLjigzbe5r,,2024-03-25,Uber,Uber 063015 SF**POOL**,5.4,USD,online,False
74P3wVpzWmHJVVdPW4XBUxaedvm87euwQJP9M,knwjdmyZrPSaJJpk7vEAI49Eo9bER4CLlP43V,,2024-03-24,,ACH Electronic CreditGUSTO PAY 123456,5850.0,USD,online,False
dogaqJw4ABUB11e5qVowUPG6NaDwg6uXNEKE5,rrqye5J841UgrrmPMVEoSgQxagWABlC7eKrXe,,2024-03-24,,CD DEPOSIT .INITIAL.,1000.0,USD,other,False
a1kyw3exLKuG114EjVAJsWdvQb1JNvtX45w9p,JnkRZbEgK6SJnnBNQyPxU35pb5BpK3UBD7lGL,,2024-03-23,,Touchstone Climbing,78.5,USD,in store,False
4x6jXVrqgDHv4496qXpQIzE86nBWM8Fm5bzp8,qKlp7jRgaMimKK6Pzvw4HBEbNBvQLjigzbe5r,,2024-03-23,United Airlines,United Airlines,-500.0,USD,in store,False
NlqbpnRk36TdXX6LmbWas4kLb6E5yLiVZ6d8r,qKlp7jRgaMimKK6Pzvw4HBEbNBvQLjigzbe5r,,2024-03-22,McDonald's,McDonald's,12.0,USD,in store,False
PKrXgEbnd6iRzzVd8ylwtPvW4VR5NWuKd6aL7,qKlp7jRgaMimKK6Pzvw4HBEbNBvQLjigzbe5r,,2024-03-22,Starbucks,Starbucks,4.33,USD,in store,False
jGpXxgbQKNUWLLPxJvymUWGzv3ZmwztQ4WdK6,qKlp7jRgaMimKK6Pzvw4HBEbNBvQLjigzbe5r,,2024-03-21,FUN,SparkFun,89.4,USD,in store,False
gEpZzJbjLdHovvbMgVnkImGegE4RZeFyD8B8N,KbR9MVn8r6SK33WNGVjLIx6oMxlNXGFRxwljX,,2024-03-20,,INTRST PYMNT,-4.22,USD,other,False
4x6jXVrqgDHv4496qXpQIzE86nBWM8Fm5bzxg,JnkRZbEgK6SJnnBNQyPxU35pb5BpK3UBD7lGL,,2024-03-10,United Airlines,United Airlines,500.0,USD,in store,False
74P3wVpzWmHJVVdPW4XBUxaedvm87euwQJPb8,qKlp7jRgaMimKK6Pzvw4HBEbNBvQLjigzbe5r,,2024-03-08,Uber,Uber 072515 SF**POOL**,6.33,USD,online,False
NlqbpnRk36TdXX6LmbWas4kLb6E5yLiVZ6d1W,JnkRZbEgK6SJnnBNQyPxU35pb5BpK3UBD7lGL,,2024-03-05,,Tectra Inc,500.0,USD,in store,False
74P3wVpzWmHJVVdPW4XBUxaedvm87euwQJPGM,JnkRZbEgK6SJnnBNQyPxU35pb5BpK3UBD7lGL,,2024-03-04,,AUTOMATIC PAYMENT - THANK,2078.5,USD,online,False
jGpXxgbQKNUWLLPxJvymUWGzv3ZmwztQ4Wd3v,JnkRZbEgK6SJnnBNQyPxU35pb5BpK3UBD7lGL,,2024-03-04,KFC,KFC,500.0,USD,in store,False
PKrXgEbnd6iRzzVd8ylwtPvW4VR5NWuKd6a4o,JnkRZbEgK6SJnnBNQyPxU35pb5BpK3UBD7lGL,,2024-03-04,,Madison Bicycle Shop,500.0,USD,in store,False
8N6V5RpB8ATD44nkaNJeTvbX4lqwKXiNa363p,KbR9MVn8r6SK33WNGVjLIx6oMxlNXGFRxwljX,,2024-02-24,,CREDIT CARD 3333 PAYMENT *//,25.0,USD,other,False
eg6QKJvN83HEzzaMKV5qIXrWxj7qKWuxD9Qv7,qKlp7jRgaMimKK6Pzvw4HBEbNBvQLjigzbe5r,,2024-02-24,Uber,Uber 063015 SF**POOL**,5.4,USD,online,False
eg6QKJvN83HEzzaMKV5qIXrWxj7qKWuxD9QjV,knwjdmyZrPSaJJpk7vEAI49Eo9bER4CLlP43V,,2024-02-23,,ACH Electronic CreditGUSTO PAY 123456,5850.0,USD,online,False
a1kyw3exLKuG114EjVAJsWdvQb1JNvtX45w5j,rrqye5J841UgrrmPMVEoSgQxagWABlC7eKrXe,,2024-02-23,,CD DEPOSIT .INITIAL.,1000.0,USD,other,False
eg6QKJvN83HEzzaMKV5qIXrWxj7qKWuxD9QwV,JnkRZbEgK6SJnnBNQyPxU35pb5BpK3UBD7lGL,,2024-02-22,,Touchstone Climbing,78.5,USD,in store,False
Qrzg8WJba6UVoolEyXqDij3JXbvDPJcjomXPa,qKlp7jRgaMimKK6Pzvw4HBEbNBvQLjigzbe5r,,2024-02-22,United Airlines,United Airlines,-500.0,USD,in store,False
ZPbD9jqlG6hBmmPaMV4NUgdWmXrpKWsxLqpaz,qKlp7jRgaMimKK6Pzvw4HBEbNBvQLjigzbe5r,,2024-02-21,McDonald's,McDonald's,12.0,USD,in store,False
MylGLZ7WB6f8qqD4xwWBfaymMDK8qmhmx6vXN,qKlp7jRgaMimKK6Pzvw4HBEbNBvQLjigzbe5r,,2024-02-21,Starbucks,Starbucks,4.33,USD,in store,False
1zJ3vwlXD5SxppkMnze8IrAaz1dgpafD7jR9D,qKlp7jRgaMimKK6Pzvw4HBEbNBvQLjigzbe5r,,2024-02-20,FUN,SparkFun,89.4,USD,in store,False
E87EPr9MgbS6yyVopaxnuqaj8Vx5gjf6Qx7xx,KbR9MVn8r6SK33WNGVjLIx6oMxlNXGFRxwljX,,2024-02-19,,INTRST PYMNT,-4.22,USD,other,False
Qrzg8WJba6UVoolEyXqDij3JXbvDPJcjomXdz,JnkRZbEgK6SJnnBNQyPxU35pb5BpK3UBD7lGL,,2024-02-09,United Airlines,United Airlines,500.0,USD,in store,False
LmMy1bVEz6F7ll9NvGnqIdaEq9ygNEu38jM6B,qKlp7jRgaMimKK6Pzvw4HBEbNBvQLjigzbe5r,,2024-02-07,Uber,Uber 072515 SF**POOL**,6.33,USD,online,False
ZPbD9jqlG6hBmmPaMV4NUgdWmXrpKWsxLqpjP,JnkRZbEgK6SJnnBNQyPxU35pb5BpK3UBD7lGL,,2024-02-04,,Tectra Inc,500.0,USD,in store,False
LmMy1bVEz6F7ll9NvGnqIdaEq9ygNEu38jMJd,JnkRZbEgK6SJnnBNQyPxU35pb5BpK3UBD7lGL,,2024-02-03,,AUTOMATIC PAYMENT - THANK,2078.5,USD,online,False
1zJ3vwlXD5SxppkMnze8IrAaz1dgpafD7jRwV,JnkRZbEgK6SJnnBNQyPxU35pb5BpK3UBD7lGL,,2024-02-03,KFC,KFC,500.0,USD,in store,False
MylGLZ7WB6f8qqD4xwWBfaymMDK8qmhmx6vom,JnkRZbEgK6SJnnBNQyPxU35pb5BpK3UBD7lGL,,2024-02-03,,Madison Bicycle Shop,500.0,USD,in store,False
WaJgb4R6eVcpRRvD3XxEi1KXkDMNwXUBMZ8Zz,KbR9MVn8r6SK33WNGVjLIx6oMxlNXGFRxwljX,,2024-01-25,,CREDIT CARD 3333 PAYMENT *//,25.0,USD,other,False
33Pw6vKlDosVLLjaW3driEJo9dzQnoIWJl6g5,qKlp7jRgaMimKK6Pzvw4HBEbNBvQLjigzbe5r,,2024-01-25,Uber,Uber 063015 SF**POOL**,5.4,USD,online,False
Qrzg8WJba6UVoolEyXqDij3JXbvDPJcjomX8z,knwjdmyZrPSaJJpk7vEAI49Eo9bER4CLlP43V,,2024-01-24,,ACH Electronic CreditGUSTO PAY 123456,5850.0,USD,online,False
4x6jXVrqgDHv4496qXpQIzE86nBWM8Fm5bzbj,rrqye5J841UgrrmPMVEoSgQxagWABlC7eKrXe,,2024-01-24,,CD DEPOSIT .INITIAL.,1000.0,USD,other,False
pqgpjX5odZU5qqDMN8VdU5yXD9ELKXuXgoGxm,JnkRZbEgK6SJnnBNQyPxU35pb5BpK3UBD7lGL,,2024-01-23,,Touchstone Climbing,78.5,USD,in store,False
xaxwpXrbZycDNNyMAZVvTDnE8QJWXECQw4jMW,qKlp7jRgaMimKK6Pzvw4HBEbNBvQLjigzbe5r,,2024-01-23,United Airlines,United Airlines,-500.0,USD,in store,False
dogaqJw4ABUB11e5qVowUPG6NaDwg6uXNEKy5,qKlp7jRgaMimKK6Pzvw4HBEbNBvQLjigzbe5r,,2024-01-22,McDonald's,McDonald's,12.0,USD,in store,False
a1kyw3exLKuG114EjVAJsWdvQb1JNvtX45w6j,qKlp7jRgaMimKK6Pzvw4HBEbNBvQLjigzbe5r,,2024-01-22,Starbucks,Starbucks,4.33,USD,in store,False
4x6jXVrqgDHv4496qXpQIzE86nBWM8Fm5bzpj,qKlp7jRgaMimKK6Pzvw4HBEbNBvQLjigzbe5r,,2024-01-21,FUN,SparkFun,89.4,USD,in store,False
AL1bd9n7v6IB664p8lrnUyQgv4NKagHBwrDrQ,KbR9MVn8r6SK33WNGVjLIx6oMxlNXGFRxwljX,,2024-01-20,,INTRST PYMNT,-4.22,USD,other,False
olbNPL5pkQTNll1PM8EwUNj9wJkZB9uv9qD3x,JnkRZbEgK6SJnnBNQyPxU35pb5BpK3UBD7lGL,,2024-01-10,United Airlines,United Airlines,500.0,USD,in store,False
NlqbpnRk36TdXX6LmbWas4kLb6E5yLiVZ6d8R,qKlp7jRgaMimKK6Pzvw4HBEbNBvQLjigzbe5r,,2024-01-08,Uber,Uber 072515 SF**POOL**,6.33,USD,online,False
gEpZzJbjLdHovvbMgVnkImGegE4RZeFyD8BXe,JnkRZbEgK6SJnnBNQyPxU35pb5BpK3UBD7lGL,,2024-01-05,,Tectra Inc,500.0,USD,in store,False
WaJgb4R6eVcpRRvD3XxEi1KXkDMNwXUBMZ8GL,JnkRZbEgK6SJnnBNQyPxU35pb5BpK3UBD7lGL,,2024-01-04,,AUTOMATIC PAYMENT - THANK,2078.5,USD,online,False
E87EPr9MgbS6yyVopaxnuqaj8Vx5gjf6Qx7LW,JnkRZbEgK6SJnnBNQyPxU35pb5BpK3UBD7lGL,,2024-01-04,KFC,KFC,500.0,USD,in store,False
8N6V5RpB8ATD44nkaNJeTvbX4lqwKXiNa36yk,JnkRZbEgK6SJnnBNQyPxU35pb5BpK3UBD7lGL,,2024-01-04,,Madison Bicycle Shop,500.0,USD,in store,False
GWwB7kQLEAuAZZV1jd9xTr3XbV5DyXfZ9MvM4,KbR9MVn8r6SK33WNGVjLIx6oMxlNXGFRxwljX,,2023-12-26,,CREDIT CARD 3333 PAYMENT *//,25.0,USD,other,False
PKrXgEbnd6iRzzVd8ylwtPvW4VR5NWuKd6aL3,qKlp7jRgaMimKK6Pzvw4HBEbNBvQLjigzbe5r,,2023-12-26,Uber,Uber 063015 SF**POOL**,5.4,USD,online,False
ZPbD9jqlG6hBmmPaMV4NUgdWmXrpKWsxLqpKP,knwjdmyZrPSaJJpk7vEAI49Eo9bER4CLlP43V,,2023-12-25,,ACH Electronic CreditGUSTO PAY 123456,5850.0,USD,online,False
NlqbpnRk36TdXX6LmbWas4kLb6E5yLiVZ6d6R,rrqye5J841UgrrmPMVEoSgQxagWABlC7eKrXe,,2023-12-25,,CD DEPOSIT .INITIAL.,1000.0,USD,other,False
AL1bd9n7v6IB664p8lrnUyQgv4NKagHBwrDXg,JnkRZbEgK6SJnnBNQyPxU35pb5BpK3UBD7lGL,,2023-12-24,,Touchstone Climbing,78.5,USD,in store,False
jGpXxgbQKNUWLLPxJvymUWGzv3ZmwztQ4WdmJ,qKlp7jRgaMimKK6Pzvw4HBEbNBvQLjigzbe5r,,2023-12-24,United Airlines,United Airlines,-500.0,USD,in store,False
74P3wVpzWmHJVVdPW4XBUxaedvm87euwQJPyR,qKlp7jRgaMimKK6Pzvw4HBEbNBvQLjigzbe5r,,2023-12-23,McDonald's,McDonald's,12.0,USD,in store,False
eg6QKJvN83HEzzaMKV5qIXrWxj7qKWuxD9QBp,qKlp7jRgaMimKK6Pzvw4HBEbNBvQLjigzbe5r,,2023-12-23,Starbucks,Starbucks,4.33,USD,in store,False
Qrzg8WJba6UVoolEyXqDij3JXbvDPJcjomX6J,qKlp7jRgaMimKK6Pzvw4HBEbNBvQLjigzbe5r,,2023-12-22,FUN,SparkFun,89.4,USD,in store,False
ny41NJ5L3efpggA9Vvy6ipP9xBKJ79FJklRly,KbR9MVn8r6SK33WNGVjLIx6oMxlNXGFRxwljX,,2023-12-21,,INTRST PYMNT,-4.22,USD,other,False
GWwB7kQLEAuAZZV1jd9xTr3XbV5DyXfZ9Mvem,JnkRZbEgK6SJnnBNQyPxU35pb5BpK3UBD7lGL,,2023-12-11,United Airlines,United Airlines,500.0,USD,in store,False
ZPbD9jqlG6hBmmPaMV4NUgdWmXrpKWsxLqpmD,qKlp7jRgaMimKK6Pzvw4HBEbNBvQLjigzbe5r,,2023-12-09,Uber,Uber 072515 SF**POOL**,6.33,USD,online,False
ny41NJ5L3efpggA9Vvy6ipP9xBKJ79FJklRyv,JnkRZbEgK6SJnnBNQyPxU35pb5BpK3UBD7lGL,,2023-12-06,,Tectra Inc,500.0,USD,in store,False
y4dzobVmZyHKPPqRMwEXIKVoDQbrpoCgd6mqe,JnkRZbEgK6SJnnBNQyPxU35pb5BpK3UBD7lGL,,2023-12-05,,AUTOMATIC PAYMENT - THANK,2078.5,USD,online,False
mmJZ4951B7FWddXx3voDUWG8v5MjK8trjyNvn,JnkRZbEgK6SJnnBNQyPxU35pb5BpK3UBD7lGL,,2023-12-05,KFC,KFC,500.0,USD,in store,False
bLpQ5jxd9rIqnnbk6VE3SzlWrDN39WFBLbj4d,JnkRZbEgK6SJnnBNQyPxU35pb5BpK3UBD7lGL,,2023-12-05,,Madison Bicycle Shop,500.0,USD,in store,False
bLpQ5jxd9rIqnnbk6VE3SzlWrDN39WFBLbjb5,KbR9MVn8r6SK33WNGVjLIx6oMxlNXGFRxwljX,,2023-11-26,,CREDIT CARD 3333 PAYMENT *//,25.0,USD,other,False
MylGLZ7WB6f8qqD4xwWBfaymMDK8qmhmx6vpV,qKlp7jRgaMimKK6Pzvw4HBEbNBvQLjigzbe5r,,2023-11-26,Uber,Uber 063015 SF**POOL**,5.4,USD,online,False
MylGLZ7WB6f8qqD4xwWBfaymMDK8qmhmx6vMm,knwjdmyZrPSaJJpk7vEAI49Eo9bER4CLlP43V,,2023-11-25,,ACH Electronic CreditGUSTO PAY 123456,5850.0,USD,online,False
PKrXgEbnd6iRzzVd8ylwtPvW4VR5NWuKd6a63,rrqye5J841UgrrmPMVEoSgQxagWABlC7eKrXe,,2023-11-25,,CD DEPOSIT .INITIAL.,1000.0,USD,other,False
9PkNlw83gDhKVVw5pP7nIkpqEw5NPqsK8x1WQ,JnkRZbEgK6SJnnBNQyPxU35pb5BpK3UBD7lGL,,2023-11-24,,Touchstone Climbing,78.5,USD,in store,False
1zJ3vwlXD5SxppkMnze8IrAaz1dgpafD7jRXe,qKlp7jRgaMimKK6Pzvw4HBEbNBvQLjigzbe5r,,2023-11-24,United Airlines,United Airlines,-500.0,USD,in store,False
LmMy1bVEz6F7ll9NvGnqIdaEq9ygNEu38jMKa,qKlp7jRgaMimKK6Pzvw4HBEbNBvQLjigzbe5r,,2023-11-23,McDonald's,McDonald's,12.0,USD,in store,False
pqgpjX5odZU5qqDMN8VdU5yXD9ELKXuXgoGjz,qKlp7jRgaMimKK6Pzvw4HBEbNBvQLjigzbe5r,,2023-11-23,Starbucks,Starbucks,4.33,USD,in store,False
olbNPL5pkQTNll1PM8EwUNj9wJkZB9uv9qD5V,qKlp7jRgaMimKK6Pzvw4HBEbNBvQLjigzbe5r,,2023-11-22,FUN,SparkFun,89.4,USD,in store,False
mmJZ4951B7FWddXx3voDUWG8v5MjK8trjyNyE,KbR9MVn8r6SK33WNGVjLIx6oMxlNXGFRxwljX,,2023-11-21,,INTRST PYMNT,-4.22,USD,other,False
vxB91RqG7yHWNNkJZv1XUWwdZDn34dtwx6m3R,JnkRZbEgK6SJnnBNQyPxU35pb5BpK3UBD7lGL,,2023-11-11,United Airlines,United Airlines,500.0,USD,in store,False
gEpZzJbjLdHovvbMgVnkImGegE4RZeFyD8BRN,qKlp7jRgaMimKK6Pzvw4HBEbNBvQLjigzbe5r,,2023-11-09,Uber,Uber 072515 SF**POOL**,6.33,USD,online,False
RzBXE18m46SX33a4EoK6f74boWnmkbhZjpyvA,JnkRZbEgK6SJnnBNQyPxU35pb5BpK3UBD7lGL,,2023-11-06,,Tectra Inc,500.0,USD,in store,False
DgojNw8Z96HGZZBvR4WxslLXRBQD1XuZeWDPR,JnkRZbEgK6SJnnBNQyPxU35pb5BpK3UBD7lGL,,2023-11-05,,AUTOMATIC PAYMENT - THANK,2078.5,USD,online,False
X4oEmw8XD6HoNNnJqGAdIwvLENkJALtDgKZWk,JnkRZbEgK6SJnnBNQyPxU35pb5BpK3UBD7lGL,,2023-11-05,KFC,KFC,500.0,USD,in store,False
6aXNVBgr15cgLLr9vabPSewkdAvlzkszJDZoP,JnkRZbEgK6SJnnBNQyPxU35pb5BpK3UBD7lGL,,2023-11-05,,Madison Bicycle Shop,500.0,USD,in store,False
y4dzobVmZyHKPPqRMwEXIKVoDQbrpoCgd6m6a,KbR9MVn8r6SK33WNGVjLIx6oMxlNXGFRxwljX,,2023-10-27,,CREDIT CARD 3333 PAYMENT *//,25.0,USD,other,False
8N6V5RpB8ATD44nkaNJeTvbX4lqwKXiNa36pp,qKlp7jRgaMimKK6Pzvw4HBEbNBvQLjigzbe5r,,2023-10-27,Uber,Uber 063015 SF**POOL**,5.4,USD,online,False
1zJ3vwlXD5SxppkMnze8IrAaz1dgpafD7jRJV,knwjdmyZrPSaJJpk7vEAI49Eo9bER4CLlP43V,,2023-10-26,,ACH Electronic CreditGUSTO PAY 123456,5850.0,USD,online,False
jGpXxgbQKNUWLLPxJvymUWGzv3ZmwztQ4WdgJ,rrqye5J841UgrrmPMVEoSgQxagWABlC7eKrXe,,2023-10-26,,CD DEPOSIT .INITIAL.,1000.0,USD,other,False
VdpGngWR76IrGGxp9qAjcMKWvbj8zWTDkg18g,JnkRZbEgK6SJnnBNQyPxU35pb5BpK3UBD7lGL,,2023-10-25,,Touchstone Climbing,78.5,USD,in store,False
E87EPr9MgbS6yyVopaxnuqaj8Vx5gjf6Qx7ex,qKlp7jRgaMimKK6Pzvw4HBEbNBvQLjigzbe5r,,2023-10-25,United Airlines,United Airlines,-500.0,USD,in store,False
WaJgb4R6eVcpRRvD3XxEi1KXkDMNwXUBMZ8yz,qKlp7jRgaMimKK6Pzvw4HBEbNBvQLjigzbe5r,,2023-10-24,McDonald's,McDonald's,12.0,USD,in store,False
AL1bd9n7v6IB664p8lrnUyQgv4NKagHBwrDJQ,qKlp7jRgaMimKK6Pzvw4HBEbNBvQLjigzbe5r,,2023-10-24,Starbucks,Starbucks,4.33,USD,in store,False
GWwB7kQLEAuAZZV1jd9xTr3XbV5DyXfZ9Mvx4,qKlp7jRgaMimKK6Pzvw4HBEbNBvQLjigzbe5r,,2023-10-23,FUN,SparkFun,89.4,USD,in store,False
9PkNlw83gDhKVVw5pP7nIkpqEw5NPqsK8x1xG,KbR9MVn8r6SK33WNGVjLIx6oMxlNXGFRxwljX,,2023-10-22,,INTRST PYMNT,-4.22,USD,other,False
bM3nxzEd3ZT58paL8gQVhzllDgv5WVfmXDR9w,vN5QqWXG5vig39w63bKvIWwWmG1vvaiwx6mxk,,2025-10-12,FUN,SparkFun,89.4,USD,in store,False
Xd1J8VPX1xcL3rk53x7GiwvvNyaZLpHbmB7MZ,RKVn8y3mVqC7ZxLyZqdoU747DpyAAJhZjpyj4,,2025-10-11,,INTRST PYMNT,-4.22,USD,other,False
wPAZKXEnAvFl3KB83Ayvinpp6BVgvXFPbe4yy,Xd1J8VPX1xcL3rk53x7Giwvwzem99BcDgKZgv,,2025-10-01,United Airlines,United Airlines,500.0,USD,in store,False
mKLx5Xy1LvCrj8Bejl6vIWGG5BQo8VHgDqGKv,vN5QqWXG5vig39w63bKvIWwWmG1vvaiwx6mxk,,2025-09-29,Uber,Uber 072515 SF**POOL**,6.33,USD,online,False
5lx8oMpKxkF893Qj9pAduBAAm78Gbxc51Ba4z,Xd1J8VPX1xcL3rk53x7Giwvwzem99BcDgKZgv,,2025-09-26,,Tectra Inc,500.0,USD,in store,False
lkW3ZQEMW6SWreyZrBD8I144rZRMBpSpV9Kzp,Xd1J8VPX1xcL3rk53x7Giwvwzem99BcDgKZgv,,2025-09-25,,AUTOMATIC PAYMENT - THANK,2078.5,USD,online,False
klbByQEZbvFXn8RjngMvi499bjPE7xiLlP4GW,Xd1J8VPX1xcL3rk53x7Giwvwzem99BcDgKZgv,,2025-09-25,KFC,KFC,500.0,USD,in store,False
JpaXENLgaJF3bzWabqlyI355BgGpkxUBD7lKb,Xd1J8VPX1xcL3rk53x7Giwvwzem99BcDgKZgv,,2025-09-25,,Madison Bicycle Shop,500.0,USD,in store,False
DeRX8z7ZRJtlAjngAJb4ilLLBJrGXKi35yAlM,RKVn8y3mVqC7ZxLyZqdoU747DpyAAJhZjpyj4,,2025-09-16,,CREDIT CARD 3333 PAYMENT *//,25.0,USD,other,False
y731VWqm3wT8rdgJrmBwuKVVQ597oWT4zNJ19,vN5QqWXG5vig39w63bKvIWwWmG1vvaiwx6mxk,,2025-09-16,Uber,Uber 063015 SF**POOL**,5.4,USD,online,False
KoaXnNk8aJsxwlm9wEqVfx66WAjkGvCRxwl7G,DeRX8z7ZRJtlAjngAJb4ilLlMbm99NCZeWDeN,,2025-09-15,,ACH Electronic CreditGUSTO PAY 123456,5850.0,USD,online,False
V31JWy4R1BCMZbvzZ8PqHMKKb1rlW7s9B7j5v,6qmDgblrmpIp1xG71DAasewePLamm8izJDZJe,,2025-09-15,,CD DEPOSIT .INITIAL.,1000.0,USD,other,False
q3XkR1wgXvC9pVylpZovHBEEqar6jycgzbev6,Xd1J8VPX1xcL3rk53x7Giwvwzem99BcDgKZgv,,2025-09-14,,Touchstone Climbing,78.5,USD,in store,False
9zVX8Mr3VJczZLWXZJAPFkppw73nqdH4pP7er,vN5QqWXG5vig39w63bKvIWwWmG1vvaiwx6mxk,,2025-09-14,United Airlines,United Airlines,-500.0,USD,in store,False
vN5QqWXG5vig39w63bKvIWwwDqp7deHqM5LGK,vN5QqWXG5vig39w63bKvIWwWmG1vvaiwx6mxk,,2025-09-13,McDonald's,McDonald's,12.0,USD,in store,False
RKVn8y3mVqC7ZxLyZqdoU744WvBRbgCagd6xl,vN5QqWXG5vig39w63bKvIWwWmG1vvaiwx6mxk,,2025-09-13,Starbucks,Starbucks,4.33,USD,in store,False
6qmDgblrmpIp1xG71DAasewwA6NgkZH8BwEaJ,vN5QqWXG5vig39w63bKvIWwWmG1vvaiwx6mxk,,2025-09-12,FUN,SparkFun,89.4,USD,in store,False
9zVX8Mr3VJczZLWXZJAPFkpwENZnEytKzdRPM,RKVn8y3mVqC7ZxLyZqdoU747DpyAAJhZjpyj4,,2025-09-11,,INTRST PYMNT,-4.22,USD,other,False
ozXa5mEpXvcRZeoxZKk8fNjJwZz6wdFv46og4,Xd1J8VPX1xcL3rk53x7Giwvwzem99BcDgKZgv,,2025-09-01,,United Airlines,500.0,USD,other,False
NEwXRjKkwJC4RrK7RZzbH4k6b5JpbZiVLRWly,vN5QqWXG5vig39w63bKvIWwWmG1vvaiwx6mxk,,2025-08-30,,Uber 072515 SF**POOL**,6.33,USD,other,False
ggAqba9jAoIR8ZaW8KNVfmGEgR5ngoIyjAEzl,Xd1J8VPX1xcL3rk53x7Giwvwzem99BcDgKZgv,,2025-08-27,,Tectra Inc,500.0,USD,other,False
Wx8nRyN683F1MNGPMW6XS1KDkN8GkAuBoe6nP,Xd1J8VPX1xcL3rk53x7Giwvwzem99BcDgKZgv,,2025-08-26,,AUTOMATIC PAYMENT - THANK,2078.5,USD,other,False
EQNX9BeMNJFq49KX48GaIqaV85oW8BI6ZW4G4,Xd1J8VPX1xcL3rk53x7Giwvwzem99BcDgKZgv,,2025-08-26,,KFC,500.0,USD,other,False
8rwXpjKBwgcWPqRgPArNIvbl4wzn4JFNvDWMw,Xd1J8VPX1xcL3rk53x7Giwvwzem99BcDgKZgv,,2025-08-26,,Madison Bicycle Shop,500.0,USD,other,False
vN5QqWXG5vig39w63bKvIWwDZ3o7ZMswayW57,RKVn8y3mVqC7ZxLyZqdoU747DpyAAJhZjpyj4,,2025-08-17,,CREDIT CARD 3333 PAYMENT *//,25.0,USD,other,False
PleVbZzneJFPQGJjQv3yFPvV45Dp4dFKEq7xX,vN5QqWXG5vig39w63bKvIWwWmG1vvaiwx6mxk,,2025-08-17,,Uber 063015 SF**POOL**,5.4,USD,other,False
klbByQEZbvFXn8RjngMvi49bvAmEvGimrMLew,DeRX8z7ZRJtlAjngAJb4ilLlMbm99NCZeWDeN,,2025-08-16,,ACH Electronic CreditGUSTO PAY 123456,5850.0,USD,other,False
Xd1J8VPX1xcL3rk53x7GiwvNEJqZEgiDpobew,6qmDgblrmpIp1xG71DAasewePLamm8izJDZJe,,2025-08-16,,CD DEPOSIT .INITIAL.,1000.0,USD,other,False
APQXnkN7QJFzP91GPeAlFyQ4vKDWvwFBRq9Z6,Xd1J8VPX1xcL3rk53x7Giwvwzem99BcDgKZgv,,2025-08-15,,Touchstone Climbing,78.5,USD,other,False
jWZzbmEQZvCgo85ZoB7vIWG3vm4AvEsQon1NZ,vN5QqWXG5vig39w63bKvIWwWmG1vvaiwx6mxk,,2025-08-15,,United Airlines,-500.0,USD,other,False
7KQkp5qzQoCxywZ1ymA4fxavd8ZBdrCw4DgE1,vN5QqWXG5vig39w63bKvIWwWmG1vvaiwx6mxk,,2025-08-14,,McDonald's,12.0,USD,other,False
epanvxENaLF9p4yLpkPVHXrjxqR5x3CxyALqE,vN5QqWXG5vig39w63bKvIWwWmG1vvaiwx6mxk,,2025-08-14,,Starbucks,4.33,USD,other,False
QqVyJGBbVlIjm3dzm8xXcj3bXDpxXoijrbpNZ,vN5QqWXG5vig39w63bKvIWwWmG1vvaiwx6mxk,,2025-08-13,,SparkFun,89.4,USD,other,False
RKVn8y3mVqC7ZxLyZqdoU74WomwRojSZ7eRdr,RKVn8y3mVqC7ZxLyZqdoU747DpyAAJhZjpyj4,,2025-08-12,,INTRST PYMNT,-4.22,USD,other,False
GM3XQxZL3JTrWqNgWEMdIr3VbD4AbacZJD6mn,Xd1J8VPX1xcL3rk53x7Giwvwzem99BcDgKZgv,,2025-08-02,,United Airlines,500.0,USD,other,False
Z4gRqy7lgaioGe1LGwQVUgdXmpezmLUxnZgox,vN5QqWXG5vig39w63bKvIWwWmG1vvaiwx6mxk,,2025-07-31,,Uber 072515 SF**POOL**,6.33,USD,other,False
nrpd5QELpvc5JZxMJq8vhpPBxJ16xjtJP1ArE,Xd1J8VPX1xcL3rk53x7Giwvwzem99BcDgKZgv,,2025-07-28,,Tectra Inc,500.0,USD,other,False
Z4gRqy7lgaioGe1LGwQVUgdXmpezmLUxnZeMW,Xd1J8VPX1xcL3rk53x7Giwvwzem99BcDgKZgv,,2025-07-27,,AUTOMATIC PAYMENT - THANK,2078.5,USD,other,False
mKLx5Xy1LvCrj8Bejl6vIWG5vjLovDsrRBgxr,Xd1J8VPX1xcL3rk53x7Giwvwzem99BcDgKZgv,,2025-07-27,,KFC,500.0,USD,other,False
bM3nxzEd3ZT58paL8gQVhzlDr3R5rZfBgAmaE,Xd1J8VPX1xcL3rk53x7Giwvwzem99BcDgKZgv,,2025-07-27,,Madison Bicycle Shop,500.0,USD,other,False
6qmDgblrmpIp1xG71DAasewAdlygd7SzjvgwE,RKVn8y3mVqC7ZxLyZqdoU747DpyAAJhZjpyj4,,2025-07-18,,CREDIT CARD 3333 PAYMENT *//,25.0,USD,other,False
M8wX7NqWwJFaGm61GnrwUayDM8XpMxfmba9jk,vN5QqWXG5vig39w63bKvIWwWmG1vvaiwx6mxk,,2025-07-18,,Uber 063015 SF**POOL**,5.4,USD,other,False
lkW3ZQEMW6SWreyZrBD8I14rymqMy5uM1Ppen,DeRX8z7ZRJtlAjngAJb4ilLlMbm99NCZeWDeN,,2025-07-17,,ACH Electronic CreditGUSTO PAY 123456,5850.0,USD,other,False
DeRX8z7ZRJtlAjngAJb4ilLBRDjGReuZmj36j,6qmDgblrmpIp1xG71DAasewePLamm8izJDZJe,,2025-07-17,,CD DEPOSIT .INITIAL.,1000.0,USD,other,False
M8wX7NqWwJFaGm61GnrwUayDM8XpMxfmbaL3G,Xd1J8VPX1xcL3rk53x7Giwvwzem99BcDgKZgv,,2025-07-16,,Touchstone Climbing,78.5,USD,other,False
1Ry8lMZXyQfaW9d1WwozUrA1zgVWzjcDb65nE,vN5QqWXG5vig39w63bKvIWwWmG1vvaiwx6mxk,,2025-07-16,,United Airlines,-500.0,USD,other,False
LkjXVNlEjJSdjeDVjEKGUda9qg6Kq8u3gZPAz,vN5QqWXG5vig39w63bKvIWwWmG1vvaiwx6mxk,,2025-07-15,,McDonald's,12.0,USD,other,False
pBL45RwoLvtPLjelLrk8F5y9DLJVDZIX9PL7y,vN5QqWXG5vig39w63bKvIWwWmG1vvaiwx6mxk,,2025-07-15,,Starbucks,4.33,USD,other,False
ozXa5mEpXvcRZeoxZKk8fNjJwZz6wdFv46RJJ,vN5QqWXG5vig39w63bKvIWwWmG1vvaiwx6mxk,,2025-07-14,,SparkFun,89.4,USD,other,False
Xd1J8VPX1xcL3rk53x7GiwvNEJqZEgiDpodBw,RKVn8y3mVqC7ZxLyZqdoU747DpyAAJhZjpyj4,,2025-07-13,,INTRST PYMNT,-4.22,USD,other,False
1Ry8lMZXyQfaW9d1WwozUrA1zgVWzjcDb6p4v,Xd1J8VPX1xcL3rk53x7Giwvwzem99BcDgKZgv,,2025-07-03,,United Airlines,500.0,USD,other,False
ggAqba9jAoIR8ZaW8KNVfmGEgR5ngoIyjAgev,vN5QqWXG5vig39w63bKvIWwWmG1vvaiwx6mxk,,2025-07-01,,Uber 072515 SF**POOL**,6.33,USD,other,False
LkjXVNlEjJSdjeDVjEKGUda9qg6Kq8u3gZk1v,Xd1J8VPX1xcL3rk53x7Giwvwzem99BcDgKZgv,,2025-06-28,,Tectra Inc,500.0,USD,other,False
ggAqba9jAoIR8ZaW8KNVfmGEgR5ngoIyjAEzA,Xd1J8VPX1xcL3rk53x7Giwvwzem99BcDgKZgv,,2025-06-27,,AUTOMATIC PAYMENT - THANK,2078.5,USD,other,False
ozXa5mEpXvcRZeoxZKk8fNjJwZz6wdFv46ogW,Xd1J8VPX1xcL3rk53x7Giwvwzem99BcDgKZgv,,2025-06-27,,KFC,500.0,USD,other,False
pBL45RwoLvtPLjelLrk8F5y9DLJVDZIX9PpB7,Xd1J8VPX1xcL3rk53x7Giwvwzem99BcDgKZgv,,2025-06-27,,Madison Bicycle Shop,500.0,USD,other,False
DeRX8z7ZRJtlAjngAJb4ilLBRDjGReuZmjvyj,RKVn8y3mVqC7ZxLyZqdoU747DpyAAJhZjpyj4,,2025-06-18,,CREDIT CARD 3333 PAYMENT *//,25.0,USD,other,False
8rwXpjKBwgcWPqRgPArNIvbl4wzn4JFNvDwPD,vN5QqWXG5vig39w63bKvIWwWmG1vvaiwx6mxk,,2025-06-18,,Uber 063015 SF**POOL**,5.4,USD,other,False
q3XkR1wgXvC9pVylpZovHBEqgpb6gzfQ8pg1Q,DeRX8z7ZRJtlAjngAJb4ilLlMbm99NCZeWDeN,,2025-06-17,,ACH Electronic CreditGUSTO PAY 123456,5850.0,USD,other,False
V31JWy4R1BCMZbvzZ8PqHMKbv8JlvkfDbG9K7,6qmDgblrmpIp1xG71DAasewePLamm8izJDZJe,,2025-06-17,,CD DEPOSIT .INITIAL.,1000.0,USD,other,False
8rwXpjKBwgcWPqRgPArNIvbl4wzn4JFNvDWMd,Xd1J8VPX1xcL3rk53x7Giwvwzem99BcDgKZgv,,2025-06-16,,Touchstone Climbing,78.5,USD,other,False
EQNX9BeMNJFq49KX48GaIqaV85oW8BI6ZWXaD,vN5QqWXG5vig39w63bKvIWwWmG1vvaiwx6mxk,,2025-06-16,,United Airlines,-500.0,USD,other,False
Wx8nRyN683F1MNGPMW6XS1KDkN8GkAuBoelJp,vN5QqWXG5vig39w63bKvIWwWmG1vvaiwx6mxk,,2025-06-15,,McDonald's,12.0,USD,other,False
APQXnkN7QJFzP91GPeAlFyQ4vKDWvwFBRq1nZ,vN5QqWXG5vig39w63bKvIWwWmG1vvaiwx6mxk,,2025-06-15,,Starbucks,4.33,USD,other,False
GM3XQxZL3JTrWqNgWEMdIr3VbD4AbacZJD1zk,vN5QqWXG5vig39w63bKvIWwWmG1vvaiwx6mxk,,2025-06-14,,SparkFun,89.4,USD,other,False
V31JWy4R1BCMZbvzZ8PqHMKbv8JlvkfDbGW77,RKVn8y3mVqC7ZxLyZqdoU747DpyAAJhZjpyj4,,2025-06-13,,INTRST PYMNT,-4.22,USD,other,False
EQNX9BeMNJFq49KX48GaIqaV85oW8BI6ZW4bo,Xd1J8VPX1xcL3rk53x7Giwvwzem99BcDgKZgv,,2025-06-03,,United Airlines,500.0,USD,other,False
nrpd5QELpvc5JZxMJq8vhpPBxJ16xjtJP16Ln,vN5QqWXG5vig39w63bKvIWwWmG1vvaiwx6mxk,,2025-06-01,,Uber 072515 SF**POOL**,6.33,USD,other,False
Wx8nRyN683F1MNGPMW6XS1KDkN8GkAuBoe6gn,Xd1J8VPX1xcL3rk53x7Giwvwzem99BcDgKZgv,,2025-05-29,,Tectra Inc,500.0,USD,other,False
nrpd5QELpvc5JZxMJq8vhpPBxJ16xjtJP1AvN,Xd1J8VPX1xcL3rk53x7Giwvwzem99BcDgKZgv,,2025-05-28,,AUTOMATIC PAYMENT - THANK,2078.5,USD,other,False
GM3XQxZL3JTrWqNgWEMdIr3VbD4AbacZJD6kQ,Xd1J8VPX1xcL3rk53x7Giwvwzem99BcDgKZgv,,2025-05-28,,KFC,500.0,USD,other,False
APQXnkN7QJFzP91GPeAlFyQ4vKDWvwFBRq9zz,Xd1J8VPX1xcL3rk53x7Giwvwzem99BcDgKZgv,,2025-05-28,,Madison Bicycle Shop,500.0,USD,other,False
wPAZKXEnAvFl3KB83Ayvinp6A3PgAbiQAnPWW,RKVn8y3mVqC7ZxLyZqdoU747DpyAAJhZjpyj4,,2025-05-19,,CREDIT CARD 3333 PAYMENT *//,25.0,USD,other,False
bM3nxzEd3ZT58paL8gQVhzlDr3R5rZfBgAVM1,vN5QqWXG5vig39w63bKvIWwWmG1vvaiwx6mxk,,2025-05-19,,Uber 063015 SF**POOL**,5.4,USD,other,False
KoaXnNk8aJsxwlm9wEqVfx6WV5okV8C5gdRaJ,DeRX8z7ZRJtlAjngAJb4ilLlMbm99NCZeWDeN,,2025-05-18,,ACH Electronic CreditGUSTO PAY 123456,5850.0,USD,other,False
wPAZKXEnAvFl3KB83Ayvinp6A3PgAbiQAnPkW,6qmDgblrmpIp1xG71DAasewePLamm8izJDZJe,,2025-05-18,,CD DEPOSIT .INITIAL.,1000.0,USD,other,False
bM3nxzEd3ZT58paL8gQVhzlDr3R5rZfBgAm8Q,Xd1J8VPX1xcL3rk53x7Giwvwzem99BcDgKZgv,,2025-05-17,,Touchstone Climbing,78.5,USD,other,False
mKLx5Xy1LvCrj8Bejl6vIWG5vjLovDsrRBLVz,vN5QqWXG5vig39w63bKvIWwWmG1vvaiwx6mxk,,2025-05-17,,United Airlines,-500.0,USD,other,False
Z4gRqy7lgaioGe1LGwQVUgdXmpezmLUxnZgdX,vN5QqWXG5vig39w63bKvIWwWmG1vvaiwx6mxk,,2025-05-16,,McDonald's,12.0,USD,other,False
M8wX7NqWwJFaGm61GnrwUayDM8XpMxfmba9dy,vN5QqWXG5vig39w63bKvIWwWmG1vvaiwx6mxk,,2025-05-16,,Starbucks,4.33,USD,other,False
1Ry8lMZXyQfaW9d1WwozUrA1zgVWzjcDb65Ar,vN5QqWXG5vig39w63bKvIWwWmG1vvaiwx6mxk,,2025-05-15,,SparkFun,89.4,USD,other,False
5lx8oMpKxkF893Qj9pAduBAm4QZG4df6zk5NR,RKVn8y3mVqC7ZxLyZqdoU747DpyAAJhZjpyj4,,2025-05-14,,INTRST PYMNT,-4.22,USD,other,False
mKLx5Xy1LvCrj8Bejl6vIWG5vjLovDsrRBg6d,Xd1J8VPX1xcL3rk53x7Giwvwzem99BcDgKZgv,,2025-05-04,,United Airlines,500.0,USD,other,False
LkjXVNlEjJSdjeDVjEKGUda9qg6Kq8u3gZPVW,vN5QqWXG5vig39w63bKvIWwWmG1vvaiwx6mxk,,2025-05-02,,Uber 072515 SF**POOL**,6.33,USD,other,False
y731VWqm3wT8rdgJrmBwuKVQDrM7DzigkV4xA,Xd1J8VPX1xcL3rk53x7Giwvwzem99BcDgKZgv,,2025-04-29,,Tectra Inc,500.0,USD,other,False
RKVn8y3mVqC7ZxLyZqdoU74WomwRojSZ7ea8N,Xd1J8VPX1xcL3rk53x7Giwvwzem99BcDgKZgv,,2025-04-28,,AUTOMATIC PAYMENT - THANK,2078.5,USD,other,False
vN5QqWXG5vig39w63bKvIWwDZ3o7ZMswayqrZ,Xd1J8VPX1xcL3rk53x7Giwvwzem99BcDgKZgv,,2025-04-28,,KFC,500.0,USD,other,False
9zVX8Mr3VJczZLWXZJAPFkpwENZnEytKzd4jg,Xd1J8VPX1xcL3rk53x7Giwvwzem99BcDgKZgv,,2025-04-28,,Madison Bicycle Shop,500.0,USD,other,False
JpaXENLgaJF3bzWabqlyI35BELXpEjUnpzBRm,RKVn8y3mVqC7ZxLyZqdoU747DpyAAJhZjpyj4,,2025-04-19,,CREDIT CARD 3333 PAYMENT *//,25.0,USD,other,False
pBL45RwoLvtPLjelLrk8F5y9DLJVDZIX9PLAl,vN5QqWXG5vig39w63bKvIWwWmG1vvaiwx6mxk,,2025-04-19,,Uber 063015 SF**POOL**,5.4,USD,other,False
rxRPJWE8RvFKJn1WJeZVUgQq3Jxz3eUGL87VN,DeRX8z7ZRJtlAjngAJb4ilLlMbm99NCZeWDeN,,2025-04-18,,ACH Electronic CreditGUSTO PAY 123456,5850.0,USD,other,False
5lx8oMpKxkF893Qj9pAduBAm4QZG4df6zk5RR,6qmDgblrmpIp1xG71DAasewePLamm8izJDZJe,,2025-04-18,,CD DEPOSIT .INITIAL.,1000.0,USD,other,False
6qmDgblrmpIp1xG71DAasewAdlygd7Szjv84K,Xd1J8VPX1xcL3rk53x7Giwvwzem99BcDgKZgv,,2025-04-17,,Touchstone Climbing,78.5,USD,other,False
ozXa5mEpXvcRZeoxZKk8fNjJwZz6wdFv46RW5,vN5QqWXG5vig39w63bKvIWwWmG1vvaiwx6mxk,,2025-04-17,,United Airlines,-500.0,USD,other,False
ggAqba9jAoIR8ZaW8KNVfmGEgR5ngoIyjAgv8,vN5QqWXG5vig39w63bKvIWwWmG1vvaiwx6mxk,,2025-04-16,,McDonald's,12.0,USD,other,False
8rwXpjKBwgcWPqRgPArNIvbl4wzn4JFNvDwko,vN5QqWXG5vig39w63bKvIWwWmG1vvaiwx6mxk,,2025-04-16,,Starbucks,4.33,USD,other,False
EQNX9BeMNJFq49KX48GaIqaV85oW8BI6ZWXpq,vN5QqWXG5vig39w63bKvIWwWmG1vvaiwx6mxk,,2025-04-15,,SparkFun,89.4,USD,other,False
klbByQEZbvFXn8RjngMvi49bvAmEvGimrMLZX,RKVn8y3mVqC7ZxLyZqdoU747DpyAAJhZjpyj4,,2025-04-14,,INTRST PYMNT,-4.22,USD,other,False
Xd1J8VPX1xcL3rk53x7GiwvNEJqZEgiDpobGK,Xd1J8VPX1xcL3rk53x7Giwvwzem99BcDgKZgv,,2025-04-04,,United Airlines,500.0,USD,other,False
Wx8nRyN683F1MNGPMW6XS1KDkN8GkAuBoelJG,vN5QqWXG5vig39w63bKvIWwWmG1vvaiwx6mxk,,2025-04-02,,Uber 072515 SF**POOL**,6.33,USD,other,False
DeRX8z7ZRJtlAjngAJb4ilLBRDjGReuZmj3bq,Xd1J8VPX1xcL3rk53x7Giwvwzem99BcDgKZgv,,2025-03-30,,Tectra Inc,500.0,USD,other,False
5lx8oMpKxkF893Qj9pAduBAm4QZG4df6zk59P,Xd1J8VPX1xcL3rk53x7Giwvwzem99BcDgKZgv,,2025-03-29,,AUTOMATIC PAYMENT - THANK,2078.5,USD,other,False
wPAZKXEnAvFl3KB83Ayvinp6A3PgAbiQAnPJ6,Xd1J8VPX1xcL3rk53x7Giwvwzem99BcDgKZgv,,2025-03-29,,KFC,500.0,USD,other,False
V31JWy4R1BCMZbvzZ8PqHMKbv8JlvkfDbG9zB,Xd1J8VPX1xcL3rk53x7Giwvwzem99BcDgKZgv,,2025-03-29,,Madison Bicycle Shop,500.0,USD,other,False
lkW3ZQEMW6SWreyZrBD8I14rymqMy5uM1Ppbe,RKVn8y3mVqC7ZxLyZqdoU747DpyAAJhZjpyj4,,2025-03-20,,CREDIT CARD 3333 PAYMENT *//,25.0,USD,other,False
APQXnkN7QJFzP91GPeAlFyQ4vKDWvwFBRq1nX,vN5QqWXG5vig39w63bKvIWwWmG1vvaiwx6mxk,,2025-03-20,,Uber 063015 SF**POOL**,5.4,USD,other,False
zeMLmwKyMvtElwnGlqyQUn9oRlqjR5ieDkl18,DeRX8z7ZRJtlAjngAJb4ilLlMbm99NCZeWDeN,,2025-03-19,,ACH Electronic CreditGUSTO PAY 123456,5850.0,USD,other,False
JpaXENLgaJF3bzWabqlyI35BELXpEjUnpzBam,6qmDgblrmpIp1xG71DAasewePLamm8izJDZJe,,2025-03-19,,CD DEPOSIT .INITIAL.,1000.0,USD,other,False
JpaXENLgaJF3bzWabqlyI35BELXpEjUnpzBmE,Xd1J8VPX1xcL3rk53x7Giwvwzem99BcDgKZgv,,2025-03-18,,Touchstone Climbing,78.5,USD,other,False
GM3XQxZL3JTrWqNgWEMdIr3VbD4AbacZJD1zl,vN5QqWXG5vig39w63bKvIWwWmG1vvaiwx6mxk,,2025-03-18,,United Airlines,-500.0,USD,other,False
nrpd5QELpvc5JZxMJq8vhpPBxJ16xjtJP16Lo,vN5QqWXG5vig39w63bKvIWwWmG1vvaiwx6mxk,,2025-03-17,,McDonald's,12.0,USD,other,False
bM3nxzEd3ZT58paL8gQVhzlDr3R5rZfBgAVMk,vN5QqWXG5vig39w63bKvIWwWmG1vvaiwx6mxk,,2025-03-17,,Starbucks,4.33,USD,other,False
mKLx5Xy1LvCrj8Bejl6vIWG5vjLovDsrRBLVm,vN5QqWXG5vig39w63bKvIWwWmG1vvaiwx6mxk,,2025-03-16,,SparkFun,89.4,USD,other,False
q3XkR1wgXvC9pVylpZovHBEqgpb6gzfQ8pgwk,RKVn8y3mVqC7ZxLyZqdoU747DpyAAJhZjpyj4,,2025-03-15,,INTRST PYMNT,-4.22,USD,other,False
klbByQEZbvFXn8RjngMvi49bvAmEvGimrMLk9,Xd1J8VPX1xcL3rk53x7Giwvwzem99BcDgKZgv,,2025-03-05,,United Airlines,500.0,USD,other,False
y731VWqm3wT8rdgJrmBwuKVQDrM7DzigkVy7d,vN5QqWXG5vig39w63bKvIWwWmG1vvaiwx6mxk,,2025-03-03,,Uber 072515 SF**POOL**,6.33,USD,other,False
lkW3ZQEMW6SWreyZrBD8I14rymqMy5uM1Pplq,Xd1J8VPX1xcL3rk53x7Giwvwzem99BcDgKZgv,,2025-02-28,,Tectra Inc,500.0,USD,other,False
rxRPJWE8RvFKJn1WJeZVUgQq3Jxz3eUGL87E4,Xd1J8VPX1xcL3rk53x7Giwvwzem99BcDgKZgv,,2025-02-27,,AUTOMATIC PAYMENT - THANK,2078.5,USD,other,False
KoaXnNk8aJsxwlm9wEqVfx6WV5okV8C5gdRM8,Xd1J8VPX1xcL3rk53x7Giwvwzem99BcDgKZgv,,2025-02-27,,KFC,500.0,USD,other,False
q3XkR1wgXvC9pVylpZovHBEqgpb6gzfQ8pgnm,Xd1J8VPX1xcL3rk53x7Giwvwzem99BcDgKZgv,,2025-02-27,,Madison Bicycle Shop,500.0,USD,other,False
KoaXnNk8aJsxwlm9wEqVfx6WV5okV8C5gdRzA,RKVn8y3mVqC7ZxLyZqdoU747DpyAAJhZjpyj4,,2025-02-18,,CREDIT CARD 3333 PAYMENT *//,25.0,USD,other,False
9zVX8Mr3VJczZLWXZJAPFkpwENZnEytKzdRX1,vN5QqWXG5vig39w63bKvIWwWmG1vvaiwx6mxk,,2025-02-18,,Uber 063015 SF**POOL**,5.4,USD,other,False
BjlXRKPelJuG8NKX8BjDsMbwkLdEkJfkqm4N6,DeRX8z7ZRJtlAjngAJb4ilLlMbm99NCZeWDeN,,2025-02-17,,ACH Electronic CreditGUSTO PAY 123456,5850.0,USD,other,False
klbByQEZbvFXn8RjngMvi49bvAmEvGimrMLNX,6qmDgblrmpIp1xG71DAasewePLamm8izJDZJe,,2025-02-17,,CD DEPOSIT .INITIAL.,1000.0,USD,other,False
zeMLmwKyMvtElwnGlqyQUn9oRlqjR5ieDklpn,Xd1J8VPX1xcL3rk53x7Giwvwzem99BcDgKZgv,,2025-02-16,,Touchstone Climbing,78.5,USD,other,False
vN5QqWXG5vig39w63bKvIWwDZ3o7ZMswayW9d,vN5QqWXG5vig39w63bKvIWwWmG1vvaiwx6mxk,,2025-02-16,,United Airlines,-500.0,USD,other,False
RKVn8y3mVqC7ZxLyZqdoU74WomwRojSZ7eRmL,vN5QqWXG5vig39w63bKvIWwWmG1vvaiwx6mxk,,2025-02-15,,McDonald's,12.0,USD,other,False
6qmDgblrmpIp1xG71DAasewAdlygd7SzjvgVa,vN5QqWXG5vig39w63bKvIWwWmG1vvaiwx6mxk,,2025-02-15,,Starbucks,4.33,USD,other,False
Xd1J8VPX1xcL3rk53x7GiwvNEJqZEgiDpodwp,vN5QqWXG5vig39w63bKvIWwWmG1vvaiwx6mxk,,2025-02-14,,SparkFun,89.4,USD,other,False
rxRPJWE8RvFKJn1WJeZVUgQq3Jxz3eUGL87ZM,RKVn8y3mVqC7ZxLyZqdoU747DpyAAJhZjpyj4,,2025-02-13,,INTRST PYMNT,-4.22,USD,other,False
BjlXRKPelJuG8NKX8BjDsMbwkLdEkJfkqm4r1,Xd1J8VPX1xcL3rk53x7Giwvwzem99BcDgKZgv,,2025-02-03,,United Airlines,500.0,USD,other,False
DeRX8z7ZRJtlAjngAJb4ilLBRDjGReuZmjvKz,vN5QqWXG5vig39w63bKvIWwWmG1vvaiwx6mxk,,2025-02-01,,Uber 072515 SF**POOL**,6.33,USD,other,False
3RB5KX1lBMfobempbB13UEJd9QjV94IWG4Zzv,Xd1J8VPX1xcL3rk53x7Giwvwzem99BcDgKZgv,,2025-01-29,,Tectra Inc,500.0,USD,other,False
aZdDerpxdQFnD8ebDmdVcWdbQJqDQ5sXpyZr7,Xd1J8VPX1xcL3rk53x7Giwvwzem99BcDgKZgv,,2025-01-28,,AUTOMATIC PAYMENT - THANK,2078.5,USD,other,False
dLdbw3E4d1FyPJ8LPjlVhPGaNwRoNMFXoVJ7P,Xd1J8VPX1xcL3rk53x7Giwvwzem99BcDgKZgv,,2025-01-28,,KFC,500.0,USD,other,False
xjBMrWlbBvu6WRjkWwzZFDnQ8Wd683iQmr68m,Xd1J8VPX1xcL3rk53x7Giwvwzem99BcDgKZgv,,2025-01-28,,Madison Bicycle Shop,500.0,USD,other,False
zeMLmwKyMvtElwnGlqyQUn9oRlqjR5ieDklxQ,RKVn8y3mVqC7ZxLyZqdoU747DpyAAJhZjpyj4,,2025-01-19,,CREDIT CARD 3333 PAYMENT *//,25.0,USD,other,False
V31JWy4R1BCMZbvzZ8PqHMKbv8JlvkfDbGW3W,vN5QqWXG5vig39w63bKvIWwWmG1vvaiwx6mxk,,2025-01-19,,Uber 063015 SF**POOL**,5.4,USD,other,False
3RB5KX1lBMfobempbB13UEJd9QjV94IWG4Ze7,DeRX8z7ZRJtlAjngAJb4ilLlMbm99NCZeWDeN,,2025-01-18,,ACH Electronic CreditGUSTO PAY 123456,5850.0,USD,other,False
lkW3ZQEMW6SWreyZrBD8I14rymqMy5uM1Ppje,6qmDgblrmpIp1xG71DAasewePLamm8izJDZJe,,2025-01-18,,CD DEPOSIT .INITIAL.,1000.0,USD,other,False
4RvmrkLqv1fLAaxmAjoXizEn6Wlv6Rfm8GJBJ,Xd1J8VPX1xcL3rk53x7Giwvwzem99BcDgKZgv,,2025-01-17,,Touchstone Climbing,78.5,USD,other,False
wPAZKXEnAvFl3KB83Ayvinp6A3PgAbiQAnrBP,vN5QqWXG5vig39w63bKvIWwWmG1vvaiwx6mxk,,2025-01-17,,United Airlines,-500.0,USD,other,False
5lx8oMpKxkF893Qj9pAduBAm4QZG4df6zkZqG,vN5QqWXG5vig39w63bKvIWwWmG1vvaiwx6mxk,,2025-01-16,,McDonald's,12.0,USD,other,False
JpaXENLgaJF3bzWabqlyI35BELXpEjUnpzdVo,vN5QqWXG5vig39w63bKvIWwWmG1vvaiwx6mxk,,2025-01-16,,Starbucks,4.33,USD,other,False
klbByQEZbvFXn8RjngMvi49bvAmEvGimrMWy8,vN5QqWXG5vig39w63bKvIWwWmG1vvaiwx6mxk,,2025-01-15,,SparkFun,89.4,USD,other,False
BjlXRKPelJuG8NKX8BjDsMbwkLdEkJfkqm43x,RKVn8y3mVqC7ZxLyZqdoU747DpyAAJhZjpyj4,,2025-01-14,,INTRST PYMNT,-4.22,USD,other,False
NEwXRjKkwJC4RrK7RZzbH4k6b5JpbZiVLRy9X,Xd1J8VPX1xcL3rk53x7Giwvwzem99BcDgKZgv,,2025-01-04,,United Airlines,500.0,USD,other,False
lkW3ZQEMW6SWreyZrBD8I14rymqMy5uM1PZDJ,vN5QqWXG5vig39w63bKvIWwWmG1vvaiwx6mxk,,2025-01-02,,Uber 072515 SF**POOL**,6.33,USD,other,False
PleVbZzneJFPQGJjQv3yFPvV45Dp4dFKEqogQ,Xd1J8VPX1xcL3rk53x7Giwvwzem99BcDgKZgv,,2024-12-30,,Tectra Inc,500.0,USD,other,False
epanvxENaLF9p4yLpkPVHXrjxqR5x3CxyArpJ,Xd1J8VPX1xcL3rk53x7Giwvwzem99BcDgKZgv,,2024-12-29,,AUTOMATIC PAYMENT - THANK,2078.5,USD,other,False
7KQkp5qzQoCxywZ1ymA4fxavd8ZBdrCw4Ddej,Xd1J8VPX1xcL3rk53x7Giwvwzem99BcDgKZgv,,2024-12-29,,KFC,500.0,USD,other,False
jWZzbmEQZvCgo85ZoB7vIWG3vm4AvEsQon6DG,Xd1J8VPX1xcL3rk53x7Giwvwzem99BcDgKZgv,,2024-12-29,,Madison Bicycle Shop,500.0,USD,other,False
3RB5KX1lBMfobempbB13UEJd9QjV94IWG4Z9g,RKVn8y3mVqC7ZxLyZqdoU747DpyAAJhZjpyj4,,2024-12-20,,CREDIT CARD 3333 PAYMENT *//,25.0,USD,other,False
q3XkR1wgXvC9pVylpZovHBEqgpb6gzfQ8pd4L,vN5QqWXG5vig39w63bKvIWwWmG1vvaiwx6mxk,,2024-12-20,,Uber 063015 SF**POOL**,5.4,USD,other,False
xjBMrWlbBvu6WRjkWwzZFDnQ8Wd683iQmr6Rd,DeRX8z7ZRJtlAjngAJb4ilLlMbm99NCZeWDeN,,2024-12-19,,ACH Electronic CreditGUSTO PAY 123456,5850.0,USD,other,False
q3XkR1wgXvC9pVylpZovHBEqgpb6gzfQ8pg9k,6qmDgblrmpIp1xG71DAasewePLamm8izJDZJe,,2024-12-19,,CD DEPOSIT .INITIAL.,1000.0,USD,other,False
QqVyJGBbVlIjm3dzm8xXcj3bXDpxXoijrbwvj,Xd1J8VPX1xcL3rk53x7Giwvwzem99BcDgKZgv,,2024-12-18,,Touchstone Climbing,78.5,USD,other,False
KoaXnNk8aJsxwlm9wEqVfx6WV5okV8C5gdV45,vN5QqWXG5vig39w63bKvIWwWmG1vvaiwx6mxk,,2024-12-18,,United Airlines,-500.0,USD,other,False
rxRPJWE8RvFKJn1WJeZVUgQq3Jxz3eUGL8l3m,vN5QqWXG5vig39w63bKvIWwWmG1vvaiwx6mxk,,2024-12-17,,McDonald's,12.0,USD,other,False
zeMLmwKyMvtElwnGlqyQUn9oRlqjR5ieDko46,vN5QqWXG5vig39w63bKvIWwWmG1vvaiwx6mxk,,2024-12-17,,Starbucks,4.33,USD,other,False
BjlXRKPelJuG8NKX8BjDsMbwkLdEkJfkqmwDJ,vN5QqWXG5vig39w63bKvIWwWmG1vvaiwx6mxk,,2024-12-16,,SparkFun,89.4,USD,other,False
xjBMrWlbBvu6WRjkWwzZFDnQ8Wd683iQmr6DP,RKVn8y3mVqC7ZxLyZqdoU747DpyAAJhZjpyj4,,2024-12-15,,INTRST PYMNT,-4.22,USD,other,False
Z4gRqy7lgaioGe1LGwQVUgdXmpezmLUxnZe4W,Xd1J8VPX1xcL3rk53x7Giwvwzem99BcDgKZgv,,2024-12-05,,United Airlines,500.0,USD,other,False
3RB5KX1lBMfobempbB13UEJd9QjV94IWG4qdK,vN5QqWXG5vig39w63bKvIWwWmG1vvaiwx6mxk,,2024-12-03,,Uber 072515 SF**POOL**,6.33,USD,other,False
M8wX7NqWwJFaGm61GnrwUayDM8XpMxfmbaLqG,Xd1J8VPX1xcL3rk53x7Giwvwzem99BcDgKZgv,,2024-11-30,,Tectra Inc,500.0,USD,other,False
pBL45RwoLvtPLjelLrk8F5y9DLJVDZIX9Ppa7,Xd1J8VPX1xcL3rk53x7Giwvwzem99BcDgKZgv,,2024-11-29,,AUTOMATIC PAYMENT - THANK,2078.5,USD,other,False
LkjXVNlEjJSdjeDVjEKGUda9qg6Kq8u3gZkwv,Xd1J8VPX1xcL3rk53x7Giwvwzem99BcDgKZgv,,2024-11-29,,KFC,500.0,USD,other,False
1Ry8lMZXyQfaW9d1WwozUrA1zgVWzjcDb6pBv,Xd1J8VPX1xcL3rk53x7Giwvwzem99BcDgKZgv,,2024-11-29,,Madison Bicycle Shop,500.0,USD,other,False
dLdbw3E4d1FyPJ8LPjlVhPGaNwRoNMFXoVJ4E,RKVn8y3mVqC7ZxLyZqdoU747DpyAAJhZjpyj4,,2024-11-20,,CREDIT CARD 3333 PAYMENT *//,25.0,USD,other,False
xjBMrWlbBvu6WRjkWwzZFDnQ8Wd683iQmrnd5,vN5QqWXG5vig39w63bKvIWwWmG1vvaiwx6mxk,,2024-11-20,,Uber 063015 SF**POOL**,5.4,USD,other,False
dLdbw3E4d1FyPJ8LPjlVhPGaNwRoNMFXoVJxV,DeRX8z7ZRJtlAjngAJb4ilLlMbm99NCZeWDeN,,2024-11-19,,ACH Electronic CreditGUSTO PAY 123456,5850.0,USD,other,False
KoaXnNk8aJsxwlm9wEqVfx6WV5okV8C5gdReA,6qmDgblrmpIp1xG71DAasewePLamm8izJDZJe,,2024-11-19,,CD DEPOSIT .INITIAL.,1000.0,USD,other,False
ozXa5mEpXvcRZeoxZKk8fNjJwZz6wdFv46oEW,Xd1J8VPX1xcL3rk53x7Giwvwzem99BcDgKZgv,,2024-11-18,,Touchstone Climbing,78.5,USD,other,False
dLdbw3E4d1FyPJ8LPjlVhPGaNwRoNMFXoVZLL,vN5QqWXG5vig39w63bKvIWwWmG1vvaiwx6mxk,,2024-11-18,,United Airlines,-500.0,USD,other,False
aZdDerpxdQFnD8ebDmdVcWdbQJqDQ5sXpy7Ay,vN5QqWXG5vig39w63bKvIWwWmG1vvaiwx6mxk,,2024-11-17,,McDonald's,12.0,USD,other,False
4RvmrkLqv1fLAaxmAjoXizEn6Wlv6Rfm8GdjD,vN5QqWXG5vig39w63bKvIWwWmG1vvaiwx6mxk,,2024-11-17,,Starbucks,4.33,USD,other,False
NEwXRjKkwJC4RrK7RZzbH4k6b5JpbZiVLRWRM,vN5QqWXG5vig39w63bKvIWwWmG1vvaiwx6mxk,,2024-11-16,,SparkFun,89.4,USD,other,False
aZdDerpxdQFnD8ebDmdVcWdbQJqDQ5sXpyZgm,RKVn8y3mVqC7ZxLyZqdoU747DpyAAJhZjpyj4,,2024-11-15,,INTRST PYMNT,-4.22,USD,other,False
ggAqba9jAoIR8ZaW8KNVfmGEgR5ngoIyjAEWA,Xd1J8VPX1xcL3rk53x7Giwvwzem99BcDgKZgv,,2024-11-05,,United Airlines,500.0,USD,other,False
PleVbZzneJFPQGJjQv3yFPvV45Dp4dFKEq7qG,vN5QqWXG5vig39w63bKvIWwWmG1vvaiwx6mxk,,2024-11-03,,Uber 072515 SF**POOL**,6.33,USD,other,False
8rwXpjKBwgcWPqRgPArNIvbl4wzn4JFNvDWqd,Xd1J8VPX1xcL3rk53x7Giwvwzem99BcDgKZgv,,2024-10-31,,Tectra Inc,500.0,USD,other,False
APQXnkN7QJFzP91GPeAlFyQ4vKDWvwFBRq9dz,Xd1J8VPX1xcL3rk53x7Giwvwzem99BcDgKZgv,,2024-10-30,,AUTOMATIC PAYMENT - THANK,2078.5,USD,other,False
Wx8nRyN683F1MNGPMW6XS1KDkN8GkAuBoe6Dn,Xd1J8VPX1xcL3rk53x7Giwvwzem99BcDgKZgv,,2024-10-30,,KFC,500.0,USD,other,False
EQNX9BeMNJFq49KX48GaIqaV85oW8BI6ZW41o,Xd1J8VPX1xcL3rk53x7Giwvwzem99BcDgKZgv,,2024-10-30,,Madison Bicycle Shop,500.0,USD,other,False
4RvmrkLqv1fLAaxmAjoXizEn6Wlv6Rfm8GJaQ,RKVn8y3mVqC7ZxLyZqdoU747DpyAAJhZjpyj4,,2024-10-21,,CREDIT CARD 3333 PAYMENT *//,25.0,USD,other,False
jWZzbmEQZvCgo85ZoB7vIWG3vm4AvEsQon1nD,vN5QqWXG5vig39w63bKvIWwWmG1vvaiwx6mxk,,2024-10-21,,Uber 063015 SF**POOL**,5.4,USD,other,False
aZdDerpxdQFnD8ebDmdVcWdbQJqDQ5sXpyZxd,DeRX8z7ZRJtlAjngAJb4ilLlMbm99NCZeWDeN,,2024-10-20,,ACH Electronic CreditGUSTO PAY 123456,5850.0,USD,other,False
rxRPJWE8RvFKJn1WJeZVUgQq3Jxz3eUGL87jM,6qmDgblrmpIp1xG71DAasewePLamm8izJDZJe,,2024-10-20,,CD DEPOSIT .INITIAL.,1000.0,USD,other,False
GM3XQxZL3JTrWqNgWEMdIr3VbD4AbacZJD6QQ,Xd1J8VPX1xcL3rk53x7Giwvwzem99BcDgKZgv,,2024-10-19,,Touchstone Climbing,78.5,USD,other,False
7KQkp5qzQoCxywZ1ymA4fxavd8ZBdrCw4DgDm,vN5QqWXG5vig39w63bKvIWwWmG1vvaiwx6mxk,,2024-10-19,,United Airlines,-500.0,USD,other,False
epanvxENaLF9p4yLpkPVHXrjxqR5x3CxyALAl,vN5QqWXG5vig39w63bKvIWwWmG1vvaiwx6mxk,,2024-10-18,,McDonald's,12.0,USD,other,False
QqVyJGBbVlIjm3dzm8xXcj3bXDpxXoijrbpbE,vN5QqWXG5vig39w63bKvIWwWmG1vvaiwx6mxk,,2024-10-18,,Starbucks,4.33,USD,other,False
Z4gRqy7lgaioGe1LGwQVUgdXmpezmLUxnZgZX,vN5QqWXG5vig39w63bKvIWwWmG1vvaiwx6mxk,,2024-10-17,,SparkFun,89.4,USD,other,False
NEwXRjKkwJC4RrK7RZzbH4k6b5JpbZiVLRyM1,RKVn8y3mVqC7ZxLyZqdoU747DpyAAJhZjpyj4,,2024-10-16,,INTRST PYMNT,-4.22,USD,other,False
nrpd5QELpvc5JZxMJq8vhpPBxJ16xjtJP1AnN,Xd1J8VPX1xcL3rk53x7Giwvwzem99BcDgKZgv,,2024-10-06,,United Airlines,500.0,USD,other,False
M8wX7NqWwJFaGm61GnrwUayDM8XpMxfmba9ay,vN5QqWXG5vig39w63bKvIWwWmG1vvaiwx6mxk,,2024-10-04,,Uber 072515 SF**POOL**,6.33,USD,other,False
bM3nxzEd3ZT58paL8gQVhzlDr3R5rZfBgAmdQ,Xd1J8VPX1xcL3rk53x7Giwvwzem99BcDgKZgv,,2024-10-01,,Tectra Inc,500.0,USD,other,False
9zVX8Mr3VJczZLWXZJAPFkpwENZnEytKzd45g,Xd1J8VPX1xcL3rk53x7Giwvwzem99BcDgKZgv,,2024-09-30,,AUTOMATIC PAYMENT - THANK,2078.5,USD,other,False
y731VWqm3wT8rdgJrmBwuKVQDrM7DzigkV4lA,Xd1J8VPX1xcL3rk53x7Giwvwzem99BcDgKZgv,,2024-09-30,,KFC,500.0,USD,other,False
mKLx5Xy1LvCrj8Bejl6vIWG5vjLovDsrRBgWd,Xd1J8VPX1xcL3rk53x7Giwvwzem99BcDgKZgv,,2024-09-30,,Madison Bicycle Shop,500.0,USD,other,False
PleVbZzneJFPQGJjQv3yFPvV45Dp4dFKEqozM,RKVn8y3mVqC7ZxLyZqdoU747DpyAAJhZjpyj4,,2024-09-21,,CREDIT CARD 3333 PAYMENT *//,25.0,USD,other,False
1Ry8lMZXyQfaW9d1WwozUrA1zgVWzjcDb656r,vN5QqWXG5vig39w63bKvIWwWmG1vvaiwx6mxk,,2024-09-21,Uber,Uber 063015 SF**POOL**,5.4,USD,online,False
4RvmrkLqv1fLAaxmAjoXizEn6Wlv6Rfm8GJ7a,DeRX8z7ZRJtlAjngAJb4ilLlMbm99NCZeWDeN,,2024-09-20,,ACH Electronic CreditGUSTO PAY 123456,5850.0,USD,online,False
zeMLmwKyMvtElwnGlqyQUn9oRlqjR5ieDklRQ,6qmDgblrmpIp1xG71DAasewePLamm8izJDZJe,,2024-09-20,,CD DEPOSIT .INITIAL.,1000.0,USD,other,False
vN5QqWXG5vig39w63bKvIWwDZ3o7ZMswayqEZ,Xd1J8VPX1xcL3rk53x7Giwvwzem99BcDgKZgv,,2024-09-19,,Touchstone Climbing,78.5,USD,in store,False
LkjXVNlEjJSdjeDVjEKGUda9qg6Kq8u3gZPZW,vN5QqWXG5vig39w63bKvIWwWmG1vvaiwx6mxk,,2024-09-19,United Airlines,United Airlines,-500.0,USD,in store,False
pBL45RwoLvtPLjelLrk8F5y9DLJVDZIX9PLPl,vN5QqWXG5vig39w63bKvIWwWmG1vvaiwx6mxk,,2024-09-18,McDonald's,McDonald's,12.0,USD,in store,False
ozXa5mEpXvcRZeoxZKk8fNjJwZz6wdFv46R65,vN5QqWXG5vig39w63bKvIWwWmG1vvaiwx6mxk,,2024-09-18,Starbucks,Starbucks,4.33,USD,in store,False
ggAqba9jAoIR8ZaW8KNVfmGEgR5ngoIyjAgA8,vN5QqWXG5vig39w63bKvIWwWmG1vvaiwx6mxk,,2024-09-17,FUN,SparkFun,89.4,USD,in store,False
jWZzbmEQZvCgo85ZoB7vIWG3vm4AvEsQon6J5,RKVn8y3mVqC7ZxLyZqdoU747DpyAAJhZjpyj4,,2024-09-16,,INTRST PYMNT,-4.22,USD,other,False
RKVn8y3mVqC7ZxLyZqdoU74WomwRojSZ7eaBN,Xd1J8VPX1xcL3rk53x7Giwvwzem99BcDgKZgv,,2024-09-06,United Airlines,United Airlines,500.0,USD,in store,False
8rwXpjKBwgcWPqRgPArNIvbl4wzn4JFNvDwDo,vN5QqWXG5vig39w63bKvIWwWmG1vvaiwx6mxk,,2024-09-04,Uber,Uber 072515 SF**POOL**,6.33,USD,online,False
6qmDgblrmpIp1xG71DAasewAdlygd7Szjv8yK,Xd1J8VPX1xcL3rk53x7Giwvwzem99BcDgKZgv,,2024-09-01,,Tectra Inc,500.0,USD,in store,False
V31JWy4R1BCMZbvzZ8PqHMKbv8JlvkfDbG9wB,Xd1J8VPX1xcL3rk53x7Giwvwzem99BcDgKZgv,,2024-08-31,,AUTOMATIC PAYMENT - THANK,2078.5,USD,online,False
DeRX8z7ZRJtlAjngAJb4ilLBRDjGReuZmj3kq,Xd1J8VPX1xcL3rk53x7Giwvwzem99BcDgKZgv,,2024-08-31,KFC,KFC,500.0,USD,in store,False
Xd1J8VPX1xcL3rk53x7GiwvNEJqZEgiDpob3K,Xd1J8VPX1xcL3rk53x7Giwvwzem99BcDgKZgv,,2024-08-31,,Madison Bicycle Shop,500.0,USD,in store,False
7KQkp5qzQoCxywZ1ymA4fxavd8ZBdrCw4DdXZ,RKVn8y3mVqC7ZxLyZqdoU747DpyAAJhZjpyj4,,2024-08-22,,CREDIT CARD 3333 PAYMENT *//,25.0,USD,other,False
EQNX9BeMNJFq49KX48GaIqaV85oW8BI6ZWXWq,vN5QqWXG5vig39w63bKvIWwWmG1vvaiwx6mxk,,2024-08-22,Uber,Uber 063015 SF**POOL**,5.4,USD,online,False
NEwXRjKkwJC4RrK7RZzbH4k6b5JpbZiVLRymE,DeRX8z7ZRJtlAjngAJb4ilLlMbm99NCZeWDeN,,2024-08-21,,ACH Electronic CreditGUSTO PAY 123456,5850.0,USD,online,False
BjlXRKPelJuG8NKX8BjDsMbwkLdEkJfkqm4dx,6qmDgblrmpIp1xG71DAasewePLamm8izJDZJe,,2024-08-21,,CD DEPOSIT .INITIAL.,1000.0,USD,other,False
wPAZKXEnAvFl3KB83Ayvinp6A3PgAbiQAnP56,Xd1J8VPX1xcL3rk53x7Giwvwzem99BcDgKZgv,,2024-08-20,,Touchstone Climbing,78.5,USD,in store,False
Wx8nRyN683F1MNGPMW6XS1KDkN8GkAuBoeleG,vN5QqWXG5vig39w63bKvIWwWmG1vvaiwx6mxk,,2024-08-20,United Airlines,United Airlines,-500.0,USD,in store,False
APQXnkN7QJFzP91GPeAlFyQ4vKDWvwFBRq1qX,vN5QqWXG5vig39w63bKvIWwWmG1vvaiwx6mxk,,2024-08-19,McDonald's,McDonald's,12.0,USD,in store,False
GM3XQxZL3JTrWqNgWEMdIr3VbD4AbacZJD1Dl,vN5QqWXG5vig39w63bKvIWwWmG1vvaiwx6mxk,,2024-08-19,Starbucks,Starbucks,4.33,USD,in store,False
nrpd5QELpvc5JZxMJq8vhpPBxJ16xjtJP161o,vN5QqWXG5vig39w63bKvIWwWmG1vvaiwx6mxk,,2024-08-18,FUN,SparkFun,89.4,USD,in store,False
epanvxENaLF9p4yLpkPVHXrjxqR5x3CxyArWb,RKVn8y3mVqC7ZxLyZqdoU747DpyAAJhZjpyj4,,2024-08-17,,INTRST PYMNT,-4.22,USD,other,False
5lx8oMpKxkF893Qj9pAduBAm4QZG4df6zk5WP,Xd1J8VPX1xcL3rk53x7Giwvwzem99BcDgKZgv,,2024-08-07,United Airlines,United Airlines,500.0,USD,in store,False
bM3nxzEd3ZT58paL8gQVhzlDr3R5rZfBgAVAk,vN5QqWXG5vig39w63bKvIWwWmG1vvaiwx6mxk,,2024-08-05,Uber,Uber 072515 SF**POOL**,6.33,USD,online,False
JpaXENLgaJF3bzWabqlyI35BELXpEjUnpzB9E,Xd1J8VPX1xcL3rk53x7Giwvwzem99BcDgKZgv,,2024-08-02,,Tectra Inc,500.0,USD,in store,False
q3XkR1wgXvC9pVylpZovHBEqgpb6gzfQ8pgZm,Xd1J8VPX1xcL3rk53x7Giwvwzem99BcDgKZgv,,2024-08-01,,AUTOMATIC PAYMENT - THANK,2078.5,USD,online,False
lkW3ZQEMW6SWreyZrBD8I14rymqMy5uM1Ppkq,Xd1J8VPX1xcL3rk53x7Giwvwzem99BcDgKZgv,,2024-08-01,KFC,KFC,500.0,USD,in store,False
klbByQEZbvFXn8RjngMvi49bvAmEvGimrMLX9,Xd1J8VPX1xcL3rk53x7Giwvwzem99BcDgKZgv,,2024-08-01,,Madison Bicycle Shop,500.0,USD,in store,False
QqVyJGBbVlIjm3dzm8xXcj3bXDpxXoijrbwKM,RKVn8y3mVqC7ZxLyZqdoU747DpyAAJhZjpyj4,,2024-07-23,,CREDIT CARD 3333 PAYMENT *//,25.0,USD,other,False
mKLx5Xy1LvCrj8Bejl6vIWG5vjLovDsrRBLBm,vN5QqWXG5vig39w63bKvIWwWmG1vvaiwx6mxk,,2024-07-23,Uber,Uber 063015 SF**POOL**,5.4,USD,online,False
PleVbZzneJFPQGJjQv3yFPvV45Dp4dFKEqoZg,DeRX8z7ZRJtlAjngAJb4ilLlMbm99NCZeWDeN,,2024-07-22,,ACH Electronic CreditGUSTO PAY 123456,5850.0,USD,online,False
3RB5KX1lBMfobempbB13UEJd9QjV94IWG4Zkg,6qmDgblrmpIp1xG71DAasewePLamm8izJDZJe,,2024-07-22,,CD DEPOSIT .INITIAL.,1000.0,USD,other,False
KoaXnNk8aJsxwlm9wEqVfx6WV5okV8C5gdRL8,Xd1J8VPX1xcL3rk53x7Giwvwzem99BcDgKZgv,,2024-07-21,,Touchstone Climbing,78.5,USD,in store,False
y731VWqm3wT8rdgJrmBwuKVQDrM7DzigkVyVd,vN5QqWXG5vig39w63bKvIWwWmG1vvaiwx6mxk,,2024-07-21,United Airlines,United Airlines,-500.0,USD,in store,False
9zVX8Mr3VJczZLWXZJAPFkpwENZnEytKzdRd1,vN5QqWXG5vig39w63bKvIWwWmG1vvaiwx6mxk,,2024-07-20,McDonald's,McDonald's,12.0,USD,in store,False
vN5QqWXG5vig39w63bKvIWwDZ3o7ZMswayWyd,vN5QqWXG5vig39w63bKvIWwWmG1vvaiwx6mxk,,2024-07-20,Starbucks,Starbucks,4.33,USD,in store,False
RKVn8y3mVqC7ZxLyZqdoU74WomwRojSZ7eReL,vN5QqWXG5vig39w63bKvIWwWmG1vvaiwx6mxk,,2024-07-19,FUN,SparkFun,89.4,USD,in store,False
Z4gRqy7lgaioGe1LGwQVUgdXmpezmLUxnZe7L,RKVn8y3mVqC7ZxLyZqdoU747DpyAAJhZjpyj4,,2024-07-18,,INTRST PYMNT,-4.22,USD,other,False
rxRPJWE8RvFKJn1WJeZVUgQq3Jxz3eUGL87n4,Xd1J8VPX1xcL3rk53x7Giwvwzem99BcDgKZgv,,2024-07-08,United Airlines,United Airlines,500.0,USD,in store,False
6qmDgblrmpIp1xG71DAasewAdlygd7Szjvgva,vN5QqWXG5vig39w63bKvIWwWmG1vvaiwx6mxk,,2024-07-06,Uber,Uber 072515 SF**POOL**,6.33,USD,online,False
zeMLmwKyMvtElwnGlqyQUn9oRlqjR5ieDklzn,Xd1J8VPX1xcL3rk53x7Giwvwzem99BcDgKZgv,,2024-07-03,,Tectra Inc,500.0,USD,in store,False
xjBMrWlbBvu6WRjkWwzZFDnQ8Wd683iQmr6qm,Xd1J8VPX1xcL3rk53x7Giwvwzem99BcDgKZgv,,2024-07-02,,AUTOMATIC PAYMENT - THANK,2078.5,USD,online,False
3RB5KX1lBMfobempbB13UEJd9QjV94IWG4ZBv,Xd1J8VPX1xcL3rk53x7Giwvwzem99BcDgKZgv,,2024-07-02,KFC,KFC,500.0,USD,in store,False
BjlXRKPelJuG8NKX8BjDsMbwkLdEkJfkqm4Q1,Xd1J8VPX1xcL3rk53x7Giwvwzem99BcDgKZgv,,2024-07-02,,Madison Bicycle Shop,500.0,USD,in store,False
M8wX7NqWwJFaGm61GnrwUayDM8XpMxfmbaLQv,RKVn8y3mVqC7ZxLyZqdoU747DpyAAJhZjpyj4,,2024-06-23,,CREDIT CARD 3333 PAYMENT *//,25.0,USD,other,False
Xd1J8VPX1xcL3rk53x7GiwvNEJqZEgiDpodop,vN5QqWXG5vig39w63bKvIWwWmG1vvaiwx6mxk,,2024-06-23,Uber,Uber 063015 SF**POOL**,5.4,USD,online,False
jWZzbmEQZvCgo85ZoB7vIWG3vm4AvEsQon6qB,DeRX8z7ZRJtlAjngAJb4ilLlMbm99NCZeWDeN,,2024-06-22,,ACH Electronic CreditGUSTO PAY 123456,5850.0,USD,online,False
xjBMrWlbBvu6WRjkWwzZFDnQ8Wd683iQmr6xP,6qmDgblrmpIp1xG71DAasewePLamm8izJDZJe,,2024-06-22,,CD DEPOSIT .INITIAL.,1000.0,USD,other,False
dLdbw3E4d1FyPJ8LPjlVhPGaNwRoNMFXoVJmP,Xd1J8VPX1xcL3rk53x7Giwvwzem99BcDgKZgv,,2024-06-21,,Touchstone Climbing,78.5,USD,in store,False
DeRX8z7ZRJtlAjngAJb4ilLBRDjGReuZmjvjz,vN5QqWXG5vig39w63bKvIWwWmG1vvaiwx6mxk,,2024-06-21,United Airlines,United Airlines,-500.0,USD,in store,False
V31JWy4R1BCMZbvzZ8PqHMKbv8JlvkfDbGWGW,vN5QqWXG5vig39w63bKvIWwWmG1vvaiwx6mxk,,2024-06-20,McDonald's,McDonald's,12.0,USD,in store,False
wPAZKXEnAvFl3KB83Ayvinp6A3PgAbiQAnrnP,vN5QqWXG5vig39w63bKvIWwWmG1vvaiwx6mxk,,2024-06-20,Starbucks,Starbucks,4.33,USD,in store,False
5lx8oMpKxkF893Qj9pAduBAm4QZG4df6zkZkG,vN5QqWXG5vig39w63bKvIWwWmG1vvaiwx6mxk,,2024-06-19,FUN,SparkFun,89.4,USD,in store,False
1Ry8lMZXyQfaW9d1WwozUrA1zgVWzjcDb6pM1,RKVn8y3mVqC7ZxLyZqdoU747DpyAAJhZjpyj4,,2024-06-18,,INTRST PYMNT,-4.22,USD,other,False
aZdDerpxdQFnD8ebDmdVcWdbQJqDQ5sXpyZz7,Xd1J8VPX1xcL3rk53x7Giwvwzem99BcDgKZgv,,2024-06-08,United Airlines,United Airlines,500.0,USD,in store,False
JpaXENLgaJF3bzWabqlyI35BELXpEjUnpzdzo,vN5QqWXG5vig39w63bKvIWwWmG1vvaiwx6mxk,,2024-06-06,Uber,Uber 072515 SF**POOL**,6.33,USD,online,False
4RvmrkLqv1fLAaxmAjoXizEn6Wlv6Rfm8GJZJ,Xd1J8VPX1xcL3rk53x7Giwvwzem99BcDgKZgv,,2024-06-03,,Tectra Inc,500.0,USD,in store,False
jWZzbmEQZvCgo85ZoB7vIWG3vm4AvEsQon6BG,Xd1J8VPX1xcL3rk53x7Giwvwzem99BcDgKZgv,,2024-06-02,,AUTOMATIC PAYMENT - THANK,2078.5,USD,online,False
PleVbZzneJFPQGJjQv3yFPvV45Dp4dFKEqo9Q,Xd1J8VPX1xcL3rk53x7Giwvwzem99BcDgKZgv,,2024-06-02,KFC,KFC,500.0,USD,in store,False
NEwXRjKkwJC4RrK7RZzbH4k6b5JpbZiVLRygX,Xd1J8VPX1xcL3rk53x7Giwvwzem99BcDgKZgv,,2024-06-02,,Madison Bicycle Shop,500.0,USD,in store,False
LkjXVNlEjJSdjeDVjEKGUda9qg6Kq8u3gZkNm,RKVn8y3mVqC7ZxLyZqdoU747DpyAAJhZjpyj4,,2024-05-24,,CREDIT CARD 3333 PAYMENT *//,25.0,USD,other,False
klbByQEZbvFXn8RjngMvi49bvAmEvGimrMWM8,vN5QqWXG5vig39w63bKvIWwWmG1vvaiwx6mxk,,2024-05-24,Uber,Uber 063015 SF**POOL**,5.4,USD,online,False
7KQkp5qzQoCxywZ1ymA4fxavd8ZBdrCw4DdLK,DeRX8z7ZRJtlAjngAJb4ilLlMbm99NCZeWDeN,,2024-05-23,,ACH Electronic CreditGUSTO PAY 123456,5850.0,USD,online,False
dLdbw3E4d1FyPJ8LPjlVhPGaNwRoNMFXoVJvE,6qmDgblrmpIp1xG71DAasewePLamm8izJDZJe,,2024-05-23,,CD DEPOSIT .INITIAL.,1000.0,USD,other,False
7KQkp5qzQoCxywZ1ymA4fxavd8ZBdrCw4Ddmj,Xd1J8VPX1xcL3rk53x7Giwvwzem99BcDgKZgv,,2024-05-22,,Touchstone Climbing,78.5,USD,in store,False
lkW3ZQEMW6SWreyZrBD8I14rymqMy5uM1PZPJ,vN5QqWXG5vig39w63bKvIWwWmG1vvaiwx6mxk,,2024-05-22,United Airlines,United Airlines,-500.0,USD,in store,False
q3XkR1wgXvC9pVylpZovHBEqgpb6gzfQ8pdpL,vN5QqWXG5vig39w63bKvIWwWmG1vvaiwx6mxk,,2024-05-21,McDonald's,McDonald's,12.0,USD,in store,False
KoaXnNk8aJsxwlm9wEqVfx6WV5okV8C5gdVd5,vN5QqWXG5vig39w63bKvIWwWmG1vvaiwx6mxk,,2024-05-21,Starbucks,Starbucks,4.33,USD,in store,False
rxRPJWE8RvFKJn1WJeZVUgQq3Jxz3eUGL8l8m,vN5QqWXG5vig39w63bKvIWwWmG1vvaiwx6mxk,,2024-05-20,FUN,SparkFun,89.4,USD,in store,False
pBL45RwoLvtPLjelLrk8F5y9DLJVDZIX9Pp56,RKVn8y3mVqC7ZxLyZqdoU747DpyAAJhZjpyj4,,2024-05-19,,INTRST PYMNT,-4.22,USD,other,False
epanvxENaLF9p4yLpkPVHXrjxqR5x3CxyArzJ,Xd1J8VPX1xcL3rk53x7Giwvwzem99BcDgKZgv,,2024-05-09,United Airlines,United Airlines,500.0,USD,in store,False
zeMLmwKyMvtElwnGlqyQUn9oRlqjR5ieDkok6,vN5QqWXG5vig39w63bKvIWwWmG1vvaiwx6mxk,,2024-05-07,Uber,Uber 072515 SF**POOL**,6.33,USD,online,False
QqVyJGBbVlIjm3dzm8xXcj3bXDpxXoijrbwJj,Xd1J8VPX1xcL3rk53x7Giwvwzem99BcDgKZgv,,2024-05-04,,Tectra Inc,500.0,USD,in store,False
1Ry8lMZXyQfaW9d1WwozUrA1zgVWzjcDb6pxv,Xd1J8VPX1xcL3rk53x7Giwvwzem99BcDgKZgv,,2024-05-03,,AUTOMATIC PAYMENT - THANK,2078.5,USD,online,False
M8wX7NqWwJFaGm61GnrwUayDM8XpMxfmbaLEG,Xd1J8VPX1xcL3rk53x7Giwvwzem99BcDgKZgv,,2024-05-03,KFC,KFC,500.0,USD,in store,False
Z4gRqy7lgaioGe1LGwQVUgdXmpezmLUxnZeNW,Xd1J8VPX1xcL3rk53x7Giwvwzem99BcDgKZgv,,2024-05-03,,Madison Bicycle Shop,500.0,USD,in store,False
ozXa5mEpXvcRZeoxZKk8fNjJwZz6wdFv46oN4,RKVn8y3mVqC7ZxLyZqdoU747DpyAAJhZjpyj4,,2024-04-24,,CREDIT CARD 3333 PAYMENT *//,25.0,USD,other,False
BjlXRKPelJuG8NKX8BjDsMbwkLdEkJfkqmwmJ,vN5QqWXG5vig39w63bKvIWwWmG1vvaiwx6mxk,,2024-04-24,Uber,Uber 063015 SF**POOL**,5.4,USD,online,False
epanvxENaLF9p4yLpkPVHXrjxqR5x3CxyAr11,DeRX8z7ZRJtlAjngAJb4ilLlMbm99NCZeWDeN,,2024-04-23,,ACH Electronic CreditGUSTO PAY 123456,5850.0,USD,online,False
aZdDerpxdQFnD8ebDmdVcWdbQJqDQ5sXpyZ8m,6qmDgblrmpIp1xG71DAasewePLamm8izJDZJe,,2024-04-23,,CD DEPOSIT .INITIAL.,1000.0,USD,other,False
LkjXVNlEjJSdjeDVjEKGUda9qg6Kq8u3gZkRv,Xd1J8VPX1xcL3rk53x7Giwvwzem99BcDgKZgv,,2024-04-22,,Touchstone Climbing,78.5,USD,in store,False
3RB5KX1lBMfobempbB13UEJd9QjV94IWG4q4K,vN5QqWXG5vig39w63bKvIWwWmG1vvaiwx6mxk,,2024-04-22,United Airlines,United Airlines,-500.0,USD,in store,False
xjBMrWlbBvu6WRjkWwzZFDnQ8Wd683iQmrnr5,vN5QqWXG5vig39w63bKvIWwWmG1vvaiwx6mxk,,2024-04-21,McDonald's,McDonald's,12.0,USD,in store,False
dLdbw3E4d1FyPJ8LPjlVhPGaNwRoNMFXoVZVL,vN5QqWXG5vig39w63bKvIWwWmG1vvaiwx6mxk,,2024-04-21,Starbucks,Starbucks,4.33,USD,in store,False
aZdDerpxdQFnD8ebDmdVcWdbQJqDQ5sXpy7yy,vN5QqWXG5vig39w63bKvIWwWmG1vvaiwx6mxk,,2024-04-20,FUN,SparkFun,89.4,USD,in store,False
ggAqba9jAoIR8ZaW8KNVfmGEgR5ngoIyjAEKl,RKVn8y3mVqC7ZxLyZqdoU747DpyAAJhZjpyj4,,2024-04-19,,INTRST PYMNT,-4.22,USD,other,False
pBL45RwoLvtPLjelLrk8F5y9DLJVDZIX9PpW7,Xd1J8VPX1xcL3rk53x7Giwvwzem99BcDgKZgv,,2024-04-09,United Airlines,United Airlines,500.0,USD,in store,False
4RvmrkLqv1fLAaxmAjoXizEn6Wlv6Rfm8GdGD,vN5QqWXG5vig39w63bKvIWwWmG1vvaiwx6mxk,,2024-04-07,Uber,Uber 072515 SF**POOL**,6.33,USD,online,False
ozXa5mEpXvcRZeoxZKk8fNjJwZz6wdFv46ozW,Xd1J8VPX1xcL3rk53x7Giwvwzem99BcDgKZgv,,2024-04-04,,Tectra Inc,500.0,USD,in store,False
EQNX9BeMNJFq49KX48GaIqaV85oW8BI6ZW4Po,Xd1J8VPX1xcL3rk53x7Giwvwzem99BcDgKZgv,,2024-04-03,,AUTOMATIC PAYMENT - THANK,2078.5,USD,online,False
8rwXpjKBwgcWPqRgPArNIvbl4wzn4JFNvDWGd,Xd1J8VPX1xcL3rk53x7Giwvwzem99BcDgKZgv,,2024-04-03,KFC,KFC,500.0,USD,in store,False
ggAqba9jAoIR8ZaW8KNVfmGEgR5ngoIyjAEwA,Xd1J8VPX1xcL3rk53x7Giwvwzem99BcDgKZgv,,2024-04-03,,Madison Bicycle Shop,500.0,USD,in store,False
8rwXpjKBwgcWPqRgPArNIvbl4wzn4JFNvDW9w,RKVn8y3mVqC7ZxLyZqdoU747DpyAAJhZjpyj4,,2024-03-25,,CREDIT CARD 3333 PAYMENT *//,25.0,USD,other,False
NEwXRjKkwJC4RrK7RZzbH4k6b5JpbZiVLRWeM,vN5QqWXG5vig39w63bKvIWwWmG1vvaiwx6mxk,,2024-03-25,Uber,Uber 063015 SF**POOL**,5.4,USD,online,False
QqVyJGBbVlIjm3dzm8xXcj3bXDpxXoijrbwE7,DeRX8z7ZRJtlAjngAJb4ilLlMbm99NCZeWDeN,,2024-03-24,,ACH Electronic CreditGUSTO PAY 123456,5850.0,USD,online,False
4RvmrkLqv1fLAaxmAjoXizEn6Wlv6Rfm8GJXQ,6qmDgblrmpIp1xG71DAasewePLamm8izJDZJe,,2024-03-24,,CD DEPOSIT .INITIAL.,1000.0,USD,other,False
Wx8nRyN683F1MNGPMW6XS1KDkN8GkAuBoe67n,Xd1J8VPX1xcL3rk53x7Giwvwzem99BcDgKZgv,,2024-03-23,,Touchstone Climbing,78.5,USD,in store,False
PleVbZzneJFPQGJjQv3yFPvV45Dp4dFKEq73G,vN5QqWXG5vig39w63bKvIWwWmG1vvaiwx6mxk,,2024-03-23,United Airlines,United Airlines,-500.0,USD,in store,False
jWZzbmEQZvCgo85ZoB7vIWG3vm4AvEsQon1pD,vN5QqWXG5vig39w63bKvIWwWmG1vvaiwx6mxk,,2024-03-22,McDonald's,McDonald's,12.0,USD,in store,False
7KQkp5qzQoCxywZ1ymA4fxavd8ZBdrCw4Dgvm,vN5QqWXG5vig39w63bKvIWwWmG1vvaiwx6mxk,,2024-03-22,Starbucks,Starbucks,4.33,USD,in store,False
epanvxENaLF9p4yLpkPVHXrjxqR5x3CxyAL6l,vN5QqWXG5vig39w63bKvIWwWmG1vvaiwx6mxk,,2024-03-21,FUN,SparkFun,89.4,USD,in store,False
EQNX9BeMNJFq49KX48GaIqaV85oW8BI6ZW4o4,RKVn8y3mVqC7ZxLyZqdoU747DpyAAJhZjpyj4,,2024-03-20,,INTRST PYMNT,-4.22,USD,other,False
APQXnkN7QJFzP91GPeAlFyQ4vKDWvwFBRq9lz,Xd1J8VPX1xcL3rk53x7Giwvwzem99BcDgKZgv,,2024-03-10,United Airlines,United Airlines,500.0,USD,in store,False
QqVyJGBbVlIjm3dzm8xXcj3bXDpxXoijrbpyE,vN5QqWXG5vig39w63bKvIWwWmG1vvaiwx6mxk,,2024-03-08,Uber,Uber 072515 SF**POOL**,6.33,USD,online,False
GM3XQxZL3JTrWqNgWEMdIr3VbD4AbacZJD6XQ,Xd1J8VPX1xcL3rk53x7Giwvwzem99BcDgKZgv,,2024-03-05,,Tectra Inc,500.0,USD,in store,False
mKLx5Xy1LvCrj8Bejl6vIWG5vjLovDsrRBgnd,Xd1J8VPX1xcL3rk53x7Giwvwzem99BcDgKZgv,,2024-03-04,,AUTOMATIC PAYMENT - THANK,2078.5,USD,online,False
bM3nxzEd3ZT58paL8gQVhzlDr3R5rZfBgAm1Q,Xd1J8VPX1xcL3rk53x7Giwvwzem99BcDgKZgv,,2024-03-04,KFC,KFC,500.0,USD,in store,False
nrpd5QELpvc5JZxMJq8vhpPBxJ16xjtJP1ANN,Xd1J8VPX1xcL3rk53x7Giwvwzem99BcDgKZgv,,2024-03-04,,Madison Bicycle Shop,500.0,USD,in store,False
Wx8nRyN683F1MNGPMW6XS1KDkN8GkAuBoe6pP,RKVn8y3mVqC7ZxLyZqdoU747DpyAAJhZjpyj4,,2024-02-24,,CREDIT CARD 3333 PAYMENT *//,25.0,USD,other,False
Z4gRqy7lgaioGe1LGwQVUgdXmpezmLUxnZgQX,vN5QqWXG5vig39w63bKvIWwWmG1vvaiwx6mxk,,2024-02-24,Uber,Uber 063015 SF**POOL**,5.4,USD,online,False
Z4gRqy7lgaioGe1LGwQVUgdXmpezmLUxnZeVl,DeRX8z7ZRJtlAjngAJb4ilLlMbm99NCZeWDeN,,2024-02-23,,ACH Electronic CreditGUSTO PAY 123456,5850.0,USD,online,False
NEwXRjKkwJC4RrK7RZzbH4k6b5JpbZiVLRyE1,6qmDgblrmpIp1xG71DAasewePLamm8izJDZJe,,2024-02-23,,CD DEPOSIT .INITIAL.,1000.0,USD,other,False
Z4gRqy7lgaioGe1LGwQVUgdXmpezmLUxnZeDl,Xd1J8VPX1xcL3rk53x7Giwvwzem99BcDgKZgv,,2024-02-22,,Touchstone Climbing,78.5,USD,in store,False
M8wX7NqWwJFaGm61GnrwUayDM8XpMxfmba9ny,vN5QqWXG5vig39w63bKvIWwWmG1vvaiwx6mxk,,2024-02-22,United Airlines,United Airlines,-500.0,USD,in store,False
1Ry8lMZXyQfaW9d1WwozUrA1zgVWzjcDb65Wr,vN5QqWXG5vig39w63bKvIWwWmG1vvaiwx6mxk,,2024-02-21,McDonald's,McDonald's,12.0,USD,in store,False
LkjXVNlEjJSdjeDVjEKGUda9qg6Kq8u3gZPDW,vN5QqWXG5vig39w63bKvIWwWmG1vvaiwx6mxk,,2024-02-21,Starbucks,Starbucks,4.33,USD,in store,False
pBL45RwoLvtPLjelLrk8F5y9DLJVDZIX9PLRl,vN5QqWXG5vig39w63bKvIWwWmG1vvaiwx6mxk,,2024-02-20,FUN,SparkFun,89.4,USD,in store,False
APQXnkN7QJFzP91GPeAlFyQ4vKDWvwFBRq9g6,RKVn8y3mVqC7ZxLyZqdoU747DpyAAJhZjpyj4,,2024-02-19,,INTRST PYMNT,-4.22,USD,other,False
M8wX7NqWwJFaGm61GnrwUayDM8XpMxfmbaL81,Xd1J8VPX1xcL3rk53x7Giwvwzem99BcDgKZgv,,2024-02-09,United Airlines,United Airlines,500.0,USD,in store,False
ozXa5mEpXvcRZeoxZKk8fNjJwZz6wdFv46RL5,vN5QqWXG5vig39w63bKvIWwWmG1vvaiwx6mxk,,2024-02-07,Uber,Uber 072515 SF**POOL**,6.33,USD,online,False
1Ry8lMZXyQfaW9d1WwozUrA1zgVWzjcDb6pGP,Xd1J8VPX1xcL3rk53x7Giwvwzem99BcDgKZgv,,2024-02-04,,Tectra Inc,500.0,USD,in store,False
ozXa5mEpXvcRZeoxZKk8fNjJwZz6wdFv46onq,Xd1J8VPX1xcL3rk53x7Giwvwzem99BcDgKZgv,,2024-02-03,,AUTOMATIC PAYMENT - THANK,2078.5,USD,online,False
pBL45RwoLvtPLjelLrk8F5y9DLJVDZIX9PpNj,Xd1J8VPX1xcL3rk53x7Giwvwzem99BcDgKZgv,,2024-02-03,KFC,KFC,500.0,USD,in store,False
LkjXVNlEjJSdjeDVjEKGUda9qg6Kq8u3gZky6,Xd1J8VPX1xcL3rk53x7Giwvwzem99BcDgKZgv,,2024-02-03,,Madison Bicycle Shop,500.0,USD,in store,False
GM3XQxZL3JTrWqNgWEMdIr3VbD4AbacZJD6bn,RKVn8y3mVqC7ZxLyZqdoU747DpyAAJhZjpyj4,,2024-01-25,,CREDIT CARD 3333 PAYMENT *//,25.0,USD,other,False
ggAqba9jAoIR8ZaW8KNVfmGEgR5ngoIyjAg38,vN5QqWXG5vig39w63bKvIWwWmG1vvaiwx6mxk,,2024-01-25,Uber,Uber 063015 SF**POOL**,5.4,USD,online,False
M8wX7NqWwJFaGm61GnrwUayDM8XpMxfmbaLV1,DeRX8z7ZRJtlAjngAJb4ilLlMbm99NCZeWDeN,,2024-01-24,,ACH Electronic CreditGUSTO PAY 123456,5850.0,USD,online,False
PleVbZzneJFPQGJjQv3yFPvV45Dp4dFKEqoGM,6qmDgblrmpIp1xG71DAasewePLamm8izJDZJe,,2024-01-24,,CD DEPOSIT .INITIAL.,1000.0,USD,other,False
ggAqba9jAoIR8ZaW8KNVfmGEgR5ngoIyjAEQp,Xd1J8VPX1xcL3rk53x7Giwvwzem99BcDgKZgv,,2024-01-23,,Touchstone Climbing,78.5,USD,in store,False
8rwXpjKBwgcWPqRgPArNIvbl4wzn4JFNvDwdo,vN5QqWXG5vig39w63bKvIWwWmG1vvaiwx6mxk,,2024-01-23,United Airlines,United Airlines,-500.0,USD,in store,False
EQNX9BeMNJFq49KX48GaIqaV85oW8BI6ZWXDq,vN5QqWXG5vig39w63bKvIWwWmG1vvaiwx6mxk,,2024-01-22,McDonald's,McDonald's,12.0,USD,in store,False
Wx8nRyN683F1MNGPMW6XS1KDkN8GkAuBoelLG,vN5QqWXG5vig39w63bKvIWwWmG1vvaiwx6mxk,,2024-01-22,Starbucks,Starbucks,4.33,USD,in store,False
APQXnkN7QJFzP91GPeAlFyQ4vKDWvwFBRq1GX,vN5QqWXG5vig39w63bKvIWwWmG1vvaiwx6mxk,,2024-01-21,FUN,SparkFun,89.4,USD,in store,False
nrpd5QELpvc5JZxMJq8vhpPBxJ16xjtJP1AzE,RKVn8y3mVqC7ZxLyZqdoU747DpyAAJhZjpyj4,,2024-01-20,,INTRST PYMNT,-4.22,USD,other,False
8rwXpjKBwgcWPqRgPArNIvbl4wzn4JFNvDWVb,Xd1J8VPX1xcL3rk53x7Giwvwzem99BcDgKZgv,,2024-01-10,United Airlines,United Airlines,500.0,USD,in store,False
GM3XQxZL3JTrWqNgWEMdIr3VbD4AbacZJD1El,vN5QqWXG5vig39w63bKvIWwWmG1vvaiwx6mxk,,2024-01-08,Uber,Uber 072515 SF**POOL**,6.33,USD,online,False
EQNX9BeMNJFq49KX48GaIqaV85oW8BI6ZW4PL,Xd1J8VPX1xcL3rk53x7Giwvwzem99BcDgKZgv,,2024-01-05,,Tectra Inc,500.0,USD,in store,False
GM3XQxZL3JTrWqNgWEMdIr3VbD4AbacZJD6Xa,Xd1J8VPX1xcL3rk53x7Giwvwzem99BcDgKZgv,,2024-01-04,,AUTOMATIC PAYMENT - THANK,2078.5,USD,online,False
APQXnkN7QJFzP91GPeAlFyQ4vKDWvwFBRq9l7,Xd1J8VPX1xcL3rk53x7Giwvwzem99BcDgKZgv,,2024-01-04,KFC,KFC,500.0,USD,in store,False
Wx8nRyN683F1MNGPMW6XS1KDkN8GkAuBoe67m,Xd1J8VPX1xcL3rk53x7Giwvwzem99BcDgKZgv,,2024-01-04,,Madison Bicycle Shop,500.0,USD,in store,False
bM3nxzEd3ZT58paL8gQVhzlDr3R5rZfBgAmWE,RKVn8y3mVqC7ZxLyZqdoU747DpyAAJhZjpyj4,,2023-12-26,,CREDIT CARD 3333 PAYMENT *//,25.0,USD,other,False
nrpd5QELpvc5JZxMJq8vhpPBxJ16xjtJP16xo,vN5QqWXG5vig39w63bKvIWwWmG1vvaiwx6mxk,,2023-12-26,Uber,Uber 063015 SF**POOL**,5.4,USD,online,False
1Ry8lMZXyQfaW9d1WwozUrA1zgVWzjcDb6plP,DeRX8z7ZRJtlAjngAJb4ilLlMbm99NCZeWDeN,,2023-12-25,,ACH Electronic CreditGUSTO PAY 123456,5850.0,USD,online,False
jWZzbmEQZvCgo85ZoB7vIWG3vm4AvEsQon6P5,6qmDgblrmpIp1xG71DAasewePLamm8izJDZJe,,2023-12-25,,CD DEPOSIT .INITIAL.,1000.0,USD,other,False
nrpd5QELpvc5JZxMJq8vhpPBxJ16xjtJP1AN5,Xd1J8VPX1xcL3rk53x7Giwvwzem99BcDgKZgv,,2023-12-24,,Touchstone Climbing,78.5,USD,in store,False
bM3nxzEd3ZT58paL8gQVhzlDr3R5rZfBgAVDk,vN5QqWXG5vig39w63bKvIWwWmG1vvaiwx6mxk,,2023-12-24,United Airlines,United Airlines,-500.0,USD,in store,False
mKLx5Xy1LvCrj8Bejl6vIWG5vjLovDsrRBLqm,vN5QqWXG5vig39w63bKvIWwWmG1vvaiwx6mxk,,2023-12-23,McDonald's,McDonald's,12.0,USD,in store,False
Z4gRqy7lgaioGe1LGwQVUgdXmpezmLUxnZgQL,vN5QqWXG5vig39w63bKvIWwWmG1vvaiwx6mxk,,2023-12-23,Starbucks,Starbucks,4.33,USD,in store,False
M8wX7NqWwJFaGm61GnrwUayDM8XpMxfmba9nv,vN5QqWXG5vig39w63bKvIWwWmG1vvaiwx6mxk,,2023-12-22,FUN,SparkFun,89.4,USD,in store,False
mKLx5Xy1LvCrj8Bejl6vIWG5vjLovDsrRBg1r,RKVn8y3mVqC7ZxLyZqdoU747DpyAAJhZjpyj4,,2023-12-21,,INTRST PYMNT,-4.22,USD,other,False
bM3nxzEd3ZT58paL8gQVhzlDr3R5rZfBgAm1x,Xd1J8VPX1xcL3rk53x7Giwvwzem99BcDgKZgv,,2023-12-11,United Airlines,United Airlines,500.0,USD,in store,False
1Ry8lMZXyQfaW9d1WwozUrA1zgVWzjcDb65W1,vN5QqWXG5vig39w63bKvIWwWmG1vvaiwx6mxk,,2023-12-09,Uber,Uber 072515 SF**POOL**,6.33,USD,online,False
mKLx5Xy1LvCrj8Bejl6vIWG5vjLovDsrRBgnj,Xd1J8VPX1xcL3rk53x7Giwvwzem99BcDgKZgv,,2023-12-06,,Tectra Inc,500.0,USD,in store,False
vN5QqWXG5vig39w63bKvIWwDZ3o7ZMswayqBP,Xd1J8VPX1xcL3rk53x7Giwvwzem99BcDgKZgv,,2023-12-05,,AUTOMATIC PAYMENT - THANK,2078.5,USD,online,False
9zVX8Mr3VJczZLWXZJAPFkpwENZnEytKzd4w6,Xd1J8VPX1xcL3rk53x7Giwvwzem99BcDgKZgv,,2023-12-05,KFC,KFC,500.0,USD,in store,False
y731VWqm3wT8rdgJrmBwuKVQDrM7DzigkV4bm,Xd1J8VPX1xcL3rk53x7Giwvwzem99BcDgKZgv,,2023-12-05,,Madison Bicycle Shop,500.0,USD,in store,False
y731VWqm3wT8rdgJrmBwuKVQDrM7DzigkV4EM,RKVn8y3mVqC7ZxLyZqdoU747DpyAAJhZjpyj4,,2023-11-26,,CREDIT CARD 3333 PAYMENT *//,25.0,USD,other,False
LkjXVNlEjJSdjeDVjEKGUda9qg6Kq8u3gZPDm,vN5QqWXG5vig39w63bKvIWwWmG1vvaiwx6mxk,,2023-11-26,Uber,Uber 063015 SF**POOL**,5.4,USD,online,False
LkjXVNlEjJSdjeDVjEKGUda9qg6Kq8u3gZkG6,DeRX8z7ZRJtlAjngAJb4ilLlMbm99NCZeWDeN,,2023-11-25,,ACH Electronic CreditGUSTO PAY 123456,5850.0,USD,online,False
7KQkp5qzQoCxywZ1ymA4fxavd8ZBdrCw4DdRZ,6qmDgblrmpIp1xG71DAasewePLamm8izJDZJe,,2023-11-25,,CD DEPOSIT .INITIAL.,1000.0,USD,other,False
RKVn8y3mVqC7ZxLyZqdoU74WomwRojSZ7eaWx,Xd1J8VPX1xcL3rk53x7Giwvwzem99BcDgKZgv,,2023-11-24,,Touchstone Climbing,78.5,USD,in store,False
pBL45RwoLvtPLjelLrk8F5y9DLJVDZIX9PLR6,vN5QqWXG5vig39w63bKvIWwWmG1vvaiwx6mxk,,2023-11-24,United Airlines,United Airlines,-500.0,USD,in store,False
ozXa5mEpXvcRZeoxZKk8fNjJwZz6wdFv46RL4,vN5QqWXG5vig39w63bKvIWwWmG1vvaiwx6mxk,,2023-11-23,McDonald's,McDonald's,12.0,USD,in store,False
ggAqba9jAoIR8ZaW8KNVfmGEgR5ngoIyjAg3l,vN5QqWXG5vig39w63bKvIWwWmG1vvaiwx6mxk,,2023-11-23,Starbucks,Starbucks,4.33,USD,in store,False
8rwXpjKBwgcWPqRgPArNIvbl4wzn4JFNvDwdw,vN5QqWXG5vig39w63bKvIWwWmG1vvaiwx6mxk,,2023-11-22,FUN,SparkFun,89.4,USD,in store,False
9zVX8Mr3VJczZLWXZJAPFkpwENZnEytKzd4ZM,RKVn8y3mVqC7ZxLyZqdoU747DpyAAJhZjpyj4,,2023-11-21,,INTRST PYMNT,-4.22,USD,other,False
6qmDgblrmpIp1xG71DAasewAdlygd7Szjv8pj,Xd1J8VPX1xcL3rk53x7Giwvwzem99BcDgKZgv,,2023-11-11,United Airlines,United Airlines,500.0,USD,in store,False
EQNX9BeMNJFq49KX48GaIqaV85oW8BI6ZWXD4,vN5QqWXG5vig39w63bKvIWwWmG1vvaiwx6mxk,,2023-11-09,Uber,Uber 072515 SF**POOL**,6.33,USD,online,False
Xd1J8VPX1xcL3rk53x7GiwvNEJqZEgiDpobN5,Xd1J8VPX1xcL3rk53x7Giwvwzem99BcDgKZgv,,2023-11-06,,Tectra Inc,500.0,USD,in store,False
wPAZKXEnAvFl3KB83Ayvinp6A3PgAbiQAnPxE,Xd1J8VPX1xcL3rk53x7Giwvwzem99BcDgKZgv,,2023-11-05,,AUTOMATIC PAYMENT - THANK,2078.5,USD,online,False
V31JWy4R1BCMZbvzZ8PqHMKbv8JlvkfDbG9X9,Xd1J8VPX1xcL3rk53x7Giwvwzem99BcDgKZgv,,2023-11-05,KFC,KFC,500.0,USD,in store,False
DeRX8z7ZRJtlAjngAJb4ilLBRDjGReuZmj3Bv,Xd1J8VPX1xcL3rk53x7Giwvwzem99BcDgKZgv,,2023-11-05,,Madison Bicycle Shop,500.0,USD,in store,False
vN5QqWXG5vig39w63bKvIWwDZ3o7ZMswayq87,RKVn8y3mVqC7ZxLyZqdoU747DpyAAJhZjpyj4,,2023-10-27,,CREDIT CARD 3333 PAYMENT *//,25.0,USD,other,False
Wx8nRyN683F1MNGPMW6XS1KDkN8GkAuBoelLP,vN5QqWXG5vig39w63bKvIWwWmG1vvaiwx6mxk,,2023-10-27,Uber,Uber 063015 SF**POOL**,5.4,USD,online,False
pBL45RwoLvtPLjelLrk8F5y9DLJVDZIX9Pp3j,DeRX8z7ZRJtlAjngAJb4ilLlMbm99NCZeWDeN,,2023-10-26,,ACH Electronic CreditGUSTO PAY 123456,5850.0,USD,online,False
epanvxENaLF9p4yLpkPVHXrjxqR5x3CxyAr8b,6qmDgblrmpIp1xG71DAasewePLamm8izJDZJe,,2023-10-26,,CD DEPOSIT .INITIAL.,1000.0,USD,other,False
5lx8oMpKxkF893Qj9pAduBAm4QZG4df6zk5A3,Xd1J8VPX1xcL3rk53x7Giwvwzem99BcDgKZgv,,2023-10-25,,Touchstone Climbing,78.5,USD,in store,False
APQXnkN7QJFzP91GPeAlFyQ4vKDWvwFBRq1G6,vN5QqWXG5vig39w63bKvIWwWmG1vvaiwx6mxk,,2023-10-25,United Airlines,United Airlines,-500.0,USD,in store,False
GM3XQxZL3JTrWqNgWEMdIr3VbD4AbacZJD1En,vN5QqWXG5vig39w63bKvIWwWmG1vvaiwx6mxk,,2023-10-24,McDonald's,McDonald's,12.0,USD,in store,False
nrpd5QELpvc5JZxMJq8vhpPBxJ16xjtJP16xE,vN5QqWXG5vig39w63bKvIWwWmG1vvaiwx6mxk,,2023-10-24,Starbucks,Starbucks,4.33,USD,in store,False
bM3nxzEd3ZT58paL8gQVhzlDr3R5rZfBgAVDE,vN5QqWXG5vig39w63bKvIWwWmG1vvaiwx6mxk,,2023-10-23,FUN,SparkFun,89.4,USD,in store,False
RKVn8y3mVqC7ZxLyZqdoU74WomwRojSZ7eanr,RKVn8y3mVqC7ZxLyZqdoU747DpyAAJhZjpyj4,,2023-10-22,,INTRST PYMNT,-4.22,USD,other,False
