transaction_id,account_id,category_id,date,merchant_name,description,amount,currency_code,payment_channel,pending
69634767c4e14ddbb32e1893fea63046,db6f3eab8d36401ab29fe42bdf3280ef,none,2023-10-01,Transaction 2,none,-50.0,CZK,online,False
b0df6502d5e14085a8c8344fde839ac2,db6f3eab8d36401ab29fe42bdf3280ef,none,2023-10-01,Transaction 1,none,100.0,CZK,online,False
cf4bc855b27244258c1b18c98aa981ca,db6f3eab8d36401ab29fe42bdf3280ef,none,2023-10-02,Transaction 3,none,3000.0,CZK,online,False
8aafd552110147ed9e406689a5110a79,4bb60c8682f543e8939a659d14a20124,none,2024-01-01,Amazon Salary,none,5000.0,EUR,online,False
751758b85f084458a100686b3cbc2385,33081974045743388a4274e657c69176,none,2024-01-01,Uber,none,-5.0,EUR,online,False
35632a6aa65042309e782334b82a0b44,33081974045743388a4274e657c69176,none,2024-01-08,Uber,none,-5.0,EUR,online,False
933456ded2e84c9d92dc2110d08e21c6,33081974045743388a4274e657c69176,none,2024-01-15,Uber,none,-5.0,EUR,online,False
f4cf57cba5fb4ffaaff6f1eedd8171eb,33081974045743388a4274e657c69176,none,2024-01-22,Uber,none,-5.0,EUR,online,False
c7b7551ff706461f86fa3f98c5f73b82,33081974045743388a4274e657c69176,none,2024-01-29,Uber,none,-5.0,EUR,online,False
18bab73578e842e9b5a9da56bdc0bc87,4bb60c8682f543e8939a659d14a20124,none,2024-01-29,Dodgecoin,none,5000.0,EUR,online,False
29616d1026454548a55f380fe6be2c1f,33081974045743388a4274e657c69176,none,2024-01-30,Uber,none,33.0,EUR,online,False
b660dd43ce0b411ab914d846b049048f,4bb60c8682f543e8939a659d14a20124,none,2024-02-01,Amazon Salary,none,5000.0,EUR,online,False
cee44a07251c46089106e112f38f3494,33081974045743388a4274e657c69176,none,2024-02-05,Uber,none,-5.0,EUR,online,False
0d0d4b50709643269320e70d80899c99,33081974045743388a4274e657c69176,none,2024-02-06,Youtube,none,20.0,EUR,online,False
a2639c7ca07443fdb6dc4ec0a1560596,33081974045743388a4274e657c69176,none,2024-02-12,Uber,none,-5.0,EUR,online,False
d7655d3579474be4af93e10309ec88be,33081974045743388a4274e657c69176,none,2024-02-19,Uber,none,-5.0,EUR,online,False
4f6ce6f1ecc74b6c86e169d6c0a870ab,4bb60c8682f543e8939a659d14a20124,none,2024-02-25,Cardano,none,250.0,EUR,online,False
eaa3b90bacd34b399648d6a9d132b1db,33081974045743388a4274e657c69176,none,2024-02-26,Uber,none,-5.0,EUR,online,False
80319b600a864f798529da228dc41209,33081974045743388a4274e657c69176,none,2024-02-27,Zara,none,100.0,EUR,online,False
71280a9adbb34ed49ef4084c84efb5d5,4bb60c8682f543e8939a659d14a20124,none,2024-03-01,Bitcoin,none,1000.0,EUR,online,False
387e6bd131b14078bda49bf94bc4a372,4bb60c8682f543e8939a659d14a20124,none,2024-03-01,Amazon Salary,none,5000.0,EUR,online,False
1a244d4a4d8849bb9c780ebd10a4f556,33081974045743388a4274e657c69176,none,2024-03-01,Netflix,none,25.0,EUR,online,False
df24b727ea3141c7b6a31841dc837a0d,33081974045743388a4274e657c69176,none,2024-03-04,Uber,none,-5.0,EUR,online,False
466e909c65394c3987bc6d9fd0394bdc,33081974045743388a4274e657c69176,none,2024-03-10,Amazon,none,35.0,EUR,online,False
7aed8183770b43c2b0811a1eac407ad8,33081974045743388a4274e657c69176,none,2024-03-11,Uber,none,-5.0,EUR,online,False
ff71d183fab34e6386279bc0d10f017a,33081974045743388a4274e657c69176,none,2024-03-18,Uber,none,-5.0,EUR,online,False
1ba0e3f57720427b97a23b4f8ed7e938,33081974045743388a4274e657c69176,none,2024-03-25,Uber,none,-5.0,EUR,online,False
b0ff8bf0e121402e89a6a27a84605507,33081974045743388a4274e657c69176,none,2024-04-01,Uber,none,-5.0,EUR,online,False
da5c06a867674b5f8240df0e8529626e,4bb60c8682f543e8939a659d14a20124,none,2024-04-01,Amazon Salary,none,5000.0,EUR,online,False
5eea6faadba44d129c7c2232a00c80c8,33081974045743388a4274e657c69176,none,2024-04-08,Uber,none,-5.0,EUR,online,False
dbffa435e2ee4b138401990791decc2a,33081974045743388a4274e657c69176,none,2024-04-15,Uber,none,-5.0,EUR,online,False
60a8530a91c74089b96e788f0f192d60,d6cc56bc402a4685829f0de347af4c63,none,2024-04-19,Starbucks,none,-1.87,GBP,online,False
c8efb1df76ca4a9fb7264809d4ca2d00,33081974045743388a4274e657c69176,none,2024-04-22,Uber,none,-5.0,EUR,online,False
c66621ab41214bc88bf39b5b9c0af123,d6cc56bc402a4685829f0de347af4c63,none,2024-04-23,Salary,none,3210.0,GBP,online,False
7d24011d803c4e8f8dd8045a078fd872,d6cc56bc402a4685829f0de347af4c63,none,2024-04-26,Starbucks,none,-1.87,GBP,online,False
b4a40220ad7545f89c08de56bd9dc2d5,33081974045743388a4274e657c69176,none,2024-04-29,Uber,none,-5.0,EUR,online,False
511a0af5ee884e4e9443f17bc67e63f7,4bb60c8682f543e8939a659d14a20124,none,2024-05-01,Amazon Salary,none,5000.0,EUR,online,False
a6d4eb87da8b4cb49cba9da32cd1064a,d6cc56bc402a4685829f0de347af4c63,none,2024-05-03,Starbucks,none,-1.87,GBP,online,False
7806240231de4a2ea88f836b286c77a0,33081974045743388a4274e657c69176,none,2024-05-06,Uber,none,-5.0,EUR,online,False
8e94dce1c746447f9868d2d5780e8935,d6cc56bc402a4685829f0de347af4c63,none,2024-05-10,Starbucks,none,-1.87,GBP,online,False
a761ed396f02413ca70bcb9529970dcc,33081974045743388a4274e657c69176,none,2024-05-13,Uber,none,-5.0,EUR,online,False
3bd3d71f742a41d98f4888ad2ec5e109,d6cc56bc402a4685829f0de347af4c63,none,2024-05-17,Starbucks,none,-1.87,GBP,online,False
6aab798fea344828bf578a1911c1a7b9,33081974045743388a4274e657c69176,none,2024-05-20,Uber,none,-5.0,EUR,online,False
69d9c35f87064d38a4a12fcb0e362cd0,d6cc56bc402a4685829f0de347af4c63,none,2024-05-23,Salary,none,3210.0,GBP,online,False
fa2dae4f910f40f386a1ac7d5d7c8905,d6cc56bc402a4685829f0de347af4c63,none,2024-05-24,Starbucks,none,-1.87,GBP,online,False
09c437cdf3e246ba8d10c99d797984d6,33081974045743388a4274e657c69176,none,2024-05-27,Uber,none,-5.0,EUR,online,False
c2ca96c3e3974e678c1ea7866f65de89,d6cc56bc402a4685829f0de347af4c63,none,2024-05-31,Starbucks,none,-1.87,GBP,online,False
a52589fdf6334d48ab32124d87f13405,4bb60c8682f543e8939a659d14a20124,none,2024-06-01,Amazon Salary,none,5000.0,EUR,online,False
22557f9550cf45c59c3719214967a14a,33081974045743388a4274e657c69176,none,2024-06-03,Uber,none,-5.0,EUR,online,False
53e35d0a83be4808a22fb25e77538ee2,d6cc56bc402a4685829f0de347af4c63,none,2024-06-07,Starbucks,none,-1.87,GBP,online,False
677f8ed7702e440e9de752aea49847e6,33081974045743388a4274e657c69176,none,2024-06-10,Uber,none,-5.0,EUR,online,False
62fc17c696624e9caec66b9624af1daf,d6cc56bc402a4685829f0de347af4c63,none,2024-06-14,Starbucks,none,-1.87,GBP,online,False
3f5e2c00e3fe4fb6acac762eff8f512d,33081974045743388a4274e657c69176,none,2024-06-17,Uber,none,-5.0,EUR,online,False
1eec9fc9d0e34547b0a4d901e74439b4,d6cc56bc402a4685829f0de347af4c63,none,2024-06-21,Starbucks,none,-1.87,GBP,online,False
803014f2081849a3acb6a3f779f51db5,d6cc56bc402a4685829f0de347af4c63,none,2024-06-23,Salary,none,3210.0,GBP,online,False
c6043fecec0747958560e379444b7442,33081974045743388a4274e657c69176,none,2024-06-24,Uber,none,-5.0,EUR,online,False
ceb3c2e43354425d855b33f1dfff1faf,d6cc56bc402a4685829f0de347af4c63,none,2024-06-28,Starbucks,none,-1.87,GBP,online,False
5052fc7383534bdeb648900b6ce1a10b,33081974045743388a4274e657c69176,none,2024-07-01,Uber,none,-5.0,EUR,online,False
1264b533af244198bde2bc385c7aa58a,4bb60c8682f543e8939a659d14a20124,none,2024-07-01,Amazon Salary,none,5000.0,EUR,online,False
2a186f7eb4a14a25b0c8ce05459a953f,d6cc56bc402a4685829f0de347af4c63,none,2024-07-05,Starbucks,none,-1.87,GBP,online,False
02ff9c90382142a78ff3d71869947c18,33081974045743388a4274e657c69176,none,2024-07-08,Uber,none,-5.0,EUR,online,False
d7b7d703641e4f88967626249a039814,d6cc56bc402a4685829f0de347af4c63,none,2024-07-12,Starbucks,none,-1.87,GBP,online,False
21f325b065c041a39538550aeb8a96f1,33081974045743388a4274e657c69176,none,2024-07-15,Uber,none,-5.0,EUR,online,False
aa874e67e30d489984d479c7968ad8c5,d6cc56bc402a4685829f0de347af4c63,none,2024-07-19,Starbucks,none,-1.87,GBP,online,False
eb9d91ddb64747889f5bbf838b9dc667,33081974045743388a4274e657c69176,none,2024-07-22,Uber,none,-5.0,EUR,online,False
93e8c786bc724487bd75e266c7c7e437,d6cc56bc402a4685829f0de347af4c63,none,2024-07-23,Salary,none,3210.0,GBP,online,False
03bb65c356ea43459327845818171ef8,d6cc56bc402a4685829f0de347af4c63,none,2024-07-26,Starbucks,none,-1.87,GBP,online,False
b30f19c35ca5414b87565a5dd9db95b7,33081974045743388a4274e657c69176,none,2024-07-29,Uber,none,-5.0,EUR,online,False
6ceb0d0162d34e459e8d075f85d9cc2c,4bb60c8682f543e8939a659d14a20124,none,2024-08-01,Amazon Salary,none,5000.0,EUR,online,False
45bc19bd70214f5db77b41396002d7fb,d6cc56bc402a4685829f0de347af4c63,none,2024-08-02,Starbucks,none,-1.87,GBP,online,False
5352de1742394482ba741acd21cc9101,33081974045743388a4274e657c69176,none,2024-08-05,Uber,none,-5.0,EUR,online,False
6263cec3f797449794cb3ce6b74b0d0d,d6cc56bc402a4685829f0de347af4c63,none,2024-08-09,Starbucks,none,-1.87,GBP,online,False
39e10b3762384032a38db2b957328f27,33081974045743388a4274e657c69176,none,2024-08-12,Uber,none,-5.0,EUR,online,False
cddaf54ff8ef45dcb3d4d318d81aab72,d6cc56bc402a4685829f0de347af4c63,none,2024-08-16,Starbucks,none,-1.87,GBP,online,False
348a31a004244dfab2b157efa28bf82a,33081974045743388a4274e657c69176,none,2024-08-19,Uber,none,-5.0,EUR,online,False
bb57670dca5044f8bd38889ce53684c0,d6cc56bc402a4685829f0de347af4c63,none,2024-08-23,Salary,none,3210.0,GBP,online,False
b889c45097794a5f936d147139b3497e,d6cc56bc402a4685829f0de347af4c63,none,2024-08-23,Starbucks,none,-1.87,GBP,online,False
068c2dfd61924a8582c9c114e985f737,33081974045743388a4274e657c69176,none,2024-08-26,Uber,none,-5.0,EUR,online,False
6260fb8b741f4694bae8b61447ccaf52,d6cc56bc402a4685829f0de347af4c63,none,2024-08-30,Starbucks,none,-1.87,GBP,online,False
5874424b4c0c4f02a704b36a04f1ea4d,4bb60c8682f543e8939a659d14a20124,none,2024-09-01,Amazon Salary,none,5000.0,EUR,online,False
6c6ece8fcd424621b5363e0460bc5234,33081974045743388a4274e657c69176,none,2024-09-02,Uber,none,-5.0,EUR,online,False
aabfde88617b40ef959f4e0e29b31475,d6cc56bc402a4685829f0de347af4c63,none,2024-09-06,Starbucks,none,-1.87,GBP,online,False
20da67dea65f40ecae654e2e08a22e84,33081974045743388a4274e657c69176,none,2024-09-09,Uber,none,-5.0,EUR,online,False
79128ff8403f4223adb95fc4055c296b,d6cc56bc402a4685829f0de347af4c63,none,2024-09-13,Starbucks,none,-1.87,GBP,online,False
6e21238561814a84ad0ce0ae0a656a80,33081974045743388a4274e657c69176,none,2024-09-16,Uber,none,-5.0,EUR,online,False
8bb8c67c43fd4c67a40e9a838365a147,d6cc56bc402a4685829f0de347af4c63,none,2024-09-20,Starbucks,none,-1.87,GBP,online,False
ebab4591d9d64c569a9ca572695345ed,33081974045743388a4274e657c69176,none,2024-09-23,Uber,none,-5.0,EUR,online,False
33d56ea3cb934e088e1c9a346564f3d1,d6cc56bc402a4685829f0de347af4c63,none,2024-09-23,Salary,none,3210.0,GBP,online,False
ca5ce81826d34cf6b1e4a16c3904d0fb,d6cc56bc402a4685829f0de347af4c63,none,2024-09-27,Starbucks,none,-1.87,GBP,online,False
9ab3281d94cf4dc8adedcef0c66d8e98,33081974045743388a4274e657c69176,none,2024-09-30,Uber,none,-5.0,EUR,online,False
854e7f9361c5405e9c57a02b20d23703,4bb60c8682f543e8939a659d14a20124,none,2024-10-01,Amazon Salary,none,5000.0,EUR,online,False
452dd4a71101438fb8341cd92dc1fad9,d6cc56bc402a4685829f0de347af4c63,none,2024-10-04,Starbucks,none,-1.87,GBP,online,False
ec661800b9384343a674bef1cb363e5d,33081974045743388a4274e657c69176,none,2024-10-07,Uber,none,-5.0,EUR,online,False
8f3faf145b2e48d3ba8ea5bc99eedbf6,d6cc56bc402a4685829f0de347af4c63,none,2024-10-11,Starbucks,none,-1.87,GBP,online,False
55942ab0e4f64803bfb410d879ebbb93,33081974045743388a4274e657c69176,none,2024-10-14,Uber,none,-5.0,EUR,online,False
5d80a8cb24c740b2a5eaf00a0bbbc319,d6cc56bc402a4685829f0de347af4c63,none,2024-10-18,Starbucks,none,-1.87,GBP,online,False
cd521bd9cd6a4d988784a1e51b6c82ba,33081974045743388a4274e657c69176,none,2024-10-21,Uber,none,-5.0,EUR,online,False
59926266e113432c98bebfbaf822fdd7,d6cc56bc402a4685829f0de347af4c63,none,2024-10-23,Salary,none,3210.0,GBP,online,False
2a42514cf0ef4bbab0455dbe1dad0ae9,d6cc56bc402a4685829f0de347af4c63,none,2024-10-25,Starbucks,none,-1.87,GBP,online,False
7a257df68c5c450882e191c888cf4272,33081974045743388a4274e657c69176,none,2024-10-28,Uber,none,-5.0,EUR,online,False
10ff5f5164c347eab2fddacd57805388,d6cc56bc402a4685829f0de347af4c63,none,2024-11-01,Starbucks,none,-1.87,GBP,online,False
03bfb358da184f19a83d9fdfaa1116c6,4bb60c8682f543e8939a659d14a20124,none,2024-11-01,Amazon Salary,none,5000.0,EUR,online,False
444478bbfcb445b5bc4c20202269619e,33081974045743388a4274e657c69176,none,2024-11-04,Uber,none,-5.0,EUR,online,False
62f16bd4dac4457d9a90a18c46bd3cd6,d6cc56bc402a4685829f0de347af4c63,none,2024-11-08,Starbucks,none,-1.87,GBP,online,False
22d001e31d2b44eebfde9f461db2fd5b,33081974045743388a4274e657c69176,none,2024-11-11,Uber,none,-5.0,EUR,online,False
9a989d3696a74c229eae30b4bb553ca6,d6cc56bc402a4685829f0de347af4c63,none,2024-11-15,Starbucks,none,-1.87,GBP,online,False
87abcc1d99754bf99ffca0fb6c9be179,33081974045743388a4274e657c69176,none,2024-11-18,Uber,none,-5.0,EUR,online,False
3e46282b320f439bb5e21ae27161483c,d6cc56bc402a4685829f0de347af4c63,none,2024-11-22,Starbucks,none,-1.87,GBP,online,False
719bbe95dfa847b3b474c9fee17b30b0,d6cc56bc402a4685829f0de347af4c63,none,2024-11-23,Salary,none,3210.0,GBP,online,False
f1c9d088ebd04da9beae2b0d2f01897b,33081974045743388a4274e657c69176,none,2024-11-25,Uber,none,-5.0,EUR,online,False
a8b4b79b107f458bb503cd92427edcb1,d6cc56bc402a4685829f0de347af4c63,none,2024-11-29,Starbucks,none,-1.87,GBP,online,False
8f7ff44dce75402f87a19081c25ef03f,4bb60c8682f543e8939a659d14a20124,none,2024-12-01,Amazon Salary,none,5000.0,EUR,online,False
df91bc72745843fc9386a1ed4e4b8d23,d6cc56bc402a4685829f0de347af4c63,none,2024-12-06,Starbucks,none,-1.87,GBP,online,False
297318fc6fba4bf292db4017dda4f6d4,d6cc56bc402a4685829f0de347af4c63,none,2024-12-13,Starbucks,none,-1.87,GBP,online,False
34f83118ec5943e4af74ce04e288dcd8,d6cc56bc402a4685829f0de347af4c63,none,2024-12-20,Starbucks,none,-1.87,GBP,online,False
02c7b5534b2b4ceeaf1358c6c4f0c4ee,d6cc56bc402a4685829f0de347af4c63,none,2024-12-23,Salary,none,3210.0,GBP,online,False
2e43b92a7a8c446190ff82f9ec720f91,d6cc56bc402a4685829f0de347af4c63,none,2024-12-27,Starbucks,none,-1.87,GBP,online,False
654e510cd8e34228be8cb34e8e0c4ceb,4bb60c8682f543e8939a659d14a20124,none,2025-01-01,Amazon Salary,none,5000.0,EUR,online,False
ca42d6b027e04a0ba645509f9d118645,d6cc56bc402a4685829f0de347af4c63,none,2025-01-03,Starbucks,none,-1.87,GBP,online,False
52296fbbd4b7407793c3c80a31c5bcbf,d6cc56bc402a4685829f0de347af4c63,none,2025-01-10,Starbucks,none,-1.87,GBP,online,False
359d0290ee884abc9d8fddd9165fbca0,d6cc56bc402a4685829f0de347af4c63,none,2025-01-17,Starbucks,none,-1.87,GBP,online,False
214ca914698f4c0eb11c532ed6ccf3eb,d6cc56bc402a4685829f0de347af4c63,none,2025-01-23,Salary,none,3210.0,GBP,online,False
7628bfffe83c4c17947e1ce6487e14c2,d6cc56bc402a4685829f0de347af4c63,none,2025-01-24,Starbucks,none,-1.87,GBP,online,False
276ce62fcbe34df2a07f2f5ce019afab,d6cc56bc402a4685829f0de347af4c63,none,2025-01-31,Starbucks,none,-1.87,GBP,online,False
f3623083420344fe8b561ef0c2f1a8a5,4bb60c8682f543e8939a659d14a20124,none,2025-02-01,Amazon Salary,none,5000.0,EUR,online,False
711735a5f23948189ff15fd67b10a656,d6cc56bc402a4685829f0de347af4c63,none,2025-02-07,Starbucks,none,-1.87,GBP,online,False
2e9ea02e53814404ab69e0698e747e5f,d6cc56bc402a4685829f0de347af4c63,none,2025-02-14,Starbucks,none,-1.87,GBP,online,False
744cf01cff4a430eb0c01992689d4ee7,d6cc56bc402a4685829f0de347af4c63,none,2025-02-21,Starbucks,none,-1.87,GBP,online,False
150635bf42f64d3e8d0b0bfa401f88c9,d6cc56bc402a4685829f0de347af4c63,none,2025-02-23,Salary,none,3210.0,GBP,online,False
bd9cc98d25814eb79c5d1ac41bb06a72,d6cc56bc402a4685829f0de347af4c63,none,2025-02-28,Starbucks,none,-1.87,GBP,online,False
e1a470d3361747258dd262768d94c5da,4bb60c8682f543e8939a659d14a20124,none,2025-03-01,Amazon Salary,none,5000.0,EUR,online,False
a0c2903aabd94328a851674053304e92,d6cc56bc402a4685829f0de347af4c63,none,2025-03-07,Starbucks,none,-1.87,GBP,online,False
4307d386d87245018944927d2d6b2446,d6cc56bc402a4685829f0de347af4c63,none,2025-03-14,Starbucks,none,-1.87,GBP,online,False
576fa20ff595485ba05af7043ad19e73,d6cc56bc402a4685829f0de347af4c63,none,2025-03-21,Starbucks,none,-1.87,GBP,online,False
69e49a4eb4d748ac87bbe35a168a493a,d6cc56bc402a4685829f0de347af4c63,none,2025-03-23,Salary,none,3210.0,GBP,online,False
6496ae2c146e4d14baff755ccbeffb1a,d6cc56bc402a4685829f0de347af4c63,none,2025-03-28,Starbucks,none,-1.87,GBP,online,False
6bfb181910864f00b8f3feeec4a165d5,4bb60c8682f543e8939a659d14a20124,none,2025-04-01,Amazon Salary,none,5000.0,EUR,online,False
8c8c131ed05e4331806a899d7bd5ea24,d6cc56bc402a4685829f0de347af4c63,none,2025-04-04,Starbucks,none,-1.87,GBP,online,False
1e292534c0ee43c28153afc9983e64a5,d6cc56bc402a4685829f0de347af4c63,none,2025-04-11,Starbucks,none,-1.87,GBP,online,False
7111633c715a4125aca132141acb0661,d6cc56bc402a4685829f0de347af4c63,none,2025-04-18,Starbucks,none,-1.87,GBP,online,False
c86ecd9839c14fe4ac0cf7e85aaeb125,d6cc56bc402a4685829f0de347af4c63,none,2025-04-23,Salary,none,3210.0,GBP,online,False
fc02bf22d449404c8006f90608288a70,d6cc56bc402a4685829f0de347af4c63,none,2025-04-25,Starbucks,none,-1.87,GBP,online,False
2c74fc263597415ebefc22f261f23b08,4bb60c8682f543e8939a659d14a20124,none,2025-05-01,Amazon Salary,none,5000.0,EUR,online,False
d836e3176c684a2bbc509816e50b3dcb,d6cc56bc402a4685829f0de347af4c63,none,2025-05-02,Starbucks,none,-1.87,GBP,online,False
95b5dc5ee2aa47d3aca4da7b3e7a1c9e,d6cc56bc402a4685829f0de347af4c63,none,2025-05-09,Starbucks,none,-1.87,GBP,online,False
540d72ddbf8442c29ac96b3a1fb9514a,d6cc56bc402a4685829f0de347af4c63,none,2025-05-16,Starbucks,none,-1.87,GBP,online,False
687db99d94114ea886f57754d96fb9b3,d6cc56bc402a4685829f0de347af4c63,none,2025-05-23,Salary,none,3210.0,GBP,online,False
668064aa04ec49c983359254ef8ea1c3,d6cc56bc402a4685829f0de347af4c63,none,2025-05-23,Starbucks,none,-1.87,GBP,online,False
e3528ec5b6764523968f8a9c33bda209,d6cc56bc402a4685829f0de347af4c63,none,2025-05-30,Starbucks,none,-1.87,GBP,online,False
ccdac60ae1e246b881a3c4aaefeaddc6,4bb60c8682f543e8939a659d14a20124,none,2025-06-01,Amazon Salary,none,5000.0,EUR,online,False
4e99fa0cc68148d2b397235c862b9258,d6cc56bc402a4685829f0de347af4c63,none,2025-06-06,Starbucks,none,-1.87,GBP,online,False
638f5fc7912c45b8a8b91fd788e73d04,d6cc56bc402a4685829f0de347af4c63,none,2025-06-13,Starbucks,none,-1.87,GBP,online,False
1ce1b404af14497fbe6c4fdfce4b1fa1,d6cc56bc402a4685829f0de347af4c63,none,2025-06-20,Starbucks,none,-1.87,GBP,online,False
402da1fb036c4110a5dd78ba07a6248d,d6cc56bc402a4685829f0de347af4c63,none,2025-06-23,Salary,none,3210.0,GBP,online,False
6faaa9e2381d46aabf18103c67dedf26,d6cc56bc402a4685829f0de347af4c63,none,2025-06-27,Starbucks,none,-1.87,GBP,online,False
0e5b9f80032b45e696df03ecddb3fc2b,4bb60c8682f543e8939a659d14a20124,none,2025-07-01,Amazon Salary,none,5000.0,EUR,online,False
9cd013aa02c9470c92fda9eeabbcca23,d6cc56bc402a4685829f0de347af4c63,none,2025-07-04,Starbucks,none,-1.87,GBP,online,False
cd56202b634e4b5fb8e197c2b591faf0,d6cc56bc402a4685829f0de347af4c63,none,2025-07-11,Starbucks,none,-1.87,GBP,online,False
dcdc1e539f3c4e8fa358a0b8074155c8,d6cc56bc402a4685829f0de347af4c63,none,2025-07-18,Starbucks,none,-1.87,GBP,online,False
2a8035b8dd8e40658a16cf7849e621f7,d6cc56bc402a4685829f0de347af4c63,none,2025-07-23,Salary,none,3210.0,GBP,online,False
5ed7f97aac0840f08d5505865994544e,d6cc56bc402a4685829f0de347af4c63,none,2025-07-25,Starbucks,none,-1.87,GBP,online,False
cc40d916a4f74bcd96d64eb4ef598f37,d6cc56bc402a4685829f0de347af4c63,none,2025-08-01,Starbucks,none,-1.87,GBP,online,False
28d1fdbe5da749d49623d3fbe5d5c7e5,4bb60c8682f543e8939a659d14a20124,none,2025-08-01,Amazon Salary,none,5000.0,EUR,online,False
9c188d6abd5d4220beb01be170e6d014,d6cc56bc402a4685829f0de347af4c63,none,2025-08-08,Starbucks,none,-1.87,GBP,online,False
a1859804e25d4b5fa6199a9d83485ef8,d6cc56bc402a4685829f0de347af4c63,none,2025-08-15,Starbucks,none,-1.87,GBP,online,False
54e705bc02084693a8f35494317cfb5a,d6cc56bc402a4685829f0de347af4c63,none,2025-08-22,Starbucks,none,-1.87,GBP,online,False
49044d7c1f894bc9a18e3d66bb8b3a10,3288ff86901143b4a34e39d56b72f0c9,none,2025-08-22,Minipreço,none,-53.66,EUR,online,False
94cc34b824484730ab351eae82104086,ca0e28e500584f8ba9a0197c04959318,none,2025-08-23,H&M,none,-120.44,PLN,online,False
22b372856057478eaf75d2fb3b6e3fde,d6cc56bc402a4685829f0de347af4c63,none,2025-08-23,Salary,none,3210.0,GBP,online,False
24e21039c6b347599bc5c98a3a3383f4,3288ff86901143b4a34e39d56b72f0c9,none,2025-08-23,Pull And Bear,none,-23.99,EUR,online,False
c34206b7f9c94b6a9e6b4b8cd83cb503,3288ff86901143b4a34e39d56b72f0c9,none,2025-08-25,Metro Lisboa,none,-27.9,EUR,online,False
224e7cdf177e4f8383d6514048193229,3288ff86901143b4a34e39d56b72f0c9,none,2025-08-25,El Corte Ingles,none,-9.79,EUR,online,False
8dea512aa5de41a6930dac2c44285230,00140a6c17ce4d3a9dd455073c5cac0a,none,2025-08-25,Bolt Food,none,-29.99,EUR,online,False
8364dd5229154cf6b9546f9fd7b5d180,ca0e28e500584f8ba9a0197c04959318,none,2025-08-25,Pyszne.pl,none,-150.44,PLN,online,False
2298fc21c08445f6904f6c7de69bbb81,ca0e28e500584f8ba9a0197c04959318,none,2025-08-25,Pkp,none,-139.95000000000002,PLN,online,False
6dbc31f6bbc2411aa722a00b7b293b6a,d8e85133189140ceb38926ca37c44c8d,none,2025-08-25,B&Q,none,-9.79,GBP,online,False
4555baeb3365415986f922ff03c6dd9f,d8e85133189140ceb38926ca37c44c8d,none,2025-08-25,Hello Fresh,none,-29.99,GBP,online,False
0dd39edfbffe40e08b04952a56fbb81f,00140a6c17ce4d3a9dd455073c5cac0a,none,2025-08-25,Bauhof,none,-9.79,EUR,online,False
dd2dd3bce6364578ae7889d3ca6dc833,f37690212445419c9e5d0fbbda82abc2,none,2025-08-25,Ns Treinen,none,-31.24,EUR,online,False
3fe6766db8a34fe7bc12b26f7e4361cd,7372a72bc03c4ab49492a481c2cfc7f5,none,2025-08-25,Wolt,none,-33.58,EUR,online,False
c2daa9f9b5904dfea5761e0439448f3a,ca0e28e500584f8ba9a0197c04959318,none,2025-08-25,Castorama,none,-49.1,PLN,online,False
337172ddf7164178bcbba8aa6d470491,f37690212445419c9e5d0fbbda82abc2,none,2025-08-25,Gamma,none,-10.96,EUR,online,False
42388f2d4dbb41128259604e67fb303b,7372a72bc03c4ab49492a481c2cfc7f5,none,2025-08-25,Pasažieru Vilciens,none,-31.24,EUR,online,False
25a5ff0563e44ab394672a7eb86d2140,8c1950bbf34d4de6adcf81d97399d701,none,2025-08-25,Wolt,none,-33.58,EUR,online,False
46e1a104c6334edf87bceed0259c9387,8c1950bbf34d4de6adcf81d97399d701,none,2025-08-25,Senukai,none,-10.96,EUR,online,False
d2b99b271f8c47178ce0282d7baefd2f,00140a6c17ce4d3a9dd455073c5cac0a,none,2025-08-26,Eesti Gaas,none,-34.0,EUR,online,False
b2339131f055484eab05f3e471aceb20,8c1950bbf34d4de6adcf81d97399d701,none,2025-08-26,Ignitis,none,-38.08,EUR,online,False
16e7e371bfe34edea5ad9374d6ad0c63,7372a72bc03c4ab49492a481c2cfc7f5,none,2025-08-26,Latvijas Gāze,none,-38.08,EUR,online,False
f47367e50cc34a88b74c2a713d4c4540,3288ff86901143b4a34e39d56b72f0c9,none,2025-08-26,Decathlon,none,-97.71,EUR,online,False
28b212fc10904e4293cb23dd11f16232,3288ff86901143b4a34e39d56b72f0c9,none,2025-08-26,Edp,none,-34.0,EUR,online,False
48b1110d5d0d49f392273f999aa5bd58,d8e85133189140ceb38926ca37c44c8d,none,2025-08-26,British Gas,none,-34.0,GBP,online,False
95dc32b56b0f46dd918a5d0f0f24ea05,f37690212445419c9e5d0fbbda82abc2,none,2025-08-26,Essent,none,-38.08,EUR,online,False
37b6647ba1a14478810725eafa26bfe7,ca0e28e500584f8ba9a0197c04959318,none,2025-08-26,Pgnig,none,-170.68,PLN,online,False
7606496e7db440c0985d032332dfa764,8c1950bbf34d4de6adcf81d97399d701,none,2025-08-28,Mcdonald's,none,-6.37,EUR,online,False
bd15e5bb6faa42098786bc01f169e675,7f516dc6ddf5450f86f30b9fe0ba67ea,none,2025-08-28,Yousee,none,-239.9,DKK,online,False
57fc2bc90f65428fa7e006c367185983,7f516dc6ddf5450f86f30b9fe0ba67ea,none,2025-08-28,Mcdonalds,none,-56.900000000000006,DKK,online,False
7093f52019d64706936ce6e44975e06d,41e035480df54e979ecd6234c2010921,none,2025-08-28,Virgin Media,none,-23.99,EUR,online,False
b166753dce6d42f0a678c860b3fa0d2c,8c1950bbf34d4de6adcf81d97399d701,none,2025-08-28,Vero Cafe,none,-1.67,EUR,online,False
3b32f62177284907b036ab665ed9148f,41e035480df54e979ecd6234c2010921,none,2025-08-28,McDonald's,none,-5.69,EUR,online,False
35846906f4564e45a4805d6c95ad46fb,fb9a593b6b0c448d968616bb8aae9a60,none,2025-08-28,Bislett Kebab,none,-56.900000000000006,NOK,online,False
ba29a5eb73c54f84a49e56e7dd05f4fa,ad3b198a7f624730a942384dd064f051,none,2025-08-28,Fastweb,none,-23.99,EUR,online,False
30047698c3c64d5ab38fd7d3122ce1ca,ad3b198a7f624730a942384dd064f051,none,2025-08-28,Illycaffè,none,-2.49,EUR,online,False
6029f3e3b4744e0d8d9040f219d5bd37,d8e85133189140ceb38926ca37c44c8d,none,2025-08-28,Bt Broadband,none,-23.99,GBP,online,False
9d9f64a2c58e4d02a725d8286635c461,d8e85133189140ceb38926ca37c44c8d,none,2025-08-28,Mcdonalds,none,-5.69,GBP,online,False
44a62c64f5054c5490c0e5a3be4ff7e4,ca0e28e500584f8ba9a0197c04959318,none,2025-08-28,Green Caffè Nero,none,-7.48,PLN,online,False
22816712b36d416fa383475d6ecf3f12,ca0e28e500584f8ba9a0197c04959318,none,2025-08-28,Mcdonald's,none,-28.55,PLN,online,False
da4daea292e14511bd6db0586c91899f,3288ff86901143b4a34e39d56b72f0c9,none,2025-08-28,Padaria Portuguesa,none,-2.49,EUR,online,False
a75403669f5d445781579862abcd3ccf,ada3d0f52c0848b985022952fef7031f,none,2025-08-28,McDonald's,none,-5.69,EUR,online,False
d2b234639e574d149b977a7f697c7526,3288ff86901143b4a34e39d56b72f0c9,none,2025-08-28,Mcdonalds,none,-5.69,EUR,online,False
36b18bb621504e0abf0576f5ce97540b,3288ff86901143b4a34e39d56b72f0c9,none,2025-08-28,Cabovisão,none,-23.99,EUR,online,False
039b76122f464c3fb1c569edf64f3f86,c933b12ce50c48dcb4208e2d5fe59c4e,none,2025-08-28,Bredbandsbolaget,none,-239.9,SEK,online,False
119ea90bd8fa42a188b6956ed48531f2,c933b12ce50c48dcb4208e2d5fe59c4e,none,2025-08-28,Mcdonalds,none,-56.900000000000006,SEK,online,False
26760f5cbfab473ca85f49bdd512d147,d8e85133189140ceb38926ca37c44c8d,none,2025-08-28,Pret,none,-1.49,GBP,online,False
6bad305f738a44e8a1f2b8c238830b90,ca0e28e500584f8ba9a0197c04959318,none,2025-08-28,Orange,none,-120.44,PLN,online,False
16e12818bc3741d4ac30ee5ef2c797db,ada3d0f52c0848b985022952fef7031f,none,2025-08-28,Orange,none,-23.99,EUR,online,False
d83f93d8fe5548e5ba451a1d44fa4575,fb9a593b6b0c448d968616bb8aae9a60,none,2025-08-28,Kaffebrenneriet,none,-24.9,NOK,online,False
fc2bed5906a24969881c10408938d257,7372a72bc03c4ab49492a481c2cfc7f5,none,2025-08-28,Mcdonald's,none,-6.37,EUR,online,False
ab450e93d399405390581e5cc06dc01c,f37690212445419c9e5d0fbbda82abc2,none,2025-08-28,Broodje Van Dootje,none,-1.67,EUR,online,False
ebcb914726a5412a8aae6c379293f5af,f37690212445419c9e5d0fbbda82abc2,none,2025-08-28,Mcdonald's,none,-6.37,EUR,online,False
099ab9a0f3204a70bd6c417c120824da,0c47e3c72eec4c2286f2d2f04c5e8433,none,2025-08-28,Mcdonalds,none,-5.69,EUR,online,False
29702d8ebbb34a9c8104b00c509305fc,0c47e3c72eec4c2286f2d2f04c5e8433,none,2025-08-28,Telekom,none,-23.99,EUR,online,False
1b610676433640bbab89cb5a8bd5f4fe,2901b5ccd9d84760926e25640dbb70cd,none,2025-08-28,Elisa Valokuitu,none,-23.99,EUR,online,False
5a587070ad404a8e8c17093a6bbc19b0,8c1950bbf34d4de6adcf81d97399d701,none,2025-08-28,Telia,none,-26.87,EUR,online,False
91d49c2f612e4ad7a06ae540b36ab39c,7372a72bc03c4ab49492a481c2cfc7f5,none,2025-08-28,Costa Coffee,none,-1.67,EUR,online,False
027742152cbf4ee7abe6f1e1332f8b08,f37690212445419c9e5d0fbbda82abc2,none,2025-08-28,Ziggo,none,-26.87,EUR,online,False
89556ee5d3c94570b12dfe0c974f61e7,2901b5ccd9d84760926e25640dbb70cd,none,2025-08-28,Starbucks,none,-2.49,EUR,online,False
62f166ecca1d4b56aaa4882cdd3a8ff0,4fd04cb6bfc247ddb3f42419a347e9bc,none,2025-08-28,Movistar,none,-23.99,EUR,online,False
218577baeea84d93bf4b68730f1c6572,4fd04cb6bfc247ddb3f42419a347e9bc,none,2025-08-28,Mcdonalds,none,-5.69,EUR,online,False
81e716a5c371456e9e4e28f29ccbaa9f,00140a6c17ce4d3a9dd455073c5cac0a,none,2025-08-28,Telia,none,-23.99,EUR,online,False
40a6e694a69a45789c6153af80cd93f2,00140a6c17ce4d3a9dd455073c5cac0a,none,2025-08-28,Reval Cafe,none,-1.49,EUR,online,False
004878522a0c421ab6c5ea32a1412eed,00140a6c17ce4d3a9dd455073c5cac0a,none,2025-08-28,Mcdonald's,none,-5.69,EUR,online,False
02a50baea357443c90cb5b808e7adc26,7372a72bc03c4ab49492a481c2cfc7f5,none,2025-08-28,Lattelecom,none,-26.87,EUR,online,False
14f9635c6fe742f1b6c4e57f1d82ff2e,41e035480df54e979ecd6234c2010921,none,2025-08-29,Bridge Cafe,none,-4.97,EUR,online,False
0db00755091641a9a9a73fbb2548bd3a,fb9a593b6b0c448d968616bb8aae9a60,none,2025-08-29,Godt Brød,none,-37.9,NOK,online,False
8e246ed9ae124c9c9b574dc85e69fcd4,ada3d0f52c0848b985022952fef7031f,none,2025-08-29,Segafredo,none,-3.79,EUR,online,False
c7bd8c337ecd484389f5b33624938d9d,8c1950bbf34d4de6adcf81d97399d701,none,2025-08-29,Vero Cafe,none,-5.57,EUR,online,False
fdb7320699a345bd809aa58d12c252b4,ca0e28e500584f8ba9a0197c04959318,none,2025-08-29,Chleb I Wino,none,-24.95,PLN,online,False
507a7e54ed554701b16c7407f9fb993e,f37690212445419c9e5d0fbbda82abc2,none,2025-08-29,De Laatste Kruimel,none,-5.57,EUR,online,False
57d41f5bc53d4143b57777ab1dadda75,00140a6c17ce4d3a9dd455073c5cac0a,none,2025-08-29,Kohvik August,none,-4.97,EUR,online,False
df497f2af3ed4e6c883aba9c8509c643,4fd04cb6bfc247ddb3f42419a347e9bc,none,2025-08-29,Cafetería,none,-3.79,EUR,online,False
cbd3de910c7948cca79f03046faf6779,3288ff86901143b4a34e39d56b72f0c9,none,2025-08-29,Starbucks,none,-3.79,EUR,online,False
38f2dfc8d29d4be09cd03bd523ff8b5c,7f516dc6ddf5450f86f30b9fe0ba67ea,none,2025-08-29,Starbucks,none,-37.9,DKK,online,False
e6f5e73933524265ac63078d21a4128b,d6cc56bc402a4685829f0de347af4c63,none,2025-08-29,Starbucks,none,-1.87,GBP,online,False
afb1332b486e4b06bcff622d4edb2345,7372a72bc03c4ab49492a481c2cfc7f5,none,2025-08-29,Double Coffee,none,-5.57,EUR,online,False
7298cec0fc394f1d9b71d155a93b6a3d,ad3b198a7f624730a942384dd064f051,none,2025-08-29,Autogrill,none,-3.79,EUR,online,False
e1d3f08d7cc944f284c3131a9bb7330b,ff109f0c99a146e9bb9e30ccfac01582,none,2025-08-29,Neuhaus,none,-3.79,EUR,online,False
98c98a5b692b40b88e9ae55962d8d778,c933b12ce50c48dcb4208e2d5fe59c4e,none,2025-08-29,Starbucks,none,-37.9,SEK,online,False
ee17f16f02ef40a5a95b27b6a06baf56,d8e85133189140ceb38926ca37c44c8d,none,2025-08-29,Bridge Cafe,none,-4.97,GBP,online,False
236b459cb8a74001acb06d8060b2f24f,2901b5ccd9d84760926e25640dbb70cd,none,2025-08-29,Espresso House,none,-3.79,EUR,online,False
0a0d6bba6b6f4fe6ae121e5ef4f15223,0c47e3c72eec4c2286f2d2f04c5e8433,none,2025-08-29,Starbucks,none,-3.79,EUR,online,False
40d6b0520f544eab884e9ce5804bda6e,fb9a593b6b0c448d968616bb8aae9a60,none,2025-09-01,Rema 1000,none,-299.90000000000003,NOK,online,False
424bdef3be8e47fd80d3812620bc4796,fb9a593b6b0c448d968616bb8aae9a60,none,2025-09-01,Shell,none,-400.0,NOK,online,False
4788e886858e4ec9bdf7d9e6d61d0114,fb9a593b6b0c448d968616bb8aae9a60,none,2025-09-01,Peppes Pizza,none,-179.9,NOK,online,False
67c4011c834d4f48a57ac62808ce9d83,00140a6c17ce4d3a9dd455073c5cac0a,none,2025-09-01,Bolt Food,none,-29.99,EUR,online,False
b3d2e664276f4e9bbe34195922b24480,00140a6c17ce4d3a9dd455073c5cac0a,none,2025-09-01,Dodo Pizza,none,-17.990000000000002,EUR,online,False
a70ae2ae5fe442b2a26cd1152514ed13,00140a6c17ce4d3a9dd455073c5cac0a,none,2025-09-01,Alexela,none,-40.0,EUR,online,False
5604ca49255947cbb4854338d02e543a,2901b5ccd9d84760926e25640dbb70cd,none,2025-09-01,K-Citymarket,none,-29.99,EUR,online,False
46a456dee1ba4a7497d100fa15d2235d,2901b5ccd9d84760926e25640dbb70cd,none,2025-09-01,Korkotulo,none,3.72,EUR,online,False
0f31422bc70a4652b6a391f8062f56f7,2901b5ccd9d84760926e25640dbb70cd,none,2025-09-01,Neste,none,-40.0,EUR,online,False
bbabb93a0c7e4b1285044ef6ec48c672,fb9a593b6b0c448d968616bb8aae9a60,none,2025-09-01,Skyss,none,-279.0,NOK,online,False
aa82e8bfcff546a9b0f505a5eefde491,00140a6c17ce4d3a9dd455073c5cac0a,none,2025-09-01,Intressitulu,none,3.72,EUR,online,False
e160956689ce426eb0195f22161ca73a,2901b5ccd9d84760926e25640dbb70cd,none,2025-09-01,Kotipizza,none,-17.990000000000002,EUR,online,False
30c48ebb87db49bdb73b451a545d72f1,00140a6c17ce4d3a9dd455073c5cac0a,none,2025-09-01,Elron,none,-27.9,EUR,online,False
6c20bc3ecf2146b78aff068c72b234a3,fb9a593b6b0c448d968616bb8aae9a60,none,2025-09-01,Opptjente Renter,none,37.2,NOK,online,False
33b7eda77ec949119d21428d55b81248,ff109f0c99a146e9bb9e30ccfac01582,none,2025-09-01,Versement D'intérêts,none,3.72,EUR,online,False
4b9b11842f264400a6bf61401ec0d77a,d8e85133189140ceb38926ca37c44c8d,none,2025-09-01,Dominos Pizza,none,-17.990000000000002,GBP,online,False
7c085644caef422f8dbea966eddcb6e5,8c1950bbf34d4de6adcf81d97399d701,none,2025-09-01,Wolt,none,-33.58,EUR,online,False
858203c2f8f84260bd44375b3c871aa6,8c1950bbf34d4de6adcf81d97399d701,none,2025-09-01,Palūkanos,none,4.17,EUR,online,False
ca47f8a864314213997f5201d0cdff2b,8c1950bbf34d4de6adcf81d97399d701,none,2025-09-01,Čili Pica,none,-20.15,EUR,online,False
e7354a6d7dad453ea76046e21852a648,8c1950bbf34d4de6adcf81d97399d701,none,2025-09-01,Circle K,none,-44.8,EUR,online,False
fdcf57d97583405cbde496be0cfc8ad2,8c1950bbf34d4de6adcf81d97399d701,none,2025-09-01,Lietuvos Geležinkeliai,none,-31.24,EUR,online,False
19066df0afea4d06a208f2a0a5ed9419,ada3d0f52c0848b985022952fef7031f,none,2025-09-01,Bp,none,-40.0,EUR,online,False
f79cee94e90b4ff48d3cb543e4e4ed71,0c47e3c72eec4c2286f2d2f04c5e8433,none,2025-09-01,Burger King,none,-17.990000000000002,EUR,online,False
9bc1a302b0db4e8a8a8f3ff5e557d2b2,0c47e3c72eec4c2286f2d2f04c5e8433,none,2025-09-01,Zinserträge,none,3.72,EUR,online,False
9288a4aa456d4d0b87285db127110446,0c47e3c72eec4c2286f2d2f04c5e8433,none,2025-09-01,Jet Tankstelle,none,-40.0,EUR,online,False
421d4d935a9940819aa7e8804521dcae,0c47e3c72eec4c2286f2d2f04c5e8433,none,2025-09-01,Edeka,none,-29.99,EUR,online,False
03bad56330df4d238d5af049271ea372,0c47e3c72eec4c2286f2d2f04c5e8433,none,2025-09-01,Flixbus,none,-27.9,EUR,online,False
22f5f4fe10804f4890d490674698cabd,ada3d0f52c0848b985022952fef7031f,none,2025-09-01,Carrefour,none,-29.99,EUR,online,False
6028770b173e4300b645cf3280a3ce80,ada3d0f52c0848b985022952fef7031f,none,2025-09-01,Eurostar,none,-27.9,EUR,online,False
0d64ecc36b294feb9e4e6f6733f3353d,d8e85133189140ceb38926ca37c44c8d,none,2025-09-01,Hello Fresh,none,-29.99,GBP,online,False
7d57d0055bcd4ad8b38e4dbc0bb345b6,ada3d0f52c0848b985022952fef7031f,none,2025-09-01,Versement D'intérêts,none,3.72,EUR,online,False
e3a02b241d644929a18956aafa275452,ff109f0c99a146e9bb9e30ccfac01582,none,2025-09-01,Esso,none,-40.0,EUR,online,False
de272a5634324e35a17f1ec0c63839c9,ff109f0c99a146e9bb9e30ccfac01582,none,2025-09-01,Carrefour,none,-29.99,EUR,online,False
6da9487f4afe4be58a276548202bcb7d,ff109f0c99a146e9bb9e30ccfac01582,none,2025-09-01,Sncb,none,-27.9,EUR,online,False
6404fe247a4c4690aabb24e0b730a7e8,ff109f0c99a146e9bb9e30ccfac01582,none,2025-09-01,Kaffabar,none,-17.990000000000002,EUR,online,False
7c30e15c5aac4fa6a8bbbf4a9c7f7726,4bb60c8682f543e8939a659d14a20124,none,2025-09-01,Amazon Salary,none,5000.0,EUR,online,False
9146133efad44f529f98e59e24e1602d,d8e85133189140ceb38926ca37c44c8d,none,2025-09-01,Texaco,none,-40.0,GBP,online,False
8dd0c334945d40f5b2ebe6852fbf5da0,d8e85133189140ceb38926ca37c44c8d,none,2025-09-01,Interest Earned,none,3.72,GBP,online,False
2d24514becdc4847a449aae00c0631de,ca0e28e500584f8ba9a0197c04959318,none,2025-09-01,Da Grasso,none,-90.28,PLN,online,False
3334540f47494537acc079ce0c4dd5f4,ca0e28e500584f8ba9a0197c04959318,none,2025-09-01,Odsetki,none,18.67,PLN,online,False
4d8394a960354f8a8e1ae03b254d03b4,ca0e28e500584f8ba9a0197c04959318,none,2025-09-01,Pkp,none,-139.95000000000002,PLN,online,False
bd2db74de3474f82bad197bc03d6f5e0,ca0e28e500584f8ba9a0197c04959318,none,2025-09-01,Orlen,none,-200.8,PLN,online,False
c938e6293a8f470fa72b2712c342b7d2,ca0e28e500584f8ba9a0197c04959318,none,2025-09-01,Pyszne.pl,none,-150.44,PLN,online,False
68987b6d6d214241816be76b102965e7,d8e85133189140ceb38926ca37c44c8d,none,2025-09-01,Tfl Rail,none,-27.9,GBP,online,False
ca69dd96233f43e0bdf1268c9cb857af,ada3d0f52c0848b985022952fef7031f,none,2025-09-01,Café Du Commerce,none,-17.990000000000002,EUR,online,False
f2b91ab6a7a64719a9d7166c10f79676,4fd04cb6bfc247ddb3f42419a347e9bc,none,2025-09-01,Liquidación Interés,none,3.72,EUR,online,False
54f4f59dc37e43bfaac88e32f02a7c2f,2901b5ccd9d84760926e25640dbb70cd,none,2025-09-01,HSL,none,-27.9,EUR,online,False
ab7ceb36ee9a4591ad8ecbb6f68e7819,4fd04cb6bfc247ddb3f42419a347e9bc,none,2025-09-01,Metro Madrid,none,-27.9,EUR,online,False
25b85505f9da4382a5b1f8eca1411cc4,7372a72bc03c4ab49492a481c2cfc7f5,none,2025-09-01,Wolt,none,-33.58,EUR,online,False
20953837a6fc465a915b2852e2337a3a,41e035480df54e979ecd6234c2010921,none,2025-09-01,Texaco,none,-40.0,EUR,online,False
ff60c4d929ae42fe9ad35d3e06409471,7f516dc6ddf5450f86f30b9fe0ba67ea,none,2025-09-01,Fakta,none,-299.90000000000003,DKK,online,False
da72c76df2ed44a0b825a51cbeae0822,7f516dc6ddf5450f86f30b9fe0ba67ea,none,2025-09-01,Dsb,none,-279.0,DKK,online,False
7a7b0cfe50744592ba3f551547ead832,7f516dc6ddf5450f86f30b9fe0ba67ea,none,2025-09-01,Domino's Pizza,none,-179.9,DKK,online,False
fe1c0be07db54424addbf021e534df08,ad3b198a7f624730a942384dd064f051,none,2025-09-01,Interessi Attivi,none,3.72,EUR,online,False
a902c49a5f264770907c96c7334bf8f5,ad3b198a7f624730a942384dd064f051,none,2025-09-01,Rosso Pomodoro,none,-17.990000000000002,EUR,online,False
67c4b649bac847f78d67841d11a52d22,ad3b198a7f624730a942384dd064f051,none,2025-09-01,Esso,none,-40.0,EUR,online,False
60d50dd0343b4bb991bef8fb56ab1c9d,ad3b198a7f624730a942384dd064f051,none,2025-09-01,Atac,none,-27.9,EUR,online,False
57f5572853344ef697df68a711ff0f5e,7372a72bc03c4ab49492a481c2cfc7f5,none,2025-09-01,Pasažieru Vilciens,none,-31.24,EUR,online,False
f4b1f94e9d474f899d73e95fddcbcbae,3288ff86901143b4a34e39d56b72f0c9,none,2025-09-01,Metro Lisboa,none,-27.9,EUR,online,False
d6a3a95f770e4c3bbaab6053a58a2065,3288ff86901143b4a34e39d56b72f0c9,none,2025-09-01,Juros Recebidos,none,3.72,EUR,online,False
814a1abb220d4bd0aae37ec5ef76ba0e,3288ff86901143b4a34e39d56b72f0c9,none,2025-09-01,Pizza Hut,none,-17.990000000000002,EUR,online,False
4f4f9bd0330b48a498f6f520ccbd05f8,3288ff86901143b4a34e39d56b72f0c9,none,2025-09-01,Repso,none,-40.0,EUR,online,False
517aadab082e4ab99b436ba415761eab,ad3b198a7f624730a942384dd064f051,none,2025-09-01,Esselunga,none,-29.99,EUR,online,False
c5ce2940196543638eae8777009165fd,4fd04cb6bfc247ddb3f42419a347e9bc,none,2025-09-01,Telepizza,none,-17.990000000000002,EUR,online,False
16db20b13c39452a9676312a40caf7e4,7f516dc6ddf5450f86f30b9fe0ba67ea,none,2025-09-01,Renteindægter,none,37.2,DKK,online,False
e8d9db83c11740129eb846a72ff040bc,41e035480df54e979ecd6234c2010921,none,2025-09-01,Dominos Pizza,none,-17.990000000000002,EUR,online,False
c8525f919d8441f1b8cd50038095ca1a,41e035480df54e979ecd6234c2010921,none,2025-09-01,Interest Earned,none,-3.72,EUR,online,False
53e2edcf061f46c38f10daf4f5e31dd4,41e035480df54e979ecd6234c2010921,none,2025-09-01,Tesco Store,none,-29.99,EUR,online,False
0c3e0d6d48e845208733738cccd0ad23,7f516dc6ddf5450f86f30b9fe0ba67ea,none,2025-09-01,Shell,none,-400.0,DKK,online,False
eb566c2c5bc84791ba45915999b1dd58,c933b12ce50c48dcb4208e2d5fe59c4e,none,2025-09-01,Shell,none,-400.0,SEK,online,False
208468e7fa3f48818faf8aace87cff39,41e035480df54e979ecd6234c2010921,none,2025-09-01,Irish Rail,none,-27.9,EUR,online,False
6fd3c4b7a32a451c87e75dd4e15a39f9,f37690212445419c9e5d0fbbda82abc2,none,2025-09-01,New York Pizza,none,-20.15,EUR,online,False
34ae97d908824cd29ab1cdd66aa7d842,f37690212445419c9e5d0fbbda82abc2,none,2025-09-01,Rente-Inkomsten,none,4.17,EUR,online,False
bf4b9a5a72a041068ba37bf104d7f878,c933b12ce50c48dcb4208e2d5fe59c4e,none,2025-09-01,Storstockholms Lokaltrafik,none,-279.0,SEK,online,False
9094e49a2c3c4425b5d8849a272691e5,f37690212445419c9e5d0fbbda82abc2,none,2025-09-01,Hellofresh,none,-33.58,EUR,online,False
adfe9ae2f2b243a3b2f4e0cd9bd7f32e,f37690212445419c9e5d0fbbda82abc2,none,2025-09-01,Shell,none,-44.8,EUR,online,False
fd988363f8524898879a6249c7015962,7372a72bc03c4ab49492a481c2cfc7f5,none,2025-09-01,Pica Lulū,none,-20.15,EUR,online,False
d59c6e26ee2143df8f788c6d42906e26,7372a72bc03c4ab49492a481c2cfc7f5,none,2025-09-01,Procenti,none,4.17,EUR,online,False
976658c85d7b4551bef0dec3acb0f2fa,f37690212445419c9e5d0fbbda82abc2,none,2025-09-01,Ns Treinen,none,-31.24,EUR,online,False
22c17f5c1cc94bb0802aed36602186e3,4fd04cb6bfc247ddb3f42419a347e9bc,none,2025-09-01,Repsol,none,-40.0,EUR,online,False
398b07fc29b746ac9f33765982737bec,c933b12ce50c48dcb4208e2d5fe59c4e,none,2025-09-01,Ica,none,-299.90000000000003,SEK,online,False
89947f6ea7434d19bfa9eddf02669de3,c933b12ce50c48dcb4208e2d5fe59c4e,none,2025-09-01,Ränta,none,-37.2,SEK,online,False
8d1e7f862b4f4c8195e6c93c2d193cc2,c933b12ce50c48dcb4208e2d5fe59c4e,none,2025-09-01,Vapiano,none,-179.9,SEK,online,False
687ee3e942ae4b96a79c02c6ce1f24a9,4fd04cb6bfc247ddb3f42419a347e9bc,none,2025-09-01,Dia,none,-29.99,EUR,online,False
65a7bae0ca8146a6bad881adef1c10c5,7372a72bc03c4ab49492a481c2cfc7f5,none,2025-09-01,Circle K,none,-44.8,EUR,online,False
2a1e162ac4e543ff8cde1755f152d59c,f37690212445419c9e5d0fbbda82abc2,none,2025-09-02,Salaris,none,2111.95,EUR,online,False
1099c257e1844bad917dfa2a8721c2c4,8c1950bbf34d4de6adcf81d97399d701,none,2025-09-02,Optika,none,-33.58,EUR,online,False
b8a3ff675d0b4a5e830488628f2af504,8c1950bbf34d4de6adcf81d97399d701,none,2025-09-02,Atlyginimas,none,2111.95,EUR,online,False
37eeb823a1b844c280048e4e779cc3d6,41e035480df54e979ecd6234c2010921,none,2025-09-02,Specsavers,none,-29.99,EUR,online,False
294120e90a8046d68deafcaa01db7824,41e035480df54e979ecd6234c2010921,none,2025-09-02,Salary,none,1887.03,EUR,online,False
c62b9a46cc7e47218128428fb9c0e452,ad3b198a7f624730a942384dd064f051,none,2025-09-02,Stipendio,none,1887.03,EUR,online,False
9ed1a11a0f324961bc76acf6ec69ff6d,f37690212445419c9e5d0fbbda82abc2,none,2025-09-02,Pearle Opticiens,none,-33.58,EUR,online,False
fe5b07208b7f4796b4d4944424eb48c3,0c47e3c72eec4c2286f2d2f04c5e8433,none,2025-09-02,Fielmann,none,-29.99,EUR,online,False
5c50a13e95d24766bd483c803c8fa57d,3288ff86901143b4a34e39d56b72f0c9,none,2025-09-02,Salário,none,1887.03,EUR,online,False
059262a72d6e4c0498d8c01aba4a357c,ff109f0c99a146e9bb9e30ccfac01582,none,2025-09-02,Be Optic,none,-29.99,EUR,online,False
d8da8feafada4dd88e8ecb6aaf390a4b,ff109f0c99a146e9bb9e30ccfac01582,none,2025-09-02,Salaire,none,1887.03,EUR,online,False
f133a27cba7845fa9ca3d2e2845661b7,ca0e28e500584f8ba9a0197c04959318,none,2025-09-02,Vision Express,none,-150.44,PLN,online,False
45d28dc7d5304db49f02969c4df8cbad,ca0e28e500584f8ba9a0197c04959318,none,2025-09-02,Wynagrodzenie,none,9467.02,PLN,online,False
f17eeb72eed547c19ad30e6a69b77721,ada3d0f52c0848b985022952fef7031f,none,2025-09-02,Optic,none,-29.99,EUR,online,False
f855d3c9f13147da99ec44310308f2da,ada3d0f52c0848b985022952fef7031f,none,2025-09-02,Salaire,none,1887.03,EUR,online,False
38d4860009784141a9de97a028994a80,7372a72bc03c4ab49492a481c2cfc7f5,none,2025-09-02,Vision Express,none,-33.58,EUR,online,False
f376f8e0bd29475db7f74201dc6b69d2,0c47e3c72eec4c2286f2d2f04c5e8433,none,2025-09-02,Salary,none,1887.03,EUR,online,False
3bbd51852884400c95bedb3ed3afdd25,3288ff86901143b4a34e39d56b72f0c9,none,2025-09-02,Multiopticas,none,-29.99,EUR,online,False
90b148f324f54e36a51b5fb422b84530,7372a72bc03c4ab49492a481c2cfc7f5,none,2025-09-02,Alga,none,2111.95,EUR,online,False
dfb208b3796d4576aead7cb12ed2c4d2,ad3b198a7f624730a942384dd064f051,none,2025-09-02,Visionottica,none,-29.99,EUR,online,False
1c59e363b02e46f7bc3accd849e7997b,d8e85133189140ceb38926ca37c44c8d,none,2025-09-02,Specsavers,none,-29.99,GBP,online,False
e3abf122d2634dc1bdf047ed08c71e77,00140a6c17ce4d3a9dd455073c5cac0a,none,2025-09-02,Palk,none,1887.03,EUR,online,False
6bd036e04a8d4885bfe0ab11d3d51232,00140a6c17ce4d3a9dd455073c5cac0a,none,2025-09-02,Instrumentarium,none,-29.99,EUR,online,False
2b67ef864fb341be803830a58dd263dc,fb9a593b6b0c448d968616bb8aae9a60,none,2025-09-02,Lønnsbetaling,none,19870.300000000003,NOK,online,False
26f1e7e57c514fcd84497f407eea06d1,2901b5ccd9d84760926e25640dbb70cd,none,2025-09-02,Specsavers,none,-29.99,EUR,online,False
d5e573089bb048cdaed79a1dfd8d9a53,7f516dc6ddf5450f86f30b9fe0ba67ea,none,2025-09-02,Løn-Udbetaling,none,18870.3,DKK,online,False
4bec833611fc4e2a8ffe8679a0b1bf98,fb9a593b6b0c448d968616bb8aae9a60,none,2025-09-02,Brilleland,none,-299.90000000000003,NOK,online,False
9527648f5fa04d01b0d436642481cec7,c933b12ce50c48dcb4208e2d5fe59c4e,none,2025-09-02,Specsavers,none,-299.90000000000003,SEK,online,False
debc2aea67554c88b72a24d124cb302b,c933b12ce50c48dcb4208e2d5fe59c4e,none,2025-09-02,Lön,none,18870.3,SEK,online,False
e8143ed146c74b6e9e41b3130fea320e,2901b5ccd9d84760926e25640dbb70cd,none,2025-09-02,Salary,none,1887.03,EUR,online,False
4666ed6f2a364692a886af397b022238,4fd04cb6bfc247ddb3f42419a347e9bc,none,2025-09-02,Multiopticas,none,-29.99,EUR,online,False
9dec06bfe55045f198c696c8f52245cb,d8e85133189140ceb38926ca37c44c8d,none,2025-09-02,Salary,none,1887.03,GBP,online,False
04bf1fce7ad64cb49e49d1913c2a13fb,4fd04cb6bfc247ddb3f42419a347e9bc,none,2025-09-02,Nómina,none,1887.03,EUR,online,False
c7e2ff7ab66e443b8a500d8286def08f,7f516dc6ddf5450f86f30b9fe0ba67ea,none,2025-09-02,Synoptik,none,-299.90000000000003,DKK,online,False
d1c11ec0acd346e59c51c777a9e4112e,2901b5ccd9d84760926e25640dbb70cd,none,2025-09-03,Vuokra,none,-650.0,EUR,online,False
022da74b844941789041e094c35a4278,ff109f0c99a146e9bb9e30ccfac01582,none,2025-09-03,Ad Delhaize,none,-27.66,EUR,online,False
939904f47dcd471bb76496c664032b08,41e035480df54e979ecd6234c2010921,none,2025-09-03,Rent,none,-650.0,EUR,online,False
506475136fa84cfd9a7fddc2f93b1f15,41e035480df54e979ecd6234c2010921,none,2025-09-03,Supervalu,none,-27.66,EUR,online,False
5c3e119ccd024cc19bcb7ac6209dbc65,c933b12ce50c48dcb4208e2d5fe59c4e,none,2025-09-03,Coop,none,-276.6,SEK,online,False
a6e08c05cbe3443a97087c9ce80bc5e5,2901b5ccd9d84760926e25640dbb70cd,none,2025-09-03,Prisma,none,-27.66,EUR,online,False
119d3a17fb45457ebf3097fd22d2e1cf,c933b12ce50c48dcb4208e2d5fe59c4e,none,2025-09-03,Hyra,none,-6500.0,SEK,online,False
dcdf406bd1e54cc18ce08a5f6f6ebcbc,ada3d0f52c0848b985022952fef7031f,none,2025-09-03,Auchan,none,-27.66,EUR,online,False
35ce713761cd44da995f27650311ac0e,ca0e28e500584f8ba9a0197c04959318,none,2025-09-03,Biedronka,none,-138.79,PLN,online,False
cebb18ea9e7242f897819b5dd21126be,ca0e28e500584f8ba9a0197c04959318,none,2025-09-03,Czynsz,none,-3263.0,PLN,online,False
2dbf33ad2de6473cb13cace466585b1a,4fd04cb6bfc247ddb3f42419a347e9bc,none,2025-09-03,Alquiler,none,-650.0,EUR,online,False
6848bb14fb0f4cd1a5c66d78e06ad26c,4fd04cb6bfc247ddb3f42419a347e9bc,none,2025-09-03,Mercadona,none,-27.66,EUR,online,False
c4be257cd14e48f7bd774449f5532ff8,f37690212445419c9e5d0fbbda82abc2,none,2025-09-03,Albert Heijn,none,-30.99,EUR,online,False
59f8eed4a63546a9a5c7a82c43060006,f37690212445419c9e5d0fbbda82abc2,none,2025-09-03,Huur,none,-728.0,EUR,online,False
eaf5454a609240a9847c543f785e3a61,8c1950bbf34d4de6adcf81d97399d701,none,2025-09-03,Maxima,none,-30.99,EUR,online,False
7acc0af412394d0dbf88072c243cc3d4,8c1950bbf34d4de6adcf81d97399d701,none,2025-09-03,Nuoma,none,-728.0,EUR,online,False
ffe5cc9617a04a1b86ad6d22761f1d46,ada3d0f52c0848b985022952fef7031f,none,2025-09-03,Loyer,none,-650.0,EUR,online,False
a8ad75d1ff2c4504b4123b839e2dd65f,0c47e3c72eec4c2286f2d2f04c5e8433,none,2025-09-03,Miete,none,-650.0,EUR,online,False
c0c2a4215ffb4feab9c9a0981a89056d,0c47e3c72eec4c2286f2d2f04c5e8433,none,2025-09-03,Aldi,none,-27.66,EUR,online,False
1aebf520ad9e4b559b51471b7acf09a2,d8e85133189140ceb38926ca37c44c8d,none,2025-09-03,Rent,none,-650.0,GBP,online,False
8ee35607f6c44ec692e7e5c338492e19,fb9a593b6b0c448d968616bb8aae9a60,none,2025-09-03,Husleie,none,-6500.0,NOK,online,False
ce285ab0c0e24d8b8b2068255c52d5b1,3288ff86901143b4a34e39d56b72f0c9,none,2025-09-03,Renda,none,-650.0,EUR,online,False
501be4f3d80d42e488204cb68e14c07d,00140a6c17ce4d3a9dd455073c5cac0a,none,2025-09-03,Selver,none,-27.66,EUR,online,False
0e7377de921846bc846b1bc669617e5b,3288ff86901143b4a34e39d56b72f0c9,none,2025-09-03,Continente,none,-27.66,EUR,online,False
d35e7da3b3784ef1a40db42cb541739c,00140a6c17ce4d3a9dd455073c5cac0a,none,2025-09-03,Üür,none,-650.0,EUR,online,False
2aa2d74932c547b49eef407b8874d944,7f516dc6ddf5450f86f30b9fe0ba67ea,none,2025-09-03,Netto,none,-276.6,DKK,online,False
84d4ebd6645843768d6859d85362d09b,d8e85133189140ceb38926ca37c44c8d,none,2025-09-03,Tesco Store,none,-27.66,GBP,online,False
007b5fbc090245b5be5945b66a91264b,7f516dc6ddf5450f86f30b9fe0ba67ea,none,2025-09-03,Husleje,none,-6500.0,DKK,online,False
05a595d338614ca6ba4d4bc1bb3a4ecc,ff109f0c99a146e9bb9e30ccfac01582,none,2025-09-03,Loyer,none,-650.0,EUR,online,False
3269ca62d9934713a50404dec9cb0962,ad3b198a7f624730a942384dd064f051,none,2025-09-03,Conad,none,-27.66,EUR,online,False
172e406fa94242bfbe317f06589ce2d3,ad3b198a7f624730a942384dd064f051,none,2025-09-03,Affitto,none,-650.0,EUR,online,False
104adc140cc84adb8f6db7c3f785ff07,7372a72bc03c4ab49492a481c2cfc7f5,none,2025-09-03,Maxima,none,-30.99,EUR,online,False
10c1f003e17645c2b79c34de338e6b41,7372a72bc03c4ab49492a481c2cfc7f5,none,2025-09-03,Īre,none,-728.0,EUR,online,False
dafcd7ce23444a6cbad960b6b384de2e,fb9a593b6b0c448d968616bb8aae9a60,none,2025-09-03,Coop,none,-276.6,NOK,online,False
83273ccd5076492591ac709f1a802c69,c933b12ce50c48dcb4208e2d5fe59c4e,none,2025-09-04,The Bishops Arms,none,-86.80000000000001,SEK,online,False
c8e7435618be45f6a2940f6a61333e25,d8e85133189140ceb38926ca37c44c8d,none,2025-09-04,Red Lion Pub,none,-8.68,GBP,online,False
4d72e6e8a67143a68ff1f88c1a206b63,ad3b198a7f624730a942384dd064f051,none,2025-09-04,Illycaffè,none,-2.49,EUR,online,False
11d34a1c525d4e30a2a4c0fbebbdeef4,ad3b198a7f624730a942384dd064f051,none,2025-09-04,La Vineria,none,-8.68,EUR,online,False
e7a28f3dddef424ebc872bda38f03860,8c1950bbf34d4de6adcf81d97399d701,none,2025-09-04,Vero Cafe,none,-1.67,EUR,online,False
7781b40695e94646b5a5f5c3ec5dbfba,d8e85133189140ceb38926ca37c44c8d,none,2025-09-04,Pret,none,-1.49,GBP,online,False
e25c7fc8ceb64af5b78ddcc461b917aa,41e035480df54e979ecd6234c2010921,none,2025-09-04,Starbucks,none,-2.49,EUR,online,False
47b78171b5e54ed4a31b0c59456ecb04,2901b5ccd9d84760926e25640dbb70cd,none,2025-09-04,Molly Malone's,none,-8.68,EUR,online,False
355f2172281745c381fa4fc66c6bcfcd,ada3d0f52c0848b985022952fef7031f,none,2025-09-04,Bar De La Marine,none,-8.68,EUR,online,False
61225e40e7d04d9592a99eaa84cfc6cc,ca0e28e500584f8ba9a0197c04959318,none,2025-09-04,Green Caffè Nero,none,-7.48,PLN,online,False
29c579feb46247f0b97393368f119251,ca0e28e500584f8ba9a0197c04959318,none,2025-09-04,Pub Barka,none,-43.53,PLN,online,False
98376708da784859b63ec8ca9f083f64,ada3d0f52c0848b985022952fef7031f,none,2025-09-04,Starbucks,none,-2.49,EUR,online,False
d7e2abf0f97845ec89401caf718ac8c8,00140a6c17ce4d3a9dd455073c5cac0a,none,2025-09-04,Reval Cafe,none,-1.49,EUR,online,False
cc81a6bac0c04b78961d21a82d6f2e93,c933b12ce50c48dcb4208e2d5fe59c4e,none,2025-09-04,Wayne's Coffee,none,-24.9,SEK,online,False
2180d5479c804b78b70a8fbe0b97ef9f,ff109f0c99a146e9bb9e30ccfac01582,none,2025-09-04,Hof Van Cleve,none,-8.68,EUR,online,False
6dac9710bf484129bd9d2a416551a35a,ff109f0c99a146e9bb9e30ccfac01582,none,2025-09-04,Starbucks,none,-2.49,EUR,online,False
ebdcd95fb3734728830ed632741bca22,41e035480df54e979ecd6234c2010921,none,2025-09-04,Red Lion Pub,none,-8.68,EUR,online,False
28e91cfd2cd44cab919ede68d38399e8,7f516dc6ddf5450f86f30b9fe0ba67ea,none,2025-09-04,Jensens Bøfhus,none,-86.80000000000001,DKK,online,False
222cea41914c474da6a2168fb5f08e91,7f516dc6ddf5450f86f30b9fe0ba67ea,none,2025-09-04,Baresso,none,-24.9,DKK,online,False
1597562e3d314498b4b75af92bce9790,2901b5ccd9d84760926e25640dbb70cd,none,2025-09-04,Starbucks,none,-2.49,EUR,online,False
070e68f3f1f3474891fe82a561aba60c,7372a72bc03c4ab49492a481c2cfc7f5,none,2025-09-04,Folkklubs Ala Pagrabs,none,-9.72,EUR,online,False
76cc87505ab34b4fad60e07ea4b3708a,7372a72bc03c4ab49492a481c2cfc7f5,none,2025-09-04,Costa Coffee,none,-1.67,EUR,online,False
d0d620070ea64873a94b4495503f7efa,00140a6c17ce4d3a9dd455073c5cac0a,none,2025-09-04,Põrgu Pub,none,-8.68,EUR,online,False
628f5fdd11ce405e83d555dad2542db8,8c1950bbf34d4de6adcf81d97399d701,none,2025-09-04,Gringo,none,-9.72,EUR,online,False
75d69c3136de4e878bfc159525e2e359,f37690212445419c9e5d0fbbda82abc2,none,2025-09-04,De Drie Gezusters,none,-9.72,EUR,online,False
d436536e3e684977978f76351bff2378,fb9a593b6b0c448d968616bb8aae9a60,none,2025-09-04,Kaffebrenneriet,none,-24.9,NOK,online,False
6fd478013e974504bb81848a8dbc4b03,4fd04cb6bfc247ddb3f42419a347e9bc,none,2025-09-04,Lizarran,none,-8.68,EUR,online,False
07f49138a9e84eebb7cf48ad80522678,0c47e3c72eec4c2286f2d2f04c5e8433,none,2025-09-04,Bar Celona,none,-8.68,EUR,online,False
f82ce1e0738947abb4421671bb1e694a,0c47e3c72eec4c2286f2d2f04c5e8433,none,2025-09-04,Coffee Fellows,none,-2.49,EUR,online,False
34fccedf9d0b4db39ba489c2d6c5c06b,fb9a593b6b0c448d968616bb8aae9a60,none,2025-09-04,Egon,none,-86.80000000000001,NOK,online,False
c0be02cd882a41c997b86816358b0dde,f37690212445419c9e5d0fbbda82abc2,none,2025-09-04,Broodje Van Dootje,none,-1.67,EUR,online,False
64634839a9e44679a8640b5c9a1c559d,4fd04cb6bfc247ddb3f42419a347e9bc,none,2025-09-04,Starbucks,none,-2.49,EUR,online,False
0648c96b0c4447f8904dc70d0bb8c963,3288ff86901143b4a34e39d56b72f0c9,none,2025-09-04,Padaria Portuguesa,none,-2.49,EUR,online,False
bc4b60e985b946e989010a48e331cf4c,3288ff86901143b4a34e39d56b72f0c9,none,2025-09-04,Clube Ferroviário,none,-8.68,EUR,online,False
d55af383547347898f094ef8d402b7f7,c933b12ce50c48dcb4208e2d5fe59c4e,none,2025-09-05,Trygg-Hansa,none,-348.5,SEK,online,False
0b278ad313c843f0ae415a647f3a6737,3288ff86901143b4a34e39d56b72f0c9,none,2025-09-05,Generalli,none,-34.85,EUR,online,False
86e7759c61a74aac826d837f750de083,00140a6c17ce4d3a9dd455073c5cac0a,none,2025-09-05,If Kindlustus,none,-34.85,EUR,online,False
c63b1a7ccc9e471586482ab32bc9f5ab,fb9a593b6b0c448d968616bb8aae9a60,none,2025-09-05,If Forsikring,none,-348.5,NOK,online,False
690f6f6af5c642b28f2cc1c3ccf4be41,f37690212445419c9e5d0fbbda82abc2,none,2025-09-05,Centraal Beheer,none,-39.03,EUR,online,False
212bf5c2c4e94f39b9ed35dd27272513,2901b5ccd9d84760926e25640dbb70cd,none,2025-09-05,If,none,-34.85,EUR,online,False
6745d1a9f0fb4ca69cb7839f8cad802c,0c47e3c72eec4c2286f2d2f04c5e8433,none,2025-09-05,Allianz,none,-34.85,EUR,online,False
8d5a287003364f96acf64238b476f6f0,ad3b198a7f624730a942384dd064f051,none,2025-09-05,Axa,none,-34.85,EUR,online,False
e1aec226b3924523ae3db16ce1d195ae,7372a72bc03c4ab49492a481c2cfc7f5,none,2025-09-05,Balta,none,-39.03,EUR,online,False
a11791a762544feeac877d2191e94f27,41e035480df54e979ecd6234c2010921,none,2025-09-05,Aviva Insurance,none,-34.85,EUR,online,False
95fd4bb1e6204fe1b8ab988c0aa428ba,d6cc56bc402a4685829f0de347af4c63,none,2025-09-05,Starbucks,none,-1.87,GBP,online,False
083792efca0041918794988859386790,d8e85133189140ceb38926ca37c44c8d,none,2025-09-05,Admiral Insurance,none,-34.85,GBP,online,False
cf71b58f8c454f0d847eab045664320a,7f516dc6ddf5450f86f30b9fe0ba67ea,none,2025-09-05,Tryg,none,-348.5,DKK,online,False
8704a90e43b045f0962af8e42c2c5d0c,ada3d0f52c0848b985022952fef7031f,none,2025-09-05,Axa,none,-34.85,EUR,online,False
91605d884709410bbd80ac49f6826c38,ff109f0c99a146e9bb9e30ccfac01582,none,2025-09-05,Ag Insurance,none,-34.85,EUR,online,False
760a253abc9640789afbb10c9acd3735,4fd04cb6bfc247ddb3f42419a347e9bc,none,2025-09-05,Mapfre,none,-34.85,EUR,online,False
cd22b4ccecf04fa9885ddbeaa83719db,ff109f0c99a146e9bb9e30ccfac01582,none,2025-09-05,Ag Insurance,none,-34.85,EUR,online,False
a4ef5536d5c54aeaabed13f2ea6af4f1,8c1950bbf34d4de6adcf81d97399d701,none,2025-09-05,Lietuvos Draudimas,none,-39.03,EUR,online,False
6d1793947b1642888c6d210191e76f0f,0c47e3c72eec4c2286f2d2f04c5e8433,none,2025-09-08,Flixbus,none,-27.9,EUR,online,False
f25d031320b645259ddf91fab4046789,0c47e3c72eec4c2286f2d2f04c5e8433,none,2025-09-08,Edeka,none,-29.99,EUR,online,False
873e5e5c14f6451b896c6d44987dfd47,d8e85133189140ceb38926ca37c44c8d,none,2025-09-08,Hello Fresh,none,-29.99,GBP,online,False
7b8e961f59124009800085b8c6bfa966,c933b12ce50c48dcb4208e2d5fe59c4e,none,2025-09-08,Storstockholms Lokaltrafik,none,-279.0,SEK,online,False
def518da541f449ea9a6f68b8261e2a7,c933b12ce50c48dcb4208e2d5fe59c4e,none,2025-09-08,Ica,none,-299.90000000000003,SEK,online,False
f0ac901b57e3425e9cfbd1b037fbb400,ada3d0f52c0848b985022952fef7031f,none,2025-09-08,Carrefour,none,-29.99,EUR,online,False
4832760b0c10429fa9efa0b6e1b50e3f,ada3d0f52c0848b985022952fef7031f,none,2025-09-08,Eurostar,none,-27.9,EUR,online,False
4a0bba6aac544d86acff7e9f37e39f92,ad3b198a7f624730a942384dd064f051,none,2025-09-08,Atac,none,-27.9,EUR,online,False
39a84323d5a04deeb87d7d65b9534841,ad3b198a7f624730a942384dd064f051,none,2025-09-08,Esselunga,none,-29.99,EUR,online,False
461eead6be224626a7c9422b8b9ac7c5,d8e85133189140ceb38926ca37c44c8d,none,2025-09-08,Tfl Rail,none,-27.9,GBP,online,False
9eb0c4d3e9b14e8eacd37a59154e46dd,3288ff86901143b4a34e39d56b72f0c9,none,2025-09-08,Lidl,none,-29.99,EUR,online,False
5217a3797c7449b18f824398dbdbc87a,2901b5ccd9d84760926e25640dbb70cd,none,2025-09-08,K-Citymarket,none,-29.99,EUR,online,False
71c3c499efec4afaafc23842be11bb98,7372a72bc03c4ab49492a481c2cfc7f5,none,2025-09-08,Pasažieru Vilciens,none,-31.24,EUR,online,False
6c9895f61b444e4ea40c6eb3d00d7cc0,7f516dc6ddf5450f86f30b9fe0ba67ea,none,2025-09-08,Dsb,none,-279.0,DKK,online,False
7ab23afa2c844dc0bcce54513457e777,8c1950bbf34d4de6adcf81d97399d701,none,2025-09-08,Wolt,none,-33.58,EUR,online,False
eec0e228de1f4d49bbf380d310b2ee62,8c1950bbf34d4de6adcf81d97399d701,none,2025-09-08,Lietuvos Geležinkeliai,none,-31.24,EUR,online,False
c73177eae709423c9a6bec81d984d049,ff109f0c99a146e9bb9e30ccfac01582,none,2025-09-08,Carrefour,none,-29.99,EUR,online,False
91936a99a3a5444c91541dc691d15da2,ff109f0c99a146e9bb9e30ccfac01582,none,2025-09-08,Sncb,none,-27.9,EUR,online,False
72bc67a489e94c07802f6f874ade6c1b,7f516dc6ddf5450f86f30b9fe0ba67ea,none,2025-09-08,Fakta,none,-299.90000000000003,DKK,online,False
9b6920ea87094090829e87e301b1ff5a,41e035480df54e979ecd6234c2010921,none,2025-09-08,Tesco Store,none,-29.99,EUR,online,False
f21151a8e7ec49cc8caff7996b3afc31,41e035480df54e979ecd6234c2010921,none,2025-09-08,Irish Rail,none,-27.9,EUR,online,False
cf95496155004f69ab097322bc8ccba3,f37690212445419c9e5d0fbbda82abc2,none,2025-09-08,Ns Treinen,none,-31.24,EUR,online,False
768edb4cb8a7431e98ce0737a1335665,f37690212445419c9e5d0fbbda82abc2,none,2025-09-08,Hellofresh,none,-33.58,EUR,online,False
4532454515db45daac7fa5792f9e87ee,3288ff86901143b4a34e39d56b72f0c9,none,2025-09-08,Metro Lisboa,none,-27.9,EUR,online,False
16285d2a590141179fe55f3473d6392c,4fd04cb6bfc247ddb3f42419a347e9bc,none,2025-09-08,Dia,none,-29.99,EUR,online,False
5e6a981efa85425db0281cd3d763f465,00140a6c17ce4d3a9dd455073c5cac0a,none,2025-09-08,Bolt Food,none,-29.99,EUR,online,False
3d1fd548acd643afae7ce1e3a989f80c,00140a6c17ce4d3a9dd455073c5cac0a,none,2025-09-08,Elron,none,-27.9,EUR,online,False
d6f1678e0d5c4e56b1b2c3f66d9bddb6,ca0e28e500584f8ba9a0197c04959318,none,2025-09-08,Pyszne.pl,none,-150.44,PLN,online,False
6d4ded710bcf4e5f8eaaa03ead7ebe38,ca0e28e500584f8ba9a0197c04959318,none,2025-09-08,Pkp,none,-139.95000000000002,PLN,online,False
7ce33810e2dd4726b2a72c11c0784072,fb9a593b6b0c448d968616bb8aae9a60,none,2025-09-08,Rema 1000,none,-299.90000000000003,NOK,online,False
1811380f1b8c412bb274a6739831de5d,fb9a593b6b0c448d968616bb8aae9a60,none,2025-09-08,Skyss,none,-279.0,NOK,online,False
a46d4055912146f193818907c0e66464,4fd04cb6bfc247ddb3f42419a347e9bc,none,2025-09-08,Metro Madrid,none,-27.9,EUR,online,False
9529a38d8acf41b5936170d37c6024a5,2901b5ccd9d84760926e25640dbb70cd,none,2025-09-08,HSL,none,-27.9,EUR,online,False
5108ced6b8f4498a8bd9441206b055ae,7372a72bc03c4ab49492a481c2cfc7f5,none,2025-09-08,Wolt,none,-33.58,EUR,online,False
3d8518c70c8b443ba64cd11f4a00dbdf,fb9a593b6b0c448d968616bb8aae9a60,none,2025-09-09,Komplett.no,none,-569.8000000000001,NOK,online,False
3ff26e945a454f219d6ac8e64384e909,4fd04cb6bfc247ddb3f42419a347e9bc,none,2025-09-09,Amazon,none,-56.98,EUR,online,False
d484882e5cc141a698af9d255a5c6215,2901b5ccd9d84760926e25640dbb70cd,none,2025-09-09,Stockmann.com,none,-56.98,EUR,online,False
7aa1454898984fee9b23344a417902fd,0c47e3c72eec4c2286f2d2f04c5e8433,none,2025-09-09,Amazon,none,-56.98,EUR,online,False
c8f76285457f423abbe55d53ba8e2ee9,c933b12ce50c48dcb4208e2d5fe59c4e,none,2025-09-09,Zalando,none,-569.8000000000001,SEK,online,False
f1210ebdc95348139e4137dca21ad8e8,ada3d0f52c0848b985022952fef7031f,none,2025-09-09,Amazon,none,-56.98,EUR,online,False
269bc619fc544337acb61c59a169c83f,d8e85133189140ceb38926ca37c44c8d,none,2025-09-09,Amazon,none,-56.98,GBP,online,False
975abc70e07c4a8a8f0c57425bf622b6,7f516dc6ddf5450f86f30b9fe0ba67ea,none,2025-09-09,Nemlig.com,none,-569.8000000000001,DKK,online,False
a3b21e90792a4d31bf411afd01c7c74f,8c1950bbf34d4de6adcf81d97399d701,none,2025-09-09,Amazon,none,-63.86,EUR,online,False
e036343f11b447ebafa14dc0c8d17887,ff109f0c99a146e9bb9e30ccfac01582,none,2025-09-09,Amazon,none,-56.98,EUR,online,False
550cc4b371504ac4aaafa401541a2890,3288ff86901143b4a34e39d56b72f0c9,none,2025-09-09,Amazon,none,-56.98,EUR,online,False
c7683ab28aff48f6bc7fe5f428c61533,41e035480df54e979ecd6234c2010921,none,2025-09-09,Amazon,none,-56.98,EUR,online,False
d09711a04b434ad2bcd3d7f4b9db89be,f37690212445419c9e5d0fbbda82abc2,none,2025-09-09,Amazon,none,-63.86,EUR,online,False
a01abacd76b64910a3e03ea5977bb66c,7372a72bc03c4ab49492a481c2cfc7f5,none,2025-09-09,Amazon,none,-63.86,EUR,online,False
429e55cc85cb4f28b4c58e66fbda4ac3,ad3b198a7f624730a942384dd064f051,none,2025-09-09,Amazon,none,-56.98,EUR,online,False
e5f7e551a80f4739bf2dc06f145fb436,ca0e28e500584f8ba9a0197c04959318,none,2025-09-09,Amazon,none,-285.62,PLN,online,False
1c4eab5f13484fe1908326bf3789f04e,00140a6c17ce4d3a9dd455073c5cac0a,none,2025-09-09,Amazon,none,-56.98,EUR,online,False
3bb341b0bbb14c8da55545ba96497c52,2901b5ccd9d84760926e25640dbb70cd,none,2025-09-10,Tilisiirto,none,-200.0,EUR,online,False
8ca4b8c8d64e445a9d9019ae28ca039a,725cf38790664fdb925d23618ee24518,none,2025-09-10,Tilisiirto,none,200.0,EUR,online,False
8d6a16e2b92047c2916842c78d11f670,ff109f0c99a146e9bb9e30ccfac01582,none,2025-09-10,Virement,none,-200.0,EUR,online,False
25585dc35a234a6182478e758e94c36e,00140a6c17ce4d3a9dd455073c5cac0a,none,2025-09-10,Säästud Ülekanne,none,-200.0,EUR,online,False
1992c05fb3464ad2b5ea163d61c36c15,fb2d93d065bd45c9893f58d31839cde8,none,2025-09-10,Virement,none,200.0,EUR,online,False
22bba08341ec4fff8745e9bee74c16ad,3288ff86901143b4a34e39d56b72f0c9,none,2025-09-10,Transferência,none,-200.0,EUR,online,False
a04ab6109e184bce949041eda10948d9,e446f1818301472a926013ba98cc8c5c,none,2025-09-10,Transferência,none,200.0,EUR,online,False
5a9061cf3f3f40e39488c45c41316bfd,4fd04cb6bfc247ddb3f42419a347e9bc,none,2025-09-10,Transferencia,none,-200.0,EUR,online,False
92cec72044ee4913b09577ab26df2aaf,bfa0dd42f04646098b81b4cbc0bcb678,none,2025-09-10,Transferencia,none,200.0,EUR,online,False
80f2323713624b5ba61715c05ed7f19d,c933b12ce50c48dcb4208e2d5fe59c4e,none,2025-09-10,Överföring,none,-2000.0,SEK,online,False
8a141b5094c64a8eb39c71bc99681f90,9a0ba5d9c1f649dfbfaf18adec749a6a,none,2025-09-10,Överföring,none,2000.0,SEK,online,False
49c195052a654525b63506bc303807c3,38fdaceb6f364a50b21ba31b9a80306b,none,2025-09-10,Säästud Ülekanne,none,200.0,EUR,online,False
2dd1307bb7964c1f962b626be07a28d3,e012264a41a44d28b32f66f40200bb8e,none,2025-09-10,Overførsel,none,2000.0,DKK,online,False
6a797ae0603648bfbc8999c09181cad4,b4b23f035a9f4b6193e1664c1d4ed782,none,2025-09-10,Taupymo Pervedimas,none,230.0,EUR,online,False
c335c60b2f294a40ac1e6137cfc9b865,193ffb34e92f4926a2b1f166dd9c3ac8,none,2025-09-10,Savings Transfer,none,200.0,GBP,online,False
1ab6ba3d69944ea984b2d2939625600d,f37690212445419c9e5d0fbbda82abc2,none,2025-09-10,Spaarrekening Overboeking,none,-230.0,EUR,online,False
9fac8f04b21443a28562ce4c86ca5938,7f516dc6ddf5450f86f30b9fe0ba67ea,none,2025-09-10,Overførsel,none,-2000.0,DKK,online,False
47f1725bd9714cd48ea0045eb0767c2a,ca0e28e500584f8ba9a0197c04959318,none,2025-09-10,Przelew Na Konto Oszczędnościowe,none,-1000.0,PLN,online,False
9e26ed81ca974011802b19f6dd5bd4cc,c52dcb1d472c4252b1be25e1e35826fd,none,2025-09-10,Przelew Na Konto Oszczędnościowe,none,1000.0,PLN,online,False
5bbabd1e5c7741f0b72ddbd722944ec8,7372a72bc03c4ab49492a481c2cfc7f5,none,2025-09-10,Krājumu Pārskaitījums,none,-230.0,EUR,online,False
c3d68fc73774454cbc5b3a0e7335401d,82e4bce631ce4afcace0ca4d36cc4958,none,2025-09-10,Krājumu Pārskaitījums,none,230.0,EUR,online,False
f2b77396112446ef919737813792cb55,41e035480df54e979ecd6234c2010921,none,2025-09-10,Savings Transfer,none,-200.0,EUR,online,False
01a52a2aecd3457ca1a8dba25d351885,ada3d0f52c0848b985022952fef7031f,none,2025-09-10,Virement,none,-200.0,EUR,online,False
10e086cf0a004c069f497224bac8e25d,0b938997d88247d69ef5234ff5bf653b,none,2025-09-10,Virement,none,200.0,EUR,online,False
576d63fa4e9846f69031ca9159ce9f10,ca93c6e29cd64c288aa462e85c634c88,none,2025-09-10,Spaarrekening Overboeking,none,230.0,EUR,online,False
dafbdcf83a59482e8a000ab101c5340f,ad3b198a7f624730a942384dd064f051,none,2025-09-10,Giroconto,none,-200.0,EUR,online,False
2811c54a68d74577ada8bb07b03dfe37,6729b669f9e2456a9fbdee4e94d641c8,none,2025-09-10,Savings Transfer,none,200.0,EUR,online,False
db3fdd41f688471e884862a6da821324,084611e2c55c45a0a153ff24e2b5cb50,none,2025-09-10,Übertrag,none,200.0,EUR,online,False
6487d8e016924ccdbebf389d058f552b,0c47e3c72eec4c2286f2d2f04c5e8433,none,2025-09-10,Übertrag,none,-200.0,EUR,online,False
f091ee7e81334d338530220cfcf828f6,5078c8ead42c4f0c90ec882910bcc75c,none,2025-09-10,Giroconto,none,200.0,EUR,online,False
935d34cce2a64663b15a69d0ca0e9200,8c1950bbf34d4de6adcf81d97399d701,none,2025-09-10,Taupymo Pervedimas,none,-230.0,EUR,online,False
34772a8a09a3402680989a1d54034497,ac7a2d64f01d4638a1534bd543f7a8bc,none,2025-09-10,Overføring,none,2000.0,NOK,online,False
e42c665c7ed84179ac9999102666b5b0,fb9a593b6b0c448d968616bb8aae9a60,none,2025-09-10,Overføring,none,-2000.0,NOK,online,False
3bafbbd6e0564f059669ceac29a7e9e6,d8e85133189140ceb38926ca37c44c8d,none,2025-09-10,Savings Transfer,none,-200.0,GBP,online,False
c2da3c2ece7c4b46a4576eaa47c9f732,4fd04cb6bfc247ddb3f42419a347e9bc,none,2025-09-11,Starbucks,none,-2.49,EUR,online,False
c78200d3c495476fb892439fe5b3fcff,d8e85133189140ceb38926ca37c44c8d,none,2025-09-11,Pret,none,-1.49,GBP,online,False
49c541f9bc2b4de99257a82965a6c908,f37690212445419c9e5d0fbbda82abc2,none,2025-09-11,Broodje Van Dootje,none,-1.67,EUR,online,False
99abbcd26eb5444781b7330fc10e8f37,ff109f0c99a146e9bb9e30ccfac01582,none,2025-09-11,Starbucks,none,-2.49,EUR,online,False
b8c70bdeeef649be8ab3b4b760263bee,8c1950bbf34d4de6adcf81d97399d701,none,2025-09-11,Vero Cafe,none,-1.67,EUR,online,False
e8e3467f680449b4987fa23853de93f5,00140a6c17ce4d3a9dd455073c5cac0a,none,2025-09-11,Reval Cafe,none,-1.49,EUR,online,False
62e6a14a6ee544089bb15d4a6d7793c2,ca0e28e500584f8ba9a0197c04959318,none,2025-09-11,Green Caffè Nero,none,-7.48,PLN,online,False
890bbacb321845ea99d843e322612877,c933b12ce50c48dcb4208e2d5fe59c4e,none,2025-09-11,Wayne's Coffee,none,-24.9,SEK,online,False
c7d29c350eb841c88d9a1f239fac2227,2901b5ccd9d84760926e25640dbb70cd,none,2025-09-11,Starbucks,none,-2.49,EUR,online,False
ac856bf6c0c54621834d2b11c5500c3e,7372a72bc03c4ab49492a481c2cfc7f5,none,2025-09-11,Costa Coffee,none,-1.67,EUR,online,False
da954e13e5a1439582b1075e1153f63b,3288ff86901143b4a34e39d56b72f0c9,none,2025-09-11,Padaria Portuguesa,none,-2.49,EUR,online,False
e01219b7475a4e3eb598a8c149634d45,ada3d0f52c0848b985022952fef7031f,none,2025-09-11,Starbucks,none,-2.49,EUR,online,False
83a51c1755dd450a8a8ddf0efdcb74dd,fb9a593b6b0c448d968616bb8aae9a60,none,2025-09-11,Kaffebrenneriet,none,-24.9,NOK,online,False
166e683d15894ceeb2f93889c876b938,0c47e3c72eec4c2286f2d2f04c5e8433,none,2025-09-11,Coffee Fellows,none,-2.49,EUR,online,False
6a24a05df9c0488ea4f41fedc3fd1c03,ad3b198a7f624730a942384dd064f051,none,2025-09-11,Illycaffè,none,-2.49,EUR,online,False
17a1b3e9172f471eb88bc99b47912275,7f516dc6ddf5450f86f30b9fe0ba67ea,none,2025-09-11,Baresso,none,-24.9,DKK,online,False
7525b59f384d48859a6f5bde828c7821,41e035480df54e979ecd6234c2010921,none,2025-09-11,Starbucks,none,-2.49,EUR,online,False
461a3526467843178e80f74f717fc607,3288ff86901143b4a34e39d56b72f0c9,none,2025-09-12,Levantamento,none,-20.0,EUR,online,False
f6cd8a2802c84f11b44848e60692e045,41e035480df54e979ecd6234c2010921,none,2025-09-12,Spotify,none,-17.990000000000002,EUR,online,False
e12a5fd9b8d64fff8134aef691e5bd2f,3288ff86901143b4a34e39d56b72f0c9,none,2025-09-12,iTunes,none,-17.990000000000002,EUR,online,False
b05d66e3c75245c1a6799ad5ee6d43ba,3288ff86901143b4a34e39d56b72f0c9,none,2025-09-12,Starbucks,none,-3.79,EUR,online,False
8fc0e0e7143a407280766dadb361317b,3288ff86901143b4a34e39d56b72f0c9,none,2025-09-12,Vodafone,none,-22.99,EUR,online,False
2cc1babcd095434bae2aa04802eb0a14,d8e85133189140ceb38926ca37c44c8d,none,2025-09-12,Atm Withdrawal,none,-20.0,GBP,online,False
b19562336ecc43409772ce8accc75fd5,d8e85133189140ceb38926ca37c44c8d,none,2025-09-12,Vodafone,none,-22.99,GBP,online,False
8ed454aa12bb49a9805810616bfdc6df,d8e85133189140ceb38926ca37c44c8d,none,2025-09-12,Bridge Cafe,none,-4.97,GBP,online,False
656fd81aa9cf42c9853c3e24c9b6db70,d8e85133189140ceb38926ca37c44c8d,none,2025-09-12,iTunes,none,-17.990000000000002,GBP,online,False
ebc8c9303b4741a28220d12990cb1be5,41e035480df54e979ecd6234c2010921,none,2025-09-12,Bridge Cafe,none,-4.97,EUR,online,False
91e0903a85dd4ab4a94e7d2fc00cdb33,7372a72bc03c4ab49492a481c2cfc7f5,none,2025-09-12,Lmt,none,-25.75,EUR,online,False
9d1016d8aea74981af62fb837c63491c,7372a72bc03c4ab49492a481c2cfc7f5,none,2025-09-12,Double Coffee,none,-5.57,EUR,online,False
7cc72c4a914940ff8a15c1c0af1e2b06,2901b5ccd9d84760926e25640dbb70cd,none,2025-09-12,Espresso House,none,-3.79,EUR,online,False
40ece06a3a6c42f6a780bd9822478b7b,7372a72bc03c4ab49492a481c2cfc7f5,none,2025-09-12,Skaidras Naudas Izņemšana,none,-20.0,EUR,online,False
932f732bc4df4ce68b7627718305985b,2901b5ccd9d84760926e25640dbb70cd,none,2025-09-12,Elisa,none,-22.99,EUR,online,False
a35156f0867d4c4e8c521b1ea36245fd,2901b5ccd9d84760926e25640dbb70cd,none,2025-09-12,Netflix,none,-15.99,EUR,online,False
dbf830191cdb42cf9b1d09592324570a,2901b5ccd9d84760926e25640dbb70cd,none,2025-09-12,Automaattinosto,none,-20.0,EUR,online,False
08bb1b4797f444eaa8e3b658a13f8a53,ad3b198a7f624730a942384dd064f051,none,2025-09-12,Netflix,none,-15.99,EUR,online,False
04e5e2e001114d47a7daa4b40f6a4caf,4fd04cb6bfc247ddb3f42419a347e9bc,none,2025-09-12,Netflix,none,-15.99,EUR,online,False
29660309c0374651bbef449c89e575e0,4fd04cb6bfc247ddb3f42419a347e9bc,none,2025-09-12,Cafetería,none,-3.79,EUR,online,False
88c25b646a8a4d62981affc7fb619100,4fd04cb6bfc247ddb3f42419a347e9bc,none,2025-09-12,Vodafone,none,-22.99,EUR,online,False
d0db7adbb8b045568a342c77a862baea,4fd04cb6bfc247ddb3f42419a347e9bc,none,2025-09-12,Retirada Efectivo,none,-20.0,EUR,online,False
2430fe052bcc4d60a8c1c4c1f40132b9,ad3b198a7f624730a942384dd064f051,none,2025-09-12,Autogrill,none,-3.79,EUR,online,False
428d588aba304032a9bf44bca37fcad8,ad3b198a7f624730a942384dd064f051,none,2025-09-12,Vodafone,none,-22.99,EUR,online,False
f5d74240ff344d698cb5dc24d7559a56,ad3b198a7f624730a942384dd064f051,none,2025-09-12,Prelievo Atm,none,-20.0,EUR,online,False
f1a0500920e240eb9e71ca4586c6691a,fb9a593b6b0c448d968616bb8aae9a60,none,2025-09-12,Godt Brød,none,-37.9,NOK,online,False
acbf815e5bd744dc8e00b2f73e5161a6,fb9a593b6b0c448d968616bb8aae9a60,none,2025-09-12,Telenor,none,-229.9,NOK,online,False
30813452af3144b7b51f48803051dd3c,fb9a593b6b0c448d968616bb8aae9a60,none,2025-09-12,Uttak Minibank,none,-200.0,NOK,online,False
22a971efd6e843d0932f0784304325e3,fb9a593b6b0c448d968616bb8aae9a60,none,2025-09-12,Spotify,none,-159.9,NOK,online,False
69d57ccc026e492cb1df7c34ef0ae053,f37690212445419c9e5d0fbbda82abc2,none,2025-09-12,Geldopname,none,-22.4,EUR,online,False
75825054991640d69302558c008ec0c5,f37690212445419c9e5d0fbbda82abc2,none,2025-09-12,De Laatste Kruimel,none,-5.57,EUR,online,False
dae06b4e9fbf48a0a3210f3113da48bb,c933b12ce50c48dcb4208e2d5fe59c4e,none,2025-09-12,Spotify,none,-159.9,SEK,online,False
97259504101d4bb2ab8114385d01253f,c933b12ce50c48dcb4208e2d5fe59c4e,none,2025-09-12,Telia,none,-229.9,SEK,online,False
54db5c7f4cd742018d1a0974dc1da299,c933b12ce50c48dcb4208e2d5fe59c4e,none,2025-09-12,Uttag,none,-200.0,SEK,online,False
1186213b121e435cbc8d134b85f11c28,ff109f0c99a146e9bb9e30ccfac01582,none,2025-09-12,Netflix,none,-15.99,EUR,online,False
55919bdca2564cbc8a0a41417f93dc74,ff109f0c99a146e9bb9e30ccfac01582,none,2025-09-12,Retrait D'espèces,none,-20.0,EUR,online,False
6e3f5cd375684318a49da6c4b43f1f05,ff109f0c99a146e9bb9e30ccfac01582,none,2025-09-12,Neuhaus,none,-3.79,EUR,online,False
fc23314c948a44a1b9cb71b1b865b3ea,ff109f0c99a146e9bb9e30ccfac01582,none,2025-09-12,Tele2 Belgium,none,-22.99,EUR,online,False
f21d2086e7344519aaa6ab56eb0a1770,f37690212445419c9e5d0fbbda82abc2,none,2025-09-12,Kpn,none,-25.75,EUR,online,False
61a762d9e3684dedb49cb176626cd405,7372a72bc03c4ab49492a481c2cfc7f5,none,2025-09-12,iTunes,none,-20.15,EUR,online,False
51c03e266cfc45b995f61f0f466e3bac,c933b12ce50c48dcb4208e2d5fe59c4e,none,2025-09-12,Starbucks,none,-37.9,SEK,online,False
8221085619764263969b16729c4ade87,41e035480df54e979ecd6234c2010921,none,2025-09-12,Vodafone,none,-22.99,EUR,online,False
dda4238f027e418498af3cac50ac8ecb,00140a6c17ce4d3a9dd455073c5cac0a,none,2025-09-12,Sularaha Väljavõtmine,none,-20.0,EUR,online,False
b5563382599f460282067004bf3b56ec,ada3d0f52c0848b985022952fef7031f,none,2025-09-12,Retrait D'espèces,none,-20.0,EUR,online,False
dd6f024e420641889b17a66a6ddf01c8,ada3d0f52c0848b985022952fef7031f,none,2025-09-12,Netflix,none,-15.99,EUR,online,False
da457da4ef0d4fef9582d5d2fccdc6ae,0c47e3c72eec4c2286f2d2f04c5e8433,none,2025-09-12,Vodafone,none,-22.99,EUR,online,False
218fe5af2ce44a5193bf0af950bdbda8,0c47e3c72eec4c2286f2d2f04c5e8433,none,2025-09-12,Maredo,none,-15.99,EUR,online,False
cf3f64cd3cdc444693ed940b00d0baab,d6cc56bc402a4685829f0de347af4c63,none,2025-09-12,Starbucks,none,-1.87,GBP,online,False
951783a06506489a8a7bfb4679f93efc,ca0e28e500584f8ba9a0197c04959318,none,2025-09-12,iTunes,none,-90.28,PLN,online,False
5b7369d232184bc4b0a7a97504743c58,f37690212445419c9e5d0fbbda82abc2,none,2025-09-12,iTunes,none,-20.15,EUR,online,False
d90093e9b7734a018144deaa5499f0bb,7f516dc6ddf5450f86f30b9fe0ba67ea,none,2025-09-12,Kontanthævning,none,-200.0,DKK,online,False
c786cbcb85d046c28abf728fc574447c,7f516dc6ddf5450f86f30b9fe0ba67ea,none,2025-09-12,Telia,none,-229.9,DKK,online,False
a17170ea4fc24b3a8ea4c3d978c0ea5d,7f516dc6ddf5450f86f30b9fe0ba67ea,none,2025-09-12,Netflix,none,-159.9,DKK,online,False
a69f8eaeed9f4c7d8257d51c7e0d3c6f,ca0e28e500584f8ba9a0197c04959318,none,2025-09-12,Wypłata Gotówki Z Bankomatu,none,-100.4,PLN,online,False
7e27b1efccca4619b12751133fd17dc5,ada3d0f52c0848b985022952fef7031f,none,2025-09-12,Bouygues Telecom,none,-22.99,EUR,online,False
73c64b7cef1a467ab9f4ced510c871b9,00140a6c17ce4d3a9dd455073c5cac0a,none,2025-09-12,iTunes,none,-17.990000000000002,EUR,online,False
2ca616a6fa85477ca4b05968610e4d1a,ca0e28e500584f8ba9a0197c04959318,none,2025-09-12,Chleb I Wino,none,-24.95,PLN,online,False
1e5a94bb5773496ca8020919f9b6579d,ca0e28e500584f8ba9a0197c04959318,none,2025-09-12,Play,none,-115.35,PLN,online,False
7093baea5a794346adbeee7f63a981d4,41e035480df54e979ecd6234c2010921,none,2025-09-12,Atm Withdrawal,none,-20.0,EUR,online,False
9c54d34a99b846a2a2d4e99c7d1192e9,8c1950bbf34d4de6adcf81d97399d701,none,2025-09-12,iTunes,none,-20.15,EUR,online,False
ac747a271b0c4972bcfc6177c1c4e0fc,8c1950bbf34d4de6adcf81d97399d701,none,2025-09-12,Grynųjų Išėmimas,none,-20.0,EUR,online,False
cc62790e3fc84e008db0c77184c2f335,8c1950bbf34d4de6adcf81d97399d701,none,2025-09-12,Telia,none,-25.75,EUR,online,False
ce732b5ba61c44ec846f5ea483e1adaf,8c1950bbf34d4de6adcf81d97399d701,none,2025-09-12,Vero Cafe,none,-5.57,EUR,online,False
30734290171f4bc3b10f41812d41e38d,00140a6c17ce4d3a9dd455073c5cac0a,none,2025-09-12,Kohvik August,none,-4.97,EUR,online,False
271dea653a1c4bafb6ceacfab32656e2,7f516dc6ddf5450f86f30b9fe0ba67ea,none,2025-09-12,Starbucks,none,-37.9,DKK,online,False
b6332f26d2ce4c939490b4ffe1ce6dd6,0c47e3c72eec4c2286f2d2f04c5e8433,none,2025-09-12,Starbucks,none,-3.79,EUR,online,False
707c6fd8e45c46c28bc00c91a54140a3,0c47e3c72eec4c2286f2d2f04c5e8433,none,2025-09-12,Bargeldauszahlung,none,-20.0,EUR,online,False
62d35e78d7b64aa6b9cb8625cecc45d0,00140a6c17ce4d3a9dd455073c5cac0a,none,2025-09-12,Tele2,none,-22.99,EUR,online,False
6f3a1294e8dd4b7cb02d7bd332d6ddd2,ada3d0f52c0848b985022952fef7031f,none,2025-09-12,Segafredo,none,-3.79,EUR,online,False
857530fdb780474bac7815b48f9c06e7,2901b5ccd9d84760926e25640dbb70cd,none,2025-09-15,HSL,none,-27.9,EUR,online,False
76a1e6fe25e147748f7a5c21fdfc6a4b,0c47e3c72eec4c2286f2d2f04c5e8433,none,2025-09-15,Flixbus,none,-27.9,EUR,online,False
1fda7525cc164bf3bb2e5600808e21bc,ca0e28e500584f8ba9a0197c04959318,none,2025-09-15,Żabka,none,-87.05,PLN,online,False
a4e5a7d78ac840ec9a4e496c31e36c68,ca0e28e500584f8ba9a0197c04959318,none,2025-09-15,Orlen,none,-200.8,PLN,online,False
cb116a5ef4694684b80f23106976af64,ca0e28e500584f8ba9a0197c04959318,none,2025-09-15,Pyszne.pl,none,-150.44,PLN,online,False
dfd3d5b025d0432b989bb22af7f29952,ca0e28e500584f8ba9a0197c04959318,none,2025-09-15,Pkp,none,-139.95000000000002,PLN,online,False
6407bd9a78bb491ebc72f984cf08f53f,f37690212445419c9e5d0fbbda82abc2,none,2025-09-15,Ns Treinen,none,-31.24,EUR,online,False
53e4d1455df843f8934c7ec996a1060c,f37690212445419c9e5d0fbbda82abc2,none,2025-09-15,Hellofresh,none,-33.58,EUR,online,False
b1fb67aa2ba140619cbfc9b11c9d04f5,4fd04cb6bfc247ddb3f42419a347e9bc,none,2025-09-15,Dia,none,-29.99,EUR,online,False
7f545fe807ec43ae84b22e447a2fb5a5,4fd04cb6bfc247ddb3f42419a347e9bc,none,2025-09-15,Repsol,none,-40.0,EUR,online,False
7ad564e774414ff5b91fd289ee662ded,4fd04cb6bfc247ddb3f42419a347e9bc,none,2025-09-15,Aldi,none,-17.330000000000002,EUR,online,False
618d220a365a4e649aa79e9fedd019e9,4fd04cb6bfc247ddb3f42419a347e9bc,none,2025-09-15,Metro Madrid,none,-27.9,EUR,online,False
e5c067a0980f44f784246bed5b7b49ee,2901b5ccd9d84760926e25640dbb70cd,none,2025-09-15,K-Citymarket,none,-29.99,EUR,online,False
a18058e16ffc4a1f89562ec85ff34585,2901b5ccd9d84760926e25640dbb70cd,none,2025-09-15,Neste,none,-40.0,EUR,online,False
62c05aa2756e437493fc7c40bead254f,7f516dc6ddf5450f86f30b9fe0ba67ea,none,2025-09-15,Superbrugsen,none,-173.3,DKK,online,False
22585796cd42433bb1f5a2cb1bf38333,2901b5ccd9d84760926e25640dbb70cd,none,2025-09-15,S-Market,none,-17.330000000000002,EUR,online,False
4ace41e507b7428d94df50d8beb8474f,0c47e3c72eec4c2286f2d2f04c5e8433,none,2025-09-15,Rewe,none,-17.330000000000002,EUR,online,False
7874eee0a0d14416a90e3799d1e86ac1,0c47e3c72eec4c2286f2d2f04c5e8433,none,2025-09-15,Edeka,none,-29.99,EUR,online,False
4115a479e485453dabd10e3bbad67317,7f516dc6ddf5450f86f30b9fe0ba67ea,none,2025-09-15,Fakta,none,-299.90000000000003,DKK,online,False
085d85a996094a3f936ef729a17d6eb0,3288ff86901143b4a34e39d56b72f0c9,none,2025-09-15,Repso,none,-40.0,EUR,online,False
13e321d07a6f40be852b3a11faa11106,7f516dc6ddf5450f86f30b9fe0ba67ea,none,2025-09-15,Shell,none,-400.0,DKK,online,False
d5cf48f0a6e8452caadb694e897d35a5,41e035480df54e979ecd6234c2010921,none,2025-09-15,Irish Rail,none,-27.9,EUR,online,False
a4a34d786d4d4fe1b9e3f70fed97ad7b,41e035480df54e979ecd6234c2010921,none,2025-09-15,Texaco,none,-40.0,EUR,online,False
a3723c6ecf844f05be20728d1de9091f,41e035480df54e979ecd6234c2010921,none,2025-09-15,Tesco Store,none,-29.99,EUR,online,False
6b52911fbc44460c8701bc36c9e0d9a8,41e035480df54e979ecd6234c2010921,none,2025-09-15,Supervalu,none,-17.330000000000002,EUR,online,False
f3f09e0168d44e4da6ef11c0124f0457,8c1950bbf34d4de6adcf81d97399d701,none,2025-09-15,Lietuvos Geležinkeliai,none,-31.24,EUR,online,False
db12aab1cf2842729311b393b88c8170,8c1950bbf34d4de6adcf81d97399d701,none,2025-09-15,Wolt,none,-33.58,EUR,online,False
2bbf4d0ed3334ce8b0786b91fd5bb285,8c1950bbf34d4de6adcf81d97399d701,none,2025-09-15,Circle K,none,-44.8,EUR,online,False
178958ab536c484b9835f67af5517d23,8c1950bbf34d4de6adcf81d97399d701,none,2025-09-15,Iki,none,-19.45,EUR,online,False
bb1754fccbc04919a4205c44db8d1ab5,7372a72bc03c4ab49492a481c2cfc7f5,none,2025-09-15,Pasažieru Vilciens,none,-31.24,EUR,online,False
9f3e5d1145a9418ea24f57558a5a1369,7372a72bc03c4ab49492a481c2cfc7f5,none,2025-09-15,Circle K,none,-44.8,EUR,online,False
81656d01122242fea60e01e2c6fe1899,7372a72bc03c4ab49492a481c2cfc7f5,none,2025-09-15,Rimi,none,-19.45,EUR,online,False
64b8dca5ebfe4de895a98e872884080b,7372a72bc03c4ab49492a481c2cfc7f5,none,2025-09-15,Wolt,none,-33.58,EUR,online,False
17e311509ff44ff295814f0d09538ffc,fb9a593b6b0c448d968616bb8aae9a60,none,2025-09-15,Kiwi,none,-173.3,NOK,online,False
44e1e4a771fe4b91ae5f07957cee9ffc,fb9a593b6b0c448d968616bb8aae9a60,none,2025-09-15,Rema 1000,none,-299.90000000000003,NOK,online,False
a3c63224d2214b319a56bbac37ef5638,fb9a593b6b0c448d968616bb8aae9a60,none,2025-09-15,Shell,none,-400.0,NOK,online,False
cd0405985da44256a840d379f83411e7,fb9a593b6b0c448d968616bb8aae9a60,none,2025-09-15,Skyss,none,-279.0,NOK,online,False
00a3dd39a0054e5185eae47e5eddacf2,ada3d0f52c0848b985022952fef7031f,none,2025-09-15,Carrefour,none,-29.99,EUR,online,False
1ddbec9e179b4b8e9364079fbde867c3,ada3d0f52c0848b985022952fef7031f,none,2025-09-15,Eurostar,none,-27.9,EUR,online,False
43de606fba614261ba427683e1147cba,ada3d0f52c0848b985022952fef7031f,none,2025-09-15,Bp,none,-40.0,EUR,online,False
c44f0ea9446b4c1f8987ba9264706505,ada3d0f52c0848b985022952fef7031f,none,2025-09-15,Intermarché,none,-17.330000000000002,EUR,online,False
917d0ebf34144ff1b16d0604f92514ca,ad3b198a7f624730a942384dd064f051,none,2025-09-15,Coop,none,-17.330000000000002,EUR,online,False
6d55bbc85b1a4572bbfcdf27b2e1351f,ad3b198a7f624730a942384dd064f051,none,2025-09-15,Esso,none,-40.0,EUR,online,False
6052b12f56394d6c84fda9b4b58b23f5,ad3b198a7f624730a942384dd064f051,none,2025-09-15,Esselunga,none,-29.99,EUR,online,False
e5253c1d96654c5890056e5f9e4671fb,c933b12ce50c48dcb4208e2d5fe59c4e,none,2025-09-15,Hemköp,none,-173.3,SEK,online,False
523d14ffeaff40d3b7b4267603ad1db7,ad3b198a7f624730a942384dd064f051,none,2025-09-15,Atac,none,-27.9,EUR,online,False
3858472ec39946ec98cad24607dd94f5,7f516dc6ddf5450f86f30b9fe0ba67ea,none,2025-09-15,Dsb,none,-279.0,DKK,online,False
da0f381fde8d452a81a8c0b6975ef6e8,c933b12ce50c48dcb4208e2d5fe59c4e,none,2025-09-15,Ica,none,-299.90000000000003,SEK,online,False
684b94341d13471b92895da38022fcd9,0c47e3c72eec4c2286f2d2f04c5e8433,none,2025-09-15,Jet Tankstelle,none,-40.0,EUR,online,False
281ef52118354b64bad553f9cec5effa,c933b12ce50c48dcb4208e2d5fe59c4e,none,2025-09-15,Shell,none,-400.0,SEK,online,False
96160c7420c5446a92f1ed7317da2d87,ff109f0c99a146e9bb9e30ccfac01582,none,2025-09-15,Sncb,none,-27.9,EUR,online,False
4145c50d0bfd4191b242eedefd55ec48,00140a6c17ce4d3a9dd455073c5cac0a,none,2025-09-15,Säästumarket,none,-17.330000000000002,EUR,online,False
7057740e29bd4a9b8f2a98a37229bcdc,00140a6c17ce4d3a9dd455073c5cac0a,none,2025-09-15,Alexela,none,-40.0,EUR,online,False
cc16717d95914b219edc13fcd272ab60,00140a6c17ce4d3a9dd455073c5cac0a,none,2025-09-15,Bolt Food,none,-29.99,EUR,online,False
fe869e79b4d54e08bc68bdb70e24dc65,00140a6c17ce4d3a9dd455073c5cac0a,none,2025-09-15,Elron,none,-27.9,EUR,online,False
a0d11283c8a24b99bd4fce6f95074967,f37690212445419c9e5d0fbbda82abc2,none,2025-09-15,Jumbo,none,-19.45,EUR,online,False
662f546247734ecfae4976accfbf9475,ff109f0c99a146e9bb9e30ccfac01582,none,2025-09-15,Spar,none,-17.330000000000002,EUR,online,False
a5737ffbb14b4df9b5bb72eae3b37886,f37690212445419c9e5d0fbbda82abc2,none,2025-09-15,Shell,none,-44.8,EUR,online,False
c6031fea8f204694b75c3da6b68a80e5,3288ff86901143b4a34e39d56b72f0c9,none,2025-09-15,Metro Lisboa,none,-27.9,EUR,online,False
0f1ddfbc161a4e0d8af6b5babb77488d,d8e85133189140ceb38926ca37c44c8d,none,2025-09-15,Hello Fresh,none,-29.99,GBP,online,False
5d2eae101910400fb0567d055bfb1002,d8e85133189140ceb38926ca37c44c8d,none,2025-09-15,Tfl Rail,none,-27.9,GBP,online,False
90dc122d11e94b28b0f172e166ff7b19,d8e85133189140ceb38926ca37c44c8d,none,2025-09-15,Texaco,none,-40.0,GBP,online,False
c23834927ca04d52bd6293ea65bad34f,d8e85133189140ceb38926ca37c44c8d,none,2025-09-15,Sainsburys,none,-17.330000000000002,GBP,online,False
a842eb6348234ac0b0b6cd7e0c9cce1d,3288ff86901143b4a34e39d56b72f0c9,none,2025-09-15,Pingo Doce,none,-17.330000000000002,EUR,online,False
57610b02a3d44008bed88a7512d68c77,c933b12ce50c48dcb4208e2d5fe59c4e,none,2025-09-15,Storstockholms Lokaltrafik,none,-279.0,SEK,online,False
60d7505997b84460904bf0ce7e44bfc9,ff109f0c99a146e9bb9e30ccfac01582,none,2025-09-15,Esso,none,-40.0,EUR,online,False
eae07ad5e1834c92bba424de8d48cd1b,ff109f0c99a146e9bb9e30ccfac01582,none,2025-09-15,Carrefour,none,-29.99,EUR,online,False
f7b2cdfd91564b278844a1bd7ef1bca5,7f516dc6ddf5450f86f30b9fe0ba67ea,none,2025-09-16,Elgiganten,none,-1299.9,DKK,online,False
3e2b65cb140e427ca844fa1ba654d548,2901b5ccd9d84760926e25640dbb70cd,none,2025-09-16,Verkkokauppa.com,none,-129.99,EUR,online,False
156affa597774cef809e2cee329d2dcb,f37690212445419c9e5d0fbbda82abc2,none,2025-09-16,Mediamarkt,none,-145.59,EUR,online,False
dcd8821337b84a14af241293901059db,ff109f0c99a146e9bb9e30ccfac01582,none,2025-09-16,Coolblue,none,-129.99,EUR,online,False
697e3925da794626bed7e6f821a6eca4,7372a72bc03c4ab49492a481c2cfc7f5,none,2025-09-16,Rd Electronics,none,-145.59,EUR,online,False
cf00cd75ef564d36baa05e08f88934e3,0c47e3c72eec4c2286f2d2f04c5e8433,none,2025-09-16,Mediamarkt,none,-129.99,EUR,online,False
263e0d9d69a1458482813e9cf3d1a6f2,3288ff86901143b4a34e39d56b72f0c9,none,2025-09-16,Worten,none,-129.99,EUR,online,False
232679372e1945c8bf6409490b6cc0a7,fb9a593b6b0c448d968616bb8aae9a60,none,2025-09-16,Elkjøp,none,-1299.9,NOK,online,False
b7753ce5e78f4831b7189e386c415afc,d8e85133189140ceb38926ca37c44c8d,none,2025-09-16,Currys Pc World,none,-129.99,GBP,online,False
3485d96df8ac431a8aa6ff1f3e7133e6,ada3d0f52c0848b985022952fef7031f,none,2025-09-16,Darty,none,-129.99,EUR,online,False
00f72cb7b46046938d68329d7a9a0cad,8c1950bbf34d4de6adcf81d97399d701,none,2025-09-16,Topo Centras,none,-145.59,EUR,online,False
bf00f1947f2a41d5bd1fda363324c098,00140a6c17ce4d3a9dd455073c5cac0a,none,2025-09-16,Euronics,none,-129.99,EUR,online,False
7e9405775d614f7681631406b97be82c,ca0e28e500584f8ba9a0197c04959318,none,2025-09-16,Media Markt,none,-652.29,PLN,online,False
bcb3ad861a9543d1886409eb4e755414,c933b12ce50c48dcb4208e2d5fe59c4e,none,2025-09-16,Clas Ohlson,none,-1299.9,SEK,online,False
e845a101abaf40beb9d1b4ca9c0aec96,41e035480df54e979ecd6234c2010921,none,2025-09-16,Currys Pc World,none,-129.99,EUR,online,False
d320c3df0ddc40e48fa8cf11754fd571,4fd04cb6bfc247ddb3f42419a347e9bc,none,2025-09-16,Media Markt,none,-129.99,EUR,online,False
02b607dbf37e449d90708f22f03316f6,ad3b198a7f624730a942384dd064f051,none,2025-09-16,Euronics,none,-129.99,EUR,online,False
6512652c47434830b49d9127a8af53e7,7f516dc6ddf5450f86f30b9fe0ba67ea,none,2025-09-17,Svane Apotek,none,-37.9,DKK,online,False
63cf156eee8e42c99ed20d65831763c0,00140a6c17ce4d3a9dd455073c5cac0a,none,2025-09-17,Netflix,none,-11.99,EUR,online,False
3b90af66da9a4e068599bfaa323d4481,ad3b198a7f624730a942384dd064f051,none,2025-09-17,Spotify,none,-13.99,EUR,online,False
72c3b5ded9f54a4ab22c937fbec17903,ad3b198a7f624730a942384dd064f051,none,2025-09-17,Farmacie Apoteca Natura,none,-3.79,EUR,online,False
0139da0cfb5c47179a3f14c4461c6e34,d8e85133189140ceb38926ca37c44c8d,none,2025-09-17,Netflix,none,-11.99,GBP,online,False
2f93390ae78c421d99c11f4f609c054f,f37690212445419c9e5d0fbbda82abc2,none,2025-09-17,Netflix,none,-13.43,EUR,online,False
bdd0cdce1b6f488891387542cdc60594,c933b12ce50c48dcb4208e2d5fe59c4e,none,2025-09-17,Apoteket Hjärtat,none,-37.9,SEK,online,False
faaf3ad486904dc1b4a897565e609a56,c933b12ce50c48dcb4208e2d5fe59c4e,none,2025-09-17,Netflix,none,-139.9,SEK,online,False
288d8ec2aaea4783bea612ea64b1dfca,ada3d0f52c0848b985022952fef7031f,none,2025-09-17,Pharmacie Des Champs Elysees,none,-3.79,EUR,online,False
76cb5d3fae824bc0868772ade2fd2f92,4fd04cb6bfc247ddb3f42419a347e9bc,none,2025-09-17,Farmacia,none,-3.79,EUR,online,False
963a9fdef2cf4927943b3675aed2e211,7f516dc6ddf5450f86f30b9fe0ba67ea,none,2025-09-17,Spotify,none,-139.9,DKK,online,False
3c0f2d8e6eea4761a893267feb18eb8a,ada3d0f52c0848b985022952fef7031f,none,2025-09-17,Spotify,none,-13.99,EUR,online,False
7930b6b064bc4ed68017a0c36828490d,7372a72bc03c4ab49492a481c2cfc7f5,none,2025-09-17,Netflix,none,-13.43,EUR,online,False
50c2522f6bbe4ce6b96bd7350d42a76f,fb9a593b6b0c448d968616bb8aae9a60,none,2025-09-17,Apotek 1,none,-37.9,NOK,online,False
a0e71570a4674a00ae2a220c4faefb52,ca0e28e500584f8ba9a0197c04959318,none,2025-09-17,Netflix,none,-60.17,PLN,online,False
97d69f30a1c848e98c6b445abf727d3a,0c47e3c72eec4c2286f2d2f04c5e8433,none,2025-09-17,Adler Apotheke,none,-3.79,EUR,online,False
28dfa35722cf48979acfb0aaed71bfa0,fb9a593b6b0c448d968616bb8aae9a60,none,2025-09-17,Tv2 Sumo,none,-139.9,NOK,online,False
5cbca2ba462949968773ee9470247ef0,41e035480df54e979ecd6234c2010921,none,2025-09-17,Netflix,none,-11.99,EUR,online,False
0d8b5a13e1d04f0587fd997085a915d4,0c47e3c72eec4c2286f2d2f04c5e8433,none,2025-09-17,Spotify,none,-13.99,EUR,online,False
829d9bd46a834ea18fcaaaf880cd5de1,41e035480df54e979ecd6234c2010921,none,2025-09-17,Boots Pharmacy,none,-3.79,EUR,online,False
db8a03b58a0b4976b523934a54851c16,8c1950bbf34d4de6adcf81d97399d701,none,2025-09-17,Netflix,none,-13.43,EUR,online,False
321238c6d37c413ab9a2534d4539927e,ff109f0c99a146e9bb9e30ccfac01582,none,2025-09-17,Pharmacie,none,-3.79,EUR,online,False
baa2db375b67457c975173164246421a,4fd04cb6bfc247ddb3f42419a347e9bc,none,2025-09-17,iTunes,none,-13.99,EUR,online,False
f7d0805fd1a34a1c90a10435c722b7cc,ff109f0c99a146e9bb9e30ccfac01582,none,2025-09-17,Spotify,none,-13.99,EUR,online,False
cb4231d53853443fa4d5cf88745fac00,3288ff86901143b4a34e39d56b72f0c9,none,2025-09-17,Netflix,none,-11.99,EUR,online,False
e7174d7b5cdc40708e9c9e37f2cbc28b,2901b5ccd9d84760926e25640dbb70cd,none,2025-09-17,Yliopiston Apteekki,none,-3.79,EUR,online,False
b31ef5678da64ebda702428f969475a1,2901b5ccd9d84760926e25640dbb70cd,none,2025-09-17,Spotify,none,-13.99,EUR,online,False
ad99a11b2cd84101bec3b58032daadd7,3288ff86901143b4a34e39d56b72f0c9,none,2025-09-17,Wells,none,-3.79,EUR,online,False
d4f7ea264a0a44b7aa90f6490e79cbcd,ad3b198a7f624730a942384dd064f051,none,2025-09-18,Illycaffè,none,-2.49,EUR,online,False
f4c882fd237f4ee8abdb0ee608b2a766,3288ff86901143b4a34e39d56b72f0c9,none,2025-09-18,Padaria Portuguesa,none,-2.49,EUR,online,False
54d19225ac344ed98a0e4f3727af0bc9,ad3b198a7f624730a942384dd064f051,none,2025-09-18,La Vineria,none,-8.68,EUR,online,False
d0a8fec29e2141718b320265b8a73716,41e035480df54e979ecd6234c2010921,none,2025-09-18,Starbucks,none,-2.49,EUR,online,False
8303e0878f264cb9bb05ad006502a419,41e035480df54e979ecd6234c2010921,none,2025-09-18,Red Lion Pub,none,-8.68,EUR,online,False
75cc7b91997943ffa40a08a09cecbdbb,3288ff86901143b4a34e39d56b72f0c9,none,2025-09-18,Clube Ferroviário,none,-8.68,EUR,online,False
97a21b10899440cdaedce1313b8c927d,fb9a593b6b0c448d968616bb8aae9a60,none,2025-09-18,Egon,none,-86.80000000000001,NOK,online,False
fda43c9725cc4713b4de0a40a0952b4a,ada3d0f52c0848b985022952fef7031f,none,2025-09-18,Starbucks,none,-2.49,EUR,online,False
b87628a747e24662968992f62c92ffdc,ca0e28e500584f8ba9a0197c04959318,none,2025-09-18,Pub Barka,none,-43.53,PLN,online,False
af446d23320745d199b7f13be143b41b,8c1950bbf34d4de6adcf81d97399d701,none,2025-09-18,Gringo,none,-9.72,EUR,online,False
0a4186333ac44217b4ca67d9f47fa65b,ada3d0f52c0848b985022952fef7031f,none,2025-09-18,Bar De La Marine,none,-8.68,EUR,online,False
88e7338fab0b421382e0c1880bebd9db,8c1950bbf34d4de6adcf81d97399d701,none,2025-09-18,Vero Cafe,none,-1.67,EUR,online,False
3373a5d70a53415dab22e7016329f4ef,fb9a593b6b0c448d968616bb8aae9a60,none,2025-09-18,Kaffebrenneriet,none,-24.9,NOK,online,False
52a9f58d426a4af19142247e2a69d3bb,7372a72bc03c4ab49492a481c2cfc7f5,none,2025-09-18,Costa Coffee,none,-1.67,EUR,online,False
e3bcf38024c849ff99e0a3789009c4dd,7372a72bc03c4ab49492a481c2cfc7f5,none,2025-09-18,Folkklubs Ala Pagrabs,none,-9.72,EUR,online,False
6293b7a522574b3886753f567b6dde95,d8e85133189140ceb38926ca37c44c8d,none,2025-09-18,Red Lion Pub,none,-8.68,GBP,online,False
b2c0bc33260b4e7ca53b8c45a3cce438,d8e85133189140ceb38926ca37c44c8d,none,2025-09-18,Pret,none,-1.49,GBP,online,False
2f10f7d8cc36413f8493e9586b105b63,7f516dc6ddf5450f86f30b9fe0ba67ea,none,2025-09-18,Jensens Bøfhus,none,-86.80000000000001,DKK,online,False
fc43d7235ba146d3b86810c4f9e45acf,7f516dc6ddf5450f86f30b9fe0ba67ea,none,2025-09-18,Baresso,none,-24.9,DKK,online,False
27040a27b66849429204cf20f94d32d4,ca0e28e500584f8ba9a0197c04959318,none,2025-09-18,Green Caffè Nero,none,-7.48,PLN,online,False
7324fa63901b4494a34a73f9b3386a50,c933b12ce50c48dcb4208e2d5fe59c4e,none,2025-09-18,Wayne's Coffee,none,-24.9,SEK,online,False
c273c1d20e4c4cdb826da726fb4baa98,f37690212445419c9e5d0fbbda82abc2,none,2025-09-18,De Drie Gezusters,none,-9.72,EUR,online,False
8ac79aec23c94f5ebb068cc43873de9f,4fd04cb6bfc247ddb3f42419a347e9bc,none,2025-09-18,Starbucks,none,-2.49,EUR,online,False
b0c1311843af49fa86e1cd6acc9d499c,ff109f0c99a146e9bb9e30ccfac01582,none,2025-09-18,Hof Van Cleve,none,-8.68,EUR,online,False
fcfaf9d509cd41f2bcf0b01b78bc7fee,4fd04cb6bfc247ddb3f42419a347e9bc,none,2025-09-18,Lizarran,none,-8.68,EUR,online,False
8ced7dddb934402eaa3a17ac12f4915b,0c47e3c72eec4c2286f2d2f04c5e8433,none,2025-09-18,Bar Celona,none,-8.68,EUR,online,False
474e8bc63b0b4ae8b1b09eba235b3a29,0c47e3c72eec4c2286f2d2f04c5e8433,none,2025-09-18,Coffee Fellows,none,-2.49,EUR,online,False
d335fbfd378e47a882067bf13848cc05,2901b5ccd9d84760926e25640dbb70cd,none,2025-09-18,Starbucks,none,-2.49,EUR,online,False
bba7f340f86640fa80ee9228789fc2b6,00140a6c17ce4d3a9dd455073c5cac0a,none,2025-09-18,Põrgu Pub,none,-8.68,EUR,online,False
75cc177a542c45c2aa68b7dbcd317c99,00140a6c17ce4d3a9dd455073c5cac0a,none,2025-09-18,Reval Cafe,none,-1.49,EUR,online,False
6b3ef3f193e34d279c40982a0dec266d,c933b12ce50c48dcb4208e2d5fe59c4e,none,2025-09-18,The Bishops Arms,none,-86.80000000000001,SEK,online,False
14f26c771909428c86fddfd461362d50,ff109f0c99a146e9bb9e30ccfac01582,none,2025-09-18,Starbucks,none,-2.49,EUR,online,False
41816ad347a84dfe891f0d8ce1cbd828,f37690212445419c9e5d0fbbda82abc2,none,2025-09-18,Broodje Van Dootje,none,-1.67,EUR,online,False
7266b8735e0f40878deb6572e3a88267,2901b5ccd9d84760926e25640dbb70cd,none,2025-09-18,Molly Malone's,none,-8.68,EUR,online,False
929313b777df4188a4b244220035f14f,7f516dc6ddf5450f86f30b9fe0ba67ea,none,2025-09-19,Mikkeller Bar,none,-249.6,DKK,online,False
efd77e6c94f140379bae5600168cc20a,7372a72bc03c4ab49492a481c2cfc7f5,none,2025-09-19,Folkklubs Ala Pagrabs,none,-27.95,EUR,online,False
193e19adb2aa4c969c6abde227939c9f,ada3d0f52c0848b985022952fef7031f,none,2025-09-19,The Frogs & Princess,none,-24.96,EUR,online,False
27fd15b5daa945f7acb510dff1cb7256,2901b5ccd9d84760926e25640dbb70cd,none,2025-09-19,Brewdog,none,-24.96,EUR,online,False
869873dabe2f465cb9b44e0f855a443c,ff109f0c99a146e9bb9e30ccfac01582,none,2025-09-19,Le Pecheur Nord,none,-24.96,EUR,online,False
e6dbbbf4185f440498ff90fe95e90dcf,c933b12ce50c48dcb4208e2d5fe59c4e,none,2025-09-19,Hirschenkeller,none,-249.6,SEK,online,False
187afcc77cdc4f3883d7e0243334b768,0c47e3c72eec4c2286f2d2f04c5e8433,none,2025-09-19,Sausalitos,none,-24.96,EUR,online,False
fb77b14065754456882a3ec9a4caea4d,ca0e28e500584f8ba9a0197c04959318,none,2025-09-19,Kufle I Kapsle,none,-125.22,PLN,online,False
8314af0953f34d7c8c4462ad5f76a04d,3288ff86901143b4a34e39d56b72f0c9,none,2025-09-19,Cervejaria Musa,none,-24.96,EUR,online,False
5846f822b42041babed86332eb5c7d4d,41e035480df54e979ecd6234c2010921,none,2025-09-19,Temple Bar,none,-24.96,EUR,online,False
07213556e2054f98b27540f3a1109225,f37690212445419c9e5d0fbbda82abc2,none,2025-09-19,J.D. Wetherspoon,none,-27.95,EUR,online,False
2285e3dc1ff74e38b2562a0d8808c5a1,fb9a593b6b0c448d968616bb8aae9a60,none,2025-09-19,The Scotsman,none,-249.6,NOK,online,False
7096e3bc6f4048e491ee4769373b777b,8c1950bbf34d4de6adcf81d97399d701,none,2025-09-19,Bix,none,-27.95,EUR,online,False
981ed216bd85481d9843b76f4721cc5a,d8e85133189140ceb38926ca37c44c8d,none,2025-09-19,Jd Wetherspoons,none,-24.96,GBP,online,False
acda4f845027408c8ee8281409a36329,4fd04cb6bfc247ddb3f42419a347e9bc,none,2025-09-19,100 Montaditos,none,-24.96,EUR,online,False
6587512ae0e847e8bb68041c705efef1,00140a6c17ce4d3a9dd455073c5cac0a,none,2025-09-19,Von Krahli Baar,none,-24.96,EUR,online,False
e07c1b3339a04916b3b75e205bf2c06b,ad3b198a7f624730a942384dd064f051,none,2025-09-19,L'antica Birreria Peroni,none,-24.96,EUR,online,False
40d5f7c41ffa4c8188c6bfb0963b2fa3,d6cc56bc402a4685829f0de347af4c63,none,2025-09-19,Starbucks,none,-1.87,GBP,online,False
fa73ae25ffda46ef96a5478866a00f8e,3288ff86901143b4a34e39d56b72f0c9,none,2025-09-20,Lidl,none,-19.67,EUR,online,False
84b99cf6e18a4db4bd31c1b73c3b9e8e,2901b5ccd9d84760926e25640dbb70cd,none,2025-09-20,Vr,none,-12.9,EUR,online,False
be801ede57ed4bf4b1e8a884f187dd3d,ad3b198a7f624730a942384dd064f051,none,2025-09-20,Flixbus,none,-12.9,EUR,online,False
9d6fc675e63d4f02b8eff3809503e918,7372a72bc03c4ab49492a481c2cfc7f5,none,2025-09-20,Pasažieru Vilciens,none,-14.45,EUR,online,False
f45274911ab94aa3930923f4c2e13bdd,7372a72bc03c4ab49492a481c2cfc7f5,none,2025-09-20,-22.03,none,-22.03,EUR,online,False
d7078a3f116d49eca27d447912c96c21,ad3b198a7f624730a942384dd064f051,none,2025-09-20,EuroSpin,none,-19.67,EUR,online,False
939a496d76fe4ce9acd9148f65d3cf19,ca0e28e500584f8ba9a0197c04959318,none,2025-09-20,Lidl,none,-98.68,PLN,online,False
dff4b1f76d314476b3943e76c778c082,2901b5ccd9d84760926e25640dbb70cd,none,2025-09-20,K-Supermarket,none,-19.67,EUR,online,False
a5579cbf793e4250ac5534a71f967a93,ff109f0c99a146e9bb9e30ccfac01582,none,2025-09-20,Veepee,none,-19.67,EUR,online,False
f138e4b56db14e57a36eed75c6082555,d8e85133189140ceb38926ca37c44c8d,none,2025-09-20,Great Western Railway,none,-12.9,GBP,online,False
aba8aeb98c8b42dbab29dfd0e4825292,ff109f0c99a146e9bb9e30ccfac01582,none,2025-09-20,Flixbus,none,-12.9,EUR,online,False
775a56c40a324601883a1912d8f5634d,00140a6c17ce4d3a9dd455073c5cac0a,none,2025-09-20,Lidl,none,-19.67,EUR,online,False
90027095c411446298c7f42d7ac0f01e,0c47e3c72eec4c2286f2d2f04c5e8433,none,2025-09-20,Lidl,none,-19.67,EUR,online,False
d81167683cd444e488af07780506cfed,0c47e3c72eec4c2286f2d2f04c5e8433,none,2025-09-20,Deutsche Bahn,none,-12.9,EUR,online,False
f53d31daa7814b319912a17ebd03e67d,3288ff86901143b4a34e39d56b72f0c9,none,2025-09-20,Zara,none,-12.9,EUR,online,False
acf6e7c200c847a4a78b51bb2255ae36,c933b12ce50c48dcb4208e2d5fe59c4e,none,2025-09-20,Lidl,none,-196.7,SEK,online,False
bcfc9a35e9024f399fd8750bc0db5cfe,c933b12ce50c48dcb4208e2d5fe59c4e,none,2025-09-20,Arlanda Express,none,-129.0,SEK,online,False
f0ddf43476c7490290d286950f7c55fd,d8e85133189140ceb38926ca37c44c8d,none,2025-09-20,Lidl,none,-19.67,GBP,online,False
140bfb6b90e5456bbba8bf79516f9afa,8c1950bbf34d4de6adcf81d97399d701,none,2025-09-20,Lidl,none,-22.03,EUR,online,False
8a030e030197440bbd1e076468097924,8c1950bbf34d4de6adcf81d97399d701,none,2025-09-20,Lietuvos Geležinkeliai,none,-14.45,EUR,online,False
6888815faf7a43fcb0078e9524f5f4c4,fb9a593b6b0c448d968616bb8aae9a60,none,2025-09-20,Joker,none,-196.7,NOK,online,False
459565aadae34d2c9929558c5900428b,f37690212445419c9e5d0fbbda82abc2,none,2025-09-20,Lidl,none,-22.03,EUR,online,False
86d14eb5207b498294fea3045ad5ae91,ca0e28e500584f8ba9a0197c04959318,none,2025-09-20,Pkp,none,-64.69,PLN,online,False
370ca9d2206246bd95535475eddc7780,f37690212445419c9e5d0fbbda82abc2,none,2025-09-20,Ns Treinen,none,-14.45,EUR,online,False
c42d994a13524292a1680b93dc6fe073,fb9a593b6b0c448d968616bb8aae9a60,none,2025-09-20,Ruter,none,-129.0,NOK,online,False
d3cac98613744d9e90d6d9c1420a90e7,7f516dc6ddf5450f86f30b9fe0ba67ea,none,2025-09-20,Bilka,none,-196.7,DKK,online,False
33d5d3c539ad416d9b07ab70e27243b3,00140a6c17ce4d3a9dd455073c5cac0a,none,2025-09-20,Elron,none,-12.9,EUR,online,False
0b5a71af18a14acb9fe596ed11594c24,4fd04cb6bfc247ddb3f42419a347e9bc,none,2025-09-20,Renfe,none,-12.9,EUR,online,False
6f56e3761133441a888a941d03e51dbb,ada3d0f52c0848b985022952fef7031f,none,2025-09-20,Flixbus,none,-12.9,EUR,online,False
0f2a9f8ec17a4a51b0fa5cf0f1bd6b2b,ada3d0f52c0848b985022952fef7031f,none,2025-09-20,Cora,none,-19.67,EUR,online,False
d0947ad8f6a7400b87f46d882fb315b6,4fd04cb6bfc247ddb3f42419a347e9bc,none,2025-09-20,Aldi,none,-19.67,EUR,online,False
f452c450d8d5409ead5a422d57f22616,41e035480df54e979ecd6234c2010921,none,2025-09-20,Markievicz Leisure Centre,none,-12.9,EUR,online,False
744ddd2dd3674a05a7aa9aad97e0a65e,41e035480df54e979ecd6234c2010921,none,2025-09-20,Lidl,none,-19.67,EUR,online,False
d6b0b4a2a5ff46128b975fb4c501a565,7f516dc6ddf5450f86f30b9fe0ba67ea,none,2025-09-20,Ht,none,-129.0,DKK,online,False
843ed16ded764da99fb9ddbbc9f61ea7,4fd04cb6bfc247ddb3f42419a347e9bc,none,2025-09-22,Dia,none,-29.99,EUR,online,False
acefaaec009d4560b79b06f971db1391,4fd04cb6bfc247ddb3f42419a347e9bc,none,2025-09-22,Carrefour,none,-53.66,EUR,online,False
f460d816472c453390acb7ee0ac17dad,3288ff86901143b4a34e39d56b72f0c9,none,2025-09-22,Minipreço,none,-53.66,EUR,online,False
422eebf4ed0c4fe4bc732418c6d22988,0c47e3c72eec4c2286f2d2f04c5e8433,none,2025-09-22,Flixbus,none,-27.9,EUR,online,False
648c780c774543769e75a66abdcac370,8c1950bbf34d4de6adcf81d97399d701,none,2025-09-22,Wolt,none,-33.58,EUR,online,False
59e98ee329cf41a1b6b5c433367ee020,41e035480df54e979ecd6234c2010921,none,2025-09-22,Tesco Store,none,-53.66,EUR,online,False
aeddbfb1ec8f417ea8ea23074f33be51,41e035480df54e979ecd6234c2010921,none,2025-09-22,Tesco Store,none,-29.99,EUR,online,False
ce962dc283564b37978d0d13cab1031b,41e035480df54e979ecd6234c2010921,none,2025-09-22,Irish Rail,none,-27.9,EUR,online,False
dc22e9c9df74412f924da8e5bb89972c,ad3b198a7f624730a942384dd064f051,none,2025-09-22,Esselunga,none,-29.99,EUR,online,False
25a4eeb7a6c84b9f83786683a90e48c9,c933b12ce50c48dcb4208e2d5fe59c4e,none,2025-09-22,Hemköp,none,-536.6,SEK,online,False
a2237a3bee4944a39e89e192270c5144,c933b12ce50c48dcb4208e2d5fe59c4e,none,2025-09-22,Ica,none,-299.90000000000003,SEK,online,False
df203b29ec8a4253aed1cf636b02ca91,c933b12ce50c48dcb4208e2d5fe59c4e,none,2025-09-22,Storstockholms Lokaltrafik,none,-279.0,SEK,online,False
196fc9f3a8a149b19b9ca6aac725fbb2,0c47e3c72eec4c2286f2d2f04c5e8433,none,2025-09-22,Aldi,none,-53.66,EUR,online,False
97916df0a83d458b8031a4e5cb2cb3b7,ad3b198a7f624730a942384dd064f051,none,2025-09-22,Conad,none,-53.66,EUR,online,False
93419eb3d07c43179b63d98a4f173062,ad3b198a7f624730a942384dd064f051,none,2025-09-22,Atac,none,-27.9,EUR,online,False
75e85199da2940e395735ae95ccf94df,00140a6c17ce4d3a9dd455073c5cac0a,none,2025-09-22,Selver,none,-53.66,EUR,online,False
bb46458e74724223acb3f38bf0d9ddc1,0c47e3c72eec4c2286f2d2f04c5e8433,none,2025-09-22,Edeka,none,-29.99,EUR,online,False
4c2e9bc637ad41618390c0482cc9024e,8c1950bbf34d4de6adcf81d97399d701,none,2025-09-22,Maxima,none,-60.1,EUR,online,False
c78f09c853484a42bbd8bcd1c9bbc642,f37690212445419c9e5d0fbbda82abc2,none,2025-09-22,Albert Heijn,none,-60.1,EUR,online,False
f4b17ed759914cb1959c62ca0e1a4222,7372a72bc03c4ab49492a481c2cfc7f5,none,2025-09-22,Maxima,none,-60.1,EUR,online,False
f585bc09572b4ae685ceba25559fd36f,ca0e28e500584f8ba9a0197c04959318,none,2025-09-22,Pkp,none,-139.95000000000002,PLN,online,False
0e76b7045da043ccba46d19f63575d47,3288ff86901143b4a34e39d56b72f0c9,none,2025-09-22,Metro Lisboa,none,-27.9,EUR,online,False
ba6d1a0205544f309bf116438cfc4e4f,7f516dc6ddf5450f86f30b9fe0ba67ea,none,2025-09-22,Dsb,none,-279.0,DKK,online,False
9fafa220d1bb4c62a1bc6a47661de024,00140a6c17ce4d3a9dd455073c5cac0a,none,2025-09-22,Bolt Food,none,-29.99,EUR,online,False
99dab21e2d634df28cd5c5b85e22c32e,00140a6c17ce4d3a9dd455073c5cac0a,none,2025-09-22,Elron,none,-27.9,EUR,online,False
35ec027d80e34afab97bf63880f9e86f,7f516dc6ddf5450f86f30b9fe0ba67ea,none,2025-09-22,Fakta,none,-299.90000000000003,DKK,online,False
f23606851c1e416e87fc53c2e71e5fb1,ada3d0f52c0848b985022952fef7031f,none,2025-09-22,Camaieu,none,-53.66,EUR,online,False
183cbcd40d254b16bfa1e74540d84860,d8e85133189140ceb38926ca37c44c8d,none,2025-09-22,Hello Fresh,none,-29.99,GBP,online,False
df72a648cd574197b69bf8a98fb9f6f6,d8e85133189140ceb38926ca37c44c8d,none,2025-09-22,Tfl Rail,none,-27.9,GBP,online,False
f5ea6a49884843dc9bc9963ee51ae449,d8e85133189140ceb38926ca37c44c8d,none,2025-09-22,Tesco Store,none,-53.66,GBP,online,False
1177dc22cc874b7c9ec7b768cdf7d694,7372a72bc03c4ab49492a481c2cfc7f5,none,2025-09-22,Pasažieru Vilciens,none,-31.24,EUR,online,False
83037b1ef6b6444c857760cbc76fb94f,7372a72bc03c4ab49492a481c2cfc7f5,none,2025-09-22,Wolt,none,-33.58,EUR,online,False
0fc4f1be66ef4c77b7d9801532dd8b14,8c1950bbf34d4de6adcf81d97399d701,none,2025-09-22,Lietuvos Geležinkeliai,none,-31.24,EUR,online,False
066d3d196a6d474abfed48dbf3bfcb66,7f516dc6ddf5450f86f30b9fe0ba67ea,none,2025-09-22,Netto,none,-536.6,DKK,online,False
4e73bbf3d52141f9af20eacf5f2db77d,ff109f0c99a146e9bb9e30ccfac01582,none,2025-09-22,Carrefour,none,-29.99,EUR,online,False
597ebf5dd8ea46c69db5b97dfbf7c913,ff109f0c99a146e9bb9e30ccfac01582,none,2025-09-22,Sncb,none,-27.9,EUR,online,False
e5c3fb88d39f43a0ba667777840a1e93,ff109f0c99a146e9bb9e30ccfac01582,none,2025-09-22,Le Petit Boudoir,none,-53.66,EUR,online,False
245f017da0fa4513bc3a0a45ec4c67b9,f37690212445419c9e5d0fbbda82abc2,none,2025-09-22,Hellofresh,none,-33.58,EUR,online,False
4b9d0d0998bc44ae9d94c356dd67d47a,ada3d0f52c0848b985022952fef7031f,none,2025-09-22,Eurostar,none,-27.9,EUR,online,False
3bf8e7ccdf374c7eafdd2b896456cf2e,ada3d0f52c0848b985022952fef7031f,none,2025-09-22,Carrefour,none,-29.99,EUR,online,False
d70a16ecc5ea49729d8f0e7eddee315d,2901b5ccd9d84760926e25640dbb70cd,none,2025-09-22,K-Citymarket,none,-29.99,EUR,online,False
6ef9ba76aeae4184b3e4ca92a677a67c,f37690212445419c9e5d0fbbda82abc2,none,2025-09-22,Ns Treinen,none,-31.24,EUR,online,False
d9fb75460b3f4a64a94620825efc58bb,2901b5ccd9d84760926e25640dbb70cd,none,2025-09-22,Prisma,none,-53.66,EUR,online,False
da3c21800c2247fb84146190a0c49bdf,2901b5ccd9d84760926e25640dbb70cd,none,2025-09-22,HSL,none,-27.9,EUR,online,False
cc04052538134979b05c4c710cae7323,4fd04cb6bfc247ddb3f42419a347e9bc,none,2025-09-22,Metro Madrid,none,-27.9,EUR,online,False
d3b7d6ad389b4b0cbe5e6bf7236a33b7,fb9a593b6b0c448d968616bb8aae9a60,none,2025-09-22,Rema 1000,none,-299.90000000000003,NOK,online,False
249e99bdf5334298a0c861da6207bfd1,fb9a593b6b0c448d968616bb8aae9a60,none,2025-09-22,Skyss,none,-279.0,NOK,online,False
0860085d74e64752979b6e7214725fdc,fb9a593b6b0c448d968616bb8aae9a60,none,2025-09-22,Kiwi,none,-536.6,NOK,online,False
85e5cca7816e4f648c8c0f0993498cd0,ca0e28e500584f8ba9a0197c04959318,none,2025-09-22,Biedronka,none,-269.33,PLN,online,False
7c5bed509c6247bab75046b6459e3396,ca0e28e500584f8ba9a0197c04959318,none,2025-09-22,Pyszne.pl,none,-150.44,PLN,online,False
ee0d7afb1b40414b946d97b3df864abc,ca0e28e500584f8ba9a0197c04959318,none,2025-09-23,H&M,none,-120.44,PLN,online,False
d803c3f65d3e42aaa4f566867028792d,fb9a593b6b0c448d968616bb8aae9a60,none,2025-09-23,H&M,none,-239.9,NOK,online,False
b0d288b579d8492fa587cb79fa39e391,7f516dc6ddf5450f86f30b9fe0ba67ea,none,2025-09-23,Zalando.dk,none,-239.9,DKK,online,False
1eaa42375996459c9e32de69296b10d6,d6cc56bc402a4685829f0de347af4c63,none,2025-09-23,Salary,none,3210.0,GBP,online,False
383d288467184ef48d70e9bf73758fab,00140a6c17ce4d3a9dd455073c5cac0a,none,2025-09-23,H&M,none,-23.99,EUR,online,False
2a218c2aaec54635bd5c1b4ee6bed871,c933b12ce50c48dcb4208e2d5fe59c4e,none,2025-09-23,H&M,none,-239.9,SEK,online,False
3a75a0c16ced4ec9b8b0f6d35d8fad76,0c47e3c72eec4c2286f2d2f04c5e8433,none,2025-09-23,H&M,none,-23.99,EUR,online,False
1e6e76df7f70475a9ccf61e6a0dcf256,8c1950bbf34d4de6adcf81d97399d701,none,2025-09-23,H&M,none,-26.87,EUR,online,False
143d68a35d8a49c3ab8ee2107c541eac,41e035480df54e979ecd6234c2010921,none,2025-09-23,H&M,none,-23.99,EUR,online,False
c25cbb78068f4f97b156ec8c7a2b195d,d8e85133189140ceb38926ca37c44c8d,none,2025-09-23,H&M,none,-23.99,GBP,online,False
94103bc9cb164c8f9203f22d5fad0c95,f37690212445419c9e5d0fbbda82abc2,none,2025-09-23,H&M,none,-26.87,EUR,online,False
39b1f484e9e14c59bbc9e8343c541861,4fd04cb6bfc247ddb3f42419a347e9bc,none,2025-09-23,Zara,none,-23.99,EUR,online,False
b19cc11e33bd49a79f044c2514cdfb75,3288ff86901143b4a34e39d56b72f0c9,none,2025-09-23,Pull And Bear,none,-23.99,EUR,online,False
763b5cac1675437abad13f0df5b27d36,ada3d0f52c0848b985022952fef7031f,none,2025-09-23,H&M,none,-23.99,EUR,online,False
04fac4e7ab734b49ae9da9899746e61a,2901b5ccd9d84760926e25640dbb70cd,none,2025-09-23,H&M,none,-23.99,EUR,online,False
f87ba672de3540a8929f11315e4f4931,ff109f0c99a146e9bb9e30ccfac01582,none,2025-09-23,H&M,none,-23.99,EUR,online,False
089576e91f174504859ea9d7df661b16,ad3b198a7f624730a942384dd064f051,none,2025-09-23,Zara,none,-23.99,EUR,online,False
e6e5db8352f74ae8a30980f5c3b9bb2d,7372a72bc03c4ab49492a481c2cfc7f5,none,2025-09-23,H&M,none,-26.87,EUR,online,False
9cc08c5a0ada476e8b9eaee3b5722612,41e035480df54e979ecd6234c2010921,none,2025-09-25,Starbucks,none,-2.49,EUR,online,False
4f2463f0b07e4af9bce9b40792648cc2,2901b5ccd9d84760926e25640dbb70cd,none,2025-09-25,Zara,none,-9.79,EUR,online,False
4a0691d4e689482daad66f5b8a58b9e6,ada3d0f52c0848b985022952fef7031f,none,2025-09-25,Samaritaine,none,-9.79,EUR,online,False
765f5c332b164aa18c9fe03daa34dc66,f37690212445419c9e5d0fbbda82abc2,none,2025-09-25,Gamma,none,-10.96,EUR,online,False
226d3466bc824b81bf5a04965cc608b2,2901b5ccd9d84760926e25640dbb70cd,none,2025-09-25,Starbucks,none,-2.49,EUR,online,False
14770c2715904cdcb5da3c668eb47462,c933b12ce50c48dcb4208e2d5fe59c4e,none,2025-09-25,Zara,none,-97.9,SEK,online,False
77432c650e5341a285c5c2d1880877eb,7f516dc6ddf5450f86f30b9fe0ba67ea,none,2025-09-25,Baresso,none,-24.9,DKK,online,False
8b970b1fc13047f5946cb955332784d6,ada3d0f52c0848b985022952fef7031f,none,2025-09-25,Starbucks,none,-2.49,EUR,online,False
123860ab2e9a4794a806b1d4594164db,7f516dc6ddf5450f86f30b9fe0ba67ea,none,2025-09-25,Fodbold,none,-97.9,DKK,online,False
3eca2027e3444d6595acd237b755bd9b,ff109f0c99a146e9bb9e30ccfac01582,none,2025-09-25,Galleria Inno,none,-9.79,EUR,online,False
5b88cd539e4d407988e6dfc915640bcd,ff109f0c99a146e9bb9e30ccfac01582,none,2025-09-25,Starbucks,none,-2.49,EUR,online,False
7a66f15b0e5f4b87b4c087e372b27e7d,00140a6c17ce4d3a9dd455073c5cac0a,none,2025-09-25,Bauhof,none,-9.79,EUR,online,False
bab7e95dca22499dbdbb99e581527926,00140a6c17ce4d3a9dd455073c5cac0a,none,2025-09-25,Reval Cafe,none,-1.49,EUR,online,False
c696ec1fa2ae4a0e829e99a47f740e94,d8e85133189140ceb38926ca37c44c8d,none,2025-09-25,Pret,none,-1.49,GBP,online,False
0699480d445248ffbe98ee4c8181377c,d8e85133189140ceb38926ca37c44c8d,none,2025-09-25,B&Q,none,-9.79,GBP,online,False
6b736110e4d7424d899ab36621027e36,ca0e28e500584f8ba9a0197c04959318,none,2025-09-25,Castorama,none,-49.1,PLN,online,False
275b50861340410ab06e8f84d8d4dd4b,ca0e28e500584f8ba9a0197c04959318,none,2025-09-25,Green Caffè Nero,none,-7.48,PLN,online,False
006727a2996b4f55a76bd9dc190a9c4d,c933b12ce50c48dcb4208e2d5fe59c4e,none,2025-09-25,Wayne's Coffee,none,-24.9,SEK,online,False
c2d8af2ad4f74f889a1d6b6fcc7adfa5,0c47e3c72eec4c2286f2d2f04c5e8433,none,2025-09-25,Coffee Fellows,none,-2.49,EUR,online,False
849c3f63bee64b80becc95fa59343dc2,fb9a593b6b0c448d968616bb8aae9a60,none,2025-09-25,Volt,none,-97.9,NOK,online,False
54245968dbeb43049c9201613848ddd0,f37690212445419c9e5d0fbbda82abc2,none,2025-09-25,Broodje Van Dootje,none,-1.67,EUR,online,False
78112e14a5454857b5cfbd298cab5c0d,0c47e3c72eec4c2286f2d2f04c5e8433,none,2025-09-25,Zalando,none,-9.79,EUR,online,False
6bf1c66096534b5396d55bc3d22aa5f5,3288ff86901143b4a34e39d56b72f0c9,none,2025-09-25,El Corte Ingles,none,-9.79,EUR,online,False
ea84cde2098e4f1dad10526035b81679,3288ff86901143b4a34e39d56b72f0c9,none,2025-09-25,Padaria Portuguesa,none,-2.49,EUR,online,False
b03339859c20420894a25e39b777d95c,4fd04cb6bfc247ddb3f42419a347e9bc,none,2025-09-25,Starbucks,none,-2.49,EUR,online,False
56a2a548092249f7a123b3b213d1eac6,4fd04cb6bfc247ddb3f42419a347e9bc,none,2025-09-25,Decathlon,none,-9.79,EUR,online,False
adba9301ed1c487daf594cfabaf40e41,ad3b198a7f624730a942384dd064f051,none,2025-09-25,Benetton,none,-9.79,EUR,online,False
f4988d95ba154aceb00c3ba46716d9f4,8c1950bbf34d4de6adcf81d97399d701,none,2025-09-25,Senukai,none,-10.96,EUR,online,False
6fbc707ffdda44d69907e78c25430c91,8c1950bbf34d4de6adcf81d97399d701,none,2025-09-25,Vero Cafe,none,-1.67,EUR,online,False
59de39472c9744ffb5c0b1bce463151c,7372a72bc03c4ab49492a481c2cfc7f5,none,2025-09-25,Depo,none,-10.96,EUR,online,False
b2c45078187545dc84a0c0d549a80c58,fb9a593b6b0c448d968616bb8aae9a60,none,2025-09-25,Kaffebrenneriet,none,-24.9,NOK,online,False
2eb52cd5c8cd4eb0afbcf1d2225772ac,41e035480df54e979ecd6234c2010921,none,2025-09-25,B&Q,none,-9.79,EUR,online,False
df69ccc9a6854c3eb79b5c692e17dfcd,7372a72bc03c4ab49492a481c2cfc7f5,none,2025-09-25,Costa Coffee,none,-1.67,EUR,online,False
09b90edeeb5b4a9094b0d4ddc0dce7ac,ad3b198a7f624730a942384dd064f051,none,2025-09-25,Illycaffè,none,-2.49,EUR,online,False
6be558c5d8a943aea3d219f75f50d520,4fd04cb6bfc247ddb3f42419a347e9bc,none,2025-09-26,El Corte Ingles,none,-97.71,EUR,online,False
c74dba095b624b18b450f500e4042407,4fd04cb6bfc247ddb3f42419a347e9bc,none,2025-09-26,Iberdrola,none,-34.0,EUR,online,False
f52416e2dbb346c4a6937b4a4eb198c1,d8e85133189140ceb38926ca37c44c8d,none,2025-09-26,British Gas,none,-34.0,GBP,online,False
ddc500e86f4b40f49bde2984eb34645e,d8e85133189140ceb38926ca37c44c8d,none,2025-09-26,Bridge Cafe,none,-4.97,GBP,online,False
4ac9c22092654794a82567f49cecb501,4fd04cb6bfc247ddb3f42419a347e9bc,none,2025-09-26,Cafetería,none,-3.79,EUR,online,False
67e8b515f4c34b24805e74dfe218e6de,3288ff86901143b4a34e39d56b72f0c9,none,2025-09-26,Decathlon,none,-97.71,EUR,online,False
201527d302084efe918920b247709ac1,ca0e28e500584f8ba9a0197c04959318,none,2025-09-26,Chleb I Wino,none,-24.95,PLN,online,False
9db2591e7c974d949393a213e097bb73,0c47e3c72eec4c2286f2d2f04c5e8433,none,2025-09-26,E.on,none,-34.0,EUR,online,False
1e73673b4089434a89c698c76eeb7bcc,00140a6c17ce4d3a9dd455073c5cac0a,none,2025-09-26,Kohvik August,none,-4.97,EUR,online,False
167c8b38d7764b54b9dd18b60a61c096,3288ff86901143b4a34e39d56b72f0c9,none,2025-09-26,Starbucks,none,-3.79,EUR,online,False
c3d7eb80074742988c269a01ab77de53,7f516dc6ddf5450f86f30b9fe0ba67ea,none,2025-09-26,H&M,none,-977.1,DKK,online,False
c1a1b5aa5f564226b9d1a1f2f23971e8,7f516dc6ddf5450f86f30b9fe0ba67ea,none,2025-09-26,Seas-Nve,none,-340.0,DKK,online,False
413c9ac1bf824165bd68deabffafecd8,7f516dc6ddf5450f86f30b9fe0ba67ea,none,2025-09-26,Starbucks,none,-37.9,DKK,online,False
a5abfdfda4c84ff0b31c86f85ff626fd,d6cc56bc402a4685829f0de347af4c63,none,2025-09-26,Starbucks,none,-1.87,GBP,online,False
07f3aadd4cf04e71b4b8d74467462ad3,8c1950bbf34d4de6adcf81d97399d701,none,2025-09-26,Ignitis,none,-38.08,EUR,online,False
8654039ca1004cb498feaeb7dd9018b3,8c1950bbf34d4de6adcf81d97399d701,none,2025-09-26,Vero Cafe,none,-5.57,EUR,online,False
121443caed56402ea952ab9a15c8728d,0c47e3c72eec4c2286f2d2f04c5e8433,none,2025-09-26,Zalando,none,-97.71,EUR,online,False
f87a239a24a04e18a5e418520f8e3d2b,ada3d0f52c0848b985022952fef7031f,none,2025-09-26,Edf,none,-34.0,EUR,online,False
628d8816e91c43b4978f18baf3e129c8,ada3d0f52c0848b985022952fef7031f,none,2025-09-26,Décathlon,none,-97.71,EUR,online,False
41a2116c1bcb4757aea09a08e4d55295,ada3d0f52c0848b985022952fef7031f,none,2025-09-26,Segafredo,none,-3.79,EUR,online,False
7ed24ea34df74a2497781d9b602e0d0e,0c47e3c72eec4c2286f2d2f04c5e8433,none,2025-09-26,Starbucks,none,-3.79,EUR,online,False
f062a7a9837d4a5ebc86ca01f8671602,00140a6c17ce4d3a9dd455073c5cac0a,none,2025-09-26,Eesti Gaas,none,-34.0,EUR,online,False
5455da1680cd4d41b97e5248029b53b7,3288ff86901143b4a34e39d56b72f0c9,none,2025-09-26,Edp,none,-34.0,EUR,online,False
14112ad4bf7242a383fae4df7d6583c3,ca0e28e500584f8ba9a0197c04959318,none,2025-09-26,Pgnig,none,-170.68,PLN,online,False
78996cc29c544631b6191ee76369d5b7,ff109f0c99a146e9bb9e30ccfac01582,none,2025-09-26,Luminus,none,-34.0,EUR,online,False
19538257d706413ea927d203679c02ba,7372a72bc03c4ab49492a481c2cfc7f5,none,2025-09-26,Double Coffee,none,-5.57,EUR,online,False
1c1ce0b5b51c4f429d6c9cb611742e96,7372a72bc03c4ab49492a481c2cfc7f5,none,2025-09-26,Latvijas Gāze,none,-38.08,EUR,online,False
b88a1ee3118f46e6a635cda40bcd3631,fb9a593b6b0c448d968616bb8aae9a60,none,2025-09-26,Godt Brød,none,-37.9,NOK,online,False
9d1d21be3e5e4477932738368c40f978,fb9a593b6b0c448d968616bb8aae9a60,none,2025-09-26,Dustin.no,none,-977.1,NOK,online,False
268753ed42c245599a3e33a883d5cd6a,2901b5ccd9d84760926e25640dbb70cd,none,2025-09-26,Espresso House,none,-3.79,EUR,online,False
2e51dd1d9bf246d4865c5a0a67728739,2901b5ccd9d84760926e25640dbb70cd,none,2025-09-26,Xxl Sports & Outdoor,none,-97.71,EUR,online,False
ecd7f4e633e944c6ad7b85ac94fab2b6,2901b5ccd9d84760926e25640dbb70cd,none,2025-09-26,Fortum,none,-34.0,EUR,online,False
d043fb0f07c34c73804568ce0211c14a,c933b12ce50c48dcb4208e2d5fe59c4e,none,2025-09-26,Starbucks,none,-37.9,SEK,online,False
891b8b53a9544c9a8567864c8c61c792,c933b12ce50c48dcb4208e2d5fe59c4e,none,2025-09-26,Stadium,none,-977.1,SEK,online,False
9561bb886e8b4411895c3a27715060cb,fb9a593b6b0c448d968616bb8aae9a60,none,2025-09-26,Tibber,none,-340.0,NOK,online,False
71f01a01a4f74f6bab077715dc0a557f,c933b12ce50c48dcb4208e2d5fe59c4e,none,2025-09-26,Fortum,none,-340.0,SEK,online,False
3b836263847242d885461d4cdeda64d3,ad3b198a7f624730a942384dd064f051,none,2025-09-26,Zalando,none,-97.71,EUR,online,False
7d2714fbf7e74189acc09124e7920610,ff109f0c99a146e9bb9e30ccfac01582,none,2025-09-26,Neuhaus,none,-3.79,EUR,online,False
88753496f4174d6785cea4896cc7a669,f37690212445419c9e5d0fbbda82abc2,none,2025-09-26,Essent,none,-38.08,EUR,online,False
b612ba3ade714201add59271717a2b7a,41e035480df54e979ecd6234c2010921,none,2025-09-26,Zolando,none,-97.71,EUR,online,False
2a43381c60814a8ca34f37bd3f12226c,f37690212445419c9e5d0fbbda82abc2,none,2025-09-26,De Laatste Kruimel,none,-5.57,EUR,online,False
525040e3dad8433e9b525c36d9f70707,ad3b198a7f624730a942384dd064f051,none,2025-09-26,Autogrill,none,-3.79,EUR,online,False
85d583650b2149a095c89be5d573528c,ad3b198a7f624730a942384dd064f051,none,2025-09-26,Enel,none,-34.0,EUR,online,False
16276a0bd4184815afff4423c471996f,41e035480df54e979ecd6234c2010921,none,2025-09-26,Bridge Cafe,none,-4.97,EUR,online,False
087425be035447d9b4cb960287de6973,41e035480df54e979ecd6234c2010921,none,2025-09-26,Bord Gáis Energy,none,-34.0,EUR,online,False
cf7fdea4b5864c07b8b2117971fcd62b,ff109f0c99a146e9bb9e30ccfac01582,none,2025-09-26,Décathlon,none,-97.71,EUR,online,False
3be1c223ec8e4fd6aeed0dfc22b34e1b,3288ff86901143b4a34e39d56b72f0c9,none,2025-09-28,Cabovisão,none,-23.99,EUR,online,False
a11dfd1c120042588aa9e673f528fcbc,7372a72bc03c4ab49492a481c2cfc7f5,none,2025-09-28,Mcdonald's,none,-6.37,EUR,online,False
e57a320feaf04df8b1338bc725854af6,0c47e3c72eec4c2286f2d2f04c5e8433,none,2025-09-28,Telekom,none,-23.99,EUR,online,False
58eea3d4f66b49d69856736144cb42dd,0c47e3c72eec4c2286f2d2f04c5e8433,none,2025-09-28,Mcdonalds,none,-5.69,EUR,online,False
2b2ca8d33c874125b6aeec7c44c04ec0,4fd04cb6bfc247ddb3f42419a347e9bc,none,2025-09-28,Movistar,none,-23.99,EUR,online,False
13c01d9eb66f46a1acd05614265999cc,41e035480df54e979ecd6234c2010921,none,2025-09-28,McDonald's,none,-5.69,EUR,online,False
dde7e036e02947fd867111c261478acb,fb9a593b6b0c448d968616bb8aae9a60,none,2025-09-28,Nextgentel,none,-239.9,NOK,online,False
f20278edc16048dcb04ccca782ecc488,fb9a593b6b0c448d968616bb8aae9a60,none,2025-09-28,Bislett Kebab,none,-56.900000000000006,NOK,online,False
0d5c9a1c67f64b96b6c1f0b563891c99,ad3b198a7f624730a942384dd064f051,none,2025-09-28,McDonald's,none,-5.69,EUR,online,False
dd33a8abbc6c42beb09a46e7bed0d070,ad3b198a7f624730a942384dd064f051,none,2025-09-28,Fastweb,none,-23.99,EUR,online,False
51bc01d4fa0a4a4ba030126af888c3f7,8c1950bbf34d4de6adcf81d97399d701,none,2025-09-28,Telia,none,-26.87,EUR,online,False
660a5c39519b4031899b16cfd6a6bba5,7372a72bc03c4ab49492a481c2cfc7f5,none,2025-09-28,Lattelecom,none,-26.87,EUR,online,False
1331a6f55d88499b8a71511a3a3e693b,8c1950bbf34d4de6adcf81d97399d701,none,2025-09-28,Mcdonald's,none,-6.37,EUR,online,False
6ac93aee52eb40e5ac5e846d8f21a2e9,3288ff86901143b4a34e39d56b72f0c9,none,2025-09-28,Mcdonalds,none,-5.69,EUR,online,False
77919284a76c4f82992add331758ee97,41e035480df54e979ecd6234c2010921,none,2025-09-28,Virgin Media,none,-23.99,EUR,online,False
8d5245a6b8d7440b99e8adb0bd7aca28,ca0e28e500584f8ba9a0197c04959318,none,2025-09-28,Mcdonald's,none,-28.55,PLN,online,False
561b2881485d44e2a4c8056ea5f8646d,ff109f0c99a146e9bb9e30ccfac01582,none,2025-09-28,Orange Belgium,none,-23.99,EUR,online,False
b1f7982f0f914cc699ea4163c83d99c5,c933b12ce50c48dcb4208e2d5fe59c4e,none,2025-09-28,Bredbandsbolaget,none,-239.9,SEK,online,False
036e132a26db4851a3290e14014860f8,d8e85133189140ceb38926ca37c44c8d,none,2025-09-28,Bt Broadband,none,-23.99,GBP,online,False
9bd1b55b9c0e463c82e5d54cfd950a35,00140a6c17ce4d3a9dd455073c5cac0a,none,2025-09-28,Mcdonald's,none,-5.69,EUR,online,False
283386d2f312400bbe7c9230bde3b75d,00140a6c17ce4d3a9dd455073c5cac0a,none,2025-09-28,Telia,none,-23.99,EUR,online,False
b85e0836e3054a0dbe519df98f2dcf91,ff109f0c99a146e9bb9e30ccfac01582,none,2025-09-28,Mcdonalds,none,-5.69,EUR,online,False
6563f2559ca54640b4f272f308e137e7,c933b12ce50c48dcb4208e2d5fe59c4e,none,2025-09-28,Mcdonalds,none,-56.900000000000006,SEK,online,False
e0706e86860d4533b163526bd5b99849,7f516dc6ddf5450f86f30b9fe0ba67ea,none,2025-09-28,Mcdonalds,none,-56.900000000000006,DKK,online,False
afaccf678e3a44e8a9f7b6acadb06469,f37690212445419c9e5d0fbbda82abc2,none,2025-09-28,Ziggo,none,-26.87,EUR,online,False
86de48c9731248a69698ede9f7c98798,2901b5ccd9d84760926e25640dbb70cd,none,2025-09-28,Mcdonalds,none,-5.69,EUR,online,False
7da5e347b0414af58f23e7d293f75051,ada3d0f52c0848b985022952fef7031f,none,2025-09-28,Orange,none,-23.99,EUR,online,False
aaccf4d7ed324a5ca8969a400bb6303c,7f516dc6ddf5450f86f30b9fe0ba67ea,none,2025-09-28,Yousee,none,-239.9,DKK,online,False
5ede0300bdfb487881044c27ff74492c,d8e85133189140ceb38926ca37c44c8d,none,2025-09-28,Mcdonalds,none,-5.69,GBP,online,False
de243b7ab29f4405941263cb364e4987,f37690212445419c9e5d0fbbda82abc2,none,2025-09-28,Mcdonald's,none,-6.37,EUR,online,False
1328bc9a6b0c4869a99b50c9bb570aa6,4fd04cb6bfc247ddb3f42419a347e9bc,none,2025-09-28,Mcdonalds,none,-5.69,EUR,online,False
4c0f468ae7f04057b249103712c373ba,2901b5ccd9d84760926e25640dbb70cd,none,2025-09-28,Elisa Valokuitu,none,-23.99,EUR,online,False
fc11a83c59d34860bf0d2ba9cccd5186,ca0e28e500584f8ba9a0197c04959318,none,2025-09-28,Orange,none,-120.44,PLN,online,False
cd3b7434afc440219ccea8ff7f1f8afe,ada3d0f52c0848b985022952fef7031f,none,2025-09-28,McDonald's,none,-5.69,EUR,online,False
bd1d5ccb5e2a417bbf41fcc556d8ec37,fb9a593b6b0c448d968616bb8aae9a60,none,2025-09-29,Rema 1000,none,-299.90000000000003,NOK,online,False
9edef904064644a2bb9b5e9e60af7a75,fb9a593b6b0c448d968616bb8aae9a60,none,2025-09-29,Skyss,none,-279.0,NOK,online,False
bbad413ec48442e597bf197dcc501f0c,ff109f0c99a146e9bb9e30ccfac01582,none,2025-09-29,Esso,none,-40.0,EUR,online,False
97aa952cfc524a629965e85b6ed1f288,f37690212445419c9e5d0fbbda82abc2,none,2025-09-29,Hellofresh,none,-33.58,EUR,online,False
74975f9b536e42b0a9200e23d904a8b9,fb9a593b6b0c448d968616bb8aae9a60,none,2025-09-29,Shell,none,-400.0,NOK,online,False
8edd3eaa8bba40698eed3f97a1a42a6d,f37690212445419c9e5d0fbbda82abc2,none,2025-09-29,Ns Treinen,none,-31.24,EUR,online,False
56f2bb7d61034fd18716ea1530360aad,8c1950bbf34d4de6adcf81d97399d701,none,2025-09-29,Lietuvos Geležinkeliai,none,-31.24,EUR,online,False
2e1def735dcc462387c321887d193275,7372a72bc03c4ab49492a481c2cfc7f5,none,2025-09-29,Wolt,none,-33.58,EUR,online,False
5c57f9ba3e0549969e3278c5b5872072,7372a72bc03c4ab49492a481c2cfc7f5,none,2025-09-29,Circle K,none,-44.8,EUR,online,False
89daac639eda4da39bbbb0a5c32a0ab4,7372a72bc03c4ab49492a481c2cfc7f5,none,2025-09-29,Pasažieru Vilciens,none,-31.24,EUR,online,False
4c2204f7641b424abf3a5f2d3e9071eb,4fd04cb6bfc247ddb3f42419a347e9bc,none,2025-09-29,Metro Madrid,none,-27.9,EUR,online,False
e02e8a550e8547e291ee5fab3df5628c,ff109f0c99a146e9bb9e30ccfac01582,none,2025-09-29,Sncb,none,-27.9,EUR,online,False
b674f9aa938543fdb6aed7aaf2a2d8a1,8c1950bbf34d4de6adcf81d97399d701,none,2025-09-29,Wolt,none,-33.58,EUR,online,False
d27a2b2720414c579d2d1c2c3d059720,8c1950bbf34d4de6adcf81d97399d701,none,2025-09-29,Circle K,none,-44.8,EUR,online,False
baaba02fd05c48c69478e0659c13416f,7f516dc6ddf5450f86f30b9fe0ba67ea,none,2025-09-29,Fakta,none,-299.90000000000003,DKK,online,False
9435949b1c5d4bcd829294ee5dda1ed3,7f516dc6ddf5450f86f30b9fe0ba67ea,none,2025-09-29,Dsb,none,-279.0,DKK,online,False
65af2e5f15b649bc9408be50190dd555,7f516dc6ddf5450f86f30b9fe0ba67ea,none,2025-09-29,Shell,none,-400.0,DKK,online,False
aae225970ba24fbfb92bada4bf6a68de,ff109f0c99a146e9bb9e30ccfac01582,none,2025-09-29,Carrefour,none,-29.99,EUR,online,False
45fc4ecdd10b478cafb673d3f7f8076e,f37690212445419c9e5d0fbbda82abc2,none,2025-09-29,Shell,none,-44.8,EUR,online,False
69d2381fe9eb421199052d091301c97e,4fd04cb6bfc247ddb3f42419a347e9bc,none,2025-09-29,Dia,none,-29.99,EUR,online,False
2320eb982a464f76aa71d758bd66ca08,0c47e3c72eec4c2286f2d2f04c5e8433,none,2025-09-29,Edeka,none,-29.99,EUR,online,False
a9195a52da874693b8297b4069e138de,3288ff86901143b4a34e39d56b72f0c9,none,2025-09-29,Metro Lisboa,none,-27.9,EUR,online,False
ef3aa3bd41384ed0ab6ca9cc74d6c2cd,2901b5ccd9d84760926e25640dbb70cd,none,2025-09-29,Neste,none,-40.0,EUR,online,False
c741c99184d34a58923fb9ba488558a6,c933b12ce50c48dcb4208e2d5fe59c4e,none,2025-09-29,Shell,none,-400.0,SEK,online,False
075a9662908148b09500e2da9320585e,ada3d0f52c0848b985022952fef7031f,none,2025-09-29,Bp,none,-40.0,EUR,online,False
433b16d5b7734ed49e184129b159c5b6,ada3d0f52c0848b985022952fef7031f,none,2025-09-29,Eurostar,none,-27.9,EUR,online,False
fd7836f1ba064533925d40f09d0eb8a8,ada3d0f52c0848b985022952fef7031f,none,2025-09-29,Carrefour,none,-29.99,EUR,online,False
98a43340c34647a3901a03c41966c28d,c933b12ce50c48dcb4208e2d5fe59c4e,none,2025-09-29,Ica,none,-299.90000000000003,SEK,online,False
6665d94352ab4251be26ee5068641ae8,c933b12ce50c48dcb4208e2d5fe59c4e,none,2025-09-29,Storstockholms Lokaltrafik,none,-279.0,SEK,online,False
82282fd910984c8aa31f0baf55b30dce,2901b5ccd9d84760926e25640dbb70cd,none,2025-09-29,K-Citymarket,none,-29.99,EUR,online,False
5bf6053db6b94237ab473c0618055229,00140a6c17ce4d3a9dd455073c5cac0a,none,2025-09-29,Alexela,none,-40.0,EUR,online,False
c53737f11e414b03bb23fd0bcda17571,00140a6c17ce4d3a9dd455073c5cac0a,none,2025-09-29,Elron,none,-27.9,EUR,online,False
a5ebe601a0024f1db5dcadf2bc95b265,ca0e28e500584f8ba9a0197c04959318,none,2025-09-29,Orlen,none,-200.8,PLN,online,False
39040d5caa954289bbdb675e9d1efd8d,ca0e28e500584f8ba9a0197c04959318,none,2025-09-29,Pyszne.pl,none,-150.44,PLN,online,False
17f9b64d85fd450f91c949a47aa06e60,ca0e28e500584f8ba9a0197c04959318,none,2025-09-29,Pkp,none,-139.95000000000002,PLN,online,False
dbc005f463d84430a9019719a6306790,d8e85133189140ceb38926ca37c44c8d,none,2025-09-29,Tfl Rail,none,-27.9,GBP,online,False
3f654475d23d40f689876f21f4241c06,d8e85133189140ceb38926ca37c44c8d,none,2025-09-29,Hello Fresh,none,-29.99,GBP,online,False
11df1e9ec2a345ad827e5bb0e552a928,d8e85133189140ceb38926ca37c44c8d,none,2025-09-29,Texaco,none,-40.0,GBP,online,False
9e2bf7230e7d4e7eb708d0144747758e,00140a6c17ce4d3a9dd455073c5cac0a,none,2025-09-29,Bolt Food,none,-29.99,EUR,online,False
55d9626eda0147929f675084f8c2cdf4,0c47e3c72eec4c2286f2d2f04c5e8433,none,2025-09-29,Jet Tankstelle,none,-40.0,EUR,online,False
ed2fc8cfd6ce4a9bbce790a4ea6fcd5e,2901b5ccd9d84760926e25640dbb70cd,none,2025-09-29,HSL,none,-27.9,EUR,online,False
b90e05deed014b9abb4669ec55eac5e6,ad3b198a7f624730a942384dd064f051,none,2025-09-29,Esso,none,-40.0,EUR,online,False
c1c599c0be5b44f6934a7f6817bd2290,41e035480df54e979ecd6234c2010921,none,2025-09-29,Tesco Store,none,-29.99,EUR,online,False
9598e0c5f0fc4ec8a1f64a7d33315ad6,41e035480df54e979ecd6234c2010921,none,2025-09-29,Irish Rail,none,-27.9,EUR,online,False
8a2b601b87104e60b6bffdebf5e998b5,41e035480df54e979ecd6234c2010921,none,2025-09-29,Texaco,none,-40.0,EUR,online,False
19d95aa7b8404b78bb97cde1216b4439,0c47e3c72eec4c2286f2d2f04c5e8433,none,2025-09-29,Flixbus,none,-27.9,EUR,online,False
8ab73fc72e444d53a3f9584b26d3c725,3288ff86901143b4a34e39d56b72f0c9,none,2025-09-29,Repso,none,-40.0,EUR,online,False
566c5662309e41a08e4333fe4848a09b,ad3b198a7f624730a942384dd064f051,none,2025-09-29,Esselunga,none,-29.99,EUR,online,False
fdb9179040e3424c83360ea3f9b3955d,4fd04cb6bfc247ddb3f42419a347e9bc,none,2025-09-29,Repsol,none,-40.0,EUR,online,False
4efc67a97927403d8de29b3c15e2ba3a,ad3b198a7f624730a942384dd064f051,none,2025-09-29,Atac,none,-27.9,EUR,online,False
c7fd944f50f7404da89dcc9ec2254e38,ad3b198a7f624730a942384dd064f051,none,2025-10-01,Interessi Attivi,none,3.72,EUR,online,False
840c612ff3954401a3f1591901c9db7e,c933b12ce50c48dcb4208e2d5fe59c4e,none,2025-10-01,Vapiano,none,-179.9,SEK,online,False
35b00f531c6e41e9b5897c4598a4c55c,ad3b198a7f624730a942384dd064f051,none,2025-10-01,Rosso Pomodoro,none,-17.990000000000002,EUR,online,False
7ff81af173d94d0bbcafb5b0a56efd5a,2901b5ccd9d84760926e25640dbb70cd,none,2025-10-01,Korkotulo,none,3.72,EUR,online,False
0e78056d4bac409f9c14048f1c2a3da7,41e035480df54e979ecd6234c2010921,none,2025-10-01,Dominos Pizza,none,-17.990000000000002,EUR,online,False
548e621a87604a8fa55c06550470cced,c933b12ce50c48dcb4208e2d5fe59c4e,none,2025-10-01,Ränta,none,-37.2,SEK,online,False
b1aa471e6e974ca58fe3ee84641378d4,41e035480df54e979ecd6234c2010921,none,2025-10-01,Interest Earned,none,-3.72,EUR,online,False
0a74aa618df7494385983427ab50b4f1,ff109f0c99a146e9bb9e30ccfac01582,none,2025-10-01,Versement D'intérêts,none,3.72,EUR,online,False
922a0e217fe24a85870452e5c7f7d45c,ff109f0c99a146e9bb9e30ccfac01582,none,2025-10-01,Kaffabar,none,-17.990000000000002,EUR,online,False
6352dd499bcd43fc87e0bca1d4ffc508,d8e85133189140ceb38926ca37c44c8d,none,2025-10-01,Dominos Pizza,none,-17.990000000000002,GBP,online,False
f758333595cc4f39a69a26a85c0a4be4,7372a72bc03c4ab49492a481c2cfc7f5,none,2025-10-01,Procenti,none,4.17,EUR,online,False
cf55887590ad4869863e4ab8df5010db,7372a72bc03c4ab49492a481c2cfc7f5,none,2025-10-01,Pica Lulū,none,-20.15,EUR,online,False
c45ccf0bf1ef4932a202aec77940e6ac,fb9a593b6b0c448d968616bb8aae9a60,none,2025-10-01,Peppes Pizza,none,-179.9,NOK,online,False
75ead64b516f4e408fac9ec07898e16f,fb9a593b6b0c448d968616bb8aae9a60,none,2025-10-01,Opptjente Renter,none,37.2,NOK,online,False
eeb94c40bab4497c93cbcaded41bc2d1,2901b5ccd9d84760926e25640dbb70cd,none,2025-10-01,Kotipizza,none,-17.990000000000002,EUR,online,False
595707ca39d0402c8dec0c638a2b0f6a,f37690212445419c9e5d0fbbda82abc2,none,2025-10-01,New York Pizza,none,-20.15,EUR,online,False
1f0ed193142a4253aa8e3f7db44f78e9,00140a6c17ce4d3a9dd455073c5cac0a,none,2025-10-01,Dodo Pizza,none,-17.990000000000002,EUR,online,False
706cc959ae8f4819b7c4fae5d576641f,7f516dc6ddf5450f86f30b9fe0ba67ea,none,2025-10-01,Domino's Pizza,none,-179.9,DKK,online,False
fb0d3515c3264c46aa581fb26cbe463d,ada3d0f52c0848b985022952fef7031f,none,2025-10-01,Versement D'intérêts,none,3.72,EUR,online,False
6db77f7e72ed45f2a2a112f5b3e2b31b,4bb60c8682f543e8939a659d14a20124,none,2025-10-01,Amazon Salary,none,5000.0,EUR,online,False
56c1291323514bcdafc6af2d1f9be6f8,3288ff86901143b4a34e39d56b72f0c9,none,2025-10-01,Juros Recebidos,none,3.72,EUR,online,False
eeda41580e4347399370e378eed18e8f,00140a6c17ce4d3a9dd455073c5cac0a,none,2025-10-01,Intressitulu,none,3.72,EUR,online,False
bc4d96f87c8145a99dea5da56c981c41,0c47e3c72eec4c2286f2d2f04c5e8433,none,2025-10-01,Burger King,none,-17.990000000000002,EUR,online,False
a7b79113022b40028f742d7f2ee768f4,0c47e3c72eec4c2286f2d2f04c5e8433,none,2025-10-01,Zinserträge,none,3.72,EUR,online,False
07f5b0c56b7e4d5aa0f0cdc7a4a4e2a0,7f516dc6ddf5450f86f30b9fe0ba67ea,none,2025-10-01,Renteindægter,none,37.2,DKK,online,False
3aef7e5ea7334600a30c59073e62f62d,f37690212445419c9e5d0fbbda82abc2,none,2025-10-01,Rente-Inkomsten,none,4.17,EUR,online,False
2d4db41d8d5846ed9dc9fee66ffb563b,4fd04cb6bfc247ddb3f42419a347e9bc,none,2025-10-01,Telepizza,none,-17.990000000000002,EUR,online,False
bd9832ba9a5f481e961da8a857a3f22b,ca0e28e500584f8ba9a0197c04959318,none,2025-10-01,Odsetki,none,18.67,PLN,online,False
0ee0b546a4ec43ce86b966620519fe83,ca0e28e500584f8ba9a0197c04959318,none,2025-10-01,Da Grasso,none,-90.28,PLN,online,False
8b1a67a60997483080b3f77d25cf52a2,d8e85133189140ceb38926ca37c44c8d,none,2025-10-01,Interest Earned,none,3.72,GBP,online,False
8d63c015d4a64d67b0ef9b07b2132394,4fd04cb6bfc247ddb3f42419a347e9bc,none,2025-10-01,Liquidación Interés,none,3.72,EUR,online,False
64fbfa5bbd8c4adba4601aea221009b9,8c1950bbf34d4de6adcf81d97399d701,none,2025-10-01,Čili Pica,none,-20.15,EUR,online,False
97d4bd82ccc34b989ce70a396a8d24fd,3288ff86901143b4a34e39d56b72f0c9,none,2025-10-01,Pizza Hut,none,-17.990000000000002,EUR,online,False
0b35e99215d446478189593431a5dd1f,8c1950bbf34d4de6adcf81d97399d701,none,2025-10-01,Palūkanos,none,4.17,EUR,online,False
6f1d4f785cf942459c734d826e81746a,ada3d0f52c0848b985022952fef7031f,none,2025-10-01,Café Du Commerce,none,-17.990000000000002,EUR,online,False
1d0cc1c2aca14839891017ef81aa0091,7372a72bc03c4ab49492a481c2cfc7f5,none,2025-10-02,Costa Coffee,none,-1.67,EUR,online,False
c88a262985114068bb340ce4266990a9,8c1950bbf34d4de6adcf81d97399d701,none,2025-10-02,Gringo,none,-9.72,EUR,online,False
537c2c38a63d4057949bdfd3bd95d290,8c1950bbf34d4de6adcf81d97399d701,none,2025-10-02,Atlyginimas,none,2111.95,EUR,online,False
3c68d843cf0a4b8095b6613def2bf803,8c1950bbf34d4de6adcf81d97399d701,none,2025-10-02,Vero Cafe,none,-1.67,EUR,online,False
aa38abc14b224b50a77bf1106553a77c,fb9a593b6b0c448d968616bb8aae9a60,none,2025-10-02,Egon,none,-86.80000000000001,NOK,online,False
72f17d8816f74256856a6e8949137f99,fb9a593b6b0c448d968616bb8aae9a60,none,2025-10-02,Brilleland,none,-299.90000000000003,NOK,online,False
feeaa6dfa6b64e6cb51e26b93d4769a9,8c1950bbf34d4de6adcf81d97399d701,none,2025-10-02,Optika,none,-33.58,EUR,online,False
bcaddb2497fc41448de1b195848ccb3b,3288ff86901143b4a34e39d56b72f0c9,none,2025-10-02,Multiopticas,none,-29.99,EUR,online,False
63c0336bcb444d36b44f16cc555022a0,3288ff86901143b4a34e39d56b72f0c9,none,2025-10-02,Clube Ferroviário,none,-8.68,EUR,online,False
0e58c35d5fc9463e82e88e245d65591a,2901b5ccd9d84760926e25640dbb70cd,none,2025-10-02,Specsavers,none,-29.99,EUR,online,False
72de4e577fd8486f897df4d63a866e30,2901b5ccd9d84760926e25640dbb70cd,none,2025-10-02,Molly Malone's,none,-8.68,EUR,online,False
97447b610a2a43cc9bce71d513da9003,2901b5ccd9d84760926e25640dbb70cd,none,2025-10-02,Starbucks,none,-2.49,EUR,online,False
e54b473a6d23406b8eaba96763352a77,2901b5ccd9d84760926e25640dbb70cd,none,2025-10-02,Salary,none,1887.03,EUR,online,False
68699eb9b2ed44c39f94451e20ddf9f2,3288ff86901143b4a34e39d56b72f0c9,none,2025-10-02,Padaria Portuguesa,none,-2.49,EUR,online,False
6d0029e5e6dd4394bed1e26eec5d68ab,fb9a593b6b0c448d968616bb8aae9a60,none,2025-10-02,Kaffebrenneriet,none,-24.9,NOK,online,False
017cd9e05160433580f597d64baccb83,d8e85133189140ceb38926ca37c44c8d,none,2025-10-02,Salary,none,1887.03,GBP,online,False
0ad1927462ce414dbd9e1f8f74cc0953,d8e85133189140ceb38926ca37c44c8d,none,2025-10-02,Red Lion Pub,none,-8.68,GBP,online,False
ab0f861dca5741829ca4cb5bbcfb0a4e,d8e85133189140ceb38926ca37c44c8d,none,2025-10-02,Pret,none,-1.49,GBP,online,False
d757979e0a644392bba78b8c1d929fa8,d8e85133189140ceb38926ca37c44c8d,none,2025-10-02,Specsavers,none,-29.99,GBP,online,False
96b0906ce2ee4adc87ba93a785763ae6,7372a72bc03c4ab49492a481c2cfc7f5,none,2025-10-02,Alga,none,2111.95,EUR,online,False
51dd3d41ad2f4916aead3916fe647ae2,7372a72bc03c4ab49492a481c2cfc7f5,none,2025-10-02,Folkklubs Ala Pagrabs,none,-9.72,EUR,online,False
3d2c46f75f1c4070b790bb2d24b078f7,7372a72bc03c4ab49492a481c2cfc7f5,none,2025-10-02,Vision Express,none,-33.58,EUR,online,False
7ee3c007ae4f4c1b8d6f49958a88a862,3288ff86901143b4a34e39d56b72f0c9,none,2025-10-02,Salário,none,1887.03,EUR,online,False
1c3b57c0354b46f7ab21ba9a37538c5b,fb9a593b6b0c448d968616bb8aae9a60,none,2025-10-02,Lønnsbetaling,none,19870.300000000003,NOK,online,False
3ae34181f2a341f2bea95fbe017c4f92,ca0e28e500584f8ba9a0197c04959318,none,2025-10-02,Vision Express,none,-150.44,PLN,online,False
46ef4cf431d843adb17b9694e6cb171c,4fd04cb6bfc247ddb3f42419a347e9bc,none,2025-10-02,Multiopticas,none,-29.99,EUR,online,False
700701d804854565aedcc402efd80b5b,ff109f0c99a146e9bb9e30ccfac01582,none,2025-10-02,Be Optic,none,-29.99,EUR,online,False
bf6ecc75df7e4fc4b7f716b7b98e9f20,ad3b198a7f624730a942384dd064f051,none,2025-10-02,La Vineria,none,-8.68,EUR,online,False
c49c10616adc48fdbacfdc3e88729f8f,0c47e3c72eec4c2286f2d2f04c5e8433,none,2025-10-02,Bar Celona,none,-8.68,EUR,online,False
c1aff580e9b1425f987aff5abf1655ae,00140a6c17ce4d3a9dd455073c5cac0a,none,2025-10-02,Palk,none,1887.03,EUR,online,False
b5e10880803249728c8e8354b528dd53,00140a6c17ce4d3a9dd455073c5cac0a,none,2025-10-02,Reval Cafe,none,-1.49,EUR,online,False
b3a6d5ba480443218b95763b6b9466bc,00140a6c17ce4d3a9dd455073c5cac0a,none,2025-10-02,Põrgu Pub,none,-8.68,EUR,online,False
6176de4a8a534ceaa99c0a54c4297eed,00140a6c17ce4d3a9dd455073c5cac0a,none,2025-10-02,Instrumentarium,none,-29.99,EUR,online,False
5bcfa0d10ed24a4fb056a75e430f2a1f,ada3d0f52c0848b985022952fef7031f,none,2025-10-02,Starbucks,none,-2.49,EUR,online,False
8a4197ee336a44d3be76c14081f0cb0a,ada3d0f52c0848b985022952fef7031f,none,2025-10-02,Bar De La Marine,none,-8.68,EUR,online,False
6cd7ad0012d4404780a87149d00bdd09,7f516dc6ddf5450f86f30b9fe0ba67ea,none,2025-10-02,Baresso,none,-24.9,DKK,online,False
6a6d4cb41ad54612a2cfb7468b1defed,7f516dc6ddf5450f86f30b9fe0ba67ea,none,2025-10-02,Jensens Bøfhus,none,-86.80000000000001,DKK,online,False
4ae7d35360de4c57bfe0b78d6bf70c3b,7f516dc6ddf5450f86f30b9fe0ba67ea,none,2025-10-02,Løn-Udbetaling,none,18870.3,DKK,online,False
1cfa068ff53c4886b4ef81f5e8fd72d7,7f516dc6ddf5450f86f30b9fe0ba67ea,none,2025-10-02,Synoptik,none,-299.90000000000003,DKK,online,False
8b77273bbbea4039a46418fe27139400,ada3d0f52c0848b985022952fef7031f,none,2025-10-02,Optic,none,-29.99,EUR,online,False
ac609b73ab5d43f28726e1421b420816,0c47e3c72eec4c2286f2d2f04c5e8433,none,2025-10-02,Coffee Fellows,none,-2.49,EUR,online,False
48de441abcfd4b41aab8e8d3b69c5268,0c47e3c72eec4c2286f2d2f04c5e8433,none,2025-10-02,Fielmann,none,-29.99,EUR,online,False
47492f9399a74d50a7a1787f5ea32d8a,0c47e3c72eec4c2286f2d2f04c5e8433,none,2025-10-02,Salary,none,1887.03,EUR,online,False
8f035294824645fc9d0416c0384bb75d,ada3d0f52c0848b985022952fef7031f,none,2025-10-02,Salaire,none,1887.03,EUR,online,False
2af6ad76f5734071b9ba1d3ee022ed1e,ad3b198a7f624730a942384dd064f051,none,2025-10-02,Stipendio,none,1887.03,EUR,online,False
5256b683685e42939a5e100bda297835,ad3b198a7f624730a942384dd064f051,none,2025-10-02,Illycaffè,none,-2.49,EUR,online,False
a7f182aa44cc447194c3a861f0f94ad6,ad3b198a7f624730a942384dd064f051,none,2025-10-02,Visionottica,none,-29.99,EUR,online,False
db7f5c4a86814dedb6f6185142e5fa1d,ff109f0c99a146e9bb9e30ccfac01582,none,2025-10-02,Salaire,none,1887.03,EUR,online,False
ed7e7ef2269044fe88b4ed68b60bdc0d,ff109f0c99a146e9bb9e30ccfac01582,none,2025-10-02,Starbucks,none,-2.49,EUR,online,False
690b4f05ca634f339c6c704c8e2e70b7,ff109f0c99a146e9bb9e30ccfac01582,none,2025-10-02,Hof Van Cleve,none,-8.68,EUR,online,False
c86b450a6660470cb01f9e67f239889d,ca0e28e500584f8ba9a0197c04959318,none,2025-10-02,Green Caffè Nero,none,-7.48,PLN,online,False
dfa7c231aea04e3c8d0d1ad2115e6ff0,4fd04cb6bfc247ddb3f42419a347e9bc,none,2025-10-02,Nómina,none,1887.03,EUR,online,False
110f5cad24184404900aa506641cb83b,4fd04cb6bfc247ddb3f42419a347e9bc,none,2025-10-02,Starbucks,none,-2.49,EUR,online,False
93e268dac348458da622b5a57f306472,41e035480df54e979ecd6234c2010921,none,2025-10-02,Red Lion Pub,none,-8.68,EUR,online,False
8e8232bdd1c6424593ca6e69276426da,41e035480df54e979ecd6234c2010921,none,2025-10-02,Starbucks,none,-2.49,EUR,online,False
505cae6e32f14b85b46d52293fcc1979,41e035480df54e979ecd6234c2010921,none,2025-10-02,Salary,none,1887.03,EUR,online,False
104346cd84e84a399b96d82b479770fd,41e035480df54e979ecd6234c2010921,none,2025-10-02,Specsavers,none,-29.99,EUR,online,False
d5b3dd3ef59542feadda92543d3b7c93,ca0e28e500584f8ba9a0197c04959318,none,2025-10-02,Pub Barka,none,-43.53,PLN,online,False
8b6210acb0c64a86b88f620b4ff74bc8,ca0e28e500584f8ba9a0197c04959318,none,2025-10-02,Wynagrodzenie,none,9467.02,PLN,online,False
31f4c0a51b594f419344366eeea462b9,c933b12ce50c48dcb4208e2d5fe59c4e,none,2025-10-02,Specsavers,none,-299.90000000000003,SEK,online,False
a1eaff0f4009454e8d79338173dca04d,4fd04cb6bfc247ddb3f42419a347e9bc,none,2025-10-02,Lizarran,none,-8.68,EUR,online,False
1f5ce4f775da4e45a23b53924564cbad,f37690212445419c9e5d0fbbda82abc2,none,2025-10-02,Salaris,none,2111.95,EUR,online,False
6692a513ba7d45a888c3a54dfa38eac5,f37690212445419c9e5d0fbbda82abc2,none,2025-10-02,Pearle Opticiens,none,-33.58,EUR,online,False
9b9929a8042e4bfbba8d818c0f3441ea,c933b12ce50c48dcb4208e2d5fe59c4e,none,2025-10-02,The Bishops Arms,none,-86.80000000000001,SEK,online,False
9d6ea108335e40aa97a14c0d13271719,c933b12ce50c48dcb4208e2d5fe59c4e,none,2025-10-02,Lön,none,18870.3,SEK,online,False
e9e7fd667eb94241945186256691aa6a,f37690212445419c9e5d0fbbda82abc2,none,2025-10-02,De Drie Gezusters,none,-9.72,EUR,online,False
7f1ea2b9c4654b9086355f60fafc91f6,c933b12ce50c48dcb4208e2d5fe59c4e,none,2025-10-02,Wayne's Coffee,none,-24.9,SEK,online,False
91d3207c1c0443f6b7ff9713e62d9378,f37690212445419c9e5d0fbbda82abc2,none,2025-10-02,Broodje Van Dootje,none,-1.67,EUR,online,False
9eab1e33f5904d7891c275160402ce94,ff109f0c99a146e9bb9e30ccfac01582,none,2025-10-03,Loyer,none,-650.0,EUR,online,False
f6d4e83abe8d4767bf6d02fe88551376,4fd04cb6bfc247ddb3f42419a347e9bc,none,2025-10-03,Mercadona,none,-27.66,EUR,online,False
f149afbf355c4f4894070582c4a95ad3,4fd04cb6bfc247ddb3f42419a347e9bc,none,2025-10-03,Alquiler,none,-650.0,EUR,online,False
4f6c078bd63646b7bb35438635bbd7c5,0c47e3c72eec4c2286f2d2f04c5e8433,none,2025-10-03,Aldi,none,-27.66,EUR,online,False
e1538fb0d00b44bbb0de44ec9814d811,0c47e3c72eec4c2286f2d2f04c5e8433,none,2025-10-03,Miete,none,-650.0,EUR,online,False
db570c40b82d48bcb4a5e98ec198fc47,7372a72bc03c4ab49492a481c2cfc7f5,none,2025-10-03,Īre,none,-728.0,EUR,online,False
055a5eb2f72d4578905e28d1f9ccb042,d6cc56bc402a4685829f0de347af4c63,none,2025-10-03,Starbucks,none,-1.87,GBP,online,False
73fefe220f5a417a8326565d8f8579f0,41e035480df54e979ecd6234c2010921,none,2025-10-03,Supervalu,none,-27.66,EUR,online,False
b4d1d938ee7b4ee8828d14d223cebbc4,41e035480df54e979ecd6234c2010921,none,2025-10-03,Rent,none,-650.0,EUR,online,False
a9bd1ea5cdaa482dbb0b75ff144b0d81,ca0e28e500584f8ba9a0197c04959318,none,2025-10-03,Czynsz,none,-3263.0,PLN,online,False
607157dc53a041fbbbf8c00123fef225,ada3d0f52c0848b985022952fef7031f,none,2025-10-03,Loyer,none,-650.0,EUR,online,False
4e89b037260b42efbd78c74ca4e5f7c5,ada3d0f52c0848b985022952fef7031f,none,2025-10-03,Auchan,none,-27.66,EUR,online,False
3059f3688b444f23ab1ba8064fb2f3a1,ff109f0c99a146e9bb9e30ccfac01582,none,2025-10-03,Ad Delhaize,none,-27.66,EUR,online,False
75c83662d5374bb784da758c25e68aeb,7372a72bc03c4ab49492a481c2cfc7f5,none,2025-10-03,Maxima,none,-30.99,EUR,online,False
b8b733e43d3f4fa9b358d8a5b1fdccc6,ca0e28e500584f8ba9a0197c04959318,none,2025-10-03,Biedronka,none,-138.79,PLN,online,False
e804b456bbd84907be485e5a8fd3ef47,3288ff86901143b4a34e39d56b72f0c9,none,2025-10-03,Continente,none,-27.66,EUR,online,False
96142ecbb2d74fafa144c2d0d2c4d4d3,00140a6c17ce4d3a9dd455073c5cac0a,none,2025-10-03,Üür,none,-650.0,EUR,online,False
c7046da3dbd042aba1d0fea27ec06fd8,d8e85133189140ceb38926ca37c44c8d,none,2025-10-03,Tesco Store,none,-27.66,GBP,online,False
f843880947664fe0a8acd0e2b8c570f2,d8e85133189140ceb38926ca37c44c8d,none,2025-10-03,Rent,none,-650.0,GBP,online,False
5e0c47854bed4bb18490b41cf7932ea1,8c1950bbf34d4de6adcf81d97399d701,none,2025-10-03,Nuoma,none,-728.0,EUR,online,False
fbee5e9a65b3486192328bb1b408fe8b,8c1950bbf34d4de6adcf81d97399d701,none,2025-10-03,Maxima,none,-30.99,EUR,online,False
a3bff493aabe41af9d82eb7961c172e3,c933b12ce50c48dcb4208e2d5fe59c4e,none,2025-10-03,Hyra,none,-6500.0,SEK,online,False
faa0148f3ccb4bfe9898c368014e0b78,c933b12ce50c48dcb4208e2d5fe59c4e,none,2025-10-03,Coop,none,-276.6,SEK,online,False
f87460160b564b478c342e4b76ffc5b8,f37690212445419c9e5d0fbbda82abc2,none,2025-10-03,Albert Heijn,none,-30.99,EUR,online,False
1d17771445284329a9ecaa3308862135,f37690212445419c9e5d0fbbda82abc2,none,2025-10-03,Huur,none,-728.0,EUR,online,False
d199353e8d0c495db16b16d3f39ac751,fb9a593b6b0c448d968616bb8aae9a60,none,2025-10-03,Coop,none,-276.6,NOK,online,False
deca0e48e0cd4c9c9d4db3b7156d6861,fb9a593b6b0c448d968616bb8aae9a60,none,2025-10-03,Husleie,none,-6500.0,NOK,online,False
ef8fca8020ac4d7083faa9e3d4497541,3288ff86901143b4a34e39d56b72f0c9,none,2025-10-03,Renda,none,-650.0,EUR,online,False
503b0e4866244dd5b6320fe54285c5b9,2901b5ccd9d84760926e25640dbb70cd,none,2025-10-03,Prisma,none,-27.66,EUR,online,False
7f51eef14acc426583dc943ab5aff10d,00140a6c17ce4d3a9dd455073c5cac0a,none,2025-10-03,Selver,none,-27.66,EUR,online,False
f0aaa71c565e49c3ba9b86a7048252ca,2901b5ccd9d84760926e25640dbb70cd,none,2025-10-03,Vuokra,none,-650.0,EUR,online,False
7c0ae427cd224aa6a3da798880b825cb,7f516dc6ddf5450f86f30b9fe0ba67ea,none,2025-10-03,Netto,none,-276.6,DKK,online,False
512448a045e44dc39791016283fd848e,ad3b198a7f624730a942384dd064f051,none,2025-10-03,Affitto,none,-650.0,EUR,online,False
dc9f51689fa844b89c15787fde534907,7f516dc6ddf5450f86f30b9fe0ba67ea,none,2025-10-03,Husleje,none,-6500.0,DKK,online,False
0276e6ca53a44679b7566679dd9528ad,ad3b198a7f624730a942384dd064f051,none,2025-10-03,Conad,none,-27.66,EUR,online,False
b7ac66da319546648dff532329152865,fb9a593b6b0c448d968616bb8aae9a60,none,2025-10-05,If Forsikring,none,-348.5,NOK,online,False
66ff08ebada848d3a44a5e3e4ea4a7d8,d8e85133189140ceb38926ca37c44c8d,none,2025-10-05,Admiral Insurance,none,-34.85,GBP,online,False
d80f82455fec4c4784b84eff4e990ceb,7372a72bc03c4ab49492a481c2cfc7f5,none,2025-10-05,Balta,none,-39.03,EUR,online,False
8833126f1fa043fc8541b1f424384ad9,8c1950bbf34d4de6adcf81d97399d701,none,2025-10-05,Lietuvos Draudimas,none,-39.03,EUR,online,False
c981176f85a64d03859b36ec3b2f86ee,c933b12ce50c48dcb4208e2d5fe59c4e,none,2025-10-05,Trygg-Hansa,none,-348.5,SEK,online,False
6da4b438f1dd4a8ebd93aaaa489fe64e,4fd04cb6bfc247ddb3f42419a347e9bc,none,2025-10-05,Mapfre,none,-34.85,EUR,online,False
ac73e2e024174b48a74a4aa7b327f76a,0c47e3c72eec4c2286f2d2f04c5e8433,none,2025-10-05,Allianz,none,-34.85,EUR,online,False
80d464d040e14fe899917d7190d98f57,ad3b198a7f624730a942384dd064f051,none,2025-10-05,Axa,none,-34.85,EUR,online,False
19241990085c46cfaec4a7d296f6810f,f37690212445419c9e5d0fbbda82abc2,none,2025-10-05,Centraal Beheer,none,-39.03,EUR,online,False
e8c191c9f2424f66a3377560723b3c7a,2901b5ccd9d84760926e25640dbb70cd,none,2025-10-05,If,none,-34.85,EUR,online,False
c93681bf63a445b6a0068cd133ffd245,3288ff86901143b4a34e39d56b72f0c9,none,2025-10-05,Generalli,none,-34.85,EUR,online,False
5a12dfbd15244751a6891b92e2e08cae,ff109f0c99a146e9bb9e30ccfac01582,none,2025-10-05,Ag Insurance,none,-34.85,EUR,online,False
5a01b6adbf3543028e7fd0e10eda6c87,ff109f0c99a146e9bb9e30ccfac01582,none,2025-10-05,Ag Insurance,none,-34.85,EUR,online,False
84cd492ac33441acb99c8a835503d7f3,41e035480df54e979ecd6234c2010921,none,2025-10-05,Aviva Insurance,none,-34.85,EUR,online,False
30f282e7a8634cf68a710b2e6aa78fe0,00140a6c17ce4d3a9dd455073c5cac0a,none,2025-10-05,If Kindlustus,none,-34.85,EUR,online,False
a037c8ffd16343d6971176cc99852a9b,7f516dc6ddf5450f86f30b9fe0ba67ea,none,2025-10-05,Tryg,none,-348.5,DKK,online,False
b6e6302c07b14e9ebadfe973db61ff7e,ada3d0f52c0848b985022952fef7031f,none,2025-10-05,Axa,none,-34.85,EUR,online,False
3af3ad26e66c497b819d795c8779a1bc,f37690212445419c9e5d0fbbda82abc2,none,2025-10-06,Hellofresh,none,-33.58,EUR,online,False
afe1cbd8fcb043aa84c95337d7b096fe,d8e85133189140ceb38926ca37c44c8d,none,2025-10-06,Tfl Rail,none,-27.9,GBP,online,False
7bad430f1e044e49a6e898fddcd79e0b,00140a6c17ce4d3a9dd455073c5cac0a,none,2025-10-06,Bolt Food,none,-29.99,EUR,online,False
f18bea2a132e434a8c9f5210a428417c,2901b5ccd9d84760926e25640dbb70cd,none,2025-10-06,K-Citymarket,none,-29.99,EUR,online,False
7dceff3507b54c0488178658919932cf,2901b5ccd9d84760926e25640dbb70cd,none,2025-10-06,HSL,none,-27.9,EUR,online,False
26485d12ef214de7baab12e54abd3003,8c1950bbf34d4de6adcf81d97399d701,none,2025-10-06,Wolt,none,-33.58,EUR,online,False
3442b66b7e52447ea77983b42773f839,8c1950bbf34d4de6adcf81d97399d701,none,2025-10-06,Lietuvos Geležinkeliai,none,-31.24,EUR,online,False
e7191231178f4720aaf5d352890afd91,7372a72bc03c4ab49492a481c2cfc7f5,none,2025-10-06,Pasažieru Vilciens,none,-31.24,EUR,online,False
a1d97e5217a143bb8d568e08d219bcd2,7372a72bc03c4ab49492a481c2cfc7f5,none,2025-10-06,Wolt,none,-33.58,EUR,online,False
48a8acaf64184b45ad70e4fd38bd0402,c933b12ce50c48dcb4208e2d5fe59c4e,none,2025-10-06,Storstockholms Lokaltrafik,none,-279.0,SEK,online,False
49af680024c949f49f0f801b9e4b0173,4fd04cb6bfc247ddb3f42419a347e9bc,none,2025-10-06,Dia,none,-29.99,EUR,online,False
5d3a89f4f83e4be4ab31cb79b134f54f,c933b12ce50c48dcb4208e2d5fe59c4e,none,2025-10-06,Ica,none,-299.90000000000003,SEK,online,False
a8f26b33de604e5499d36c4bea833606,ada3d0f52c0848b985022952fef7031f,none,2025-10-06,Carrefour,none,-29.99,EUR,online,False
f5ac710637e34ba6872261d31795f22a,4fd04cb6bfc247ddb3f42419a347e9bc,none,2025-10-06,Metro Madrid,none,-27.9,EUR,online,False
5b752f6048bd467f929988ad995fbf04,ada3d0f52c0848b985022952fef7031f,none,2025-10-06,Eurostar,none,-27.9,EUR,online,False
919c070f18ba49e0b49d3aa715ce50f2,41e035480df54e979ecd6234c2010921,none,2025-10-06,Tesco Store,none,-29.99,EUR,online,False
e3c69e1061c74d689c74de15ada33d6c,41e035480df54e979ecd6234c2010921,none,2025-10-06,Irish Rail,none,-27.9,EUR,online,False
ea2ff71a0f4144728afaa2d55026474c,f37690212445419c9e5d0fbbda82abc2,none,2025-10-06,Ns Treinen,none,-31.24,EUR,online,False
39a8da39e58e409ab84b04cff5edb975,ad3b198a7f624730a942384dd064f051,none,2025-10-06,Atac,none,-27.9,EUR,online,False
5365912e391141009ef8bb0c7e441850,00140a6c17ce4d3a9dd455073c5cac0a,none,2025-10-06,Elron,none,-27.9,EUR,online,False
19a7869012364f8797da4a3f97fd9da5,ad3b198a7f624730a942384dd064f051,none,2025-10-06,Esselunga,none,-29.99,EUR,online,False
734d1ed3cb0546ab95fed9d18d8944a2,d8e85133189140ceb38926ca37c44c8d,none,2025-10-06,Hello Fresh,none,-29.99,GBP,online,False
d35705e5e5c74f1dbabf80fcf1e9941a,7f516dc6ddf5450f86f30b9fe0ba67ea,none,2025-10-06,Dsb,none,-279.0,DKK,online,False
880a1e3af807438ba4458182257fff02,0c47e3c72eec4c2286f2d2f04c5e8433,none,2025-10-06,Flixbus,none,-27.9,EUR,online,False
b43e47f5181241528a8c94d183b51d27,ff109f0c99a146e9bb9e30ccfac01582,none,2025-10-06,Carrefour,none,-29.99,EUR,online,False
da40cb7ef73f48c081825c425a1000dc,fb9a593b6b0c448d968616bb8aae9a60,none,2025-10-06,Rema 1000,none,-299.90000000000003,NOK,online,False
6e3cac8a1a694ee09fbe5d5b993ba919,fb9a593b6b0c448d968616bb8aae9a60,none,2025-10-06,Skyss,none,-279.0,NOK,online,False
9bfa0201e6f34a5fb3b638a2723b614e,ca0e28e500584f8ba9a0197c04959318,none,2025-10-06,Pkp,none,-139.95000000000002,PLN,online,False
302477a3963f47219687682a448c5c6e,3288ff86901143b4a34e39d56b72f0c9,none,2025-10-06,Metro Lisboa,none,-27.9,EUR,online,False
ba65b26e8afa4da9a18cd1b99fd4be0b,0c47e3c72eec4c2286f2d2f04c5e8433,none,2025-10-06,Edeka,none,-29.99,EUR,online,False
9329e1bba3ca47a98f6b4a3a58103bb6,7f516dc6ddf5450f86f30b9fe0ba67ea,none,2025-10-06,Fakta,none,-299.90000000000003,DKK,online,False
f2e76306e70c490baa626e9d83698394,ff109f0c99a146e9bb9e30ccfac01582,none,2025-10-06,Sncb,none,-27.9,EUR,online,False
d667620be39a49d6bdc6944f981e1007,ca0e28e500584f8ba9a0197c04959318,none,2025-10-06,Pyszne.pl,none,-150.44,PLN,online,False
c60aca83d6a64c268cc8e2de5952a73d,3288ff86901143b4a34e39d56b72f0c9,none,2025-10-08,Lidl,none,-29.99,EUR,online,False
51ff5c9ac77c47499d8cb71d6e7b6807,00140a6c17ce4d3a9dd455073c5cac0a,none,2025-10-09,Reval Cafe,none,-1.49,EUR,online,False
2f3bc1659e344f07bff3ac7cdbafcab0,00140a6c17ce4d3a9dd455073c5cac0a,none,2025-10-09,Amazon,none,-56.98,EUR,online,False
b621faabbffd474c9b41976fe1534a78,0c47e3c72eec4c2286f2d2f04c5e8433,none,2025-10-09,Coffee Fellows,none,-2.49,EUR,online,False
fb316d2e92bc4849bf18932f5a5fb00d,0c47e3c72eec4c2286f2d2f04c5e8433,none,2025-10-09,Amazon,none,-56.98,EUR,online,False
b993975962634da3805456c41dd673b9,41e035480df54e979ecd6234c2010921,none,2025-10-09,Starbucks,none,-2.49,EUR,online,False
14032f1810a444ce878816381758a5a0,f37690212445419c9e5d0fbbda82abc2,none,2025-10-09,Amazon,none,-63.86,EUR,online,False
1a319a70c3934932a65451fcc32de562,ada3d0f52c0848b985022952fef7031f,none,2025-10-09,Amazon,none,-56.98,EUR,online,False
a2341f993c844c409f4b9c7c4a10015c,f37690212445419c9e5d0fbbda82abc2,none,2025-10-09,Broodje Van Dootje,none,-1.67,EUR,online,False
6bb57518e9fd42fa9c0bf6571cfce03f,ada3d0f52c0848b985022952fef7031f,none,2025-10-09,Starbucks,none,-2.49,EUR,online,False
715980b7729946de835f76f11e8ac146,ff109f0c99a146e9bb9e30ccfac01582,none,2025-10-09,Starbucks,none,-2.49,EUR,online,False
7f37a201bb854394a9270cd3ff3fcd9e,8c1950bbf34d4de6adcf81d97399d701,none,2025-10-09,Amazon,none,-63.86,EUR,online,False
a80376f6c18e4dda8ce31afc1516e39b,8c1950bbf34d4de6adcf81d97399d701,none,2025-10-09,Vero Cafe,none,-1.67,EUR,online,False
8c405fd81e9a43ce911f6e50d59ea612,fb9a593b6b0c448d968616bb8aae9a60,none,2025-10-09,Komplett.no,none,-569.8000000000001,NOK,online,False
39220783c7144f2c82aff72f0f415fde,fb9a593b6b0c448d968616bb8aae9a60,none,2025-10-09,Kaffebrenneriet,none,-24.9,NOK,online,False
9117bf0a49c242d485f5fc2ab6137346,4fd04cb6bfc247ddb3f42419a347e9bc,none,2025-10-09,Starbucks,none,-2.49,EUR,online,False
1f85d0c3c09e43a497597230d11f9835,4fd04cb6bfc247ddb3f42419a347e9bc,none,2025-10-09,Amazon,none,-56.98,EUR,online,False
d207775adee440df9a168d7e66ed95ce,d8e85133189140ceb38926ca37c44c8d,none,2025-10-09,Pret,none,-1.49,GBP,online,False
d4d85aba2b2d409983b5af38e5c63b35,41e035480df54e979ecd6234c2010921,none,2025-10-09,Amazon,none,-56.98,EUR,online,False
fb8df1f6167d40e78069748b5a82c7f2,c933b12ce50c48dcb4208e2d5fe59c4e,none,2025-10-09,Zalando,none,-569.8000000000001,SEK,online,False
27e9ad013db84c58be8973c84b4c9498,2901b5ccd9d84760926e25640dbb70cd,none,2025-10-09,Stockmann.com,none,-56.98,EUR,online,False
795c5bf76023437b878af858393340ad,ad3b198a7f624730a942384dd064f051,none,2025-10-09,Amazon,none,-56.98,EUR,online,False
56698a877d8d4e6cb86454dc3e6c2f49,7372a72bc03c4ab49492a481c2cfc7f5,none,2025-10-09,Costa Coffee,none,-1.67,EUR,online,False
b389c096f88d4533ba636e3d93525608,ff109f0c99a146e9bb9e30ccfac01582,none,2025-10-09,Amazon,none,-56.98,EUR,online,False
822faf78be8b418cbe4442761395e97d,ad3b198a7f624730a942384dd064f051,none,2025-10-09,Illycaffè,none,-2.49,EUR,online,False
8433398d3ce54755bb2dba8d22d484bd,2901b5ccd9d84760926e25640dbb70cd,none,2025-10-09,Starbucks,none,-2.49,EUR,online,False
97235e159b574427bf2e52e513c5c7bc,3288ff86901143b4a34e39d56b72f0c9,none,2025-10-09,Amazon,none,-56.98,EUR,online,False
1329aa043b0348b19d2d75d1200b9ac4,3288ff86901143b4a34e39d56b72f0c9,none,2025-10-09,Padaria Portuguesa,none,-2.49,EUR,online,False
61ebcf59066645f084f672f325f9311d,c933b12ce50c48dcb4208e2d5fe59c4e,none,2025-10-09,Wayne's Coffee,none,-24.9,SEK,online,False
fb70e42318314a40a2b95c295bd0ded4,7372a72bc03c4ab49492a481c2cfc7f5,none,2025-10-09,Amazon,none,-63.86,EUR,online,False
115a3296f7e54cb48ac1037146f6e44a,7f516dc6ddf5450f86f30b9fe0ba67ea,none,2025-10-09,Baresso,none,-24.9,DKK,online,False
31d35a64b3704f08a7301993d80b5212,ca0e28e500584f8ba9a0197c04959318,none,2025-10-09,Amazon,none,-285.62,PLN,online,False
9f5ae4845fd943fda3b87c209d0834e1,ca0e28e500584f8ba9a0197c04959318,none,2025-10-09,Green Caffè Nero,none,-7.48,PLN,online,False
685309647bb9484e8c087df6b5fe5d1f,7f516dc6ddf5450f86f30b9fe0ba67ea,none,2025-10-09,Nemlig.com,none,-569.8000000000001,DKK,online,False
1b1f7a5ca5364b19b40e6701c0954e41,d8e85133189140ceb38926ca37c44c8d,none,2025-10-09,Amazon,none,-56.98,GBP,online,False
f3924a86907d41f2823dee8507dc1235,ad3b198a7f624730a942384dd064f051,none,2025-10-10,Giroconto,none,-200.0,EUR,online,False
785eff11655247718d95b1f7a2f5cb8c,e012264a41a44d28b32f66f40200bb8e,none,2025-10-10,Overførsel,none,2000.0,DKK,online,False
c09aa783e4354aaf9e9d18e78793e042,fb9a593b6b0c448d968616bb8aae9a60,none,2025-10-10,Overføring,none,-2000.0,NOK,online,False
321e09d9cfc74c0f954f026c6b9d67ba,7f516dc6ddf5450f86f30b9fe0ba67ea,none,2025-10-10,Overførsel,none,-2000.0,DKK,online,False
5b312c1d78d94c14b19f91ca7516dbb0,ac7a2d64f01d4638a1534bd543f7a8bc,none,2025-10-10,Overføring,none,2000.0,NOK,online,False
66c644db4b4043369120e11dfd3bf323,7f516dc6ddf5450f86f30b9fe0ba67ea,none,2025-10-10,Starbucks,none,-37.9,DKK,online,False
57ecb1e3887d40e3a32bf4d3a5d3960d,2901b5ccd9d84760926e25640dbb70cd,none,2025-10-10,Espresso House,none,-3.79,EUR,online,False
b3a0b6b6e01c40c1b7b2ddc0da9bb26a,5078c8ead42c4f0c90ec882910bcc75c,none,2025-10-10,Giroconto,none,200.0,EUR,online,False
b08717dd98d84f8682304f71b3761c71,f37690212445419c9e5d0fbbda82abc2,none,2025-10-10,Spaarrekening Overboeking,none,-230.0,EUR,online,False
2bf6321773654a1a9beeb2df8df34d3a,ad3b198a7f624730a942384dd064f051,none,2025-10-10,Autogrill,none,-3.79,EUR,online,False
d977193ba23e445da01eddc0c85634ef,f37690212445419c9e5d0fbbda82abc2,none,2025-10-10,De Laatste Kruimel,none,-5.57,EUR,online,False
ef298cd589e24109857b6ec16ba5fc5a,725cf38790664fdb925d23618ee24518,none,2025-10-10,Tilisiirto,none,200.0,EUR,online,False
16b1c9e9c9bc4467b335a8e2591951b9,00140a6c17ce4d3a9dd455073c5cac0a,none,2025-10-10,Kohvik August,none,-4.97,EUR,online,False
1e93110ab7a6482a89b8a875b0cf8b61,38fdaceb6f364a50b21ba31b9a80306b,none,2025-10-10,Säästud Ülekanne,none,200.0,EUR,online,False
b695d65c30b1446cb0eb40c81e1c3c31,00140a6c17ce4d3a9dd455073c5cac0a,none,2025-10-10,Säästud Ülekanne,none,-200.0,EUR,online,False
a9fc3c2732db49c381dc48b8647d0f06,0c47e3c72eec4c2286f2d2f04c5e8433,none,2025-10-10,Starbucks,none,-3.79,EUR,online,False
45e4c9e3a81d4ebf9f890100cdfa6d21,084611e2c55c45a0a153ff24e2b5cb50,none,2025-10-10,Übertrag,none,200.0,EUR,online,False
03636da8f2d349ab9329e4778ebd9d30,fb9a593b6b0c448d968616bb8aae9a60,none,2025-10-10,Godt Brød,none,-37.9,NOK,online,False
4a67665c381a489db6ae7c177f6ce8d4,ca93c6e29cd64c288aa462e85c634c88,none,2025-10-10,Spaarrekening Overboeking,none,230.0,EUR,online,False
44348921fe7d418084f73fc5d1445d23,0c47e3c72eec4c2286f2d2f04c5e8433,none,2025-10-10,Übertrag,none,-200.0,EUR,online,False
a16e02b7c3034a78aa1f44e21e5f51d3,2901b5ccd9d84760926e25640dbb70cd,none,2025-10-10,Tilisiirto,none,-200.0,EUR,online,False
1eab81f4486b413c8b03e6ebc00e5f27,9a0ba5d9c1f649dfbfaf18adec749a6a,none,2025-10-10,Överföring,none,2000.0,SEK,online,False
8be33196c9af488eb9e876cc6da8cb21,4fd04cb6bfc247ddb3f42419a347e9bc,none,2025-10-10,Transferencia,none,-200.0,EUR,online,False
418e696ea7ec42ca966216c698eb3eb8,c933b12ce50c48dcb4208e2d5fe59c4e,none,2025-10-10,Starbucks,none,-37.9,SEK,online,False
368ae5608cca424a9a93e3ee8836b5aa,41e035480df54e979ecd6234c2010921,none,2025-10-10,Savings Transfer,none,-200.0,EUR,online,False
a012ead61e2f4d76902e8db112feb67e,41e035480df54e979ecd6234c2010921,none,2025-10-10,Bridge Cafe,none,-4.97,EUR,online,False
fa123b7b42154855b584d4b5d61ea27c,6729b669f9e2456a9fbdee4e94d641c8,none,2025-10-10,Savings Transfer,none,200.0,EUR,online,False
d1e206a2e44446c3be09b534be795a35,d6cc56bc402a4685829f0de347af4c63,none,2025-10-10,Starbucks,none,-1.87,GBP,online,False
6a2ea9b737be4fd6a722efadc70120c1,ca0e28e500584f8ba9a0197c04959318,none,2025-10-10,Chleb I Wino,none,-24.95,PLN,online,False
05e0a56575264796813fef69cb1e6a32,8c1950bbf34d4de6adcf81d97399d701,none,2025-10-10,Taupymo Pervedimas,none,-230.0,EUR,online,False
689a859203ee4bc7856f70408e5bb298,c933b12ce50c48dcb4208e2d5fe59c4e,none,2025-10-10,Överföring,none,-2000.0,SEK,online,False
c899dafe89e04d09b17c0dcf177dc02a,82e4bce631ce4afcace0ca4d36cc4958,none,2025-10-10,Krājumu Pārskaitījums,none,230.0,EUR,online,False
d02a70200d2c4f15b709d4936fe52b90,7372a72bc03c4ab49492a481c2cfc7f5,none,2025-10-10,Double Coffee,none,-5.57,EUR,online,False
0751752d2654453db6704963b91fce9a,c52dcb1d472c4252b1be25e1e35826fd,none,2025-10-10,Przelew Na Konto Oszczędnościowe,none,1000.0,PLN,online,False
02d9054c970f4dd083580e4f70948205,ca0e28e500584f8ba9a0197c04959318,none,2025-10-10,Przelew Na Konto Oszczędnościowe,none,-1000.0,PLN,online,False
7e18420a075d439fb46eb85ed823532e,193ffb34e92f4926a2b1f166dd9c3ac8,none,2025-10-10,Savings Transfer,none,200.0,GBP,online,False
9688f0628a8941baa7a4f8de1ba29233,d8e85133189140ceb38926ca37c44c8d,none,2025-10-10,Savings Transfer,none,-200.0,GBP,online,False
d75b2d0023dc4849bc1ea266ee060285,d8e85133189140ceb38926ca37c44c8d,none,2025-10-10,Bridge Cafe,none,-4.97,GBP,online,False
92d86482c41d4c398319ddae169eee37,7372a72bc03c4ab49492a481c2cfc7f5,none,2025-10-10,Krājumu Pārskaitījums,none,-230.0,EUR,online,False
603a16d5e4304fb29fd16364d6b4ac5f,b4b23f035a9f4b6193e1664c1d4ed782,none,2025-10-10,Taupymo Pervedimas,none,230.0,EUR,online,False
1413041785e846bda7ec9fa4bdcc07fc,3288ff86901143b4a34e39d56b72f0c9,none,2025-10-10,Starbucks,none,-3.79,EUR,online,False
26a704994a3b4e00b1f08e88f3138f93,ada3d0f52c0848b985022952fef7031f,none,2025-10-10,Segafredo,none,-3.79,EUR,online,False
2192c90a5dac457c943b3740b83383db,3288ff86901143b4a34e39d56b72f0c9,none,2025-10-10,Transferência,none,-200.0,EUR,online,False
1dd3a18e0298422196cccebf89e5cec5,0b938997d88247d69ef5234ff5bf653b,none,2025-10-10,Virement,none,200.0,EUR,online,False
b28c4b1fc71a4e9381ab3e5875e381b7,e446f1818301472a926013ba98cc8c5c,none,2025-10-10,Transferência,none,200.0,EUR,online,False
f378be06f65d4450aee945053560ba83,4fd04cb6bfc247ddb3f42419a347e9bc,none,2025-10-10,Cafetería,none,-3.79,EUR,online,False
db29ecd193f145b5b7ccc93526e177ec,8c1950bbf34d4de6adcf81d97399d701,none,2025-10-10,Vero Cafe,none,-5.57,EUR,online,False
b6e36b8d224549028f3d9856a56ef22e,fb2d93d065bd45c9893f58d31839cde8,none,2025-10-10,Virement,none,200.0,EUR,online,False
2f5f1a8fcfc5408bb025d2fd9ac3afd7,ff109f0c99a146e9bb9e30ccfac01582,none,2025-10-10,Neuhaus,none,-3.79,EUR,online,False
60d33f7e980944e8967282b9a47fa445,ada3d0f52c0848b985022952fef7031f,none,2025-10-10,Virement,none,-200.0,EUR,online,False
bd8b0cb8829d4a16875bea48f8db78c0,bfa0dd42f04646098b81b4cbc0bcb678,none,2025-10-10,Transferencia,none,200.0,EUR,online,False
d7fc8b0823c947f18239a8df18717292,ff109f0c99a146e9bb9e30ccfac01582,none,2025-10-10,Virement,none,-200.0,EUR,online,False
64b353bc84b448439dae35acf3c893b6,d8e85133189140ceb38926ca37c44c8d,none,2025-10-12,Atm Withdrawal,none,-20.0,GBP,online,False
5c5f8350cc794cf795a56a476784ef48,d8e85133189140ceb38926ca37c44c8d,none,2025-10-12,Vodafone,none,-22.99,GBP,online,False
44b3bd0c9f6d48489b38b56d1e2895f0,d8e85133189140ceb38926ca37c44c8d,none,2025-10-12,iTunes,none,-17.990000000000002,GBP,online,False
eb59f9df28e942f2a333525e545e267f,fb9a593b6b0c448d968616bb8aae9a60,none,2025-10-12,Telenor,none,-229.9,NOK,online,False
ee589305f3504903b3627b8ece6047af,fb9a593b6b0c448d968616bb8aae9a60,none,2025-10-12,Spotify,none,-159.9,NOK,online,False
a6d1b064424b44e5a58a3eb7e3fad478,fb9a593b6b0c448d968616bb8aae9a60,none,2025-10-12,Uttak Minibank,none,-200.0,NOK,online,False
18b95fc04894466fa54f8fc3d2f1e376,3288ff86901143b4a34e39d56b72f0c9,none,2025-10-12,iTunes,none,-17.990000000000002,EUR,online,False
40064dbec8b748219414925d7011a8e9,8c1950bbf34d4de6adcf81d97399d701,none,2025-10-12,Telia,none,-25.75,EUR,online,False
4def9a6f7a034d1cb779bb055b9b6346,ad3b198a7f624730a942384dd064f051,none,2025-10-12,Netflix,none,-15.99,EUR,online,False
d4d0757849474329a85762731b9b782b,3288ff86901143b4a34e39d56b72f0c9,none,2025-10-12,Vodafone,none,-22.99,EUR,online,False
edcabc4522a0482f87615476c912a8ee,3288ff86901143b4a34e39d56b72f0c9,none,2025-10-12,Levantamento,none,-20.0,EUR,online,False
278fa49544074da29a77bdebfab6e959,ad3b198a7f624730a942384dd064f051,none,2025-10-12,Prelievo Atm,none,-20.0,EUR,online,False
0ba0c21f4ae34b39974c208735556056,0c47e3c72eec4c2286f2d2f04c5e8433,none,2025-10-12,Maredo,none,-15.99,EUR,online,False
138badb7d4a34a11ae66b47ef4fb65fd,0c47e3c72eec4c2286f2d2f04c5e8433,none,2025-10-12,Vodafone,none,-22.99,EUR,online,False
a5196410b7754dd685e8232095a45552,0c47e3c72eec4c2286f2d2f04c5e8433,none,2025-10-12,Bargeldauszahlung,none,-20.0,EUR,online,False
c915cefd434649ac8529bc5816528f89,c933b12ce50c48dcb4208e2d5fe59c4e,none,2025-10-12,Uttag,none,-200.0,SEK,online,False
2acb2b2db65e45f7a0d76547d8115667,c933b12ce50c48dcb4208e2d5fe59c4e,none,2025-10-12,Telia,none,-229.9,SEK,online,False
e8db5c3565e64e21a9e53883edf66270,8c1950bbf34d4de6adcf81d97399d701,none,2025-10-12,iTunes,none,-20.15,EUR,online,False
f62378841a17421d9f84016b5df8a125,8c1950bbf34d4de6adcf81d97399d701,none,2025-10-12,Grynųjų Išėmimas,none,-20.0,EUR,online,False
ed763d81c1a54a029c75125489b0ec5d,ad3b198a7f624730a942384dd064f051,none,2025-10-12,Vodafone,none,-22.99,EUR,online,False
20053ba758a7454b9f48eb786f572fba,c933b12ce50c48dcb4208e2d5fe59c4e,none,2025-10-12,Spotify,none,-159.9,SEK,online,False
c1246265b2cb40bc8a9604ced5889a07,ada3d0f52c0848b985022952fef7031f,none,2025-10-12,Bouygues Telecom,none,-22.99,EUR,online,False
cb0ec96e78914296b45aac6ab22610b8,7f516dc6ddf5450f86f30b9fe0ba67ea,none,2025-10-12,Netflix,none,-159.9,DKK,online,False
1f9d47c7b3a1451aa5a5f608405164bd,7372a72bc03c4ab49492a481c2cfc7f5,none,2025-10-12,iTunes,none,-20.15,EUR,online,False
52c0e9463675429dacb807bbacd65c77,00140a6c17ce4d3a9dd455073c5cac0a,none,2025-10-12,Tele2,none,-22.99,EUR,online,False
9a0c3f10abf64d0a840d9caeea021cf2,4fd04cb6bfc247ddb3f42419a347e9bc,none,2025-10-12,Vodafone,none,-22.99,EUR,online,False
af7eada0b1c14aaa846e73eb3870d203,41e035480df54e979ecd6234c2010921,none,2025-10-12,Vodafone,none,-22.99,EUR,online,False
559c9770fca14f7d8d7c71613fbc9ce7,41e035480df54e979ecd6234c2010921,none,2025-10-12,Spotify,none,-17.990000000000002,EUR,online,False
461a4d4b9fc84e48acbf87a306f3df09,41e035480df54e979ecd6234c2010921,none,2025-10-12,Atm Withdrawal,none,-20.0,EUR,online,False
c80f25488ac148748512dd6256e83024,f37690212445419c9e5d0fbbda82abc2,none,2025-10-12,Kpn,none,-25.75,EUR,online,False
9f1faf4f68c743b7a73a023d57eef246,f37690212445419c9e5d0fbbda82abc2,none,2025-10-12,Geldopname,none,-22.4,EUR,online,False
8f9ef982850f47e4964806bbf76b0409,f37690212445419c9e5d0fbbda82abc2,none,2025-10-12,iTunes,none,-20.15,EUR,online,False
820d666b60f24c598be68e3e7a72cc1b,ada3d0f52c0848b985022952fef7031f,none,2025-10-12,Netflix,none,-15.99,EUR,online,False
8a1db47bc356496a85c964e25a318bd7,ada3d0f52c0848b985022952fef7031f,none,2025-10-12,Retrait D'espèces,none,-20.0,EUR,online,False
7c8da1b648bf476bac15bcfc9f17bfd6,ff109f0c99a146e9bb9e30ccfac01582,none,2025-10-12,Retrait D'espèces,none,-20.0,EUR,online,False
52ff8940e6cf46c1af29668e4fae989b,ff109f0c99a146e9bb9e30ccfac01582,none,2025-10-12,Netflix,none,-15.99,EUR,online,False
088773de43d34afeb2d4b93d8e8a7a32,ff109f0c99a146e9bb9e30ccfac01582,none,2025-10-12,Tele2 Belgium,none,-22.99,EUR,online,False
ce5bd2284cef4d01a4f6fe4a1392ff41,4fd04cb6bfc247ddb3f42419a347e9bc,none,2025-10-12,Netflix,none,-15.99,EUR,online,False
883803d2f7544033ba29e0459baec22b,00140a6c17ce4d3a9dd455073c5cac0a,none,2025-10-12,iTunes,none,-17.990000000000002,EUR,online,False
9dea3e5a571c4bd58cd2a76ebaf055ea,00140a6c17ce4d3a9dd455073c5cac0a,none,2025-10-12,Sularaha Väljavõtmine,none,-20.0,EUR,online,False
265425eb27c946128fbf8fae3c0e7dca,4fd04cb6bfc247ddb3f42419a347e9bc,none,2025-10-12,Retirada Efectivo,none,-20.0,EUR,online,False
f0ae86cba26d40fba357f3a2aa36041b,7372a72bc03c4ab49492a481c2cfc7f5,none,2025-10-12,Lmt,none,-25.75,EUR,online,False
00cffbd3f3554d1da458305fbb52c9c3,7f516dc6ddf5450f86f30b9fe0ba67ea,none,2025-10-12,Telia,none,-229.9,DKK,online,False
3faea5e781c7400ca08920d173af226d,7372a72bc03c4ab49492a481c2cfc7f5,none,2025-10-12,Skaidras Naudas Izņemšana,none,-20.0,EUR,online,False
7421d2095bf5464bbf762e3cef7bf656,2901b5ccd9d84760926e25640dbb70cd,none,2025-10-12,Netflix,none,-15.99,EUR,online,False
55b18388a46b470aad281ea2e90275e1,ca0e28e500584f8ba9a0197c04959318,none,2025-10-12,Play,none,-115.35,PLN,online,False
6173a58cfcec40a194f34a366d9c8349,7f516dc6ddf5450f86f30b9fe0ba67ea,none,2025-10-12,Kontanthævning,none,-200.0,DKK,online,False
6e59a01f25fe4f50a87e4b639112a914,ca0e28e500584f8ba9a0197c04959318,none,2025-10-12,Wypłata Gotówki Z Bankomatu,none,-100.4,PLN,online,False
517c61f78eac480dbcb7fd6078b444b6,2901b5ccd9d84760926e25640dbb70cd,none,2025-10-12,Automaattinosto,none,-20.0,EUR,online,False
9bd71540f4c44e39ad06ba51a120880f,ca0e28e500584f8ba9a0197c04959318,none,2025-10-12,iTunes,none,-90.28,PLN,online,False
5a68170eac384bee990cfbe4ae66354e,2901b5ccd9d84760926e25640dbb70cd,none,2025-10-12,Elisa,none,-22.99,EUR,online,False
7841ad06147043c0a21ee32d2eb05d47,0c47e3c72eec4c2286f2d2f04c5e8433,none,2025-10-13,Flixbus,none,-27.9,EUR,online,False
a9f3efe82ecc412796c71c64a562477b,ca0e28e500584f8ba9a0197c04959318,none,2025-10-13,Pyszne.pl,none,-150.44,PLN,online,False
fb4378b886614c50bc6248d0942f8ef6,c933b12ce50c48dcb4208e2d5fe59c4e,none,2025-10-13,Ica,none,-299.90000000000003,SEK,online,False
631f72746c54425a81df181c3929ca2a,0c47e3c72eec4c2286f2d2f04c5e8433,none,2025-10-13,Edeka,none,-29.99,EUR,online,False
df44ef24a3ab40abb46d7e90029dc2b5,ff109f0c99a146e9bb9e30ccfac01582,none,2025-10-13,Sncb,none,-27.9,EUR,online,False
f3e36b4031c04b3b89ff517125853af5,c933b12ce50c48dcb4208e2d5fe59c4e,none,2025-10-13,Storstockholms Lokaltrafik,none,-279.0,SEK,online,False
7a06f263effd4fbd9c8ed8ec7d87f772,ada3d0f52c0848b985022952fef7031f,none,2025-10-13,Carrefour,none,-29.99,EUR,online,False
6a5f2dce620441909d2b106fbaa9fc91,41e035480df54e979ecd6234c2010921,none,2025-10-13,Tesco Store,none,-29.99,EUR,online,False
8c1555f4597549469162c5a43c450f68,ada3d0f52c0848b985022952fef7031f,none,2025-10-13,Bp,none,-40.0,EUR,online,False
bafb91aab21c47b9b338d68e68ffe616,ada3d0f52c0848b985022952fef7031f,none,2025-10-13,Eurostar,none,-27.9,EUR,online,False
c9e482ec2f16496ba0f93919906b8601,41e035480df54e979ecd6234c2010921,none,2025-10-13,Irish Rail,none,-27.9,EUR,online,False
e3ffac3667c5490b97f76ca756ca2c81,41e035480df54e979ecd6234c2010921,none,2025-10-13,Texaco,none,-40.0,EUR,online,False
974d4e194d3d4005bc474e03aa58577d,d8e85133189140ceb38926ca37c44c8d,none,2025-10-13,Tfl Rail,none,-27.9,GBP,online,False
104daf8f038648d8a2d4f45d01e3e1ae,d8e85133189140ceb38926ca37c44c8d,none,2025-10-13,Hello Fresh,none,-29.99,GBP,online,False
100f0674f7964e6fae3e874c7abbde43,d8e85133189140ceb38926ca37c44c8d,none,2025-10-13,Texaco,none,-40.0,GBP,online,False
b63cbab5f9fa4db389cac158df5d3f19,7372a72bc03c4ab49492a481c2cfc7f5,none,2025-10-13,Wolt,none,-33.58,EUR,online,False
68e89804612f433f910ac3235670b2e2,7372a72bc03c4ab49492a481c2cfc7f5,none,2025-10-13,Pasažieru Vilciens,none,-31.24,EUR,online,False
a06fd01e78be4282b7256588a168f257,7372a72bc03c4ab49492a481c2cfc7f5,none,2025-10-13,Circle K,none,-44.8,EUR,online,False
9fbfbb042d534f1ba46b18aaf396853f,fb9a593b6b0c448d968616bb8aae9a60,none,2025-10-13,Shell,none,-400.0,NOK,online,False
3323a9dcaf0545d689fa36f425960191,fb9a593b6b0c448d968616bb8aae9a60,none,2025-10-13,Rema 1000,none,-299.90000000000003,NOK,online,False
fa7aa22480b44ee69dc9ef558aa62820,7f516dc6ddf5450f86f30b9fe0ba67ea,none,2025-10-13,Dsb,none,-279.0,DKK,online,False
6243b71460e04117a0d712056ce230d6,7f516dc6ddf5450f86f30b9fe0ba67ea,none,2025-10-13,Shell,none,-400.0,DKK,online,False
0fbdbf9ec3974e62b71fb7519b84e40b,7f516dc6ddf5450f86f30b9fe0ba67ea,none,2025-10-13,Fakta,none,-299.90000000000003,DKK,online,False
1d88a1cfbd63472b8f1069e92c3cec37,ca0e28e500584f8ba9a0197c04959318,none,2025-10-13,Pkp,none,-139.95000000000002,PLN,online,False
d6e2fcca60294401860240e1e557f05a,ad3b198a7f624730a942384dd064f051,none,2025-10-13,Atac,none,-27.9,EUR,online,False
cdcf4311312d4976b7e12849cd27d2fc,ad3b198a7f624730a942384dd064f051,none,2025-10-13,Esselunga,none,-29.99,EUR,online,False
1e5445e0c92348e1b02f8060c6bee44f,ad3b198a7f624730a942384dd064f051,none,2025-10-13,Esso,none,-40.0,EUR,online,False
9fc7b552a53d4c40a171f0b0b2d0a669,ff109f0c99a146e9bb9e30ccfac01582,none,2025-10-13,Carrefour,none,-29.99,EUR,online,False
e766a896916e41b5a1ea1a7dd981746d,2901b5ccd9d84760926e25640dbb70cd,none,2025-10-13,K-Citymarket,none,-29.99,EUR,online,False
9f6de0a7061a48688c222a53067cc434,2901b5ccd9d84760926e25640dbb70cd,none,2025-10-13,HSL,none,-27.9,EUR,online,False
11546c2f526841c8865628d76c9d2876,2901b5ccd9d84760926e25640dbb70cd,none,2025-10-13,Neste,none,-40.0,EUR,online,False
af9452bf38be4221921c522695842eea,0c47e3c72eec4c2286f2d2f04c5e8433,none,2025-10-13,Jet Tankstelle,none,-40.0,EUR,online,False
057025278bfc4eff94fe971d838d8dc4,8c1950bbf34d4de6adcf81d97399d701,none,2025-10-13,Circle K,none,-44.8,EUR,online,False
542c43fc9c3e42118bfe91e85296f3fc,00140a6c17ce4d3a9dd455073c5cac0a,none,2025-10-13,Elron,none,-27.9,EUR,online,False
d5c60c79151f46349ca6dad29df77717,3288ff86901143b4a34e39d56b72f0c9,none,2025-10-13,Metro Lisboa,none,-27.9,EUR,online,False
471616dfa14e477f9a25cd66e994b29e,00140a6c17ce4d3a9dd455073c5cac0a,none,2025-10-13,Bolt Food,none,-29.99,EUR,online,False
cbcf128a938e4b72b8a54bc6c0db62f1,c933b12ce50c48dcb4208e2d5fe59c4e,none,2025-10-13,Shell,none,-400.0,SEK,online,False
822ef601aae84d3697fe624191887d05,fb9a593b6b0c448d968616bb8aae9a60,none,2025-10-13,Skyss,none,-279.0,NOK,online,False
de6e77435ead40dfbc4a158ba9645db2,ff109f0c99a146e9bb9e30ccfac01582,none,2025-10-13,Esso,none,-40.0,EUR,online,False
d45c434c60ef421da28aecb3f0194e82,4fd04cb6bfc247ddb3f42419a347e9bc,none,2025-10-13,Metro Madrid,none,-27.9,EUR,online,False
ae5f25ff7337491a98e27c28a5e8d498,4fd04cb6bfc247ddb3f42419a347e9bc,none,2025-10-13,Repsol,none,-40.0,EUR,online,False
9cad1172f6c944eda7c5680d968e9eab,4fd04cb6bfc247ddb3f42419a347e9bc,none,2025-10-13,Dia,none,-29.99,EUR,online,False
c90c2c618fa741a1942fed7bea3631d8,3288ff86901143b4a34e39d56b72f0c9,none,2025-10-13,Repso,none,-40.0,EUR,online,False
4716ef206b9347388234ed1b8b4ee9a1,ca0e28e500584f8ba9a0197c04959318,none,2025-10-13,Orlen,none,-200.8,PLN,online,False
bce54493e90447efae6ff391ee73bec9,8c1950bbf34d4de6adcf81d97399d701,none,2025-10-13,Wolt,none,-33.58,EUR,online,False
7d04c4de919b467689f2c38cb80aeaba,8c1950bbf34d4de6adcf81d97399d701,none,2025-10-13,Lietuvos Geležinkeliai,none,-31.24,EUR,online,False
22e97c20666f46afae172c68349d8681,f37690212445419c9e5d0fbbda82abc2,none,2025-10-13,Hellofresh,none,-33.58,EUR,online,False
79e56ac8ee8e4c189fecaa78d0ba4e14,f37690212445419c9e5d0fbbda82abc2,none,2025-10-13,Shell,none,-44.8,EUR,online,False
cc553e2ac05e486c835e50a4c2dbe3be,f37690212445419c9e5d0fbbda82abc2,none,2025-10-13,Ns Treinen,none,-31.24,EUR,online,False
1619c94c1cc5498e99aade7b4180823f,00140a6c17ce4d3a9dd455073c5cac0a,none,2025-10-13,Alexela,none,-40.0,EUR,online,False
3e677113437f4520abdbad857c2c822d,c933b12ce50c48dcb4208e2d5fe59c4e,none,2025-10-15,Hemköp,none,-173.3,SEK,online,False
73f26f967b384c4da74e4abc8d800922,4fd04cb6bfc247ddb3f42419a347e9bc,none,2025-10-15,Aldi,none,-17.330000000000002,EUR,online,False
2b09770b58c44037bc1d07cf6e4e31cf,0c47e3c72eec4c2286f2d2f04c5e8433,none,2025-10-15,Rewe,none,-17.330000000000002,EUR,online,False
64f6089d197242788161a2b375ae6923,8c1950bbf34d4de6adcf81d97399d701,none,2025-10-15,Iki,none,-19.45,EUR,online,False
1c0a03e1ced04529bac5531675cbf696,ada3d0f52c0848b985022952fef7031f,none,2025-10-15,Intermarché,none,-17.330000000000002,EUR,online,False
f2ff555749d9411e97121aadd16cf2e2,3288ff86901143b4a34e39d56b72f0c9,none,2025-10-15,Pingo Doce,none,-17.330000000000002,EUR,online,False
cd5323e00d484df6a75c882145522139,00140a6c17ce4d3a9dd455073c5cac0a,none,2025-10-15,Säästumarket,none,-17.330000000000002,EUR,online,False
f2cc53035e03405f954114e8ce876edf,ad3b198a7f624730a942384dd064f051,none,2025-10-15,Coop,none,-17.330000000000002,EUR,online,False
3eae4d1559884c819f9dbb877795f2e0,2901b5ccd9d84760926e25640dbb70cd,none,2025-10-15,S-Market,none,-17.330000000000002,EUR,online,False
071d9136b9fc4ea2ba6d36e80a4de117,7372a72bc03c4ab49492a481c2cfc7f5,none,2025-10-15,Rimi,none,-19.45,EUR,online,False
ee0e86ca51c14c539b79409ddeb7648f,ca0e28e500584f8ba9a0197c04959318,none,2025-10-15,Żabka,none,-87.05,PLN,online,False
9144d685bb6546e697ccfbbdbdbbdc99,d8e85133189140ceb38926ca37c44c8d,none,2025-10-15,Sainsburys,none,-17.330000000000002,GBP,online,False
6de7b46f07524ebbac51cd600474205f,ff109f0c99a146e9bb9e30ccfac01582,none,2025-10-15,Spar,none,-17.330000000000002,EUR,online,False
3817ecbf97fd40d9816b1343e551dc36,7f516dc6ddf5450f86f30b9fe0ba67ea,none,2025-10-15,Superbrugsen,none,-173.3,DKK,online,False
d3647102e3274a24a098bdd15376b1b6,41e035480df54e979ecd6234c2010921,none,2025-10-15,Supervalu,none,-17.330000000000002,EUR,online,False
e8057960ae8246838890e47e71ad790b,f37690212445419c9e5d0fbbda82abc2,none,2025-10-15,Jumbo,none,-19.45,EUR,online,False
eb88cdd0087e4f239195ace2f45cb611,fb9a593b6b0c448d968616bb8aae9a60,none,2025-10-15,Kiwi,none,-173.3,NOK,online,False
e26c6015c4ac45cd99df96acbd03fdc8,2901b5ccd9d84760926e25640dbb70cd,none,2025-10-16,Verkkokauppa.com,none,-129.99,EUR,online,False
e9a691b3c65c489f97125859e7f9c47a,41e035480df54e979ecd6234c2010921,none,2025-10-16,Starbucks,none,-2.49,EUR,online,False
6156635796e54514ad872e52a7d5566d,41e035480df54e979ecd6234c2010921,none,2025-10-16,Red Lion Pub,none,-8.68,EUR,online,False
576a043796694c12b9d1cc1bf0a45711,2901b5ccd9d84760926e25640dbb70cd,none,2025-10-16,Molly Malone's,none,-8.68,EUR,online,False
55b8cb1b3f404a5e8f546413c40c2382,2901b5ccd9d84760926e25640dbb70cd,none,2025-10-16,Starbucks,none,-2.49,EUR,online,False
f00a4cd1d67743d18d7f3d5725a40e10,7372a72bc03c4ab49492a481c2cfc7f5,none,2025-10-16,Folkklubs Ala Pagrabs,none,-9.72,EUR,online,False
ec86e52bcb33430b9b442f3a9fd63e7d,00140a6c17ce4d3a9dd455073c5cac0a,none,2025-10-16,Põrgu Pub,none,-8.68,EUR,online,False
0b840afa73b24e00983f055efd7a9eae,f37690212445419c9e5d0fbbda82abc2,none,2025-10-16,Broodje Van Dootje,none,-1.67,EUR,online,False
4658013fa4a348c7b1809aaf7ec85dc7,f37690212445419c9e5d0fbbda82abc2,none,2025-10-16,Mediamarkt,none,-145.59,EUR,online,False
4db3305d39fc455d8ea4486e2a178a91,f37690212445419c9e5d0fbbda82abc2,none,2025-10-16,De Drie Gezusters,none,-9.72,EUR,online,False
f8597e342cdc4ad58aa39ef0816f68e7,41e035480df54e979ecd6234c2010921,none,2025-10-16,Currys Pc World,none,-129.99,EUR,online,False
1e406e8cf4b7420ba61dfcfd142e9991,00140a6c17ce4d3a9dd455073c5cac0a,none,2025-10-16,Euronics,none,-129.99,EUR,online,False
719a1c467b894834a416f94575b7bf9d,00140a6c17ce4d3a9dd455073c5cac0a,none,2025-10-16,Reval Cafe,none,-1.49,EUR,online,False
72dc2947c018435994ac622c2aec8366,4fd04cb6bfc247ddb3f42419a347e9bc,none,2025-10-16,Lizarran,none,-8.68,EUR,online,False
5720908c2e374f39a6f05fcbe5875498,4fd04cb6bfc247ddb3f42419a347e9bc,none,2025-10-16,Starbucks,none,-2.49,EUR,online,False
90d91e54ce3a4159a6253b6e49e818ec,7372a72bc03c4ab49492a481c2cfc7f5,none,2025-10-16,Costa Coffee,none,-1.67,EUR,online,False
860ad9d9742f47a9a86982e6ae1fd5e2,d8e85133189140ceb38926ca37c44c8d,none,2025-10-16,Currys Pc World,none,-129.99,GBP,online,False
c0e11160045041ff84c218aec5f189b5,ada3d0f52c0848b985022952fef7031f,none,2025-10-16,Darty,none,-129.99,EUR,online,False
44b9eff835b845aa9540eab48e0839c3,fb9a593b6b0c448d968616bb8aae9a60,none,2025-10-16,Egon,none,-86.80000000000001,NOK,online,False
782713ad651548079c9f71fa3cbd75ae,fb9a593b6b0c448d968616bb8aae9a60,none,2025-10-16,Kaffebrenneriet,none,-24.9,NOK,online,False
b74cc51477964918add55b8c5d400bfa,fb9a593b6b0c448d968616bb8aae9a60,none,2025-10-16,Elkjøp,none,-1299.9,NOK,online,False
e6dee421388d4c8c9c274566c33b7d03,3288ff86901143b4a34e39d56b72f0c9,none,2025-10-16,Clube Ferroviário,none,-8.68,EUR,online,False
15bedcd05cd24843b015dc30c08b97c5,3288ff86901143b4a34e39d56b72f0c9,none,2025-10-16,Padaria Portuguesa,none,-2.49,EUR,online,False
0bbee580dfa041508f8c0cabb88c5e97,3288ff86901143b4a34e39d56b72f0c9,none,2025-10-16,Worten,none,-129.99,EUR,online,False
7718f58ddffc4345b7dbee95fd5d88e8,ff109f0c99a146e9bb9e30ccfac01582,none,2025-10-16,Starbucks,none,-2.49,EUR,online,False
909d01c23dab43b3ba20d09dc42aec4c,ff109f0c99a146e9bb9e30ccfac01582,none,2025-10-16,Hof Van Cleve,none,-8.68,EUR,online,False
e2232c1197e14c6ab29e60a06450c398,ada3d0f52c0848b985022952fef7031f,none,2025-10-16,Bar De La Marine,none,-8.68,EUR,online,False
b4b6ba6f75f3455483db710d3bbafabc,ff109f0c99a146e9bb9e30ccfac01582,none,2025-10-16,Coolblue,none,-129.99,EUR,online,False
7b522fd9cbe14c958da84a5216b26115,7f516dc6ddf5450f86f30b9fe0ba67ea,none,2025-10-16,Baresso,none,-24.9,DKK,online,False
66442b1a9b42468a894f872f2ffc4b68,7f516dc6ddf5450f86f30b9fe0ba67ea,none,2025-10-16,Elgiganten,none,-1299.9,DKK,online,False
de3aeaff31ef401eafe0530596f807f1,0c47e3c72eec4c2286f2d2f04c5e8433,none,2025-10-16,Mediamarkt,none,-129.99,EUR,online,False
d8b86675ada74fec9ff862cf30c3b544,0c47e3c72eec4c2286f2d2f04c5e8433,none,2025-10-16,Coffee Fellows,none,-2.49,EUR,online,False
0bcdb2f14040449fbb53d6a183757bc1,0c47e3c72eec4c2286f2d2f04c5e8433,none,2025-10-16,Bar Celona,none,-8.68,EUR,online,False
dd1c1937983848dd9052a992a9b57ce2,ca0e28e500584f8ba9a0197c04959318,none,2025-10-16,Media Markt,none,-652.29,PLN,online,False
cf6b23dede324c0fafa019358dac5ce6,ca0e28e500584f8ba9a0197c04959318,none,2025-10-16,Pub Barka,none,-43.53,PLN,online,False
aef08726301e47ff9b916405faf0593b,ca0e28e500584f8ba9a0197c04959318,none,2025-10-16,Green Caffè Nero,none,-7.48,PLN,online,False
cea734cc287d44058f0a1499eb93855f,7f516dc6ddf5450f86f30b9fe0ba67ea,none,2025-10-16,Jensens Bøfhus,none,-86.80000000000001,DKK,online,False
262bce9c8f9b47809c29bbb734b41200,ada3d0f52c0848b985022952fef7031f,none,2025-10-16,Starbucks,none,-2.49,EUR,online,False
b0d578841d7943f38708159c026643b4,7372a72bc03c4ab49492a481c2cfc7f5,none,2025-10-16,Rd Electronics,none,-145.59,EUR,online,False
a88f9a8c0f204afd90eb0a8880a06072,ad3b198a7f624730a942384dd064f051,none,2025-10-16,Euronics,none,-129.99,EUR,online,False
670b0bc209684eeebf7b54f414a2d9f1,d8e85133189140ceb38926ca37c44c8d,none,2025-10-16,Red Lion Pub,none,-8.68,GBP,online,False
3a4258239bdf4c9f85a2a8500a342f85,d8e85133189140ceb38926ca37c44c8d,none,2025-10-16,Pret,none,-1.49,GBP,online,False
a94dffc66ccd4606bc9defd5a2823ced,c933b12ce50c48dcb4208e2d5fe59c4e,none,2025-10-16,The Bishops Arms,none,-86.80000000000001,SEK,online,False
5ed957894296490daadd48ec64ca801d,c933b12ce50c48dcb4208e2d5fe59c4e,none,2025-10-16,Wayne's Coffee,none,-24.9,SEK,online,False
3aea38519b5849febc534870fddde930,c933b12ce50c48dcb4208e2d5fe59c4e,none,2025-10-16,Clas Ohlson,none,-1299.9,SEK,online,False
c8f1f1968385431cbdb5e938df3e7699,ad3b198a7f624730a942384dd064f051,none,2025-10-16,Illycaffè,none,-2.49,EUR,online,False
cf8107c26eab4559997068804033c4f4,8c1950bbf34d4de6adcf81d97399d701,none,2025-10-16,Topo Centras,none,-145.59,EUR,online,False
b5cc562e35a14b009e4d1e8f36d5e956,8c1950bbf34d4de6adcf81d97399d701,none,2025-10-16,Vero Cafe,none,-1.67,EUR,online,False
9b5b32bfc30149f2942ca0443c45d68c,8c1950bbf34d4de6adcf81d97399d701,none,2025-10-16,Gringo,none,-9.72,EUR,online,False
0074d91a79c449bd83ecd1d841985c08,4fd04cb6bfc247ddb3f42419a347e9bc,none,2025-10-16,Media Markt,none,-129.99,EUR,online,False
00ce8cd1edfb4c2cb98a6ac6175af710,ad3b198a7f624730a942384dd064f051,none,2025-10-16,La Vineria,none,-8.68,EUR,online,False
609406d9c07144cbb539274e5292cb98,ca0e28e500584f8ba9a0197c04959318,none,2025-10-17,Netflix,none,-60.17,PLN,online,False
ea285bb1a10c4649b59a437007ae4e05,7372a72bc03c4ab49492a481c2cfc7f5,none,2025-10-17,Netflix,none,-13.43,EUR,online,False
29f62d035a9e461aa5eac82f73ec9ac2,8c1950bbf34d4de6adcf81d97399d701,none,2025-10-17,Netflix,none,-13.43,EUR,online,False
325378525a10450398f5bb3c6f6f9242,7f516dc6ddf5450f86f30b9fe0ba67ea,none,2025-10-17,Spotify,none,-139.9,DKK,online,False
410a2d1fc1b5494ba139c8858a5fc3de,0c47e3c72eec4c2286f2d2f04c5e8433,none,2025-10-17,Spotify,none,-13.99,EUR,online,False
94721076259b4e6a962e8b22a99ca64e,41e035480df54e979ecd6234c2010921,none,2025-10-17,Netflix,none,-11.99,EUR,online,False
9af3c6b1908d46fab05e61355e39d89a,41e035480df54e979ecd6234c2010921,none,2025-10-17,Boots Pharmacy,none,-3.79,EUR,online,False
bcafc45dd38c453e8c942b618cfc35da,3288ff86901143b4a34e39d56b72f0c9,none,2025-10-17,Wells,none,-3.79,EUR,online,False
16ac0e6ba3c24bf9939778b04fe3884e,ff109f0c99a146e9bb9e30ccfac01582,none,2025-10-17,Spotify,none,-13.99,EUR,online,False
589115f3a1684061b8f8531e97f516f0,7f516dc6ddf5450f86f30b9fe0ba67ea,none,2025-10-17,Svane Apotek,none,-37.9,DKK,online,False
f38609be9fb044feba773af28e41e5de,4fd04cb6bfc247ddb3f42419a347e9bc,none,2025-10-17,Farmacia,none,-3.79,EUR,online,False
5fe25d5026224b10ad4dff27e60c8c9b,4fd04cb6bfc247ddb3f42419a347e9bc,none,2025-10-17,iTunes,none,-13.99,EUR,online,False
42bf39da9c054f229ce2718e9939884b,ada3d0f52c0848b985022952fef7031f,none,2025-10-17,Pharmacie Des Champs Elysees,none,-3.79,EUR,online,False
64b94f8479b14a3cb0cab2fd6f917ad5,2901b5ccd9d84760926e25640dbb70cd,none,2025-10-17,Yliopiston Apteekki,none,-3.79,EUR,online,False
04c5867c375c47b48ec1c1ad22347079,2901b5ccd9d84760926e25640dbb70cd,none,2025-10-17,Spotify,none,-13.99,EUR,online,False
4795f7878f944cb195ab94a1aff03787,ff109f0c99a146e9bb9e30ccfac01582,none,2025-10-17,Pharmacie,none,-3.79,EUR,online,False
de65570e182c4ae5970dfb3f0576d3b9,3288ff86901143b4a34e39d56b72f0c9,none,2025-10-17,Netflix,none,-11.99,EUR,online,False
f0b090cb955b42cf88bf3d4ecf8ac821,ada3d0f52c0848b985022952fef7031f,none,2025-10-17,Spotify,none,-13.99,EUR,online,False
cc15f1e81ddc4f2d856b0da048aa583c,ad3b198a7f624730a942384dd064f051,none,2025-10-17,Spotify,none,-13.99,EUR,online,False
74c212dea1e3499e9893dbb2c41412f5,ad3b198a7f624730a942384dd064f051,none,2025-10-17,Farmacie Apoteca Natura,none,-3.79,EUR,online,False
7b70ea3cc1ba49279692f2fee3bf9485,0c47e3c72eec4c2286f2d2f04c5e8433,none,2025-10-17,Adler Apotheke,none,-3.79,EUR,online,False
0a957ba77f734c0b973c4b9b7493b47b,c933b12ce50c48dcb4208e2d5fe59c4e,none,2025-10-17,Netflix,none,-139.9,SEK,online,False
a3384c8a3222404898accf9523ad8d39,d8e85133189140ceb38926ca37c44c8d,none,2025-10-17,Netflix,none,-11.99,GBP,online,False
97703c97905b4b4cae9cb4eae13b8dfe,fb9a593b6b0c448d968616bb8aae9a60,none,2025-10-17,Apotek 1,none,-37.9,NOK,online,False
6dc601b67cb44d2e858ec599b7a6b2b5,00140a6c17ce4d3a9dd455073c5cac0a,none,2025-10-17,Netflix,none,-11.99,EUR,online,False
f1169510b12a4fcd92903cb1bb07b294,fb9a593b6b0c448d968616bb8aae9a60,none,2025-10-17,Tv2 Sumo,none,-139.9,NOK,online,False
ba0a4e74ce0f439ea2025de1869cad86,c933b12ce50c48dcb4208e2d5fe59c4e,none,2025-10-17,Apoteket Hjärtat,none,-37.9,SEK,online,False
976a0783132744ce85d5ff4c744bc1b0,f37690212445419c9e5d0fbbda82abc2,none,2025-10-17,Netflix,none,-13.43,EUR,online,False
d360443a101e40f889726601adb810b5,d6cc56bc402a4685829f0de347af4c63,none,2025-10-17,Starbucks,none,-1.87,GBP,online,False
fd4fb3e98d224214b90ed8fed369a752,fb9a593b6b0c448d968616bb8aae9a60,none,2025-10-19,The Scotsman,none,-249.6,NOK,online,False
b6e6db2e15fa4ac2aea3e302dd9054e7,00140a6c17ce4d3a9dd455073c5cac0a,none,2025-10-19,Von Krahli Baar,none,-24.96,EUR,online,False
2a886be3a28041ec91f5e8c7fd1530ed,ada3d0f52c0848b985022952fef7031f,none,2025-10-19,The Frogs & Princess,none,-24.96,EUR,online,False
2cc325b805d841788f438d6d4aba3ab7,ad3b198a7f624730a942384dd064f051,none,2025-10-19,L'antica Birreria Peroni,none,-24.96,EUR,online,False
5b5302b1ba7b49e08f81ca5a0d4b1512,4fd04cb6bfc247ddb3f42419a347e9bc,none,2025-10-19,100 Montaditos,none,-24.96,EUR,online,False
4c49c8ac2b504e79ae756c0d53044746,41e035480df54e979ecd6234c2010921,none,2025-10-19,Temple Bar,none,-24.96,EUR,online,False
19b15f00b5484df797544ca6ae71319f,0c47e3c72eec4c2286f2d2f04c5e8433,none,2025-10-19,Sausalitos,none,-24.96,EUR,online,False
2c114edaa2e64c0a944c0692a3db508b,c933b12ce50c48dcb4208e2d5fe59c4e,none,2025-10-19,Hirschenkeller,none,-249.6,SEK,online,False
62c2dd5200fd40cbb4db487dacc29931,7f516dc6ddf5450f86f30b9fe0ba67ea,none,2025-10-19,Mikkeller Bar,none,-249.6,DKK,online,False
9e5fcae95f9744838fd880600eb1ef24,ca0e28e500584f8ba9a0197c04959318,none,2025-10-19,Kufle I Kapsle,none,-125.22,PLN,online,False
4b0b9a53ac1746a294983b338acf4cac,8c1950bbf34d4de6adcf81d97399d701,none,2025-10-19,Bix,none,-27.95,EUR,online,False
0c605608b2004ad8b48f8f409d457a7f,f37690212445419c9e5d0fbbda82abc2,none,2025-10-19,J.D. Wetherspoon,none,-27.95,EUR,online,False
3d7d0d3242b749c19522da328c0019ab,7372a72bc03c4ab49492a481c2cfc7f5,none,2025-10-19,Folkklubs Ala Pagrabs,none,-27.95,EUR,online,False
a256ae042a2a459bba9e73f844b1e819,2901b5ccd9d84760926e25640dbb70cd,none,2025-10-19,Brewdog,none,-24.96,EUR,online,False
de7e687673ed40be879a8bb3cbe422ce,3288ff86901143b4a34e39d56b72f0c9,none,2025-10-19,Cervejaria Musa,none,-24.96,EUR,online,False
1a437be77a2d44cea753a39bb67cbcdb,d8e85133189140ceb38926ca37c44c8d,none,2025-10-19,Jd Wetherspoons,none,-24.96,GBP,online,False
12d126fe84ee481ca6da92374d7d59d9,ff109f0c99a146e9bb9e30ccfac01582,none,2025-10-19,Le Pecheur Nord,none,-24.96,EUR,online,False
f0c72e865e9a4ceeb840822208abe4ca,7f516dc6ddf5450f86f30b9fe0ba67ea,none,2025-10-20,Bilka,none,-196.7,DKK,online,False
b03f1f34bd954339a00926c1d619e6d3,7f516dc6ddf5450f86f30b9fe0ba67ea,none,2025-10-20,Fakta,none,-299.90000000000003,DKK,online,False
a8642458924841a0a811222cb7622978,7f516dc6ddf5450f86f30b9fe0ba67ea,none,2025-10-20,Dsb,none,-279.0,DKK,online,False
5aa0aaef9b90434eaead8941e2d81df6,7f516dc6ddf5450f86f30b9fe0ba67ea,none,2025-10-20,Ht,none,-129.0,DKK,online,False
543443d37f7042758f779751d449000e,ad3b198a7f624730a942384dd064f051,none,2025-10-20,Atac,none,-27.9,EUR,online,False
88d3063ca8744eb5a7213217f19c32b1,4fd04cb6bfc247ddb3f42419a347e9bc,none,2025-10-20,Aldi,none,-19.67,EUR,online,False
3790a1fe519f40f38fcc277e5a36ee6a,fb9a593b6b0c448d968616bb8aae9a60,none,2025-10-20,Joker,none,-196.7,NOK,online,False
3893fee0903640b0a4ab2d339dbaf099,fb9a593b6b0c448d968616bb8aae9a60,none,2025-10-20,Rema 1000,none,-299.90000000000003,NOK,online,False
5e7e3366bb5f463bba1c9d857f843857,fb9a593b6b0c448d968616bb8aae9a60,none,2025-10-20,Skyss,none,-279.0,NOK,online,False
90fd1c968733477fabbffabb9b298cc3,fb9a593b6b0c448d968616bb8aae9a60,none,2025-10-20,Ruter,none,-129.0,NOK,online,False
193476069a54489282e3cb7101db592c,ff109f0c99a146e9bb9e30ccfac01582,none,2025-10-20,Veepee,none,-19.67,EUR,online,False
dd5d52fd97a54337ac532653535f290e,d8e85133189140ceb38926ca37c44c8d,none,2025-10-20,Lidl,none,-19.67,GBP,online,False
52163e70dbe646c087a71d1a085718c5,4fd04cb6bfc247ddb3f42419a347e9bc,none,2025-10-20,Metro Madrid,none,-27.9,EUR,online,False
ae83fe9e03704469b6da7aaf50a0e512,d8e85133189140ceb38926ca37c44c8d,none,2025-10-20,Tfl Rail,none,-27.9,GBP,online,False
f82e285bbddb4127b4f29e69754242f9,3288ff86901143b4a34e39d56b72f0c9,none,2025-10-20,Metro Lisboa,none,-27.9,EUR,online,False
1e0c4719f7bd4e1288abea00b422b0c0,3288ff86901143b4a34e39d56b72f0c9,none,2025-10-20,Lidl,none,-19.67,EUR,online,False
1c88d01b08994b50aabb082a55c18ee1,3288ff86901143b4a34e39d56b72f0c9,none,2025-10-20,Zara,none,-12.9,EUR,online,False
3a1f6d49a92640f4a7411e9146084dfd,ff109f0c99a146e9bb9e30ccfac01582,none,2025-10-20,Sncb,none,-27.9,EUR,online,False
3b08883fb84d414bb141a7c87308c90d,ff109f0c99a146e9bb9e30ccfac01582,none,2025-10-20,Carrefour,none,-29.99,EUR,online,False
761f07bd55e44fde9d23ef9e6d669f15,d8e85133189140ceb38926ca37c44c8d,none,2025-10-20,Great Western Railway,none,-12.9,GBP,online,False
9f17cb19389e43b09f4ff9f655d948d9,d8e85133189140ceb38926ca37c44c8d,none,2025-10-20,Hello Fresh,none,-29.99,GBP,online,False
c6155181de854d25ab82f93b9babfa2a,ff109f0c99a146e9bb9e30ccfac01582,none,2025-10-20,Flixbus,none,-12.9,EUR,online,False
cd9bdfc29a8044088a247c0b509ab36c,c933b12ce50c48dcb4208e2d5fe59c4e,none,2025-10-20,Storstockholms Lokaltrafik,none,-279.0,SEK,online,False
e69dab0d1d12413380659f22874ab389,0c47e3c72eec4c2286f2d2f04c5e8433,none,2025-10-20,Lidl,none,-19.67,EUR,online,False
4186f65246c04e3fad0e0ed3e09a829b,41e035480df54e979ecd6234c2010921,none,2025-10-20,Tesco Store,none,-29.99,EUR,online,False
42ad73f42b8d4a7d87003f6bd68a6da1,2901b5ccd9d84760926e25640dbb70cd,none,2025-10-20,K-Supermarket,none,-19.67,EUR,online,False
3c715a505a6547e391cbdd6602922950,2901b5ccd9d84760926e25640dbb70cd,none,2025-10-20,K-Citymarket,none,-29.99,EUR,online,False
f4dfcf5ee80540ff8a613d05584492cf,7372a72bc03c4ab49492a481c2cfc7f5,none,2025-10-20,-22.03,none,-22.03,EUR,online,False
a20c268bab6b4a1d9d01626b916a7af5,7372a72bc03c4ab49492a481c2cfc7f5,none,2025-10-20,Pasažieru Vilciens,none,-14.45,EUR,online,False
3d57fae182f44b39bdc7b7d32ec68d6b,7372a72bc03c4ab49492a481c2cfc7f5,none,2025-10-20,Pasažieru Vilciens,none,-31.24,EUR,online,False
02c2f2995c7f45f095828fe790adc467,7372a72bc03c4ab49492a481c2cfc7f5,none,2025-10-20,Wolt,none,-33.58,EUR,online,False
1dd4f2d124914272a6321034e0c37619,f37690212445419c9e5d0fbbda82abc2,none,2025-10-20,Ns Treinen,none,-14.45,EUR,online,False
ba38bfe62a2d497a9e5f6b17692d850f,f37690212445419c9e5d0fbbda82abc2,none,2025-10-20,Ns Treinen,none,-31.24,EUR,online,False
c29334e3a832421ca38064d8c0be5cdc,f37690212445419c9e5d0fbbda82abc2,none,2025-10-20,Hellofresh,none,-33.58,EUR,online,False
fb87d9f94d3d45149d97aa040e26e579,f37690212445419c9e5d0fbbda82abc2,none,2025-10-20,Lidl,none,-22.03,EUR,online,False
f12dfef6a5f54c79bd928078489715b9,8c1950bbf34d4de6adcf81d97399d701,none,2025-10-20,Wolt,none,-33.58,EUR,online,False
8f6e4c1da6e140aea520fefd95d8e579,8c1950bbf34d4de6adcf81d97399d701,none,2025-10-20,Lidl,none,-22.03,EUR,online,False
8bb7fea941904891928b7b2f9bdcc47b,8c1950bbf34d4de6adcf81d97399d701,none,2025-10-20,Lietuvos Geležinkeliai,none,-14.45,EUR,online,False
34688db5a7b04a8e91a568c4373f8951,00140a6c17ce4d3a9dd455073c5cac0a,none,2025-10-20,Lidl,none,-19.67,EUR,online,False
5bad2750dd0a4b34817afd9bf4fc3c36,00140a6c17ce4d3a9dd455073c5cac0a,none,2025-10-20,Elron,none,-27.9,EUR,online,False
b7199f08022046c491827fe91a8bd62e,00140a6c17ce4d3a9dd455073c5cac0a,none,2025-10-20,Bolt Food,none,-29.99,EUR,online,False
c3e3de4a66204d26a0bc70294721a0e4,00140a6c17ce4d3a9dd455073c5cac0a,none,2025-10-20,Elron,none,-12.9,EUR,online,False
3a706ef7ffbc4990a559a7927ece3a57,8c1950bbf34d4de6adcf81d97399d701,none,2025-10-20,Lietuvos Geležinkeliai,none,-31.24,EUR,online,False
ffb1ccb4240d4b6bbac66a9fcccccdb2,0c47e3c72eec4c2286f2d2f04c5e8433,none,2025-10-20,Deutsche Bahn,none,-12.9,EUR,online,False
775736a1e47449028c9f35e10d888c5b,41e035480df54e979ecd6234c2010921,none,2025-10-20,Irish Rail,none,-27.9,EUR,online,False
5eba425116104040b7a318c14623e5c3,41e035480df54e979ecd6234c2010921,none,2025-10-20,Lidl,none,-19.67,EUR,online,False
46f2f76aac9f4c4087f1be912faa9a1a,2901b5ccd9d84760926e25640dbb70cd,none,2025-10-20,HSL,none,-27.9,EUR,online,False
e1ce796454a945dcb0c7522cb0291969,0c47e3c72eec4c2286f2d2f04c5e8433,none,2025-10-20,Edeka,none,-29.99,EUR,online,False
860130e92d1d48ce9ce7a3daa0d14145,0c47e3c72eec4c2286f2d2f04c5e8433,none,2025-10-20,Flixbus,none,-27.9,EUR,online,False
d6a6445043584dc59602c4b7565e6723,c933b12ce50c48dcb4208e2d5fe59c4e,none,2025-10-20,Arlanda Express,none,-129.0,SEK,online,False
7299960ba80742c6bd8240a3776ad695,ad3b198a7f624730a942384dd064f051,none,2025-10-20,EuroSpin,none,-19.67,EUR,online,False
4b401c95c98b4552853da16019882d06,c933b12ce50c48dcb4208e2d5fe59c4e,none,2025-10-20,Lidl,none,-196.7,SEK,online,False
029e485268b04dd4b88ea2ceab43fbb6,ada3d0f52c0848b985022952fef7031f,none,2025-10-20,Flixbus,none,-12.9,EUR,online,False
3b006483202f402a904464a74d5103c9,ada3d0f52c0848b985022952fef7031f,none,2025-10-20,Eurostar,none,-27.9,EUR,online,False
4874d8e13a6d4d31a263c0f1239139f5,2901b5ccd9d84760926e25640dbb70cd,none,2025-10-20,Vr,none,-12.9,EUR,online,False
f4f6630030b843e493cb4cefd9715009,ada3d0f52c0848b985022952fef7031f,none,2025-10-20,Cora,none,-19.67,EUR,online,False
b34fd1c138bf4209a9df2872d1383d58,41e035480df54e979ecd6234c2010921,none,2025-10-20,Markievicz Leisure Centre,none,-12.9,EUR,online,False
4a7b559941f2469794f7123de422876d,c933b12ce50c48dcb4208e2d5fe59c4e,none,2025-10-20,Ica,none,-299.90000000000003,SEK,online,False
808973d5018a4779adf63da6abb495b4,ada3d0f52c0848b985022952fef7031f,none,2025-10-20,Carrefour,none,-29.99,EUR,online,False
4eb25a1e22e642c488f6c0c4c8893a6c,4fd04cb6bfc247ddb3f42419a347e9bc,none,2025-10-20,Dia,none,-29.99,EUR,online,False
f761f8b6ffc04475b5d7a41fcc14b7c2,ca0e28e500584f8ba9a0197c04959318,none,2025-10-20,Pkp,none,-64.69,PLN,online,False
cfb4230456ef43cb8fe2b04a254a8a58,ca0e28e500584f8ba9a0197c04959318,none,2025-10-20,Pkp,none,-139.95000000000002,PLN,online,False
88d3694cdcc54b34a8c49cf53d16d162,ca0e28e500584f8ba9a0197c04959318,none,2025-10-20,Pyszne.pl,none,-150.44,PLN,online,False
2294b921fa4b4deb8d33265a4e4e4e96,ca0e28e500584f8ba9a0197c04959318,none,2025-10-20,Lidl,none,-98.68,PLN,online,False
401dd150e6234eb4aadf56ac32c99583,ad3b198a7f624730a942384dd064f051,none,2025-10-20,Flixbus,none,-12.9,EUR,online,False
4992ac0e3ca146088bdfdf84041e9910,ad3b198a7f624730a942384dd064f051,none,2025-10-20,Esselunga,none,-29.99,EUR,online,False
4fa0912614c24d5c8f5c1da27285d2cd,4fd04cb6bfc247ddb3f42419a347e9bc,none,2025-10-20,Renfe,none,-12.9,EUR,online,False
728b83de833a400db0926fc8277c1b91,f37690212445419c9e5d0fbbda82abc2,none,2025-10-22,Albert Heijn,none,-60.1,EUR,online,False
2e03ccb2c3854fc9b2673a5b1f7281d2,7372a72bc03c4ab49492a481c2cfc7f5,none,2025-10-22,Maxima,none,-60.1,EUR,online,False
3222802596c84481a7bf847b33713895,4fd04cb6bfc247ddb3f42419a347e9bc,none,2025-10-22,Carrefour,none,-53.66,EUR,online,False
10725c6289ae4c4c9227f8e5f1e00eb3,0c47e3c72eec4c2286f2d2f04c5e8433,none,2025-10-22,Aldi,none,-53.66,EUR,online,False
a371df96a01c4302bf25f93d30d5bc53,8c1950bbf34d4de6adcf81d97399d701,none,2025-10-22,Maxima,none,-60.1,EUR,online,False
10ef504009e54798ae82ea1d2ac6528c,ff109f0c99a146e9bb9e30ccfac01582,none,2025-10-22,Le Petit Boudoir,none,-53.66,EUR,online,False
9e5595bc3f794c15a694be83e52a9bab,fb9a593b6b0c448d968616bb8aae9a60,none,2025-10-22,Kiwi,none,-536.6,NOK,online,False
8539ac941a03401db2609f545929871e,edb7ed6c075646948c8fb81b63b5ba75,none,2025-10-22,Example 1,none,-256.67,EUR,online,False
0bcfa41e86264fcbba5ed106e2e8a382,ada3d0f52c0848b985022952fef7031f,none,2025-10-22,Camaieu,none,-53.66,EUR,online,False
14c90c5d286a4ce8897a9d32043dea6c,00140a6c17ce4d3a9dd455073c5cac0a,none,2025-10-22,Selver,none,-53.66,EUR,online,False
4964896a05e3494da0f9834b6b1a21f7,c933b12ce50c48dcb4208e2d5fe59c4e,none,2025-10-22,Hemköp,none,-536.6,SEK,online,False
49ac33de5e2f47c59ec8e960a5a948f5,d8e85133189140ceb38926ca37c44c8d,none,2025-10-22,Tesco Store,none,-53.66,GBP,online,False
c5a99724b4e540d4b50494acd05e2f12,3288ff86901143b4a34e39d56b72f0c9,none,2025-10-22,Minipreço,none,-53.66,EUR,online,False
005641c5ede34fe9bd7ec2aeaa77d7c7,ad3b198a7f624730a942384dd064f051,none,2025-10-22,Conad,none,-53.66,EUR,online,False
60de0bcba0df45f191baf6aeb6f34d15,41e035480df54e979ecd6234c2010921,none,2025-10-22,Tesco Store,none,-53.66,EUR,online,False
fa857df38b844e29995151cc727480d0,2901b5ccd9d84760926e25640dbb70cd,none,2025-10-22,Prisma,none,-53.66,EUR,online,False
ce8733be8a2c4accaee052fc19c4f80a,7f516dc6ddf5450f86f30b9fe0ba67ea,none,2025-10-22,Netto,none,-536.6,DKK,online,False
a89a85c06ed5436b8009eb576a3b6c80,ca0e28e500584f8ba9a0197c04959318,none,2025-10-22,Biedronka,none,-269.33,PLN,online,False
803eb82c0fb04d2ba302220f190cbe6d,ca0e28e500584f8ba9a0197c04959318,none,2025-10-23,H&M,none,-120.44,PLN,online,False
188556ae69a942d18efcdb26fffbc101,ff109f0c99a146e9bb9e30ccfac01582,none,2025-10-23,H&M,none,-23.99,EUR,online,False
7b62caec9ca440599203e59cb48f8f2b,00140a6c17ce4d3a9dd455073c5cac0a,none,2025-10-23,Reval Cafe,none,-1.49,EUR,online,False
b8c85640dda8421f88f558b0ebd3feca,00140a6c17ce4d3a9dd455073c5cac0a,none,2025-10-23,H&M,none,-23.99,EUR,online,False
8522b509bb354ab082af0dbdda13ecc1,ff109f0c99a146e9bb9e30ccfac01582,none,2025-10-23,Starbucks,none,-2.49,EUR,online,False
f6aae9a70e1f46588002f46344e2027e,fb9a593b6b0c448d968616bb8aae9a60,none,2025-10-23,H&M,none,-239.9,NOK,online,False
1a5d7916eb454fc68553c388d0ec7ab8,8c1950bbf34d4de6adcf81d97399d701,none,2025-10-23,H&M,none,-26.87,EUR,online,False
44756b2b66b6433e8e2cf3b251c1a22b,8c1950bbf34d4de6adcf81d97399d701,none,2025-10-23,Vero Cafe,none,-1.67,EUR,online,False
5ee87b050b04444487991c196eb42f6d,c933b12ce50c48dcb4208e2d5fe59c4e,none,2025-10-23,H&M,none,-239.9,SEK,online,False
b5af86561c45425a93cdd0e0db5b6a74,c933b12ce50c48dcb4208e2d5fe59c4e,none,2025-10-23,Wayne's Coffee,none,-24.9,SEK,online,False
bea9211294b74473af74b013701e80dd,fb9a593b6b0c448d968616bb8aae9a60,none,2025-10-23,Kaffebrenneriet,none,-24.9,NOK,online,False
f73d373b0ebd4d699e2793c39082e84f,d8e85133189140ceb38926ca37c44c8d,none,2025-10-23,Pret,none,-1.49,GBP,online,False
6f5cee74119c4254b877677074319233,d8e85133189140ceb38926ca37c44c8d,none,2025-10-23,H&M,none,-23.99,GBP,online,False
b3e22594c5da490bac6ab980636b3e58,4fd04cb6bfc247ddb3f42419a347e9bc,none,2025-10-23,Zara,none,-23.99,EUR,online,False
2792da2cf89842ebbf6674ea0ca52431,4fd04cb6bfc247ddb3f42419a347e9bc,none,2025-10-23,Starbucks,none,-2.49,EUR,online,False
ae2504bcc0a741e2b145daa42cc31b95,ad3b198a7f624730a942384dd064f051,none,2025-10-23,Zara,none,-23.99,EUR,online,False
f30563a5237e4336a2e869901ef4b050,ad3b198a7f624730a942384dd064f051,none,2025-10-23,Illycaffè,none,-2.49,EUR,online,False
b08322983e904fcaa10d8116583041d4,7f516dc6ddf5450f86f30b9fe0ba67ea,none,2025-10-23,Baresso,none,-24.9,DKK,online,False
f2c2735b857c406fac758db44c0e8015,ada3d0f52c0848b985022952fef7031f,none,2025-10-23,Starbucks,none,-2.49,EUR,online,False
9f26ece1beab4ab5853bf7c58410fea3,2901b5ccd9d84760926e25640dbb70cd,none,2025-10-23,H&M,none,-23.99,EUR,online,False
1cac9e82c80f432ea9b53b036eb3e70a,2901b5ccd9d84760926e25640dbb70cd,none,2025-10-23,Starbucks,none,-2.49,EUR,online,False
77b9ac032e7b49ab9016c3b6b9703420,f37690212445419c9e5d0fbbda82abc2,none,2025-10-23,H&M,none,-26.87,EUR,online,False
1143778909674e95a5eaf6794a001814,f37690212445419c9e5d0fbbda82abc2,none,2025-10-23,Broodje Van Dootje,none,-1.67,EUR,online,False
766e531130584f8790f391fb63637e97,7372a72bc03c4ab49492a481c2cfc7f5,none,2025-10-23,H&M,none,-26.87,EUR,online,False
fc603a636c1f480f8235785bed0ca479,7372a72bc03c4ab49492a481c2cfc7f5,none,2025-10-23,Costa Coffee,none,-1.67,EUR,online,False
862ffc5c11e3472c8ce6323df3913b4b,41e035480df54e979ecd6234c2010921,none,2025-10-23,Starbucks,none,-2.49,EUR,online,False
e9d9b2a3c789459092b7999288560424,41e035480df54e979ecd6234c2010921,none,2025-10-23,H&M,none,-23.99,EUR,online,False
04a06d0f39b74519a61acf2b7049b27b,d6cc56bc402a4685829f0de347af4c63,none,2025-10-23,Salary,none,3210.0,GBP,online,False
7290b2a03dd54064b27a6ca17af34da0,ca0e28e500584f8ba9a0197c04959318,none,2025-10-23,Green Caffè Nero,none,-7.48,PLN,online,False
ff17ff6cadde4407acb2cae68bd8a67d,7f516dc6ddf5450f86f30b9fe0ba67ea,none,2025-10-23,Zalando.dk,none,-239.9,DKK,online,False
039d41dd61b64b07bbcd43f7c38c30b5,ada3d0f52c0848b985022952fef7031f,none,2025-10-23,H&M,none,-23.99,EUR,online,False
e946f2500faa45e5960264e93f017bb6,3288ff86901143b4a34e39d56b72f0c9,none,2025-10-23,Padaria Portuguesa,none,-2.49,EUR,online,False
6d8c9a46d551485bb829263188bc4bac,0c47e3c72eec4c2286f2d2f04c5e8433,none,2025-10-23,Coffee Fellows,none,-2.49,EUR,online,False
db8a18f8bee24fa8979ec23ef5d5b22c,3288ff86901143b4a34e39d56b72f0c9,none,2025-10-23,Pull And Bear,none,-23.99,EUR,online,False
65892af5049042e582df556f97497c07,0c47e3c72eec4c2286f2d2f04c5e8433,none,2025-10-23,H&M,none,-23.99,EUR,online,False
76f3d33e626d4b1ab1446f8c7d52830d,7372a72bc03c4ab49492a481c2cfc7f5,none,2025-10-24,Double Coffee,none,-5.57,EUR,online,False
08de1cc2cb6647868cb10e81e965cfe5,4fd04cb6bfc247ddb3f42419a347e9bc,none,2025-10-24,Cafetería,none,-3.79,EUR,online,False
ec746315d6654d738566fa2f723db3d6,d8e85133189140ceb38926ca37c44c8d,none,2025-10-24,Bridge Cafe,none,-4.97,GBP,online,False
5483d235f47845bd97657a3cf0df422e,c933b12ce50c48dcb4208e2d5fe59c4e,none,2025-10-24,Starbucks,none,-37.9,SEK,online,False
b92174c34b89468eb69e13f47fd9349c,ad3b198a7f624730a942384dd064f051,none,2025-10-24,Autogrill,none,-3.79,EUR,online,False
70bcbd7b364e4e33a0f1c3f6eca7a8c9,2901b5ccd9d84760926e25640dbb70cd,none,2025-10-24,Espresso House,none,-3.79,EUR,online,False
4da91cf28a9b4e84842b829906bb1cfe,ada3d0f52c0848b985022952fef7031f,none,2025-10-24,Segafredo,none,-3.79,EUR,online,False
e92bb6efe0aa43d9b6a4f98b56df7cf2,f37690212445419c9e5d0fbbda82abc2,none,2025-10-24,De Laatste Kruimel,none,-5.57,EUR,online,False
d6b46cfdeb8e4345a21a17bbaa6ce772,8c1950bbf34d4de6adcf81d97399d701,none,2025-10-24,Vero Cafe,none,-5.57,EUR,online,False
d4ab207ee81845268c0b57e18b129e7b,41e035480df54e979ecd6234c2010921,none,2025-10-24,Bridge Cafe,none,-4.97,EUR,online,False
98ff127184a8402f8233c8e406b4b968,ca0e28e500584f8ba9a0197c04959318,none,2025-10-24,Chleb I Wino,none,-24.95,PLN,online,False
5b7ab10b3f4c46d9b7b649c17ea716f1,d6cc56bc402a4685829f0de347af4c63,none,2025-10-24,Starbucks,none,-1.87,GBP,online,False
24b661d44c434bb085e863e383753a1e,7f516dc6ddf5450f86f30b9fe0ba67ea,none,2025-10-24,Starbucks,none,-37.9,DKK,online,False
7089b78db0d740f3b28045c39198b781,0c47e3c72eec4c2286f2d2f04c5e8433,none,2025-10-24,Starbucks,none,-3.79,EUR,online,False
9e3cc5c34ae44da2958f2ff4e2a45e08,fb9a593b6b0c448d968616bb8aae9a60,none,2025-10-24,Godt Brød,none,-37.9,NOK,online,False
b60cb5f85b024fc09ffd5421d936f017,00140a6c17ce4d3a9dd455073c5cac0a,none,2025-10-24,Kohvik August,none,-4.97,EUR,online,False
d5bfcf48c8c947ab820790c8008b9e79,ff109f0c99a146e9bb9e30ccfac01582,none,2025-10-24,Neuhaus,none,-3.79,EUR,online,False
53db2ce79c474d629e4b32c82306246c,3288ff86901143b4a34e39d56b72f0c9,none,2025-10-24,Starbucks,none,-3.79,EUR,online,False
7bbabf8baf744bf19635c18c47b8e3db,d8e85133189140ceb38926ca37c44c8d,none,2025-10-25,B&Q,none,-9.79,GBP,online,False
cfbbc6329af942d88645a51454088ee0,0c47e3c72eec4c2286f2d2f04c5e8433,none,2025-10-25,Zalando,none,-9.79,EUR,online,False
1f1759006ec74a2d861a9cc73632312d,4fd04cb6bfc247ddb3f42419a347e9bc,none,2025-10-25,Decathlon,none,-9.79,EUR,online,False
669d77e5fac0480995a1f5d5244e6042,ff109f0c99a146e9bb9e30ccfac01582,none,2025-10-25,Galleria Inno,none,-9.79,EUR,online,False
c98aea43801741d99662fd6a3ebbcc92,c933b12ce50c48dcb4208e2d5fe59c4e,none,2025-10-25,Zara,none,-97.9,SEK,online,False
748479ea731d470abd150201d059286f,ad3b198a7f624730a942384dd064f051,none,2025-10-25,Benetton,none,-9.79,EUR,online,False
dcf007fd9f93429591c18a304597d380,3288ff86901143b4a34e39d56b72f0c9,none,2025-10-25,El Corte Ingles,none,-9.79,EUR,online,False
1a80f55c285a41018a5b850efcb4aea3,2901b5ccd9d84760926e25640dbb70cd,none,2025-10-25,Zara,none,-9.79,EUR,online,False
f9fa7099196949d0be324132f00df1f8,fb9a593b6b0c448d968616bb8aae9a60,none,2025-10-25,Volt,none,-97.9,NOK,online,False
04aa443f8cc842b489db84cfdd7faa8b,f37690212445419c9e5d0fbbda82abc2,none,2025-10-25,Gamma,none,-10.96,EUR,online,False
b2560d9aa2d245dd9e23fff3ca9aadbc,7f516dc6ddf5450f86f30b9fe0ba67ea,none,2025-10-25,Fodbold,none,-97.9,DKK,online,False
cad4cc4c316b42449bf0c0add8f4a23d,00140a6c17ce4d3a9dd455073c5cac0a,none,2025-10-25,Bauhof,none,-9.79,EUR,online,False
74994ebf5f7c4814a61175ee80d52457,ca0e28e500584f8ba9a0197c04959318,none,2025-10-25,Castorama,none,-49.1,PLN,online,False
87481c2716bb44e9b7614e3b1ceaa86e,41e035480df54e979ecd6234c2010921,none,2025-10-25,B&Q,none,-9.79,EUR,online,False
0f33f271bff1475a9fda062a219e7c24,ada3d0f52c0848b985022952fef7031f,none,2025-10-25,Samaritaine,none,-9.79,EUR,online,False
63ddaed52f0c4e21ae20d9a3d7726f26,8c1950bbf34d4de6adcf81d97399d701,none,2025-10-25,Senukai,none,-10.96,EUR,online,False
8d6bf6788afd41139b9175a78e2c119e,7372a72bc03c4ab49492a481c2cfc7f5,none,2025-10-25,Depo,none,-10.96,EUR,online,False
789cd61ba39a498783f1f87f8a910849,3288ff86901143b4a34e39d56b72f0c9,none,2025-10-26,Decathlon,none,-97.71,EUR,online,False
d867e11af39b4ca984bc1c05006ee22a,ff109f0c99a146e9bb9e30ccfac01582,none,2025-10-26,Luminus,none,-34.0,EUR,online,False
8d519cda989942b7a1ae8f1df9f179cc,7f516dc6ddf5450f86f30b9fe0ba67ea,none,2025-10-26,H&M,none,-977.1,DKK,online,False
e1a5f565817a4af98f4c4e273e8a4424,ff109f0c99a146e9bb9e30ccfac01582,none,2025-10-26,Décathlon,none,-97.71,EUR,online,False
41c48aaac85641dfadbdd6d9d5e4d154,7f516dc6ddf5450f86f30b9fe0ba67ea,none,2025-10-26,Seas-Nve,none,-340.0,DKK,online,False
d328d9e3fc53494d9fa2c18e430c847e,3288ff86901143b4a34e39d56b72f0c9,none,2025-10-26,Edp,none,-34.0,EUR,online,False
b6a8ec0480f548cfbf78a35de7bb348a,4fd04cb6bfc247ddb3f42419a347e9bc,none,2025-10-26,El Corte Ingles,none,-97.71,EUR,online,False
b4b83c8a96d143e6b386cbebdbfd5d41,4fd04cb6bfc247ddb3f42419a347e9bc,none,2025-10-26,Iberdrola,none,-34.0,EUR,online,False
f9e243648aeb4fa885ddd4f7e0ea4a7a,f37690212445419c9e5d0fbbda82abc2,none,2025-10-26,Essent,none,-38.08,EUR,online,False
a871429f1c934204b4c4f257a04d955e,ad3b198a7f624730a942384dd064f051,none,2025-10-26,Zalando,none,-97.71,EUR,online,False
d0bc71af53cc4c32a4d318138ceb6315,fb9a593b6b0c448d968616bb8aae9a60,none,2025-10-26,Tibber,none,-340.0,NOK,online,False
9116e6636d024b7189197a8e3e1e9449,41e035480df54e979ecd6234c2010921,none,2025-10-26,Zolando,none,-97.71,EUR,online,False
3ff391d9fab34f2f96b762f5d058ad01,ada3d0f52c0848b985022952fef7031f,none,2025-10-26,Décathlon,none,-97.71,EUR,online,False
2d6c8553bc04422488f0493365e28617,41e035480df54e979ecd6234c2010921,none,2025-10-26,Bord Gáis Energy,none,-34.0,EUR,online,False
0f50ee11d65740e6842482794fbcba0d,fb9a593b6b0c448d968616bb8aae9a60,none,2025-10-26,Dustin.no,none,-977.1,NOK,online,False
93b03e9dd23b499a9315f24a44affd32,2901b5ccd9d84760926e25640dbb70cd,none,2025-10-26,Fortum,none,-34.0,EUR,online,False
4ced78ed57334fbe9e6707a1667f205e,2901b5ccd9d84760926e25640dbb70cd,none,2025-10-26,Xxl Sports & Outdoor,none,-97.71,EUR,online,False
c2c93518c0fa48a2a287ec02385ec951,ca0e28e500584f8ba9a0197c04959318,none,2025-10-26,Pgnig,none,-170.68,PLN,online,False
ee23379b156e405899ffeb2b1e4d8550,7372a72bc03c4ab49492a481c2cfc7f5,none,2025-10-26,Latvijas Gāze,none,-38.08,EUR,online,False
7f521f7f914a4ae09d6834f8f726cc02,ad3b198a7f624730a942384dd064f051,none,2025-10-26,Enel,none,-34.0,EUR,online,False
a6845416d7394e418740102a86886a1f,c933b12ce50c48dcb4208e2d5fe59c4e,none,2025-10-26,Fortum,none,-340.0,SEK,online,False
e5eb6d34548e4d05a37005e007ca2e56,8c1950bbf34d4de6adcf81d97399d701,none,2025-10-26,Ignitis,none,-38.08,EUR,online,False
5782e1068911419586f68430808ed130,c933b12ce50c48dcb4208e2d5fe59c4e,none,2025-10-26,Stadium,none,-977.1,SEK,online,False
6fe926bb62824bab8859db5c907e863e,0c47e3c72eec4c2286f2d2f04c5e8433,none,2025-10-26,E.on,none,-34.0,EUR,online,False
998fc14183f8451db131517d9ff0dee5,ada3d0f52c0848b985022952fef7031f,none,2025-10-26,Edf,none,-34.0,EUR,online,False
756edd37e48b4da0b35ce07b5ad9e336,0c47e3c72eec4c2286f2d2f04c5e8433,none,2025-10-26,Zalando,none,-97.71,EUR,online,False
731c3355eb92407fa558c073b6391876,d8e85133189140ceb38926ca37c44c8d,none,2025-10-26,British Gas,none,-34.0,GBP,online,False
bf3f0d4b08c84c8e8f8be8a5b44d05a0,00140a6c17ce4d3a9dd455073c5cac0a,none,2025-10-26,Eesti Gaas,none,-34.0,EUR,online,False
da47cd708f6f486db98c00419afaad7c,41e035480df54e979ecd6234c2010921,none,2025-10-27,Texaco,none,-40.0,EUR,online,False
074e330175c64740ae9d3533612b7f16,3288ff86901143b4a34e39d56b72f0c9,none,2025-10-27,Metro Lisboa,none,-27.9,EUR,online,False
47dd351d8cd8451caf59063aa32697ec,2901b5ccd9d84760926e25640dbb70cd,none,2025-10-27,HSL,none,-27.9,EUR,online,False
20b81006bfe949978eae623c85d86300,7f516dc6ddf5450f86f30b9fe0ba67ea,none,2025-10-27,Shell,none,-400.0,DKK,online,False
b475d24996b14642925a3b3758e711da,2901b5ccd9d84760926e25640dbb70cd,none,2025-10-27,Neste,none,-40.0,EUR,online,False
96f1fd7f699d41dbabf2e81dd3994fe8,7f516dc6ddf5450f86f30b9fe0ba67ea,none,2025-10-27,Dsb,none,-279.0,DKK,online,False
8097c31a42ef4684be0c6963ea3bf829,c933b12ce50c48dcb4208e2d5fe59c4e,none,2025-10-27,Storstockholms Lokaltrafik,none,-279.0,SEK,online,False
c3bdabfc587f466497a31cc5724c111d,c933b12ce50c48dcb4208e2d5fe59c4e,none,2025-10-27,Ica,none,-299.90000000000003,SEK,online,False
dde6459bf08f42138bc0a08403758d90,7f516dc6ddf5450f86f30b9fe0ba67ea,none,2025-10-27,Fakta,none,-299.90000000000003,DKK,online,False
c2e038ee46c3435f82c8f4913369f1db,3288ff86901143b4a34e39d56b72f0c9,none,2025-10-27,Repso,none,-40.0,EUR,online,False
a873df721fb442fb93f0b48cc25d167b,2901b5ccd9d84760926e25640dbb70cd,none,2025-10-27,K-Citymarket,none,-29.99,EUR,online,False
427f7109998947d98f39eca71435e256,f37690212445419c9e5d0fbbda82abc2,none,2025-10-27,Ns Treinen,none,-31.24,EUR,online,False
ed298956405041afaf2f7c07a2129044,ca0e28e500584f8ba9a0197c04959318,none,2025-10-27,Orlen,none,-200.8,PLN,online,False
b4e000b96194409fa26e6231f9245b82,f37690212445419c9e5d0fbbda82abc2,none,2025-10-27,Hellofresh,none,-33.58,EUR,online,False
5652bf819b0842af94d05e8c3fc87f79,ca0e28e500584f8ba9a0197c04959318,none,2025-10-27,Pyszne.pl,none,-150.44,PLN,online,False
0b0f24c79862467a854f9ec0c439627c,ca0e28e500584f8ba9a0197c04959318,none,2025-10-27,Pkp,none,-139.95000000000002,PLN,online,False
3e3b404b7cb94f3e8b27468b3ff59560,8c1950bbf34d4de6adcf81d97399d701,none,2025-10-27,Circle K,none,-44.8,EUR,online,False
d1fb44992f6e4c9ca3d7f9a6911f1327,8c1950bbf34d4de6adcf81d97399d701,none,2025-10-27,Wolt,none,-33.58,EUR,online,False
845f712a66c142cf81866d1caa211f4a,d8e85133189140ceb38926ca37c44c8d,none,2025-10-27,Texaco,none,-40.0,GBP,online,False
973f426c13c54fcf8fac5270da9846dd,41e035480df54e979ecd6234c2010921,none,2025-10-27,Tesco Store,none,-29.99,EUR,online,False
02a46f1b4e594d25bac28420cbebd8e3,7372a72bc03c4ab49492a481c2cfc7f5,none,2025-10-27,Pasažieru Vilciens,none,-31.24,EUR,online,False
6803f19a2f9c49df9b2c9fd62e2ae2e1,7372a72bc03c4ab49492a481c2cfc7f5,none,2025-10-27,Wolt,none,-33.58,EUR,online,False
8e1fb3de745c4869910342e399f02926,7372a72bc03c4ab49492a481c2cfc7f5,none,2025-10-27,Circle K,none,-44.8,EUR,online,False
72319fbd391b467c84b6c80c6962ff54,41e035480df54e979ecd6234c2010921,none,2025-10-27,Irish Rail,none,-27.9,EUR,online,False
f8de65be2d6d44a5883a31120d8e0c7b,8c1950bbf34d4de6adcf81d97399d701,none,2025-10-27,Lietuvos Geležinkeliai,none,-31.24,EUR,online,False
6f70cb02986c46698533ddde7395c8cc,f37690212445419c9e5d0fbbda82abc2,none,2025-10-27,Shell,none,-44.8,EUR,online,False
b3fc5617d7bc45e0b0c5000ba61f9da6,ada3d0f52c0848b985022952fef7031f,none,2025-10-27,Eurostar,none,-27.9,EUR,online,False
18b330d3fd944f229307c29e3340fc12,ada3d0f52c0848b985022952fef7031f,none,2025-10-27,Carrefour,none,-29.99,EUR,online,False
eb5792f1f0344f62a44bc921b9dd08dd,c933b12ce50c48dcb4208e2d5fe59c4e,none,2025-10-27,Shell,none,-400.0,SEK,online,False
9662ced9ac6241daba2ba8845c6a543d,00140a6c17ce4d3a9dd455073c5cac0a,none,2025-10-27,Alexela,none,-40.0,EUR,online,False
e1ab70d93a5c4d6aa316c8bb0f4739bb,d8e85133189140ceb38926ca37c44c8d,none,2025-10-27,Tfl Rail,none,-27.9,GBP,online,False
dcf4f8d4d0854c88847b788989dd433d,0c47e3c72eec4c2286f2d2f04c5e8433,none,2025-10-27,Edeka,none,-29.99,EUR,online,False
c963f99053cc458a92f7f60c36fcb530,4fd04cb6bfc247ddb3f42419a347e9bc,none,2025-10-27,Dia,none,-29.99,EUR,online,False
2f12ad175ecb4404a31a3d14d46d2356,00140a6c17ce4d3a9dd455073c5cac0a,none,2025-10-27,Bolt Food,none,-29.99,EUR,online,False
cfa63f18786a4263a760d179b25a5f38,ada3d0f52c0848b985022952fef7031f,none,2025-10-27,Bp,none,-40.0,EUR,online,False
551a4ad447b5455da9ff442521f68b2f,4fd04cb6bfc247ddb3f42419a347e9bc,none,2025-10-27,Repsol,none,-40.0,EUR,online,False
51765d7deea34da99cbbadb58a3cc7ea,4fd04cb6bfc247ddb3f42419a347e9bc,none,2025-10-27,Metro Madrid,none,-27.9,EUR,online,False
a7669f99af38481aa843f5df3863b8a8,00140a6c17ce4d3a9dd455073c5cac0a,none,2025-10-27,Elron,none,-27.9,EUR,online,False
bc9c3b7bd3854fbd82dc3f36431e8aeb,d8e85133189140ceb38926ca37c44c8d,none,2025-10-27,Hello Fresh,none,-29.99,GBP,online,False
f85b034d1f98463f8b284d865f6be74f,ff109f0c99a146e9bb9e30ccfac01582,none,2025-10-27,Esso,none,-40.0,EUR,online,False
b01419fd659a45f5bdff67e341b6ff0b,fb9a593b6b0c448d968616bb8aae9a60,none,2025-10-27,Skyss,none,-279.0,NOK,online,False
6cd1b7671f594c8b9f86d0408f193e76,fb9a593b6b0c448d968616bb8aae9a60,none,2025-10-27,Shell,none,-400.0,NOK,online,False
5436f22bad004087aa72a8deedc0c411,fb9a593b6b0c448d968616bb8aae9a60,none,2025-10-27,Rema 1000,none,-299.90000000000003,NOK,online,False
a590b1f8ae8c4cdba3e2029cb4ea2028,ff109f0c99a146e9bb9e30ccfac01582,none,2025-10-27,Carrefour,none,-29.99,EUR,online,False
8c98a8698e314f108bb7de7068c9eba7,ad3b198a7f624730a942384dd064f051,none,2025-10-27,Esselunga,none,-29.99,EUR,online,False
d532227225ae4dbd8ec2a934ffa6b9c4,ad3b198a7f624730a942384dd064f051,none,2025-10-27,Atac,none,-27.9,EUR,online,False
e3febe1105974d01a71653ca5a0c9f56,ad3b198a7f624730a942384dd064f051,none,2025-10-27,Esso,none,-40.0,EUR,online,False
85a5ea071fc94e13bf3a052a9cbcc77e,0c47e3c72eec4c2286f2d2f04c5e8433,none,2025-10-27,Flixbus,none,-27.9,EUR,online,False
6d41ab0622db48bca548b9c305294dc0,0c47e3c72eec4c2286f2d2f04c5e8433,none,2025-10-27,Jet Tankstelle,none,-40.0,EUR,online,False
e16cb9fe5fc14003911311ac516467ac,ff109f0c99a146e9bb9e30ccfac01582,none,2025-10-27,Sncb,none,-27.9,EUR,online,False
2f559f5dab6b4e75bc1db091cb37cb75,00140a6c17ce4d3a9dd455073c5cac0a,none,2025-10-28,Mcdonald's,none,-5.69,EUR,online,False
f9d0c3eead994f30abcf5fbda0869bba,00140a6c17ce4d3a9dd455073c5cac0a,none,2025-10-28,Telia,none,-23.99,EUR,online,False
c5b16652907949399a8cc0708c25ed03,ff109f0c99a146e9bb9e30ccfac01582,none,2025-10-28,Orange Belgium,none,-23.99,EUR,online,False
95a37cd9e97b4efc91472170616a4fe7,ff109f0c99a146e9bb9e30ccfac01582,none,2025-10-28,Mcdonalds,none,-5.69,EUR,online,False
94626d5eab184d1ea03d707047007b6f,8c1950bbf34d4de6adcf81d97399d701,none,2025-10-28,Mcdonald's,none,-6.37,EUR,online,False
e241f96041dc4deabb93e59ad661ed39,3288ff86901143b4a34e39d56b72f0c9,none,2025-10-28,Cabovisão,none,-23.99,EUR,online,False
de7a71971f8e4680b40212f88e314ab2,ca0e28e500584f8ba9a0197c04959318,none,2025-10-28,Orange,none,-120.44,PLN,online,False
eca80ff27e1940a3bc5224dd7bdcbecf,ca0e28e500584f8ba9a0197c04959318,none,2025-10-28,Mcdonald's,none,-28.55,PLN,online,False
18bcad177caa40ae82fa8b3da094f2d8,3288ff86901143b4a34e39d56b72f0c9,none,2025-10-28,Mcdonalds,none,-5.69,EUR,online,False
7e1541aae6f44102a0d5ec1ab309b8c6,f37690212445419c9e5d0fbbda82abc2,none,2025-10-28,Mcdonald's,none,-6.37,EUR,online,False
5e0616beca604dc780c43909e1f79b60,f37690212445419c9e5d0fbbda82abc2,none,2025-10-28,Ziggo,none,-26.87,EUR,online,False
64cd842a8a7c4a6a9e7582d180477d14,7f516dc6ddf5450f86f30b9fe0ba67ea,none,2025-10-28,Yousee,none,-239.9,DKK,online,False
d9febfe517334ba9a701959bfaba1e4b,7f516dc6ddf5450f86f30b9fe0ba67ea,none,2025-10-28,Mcdonalds,none,-56.900000000000006,DKK,online,False
b7e2fc062f7b40b298d29c1edf1e2b59,fb9a593b6b0c448d968616bb8aae9a60,none,2025-10-28,Nextgentel,none,-239.9,NOK,online,False
5c2ea6a86cb2412ba56ed131c58ea4f9,fb9a593b6b0c448d968616bb8aae9a60,none,2025-10-28,Bislett Kebab,none,-56.900000000000006,NOK,online,False
e32e498cfac4402c87747550f624a8c0,41e035480df54e979ecd6234c2010921,none,2025-10-28,Virgin Media,none,-23.99,EUR,online,False
06bcbc80996a4bb791a92f6609da1fff,8c1950bbf34d4de6adcf81d97399d701,none,2025-10-28,Telia,none,-26.87,EUR,online,False
3977446884da4bbbbcf8279beba74d03,41e035480df54e979ecd6234c2010921,none,2025-10-28,McDonald's,none,-5.69,EUR,online,False
d844a099a8d24ead9b64eefd954e9372,d8e85133189140ceb38926ca37c44c8d,none,2025-10-28,Bt Broadband,none,-23.99,GBP,online,False
1a636542a62640d58f48a8a6e9724908,2901b5ccd9d84760926e25640dbb70cd,none,2025-10-28,Elisa Valokuitu,none,-23.99,EUR,online,False
b60e31a13c734a409931ea521963018a,4fd04cb6bfc247ddb3f42419a347e9bc,none,2025-10-28,Movistar,none,-23.99,EUR,online,False
bbff215816d3450084f3e102168ace1d,ada3d0f52c0848b985022952fef7031f,none,2025-10-28,Orange,none,-23.99,EUR,online,False
d35527ddc2c243e59fd853a626d0bbca,4fd04cb6bfc247ddb3f42419a347e9bc,none,2025-10-28,Mcdonalds,none,-5.69,EUR,online,False
867e3ec296624dc6aacaa8c1d4dfa3db,ad3b198a7f624730a942384dd064f051,none,2025-10-28,Fastweb,none,-23.99,EUR,online,False
1a401102abe14563bb0b5227f51f2419,ada3d0f52c0848b985022952fef7031f,none,2025-10-28,McDonald's,none,-5.69,EUR,online,False
f4accbc895a149f48f791167cbe46eb0,c933b12ce50c48dcb4208e2d5fe59c4e,none,2025-10-28,Mcdonalds,none,-56.900000000000006,SEK,online,False
3171623efd6a4180b7b22a33da2aeb53,c933b12ce50c48dcb4208e2d5fe59c4e,none,2025-10-28,Bredbandsbolaget,none,-239.9,SEK,online,False
c33c54a364384315906bc4dd73d339b7,2901b5ccd9d84760926e25640dbb70cd,none,2025-10-28,Mcdonalds,none,-5.69,EUR,online,False
72ea9d9309004f888f13e4355ab6fd15,0c47e3c72eec4c2286f2d2f04c5e8433,none,2025-10-28,Mcdonalds,none,-5.69,EUR,online,False
6a8997185171458aac0f5b8501f5241f,d8e85133189140ceb38926ca37c44c8d,none,2025-10-28,Mcdonalds,none,-5.69,GBP,online,False
92153a6c5cdf4d1f9ff97970bcc5828b,ad3b198a7f624730a942384dd064f051,none,2025-10-28,McDonald's,none,-5.69,EUR,online,False
117c6173723c4f99a65d1c321ced1e2c,0c47e3c72eec4c2286f2d2f04c5e8433,none,2025-10-28,Telekom,none,-23.99,EUR,online,False
906547d5e58d441b952656bc0bdd97ba,7372a72bc03c4ab49492a481c2cfc7f5,none,2025-10-28,Mcdonald's,none,-6.37,EUR,online,False
4007c494a15944b8bc2d6d070931e28d,7372a72bc03c4ab49492a481c2cfc7f5,none,2025-10-28,Lattelecom,none,-26.87,EUR,online,False
7334252eb55546d1849cdef16ca7b913,d8e85133189140ceb38926ca37c44c8d,none,2025-10-30,Red Lion Pub,none,-8.68,GBP,online,False
5dabfaf897624aed96cfdb80d29ae395,3288ff86901143b4a34e39d56b72f0c9,none,2025-10-30,Clube Ferroviário,none,-8.68,EUR,online,False
54589e610324480d8ff5c1fadcb6f04c,7f516dc6ddf5450f86f30b9fe0ba67ea,none,2025-10-30,Baresso,none,-24.9,DKK,online,False
7fd533e871bf413c83f48573098c47a0,7f516dc6ddf5450f86f30b9fe0ba67ea,none,2025-10-30,Jensens Bøfhus,none,-86.80000000000001,DKK,online,False
f0be8474e0e441fcb751b447b70baf72,2901b5ccd9d84760926e25640dbb70cd,none,2025-10-30,Molly Malone's,none,-8.68,EUR,online,False
9aa5070c50514e868796390c5648de5a,ad3b198a7f624730a942384dd064f051,none,2025-10-30,Illycaffè,none,-2.49,EUR,online,False
fbba946f265544c9952ad68df2987e83,ad3b198a7f624730a942384dd064f051,none,2025-10-30,La Vineria,none,-8.68,EUR,online,False
15635252abb042d98e922d1513771908,ff109f0c99a146e9bb9e30ccfac01582,none,2025-10-30,Hof Van Cleve,none,-8.68,EUR,online,False
e9702a46bf47450894d2b68cbc262de1,7372a72bc03c4ab49492a481c2cfc7f5,none,2025-10-30,Folkklubs Ala Pagrabs,none,-9.72,EUR,online,False
18b7944f9ee3491895e7bc9929f165bf,00140a6c17ce4d3a9dd455073c5cac0a,none,2025-10-30,Reval Cafe,none,-1.49,EUR,online,False
daf83ebcba114981a7a5a61939d20c9c,0c47e3c72eec4c2286f2d2f04c5e8433,none,2025-10-30,Coffee Fellows,none,-2.49,EUR,online,False
3665564510f3414da94a979dec9c831d,0c47e3c72eec4c2286f2d2f04c5e8433,none,2025-10-30,Bar Celona,none,-8.68,EUR,online,False
cc79853988b3484493dc2f15dea56b94,4fd04cb6bfc247ddb3f42419a347e9bc,none,2025-10-30,Lizarran,none,-8.68,EUR,online,False
67295e0f9eb04a2ba39c0df9721d8976,4fd04cb6bfc247ddb3f42419a347e9bc,none,2025-10-30,Starbucks,none,-2.49,EUR,online,False
009bf096cccb4a579b1ebeb4587d4da3,fb9a593b6b0c448d968616bb8aae9a60,none,2025-10-30,Egon,none,-86.80000000000001,NOK,online,False
769644ee4f4c4966b153038751579b5a,7372a72bc03c4ab49492a481c2cfc7f5,none,2025-10-30,Costa Coffee,none,-1.67,EUR,online,False
6e9876fd092d42db9777923ac0c9371c,f37690212445419c9e5d0fbbda82abc2,none,2025-10-30,De Drie Gezusters,none,-9.72,EUR,online,False
5411084ff1494dffa798c838be34b141,00140a6c17ce4d3a9dd455073c5cac0a,none,2025-10-30,Põrgu Pub,none,-8.68,EUR,online,False
c41a4a81ed654ab997a2803288436fd9,c933b12ce50c48dcb4208e2d5fe59c4e,none,2025-10-30,The Bishops Arms,none,-86.80000000000001,SEK,online,False
fde49dae18384517a83b41e2e91582e0,8c1950bbf34d4de6adcf81d97399d701,none,2025-10-30,Gringo,none,-9.72,EUR,online,False
59aa868f6b634fbdad57d1d844db5893,8c1950bbf34d4de6adcf81d97399d701,none,2025-10-30,Vero Cafe,none,-1.67,EUR,online,False
50b0fdd72e03433fb7702aea4c0bcb99,c933b12ce50c48dcb4208e2d5fe59c4e,none,2025-10-30,Wayne's Coffee,none,-24.9,SEK,online,False
96db2dfce9cd49d0891d4c5dd19fe34b,f37690212445419c9e5d0fbbda82abc2,none,2025-10-30,Broodje Van Dootje,none,-1.67,EUR,online,False
6a46140bd40f47dc8b4e082c82c0b4e8,d8e85133189140ceb38926ca37c44c8d,none,2025-10-30,Pret,none,-1.49,GBP,online,False
89cb2329d12043adba0cdd854921c432,3288ff86901143b4a34e39d56b72f0c9,none,2025-10-30,Padaria Portuguesa,none,-2.49,EUR,online,False
cc52a659a52c484f96a70f01e8f3f2f2,41e035480df54e979ecd6234c2010921,none,2025-10-30,Starbucks,none,-2.49,EUR,online,False
2160388e04d147b7b8e1486e033ed9a1,ada3d0f52c0848b985022952fef7031f,none,2025-10-30,Bar De La Marine,none,-8.68,EUR,online,False
87089d6e32a244a48ee25ad58c517543,41e035480df54e979ecd6234c2010921,none,2025-10-30,Red Lion Pub,none,-8.68,EUR,online,False
b08f07d50acb42df8b11470df28fdcdb,ff109f0c99a146e9bb9e30ccfac01582,none,2025-10-30,Starbucks,none,-2.49,EUR,online,False
1a6aa08d26fa4c208749df0f64d1e476,ca0e28e500584f8ba9a0197c04959318,none,2025-10-30,Pub Barka,none,-43.53,PLN,online,False
001b68108c9a459bb2574a6a78107413,ca0e28e500584f8ba9a0197c04959318,none,2025-10-30,Green Caffè Nero,none,-7.48,PLN,online,False
518db9f1f67442af993f14f481648706,fb9a593b6b0c448d968616bb8aae9a60,none,2025-10-30,Kaffebrenneriet,none,-24.9,NOK,online,False
8efd032af3aa4109a35df9298fe32265,2901b5ccd9d84760926e25640dbb70cd,none,2025-10-30,Starbucks,none,-2.49,EUR,online,False
8e7401f1c4c24a3e95ae34357ed456a4,ada3d0f52c0848b985022952fef7031f,none,2025-10-30,Starbucks,none,-2.49,EUR,online,False
61d0f51852cf4066879a5c72177a8b81,d6cc56bc402a4685829f0de347af4c63,none,2025-10-31,Starbucks,none,-1.87,GBP,online,False
79f55de6f3ad4ffa9a8ae5fd83a254fb,4fd04cb6bfc247ddb3f42419a347e9bc,none,2025-11-01,Liquidación Interés,none,3.72,EUR,online,False
a3c5e1d22a984133b9ec7dcaa17f7a33,00140a6c17ce4d3a9dd455073c5cac0a,none,2025-11-01,Dodo Pizza,none,-17.990000000000002,EUR,online,False
4548e6f7a78d4709ac35b90cb6b751a5,ff109f0c99a146e9bb9e30ccfac01582,none,2025-11-01,Versement D'intérêts,none,3.72,EUR,online,False
20fe3202b0ff4e728f182576a448d482,d8e85133189140ceb38926ca37c44c8d,none,2025-11-01,Interest Earned,none,3.72,GBP,online,False
1d11fdd93d5641bb8b37d9d1d9b6d9e1,ad3b198a7f624730a942384dd064f051,none,2025-11-01,Rosso Pomodoro,none,-17.990000000000002,EUR,online,False
6c314e887dbb4958af9471f06f76b4ba,00140a6c17ce4d3a9dd455073c5cac0a,none,2025-11-01,Intressitulu,none,3.72,EUR,online,False
cef60add77e34c878b1afd319260a9be,ad3b198a7f624730a942384dd064f051,none,2025-11-01,Interessi Attivi,none,3.72,EUR,online,False
333229dd28594e409d125ad3ceb26037,d8e85133189140ceb38926ca37c44c8d,none,2025-11-01,Dominos Pizza,none,-17.990000000000002,GBP,online,False
0a9436f27df340aaa546b9a5ffe73295,ff109f0c99a146e9bb9e30ccfac01582,none,2025-11-01,Kaffabar,none,-17.990000000000002,EUR,online,False
b1a12f7fea6f4eb19723ec4777595a6f,ada3d0f52c0848b985022952fef7031f,none,2025-11-01,Café Du Commerce,none,-17.990000000000002,EUR,online,False
658f717e595d4e4b8905cb716fcadb5c,fb9a593b6b0c448d968616bb8aae9a60,none,2025-11-01,Opptjente Renter,none,37.2,NOK,online,False
c1f8acea840e4a569c4e2747f14088a9,7372a72bc03c4ab49492a481c2cfc7f5,none,2025-11-01,Procenti,none,4.17,EUR,online,False
67e7ce217ede4923bff07af40eb3b408,7372a72bc03c4ab49492a481c2cfc7f5,none,2025-11-01,Pica Lulū,none,-20.15,EUR,online,False
a8707ea72a584f1b85888b61497de21d,3288ff86901143b4a34e39d56b72f0c9,none,2025-11-01,Juros Recebidos,none,3.72,EUR,online,False
ce37f0179ca148c9b754d4bb199f080e,3288ff86901143b4a34e39d56b72f0c9,none,2025-11-01,Pizza Hut,none,-17.990000000000002,EUR,online,False
4c8c6fff263f4a9ca4ede5d445be388f,ca0e28e500584f8ba9a0197c04959318,none,2025-11-01,Da Grasso,none,-90.28,PLN,online,False
a5ea3f4f5ac9418e8d4734d20d461a72,ca0e28e500584f8ba9a0197c04959318,none,2025-11-01,Odsetki,none,18.67,PLN,online,False
b49a3f1568e44a23b2d21fc63c46ba66,c933b12ce50c48dcb4208e2d5fe59c4e,none,2025-11-01,Vapiano,none,-179.9,SEK,online,False
f3573c87901d444b968bb858bfb6ca7b,8c1950bbf34d4de6adcf81d97399d701,none,2025-11-01,Palūkanos,none,4.17,EUR,online,False
c59c5698b5c74e6ea6238eca01e92697,41e035480df54e979ecd6234c2010921,none,2025-11-01,Dominos Pizza,none,-17.990000000000002,EUR,online,False
5b22dcbf6f214928934701f288cb2b2f,41e035480df54e979ecd6234c2010921,none,2025-11-01,Interest Earned,none,-3.72,EUR,online,False
18b1581b676844e2bc27537234b451cc,4fd04cb6bfc247ddb3f42419a347e9bc,none,2025-11-01,Telepizza,none,-17.990000000000002,EUR,online,False
5b90106b7bd84e419e2d10fca26bf7ca,2901b5ccd9d84760926e25640dbb70cd,none,2025-11-01,Kotipizza,none,-17.990000000000002,EUR,online,False
0cef61c27c964cae8097ca27a30a28c0,f37690212445419c9e5d0fbbda82abc2,none,2025-11-01,New York Pizza,none,-20.15,EUR,online,False
2cae6a4c0024437c896657ce5237e74a,7f516dc6ddf5450f86f30b9fe0ba67ea,none,2025-11-01,Domino's Pizza,none,-179.9,DKK,online,False
5fdf5c31246d4b8b956b201ddbfc6ae6,7f516dc6ddf5450f86f30b9fe0ba67ea,none,2025-11-01,Renteindægter,none,37.2,DKK,online,False
27caf43692bf4a49bfdfd174263b295e,8c1950bbf34d4de6adcf81d97399d701,none,2025-11-01,Čili Pica,none,-20.15,EUR,online,False
31a1254e2a604087be9a504a77eab0fe,ada3d0f52c0848b985022952fef7031f,none,2025-11-01,Versement D'intérêts,none,3.72,EUR,online,False
b3b252fa057c4a1492bd3cdb8cfc5d23,c933b12ce50c48dcb4208e2d5fe59c4e,none,2025-11-01,Ränta,none,-37.2,SEK,online,False
003dbddd1fe24282a881e5ae0422acd6,4bb60c8682f543e8939a659d14a20124,none,2025-11-01,Amazon Salary,none,5000.0,EUR,online,False
ba07bbbbea414a39b321e44791ff9bc9,0c47e3c72eec4c2286f2d2f04c5e8433,none,2025-11-01,Burger King,none,-17.990000000000002,EUR,online,False
55c76a910f3d49b0a8e50e08acbba9a5,0c47e3c72eec4c2286f2d2f04c5e8433,none,2025-11-01,Zinserträge,none,3.72,EUR,online,False
3526055fa5a8474eb1d7d34fabaaf714,fb9a593b6b0c448d968616bb8aae9a60,none,2025-11-01,Peppes Pizza,none,-179.9,NOK,online,False
a9a68b7879fe4affb547bdf79a853ab7,f37690212445419c9e5d0fbbda82abc2,none,2025-11-01,Rente-Inkomsten,none,4.17,EUR,online,False
f94ad536ed094bb28fb8e2b7aaeffad6,2901b5ccd9d84760926e25640dbb70cd,none,2025-11-01,Korkotulo,none,3.72,EUR,online,False
