user_id,type,comparison,priority,message,action,metric
USR601Ie,spending_warning,personal,high,Your average transaction amount this month ($52655) is 847% above your usual average ($5562).,Review your recent transactions to identify what changed.,"{'avg_amt_30d': np.float64(52655.245), 'all_time_avg': np.float64(5562.131162790698), 'pct_above': 847}"
USR601Ie,spending_warning,personal,high,You have 3 unusually large transactions compared to your own average.,Check these transactions — they are significantly larger than your typical spend.,{'large_transactions': 3}
USR601Ie,spending_warning,peer,medium,Your recent average spend ($52655/txn) is 26228% higher than similar users ($200/txn).,Consider whether your spending aligns with your financial goals.,"{'avg_amt_30d': np.float64(52655.245), 'peer_avg': np.float64(200.0), 'pct_above': 26228}"
USR601Ie,budget_advice,peer,medium,You spend 200% more than similar users on Friend Activities ($0 vs peer avg $0/month).,Setting a monthly budget for Friend Activities could bring your spend in line with peers.,"{'category': 'Friend Activities', 'user_spend': np.float64(0.2857142857142857), 'peer_spend': np.float64(0.0952380952380952), 'pct_above': 200}"
USR601Ie,budget_advice,personal,medium,Your Gifts spending spiked to 21.0x your usual amount in your highest month.,Consider a monthly cap on Gifts to avoid these irregular spikes.,"{'category': 'Gifts', 'spike_ratio': np.float64(21.0)}"
USR784ar,budget_advice,peer,medium,You spend 527% more than similar users on Gifts ($0 vs peer avg $0/month).,Setting a monthly budget for Gifts could bring your spend in line with peers.,"{'category': 'Gifts', 'user_spend': np.float64(0.2727272727272727), 'peer_spend': np.float64(0.0434782608695652), 'pct_above': 527}"
USR784ar,budget_advice,personal,medium,Your Friend Activities spending spiked to 22.0x your usual amount in your highest month.,Consider a monthly cap on Friend Activities to avoid these irregular spikes.,"{'category': 'Friend Activities', 'spike_ratio': np.float64(22.0)}"
USR821Id,spending_warning,personal,high,You have 5 unusually large transactions compared to your own average.,Check these transactions — they are significantly larger than your typical spend.,{'large_transactions': 5}
USR821Id,budget_advice,peer,medium,You spend 204% more than similar users on Travel ($0 vs peer avg $0/month).,Setting a monthly budget for Travel could bring your spend in line with peers.,"{'category': 'Travel', 'user_spend': np.float64(0.3043478260869565), 'peer_spend': np.float64(0.1), 'pct_above': 204}"
USR821Id,budget_advice,personal,medium,Your Gifts spending spiked to 11.5x your usual amount in your highest month.,Consider a monthly cap on Gifts to avoid these irregular spikes.,"{'category': 'Gifts', 'spike_ratio': np.float64(11.5)}"
USR559Pi,spending_warning,peer,medium,Your recent average spend ($759/txn) is 280% higher than similar users ($200/txn).,Consider whether your spending aligns with your financial goals.,"{'avg_amt_30d': np.float64(759.1666666666669), 'peer_avg': np.float64(200.0), 'pct_above': 280}"
USR559Pi,budget_advice,peer,medium,You spend 220% more than similar users on Gifts ($0 vs peer avg $0/month).,Setting a monthly budget for Gifts could bring your spend in line with peers.,"{'category': 'Gifts', 'user_spend': np.float64(0.3043478260869565), 'peer_spend': np.float64(0.0952380952380952), 'pct_above': 220}"
USR559Pi,budget_advice,personal,medium,Your Friend Activities spending spiked to 23.0x your usual amount in your highest month.,Consider a monthly cap on Friend Activities to avoid these irregular spikes.,"{'category': 'Friend Activities', 'spike_ratio': np.float64(23.0)}"
USR200Qr,spending_warning,peer,medium,Your recent average spend ($419/txn) is 109% higher than similar users ($200/txn).,Consider whether your spending aligns with your financial goals.,"{'avg_amt_30d': np.float64(418.85666666666674), 'peer_avg': np.float64(200.0), 'pct_above': 109}"
USR200Qr,budget_advice,peer,medium,You spend 330% more than similar users on Gifts ($0 vs peer avg $0/month).,Setting a monthly budget for Gifts could bring your spend in line with peers.,"{'category': 'Gifts', 'user_spend': np.float64(0.4090909090909091), 'peer_spend': np.float64(0.0952380952380952), 'pct_above': 330}"
USR200Qr,budget_advice,personal,medium,Your Food spending spiked to 22.0x your usual amount in your highest month.,Consider a monthly cap on Food to avoid these irregular spikes.,"{'category': 'Food', 'spike_ratio': np.float64(22.0)}"
USR674rM,budget_advice,peer,medium,You spend 50% more than similar users on Medical/Dental ($0 vs peer avg $0/month).,Setting a monthly budget for Medical/Dental could bring your spend in line with peers.,"{'category': 'Medical/Dental', 'user_spend': np.float64(0.2608695652173913), 'peer_spend': np.float64(0.1739130434782608), 'pct_above': 50}"
USR674rM,budget_advice,personal,medium,Your Travel spending spiked to 11.5x your usual amount in your highest month.,Consider a monthly cap on Travel to avoid these irregular spikes.,"{'category': 'Travel', 'spike_ratio': np.float64(11.5)}"
USR240hY,budget_advice,peer,medium,You spend 160% more than similar users on Housing and Utilities ($0 vs peer avg $0/month).,Setting a monthly budget for Housing and Utilities could bring your spend in line with peers.,"{'category': 'Housing and Utilities', 'user_spend': np.float64(0.4), 'peer_spend': np.float64(0.1539473684210526), 'pct_above': 160}"
USR240hY,budget_advice,personal,medium,Your Gifts spending spiked to 20.0x your usual amount in your highest month.,Consider a monthly cap on Gifts to avoid these irregular spikes.,"{'category': 'Gifts', 'spike_ratio': np.float64(20.0)}"
USR778Dk,spending_warning,peer,medium,Your recent average spend ($2335/txn) is 730% higher than similar users ($281/txn).,Consider whether your spending aligns with your financial goals.,"{'avg_amt_30d': np.float64(2335.455), 'peer_avg': np.float64(281.25750000000005), 'pct_above': 730}"
USR778Dk,budget_advice,peer,medium,You spend 46% more than similar users on Fitness ($0 vs peer avg $0/month).,Setting a monthly budget for Fitness could bring your spend in line with peers.,"{'category': 'Fitness', 'user_spend': np.float64(0.2857142857142857), 'peer_spend': np.float64(0.1952380952380952), 'pct_above': 46}"
USR778Dk,budget_advice,personal,medium,Your Travel spending spiked to 21.0x your usual amount in your highest month.,Consider a monthly cap on Travel to avoid these irregular spikes.,"{'category': 'Travel', 'spike_ratio': np.float64(21.0)}"
USR778Dk,behavioral_nudge,personal,low,75% of your total spend happens on weekends.,Weekend spending patterns often include more impulse purchases. Planning ahead could reduce costs.,"{'weekend_spend_pct': 75, 'weekend_spend': np.float64(58955.01), 'weekday_spend': np.float64(19445.12)}"
USR546jz,spending_warning,personal,high,You have 4 unusually large transactions compared to your own average.,Check these transactions — they are significantly larger than your typical spend.,{'large_transactions': 4}
USR546jz,budget_advice,peer,medium,You spend 76% more than similar users on Gifts ($0 vs peer avg $0/month).,Setting a monthly budget for Gifts could bring your spend in line with peers.,"{'category': 'Gifts', 'user_spend': np.float64(0.32), 'peer_spend': np.float64(0.1818181818181818), 'pct_above': 76}"
USR546jz,budget_advice,personal,medium,Your Transportation spending spiked to 25.0x your usual amount in your highest month.,Consider a monthly cap on Transportation to avoid these irregular spikes.,"{'category': 'Transportation', 'spike_ratio': np.float64(25.0)}"
USR663xt,spending_warning,personal,high,You have 4 unusually large transactions compared to your own average.,Check these transactions — they are significantly larger than your typical spend.,{'large_transactions': 4}
USR663xt,budget_advice,peer,medium,You spend 71% more than similar users on Fitness ($0 vs peer avg $0/month).,Setting a monthly budget for Fitness could bring your spend in line with peers.,"{'category': 'Fitness', 'user_spend': np.float64(0.3333333333333333), 'peer_spend': np.float64(0.1952380952380952), 'pct_above': 71}"
USR663xt,budget_advice,personal,medium,Your Hobbies spending spiked to 10.5x your usual amount in your highest month.,Consider a monthly cap on Hobbies to avoid these irregular spikes.,"{'category': 'Hobbies', 'spike_ratio': np.float64(10.5)}"
USR663xt,behavioral_nudge,personal,low,61% of your total spend happens on weekends.,Weekend spending patterns often include more impulse purchases. Planning ahead could reduce costs.,"{'weekend_spend_pct': 61, 'weekend_spend': np.float64(11423.5), 'weekday_spend': np.float64(7333.09)}"
USR661vO,budget_advice,peer,medium,You spend 234% more than similar users on Hobbies ($0 vs peer avg $0/month).,Setting a monthly budget for Hobbies could bring your spend in line with peers.,"{'category': 'Hobbies', 'user_spend': np.float64(0.3181818181818182), 'peer_spend': np.float64(0.0952380952380952), 'pct_above': 234}"
USR661vO,budget_advice,personal,medium,Your Food spending spiked to 7.3x your usual amount in your highest month.,Consider a monthly cap on Food to avoid these irregular spikes.,"{'category': 'Food', 'spike_ratio': np.float64(7.3)}"
USR661vO,behavioral_nudge,personal,low,87% of your total spend happens on weekends.,Weekend spending patterns often include more impulse purchases. Planning ahead could reduce costs.,"{'weekend_spend_pct': 87, 'weekend_spend': np.float64(76709.22), 'weekday_spend': np.float64(11239.11)}"
USR451OQ,spending_warning,personal,high,Your average transaction amount this month ($111678) is 1967% above your usual average ($5404).,Review your recent transactions to identify what changed.,"{'avg_amt_30d': np.float64(111677.965), 'all_time_avg': np.float64(5403.577454545455), 'pct_above': 1967}"
USR451OQ,spending_warning,model,high,Our anomaly detection model flagged your account (score: 40/100).,Review your recent transactions for any unusual or unrecognised activity.,{'anomaly_score': 40.26}
USR451OQ,spending_warning,peer,medium,Your recent average spend ($111678/txn) is 55739% higher than similar users ($200/txn).,Consider whether your spending aligns with your financial goals.,"{'avg_amt_30d': np.float64(111677.965), 'peer_avg': np.float64(200.0), 'pct_above': 55739}"
USR451OQ,budget_advice,peer,medium,You spend 133% more than similar users on Food ($0 vs peer avg $0/month).,Setting a monthly budget for Food could bring your spend in line with peers.,"{'category': 'Food', 'user_spend': np.float64(0.3181818181818182), 'peer_spend': np.float64(0.1363636363636363), 'pct_above': 133}"
USR451OQ,budget_advice,personal,medium,Your Hobbies spending spiked to 22.0x your usual amount in your highest month.,Consider a monthly cap on Hobbies to avoid these irregular spikes.,"{'category': 'Hobbies', 'spike_ratio': np.float64(22.0)}"
USR451OQ,behavioral_nudge,personal,low,77% of your total spend happens on weekends.,Weekend spending patterns often include more impulse purchases. Planning ahead could reduce costs.,"{'weekend_spend_pct': 77, 'weekend_spend': np.float64(230161.16), 'weekday_spend': np.float64(67035.6)}"
USR691Fc,spending_warning,personal,high,You have 3 unusually large transactions compared to your own average.,Check these transactions — they are significantly larger than your typical spend.,{'large_transactions': 3}
USR691Fc,budget_advice,peer,medium,You spend 234% more than similar users on Personal Hygiene ($0 vs peer avg $0/month).,Setting a monthly budget for Personal Hygiene could bring your spend in line with peers.,"{'category': 'Personal Hygiene', 'user_spend': np.float64(0.3181818181818182), 'peer_spend': np.float64(0.0952380952380952), 'pct_above': 234}"
USR691Fc,budget_advice,personal,medium,Your Friend Activities spending spiked to 11.0x your usual amount in your highest month.,Consider a monthly cap on Friend Activities to avoid these irregular spikes.,"{'category': 'Friend Activities', 'spike_ratio': np.float64(11.0)}"
USR479Ei,budget_advice,peer,medium,You spend 150% more than similar users on Gifts ($0 vs peer avg $0/month).,Setting a monthly budget for Gifts could bring your spend in line with peers.,"{'category': 'Gifts', 'user_spend': np.float64(0.238095238095238), 'peer_spend': np.float64(0.0952380952380952), 'pct_above': 150}"
USR479Ei,budget_advice,personal,medium,Your Medical/Dental spending spiked to 14.0x your usual amount in your highest month.,Consider a monthly cap on Medical/Dental to avoid these irregular spikes.,"{'category': 'Medical/Dental', 'spike_ratio': np.float64(14.0)}"
USR581oW,budget_advice,peer,medium,You spend 200% more than similar users on Fitness ($0 vs peer avg $0/month).,Setting a monthly budget for Fitness could bring your spend in line with peers.,"{'category': 'Fitness', 'user_spend': np.float64(0.3333333333333333), 'peer_spend': np.float64(0.1111111111111111), 'pct_above': 200}"
USR581oW,budget_advice,personal,medium,Your Friend Activities spending spiked to 24.0x your usual amount in your highest month.,Consider a monthly cap on Friend Activities to avoid these irregular spikes.,"{'category': 'Friend Activities', 'spike_ratio': np.float64(24.0)}"
USR581oW,behavioral_nudge,personal,low,86% of your total spend happens on weekends.,Weekend spending patterns often include more impulse purchases. Planning ahead could reduce costs.,"{'weekend_spend_pct': 86, 'weekend_spend': np.float64(170710.21), 'weekday_spend': np.float64(28174.07)}"
USR847gv,budget_advice,peer,medium,You spend 320% more than similar users on Gifts ($0 vs peer avg $0/month).,Setting a monthly budget for Gifts could bring your spend in line with peers.,"{'category': 'Gifts', 'user_spend': np.float64(0.4), 'peer_spend': np.float64(0.0952380952380952), 'pct_above': 320}"
USR847gv,budget_advice,personal,medium,Your Food spending spiked to 10.0x your usual amount in your highest month.,Consider a monthly cap on Food to avoid these irregular spikes.,"{'category': 'Food', 'spike_ratio': np.float64(10.0)}"
USR759Fr,budget_advice,peer,medium,You spend 157% more than similar users on Food ($0 vs peer avg $0/month).,Setting a monthly budget for Food could bring your spend in line with peers.,"{'category': 'Food', 'user_spend': np.float64(0.35), 'peer_spend': np.float64(0.1363636363636363), 'pct_above': 157}"
USR759Fr,budget_advice,personal,medium,Your Subscriptions spending spiked to 13.3x your usual amount in your highest month.,Consider a monthly cap on Subscriptions to avoid these irregular spikes.,"{'category': 'Subscriptions', 'spike_ratio': np.float64(13.3)}"
USR689zf,spending_warning,peer,medium,Your recent average spend ($464/txn) is 65% higher than similar users ($281/txn).,Consider whether your spending aligns with your financial goals.,"{'avg_amt_30d': np.float64(464.0199999999999), 'peer_avg': np.float64(281.25750000000005), 'pct_above': 65}"
USR689zf,budget_advice,peer,medium,You spend 200% more than similar users on Transportation ($0 vs peer avg $0/month).,Setting a monthly budget for Transportation could bring your spend in line with peers.,"{'category': 'Transportation', 'user_spend': np.float64(0.4285714285714285), 'peer_spend': np.float64(0.1428571428571428), 'pct_above': 200}"
USR689zf,budget_advice,personal,medium,Your Subscriptions spending spiked to 21.0x your usual amount in your highest month.,Consider a monthly cap on Subscriptions to avoid these irregular spikes.,"{'category': 'Subscriptions', 'spike_ratio': np.float64(21.0)}"
USR007mU,spending_warning,personal,high,You have 4 unusually large transactions compared to your own average.,Check these transactions — they are significantly larger than your typical spend.,{'large_transactions': 4}
USR007mU,budget_advice,peer,medium,You spend 214% more than similar users on Food ($0 vs peer avg $0/month).,Setting a monthly budget for Food could bring your spend in line with peers.,"{'category': 'Food', 'user_spend': np.float64(0.4285714285714285), 'peer_spend': np.float64(0.1363636363636363), 'pct_above': 214}"
USR007mU,budget_advice,personal,medium,Your Gifts spending spiked to 21.0x your usual amount in your highest month.,Consider a monthly cap on Gifts to avoid these irregular spikes.,"{'category': 'Gifts', 'spike_ratio': np.float64(21.0)}"
USR491Th,spending_warning,peer,medium,Your recent average spend ($349/txn) is 74% higher than similar users ($200/txn).,Consider whether your spending aligns with your financial goals.,"{'avg_amt_30d': np.float64(348.725), 'peer_avg': np.float64(200.0), 'pct_above': 74}"
USR491Th,budget_advice,peer,medium,You spend 57% more than similar users on Fitness ($0 vs peer avg $0/month).,Setting a monthly budget for Fitness could bring your spend in line with peers.,"{'category': 'Fitness', 'user_spend': np.float64(0.1739130434782608), 'peer_spend': np.float64(0.1111111111111111), 'pct_above': 57}"
USR491Th,budget_advice,personal,medium,Your Housing and Utilities spending spiked to 23.0x your usual amount in your highest month.,Consider a monthly cap on Housing and Utilities to avoid these irregular spikes.,"{'category': 'Housing and Utilities', 'spike_ratio': np.float64(23.0)}"
USR491Th,behavioral_nudge,personal,low,97% of your total spend happens on weekends.,Weekend spending patterns often include more impulse purchases. Planning ahead could reduce costs.,"{'weekend_spend_pct': 97, 'weekend_spend': np.float64(198145.61), 'weekday_spend': np.float64(6827.35)}"
USR813QZ,spending_warning,personal,high,Your average transaction amount this month ($7470) is 719% above your usual average ($912).,Review your recent transactions to identify what changed.,"{'avg_amt_30d': np.float64(7470.366666666666), 'all_time_avg': np.float64(912.270681818182), 'pct_above': 719}"
USR813QZ,spending_warning,personal,high,You have 3 unusually large transactions compared to your own average.,Check these transactions — they are significantly larger than your typical spend.,{'large_transactions': 3}
USR813QZ,spending_warning,peer,medium,Your recent average spend ($7470/txn) is 3635% higher than similar users ($200/txn).,Consider whether your spending aligns with your financial goals.,"{'avg_amt_30d': np.float64(7470.366666666666), 'peer_avg': np.float64(200.0), 'pct_above': 3635}"
USR813QZ,budget_advice,peer,medium,You spend 185% more than similar users on Food ($0 vs peer avg $0/month).,Setting a monthly budget for Food could bring your spend in line with peers.,"{'category': 'Food', 'user_spend': np.float64(0.3888888888888889), 'peer_spend': np.float64(0.1363636363636363), 'pct_above': 185}"
USR813QZ,budget_advice,personal,medium,Your Gifts spending spiked to 18.0x your usual amount in your highest month.,Consider a monthly cap on Gifts to avoid these irregular spikes.,"{'category': 'Gifts', 'spike_ratio': np.float64(18.0)}"
USR343dk,spending_warning,peer,medium,Your recent average spend ($2619/txn) is 1210% higher than similar users ($200/txn).,Consider whether your spending aligns with your financial goals.,"{'avg_amt_30d': np.float64(2619.04), 'peer_avg': np.float64(200.0), 'pct_above': 1210}"
USR343dk,budget_advice,peer,medium,You spend 285% more than similar users on Subscriptions ($0 vs peer avg $0/month).,Setting a monthly budget for Subscriptions could bring your spend in line with peers.,"{'category': 'Subscriptions', 'user_spend': np.float64(0.35), 'peer_spend': np.float64(0.0909090909090909), 'pct_above': 285}"
USR343dk,budget_advice,personal,medium,Your Travel spending spiked to 20.0x your usual amount in your highest month.,Consider a monthly cap on Travel to avoid these irregular spikes.,"{'category': 'Travel', 'spike_ratio': np.float64(20.0)}"
USR291BJ,spending_warning,personal,high,You have 4 unusually large transactions compared to your own average.,Check these transactions — they are significantly larger than your typical spend.,{'large_transactions': 4}
USR291BJ,budget_advice,peer,medium,You spend 125% more than similar users on Fitness ($0 vs peer avg $0/month).,Setting a monthly budget for Fitness could bring your spend in line with peers.,"{'category': 'Fitness', 'user_spend': np.float64(0.25), 'peer_spend': np.float64(0.1111111111111111), 'pct_above': 125}"
USR291BJ,budget_advice,personal,medium,Your Hobbies spending spiked to 20.0x your usual amount in your highest month.,Consider a monthly cap on Hobbies to avoid these irregular spikes.,"{'category': 'Hobbies', 'spike_ratio': np.float64(20.0)}"
USR335Sx,spending_warning,personal,high,Your average transaction amount this month ($1445) is 339% above your usual average ($329).,Review your recent transactions to identify what changed.,"{'avg_amt_30d': np.float64(1444.575), 'all_time_avg': np.float64(328.7737096774194), 'pct_above': 339}"
USR335Sx,spending_warning,personal,high,You have 3 unusually large transactions compared to your own average.,Check these transactions — they are significantly larger than your typical spend.,{'large_transactions': 3}
USR335Sx,spending_warning,peer,medium,Your recent average spend ($1445/txn) is 622% higher than similar users ($200/txn).,Consider whether your spending aligns with your financial goals.,"{'avg_amt_30d': np.float64(1444.575), 'peer_avg': np.float64(200.0), 'pct_above': 622}"
USR335Sx,budget_advice,peer,medium,You spend 234% more than similar users on Hobbies ($0 vs peer avg $0/month).,Setting a monthly budget for Hobbies could bring your spend in line with peers.,"{'category': 'Hobbies', 'user_spend': np.float64(0.3181818181818182), 'peer_spend': np.float64(0.0952380952380952), 'pct_above': 234}"
USR335Sx,budget_advice,personal,medium,Your Fitness spending spiked to 22.0x your usual amount in your highest month.,Consider a monthly cap on Fitness to avoid these irregular spikes.,"{'category': 'Fitness', 'spike_ratio': np.float64(22.0)}"
USR818nO,spending_warning,personal,high,Your average transaction amount this month ($4216) is 60% above your usual average ($2640).,Review your recent transactions to identify what changed.,"{'avg_amt_30d': np.float64(4215.528), 'all_time_avg': np.float64(2640.141525423729), 'pct_above': 60}"
USR818nO,spending_warning,peer,medium,Your recent average spend ($4216/txn) is 566% higher than similar users ($633/txn).,Consider whether your spending aligns with your financial goals.,"{'avg_amt_30d': np.float64(4215.528), 'peer_avg': np.float64(632.9639999999999), 'pct_above': 566}"
USR818nO,budget_advice,peer,medium,You spend 700% more than similar users on Gifts ($0 vs peer avg $0/month).,Setting a monthly budget for Gifts could bring your spend in line with peers.,"{'category': 'Gifts', 'user_spend': np.float64(0.3478260869565217), 'peer_spend': np.float64(0.0434782608695652), 'pct_above': 700}"
USR818nO,budget_advice,personal,medium,Your Friend Activities spending spiked to 11.5x your usual amount in your highest month.,Consider a monthly cap on Friend Activities to avoid these irregular spikes.,"{'category': 'Friend Activities', 'spike_ratio': np.float64(11.5)}"
USR375sC,budget_advice,peer,medium,You spend 138% more than similar users on Housing and Utilities ($0 vs peer avg $0/month).,Setting a monthly budget for Housing and Utilities could bring your spend in line with peers.,"{'category': 'Housing and Utilities', 'user_spend': np.float64(0.238095238095238), 'peer_spend': np.float64(0.1), 'pct_above': 138}"
USR375sC,budget_advice,personal,medium,Your Friend Activities spending spiked to 21.0x your usual amount in your highest month.,Consider a monthly cap on Friend Activities to avoid these irregular spikes.,"{'category': 'Friend Activities', 'spike_ratio': np.float64(21.0)}"
USR271eY,spending_warning,peer,medium,Your recent average spend ($2587/txn) is 1194% higher than similar users ($200/txn).,Consider whether your spending aligns with your financial goals.,"{'avg_amt_30d': np.float64(2587.1633333333334), 'peer_avg': np.float64(200.0), 'pct_above': 1194}"
USR271eY,budget_advice,peer,medium,You spend 250% more than similar users on Hobbies ($0 vs peer avg $0/month).,Setting a monthly budget for Hobbies could bring your spend in line with peers.,"{'category': 'Hobbies', 'user_spend': np.float64(0.3333333333333333), 'peer_spend': np.float64(0.0952380952380952), 'pct_above': 250}"
USR271eY,budget_advice,personal,medium,Your Subscriptions spending spiked to 14.0x your usual amount in your highest month.,Consider a monthly cap on Subscriptions to avoid these irregular spikes.,"{'category': 'Subscriptions', 'spike_ratio': np.float64(14.0)}"
USR253Hy,spending_warning,personal,high,You have 4 unusually large transactions compared to your own average.,Check these transactions — they are significantly larger than your typical spend.,{'large_transactions': 4}
USR253Hy,budget_advice,peer,medium,You spend 152% more than similar users on Food ($0 vs peer avg $0/month).,Setting a monthly budget for Food could bring your spend in line with peers.,"{'category': 'Food', 'user_spend': np.float64(0.3684210526315789), 'peer_spend': np.float64(0.1464285714285714), 'pct_above': 152}"
USR253Hy,budget_advice,personal,medium,Your Gifts spending spiked to 9.5x your usual amount in your highest month.,Consider a monthly cap on Gifts to avoid these irregular spikes.,"{'category': 'Gifts', 'spike_ratio': np.float64(9.5)}"
USR944dh,spending_warning,peer,medium,Your recent average spend ($708/txn) is 254% higher than similar users ($200/txn).,Consider whether your spending aligns with your financial goals.,"{'avg_amt_30d': np.float64(708.23), 'peer_avg': np.float64(200.0), 'pct_above': 254}"
USR944dh,budget_advice,peer,medium,You spend 373% more than similar users on Hobbies ($0 vs peer avg $0/month).,Setting a monthly budget for Hobbies could bring your spend in line with peers.,"{'category': 'Hobbies', 'user_spend': np.float64(0.45), 'peer_spend': np.float64(0.0952380952380952), 'pct_above': 373}"
USR944dh,budget_advice,personal,medium,Your Fitness spending spiked to 20.0x your usual amount in your highest month.,Consider a monthly cap on Fitness to avoid these irregular spikes.,"{'category': 'Fitness', 'spike_ratio': np.float64(20.0)}"
USR944dh,behavioral_nudge,personal,low,98% of your total spend happens on weekends.,Weekend spending patterns often include more impulse purchases. Planning ahead could reduce costs.,"{'weekend_spend_pct': 98, 'weekend_spend': np.float64(338873.8), 'weekday_spend': np.float64(7732.84)}"
USR418ju,spending_warning,peer,medium,Your recent average spend ($783/txn) is 291% higher than similar users ($200/txn).,Consider whether your spending aligns with your financial goals.,"{'avg_amt_30d': np.float64(782.7075), 'peer_avg': np.float64(200.0), 'pct_above': 291}"
USR418ju,budget_advice,peer,medium,You spend 186% more than similar users on Fitness ($0 vs peer avg $0/month).,Setting a monthly budget for Fitness could bring your spend in line with peers.,"{'category': 'Fitness', 'user_spend': np.float64(0.3181818181818182), 'peer_spend': np.float64(0.1111111111111111), 'pct_above': 186}"
USR418ju,budget_advice,personal,medium,Your Hobbies spending spiked to 22.0x your usual amount in your highest month.,Consider a monthly cap on Hobbies to avoid these irregular spikes.,"{'category': 'Hobbies', 'spike_ratio': np.float64(22.0)}"
USR418ju,behavioral_nudge,personal,low,87% of your total spend happens on weekends.,Weekend spending patterns often include more impulse purchases. Planning ahead could reduce costs.,"{'weekend_spend_pct': 87, 'weekend_spend': np.float64(116682.29), 'weekday_spend': np.float64(17829.57)}"
USR896kh,spending_warning,personal,high,You have 6 unusually large transactions compared to your own average.,Check these transactions — they are significantly larger than your typical spend.,{'large_transactions': 6}
USR896kh,budget_advice,peer,medium,You spend 186% more than similar users on Friend Activities ($0 vs peer avg $0/month).,Setting a monthly budget for Friend Activities could bring your spend in line with peers.,"{'category': 'Friend Activities', 'user_spend': np.float64(0.2727272727272727), 'peer_spend': np.float64(0.0952380952380952), 'pct_above': 186}"
USR896kh,budget_advice,personal,medium,Your Subscriptions spending spiked to 22.0x your usual amount in your highest month.,Consider a monthly cap on Subscriptions to avoid these irregular spikes.,"{'category': 'Subscriptions', 'spike_ratio': np.float64(22.0)}"
USR961UU,budget_advice,peer,medium,You spend 234% more than similar users on Friend Activities ($0 vs peer avg $0/month).,Setting a monthly budget for Friend Activities could bring your spend in line with peers.,"{'category': 'Friend Activities', 'user_spend': np.float64(0.3181818181818182), 'peer_spend': np.float64(0.0952380952380952), 'pct_above': 234}"
USR961UU,budget_advice,personal,medium,Your Medical/Dental spending spiked to 22.0x your usual amount in your highest month.,Consider a monthly cap on Medical/Dental to avoid these irregular spikes.,"{'category': 'Medical/Dental', 'spike_ratio': np.float64(22.0)}"
USR324Nf,budget_advice,peer,medium,You spend 425% more than similar users on Personal Hygiene ($0 vs peer avg $0/month).,Setting a monthly budget for Personal Hygiene could bring your spend in line with peers.,"{'category': 'Personal Hygiene', 'user_spend': np.float64(0.5), 'peer_spend': np.float64(0.0952380952380952), 'pct_above': 425}"
USR324Nf,budget_advice,personal,medium,Your Subscriptions spending spiked to 20.0x your usual amount in your highest month.,Consider a monthly cap on Subscriptions to avoid these irregular spikes.,"{'category': 'Subscriptions', 'spike_ratio': np.float64(20.0)}"
USR500hm,budget_advice,personal,medium,Your Personal Hygiene spending spiked to 22.0x your usual amount in your highest month.,Consider a monthly cap on Personal Hygiene to avoid these irregular spikes.,"{'category': 'Personal Hygiene', 'spike_ratio': np.float64(22.0)}"
USR539EC,spending_warning,personal,high,You have 3 unusually large transactions compared to your own average.,Check these transactions — they are significantly larger than your typical spend.,{'large_transactions': 3}
USR539EC,spending_warning,peer,medium,Your recent average spend ($2094/txn) is 947% higher than similar users ($200/txn).,Consider whether your spending aligns with your financial goals.,"{'avg_amt_30d': np.float64(2094.25), 'peer_avg': np.float64(200.0), 'pct_above': 947}"
USR539EC,budget_advice,peer,medium,You spend 251% more than similar users on Food ($0 vs peer avg $0/month).,Setting a monthly budget for Food could bring your spend in line with peers.,"{'category': 'Food', 'user_spend': np.float64(0.4782608695652174), 'peer_spend': np.float64(0.1363636363636363), 'pct_above': 251}"
USR539EC,budget_advice,personal,medium,Your Friend Activities spending spiked to 15.3x your usual amount in your highest month.,Consider a monthly cap on Friend Activities to avoid these irregular spikes.,"{'category': 'Friend Activities', 'spike_ratio': np.float64(15.3)}"
USR053xd,spending_warning,personal,high,You have 5 unusually large transactions compared to your own average.,Check these transactions — they are significantly larger than your typical spend.,{'large_transactions': 5}
USR053xd,budget_advice,peer,medium,You spend 135% more than similar users on Medical/Dental ($0 vs peer avg $0/month).,Setting a monthly budget for Medical/Dental could bring your spend in line with peers.,"{'category': 'Medical/Dental', 'user_spend': np.float64(0.4090909090909091), 'peer_spend': np.float64(0.1739130434782608), 'pct_above': 135}"
USR053xd,budget_advice,personal,medium,Your Food spending spiked to 11.0x your usual amount in your highest month.,Consider a monthly cap on Food to avoid these irregular spikes.,"{'category': 'Food', 'spike_ratio': np.float64(11.0)}"
USR082ip,budget_advice,peer,medium,You spend 175% more than similar users on Gifts ($0 vs peer avg $0/month).,Setting a monthly budget for Gifts could bring your spend in line with peers.,"{'category': 'Gifts', 'user_spend': np.float64(0.5), 'peer_spend': np.float64(0.1818181818181818), 'pct_above': 175}"
USR082ip,budget_advice,personal,medium,Your Food spending spiked to 20.0x your usual amount in your highest month.,Consider a monthly cap on Food to avoid these irregular spikes.,"{'category': 'Food', 'spike_ratio': np.float64(20.0)}"
USR721Xc,budget_advice,peer,medium,You spend 200% more than similar users on Personal Hygiene ($0 vs peer avg $0/month).,Setting a monthly budget for Personal Hygiene could bring your spend in line with peers.,"{'category': 'Personal Hygiene', 'user_spend': np.float64(0.2857142857142857), 'peer_spend': np.float64(0.0952380952380952), 'pct_above': 200}"
USR721Xc,budget_advice,personal,medium,Your Travel spending spiked to 21.0x your usual amount in your highest month.,Consider a monthly cap on Travel to avoid these irregular spikes.,"{'category': 'Travel', 'spike_ratio': np.float64(21.0)}"
USR721Xc,behavioral_nudge,personal,low,67% of your total spend happens on weekends.,Weekend spending patterns often include more impulse purchases. Planning ahead could reduce costs.,"{'weekend_spend_pct': 67, 'weekend_spend': np.float64(48459.22), 'weekday_spend': np.float64(23365.04)}"
USR242VN,budget_advice,peer,medium,You spend 38% more than similar users on Transportation ($0 vs peer avg $0/month).,Setting a monthly budget for Transportation could bring your spend in line with peers.,"{'category': 'Transportation', 'user_spend': np.float64(0.3636363636363636), 'peer_spend': np.float64(0.2631578947368421), 'pct_above': 38}"
USR242VN,budget_advice,personal,medium,Your Food spending spiked to 11.0x your usual amount in your highest month.,Consider a monthly cap on Food to avoid these irregular spikes.,"{'category': 'Food', 'spike_ratio': np.float64(11.0)}"
USR598GE,spending_warning,peer,medium,Your recent average spend ($2056/txn) is 928% higher than similar users ($200/txn).,Consider whether your spending aligns with your financial goals.,"{'avg_amt_30d': np.float64(2055.71), 'peer_avg': np.float64(200.0), 'pct_above': 928}"
USR598GE,budget_advice,peer,medium,You spend 170% more than similar users on Fitness ($0 vs peer avg $0/month).,Setting a monthly budget for Fitness could bring your spend in line with peers.,"{'category': 'Fitness', 'user_spend': np.float64(0.3), 'peer_spend': np.float64(0.1111111111111111), 'pct_above': 170}"
USR598GE,budget_advice,personal,medium,Your Hobbies spending spiked to 20.0x your usual amount in your highest month.,Consider a monthly cap on Hobbies to avoid these irregular spikes.,"{'category': 'Hobbies', 'spike_ratio': np.float64(20.0)}"
USR511YG,spending_warning,personal,high,Your average transaction amount this month ($15893) is 1107% above your usual average ($1317).,Review your recent transactions to identify what changed.,"{'avg_amt_30d': np.float64(15892.656666666668), 'all_time_avg': np.float64(1316.8835555555556), 'pct_above': 1107}"
USR511YG,spending_warning,peer,medium,Your recent average spend ($15893/txn) is 5551% higher than similar users ($281/txn).,Consider whether your spending aligns with your financial goals.,"{'avg_amt_30d': np.float64(15892.656666666668), 'peer_avg': np.float64(281.25750000000005), 'pct_above': 5551}"
USR511YG,budget_advice,peer,medium,You spend 122% more than similar users on Hobbies ($0 vs peer avg $0/month).,Setting a monthly budget for Hobbies could bring your spend in line with peers.,"{'category': 'Hobbies', 'user_spend': np.float64(0.3333333333333333), 'peer_spend': np.float64(0.15), 'pct_above': 122}"
USR511YG,budget_advice,personal,medium,Your Food spending spiked to 10.5x your usual amount in your highest month.,Consider a monthly cap on Food to avoid these irregular spikes.,"{'category': 'Food', 'spike_ratio': np.float64(10.5)}"
USR360hy,spending_warning,personal,high,You have 4 unusually large transactions compared to your own average.,Check these transactions — they are significantly larger than your typical spend.,{'large_transactions': 4}
USR360hy,budget_advice,peer,medium,You spend 91% more than similar users on Food ($0 vs peer avg $0/month).,Setting a monthly budget for Food could bring your spend in line with peers.,"{'category': 'Food', 'user_spend': np.float64(0.2608695652173913), 'peer_spend': np.float64(0.1363636363636363), 'pct_above': 91}"
USR360hy,budget_advice,personal,medium,Your Fitness spending spiked to 23.0x your usual amount in your highest month.,Consider a monthly cap on Fitness to avoid these irregular spikes.,"{'category': 'Fitness', 'spike_ratio': np.float64(23.0)}"
USR360hy,behavioral_nudge,personal,low,56% of your total spend happens on weekends.,Weekend spending patterns often include more impulse purchases. Planning ahead could reduce costs.,"{'weekend_spend_pct': 56, 'weekend_spend': np.float64(15783.07), 'weekday_spend': np.float64(12474.65)}"
USR430vt,spending_warning,personal,high,Your average transaction amount this month ($1933) is 339% above your usual average ($440).,Review your recent transactions to identify what changed.,"{'avg_amt_30d': np.float64(1932.62), 'all_time_avg': np.float64(439.9259090909091), 'pct_above': 339}"
USR430vt,spending_warning,personal,high,You have 4 unusually large transactions compared to your own average.,Check these transactions — they are significantly larger than your typical spend.,{'large_transactions': 4}
USR430vt,spending_warning,peer,medium,Your recent average spend ($1933/txn) is 866% higher than similar users ($200/txn).,Consider whether your spending aligns with your financial goals.,"{'avg_amt_30d': np.float64(1932.62), 'peer_avg': np.float64(200.0), 'pct_above': 866}"
USR430vt,budget_advice,peer,medium,You spend 268% more than similar users on Gifts ($0 vs peer avg $0/month).,Setting a monthly budget for Gifts could bring your spend in line with peers.,"{'category': 'Gifts', 'user_spend': np.float64(0.35), 'peer_spend': np.float64(0.0952380952380952), 'pct_above': 268}"
USR430vt,budget_advice,personal,medium,Your Subscriptions spending spiked to 20.0x your usual amount in your highest month.,Consider a monthly cap on Subscriptions to avoid these irregular spikes.,"{'category': 'Subscriptions', 'spike_ratio': np.float64(20.0)}"
USR244Uu,spending_warning,personal,high,You have 5 unusually large transactions compared to your own average.,Check these transactions — they are significantly larger than your typical spend.,{'large_transactions': 5}
USR244Uu,budget_advice,peer,medium,You spend 268% more than similar users on Housing and Utilities ($0 vs peer avg $0/month).,Setting a monthly budget for Housing and Utilities could bring your spend in line with peers.,"{'category': 'Housing and Utilities', 'user_spend': np.float64(0.3684210526315789), 'peer_spend': np.float64(0.1), 'pct_above': 268}"
USR244Uu,budget_advice,personal,medium,Your Travel spending spiked to 12.7x your usual amount in your highest month.,Consider a monthly cap on Travel to avoid these irregular spikes.,"{'category': 'Travel', 'spike_ratio': np.float64(12.7)}"
USR244Uu,behavioral_nudge,personal,low,59% of your total spend happens on weekends.,Weekend spending patterns often include more impulse purchases. Planning ahead could reduce costs.,"{'weekend_spend_pct': 59, 'weekend_spend': np.float64(18814.46), 'weekday_spend': np.float64(13125.15)}"
USR478AY,spending_warning,peer,medium,Your recent average spend ($1653/txn) is 727% higher than similar users ($200/txn).,Consider whether your spending aligns with your financial goals.,"{'avg_amt_30d': np.float64(1653.1666666666667), 'peer_avg': np.float64(200.0), 'pct_above': 727}"
USR478AY,budget_advice,peer,medium,You spend 330% more than similar users on Gifts ($0 vs peer avg $0/month).,Setting a monthly budget for Gifts could bring your spend in line with peers.,"{'category': 'Gifts', 'user_spend': np.float64(0.4090909090909091), 'peer_spend': np.float64(0.0952380952380952), 'pct_above': 330}"
USR478AY,budget_advice,personal,medium,Your Medical/Dental spending spiked to 22.0x your usual amount in your highest month.,Consider a monthly cap on Medical/Dental to avoid these irregular spikes.,"{'category': 'Medical/Dental', 'spike_ratio': np.float64(22.0)}"
USR215xz,spending_warning,personal,high,You have 3 unusually large transactions compared to your own average.,Check these transactions — they are significantly larger than your typical spend.,{'large_transactions': 3}
USR215xz,budget_advice,peer,medium,You spend 282% more than similar users on Friend Activities ($0 vs peer avg $0/month).,Setting a monthly budget for Friend Activities could bring your spend in line with peers.,"{'category': 'Friend Activities', 'user_spend': np.float64(0.3636363636363636), 'peer_spend': np.float64(0.0952380952380952), 'pct_above': 282}"
USR215xz,budget_advice,personal,medium,Your Gifts spending spiked to 22.0x your usual amount in your highest month.,Consider a monthly cap on Gifts to avoid these irregular spikes.,"{'category': 'Gifts', 'spike_ratio': np.float64(22.0)}"
USR247kd,budget_advice,peer,medium,You spend 206% more than similar users on Hobbies ($0 vs peer avg $0/month).,Setting a monthly budget for Hobbies could bring your spend in line with peers.,"{'category': 'Hobbies', 'user_spend': np.float64(0.2916666666666667), 'peer_spend': np.float64(0.0952380952380952), 'pct_above': 206}"
USR247kd,budget_advice,personal,medium,Your Medical/Dental spending spiked to 12.0x your usual amount in your highest month.,Consider a monthly cap on Medical/Dental to avoid these irregular spikes.,"{'category': 'Medical/Dental', 'spike_ratio': np.float64(12.0)}"
USR207DW,spending_warning,personal,high,Your average transaction amount this month ($8947) is 817% above your usual average ($976).,Review your recent transactions to identify what changed.,"{'avg_amt_30d': np.float64(8946.774000000001), 'all_time_avg': np.float64(976.04984375), 'pct_above': 817}"
USR207DW,spending_warning,peer,medium,Your recent average spend ($8947/txn) is 4373% higher than similar users ($200/txn).,Consider whether your spending aligns with your financial goals.,"{'avg_amt_30d': np.float64(8946.774000000001), 'peer_avg': np.float64(200.0), 'pct_above': 4373}"
USR207DW,budget_advice,peer,medium,You spend 250% more than similar users on Friend Activities ($0 vs peer avg $0/month).,Setting a monthly budget for Friend Activities could bring your spend in line with peers.,"{'category': 'Friend Activities', 'user_spend': np.float64(0.3333333333333333), 'peer_spend': np.float64(0.0952380952380952), 'pct_above': 250}"
USR207DW,budget_advice,personal,medium,Your Travel spending spiked to 24.0x your usual amount in your highest month.,Consider a monthly cap on Travel to avoid these irregular spikes.,"{'category': 'Travel', 'spike_ratio': np.float64(24.0)}"
USR258us,spending_warning,personal,high,You have 4 unusually large transactions compared to your own average.,Check these transactions — they are significantly larger than your typical spend.,{'large_transactions': 4}
USR258us,budget_advice,peer,medium,You spend 132% more than similar users on Transportation ($0 vs peer avg $0/month).,Setting a monthly budget for Transportation could bring your spend in line with peers.,"{'category': 'Transportation', 'user_spend': np.float64(0.3157894736842105), 'peer_spend': np.float64(0.1363636363636363), 'pct_above': 132}"
USR258us,budget_advice,personal,medium,Your Friend Activities spending spiked to 9.5x your usual amount in your highest month.,Consider a monthly cap on Friend Activities to avoid these irregular spikes.,"{'category': 'Friend Activities', 'spike_ratio': np.float64(9.5)}"
USR534tr,spending_warning,peer,medium,Your recent average spend ($1507/txn) is 436% higher than similar users ($281/txn).,Consider whether your spending aligns with your financial goals.,"{'avg_amt_30d': np.float64(1507.1433333333334), 'peer_avg': np.float64(281.25750000000005), 'pct_above': 436}"
USR534tr,budget_advice,peer,medium,You spend 84% more than similar users on Personal Hygiene ($0 vs peer avg $0/month).,Setting a monthly budget for Personal Hygiene could bring your spend in line with peers.,"{'category': 'Personal Hygiene', 'user_spend': np.float64(0.3), 'peer_spend': np.float64(0.1633333333333333), 'pct_above': 84}"
USR534tr,budget_advice,personal,medium,Your Gifts spending spiked to 13.3x your usual amount in your highest month.,Consider a monthly cap on Gifts to avoid these irregular spikes.,"{'category': 'Gifts', 'spike_ratio': np.float64(13.3)}"
USR139BK,spending_warning,peer,medium,Your recent average spend ($1143/txn) is 306% higher than similar users ($281/txn).,Consider whether your spending aligns with your financial goals.,"{'avg_amt_30d': np.float64(1142.756), 'peer_avg': np.float64(281.25750000000005), 'pct_above': 306}"
USR139BK,budget_advice,peer,medium,You spend 139% more than similar users on Gifts ($0 vs peer avg $0/month).,Setting a monthly budget for Gifts could bring your spend in line with peers.,"{'category': 'Gifts', 'user_spend': np.float64(0.4347826086956521), 'peer_spend': np.float64(0.1818181818181818), 'pct_above': 139}"
USR139BK,budget_advice,personal,medium,Your Travel spending spiked to 17.3x your usual amount in your highest month.,Consider a monthly cap on Travel to avoid these irregular spikes.,"{'category': 'Travel', 'spike_ratio': np.float64(17.3)}"
USR465GL,spending_warning,personal,high,You have 5 unusually large transactions compared to your own average.,Check these transactions — they are significantly larger than your typical spend.,{'large_transactions': 5}
USR465GL,budget_advice,peer,medium,You spend 180% more than similar users on Transportation ($0 vs peer avg $0/month).,Setting a monthly budget for Transportation could bring your spend in line with peers.,"{'category': 'Transportation', 'user_spend': np.float64(0.4), 'peer_spend': np.float64(0.1428571428571428), 'pct_above': 180}"
USR465GL,budget_advice,personal,medium,Your Travel spending spiked to 12.5x your usual amount in your highest month.,Consider a monthly cap on Travel to avoid these irregular spikes.,"{'category': 'Travel', 'spike_ratio': np.float64(12.5)}"
USR628KZ,spending_warning,personal,high,You have 3 unusually large transactions compared to your own average.,Check these transactions — they are significantly larger than your typical spend.,{'large_transactions': 3}
USR628KZ,budget_advice,peer,medium,You spend 95% more than similar users on Housing and Utilities ($0 vs peer avg $0/month).,Setting a monthly budget for Housing and Utilities could bring your spend in line with peers.,"{'category': 'Housing and Utilities', 'user_spend': np.float64(0.3), 'peer_spend': np.float64(0.1539473684210526), 'pct_above': 95}"
USR628KZ,budget_advice,personal,medium,Your Friend Activities spending spiked to 20.0x your usual amount in your highest month.,Consider a monthly cap on Friend Activities to avoid these irregular spikes.,"{'category': 'Friend Activities', 'spike_ratio': np.float64(20.0)}"
USR726Lh,spending_warning,personal,high,Your average transaction amount this month ($504) is 147% above your usual average ($204).,Review your recent transactions to identify what changed.,"{'avg_amt_30d': np.float64(503.7533333333334), 'all_time_avg': np.float64(204.13163636363635), 'pct_above': 147}"
USR726Lh,spending_warning,personal,high,You have 5 unusually large transactions compared to your own average.,Check these transactions — they are significantly larger than your typical spend.,{'large_transactions': 5}
USR726Lh,spending_warning,peer,medium,Your recent average spend ($504/txn) is 79% higher than similar users ($281/txn).,Consider whether your spending aligns with your financial goals.,"{'avg_amt_30d': np.float64(503.7533333333334), 'peer_avg': np.float64(281.25750000000005), 'pct_above': 79}"
USR726Lh,budget_advice,peer,medium,You spend 115% more than similar users on Gifts ($0 vs peer avg $0/month).,Setting a monthly budget for Gifts could bring your spend in line with peers.,"{'category': 'Gifts', 'user_spend': np.float64(0.391304347826087), 'peer_spend': np.float64(0.1818181818181818), 'pct_above': 115}"
USR726Lh,budget_advice,personal,medium,Your Housing and Utilities spending spiked to 23.0x your usual amount in your highest month.,Consider a monthly cap on Housing and Utilities to avoid these irregular spikes.,"{'category': 'Housing and Utilities', 'spike_ratio': np.float64(23.0)}"
USR423EB,spending_warning,personal,high,You have 3 unusually large transactions compared to your own average.,Check these transactions — they are significantly larger than your typical spend.,{'large_transactions': 3}
USR423EB,budget_advice,peer,medium,You spend 186% more than similar users on Gifts ($0 vs peer avg $0/month).,Setting a monthly budget for Gifts could bring your spend in line with peers.,"{'category': 'Gifts', 'user_spend': np.float64(0.2727272727272727), 'peer_spend': np.float64(0.0952380952380952), 'pct_above': 186}"
USR423EB,budget_advice,personal,medium,Your Medical/Dental spending spiked to 16.5x your usual amount in your highest month.,Consider a monthly cap on Medical/Dental to avoid these irregular spikes.,"{'category': 'Medical/Dental', 'spike_ratio': np.float64(16.5)}"
USR380Yw,spending_warning,personal,high,You have 5 unusually large transactions compared to your own average.,Check these transactions — they are significantly larger than your typical spend.,{'large_transactions': 5}
USR380Yw,budget_advice,peer,medium,You spend 600% more than similar users on Personal Hygiene ($0 vs peer avg $0/month).,Setting a monthly budget for Personal Hygiene could bring your spend in line with peers.,"{'category': 'Personal Hygiene', 'user_spend': np.float64(0.3333333333333333), 'peer_spend': np.float64(0.0476190476190476), 'pct_above': 600}"
USR380Yw,budget_advice,personal,medium,Your Medical/Dental spending spiked to 21.0x your usual amount in your highest month.,Consider a monthly cap on Medical/Dental to avoid these irregular spikes.,"{'category': 'Medical/Dental', 'spike_ratio': np.float64(21.0)}"
USR653TK,budget_advice,peer,medium,You spend 342% more than similar users on Hobbies ($0 vs peer avg $0/month).,Setting a monthly budget for Hobbies could bring your spend in line with peers.,"{'category': 'Hobbies', 'user_spend': np.float64(0.4210526315789473), 'peer_spend': np.float64(0.0952380952380952), 'pct_above': 342}"
USR653TK,budget_advice,personal,medium,Your Food spending spiked to 9.5x your usual amount in your highest month.,Consider a monthly cap on Food to avoid these irregular spikes.,"{'category': 'Food', 'spike_ratio': np.float64(9.5)}"
USR271Yo,spending_warning,personal,high,You have 3 unusually large transactions compared to your own average.,Check these transactions — they are significantly larger than your typical spend.,{'large_transactions': 3}
USR271Yo,budget_advice,peer,medium,You spend 271% more than similar users on Gifts ($0 vs peer avg $0/month).,Setting a monthly budget for Gifts could bring your spend in line with peers.,"{'category': 'Gifts', 'user_spend': np.float64(0.3529411764705882), 'peer_spend': np.float64(0.0952380952380952), 'pct_above': 271}"
USR271Yo,budget_advice,personal,medium,Your Fitness spending spiked to 17.0x your usual amount in your highest month.,Consider a monthly cap on Fitness to avoid these irregular spikes.,"{'category': 'Fitness', 'spike_ratio': np.float64(17.0)}"
USR574tK,spending_warning,personal,high,You have 3 unusually large transactions compared to your own average.,Check these transactions — they are significantly larger than your typical spend.,{'large_transactions': 3}
USR574tK,budget_advice,peer,medium,You spend 247% more than similar users on Subscriptions ($0 vs peer avg $0/month).,Setting a monthly budget for Subscriptions could bring your spend in line with peers.,"{'category': 'Subscriptions', 'user_spend': np.float64(0.3157894736842105), 'peer_spend': np.float64(0.0909090909090909), 'pct_above': 247}"
USR574tK,budget_advice,personal,medium,Your Gifts spending spiked to 19.0x your usual amount in your highest month.,Consider a monthly cap on Gifts to avoid these irregular spikes.,"{'category': 'Gifts', 'spike_ratio': np.float64(19.0)}"
USR572qw,spending_warning,personal,high,You have 3 unusually large transactions compared to your own average.,Check these transactions — they are significantly larger than your typical spend.,{'large_transactions': 3}
USR572qw,budget_advice,peer,medium,You spend 358% more than similar users on Subscriptions ($0 vs peer avg $0/month).,Setting a monthly budget for Subscriptions could bring your spend in line with peers.,"{'category': 'Subscriptions', 'user_spend': np.float64(0.4166666666666667), 'peer_spend': np.float64(0.0909090909090909), 'pct_above': 358}"
USR572qw,budget_advice,personal,medium,Your Friend Activities spending spiked to 24.0x your usual amount in your highest month.,Consider a monthly cap on Friend Activities to avoid these irregular spikes.,"{'category': 'Friend Activities', 'spike_ratio': np.float64(24.0)}"
USR925Mf,spending_warning,personal,high,Your average transaction amount this month ($1177) is 170% above your usual average ($435).,Review your recent transactions to identify what changed.,"{'avg_amt_30d': np.float64(1176.6375), 'all_time_avg': np.float64(435.3102564102564), 'pct_above': 170}"
USR925Mf,spending_warning,personal,high,You have 4 unusually large transactions compared to your own average.,Check these transactions — they are significantly larger than your typical spend.,{'large_transactions': 4}
USR925Mf,spending_warning,peer,medium,Your recent average spend ($1177/txn) is 318% higher than similar users ($281/txn).,Consider whether your spending aligns with your financial goals.,"{'avg_amt_30d': np.float64(1176.6375), 'peer_avg': np.float64(281.25750000000005), 'pct_above': 318}"
USR925Mf,budget_advice,peer,medium,You spend 111% more than similar users on Hobbies ($0 vs peer avg $0/month).,Setting a monthly budget for Hobbies could bring your spend in line with peers.,"{'category': 'Hobbies', 'user_spend': np.float64(0.3157894736842105), 'peer_spend': np.float64(0.15), 'pct_above': 111}"
USR925Mf,budget_advice,personal,medium,Your Food spending spiked to 19.0x your usual amount in your highest month.,Consider a monthly cap on Food to avoid these irregular spikes.,"{'category': 'Food', 'spike_ratio': np.float64(19.0)}"
USR201Zu,spending_warning,personal,high,You have 3 unusually large transactions compared to your own average.,Check these transactions — they are significantly larger than your typical spend.,{'large_transactions': 3}
USR201Zu,budget_advice,peer,medium,You spend 127% more than similar users on Housing and Utilities ($0 vs peer avg $0/month).,Setting a monthly budget for Housing and Utilities could bring your spend in line with peers.,"{'category': 'Housing and Utilities', 'user_spend': np.float64(0.35), 'peer_spend': np.float64(0.1539473684210526), 'pct_above': 127}"
USR201Zu,budget_advice,personal,medium,Your Gifts spending spiked to 20.0x your usual amount in your highest month.,Consider a monthly cap on Gifts to avoid these irregular spikes.,"{'category': 'Gifts', 'spike_ratio': np.float64(20.0)}"
USR425DX,spending_warning,personal,high,You have 4 unusually large transactions compared to your own average.,Check these transactions — they are significantly larger than your typical spend.,{'large_transactions': 4}
USR425DX,budget_advice,peer,medium,You spend 145% more than similar users on Fitness ($0 vs peer avg $0/month).,Setting a monthly budget for Fitness could bring your spend in line with peers.,"{'category': 'Fitness', 'user_spend': np.float64(0.2727272727272727), 'peer_spend': np.float64(0.1111111111111111), 'pct_above': 145}"
USR425DX,budget_advice,personal,medium,Your Food spending spiked to 11.0x your usual amount in your highest month.,Consider a monthly cap on Food to avoid these irregular spikes.,"{'category': 'Food', 'spike_ratio': np.float64(11.0)}"
USR388wJ,spending_warning,peer,medium,Your recent average spend ($502/txn) is 78% higher than similar users ($281/txn).,Consider whether your spending aligns with your financial goals.,"{'avg_amt_30d': np.float64(501.7033333333333), 'peer_avg': np.float64(281.25750000000005), 'pct_above': 78}"
USR388wJ,budget_advice,peer,medium,You spend 49% more than similar users on Fitness ($0 vs peer avg $0/month).,Setting a monthly budget for Fitness could bring your spend in line with peers.,"{'category': 'Fitness', 'user_spend': np.float64(0.2916666666666667), 'peer_spend': np.float64(0.1952380952380952), 'pct_above': 49}"
USR388wJ,budget_advice,personal,medium,Your Friend Activities spending spiked to 12.0x your usual amount in your highest month.,Consider a monthly cap on Friend Activities to avoid these irregular spikes.,"{'category': 'Friend Activities', 'spike_ratio': np.float64(12.0)}"
USR068Xr,spending_warning,personal,high,You have 3 unusually large transactions compared to your own average.,Check these transactions — they are significantly larger than your typical spend.,{'large_transactions': 3}
USR068Xr,budget_advice,peer,medium,You spend 83% more than similar users on Food ($0 vs peer avg $0/month).,Setting a monthly budget for Food could bring your spend in line with peers.,"{'category': 'Food', 'user_spend': np.float64(0.25), 'peer_spend': np.float64(0.1363636363636363), 'pct_above': 83}"
USR068Xr,budget_advice,personal,medium,Your Housing and Utilities spending spiked to 20.0x your usual amount in your highest month.,Consider a monthly cap on Housing and Utilities to avoid these irregular spikes.,"{'category': 'Housing and Utilities', 'spike_ratio': np.float64(20.0)}"
USR223cE,budget_advice,peer,medium,You spend 161% more than similar users on Medical/Dental ($0 vs peer avg $0/month).,Setting a monthly budget for Medical/Dental could bring your spend in line with peers.,"{'category': 'Medical/Dental', 'user_spend': np.float64(0.2608695652173913), 'peer_spend': np.float64(0.1), 'pct_above': 161}"
USR223cE,budget_advice,personal,medium,Your Friend Activities spending spiked to 11.5x your usual amount in your highest month.,Consider a monthly cap on Friend Activities to avoid these irregular spikes.,"{'category': 'Friend Activities', 'spike_ratio': np.float64(11.5)}"
USR223cE,behavioral_nudge,personal,low,67% of your total spend happens on weekends.,Weekend spending patterns often include more impulse purchases. Planning ahead could reduce costs.,"{'weekend_spend_pct': 67, 'weekend_spend': np.float64(177988.17), 'weekday_spend': np.float64(87337.01)}"
USR031uI,budget_advice,peer,medium,You spend 156% more than similar users on Travel ($0 vs peer avg $0/month).,Setting a monthly budget for Travel could bring your spend in line with peers.,"{'category': 'Travel', 'user_spend': np.float64(0.4090909090909091), 'peer_spend': np.float64(0.16), 'pct_above': 156}"
USR031uI,budget_advice,personal,medium,Your Fitness spending spiked to 11.0x your usual amount in your highest month.,Consider a monthly cap on Fitness to avoid these irregular spikes.,"{'category': 'Fitness', 'spike_ratio': np.float64(11.0)}"
USR031uI,behavioral_nudge,personal,low,85% of your total spend happens on weekends.,Weekend spending patterns often include more impulse purchases. Planning ahead could reduce costs.,"{'weekend_spend_pct': 85, 'weekend_spend': np.float64(62995.82), 'weekday_spend': np.float64(11514.49)}"
USR151Xg,spending_warning,personal,high,You have 3 unusually large transactions compared to your own average.,Check these transactions — they are significantly larger than your typical spend.,{'large_transactions': 3}
USR151Xg,spending_warning,peer,medium,Your recent average spend ($1616/txn) is 708% higher than similar users ($200/txn).,Consider whether your spending aligns with your financial goals.,"{'avg_amt_30d': np.float64(1616.22), 'peer_avg': np.float64(200.0), 'pct_above': 708}"
USR151Xg,budget_advice,peer,medium,You spend 320% more than similar users on Hobbies ($0 vs peer avg $0/month).,Setting a monthly budget for Hobbies could bring your spend in line with peers.,"{'category': 'Hobbies', 'user_spend': np.float64(0.4), 'peer_spend': np.float64(0.0952380952380952), 'pct_above': 320}"
USR151Xg,budget_advice,personal,medium,Your Personal Hygiene spending spiked to 20.0x your usual amount in your highest month.,Consider a monthly cap on Personal Hygiene to avoid these irregular spikes.,"{'category': 'Personal Hygiene', 'spike_ratio': np.float64(20.0)}"
USR013pA,budget_advice,peer,medium,You spend 248% more than similar users on Travel ($0 vs peer avg $0/month).,Setting a monthly budget for Travel could bring your spend in line with peers.,"{'category': 'Travel', 'user_spend': np.float64(0.3478260869565217), 'peer_spend': np.float64(0.1), 'pct_above': 248}"
USR013pA,budget_advice,personal,medium,Your Medical/Dental spending spiked to 23.0x your usual amount in your highest month.,Consider a monthly cap on Medical/Dental to avoid these irregular spikes.,"{'category': 'Medical/Dental', 'spike_ratio': np.float64(23.0)}"
USR013pA,behavioral_nudge,personal,low,74% of your total spend happens on weekends.,Weekend spending patterns often include more impulse purchases. Planning ahead could reduce costs.,"{'weekend_spend_pct': 74, 'weekend_spend': np.float64(226410.19), 'weekday_spend': np.float64(80910.08)}"
USR579jO,budget_advice,peer,medium,You spend 116% more than similar users on Food ($0 vs peer avg $0/month).,Setting a monthly budget for Food could bring your spend in line with peers.,"{'category': 'Food', 'user_spend': np.float64(0.3157894736842105), 'peer_spend': np.float64(0.1464285714285714), 'pct_above': 116}"
USR579jO,budget_advice,personal,medium,Your Gifts spending spiked to 19.0x your usual amount in your highest month.,Consider a monthly cap on Gifts to avoid these irregular spikes.,"{'category': 'Gifts', 'spike_ratio': np.float64(19.0)}"
USR621BM,spending_warning,peer,medium,Your recent average spend ($552/txn) is 176% higher than similar users ($200/txn).,Consider whether your spending aligns with your financial goals.,"{'avg_amt_30d': np.float64(551.5666666666667), 'peer_avg': np.float64(200.0), 'pct_above': 176}"
USR621BM,budget_advice,peer,medium,You spend 250% more than similar users on Personal Hygiene ($0 vs peer avg $0/month).,Setting a monthly budget for Personal Hygiene could bring your spend in line with peers.,"{'category': 'Personal Hygiene', 'user_spend': np.float64(0.3333333333333333), 'peer_spend': np.float64(0.0952380952380952), 'pct_above': 250}"
USR621BM,budget_advice,personal,medium,Your Friend Activities spending spiked to 10.5x your usual amount in your highest month.,Consider a monthly cap on Friend Activities to avoid these irregular spikes.,"{'category': 'Friend Activities', 'spike_ratio': np.float64(10.5)}"
USR592gD,budget_advice,peer,medium,You spend 186% more than similar users on Medical/Dental ($0 vs peer avg $0/month).,Setting a monthly budget for Medical/Dental could bring your spend in line with peers.,"{'category': 'Medical/Dental', 'user_spend': np.float64(0.2857142857142857), 'peer_spend': np.float64(0.1), 'pct_above': 186}"
USR592gD,budget_advice,personal,medium,Your Food spending spiked to 14.0x your usual amount in your highest month.,Consider a monthly cap on Food to avoid these irregular spikes.,"{'category': 'Food', 'spike_ratio': np.float64(14.0)}"
USR140si,savings_suggestion,personal,high,Your current balance is low ($185.36).,Consider reducing discretionary spending this month to build a buffer.,{'current_balance': np.float64(185.36)}
USR140si,spending_warning,peer,medium,Your recent average spend ($311/txn) is 56% higher than similar users ($200/txn).,Consider whether your spending aligns with your financial goals.,"{'avg_amt_30d': np.float64(311.05), 'peer_avg': np.float64(200.0), 'pct_above': 56}"
USR140si,budget_advice,peer,medium,You spend 218% more than similar users on Medical/Dental ($0 vs peer avg $0/month).,Setting a monthly budget for Medical/Dental could bring your spend in line with peers.,"{'category': 'Medical/Dental', 'user_spend': np.float64(0.3181818181818182), 'peer_spend': np.float64(0.1), 'pct_above': 218}"
USR140si,budget_advice,personal,medium,Your Friend Activities spending spiked to 22.0x your usual amount in your highest month.,Consider a monthly cap on Friend Activities to avoid these irregular spikes.,"{'category': 'Friend Activities', 'spike_ratio': np.float64(22.0)}"
USR596jh,budget_advice,personal,medium,Your Friend Activities spending spiked to 11.0x your usual amount in your highest month.,Consider a monthly cap on Friend Activities to avoid these irregular spikes.,"{'category': 'Friend Activities', 'spike_ratio': np.float64(11.0)}"
USR691El,budget_advice,peer,medium,You spend 63% more than similar users on Fitness ($0 vs peer avg $0/month).,Setting a monthly budget for Fitness could bring your spend in line with peers.,"{'category': 'Fitness', 'user_spend': np.float64(0.3181818181818182), 'peer_spend': np.float64(0.1952380952380952), 'pct_above': 63}"
USR691El,budget_advice,personal,medium,Your Hobbies spending spiked to 22.0x your usual amount in your highest month.,Consider a monthly cap on Hobbies to avoid these irregular spikes.,"{'category': 'Hobbies', 'spike_ratio': np.float64(22.0)}"
USR062rU,spending_warning,personal,high,You have 3 unusually large transactions compared to your own average.,Check these transactions — they are significantly larger than your typical spend.,{'large_transactions': 3}
USR062rU,budget_advice,peer,medium,You spend 60% more than similar users on Hobbies ($0 vs peer avg $0/month).,Setting a monthly budget for Hobbies could bring your spend in line with peers.,"{'category': 'Hobbies', 'user_spend': np.float64(0.24), 'peer_spend': np.float64(0.15), 'pct_above': 60}"
USR062rU,budget_advice,personal,medium,Your Medical/Dental spending spiked to 25.0x your usual amount in your highest month.,Consider a monthly cap on Medical/Dental to avoid these irregular spikes.,"{'category': 'Medical/Dental', 'spike_ratio': np.float64(25.0)}"
USR628kq,spending_warning,peer,medium,Your recent average spend ($666/txn) is 137% higher than similar users ($281/txn).,Consider whether your spending aligns with your financial goals.,"{'avg_amt_30d': np.float64(665.575), 'peer_avg': np.float64(281.25750000000005), 'pct_above': 137}"
USR628kq,budget_advice,peer,medium,You spend 83% more than similar users on Gifts ($0 vs peer avg $0/month).,Setting a monthly budget for Gifts could bring your spend in line with peers.,"{'category': 'Gifts', 'user_spend': np.float64(0.3333333333333333), 'peer_spend': np.float64(0.1818181818181818), 'pct_above': 83}"
USR628kq,budget_advice,personal,medium,Your Housing and Utilities spending spiked to 24.0x your usual amount in your highest month.,Consider a monthly cap on Housing and Utilities to avoid these irregular spikes.,"{'category': 'Housing and Utilities', 'spike_ratio': np.float64(24.0)}"
USR421bB,spending_warning,personal,high,Your average transaction amount this month ($609) is 58% above your usual average ($385).,Review your recent transactions to identify what changed.,"{'avg_amt_30d': np.float64(609.41), 'all_time_avg': np.float64(385.41021739130434), 'pct_above': 58}"
USR421bB,spending_warning,peer,medium,Your recent average spend ($609/txn) is 205% higher than similar users ($200/txn).,Consider whether your spending aligns with your financial goals.,"{'avg_amt_30d': np.float64(609.41), 'peer_avg': np.float64(200.0), 'pct_above': 205}"
USR421bB,budget_advice,peer,medium,You spend 202% more than similar users on Food ($0 vs peer avg $0/month).,Setting a monthly budget for Food could bring your spend in line with peers.,"{'category': 'Food', 'user_spend': np.float64(0.4117647058823529), 'peer_spend': np.float64(0.1363636363636363), 'pct_above': 202}"
USR421bB,budget_advice,personal,medium,Your Friend Activities spending spiked to 8.5x your usual amount in your highest month.,Consider a monthly cap on Friend Activities to avoid these irregular spikes.,"{'category': 'Friend Activities', 'spike_ratio': np.float64(8.5)}"
USR421bB,behavioral_nudge,personal,low,73% of your total spend happens on weekends.,Weekend spending patterns often include more impulse purchases. Planning ahead could reduce costs.,"{'weekend_spend_pct': 73, 'weekend_spend': np.float64(12995.2), 'weekday_spend': np.float64(4733.67)}"
USR376hP,spending_warning,personal,high,Your average transaction amount this month ($640) is 100% above your usual average ($321).,Review your recent transactions to identify what changed.,"{'avg_amt_30d': np.float64(639.77), 'all_time_avg': np.float64(320.52962264150943), 'pct_above': 100}"
USR376hP,spending_warning,personal,high,You have 6 unusually large transactions compared to your own average.,Check these transactions — they are significantly larger than your typical spend.,{'large_transactions': 6}
USR376hP,spending_warning,peer,medium,Your recent average spend ($640/txn) is 220% higher than similar users ($200/txn).,Consider whether your spending aligns with your financial goals.,"{'avg_amt_30d': np.float64(639.77), 'peer_avg': np.float64(200.0), 'pct_above': 220}"
USR376hP,budget_advice,peer,medium,You spend 105% more than similar users on Transportation ($0 vs peer avg $0/month).,Setting a monthly budget for Transportation could bring your spend in line with peers.,"{'category': 'Transportation', 'user_spend': np.float64(0.28), 'peer_spend': np.float64(0.1363636363636363), 'pct_above': 105}"
USR376hP,budget_advice,personal,medium,Your Fitness spending spiked to 12.5x your usual amount in your highest month.,Consider a monthly cap on Fitness to avoid these irregular spikes.,"{'category': 'Fitness', 'spike_ratio': np.float64(12.5)}"
USR001YL,spending_warning,peer,medium,Your recent average spend ($435/txn) is 55% higher than similar users ($281/txn).,Consider whether your spending aligns with your financial goals.,"{'avg_amt_30d': np.float64(435.2533333333334), 'peer_avg': np.float64(281.25750000000005), 'pct_above': 55}"
USR001YL,budget_advice,peer,medium,You spend 75% more than similar users on Gifts ($0 vs peer avg $0/month).,Setting a monthly budget for Gifts could bring your spend in line with peers.,"{'category': 'Gifts', 'user_spend': np.float64(0.3181818181818182), 'peer_spend': np.float64(0.1818181818181818), 'pct_above': 75}"
USR001YL,budget_advice,personal,medium,Your Personal Hygiene spending spiked to 22.0x your usual amount in your highest month.,Consider a monthly cap on Personal Hygiene to avoid these irregular spikes.,"{'category': 'Personal Hygiene', 'spike_ratio': np.float64(22.0)}"
USR001YL,behavioral_nudge,personal,low,97% of your total spend happens on weekends.,Weekend spending patterns often include more impulse purchases. Planning ahead could reduce costs.,"{'weekend_spend_pct': 97, 'weekend_spend': np.float64(208472.46), 'weekday_spend': np.float64(6577.71)}"
USR756hT,budget_advice,peer,medium,You spend 233% more than similar users on Travel ($0 vs peer avg $0/month).,Setting a monthly budget for Travel could bring your spend in line with peers.,"{'category': 'Travel', 'user_spend': np.float64(0.3333333333333333), 'peer_spend': np.float64(0.1), 'pct_above': 233}"
USR756hT,budget_advice,personal,medium,Your Medical/Dental spending spiked to 21.0x your usual amount in your highest month.,Consider a monthly cap on Medical/Dental to avoid these irregular spikes.,"{'category': 'Medical/Dental', 'spike_ratio': np.float64(21.0)}"
USR148zM,spending_warning,personal,high,You have 4 unusually large transactions compared to your own average.,Check these transactions — they are significantly larger than your typical spend.,{'large_transactions': 4}
USR148zM,budget_advice,peer,medium,You spend 264% more than similar users on Medical/Dental ($0 vs peer avg $0/month).,Setting a monthly budget for Medical/Dental could bring your spend in line with peers.,"{'category': 'Medical/Dental', 'user_spend': np.float64(0.3636363636363636), 'peer_spend': np.float64(0.1), 'pct_above': 264}"
USR148zM,budget_advice,personal,medium,Your Personal Hygiene spending spiked to 22.0x your usual amount in your highest month.,Consider a monthly cap on Personal Hygiene to avoid these irregular spikes.,"{'category': 'Personal Hygiene', 'spike_ratio': np.float64(22.0)}"
USR496UB,spending_warning,personal,high,Your average transaction amount this month ($1193) is 149% above your usual average ($479).,Review your recent transactions to identify what changed.,"{'avg_amt_30d': np.float64(1193.427142857143), 'all_time_avg': np.float64(479.3203278688525), 'pct_above': 149}"
USR496UB,spending_warning,personal,high,You have 4 unusually large transactions compared to your own average.,Check these transactions — they are significantly larger than your typical spend.,{'large_transactions': 4}
USR496UB,spending_warning,peer,medium,Your recent average spend ($1193/txn) is 324% higher than similar users ($281/txn).,Consider whether your spending aligns with your financial goals.,"{'avg_amt_30d': np.float64(1193.427142857143), 'peer_avg': np.float64(281.25750000000005), 'pct_above': 324}"
USR496UB,budget_advice,peer,medium,You spend 173% more than similar users on Hobbies ($0 vs peer avg $0/month).,Setting a monthly budget for Hobbies could bring your spend in line with peers.,"{'category': 'Hobbies', 'user_spend': np.float64(0.4090909090909091), 'peer_spend': np.float64(0.15), 'pct_above': 173}"
USR496UB,budget_advice,personal,medium,Your Personal Hygiene spending spiked to 11.0x your usual amount in your highest month.,Consider a monthly cap on Personal Hygiene to avoid these irregular spikes.,"{'category': 'Personal Hygiene', 'spike_ratio': np.float64(11.0)}"
USR739ei,spending_warning,personal,high,You have 4 unusually large transactions compared to your own average.,Check these transactions — they are significantly larger than your typical spend.,{'large_transactions': 4}
USR739ei,spending_warning,peer,medium,Your recent average spend ($430/txn) is 115% higher than similar users ($200/txn).,Consider whether your spending aligns with your financial goals.,"{'avg_amt_30d': np.float64(429.7166666666667), 'peer_avg': np.float64(200.0), 'pct_above': 115}"
USR739ei,budget_advice,peer,medium,You spend 321% more than similar users on Housing and Utilities ($0 vs peer avg $0/month).,Setting a monthly budget for Housing and Utilities could bring your spend in line with peers.,"{'category': 'Housing and Utilities', 'user_spend': np.float64(0.4210526315789473), 'peer_spend': np.float64(0.1), 'pct_above': 321}"
USR739ei,budget_advice,personal,medium,Your Personal Hygiene spending spiked to 19.0x your usual amount in your highest month.,Consider a monthly cap on Personal Hygiene to avoid these irregular spikes.,"{'category': 'Personal Hygiene', 'spike_ratio': np.float64(19.0)}"
USR461nX,spending_warning,peer,medium,Your recent average spend ($1236/txn) is 518% higher than similar users ($200/txn).,Consider whether your spending aligns with your financial goals.,"{'avg_amt_30d': np.float64(1235.6800000000003), 'peer_avg': np.float64(200.0), 'pct_above': 518}"
USR461nX,budget_advice,peer,medium,You spend 213% more than similar users on Fitness ($0 vs peer avg $0/month).,Setting a monthly budget for Fitness could bring your spend in line with peers.,"{'category': 'Fitness', 'user_spend': np.float64(0.3478260869565217), 'peer_spend': np.float64(0.1111111111111111), 'pct_above': 213}"
USR461nX,budget_advice,personal,medium,Your Food spending spiked to 23.0x your usual amount in your highest month.,Consider a monthly cap on Food to avoid these irregular spikes.,"{'category': 'Food', 'spike_ratio': np.float64(23.0)}"
USR313nW,spending_warning,personal,high,Your average transaction amount this month ($712) is 108% above your usual average ($342).,Review your recent transactions to identify what changed.,"{'avg_amt_30d': np.float64(711.9766666666666), 'all_time_avg': np.float64(342.46211538461534), 'pct_above': 108}"
USR313nW,spending_warning,personal,high,You have 6 unusually large transactions compared to your own average.,Check these transactions — they are significantly larger than your typical spend.,{'large_transactions': 6}
USR313nW,spending_warning,peer,medium,Your recent average spend ($712/txn) is 256% higher than similar users ($200/txn).,Consider whether your spending aligns with your financial goals.,"{'avg_amt_30d': np.float64(711.9766666666666), 'peer_avg': np.float64(200.0), 'pct_above': 256}"
USR313nW,budget_advice,peer,medium,You spend 320% more than similar users on Personal Hygiene ($0 vs peer avg $0/month).,Setting a monthly budget for Personal Hygiene could bring your spend in line with peers.,"{'category': 'Personal Hygiene', 'user_spend': np.float64(0.4), 'peer_spend': np.float64(0.0952380952380952), 'pct_above': 320}"
USR313nW,budget_advice,personal,medium,Your Friend Activities spending spiked to 20.0x your usual amount in your highest month.,Consider a monthly cap on Friend Activities to avoid these irregular spikes.,"{'category': 'Friend Activities', 'spike_ratio': np.float64(20.0)}"
USR626gZ,spending_warning,peer,medium,Your recent average spend ($347/txn) is 74% higher than similar users ($200/txn).,Consider whether your spending aligns with your financial goals.,"{'avg_amt_30d': np.float64(347.18666666666667), 'peer_avg': np.float64(200.0), 'pct_above': 74}"
USR626gZ,budget_advice,peer,medium,You spend 234% more than similar users on Gifts ($0 vs peer avg $0/month).,Setting a monthly budget for Gifts could bring your spend in line with peers.,"{'category': 'Gifts', 'user_spend': np.float64(0.3181818181818182), 'peer_spend': np.float64(0.0952380952380952), 'pct_above': 234}"
USR626gZ,budget_advice,personal,medium,Your Subscriptions spending spiked to 22.0x your usual amount in your highest month.,Consider a monthly cap on Subscriptions to avoid these irregular spikes.,"{'category': 'Subscriptions', 'spike_ratio': np.float64(22.0)}"
USR746kv,spending_warning,personal,high,You have 3 unusually large transactions compared to your own average.,Check these transactions — they are significantly larger than your typical spend.,{'large_transactions': 3}
USR746kv,budget_advice,peer,medium,You spend 64% more than similar users on Subscriptions ($0 vs peer avg $0/month).,Setting a monthly budget for Subscriptions could bring your spend in line with peers.,"{'category': 'Subscriptions', 'user_spend': np.float64(0.2857142857142857), 'peer_spend': np.float64(0.1739130434782608), 'pct_above': 64}"
USR746kv,budget_advice,personal,medium,Your Friend Activities spending spiked to 21.0x your usual amount in your highest month.,Consider a monthly cap on Friend Activities to avoid these irregular spikes.,"{'category': 'Friend Activities', 'spike_ratio': np.float64(21.0)}"
USR632NW,spending_warning,peer,medium,Your recent average spend ($322/txn) is 61% higher than similar users ($200/txn).,Consider whether your spending aligns with your financial goals.,"{'avg_amt_30d': np.float64(321.65), 'peer_avg': np.float64(200.0), 'pct_above': 61}"
USR632NW,budget_advice,peer,medium,You spend 265% more than similar users on Personal Hygiene ($0 vs peer avg $0/month).,Setting a monthly budget for Personal Hygiene could bring your spend in line with peers.,"{'category': 'Personal Hygiene', 'user_spend': np.float64(0.3478260869565217), 'peer_spend': np.float64(0.0952380952380952), 'pct_above': 265}"
USR632NW,budget_advice,personal,medium,Your Medical/Dental spending spiked to 23.0x your usual amount in your highest month.,Consider a monthly cap on Medical/Dental to avoid these irregular spikes.,"{'category': 'Medical/Dental', 'spike_ratio': np.float64(23.0)}"
USR765RD,spending_warning,personal,high,You have 4 unusually large transactions compared to your own average.,Check these transactions — they are significantly larger than your typical spend.,{'large_transactions': 4}
USR765RD,budget_advice,peer,medium,You spend 1050% more than similar users on Hobbies ($0 vs peer avg $0/month).,Setting a monthly budget for Hobbies could bring your spend in line with peers.,"{'category': 'Hobbies', 'user_spend': np.float64(0.5), 'peer_spend': np.float64(0.0434782608695652), 'pct_above': 1050}"
USR765RD,budget_advice,personal,medium,Your Gifts spending spiked to 20.0x your usual amount in your highest month.,Consider a monthly cap on Gifts to avoid these irregular spikes.,"{'category': 'Gifts', 'spike_ratio': np.float64(20.0)}"
USR756uA,spending_warning,personal,high,You have 4 unusually large transactions compared to your own average.,Check these transactions — they are significantly larger than your typical spend.,{'large_transactions': 4}
USR756uA,budget_advice,peer,medium,You spend 309% more than similar users on Medical/Dental ($0 vs peer avg $0/month).,Setting a monthly budget for Medical/Dental could bring your spend in line with peers.,"{'category': 'Medical/Dental', 'user_spend': np.float64(0.4090909090909091), 'peer_spend': np.float64(0.1), 'pct_above': 309}"
USR756uA,budget_advice,personal,medium,Your Fitness spending spiked to 11.0x your usual amount in your highest month.,Consider a monthly cap on Fitness to avoid these irregular spikes.,"{'category': 'Fitness', 'spike_ratio': np.float64(11.0)}"
USR619km,budget_advice,peer,medium,You spend 424% more than similar users on Food ($0 vs peer avg $0/month).,Setting a monthly budget for Food could bring your spend in line with peers.,"{'category': 'Food', 'user_spend': np.float64(0.4761904761904761), 'peer_spend': np.float64(0.0909090909090909), 'pct_above': 424}"
USR619km,budget_advice,personal,medium,Your Medical/Dental spending spiked to 21.0x your usual amount in your highest month.,Consider a monthly cap on Medical/Dental to avoid these irregular spikes.,"{'category': 'Medical/Dental', 'spike_ratio': np.float64(21.0)}"
USR040Ko,spending_warning,personal,high,You have 4 unusually large transactions compared to your own average.,Check these transactions — they are significantly larger than your typical spend.,{'large_transactions': 4}
USR040Ko,budget_advice,peer,medium,You spend 125% more than similar users on Fitness ($0 vs peer avg $0/month).,Setting a monthly budget for Fitness could bring your spend in line with peers.,"{'category': 'Fitness', 'user_spend': np.float64(0.25), 'peer_spend': np.float64(0.1111111111111111), 'pct_above': 125}"
USR040Ko,budget_advice,personal,medium,Your Medical/Dental spending spiked to 20.0x your usual amount in your highest month.,Consider a monthly cap on Medical/Dental to avoid these irregular spikes.,"{'category': 'Medical/Dental', 'spike_ratio': np.float64(20.0)}"
USR268Dy,budget_advice,peer,medium,You spend 250% more than similar users on Travel ($0 vs peer avg $0/month).,Setting a monthly budget for Travel could bring your spend in line with peers.,"{'category': 'Travel', 'user_spend': np.float64(0.35), 'peer_spend': np.float64(0.1), 'pct_above': 250}"
USR268Dy,budget_advice,personal,medium,Your Hobbies spending spiked to 20.0x your usual amount in your highest month.,Consider a monthly cap on Hobbies to avoid these irregular spikes.,"{'category': 'Hobbies', 'spike_ratio': np.float64(20.0)}"
USR268Dy,behavioral_nudge,personal,low,86% of your total spend happens on weekends.,Weekend spending patterns often include more impulse purchases. Planning ahead could reduce costs.,"{'weekend_spend_pct': 86, 'weekend_spend': np.float64(192979.48), 'weekday_spend': np.float64(31514.4)}"
USR708ic,spending_warning,personal,high,Your average transaction amount this month ($1046) is 142% above your usual average ($432).,Review your recent transactions to identify what changed.,"{'avg_amt_30d': np.float64(1046.065), 'all_time_avg': np.float64(432.47754098360656), 'pct_above': 142}"
USR708ic,spending_warning,personal,high,You have 5 unusually large transactions compared to your own average.,Check these transactions — they are significantly larger than your typical spend.,{'large_transactions': 5}
USR708ic,spending_warning,peer,medium,Your recent average spend ($1046/txn) is 423% higher than similar users ($200/txn).,Consider whether your spending aligns with your financial goals.,"{'avg_amt_30d': np.float64(1046.065), 'peer_avg': np.float64(200.0), 'pct_above': 423}"
USR708ic,budget_advice,peer,medium,You spend 350% more than similar users on Subscriptions ($0 vs peer avg $0/month).,Setting a monthly budget for Subscriptions could bring your spend in line with peers.,"{'category': 'Subscriptions', 'user_spend': np.float64(0.4090909090909091), 'peer_spend': np.float64(0.0909090909090909), 'pct_above': 350}"
USR708ic,budget_advice,personal,medium,Your Travel spending spiked to 11.0x your usual amount in your highest month.,Consider a monthly cap on Travel to avoid these irregular spikes.,"{'category': 'Travel', 'spike_ratio': np.float64(11.0)}"
USR737zJ,budget_advice,peer,medium,You spend 264% more than similar users on Housing and Utilities ($0 vs peer avg $0/month).,Setting a monthly budget for Housing and Utilities could bring your spend in line with peers.,"{'category': 'Housing and Utilities', 'user_spend': np.float64(0.3636363636363636), 'peer_spend': np.float64(0.1), 'pct_above': 264}"
USR737zJ,budget_advice,personal,medium,Your Travel spending spiked to 11.0x your usual amount in your highest month.,Consider a monthly cap on Travel to avoid these irregular spikes.,"{'category': 'Travel', 'spike_ratio': np.float64(11.0)}"
USR074qk,budget_advice,peer,medium,You spend 75% more than similar users on Food ($0 vs peer avg $0/month).,Setting a monthly budget for Food could bring your spend in line with peers.,"{'category': 'Food', 'user_spend': np.float64(0.238095238095238), 'peer_spend': np.float64(0.1363636363636363), 'pct_above': 75}"
USR074qk,budget_advice,personal,medium,Your Friend Activities spending spiked to 21.0x your usual amount in your highest month.,Consider a monthly cap on Friend Activities to avoid these irregular spikes.,"{'category': 'Friend Activities', 'spike_ratio': np.float64(21.0)}"
USR074qk,behavioral_nudge,personal,low,70% of your total spend happens on weekends.,Weekend spending patterns often include more impulse purchases. Planning ahead could reduce costs.,"{'weekend_spend_pct': 70, 'weekend_spend': np.float64(12982.62), 'weekday_spend': np.float64(5571.25)}"
USR552iz,budget_advice,peer,medium,You spend 157% more than similar users on Food ($0 vs peer avg $0/month).,Setting a monthly budget for Food could bring your spend in line with peers.,"{'category': 'Food', 'user_spend': np.float64(0.35), 'peer_spend': np.float64(0.1363636363636363), 'pct_above': 157}"
USR552iz,budget_advice,personal,medium,Your Friend Activities spending spiked to 20.0x your usual amount in your highest month.,Consider a monthly cap on Friend Activities to avoid these irregular spikes.,"{'category': 'Friend Activities', 'spike_ratio': np.float64(20.0)}"
USR552iz,behavioral_nudge,personal,low,85% of your total spend happens on weekends.,Weekend spending patterns often include more impulse purchases. Planning ahead could reduce costs.,"{'weekend_spend_pct': 85, 'weekend_spend': np.float64(89042.78), 'weekday_spend': np.float64(15951.85)}"
USR383GT,spending_warning,personal,high,You have 4 unusually large transactions compared to your own average.,Check these transactions — they are significantly larger than your typical spend.,{'large_transactions': 4}
USR383GT,budget_advice,peer,medium,You spend 335% more than similar users on Housing and Utilities ($0 vs peer avg $0/month).,Setting a monthly budget for Housing and Utilities could bring your spend in line with peers.,"{'category': 'Housing and Utilities', 'user_spend': np.float64(0.4347826086956521), 'peer_spend': np.float64(0.1), 'pct_above': 335}"
USR383GT,budget_advice,personal,medium,Your Friend Activities spending spiked to 11.5x your usual amount in your highest month.,Consider a monthly cap on Friend Activities to avoid these irregular spikes.,"{'category': 'Friend Activities', 'spike_ratio': np.float64(11.5)}"
USR605Px,budget_advice,peer,medium,You spend 150% more than similar users on Personal Hygiene ($0 vs peer avg $0/month).,Setting a monthly budget for Personal Hygiene could bring your spend in line with peers.,"{'category': 'Personal Hygiene', 'user_spend': np.float64(0.4090909090909091), 'peer_spend': np.float64(0.1633333333333333), 'pct_above': 150}"
USR605Px,budget_advice,personal,medium,Your Fitness spending spiked to 11.0x your usual amount in your highest month.,Consider a monthly cap on Fitness to avoid these irregular spikes.,"{'category': 'Fitness', 'spike_ratio': np.float64(11.0)}"
USR494kt,budget_advice,peer,medium,You spend 89% more than similar users on Fitness ($0 vs peer avg $0/month).,Setting a monthly budget for Fitness could bring your spend in line with peers.,"{'category': 'Fitness', 'user_spend': np.float64(0.2105263157894736), 'peer_spend': np.float64(0.1111111111111111), 'pct_above': 89}"
USR494kt,budget_advice,personal,medium,Your Gifts spending spiked to 19.0x your usual amount in your highest month.,Consider a monthly cap on Gifts to avoid these irregular spikes.,"{'category': 'Gifts', 'spike_ratio': np.float64(19.0)}"
USR494kt,behavioral_nudge,personal,low,58% of your total spend happens on weekends.,Weekend spending patterns often include more impulse purchases. Planning ahead could reduce costs.,"{'weekend_spend_pct': 58, 'weekend_spend': np.float64(286603.51), 'weekday_spend': np.float64(211762.35)}"
USR774PR,spending_warning,personal,high,You have 3 unusually large transactions compared to your own average.,Check these transactions — they are significantly larger than your typical spend.,{'large_transactions': 3}
USR774PR,budget_advice,peer,medium,You spend 234% more than similar users on Personal Hygiene ($0 vs peer avg $0/month).,Setting a monthly budget for Personal Hygiene could bring your spend in line with peers.,"{'category': 'Personal Hygiene', 'user_spend': np.float64(0.3181818181818182), 'peer_spend': np.float64(0.0952380952380952), 'pct_above': 234}"
USR774PR,budget_advice,personal,medium,Your Fitness spending spiked to 22.0x your usual amount in your highest month.,Consider a monthly cap on Fitness to avoid these irregular spikes.,"{'category': 'Fitness', 'spike_ratio': np.float64(22.0)}"
USR990MJ,budget_advice,peer,medium,You spend 49% more than similar users on Fitness ($0 vs peer avg $0/month).,Setting a monthly budget for Fitness could bring your spend in line with peers.,"{'category': 'Fitness', 'user_spend': np.float64(0.391304347826087), 'peer_spend': np.float64(0.2631578947368421), 'pct_above': 49}"
USR990MJ,budget_advice,personal,medium,Your Food spending spiked to 15.3x your usual amount in your highest month.,Consider a monthly cap on Food to avoid these irregular spikes.,"{'category': 'Food', 'spike_ratio': np.float64(15.3)}"
USR651Yc,spending_warning,personal,high,You have 3 unusually large transactions compared to your own average.,Check these transactions — they are significantly larger than your typical spend.,{'large_transactions': 3}
USR651Yc,budget_advice,peer,medium,You spend 329% more than similar users on Fitness ($0 vs peer avg $0/month).,Setting a monthly budget for Fitness could bring your spend in line with peers.,"{'category': 'Fitness', 'user_spend': np.float64(0.4761904761904761), 'peer_spend': np.float64(0.1111111111111111), 'pct_above': 329}"
USR651Yc,budget_advice,personal,medium,Your Food spending spiked to 10.5x your usual amount in your highest month.,Consider a monthly cap on Food to avoid these irregular spikes.,"{'category': 'Food', 'spike_ratio': np.float64(10.5)}"
USR996DQ,spending_warning,personal,high,You have 5 unusually large transactions compared to your own average.,Check these transactions — they are significantly larger than your typical spend.,{'large_transactions': 5}
USR996DQ,budget_advice,peer,medium,You spend 700% more than similar users on Personal Hygiene ($0 vs peer avg $0/month).,Setting a monthly budget for Personal Hygiene could bring your spend in line with peers.,"{'category': 'Personal Hygiene', 'user_spend': np.float64(0.3809523809523809), 'peer_spend': np.float64(0.0476190476190476), 'pct_above': 700}"
USR996DQ,budget_advice,personal,medium,Your Food spending spiked to 21.0x your usual amount in your highest month.,Consider a monthly cap on Food to avoid these irregular spikes.,"{'category': 'Food', 'spike_ratio': np.float64(21.0)}"
USR270YP,spending_warning,peer,medium,Your recent average spend ($603/txn) is 201% higher than similar users ($200/txn).,Consider whether your spending aligns with your financial goals.,"{'avg_amt_30d': np.float64(602.8175), 'peer_avg': np.float64(200.0), 'pct_above': 201}"
USR270YP,budget_advice,peer,medium,You spend 268% more than similar users on Medical/Dental ($0 vs peer avg $0/month).,Setting a monthly budget for Medical/Dental could bring your spend in line with peers.,"{'category': 'Medical/Dental', 'user_spend': np.float64(0.3684210526315789), 'peer_spend': np.float64(0.1), 'pct_above': 268}"
USR270YP,budget_advice,personal,medium,Your Food spending spiked to 19.0x your usual amount in your highest month.,Consider a monthly cap on Food to avoid these irregular spikes.,"{'category': 'Food', 'spike_ratio': np.float64(19.0)}"
USR605nX,spending_warning,personal,high,You have 4 unusually large transactions compared to your own average.,Check these transactions — they are significantly larger than your typical spend.,{'large_transactions': 4}
USR605nX,budget_advice,peer,medium,You spend 57% more than similar users on Subscriptions ($0 vs peer avg $0/month).,Setting a monthly budget for Subscriptions could bring your spend in line with peers.,"{'category': 'Subscriptions', 'user_spend': np.float64(0.2727272727272727), 'peer_spend': np.float64(0.1739130434782608), 'pct_above': 57}"
USR605nX,budget_advice,personal,medium,Your Medical/Dental spending spiked to 22.0x your usual amount in your highest month.,Consider a monthly cap on Medical/Dental to avoid these irregular spikes.,"{'category': 'Medical/Dental', 'spike_ratio': np.float64(22.0)}"
USR793Ca,budget_advice,personal,medium,Your Medical/Dental spending spiked to 19.0x your usual amount in your highest month.,Consider a monthly cap on Medical/Dental to avoid these irregular spikes.,"{'category': 'Medical/Dental', 'spike_ratio': np.float64(19.0)}"
USR793Ca,behavioral_nudge,personal,low,94% of your total spend happens on weekends.,Weekend spending patterns often include more impulse purchases. Planning ahead could reduce costs.,"{'weekend_spend_pct': 94, 'weekend_spend': np.float64(136930.81), 'weekday_spend': np.float64(9266.42)}"
USR100df,budget_advice,peer,medium,You spend 92% more than similar users on Gifts ($0 vs peer avg $0/month).,Setting a monthly budget for Gifts could bring your spend in line with peers.,"{'category': 'Gifts', 'user_spend': np.float64(0.35), 'peer_spend': np.float64(0.1818181818181818), 'pct_above': 92}"
USR100df,budget_advice,personal,medium,Your Fitness spending spiked to 10.0x your usual amount in your highest month.,Consider a monthly cap on Fitness to avoid these irregular spikes.,"{'category': 'Fitness', 'spike_ratio': np.float64(10.0)}"
USR100df,behavioral_nudge,personal,low,84% of your total spend happens on weekends.,Weekend spending patterns often include more impulse purchases. Planning ahead could reduce costs.,"{'weekend_spend_pct': 84, 'weekend_spend': np.float64(38319.29), 'weekday_spend': np.float64(7546.25)}"
USR840Fs,spending_warning,personal,high,You have 4 unusually large transactions compared to your own average.,Check these transactions — they are significantly larger than your typical spend.,{'large_transactions': 4}
USR840Fs,budget_advice,peer,medium,You spend 45% more than similar users on Fitness ($0 vs peer avg $0/month).,Setting a monthly budget for Fitness could bring your spend in line with peers.,"{'category': 'Fitness', 'user_spend': np.float64(0.3809523809523809), 'peer_spend': np.float64(0.2631578947368421), 'pct_above': 45}"
USR840Fs,budget_advice,personal,medium,Your Hobbies spending spiked to 21.0x your usual amount in your highest month.,Consider a monthly cap on Hobbies to avoid these irregular spikes.,"{'category': 'Hobbies', 'spike_ratio': np.float64(21.0)}"
USR472to,budget_advice,peer,medium,You spend 215% more than similar users on Friend Activities ($0 vs peer avg $0/month).,Setting a monthly budget for Friend Activities could bring your spend in line with peers.,"{'category': 'Friend Activities', 'user_spend': np.float64(0.3), 'peer_spend': np.float64(0.0952380952380952), 'pct_above': 215}"
USR472to,budget_advice,personal,medium,Your Fitness spending spiked to 20.0x your usual amount in your highest month.,Consider a monthly cap on Fitness to avoid these irregular spikes.,"{'category': 'Fitness', 'spike_ratio': np.float64(20.0)}"
USR847Vu,spending_warning,personal,high,You have 4 unusually large transactions compared to your own average.,Check these transactions — they are significantly larger than your typical spend.,{'large_transactions': 4}
USR847Vu,spending_warning,peer,medium,Your recent average spend ($448/txn) is 124% higher than similar users ($200/txn).,Consider whether your spending aligns with your financial goals.,"{'avg_amt_30d': np.float64(448.24), 'peer_avg': np.float64(200.0), 'pct_above': 124}"
USR847Vu,budget_advice,peer,medium,You spend 167% more than similar users on Transportation ($0 vs peer avg $0/month).,Setting a monthly budget for Transportation could bring your spend in line with peers.,"{'category': 'Transportation', 'user_spend': np.float64(0.3636363636363636), 'peer_spend': np.float64(0.1363636363636363), 'pct_above': 167}"
USR847Vu,budget_advice,personal,medium,Your Friend Activities spending spiked to 11.0x your usual amount in your highest month.,Consider a monthly cap on Friend Activities to avoid these irregular spikes.,"{'category': 'Friend Activities', 'spike_ratio': np.float64(11.0)}"
USR932HS,spending_warning,peer,medium,Your recent average spend ($511/txn) is 156% higher than similar users ($200/txn).,Consider whether your spending aligns with your financial goals.,"{'avg_amt_30d': np.float64(511.17), 'peer_avg': np.float64(200.0), 'pct_above': 156}"
USR932HS,budget_advice,peer,medium,You spend 234% more than similar users on Gifts ($0 vs peer avg $0/month).,Setting a monthly budget for Gifts could bring your spend in line with peers.,"{'category': 'Gifts', 'user_spend': np.float64(0.3181818181818182), 'peer_spend': np.float64(0.0952380952380952), 'pct_above': 234}"
USR932HS,budget_advice,personal,medium,Your Hobbies spending spiked to 11.0x your usual amount in your highest month.,Consider a monthly cap on Hobbies to avoid these irregular spikes.,"{'category': 'Hobbies', 'spike_ratio': np.float64(11.0)}"
USR646Eg,spending_warning,personal,high,Your average transaction amount this month ($56534) is 1373% above your usual average ($3838).,Review your recent transactions to identify what changed.,"{'avg_amt_30d': np.float64(56534.40666666667), 'all_time_avg': np.float64(3837.666041666667), 'pct_above': 1373}"
USR646Eg,spending_warning,peer,medium,Your recent average spend ($56534/txn) is 20001% higher than similar users ($281/txn).,Consider whether your spending aligns with your financial goals.,"{'avg_amt_30d': np.float64(56534.40666666667), 'peer_avg': np.float64(281.25750000000005), 'pct_above': 20001}"
USR646Eg,budget_advice,peer,medium,You spend 119% more than similar users on Medical/Dental ($0 vs peer avg $0/month).,Setting a monthly budget for Medical/Dental could bring your spend in line with peers.,"{'category': 'Medical/Dental', 'user_spend': np.float64(0.3809523809523809), 'peer_spend': np.float64(0.1739130434782608), 'pct_above': 119}"
USR646Eg,budget_advice,personal,medium,Your Gifts spending spiked to 21.0x your usual amount in your highest month.,Consider a monthly cap on Gifts to avoid these irregular spikes.,"{'category': 'Gifts', 'spike_ratio': np.float64(21.0)}"
USR258SD,budget_advice,peer,medium,You spend 283% more than similar users on Housing and Utilities ($0 vs peer avg $0/month).,Setting a monthly budget for Housing and Utilities could bring your spend in line with peers.,"{'category': 'Housing and Utilities', 'user_spend': np.float64(0.3333333333333333), 'peer_spend': np.float64(0.0869565217391304), 'pct_above': 283}"
USR258SD,budget_advice,personal,medium,Your Subscriptions spending spiked to 21.0x your usual amount in your highest month.,Consider a monthly cap on Subscriptions to avoid these irregular spikes.,"{'category': 'Subscriptions', 'spike_ratio': np.float64(21.0)}"
USR258SD,behavioral_nudge,personal,low,90% of your total spend happens on weekends.,Weekend spending patterns often include more impulse purchases. Planning ahead could reduce costs.,"{'weekend_spend_pct': 90, 'weekend_spend': np.float64(173697.56), 'weekday_spend': np.float64(19273.15)}"
USR465Of,spending_warning,personal,high,You have 5 unusually large transactions compared to your own average.,Check these transactions — they are significantly larger than your typical spend.,{'large_transactions': 5}
USR465Of,budget_advice,peer,medium,You spend 56% more than similar users on Housing and Utilities ($0 vs peer avg $0/month).,Setting a monthly budget for Housing and Utilities could bring your spend in line with peers.,"{'category': 'Housing and Utilities', 'user_spend': np.float64(0.24), 'peer_spend': np.float64(0.1539473684210526), 'pct_above': 56}"
USR465Of,budget_advice,personal,medium,Your Gifts spending spiked to 25.0x your usual amount in your highest month.,Consider a monthly cap on Gifts to avoid these irregular spikes.,"{'category': 'Gifts', 'spike_ratio': np.float64(25.0)}"
USR556jk,spending_warning,personal,high,You have 4 unusually large transactions compared to your own average.,Check these transactions — they are significantly larger than your typical spend.,{'large_transactions': 4}
USR556jk,budget_advice,peer,medium,You spend 250% more than similar users on Friend Activities ($0 vs peer avg $0/month).,Setting a monthly budget for Friend Activities could bring your spend in line with peers.,"{'category': 'Friend Activities', 'user_spend': np.float64(0.3333333333333333), 'peer_spend': np.float64(0.0952380952380952), 'pct_above': 250}"
USR556jk,budget_advice,personal,medium,Your Medical/Dental spending spiked to 10.5x your usual amount in your highest month.,Consider a monthly cap on Medical/Dental to avoid these irregular spikes.,"{'category': 'Medical/Dental', 'spike_ratio': np.float64(10.5)}"
USR886vk,budget_advice,peer,medium,You spend 63% more than similar users on Travel ($0 vs peer avg $0/month).,Setting a monthly budget for Travel could bring your spend in line with peers.,"{'category': 'Travel', 'user_spend': np.float64(0.2608695652173913), 'peer_spend': np.float64(0.16), 'pct_above': 63}"
USR886vk,budget_advice,personal,medium,Your Subscriptions spending spiked to 15.3x your usual amount in your highest month.,Consider a monthly cap on Subscriptions to avoid these irregular spikes.,"{'category': 'Subscriptions', 'spike_ratio': np.float64(15.3)}"
USR372Mt,budget_advice,peer,medium,You spend 157% more than similar users on Food ($0 vs peer avg $0/month).,Setting a monthly budget for Food could bring your spend in line with peers.,"{'category': 'Food', 'user_spend': np.float64(0.35), 'peer_spend': np.float64(0.1363636363636363), 'pct_above': 157}"
USR372Mt,budget_advice,personal,medium,Your Personal Hygiene spending spiked to 20.0x your usual amount in your highest month.,Consider a monthly cap on Personal Hygiene to avoid these irregular spikes.,"{'category': 'Personal Hygiene', 'spike_ratio': np.float64(20.0)}"
USR834PN,budget_advice,peer,medium,You spend 95% more than similar users on Housing and Utilities ($0 vs peer avg $0/month).,Setting a monthly budget for Housing and Utilities could bring your spend in line with peers.,"{'category': 'Housing and Utilities', 'user_spend': np.float64(0.3), 'peer_spend': np.float64(0.1539473684210526), 'pct_above': 95}"
USR834PN,budget_advice,personal,medium,Your Fitness spending spiked to 20.0x your usual amount in your highest month.,Consider a monthly cap on Fitness to avoid these irregular spikes.,"{'category': 'Fitness', 'spike_ratio': np.float64(20.0)}"
USR129NG,budget_advice,peer,medium,You spend 265% more than similar users on Hobbies ($0 vs peer avg $0/month).,Setting a monthly budget for Hobbies could bring your spend in line with peers.,"{'category': 'Hobbies', 'user_spend': np.float64(0.3478260869565217), 'peer_spend': np.float64(0.0952380952380952), 'pct_above': 265}"
USR129NG,budget_advice,personal,medium,Your Gifts spending spiked to 23.0x your usual amount in your highest month.,Consider a monthly cap on Gifts to avoid these irregular spikes.,"{'category': 'Gifts', 'spike_ratio': np.float64(23.0)}"
USR401fn,spending_warning,personal,high,You have 4 unusually large transactions compared to your own average.,Check these transactions — they are significantly larger than your typical spend.,{'large_transactions': 4}
USR401fn,budget_advice,peer,medium,You spend 179% more than similar users on Transportation ($0 vs peer avg $0/month).,Setting a monthly budget for Transportation could bring your spend in line with peers.,"{'category': 'Transportation', 'user_spend': np.float64(0.3809523809523809), 'peer_spend': np.float64(0.1363636363636363), 'pct_above': 179}"
USR401fn,budget_advice,personal,medium,Your Hobbies spending spiked to 21.0x your usual amount in your highest month.,Consider a monthly cap on Hobbies to avoid these irregular spikes.,"{'category': 'Hobbies', 'spike_ratio': np.float64(21.0)}"
USR297tJ,budget_advice,peer,medium,You spend 209% more than similar users on Food ($0 vs peer avg $0/month).,Setting a monthly budget for Food could bring your spend in line with peers.,"{'category': 'Food', 'user_spend': np.float64(0.4210526315789473), 'peer_spend': np.float64(0.1363636363636363), 'pct_above': 209}"
USR297tJ,budget_advice,personal,medium,Your Friend Activities spending spiked to 19.0x your usual amount in your highest month.,Consider a monthly cap on Friend Activities to avoid these irregular spikes.,"{'category': 'Friend Activities', 'spike_ratio': np.float64(19.0)}"
USR993dr,spending_warning,personal,high,You have 3 unusually large transactions compared to your own average.,Check these transactions — they are significantly larger than your typical spend.,{'large_transactions': 3}
USR993dr,budget_advice,peer,medium,You spend 120% more than similar users on Gifts ($0 vs peer avg $0/month).,Setting a monthly budget for Gifts could bring your spend in line with peers.,"{'category': 'Gifts', 'user_spend': np.float64(0.4), 'peer_spend': np.float64(0.1818181818181818), 'pct_above': 120}"
USR993dr,budget_advice,personal,medium,Your Subscriptions spending spiked to 20.0x your usual amount in your highest month.,Consider a monthly cap on Subscriptions to avoid these irregular spikes.,"{'category': 'Subscriptions', 'spike_ratio': np.float64(20.0)}"
USR249de,spending_warning,personal,high,You have 4 unusually large transactions compared to your own average.,Check these transactions — they are significantly larger than your typical spend.,{'large_transactions': 4}
USR249de,budget_advice,peer,medium,You spend 248% more than similar users on Housing and Utilities ($0 vs peer avg $0/month).,Setting a monthly budget for Housing and Utilities could bring your spend in line with peers.,"{'category': 'Housing and Utilities', 'user_spend': np.float64(0.3478260869565217), 'peer_spend': np.float64(0.1), 'pct_above': 248}"
USR249de,budget_advice,personal,medium,Your Gifts spending spiked to 23.0x your usual amount in your highest month.,Consider a monthly cap on Gifts to avoid these irregular spikes.,"{'category': 'Gifts', 'spike_ratio': np.float64(23.0)}"
USR862eI,budget_advice,peer,medium,You spend 350% more than similar users on Personal Hygiene ($0 vs peer avg $0/month).,Setting a monthly budget for Personal Hygiene could bring your spend in line with peers.,"{'category': 'Personal Hygiene', 'user_spend': np.float64(0.4285714285714285), 'peer_spend': np.float64(0.0952380952380952), 'pct_above': 350}"
USR862eI,budget_advice,personal,medium,Your Travel spending spiked to 14.0x your usual amount in your highest month.,Consider a monthly cap on Travel to avoid these irregular spikes.,"{'category': 'Travel', 'spike_ratio': np.float64(14.0)}"
USR489ka,spending_warning,personal,high,Your average transaction amount this month ($14859) is 1013% above your usual average ($1335).,Review your recent transactions to identify what changed.,"{'avg_amt_30d': np.float64(14858.745), 'all_time_avg': np.float64(1335.0576271186442), 'pct_above': 1013}"
USR489ka,spending_warning,peer,medium,Your recent average spend ($14859/txn) is 7329% higher than similar users ($200/txn).,Consider whether your spending aligns with your financial goals.,"{'avg_amt_30d': np.float64(14858.745), 'peer_avg': np.float64(200.0), 'pct_above': 7329}"
USR489ka,budget_advice,peer,medium,You spend 219% more than similar users on Transportation ($0 vs peer avg $0/month).,Setting a monthly budget for Transportation could bring your spend in line with peers.,"{'category': 'Transportation', 'user_spend': np.float64(0.4347826086956521), 'peer_spend': np.float64(0.1363636363636363), 'pct_above': 219}"
USR489ka,budget_advice,personal,medium,Your Friend Activities spending spiked to 23.0x your usual amount in your highest month.,Consider a monthly cap on Friend Activities to avoid these irregular spikes.,"{'category': 'Friend Activities', 'spike_ratio': np.float64(23.0)}"
USR489ka,behavioral_nudge,personal,low,73% of your total spend happens on weekends.,Weekend spending patterns often include more impulse purchases. Planning ahead could reduce costs.,"{'weekend_spend_pct': 73, 'weekend_spend': np.float64(57466.62), 'weekday_spend': np.float64(21301.78)}"
USR936rw,budget_advice,peer,medium,You spend 660% more than similar users on Medical/Dental ($0 vs peer avg $0/month).,Setting a monthly budget for Medical/Dental could bring your spend in line with peers.,"{'category': 'Medical/Dental', 'user_spend': np.float64(0.4), 'peer_spend': np.float64(0.0526315789473684), 'pct_above': 660}"
USR936rw,budget_advice,personal,medium,Your Friend Activities spending spiked to 20.0x your usual amount in your highest month.,Consider a monthly cap on Friend Activities to avoid these irregular spikes.,"{'category': 'Friend Activities', 'spike_ratio': np.float64(20.0)}"
USR936rw,behavioral_nudge,personal,low,81% of your total spend happens on weekends.,Weekend spending patterns often include more impulse purchases. Planning ahead could reduce costs.,"{'weekend_spend_pct': 81, 'weekend_spend': np.float64(43944.66), 'weekday_spend': np.float64(10452.51)}"
USR981Is,spending_warning,personal,high,Your average transaction amount this month ($2371) is 91% above your usual average ($1244).,Review your recent transactions to identify what changed.,"{'avg_amt_30d': np.float64(2371.325), 'all_time_avg': np.float64(1243.545777777778), 'pct_above': 91}"
USR981Is,spending_warning,peer,medium,Your recent average spend ($2371/txn) is 1086% higher than similar users ($200/txn).,Consider whether your spending aligns with your financial goals.,"{'avg_amt_30d': np.float64(2371.325), 'peer_avg': np.float64(200.0), 'pct_above': 1086}"
USR981Is,budget_advice,peer,medium,You spend 268% more than similar users on Housing and Utilities ($0 vs peer avg $0/month).,Setting a monthly budget for Housing and Utilities could bring your spend in line with peers.,"{'category': 'Housing and Utilities', 'user_spend': np.float64(0.3684210526315789), 'peer_spend': np.float64(0.1), 'pct_above': 268}"
USR981Is,budget_advice,personal,medium,Your Friend Activities spending spiked to 19.0x your usual amount in your highest month.,Consider a monthly cap on Friend Activities to avoid these irregular spikes.,"{'category': 'Friend Activities', 'spike_ratio': np.float64(19.0)}"
USR169XO,spending_warning,personal,high,You have 4 unusually large transactions compared to your own average.,Check these transactions — they are significantly larger than your typical spend.,{'large_transactions': 4}
USR169XO,budget_advice,peer,medium,You spend 220% more than similar users on Personal Hygiene ($0 vs peer avg $0/month).,Setting a monthly budget for Personal Hygiene could bring your spend in line with peers.,"{'category': 'Personal Hygiene', 'user_spend': np.float64(0.3043478260869565), 'peer_spend': np.float64(0.0952380952380952), 'pct_above': 220}"
USR169XO,budget_advice,personal,medium,Your Housing and Utilities spending spiked to 23.0x your usual amount in your highest month.,Consider a monthly cap on Housing and Utilities to avoid these irregular spikes.,"{'category': 'Housing and Utilities', 'spike_ratio': np.float64(23.0)}"
USR885xH,spending_warning,personal,high,Your average transaction amount this month ($649) is 110% above your usual average ($308).,Review your recent transactions to identify what changed.,"{'avg_amt_30d': np.float64(648.69), 'all_time_avg': np.float64(308.2345762711864), 'pct_above': 110}"
USR885xH,spending_warning,peer,medium,Your recent average spend ($649/txn) is 224% higher than similar users ($200/txn).,Consider whether your spending aligns with your financial goals.,"{'avg_amt_30d': np.float64(648.69), 'peer_avg': np.float64(200.0), 'pct_above': 224}"
USR885xH,budget_advice,peer,medium,You spend 252% more than similar users on Fitness ($0 vs peer avg $0/month).,Setting a monthly budget for Fitness could bring your spend in line with peers.,"{'category': 'Fitness', 'user_spend': np.float64(0.391304347826087), 'peer_spend': np.float64(0.1111111111111111), 'pct_above': 252}"
USR885xH,budget_advice,personal,medium,Your Personal Hygiene spending spiked to 11.5x your usual amount in your highest month.,Consider a monthly cap on Personal Hygiene to avoid these irregular spikes.,"{'category': 'Personal Hygiene', 'spike_ratio': np.float64(11.5)}"
USR104NK,budget_advice,peer,medium,You spend 198% more than similar users on Travel ($0 vs peer avg $0/month).,Setting a monthly budget for Travel could bring your spend in line with peers.,"{'category': 'Travel', 'user_spend': np.float64(0.4761904761904761), 'peer_spend': np.float64(0.16), 'pct_above': 198}"
USR104NK,budget_advice,personal,medium,Your Fitness spending spiked to 21.0x your usual amount in your highest month.,Consider a monthly cap on Fitness to avoid these irregular spikes.,"{'category': 'Fitness', 'spike_ratio': np.float64(21.0)}"
USR104NK,behavioral_nudge,personal,low,91% of your total spend happens on weekends.,Weekend spending patterns often include more impulse purchases. Planning ahead could reduce costs.,"{'weekend_spend_pct': 91, 'weekend_spend': np.float64(150182.41), 'weekday_spend': np.float64(15402.9)}"
USR828eU,budget_advice,peer,medium,You spend 445% more than similar users on Friend Activities ($0 vs peer avg $0/month).,Setting a monthly budget for Friend Activities could bring your spend in line with peers.,"{'category': 'Friend Activities', 'user_spend': np.float64(0.2727272727272727), 'peer_spend': np.float64(0.05), 'pct_above': 445}"
USR828eU,budget_advice,personal,medium,Your Travel spending spiked to 22.0x your usual amount in your highest month.,Consider a monthly cap on Travel to avoid these irregular spikes.,"{'category': 'Travel', 'spike_ratio': np.float64(22.0)}"
USR689HM,spending_warning,peer,medium,Your recent average spend ($1233/txn) is 517% higher than similar users ($200/txn).,Consider whether your spending aligns with your financial goals.,"{'avg_amt_30d': np.float64(1233.2066666666667), 'peer_avg': np.float64(200.0), 'pct_above': 517}"
USR689HM,budget_advice,peer,medium,You spend 100% more than similar users on Transportation ($0 vs peer avg $0/month).,Setting a monthly budget for Transportation could bring your spend in line with peers.,"{'category': 'Transportation', 'user_spend': np.float64(0.2727272727272727), 'peer_spend': np.float64(0.1363636363636363), 'pct_above': 100}"
USR689HM,budget_advice,personal,medium,Your Fitness spending spiked to 22.0x your usual amount in your highest month.,Consider a monthly cap on Fitness to avoid these irregular spikes.,"{'category': 'Fitness', 'spike_ratio': np.float64(22.0)}"
USR654ba,budget_advice,personal,medium,Your Gifts spending spiked to 23.0x your usual amount in your highest month.,Consider a monthly cap on Gifts to avoid these irregular spikes.,"{'category': 'Gifts', 'spike_ratio': np.float64(23.0)}"
USR725fj,spending_warning,personal,high,You have 3 unusually large transactions compared to your own average.,Check these transactions — they are significantly larger than your typical spend.,{'large_transactions': 3}
USR725fj,spending_warning,peer,medium,Your recent average spend ($303/txn) is 52% higher than similar users ($200/txn).,Consider whether your spending aligns with your financial goals.,"{'avg_amt_30d': np.float64(303.4425), 'peer_avg': np.float64(200.0), 'pct_above': 52}"
USR725fj,budget_advice,peer,medium,You spend 187% more than similar users on Transportation ($0 vs peer avg $0/month).,Setting a monthly budget for Transportation could bring your spend in line with peers.,"{'category': 'Transportation', 'user_spend': np.float64(0.391304347826087), 'peer_spend': np.float64(0.1363636363636363), 'pct_above': 187}"
USR725fj,budget_advice,personal,medium,Your Travel spending spiked to 15.3x your usual amount in your highest month.,Consider a monthly cap on Travel to avoid these irregular spikes.,"{'category': 'Travel', 'spike_ratio': np.float64(15.3)}"
USR703am,spending_warning,personal,high,Your average transaction amount this month ($467) is 67% above your usual average ($280).,Review your recent transactions to identify what changed.,"{'avg_amt_30d': np.float64(467.166), 'all_time_avg': np.float64(280.28456521739133), 'pct_above': 67}"
USR703am,spending_warning,peer,medium,Your recent average spend ($467/txn) is 66% higher than similar users ($281/txn).,Consider whether your spending aligns with your financial goals.,"{'avg_amt_30d': np.float64(467.166), 'peer_avg': np.float64(281.25750000000005), 'pct_above': 66}"
USR703am,budget_advice,peer,medium,You spend 46% more than similar users on Fitness ($0 vs peer avg $0/month).,Setting a monthly budget for Fitness could bring your spend in line with peers.,"{'category': 'Fitness', 'user_spend': np.float64(0.2857142857142857), 'peer_spend': np.float64(0.1952380952380952), 'pct_above': 46}"
USR703am,budget_advice,personal,medium,Your Hobbies spending spiked to 10.5x your usual amount in your highest month.,Consider a monthly cap on Hobbies to avoid these irregular spikes.,"{'category': 'Hobbies', 'spike_ratio': np.float64(10.5)}"
USR704Np,spending_warning,peer,medium,Your recent average spend ($875/txn) is 211% higher than similar users ($281/txn).,Consider whether your spending aligns with your financial goals.,"{'avg_amt_30d': np.float64(874.9175), 'peer_avg': np.float64(281.25750000000005), 'pct_above': 211}"
USR704Np,budget_advice,peer,medium,You spend 34% more than similar users on Fitness ($0 vs peer avg $0/month).,Setting a monthly budget for Fitness could bring your spend in line with peers.,"{'category': 'Fitness', 'user_spend': np.float64(0.2608695652173913), 'peer_spend': np.float64(0.1952380952380952), 'pct_above': 34}"
USR704Np,budget_advice,personal,medium,Your Housing and Utilities spending spiked to 11.5x your usual amount in your highest month.,Consider a monthly cap on Housing and Utilities to avoid these irregular spikes.,"{'category': 'Housing and Utilities', 'spike_ratio': np.float64(11.5)}"
USR990wn,spending_warning,personal,high,Your average transaction amount this month ($29043) is 1415% above your usual average ($1917).,Review your recent transactions to identify what changed.,"{'avg_amt_30d': np.float64(29043.49), 'all_time_avg': np.float64(1916.9657407407408), 'pct_above': 1415}"
USR990wn,spending_warning,peer,medium,Your recent average spend ($29043/txn) is 10226% higher than similar users ($281/txn).,Consider whether your spending aligns with your financial goals.,"{'avg_amt_30d': np.float64(29043.49), 'peer_avg': np.float64(281.25750000000005), 'pct_above': 10226}"
USR990wn,budget_advice,peer,medium,You spend 95% more than similar users on Personal Hygiene ($0 vs peer avg $0/month).,Setting a monthly budget for Personal Hygiene could bring your spend in line with peers.,"{'category': 'Personal Hygiene', 'user_spend': np.float64(0.3181818181818182), 'peer_spend': np.float64(0.1633333333333333), 'pct_above': 95}"
USR990wn,budget_advice,personal,medium,Your Fitness spending spiked to 22.0x your usual amount in your highest month.,Consider a monthly cap on Fitness to avoid these irregular spikes.,"{'category': 'Fitness', 'spike_ratio': np.float64(22.0)}"
USR557yC,spending_warning,personal,high,Your average transaction amount this month ($389) is 61% above your usual average ($242).,Review your recent transactions to identify what changed.,"{'avg_amt_30d': np.float64(388.82), 'all_time_avg': np.float64(242.1570588235294), 'pct_above': 61}"
USR557yC,spending_warning,personal,high,You have 5 unusually large transactions compared to your own average.,Check these transactions — they are significantly larger than your typical spend.,{'large_transactions': 5}
USR557yC,budget_advice,peer,medium,You spend 83% more than similar users on Subscriptions ($0 vs peer avg $0/month).,Setting a monthly budget for Subscriptions could bring your spend in line with peers.,"{'category': 'Subscriptions', 'user_spend': np.float64(0.3181818181818182), 'peer_spend': np.float64(0.1739130434782608), 'pct_above': 83}"
USR557yC,budget_advice,personal,medium,Your Housing and Utilities spending spiked to 22.0x your usual amount in your highest month.,Consider a monthly cap on Housing and Utilities to avoid these irregular spikes.,"{'category': 'Housing and Utilities', 'spike_ratio': np.float64(22.0)}"
USR165jr,spending_warning,personal,high,Your average transaction amount this month ($433) is 71% above your usual average ($254).,Review your recent transactions to identify what changed.,"{'avg_amt_30d': np.float64(432.535), 'all_time_avg': np.float64(253.5422), 'pct_above': 71}"
USR165jr,spending_warning,personal,high,You have 4 unusually large transactions compared to your own average.,Check these transactions — they are significantly larger than your typical spend.,{'large_transactions': 4}
USR165jr,spending_warning,peer,medium,Your recent average spend ($433/txn) is 116% higher than similar users ($200/txn).,Consider whether your spending aligns with your financial goals.,"{'avg_amt_30d': np.float64(432.535), 'peer_avg': np.float64(200.0), 'pct_above': 116}"
USR165jr,budget_advice,peer,medium,You spend 67% more than similar users on Food ($0 vs peer avg $0/month).,Setting a monthly budget for Food could bring your spend in line with peers.,"{'category': 'Food', 'user_spend': np.float64(0.2272727272727272), 'peer_spend': np.float64(0.1363636363636363), 'pct_above': 67}"
USR165jr,budget_advice,personal,medium,Your Friend Activities spending spiked to 22.0x your usual amount in your highest month.,Consider a monthly cap on Friend Activities to avoid these irregular spikes.,"{'category': 'Friend Activities', 'spike_ratio': np.float64(22.0)}"
USR203qJ,budget_advice,peer,medium,You spend 311% more than similar users on Hobbies ($0 vs peer avg $0/month).,Setting a monthly budget for Hobbies could bring your spend in line with peers.,"{'category': 'Hobbies', 'user_spend': np.float64(0.391304347826087), 'peer_spend': np.float64(0.0952380952380952), 'pct_above': 311}"
USR203qJ,budget_advice,personal,medium,Your Travel spending spiked to 11.5x your usual amount in your highest month.,Consider a monthly cap on Travel to avoid these irregular spikes.,"{'category': 'Travel', 'spike_ratio': np.float64(11.5)}"
USR677Eb,spending_warning,peer,medium,Your recent average spend ($673/txn) is 236% higher than similar users ($200/txn).,Consider whether your spending aligns with your financial goals.,"{'avg_amt_30d': np.float64(672.6033333333334), 'peer_avg': np.float64(200.0), 'pct_above': 236}"
USR677Eb,budget_advice,peer,medium,You spend 220% more than similar users on Gifts ($0 vs peer avg $0/month).,Setting a monthly budget for Gifts could bring your spend in line with peers.,"{'category': 'Gifts', 'user_spend': np.float64(0.3043478260869565), 'peer_spend': np.float64(0.0952380952380952), 'pct_above': 220}"
USR677Eb,budget_advice,personal,medium,Your Subscriptions spending spiked to 23.0x your usual amount in your highest month.,Consider a monthly cap on Subscriptions to avoid these irregular spikes.,"{'category': 'Subscriptions', 'spike_ratio': np.float64(23.0)}"
USR848ei,budget_advice,peer,medium,You spend 250% more than similar users on Hobbies ($0 vs peer avg $0/month).,Setting a monthly budget for Hobbies could bring your spend in line with peers.,"{'category': 'Hobbies', 'user_spend': np.float64(0.3333333333333333), 'peer_spend': np.float64(0.0952380952380952), 'pct_above': 250}"
USR848ei,budget_advice,personal,medium,Your Fitness spending spiked to 9.0x your usual amount in your highest month.,Consider a monthly cap on Fitness to avoid these irregular spikes.,"{'category': 'Fitness', 'spike_ratio': np.float64(9.0)}"
USR848ei,behavioral_nudge,personal,low,91% of your total spend happens on weekends.,Weekend spending patterns often include more impulse purchases. Planning ahead could reduce costs.,"{'weekend_spend_pct': 91, 'weekend_spend': np.float64(59557.2), 'weekday_spend': np.float64(5681.26)}"
USR718eU,spending_warning,personal,high,You have 3 unusually large transactions compared to your own average.,Check these transactions — they are significantly larger than your typical spend.,{'large_transactions': 3}
USR718eU,budget_advice,peer,medium,You spend 136% more than similar users on Housing and Utilities ($0 vs peer avg $0/month).,Setting a monthly budget for Housing and Utilities could bring your spend in line with peers.,"{'category': 'Housing and Utilities', 'user_spend': np.float64(0.3636363636363636), 'peer_spend': np.float64(0.1539473684210526), 'pct_above': 136}"
USR718eU,budget_advice,personal,medium,Your Food spending spiked to 11.0x your usual amount in your highest month.,Consider a monthly cap on Food to avoid these irregular spikes.,"{'category': 'Food', 'spike_ratio': np.float64(11.0)}"
USR162th,budget_advice,peer,medium,You spend 776% more than similar users on Gifts ($0 vs peer avg $0/month).,Setting a monthly budget for Gifts could bring your spend in line with peers.,"{'category': 'Gifts', 'user_spend': np.float64(0.3809523809523809), 'peer_spend': np.float64(0.0434782608695652), 'pct_above': 776}"
USR162th,budget_advice,personal,medium,Your Travel spending spiked to 21.0x your usual amount in your highest month.,Consider a monthly cap on Travel to avoid these irregular spikes.,"{'category': 'Travel', 'spike_ratio': np.float64(21.0)}"
USR279gH,spending_warning,personal,high,You have 4 unusually large transactions compared to your own average.,Check these transactions — they are significantly larger than your typical spend.,{'large_transactions': 4}
USR279gH,budget_advice,peer,medium,You spend 234% more than similar users on Gifts ($0 vs peer avg $0/month).,Setting a monthly budget for Gifts could bring your spend in line with peers.,"{'category': 'Gifts', 'user_spend': np.float64(0.3181818181818182), 'peer_spend': np.float64(0.0952380952380952), 'pct_above': 234}"
USR279gH,budget_advice,personal,medium,Your Subscriptions spending spiked to 22.0x your usual amount in your highest month.,Consider a monthly cap on Subscriptions to avoid these irregular spikes.,"{'category': 'Subscriptions', 'spike_ratio': np.float64(22.0)}"
USR066Hw,budget_advice,peer,medium,You spend 84% more than similar users on Medical/Dental ($0 vs peer avg $0/month).,Setting a monthly budget for Medical/Dental could bring your spend in line with peers.,"{'category': 'Medical/Dental', 'user_spend': np.float64(0.32), 'peer_spend': np.float64(0.1739130434782608), 'pct_above': 84}"
USR066Hw,budget_advice,personal,medium,Your Hobbies spending spiked to 12.5x your usual amount in your highest month.,Consider a monthly cap on Hobbies to avoid these irregular spikes.,"{'category': 'Hobbies', 'spike_ratio': np.float64(12.5)}"
USR066Hw,behavioral_nudge,personal,low,94% of your total spend happens on weekends.,Weekend spending patterns often include more impulse purchases. Planning ahead could reduce costs.,"{'weekend_spend_pct': 94, 'weekend_spend': np.float64(245810.82), 'weekday_spend': np.float64(15909.66)}"
USR139QE,spending_warning,personal,high,You have 5 unusually large transactions compared to your own average.,Check these transactions — they are significantly larger than your typical spend.,{'large_transactions': 5}
USR139QE,budget_advice,peer,medium,You spend 89% more than similar users on Housing and Utilities ($0 vs peer avg $0/month).,Setting a monthly budget for Housing and Utilities could bring your spend in line with peers.,"{'category': 'Housing and Utilities', 'user_spend': np.float64(0.2916666666666667), 'peer_spend': np.float64(0.1539473684210526), 'pct_above': 89}"
USR139QE,budget_advice,personal,medium,Your Transportation spending spiked to 24.0x your usual amount in your highest month.,Consider a monthly cap on Transportation to avoid these irregular spikes.,"{'category': 'Transportation', 'spike_ratio': np.float64(24.0)}"
USR317Xw,spending_warning,personal,high,You have 3 unusually large transactions compared to your own average.,Check these transactions — they are significantly larger than your typical spend.,{'large_transactions': 3}
USR317Xw,budget_advice,peer,medium,You spend 92% more than similar users on Medical/Dental ($0 vs peer avg $0/month).,Setting a monthly budget for Medical/Dental could bring your spend in line with peers.,"{'category': 'Medical/Dental', 'user_spend': np.float64(0.3333333333333333), 'peer_spend': np.float64(0.1739130434782608), 'pct_above': 92}"
USR317Xw,budget_advice,personal,medium,Your Hobbies spending spiked to 21.0x your usual amount in your highest month.,Consider a monthly cap on Hobbies to avoid these irregular spikes.,"{'category': 'Hobbies', 'spike_ratio': np.float64(21.0)}"
USR866Vy,budget_advice,peer,medium,You spend 40% more than similar users on Food ($0 vs peer avg $0/month).,Setting a monthly budget for Food could bring your spend in line with peers.,"{'category': 'Food', 'user_spend': np.float64(0.1904761904761904), 'peer_spend': np.float64(0.1363636363636363), 'pct_above': 40}"
USR866Vy,budget_advice,personal,medium,Your Gifts spending spiked to 21.0x your usual amount in your highest month.,Consider a monthly cap on Gifts to avoid these irregular spikes.,"{'category': 'Gifts', 'spike_ratio': np.float64(21.0)}"
USR866Vy,behavioral_nudge,personal,low,92% of your total spend happens on weekends.,Weekend spending patterns often include more impulse purchases. Planning ahead could reduce costs.,"{'weekend_spend_pct': 92, 'weekend_spend': np.float64(108557.85), 'weekday_spend': np.float64(8877.01)}"
USR672oM,spending_warning,peer,medium,Your recent average spend ($715/txn) is 258% higher than similar users ($200/txn).,Consider whether your spending aligns with your financial goals.,"{'avg_amt_30d': np.float64(715.4449999999999), 'peer_avg': np.float64(200.0), 'pct_above': 258}"
USR672oM,budget_advice,peer,medium,You spend 330% more than similar users on Personal Hygiene ($0 vs peer avg $0/month).,Setting a monthly budget for Personal Hygiene could bring your spend in line with peers.,"{'category': 'Personal Hygiene', 'user_spend': np.float64(0.4090909090909091), 'peer_spend': np.float64(0.0952380952380952), 'pct_above': 330}"
USR672oM,budget_advice,personal,medium,Your Gifts spending spiked to 22.0x your usual amount in your highest month.,Consider a monthly cap on Gifts to avoid these irregular spikes.,"{'category': 'Gifts', 'spike_ratio': np.float64(22.0)}"
USR437KX,budget_advice,peer,medium,You spend 338% more than similar users on Gifts ($0 vs peer avg $0/month).,Setting a monthly budget for Gifts could bring your spend in line with peers.,"{'category': 'Gifts', 'user_spend': np.float64(0.4166666666666667), 'peer_spend': np.float64(0.0952380952380952), 'pct_above': 338}"
USR437KX,budget_advice,personal,medium,Your Medical/Dental spending spiked to 12.0x your usual amount in your highest month.,Consider a monthly cap on Medical/Dental to avoid these irregular spikes.,"{'category': 'Medical/Dental', 'spike_ratio': np.float64(12.0)}"
USR415QQ,spending_warning,personal,high,You have 4 unusually large transactions compared to your own average.,Check these transactions — they are significantly larger than your typical spend.,{'large_transactions': 4}
USR415QQ,budget_advice,peer,medium,You spend 76% more than similar users on Food ($0 vs peer avg $0/month).,Setting a monthly budget for Food could bring your spend in line with peers.,"{'category': 'Food', 'user_spend': np.float64(0.24), 'peer_spend': np.float64(0.1363636363636363), 'pct_above': 76}"
USR415QQ,budget_advice,personal,medium,Your Fitness spending spiked to 25.0x your usual amount in your highest month.,Consider a monthly cap on Fitness to avoid these irregular spikes.,"{'category': 'Fitness', 'spike_ratio': np.float64(25.0)}"
USR332Yp,budget_advice,peer,medium,You spend 67% more than similar users on Friend Activities ($0 vs peer avg $0/month).,Setting a monthly budget for Friend Activities could bring your spend in line with peers.,"{'category': 'Friend Activities', 'user_spend': np.float64(0.25), 'peer_spend': np.float64(0.15), 'pct_above': 67}"
USR332Yp,budget_advice,personal,medium,Your Medical/Dental spending spiked to 20.0x your usual amount in your highest month.,Consider a monthly cap on Medical/Dental to avoid these irregular spikes.,"{'category': 'Medical/Dental', 'spike_ratio': np.float64(20.0)}"
USR598Hk,spending_warning,peer,medium,Your recent average spend ($1029/txn) is 414% higher than similar users ($200/txn).,Consider whether your spending aligns with your financial goals.,"{'avg_amt_30d': np.float64(1028.8300000000002), 'peer_avg': np.float64(200.0), 'pct_above': 414}"
USR598Hk,budget_advice,peer,medium,You spend 200% more than similar users on Transportation ($0 vs peer avg $0/month).,Setting a monthly budget for Transportation could bring your spend in line with peers.,"{'category': 'Transportation', 'user_spend': np.float64(0.4090909090909091), 'peer_spend': np.float64(0.1363636363636363), 'pct_above': 200}"
USR598Hk,budget_advice,personal,medium,Your Travel spending spiked to 22.0x your usual amount in your highest month.,Consider a monthly cap on Travel to avoid these irregular spikes.,"{'category': 'Travel', 'spike_ratio': np.float64(22.0)}"
USR726VM,budget_advice,peer,medium,You spend 204% more than similar users on Travel ($0 vs peer avg $0/month).,Setting a monthly budget for Travel could bring your spend in line with peers.,"{'category': 'Travel', 'user_spend': np.float64(0.3043478260869565), 'peer_spend': np.float64(0.1), 'pct_above': 204}"
USR726VM,budget_advice,personal,medium,Your Personal Hygiene spending spiked to 23.0x your usual amount in your highest month.,Consider a monthly cap on Personal Hygiene to avoid these irregular spikes.,"{'category': 'Personal Hygiene', 'spike_ratio': np.float64(23.0)}"
USR726VM,behavioral_nudge,personal,low,58% of your total spend happens on weekends.,Weekend spending patterns often include more impulse purchases. Planning ahead could reduce costs.,"{'weekend_spend_pct': 58, 'weekend_spend': np.float64(53065.4), 'weekday_spend': np.float64(37981.36)}"
USR059hG,spending_warning,personal,high,You have 3 unusually large transactions compared to your own average.,Check these transactions — they are significantly larger than your typical spend.,{'large_transactions': 3}
USR059hG,budget_advice,peer,medium,You spend 253% more than similar users on Housing and Utilities ($0 vs peer avg $0/month).,Setting a monthly budget for Housing and Utilities could bring your spend in line with peers.,"{'category': 'Housing and Utilities', 'user_spend': np.float64(0.3529411764705882), 'peer_spend': np.float64(0.1), 'pct_above': 253}"
USR059hG,budget_advice,personal,medium,Your Hobbies spending spiked to 17.0x your usual amount in your highest month.,Consider a monthly cap on Hobbies to avoid these irregular spikes.,"{'category': 'Hobbies', 'spike_ratio': np.float64(17.0)}"
USR843Yq,budget_advice,peer,medium,You spend 233% more than similar users on Medical/Dental ($0 vs peer avg $0/month).,Setting a monthly budget for Medical/Dental could bring your spend in line with peers.,"{'category': 'Medical/Dental', 'user_spend': np.float64(0.3333333333333333), 'peer_spend': np.float64(0.1), 'pct_above': 233}"
USR843Yq,budget_advice,personal,medium,Your Fitness spending spiked to 14.0x your usual amount in your highest month.,Consider a monthly cap on Fitness to avoid these irregular spikes.,"{'category': 'Fitness', 'spike_ratio': np.float64(14.0)}"
USR473tw,budget_advice,peer,medium,You spend 275% more than similar users on Housing and Utilities ($0 vs peer avg $0/month).,Setting a monthly budget for Housing and Utilities could bring your spend in line with peers.,"{'category': 'Housing and Utilities', 'user_spend': np.float64(0.375), 'peer_spend': np.float64(0.1), 'pct_above': 275}"
USR473tw,budget_advice,personal,medium,Your Gifts spending spiked to 16.0x your usual amount in your highest month.,Consider a monthly cap on Gifts to avoid these irregular spikes.,"{'category': 'Gifts', 'spike_ratio': np.float64(16.0)}"
USR146jK,budget_advice,peer,medium,You spend 150% more than similar users on Medical/Dental ($0 vs peer avg $0/month).,Setting a monthly budget for Medical/Dental could bring your spend in line with peers.,"{'category': 'Medical/Dental', 'user_spend': np.float64(0.25), 'peer_spend': np.float64(0.1), 'pct_above': 150}"
USR146jK,budget_advice,personal,medium,Your Housing and Utilities spending spiked to 20.0x your usual amount in your highest month.,Consider a monthly cap on Housing and Utilities to avoid these irregular spikes.,"{'category': 'Housing and Utilities', 'spike_ratio': np.float64(20.0)}"
USR785nU,spending_warning,personal,high,Your average transaction amount this month ($736) is 136% above your usual average ($312).,Review your recent transactions to identify what changed.,"{'avg_amt_30d': np.float64(736.3933333333334), 'all_time_avg': np.float64(311.9855319148936), 'pct_above': 136}"
USR785nU,spending_warning,personal,high,You have 5 unusually large transactions compared to your own average.,Check these transactions — they are significantly larger than your typical spend.,{'large_transactions': 5}
USR785nU,spending_warning,peer,medium,Your recent average spend ($736/txn) is 268% higher than similar users ($200/txn).,Consider whether your spending aligns with your financial goals.,"{'avg_amt_30d': np.float64(736.3933333333334), 'peer_avg': np.float64(200.0), 'pct_above': 268}"
USR785nU,budget_advice,peer,medium,You spend 264% more than similar users on Travel ($0 vs peer avg $0/month).,Setting a monthly budget for Travel could bring your spend in line with peers.,"{'category': 'Travel', 'user_spend': np.float64(0.3636363636363636), 'peer_spend': np.float64(0.1), 'pct_above': 264}"
USR785nU,budget_advice,personal,medium,Your Housing and Utilities spending spiked to 22.0x your usual amount in your highest month.,Consider a monthly cap on Housing and Utilities to avoid these irregular spikes.,"{'category': 'Housing and Utilities', 'spike_ratio': np.float64(22.0)}"
USR785nU,behavioral_nudge,personal,low,57% of your total spend happens on weekends.,Weekend spending patterns often include more impulse purchases. Planning ahead could reduce costs.,"{'weekend_spend_pct': 57, 'weekend_spend': np.float64(8415.84), 'weekday_spend': np.float64(6247.48)}"
USR102Ib,spending_warning,personal,high,You have 3 unusually large transactions compared to your own average.,Check these transactions — they are significantly larger than your typical spend.,{'large_transactions': 3}
USR102Ib,budget_advice,peer,medium,You spend 45% more than similar users on Hobbies ($0 vs peer avg $0/month).,Setting a monthly budget for Hobbies could bring your spend in line with peers.,"{'category': 'Hobbies', 'user_spend': np.float64(0.217391304347826), 'peer_spend': np.float64(0.15), 'pct_above': 45}"
USR102Ib,budget_advice,personal,medium,Your Gifts spending spiked to 11.5x your usual amount in your highest month.,Consider a monthly cap on Gifts to avoid these irregular spikes.,"{'category': 'Gifts', 'spike_ratio': np.float64(11.5)}"
USR350bh,spending_warning,personal,high,You have 4 unusually large transactions compared to your own average.,Check these transactions — they are significantly larger than your typical spend.,{'large_transactions': 4}
USR350bh,budget_advice,peer,medium,You spend 150% more than similar users on Medical/Dental ($0 vs peer avg $0/month).,Setting a monthly budget for Medical/Dental could bring your spend in line with peers.,"{'category': 'Medical/Dental', 'user_spend': np.float64(0.25), 'peer_spend': np.float64(0.1), 'pct_above': 150}"
USR350bh,budget_advice,personal,medium,Your Food spending spiked to 10.0x your usual amount in your highest month.,Consider a monthly cap on Food to avoid these irregular spikes.,"{'category': 'Food', 'spike_ratio': np.float64(10.0)}"
USR331Xb,spending_warning,peer,medium,Your recent average spend ($571/txn) is 186% higher than similar users ($200/txn).,Consider whether your spending aligns with your financial goals.,"{'avg_amt_30d': np.float64(571.2966666666666), 'peer_avg': np.float64(200.0), 'pct_above': 186}"
USR331Xb,budget_advice,peer,medium,You spend 184% more than similar users on Fitness ($0 vs peer avg $0/month).,Setting a monthly budget for Fitness could bring your spend in line with peers.,"{'category': 'Fitness', 'user_spend': np.float64(0.3157894736842105), 'peer_spend': np.float64(0.1111111111111111), 'pct_above': 184}"
USR331Xb,budget_advice,personal,medium,Your Gifts spending spiked to 19.0x your usual amount in your highest month.,Consider a monthly cap on Gifts to avoid these irregular spikes.,"{'category': 'Gifts', 'spike_ratio': np.float64(19.0)}"
USR723TN,spending_warning,personal,high,You have 4 unusually large transactions compared to your own average.,Check these transactions — they are significantly larger than your typical spend.,{'large_transactions': 4}
USR723TN,budget_advice,peer,medium,You spend 227% more than similar users on Fitness ($0 vs peer avg $0/month).,Setting a monthly budget for Fitness could bring your spend in line with peers.,"{'category': 'Fitness', 'user_spend': np.float64(0.3636363636363636), 'peer_spend': np.float64(0.1111111111111111), 'pct_above': 227}"
USR723TN,budget_advice,personal,medium,Your Friend Activities spending spiked to 11.0x your usual amount in your highest month.,Consider a monthly cap on Friend Activities to avoid these irregular spikes.,"{'category': 'Friend Activities', 'spike_ratio': np.float64(11.0)}"
USR395Ke,budget_advice,peer,medium,You spend 291% more than similar users on Travel ($0 vs peer avg $0/month).,Setting a monthly budget for Travel could bring your spend in line with peers.,"{'category': 'Travel', 'user_spend': np.float64(0.391304347826087), 'peer_spend': np.float64(0.1), 'pct_above': 291}"
USR395Ke,budget_advice,personal,medium,Your Transportation spending spiked to 23.0x your usual amount in your highest month.,Consider a monthly cap on Transportation to avoid these irregular spikes.,"{'category': 'Transportation', 'spike_ratio': np.float64(23.0)}"
USR421oQ,spending_warning,personal,high,Your average transaction amount this month ($48544) is 503% above your usual average ($8055).,Review your recent transactions to identify what changed.,"{'avg_amt_30d': np.float64(48544.125), 'all_time_avg': np.float64(8054.62358490566), 'pct_above': 503}"
USR421oQ,spending_warning,personal,high,You have 4 unusually large transactions compared to your own average.,Check these transactions — they are significantly larger than your typical spend.,{'large_transactions': 4}
USR421oQ,spending_warning,peer,medium,Your recent average spend ($48544/txn) is 17160% higher than similar users ($281/txn).,Consider whether your spending aligns with your financial goals.,"{'avg_amt_30d': np.float64(48544.125), 'peer_avg': np.float64(281.25750000000005), 'pct_above': 17160}"
USR421oQ,budget_advice,peer,medium,You spend 52% more than similar users on Hobbies ($0 vs peer avg $0/month).,Setting a monthly budget for Hobbies could bring your spend in line with peers.,"{'category': 'Hobbies', 'user_spend': np.float64(0.2272727272727272), 'peer_spend': np.float64(0.15), 'pct_above': 52}"
USR421oQ,budget_advice,personal,medium,Your Fitness spending spiked to 22.0x your usual amount in your highest month.,Consider a monthly cap on Fitness to avoid these irregular spikes.,"{'category': 'Fitness', 'spike_ratio': np.float64(22.0)}"
USR698Vo,budget_advice,peer,medium,You spend 120% more than similar users on Food ($0 vs peer avg $0/month).,Setting a monthly budget for Food could bring your spend in line with peers.,"{'category': 'Food', 'user_spend': np.float64(0.3), 'peer_spend': np.float64(0.1363636363636363), 'pct_above': 120}"
USR698Vo,budget_advice,personal,medium,Your Fitness spending spiked to 20.0x your usual amount in your highest month.,Consider a monthly cap on Fitness to avoid these irregular spikes.,"{'category': 'Fitness', 'spike_ratio': np.float64(20.0)}"
USR698Vo,behavioral_nudge,personal,low,59% of your total spend happens on weekends.,Weekend spending patterns often include more impulse purchases. Planning ahead could reduce costs.,"{'weekend_spend_pct': 59, 'weekend_spend': np.float64(7609.3), 'weekday_spend': np.float64(5197.12)}"
USR951HI,spending_warning,personal,high,You have 5 unusually large transactions compared to your own average.,Check these transactions — they are significantly larger than your typical spend.,{'large_transactions': 5}
USR951HI,budget_advice,peer,medium,You spend 115% more than similar users on Gifts ($0 vs peer avg $0/month).,Setting a monthly budget for Gifts could bring your spend in line with peers.,"{'category': 'Gifts', 'user_spend': np.float64(0.391304347826087), 'peer_spend': np.float64(0.1818181818181818), 'pct_above': 115}"
USR951HI,budget_advice,personal,medium,Your Friend Activities spending spiked to 15.3x your usual amount in your highest month.,Consider a monthly cap on Friend Activities to avoid these irregular spikes.,"{'category': 'Friend Activities', 'spike_ratio': np.float64(15.3)}"
USR951HI,behavioral_nudge,personal,low,56% of your total spend happens on weekends.,Weekend spending patterns often include more impulse purchases. Planning ahead could reduce costs.,"{'weekend_spend_pct': 56, 'weekend_spend': np.float64(13560.87), 'weekday_spend': np.float64(10518.45)}"
USR495Vi,budget_advice,peer,medium,You spend 227% more than similar users on Fitness ($0 vs peer avg $0/month).,Setting a monthly budget for Fitness could bring your spend in line with peers.,"{'category': 'Fitness', 'user_spend': np.float64(0.3636363636363636), 'peer_spend': np.float64(0.1111111111111111), 'pct_above': 227}"
USR495Vi,budget_advice,personal,medium,Your Medical/Dental spending spiked to 11.0x your usual amount in your highest month.,Consider a monthly cap on Medical/Dental to avoid these irregular spikes.,"{'category': 'Medical/Dental', 'spike_ratio': np.float64(11.0)}"
USR466ol,spending_warning,peer,medium,Your recent average spend ($693/txn) is 247% higher than similar users ($200/txn).,Consider whether your spending aligns with your financial goals.,"{'avg_amt_30d': np.float64(693.13), 'peer_avg': np.float64(200.0), 'pct_above': 247}"
USR466ol,budget_advice,peer,medium,You spend 425% more than similar users on Personal Hygiene ($0 vs peer avg $0/month).,Setting a monthly budget for Personal Hygiene could bring your spend in line with peers.,"{'category': 'Personal Hygiene', 'user_spend': np.float64(0.5), 'peer_spend': np.float64(0.0952380952380952), 'pct_above': 425}"
USR466ol,budget_advice,personal,medium,Your Food spending spiked to 18.0x your usual amount in your highest month.,Consider a monthly cap on Food to avoid these irregular spikes.,"{'category': 'Food', 'spike_ratio': np.float64(18.0)}"
USR298ko,budget_advice,peer,medium,You spend 173% more than similar users on Food ($0 vs peer avg $0/month).,Setting a monthly budget for Food could bring your spend in line with peers.,"{'category': 'Food', 'user_spend': np.float64(0.4), 'peer_spend': np.float64(0.1464285714285714), 'pct_above': 173}"
USR298ko,budget_advice,personal,medium,Your Friend Activities spending spiked to 20.0x your usual amount in your highest month.,Consider a monthly cap on Friend Activities to avoid these irregular spikes.,"{'category': 'Friend Activities', 'spike_ratio': np.float64(20.0)}"
USR914Gc,spending_warning,personal,high,Your average transaction amount this month ($29544) is 1424% above your usual average ($1939).,Review your recent transactions to identify what changed.,"{'avg_amt_30d': np.float64(29544.18333333333), 'all_time_avg': np.float64(1939.1251923076925), 'pct_above': 1424}"
USR914Gc,spending_warning,peer,medium,Your recent average spend ($29544/txn) is 4568% higher than similar users ($633/txn).,Consider whether your spending aligns with your financial goals.,"{'avg_amt_30d': np.float64(29544.18333333333), 'peer_avg': np.float64(632.9639999999999), 'pct_above': 4568}"
USR914Gc,budget_advice,peer,medium,You spend 247% more than similar users on Food ($0 vs peer avg $0/month).,Setting a monthly budget for Food could bring your spend in line with peers.,"{'category': 'Food', 'user_spend': np.float64(0.3157894736842105), 'peer_spend': np.float64(0.0909090909090909), 'pct_above': 247}"
USR914Gc,budget_advice,personal,medium,Your Hobbies spending spiked to 19.0x your usual amount in your highest month.,Consider a monthly cap on Hobbies to avoid these irregular spikes.,"{'category': 'Hobbies', 'spike_ratio': np.float64(19.0)}"
USR914Gc,behavioral_nudge,personal,low,90% of your total spend happens on weekends.,Weekend spending patterns often include more impulse purchases. Planning ahead could reduce costs.,"{'weekend_spend_pct': 90, 'weekend_spend': np.float64(90789.11), 'weekday_spend': np.float64(10045.4)}"
USR310Wm,budget_advice,peer,medium,You spend 112% more than similar users on Friend Activities ($0 vs peer avg $0/month).,Setting a monthly budget for Friend Activities could bring your spend in line with peers.,"{'category': 'Friend Activities', 'user_spend': np.float64(0.3181818181818182), 'peer_spend': np.float64(0.15), 'pct_above': 112}"
USR310Wm,budget_advice,personal,medium,Your Transportation spending spiked to 11.0x your usual amount in your highest month.,Consider a monthly cap on Transportation to avoid these irregular spikes.,"{'category': 'Transportation', 'spike_ratio': np.float64(11.0)}"
USR199CW,spending_warning,personal,high,You have 3 unusually large transactions compared to your own average.,Check these transactions — they are significantly larger than your typical spend.,{'large_transactions': 3}
USR199CW,budget_advice,peer,medium,You spend 50% more than similar users on Gifts ($0 vs peer avg $0/month).,Setting a monthly budget for Gifts could bring your spend in line with peers.,"{'category': 'Gifts', 'user_spend': np.float64(0.2727272727272727), 'peer_spend': np.float64(0.1818181818181818), 'pct_above': 50}"
USR199CW,budget_advice,personal,medium,Your Food spending spiked to 11.0x your usual amount in your highest month.,Consider a monthly cap on Food to avoid these irregular spikes.,"{'category': 'Food', 'spike_ratio': np.float64(11.0)}"
USR538ia,spending_warning,personal,high,Your average transaction amount this month ($695) is 134% above your usual average ($298).,Review your recent transactions to identify what changed.,"{'avg_amt_30d': np.float64(695.245), 'all_time_avg': np.float64(297.50131578947367), 'pct_above': 134}"
USR538ia,spending_warning,personal,high,You have 3 unusually large transactions compared to your own average.,Check these transactions — they are significantly larger than your typical spend.,{'large_transactions': 3}
USR538ia,spending_warning,peer,medium,Your recent average spend ($695/txn) is 147% higher than similar users ($281/txn).,Consider whether your spending aligns with your financial goals.,"{'avg_amt_30d': np.float64(695.245), 'peer_avg': np.float64(281.25750000000005), 'pct_above': 147}"
USR538ia,budget_advice,peer,medium,You spend 95% more than similar users on Housing and Utilities ($0 vs peer avg $0/month).,Setting a monthly budget for Housing and Utilities could bring your spend in line with peers.,"{'category': 'Housing and Utilities', 'user_spend': np.float64(0.3), 'peer_spend': np.float64(0.1539473684210526), 'pct_above': 95}"
USR538ia,budget_advice,personal,medium,Your Travel spending spiked to 20.0x your usual amount in your highest month.,Consider a monthly cap on Travel to avoid these irregular spikes.,"{'category': 'Travel', 'spike_ratio': np.float64(20.0)}"
USR272Ng,spending_warning,personal,high,You have 3 unusually large transactions compared to your own average.,Check these transactions — they are significantly larger than your typical spend.,{'large_transactions': 3}
USR272Ng,budget_advice,peer,medium,You spend 268% more than similar users on Personal Hygiene ($0 vs peer avg $0/month).,Setting a monthly budget for Personal Hygiene could bring your spend in line with peers.,"{'category': 'Personal Hygiene', 'user_spend': np.float64(0.35), 'peer_spend': np.float64(0.0952380952380952), 'pct_above': 268}"
USR272Ng,budget_advice,personal,medium,Your Fitness spending spiked to 20.0x your usual amount in your highest month.,Consider a monthly cap on Fitness to avoid these irregular spikes.,"{'category': 'Fitness', 'spike_ratio': np.float64(20.0)}"
USR757AI,budget_advice,peer,medium,You spend 53% more than similar users on Personal Hygiene ($0 vs peer avg $0/month).,Setting a monthly budget for Personal Hygiene could bring your spend in line with peers.,"{'category': 'Personal Hygiene', 'user_spend': np.float64(0.25), 'peer_spend': np.float64(0.1633333333333333), 'pct_above': 53}"
USR757AI,budget_advice,personal,medium,Your Fitness spending spiked to 20.0x your usual amount in your highest month.,Consider a monthly cap on Fitness to avoid these irregular spikes.,"{'category': 'Fitness', 'spike_ratio': np.float64(20.0)}"
USR895fU,budget_advice,peer,medium,You spend 37% more than similar users on Subscriptions ($0 vs peer avg $0/month).,Setting a monthly budget for Subscriptions could bring your spend in line with peers.,"{'category': 'Subscriptions', 'user_spend': np.float64(0.238095238095238), 'peer_spend': np.float64(0.1739130434782608), 'pct_above': 37}"
USR895fU,budget_advice,personal,medium,Your Housing and Utilities spending spiked to 21.0x your usual amount in your highest month.,Consider a monthly cap on Housing and Utilities to avoid these irregular spikes.,"{'category': 'Housing and Utilities', 'spike_ratio': np.float64(21.0)}"
USR009qR,spending_warning,personal,high,You have 4 unusually large transactions compared to your own average.,Check these transactions — they are significantly larger than your typical spend.,{'large_transactions': 4}
USR009qR,budget_advice,peer,medium,You spend 192% more than similar users on Housing and Utilities ($0 vs peer avg $0/month).,Setting a monthly budget for Housing and Utilities could bring your spend in line with peers.,"{'category': 'Housing and Utilities', 'user_spend': np.float64(0.2916666666666667), 'peer_spend': np.float64(0.1), 'pct_above': 192}"
USR009qR,budget_advice,personal,medium,Your Gifts spending spiked to 9.6x your usual amount in your highest month.,Consider a monthly cap on Gifts to avoid these irregular spikes.,"{'category': 'Gifts', 'spike_ratio': np.float64(9.6)}"
USR197Mx,budget_advice,peer,medium,You spend 95% more than similar users on Personal Hygiene ($0 vs peer avg $0/month).,Setting a monthly budget for Personal Hygiene could bring your spend in line with peers.,"{'category': 'Personal Hygiene', 'user_spend': np.float64(0.3181818181818182), 'peer_spend': np.float64(0.1633333333333333), 'pct_above': 95}"
USR197Mx,budget_advice,personal,medium,Your Gifts spending spiked to 22.0x your usual amount in your highest month.,Consider a monthly cap on Gifts to avoid these irregular spikes.,"{'category': 'Gifts', 'spike_ratio': np.float64(22.0)}"
USR197Mx,behavioral_nudge,personal,low,66% of your total spend happens on weekends.,Weekend spending patterns often include more impulse purchases. Planning ahead could reduce costs.,"{'weekend_spend_pct': 66, 'weekend_spend': np.float64(128769.61), 'weekday_spend': np.float64(65514.87)}"
USR926hk,spending_warning,personal,high,Your average transaction amount this month ($2381) is 388% above your usual average ($488).,Review your recent transactions to identify what changed.,"{'avg_amt_30d': np.float64(2380.965), 'all_time_avg': np.float64(488.014), 'pct_above': 388}"
USR926hk,spending_warning,personal,high,You have 3 unusually large transactions compared to your own average.,Check these transactions — they are significantly larger than your typical spend.,{'large_transactions': 3}
USR926hk,spending_warning,peer,medium,Your recent average spend ($2381/txn) is 747% higher than similar users ($281/txn).,Consider whether your spending aligns with your financial goals.,"{'avg_amt_30d': np.float64(2380.965), 'peer_avg': np.float64(281.25750000000005), 'pct_above': 747}"
USR926hk,budget_advice,peer,medium,You spend 74% more than similar users on Friend Activities ($0 vs peer avg $0/month).,Setting a monthly budget for Friend Activities could bring your spend in line with peers.,"{'category': 'Friend Activities', 'user_spend': np.float64(0.2608695652173913), 'peer_spend': np.float64(0.15), 'pct_above': 74}"
USR926hk,budget_advice,personal,medium,Your Food spending spiked to 23.0x your usual amount in your highest month.,Consider a monthly cap on Food to avoid these irregular spikes.,"{'category': 'Food', 'spike_ratio': np.float64(23.0)}"
USR832EJ,spending_warning,peer,medium,Your recent average spend ($449/txn) is 60% higher than similar users ($281/txn).,Consider whether your spending aligns with your financial goals.,"{'avg_amt_30d': np.float64(449.1950000000001), 'peer_avg': np.float64(281.25750000000005), 'pct_above': 60}"
USR832EJ,budget_advice,peer,medium,You spend 120% more than similar users on Fitness ($0 vs peer avg $0/month).,Setting a monthly budget for Fitness could bring your spend in line with peers.,"{'category': 'Fitness', 'user_spend': np.float64(0.4285714285714285), 'peer_spend': np.float64(0.1952380952380952), 'pct_above': 120}"
USR832EJ,budget_advice,personal,medium,Your Friend Activities spending spiked to 21.0x your usual amount in your highest month.,Consider a monthly cap on Friend Activities to avoid these irregular spikes.,"{'category': 'Friend Activities', 'spike_ratio': np.float64(21.0)}"
USR832EJ,behavioral_nudge,personal,low,56% of your total spend happens on weekends.,Weekend spending patterns often include more impulse purchases. Planning ahead could reduce costs.,"{'weekend_spend_pct': 56, 'weekend_spend': np.float64(83440.75), 'weekday_spend': np.float64(66055.64)}"
USR803YO,spending_warning,peer,medium,Your recent average spend ($431/txn) is 53% higher than similar users ($281/txn).,Consider whether your spending aligns with your financial goals.,"{'avg_amt_30d': np.float64(430.505), 'peer_avg': np.float64(281.25750000000005), 'pct_above': 53}"
USR803YO,budget_advice,peer,medium,You spend 206% more than similar users on Friend Activities ($0 vs peer avg $0/month).,Setting a monthly budget for Friend Activities could bring your spend in line with peers.,"{'category': 'Friend Activities', 'user_spend': np.float64(0.4583333333333333), 'peer_spend': np.float64(0.15), 'pct_above': 206}"
USR803YO,budget_advice,personal,medium,Your Transportation spending spiked to 24.0x your usual amount in your highest month.,Consider a monthly cap on Transportation to avoid these irregular spikes.,"{'category': 'Transportation', 'spike_ratio': np.float64(24.0)}"
USR803YO,behavioral_nudge,personal,low,93% of your total spend happens on weekends.,Weekend spending patterns often include more impulse purchases. Planning ahead could reduce costs.,"{'weekend_spend_pct': 93, 'weekend_spend': np.float64(143784.06), 'weekday_spend': np.float64(10761.1)}"
USR489hA,budget_advice,peer,medium,You spend 123% more than similar users on Transportation ($0 vs peer avg $0/month).,Setting a monthly budget for Transportation could bring your spend in line with peers.,"{'category': 'Transportation', 'user_spend': np.float64(0.3181818181818182), 'peer_spend': np.float64(0.1428571428571428), 'pct_above': 123}"
USR489hA,budget_advice,personal,medium,Your Fitness spending spiked to 7.3x your usual amount in your highest month.,Consider a monthly cap on Fitness to avoid these irregular spikes.,"{'category': 'Fitness', 'spike_ratio': np.float64(7.3)}"
USR489hA,behavioral_nudge,personal,low,94% of your total spend happens on weekends.,Weekend spending patterns often include more impulse purchases. Planning ahead could reduce costs.,"{'weekend_spend_pct': 94, 'weekend_spend': np.float64(173283.11), 'weekday_spend': np.float64(10179.0)}"
USR587rm,spending_warning,personal,high,You have 4 unusually large transactions compared to your own average.,Check these transactions — they are significantly larger than your typical spend.,{'large_transactions': 4}
USR587rm,budget_advice,peer,medium,You spend 95% more than similar users on Housing and Utilities ($0 vs peer avg $0/month).,Setting a monthly budget for Housing and Utilities could bring your spend in line with peers.,"{'category': 'Housing and Utilities', 'user_spend': np.float64(0.3), 'peer_spend': np.float64(0.1539473684210526), 'pct_above': 95}"
USR587rm,budget_advice,personal,medium,Your Food spending spiked to 20.0x your usual amount in your highest month.,Consider a monthly cap on Food to avoid these irregular spikes.,"{'category': 'Food', 'spike_ratio': np.float64(20.0)}"
USR103fp,budget_advice,peer,medium,You spend 567% more than similar users on Friend Activities ($0 vs peer avg $0/month).,Setting a monthly budget for Friend Activities could bring your spend in line with peers.,"{'category': 'Friend Activities', 'user_spend': np.float64(0.3333333333333333), 'peer_spend': np.float64(0.05), 'pct_above': 567}"
USR103fp,budget_advice,personal,medium,Your Personal Hygiene spending spiked to 24.0x your usual amount in your highest month.,Consider a monthly cap on Personal Hygiene to avoid these irregular spikes.,"{'category': 'Personal Hygiene', 'spike_ratio': np.float64(24.0)}"
USR710BJ,spending_warning,peer,medium,Your recent average spend ($449/txn) is 125% higher than similar users ($200/txn).,Consider whether your spending aligns with your financial goals.,"{'avg_amt_30d': np.float64(449.29), 'peer_avg': np.float64(200.0), 'pct_above': 125}"
USR710BJ,budget_advice,peer,medium,You spend 320% more than similar users on Friend Activities ($0 vs peer avg $0/month).,Setting a monthly budget for Friend Activities could bring your spend in line with peers.,"{'category': 'Friend Activities', 'user_spend': np.float64(0.4), 'peer_spend': np.float64(0.0952380952380952), 'pct_above': 320}"
USR710BJ,budget_advice,personal,medium,Your Fitness spending spiked to 20.0x your usual amount in your highest month.,Consider a monthly cap on Fitness to avoid these irregular spikes.,"{'category': 'Fitness', 'spike_ratio': np.float64(20.0)}"
USR964lF,spending_warning,personal,high,Your average transaction amount this month ($1320) is 183% above your usual average ($466).,Review your recent transactions to identify what changed.,"{'avg_amt_30d': np.float64(1319.7966666666666), 'all_time_avg': np.float64(466.3698245614036), 'pct_above': 183}"
USR964lF,spending_warning,personal,high,You have 4 unusually large transactions compared to your own average.,Check these transactions — they are significantly larger than your typical spend.,{'large_transactions': 4}
USR964lF,spending_warning,peer,medium,Your recent average spend ($1320/txn) is 560% higher than similar users ($200/txn).,Consider whether your spending aligns with your financial goals.,"{'avg_amt_30d': np.float64(1319.7966666666666), 'peer_avg': np.float64(200.0), 'pct_above': 560}"
USR964lF,budget_advice,peer,medium,You spend 309% more than similar users on Travel ($0 vs peer avg $0/month).,Setting a monthly budget for Travel could bring your spend in line with peers.,"{'category': 'Travel', 'user_spend': np.float64(0.4090909090909091), 'peer_spend': np.float64(0.1), 'pct_above': 309}"
USR964lF,budget_advice,personal,medium,Your Gifts spending spiked to 22.0x your usual amount in your highest month.,Consider a monthly cap on Gifts to avoid these irregular spikes.,"{'category': 'Gifts', 'spike_ratio': np.float64(22.0)}"
USR964lF,behavioral_nudge,personal,low,60% of your total spend happens on weekends.,Weekend spending patterns often include more impulse purchases. Planning ahead could reduce costs.,"{'weekend_spend_pct': 60, 'weekend_spend': np.float64(15859.68), 'weekday_spend': np.float64(10723.4)}"
USR901Hl,budget_advice,peer,medium,You spend 400% more than similar users on Travel ($0 vs peer avg $0/month).,Setting a monthly budget for Travel could bring your spend in line with peers.,"{'category': 'Travel', 'user_spend': np.float64(0.5), 'peer_spend': np.float64(0.1), 'pct_above': 400}"
USR901Hl,budget_advice,personal,medium,Your Friend Activities spending spiked to 18.0x your usual amount in your highest month.,Consider a monthly cap on Friend Activities to avoid these irregular spikes.,"{'category': 'Friend Activities', 'spike_ratio': np.float64(18.0)}"
USR901Hl,behavioral_nudge,personal,low,95% of your total spend happens on weekends.,Weekend spending patterns often include more impulse purchases. Planning ahead could reduce costs.,"{'weekend_spend_pct': 95, 'weekend_spend': np.float64(222584.67), 'weekday_spend': np.float64(12010.97)}"
USR157Ok,budget_advice,peer,medium,You spend 179% more than similar users on Food ($0 vs peer avg $0/month).,Setting a monthly budget for Food could bring your spend in line with peers.,"{'category': 'Food', 'user_spend': np.float64(0.3809523809523809), 'peer_spend': np.float64(0.1363636363636363), 'pct_above': 179}"
USR157Ok,budget_advice,personal,medium,Your Gifts spending spiked to 10.5x your usual amount in your highest month.,Consider a monthly cap on Gifts to avoid these irregular spikes.,"{'category': 'Gifts', 'spike_ratio': np.float64(10.5)}"
USR640RH,spending_warning,peer,medium,Your recent average spend ($984/txn) is 250% higher than similar users ($281/txn).,Consider whether your spending aligns with your financial goals.,"{'avg_amt_30d': np.float64(983.7366666666668), 'peer_avg': np.float64(281.25750000000005), 'pct_above': 250}"
USR640RH,budget_advice,peer,medium,You spend 186% more than similar users on Transportation ($0 vs peer avg $0/month).,Setting a monthly budget for Transportation could bring your spend in line with peers.,"{'category': 'Transportation', 'user_spend': np.float64(0.4090909090909091), 'peer_spend': np.float64(0.1428571428571428), 'pct_above': 186}"
USR640RH,budget_advice,personal,medium,Your Fitness spending spiked to 11.0x your usual amount in your highest month.,Consider a monthly cap on Fitness to avoid these irregular spikes.,"{'category': 'Fitness', 'spike_ratio': np.float64(11.0)}"
USR953VW,budget_advice,peer,medium,You spend 200% more than similar users on Friend Activities ($0 vs peer avg $0/month).,Setting a monthly budget for Friend Activities could bring your spend in line with peers.,"{'category': 'Friend Activities', 'user_spend': np.float64(0.2857142857142857), 'peer_spend': np.float64(0.0952380952380952), 'pct_above': 200}"
USR953VW,budget_advice,personal,medium,Your Personal Hygiene spending spiked to 21.0x your usual amount in your highest month.,Consider a monthly cap on Personal Hygiene to avoid these irregular spikes.,"{'category': 'Personal Hygiene', 'spike_ratio': np.float64(21.0)}"
USR953VW,behavioral_nudge,personal,low,72% of your total spend happens on weekends.,Weekend spending patterns often include more impulse purchases. Planning ahead could reduce costs.,"{'weekend_spend_pct': 72, 'weekend_spend': np.float64(101374.77), 'weekday_spend': np.float64(40254.04)}"
USR155Ld,spending_warning,personal,high,Your average transaction amount this month ($11535) is 131% above your usual average ($5003).,Review your recent transactions to identify what changed.,"{'avg_amt_30d': np.float64(11534.8725), 'all_time_avg': np.float64(5003.338837209302), 'pct_above': 131}"
USR155Ld,spending_warning,peer,medium,Your recent average spend ($11535/txn) is 4001% higher than similar users ($281/txn).,Consider whether your spending aligns with your financial goals.,"{'avg_amt_30d': np.float64(11534.8725), 'peer_avg': np.float64(281.25750000000005), 'pct_above': 4001}"
USR155Ld,budget_advice,peer,medium,You spend 40% more than similar users on Fitness ($0 vs peer avg $0/month).,Setting a monthly budget for Fitness could bring your spend in line with peers.,"{'category': 'Fitness', 'user_spend': np.float64(0.2727272727272727), 'peer_spend': np.float64(0.1952380952380952), 'pct_above': 40}"
USR155Ld,budget_advice,personal,medium,Your Travel spending spiked to 22.0x your usual amount in your highest month.,Consider a monthly cap on Travel to avoid these irregular spikes.,"{'category': 'Travel', 'spike_ratio': np.float64(22.0)}"
USR155Ld,behavioral_nudge,personal,low,77% of your total spend happens on weekends.,Weekend spending patterns often include more impulse purchases. Planning ahead could reduce costs.,"{'weekend_spend_pct': 77, 'weekend_spend': np.float64(164939.53), 'weekday_spend': np.float64(50204.04)}"
USR979Po,spending_warning,personal,high,Your average transaction amount this month ($870) is 252% above your usual average ($247).,Review your recent transactions to identify what changed.,"{'avg_amt_30d': np.float64(869.96), 'all_time_avg': np.float64(247.37727272727275), 'pct_above': 252}"
USR979Po,spending_warning,personal,high,You have 3 unusually large transactions compared to your own average.,Check these transactions — they are significantly larger than your typical spend.,{'large_transactions': 3}
USR979Po,spending_warning,peer,medium,Your recent average spend ($870/txn) is 335% higher than similar users ($200/txn).,Consider whether your spending aligns with your financial goals.,"{'avg_amt_30d': np.float64(869.96), 'peer_avg': np.float64(200.0), 'pct_above': 335}"
USR979Po,budget_advice,peer,medium,You spend 232% more than similar users on Fitness ($0 vs peer avg $0/month).,Setting a monthly budget for Fitness could bring your spend in line with peers.,"{'category': 'Fitness', 'user_spend': np.float64(0.3684210526315789), 'peer_spend': np.float64(0.1111111111111111), 'pct_above': 232}"
USR979Po,budget_advice,personal,medium,Your Housing and Utilities spending spiked to 19.0x your usual amount in your highest month.,Consider a monthly cap on Housing and Utilities to avoid these irregular spikes.,"{'category': 'Housing and Utilities', 'spike_ratio': np.float64(19.0)}"
USR977PC,budget_advice,peer,medium,You spend 144% more than similar users on Food ($0 vs peer avg $0/month).,Setting a monthly budget for Food could bring your spend in line with peers.,"{'category': 'Food', 'user_spend': np.float64(0.3333333333333333), 'peer_spend': np.float64(0.1363636363636363), 'pct_above': 144}"
USR977PC,budget_advice,personal,medium,Your Fitness spending spiked to 21.0x your usual amount in your highest month.,Consider a monthly cap on Fitness to avoid these irregular spikes.,"{'category': 'Fitness', 'spike_ratio': np.float64(21.0)}"
USR985cj,spending_warning,peer,medium,Your recent average spend ($702/txn) is 251% higher than similar users ($200/txn).,Consider whether your spending aligns with your financial goals.,"{'avg_amt_30d': np.float64(701.8466666666667), 'peer_avg': np.float64(200.0), 'pct_above': 251}"
USR985cj,budget_advice,peer,medium,You spend 192% more than similar users on Medical/Dental ($0 vs peer avg $0/month).,Setting a monthly budget for Medical/Dental could bring your spend in line with peers.,"{'category': 'Medical/Dental', 'user_spend': np.float64(0.2916666666666667), 'peer_spend': np.float64(0.1), 'pct_above': 192}"
USR985cj,budget_advice,personal,medium,Your Friend Activities spending spiked to 12.0x your usual amount in your highest month.,Consider a monthly cap on Friend Activities to avoid these irregular spikes.,"{'category': 'Friend Activities', 'spike_ratio': np.float64(12.0)}"
USR548Uw,spending_warning,peer,medium,Your recent average spend ($593/txn) is 196% higher than similar users ($200/txn).,Consider whether your spending aligns with your financial goals.,"{'avg_amt_30d': np.float64(592.735), 'peer_avg': np.float64(200.0), 'pct_above': 196}"
USR548Uw,budget_advice,peer,medium,You spend 320% more than similar users on Gifts ($0 vs peer avg $0/month).,Setting a monthly budget for Gifts could bring your spend in line with peers.,"{'category': 'Gifts', 'user_spend': np.float64(0.4), 'peer_spend': np.float64(0.0952380952380952), 'pct_above': 320}"
USR548Uw,budget_advice,personal,medium,Your Hobbies spending spiked to 20.0x your usual amount in your highest month.,Consider a monthly cap on Hobbies to avoid these irregular spikes.,"{'category': 'Hobbies', 'spike_ratio': np.float64(20.0)}"
USR321bf,spending_warning,personal,high,You have 6 unusually large transactions compared to your own average.,Check these transactions — they are significantly larger than your typical spend.,{'large_transactions': 6}
USR321bf,budget_advice,peer,medium,You spend 268% more than similar users on Personal Hygiene ($0 vs peer avg $0/month).,Setting a monthly budget for Personal Hygiene could bring your spend in line with peers.,"{'category': 'Personal Hygiene', 'user_spend': np.float64(0.35), 'peer_spend': np.float64(0.0952380952380952), 'pct_above': 268}"
USR321bf,budget_advice,personal,medium,Your Travel spending spiked to 20.0x your usual amount in your highest month.,Consider a monthly cap on Travel to avoid these irregular spikes.,"{'category': 'Travel', 'spike_ratio': np.float64(20.0)}"
USR329IV,spending_warning,personal,high,You have 24 unusually large transactions compared to your own average.,Check these transactions — they are significantly larger than your typical spend.,{'large_transactions': 24}
USR329IV,savings_suggestion,personal,high,Your current balance is low ($110.00).,Consider reducing discretionary spending this month to build a buffer.,{'current_balance': np.float64(110.0)}
USR329IV,budget_advice,peer,medium,You spend 2012% more than similar users on Transportation ($3 vs peer avg $0/month).,Setting a monthly budget for Transportation could bring your spend in line with peers.,"{'category': 'Transportation', 'user_spend': np.float64(2.88), 'peer_spend': np.float64(0.1363636363636363), 'pct_above': 2012}"
USR470Uv,behavioral_nudge,peer,low,You shop at 0 unique merchants — similar users visit 0 on average.,You may be overly concentrated with a few merchants. Exploring alternatives could save money.,"{'user_diversity': 0, 'peer_diversity': 0}"
USR557Nb,spending_warning,peer,medium,Your recent average spend ($1000/txn) is 400% higher than similar users ($200/txn).,Consider whether your spending aligns with your financial goals.,"{'avg_amt_30d': np.float64(1000.0), 'peer_avg': np.float64(200.0), 'pct_above': 400}"
USR888CC,budget_advice,peer,medium,You spend 630% more than similar users on Fitness ($2 vs peer avg $0/month).,Setting a monthly budget for Fitness could bring your spend in line with peers.,"{'category': 'Fitness', 'user_spend': np.float64(1.92), 'peer_spend': np.float64(0.2631578947368421), 'pct_above': 630}"
USR888CC,behavioral_nudge,peer,low,You shop at 0 unique merchants — similar users visit 0 on average.,You may be overly concentrated with a few merchants. Exploring alternatives could save money.,"{'user_diversity': 0, 'peer_diversity': 0}"
USR101Ec,spending_warning,peer,medium,Your recent average spend ($5850/txn) is 2825% higher than similar users ($200/txn).,Consider whether your spending aligns with your financial goals.,"{'avg_amt_30d': np.float64(5850.0), 'peer_avg': np.float64(200.0), 'pct_above': 2825}"
USR542rd,spending_warning,personal,high,You have 24 unusually large transactions compared to your own average.,Check these transactions — they are significantly larger than your typical spend.,{'large_transactions': 24}
USR542rd,savings_suggestion,personal,high,Your current balance is low ($110.00).,Consider reducing discretionary spending this month to build a buffer.,{'current_balance': np.float64(110.0)}
USR542rd,budget_advice,peer,medium,You spend 2012% more than similar users on Transportation ($3 vs peer avg $0/month).,Setting a monthly budget for Transportation could bring your spend in line with peers.,"{'category': 'Transportation', 'user_spend': np.float64(2.88), 'peer_spend': np.float64(0.1363636363636363), 'pct_above': 2012}"
USR628FF,behavioral_nudge,peer,low,You shop at 0 unique merchants — similar users visit 0 on average.,You may be overly concentrated with a few merchants. Exploring alternatives could save money.,"{'user_diversity': 0, 'peer_diversity': 0}"
USR981sU,spending_warning,peer,medium,Your recent average spend ($1000/txn) is 400% higher than similar users ($200/txn).,Consider whether your spending aligns with your financial goals.,"{'avg_amt_30d': np.float64(1000.0), 'peer_avg': np.float64(200.0), 'pct_above': 400}"
USR138nO,budget_advice,peer,medium,You spend 630% more than similar users on Fitness ($2 vs peer avg $0/month).,Setting a monthly budget for Fitness could bring your spend in line with peers.,"{'category': 'Fitness', 'user_spend': np.float64(1.92), 'peer_spend': np.float64(0.2631578947368421), 'pct_above': 630}"
USR138nO,behavioral_nudge,peer,low,You shop at 0 unique merchants — similar users visit 0 on average.,You may be overly concentrated with a few merchants. Exploring alternatives could save money.,"{'user_diversity': 0, 'peer_diversity': 0}"
USR352dx,spending_warning,peer,medium,Your recent average spend ($5850/txn) is 2825% higher than similar users ($200/txn).,Consider whether your spending aligns with your financial goals.,"{'avg_amt_30d': np.float64(5850.0), 'peer_avg': np.float64(200.0), 'pct_above': 2825}"
USR761gu,spending_warning,personal,high,You have 24 unusually large transactions compared to your own average.,Check these transactions — they are significantly larger than your typical spend.,{'large_transactions': 24}
USR761gu,savings_suggestion,personal,high,Your current balance is low ($110.00).,Consider reducing discretionary spending this month to build a buffer.,{'current_balance': np.float64(110.0)}
USR761gu,budget_advice,peer,medium,You spend 2012% more than similar users on Transportation ($3 vs peer avg $0/month).,Setting a monthly budget for Transportation could bring your spend in line with peers.,"{'category': 'Transportation', 'user_spend': np.float64(2.88), 'peer_spend': np.float64(0.1363636363636363), 'pct_above': 2012}"
USR940yP,behavioral_nudge,peer,low,You shop at 0 unique merchants — similar users visit 0 on average.,You may be overly concentrated with a few merchants. Exploring alternatives could save money.,"{'user_diversity': 0, 'peer_diversity': 0}"
USR721Sq,spending_warning,peer,medium,Your recent average spend ($1000/txn) is 400% higher than similar users ($200/txn).,Consider whether your spending aligns with your financial goals.,"{'avg_amt_30d': np.float64(1000.0), 'peer_avg': np.float64(200.0), 'pct_above': 400}"
USR051Ap,budget_advice,peer,medium,You spend 630% more than similar users on Fitness ($2 vs peer avg $0/month).,Setting a monthly budget for Fitness could bring your spend in line with peers.,"{'category': 'Fitness', 'user_spend': np.float64(1.92), 'peer_spend': np.float64(0.2631578947368421), 'pct_above': 630}"
USR051Ap,behavioral_nudge,peer,low,You shop at 0 unique merchants — similar users visit 0 on average.,You may be overly concentrated with a few merchants. Exploring alternatives could save money.,"{'user_diversity': 0, 'peer_diversity': 0}"
USR525bL,spending_warning,peer,medium,Your recent average spend ($5850/txn) is 2825% higher than similar users ($200/txn).,Consider whether your spending aligns with your financial goals.,"{'avg_amt_30d': np.float64(5850.0), 'peer_avg': np.float64(200.0), 'pct_above': 2825}"
USR398kh,spending_warning,personal,high,You have 24 unusually large transactions compared to your own average.,Check these transactions — they are significantly larger than your typical spend.,{'large_transactions': 24}
USR398kh,savings_suggestion,personal,high,Your current balance is low ($110.00).,Consider reducing discretionary spending this month to build a buffer.,{'current_balance': np.float64(110.0)}
USR398kh,budget_advice,peer,medium,You spend 2012% more than similar users on Transportation ($3 vs peer avg $0/month).,Setting a monthly budget for Transportation could bring your spend in line with peers.,"{'category': 'Transportation', 'user_spend': np.float64(2.88), 'peer_spend': np.float64(0.1363636363636363), 'pct_above': 2012}"
USR986Sg,behavioral_nudge,peer,low,You shop at 0 unique merchants — similar users visit 0 on average.,You may be overly concentrated with a few merchants. Exploring alternatives could save money.,"{'user_diversity': 0, 'peer_diversity': 0}"
USR272FG,spending_warning,peer,medium,Your recent average spend ($1000/txn) is 400% higher than similar users ($200/txn).,Consider whether your spending aligns with your financial goals.,"{'avg_amt_30d': np.float64(1000.0), 'peer_avg': np.float64(200.0), 'pct_above': 400}"
USR907oy,budget_advice,peer,medium,You spend 630% more than similar users on Fitness ($2 vs peer avg $0/month).,Setting a monthly budget for Fitness could bring your spend in line with peers.,"{'category': 'Fitness', 'user_spend': np.float64(1.92), 'peer_spend': np.float64(0.2631578947368421), 'pct_above': 630}"
USR907oy,behavioral_nudge,peer,low,You shop at 0 unique merchants — similar users visit 0 on average.,You may be overly concentrated with a few merchants. Exploring alternatives could save money.,"{'user_diversity': 0, 'peer_diversity': 0}"
USR678LY,spending_warning,peer,medium,Your recent average spend ($5850/txn) is 2825% higher than similar users ($200/txn).,Consider whether your spending aligns with your financial goals.,"{'avg_amt_30d': np.float64(5850.0), 'peer_avg': np.float64(200.0), 'pct_above': 2825}"
USR340wo,spending_warning,personal,high,You have 14 unusually large transactions compared to your own average.,Check these transactions — they are significantly larger than your typical spend.,{'large_transactions': 14}
USR340wo,savings_suggestion,personal,high,Your current balance is low ($110.00).,Consider reducing discretionary spending this month to build a buffer.,{'current_balance': np.float64(110.0)}
USR471zI,behavioral_nudge,personal,low,100% of your total spend happens on weekends.,Weekend spending patterns often include more impulse purchases. Planning ahead could reduce costs.,"{'weekend_spend_pct': 100, 'weekend_spend': np.float64(4.22), 'weekday_spend': np.float64(0.0)}"
USR514Mj,spending_warning,peer,medium,Your recent average spend ($1000/txn) is 400% higher than similar users ($200/txn).,Consider whether your spending aligns with your financial goals.,"{'avg_amt_30d': np.float64(1000.0), 'peer_avg': np.float64(200.0), 'pct_above': 400}"
USR486wN,budget_advice,peer,medium,You spend 280% more than similar users on Transportation ($1 vs peer avg $0/month).,Setting a monthly budget for Transportation could bring your spend in line with peers.,"{'category': 'Transportation', 'user_spend': np.float64(1.0), 'peer_spend': np.float64(0.2631578947368421), 'pct_above': 280}"
USR844Zm,spending_warning,personal,high,You have 24 unusually large transactions compared to your own average.,Check these transactions — they are significantly larger than your typical spend.,{'large_transactions': 24}
USR844Zm,savings_suggestion,personal,high,Your current balance is low ($110.00).,Consider reducing discretionary spending this month to build a buffer.,{'current_balance': np.float64(110.0)}
USR844Zm,budget_advice,peer,medium,You spend 2012% more than similar users on Transportation ($3 vs peer avg $0/month).,Setting a monthly budget for Transportation could bring your spend in line with peers.,"{'category': 'Transportation', 'user_spend': np.float64(2.88), 'peer_spend': np.float64(0.1363636363636363), 'pct_above': 2012}"
USR001ul,behavioral_nudge,peer,low,You shop at 0 unique merchants — similar users visit 0 on average.,You may be overly concentrated with a few merchants. Exploring alternatives could save money.,"{'user_diversity': 0, 'peer_diversity': 0}"
USR333eC,spending_warning,peer,medium,Your recent average spend ($1000/txn) is 400% higher than similar users ($200/txn).,Consider whether your spending aligns with your financial goals.,"{'avg_amt_30d': np.float64(1000.0), 'peer_avg': np.float64(200.0), 'pct_above': 400}"
USR964ub,budget_advice,peer,medium,You spend 630% more than similar users on Fitness ($2 vs peer avg $0/month).,Setting a monthly budget for Fitness could bring your spend in line with peers.,"{'category': 'Fitness', 'user_spend': np.float64(1.92), 'peer_spend': np.float64(0.2631578947368421), 'pct_above': 630}"
USR964ub,behavioral_nudge,peer,low,You shop at 0 unique merchants — similar users visit 0 on average.,You may be overly concentrated with a few merchants. Exploring alternatives could save money.,"{'user_diversity': 0, 'peer_diversity': 0}"
USR827NH,spending_warning,peer,medium,Your recent average spend ($5850/txn) is 2825% higher than similar users ($200/txn).,Consider whether your spending aligns with your financial goals.,"{'avg_amt_30d': np.float64(5850.0), 'peer_avg': np.float64(200.0), 'pct_above': 2825}"
USR264Ys,spending_warning,personal,high,You have 24 unusually large transactions compared to your own average.,Check these transactions — they are significantly larger than your typical spend.,{'large_transactions': 24}
USR264Ys,savings_suggestion,personal,high,Your current balance is low ($110.00).,Consider reducing discretionary spending this month to build a buffer.,{'current_balance': np.float64(110.0)}
USR264Ys,budget_advice,peer,medium,You spend 2012% more than similar users on Transportation ($3 vs peer avg $0/month).,Setting a monthly budget for Transportation could bring your spend in line with peers.,"{'category': 'Transportation', 'user_spend': np.float64(2.88), 'peer_spend': np.float64(0.1363636363636363), 'pct_above': 2012}"
USR263pz,behavioral_nudge,peer,low,You shop at 0 unique merchants — similar users visit 0 on average.,You may be overly concentrated with a few merchants. Exploring alternatives could save money.,"{'user_diversity': 0, 'peer_diversity': 0}"
USR840Il,spending_warning,peer,medium,Your recent average spend ($1000/txn) is 400% higher than similar users ($200/txn).,Consider whether your spending aligns with your financial goals.,"{'avg_amt_30d': np.float64(1000.0), 'peer_avg': np.float64(200.0), 'pct_above': 400}"
USR950fn,budget_advice,peer,medium,You spend 630% more than similar users on Fitness ($2 vs peer avg $0/month).,Setting a monthly budget for Fitness could bring your spend in line with peers.,"{'category': 'Fitness', 'user_spend': np.float64(1.92), 'peer_spend': np.float64(0.2631578947368421), 'pct_above': 630}"
USR950fn,behavioral_nudge,peer,low,You shop at 0 unique merchants — similar users visit 0 on average.,You may be overly concentrated with a few merchants. Exploring alternatives could save money.,"{'user_diversity': 0, 'peer_diversity': 0}"
USR562FO,spending_warning,peer,medium,Your recent average spend ($5850/txn) is 2825% higher than similar users ($200/txn).,Consider whether your spending aligns with your financial goals.,"{'avg_amt_30d': np.float64(5850.0), 'peer_avg': np.float64(200.0), 'pct_above': 2825}"
USR869qe,spending_warning,personal,high,You have 14 unusually large transactions compared to your own average.,Check these transactions — they are significantly larger than your typical spend.,{'large_transactions': 14}
USR869qe,savings_suggestion,personal,high,Your current balance is low ($110.00).,Consider reducing discretionary spending this month to build a buffer.,{'current_balance': np.float64(110.0)}
USR024KD,behavioral_nudge,personal,low,100% of your total spend happens on weekends.,Weekend spending patterns often include more impulse purchases. Planning ahead could reduce costs.,"{'weekend_spend_pct': 100, 'weekend_spend': np.float64(4.22), 'weekday_spend': np.float64(0.0)}"
USR661QD,spending_warning,peer,medium,Your recent average spend ($1000/txn) is 400% higher than similar users ($200/txn).,Consider whether your spending aligns with your financial goals.,"{'avg_amt_30d': np.float64(1000.0), 'peer_avg': np.float64(200.0), 'pct_above': 400}"
USR006To,budget_advice,peer,medium,You spend 280% more than similar users on Transportation ($1 vs peer avg $0/month).,Setting a monthly budget for Transportation could bring your spend in line with peers.,"{'category': 'Transportation', 'user_spend': np.float64(1.0), 'peer_spend': np.float64(0.2631578947368421), 'pct_above': 280}"
USR273gg,spending_warning,personal,high,You have 24 unusually large transactions compared to your own average.,Check these transactions — they are significantly larger than your typical spend.,{'large_transactions': 24}
USR273gg,savings_suggestion,personal,high,Your current balance is low ($110.00).,Consider reducing discretionary spending this month to build a buffer.,{'current_balance': np.float64(110.0)}
USR273gg,budget_advice,peer,medium,You spend 2012% more than similar users on Transportation ($3 vs peer avg $0/month).,Setting a monthly budget for Transportation could bring your spend in line with peers.,"{'category': 'Transportation', 'user_spend': np.float64(2.88), 'peer_spend': np.float64(0.1363636363636363), 'pct_above': 2012}"
USR507pL,behavioral_nudge,peer,low,You shop at 0 unique merchants — similar users visit 0 on average.,You may be overly concentrated with a few merchants. Exploring alternatives could save money.,"{'user_diversity': 0, 'peer_diversity': 0}"
USR305BD,spending_warning,peer,medium,Your recent average spend ($1000/txn) is 400% higher than similar users ($200/txn).,Consider whether your spending aligns with your financial goals.,"{'avg_amt_30d': np.float64(1000.0), 'peer_avg': np.float64(200.0), 'pct_above': 400}"
USR002SI,budget_advice,peer,medium,You spend 630% more than similar users on Fitness ($2 vs peer avg $0/month).,Setting a monthly budget for Fitness could bring your spend in line with peers.,"{'category': 'Fitness', 'user_spend': np.float64(1.92), 'peer_spend': np.float64(0.2631578947368421), 'pct_above': 630}"
USR002SI,behavioral_nudge,peer,low,You shop at 0 unique merchants — similar users visit 0 on average.,You may be overly concentrated with a few merchants. Exploring alternatives could save money.,"{'user_diversity': 0, 'peer_diversity': 0}"
USR718AA,spending_warning,peer,medium,Your recent average spend ($5850/txn) is 2825% higher than similar users ($200/txn).,Consider whether your spending aligns with your financial goals.,"{'avg_amt_30d': np.float64(5850.0), 'peer_avg': np.float64(200.0), 'pct_above': 2825}"
USR101Wd,spending_warning,personal,high,You have 24 unusually large transactions compared to your own average.,Check these transactions — they are significantly larger than your typical spend.,{'large_transactions': 24}
USR101Wd,savings_suggestion,personal,high,Your current balance is low ($110.00).,Consider reducing discretionary spending this month to build a buffer.,{'current_balance': np.float64(110.0)}
USR101Wd,budget_advice,peer,medium,You spend 2012% more than similar users on Transportation ($3 vs peer avg $0/month).,Setting a monthly budget for Transportation could bring your spend in line with peers.,"{'category': 'Transportation', 'user_spend': np.float64(2.88), 'peer_spend': np.float64(0.1363636363636363), 'pct_above': 2012}"
USR926eP,behavioral_nudge,peer,low,You shop at 0 unique merchants — similar users visit 0 on average.,You may be overly concentrated with a few merchants. Exploring alternatives could save money.,"{'user_diversity': 0, 'peer_diversity': 0}"
USR671AL,spending_warning,peer,medium,Your recent average spend ($1000/txn) is 400% higher than similar users ($200/txn).,Consider whether your spending aligns with your financial goals.,"{'avg_amt_30d': np.float64(1000.0), 'peer_avg': np.float64(200.0), 'pct_above': 400}"
USR032gM,budget_advice,peer,medium,You spend 630% more than similar users on Fitness ($2 vs peer avg $0/month).,Setting a monthly budget for Fitness could bring your spend in line with peers.,"{'category': 'Fitness', 'user_spend': np.float64(1.92), 'peer_spend': np.float64(0.2631578947368421), 'pct_above': 630}"
USR032gM,behavioral_nudge,peer,low,You shop at 0 unique merchants — similar users visit 0 on average.,You may be overly concentrated with a few merchants. Exploring alternatives could save money.,"{'user_diversity': 0, 'peer_diversity': 0}"
USR510PJ,spending_warning,peer,medium,Your recent average spend ($5850/txn) is 2825% higher than similar users ($200/txn).,Consider whether your spending aligns with your financial goals.,"{'avg_amt_30d': np.float64(5850.0), 'peer_avg': np.float64(200.0), 'pct_above': 2825}"
USR888gq,spending_warning,personal,high,You have 24 unusually large transactions compared to your own average.,Check these transactions — they are significantly larger than your typical spend.,{'large_transactions': 24}
USR888gq,savings_suggestion,personal,high,Your current balance is low ($110.00).,Consider reducing discretionary spending this month to build a buffer.,{'current_balance': np.float64(110.0)}
USR888gq,budget_advice,peer,medium,You spend 2012% more than similar users on Transportation ($3 vs peer avg $0/month).,Setting a monthly budget for Transportation could bring your spend in line with peers.,"{'category': 'Transportation', 'user_spend': np.float64(2.88), 'peer_spend': np.float64(0.1363636363636363), 'pct_above': 2012}"
USR594QR,behavioral_nudge,peer,low,You shop at 0 unique merchants — similar users visit 0 on average.,You may be overly concentrated with a few merchants. Exploring alternatives could save money.,"{'user_diversity': 0, 'peer_diversity': 0}"
USR724hb,spending_warning,peer,medium,Your recent average spend ($1000/txn) is 400% higher than similar users ($200/txn).,Consider whether your spending aligns with your financial goals.,"{'avg_amt_30d': np.float64(1000.0), 'peer_avg': np.float64(200.0), 'pct_above': 400}"
USR298fI,budget_advice,peer,medium,You spend 630% more than similar users on Fitness ($2 vs peer avg $0/month).,Setting a monthly budget for Fitness could bring your spend in line with peers.,"{'category': 'Fitness', 'user_spend': np.float64(1.92), 'peer_spend': np.float64(0.2631578947368421), 'pct_above': 630}"
USR298fI,behavioral_nudge,peer,low,You shop at 0 unique merchants — similar users visit 0 on average.,You may be overly concentrated with a few merchants. Exploring alternatives could save money.,"{'user_diversity': 0, 'peer_diversity': 0}"
USR365gu,spending_warning,peer,medium,Your recent average spend ($5850/txn) is 2825% higher than similar users ($200/txn).,Consider whether your spending aligns with your financial goals.,"{'avg_amt_30d': np.float64(5850.0), 'peer_avg': np.float64(200.0), 'pct_above': 2825}"
USR174bk,spending_warning,personal,high,You have 24 unusually large transactions compared to your own average.,Check these transactions — they are significantly larger than your typical spend.,{'large_transactions': 24}
USR174bk,savings_suggestion,personal,high,Your current balance is low ($110.00).,Consider reducing discretionary spending this month to build a buffer.,{'current_balance': np.float64(110.0)}
USR174bk,budget_advice,peer,medium,You spend 2012% more than similar users on Transportation ($3 vs peer avg $0/month).,Setting a monthly budget for Transportation could bring your spend in line with peers.,"{'category': 'Transportation', 'user_spend': np.float64(2.88), 'peer_spend': np.float64(0.1363636363636363), 'pct_above': 2012}"
USR673Ud,behavioral_nudge,peer,low,You shop at 0 unique merchants — similar users visit 0 on average.,You may be overly concentrated with a few merchants. Exploring alternatives could save money.,"{'user_diversity': 0, 'peer_diversity': 0}"
USR554bC,spending_warning,peer,medium,Your recent average spend ($1000/txn) is 400% higher than similar users ($200/txn).,Consider whether your spending aligns with your financial goals.,"{'avg_amt_30d': np.float64(1000.0), 'peer_avg': np.float64(200.0), 'pct_above': 400}"
USR530Nq,budget_advice,peer,medium,You spend 630% more than similar users on Fitness ($2 vs peer avg $0/month).,Setting a monthly budget for Fitness could bring your spend in line with peers.,"{'category': 'Fitness', 'user_spend': np.float64(1.92), 'peer_spend': np.float64(0.2631578947368421), 'pct_above': 630}"
USR530Nq,behavioral_nudge,peer,low,You shop at 0 unique merchants — similar users visit 0 on average.,You may be overly concentrated with a few merchants. Exploring alternatives could save money.,"{'user_diversity': 0, 'peer_diversity': 0}"
USR451il,spending_warning,peer,medium,Your recent average spend ($5850/txn) is 2825% higher than similar users ($200/txn).,Consider whether your spending aligns with your financial goals.,"{'avg_amt_30d': np.float64(5850.0), 'peer_avg': np.float64(200.0), 'pct_above': 2825}"
USR017aL,spending_warning,personal,high,You have 24 unusually large transactions compared to your own average.,Check these transactions — they are significantly larger than your typical spend.,{'large_transactions': 24}
USR017aL,savings_suggestion,personal,high,Your current balance is low ($110.00).,Consider reducing discretionary spending this month to build a buffer.,{'current_balance': np.float64(110.0)}
USR017aL,budget_advice,peer,medium,You spend 2012% more than similar users on Transportation ($3 vs peer avg $0/month).,Setting a monthly budget for Transportation could bring your spend in line with peers.,"{'category': 'Transportation', 'user_spend': np.float64(2.88), 'peer_spend': np.float64(0.1363636363636363), 'pct_above': 2012}"
USR087Jg,behavioral_nudge,peer,low,You shop at 0 unique merchants — similar users visit 0 on average.,You may be overly concentrated with a few merchants. Exploring alternatives could save money.,"{'user_diversity': 0, 'peer_diversity': 0}"
USR116fM,spending_warning,peer,medium,Your recent average spend ($1000/txn) is 400% higher than similar users ($200/txn).,Consider whether your spending aligns with your financial goals.,"{'avg_amt_30d': np.float64(1000.0), 'peer_avg': np.float64(200.0), 'pct_above': 400}"
USR104pB,budget_advice,peer,medium,You spend 630% more than similar users on Fitness ($2 vs peer avg $0/month).,Setting a monthly budget for Fitness could bring your spend in line with peers.,"{'category': 'Fitness', 'user_spend': np.float64(1.92), 'peer_spend': np.float64(0.2631578947368421), 'pct_above': 630}"
USR104pB,behavioral_nudge,peer,low,You shop at 0 unique merchants — similar users visit 0 on average.,You may be overly concentrated with a few merchants. Exploring alternatives could save money.,"{'user_diversity': 0, 'peer_diversity': 0}"
USR799Rk,spending_warning,peer,medium,Your recent average spend ($5850/txn) is 2825% higher than similar users ($200/txn).,Consider whether your spending aligns with your financial goals.,"{'avg_amt_30d': np.float64(5850.0), 'peer_avg': np.float64(200.0), 'pct_above': 2825}"
USR398Px,spending_warning,personal,high,You have 120 unusually large transactions compared to your own average.,Check these transactions — they are significantly larger than your typical spend.,{'large_transactions': 120}
USR398Px,budget_advice,peer,medium,You spend 2286% more than similar users on Transportation ($6 vs peer avg $0/month).,Setting a monthly budget for Transportation could bring your spend in line with peers.,"{'category': 'Transportation', 'user_spend': np.float64(6.28), 'peer_spend': np.float64(0.2631578947368421), 'pct_above': 2286}"
USR398Px,budget_advice,personal,medium,Your Fitness spending spiked to 16.7x your usual amount in your highest month.,Consider a monthly cap on Fitness to avoid these irregular spikes.,"{'category': 'Fitness', 'spike_ratio': np.float64(16.7)}"
USR149Et,spending_warning,personal,high,You have 109 unusually large transactions compared to your own average.,Check these transactions — they are significantly larger than your typical spend.,{'large_transactions': 109}
USR149Et,budget_advice,personal,medium,Your Travel spending spiked to 6.5x your usual amount in your highest month.,Consider a monthly cap on Travel to avoid these irregular spikes.,"{'category': 'Travel', 'spike_ratio': np.float64(6.5)}"
USR342cz,spending_warning,personal,high,You have 73 unusually large transactions compared to your own average.,Check these transactions — they are significantly larger than your typical spend.,{'large_transactions': 73}
USR342cz,budget_advice,personal,medium,Your Travel spending spiked to 3.7x your usual amount in your highest month.,Consider a monthly cap on Travel to avoid these irregular spikes.,"{'category': 'Travel', 'spike_ratio': np.float64(3.7)}"
USR739UP,spending_warning,personal,high,You have 911 unusually large transactions compared to your own average.,Check these transactions — they are significantly larger than your typical spend.,{'large_transactions': 911}
USR739UP,budget_advice,personal,medium,Your Medical/Dental spending spiked to 28.0x your usual amount in your highest month.,Consider a monthly cap on Medical/Dental to avoid these irregular spikes.,"{'category': 'Medical/Dental', 'spike_ratio': np.float64(28.0)}"
USR739UP,behavioral_nudge,peer,low,You shop at 0 unique merchants — similar users visit 0 on average.,You may be overly concentrated with a few merchants. Exploring alternatives could save money.,"{'user_diversity': 0, 'peer_diversity': 0}"
USR354Rs,spending_warning,model,high,Our anomaly detection model flagged your account (score: 42/100).,Review your recent transactions for any unusual or unrecognised activity.,{'anomaly_score': 41.73}
USR354Rs,spending_warning,peer,medium,Your recent average spend ($1017/txn) is 61% higher than similar users ($633/txn).,Consider whether your spending aligns with your financial goals.,"{'avg_amt_30d': np.float64(1016.6666666666666), 'peer_avg': np.float64(632.9639999999999), 'pct_above': 61}"
USR698Qr,spending_warning,personal,high,You have 93 unusually large transactions compared to your own average.,Check these transactions — they are significantly larger than your typical spend.,{'large_transactions': 93}
USR227ai,spending_warning,personal,high,You have 77 unusually large transactions compared to your own average.,Check these transactions — they are significantly larger than your typical spend.,{'large_transactions': 77}
USR227ai,budget_advice,personal,medium,Your Transportation spending spiked to 2.2x your usual amount in your highest month.,Consider a monthly cap on Transportation to avoid these irregular spikes.,"{'category': 'Transportation', 'spike_ratio': np.float64(2.2)}"
USR592MJ,spending_warning,personal,high,You have 75 unusually large transactions compared to your own average.,Check these transactions — they are significantly larger than your typical spend.,{'large_transactions': 75}
USR163vx,savings_suggestion,personal,high,Your current balance is low ($100.02).,Consider reducing discretionary spending this month to build a buffer.,{'current_balance': np.float64(100.02)}
USR163vx,spending_warning,model,high,Our anomaly detection model flagged your account (score: 41/100).,Review your recent transactions for any unusual or unrecognised activity.,{'anomaly_score': 41.14}
USR970wx,spending_warning,model,high,Our anomaly detection model flagged your account (score: 75/100).,Review your recent transactions for any unusual or unrecognised activity.,{'anomaly_score': 74.58}
USR000Ux,spending_warning,peer,medium,Your recent average spend ($2000/txn) is 900% higher than similar users ($200/txn).,Consider whether your spending aligns with your financial goals.,"{'avg_amt_30d': np.float64(2000.0), 'peer_avg': np.float64(200.0), 'pct_above': 900}"
USR149vb,spending_warning,personal,high,You have 74 unusually large transactions compared to your own average.,Check these transactions — they are significantly larger than your typical spend.,{'large_transactions': 74}
USR149vb,budget_advice,personal,medium,Your Medical/Dental spending spiked to 2.2x your usual amount in your highest month.,Consider a monthly cap on Medical/Dental to avoid these irregular spikes.,"{'category': 'Medical/Dental', 'spike_ratio': np.float64(2.2)}"
USR208yg,spending_warning,personal,high,You have 76 unusually large transactions compared to your own average.,Check these transactions — they are significantly larger than your typical spend.,{'large_transactions': 76}
USR980UY,spending_warning,personal,high,You have 19 unusually large transactions compared to your own average.,Check these transactions — they are significantly larger than your typical spend.,{'large_transactions': 19}
USR980UY,spending_warning,peer,medium,Your recent average spend ($533/txn) is 90% higher than similar users ($281/txn).,Consider whether your spending aligns with your financial goals.,"{'avg_amt_30d': np.float64(533.4416666666667), 'peer_avg': np.float64(281.25750000000005), 'pct_above': 90}"
USR980UY,behavioral_nudge,peer,low,You shop at 0 unique merchants — similar users visit 0 on average.,You may be overly concentrated with a few merchants. Exploring alternatives could save money.,"{'user_diversity': 0, 'peer_diversity': 0}"
USR829qO,spending_warning,personal,high,You have 74 unusually large transactions compared to your own average.,Check these transactions — they are significantly larger than your typical spend.,{'large_transactions': 74}
USR829qO,budget_advice,personal,medium,Your Transportation spending spiked to 2.2x your usual amount in your highest month.,Consider a monthly cap on Transportation to avoid these irregular spikes.,"{'category': 'Transportation', 'spike_ratio': np.float64(2.2)}"
USR844Xx,spending_warning,personal,high,You have 83 unusually large transactions compared to your own average.,Check these transactions — they are significantly larger than your typical spend.,{'large_transactions': 83}
USR526MW,spending_warning,personal,high,You have 77 unusually large transactions compared to your own average.,Check these transactions — they are significantly larger than your typical spend.,{'large_transactions': 77}
USR667ih,spending_warning,personal,high,You have 77 unusually large transactions compared to your own average.,Check these transactions — they are significantly larger than your typical spend.,{'large_transactions': 77}
USR310Mk,spending_warning,peer,medium,Your recent average spend ($2000/txn) is 900% higher than similar users ($200/txn).,Consider whether your spending aligns with your financial goals.,"{'avg_amt_30d': np.float64(2000.0), 'peer_avg': np.float64(200.0), 'pct_above': 900}"
USR235aH,spending_warning,model,high,Our anomaly detection model flagged your account (score: 68/100).,Review your recent transactions for any unusual or unrecognised activity.,{'anomaly_score': 68.4}
USR235aH,spending_warning,peer,medium,Your recent average spend ($5000/txn) is 2400% higher than similar users ($200/txn).,Consider whether your spending aligns with your financial goals.,"{'avg_amt_30d': np.float64(5000.0), 'peer_avg': np.float64(200.0), 'pct_above': 2400}"
USR218kF,spending_warning,personal,high,You have 48 unusually large transactions compared to your own average.,Check these transactions — they are significantly larger than your typical spend.,{'large_transactions': 48}
USR218kF,budget_advice,peer,medium,You spend 3018% more than similar users on Transportation ($4 vs peer avg $0/month).,Setting a monthly budget for Transportation could bring your spend in line with peers.,"{'category': 'Transportation', 'user_spend': np.float64(4.454545454545454), 'peer_spend': np.float64(0.1428571428571428), 'pct_above': 3018}"
USR978oc,spending_warning,personal,high,You have 93 unusually large transactions compared to your own average.,Check these transactions — they are significantly larger than your typical spend.,{'large_transactions': 93}
USR526Ci,spending_warning,personal,high,You have 76 unusually large transactions compared to your own average.,Check these transactions — they are significantly larger than your typical spend.,{'large_transactions': 76}
USR257qy,spending_warning,personal,high,You have 77 unusually large transactions compared to your own average.,Check these transactions — they are significantly larger than your typical spend.,{'large_transactions': 77}
USR257qy,budget_advice,personal,medium,Your Transportation spending spiked to 2.2x your usual amount in your highest month.,Consider a monthly cap on Transportation to avoid these irregular spikes.,"{'category': 'Transportation', 'spike_ratio': np.float64(2.2)}"
USR495mL,spending_warning,personal,high,You have 93 unusually large transactions compared to your own average.,Check these transactions — they are significantly larger than your typical spend.,{'large_transactions': 93}
USR170FQ,spending_warning,peer,medium,Your recent average spend ($1000/txn) is 400% higher than similar users ($200/txn).,Consider whether your spending aligns with your financial goals.,"{'avg_amt_30d': np.float64(1000.0), 'peer_avg': np.float64(200.0), 'pct_above': 400}"
USR614yH,spending_warning,personal,high,You have 93 unusually large transactions compared to your own average.,Check these transactions — they are significantly larger than your typical spend.,{'large_transactions': 93}
USR733gw,spending_warning,personal,high,You have 93 unusually large transactions compared to your own average.,Check these transactions — they are significantly larger than your typical spend.,{'large_transactions': 93}
USR733gw,budget_advice,personal,medium,Your Transportation spending spiked to 2.2x your usual amount in your highest month.,Consider a monthly cap on Transportation to avoid these irregular spikes.,"{'category': 'Transportation', 'spike_ratio': np.float64(2.2)}"
USR329uU,spending_warning,personal,high,Your average transaction amount this month ($19) is 216% above your usual average ($6).,Review your recent transactions to identify what changed.,"{'avg_amt_30d': np.float64(18.523913043478245), 'all_time_avg': np.float64(5.863265306122513), 'pct_above': 216}"
USR329uU,spending_warning,personal,high,You have 5 unusually large transactions compared to your own average.,Check these transactions — they are significantly larger than your typical spend.,{'large_transactions': 5}
USR747HD,spending_warning,peer,medium,Your recent average spend ($2000/txn) is 900% higher than similar users ($200/txn).,Consider whether your spending aligns with your financial goals.,"{'avg_amt_30d': np.float64(2000.0), 'peer_avg': np.float64(200.0), 'pct_above': 900}"
USR493ow,spending_warning,personal,high,You have 73 unusually large transactions compared to your own average.,Check these transactions — they are significantly larger than your typical spend.,{'large_transactions': 73}
