transaction_id,account_id,category_id,date,merchant_name,description,amount,currency_code,payment_channel,pending
490dbde9-acf0-48fb-9fcf-9faece51fb78,11111111,none,2024-03-22,Savings Vault topup,none,500.0,EUR,none,True
52bf714a-0f40-46a6-9b19-bbc84720f957,11111111,none,2024-03-22,Saving vault topup prefunding wallet,none,-500.0,EUR,none,True
12ea452c-2bf7-47dc-ae9e-e036f56c01b6,11111111,none,2024-03-23,Savings vault withdrawal from prefunding wallet,none,311.2,EUR,none,True
403ba544-de92-426c-8f4c-765687d2a2b3,11111111,none,2024-03-23,From Flexible account,none,-311.2,EUR,none,True
15bb3e29-f5fb-443e-8206-8843b7f3745b,11111111,none,2024-03-23,Savings Vault topup,none,0.8,EUR,none,True
3e393ede-dd2d-4eef-93f8-516e42332e7b,11111111,none,2024-03-23,Saving vault topup prefunding wallet,none,-0.8,EUR,none,True
9a90d62a-1562-4ba4-ad3d-a990cd099773,11111111,none,2024-03-23,Savings vault withdrawal from prefunding wallet,none,189.6,EUR,none,True
1ce91c51-54ae-4a42-95e4-09f72e9a0845,11111111,none,2024-03-23,From Flexible account,none,-189.6,EUR,none,True
65afacd8-58ec-4e05-baa0-c4aac9a13132,11111111,none,2024-03-23,Savings Vault topup,none,1.0,EUR,none,True
4a2e8db4-01b2-4386-9e47-19d7e024f9a6,11111111,none,2024-03-23,Saving vault topup prefunding wallet,none,-1.0,EUR,none,True
06b7e534-5b99-4cf3-90e6-43a93a9db58f,11111111,none,2024-03-23,Savings Vault topup,none,0.05,EUR,none,True
1d284aa7-bef1-45fb-b1dd-d46d52a7ee1f,11111111,none,2024-03-23,Saving vault topup prefunding wallet,none,-0.05,EUR,none,True
2517a721-d130-4d5b-ad50-357781d17562,11111111,none,2024-03-23,Savings Vault topup,none,0.2,EUR,none,True
0026ede5-8af8-42e7-96db-2aa0f2a4c132,11111111,none,2024-03-23,Saving vault topup prefunding wallet,none,-0.2,EUR,none,True
356fdf3f-de68-4bac-88c5-959641a3104b,11111111,none,2024-03-23,Savings Vault topup,none,0.05,EUR,none,True
0a67f405-c340-4b31-8dfa-6ff274fb0efe,11111111,none,2024-03-23,Saving vault topup prefunding wallet,none,-0.05,EUR,none,True
095e0056-6f47-4166-91dd-2ded979c438f,11111111,none,2024-03-24,Savings Vault topup,none,0.65,EUR,none,True
d5bb5325-2b73-4956-b71b-45e1caf435ce,11111111,none,2024-03-24,Saving vault topup prefunding wallet,none,-0.65,EUR,none,True
12ef8f5d-502d-46f2-9a9f-225972574bc7,11111111,none,2024-03-24,Savings Vault topup,none,0.89,EUR,none,True
71824e28-4e52-41bd-8587-d5be39b8d3f2,11111111,none,2024-03-24,Saving vault topup prefunding wallet,none,-0.89,EUR,none,True
90bffd8d-16d6-4670-b6c7-a4f7298adcf6,11111111,none,2024-03-24,Savings Vault topup,none,0.01,EUR,none,True
02ec2774-8d29-40d9-ba72-4e78f78de3a1,11111111,none,2024-03-24,Saving vault topup prefunding wallet,none,-0.01,EUR,none,True
8397aa96-6e74-4351-9058-9e9a73eee4c4,11111111,none,2024-03-24,Savings Vault topup,none,0.6,EUR,none,True
9a598eed-f4d5-4eca-a1f8-84ce662bb94a,11111111,none,2024-03-24,Saving vault topup prefunding wallet,none,-0.6,EUR,none,True
f4b84ac6-0702-4607-8f86-05bdf02e6183,11111111,none,2024-03-25,Savings Vault topup,none,0.3,EUR,none,True
d6e6bd5b-3564-44c3-8dfc-78e26d62e651,11111111,none,2024-03-25,Saving vault topup prefunding wallet,none,-0.3,EUR,none,True
2669efd9-0291-41f6-be89-d7534521ec69,11111111,none,2024-03-26,Savings Vault topup,none,0.86,EUR,none,True
49808084-5760-4094-a6ed-ff3fdff9e9f3,11111111,none,2024-03-26,Saving vault topup prefunding wallet,none,-0.86,EUR,none,True
87a54bda-39d3-4cd5-bbeb-2567a1ff92ff,11111111,none,2024-03-27,Savings Vault topup,none,1.0,EUR,none,True
7494772a-c25b-4ea0-b288-eac9b940d769,11111111,none,2024-03-27,Saving vault topup prefunding wallet,none,-1.0,EUR,none,True
8bb80789-cf01-4af0-85e4-0a80f770e22c,11111111,none,2024-03-27,Savings Vault topup,none,0.5,EUR,none,True
c562de59-f20d-4c83-9d59-cf29dd9d0821,11111111,none,2024-03-27,Saving vault topup prefunding wallet,none,-0.5,EUR,none,True
2056b481-00eb-4423-941e-12a1ee8dc227,11111111,none,2024-03-27,Savings Vault topup,none,0.03,EUR,none,True
202fe69a-6d7d-4664-908a-85e3528cfe59,11111111,none,2024-03-27,Saving vault topup prefunding wallet,none,-0.03,EUR,none,True
3eed42b6-dcef-4432-ad12-d38f63494cd0,11111111,none,2024-03-28,Savings Vault topup,none,1.0,EUR,none,True
09567b04-2370-4fcc-9e46-1e2597e5a45e,11111111,none,2024-03-28,Saving vault topup prefunding wallet,none,-1.0,EUR,none,True
6e42af63-1f68-4939-9648-e6aed1a82d20,11111111,none,2024-03-28,Savings Vault topup,none,0.51,EUR,none,True
91b8a401-785c-49d8-993d-48c0f7937701,11111111,none,2024-03-28,Saving vault topup prefunding wallet,none,-0.51,EUR,none,True
ff2e02c4-acf5-41fb-9882-ed26b0c09e1c,11111111,none,2024-03-28,Savings Vault topup,none,0.51,EUR,none,True
700a2a0d-35d6-4cf7-9bd4-668dc91b0626,11111111,none,2024-03-28,Saving vault topup prefunding wallet,none,-0.51,EUR,none,True
2ad66a27-1288-4e2d-b089-397aab43ba27,11111111,none,2024-03-29,Savings Vault topup,none,0.21,EUR,none,True
d45ebf98-b103-42bd-a91a-5c2835dfa1cf,11111111,none,2024-03-29,Saving vault topup prefunding wallet,none,-0.21,EUR,none,True
fc63bd88-8f63-49e7-90a3-b772fff4bfe9,11111111,none,2024-03-31,Savings Vault topup,none,0.05,EUR,none,True
364b269e-146b-43d1-9738-11e3dbdc079d,11111111,none,2024-03-31,Saving vault topup prefunding wallet,none,-0.05,EUR,none,True
eef5ad31-7354-4c9e-91a1-72c96ce9abdb,11111111,none,2024-04-02,Savings Vault topup,none,0.65,EUR,none,True
fbd27eae-2e69-4203-84a5-bed23c49b74b,11111111,none,2024-04-02,Saving vault topup prefunding wallet,none,-0.65,EUR,none,True
b26c03cf-f7dc-480f-8d92-da178d5214b6,11111111,none,2024-04-05,Savings Vault topup,none,0.15,EUR,none,True
4926c1d8-4fe9-416b-9b64-1b6609056f00,11111111,none,2024-04-05,Saving vault topup prefunding wallet,none,-0.15,EUR,none,True
30d26000-86f1-4625-bf0b-05bc9d6d5761,11111111,none,2024-04-06,Savings Vault topup,none,1.0,EUR,none,True
6829e939-1b6d-4a33-87b0-dc2e826f2309,11111111,none,2024-04-06,Saving vault topup prefunding wallet,none,-1.0,EUR,none,True
95b5a08c-7ea3-41fe-9813-359c689bafe9,11111111,none,2024-04-06,Savings Vault topup,none,1.0,EUR,none,True
3123c9be-8e3d-4089-aa26-0f5b439eb572,11111111,none,2024-04-06,Saving vault topup prefunding wallet,none,-1.0,EUR,none,True
66152509-de66-4833-a607-8e8791344ee6,11111111,none,2024-04-06,Savings Vault topup,none,0.05,EUR,none,True
b3d9259e-a7ad-42ff-9a65-f79cf268a35f,11111111,none,2024-04-06,Saving vault topup prefunding wallet,none,-0.05,EUR,none,True
c845554e-0902-4f80-9e90-90932d6ee86a,11111111,none,2024-04-07,Savings Vault topup,none,0.67,EUR,none,True
a63e58fb-5052-4dd6-8a2b-cb35ee8bc52f,11111111,none,2024-04-07,Saving vault topup prefunding wallet,none,-0.67,EUR,none,True
4a6ecccf-f3ea-4b10-83eb-ebf02632c3f0,11111111,none,2024-04-07,Savings Vault topup,none,0.16,EUR,none,True
4bc6b6c6-a3a6-4903-8e0d-8cc5964e1245,11111111,none,2024-04-07,Saving vault topup prefunding wallet,none,-0.16,EUR,none,True
0f9f2fbf-5566-418c-9eaf-219d85be0691,11111111,none,2024-04-08,Savings Vault topup,none,1.0,EUR,none,True
1ffe5bee-b26b-4d31-a5d1-9a17e41384b4,11111111,none,2024-04-08,Saving vault topup prefunding wallet,none,-1.0,EUR,none,True
e4130e0c-4787-4fb5-8ee5-3927f1cde33c,11111111,none,2024-04-08,Savings Vault topup,none,0.44,EUR,none,True
6b9eb72c-9d2e-4d91-94d4-3963202a0fa7,11111111,none,2024-04-08,Saving vault topup prefunding wallet,none,-0.44,EUR,none,True
1328e1c3-bcac-476c-9237-d2b58f39c2df,11111111,none,2024-04-08,Savings Vault topup,none,1.0,EUR,none,True
6362c99a-8da6-4c89-9b6b-eb66d96a892d,11111111,none,2024-04-08,Saving vault topup prefunding wallet,none,-1.0,EUR,none,True
c6369b73-5965-43ee-9f12-ec7380bb9027,11111111,none,2024-04-10,Savings Vault topup,none,0.54,EUR,none,True
dc837d11-6301-485a-aa57-286cad7ddb82,11111111,none,2024-04-10,Saving vault topup prefunding wallet,none,-0.54,EUR,none,True
af130c03-4669-4196-9173-194933f9f8e3,11111111,none,2024-04-11,Savings Vault topup,none,0.33,EUR,none,True
8168ea93-a922-4b5c-b07f-a682e52a2c85,11111111,none,2024-04-11,Saving vault topup prefunding wallet,none,-0.33,EUR,none,True
d20ac3e2-c04d-48ba-8324-3df0437088bb,11111111,none,2024-04-12,Savings Vault topup,none,0.7,EUR,none,True
d280ac64-494c-44d2-b1ed-c984e3234a89,11111111,none,2024-04-12,Saving vault topup prefunding wallet,none,-0.7,EUR,none,True
b7ef5093-bd7f-4f64-8840-8041b5719fa9,11111111,none,2024-04-13,Savings Vault topup,none,0.65,EUR,none,True
56f80cc7-579a-4967-bed2-693e91323333,11111111,none,2024-04-13,Saving vault topup prefunding wallet,none,-0.65,EUR,none,True
25b48483-2572-4b9f-a897-b5853638f124,11111111,none,2024-04-14,Savings Vault topup,none,0.85,EUR,none,True
2a85aac6-5a0f-4b2b-95d3-97f898f1239f,11111111,none,2024-04-14,Saving vault topup prefunding wallet,none,-0.85,EUR,none,True
8eb2ea74-c727-452a-9540-690d52885570,11111111,none,2024-04-14,Savings Vault topup,none,0.35,EUR,none,True
b69ce795-0891-43c0-b667-32c6cf65e023,11111111,none,2024-04-14,Saving vault topup prefunding wallet,none,-0.35,EUR,none,True
e1d82e5a-bf2e-477f-b1f4-4235fc968e38,11111111,none,2024-04-15,Savings Vault topup,none,0.6,EUR,none,True
e75a2a7a-cf95-4390-b038-6acbb00971f6,11111111,none,2024-04-15,Saving vault topup prefunding wallet,none,-0.6,EUR,none,True
5e376f35-62d4-4f13-ab1e-30b4c1edb981,11111111,none,2024-04-15,Savings Vault topup,none,0.6,EUR,none,True
18322d2e-52b5-4d87-867f-f2298be87bd7,11111111,none,2024-04-15,Saving vault topup prefunding wallet,none,-0.6,EUR,none,True
503ab0f4-6803-4daa-8c85-f6729c08e1ff,11111111,none,2024-04-16,Savings Vault topup,none,1.0,EUR,none,True
f3d817c7-dbdf-4315-9ca6-c67ef8236a70,11111111,none,2024-04-16,Saving vault topup prefunding wallet,none,-1.0,EUR,none,True
b05afe62-b731-4e4f-ac09-981b737a2f45,11111111,none,2024-04-16,Savings Vault topup,none,0.02,EUR,none,True
e8fb8ad2-70d7-4abc-8953-cc9d7d802529,11111111,none,2024-04-16,Saving vault topup prefunding wallet,none,-0.02,EUR,none,True
1762a878-da62-464f-af82-05142f9d759a,11111111,none,2024-04-18,Savings Vault topup,none,0.51,EUR,none,True
dd10ef54-5ee0-4900-8fb4-df69b86f42a8,11111111,none,2024-04-18,Saving vault topup prefunding wallet,none,-0.51,EUR,none,True
5849e103-5d12-4de1-a826-cadca6497227,11111111,none,2024-04-18,Savings Vault topup,none,0.93,EUR,none,True
813ed56e-290c-4a2a-be88-7430b3bfd252,11111111,none,2024-04-18,Saving vault topup prefunding wallet,none,-0.93,EUR,none,True
1e91002f-09e0-4f72-8825-0ec65fc191cd,11111111,none,2024-04-20,Savings Vault topup,none,0.46,EUR,none,True
db21c774-50d5-45a7-ab87-9c46ec64d0db,11111111,none,2024-04-20,Saving vault topup prefunding wallet,none,-0.46,EUR,none,True
0a4d203c-e833-466a-a39e-7ad20f8c3df9,11111111,none,2024-04-20,Savings Vault topup,none,0.6,EUR,none,True
ea2e050e-acd3-4f75-b938-362350e72edf,11111111,none,2024-04-20,Saving vault topup prefunding wallet,none,-0.6,EUR,none,True
c4a7665d-cab9-46fe-babc-d6ae397d87f1,11111111,none,2024-04-20,Savings Vault topup,none,0.7,EUR,none,True
aa9fa4a5-5de9-4b06-b0c6-a4da0bccf0ab,11111111,none,2024-04-20,Saving vault topup prefunding wallet,none,-0.7,EUR,none,True
c88805c3-6be6-483e-b8a6-fa50e4f4a829,11111111,none,2024-04-23,Savings Vault topup,none,0.05,EUR,none,True
ae07d382-9cf3-4876-80b7-009b87ed2d1f,11111111,none,2024-04-23,Saving vault topup prefunding wallet,none,-0.05,EUR,none,True
6ff88e8d-2026-45d4-9e33-8217667daf8f,11111111,none,2024-04-24,Savings Vault topup,none,0.08,EUR,none,True
cfdb68d9-5589-4581-ad78-060ad576a38a,11111111,none,2024-04-24,Saving vault topup prefunding wallet,none,-0.08,EUR,none,True
395a2ddc-95a7-48a8-a272-e2bb2392bb85,11111111,none,2024-04-24,Savings Vault topup,none,1.0,EUR,none,True
3cfea6a5-1794-446e-ac94-9b940fae655b,11111111,none,2024-04-24,Saving vault topup prefunding wallet,none,-1.0,EUR,none,True
73236a1a-522d-4efd-a9e0-05cb5b1e0f57,11111111,none,2024-04-25,Savings Vault topup,none,0.9,EUR,none,True
bdb060ec-ab32-494d-8087-446e898e6c84,11111111,none,2024-04-25,Saving vault topup prefunding wallet,none,-0.9,EUR,none,True
9b59d06c-a45d-4d44-bbb5-755d032f9f3b,11111111,none,2024-04-25,Savings Vault topup,none,0.01,EUR,none,True
03b3ff80-6c37-44c3-bc1a-79c87df7c6a9,11111111,none,2024-04-25,Saving vault topup prefunding wallet,none,-0.01,EUR,none,True
80f368d6-7afb-4723-8f56-e0c745a63001,11111111,none,2024-04-26,Savings Vault topup,none,1.0,EUR,none,True
551002d7-18fd-4777-bd35-00e4af8cf576,11111111,none,2024-04-26,Saving vault topup prefunding wallet,none,-1.0,EUR,none,True
29000a60-26b2-4f51-aa28-2c695cce46a5,11111111,none,2024-04-26,Savings Vault topup,none,0.5,EUR,none,True
b04f132b-6386-4add-8879-8d2a4c7a1177,11111111,none,2024-04-26,Saving vault topup prefunding wallet,none,-0.5,EUR,none,True
254315a2-77ca-4067-bf9d-e95cf09f5b8c,11111111,none,2024-04-27,Savings Vault topup,none,0.5,EUR,none,True
e6e34ddd-2fb9-4441-b26b-79662118f79f,11111111,none,2024-04-27,Saving vault topup prefunding wallet,none,-0.5,EUR,none,True
8a6366fd-e846-4106-b03c-fc0c197ecbc0,11111111,none,2024-04-28,Savings Vault topup,none,0.01,EUR,none,True
247e0176-607d-4d4d-aea5-6a6b1b017991,11111111,none,2024-04-28,Saving vault topup prefunding wallet,none,-0.01,EUR,none,True
ca2a98b5-bfd7-42f5-9729-3713c2d9a152,11111111,none,2024-04-28,Savings Vault topup,none,0.5,EUR,none,True
697b3cd4-dce6-4bff-9eaa-7b180b6d4375,11111111,none,2024-04-28,Saving vault topup prefunding wallet,none,-0.5,EUR,none,True
54f3f309-fb74-4fe9-b0f0-05febff0bb92,11111111,none,2024-04-28,Savings Vault topup,none,0.94,EUR,none,True
cda53605-761c-4be8-a98b-62af76be16ef,11111111,none,2024-04-28,Saving vault topup prefunding wallet,none,-0.94,EUR,none,True
ac0812f6-3476-4d49-b4ae-b063580cc632,11111111,none,2024-04-28,Savings Vault topup,none,0.37,EUR,none,True
2cce7fc6-c54a-46e6-a344-88aee24933ff,11111111,none,2024-04-28,Saving vault topup prefunding wallet,none,-0.37,EUR,none,True
2d101e86-b49e-4720-9a28-377b5a4ff35d,11111111,none,2024-04-30,Savings Vault topup,none,0.25,EUR,none,True
f7d1e7b9-f05b-4c20-85ed-e34ecc202cc8,11111111,none,2024-04-30,Saving vault topup prefunding wallet,none,-0.25,EUR,none,True
85926303-9375-4966-b80f-0d57386650bd,11111111,none,2024-05-01,Savings Vault topup,none,1.0,EUR,none,True
3cba603c-eaa2-441e-8fb5-5fbd2e4972f8,11111111,none,2024-05-01,Saving vault topup prefunding wallet,none,-1.0,EUR,none,True
0f9c05b7-dbf2-4e12-9da9-9011b369b2c8,11111111,none,2024-05-02,Savings Vault topup,none,0.01,EUR,none,True
cdaac306-bb58-4424-b1d6-5803a1d941c7,11111111,none,2024-05-02,Saving vault topup prefunding wallet,none,-0.01,EUR,none,True
bae78cb4-25b8-46a5-85d3-4703568e87b3,11111111,none,2024-05-03,Savings Vault topup,none,0.6,EUR,none,True
7df00a1e-7ea6-42de-a12d-edb2a047b415,11111111,none,2024-05-03,Saving vault topup prefunding wallet,none,-0.6,EUR,none,True
a57d5a88-42bc-45e4-843f-ce0aeac9c133,11111111,none,2024-05-04,Savings Vault topup,none,0.1,EUR,none,True
9b53fe25-f00a-47d6-9bb0-4be8719624e6,11111111,none,2024-05-04,Saving vault topup prefunding wallet,none,-0.1,EUR,none,True
fd65ca52-7ec3-41cb-974b-0a4db6c08c3e,11111111,none,2024-05-04,Savings Vault topup,none,0.49,EUR,none,True
0ab3b291-acce-4751-9e6d-4cd0922c09af,11111111,none,2024-05-04,Saving vault topup prefunding wallet,none,-0.49,EUR,none,True
bd40876a-40d6-47d5-9586-7f202e1c5357,11111111,none,2024-05-05,Savings Vault topup,none,1.0,EUR,none,True
90920774-4cd5-4d57-92ee-ff2f0f1450ca,11111111,none,2024-05-05,Saving vault topup prefunding wallet,none,-1.0,EUR,none,True
958518ed-afb0-4a54-af1d-ae06815b9855,11111111,none,2024-05-05,Savings Vault topup,none,0.94,EUR,none,True
2374e9e3-df7a-4a8a-be25-c4c18cd7ae98,11111111,none,2024-05-05,Saving vault topup prefunding wallet,none,-0.94,EUR,none,True
8a599814-5b16-41b3-9a11-1ca5ddb46d6a,11111111,none,2024-05-05,Savings Vault topup,none,1.0,EUR,none,True
f60f2a64-b565-4109-bfa8-24a783a31f15,11111111,none,2024-05-05,Saving vault topup prefunding wallet,none,-1.0,EUR,none,True
80469e6f-b42b-4e64-8d1b-156bbdd27e16,11111111,none,2024-05-05,Savings Vault topup,none,1.0,EUR,none,True
4a800e17-bc3e-415c-b7c6-84409922f272,11111111,none,2024-05-05,Saving vault topup prefunding wallet,none,-1.0,EUR,none,True
ef73b3e1-ae73-46dc-8997-1410f1a88fe9,11111111,none,2024-05-06,Savings Vault topup,none,1.0,EUR,none,True
ad89e825-82dc-4529-ae04-f3cfebb51283,11111111,none,2024-05-06,Saving vault topup prefunding wallet,none,-1.0,EUR,none,True
d017ae88-f7bd-4ca9-8dd9-950872b9fbe9,11111111,none,2024-05-06,Savings Vault topup,none,1.0,EUR,none,True
05759d49-333c-415c-b22e-34a50e63d6f3,11111111,none,2024-05-06,Saving vault topup prefunding wallet,none,-1.0,EUR,none,True
3d1d1879-535c-4634-a09d-12507d45784b,11111111,none,2024-05-08,Savings Vault topup,none,1.0,EUR,none,True
5a18ec4a-2e10-4d68-9e30-ba7188bf7167,11111111,none,2024-05-08,Saving vault topup prefunding wallet,none,-1.0,EUR,none,True
c77225c7-2e06-49d2-ad86-16184cd409a7,11111111,none,2024-05-08,Savings Vault topup,none,1.0,EUR,none,True
e1eb0363-f9c3-4f0f-8b1a-756b94ca2ba6,11111111,none,2024-05-08,Saving vault topup prefunding wallet,none,-1.0,EUR,none,True
4c499161-ca1c-4042-9396-d82673864fbf,11111111,none,2024-05-08,Savings Vault topup,none,0.67,EUR,none,True
917a5cf3-cfb4-41b4-83f8-3f82477ff108,11111111,none,2024-05-08,Saving vault topup prefunding wallet,none,-0.67,EUR,none,True
6822f1ff-85dc-4e11-9c84-5926113107d8,11111111,none,2024-05-08,Savings Vault topup,none,0.3,EUR,none,True
ad852717-6501-4fee-8d7f-fb07ff7bb34c,11111111,none,2024-05-08,Saving vault topup prefunding wallet,none,-0.3,EUR,none,True
a8c196a0-98bd-40fe-bb69-585c4ba098c8,11111111,none,2024-05-09,Savings Vault topup,none,0.58,EUR,none,True
e5130ff1-422b-4b2c-984a-5771094ac6dd,11111111,none,2024-05-09,Saving vault topup prefunding wallet,none,-0.58,EUR,none,True
99daed75-9dfe-4f7d-807e-3839cf9dbdc3,11111111,none,2024-05-10,Savings Vault topup,none,0.53,EUR,none,True
f29e98fb-981f-4612-99e4-038fd04742ac,11111111,none,2024-05-10,Saving vault topup prefunding wallet,none,-0.53,EUR,none,True
17843cdf-19ee-46fe-9f12-ca421f5ffcc1,11111111,none,2024-05-10,Savings Vault topup,none,0.87,EUR,none,True
151a29e7-1251-4022-8ab2-9b91a533c92a,11111111,none,2024-05-10,Saving vault topup prefunding wallet,none,-0.87,EUR,none,True
f9ac322b-e6e6-4fbf-a339-d84312e522a7,11111111,none,2024-05-11,Savings Vault topup,none,1.0,EUR,none,True
02863978-6c2f-49be-ba9b-185354e47216,11111111,none,2024-05-11,Saving vault topup prefunding wallet,none,-1.0,EUR,none,True
79716d72-e60f-473b-be55-04b3a63edc19,11111111,none,2024-05-11,Savings Vault topup,none,1.0,EUR,none,True
2ee4ec39-b80c-43fd-a634-f8575de1d8b5,11111111,none,2024-05-11,Saving vault topup prefunding wallet,none,-1.0,EUR,none,True
277b2935-3883-4772-ad0d-ef4ca17d4419,11111111,none,2024-05-11,Savings Vault topup,none,0.5,EUR,none,True
5892956c-ac1f-4e6e-8c16-b1de7dad093b,11111111,none,2024-05-11,Saving vault topup prefunding wallet,none,-0.5,EUR,none,True
5ba54e5b-a279-4de2-8ebd-f5d665d561e8,11111111,none,2024-05-12,Savings Vault topup,none,0.95,EUR,none,True
430c0ea7-af34-49f3-bcb6-3fe434499f99,11111111,none,2024-05-12,Saving vault topup prefunding wallet,none,-0.95,EUR,none,True
452ff6e4-2d0b-4a10-a28c-c14d60886975,11111111,none,2024-05-12,Savings Vault topup,none,0.58,EUR,none,True
efcbe3c7-1918-4a23-a1d0-9a7697097fcf,11111111,none,2024-05-12,Saving vault topup prefunding wallet,none,-0.58,EUR,none,True
b48fbe4b-223c-4db3-a42e-b96873e00aaa,11111111,none,2024-05-14,Savings Vault topup,none,0.96,EUR,none,True
6bb56376-9616-4a00-8a57-632481a3b4b4,11111111,none,2024-05-14,Saving vault topup prefunding wallet,none,-0.96,EUR,none,True
15ad5928-6599-4f19-a8e2-38d7604e2ad1,11111111,none,2024-05-16,Savings Vault topup,none,0.79,EUR,none,True
837aafbc-5f31-4a4c-a5ae-5d110a826b23,11111111,none,2024-05-16,Saving vault topup prefunding wallet,none,-0.79,EUR,none,True
d164ccd4-b379-4916-a2f2-a39729c55d39,11111111,none,2024-05-16,Savings Vault topup,none,0.05,EUR,none,True
4887fbe7-3a40-4389-a08c-7a9362f57378,11111111,none,2024-05-16,Saving vault topup prefunding wallet,none,-0.05,EUR,none,True
a7aa0dea-eb5e-4de5-a817-97b1400ef5e0,11111111,none,2024-05-16,Savings Vault topup,none,0.3,EUR,none,True
1c37803a-d69d-4feb-9be2-671c80557298,11111111,none,2024-05-16,Saving vault topup prefunding wallet,none,-0.3,EUR,none,True
9fd87a9a-bae6-4f82-9a54-46ba4b13c4bb,11111111,none,2024-05-16,Savings Vault topup,none,1.0,EUR,none,True
202dc58c-bad5-4894-a0ef-de8a67d35b1c,11111111,none,2024-05-16,Saving vault topup prefunding wallet,none,-1.0,EUR,none,True
8fa14f19-87d5-4ea2-af5b-a6f9327a9dfb,11111111,none,2024-05-17,Savings Vault topup,none,0.1,EUR,none,True
dab4363c-f391-4aa7-afa6-d0e68c005839,11111111,none,2024-05-17,Saving vault topup prefunding wallet,none,-0.1,EUR,none,True
103d66f2-f5ad-4e93-b6cd-7ccb9fa048c0,11111111,none,2024-05-17,Savings Vault topup,none,1.0,EUR,none,True
71e9bb58-dd4a-45a6-9a0e-28d2f9088ce7,11111111,none,2024-05-17,Saving vault topup prefunding wallet,none,-1.0,EUR,none,True
7a983eaf-d72a-4f54-b5f0-e9c5e86fdcec,11111111,none,2024-05-17,Savings Vault topup,none,0.2,EUR,none,True
48e7e629-d894-4996-95a4-3ed144d071b2,11111111,none,2024-05-17,Saving vault topup prefunding wallet,none,-0.2,EUR,none,True
8db716f2-fdf5-4a99-8313-94462760e3af,11111111,none,2024-05-17,Savings Vault topup,none,0.5,EUR,none,True
5f51ce74-7e75-49c3-b2e0-3e12d696d69f,11111111,none,2024-05-17,Saving vault topup prefunding wallet,none,-0.5,EUR,none,True
cafd9cc1-1ba0-4b17-858a-3e6adac43220,11111111,none,2024-05-18,Savings Vault topup,none,0.7,EUR,none,True
02d4ef34-292d-42f6-9045-f4538a670e91,11111111,none,2024-05-18,Saving vault topup prefunding wallet,none,-0.7,EUR,none,True
ec22690d-7e6d-4e09-9fe8-7abc0b8e70bd,11111111,none,2024-05-18,Savings Vault topup,none,0.8,EUR,none,True
ca0f00d4-ab84-4be6-b6c4-d0d43218216d,11111111,none,2024-05-18,Saving vault topup prefunding wallet,none,-0.8,EUR,none,True
6db51ba6-5c8e-4cb8-8bce-42a35ab5e91c,11111111,none,2024-05-18,Savings Vault topup,none,0.5,EUR,none,True
7a4eb3ae-5fdc-4f58-aa77-40c8985e887c,11111111,none,2024-05-18,Saving vault topup prefunding wallet,none,-0.5,EUR,none,True
7a2fbd9a-2eb4-4b1b-9023-af914a8866d8,11111111,none,2024-05-18,Savings Vault topup,none,0.3,EUR,none,True
edf40fd5-3ff4-444c-b0c4-3f835eed471b,11111111,none,2024-05-18,Saving vault topup prefunding wallet,none,-0.3,EUR,none,True
439b137f-0701-4f47-8592-0fbf6db097d7,11111111,none,2024-05-18,Savings Vault topup,none,1.0,EUR,none,True
f24bd4d6-0b60-46c3-80f5-e045d854236e,11111111,none,2024-05-18,Saving vault topup prefunding wallet,none,-1.0,EUR,none,True
0725ff93-018c-4ebd-bd9f-a433f5169a73,11111111,none,2024-05-18,Savings Vault topup,none,1.0,EUR,none,True
4f8bda74-e980-4066-b2d3-8840070dabfc,11111111,none,2024-05-18,Saving vault topup prefunding wallet,none,-1.0,EUR,none,True
8fb4311f-d548-4e34-9b50-8e773350be66,11111111,none,2024-05-18,Savings Vault topup,none,1.0,EUR,none,True
813d5dbd-8b57-4d99-ba0d-a99b7c79ec57,11111111,none,2024-05-18,Saving vault topup prefunding wallet,none,-1.0,EUR,none,True
af7da5b2-ade5-4913-942d-a95605ca27bc,11111111,none,2024-05-18,Savings Vault topup,none,1.0,EUR,none,True
c2f60b32-eecb-4a7d-a311-0d956f38b2cb,11111111,none,2024-05-18,Saving vault topup prefunding wallet,none,-1.0,EUR,none,True
ea363b70-98f5-47b7-b903-16107150cc89,11111111,none,2024-05-19,Savings Vault topup,none,0.85,EUR,none,True
a14e5b1a-9c22-46f9-865e-b9ea2e1b547b,11111111,none,2024-05-19,Saving vault topup prefunding wallet,none,-0.85,EUR,none,True
c8b6a17b-ec4d-4a02-b610-654720b61cab,11111111,none,2024-05-19,Savings vault withdrawal from prefunding wallet,none,58.72,EUR,none,True
f744fafc-7e43-46ca-bb7e-e133a862d8c7,11111111,none,2024-05-19,From Flexible account,none,-58.72,EUR,none,True
a5dcd37f-286e-42f4-9f98-624d6e6e3b45,11111111,none,2024-05-20,Savings Vault topup,none,0.18,EUR,none,True
ea3afee2-72fa-4d02-8950-63a5d1d22c1d,11111111,none,2024-05-20,Saving vault topup prefunding wallet,none,-0.18,EUR,none,True
5ce5caa9-f2d8-4af8-8085-238a64171611,11111111,none,2024-05-20,Savings Vault topup,none,0.46,EUR,none,True
ea67b5f1-b729-4e30-9ac0-400a16294257,11111111,none,2024-05-20,Saving vault topup prefunding wallet,none,-0.46,EUR,none,True
c17cac63-04df-4639-9935-afd20d4539ed,11111111,none,2024-05-20,Savings Vault topup,none,0.19,EUR,none,True
91fd3b79-1ba4-4c9a-8a3a-f4ac5ae52f85,11111111,none,2024-05-20,Saving vault topup prefunding wallet,none,-0.19,EUR,none,True
9613b347-7e54-47ba-b98e-361e184de67f,11111111,none,2024-05-20,Savings Vault topup,none,0.94,EUR,none,True
46657027-b7e8-41ca-b349-1ef0060d7181,11111111,none,2024-05-20,Saving vault topup prefunding wallet,none,-0.94,EUR,none,True
333a7da7-38ea-4eed-89c8-e55fbbf452ce,11111111,none,2024-05-23,Savings Vault topup,none,1.0,EUR,none,True
982a69e7-c043-41ed-b6a6-fb4f8f08aeb7,11111111,none,2024-05-23,Saving vault topup prefunding wallet,none,-1.0,EUR,none,True
efac6d26-0a02-46fd-80f2-84783d2b228a,11111111,none,2024-05-23,Savings Vault topup,none,0.71,EUR,none,True
26138dec-41dd-4d86-b82e-2a3451bfb93e,11111111,none,2024-05-23,Saving vault topup prefunding wallet,none,-0.71,EUR,none,True
0a4a4559-aebe-474c-9fca-163fb68e0010,11111111,none,2024-05-26,Savings Vault topup,none,1.0,EUR,none,True
dcc95531-c2ed-4c50-9361-5bc609a01432,11111111,none,2024-05-26,Saving vault topup prefunding wallet,none,-1.0,EUR,none,True
ca681d28-6dd7-405b-9b34-74d6150fcf22,11111111,none,2024-05-31,Savings Vault topup,none,0.1,EUR,none,True
5bf613e4-8064-470c-9481-efd1ef84197e,11111111,none,2024-05-31,Saving vault topup prefunding wallet,none,-0.1,EUR,none,True
86e38a6b-eac3-44e2-b808-a232178b6427,11111111,none,2024-05-31,Savings Vault topup,none,0.95,EUR,none,True
25655e02-bc85-43d4-a4ad-87aea40ee5c6,11111111,none,2024-05-31,Saving vault topup prefunding wallet,none,-0.95,EUR,none,True
e5f9fe55-29ff-46fd-9941-0cc684b4b1d9,11111111,none,2024-06-01,Savings Vault topup,none,1.0,EUR,none,True
4b7e7034-865a-41b4-a962-ef7c405bdee6,11111111,none,2024-06-01,Saving vault topup prefunding wallet,none,-1.0,EUR,none,True
400f43a9-fa9c-43e5-aa7b-ad59a0a96d95,11111111,none,2024-06-01,Savings Vault topup,none,1.0,EUR,none,True
94b7a45c-375a-49be-8c1f-5bf031d1f37e,11111111,none,2024-06-01,Saving vault topup prefunding wallet,none,-1.0,EUR,none,True
642ed1bc-4b8b-4bff-af0b-d09d3d5a4458,11111111,none,2024-06-01,Savings Vault topup,none,1.0,EUR,none,True
0770d8e8-8b2d-46d9-90b9-433b0089ab49,11111111,none,2024-06-01,Saving vault topup prefunding wallet,none,-1.0,EUR,none,True
f37d9258-4057-4603-8238-efb3c6a2cc48,11111111,none,2024-06-01,Savings Vault topup,none,1.0,EUR,none,True
34fd73a5-1cc6-4609-b0d2-25e5e8a7686f,11111111,none,2024-06-01,Saving vault topup prefunding wallet,none,-1.0,EUR,none,True
049890e9-0b27-4c3b-a516-83991a904926,11111111,none,2024-06-01,Savings Vault topup,none,0.5,EUR,none,True
8eb99782-d31e-46b2-b7c9-c3e9228cba3a,11111111,none,2024-06-01,Saving vault topup prefunding wallet,none,-0.5,EUR,none,True
ef1d584e-0750-4d00-89d2-a2aa42c587fb,11111111,none,2024-06-02,Savings Vault topup,none,0.14,EUR,none,True
6693772e-8529-4621-97dc-708b5e1f6d85,11111111,none,2024-06-02,Saving vault topup prefunding wallet,none,-0.14,EUR,none,True
cc9ae3bb-a28f-4314-a280-1827143748a3,11111111,none,2024-06-03,Savings Vault topup,none,0.6,EUR,none,True
f24025db-f6e4-4525-9135-233af24a07de,11111111,none,2024-06-03,Saving vault topup prefunding wallet,none,-0.6,EUR,none,True
356247d8-c247-48da-8530-f4d610844deb,11111111,none,2024-06-07,Savings Vault topup,none,1.0,EUR,none,True
e925d79e-f73d-4d9a-be0b-4e729f445d43,11111111,none,2024-06-07,Saving vault topup prefunding wallet,none,-1.0,EUR,none,True
3661e3c2-c5c7-4623-a230-0c2ea912f890,11111111,none,2024-06-08,Savings Vault topup,none,0.56,EUR,none,True
86506f20-c283-4ba8-9029-f464b1b19b81,11111111,none,2024-06-08,Saving vault topup prefunding wallet,none,-0.56,EUR,none,True
f7d621e4-6a0c-4916-ba91-a21f5bb9ca52,11111111,none,2024-06-08,Savings Vault topup,none,0.01,EUR,none,True
3a335577-0f6e-443b-a1d2-5b4f61b01d8a,11111111,none,2024-06-08,Saving vault topup prefunding wallet,none,-0.01,EUR,none,True
fb84f0f6-3c22-4887-875d-37d54402a1ee,11111111,none,2024-06-08,Savings Vault topup,none,0.15,EUR,none,True
fe03e4c3-8099-4b62-82dd-50f76966886e,11111111,none,2024-06-08,Saving vault topup prefunding wallet,none,-0.15,EUR,none,True
425b96be-794e-4f24-85ef-c6bbf1e8adf4,11111111,none,2024-06-08,Savings Vault topup,none,0.5,EUR,none,True
559e967f-0752-437f-9951-914a1402ced8,11111111,none,2024-06-08,Saving vault topup prefunding wallet,none,-0.5,EUR,none,True
90930d47-66ed-41b1-9c45-b5177fec6a08,11111111,none,2024-06-09,Savings Vault topup,none,0.12,EUR,none,True
84d41caa-5a61-4cda-a275-50632df4165c,11111111,none,2024-06-09,Saving vault topup prefunding wallet,none,-0.12,EUR,none,True
cf792940-4b52-4073-90ac-2048c105bcd7,11111111,none,2024-06-10,Savings Vault topup,none,0.22,EUR,none,True
73d6ddc5-691a-49fd-b133-264cde0e6779,11111111,none,2024-06-10,Saving vault topup prefunding wallet,none,-0.22,EUR,none,True
96a2ec4d-ba42-47e8-80fa-de3276375824,11111111,none,2024-06-10,Savings Vault topup,none,0.72,EUR,none,True
2ce888c6-923f-4fc0-a210-ec462423f89b,11111111,none,2024-06-10,Saving vault topup prefunding wallet,none,-0.72,EUR,none,True
5c649d02-a9e1-45c9-a5ed-957f5e8c2fc1,11111111,none,2024-06-10,Savings Vault topup,none,1.0,EUR,none,True
191dc498-e3a3-46e5-8b72-258a35185990,11111111,none,2024-06-10,Saving vault topup prefunding wallet,none,-1.0,EUR,none,True
0c5b6128-36a1-4b81-93e1-985f332281ac,11111111,none,2024-06-14,Savings Vault topup,none,0.7,EUR,none,True
f8ff0775-c7fc-4c24-ad54-262740dc315c,11111111,none,2024-06-14,Saving vault topup prefunding wallet,none,-0.7,EUR,none,True
a7b141a5-1e92-4870-a181-b9c10cf43a28,11111111,none,2024-06-14,Savings Vault topup,none,0.77,EUR,none,True
9e7ef146-58c3-4929-8541-e50523f0dc61,11111111,none,2024-06-14,Saving vault topup prefunding wallet,none,-0.77,EUR,none,True
87581aab-df27-46b1-8b7e-00882a88443a,11111111,none,2024-06-15,Savings Vault topup,none,0.32,EUR,none,True
6278d57c-785f-4a5c-83a1-5a6d63c3a23a,11111111,none,2024-06-15,Saving vault topup prefunding wallet,none,-0.32,EUR,none,True
654b887f-1506-46a6-b35f-979923f84c44,11111111,none,2024-06-16,Savings Vault topup,none,0.2,EUR,none,True
d5970812-dc7b-4848-ac3d-a2ff1e11c29a,11111111,none,2024-06-16,Saving vault topup prefunding wallet,none,-0.2,EUR,none,True
75e87bd6-ec70-42f0-9040-adb81c9d9780,11111111,none,2024-06-16,Savings Vault topup,none,0.5,EUR,none,True
df53e2df-8057-40fa-ba90-b58fb36148d4,11111111,none,2024-06-16,Saving vault topup prefunding wallet,none,-0.5,EUR,none,True
ed02313e-1c37-458b-af59-324a08a2f6d2,11111111,none,2024-06-19,Savings Vault topup,none,0.84,EUR,none,True
f889fb88-8b5f-4064-a5cf-edf9a3162b23,11111111,none,2024-06-19,Saving vault topup prefunding wallet,none,-0.84,EUR,none,True
6821ce8a-950c-4833-93a3-076a03b6e25a,11111111,none,2024-06-20,Savings Vault topup,none,0.07,EUR,none,True
862089e3-faf2-4348-bebb-b4ff96395e2c,11111111,none,2024-06-20,Saving vault topup prefunding wallet,none,-0.07,EUR,none,True
23c36df5-d0a3-4c1d-9832-ef2c9033deac,11111111,none,2024-06-22,Savings Vault topup,none,0.5,EUR,none,True
8f09a219-90a1-40e1-b505-58b89d4da137,11111111,none,2024-06-22,Saving vault topup prefunding wallet,none,-0.5,EUR,none,True
df6217ac-f28f-4303-9535-11691b8015e1,11111111,none,2024-06-22,Savings Vault topup,none,1.0,EUR,none,True
2cab9f5c-4d3d-40fa-b2ca-243284c8bb75,11111111,none,2024-06-22,Saving vault topup prefunding wallet,none,-1.0,EUR,none,True
f9588d79-08f9-4651-98f4-7d54d73a1377,11111111,none,2024-06-22,Savings Vault topup,none,0.6,EUR,none,True
2c3a7765-de62-45b3-86aa-a33afbd85bc9,11111111,none,2024-06-22,Saving vault topup prefunding wallet,none,-0.6,EUR,none,True
0ad5efcd-519c-4045-8d6d-1a1d43eba81c,11111111,none,2024-06-22,Savings Vault topup,none,0.5,EUR,none,True
4aeba363-870a-44b1-bb47-bf9cdbfe68e2,11111111,none,2024-06-22,Saving vault topup prefunding wallet,none,-0.5,EUR,none,True
389b1690-0ecd-447e-bd01-d4b8671b4a70,11111111,none,2024-06-23,Savings Vault topup,none,1000.0,EUR,none,True
7d8f7b06-9778-479b-b64a-1714e0192f04,11111111,none,2024-06-23,Saving vault topup prefunding wallet,none,-1000.0,EUR,none,True
df62579f-22c7-46a7-ab7b-b506b491118f,11111111,none,2024-06-24,Savings Vault topup,none,1.0,EUR,none,True
de07ed1d-87a0-4f8b-8901-94783ae34c89,11111111,none,2024-06-24,Saving vault topup prefunding wallet,none,-1.0,EUR,none,True
b52e1738-12e1-4dbc-b783-1778375bbea8,11111111,none,2024-06-24,Savings Vault topup,none,1.0,EUR,none,True
c98e40d2-3d9f-4700-9069-111e84c2ab99,11111111,none,2024-06-24,Saving vault topup prefunding wallet,none,-1.0,EUR,none,True
b6be722b-c32e-42c9-b59c-a8d81c63444e,11111111,none,2024-06-25,Savings Vault topup,none,1.0,EUR,none,True
6023ed28-0595-4cda-9141-4ba12c894ffb,11111111,none,2024-06-25,Saving vault topup prefunding wallet,none,-1.0,EUR,none,True
4e7a198c-b514-4628-b639-f153b2994ac8,11111111,none,2024-06-26,Savings Vault topup,none,0.7,EUR,none,True
ce95b765-6e7b-4646-bc8e-51f71fced3b2,11111111,none,2024-06-26,Saving vault topup prefunding wallet,none,-0.7,EUR,none,True
0636bb64-ca03-4083-84f1-585eee3a60ba,11111111,none,2024-06-27,Savings Vault topup,none,0.05,EUR,none,True
29401b04-8016-4520-9331-3d967723265c,11111111,none,2024-06-27,Saving vault topup prefunding wallet,none,-0.05,EUR,none,True
d0a69f8e-3b57-4580-bbca-340b0e05306b,11111111,none,2024-06-27,Savings Vault topup,none,1.0,EUR,none,True
268efec1-2b43-44ca-b5ec-d182f0ffad3c,11111111,none,2024-06-27,Saving vault topup prefunding wallet,none,-1.0,EUR,none,True
6b008e1d-52e8-482b-befb-7c677bef720e,11111111,none,2024-06-27,Savings Vault topup,none,1.0,EUR,none,True
1434f4b1-667a-49f2-857f-da31376ac7d9,11111111,none,2024-06-27,Saving vault topup prefunding wallet,none,-1.0,EUR,none,True
d7811421-70d5-467b-b254-4d4568fd50f4,11111111,none,2024-06-27,Savings Vault topup,none,0.2,EUR,none,True
a5ae19cf-4334-43f4-87bb-49c9c6910a62,11111111,none,2024-06-27,Saving vault topup prefunding wallet,none,-0.2,EUR,none,True
9bf03dec-579c-47f0-9d02-402172d57931,11111111,none,2024-06-28,Savings Vault topup,none,500.0,EUR,none,True
b57e3430-156d-4c00-be5d-631b17f01a36,11111111,none,2024-06-28,Saving vault topup prefunding wallet,none,-500.0,EUR,none,True
0a8e96b1-3eaa-4e7e-83c9-30b1f4b74d2e,11111111,none,2024-06-28,Savings Vault topup,none,200.0,EUR,none,True
fde70cf9-0263-45ec-8a8a-014fcc5f7fb6,11111111,none,2024-06-28,Saving vault topup prefunding wallet,none,-200.0,EUR,none,True
4f23f85d-afe9-4945-a12a-7d3b77d6495c,11111111,none,2024-06-28,Savings vault withdrawal from prefunding wallet,none,200.0,EUR,none,True
c1d91681-6806-428f-8f1d-8b3839033dbe,11111111,none,2024-06-28,From Flexible Cash Funds,none,-200.0,EUR,none,True
dd5de455-32bb-4423-a4b0-3bf60755aa9a,11111111,none,2024-06-28,Savings Vault topup,none,0.86,EUR,none,True
ea77ef4b-e2b4-483c-8303-53f30f0c3fed,11111111,none,2024-06-28,Saving vault topup prefunding wallet,none,-0.86,EUR,none,True
bccb6066-72ba-43ff-a2ff-a49348f7ea88,11111111,none,2024-06-28,Savings Vault topup,none,0.71,EUR,none,True
18edd3d7-9e1c-494c-9eb2-b9d9f8ffa58c,11111111,none,2024-06-28,Saving vault topup prefunding wallet,none,-0.71,EUR,none,True
57e9caf0-23ba-4287-b749-5300944f6486,11111111,none,2024-06-29,Savings Vault topup,none,0.62,EUR,none,True
a155cc85-416a-4426-a141-acf80b6d04cf,11111111,none,2024-06-29,Saving vault topup prefunding wallet,none,-0.62,EUR,none,True
9717d013-8503-4338-898b-ac7ce8a3d458,11111111,none,2024-06-29,Savings Vault topup,none,1.0,EUR,none,True
b466489f-9bb3-488c-919b-f7da9dc1d047,11111111,none,2024-06-29,Saving vault topup prefunding wallet,none,-1.0,EUR,none,True
dcc73378-5ca2-45b5-bad1-90be7a40ae40,11111111,none,2024-06-29,Savings Vault topup,none,0.55,EUR,none,True
8603c5dd-7a1b-478a-b54a-ccd14f1abcb4,11111111,none,2024-06-29,Saving vault topup prefunding wallet,none,-0.55,EUR,none,True
c1fb23be-84f6-4852-a858-918e907a2fd4,11111111,none,2024-06-29,Savings Vault topup,none,1.0,EUR,none,True
36793d0e-1a3e-4b3f-8cfe-4a88a2034ed4,11111111,none,2024-06-29,Saving vault topup prefunding wallet,none,-1.0,EUR,none,True
355ea9c7-a0f8-43dd-b1bd-4d35c50ca2e5,11111111,none,2024-06-30,Savings Vault topup,none,1.0,EUR,none,True
8e65043e-2aff-4b48-a003-cb9348c005db,11111111,none,2024-06-30,Saving vault topup prefunding wallet,none,-1.0,EUR,none,True
f37328cd-38cb-4044-9e0f-010b2a81fa41,11111111,none,2024-06-30,Savings Vault topup,none,0.49,EUR,none,True
01cdc399-897c-4a9e-b650-5b7905c5cb36,11111111,none,2024-06-30,Saving vault topup prefunding wallet,none,-0.49,EUR,none,True
a2c21e90-24bd-4891-98eb-a52350f1d9c6,11111111,none,2024-07-01,Savings Vault topup,none,0.05,EUR,none,True
14d1ab81-50cc-4437-9702-dccd7b08b0b7,11111111,none,2024-07-01,Saving vault topup prefunding wallet,none,-0.05,EUR,none,True
57c8a270-d6ba-4044-9e2a-ad679177d6ed,11111111,none,2024-07-02,Savings Vault topup,none,0.2,EUR,none,True
ccec846b-03ad-4b71-9543-a1693e2ae7f3,11111111,none,2024-07-02,Saving vault topup prefunding wallet,none,-0.2,EUR,none,True
3048390b-8b1a-447c-982a-f317db30e926,11111111,none,2024-07-02,Savings Vault topup,none,0.93,EUR,none,True
d048f4e6-f1e3-4843-a30e-6032460a1e06,11111111,none,2024-07-02,Saving vault topup prefunding wallet,none,-0.93,EUR,none,True
3d46abb5-d064-42d2-b981-22bf3b60bcc9,11111111,none,2024-07-03,Savings Vault topup,none,0.5,EUR,none,True
f9b906c0-24b2-4d98-b1fd-be6569986919,11111111,none,2024-07-03,Saving vault topup prefunding wallet,none,-0.5,EUR,none,True
32ce3818-38be-4c00-9d7b-3ecb56048a54,11111111,none,2024-07-05,Savings Vault topup,none,0.02,EUR,none,True
87a328f8-92d0-4eb9-841b-baecd936d17b,11111111,none,2024-07-05,Saving vault topup prefunding wallet,none,-0.02,EUR,none,True
6f911973-41c2-4d73-905a-697685ea2898,11111111,none,2024-07-06,Savings Vault topup,none,0.9,EUR,none,True
41234f21-93e7-4921-bc6f-dd60401a2584,11111111,none,2024-07-06,Saving vault topup prefunding wallet,none,-0.9,EUR,none,True
c06fee29-b598-4937-97c9-a560d02c8225,11111111,none,2024-07-06,Savings Vault topup,none,1.0,EUR,none,True
68e84acc-a518-4ba8-8ee9-ba833a170e7e,11111111,none,2024-07-06,Saving vault topup prefunding wallet,none,-1.0,EUR,none,True
fb4a0018-ec84-4b06-8e86-2cee6a2bd7e8,11111111,none,2024-07-06,Savings Vault topup,none,0.85,EUR,none,True
e44e9b1d-5fbc-471b-9cab-637a9897b683,11111111,none,2024-07-06,Saving vault topup prefunding wallet,none,-0.85,EUR,none,True
3a0c489b-54ee-4a77-bfba-bb00dd2d2b50,11111111,none,2024-07-07,Savings Vault topup,none,0.62,EUR,none,True
89bd173d-592e-4586-a98b-37a47a0a1a62,11111111,none,2024-07-07,Saving vault topup prefunding wallet,none,-0.62,EUR,none,True
f65962b6-448c-4a3d-98db-b26cf5daac04,11111111,none,2024-07-08,Savings Vault topup,none,0.96,EUR,none,True
6f3886fc-1ebd-4469-b7cd-a4c2f864a4bc,11111111,none,2024-07-08,Saving vault topup prefunding wallet,none,-0.96,EUR,none,True
90704b89-f042-455f-8f59-18da999704bc,11111111,none,2024-07-11,Savings Vault topup,none,0.71,EUR,none,True
87d1a716-8fd6-4a60-af63-be4ebb908abd,11111111,none,2024-07-11,Saving vault topup prefunding wallet,none,-0.71,EUR,none,True
2ba8a588-c691-4853-bd94-0b95058c774b,11111111,none,2024-07-12,Savings Vault topup,none,0.51,EUR,none,True
a5724c4a-488c-4cdd-9f6a-5ab75120b584,11111111,none,2024-07-12,Saving vault topup prefunding wallet,none,-0.51,EUR,none,True
6b6065b4-e2c0-428d-8d59-8cc6e20c797b,11111111,none,2024-07-13,Savings Vault topup,none,0.25,EUR,none,True
480fcbc9-47e6-4e24-96e0-94a7d6da3522,11111111,none,2024-07-13,Saving vault topup prefunding wallet,none,-0.25,EUR,none,True
b9492404-7f99-4fb5-8e88-4f8cad21e394,11111111,none,2024-07-16,Savings Vault topup,none,0.85,EUR,none,True
53fdc770-36ac-4ddb-b804-05b7ae305909,11111111,none,2024-07-16,Saving vault topup prefunding wallet,none,-0.85,EUR,none,True
8d49a6b3-6137-4690-993a-e5f542ceeee3,11111111,none,2024-07-16,Savings vault withdrawal from prefunding wallet,none,1421.75,EUR,none,True
277d5f10-f16c-420b-baeb-3280caa65385,11111111,none,2024-07-16,From Flexible Cash Funds,none,-1421.75,EUR,none,True
3419a683-3830-4146-a27e-0ec9e5b9e59c,11111111,none,2024-07-16,Savings Vault topup,none,0.25,EUR,none,True
4e8c0da9-77ba-47e2-bd84-3f8b18e7e22a,11111111,none,2024-07-16,Saving vault topup prefunding wallet,none,-0.25,EUR,none,True
5d274b59-0236-44d2-af0c-123a3c59d1e6,11111111,none,2024-07-16,Savings Vault topup,none,1.0,EUR,none,True
8e92bacb-084e-4e35-ac6d-b2a820e2de9d,11111111,none,2024-07-16,Saving vault topup prefunding wallet,none,-1.0,EUR,none,True
63116420-9c8e-4002-8004-2d38b3883da6,11111111,none,2024-07-16,Savings Vault topup,none,0.65,EUR,none,True
0288b139-f0c2-4dad-b619-f8a98d79aaf8,11111111,none,2024-07-16,Saving vault topup prefunding wallet,none,-0.65,EUR,none,True
90a70aa6-2095-4b66-98f8-f35f6e73a107,11111111,none,2024-07-16,Savings Vault topup,none,0.5,EUR,none,True
6d17fbd4-ebd2-44ec-b1a7-45c7f0ad099c,11111111,none,2024-07-16,Saving vault topup prefunding wallet,none,-0.5,EUR,none,True
a1ba4dca-b6e6-4062-a7a5-21b9484dc737,11111111,none,2024-07-16,Savings Vault topup,none,0.6,EUR,none,True
509b69d5-17a5-4d92-baa2-68b647793764,11111111,none,2024-07-16,Saving vault topup prefunding wallet,none,-0.6,EUR,none,True
116e6a20-6799-4304-a8d5-d95b2d9bc7bc,11111111,none,2024-07-20,Savings Vault topup,none,0.2,EUR,none,True
a78fb42a-234a-4512-8242-154f3d1cd537,11111111,none,2024-07-20,Saving vault topup prefunding wallet,none,-0.2,EUR,none,True
e15ea9c7-f7d6-4899-bbeb-7fd2a3549750,11111111,none,2024-07-21,Savings Vault topup,none,0.49,EUR,none,True
1fc199a2-c017-47cf-a750-1392331f297e,11111111,none,2024-07-21,Saving vault topup prefunding wallet,none,-0.49,EUR,none,True
6dd9e363-757c-496c-a3d4-d14c49db63ea,11111111,none,2024-07-25,Savings Vault topup,none,0.01,EUR,none,True
ffb5d797-c395-48d4-9b42-f6074dc4bc86,11111111,none,2024-07-25,Saving vault topup prefunding wallet,none,-0.01,EUR,none,True
4a24c5b3-dca3-438e-a21b-22eb014e45fb,11111111,none,2024-07-25,Savings Vault topup,none,1.0,EUR,none,True
95a45272-ef09-47dc-ab65-f13360993ac4,11111111,none,2024-07-25,Saving vault topup prefunding wallet,none,-1.0,EUR,none,True
807118f2-4ba0-45b1-a7b3-7156be435163,11111111,none,2024-07-25,Savings Vault topup,none,1.0,EUR,none,True
42bd49a0-f385-4568-920c-3fef9c9f0497,11111111,none,2024-07-25,Saving vault topup prefunding wallet,none,-1.0,EUR,none,True
2a41bc06-8d37-483d-a9a5-01ed77ee3093,11111111,none,2024-07-25,Savings Vault topup,none,1.0,EUR,none,True
5090a8d1-652c-4754-8fb7-5230dc1190a1,11111111,none,2024-07-25,Saving vault topup prefunding wallet,none,-1.0,EUR,none,True
69eb54c7-7cdf-4f39-afeb-0ee6c1e00828,11111111,none,2024-07-26,Savings Vault topup,none,0.96,EUR,none,True
ba6219ef-b171-48b5-bd62-f407e27146f3,11111111,none,2024-07-26,Saving vault topup prefunding wallet,none,-0.96,EUR,none,True
82b10ef7-5667-4aa9-a4f7-789a0a040103,11111111,none,2024-07-26,Savings Vault topup,none,0.5,EUR,none,True
2d54c286-47cc-42d7-834a-bcdd2ac1e5b7,11111111,none,2024-07-26,Saving vault topup prefunding wallet,none,-0.5,EUR,none,True
33d5c534-2731-405b-9395-c8f181b64fa7,11111111,none,2024-07-26,Savings Vault topup,none,0.15,EUR,none,True
90a884fd-782c-4cd9-b5ce-dbd5cbf8dd64,11111111,none,2024-07-26,Saving vault topup prefunding wallet,none,-0.15,EUR,none,True
287ef8c2-b79c-4d3f-b08d-0d4b87cce40e,11111111,none,2024-07-27,Savings Vault topup,none,200.0,EUR,none,True
bdb13087-618e-4710-bf5e-5b924c7cfe38,11111111,none,2024-07-27,Saving vault topup prefunding wallet,none,-200.0,EUR,none,True
3ecbdf9d-2ffc-4008-b700-17bd9efc6354,11111111,none,2024-07-28,Savings Vault topup,none,0.2,EUR,none,True
ad0a87a3-3346-42ff-a419-4a4ad264299d,11111111,none,2024-07-28,Saving vault topup prefunding wallet,none,-0.2,EUR,none,True
0895a955-801f-4f1c-b5f7-b5d154c42430,11111111,none,2024-07-28,Savings Vault topup,none,0.4,EUR,none,True
344b344c-4dfb-488e-9db5-02f00e1264bf,11111111,none,2024-07-28,Saving vault topup prefunding wallet,none,-0.4,EUR,none,True
8ae74b81-a1bf-442d-98b6-e390b9b2b141,11111111,none,2024-07-31,Savings Vault topup,none,0.5,EUR,none,True
2435d964-c8b7-42b1-9c9a-7b011c6ed421,11111111,none,2024-07-31,Saving vault topup prefunding wallet,none,-0.5,EUR,none,True
b15483d5-3813-41ec-8247-51b178e898ca,11111111,none,2024-08-01,Savings Vault topup,none,1.0,EUR,none,True
a23f8ed2-fcfd-49b8-801e-50fff55fe2a5,11111111,none,2024-08-01,Saving vault topup prefunding wallet,none,-1.0,EUR,none,True
37fe7731-8670-4d5a-9920-50361112398b,11111111,none,2024-08-02,Savings Vault topup,none,0.55,EUR,none,True
eabc9028-afd1-479b-9b0e-98965c66d3e6,11111111,none,2024-08-02,Saving vault topup prefunding wallet,none,-0.55,EUR,none,True
4272c18b-8bb6-45e6-b730-933253558803,11111111,none,2024-08-03,Savings Vault topup,none,0.2,EUR,none,True
5869452f-bcc2-40e0-a6ab-345d03afdbf7,11111111,none,2024-08-03,Saving vault topup prefunding wallet,none,-0.2,EUR,none,True
c6270782-14d4-4102-8d51-40df3f542e45,11111111,none,2024-08-04,Savings Vault topup,none,0.33,EUR,none,True
bb8c9cff-af29-41bb-9e36-3b15728288db,11111111,none,2024-08-04,Saving vault topup prefunding wallet,none,-0.33,EUR,none,True
9942bc8f-0a95-44a3-9dd9-59fd1f2a54de,11111111,none,2024-08-04,Savings Vault topup,none,0.42,EUR,none,True
afccdbf7-0e0f-40a4-bbb2-8a2bf81a3ee1,11111111,none,2024-08-04,Saving vault topup prefunding wallet,none,-0.42,EUR,none,True
b702c69e-0bbc-427c-ad0a-bdf2883bcec5,11111111,none,2024-08-05,Savings Vault topup,none,1.0,EUR,none,True
93229437-7efe-4ddc-8758-9a55469b0506,11111111,none,2024-08-05,Saving vault topup prefunding wallet,none,-1.0,EUR,none,True
502de6b5-0727-43ed-831a-9903628882cc,11111111,none,2024-08-05,Savings Vault topup,none,0.2,EUR,none,True
0337b9fa-6248-4603-a079-6f2eec5550b0,11111111,none,2024-08-05,Saving vault topup prefunding wallet,none,-0.2,EUR,none,True
893c3280-a90e-4c88-87c3-a9a288d44648,11111111,none,2024-08-05,Savings Vault topup,none,0.5,EUR,none,True
f10f41f4-19f8-43e8-8c3c-afa251af0901,11111111,none,2024-08-05,Saving vault topup prefunding wallet,none,-0.5,EUR,none,True
4fc2f4a5-bd3b-4f92-83aa-b85333d96a00,11111111,none,2024-08-05,Savings Vault topup,none,0.6,EUR,none,True
7aeb472a-ac7d-4d65-a07a-163ba2859b1d,11111111,none,2024-08-05,Saving vault topup prefunding wallet,none,-0.6,EUR,none,True
171f8ff7-53e0-4dd0-93d2-862420d4b2e6,11111111,none,2024-08-05,Savings Vault topup,none,1.0,EUR,none,True
fc3564f0-d1c3-42d2-a007-0e81e4bc57a6,11111111,none,2024-08-05,Saving vault topup prefunding wallet,none,-1.0,EUR,none,True
3f6b54c7-8db3-408c-be4f-3b77b1ba0ed3,11111111,none,2024-08-07,Savings Vault topup,none,1.0,EUR,none,True
0ee91802-9449-41ae-bb84-1ef2e3cef09f,11111111,none,2024-08-07,Saving vault topup prefunding wallet,none,-1.0,EUR,none,True
87037366-bca1-4edb-8648-7f42458182f3,11111111,none,2024-08-07,Savings Vault topup,none,0.99,EUR,none,True
73327a9b-1f33-4d99-8885-b03b9ca2d432,11111111,none,2024-08-07,Saving vault topup prefunding wallet,none,-0.99,EUR,none,True
c1e20281-1189-4f9e-b148-f0f869a041af,11111111,none,2024-08-09,Savings Vault topup,none,0.82,EUR,none,True
d835028e-495d-4ba0-aa98-dbc1932daacf,11111111,none,2024-08-09,Saving vault topup prefunding wallet,none,-0.82,EUR,none,True
41a6cbad-75fe-4a66-83d8-13995a48ee4c,11111111,none,2024-08-09,Savings Vault topup,none,0.02,EUR,none,True
1ed300d8-de1e-4222-8a45-5b4ee86f4117,11111111,none,2024-08-09,Saving vault topup prefunding wallet,none,-0.02,EUR,none,True
014200a5-e9bc-49bd-b10f-ce7354d8b3e4,11111111,none,2024-08-10,Savings Vault topup,none,1.0,EUR,none,True
a59b6a81-1199-40e3-b21e-41459e13e246,11111111,none,2024-08-10,Saving vault topup prefunding wallet,none,-1.0,EUR,none,True
522a32ea-f465-41d8-87fe-fce6c267eaa6,11111111,none,2024-08-10,Savings Vault topup,none,0.3,EUR,none,True
90e4d8ac-c0e6-447b-a45f-2ea12293e1ea,11111111,none,2024-08-10,Saving vault topup prefunding wallet,none,-0.3,EUR,none,True
837bbc3b-a38c-43cc-82fe-dd7dd3164ad7,11111111,none,2024-08-10,Savings Vault topup,none,0.65,EUR,none,True
b1425fb6-6936-4ddd-961f-121d5ece724f,11111111,none,2024-08-10,Saving vault topup prefunding wallet,none,-0.65,EUR,none,True
b7e2bd70-1894-4fd3-adf1-0ce912aa9bb8,11111111,none,2024-08-10,Savings Vault topup,none,0.5,EUR,none,True
bbe087f8-5c81-4be2-a094-28df42bc8eb6,11111111,none,2024-08-10,Saving vault topup prefunding wallet,none,-0.5,EUR,none,True
f01b90a4-a7ec-432e-bc7a-d5d2ede094ce,11111111,none,2024-08-10,Savings Vault topup,none,0.3,EUR,none,True
ef56a4f0-2ba3-46c3-969c-542161beeb28,11111111,none,2024-08-10,Saving vault topup prefunding wallet,none,-0.3,EUR,none,True
2e54d94d-6078-4d1d-af20-e344400ca17b,11111111,none,2024-08-10,Savings Vault topup,none,0.3,EUR,none,True
f8c009c6-9ab3-4dce-9eda-812a9146c636,11111111,none,2024-08-10,Saving vault topup prefunding wallet,none,-0.3,EUR,none,True
23343dd8-c1fc-4053-ab30-b4d98a230a77,11111111,none,2024-08-10,Savings Vault topup,none,0.01,EUR,none,True
5b4ec16a-ddd4-43e9-abdb-a95a0e02b95f,11111111,none,2024-08-10,Saving vault topup prefunding wallet,none,-0.01,EUR,none,True
283b9cc2-6673-4df6-8844-644b7c267f91,11111111,none,2024-08-10,Savings Vault topup,none,0.5,EUR,none,True
53fc3707-9d99-42d9-a463-c0001c08b353,11111111,none,2024-08-10,Saving vault topup prefunding wallet,none,-0.5,EUR,none,True
2d435ea1-59d1-4d4e-b627-02b1ef182001,11111111,none,2024-08-10,Savings Vault topup,none,0.2,EUR,none,True
b20afbe4-23ca-4850-a021-3b1a7e2406e9,11111111,none,2024-08-10,Saving vault topup prefunding wallet,none,-0.2,EUR,none,True
72faf7e1-09b9-4430-925b-1945e357b983,11111111,none,2024-08-11,Savings Vault topup,none,0.85,EUR,none,True
c258049f-6312-4acd-b90c-4d746f3d99b5,11111111,none,2024-08-11,Saving vault topup prefunding wallet,none,-0.85,EUR,none,True
bb6aee01-033a-41ba-b94a-8c2bb7f6b30c,11111111,none,2024-08-12,Savings Vault topup,none,1.0,EUR,none,True
9c551036-0835-4bb6-bd3c-f1e2979d28c1,11111111,none,2024-08-12,Saving vault topup prefunding wallet,none,-1.0,EUR,none,True
dabbbe65-b750-4654-91b7-db347382235e,11111111,none,2024-08-12,Savings Vault topup,none,0.31,EUR,none,True
a2b6f696-c579-4681-a141-7158dbb73fcd,11111111,none,2024-08-12,Saving vault topup prefunding wallet,none,-0.31,EUR,none,True
eb25d568-a60b-484c-ad0f-f46b7e69b645,11111111,none,2024-08-12,Savings Vault topup,none,0.83,EUR,none,True
eb09d9ee-68c6-49bb-8796-c15a7036d5b7,11111111,none,2024-08-12,Saving vault topup prefunding wallet,none,-0.83,EUR,none,True
12b2a3c0-066c-437f-8074-87652b80c940,11111111,none,2024-08-13,Savings Vault topup,none,0.1,EUR,none,True
5682a02a-7f9e-4457-bbe4-4d9ff8c78b29,11111111,none,2024-08-13,Saving vault topup prefunding wallet,none,-0.1,EUR,none,True
083b94a6-3de6-4957-a70e-298df67abcfc,11111111,none,2024-08-13,Savings Vault topup,none,1.0,EUR,none,True
757d9ae5-d724-4a8a-bf64-62c85f4acf42,11111111,none,2024-08-13,Saving vault topup prefunding wallet,none,-1.0,EUR,none,True
8506e3b0-3703-42a2-af04-847e15068445,11111111,none,2024-08-14,Savings Vault topup,none,1.0,EUR,none,True
aed4e35c-ed15-40c3-b4e6-be71264467ca,11111111,none,2024-08-14,Saving vault topup prefunding wallet,none,-1.0,EUR,none,True
d78327da-942a-45a4-beff-2911f218d7df,11111111,none,2024-08-14,Savings Vault topup,none,0.5,EUR,none,True
352783a7-3e66-4fd0-b7fc-32c7867e5b14,11111111,none,2024-08-14,Saving vault topup prefunding wallet,none,-0.5,EUR,none,True
0d9e3e06-63c0-442d-bab9-6aecc3c59799,11111111,none,2024-08-16,Savings Vault topup,none,0.99,EUR,none,True
efc8c568-8dd2-4728-a97b-7880b4a2a60d,11111111,none,2024-08-16,Saving vault topup prefunding wallet,none,-0.99,EUR,none,True
24521a63-03ef-4499-afd9-890851fa6382,11111111,none,2024-08-17,Savings Vault topup,none,0.5,EUR,none,True
e7f46f8e-b94c-4327-bba4-80d3dec00793,11111111,none,2024-08-17,Saving vault topup prefunding wallet,none,-0.5,EUR,none,True
53fa3e10-314d-4ed6-9941-5da8662712cf,11111111,none,2024-08-17,Savings Vault topup,none,1.0,EUR,none,True
e649d6e2-4a49-4064-affa-9fc8a1cd7126,11111111,none,2024-08-17,Saving vault topup prefunding wallet,none,-1.0,EUR,none,True
d78e70af-c45e-43b3-b846-a8453eaaf08b,11111111,none,2024-08-17,Savings Vault topup,none,0.5,EUR,none,True
67e3bbd5-1d6a-4008-a35f-16d0181c4fd2,11111111,none,2024-08-17,Saving vault topup prefunding wallet,none,-0.5,EUR,none,True
8c055e44-53f7-4cbb-849c-8cfb47207d00,11111111,none,2024-08-17,Savings Vault topup,none,0.5,EUR,none,True
890b424f-50e7-443a-8d0e-29b299151492,11111111,none,2024-08-17,Saving vault topup prefunding wallet,none,-0.5,EUR,none,True
49702c4e-e13c-445f-8f4d-abbd56fc8d11,11111111,none,2024-08-17,Savings Vault topup,none,0.2,EUR,none,True
ce282cf9-a202-45c2-9816-9f8599d267c4,11111111,none,2024-08-17,Saving vault topup prefunding wallet,none,-0.2,EUR,none,True
903ae334-6ccf-49f2-a124-5a3ffadabb95,11111111,none,2024-08-18,Savings Vault topup,none,0.5,EUR,none,True
bd863de8-f58a-41eb-981f-82fcd46e810f,11111111,none,2024-08-18,Saving vault topup prefunding wallet,none,-0.5,EUR,none,True
c2cb581b-cd57-4153-956e-e80bf56c9784,11111111,none,2024-08-18,Savings Vault topup,none,1.0,EUR,none,True
6c5a3e97-f0c8-4ba7-8cfe-da2d3ff8ebbe,11111111,none,2024-08-18,Saving vault topup prefunding wallet,none,-1.0,EUR,none,True
4bc836f2-0a7f-4752-9ddf-47b0cc6502c2,11111111,none,2024-08-18,Savings Vault topup,none,1.0,EUR,none,True
a1bbaf40-3cff-44d9-9b09-04c01c02069e,11111111,none,2024-08-18,Saving vault topup prefunding wallet,none,-1.0,EUR,none,True
1b3175b1-0f81-46a1-a8fd-7cbd400ee962,11111111,none,2024-08-19,Savings Vault topup,none,0.5,EUR,none,True
914293aa-1ba2-4a5e-ba98-e7b59c506cec,11111111,none,2024-08-19,Saving vault topup prefunding wallet,none,-0.5,EUR,none,True
63912e64-e953-4014-96a0-eca3ca1125da,11111111,none,2024-08-19,Savings Vault topup,none,0.73,EUR,none,True
003e5ab5-3ae6-4598-9edd-50801bc63c63,11111111,none,2024-08-19,Saving vault topup prefunding wallet,none,-0.73,EUR,none,True
763b27fd-9933-4758-b7ab-4359908c01f8,11111111,none,2024-08-20,Savings Vault topup,none,1.0,EUR,none,True
0b1d4504-d3bd-42e5-9fd4-60d84cf66fd4,11111111,none,2024-08-20,Saving vault topup prefunding wallet,none,-1.0,EUR,none,True
5616b4d9-db77-4cdf-a322-bfa812a94641,11111111,none,2024-08-20,Savings Vault topup,none,0.5,EUR,none,True
6275a515-d9fb-47d7-a740-b506e2792559,11111111,none,2024-08-20,Saving vault topup prefunding wallet,none,-0.5,EUR,none,True
dd2fe387-187d-4d58-bac5-55cb473bc036,11111111,none,2024-08-21,Savings Vault topup,none,0.01,EUR,none,True
04a11b46-9583-472a-afe4-2c1393dca65e,11111111,none,2024-08-21,Saving vault topup prefunding wallet,none,-0.01,EUR,none,True
6272bfe3-865f-44bb-b15e-7226c6e0b37e,11111111,none,2024-08-22,Savings Vault topup,none,0.7,EUR,none,True
a2182b2e-8366-4efe-bb51-fbab87a0fd42,11111111,none,2024-08-22,Saving vault topup prefunding wallet,none,-0.7,EUR,none,True
4a116e07-a24a-498f-886f-ff9ec5d90a5f,11111111,none,2024-08-23,Savings Vault topup,none,0.8,EUR,none,True
442aaf76-412c-4563-b9d2-1942d6243cb1,11111111,none,2024-08-23,Saving vault topup prefunding wallet,none,-0.8,EUR,none,True
6340be8b-bc4d-4ea2-a354-6aadc16529ff,11111111,none,2024-08-23,Savings Vault topup,none,0.01,EUR,none,True
fa056532-8e64-49bf-bed4-c524f6cf96eb,11111111,none,2024-08-23,Saving vault topup prefunding wallet,none,-0.01,EUR,none,True
2ab66af2-8b9c-4cae-b70c-4b3303cf6e9b,11111111,none,2024-08-23,Savings Vault topup,none,0.02,EUR,none,True
d495eb3c-d3c6-442f-8863-b7aef68c2502,11111111,none,2024-08-23,Saving vault topup prefunding wallet,none,-0.02,EUR,none,True
8e00a1a0-c46c-4054-abf3-1871cb1b1cc7,11111111,none,2024-08-23,Savings Vault topup,none,0.07,EUR,none,True
a5ceab86-91f7-4bab-a571-a73f4397da08,11111111,none,2024-08-23,Saving vault topup prefunding wallet,none,-0.07,EUR,none,True
6a5cd54b-9afd-47b2-9162-a4f2b7afb7c8,11111111,none,2024-08-23,Savings Vault topup,none,0.21,EUR,none,True
e18aa5f9-b9fc-48f9-9ec4-61e88daa22e3,11111111,none,2024-08-23,Saving vault topup prefunding wallet,none,-0.21,EUR,none,True
570fd6e9-2801-43af-8a64-350721345b8d,11111111,none,2024-08-23,Savings Vault topup,none,0.2,EUR,none,True
6cf7bc90-ca44-4397-bb1c-335fdedf9553,11111111,none,2024-08-23,Saving vault topup prefunding wallet,none,-0.2,EUR,none,True
9a753d32-910e-4e6b-b823-775e1576bc07,11111111,none,2024-08-23,Savings Vault topup,none,0.03,EUR,none,True
7eaf0405-dd3b-4bdc-a6d9-96fa6924ee42,11111111,none,2024-08-23,Saving vault topup prefunding wallet,none,-0.03,EUR,none,True
b77a7768-303e-40b0-af59-6b04b74d0feb,11111111,none,2024-08-24,Savings Vault topup,none,0.1,EUR,none,True
8bee20e2-63de-45f2-af2b-45915abcc049,11111111,none,2024-08-24,Saving vault topup prefunding wallet,none,-0.1,EUR,none,True
79b7c2d2-fdcd-46b3-b532-46fe8885f6b7,11111111,none,2024-08-24,Savings Vault topup,none,0.5,EUR,none,True
a234081f-b151-4fe2-8394-5827aa78e749,11111111,none,2024-08-24,Saving vault topup prefunding wallet,none,-0.5,EUR,none,True
c314f5f5-0df2-4ed4-8f53-7dfc40d37fd8,11111111,none,2024-08-24,Savings Vault topup,none,0.61,EUR,none,True
14e08c6c-e307-4e64-bc10-ea712b7aeae5,11111111,none,2024-08-24,Saving vault topup prefunding wallet,none,-0.61,EUR,none,True
8c1450c0-80e0-4ea8-bbdf-07d2a8642db6,11111111,none,2024-08-25,Savings Vault topup,none,0.31,EUR,none,True
9e2e0269-56cb-4895-b19b-558d212d69d9,11111111,none,2024-08-25,Saving vault topup prefunding wallet,none,-0.31,EUR,none,True
476f1047-45ac-41a3-87be-1723736f4adf,11111111,none,2024-08-27,Savings Vault topup,none,0.1,EUR,none,True
150b7e10-f3ff-4db5-add9-463fab1656b2,11111111,none,2024-08-27,Saving vault topup prefunding wallet,none,-0.1,EUR,none,True
a4247d61-31c8-4586-b198-5b3a31b38a2b,11111111,none,2024-08-27,Savings Vault topup,none,0.28,EUR,none,True
308daa72-82c7-4599-84d6-93b79d87f212,11111111,none,2024-08-27,Saving vault topup prefunding wallet,none,-0.28,EUR,none,True
cc1e4886-c9bf-49e5-a469-b91e1312b4cc,11111111,none,2024-08-27,Savings Vault topup,none,0.22,EUR,none,True
8e4d82c8-60a9-462f-b452-86093bbe1db2,11111111,none,2024-08-27,Saving vault topup prefunding wallet,none,-0.22,EUR,none,True
33e63fd3-6f5c-4d09-9ea5-4e462b665afd,11111111,none,2024-08-29,Savings Vault topup,none,0.5,EUR,none,True
eb1816eb-1f4e-40f7-a2dc-7b00db35892b,11111111,none,2024-08-29,Saving vault topup prefunding wallet,none,-0.5,EUR,none,True
71daab8c-b871-47ba-9c1e-c458c9c6e76c,11111111,none,2024-08-29,Savings Vault topup,none,0.5,EUR,none,True
44c932f5-e5ea-42bc-87fd-b2e6d9df9819,11111111,none,2024-08-29,Saving vault topup prefunding wallet,none,-0.5,EUR,none,True
e2d5b4bc-9af2-4cac-b7f4-2c060a458a98,11111111,none,2024-08-29,Savings Vault topup,none,1.0,EUR,none,True
0623567b-aeca-4cba-930a-7abbd8a3a726,11111111,none,2024-08-29,Saving vault topup prefunding wallet,none,-1.0,EUR,none,True
7749cc94-31c0-47fa-be8c-5f1d0bdd8b0b,11111111,none,2024-08-29,Savings Vault topup,none,0.2,EUR,none,True
b9c50717-29b9-4f43-9f46-d4efe7eaef32,11111111,none,2024-08-29,Saving vault topup prefunding wallet,none,-0.2,EUR,none,True
8cd47aef-4dc5-4520-a701-3e481e8789a2,11111111,none,2024-08-30,Savings Vault topup,none,0.05,EUR,none,True
187b2748-88df-48e5-8190-f35444eb9496,11111111,none,2024-08-30,Saving vault topup prefunding wallet,none,-0.05,EUR,none,True
b690db41-99ee-4053-8ac7-5c8554afce24,11111111,none,2024-08-30,Savings Vault topup,none,0.76,EUR,none,True
1654a65d-20e4-44da-9d40-d2f56510bfec,11111111,none,2024-08-30,Saving vault topup prefunding wallet,none,-0.76,EUR,none,True
409541e5-761f-4ae3-8640-951c1f09668e,11111111,none,2024-08-30,Savings Vault topup,none,0.58,EUR,none,True
b1322abc-735d-414c-a356-dd6a0adefc1e,11111111,none,2024-08-30,Saving vault topup prefunding wallet,none,-0.58,EUR,none,True
2a172555-0335-47e1-b128-6d9c517dac49,11111111,none,2024-08-30,Savings Vault topup,none,0.05,EUR,none,True
ddde4ec3-2662-4e8c-abca-1aa7d254720e,11111111,none,2024-08-30,Saving vault topup prefunding wallet,none,-0.05,EUR,none,True
a289e8b9-c9db-4b0c-a956-905e1fa9a5f1,11111111,none,2024-08-31,Savings Vault topup,none,0.8,EUR,none,True
98786685-5e4f-427c-afdf-029cd5254470,11111111,none,2024-08-31,Saving vault topup prefunding wallet,none,-0.8,EUR,none,True
d257b7a9-3d02-4b18-bf2a-37e8d0718751,11111111,none,2024-09-01,Savings Vault topup,none,0.05,EUR,none,True
cc1f5beb-0e69-4fbc-a3f5-ff91b1e46378,11111111,none,2024-09-01,Saving vault topup prefunding wallet,none,-0.05,EUR,none,True
c6d13d84-e39c-4fa2-8399-543d5cd9d105,11111111,none,2024-09-01,Savings Vault topup,none,0.47,EUR,none,True
d2c1cf54-f168-44a7-906e-5848016137d8,11111111,none,2024-09-01,Saving vault topup prefunding wallet,none,-0.47,EUR,none,True
c0c30a24-6936-4b60-a440-b561fdd3313a,11111111,none,2024-09-02,Savings Vault topup,none,0.6,EUR,none,True
6528f60d-cf6c-465a-8392-2e8cc90b52f7,11111111,none,2024-09-02,Saving vault topup prefunding wallet,none,-0.6,EUR,none,True
5e2623cc-7fd9-4ef7-afe5-d029baca4ab7,11111111,none,2024-09-02,Savings Vault topup,none,0.3,EUR,none,True
9a9609d4-ba70-463a-8b61-5d771d2e0f88,11111111,none,2024-09-02,Saving vault topup prefunding wallet,none,-0.3,EUR,none,True
437fe207-007a-4fd8-9269-fa3c8f76cec5,11111111,none,2024-09-02,Savings Vault topup,none,0.48,EUR,none,True
c80b59c4-c3c2-4260-977e-c229fade1ad6,11111111,none,2024-09-02,Saving vault topup prefunding wallet,none,-0.48,EUR,none,True
ca693099-18e9-403e-9d53-fbd704801d1c,11111111,none,2024-09-02,Savings Vault topup,none,0.97,EUR,none,True
4753007f-25c0-47d5-892d-8c081c06bd7f,11111111,none,2024-09-02,Saving vault topup prefunding wallet,none,-0.97,EUR,none,True
908a2999-0788-434f-b3ac-852aeffc2fde,11111111,none,2024-09-06,Savings Vault topup,none,1.0,EUR,none,True
582532ed-e0f8-4d05-af60-fcb0f8924a39,11111111,none,2024-09-06,Saving vault topup prefunding wallet,none,-1.0,EUR,none,True
1d8e018f-c6bd-4381-9c9a-ef3bd73d4fda,11111111,none,2024-09-08,Savings Vault topup,none,0.21,EUR,none,True
0f0a2a09-a047-423c-9758-428e306ee506,11111111,none,2024-09-08,Saving vault topup prefunding wallet,none,-0.21,EUR,none,True
b8a518c9-89ae-49c7-9bfc-be1f2a296f3a,11111111,none,2024-09-09,Savings Vault topup,none,0.02,EUR,none,True
b5750c63-e00c-4692-823c-d55141672fd7,11111111,none,2024-09-09,Saving vault topup prefunding wallet,none,-0.02,EUR,none,True
44528854-33b2-4d4b-98e9-8ad63cb800e2,11111111,none,2024-09-10,Savings Vault topup,none,0.02,EUR,none,True
0dda93f8-024c-495e-ab1a-6d80a801164c,11111111,none,2024-09-10,Saving vault topup prefunding wallet,none,-0.02,EUR,none,True
6a72e5f0-c7ab-4555-a426-da3a617171b4,11111111,none,2024-09-10,Savings Vault topup,none,0.3,EUR,none,True
557e0582-6da8-494f-8b91-22561db3d74e,11111111,none,2024-09-10,Saving vault topup prefunding wallet,none,-0.3,EUR,none,True
bd6a8835-f1c8-40eb-b36b-0d98a781a19e,11111111,none,2024-09-10,Savings Vault topup,none,0.09,EUR,none,True
5b592165-5af1-4176-acd7-bb66c6dd3836,11111111,none,2024-09-10,Saving vault topup prefunding wallet,none,-0.09,EUR,none,True
0a779ea2-0dbb-4c9d-b98e-aa415417e67f,11111111,none,2024-09-13,Savings Vault topup,none,0.24,EUR,none,True
e8d1dac6-ac07-4761-8727-d10897f41688,11111111,none,2024-09-13,Saving vault topup prefunding wallet,none,-0.24,EUR,none,True
8b3ced7a-4023-4c14-88b5-2a5411c458f3,11111111,none,2024-09-13,Savings Vault topup,none,0.5,EUR,none,True
6aa9f653-f151-48d5-b7e4-615c0ad23f5f,11111111,none,2024-09-13,Saving vault topup prefunding wallet,none,-0.5,EUR,none,True
49018f04-7aa8-4827-97d8-814ab0b7d4da,11111111,none,2024-09-13,Savings Vault topup,none,0.22,EUR,none,True
3e2226df-08f1-429d-ae55-68fe32e17b08,11111111,none,2024-09-13,Saving vault topup prefunding wallet,none,-0.22,EUR,none,True
7ad333aa-3de0-4d11-a0a8-3297409d7b76,11111111,none,2024-09-14,Savings Vault topup,none,0.2,EUR,none,True
c5d66cb5-2ad0-4610-ba80-6cafd9f3080d,11111111,none,2024-09-14,Saving vault topup prefunding wallet,none,-0.2,EUR,none,True
bae0e8b6-f4f1-4ea5-b314-dd6798149986,11111111,none,2024-09-14,Savings Vault topup,none,0.05,EUR,none,True
8da468e0-1691-42c7-8b7a-28e834443725,11111111,none,2024-09-14,Saving vault topup prefunding wallet,none,-0.05,EUR,none,True
f4e9dd8e-84e3-4ad5-b8db-7a9c7fea4221,11111111,none,2024-09-14,Savings Vault topup,none,0.94,EUR,none,True
9c5f7846-68e8-431a-9c35-ced17abec48e,11111111,none,2024-09-14,Saving vault topup prefunding wallet,none,-0.94,EUR,none,True
be28bc8e-9065-4d78-91ec-404dabc061db,11111111,none,2024-09-16,Savings Vault topup,none,1.0,EUR,none,True
76ce42bd-a06a-4c7f-9a8a-4f787e83e327,11111111,none,2024-09-16,Saving vault topup prefunding wallet,none,-1.0,EUR,none,True
c10be3a8-95ba-42e6-8368-ed70d7525d3f,11111111,none,2024-09-16,Savings Vault topup,none,0.44,EUR,none,True
a19bf71d-3d6a-456f-964f-9c5ef17e12af,11111111,none,2024-09-16,Saving vault topup prefunding wallet,none,-0.44,EUR,none,True
9fbbf993-87bf-44dc-b36d-202817a2aec6,11111111,none,2024-09-16,Savings Vault topup,none,1.0,EUR,none,True
47c58c29-ff62-4531-b24d-00d15251c37e,11111111,none,2024-09-16,Saving vault topup prefunding wallet,none,-1.0,EUR,none,True
68394071-1a72-4bd8-ae7a-a2312886b763,11111111,none,2024-09-17,Savings Vault topup,none,1.0,EUR,none,True
6aecfdcd-e316-480f-b05f-6cc5d1f457c6,11111111,none,2024-09-17,Saving vault topup prefunding wallet,none,-1.0,EUR,none,True
bc701927-04bb-4bd8-89c3-ea2b4dba647e,11111111,none,2024-09-18,Savings Vault topup,none,0.35,EUR,none,True
a3197491-1791-40d2-8c72-110d2f0f87af,11111111,none,2024-09-18,Saving vault topup prefunding wallet,none,-0.35,EUR,none,True
d1ea049c-6d25-4187-96c5-1824cf90a1f9,11111111,none,2024-09-19,Savings Vault topup,none,0.3,EUR,none,True
03d77c43-e845-4169-9b65-a62b7fb576b0,11111111,none,2024-09-19,Saving vault topup prefunding wallet,none,-0.3,EUR,none,True
14bb06a4-b4b1-438b-b8a0-72994c7fa9c5,11111111,none,2024-09-19,Savings Vault topup,none,0.29,EUR,none,True
595bcec1-4e80-4932-bda8-41a5fd075877,11111111,none,2024-09-19,Saving vault topup prefunding wallet,none,-0.29,EUR,none,True
640d9308-8295-4be4-890b-e1d9c6ea0ddd,11111111,none,2024-09-20,Savings Vault topup,none,1.0,EUR,none,True
96300c71-2c22-4baa-98cb-726bf14728fe,11111111,none,2024-09-20,Saving vault topup prefunding wallet,none,-1.0,EUR,none,True
00495684-448d-4691-99c0-1a39c971b254,11111111,none,2024-09-20,Savings Vault topup,none,0.8,EUR,none,True
c38c8bea-299a-401a-b027-126a38b6bbac,11111111,none,2024-09-20,Saving vault topup prefunding wallet,none,-0.8,EUR,none,True
0f71d310-79a4-4a4a-aa1a-fbf2bdb8c90d,11111111,none,2024-09-20,Savings Vault topup,none,800.0,EUR,none,True
7b7acdeb-7a3f-4157-b6aa-19b3c1cdd153,11111111,none,2024-09-20,Saving vault topup prefunding wallet,none,-800.0,EUR,none,True
12d98816-b25b-48de-a6fb-7d29d50db841,11111111,none,2024-09-20,Savings vault withdrawal from prefunding wallet,none,600.0,EUR,none,True
667a9f50-1639-4011-a4dc-a4d6c4108098,11111111,none,2024-09-20,From Flexible Cash Funds,none,-600.0,EUR,none,True
f043ff4c-e145-47ec-9dee-696ed45a1be8,11111111,none,2024-09-21,Savings Vault topup,none,0.34,EUR,none,True
23c19d18-bed1-48c3-8be0-4d64e01cb953,11111111,none,2024-09-21,Saving vault topup prefunding wallet,none,-0.34,EUR,none,True
c538cfad-155b-4733-bba7-3d1d453f1a33,11111111,none,2024-09-22,Savings Vault topup,none,0.8,EUR,none,True
128d4e68-d210-4518-b5a4-5878e4806fd9,11111111,none,2024-09-22,Saving vault topup prefunding wallet,none,-0.8,EUR,none,True
eb97ae5b-01d5-432b-814a-835430534400,11111111,none,2024-09-23,Savings Vault topup,none,0.83,EUR,none,True
642da2a6-d8ec-4aa4-9615-e2894b000c95,11111111,none,2024-09-23,Saving vault topup prefunding wallet,none,-0.83,EUR,none,True
edbf1ac8-55fc-4158-ad4a-cf7afd09a137,11111111,none,2024-09-25,Savings Vault topup,none,0.5,EUR,none,True
42129181-308c-4af6-b9f6-902be883939b,11111111,none,2024-09-25,Saving vault topup prefunding wallet,none,-0.5,EUR,none,True
588cf44b-562a-4d2d-a263-ef435851f867,11111111,none,2024-09-28,Savings Vault topup,none,0.09,EUR,none,True
a36dc162-29d1-4ada-8aca-d56e19cc4550,11111111,none,2024-09-28,Saving vault topup prefunding wallet,none,-0.09,EUR,none,True
e92a3507-2dce-4d77-97d7-e04d66c2b5ca,11111111,none,2024-09-29,Savings Vault topup,none,0.08,EUR,none,True
de17eae0-13e6-4858-ba38-c92c3136753a,11111111,none,2024-09-29,Saving vault topup prefunding wallet,none,-0.08,EUR,none,True
f73ce8eb-d076-430a-9b8f-79a69c15dc12,11111111,none,2024-09-30,Savings Vault topup,none,0.98,EUR,none,True
b3fe9f4e-097b-4252-bbc9-aeb5731b6a56,11111111,none,2024-09-30,Saving vault topup prefunding wallet,none,-0.98,EUR,none,True
d34cecdc-5d47-4f04-85b1-f0f663acbb10,11111111,none,2024-10-01,Savings Vault topup,none,1.0,EUR,none,True
274bd016-3d55-446f-bb67-37d0b455254b,11111111,none,2024-10-01,Saving vault topup prefunding wallet,none,-1.0,EUR,none,True
adf16f85-9ee6-4f06-a5b1-b68c09103b83,11111111,none,2024-10-01,Savings Vault topup,none,1.0,EUR,none,True
143cef6f-25cb-4aea-ac65-39933e9fbd9b,11111111,none,2024-10-01,Saving vault topup prefunding wallet,none,-1.0,EUR,none,True
fdd66bc5-94e0-4a68-96cb-b13cb024c0b3,11111111,none,2024-10-02,Savings Vault topup,none,0.4,EUR,none,True
8d1a020f-c9c3-4023-9348-e03bd8ae4f90,11111111,none,2024-10-02,Saving vault topup prefunding wallet,none,-0.4,EUR,none,True
40875b0c-2f0a-427d-9ead-4a0dbe7a626a,11111111,none,2024-10-03,Savings Vault topup,none,0.25,EUR,none,True
46abb364-3af5-44c7-8acc-bb65dc2b8594,11111111,none,2024-10-03,Saving vault topup prefunding wallet,none,-0.25,EUR,none,True
aa5e7394-2267-467e-b8b8-071378dd275e,11111111,none,2024-10-03,Savings Vault topup,none,1.0,EUR,none,True
a7e06cca-c7ba-4195-a259-8f645d7eae88,11111111,none,2024-10-03,Saving vault topup prefunding wallet,none,-1.0,EUR,none,True
c6372958-184c-41c2-8789-7bc1eb2ab34c,11111111,none,2024-10-03,Savings Vault topup,none,0.5,EUR,none,True
b86a8f18-3af2-4a4d-8311-148b908ebf39,11111111,none,2024-10-03,Saving vault topup prefunding wallet,none,-0.5,EUR,none,True
9167f7aa-5754-47ad-876b-b29035f404f6,11111111,none,2024-10-04,Savings Vault topup,none,0.77,EUR,none,True
28fe00a2-eb46-4c24-bbf4-26b7454d1985,11111111,none,2024-10-04,Saving vault topup prefunding wallet,none,-0.77,EUR,none,True
1a4224aa-a6ac-40d9-a839-49859a4d3272,11111111,none,2024-10-06,Savings Vault topup,none,0.38,EUR,none,True
03a505c2-a618-498e-a3f3-d6cf7edb5660,11111111,none,2024-10-06,Saving vault topup prefunding wallet,none,-0.38,EUR,none,True
ea520c5f-46fd-4f73-a736-bfff0c5644ea,11111111,none,2024-10-06,Savings Vault topup,none,0.02,EUR,none,True
5867b333-c72e-4fc5-bdc2-fbfeb54248ee,11111111,none,2024-10-06,Saving vault topup prefunding wallet,none,-0.02,EUR,none,True
ff409ac5-453d-47fd-a625-a38d532c2954,11111111,none,2024-10-12,Savings vault withdrawal from prefunding wallet,none,389.58,EUR,none,True
536c5977-2f34-44b5-a57e-55e482bbac37,11111111,none,2024-10-12,From Flexible Cash Funds,none,-389.58,EUR,none,True
f96467d7-6aff-4614-8a5c-048c62eb593d,11111111,none,2024-10-28,Savings Vault topup,none,1.0,EUR,none,True
b729c8fe-b516-45bc-ab5b-039d79a24d2a,11111111,none,2024-10-28,Saving vault topup prefunding wallet,none,-1.0,EUR,none,True
4e2fd259-15ad-4de2-95ce-c88a333150d8,11111111,none,2024-10-28,Savings Vault topup,none,1.0,EUR,none,True
9da6e7b4-1abf-4395-b610-34d2132bab20,11111111,none,2024-10-28,Saving vault topup prefunding wallet,none,-1.0,EUR,none,True
7e37438b-0365-43fe-b346-36a0fe67c0b3,11111111,none,2024-10-31,Savings vault withdrawal from prefunding wallet,none,200.0,EUR,none,True
1fb704ee-77da-401a-8980-017d408967a4,11111111,none,2024-10-31,From Flexible Cash Funds,none,-200.0,EUR,none,True
22745c1c-01f9-47e2-8517-58d4be9809c0,11111111,none,2024-11-01,Savings Vault topup,none,700.0,EUR,none,True
00b9166c-e87a-4bd9-af4b-4e2a0d118e40,11111111,none,2024-11-01,Saving vault topup prefunding wallet,none,-700.0,EUR,none,True
2ce496b7-09d2-46a7-88c6-bf4806e98cc3,11111111,none,2024-11-13,Savings vault withdrawal from prefunding wallet,none,100.0,EUR,none,True
925acc8c-ab9d-46a6-8ad4-c9ede20cf83d,11111111,none,2024-11-13,From Flexible Cash Funds,none,-100.0,EUR,none,True
e1a2341d-681a-4fc5-aed9-e43789077cf5,11111111,none,2024-11-13,Savings Vault topup,none,101.0,EUR,none,True
616e261d-f3c9-44e1-8cfa-c4703c2d1504,11111111,none,2024-11-13,Saving vault topup prefunding wallet,none,-101.0,EUR,none,True
2240f40a-a9e0-4fec-9696-d395f65a416a,11111111,none,2024-11-14,Savings vault withdrawal from prefunding wallet,none,100.0,EUR,none,True
632df451-10d3-496c-af01-65ab22396cda,11111111,none,2024-11-14,From Flexible Cash Funds,none,-100.0,EUR,none,True
4bde89f3-48d9-42a6-a9e9-c1654a86caa4,11111111,none,2024-11-14,Savings Vault topup,none,0.04,EUR,none,True
342406cd-3672-48a3-9d80-c21da018a259,11111111,none,2024-11-14,Saving vault topup prefunding wallet,none,-0.04,EUR,none,True
bb580979-4f29-4f29-820f-ab650c675b3d,11111111,none,2024-11-17,Savings Vault topup,none,1.0,EUR,none,True
3a8a2bc7-c66f-49d9-8789-6e660c477423,11111111,none,2024-11-17,Saving vault topup prefunding wallet,none,-1.0,EUR,none,True
651b0617-3b84-41da-89a9-2aca10fd226d,11111111,none,2024-11-17,Savings vault withdrawal from prefunding wallet,none,200.0,EUR,none,True
e06edcdb-6ac0-486b-a7b8-f07ad21733df,11111111,none,2024-11-17,From Flexible Cash Funds,none,-200.0,EUR,none,True
dc8c2ce5-71a4-4187-9423-ff941943fce2,11111111,none,2024-11-17,Savings Vault topup,none,0.55,EUR,none,True
72e99603-58ac-484e-9fb5-cc580b0e75f0,11111111,none,2024-11-17,Saving vault topup prefunding wallet,none,-0.55,EUR,none,True
e9314aec-762a-48b8-b770-ceca6c88d763,11111111,none,2024-11-26,Savings Vault topup,none,0.5,EUR,none,True
6beb48df-7981-4707-b9d1-e4027078c5b5,11111111,none,2024-11-26,Saving vault topup prefunding wallet,none,-0.5,EUR,none,True
fe145669-58e8-4347-880a-0559624c4317,11111111,none,2024-11-27,Savings Vault topup,none,0.55,EUR,none,True
111114e4-e249-4d7b-8a2e-efa0fba50c30,11111111,none,2024-11-27,Saving vault topup prefunding wallet,none,-0.55,EUR,none,True
e2506f4b-973b-4ec9-b6a9-7f691aa03a3b,11111111,none,2024-12-01,Savings Vault topup,none,0.43,EUR,none,True
b0660347-b482-42cf-b521-fbf0937c0930,11111111,none,2024-12-01,Saving vault topup prefunding wallet,none,-0.43,EUR,none,True
b553c05c-e88e-42a6-a49e-1fd1bf04335a,11111111,none,2024-12-18,Savings Vault topup,none,1.0,EUR,none,True
22e3b5aa-0d0c-4057-b827-2ae86cf661fd,11111111,none,2024-12-18,Saving vault topup prefunding wallet,none,-1.0,EUR,none,True
7b6f8586-ace7-4122-bc71-017902e2b7ad,11111111,none,2024-12-19,Savings vault withdrawal from prefunding wallet,none,400.0,EUR,none,True
fbcae147-6a6e-402a-b1c8-79c6b84b034a,11111111,none,2024-12-19,From Flexible Cash Funds,none,-400.0,EUR,none,True
cebd5969-8003-479d-9cf7-d458c7069098,11111111,none,2024-12-19,Savings Vault topup,none,0.32,EUR,none,True
fb3a4097-c3ee-4782-a9a0-aa7dd7a2526a,11111111,none,2024-12-19,Saving vault topup prefunding wallet,none,-0.32,EUR,none,True
e09ff79b-b6ac-4722-8293-4ff71f7eeed1,11111111,none,2024-12-19,Savings Vault topup,none,0.01,EUR,none,True
c3c13ef5-1bb1-4bfd-98ac-ea4c0121dea0,11111111,none,2024-12-19,Saving vault topup prefunding wallet,none,-0.01,EUR,none,True
671f0729-71b2-4235-bd2d-89de55fb24b1,11111111,none,2024-12-20,Savings Vault topup,none,0.06,EUR,none,True
632f95f9-61d1-426f-b1d7-6ab3af814b1a,11111111,none,2024-12-20,Saving vault topup prefunding wallet,none,-0.06,EUR,none,True
0bd3bfce-397c-436b-98dc-242b85437051,11111111,none,2024-12-20,Savings Vault topup,none,0.3,EUR,none,True
73d34c73-c7ae-47ef-a579-6242a73d7b62,11111111,none,2024-12-20,Saving vault topup prefunding wallet,none,-0.3,EUR,none,True
3692e181-453a-4765-a6d1-10d86953689d,11111111,none,2024-12-20,Savings Vault topup,none,1.0,EUR,none,True
fd4f2389-9d7c-4441-ae52-c6b1445a65b4,11111111,none,2024-12-20,Saving vault topup prefunding wallet,none,-1.0,EUR,none,True
e754289b-c733-431e-a2fe-142676d8472e,11111111,none,2024-12-20,Savings Vault topup,none,0.2,EUR,none,True
9845811c-bcbd-49fb-83f4-b9befe6c4ff6,11111111,none,2024-12-20,Saving vault topup prefunding wallet,none,-0.2,EUR,none,True
b4fdb4cd-2536-498a-84e2-16ac6cd9b584,11111111,none,2024-12-20,Savings Vault topup,none,0.02,EUR,none,True
4c6ef665-e9cd-4e1d-b709-463aa6c4e4ed,11111111,none,2024-12-20,Saving vault topup prefunding wallet,none,-0.02,EUR,none,True
1a389ca6-ff43-4d1c-a6ed-f67a09d7626e,11111111,none,2024-12-20,Savings Vault topup,none,1.0,EUR,none,True
1641ac88-4245-4e02-9b46-b12febda5720,11111111,none,2024-12-20,Saving vault topup prefunding wallet,none,-1.0,EUR,none,True
ced47b46-18b9-4795-8f16-6f00cde55fcc,11111111,none,2024-12-24,Savings Vault topup,none,0.5,EUR,none,True
ae586bc5-0d36-4b4b-8de3-96879b6c23ec,11111111,none,2024-12-24,Saving vault topup prefunding wallet,none,-0.5,EUR,none,True
2de321db-23cf-47df-afef-ec65dccce978,11111111,none,2024-12-24,Savings Vault topup,none,1.0,EUR,none,True
713b022f-f26c-4976-87d5-979949003801,11111111,none,2024-12-24,Saving vault topup prefunding wallet,none,-1.0,EUR,none,True
2ad91ade-934c-4dfe-9c9e-aaf97daf3953,11111111,none,2024-12-24,Savings Vault topup,none,0.05,EUR,none,True
7cf8e7e5-a1c6-4777-9d45-de8c906e2719,11111111,none,2024-12-24,Saving vault topup prefunding wallet,none,-0.05,EUR,none,True
74ee286b-71a9-48a8-8719-8e56ca0044e0,11111111,none,2024-12-24,Savings Vault topup,none,1.0,EUR,none,True
b5a5f2fe-e1ab-4567-b253-4d5e70e4836f,11111111,none,2024-12-24,Saving vault topup prefunding wallet,none,-1.0,EUR,none,True
7f8d27fe-ec44-4457-aad2-586073f27e67,11111111,none,2024-12-24,Savings Vault topup,none,1.0,EUR,none,True
889f124e-eeef-4b33-8f32-bee3959259b0,11111111,none,2024-12-24,Saving vault topup prefunding wallet,none,-1.0,EUR,none,True
3ed21f9e-2a27-4cc3-9af3-3bdb5da90873,11111111,none,2024-12-24,Savings Vault topup,none,0.5,EUR,none,True
4763ebf4-2cc7-400a-ac61-0abf2c74b7c5,11111111,none,2024-12-24,Saving vault topup prefunding wallet,none,-0.5,EUR,none,True
45c528f3-869b-4e18-8eaa-93c06d1be646,11111111,none,2024-12-24,Savings Vault topup,none,1.0,EUR,none,True
1524afac-4062-4f95-ac39-388e87c830cd,11111111,none,2024-12-24,Saving vault topup prefunding wallet,none,-1.0,EUR,none,True
a589dcec-7f9a-4907-98bb-250a71aefa26,11111111,none,2024-12-24,Savings Vault topup,none,1.0,EUR,none,True
975d8020-ae38-4e32-bebf-25d833aa5c85,11111111,none,2024-12-24,Saving vault topup prefunding wallet,none,-1.0,EUR,none,True
981952c0-65d5-442c-9006-306357886024,11111111,none,2024-12-24,Savings Vault topup,none,0.35,EUR,none,True
2fadccbd-2dc5-4968-bc01-a9389d0594d4,11111111,none,2024-12-24,Saving vault topup prefunding wallet,none,-0.35,EUR,none,True
074242b3-0837-47b0-8849-2747d0a445e6,11111111,none,2024-12-24,Savings Vault topup,none,1.0,EUR,none,True
ac4fe28d-97c4-4814-8be6-c56cd0d2433a,11111111,none,2024-12-24,Saving vault topup prefunding wallet,none,-1.0,EUR,none,True
cafeff85-ff3a-4294-92d0-bb447d5dbcb3,11111111,none,2024-12-28,Savings Vault topup,none,51.0,EUR,none,True
4a453282-5f09-469e-90a6-a6244d3bf6b4,11111111,none,2024-12-28,Saving vault topup prefunding wallet,none,-51.0,EUR,none,True
a4dfd1a3-cb3b-4d10-8cbd-c7ebee3b66aa,11111111,none,2025-01-31,Savings vault withdrawal from prefunding wallet,none,1.0,EUR,none,True
2dc4a274-2fda-41eb-be26-7677acfca462,11111111,none,2025-01-31,From Flexible Cash Funds,none,-1.0,EUR,none,True
2f7907b8-e3b8-45ff-b7d7-6d99df6eaa54,11111111,none,2025-02-02,Savings vault withdrawal from prefunding wallet,none,1.0,EUR,none,True
4e70f023-c9b2-44d5-9a1e-f9052c436a10,11111111,none,2025-02-02,From Flexible Cash Funds,none,-1.0,EUR,none,True
fd0e5587-1e86-4c1f-b101-4b74476086ac,11111111,none,2025-02-13,Savings Vault topup,none,1.0,EUR,none,True
74f406aa-f19e-44d9-a163-84b50dde45c3,11111111,none,2025-02-13,Saving vault topup prefunding wallet,none,-1.0,EUR,none,True
dc7aaeab-e238-4682-8be1-da1d5f0eda02,11111111,none,2025-02-17,Savings Vault topup,none,0.2,EUR,none,True
e47371db-0271-4a0e-8e98-67ce65a9c1f2,11111111,none,2025-02-17,Saving vault topup prefunding wallet,none,-0.2,EUR,none,True
f1e2e180-d190-4432-9adb-d7e1e64bc9c7,11111111,none,2025-02-17,Savings Vault topup,none,0.82,EUR,none,True
df384ffb-5c80-4baf-b51d-e44affe0bead,11111111,none,2025-02-17,Saving vault topup prefunding wallet,none,-0.82,EUR,none,True
02e099e6-bbb7-4186-99ee-fc8abf786efc,11111111,none,2025-02-17,Savings Vault topup,none,3.0,EUR,none,True
6a9af7ca-c211-413f-8283-e5a197e5e6a0,11111111,none,2025-02-17,Saving vault topup prefunding wallet,none,-3.0,EUR,none,True
00d34d67-72e4-42d7-a359-9406911f4c80,11111111,none,2025-02-19,Savings vault withdrawal from prefunding wallet,none,2.0,EUR,none,True
10f15ce6-70a8-42de-9ca6-c3b542ba98c9,11111111,none,2025-02-19,From Flexible Cash Funds,none,-2.0,EUR,none,True
dba2ae5a-b5b4-4b68-bd74-8cceb64ca0c7,11111111,none,2025-02-19,Savings Vault topup,none,142.0,EUR,none,True
011cd9e0-ecf8-4689-afbb-b8d292bae61f,11111111,none,2025-02-19,Saving vault topup prefunding wallet,none,-142.0,EUR,none,True
c996e50e-28ac-4397-a152-8afdcff59b34,11111111,none,2025-02-19,Savings vault withdrawal from prefunding wallet,none,10.0,EUR,none,True
1c2f54bd-d063-40d7-9c83-7ee9bd38689e,11111111,none,2025-02-19,From Flexible Cash Funds,none,-10.0,EUR,none,True
9a0eaec4-447b-4b18-8696-e892dc0acce6,11111111,none,2025-02-27,Savings Vault topup,none,1.0,EUR,none,True
44b2a80b-a123-4fbf-acb9-b20fd257fd1d,11111111,none,2025-02-27,Saving vault topup prefunding wallet,none,-1.0,EUR,none,True
296d7647-41fc-4277-b24a-134ec939e25f,11111111,none,2025-03-17,Savings vault withdrawal from prefunding wallet,none,100.0,EUR,none,True
9098213f-88ce-46c7-8275-bcd631348e45,11111111,none,2025-03-17,From Flexible Cash Funds,none,-100.0,EUR,none,True
1c938c9b-9fee-4f84-84b2-2a349a1226e6,11111111,none,2025-03-19,Savings Vault topup,none,0.71,EUR,none,True
7b2aa4f7-5ee3-4575-becf-945c2198083f,11111111,none,2025-03-19,Saving vault topup prefunding wallet,none,-0.71,EUR,none,True
1b72f562-58ed-46e5-bf6c-5b31b687d3eb,11111111,none,2025-04-05,Savings Vault topup,none,100.0,EUR,none,True
4642c266-ec93-490e-b370-b5b5ff72ee48,11111111,none,2025-04-05,Saving vault topup prefunding wallet,none,-100.0,EUR,none,True
57992ef7-eceb-483d-9f7c-dbf8e0030b7d,11111111,none,2025-04-05,Savings vault withdrawal from prefunding wallet,none,40.0,EUR,none,True
3efa2a7d-3392-4ae6-978b-31579e323687,11111111,none,2025-04-05,From Flexible Cash Funds,none,-40.0,EUR,none,True
c58077c8-1751-40ec-9954-5ce9323ee022,11111111,none,2025-05-09,Savings vault withdrawal from prefunding wallet,none,100.0,EUR,none,True
e5323ae0-eddf-4a88-8b34-cfd9cd18fe5e,11111111,none,2025-05-09,From Flexible Cash Funds,none,-100.0,EUR,none,True
986157ea-550b-4ff8-8c8f-938200589456,11111111,none,2025-05-16,Savings Vault topup,none,1.0,EUR,none,True
2a120463-746e-4c6a-a118-ed08cd3a185c,11111111,none,2025-05-16,Saving vault topup prefunding wallet,none,-1.0,EUR,none,True
d4dd8e5b-896f-4af3-b7c7-49f0af842891,11111111,none,2025-05-17,Savings Vault topup,none,0.5,EUR,none,True
323d4e2d-ce34-449e-ad4a-67cd5bacfcfb,11111111,none,2025-05-17,Saving vault topup prefunding wallet,none,-0.5,EUR,none,True
489ee309-cf94-4f43-9357-e9eb3ca2295f,11111111,none,2025-05-17,Savings Vault topup,none,0.2,EUR,none,True
b8b7515d-38ca-4cd0-b8dd-765334349004,11111111,none,2025-05-17,Saving vault topup prefunding wallet,none,-0.2,EUR,none,True
80a23d6d-0f0d-4360-bcf2-d765d8142c08,11111111,none,2025-05-18,Savings Vault topup,none,0.25,EUR,none,True
396d5b4c-4e2a-46cc-bbe4-5e602efaa2c4,11111111,none,2025-05-18,Saving vault topup prefunding wallet,none,-0.25,EUR,none,True
5357376c-8202-4dc7-b0a3-fa291036f8cc,11111111,none,2025-05-18,Savings Vault topup,none,1.0,EUR,none,True
d2792127-cbfd-45ad-8d2a-ff5485e27b3a,11111111,none,2025-05-18,Saving vault topup prefunding wallet,none,-1.0,EUR,none,True
d2fc43a8-5141-4e5e-be52-4e436b98a3a1,11111111,none,2025-05-19,Savings Vault topup,none,0.34,EUR,none,True
598525ff-919a-4bd3-91da-ab6dd6ded5f5,11111111,none,2025-05-19,Saving vault topup prefunding wallet,none,-0.34,EUR,none,True
5e42f8c6-6698-4afb-9db4-ea8fbe3e6d0e,11111111,none,2025-05-21,Savings Vault topup,none,0.7,EUR,none,True
6358873d-99cc-4f85-8284-7d2d914f9eba,11111111,none,2025-05-21,Saving vault topup prefunding wallet,none,-0.7,EUR,none,True
02a6cb44-ad99-4188-9d2f-1c61b3b9282a,11111111,none,2025-05-22,Savings vault withdrawal from prefunding wallet,none,60.0,EUR,none,True
71cbb7ca-6fbc-44ff-a01b-adfb9dcce6fa,11111111,none,2025-05-22,From Flexible Cash Funds,none,-60.0,EUR,none,True
7e3d6cad-1ce8-4c9f-b542-739075533b29,11111111,none,2025-05-22,Savings Vault topup,none,0.5,EUR,none,True
99ce6113-72fa-495c-a0ae-4750863e915a,11111111,none,2025-05-22,Saving vault topup prefunding wallet,none,-0.5,EUR,none,True
4400200d-a229-4b77-a8c4-ad1e270525db,11111111,none,2025-05-23,Savings Vault topup,none,1.0,EUR,none,True
d9394dfd-93bc-4045-9cbf-c42da2b5e798,11111111,none,2025-05-23,Saving vault topup prefunding wallet,none,-1.0,EUR,none,True
2bf48e2b-6aa0-4943-b819-cbe33aa788ce,11111111,none,2025-05-26,Savings Vault topup,none,0.6,EUR,none,True
ca86506e-b6f6-4cc0-99fb-ebd93282ffd5,11111111,none,2025-05-26,Saving vault topup prefunding wallet,none,-0.6,EUR,none,True
048ea00f-d961-4c9a-890e-ca0a28c85896,11111111,none,2025-05-27,Savings Vault topup,none,1.0,EUR,none,True
b4b8c4e8-6a35-4d79-b0c4-d1b15adc27e7,11111111,none,2025-05-27,Saving vault topup prefunding wallet,none,-1.0,EUR,none,True
13c106f6-3d87-4817-a8d2-66a8ef4b6dc4,11111111,none,2025-05-31,Savings Vault topup,none,1.0,EUR,none,True
ca5f87db-da46-4da3-85d4-90d22e9de6e7,11111111,none,2025-05-31,Saving vault topup prefunding wallet,none,-1.0,EUR,none,True
97426397-3405-421e-a24f-e5100abc033b,11111111,none,2025-06-03,Savings Vault topup,none,0.8,EUR,none,True
e5f10c19-e0b8-4cce-a106-27b8c167efb9,11111111,none,2025-06-03,Saving vault topup prefunding wallet,none,-0.8,EUR,none,True
3b09ef19-a7f9-41a9-8508-5351ed59c1ea,11111111,none,2025-06-03,Savings Vault topup,none,0.37,EUR,none,True
6ef8f47b-6b42-4a02-bf9f-305e69ccdd9f,11111111,none,2025-06-03,Saving vault topup prefunding wallet,none,-0.37,EUR,none,True
35fc0ed2-878a-402c-a1bc-b3a47bddd001,11111111,none,2025-06-24,To Flexible Cash Funds,none,0.3,EUR,none,True
863a69b4-e81d-4604-8fb4-8ef50fac9229,11111111,none,2025-06-24,Saving vault topup prefunding wallet,none,-0.3,EUR,none,True
57704060-d3a7-4a79-a102-fb511e7a22d1,11111111,none,2025-06-24,To Flexible Cash Funds,none,0.7,EUR,none,True
520bcc09-9474-4663-a54a-6da1a40448e4,11111111,none,2025-06-24,Saving vault topup prefunding wallet,none,-0.7,EUR,none,True
6a3f368d-e385-4444-be41-41f77ffb8e99,11111111,none,2025-06-24,To Flexible Cash Funds,none,1.0,EUR,none,True
72c678b4-f6e6-4905-9377-76e420a3a8a4,11111111,none,2025-06-24,Saving vault topup prefunding wallet,none,-1.0,EUR,none,True
dd88c0f0-906e-46f7-9c2f-a82f535a4f6b,11111111,none,2025-06-25,To Flexible Cash Funds,none,52.17,EUR,none,True
c58c0998-c7e5-498d-8015-529d36d1ccfd,11111111,none,2025-06-25,Saving vault topup prefunding wallet,none,-52.17,EUR,none,True
e666c338-523d-4e6f-9a33-5e05e645aa1e,11111111,none,2025-06-28,Exchanged to EUR,none,0.5,EUR,none,True
3359b149-6d2c-4f0c-9242-aa3a2290eab1,11111111,none,2025-06-28,Saving vault topup prefunding wallet,none,-0.5,EUR,none,True
b028fbbe-1137-4e4e-9553-ec757c14d6b6,11111111,none,2025-06-28,Exchanged to EUR,none,0.05,EUR,none,True
9dd79564-b952-479b-9ecf-a116116476d5,11111111,none,2025-06-28,Saving vault topup prefunding wallet,none,-0.05,EUR,none,True
4612de2a-68cb-4e5b-b54f-4ffbd565dca3,11111111,none,2025-06-28,Exchanged to EUR,none,0.39,EUR,none,True
0e310350-a032-4184-9fe8-f49b0b5b12ec,11111111,none,2025-06-28,Saving vault topup prefunding wallet,none,-0.39,EUR,none,True
e69b14a1-ba83-4f62-a76b-b3f813c75d0a,11111111,none,2025-06-29,Exchanged to EUR,none,0.78,EUR,none,True
9f7a399e-f907-469c-993a-d6e096b90af3,11111111,none,2025-06-29,Saving vault topup prefunding wallet,none,-0.77,EUR,none,True
d1c41657-cdf5-4faf-a081-9160dd03b910,11111111,none,2025-06-29,Exchanged to EUR,none,0.98,EUR,none,True
3c418c4c-5474-49c1-9659-503849920777,11111111,none,2025-06-29,Saving vault topup prefunding wallet,none,-0.97,EUR,none,True
4efff1d6-0642-44a5-ae01-311bf328cbb4,11111111,none,2025-06-29,Exchanged to EUR,none,0.98,EUR,none,True
dce21a6f-fb7e-4e18-9473-a59e35484314,11111111,none,2025-06-29,Saving vault topup prefunding wallet,none,-0.97,EUR,none,True
8326717a-66fa-4757-94bb-73bc0e891230,11111111,none,2025-06-29,Exchanged to EUR,none,0.97,EUR,none,True
7ddbe25c-b53c-4e71-859f-0fcb7f831859,11111111,none,2025-06-29,Saving vault topup prefunding wallet,none,-0.96,EUR,none,True
65c857f5-4e64-4197-8e5a-2a5a0ed53f85,11111111,none,2025-06-29,Exchanged to EUR,none,0.97,EUR,none,True
d0084c90-7aba-41c4-a3bf-acd989857482,11111111,none,2025-06-29,Saving vault topup prefunding wallet,none,-0.96,EUR,none,True
3cfb324a-d0e9-40e8-85f3-ae0535cdaba8,11111111,none,2025-06-29,Exchanged to EUR,none,0.19,EUR,none,True
4ec9154f-e117-49c3-9819-6933bdd85645,11111111,none,2025-06-29,Saving vault topup prefunding wallet,none,-0.19,EUR,none,True
7c747d84-b6a7-4f2b-a10f-e7815c11cde6,11111111,none,2025-06-29,Exchanged to EUR,none,0.88,EUR,none,True
8cfc1fd4-b174-4ec3-910f-4043a189e928,11111111,none,2025-06-29,Saving vault topup prefunding wallet,none,-0.87,EUR,none,True
eb65f6a2-1a86-4b76-bc2d-05d6c24b3942,11111111,none,2025-06-29,Exchanged to EUR,none,0.39,EUR,none,True
813f2051-3840-474f-b25f-627bf22b9758,11111111,none,2025-06-29,Saving vault topup prefunding wallet,none,-0.39,EUR,none,True
21539561-e691-4af8-8867-84ddfb8640f0,11111111,none,2025-06-29,Exchanged to EUR,none,0.97,EUR,none,True
4aebd5df-0daa-4967-a9f8-24622750fa9e,11111111,none,2025-06-29,Saving vault topup prefunding wallet,none,-0.96,EUR,none,True
ea8ffa99-25fc-46fd-a0ca-9a25b201a03c,11111111,none,2025-06-29,Exchanged to EUR,none,0.78,EUR,none,True
7d9d9ce0-9516-41f9-97c6-7e865ff74f8c,11111111,none,2025-06-29,Saving vault topup prefunding wallet,none,-0.77,EUR,none,True
a1b8736e-ed9f-47d0-8784-fc8673a3e550,11111111,none,2025-06-29,Exchanged to EUR,none,0.68,EUR,none,True
52ce74f5-9297-411b-b877-e2d06017b5d3,11111111,none,2025-06-29,Saving vault topup prefunding wallet,none,-0.67,EUR,none,True
34676c35-f52a-4e57-9c5d-e090bc57bf3a,11111111,none,2025-06-30,Savings vault withdrawal from prefunding wallet,none,77.61,EUR,none,True
6aeb2e50-63be-408e-87fb-738e5e13341c,11111111,none,2025-06-30,From Flexible Cash Funds,none,-77.61,EUR,none,True
c9eba4b8-0ee8-46b0-9a5b-ad74fa4d740a,11111111,none,2025-06-30,To Flexible Cash Funds,none,0.4,EUR,none,True
ab6dcc35-d517-4455-892d-42e3d6208b7c,11111111,none,2025-06-30,Saving vault topup prefunding wallet,none,-0.4,EUR,none,True
9c8bbf63-99bb-4cde-8f0a-6648cc155de0,11111111,none,2025-06-30,To Flexible Cash Funds,none,0.6,EUR,none,True
b0ad79e7-7955-4239-80dc-9d36da05a766,11111111,none,2025-06-30,Saving vault topup prefunding wallet,none,-0.6,EUR,none,True
9e23bc48-721a-424a-8094-c0089563afdd,11111111,none,2025-06-30,To Flexible Cash Funds,none,0.8,EUR,none,True
5d6d6e5a-c0e3-4da9-a3ad-014c61e8d90e,11111111,none,2025-06-30,Saving vault topup prefunding wallet,none,-0.8,EUR,none,True
7f220839-46a8-40d6-acc8-b702aff2a434,11111111,none,2025-07-02,Savings vault withdrawal from prefunding wallet,none,1.8,EUR,none,True
6c6ee98f-4117-40e0-807e-b96f0db9f68e,11111111,none,2025-07-02,From Flexible Cash Funds,none,-1.8,EUR,none,True
0d0fdf8c-6505-435d-8295-a456a6260e53,11111111,none,2025-07-02,To Flexible Cash Funds,none,0.22,EUR,none,True
fee1fcde-e609-4f78-b3a4-9f892cd2f906,11111111,none,2025-07-02,Saving vault topup prefunding wallet,none,-0.22,EUR,none,True
0a30062f-6a3d-43df-a8f8-792ee19d6b86,11111111,none,2025-07-05,To Flexible Cash Funds,none,0.63,EUR,none,True
c7ebf280-d2ad-477f-9ab3-da1d63749971,11111111,none,2025-07-05,Saving vault topup prefunding wallet,none,-0.63,EUR,none,True
23f1dc95-a3e8-4d64-8ed6-612c6b58ce57,11111111,none,2025-07-07,To Flexible Cash Funds,none,0.1,EUR,none,True
2428d20a-d145-436c-b2af-d9303ef55314,11111111,none,2025-07-07,Saving vault topup prefunding wallet,none,-0.1,EUR,none,True
af1a4bf2-c8cd-4db0-92e9-81fd865ecc7a,11111111,none,2025-07-07,To Flexible Cash Funds,none,0.23,EUR,none,True
27c26111-eabd-465b-b5bc-825a24c957b0,11111111,none,2025-07-07,Saving vault topup prefunding wallet,none,-0.23,EUR,none,True
f204ecc3-3957-4ca3-bb6c-83f512b964eb,11111111,none,2025-07-07,To Flexible Cash Funds,none,0.5,EUR,none,True
7c942689-68ac-4f33-9aeb-fcb8b487b675,11111111,none,2025-07-07,Saving vault topup prefunding wallet,none,-0.5,EUR,none,True
2e206458-5ecc-4f18-a2da-5d4aaa2b5e39,11111111,none,2025-07-12,Savings vault withdrawal from prefunding wallet,none,1.68,EUR,none,True
67634f44-1aec-4310-9a4b-f1c104ba8552,11111111,none,2025-07-12,From Flexible Cash Funds,none,-1.68,EUR,none,True
6573e2fb-10ba-4e73-bd4a-c03914a08ac9,11111111,none,2025-07-13,To Flexible Cash Funds,none,0.36,EUR,none,True
5bc06514-72dc-4519-877b-3dae8e31d073,11111111,none,2025-07-13,Saving vault topup prefunding wallet,none,-0.36,EUR,none,True
93242d80-5613-46ec-bbf9-82777945b09d,11111111,none,2025-07-16,To Flexible Cash Funds,none,0.5,EUR,none,True
ee25ccb1-f936-48ee-9f58-e25b3027105b,11111111,none,2025-07-16,Saving vault topup prefunding wallet,none,-0.5,EUR,none,True
45e9acae-0b0e-4f99-bdea-42272e75157e,11111111,none,2025-07-16,To Flexible Cash Funds,none,1.0,EUR,none,True
f6991c78-c3b8-472d-ac69-51a6acc69d62,11111111,none,2025-07-16,Saving vault topup prefunding wallet,none,-1.0,EUR,none,True
95afb1af-050b-4ce0-8990-8d67f0e8ed83,11111111,none,2025-07-16,To Flexible Cash Funds,none,1.0,EUR,none,True
4b61bdb1-9029-43b7-98b9-3a9b3a52cd5c,11111111,none,2025-07-16,Saving vault topup prefunding wallet,none,-1.0,EUR,none,True
987f61c0-8ddd-4e34-9d88-2d1d2195f692,11111111,none,2025-07-17,To Flexible Cash Funds,none,1.0,EUR,none,True
a8403ea3-e36a-4b29-a99a-877d1febeff0,11111111,none,2025-07-17,Saving vault topup prefunding wallet,none,-1.0,EUR,none,True
30e7219c-2d23-4134-a8f7-43f3a57ec3aa,11111111,none,2025-07-17,To Flexible Cash Funds,none,0.85,EUR,none,True
f89fdc26-6eb2-49de-8640-7b4490874bdc,11111111,none,2025-07-17,Saving vault topup prefunding wallet,none,-0.85,EUR,none,True
8a338b22-0840-408f-b634-40ee447ec2ba,11111111,none,2025-07-18,To Flexible Cash Funds,none,0.25,EUR,none,True
5f0c064c-2d96-4f35-93d2-bc9b4449bd30,11111111,none,2025-07-18,Saving vault topup prefunding wallet,none,-0.25,EUR,none,True
01849a80-eeb4-4660-9121-b188cef41479,11111111,none,2025-07-19,To Flexible Cash Funds,none,0.5,EUR,none,True
27213adf-0236-4d3b-b017-fee8525afe10,11111111,none,2025-07-19,Saving vault topup prefunding wallet,none,-0.5,EUR,none,True
0adafd7b-1a5d-4335-89b9-61a077611cd3,11111111,none,2025-07-19,To Flexible Cash Funds,none,0.64,EUR,none,True
1ce0403c-8067-4597-92b2-45b80ab491bf,11111111,none,2025-07-19,Saving vault topup prefunding wallet,none,-0.64,EUR,none,True
1f010f42-9308-4c80-a53b-5089c8e41a53,11111111,none,2025-07-22,To Flexible Cash Funds,none,0.05,EUR,none,True
b9f15414-9a57-4665-b5e8-f29f490e4e0a,11111111,none,2025-07-22,Saving vault topup prefunding wallet,none,-0.05,EUR,none,True
0a2094dc-722f-4199-9b3a-483d8be88134,11111111,none,2025-07-22,To Flexible Cash Funds,none,0.6,EUR,none,True
c758c5e4-2f98-4713-8e51-eed0dbf387a9,11111111,none,2025-07-22,Saving vault topup prefunding wallet,none,-0.6,EUR,none,True
d49ebec1-c5e0-4bd3-9632-d6761ecf0439,11111111,none,2025-07-22,To Flexible Cash Funds,none,1.0,EUR,none,True
b30a706e-67f9-400c-8fa9-fbe9e737bd35,11111111,none,2025-07-22,Saving vault topup prefunding wallet,none,-1.0,EUR,none,True
592e65e7-3965-45c2-bf94-e18c5f558dfb,11111111,none,2025-07-22,To Flexible Cash Funds,none,0.15,EUR,none,True
03cfadd9-81b3-4bc5-9585-e2473d64f4e7,11111111,none,2025-07-22,Saving vault topup prefunding wallet,none,-0.15,EUR,none,True
46a8af71-970a-46fa-8176-eab837c549ca,11111111,none,2025-07-22,To Flexible Cash Funds,none,1.0,EUR,none,True
dbb977a4-0b4e-455d-918e-547945eb9599,11111111,none,2025-07-22,Saving vault topup prefunding wallet,none,-1.0,EUR,none,True
b5098c89-4307-4d66-91e2-75e75cd642a1,11111111,none,2025-07-23,To Flexible Cash Funds,none,0.6,EUR,none,True
fb053d1a-838b-49a2-a681-c5b2ae0028f5,11111111,none,2025-07-23,Saving vault topup prefunding wallet,none,-0.6,EUR,none,True
74581853-7e39-4648-97a1-8ec8d0bb564f,11111111,none,2025-07-25,To Flexible Cash Funds,none,0.94,EUR,none,True
1db76a72-5015-4f1a-b855-125983bfa9e8,11111111,none,2025-07-25,Saving vault topup prefunding wallet,none,-0.94,EUR,none,True
40af79c0-9ea4-4f19-9c6b-f689a880df51,11111111,none,2025-07-26,To Flexible Cash Funds,none,1.0,EUR,none,True
41ed040e-a917-457a-93b1-3deae99170b3,11111111,none,2025-07-26,Saving vault topup prefunding wallet,none,-1.0,EUR,none,True
e027a93c-9889-4a0b-a4f4-091aeaf79217,11111111,none,2025-07-26,To Flexible Cash Funds,none,0.01,EUR,none,True
3accb8bc-c492-4a84-81c4-e82c5f0d1eb9,11111111,none,2025-07-26,Saving vault topup prefunding wallet,none,-0.01,EUR,none,True
bb4d7797-40ee-4873-b4e4-bbbccca58147,11111111,none,2025-07-28,To Flexible Cash Funds,none,0.8,EUR,none,True
db1419b8-92c2-479c-955b-f55644024969,11111111,none,2025-07-28,Saving vault topup prefunding wallet,none,-0.8,EUR,none,True
d4878386-9cd7-4042-85c7-7643aad61553,11111111,none,2025-07-30,To Flexible Cash Funds,none,1.0,EUR,none,True
c6a08729-8569-46c8-a203-f7fa6cb0cbb1,11111111,none,2025-07-30,Saving vault topup prefunding wallet,none,-1.0,EUR,none,True
27caa4ac-74ac-4d49-a743-fa8e83438ef4,11111111,none,2025-07-31,To Flexible Cash Funds,none,0.29,EUR,none,True
7aabbd7b-ade9-48c0-b37a-1707aa743588,11111111,none,2025-07-31,Saving vault topup prefunding wallet,none,-0.29,EUR,none,True
c7ceda95-f777-47d9-b3d2-7ea61acf4854,11111111,none,2025-07-31,To Flexible Cash Funds,none,0.35,EUR,none,True
45f82667-c94d-4665-a436-a1ec85514e3a,11111111,none,2025-07-31,Saving vault topup prefunding wallet,none,-0.35,EUR,none,True
33cc39c4-0906-48e8-8526-3cd541f88848,11111111,none,2025-08-01,To Flexible Cash Funds,none,0.22,EUR,none,True
44a7ca2e-37e6-4263-92e6-4ce9a260b978,11111111,none,2025-08-01,Saving vault topup prefunding wallet,none,-0.22,EUR,none,True
cbfc68d2-9b66-4a5a-b7bb-a0071b880b33,11111111,none,2025-08-01,To Flexible Cash Funds,none,0.25,EUR,none,True
bd7b6fa2-1917-4572-981f-26897725e737,11111111,none,2025-08-01,Saving vault topup prefunding wallet,none,-0.25,EUR,none,True
01314ec8-b9a5-4a1d-a681-d890c2c83bbc,11111111,none,2025-08-01,To Flexible Cash Funds,none,0.85,EUR,none,True
fbf7d758-fdd3-4c4b-9208-ecb3b44804ec,11111111,none,2025-08-01,Saving vault topup prefunding wallet,none,-0.85,EUR,none,True
daf5a985-7a83-4411-96c7-985f3594ece1,11111111,none,2025-08-02,To Flexible Cash Funds,none,1.0,EUR,none,True
014aa7a9-c169-4343-a50e-fe386ad0f3d0,11111111,none,2025-08-02,Saving vault topup prefunding wallet,none,-1.0,EUR,none,True
c9152041-cb7d-48f3-a07c-8e8d2eb49a80,11111111,none,2025-08-04,To Flexible Cash Funds,none,0.33,EUR,none,True
66c176b0-b1e9-4951-a91b-5cd1a22eb985,11111111,none,2025-08-04,Saving vault topup prefunding wallet,none,-0.33,EUR,none,True
6869982b-f444-489e-9f8b-46cc3338055a,11111111,none,2025-08-05,To Flexible Cash Funds,none,1.0,EUR,none,True
073cf437-f09b-439c-9e91-7db77dac813c,11111111,none,2025-08-05,Saving vault topup prefunding wallet,none,-1.0,EUR,none,True
4707ff31-9463-4494-b559-2dc2b14ab215,11111111,none,2025-08-06,To Flexible Cash Funds,none,0.5,EUR,none,True
83a90a1e-3ea3-47cf-8347-5c5645feaac0,11111111,none,2025-08-06,Saving vault topup prefunding wallet,none,-0.5,EUR,none,True
665307d5-c4e4-4a74-af17-01146ccfec9f,11111111,none,2025-08-08,To Flexible Cash Funds,none,1.0,EUR,none,True
314ca473-c7a8-45a8-ac97-09ae2f539071,11111111,none,2025-08-08,Saving vault topup prefunding wallet,none,-1.0,EUR,none,True
2812fb1a-efed-4c8c-828f-53d37cba0e5d,11111111,none,2025-08-09,To Flexible Cash Funds,none,0.76,EUR,none,True
65a88089-ddb1-4d05-8dad-287f84dc112d,11111111,none,2025-08-09,Saving vault topup prefunding wallet,none,-0.76,EUR,none,True
000a5dd4-9341-4fc1-8c00-939f1f48649b,11111111,none,2025-08-09,To Flexible Cash Funds,none,1.0,EUR,none,True
022bbead-7fa2-4089-8af7-50f719338a1e,11111111,none,2025-08-09,Saving vault topup prefunding wallet,none,-1.0,EUR,none,True
021e5bbd-0fc9-4ab8-ab6a-7ae29b9f7710,11111111,none,2025-08-09,To Flexible Cash Funds,none,0.3,EUR,none,True
bdc4d989-bafd-4289-a680-d842c8d383e1,11111111,none,2025-08-09,Saving vault topup prefunding wallet,none,-0.3,EUR,none,True
4698435c-c084-419b-a998-972c56e8c791,11111111,none,2025-08-09,To Flexible Cash Funds,none,0.5,EUR,none,True
47cf477c-e6f2-4243-ae9e-dec475507b13,11111111,none,2025-08-09,Saving vault topup prefunding wallet,none,-0.5,EUR,none,True
8e5fdee3-7d8d-42bc-9955-c0fcfce7f165,11111111,none,2025-08-10,To Flexible Cash Funds,none,0.61,EUR,none,True
f3392c62-a521-42aa-877c-414e009f5ace,11111111,none,2025-08-10,Saving vault topup prefunding wallet,none,-0.61,EUR,none,True
3bd7d238-38cf-499d-b591-0eed7ac63b34,11111111,none,2025-08-11,To Flexible Cash Funds,none,50.0,EUR,none,True
a9691bdc-6dde-469e-a473-2d481435b9e2,11111111,none,2025-08-11,Saving vault topup prefunding wallet,none,-50.0,EUR,none,True
35e333f2-a3fd-47df-9765-009ca9135ccf,11111111,none,2025-08-11,To Flexible Cash Funds,none,1.0,EUR,none,True
b5c88533-a27c-40c2-a642-be1e5eb15b5f,11111111,none,2025-08-11,Saving vault topup prefunding wallet,none,-1.0,EUR,none,True
914bdb3c-7acf-4191-9d77-c0cd703f8660,11111111,none,2025-08-11,To Flexible Cash Funds,none,0.5,EUR,none,True
954f969f-c22b-4abc-b845-3b2245766e05,11111111,none,2025-08-11,Saving vault topup prefunding wallet,none,-0.5,EUR,none,True
9fc842b7-2480-4dc5-aaa1-abb5ecb59830,11111111,none,2025-08-14,To Flexible Cash Funds,none,143.95,EUR,none,True
b0d32aec-e4bc-4e8f-a487-c372d2fa6288,11111111,none,2025-08-14,Saving vault topup prefunding wallet,none,-143.95,EUR,none,True
1e0df610-4929-4a6b-8f4c-d9155df15f8e,11111111,none,2025-08-14,To Flexible Cash Funds,none,50.0,EUR,none,True
755af255-ddc6-470d-b55a-fcaca5d2d435,11111111,none,2025-08-14,Saving vault topup prefunding wallet,none,-50.0,EUR,none,True
bddd88e4-3cb0-4ae8-851f-ee4317752833,11111111,none,2025-08-15,To Flexible Cash Funds,none,0.3,EUR,none,True
5e3dd80e-fd57-4e6a-8462-20399eef8764,11111111,none,2025-08-15,Saving vault topup prefunding wallet,none,-0.3,EUR,none,True
6ccab68e-bf4c-4216-9c7c-f17c1b040772,11111111,none,2025-08-15,To Flexible Cash Funds,none,0.28,EUR,none,True
afe047e0-35a8-4754-bab4-7a8b45d3dec3,11111111,none,2025-08-15,Saving vault topup prefunding wallet,none,-0.28,EUR,none,True
d40cc7a0-dbd5-4afa-a50c-253ac53f2dad,11111111,none,2025-08-15,To Flexible Cash Funds,none,1.0,EUR,none,True
17ca204c-834b-4231-9d49-13d1251ae185,11111111,none,2025-08-15,Saving vault topup prefunding wallet,none,-1.0,EUR,none,True
4a00f8f3-6ac0-40a7-910e-4ce6a050273c,11111111,none,2025-08-15,Savings vault withdrawal from prefunding wallet,none,50.0,EUR,none,True
dc6ced6c-7ef6-48d1-8846-b8022abaa647,11111111,none,2025-08-15,From Flexible Cash Funds,none,-50.0,EUR,none,True
fd6d3301-d3a4-454f-8404-b1801276b4d3,11111111,none,2025-08-15,Savings vault withdrawal from prefunding wallet,none,50.0,EUR,none,True
0c81f0fe-1216-4f7e-98c7-2680bb5bba04,11111111,none,2025-08-15,From Flexible Cash Funds,none,-50.0,EUR,none,True
1a076013-41b2-4d19-a63a-7d62dddc9506,11111111,none,2025-08-15,To Flexible Cash Funds,none,1.0,EUR,none,True
18a3e5a8-daa9-456d-9f1c-cfaa7aed8811,11111111,none,2025-08-15,Saving vault topup prefunding wallet,none,-1.0,EUR,none,True
d3f9eed3-0395-4a0e-99dd-dcba9a9c85ef,11111111,none,2025-08-15,Savings vault withdrawal from prefunding wallet,none,100.0,EUR,none,True
16f5357a-078b-4bb1-a500-a7c891684821,11111111,none,2025-08-15,From Flexible Cash Funds,none,-100.0,EUR,none,True
67dc2386-c41e-438c-9bfd-eead7c886bcf,11111111,none,2025-08-15,To Flexible Cash Funds,none,0.19,EUR,none,True
edbf1d6c-3c0f-41ec-9e6c-df181d6f4db4,11111111,none,2025-08-15,Saving vault topup prefunding wallet,none,-0.19,EUR,none,True
408fe55c-19ac-4169-980c-b6fbe6e7a286,11111111,none,2025-08-15,To Flexible Cash Funds,none,0.5,EUR,none,True
2c4582ea-8c12-4279-b629-c9150b136528,11111111,none,2025-08-15,Saving vault topup prefunding wallet,none,-0.5,EUR,none,True
7a1ba102-0d70-401c-8ad8-748997f74374,11111111,none,2025-08-15,To Flexible Cash Funds,none,1.0,EUR,none,True
e71f7ed1-dd8b-4763-92ef-0bfb78cb5868,11111111,none,2025-08-15,Saving vault topup prefunding wallet,none,-1.0,EUR,none,True
078a62a0-c366-4c6b-9aa2-f7ee7610e7d8,11111111,none,2025-08-16,To Flexible Cash Funds,none,0.01,EUR,none,True
aaf66ed2-7d59-4702-8738-44212f727f40,11111111,none,2025-08-16,Saving vault topup prefunding wallet,none,-0.01,EUR,none,True
f92b59f0-eca1-4fe1-a97a-51d3a0c32f3f,11111111,none,2025-08-16,To Flexible Cash Funds,none,0.02,EUR,none,True
87862ff6-8ebb-4443-b1e9-5d22be17b210,11111111,none,2025-08-16,Saving vault topup prefunding wallet,none,-0.02,EUR,none,True
4e7f25b7-bc8b-402e-a5b3-f8fa6d1374a2,11111111,none,2025-08-16,To Flexible Cash Funds,none,0.2,EUR,none,True
54ec0839-e67a-4d57-ae09-751b887d1e2d,11111111,none,2025-08-16,Saving vault topup prefunding wallet,none,-0.2,EUR,none,True
33195aa8-8f1e-49c8-badb-d4ce256d7efa,11111111,none,2025-08-16,To Flexible Cash Funds,none,0.5,EUR,none,True
89187a5c-1f72-488f-8013-6aa3817f9c40,11111111,none,2025-08-16,Saving vault topup prefunding wallet,none,-0.5,EUR,none,True
005380d6-65b9-41c0-b6c6-82f7f6b3cd66,11111111,none,2025-08-17,To Flexible Cash Funds,none,0.9,EUR,none,True
ab27b2b7-4fb6-4964-b448-e0804ce1696d,11111111,none,2025-08-17,Saving vault topup prefunding wallet,none,-0.9,EUR,none,True
ab2974c5-2052-433e-bbd0-bf37d0cc0181,11111111,none,2025-08-17,To Flexible Cash Funds,none,1.0,EUR,none,True
5452c819-5605-41b3-892d-5ac3927279b3,11111111,none,2025-08-17,Saving vault topup prefunding wallet,none,-1.0,EUR,none,True
7f44a1e5-c8a1-4bb8-9e67-65f2deec155c,11111111,none,2025-08-17,Savings vault withdrawal from prefunding wallet,none,50.0,EUR,none,True
0a50d485-41e6-47f8-83ca-b2ab7e199a16,11111111,none,2025-08-17,From Flexible Cash Funds,none,-50.0,EUR,none,True
59909d15-7f4a-4649-9023-366e28828f79,11111111,none,2025-08-18,To Flexible Cash Funds,none,1.0,EUR,none,True
203a74d8-c1b6-4890-9a6c-96f950b365f8,11111111,none,2025-08-18,Saving vault topup prefunding wallet,none,-1.0,EUR,none,True
245a380e-2112-4b70-9f1b-5f8bbcb7a7b2,11111111,none,2025-08-18,To Flexible Cash Funds,none,0.15,EUR,none,True
004ee275-13a0-4ed9-9222-575eff51d8b6,11111111,none,2025-08-18,Saving vault topup prefunding wallet,none,-0.15,EUR,none,True
17a35521-f7f6-4a44-ba0b-032ecfe5e897,11111111,none,2025-08-20,Savings vault withdrawal from prefunding wallet,none,25.0,EUR,none,True
6672dbfb-13de-4920-bcf2-7d0c96d7c67f,11111111,none,2025-08-20,From Flexible Cash Funds,none,-25.0,EUR,none,True
19691379-1442-4044-8142-906741391de3,11111111,none,2025-08-20,To Flexible Cash Funds,none,0.63,EUR,none,True
a7dcfd1f-fc22-40cf-8a67-918bcec0c7b9,11111111,none,2025-08-20,Saving vault topup prefunding wallet,none,-0.63,EUR,none,True
27ea2f88-a55a-4eee-a75d-a13c7f794f71,11111111,none,2025-08-22,To Flexible Cash Funds,none,0.76,EUR,none,True
6a01cd10-9ae7-4189-ba37-5d488294926e,11111111,none,2025-08-22,Saving vault topup prefunding wallet,none,-0.76,EUR,none,True
cea2935a-0689-4d95-aaf5-8369e933df0c,11111111,none,2025-08-24,To Flexible Cash Funds,none,0.1,EUR,none,True
2d5443a5-92e6-4090-8bb9-2ad981b5ce12,11111111,none,2025-08-24,Saving vault topup prefunding wallet,none,-0.1,EUR,none,True
edb03f8a-161f-4a08-af64-5165d9644e1d,11111111,none,2025-08-25,To Flexible Cash Funds,none,1.0,EUR,none,True
32c64ec0-8f09-499c-814c-d32c76587e6c,11111111,none,2025-08-25,Saving vault topup prefunding wallet,none,-1.0,EUR,none,True
67b75a18-4deb-49d8-87b9-a4300819e964,11111111,none,2025-08-26,To Flexible Cash Funds,none,0.34,EUR,none,True
295edcca-be05-4f43-b09c-f521a77e422a,11111111,none,2025-08-26,Saving vault topup prefunding wallet,none,-0.34,EUR,none,True
8d5274aa-43a0-481b-bdc4-bb649fe75451,11111111,none,2025-08-28,To Flexible Cash Funds,none,0.1,EUR,none,True
7c74edd7-e59f-4bc9-ad23-c6026e00afd2,11111111,none,2025-08-28,Saving vault topup prefunding wallet,none,-0.1,EUR,none,True
a1cc3423-7a8b-4bfe-8782-bb9db6a9edf2,11111111,none,2025-08-28,To Flexible Cash Funds,none,0.01,EUR,none,True
34370c5a-118b-489c-91fe-1dcc4baa365a,11111111,none,2025-08-28,Saving vault topup prefunding wallet,none,-0.01,EUR,none,True
a3269bee-2660-4fd4-b00b-9969ded158d7,11111111,none,2025-08-29,To Flexible Cash Funds,none,150.0,EUR,none,True
a008b018-446c-4ba8-806f-d46ee14bd62e,11111111,none,2025-08-29,Saving vault topup prefunding wallet,none,-150.0,EUR,none,True
d625c309-f3c5-4e5c-8aca-bb65d32c52bb,11111111,none,2025-08-29,To Flexible Cash Funds,none,50.0,EUR,none,True
e1af1637-f091-4216-a42d-ab543ff33a6f,11111111,none,2025-08-29,Saving vault topup prefunding wallet,none,-50.0,EUR,none,True
3bcec6d5-0052-4ba8-a4ea-910afb5f72b6,11111111,none,2025-08-31,To Flexible Cash Funds,none,0.37,EUR,none,True
fb0665f3-d049-4619-b6b4-9400035d6b6f,11111111,none,2025-08-31,Saving vault topup prefunding wallet,none,-0.37,EUR,none,True
65407db5-4467-4ef2-8786-8cc3e42b0f50,11111111,none,2025-09-01,To Flexible Cash Funds,none,0.2,EUR,none,True
001db0aa-c0bc-4008-9de2-3fe63c129683,11111111,none,2025-09-01,Saving vault topup prefunding wallet,none,-0.2,EUR,none,True
ae04a2cf-3b53-45bf-a3ba-f15442ffc160,11111111,none,2025-09-04,To Flexible Cash Funds,none,0.1,EUR,none,True
8696f6f3-2317-48cf-9216-d009a8044866,11111111,none,2025-09-04,Saving vault topup prefunding wallet,none,-0.1,EUR,none,True
75248b97-7afa-428c-b737-94e6269354fb,11111111,none,2025-09-05,To Flexible Cash Funds,none,1.0,EUR,none,True
0839b4ee-d514-4b54-be6e-800618a21fae,11111111,none,2025-09-05,Saving vault topup prefunding wallet,none,-1.0,EUR,none,True
dcf20745-8c54-4df2-9b4b-9018f01dc038,11111111,none,2025-09-07,Savings vault withdrawal from prefunding wallet,none,10.0,EUR,none,True
bd48cea8-641d-4f2a-84a8-834ff42ddbf2,11111111,none,2025-09-07,From Flexible Cash Funds,none,-10.0,EUR,none,True
89c4e391-e5ef-4a22-a9ef-309c0528457c,11111111,none,2025-09-07,Savings vault withdrawal from prefunding wallet,none,30.0,EUR,none,True
6d93e15d-31a9-4c7b-b478-760c1fe31456,11111111,none,2025-09-07,From Flexible Cash Funds,none,-30.0,EUR,none,True
a0e877b8-4d7e-48f7-99ce-68240e0393f7,11111111,none,2025-09-07,To Flexible Cash Funds,none,0.1,EUR,none,True
07763837-b40e-4a2b-8e10-1013ac20ac27,11111111,none,2025-09-07,Saving vault topup prefunding wallet,none,-0.1,EUR,none,True
a8d23837-6728-4183-b49c-cae52b6bca2f,11111111,none,2025-09-09,To Flexible Cash Funds,none,1.0,EUR,none,True
306a889a-622b-4758-a418-d2222f0cd9ca,11111111,none,2025-09-09,Saving vault topup prefunding wallet,none,-1.0,EUR,none,True
dae757b2-f4e4-4687-91eb-7c189c46d688,11111111,none,2025-09-09,Savings vault withdrawal from prefunding wallet,none,150.0,EUR,none,True
cf43231a-90ef-4993-a046-bf2101789e3b,11111111,none,2025-09-09,From Flexible Cash Funds,none,-150.0,EUR,none,True
5893aad8-e1cb-452d-98c2-0dd0adebdc46,11111111,none,2025-09-09,To Flexible Cash Funds,none,300.0,EUR,none,True
684c5a98-d39a-4481-88cc-c4b348f4c28f,11111111,none,2025-09-09,Saving vault topup prefunding wallet,none,-300.0,EUR,none,True
b4a547e5-74de-4fa4-a120-0506e7cec893,11111111,none,2025-09-09,Savings vault withdrawal from prefunding wallet,none,150.0,EUR,none,True
1fd33acb-c776-47bd-a396-e25f6a86b59e,11111111,none,2025-09-09,From Flexible Cash Funds,none,-150.0,EUR,none,True
6965d6e5-eeed-4ac4-b305-6a88e0e9e4bc,11111111,none,2025-09-10,To Flexible Cash Funds,none,1.0,EUR,none,True
31b2413d-0150-40ce-9502-2e7297aed096,11111111,none,2025-09-10,Saving vault topup prefunding wallet,none,-1.0,EUR,none,True
cdce361c-5898-4996-b88d-53b4a858772a,11111111,none,2025-09-10,To Flexible Cash Funds,none,0.6,EUR,none,True
87f28979-a167-4c52-bc0f-0e6b02d9890b,11111111,none,2025-09-10,Saving vault topup prefunding wallet,none,-0.6,EUR,none,True
fa452ff3-4b03-47a1-bace-2cca67702cf9,11111111,none,2025-09-13,To Flexible Cash Funds,none,0.3,EUR,none,True
ba631143-8145-42f0-ba14-73409fd90485,11111111,none,2025-09-13,Saving vault topup prefunding wallet,none,-0.3,EUR,none,True
457b4b44-76ac-4777-8086-699269b6d001,11111111,none,2025-09-13,To Flexible Cash Funds,none,0.7,EUR,none,True
56019698-bf88-4824-8b77-bb94e53283c4,11111111,none,2025-09-13,Saving vault topup prefunding wallet,none,-0.7,EUR,none,True
1670b501-20c2-4c52-a39c-264c812a9a72,11111111,none,2025-09-14,Savings vault withdrawal from prefunding wallet,none,100.0,EUR,none,True
7fdc923b-3957-4761-abd4-813d0baf813b,11111111,none,2025-09-14,From Flexible Cash Funds,none,-100.0,EUR,none,True
4fa268cf-5ba0-4f1e-b7bc-cb9b6900f375,11111111,none,2025-09-14,To Flexible Cash Funds,none,1.0,EUR,none,True
358facf8-c46a-431c-b36f-18fbd11886a9,11111111,none,2025-09-14,Saving vault topup prefunding wallet,none,-1.0,EUR,none,True
108f78a2-b0bd-46a1-8407-454d3172aad7,11111111,none,2025-09-15,To Flexible Cash Funds,none,1.0,EUR,none,True
72e60e20-02ea-479f-8ca7-0025dd999545,11111111,none,2025-09-15,Saving vault topup prefunding wallet,none,-1.0,EUR,none,True
5b6112d9-745c-45d3-865a-688e04702333,11111111,none,2025-09-15,Savings vault withdrawal from prefunding wallet,none,50.0,EUR,none,True
17989a26-bda6-48f3-9666-d76eb233b311,11111111,none,2025-09-15,From Flexible Cash Funds,none,-50.0,EUR,none,True
5a76dda5-0b2c-49aa-8071-723f99d29308,11111111,none,2025-09-16,To Flexible Cash Funds,none,0.5,EUR,none,True
fefcfc7b-f5d3-4003-a266-79e121676012,11111111,none,2025-09-16,Saving vault topup prefunding wallet,none,-0.5,EUR,none,True
c1159665-f40a-4665-95a6-430593bc0606,11111111,none,2025-09-17,To Flexible Cash Funds,none,0.5,EUR,none,True
ed796219-4573-4991-afff-75851e61fad3,11111111,none,2025-09-17,Saving vault topup prefunding wallet,none,-0.5,EUR,none,True
07e8c759-a9c4-43f5-93e4-66e1d220e561,11111111,none,2025-09-20,To Flexible Cash Funds,none,0.5,EUR,none,True
7cdacfbb-3ffc-467a-b71c-a5dbc4620a81,11111111,none,2025-09-20,Saving vault topup prefunding wallet,none,-0.5,EUR,none,True
667f65de-ccb2-48fa-a7d6-c6980256b774,11111111,none,2025-09-20,To Flexible Cash Funds,none,0.15,EUR,none,True
ad57eca1-86b5-48ad-bf42-80e7d68fd526,11111111,none,2025-09-20,Saving vault topup prefunding wallet,none,-0.15,EUR,none,True
10370da6-d09d-437a-9bd5-6357417eecee,11111111,none,2025-09-20,Savings vault withdrawal from prefunding wallet,none,22.0,EUR,none,True
6701a691-6cd5-4d01-b27a-5084e7b44a84,11111111,none,2025-09-20,From Flexible Cash Funds,none,-22.0,EUR,none,True
a5912a01-b3bd-429a-9bf4-64a416891424,11111111,none,2025-09-22,To Flexible Cash Funds,none,1.0,EUR,none,True
06683e5d-e9fa-4450-97bd-4c3849ecf9db,11111111,none,2025-09-22,Saving vault topup prefunding wallet,none,-1.0,EUR,none,True
1869cc47-753d-4232-b6fc-7775fed46661,11111111,none,2025-09-22,To Flexible Cash Funds,none,1.0,EUR,none,True
1d4c8481-fcfc-4d42-848d-163e09d18cd0,11111111,none,2025-09-22,Saving vault topup prefunding wallet,none,-1.0,EUR,none,True
fe2f9c25-d0e5-490c-a4a2-c032b80e9f59,11111111,none,2025-09-23,To Flexible Cash Funds,none,1.0,EUR,none,True
394850d8-50e3-4d90-aee7-891e6e4ba5b9,11111111,none,2025-09-23,Saving vault topup prefunding wallet,none,-1.0,EUR,none,True
0c34ed9c-6d38-4fb8-a917-1ccbc9f79037,11111111,none,2025-09-24,To Flexible Cash Funds,none,0.7,EUR,none,True
be75749f-7f2f-4ee7-a113-2acafca016b5,11111111,none,2025-09-24,Saving vault topup prefunding wallet,none,-0.7,EUR,none,True
3af8efe8-a093-401d-9222-01ed6327682c,11111111,none,2025-09-24,To Flexible Cash Funds,none,1.0,EUR,none,True
455e1994-e046-44b6-b8fb-1cc8db82acbb,11111111,none,2025-09-24,Saving vault topup prefunding wallet,none,-1.0,EUR,none,True
1720b403-2792-4bca-a797-d8465c17d707,11111111,none,2025-09-26,To Flexible Cash Funds,none,92.13,EUR,none,True
556e3495-b137-41de-a535-54a1fd7f7b71,11111111,none,2025-09-26,Saving vault topup prefunding wallet,none,-92.13,EUR,none,True
80d9c079-f910-40e7-be65-1d3b5409b78e,11111111,none,2025-09-26,To Flexible Cash Funds,none,3000.0,EUR,none,True
ee632a76-87ce-40ee-8141-08fef21de732,11111111,none,2025-09-26,Saving vault topup prefunding wallet,none,-3000.0,EUR,none,True
925c3feb-ac9c-473a-99aa-e20c4c6162bd,11111111,none,2025-09-26,Savings vault withdrawal from prefunding wallet,none,100.0,EUR,none,True
b9221a61-f12c-4db2-b591-2acb95cac6f9,11111111,none,2025-09-26,From Flexible Cash Funds,none,-100.0,EUR,none,True
4ca434a6-eb6c-4bad-b56e-ce1d1b3efde8,11111111,none,2025-09-26,To Flexible Cash Funds,none,0.01,EUR,none,True
853c519e-d395-404f-97bd-279cb2bb6e38,11111111,none,2025-09-26,Saving vault topup prefunding wallet,none,-0.01,EUR,none,True
755c762f-8995-4bbf-9560-3cd8d1498bd6,11111111,none,2025-09-27,To Flexible Cash Funds,none,0.6,EUR,none,True
6a2f6ee1-74c8-4a84-830e-60b05671d58c,11111111,none,2025-09-27,Saving vault topup prefunding wallet,none,-0.6,EUR,none,True
2d1c3f62-b8fa-460a-8e92-384ae344d297,11111111,none,2025-09-27,To Flexible Cash Funds,none,0.43,EUR,none,True
410745f3-6fab-410d-8187-2716f81fa7f8,11111111,none,2025-09-27,Saving vault topup prefunding wallet,none,-0.43,EUR,none,True
511cb298-eecb-4769-ade7-f9c5f1f9e8ef,11111111,none,2025-09-27,Savings vault withdrawal from prefunding wallet,none,50.0,EUR,none,True
2cb1e22a-510d-4614-aeda-fdd0ffc2de2e,11111111,none,2025-09-27,From Flexible Cash Funds,none,-50.0,EUR,none,True
454c89d2-4413-49ca-a3c3-15f43b1532c2,11111111,none,2025-09-27,To Flexible Cash Funds,none,0.09,EUR,none,True
36f2d4b0-41a6-470a-92a8-6667c2ea10ae,11111111,none,2025-09-27,Saving vault topup prefunding wallet,none,-0.09,EUR,none,True
2cd75c3e-a1f6-4ef1-b3e9-5a844e3ab84a,11111111,none,2025-09-27,To Flexible Cash Funds,none,1.0,EUR,none,True
1c37ce47-35a1-485c-afec-3586a1400970,11111111,none,2025-09-27,Saving vault topup prefunding wallet,none,-1.0,EUR,none,True
e58927f7-f18a-4245-a42c-3bd4daea807f,11111111,none,2025-09-27,Savings vault withdrawal from prefunding wallet,none,100.0,EUR,none,True
63662cce-ca29-42bd-bf39-c31aa7d82627,11111111,none,2025-09-27,From Flexible Cash Funds,none,-100.0,EUR,none,True
fee13df6-63b8-4614-b2f0-688203f066ec,11111111,none,2025-09-27,To Flexible Cash Funds,none,0.02,EUR,none,True
2bd1766a-62cc-4983-b1e1-9a6177eb3383,11111111,none,2025-09-27,Saving vault topup prefunding wallet,none,-0.02,EUR,none,True
46e8a3af-fbd7-4312-b9d7-2e31502ba0f3,11111111,none,2025-09-28,To Flexible Cash Funds,none,0.01,EUR,none,True
131cd4d5-ddcd-442b-83d7-404992a72d90,11111111,none,2025-09-28,Saving vault topup prefunding wallet,none,-0.01,EUR,none,True
7446d82d-c4ce-40e8-9b67-2cadff2729ca,11111111,none,2025-09-28,To Flexible Cash Funds,none,1.0,EUR,none,True
40a5e704-4e5e-4232-ae49-7d5706f756c6,11111111,none,2025-09-28,Saving vault topup prefunding wallet,none,-1.0,EUR,none,True
95cbc1a8-3ab8-49c5-9808-ecda7b962852,11111111,none,2025-09-28,Savings vault withdrawal from prefunding wallet,none,1000.0,EUR,none,True
2e19d0c3-7e56-4b27-873b-7921625448a9,11111111,none,2025-09-28,From Flexible Cash Funds,none,-1000.0,EUR,none,True
10124b18-5d29-464a-9d92-a414a9255de6,11111111,none,2025-09-29,Savings vault withdrawal from prefunding wallet,none,1000.0,EUR,none,True
2014385c-6a6d-4ea2-a793-a0fded30350b,11111111,none,2025-09-29,From Flexible Cash Funds,none,-1000.0,EUR,none,True
f5930e14-45ee-445a-a36a-d1c8b08b3719,11111111,none,2025-09-29,Savings vault withdrawal from prefunding wallet,none,256.58,EUR,none,True
8f626038-acc6-432f-979f-cdc01ec23cbe,11111111,none,2025-09-29,From Flexible Cash Funds,none,-256.58,EUR,none,True
e81f8bef-ecff-49cc-aed6-93305d0573c8,11111111,none,2025-09-29,To Flexible Cash Funds,none,513.16,EUR,none,True
fa9d7b11-41c9-42c6-a002-5e8285d3887c,11111111,none,2025-09-29,Saving vault topup prefunding wallet,none,-513.16,EUR,none,True
2f967fde-7323-4da7-9d71-f8f516fe09f5,11111111,none,2025-09-29,Savings vault withdrawal from prefunding wallet,none,500.0,EUR,none,True
647d225c-a3f7-4e2a-81a4-046903b407f0,11111111,none,2025-09-29,From Flexible Cash Funds,none,-500.0,EUR,none,True
00f1ac53-3c9e-4a25-bc0c-c703c8730c08,11111111,none,2025-09-29,Savings vault withdrawal from prefunding wallet,none,40.0,EUR,none,True
500abbf4-1676-489d-89fd-6209b2a2d80e,11111111,none,2025-09-29,From Flexible Cash Funds,none,-40.0,EUR,none,True
8ad9d40c-395b-4349-8d58-d46ad74bc072,11111111,none,2025-09-29,Savings vault withdrawal from prefunding wallet,none,567.35,EUR,none,True
4a8f4ee0-e4b2-47f1-abae-8732e7f8d99a,11111111,none,2025-09-29,From Flexible Cash Funds,none,-567.35,EUR,none,True
194393b6-355a-43cc-b003-4b0fa04a2c8d,11111111,none,2025-09-29,To Flexible Cash Funds,none,100.0,EUR,none,True
aec44fe2-2543-41d6-bf8f-df612c9e643a,11111111,none,2025-09-29,Saving vault topup prefunding wallet,none,-100.0,EUR,none,True
5d8aab36-68f2-4586-934c-6782432bf18e,11111111,none,2025-09-30,To Flexible Cash Funds,none,3.21,EUR,none,True
8d449c45-a99a-4216-a782-c3e6cb185b7d,11111111,none,2025-09-30,Saving vault topup prefunding wallet,none,-3.21,EUR,none,True
5399b62c-79b3-4409-b1d6-063b21eb5e15,11111111,none,2025-10-02,Savings vault withdrawal from prefunding wallet,none,10.0,EUR,none,True
27fa2377-67b8-4c2e-8d15-d11cfaafa32a,11111111,none,2025-10-02,From Flexible Cash Funds,none,-10.0,EUR,none,True
b7d767b4-cd84-4737-b38d-8e394723fd75,11111111,none,2025-10-02,To Flexible Cash Funds,none,10.0,EUR,none,True
8a137089-9ed6-4e60-a5e0-11dd8e9c4189,11111111,none,2025-10-02,Saving vault topup prefunding wallet,none,-10.0,EUR,none,True
322c8dda-4bfd-4208-a930-953fc38ed89e,11111111,none,2025-10-03,Savings vault withdrawal from prefunding wallet,none,50.0,EUR,none,True
8546cf83-7f0b-4e8c-b443-cb504abfc6b6,11111111,none,2025-10-03,From Flexible Cash Funds,none,-50.0,EUR,none,True
006ba01e-06c3-462a-bba2-64df104b85ee,11111111,none,2025-10-03,To Flexible Cash Funds,none,0.16,EUR,none,True
23873ad3-db06-43ff-ba75-651ff03df161,11111111,none,2025-10-03,Saving vault topup prefunding wallet,none,-0.16,EUR,none,True
e19d1048-6170-472e-9a24-31b9b881cfea,11111111,none,2025-10-06,Savings vault withdrawal from prefunding wallet,none,12.0,EUR,none,True
3700d36c-9288-4b3f-af5d-6e9da54b192c,11111111,none,2025-10-06,From Flexible Cash Funds,none,-12.0,EUR,none,True
0c03c0e3-b781-4eaa-8938-727e10499d7a,11111111,none,2025-10-06,To Flexible Cash Funds,none,24.0,EUR,none,True
49a8e40d-2de7-47bb-b56d-6c8dca98d53a,11111111,none,2025-10-06,Saving vault topup prefunding wallet,none,-24.0,EUR,none,True
7704442f-5ead-4dd1-bf52-9de7cad11d4a,11111111,none,2025-10-09,Savings vault withdrawal from prefunding wallet,none,25.0,EUR,none,True
299a1b95-cff9-4a17-a10b-464ede2907ad,11111111,none,2025-10-09,From Flexible Cash Funds,none,-25.0,EUR,none,True
23051794-2617-4d61-93dc-2aff07b14bee,11111111,none,2025-10-23,Savings vault withdrawal from prefunding wallet,none,25.0,EUR,none,True
d0860bb9-cbff-45ac-9b99-cb6faf5cf78a,11111111,none,2025-10-23,From Flexible Cash Funds,none,-25.0,EUR,none,True
b3473c85-3c42-496c-8d79-30799a908e3d,11111111,none,2025-10-23,To Flexible Cash Funds,none,1.0,EUR,none,True
439817b3-efad-4624-bb7f-6122765863dd,11111111,none,2025-10-23,Saving vault topup prefunding wallet,none,-1.0,EUR,none,True
56df0e2c-92fa-4fc4-8f55-2831f1f90130,11111111,none,2025-10-24,To Flexible Cash Funds,none,180.96,EUR,none,True
fb547649-9aa8-4766-a25f-f5b2be7b9efe,11111111,none,2025-10-24,Saving vault topup prefunding wallet,none,-180.96,EUR,none,True
9994a0cf-7dd1-47fa-8b8e-70ee52c3cba9,11111111,none,2025-10-24,Savings vault withdrawal from prefunding wallet,none,147.4,EUR,none,True
41708a06-fa5d-4978-b785-d0254478678c,11111111,none,2025-10-24,From Flexible Cash Funds,none,-147.4,EUR,none,True
3f7a77bc-94f3-4d26-9fc8-f5c468b18f5a,11111111,none,2025-10-27,Savings vault withdrawal from prefunding wallet,none,50.0,EUR,none,True
d5bfc1e0-1a6a-454d-80a4-9675081b7665,11111111,none,2025-10-27,From Flexible Cash Funds,none,-50.0,EUR,none,True
2e3cca44-b87e-4d8c-bc4a-9e7692802686,11111111,none,2025-10-30,To Flexible Cash Funds,none,1100.0,EUR,none,True
c3d22761-c872-407d-9e40-f63f276366f9,11111111,none,2025-10-30,Saving vault topup prefunding wallet,none,-1100.0,EUR,none,True
08e4f52a-2a18-4fba-b74b-533012009d59,11111111,none,2025-10-30,Savings vault withdrawal from prefunding wallet,none,1100.0,EUR,none,True
25270c08-3b09-40e8-8770-b4964975a28c,11111111,none,2025-10-30,From Flexible Cash Funds,none,-1100.0,EUR,none,True
c10defbf-2c77-44cc-b612-91fa89541df0,11111111,none,2025-10-30,To Flexible Cash Funds,none,85.01,EUR,none,True
3b0d0505-44c9-4702-8114-a134bb779f66,11111111,none,2025-10-30,Saving vault topup prefunding wallet,none,-85.01,EUR,none,True
24b9f5da-9f8f-45ae-8294-47e0699be918,11111111,none,2025-11-01,To Flexible Cash Funds,none,0.3,EUR,none,True
2c8e52a1-486c-4f6e-9ea6-45f6977827b1,11111111,none,2025-11-01,Saving vault topup prefunding wallet,none,-0.3,EUR,none,True
f3a16dcb-0f05-4dbb-a185-a24df986bff0,11111111,none,2025-11-01,Savings vault withdrawal from prefunding wallet,none,10.0,EUR,none,True
63f93fe9-9bb8-4253-8420-1b6ed32a7516,11111111,none,2025-11-01,From Flexible Cash Funds,none,-10.0,EUR,none,True
8a101164-f609-4b2e-a419-e98170ff5e26,11111111,none,2025-11-01,Savings vault withdrawal from prefunding wallet,none,20.0,EUR,none,True
8056ea01-61d5-483f-97c1-bef75a091e83,11111111,none,2025-11-01,From Flexible Cash Funds,none,-20.0,EUR,none,True
efb71f16-fa1e-447e-8aa6-47138739993b,11111111,none,2025-11-01,To Flexible Cash Funds,none,0.1,EUR,none,True
cff0791f-541b-4f05-96b7-ea106ae53c5a,11111111,none,2025-11-01,Saving vault topup prefunding wallet,none,-0.1,EUR,none,True
feec095b-e6fe-4dc2-9244-664c7003236d,11111111,none,2023-06-21,To pocket EUR Rent & Utils from EUR,none,500.0,EUR,none,True
9b6aa93d-f2c3-47ab-877f-afaf4b33a708,11111111,none,2023-06-21,To pocket EUR Paris from EUR,none,1.0,EUR,none,True
d6d5657d-5251-4bac-b9c9-3fddade4e613,11111111,none,2023-06-23,To pocket EUR Paris from EUR,none,150.0,EUR,none,True
acc18b6a-8306-4b46-b8bd-7236c7649bc9,11111111,none,2023-06-24,To pocket EUR Paris from EUR,none,0.41,EUR,none,True
bb39e4d3-df5a-4415-8a94-e92129fb4913,11111111,none,2023-06-24,To pocket EUR Paris from EUR,none,1.0,EUR,none,True
a71f367b-e3b0-407f-b02a-b5def64e2ef1,11111111,none,2023-06-25,To pocket EUR Paris from EUR,none,1.0,EUR,none,True
4e8d956f-ecde-4b2a-a623-a2b169f7af51,11111111,none,2023-06-25,Pocket Withdrawal,none,-50.0,EUR,none,True
87f1fc2c-87ed-4977-ab76-e4a5ba5a42b2,11111111,none,2023-06-25,To pocket EUR Paris from EUR,none,0.5,EUR,none,True
e6c07438-310f-4670-8b68-b57a3e44d15e,11111111,none,2023-06-26,Pocket Withdrawal,none,-500.0,EUR,none,True
56b7e9d9-a51b-4ce2-baf8-4f5ccbd0ee4c,11111111,none,2023-06-26,To pocket EUR Paris from EUR,none,0.1,EUR,none,True
67a471ad-03ea-4ca5-a523-2edc203c3689,11111111,none,2023-06-27,To pocket EUR Paris from EUR,none,0.57,EUR,none,True
091c633b-99af-4bb9-86c9-07de75848052,11111111,none,2023-06-27,To pocket EUR Paris from EUR,none,0.8,EUR,none,True
827fbafb-12ea-45d9-8783-1979f2c77562,11111111,none,2023-06-29,Pocket Withdrawal,none,-25.0,EUR,none,True
753fb328-fe74-46e5-aa57-28d29d09d5b1,11111111,none,2023-07-01,To pocket EUR Paris from EUR,none,0.02,EUR,none,True
93a7809c-f10b-4944-b38e-3c50c9f96d1c,11111111,none,2023-07-03,To pocket EUR Paris from EUR,none,0.73,EUR,none,True
b27533b5-c077-4a41-bbe1-e52ff59073bf,11111111,none,2023-07-04,To pocket EUR Paris from EUR,none,1.0,EUR,none,True
d5bc5bbb-1267-47f9-9078-1d95efe331be,11111111,none,2023-07-05,To pocket EUR Paris from EUR,none,0.55,EUR,none,True
dd7b191c-92d5-45b0-a904-52bc8e7c2a59,11111111,none,2023-07-07,To pocket EUR Paris from EUR,none,0.73,EUR,none,True
30606cbd-e9c7-46af-8519-1a7c8f5126dc,11111111,none,2023-07-07,To pocket EUR Paris from EUR,none,0.5,EUR,none,True
495e8624-54c1-42e7-af3d-83533a8ec540,11111111,none,2023-07-08,To pocket EUR Anna 18th Bday from EUR,none,100.0,EUR,none,True
e49019b0-bd7b-4fa7-8825-ff159cbd628c,11111111,none,2023-07-08,Pocket Withdrawal,none,-20.0,EUR,none,True
5c9b9d05-1143-4f9d-99df-1b83f6182643,11111111,none,2023-07-08,To pocket EUR Anna 18th Bday from EUR,none,20.0,EUR,none,True
c7a9f2b8-3c8d-4f6f-a24d-596adb514339,11111111,none,2023-07-09,To pocket EUR Paris from EUR,none,0.89,EUR,none,True
462baa08-d059-4d76-9920-7a913742a5d4,11111111,none,2023-07-10,To pocket EUR Paris from EUR,none,0.28,EUR,none,True
fc56844e-1dec-49f1-92b9-c96eede467a2,11111111,none,2023-07-11,Pocket Withdrawal,none,-25.0,EUR,none,True
3d42d179-686f-4626-bb02-13f801c996cb,11111111,none,2023-07-12,To pocket EUR Paris from EUR,none,0.44,EUR,none,True
db9318b3-b8e5-48bf-add6-2eefacf0600f,11111111,none,2023-07-13,Pocket Withdrawal,none,-10.0,EUR,none,True
2b85f966-68c9-4404-bbaf-2a113500cbde,11111111,none,2023-07-14,Pocket Withdrawal,none,-120.0,EUR,none,True
94a0ecac-d81b-46bc-84e8-2f207eb11db1,11111111,none,2023-07-14,Closing transaction,none,0.0,EUR,none,True
37e2ccfb-816d-4e08-9eeb-b967a24410ea,11111111,none,2023-07-14,To pocket EUR Paris from EUR,none,0.01,EUR,none,True
28ed1a5d-b502-4dd4-8112-11f2ed795a79,11111111,none,2023-07-14,Pocket Withdrawal,none,-10.0,EUR,none,True
b078046c-5fb9-41cf-a877-6ac7e0cac63c,11111111,none,2023-07-14,Pocket Withdrawal,none,-10.0,EUR,none,True
78341bda-2445-4287-8ba3-6447090d0064,11111111,none,2023-07-14,To pocket EUR Paris from EUR,none,0.41,EUR,none,True
4bd17ada-ee6c-420a-94d8-11f822affe1c,11111111,none,2023-07-17,To pocket EUR Paris from EUR,none,0.91,EUR,none,True
91d5500c-4753-408a-9be8-f5f287ebb982,11111111,none,2023-07-17,To pocket EUR Paris from EUR,none,0.71,EUR,none,True
40a59ebf-3bf6-4499-9cc4-2c17e85aa911,11111111,none,2023-07-18,To pocket EUR Paris from EUR,none,1.0,EUR,none,True
ff89a0a9-99d3-49b6-a07f-ab8d4e0a3b9d,11111111,none,2023-07-18,To pocket EUR Paris from EUR,none,195.97,EUR,none,True
b15de210-2cea-43e8-81ff-67f7133404be,11111111,none,2023-07-18,To pocket EUR Paris from EUR,none,50.0,EUR,none,True
3aae28b7-0f4a-4822-b218-458dc77ff402,11111111,none,2023-07-18,To pocket EUR Paris from EUR,none,20.0,EUR,none,True
eef27395-9dc7-45a1-9a3f-c87299c8692b,11111111,none,2023-07-19,To pocket EUR Paris from EUR,none,0.62,EUR,none,True
9e90e23d-6561-47e5-bc38-382a1f140f4e,11111111,none,2023-07-20,To pocket EUR Paris from EUR,none,1.0,EUR,none,True
e89c4dd3-929a-4a41-a5fa-7860e0090f8a,11111111,none,2023-07-21,To pocket EUR Paris from EUR,none,0.92,EUR,none,True
4c99d58e-1b43-4ada-999b-9374fc67c273,11111111,none,2023-07-23,To pocket EUR Paris from EUR,none,100.5,EUR,none,True
8d4b7e1c-1c4e-4f77-b5df-71ef08c22893,11111111,none,2023-07-23,To pocket EUR Paris from EUR,none,0.62,EUR,none,True
0bf9526e-b58b-4569-b6a7-46e38315714d,11111111,none,2023-07-24,To pocket EUR Paris from EUR,none,0.6,EUR,none,True
0df5988c-8d3e-498d-9ed6-078b3d329767,11111111,none,2023-07-24,To pocket EUR Paris from EUR,none,0.5,EUR,none,True
7904a990-4e56-47e1-8676-cf4cee40d0a4,11111111,none,2023-07-24,To pocket EUR Paris from EUR,none,1.0,EUR,none,True
82b7c010-b25e-4afd-951b-f8ab40a617cf,11111111,none,2023-07-24,To pocket EUR Paris from EUR,none,1.0,EUR,none,True
956baf02-682d-42a3-9203-64b1a3a9451c,11111111,none,2023-07-25,To pocket EUR Paris from EUR,none,0.42,EUR,none,True
e7ebc6a0-ba3d-4af0-94eb-1d1975c4d358,11111111,none,2023-07-27,To pocket EUR Paris from EUR,none,0.92,EUR,none,True
318dac40-2b6d-4e76-9ffc-583058d37306,11111111,none,2023-07-27,To pocket EUR Paris from EUR,none,0.9,EUR,none,True
2c1a2341-dd56-4450-bfc1-68c47e8ffb48,11111111,none,2023-07-27,To pocket EUR Paris from EUR,none,0.96,EUR,none,True
5f8479ad-2657-4ea7-9566-8b79fdda1704,11111111,none,2023-07-27,To pocket EUR Paris from EUR,none,0.03,EUR,none,True
f894458a-1efc-4e08-8dfa-b176e35bbff3,11111111,none,2023-07-28,Pocket Withdrawal,none,-100.0,EUR,none,True
314199e7-b702-4b4c-bf40-1301806b433a,11111111,none,2023-07-28,To pocket EUR Paris from EUR,none,0.5,EUR,none,True
760142a1-dbb4-451e-b886-6b909437e32b,11111111,none,2023-07-28,To pocket EUR Paris from EUR,none,0.4,EUR,none,True
eca0afa2-db70-4988-b5b9-f6b0cad45689,11111111,none,2023-07-28,To pocket EUR Paris from EUR,none,0.15,EUR,none,True
58705fab-67fd-402a-a6a7-0f9d01626b28,11111111,none,2023-07-28,To pocket EUR Paris from EUR,none,1.0,EUR,none,True
8ddaafa8-fb86-4619-add5-d8d2a7a124d4,11111111,none,2023-07-28,To pocket EUR Paris from EUR,none,0.8,EUR,none,True
db1a6581-437f-4841-a9a6-7e745f9f74d5,11111111,none,2023-07-28,Pocket Withdrawal,none,-50.0,EUR,none,True
fbd578fc-48fb-4a93-8dc7-48da77349d96,11111111,none,2023-07-28,To pocket EUR Paris from EUR,none,1.0,EUR,none,True
b993bc24-04f4-42ff-b64e-a5b42b8bc662,11111111,none,2023-07-30,To pocket EUR Paris from EUR,none,0.7,EUR,none,True
5ade8146-0961-4149-a362-6eb1558c1464,11111111,none,2023-07-31,To pocket EUR Paris from EUR,none,150.0,EUR,none,True
11d8cb12-2f79-48fb-beb3-64f2fe027c14,11111111,none,2023-07-31,To pocket EUR Paris from EUR,none,100.0,EUR,none,True
d1459682-4630-46f3-a711-91b2dee057ba,11111111,none,2023-07-31,To pocket EUR Paris from EUR,none,0.7,EUR,none,True
34ddb88b-b525-4266-ae42-72e54701a2b0,11111111,none,2023-07-31,To pocket EUR Paris from EUR,none,1.0,EUR,none,True
ae6f5a78-5196-4043-89a6-513cdb8eca63,11111111,none,2023-08-01,To pocket EUR Paris from EUR,none,0.63,EUR,none,True
36f129f8-df8d-49cf-a9c9-e1723e9d04e4,11111111,none,2023-08-01,To pocket EUR Paris from EUR,none,0.52,EUR,none,True
645a5154-93a1-4972-a3ff-ebc31dd8a2da,11111111,none,2023-08-01,To pocket EUR Paris from EUR,none,1.0,EUR,none,True
65d800fa-d02d-42f4-bf40-3ce9f71e885a,11111111,none,2023-08-01,To pocket EUR Paris from EUR,none,1.0,EUR,none,True
a280373f-49f8-43eb-a3cf-da97c9497f60,11111111,none,2023-08-01,To pocket EUR Paris from EUR,none,1.0,EUR,none,True
e9c3ec5d-2ae3-4c71-9eb2-3784eca4af7c,11111111,none,2023-08-01,To pocket EUR Paris from EUR,none,1.0,EUR,none,True
22c47c80-953f-4b87-a06c-93bc4e846919,11111111,none,2023-08-02,To pocket EUR Paris from EUR,none,1.0,EUR,none,True
1d9e2e74-1253-4b15-9f1e-8163d825601c,11111111,none,2023-08-02,To pocket EUR Paris from EUR,none,0.87,EUR,none,True
bcf0fbae-3f14-4afe-95c4-702494c0b305,11111111,none,2023-08-04,To pocket EUR Paris from EUR,none,0.95,EUR,none,True
3307735b-0f4a-4574-8955-2d1969d83744,11111111,none,2023-08-05,To pocket EUR Paris from EUR,none,1.0,EUR,none,True
966153ad-b7fa-45bd-9ba3-d4db559a98cf,11111111,none,2023-08-07,To pocket EUR Paris from EUR,none,0.33,EUR,none,True
c3d8aa7b-a40a-4453-94c9-dea9d00e2f93,11111111,none,2023-08-08,Pocket Withdrawal,none,-20.0,EUR,none,True
60e9653e-b5d4-4b21-9aa8-3e5d109e78d9,11111111,none,2023-08-08,To pocket EUR Paris from EUR,none,1.0,EUR,none,True
98e20142-1197-42a3-869c-2abf9639caff,11111111,none,2023-08-09,To pocket EUR Paris from EUR,none,38.17,EUR,none,True
d1998eb1-d265-48a1-848d-53df4e02571b,11111111,none,2023-08-09,Pocket Withdrawal,none,-60.0,EUR,none,True
1084c550-4b64-48c5-80d4-717ac93c66aa,11111111,none,2023-08-09,To pocket EUR Paris from EUR,none,0.24,EUR,none,True
dcfeaf10-a522-4811-a9d3-85839f2187e1,11111111,none,2023-08-09,To pocket EUR Paris from EUR,none,0.75,EUR,none,True
af7c3a38-3d2b-42c0-a40b-77787ac712c7,11111111,none,2023-08-10,To pocket EUR Paris from EUR,none,0.8,EUR,none,True
70778f8a-29e2-48c9-8d7e-280ef818dc34,11111111,none,2023-08-10,Pocket Withdrawal,none,-50.0,EUR,none,True
5a68de21-4633-4dd9-8113-1d26df378ef4,11111111,none,2023-08-10,To pocket EUR Paris from EUR,none,0.51,EUR,none,True
fa325cfc-7060-400a-8692-5c361cc55ad6,11111111,none,2023-08-10,To pocket EUR Paris from EUR,none,0.5,EUR,none,True
79904377-3c8a-4302-81cf-1f0f73196254,11111111,none,2023-08-10,To pocket EUR Paris from EUR,none,0.5,EUR,none,True
8b146871-f74c-41fd-ba19-c76cf6d492cc,11111111,none,2023-08-11,To pocket EUR Paris from EUR,none,0.22,EUR,none,True
c5862c48-c4f9-4959-b361-b5f8d037313b,11111111,none,2023-08-13,To pocket EUR Paris from EUR,none,0.53,EUR,none,True
86ef9d46-6c21-4316-9b70-7faf47cf4e0f,11111111,none,2023-08-15,To pocket EUR Paris from EUR,none,1.0,EUR,none,True
5fa2d150-f0dc-4e3c-b969-896ab77aede3,11111111,none,2023-08-15,To pocket EUR Paris from EUR,none,0.37,EUR,none,True
d6103ff5-4105-405a-ae44-891b4795712d,11111111,none,2023-08-15,To pocket EUR Paris from EUR,none,1.0,EUR,none,True
78510768-a3a3-492c-89f6-fc8e49036ffe,11111111,none,2023-08-16,To pocket EUR Paris from EUR,none,0.81,EUR,none,True
973b8d95-da0f-4d2d-9611-886179d2da98,11111111,none,2023-08-18,To pocket EUR Paris from EUR,none,1.0,EUR,none,True
b4f45444-7b61-44a1-b2b5-880b7fb9c2e5,11111111,none,2023-08-19,To pocket EUR Paris from EUR,none,0.51,EUR,none,True
45b07caf-68b8-452f-8067-9b4aa6c9d456,11111111,none,2023-08-19,To pocket EUR Paris from EUR,none,150.0,EUR,none,True
ff20618c-3ea1-47c6-971b-78de8a991f74,11111111,none,2023-08-20,To pocket EUR Paris from EUR,none,1.0,EUR,none,True
acf7140a-9b52-4b51-9569-226b3b459746,11111111,none,2023-08-21,Pocket Withdrawal,none,-20.0,EUR,none,True
de4b6677-2c0e-4abb-8ee6-d488a4549372,11111111,none,2023-08-21,To pocket EUR Paris from EUR,none,1.0,EUR,none,True
eca1b672-0e76-4e91-a5b4-d2ecb5afcfe2,11111111,none,2023-08-21,To pocket EUR Paris from EUR,none,1.0,EUR,none,True
cc47670f-04fe-4230-9cb9-a17d6d4a14a1,11111111,none,2023-08-21,To pocket EUR Paris from EUR,none,1.0,EUR,none,True
18614ea3-3d21-4415-ba08-779ceb6aa154,11111111,none,2023-08-21,To pocket EUR Paris from EUR,none,0.5,EUR,none,True
67893acb-c76a-47fa-ad15-4a18f749798e,11111111,none,2023-08-22,Pocket Withdrawal,none,-10.0,EUR,none,True
5cd6aae3-ebad-4702-b1ac-fa050a9ddd95,11111111,none,2023-08-22,To pocket EUR Paris from EUR,none,1.0,EUR,none,True
40522302-396d-4a58-a10d-5cc671493ef3,11111111,none,2023-08-22,To pocket EUR Paris from EUR,none,0.22,EUR,none,True
5fe9557e-8d18-4d08-b56b-6e029c4cbdd8,11111111,none,2023-08-22,Pocket Withdrawal,none,-20.0,EUR,none,True
7124d436-1bf9-4a5f-91d3-443617c3cea5,11111111,none,2023-08-22,To pocket EUR Paris from EUR,none,0.22,EUR,none,True
c537ca6f-51f6-4e65-a147-36e694f07d58,11111111,none,2023-08-23,Pocket Withdrawal,none,-50.0,EUR,none,True
9fb4252f-e12c-4d47-a93f-33f52b6e28f3,11111111,none,2023-08-23,Pocket Withdrawal,none,-20.0,EUR,none,True
b87ecadb-6dff-4570-bd09-b755e11fd60a,11111111,none,2023-08-23,To pocket EUR Paris from EUR,none,0.66,EUR,none,True
898c1e32-2298-486e-a959-01a97ac4fd86,11111111,none,2023-08-24,To pocket EUR Paris from EUR,none,1.0,EUR,none,True
01694341-71b5-4f3a-8605-00db8b02504f,11111111,none,2023-08-24,To pocket EUR Paris from EUR,none,1.0,EUR,none,True
9bcd930d-cdb0-4883-b97f-4ffeb19cc6e2,11111111,none,2023-08-26,Pocket Withdrawal,none,-461.58,EUR,none,True
332f2fd6-6a29-4827-a30b-5297db01795a,11111111,none,2023-08-26,To pocket EUR Paris from EUR,none,275.0,EUR,none,True
2f96f232-0468-46bb-a611-c761cf726f90,11111111,none,2023-08-27,Pocket Withdrawal,none,-50.0,EUR,none,True
b34e2dba-bcf8-4896-8f62-f05d291c57a8,11111111,none,2023-08-27,Pocket Withdrawal,none,-225.0,EUR,none,True
972d22f6-ca2e-486d-8b25-06dc971e09d2,11111111,none,2023-08-31,To pocket EUR Savings from EUR,none,100.0,EUR,none,True
aefd7af2-a4fd-45ce-8db3-de8848dbd1d5,11111111,none,2023-08-31,Pocket Withdrawal,none,-100.0,EUR,none,True
647ac7d6-1926-49fc-9933-9bcf970463b3,11111111,none,2023-09-09,To pocket EUR Savings from EUR,none,200.0,EUR,none,True
c81ea349-2d77-4f25-938f-aee69810c1e0,11111111,none,2023-09-09,To pocket EUR Savings from EUR,none,50.0,EUR,none,True
b92de36b-8aaa-4446-9f17-dbd864d511f9,11111111,none,2023-09-09,Closing transaction,none,0.0,EUR,none,True
27ef4433-7642-44dd-86d1-914b861db0bb,11111111,none,2023-09-09,Closing transaction,none,0.0,EUR,none,True
8067d42b-6ba5-4905-9500-7fd3d38bfc1b,11111111,none,2023-09-09,To pocket EUR Holidays from EUR,none,1.0,EUR,none,True
1c5fb10e-cb1f-46af-be56-5bee405f908b,11111111,none,2023-09-09,To pocket EUR Holidays from EUR,none,0.21,EUR,none,True
3ca0d5c3-b1d7-44e2-a867-be4d9eac8d70,11111111,none,2023-09-09,To pocket EUR Holidays from EUR,none,1.0,EUR,none,True
3b169a30-c9b0-454f-ae21-59a6d135a234,11111111,none,2023-09-10,To pocket EUR Holidays from EUR,none,0.82,EUR,none,True
77833e0c-aa0d-4702-8ad9-dccf94ce9eab,11111111,none,2023-09-11,Pocket Withdrawal,none,-150.0,EUR,none,True
f00e5677-c244-4a1f-9cd4-5b7fba5b90e3,11111111,none,2023-09-12,To pocket EUR Holidays from EUR,none,0.67,EUR,none,True
bb1a37c0-02d6-45aa-b152-5bd1ab0ba762,11111111,none,2023-09-13,To pocket EUR Holidays from EUR,none,0.75,EUR,none,True
f78bb48d-2b03-4069-bfd6-c94a4755abee,11111111,none,2023-09-14,To pocket EUR Holidays from EUR,none,0.75,EUR,none,True
156a125e-6615-4880-85b8-e447affdb5e7,11111111,none,2023-09-14,To pocket EUR Holidays from EUR,none,0.14,EUR,none,True
b19003b1-de98-46f2-99c0-d2437330f784,11111111,none,2023-09-15,To pocket EUR Holidays from EUR,none,0.12,EUR,none,True
6c78f5dd-c4fa-4e74-bb37-6db1e0e25b08,11111111,none,2023-09-15,To pocket EUR Holidays from EUR,none,1.0,EUR,none,True
ef50e1c0-3fb7-4a04-a58d-59af7a743b46,11111111,none,2023-09-17,To pocket EUR Holidays from EUR,none,0.42,EUR,none,True
fc562f2f-18d4-448d-a340-eefedd4b1326,11111111,none,2023-09-17,To pocket EUR Holidays from EUR,none,1.0,EUR,none,True
ed78fea8-ac0e-4278-94ab-125e95bc81fa,11111111,none,2023-09-18,To pocket EUR Holidays from EUR,none,0.25,EUR,none,True
64a1a75b-36de-4c34-9ddf-9535f1ef378f,11111111,none,2023-09-18,To pocket EUR Holidays from EUR,none,0.5,EUR,none,True
849071a4-7e02-4986-869a-31378026ad64,11111111,none,2023-09-20,To pocket EUR Holidays from EUR,none,0.75,EUR,none,True
2d62f117-3f28-4557-b8fa-f5428ade5e2b,11111111,none,2023-09-20,To pocket EUR Holidays from EUR,none,0.02,EUR,none,True
1ed38937-16e7-4019-b2a5-73cc2aab1e9b,11111111,none,2023-09-22,To pocket EUR Holidays from EUR,none,0.5,EUR,none,True
ca1bea47-306a-4d62-a0de-5c746ea4307a,11111111,none,2023-09-22,To pocket EUR Holidays from EUR,none,1.0,EUR,none,True
1ef917b4-d43b-4392-b8fc-3d3624e26ba5,11111111,none,2023-09-24,To pocket EUR Holidays from EUR,none,1.0,EUR,none,True
805056cd-f8c1-429c-8845-7144f2644f6f,11111111,none,2023-09-24,Pocket Withdrawal,none,-50.0,EUR,none,True
ef4f41f0-6f36-470d-bdae-412151844af8,11111111,none,2023-09-24,To pocket EUR Holidays from EUR,none,0.52,EUR,none,True
1ea85ff2-58e7-4dcc-8c6e-e652c2e6efa8,11111111,none,2023-09-24,To pocket EUR Holidays from EUR,none,1.0,EUR,none,True
8c78b945-c185-41c2-9fdb-a769619aba1f,11111111,none,2023-09-24,To pocket EUR Holidays from EUR,none,1.0,EUR,none,True
e2901b89-7bf1-4962-ad2d-a1f8f3d12dc1,11111111,none,2023-09-24,To pocket EUR Holidays from EUR,none,1.0,EUR,none,True
e7a8b4ba-b6ea-4d3e-a3a8-2524eaa86cb4,11111111,none,2023-09-24,To pocket EUR Holidays from EUR,none,0.46,EUR,none,True
f20cfd89-96ec-40fb-a826-d4bd951bf718,11111111,none,2023-09-27,To pocket EUR Holidays from EUR,none,0.75,EUR,none,True
a225f05d-e340-484c-847d-8e9bed0b31eb,11111111,none,2023-09-28,Pocket Withdrawal,none,-50.0,EUR,none,True
24f20f36-73de-4598-87e8-e4979f2d329c,11111111,none,2023-09-28,To pocket EUR Holidays from EUR,none,0.22,EUR,none,True
c7929aad-475a-4c03-9c83-0cf1a4e13f0b,11111111,none,2023-09-29,To pocket EUR Holidays from EUR,none,0.31,EUR,none,True
885cf28a-b7d2-47e3-9e03-acb400e59895,11111111,none,2023-09-29,To pocket EUR Holidays from EUR,none,0.8,EUR,none,True
bcaec5e4-3150-41b4-9c12-0176e1ac1592,11111111,none,2023-09-30,To pocket EUR Holidays from EUR,none,1.0,EUR,none,True
bb2c2af7-f104-4557-aca1-3628bf26c48c,11111111,none,2023-09-30,To pocket EUR Holidays from EUR,none,1.0,EUR,none,True
06cceef9-bf6b-4a1c-b27d-d9c6fc90ef7f,11111111,none,2023-10-03,To pocket EUR Holidays from EUR,none,0.75,EUR,none,True
63a8e915-e95f-4e34-a645-1ce8a00ab224,11111111,none,2023-10-03,To pocket EUR Savings from EUR,none,300.0,EUR,none,True
cf25dc2e-b24d-42a3-978d-499f2421a615,11111111,none,2023-10-03,To pocket EUR Savings from EUR,none,150.0,EUR,none,True
ad826ba8-9a62-4d21-b700-fcf72f1e35a3,11111111,none,2023-10-03,To pocket EUR Holidays from EUR,none,0.44,EUR,none,True
16fc7367-594d-4755-8304-b252cf750386,11111111,none,2023-10-06,Pocket Withdrawal,none,-100.0,EUR,none,True
b0d7fcd6-0d91-461e-98cc-2c08b9dcedaf,11111111,none,2023-10-06,To pocket EUR Holidays from EUR,none,0.4,EUR,none,True
0b3076d7-e9b3-41f3-8386-302e261fb511,11111111,none,2023-10-06,To pocket EUR Holidays from EUR,none,0.2,EUR,none,True
d7a653e5-e1b2-4f7b-b77b-16ee6a8ab41b,11111111,none,2023-10-07,Pocket Withdrawal,none,-50.0,EUR,none,True
049f8cd1-f57b-4bbd-9136-4bfe120527dc,11111111,none,2023-10-07,To pocket EUR Holidays from EUR,none,1.0,EUR,none,True
966457bb-333a-4edd-9258-a4d88f589d3a,11111111,none,2023-10-07,To pocket EUR Holidays from EUR,none,0.6,EUR,none,True
3703d456-9c51-4597-a341-9f7e88a61973,11111111,none,2023-10-07,To pocket EUR Holidays from EUR,none,0.05,EUR,none,True
78953119-31c3-49e0-b65e-9abcdf37c2ac,11111111,none,2023-10-07,To pocket EUR Holidays from EUR,none,0.86,EUR,none,True
b944b68a-150e-4471-8920-057366d6fd9f,11111111,none,2023-10-07,Pocket Withdrawal,none,-50.0,EUR,none,True
564f57cc-0351-4e68-8702-5ce9bc1ac834,11111111,none,2023-10-07,To pocket EUR Holidays from EUR,none,0.2,EUR,none,True
9430f13f-e282-4d76-b8c4-1b63518fe14d,11111111,none,2023-10-07,To pocket EUR Holidays from EUR,none,0.2,EUR,none,True
3b2f8422-fd35-4b19-b3ea-2356e2343d59,11111111,none,2023-10-07,Pocket Withdrawal,none,-250.0,EUR,none,True
c70cbd3a-68d3-4b21-b704-1ddd96e5bf87,11111111,none,2023-10-08,To pocket EUR Holidays from EUR,none,0.01,EUR,none,True
84e5f5cd-c11b-4e38-b844-d2611596701a,11111111,none,2023-10-09,To pocket EUR Holidays from EUR,none,1.0,EUR,none,True
4f5a18c3-d366-4174-97e8-ea514db23529,11111111,none,2023-10-09,To pocket EUR Holidays from EUR,none,1.0,EUR,none,True
a1e7e7d3-a34e-4f42-8a31-1157e45333ff,11111111,none,2023-10-09,To pocket EUR Holidays from EUR,none,1.0,EUR,none,True
387f69c0-3aec-4318-bc5d-bbd11b8997fa,11111111,none,2023-10-09,To pocket EUR Holidays from EUR,none,1.0,EUR,none,True
bfbb638e-6510-45c6-86c3-a178c6544b69,11111111,none,2023-10-12,To pocket EUR Holidays from EUR,none,0.79,EUR,none,True
11099fb1-d510-4c75-ab03-6f871685b373,11111111,none,2023-10-14,To pocket EUR Holidays from EUR,none,0.5,EUR,none,True
29b9263f-f432-4292-bf73-f493399e0282,11111111,none,2023-10-14,To pocket EUR Holidays from EUR,none,0.8,EUR,none,True
6290eae9-422c-405d-a560-4557df8f25f4,11111111,none,2023-10-14,To pocket EUR Holidays from EUR,none,1.0,EUR,none,True
e3daacbc-101b-4e21-a39c-e5ea072d5360,11111111,none,2023-10-15,To pocket EUR Holidays from EUR,none,0.24,EUR,none,True
06e6fca3-b027-445f-81d2-cc1813ac11b9,11111111,none,2023-10-17,To pocket EUR Holidays from EUR,none,0.71,EUR,none,True
be7a3797-641f-4411-b5e5-03c360aad70e,11111111,none,2023-10-18,To pocket EUR Holidays from EUR,none,0.56,EUR,none,True
b17afaef-280f-4589-b3e1-6f8190e35b8d,11111111,none,2023-10-21,To pocket EUR Holidays from EUR,none,0.7,EUR,none,True
a1d88a6e-6459-44de-8c4c-c6dc883040a9,11111111,none,2023-10-22,To pocket EUR Holidays from EUR,none,0.99,EUR,none,True
3688c9ab-327c-4df2-bad8-320d7a0c1dfa,11111111,none,2023-10-22,To pocket EUR Holidays from EUR,none,1.0,EUR,none,True
3eaade12-4d6e-4a55-b051-17ea78bdd665,11111111,none,2023-10-22,To pocket EUR Holidays from EUR,none,1.0,EUR,none,True
96c3e67c-162e-45f0-bf4d-ac99402b5d1b,11111111,none,2023-10-25,To pocket EUR Holidays from EUR,none,0.52,EUR,none,True
574e6821-481b-42c4-87a7-e2cdbfad7575,11111111,none,2023-10-25,To pocket EUR Holidays from EUR,none,0.5,EUR,none,True
0c5632cb-4d57-4441-b79f-c089a114fbf0,11111111,none,2023-10-26,To pocket EUR Holidays from EUR,none,0.3,EUR,none,True
66d24576-d09d-4d8e-ad91-6c4745576052,11111111,none,2023-10-27,To pocket EUR Holidays from EUR,none,0.4,EUR,none,True
99451ec8-4c87-4bad-a886-198670643913,11111111,none,2023-10-27,To pocket EUR Holidays from EUR,none,0.99,EUR,none,True
32536ead-b017-4468-a04d-54f61cd5a40f,11111111,none,2023-10-27,To pocket EUR Holidays from EUR,none,0.6,EUR,none,True
a3f56169-dbbb-4570-a996-decf6bdda6e0,11111111,none,2023-10-30,To pocket EUR Holidays from EUR,none,0.29,EUR,none,True
ccdd1d1a-7493-420d-b072-3af08dfeecd1,11111111,none,2023-10-31,Pocket Withdrawal,none,-40.56,EUR,none,True
1132206f-1cfd-4340-bf42-0d8560923afc,11111111,none,2023-10-31,To pocket EUR Savings from EUR,none,200.0,EUR,none,True
ca0213e3-e7ba-4e01-88b0-be1ce9a7c597,11111111,none,2023-10-31,To pocket EUR Holidays from EUR,none,0.6,EUR,none,True
1a2e4f30-a6bf-4f6b-a74c-9e5193a9d67b,11111111,none,2023-10-31,To pocket EUR Holidays from EUR,none,0.4,EUR,none,True
e09fcab3-d8e6-478b-9452-56d540fb8f74,11111111,none,2023-10-31,To pocket EUR Holidays from EUR,none,0.25,EUR,none,True
84218c35-b04e-43ed-b9ee-1e89e36290e4,11111111,none,2023-10-31,To pocket EUR Holidays from EUR,none,1.0,EUR,none,True
8385c6cf-b8dd-44de-8671-7d1c4e482cab,11111111,none,2023-10-31,To pocket EUR Holidays from EUR,none,0.87,EUR,none,True
ee52690e-b052-4142-86a3-454c6cc3dac7,11111111,none,2023-10-31,To pocket EUR Holidays from EUR,none,0.2,EUR,none,True
d5cf68ad-a4d2-4b73-9c80-a3b80fd88860,11111111,none,2023-10-31,To pocket EUR Holidays from EUR,none,0.3,EUR,none,True
f12046db-90f8-434c-828a-38682abfdb45,11111111,none,2023-11-01,To pocket EUR Holidays from EUR,none,0.6,EUR,none,True
8f00b138-0641-45de-92b7-0f3858e07efe,11111111,none,2023-11-01,To pocket EUR Holidays from EUR,none,0.85,EUR,none,True
1972f14e-807c-40b9-ac03-7d83b581e4c4,11111111,none,2023-11-01,To pocket EUR Holidays from EUR,none,0.7,EUR,none,True
4e774e0b-665e-4b8c-ae86-1f65ac0dc6e4,11111111,none,2023-11-01,To pocket EUR Holidays from EUR,none,0.4,EUR,none,True
7dba9116-8e3c-4403-975a-077a41bf7a90,11111111,none,2023-11-02,To pocket EUR Holidays from EUR,none,0.1,EUR,none,True
37b7dd3d-6729-4507-8f88-b14e16470be5,11111111,none,2023-11-02,Pocket Withdrawal,none,-50.0,EUR,none,True
72615c7e-b252-47ae-98ce-db48262075b7,11111111,none,2023-11-04,To pocket EUR Holidays from EUR,none,0.08,EUR,none,True
780e130f-5fe0-47bb-ba30-df69b61bb54c,11111111,none,2023-11-04,To pocket EUR Holidays from EUR,none,0.7,EUR,none,True
5bf8f6a4-1e13-40bd-8c84-0ca4b8a40346,11111111,none,2023-11-05,To pocket EUR Holidays from EUR,none,1.0,EUR,none,True
916f37b6-0f35-40ce-9188-2a5f5457feaf,11111111,none,2023-11-05,To pocket EUR Holidays from EUR,none,0.11,EUR,none,True
9169e768-7762-421d-814c-57e2dc5607b2,11111111,none,2023-11-05,To pocket EUR Holidays from EUR,none,1.0,EUR,none,True
bcc0ddde-99e2-41ec-ade0-82cfcfbcf0d2,11111111,none,2023-11-05,To pocket EUR Holidays from EUR,none,1.0,EUR,none,True
1993fe26-cd2c-4d86-ad83-2302b6dc262e,11111111,none,2023-11-05,To pocket EUR Holidays from EUR,none,1.0,EUR,none,True
e0112480-4b3d-4aec-9f81-33f4b1ebd078,11111111,none,2023-11-06,To pocket EUR Holidays from EUR,none,0.57,EUR,none,True
5340db63-d1c4-4775-b081-1e826ba61e7a,11111111,none,2023-11-07,To pocket EUR Holidays from EUR,none,0.41,EUR,none,True
e20876c1-4506-4809-9062-1f059d8c3e73,11111111,none,2023-11-08,To pocket EUR Holidays from EUR,none,0.21,EUR,none,True
2c663c3a-a504-4372-b744-34a1412694b6,11111111,none,2023-11-08,To pocket EUR Holidays from EUR,none,0.21,EUR,none,True
ed4c0ea4-065b-4dbc-95c7-9d35ac69ba92,11111111,none,2023-11-08,To pocket EUR Holidays from EUR,none,0.11,EUR,none,True
c6fe27e7-d105-4263-8e38-4b91e720fb8b,11111111,none,2023-11-09,To pocket EUR Holidays from EUR,none,0.2,EUR,none,True
ad2fe802-41d7-4f44-8641-d3c183c14315,11111111,none,2023-11-10,To pocket EUR Holidays from EUR,none,0.9,EUR,none,True
d527c34a-a646-43a9-a8eb-761bc602b3ce,11111111,none,2023-11-10,Pocket Withdrawal,none,-50.0,EUR,none,True
c57654fb-a180-4b10-ad91-e0df56bc6526,11111111,none,2023-11-11,To pocket EUR Holidays from EUR,none,0.34,EUR,none,True
31b74d54-2f28-442c-bc53-e9341eb833fc,11111111,none,2023-11-13,To pocket EUR Holidays from EUR,none,0.87,EUR,none,True
7f8ef68b-ede7-4c2f-b990-d48babd16ba9,11111111,none,2023-11-14,To pocket EUR Holidays from EUR,none,0.25,EUR,none,True
70e19638-28de-474a-8ce8-347f997660d6,11111111,none,2023-11-15,To pocket EUR Holidays from EUR,none,0.11,EUR,none,True
18af8de5-4414-45d6-9fd3-daf12918d410,11111111,none,2023-11-17,To pocket EUR Holidays from EUR,none,0.95,EUR,none,True
89aac53e-cd46-4177-b8c2-1889877d567b,11111111,none,2023-11-18,To pocket EUR Holidays from EUR,none,0.01,EUR,none,True
6a948942-c7f4-44bf-a91d-5dac687e7a63,11111111,none,2023-11-19,Pocket Withdrawal,none,-100.0,EUR,none,True
a133d7ca-d96a-4bce-b937-d9fae9496244,11111111,none,2023-11-19,To pocket EUR Holidays from EUR,none,0.85,EUR,none,True
48a4da9a-45fc-4d53-817f-ddab5e88646c,11111111,none,2023-11-20,To pocket EUR Holidays from EUR,none,0.01,EUR,none,True
4fe23738-bd6f-4fca-b731-d123faa80b06,11111111,none,2023-11-20,To pocket EUR Holidays from EUR,none,0.47,EUR,none,True
a0e68723-3af3-4ab0-8e96-803de64731d3,11111111,none,2023-11-21,To pocket EUR Holidays from EUR,none,0.5,EUR,none,True
28eedde8-e4f1-426b-9a2b-2453f46a5629,11111111,none,2023-11-22,To pocket EUR Holidays from EUR,none,0.2,EUR,none,True
4586103e-d7cb-43f0-99ef-95794bbfd5f0,11111111,none,2023-12-14,Pocket Withdrawal,none,-18.33,EUR,none,True
c6657990-5e86-4568-abc4-20ecc9261166,11111111,none,2023-12-14,To pocket EUR Holidays from EUR,none,0.6,EUR,none,True
e74828f7-8a00-4bbd-9ed5-c9aa9c00ff80,11111111,none,2024-03-21,Closing transaction,none,0.0,EUR,none,True
5417a34e-0d72-4d2d-b0f7-93c78c6b22cb,11111111,none,2024-03-21,Pocket Withdrawal,none,-0.6,EUR,none,True
48ce31ea-010a-47d6-948f-3d3792980e24,11111111,none,2024-03-21,Closing transaction,none,0.0,EUR,none,True
33fc0acb-141c-41bb-b99b-7e7ca7b0c5d4,11111111,none,2024-03-28,To pocket EUR Monthly Allowance from EUR,none,300.0,EUR,none,True
206727c5-1e1d-4c74-8fcf-9ebf3364fa53,11111111,none,2024-04-06,Pocket Withdrawal,none,-100.0,EUR,none,True
8e460495-51c7-4f6f-a514-d88db7e45f13,11111111,none,2024-04-08,Pocket Withdrawal,none,-50.0,EUR,none,True
6f8f5787-07ba-4c20-83d9-be08cb713f41,11111111,none,2024-04-11,Pocket Withdrawal,none,-50.0,EUR,none,True
c8970b67-3454-4191-9012-e19cf1946c46,11111111,none,2024-04-13,Pocket Withdrawal,none,-100.0,EUR,none,True
4e6c715f-d4d5-4103-9332-bcc898ead556,11111111,none,2025-07-02,Closing transaction,none,0.0,EUR,none,True
41d1c8e9-f2d8-46c4-b45c-a57a91aacc8a,11111111,none,2023-06-11,Google Pay top-up by *2106,none,50.0,EUR,none,True
271e7be0-e0cd-486f-8bd3-212ef3414417,11111111,none,2023-06-11,Transfer to PE CHEN,none,-3.37,EUR,none,True
664a2196-e3c5-4a18-9cb8-1cb19ef747fe,11111111,none,2023-06-18,Penneys,none,-13.0,EUR,none,True
7e3633af-3d24-4a5a-a928-6cd6e80f31af,11111111,none,2023-06-18,SuperValu,none,-2.0,EUR,none,True
41c0275e-8fe7-492d-b601-05939df3765c,11111111,none,2023-06-19,Dunnes Stores,none,-2.47,EUR,none,True
f6a63e5d-b61b-42c3-817f-8659308b72ac,11111111,none,2023-06-19,Google Pay top-up by *3905,none,290.09,EUR,none,True
1bf3dabd-df61-4c8b-9c2b-b49557b8bbcc,11111111,none,2023-06-19,Google Pay top-up by *2106,none,349.0,EUR,none,True
9bd002ed-218a-48f0-9466-0d2a8681c47a,11111111,none,2023-06-21,PayPal,none,-2.52,EUR,none,True
67a9790f-ea4d-4155-b174-d530c4419fd3,11111111,none,2023-06-21,The Bookshelf Coffee House,none,-23.5,EUR,none,True
dcf49aed-4984-4fa3-89eb-e7156728792e,11111111,none,2023-06-21,To pocket EUR Rent & Utils from EUR,none,-500.0,EUR,none,True
2b65d1a7-0777-44ef-a437-fa0877f544fe,11111111,none,2023-06-21,To pocket EUR Paris from EUR,none,-1.0,EUR,none,True
5951bfdd-84ff-4ca4-ac98-48cbb15c45f9,11111111,none,2023-06-22,Lidl,none,-10.15,EUR,none,True
4a95e863-53fe-4616-ae03-570642dd7eb5,11111111,none,2023-06-22,Lidl,none,-6.29,EUR,none,True
a581acc3-8a89-44b2-9863-edda1490f5c2,11111111,none,2023-06-22,Tralee Interna,none,-9.0,EUR,none,True
aa4d7e58-793b-4aeb-a2ea-d70846612126,11111111,none,2023-06-22,O'Sullivans Pharmacy,none,-6.5,EUR,none,True
0450950a-5d04-43be-b61d-fc014e490b27,11111111,none,2023-06-22,Dunnes Stores,none,-33.56,EUR,none,True
7101dac4-6803-4a78-a914-1cc6999363c8,11111111,none,2023-06-22,Google Pay top-up by *3905,none,50.0,EUR,none,True
1f0c0527-1ae4-4ea7-b601-58f00d757c0d,11111111,none,2023-06-23,To LI PAN,none,-50.0,EUR,none,True
929ed354-ef8c-4ab3-a353-6b84e6aee0a7,11111111,none,2023-06-23,Payment from O HAN,none,10.0,EUR,none,True
dce218f1-e81d-4f0a-bc1c-9149474d855b,11111111,none,2023-06-23,Transport for Ireland - TFI,none,-10.0,EUR,none,True
c49d52e5-1a9d-4f81-b351-792cf21d68ed,11111111,none,2023-06-23,Bean in Dingle,none,-9.0,EUR,none,True
f0f011f9-2cf5-46bd-803d-82efdea686f4,11111111,none,2023-06-23,Seed and Soul,none,-7.2,EUR,none,True
903ab3f5-5a8c-4d7a-8f34-1978f7deddbe,11111111,none,2023-06-23,Google Pay top-up by *2106,none,160.28,EUR,none,True
ad8bdc9a-46f7-4d37-98db-942ba0155209,11111111,none,2023-06-23,To pocket EUR Paris from EUR,none,-150.0,EUR,none,True
66700d03-6976-45c0-8c02-c7a8ebe95a81,11111111,none,2023-06-24,Airwallet,none,-3.0,EUR,none,True
eeabc396-1365-4b79-9c30-34d480ef4cda,11111111,none,2023-06-24,Airwallet,none,-3.0,EUR,none,True
a4cd09a3-3f50-4d38-a94f-fc9d6801e8c0,11111111,none,2023-06-24,Airwallet,none,-5.0,EUR,none,True
ba096fbe-ff12-4246-94c9-becb9e93b89d,11111111,none,2023-06-24,Airwallet,none,-5.0,EUR,none,True
eabc6528-f6b4-4575-8bd9-9ab0ce3b737c,11111111,none,2023-06-24,To pocket EUR Paris from EUR,none,-0.41,EUR,none,True
c3881fab-b13e-4f78-b105-adb46ed016e0,11111111,none,2023-06-24,To pocket EUR Paris from EUR,none,-1.0,EUR,none,True
75bc78f3-4a5a-4711-9e5e-276700b7df63,11111111,none,2023-06-25,To pocket EUR Paris from EUR,none,-1.0,EUR,none,True
2ad97289-c962-4fe2-8b6d-ef2a8fa26e91,11111111,none,2023-06-25,Dunnes Stores,none,-8.0,EUR,none,True
d6b82c46-321b-45f1-b7fc-c23a9feead44,11111111,none,2023-06-25,Dunnes Stores,none,-1.59,EUR,none,True
f87777e8-15ae-4694-98f8-4e2e3e2f3dcf,11111111,none,2023-06-25,Pocket Withdrawal,none,50.0,EUR,none,True
b52a7a02-369e-4509-818a-d4ba332753f6,11111111,none,2023-06-25,To pocket EUR Paris from EUR,none,-0.5,EUR,none,True
06c6c57c-f7da-42a2-9fa0-26aa6c97308f,11111111,none,2023-06-26,International Transfer to O HAN,none,-17.73,EUR,none,True
35e552dc-72d4-48dd-97f7-6c1768a7b110,11111111,none,2023-06-26,Omniplex,none,-19.0,EUR,none,True
1a162424-24dd-4454-8f1a-3c3250ae1e24,11111111,none,2023-06-26,To Ke Chin,none,-3.25,EUR,none,True
dac1b773-d17f-477d-972b-010cdcde0c16,11111111,none,2023-06-26,SuperValu,none,-15.5,EUR,none,True
2a73fc95-63c3-49c1-abda-345a5f5c0b61,11111111,none,2023-06-26,Pocket Withdrawal,none,500.0,EUR,none,True
b24a965b-d541-4223-8daf-6a905f6ea7eb,11111111,none,2023-06-26,To pocket EUR Paris from EUR,none,-0.1,EUR,none,True
72473e66-f60a-4245-8e2f-814bdc5ad208,11111111,none,2023-06-27,To pocket EUR Paris from EUR,none,-0.57,EUR,none,True
b39c1d3b-2e12-40fb-b7dd-6d23c047be5d,11111111,none,2023-06-27,To pocket EUR Paris from EUR,none,-0.8,EUR,none,True
69bfedd0-3df1-45f8-90a1-942305a644a6,11111111,none,2023-06-27,Tralee Town Centre Ap,none,-500.9,EUR,none,True
2302cf74-f0f6-45b2-a8f4-b841d2bfa03a,11111111,none,2023-06-28,Lidl,none,-7.2,EUR,none,True
3c7e3600-d6cb-4d57-bb05-5125b65eac5a,11111111,none,2023-06-28,Dunnes Stores,none,-20.43,EUR,none,True
e0d149ec-76d1-4b47-9ff4-4e05d67c34f4,11111111,none,2023-06-29,Pocket Withdrawal,none,25.0,EUR,none,True
096541ac-d97b-4d6e-9a8c-223ce9ca0bd1,11111111,none,2023-07-01,To pocket EUR Paris from EUR,none,-0.02,EUR,none,True
b4e661fe-97cb-4115-b734-f2122a898644,11111111,none,2023-07-02,Dunnes Stores,none,-1.98,EUR,none,True
17c8cd00-60f6-4a2f-9293-93858d208fce,11111111,none,2023-07-03,To pocket EUR Paris from EUR,none,-0.73,EUR,none,True
e66bdd73-6edc-4ade-a60d-b720bc313723,11111111,none,2023-07-04,Lidl,none,-2.27,EUR,none,True
c01272fb-41aa-421e-a738-5fa3e62c15ee,11111111,none,2023-07-04,To pocket EUR Paris from EUR,none,-1.0,EUR,none,True
39da0840-fd54-4fdc-a7fd-09684f579908,11111111,none,2023-07-05,Airwallet,none,-3.0,EUR,none,True
4d96bc93-c296-4acd-b749-b3ec886015e5,11111111,none,2023-07-05,Google Pay top-up by *3905,none,42.0,EUR,none,True
96321278-c265-4228-89c1-d35c208ff558,11111111,none,2023-07-05,To pocket EUR Paris from EUR,none,-0.55,EUR,none,True
459591a0-544d-4925-88ab-ce99d9abcf8f,11111111,none,2023-07-06,The Roast House,none,-20.45,EUR,none,True
07489664-fb1a-4352-b55d-261941d877df,11111111,none,2023-07-07,To pocket EUR Paris from EUR,none,-0.73,EUR,none,True
f9000972-8f07-4812-a612-df470390fe81,11111111,none,2023-07-07,To pocket EUR Paris from EUR,none,-0.5,EUR,none,True
ee78a343-53da-4e8d-a59a-baf0d0322502,11111111,none,2023-07-08,Google Pay top-up by *2106,none,98.67,EUR,none,True
f58ddc34-41ca-48dc-a36b-a5ecafd2a5cc,11111111,none,2023-07-08,To pocket EUR Anna 18th Bday from EUR,none,-100.0,EUR,none,True
a186b939-bd40-4d2f-8702-d5c613acee18,11111111,none,2023-07-08,Pocket Withdrawal,none,20.0,EUR,none,True
022c618c-96f3-473f-9592-d16be84c9106,11111111,none,2023-07-08,To pocket EUR Anna 18th Bday from EUR,none,-20.0,EUR,none,True
d8a48919-e911-4dd9-8e87-a9f5d7dc5ebd,11111111,none,2023-07-08,Lidl,none,-9.27,EUR,none,True
d51d6fc5-fce7-4d70-9786-b10fa32945aa,11111111,none,2023-07-08,Dinano's Pizza & Kebab,none,-7.5,EUR,none,True
8d976cf9-2f53-4f36-8497-1bfcd0c28262,11111111,none,2023-07-09,To pocket EUR Paris from EUR,none,-0.89,EUR,none,True
7064e304-7bcb-454b-a0c5-cd7a0c5b00ed,11111111,none,2023-07-10,To pocket EUR Paris from EUR,none,-0.28,EUR,none,True
1ed678e3-fd6a-49de-8b80-375326c260d6,11111111,none,2023-07-10,AliExpress,none,-12.72,EUR,none,True
1f84858e-f71e-47ca-9151-4a6d09119bbd,11111111,none,2023-07-10,Dunnes Stores,none,-3.11,EUR,none,True
f63cdd8c-5abe-434c-8931-ae874aaf3d52,11111111,none,2023-07-11,Pocket Withdrawal,none,25.0,EUR,none,True
c79d9ad1-7170-4186-b01c-06aacdb0992c,11111111,none,2023-07-12,To pocket EUR Paris from EUR,none,-0.44,EUR,none,True
1109d0f0-ff59-4333-ae25-a914463cc375,11111111,none,2023-07-13,Lidl,none,-5.92,EUR,none,True
3d106bc6-f353-44f8-a27b-0f1b9fd26f88,11111111,none,2023-07-13,Dunnes Stores,none,-20.56,EUR,none,True
a9c4eae1-2b5a-4868-a7e2-0630a7878461,11111111,none,2023-07-13,Pocket Withdrawal,none,10.0,EUR,none,True
cc3d47f9-43d6-4b52-9cd5-44ecda6e2b2d,11111111,none,2023-07-14,Pocket Withdrawal,none,120.0,EUR,none,True
6741a02a-ba7c-4c82-9eb4-9ee401e12ec6,11111111,none,2023-07-14,To pocket EUR Paris from EUR,none,-0.01,EUR,none,True
b89c43bb-8b71-4526-8123-2c5986ca63e1,11111111,none,2023-07-14,Pocket Withdrawal,none,10.0,EUR,none,True
bfd502b1-8329-4de6-9694-1ec77a8987f6,11111111,none,2023-07-14,Pocket Withdrawal,none,10.0,EUR,none,True
199ddd84-bc07-499d-ac36-7c95d8c70cf7,11111111,none,2023-07-14,To pocket EUR Paris from EUR,none,-0.41,EUR,none,True
a5a1ec37-12f5-4368-98d7-dfb093ac0391,11111111,none,2023-07-15,PayPal,none,-2.5,EUR,none,True
928ed39c-e94f-447e-a20e-4a65c96755d3,11111111,none,2023-07-15,Lidl,none,-0.59,EUR,none,True
bcaad363-279e-4500-8f06-d14962992cb5,11111111,none,2023-07-15,photospecialist.ie,none,-128.99,EUR,none,True
a4ba0c7d-abfa-4d39-9fad-6e6f6d123801,11111111,none,2023-07-15,McDonald's,none,-12.4,EUR,none,True
e57e4c14-5911-4aa1-9573-1cd407de1d4d,11111111,none,2023-07-17,To pocket EUR Paris from EUR,none,-0.91,EUR,none,True
83dca643-20a2-44c8-919e-6659b42e7c0d,11111111,none,2023-07-17,Google Pay top-up by *2106,none,488.77,EUR,none,True
45f54674-1a85-4adb-acd8-0f51ab5cab15,11111111,none,2023-07-17,To pocket EUR Paris from EUR,none,-0.71,EUR,none,True
01d5e991-373e-41cd-b7cd-42dc9ea0b75c,11111111,none,2023-07-18,Lidl,none,-1.85,EUR,none,True
232dc5d3-b7ca-4e7b-9c21-648b431cb046,11111111,none,2023-07-18,Lidl,none,-1.09,EUR,none,True
c9ce9f0c-2ca3-4709-a075-816d1c060d24,11111111,none,2023-07-18,To pocket EUR Paris from EUR,none,-1.0,EUR,none,True
b8b09b86-fa94-450e-a6ef-d91d2bb57b23,11111111,none,2023-07-18,To pocket EUR Paris from EUR,none,-195.97,EUR,none,True
c73bebc0-dcf8-4f7c-a470-18597581f30b,11111111,none,2023-07-18,To pocket EUR Paris from EUR,none,-50.0,EUR,none,True
98130076-a703-4e1d-b6a5-de012e1085c2,11111111,none,2023-07-18,To pocket EUR Paris from EUR,none,-20.0,EUR,none,True
2184f87f-4cd2-474a-96c7-f781594e3d1e,11111111,none,2023-07-18,MYPROTEIN,none,-60.29,EUR,none,True
5978ed6c-6aa2-4c42-9a7f-f56f365d6104,11111111,none,2023-07-19,Airwallet,none,-3.0,EUR,none,True
ab7d544e-cbae-4412-88b6-231ef2632b1a,11111111,none,2023-07-19,Airwallet,none,-5.0,EUR,none,True
97bb7320-72c0-47c3-a84b-bb88d5852233,11111111,none,2023-07-19,Airwallet,none,-5.0,EUR,none,True
a1682f29-6bcc-4ed8-ad09-8b5aa35ef426,11111111,none,2023-07-19,Airwallet,none,-3.0,EUR,none,True
0a0183af-9171-41a0-95bd-1653fd0ecd7b,11111111,none,2023-07-19,Lidl,none,-1.44,EUR,none,True
e5f7dae5-b68f-4ea0-8836-fe7cfe80d610,11111111,none,2023-07-19,Dunnes Stores,none,-24.67,EUR,none,True
6bfbf39c-90cb-444d-8e50-42757f931b46,11111111,none,2023-07-19,To pocket EUR Paris from EUR,none,-0.62,EUR,none,True
c0d1ccde-9a08-4fde-a060-424eceffefb4,11111111,none,2023-07-20,To pocket EUR Paris from EUR,none,-1.0,EUR,none,True
69c746ac-7b42-418d-84d5-f6e8a8dd619f,11111111,none,2023-07-20,AliExpress,none,-24.38,EUR,none,True
9a4bd4c6-ebdf-4179-a7f7-71275974c492,11111111,none,2023-07-20,SHEIN,none,-6.0,EUR,none,True
356fda91-87bb-40f3-a4ab-85ce6eb3b18d,11111111,none,2023-07-21,To pocket EUR Paris from EUR,none,-0.92,EUR,none,True
4ff7bb77-928a-40d0-8b98-f16b896bfed4,11111111,none,2023-07-22,Lidl,none,-3.08,EUR,none,True
fbb43a26-2cbe-40d4-a9ef-f3d303ff9c15,11111111,none,2023-07-23,Google Pay top-up by *2106,none,112.48,EUR,none,True
eb53f32d-f8ee-4a91-b987-8c95f867a657,11111111,none,2023-07-23,To pocket EUR Paris from EUR,none,-100.5,EUR,none,True
e4c40a3e-06d4-4b05-9b1f-e96999b538ef,11111111,none,2023-07-23,To pocket EUR Paris from EUR,none,-0.62,EUR,none,True
b4a7441a-6207-49f6-befb-56e90d96ff7d,11111111,none,2023-07-24,SHEIN,none,-21.38,EUR,none,True
d93341de-67c5-4c2a-8a67-799326d51a11,11111111,none,2023-07-24,To pocket EUR Paris from EUR,none,-0.6,EUR,none,True
46d19707-748c-49b3-889c-ef99e1ea6f4a,11111111,none,2023-07-24,To pocket EUR Paris from EUR,none,-0.5,EUR,none,True
6d4ddf23-82af-4dc1-a45f-482b6b54a61b,11111111,none,2023-07-24,To pocket EUR Paris from EUR,none,-1.0,EUR,none,True
88bae429-4929-4e77-8a22-8044186fae7f,11111111,none,2023-07-24,To pocket EUR Paris from EUR,none,-1.0,EUR,none,True
f9b9e861-e629-469d-bc3a-98c5b44463af,11111111,none,2023-07-25,Dunnes Stores,none,-6.0,EUR,none,True
b13bb1c2-07eb-4b7c-ae96-f947ff1b86c1,11111111,none,2023-07-25,Penneys,none,-10.5,EUR,none,True
fe68f1cf-9656-4d72-a083-6fa1e3fce668,11111111,none,2023-07-25,John D,none,-6.0,EUR,none,True
3313e760-a9be-4f73-8529-6ab8f0bd758b,11111111,none,2023-07-25,To pocket EUR Paris from EUR,none,-0.42,EUR,none,True
f854e4bb-3600-45e8-9c93-cad0327b74dc,11111111,none,2023-07-25,The Nu Place,none,-7.4,EUR,none,True
2ad7225d-1ba7-46ac-8f00-0d43df0c5955,11111111,none,2023-07-26,Dunnes Stores,none,-17.58,EUR,none,True
7db412ea-9114-4596-a967-069de6d84c8f,11111111,none,2023-07-27,To pocket EUR Paris from EUR,none,-0.92,EUR,none,True
4de20172-bbb2-4165-ab1f-2b8d7296a283,11111111,none,2023-07-27,To pocket EUR Paris from EUR,none,-0.9,EUR,none,True
ba852975-112b-4171-bb03-3b5c182c192b,11111111,none,2023-07-27,To pocket EUR Paris from EUR,none,-0.96,EUR,none,True
cbdaaa25-af0f-4715-b29c-77e95ab08393,11111111,none,2023-07-27,To pocket EUR Paris from EUR,none,-0.03,EUR,none,True
bf6a1cdc-421c-47ca-a828-62c1c77b0d8f,11111111,none,2023-07-28,Lidl,none,-2.08,EUR,none,True
c0a2bce4-d57c-4eb3-b66b-048bedd2237e,11111111,none,2023-07-28,Lidl,none,-1.04,EUR,none,True
a1cfba8d-8d20-4c60-9255-ed133308d3b2,11111111,none,2023-07-28,Pocket Withdrawal,none,100.0,EUR,none,True
3979491c-869b-4238-83cf-8dcd6fd8a083,11111111,none,2023-07-28,To pocket EUR Paris from EUR,none,-0.5,EUR,none,True
aed91e19-2b31-4b72-aae0-cf132ad4ff18,11111111,none,2023-07-28,To pocket EUR Paris from EUR,none,-0.4,EUR,none,True
a1d2a3e1-c88d-4d87-afc1-eb91b2502407,11111111,none,2023-07-28,To pocket EUR Paris from EUR,none,-0.15,EUR,none,True
27686c58-aff4-4c0f-bed3-c51e6a86ef64,11111111,none,2023-07-28,To pocket EUR Paris from EUR,none,-1.0,EUR,none,True
125af443-efcb-4372-a8b1-991355febee5,11111111,none,2023-07-28,SuperValu,none,-3.97,EUR,none,True
2460530b-4d03-4555-b48a-7752e5077d13,11111111,none,2023-07-28,SuperValu,none,-2.1,EUR,none,True
6a55317f-ae00-4ad9-a276-c4772d663470,11111111,none,2023-07-28,To pocket EUR Paris from EUR,none,-0.8,EUR,none,True
e3070ac2-8385-4395-b788-8b6972a2d678,11111111,none,2023-07-28,Pocket Withdrawal,none,50.0,EUR,none,True
e24e5e08-8668-4730-8884-255857e9002b,11111111,none,2023-07-28,To pocket EUR Paris from EUR,none,-1.0,EUR,none,True
beaeda04-5f66-46da-a695-9300ac893878,11111111,none,2023-07-29,Citi Bus,none,-12.5,EUR,none,True
62c9b037-2f3c-41f6-a1b5-d8031dab60aa,11111111,none,2023-07-29,Kopitiam Dublin,none,-37.6,EUR,none,True
95dee95f-742f-4db2-bfa0-113c36159b24,11111111,none,2023-07-29,Drunken Fish,none,-36.0,EUR,none,True
1c3fc209-d9fb-4c0a-922d-cfd07a17efcd,11111111,none,2023-07-29,LadurÃ©e,none,-30.0,EUR,none,True
151b36e6-ea93-4bad-914e-735c4669b2e1,11111111,none,2023-07-29,Bewley's,none,-4.85,EUR,none,True
1ac5fcc8-ceb5-4bbb-ab34-a37041b507d9,11111111,none,2023-07-29,Maneki,none,-5.2,EUR,none,True
ca52596f-ac84-4fca-88e6-d8bf59c2c538,11111111,none,2023-07-30,To pocket EUR Paris from EUR,none,-0.7,EUR,none,True
9340cede-568a-4f5c-986f-945da9e4d63a,11111111,none,2023-07-31,Google Pay top-up by *2106,none,335.5,EUR,none,True
d9323fb6-6b20-41e0-8813-419f00cbbbba,11111111,none,2023-07-31,To pocket EUR Paris from EUR,none,-150.0,EUR,none,True
fbc9712a-c371-41ee-939c-f10aa21e85cb,11111111,none,2023-07-31,To pocket EUR Paris from EUR,none,-100.0,EUR,none,True
d0a199e0-0a4a-4d77-ad40-ed030aee1fb6,11111111,none,2023-07-31,McDonald's,none,-8.3,EUR,none,True
6e010c0f-bc17-4727-9754-b94b60733aeb,11111111,none,2023-07-31,To pocket EUR Paris from EUR,none,-0.7,EUR,none,True
d954a962-557e-40f6-9cf9-3bacc94d3f67,11111111,none,2023-07-31,To pocket EUR Paris from EUR,none,-1.0,EUR,none,True
6a17039e-7f2c-49c2-88fc-df281b61cec4,11111111,none,2023-08-01,Penneys,none,-7.0,EUR,none,True
af8c6a74-2b26-4387-a312-69ecfa310e44,11111111,none,2023-08-01,Penneys,none,-3.3,EUR,none,True
c2e0ad23-36ed-4584-bab3-0a3550a71729,11111111,none,2023-08-01,To pocket EUR Paris from EUR,none,-0.63,EUR,none,True
4d6e6298-4fab-4011-9785-a2112e007a93,11111111,none,2023-08-01,To pocket EUR Paris from EUR,none,-0.52,EUR,none,True
a76322da-d4dd-4163-9b4a-02720ff6acff,11111111,none,2023-08-01,To pocket EUR Paris from EUR,none,-1.0,EUR,none,True
30dd5e96-0145-44f3-b2b4-f698569196ff,11111111,none,2023-08-01,To pocket EUR Paris from EUR,none,-1.0,EUR,none,True
27ef8ab9-298f-40db-8960-38b2ea872744,11111111,none,2023-08-01,To pocket EUR Paris from EUR,none,-1.0,EUR,none,True
0ca61e31-cf24-450c-aa07-816a6fbb9e9d,11111111,none,2023-08-01,To pocket EUR Paris from EUR,none,-1.0,EUR,none,True
4235225a-b2c5-4704-b038-80e9a1aca920,11111111,none,2023-08-02,Airwallet Laundry,none,-5.0,EUR,none,True
0678a552-9bcb-4a63-a88d-0aaf62a83d05,11111111,none,2023-08-02,Airwallet Laundry,none,-3.0,EUR,none,True
ac5e9e5f-8470-4e17-ada5-fe47f76d2065,11111111,none,2023-08-02,Airwallet Laundry,none,-3.0,EUR,none,True
614e1db6-b6f0-4da4-bcfc-ef048184941f,11111111,none,2023-08-02,Airwallet Laundry,none,-5.0,EUR,none,True
b729e1eb-7637-4ae9-9119-117e79c58d81,11111111,none,2023-08-02,Lidl,none,-4.48,EUR,none,True
072d33ec-a00d-4e84-8b12-7d46d3f5f284,11111111,none,2023-08-02,To pocket EUR Paris from EUR,none,-1.0,EUR,none,True
586182e7-5a07-4667-8a5d-ec95f0a7b05f,11111111,none,2023-08-02,Dunnes Stores,none,-20.37,EUR,none,True
20493ba0-1552-4a29-92f1-2d87678a9a06,11111111,none,2023-08-02,Penneys,none,1.0,EUR,none,True
7e398438-cc14-47c6-ae25-ba29c76754fc,11111111,none,2023-08-02,To pocket EUR Paris from EUR,none,-0.87,EUR,none,True
e9465b36-412a-41de-9fa3-8029d9feab3f,11111111,none,2023-08-03,Maddens Bar,none,-7.0,EUR,none,True
b38d63a3-67da-4464-8e46-dd844851d275,11111111,none,2023-08-03,Lidl,none,-3.13,EUR,none,True
e6ad5272-7af6-4b69-ba7f-c728788ebd66,11111111,none,2023-08-04,To pocket EUR Paris from EUR,none,-0.95,EUR,none,True
bc3d8d4c-f7dc-4fc2-b234-71700ecd8a46,11111111,none,2023-08-05,Lidl,none,-8.05,EUR,none,True
9ac6253a-8045-41b7-8864-a6efa4b8a18b,11111111,none,2023-08-05,To pocket EUR Paris from EUR,none,-1.0,EUR,none,True
16f20a39-74d5-41ec-9131-a57e3076194d,11111111,none,2023-08-06,Dunnes Stores,none,-10.0,EUR,none,True
848c0c5f-2ea7-4041-bd06-5c8a0aed8116,11111111,none,2023-08-07,To pocket EUR Paris from EUR,none,-0.33,EUR,none,True
29e55dff-1d67-4f97-a628-44f89008aa21,11111111,none,2023-08-08,Lidl,none,-2.67,EUR,none,True
398c71ab-73f4-4828-ad45-ea04b9301451,11111111,none,2023-08-08,Pocket Withdrawal,none,20.0,EUR,none,True
c64a0a96-f19e-4a61-bf92-357c4c6d4dcc,11111111,none,2023-08-08,To pocket EUR Paris from EUR,none,-1.0,EUR,none,True
e47cb498-e243-43a4-9513-9b76b1a66fbb,11111111,none,2023-08-09,Google Pay top-up by *2106,none,60.17,EUR,none,True
bfc3c54b-79c8-4c20-a6b6-621c47bc91a8,11111111,none,2023-08-09,To pocket EUR Paris from EUR,none,-38.17,EUR,none,True
6406c187-545d-43b9-b446-38745c0de36d,11111111,none,2023-08-09,Pocket Withdrawal,none,60.0,EUR,none,True
bf6b60b9-b13d-42bb-9530-54b20a711089,11111111,none,2023-08-09,To pocket EUR Paris from EUR,none,-0.24,EUR,none,True
f5b0ba02-1889-4349-9fa1-4b8b00207c07,11111111,none,2023-08-09,Dunnes Stores,none,-21.0,EUR,none,True
7c79b682-e3c1-4a79-be2f-1706e283851d,11111111,none,2023-08-09,To pocket EUR Paris from EUR,none,-0.75,EUR,none,True
c0854812-3c3b-4d79-936a-23629910274c,11111111,none,2023-08-10,Irish Rail,none,-56.76,EUR,none,True
43398598-b409-431e-8df1-ffa1e9a96843,11111111,none,2023-08-10,To pocket EUR Paris from EUR,none,-0.8,EUR,none,True
7c4c2e2b-e606-4c28-b94f-87529850df40,11111111,none,2023-08-10,Pocket Withdrawal,none,50.0,EUR,none,True
665502ed-704a-45d2-97b2-d0e0b5379047,11111111,none,2023-08-10,To pocket EUR Paris from EUR,none,-0.51,EUR,none,True
6d46268a-9d45-4c95-8ac6-6f183f18e9d3,11111111,none,2023-08-10,To pocket EUR Paris from EUR,none,-0.5,EUR,none,True
8f8509ae-0561-4488-b1f6-5d6bed32908d,11111111,none,2023-08-10,SuperValu,none,-2.25,EUR,none,True
07391533-6635-4cba-8fdf-d0ed9deb8bda,11111111,none,2023-08-10,To pocket EUR Paris from EUR,none,-0.5,EUR,none,True
95dd14ad-4a24-4477-98da-fdd56ab09d38,11111111,none,2023-08-11,Marks & Spencer,none,-5.5,EUR,none,True
24c71d11-e264-494c-876b-6a8eb225853d,11111111,none,2023-08-11,Supermac's,none,-11.5,EUR,none,True
27f60dc1-cb2a-4b43-b61c-b8aae31e5adf,11111111,none,2023-08-11,Beanhive Coffee,none,-18.2,EUR,none,True
45e6a48c-2dfa-4c7a-b36b-d598d7e4196c,11111111,none,2023-08-11,Camile Thai,none,-30.49,EUR,none,True
3254312c-b02f-4e1d-9004-e66493cb78f8,11111111,none,2023-08-11,Google Pay top-up by *2106,none,80.5,EUR,none,True
f2ed9a6c-a7ec-451d-b149-d981afd9d1e7,11111111,none,2023-08-11,To pocket EUR Paris from EUR,none,-0.22,EUR,none,True
a561a97e-b4e5-454c-9cf2-7107011da640,11111111,none,2023-08-12,Lidl,none,-3.78,EUR,none,True
1750a56d-7104-4a43-a5a0-c040d0ad0b78,11111111,none,2023-08-13,To pocket EUR Paris from EUR,none,-0.53,EUR,none,True
e5e53c28-ec0d-4f14-866b-edfa7e9c9256,11111111,none,2023-08-14,Lidl,none,-5.47,EUR,none,True
a1a6711b-0868-4e45-bff9-be0106805d7e,11111111,none,2023-08-15,To pocket EUR Paris from EUR,none,-1.0,EUR,none,True
8da36fcc-b401-4805-9b3e-994dc9fe39dd,11111111,none,2023-08-15,To pocket EUR Paris from EUR,none,-0.37,EUR,none,True
a86e5ef3-3444-4f56-bb15-89ff934ccbe4,11111111,none,2023-08-15,To pocket EUR Paris from EUR,none,-1.0,EUR,none,True
a9128919-8158-4be4-ba21-3637a098c426,11111111,none,2023-08-16,Airwallet Laundry,none,-5.0,EUR,none,True
efd50312-cdca-4e0c-9510-d54f28193b0d,11111111,none,2023-08-16,Airwallet Laundry,none,-3.0,EUR,none,True
1fc15bf8-8bcb-40bc-b6e2-6d901d4cc90f,11111111,none,2023-08-16,Dunnes Stores,none,-25.63,EUR,none,True
e5d3aa9a-35dc-4b31-88ad-719c58b68dbc,11111111,none,2023-08-16,To pocket EUR Paris from EUR,none,-0.81,EUR,none,True
11102371-0d3c-41e8-97b0-98aac9eaadf8,11111111,none,2023-08-17,Dunnes Stores,none,-3.19,EUR,none,True
b31ae3f3-5cdd-4a02-93d4-00ef6eb99bf6,11111111,none,2023-08-18,To pocket EUR Paris from EUR,none,-1.0,EUR,none,True
1894fc0a-7657-45ba-b373-d3ccd62b38db,11111111,none,2023-08-19,Graham Curry,none,-8.0,EUR,none,True
d3ba48da-e097-4a4b-a661-cfc2ad9fdbd6,11111111,none,2023-08-19,To pocket EUR Paris from EUR,none,-0.51,EUR,none,True
4e95ae27-fd1d-4f4b-986f-3b0fd44f6957,11111111,none,2023-08-19,Google Pay top-up by *2106,none,130.17,EUR,none,True
9f5a4173-a711-4914-b33a-94435fb77adc,11111111,none,2023-08-19,To pocket EUR Paris from EUR,none,-150.0,EUR,none,True
e67042c8-a01e-4c4a-97c0-6a1bc76895da,11111111,none,2023-08-20,Card World,none,-2.49,EUR,none,True
a787f223-f269-4243-92f0-996966f857e6,11111111,none,2023-08-20,To pocket EUR Paris from EUR,none,-1.0,EUR,none,True
15eac9c5-eb71-45c8-8346-3ba2eb3d7ec2,11111111,none,2023-08-21,The Coin,none,-5.0,EUR,none,True
5b4b4c0b-f4df-45af-8bcc-9cb7900ebaa1,11111111,none,2023-08-21,Pocket Withdrawal,none,20.0,EUR,none,True
9504156f-d0c5-4e81-9726-34d47195b5ae,11111111,none,2023-08-21,To pocket EUR Paris from EUR,none,-1.0,EUR,none,True
412b6a58-dea4-4709-9e62-fea9afe01b53,11111111,none,2023-08-21,To pocket EUR Paris from EUR,none,-1.0,EUR,none,True
2992fbb0-4f29-47ba-9f85-d59e3439cc84,11111111,none,2023-08-21,To pocket EUR Paris from EUR,none,-1.0,EUR,none,True
68b0e350-a058-4188-a84f-29672f6a66bc,11111111,none,2023-08-21,To pocket EUR Paris from EUR,none,-0.5,EUR,none,True
f641545f-49d1-4a4b-8bcd-c1ef6c83f4e9,11111111,none,2023-08-22,Dinky Donuts,none,-12.0,EUR,none,True
e224b8df-e058-4489-9fe1-2d7ddf83a563,11111111,none,2023-08-22,Entertainment,none,-4.0,EUR,none,True
b180504a-a57e-4ae7-ae5a-08bede456a6d,11111111,none,2023-08-22,Entertainment,none,-4.0,EUR,none,True
c80f18a2-fe2b-4bcf-93dc-d4c5cabc8217,11111111,none,2023-08-22,Pocket Withdrawal,none,10.0,EUR,none,True
e6c52171-553f-454b-ab3f-93efffd70995,11111111,none,2023-08-22,To pocket EUR Paris from EUR,none,-1.0,EUR,none,True
ffc95b5c-6381-4ab3-9e2e-b11131f39439,11111111,none,2023-08-22,To pocket EUR Paris from EUR,none,-0.22,EUR,none,True
ede07d69-61b6-4cc9-b649-b239cf46cd3e,11111111,none,2023-08-22,Pocket Withdrawal,none,20.0,EUR,none,True
3ddf4657-3a6b-4eea-9593-126694a0745a,11111111,none,2023-08-22,To pocket EUR Paris from EUR,none,-0.22,EUR,none,True
3463f947-6cfc-4e82-957f-3d6e09c24d07,11111111,none,2023-08-23,Lidl,none,-2.78,EUR,none,True
1a432845-cb48-4e48-b104-4bde97baa5e6,11111111,none,2023-08-23,Rustic Boowa,none,-9.0,EUR,none,True
8d758447-3a2b-4257-a103-fd88a0f6721b,11111111,none,2023-08-23,Food Plus,none,-1.78,EUR,none,True
92003e7a-a0d0-4b58-b055-48b32695850b,11111111,none,2023-08-23,Sean Ogs Bar & B&B,none,-5.5,EUR,none,True
8dbdea03-472e-4f05-8432-8cea484c7059,11111111,none,2023-08-23,Pocket Withdrawal,none,50.0,EUR,none,True
ed83b2d9-cc4f-43b1-b096-f8cea1ffd836,11111111,none,2023-08-23,Pocket Withdrawal,none,20.0,EUR,none,True
96ce90dd-e7aa-44aa-9ecb-f258030199d4,11111111,none,2023-08-23,To pocket EUR Paris from EUR,none,-0.66,EUR,none,True
5d71a3cd-6a70-40ba-984f-8eba21fca7e0,11111111,none,2023-08-24,To Anna K,none,-50.0,EUR,none,True
29923327-5c90-4091-9a22-6d25941e637c,11111111,none,2023-08-24,Dunnes Stores,none,-21.34,EUR,none,True
cf443aee-a7d2-4de3-b30c-7c5e1bbf34e7,11111111,none,2023-08-24,To pocket EUR Paris from EUR,none,-1.0,EUR,none,True
80bf7e56-1edf-40eb-8383-6741421463b0,11111111,none,2023-08-24,To pocket EUR Paris from EUR,none,-1.0,EUR,none,True
e360db57-b443-445a-be15-a41b83672ca8,11111111,none,2023-08-25,Airwallet Laundry,none,-5.0,EUR,none,True
2f80a85d-3f6f-4b05-8d19-e54c64f07147,11111111,none,2023-08-25,Airwallet Laundry,none,-3.0,EUR,none,True
4880dd5c-1136-4a36-ad5e-0f8453fa6f47,11111111,none,2023-08-26,Google Pay top-up by *2106,none,304.75,EUR,none,True
d26e81af-9c38-4e8f-8c7d-7e653bdfc240,11111111,none,2023-08-26,Pocket Withdrawal,none,461.58,EUR,none,True
558425a0-a45c-448b-b374-fa89886b2b3e,11111111,none,2023-08-26,To pocket EUR Paris from EUR,none,-275.0,EUR,none,True
ef85f29c-8b30-403c-bb16-2f6b9905f46e,11111111,none,,Google,none,-0.81,EUR,none,True
a539ecfa-e66d-45f5-9fb0-22e5de8b3797,11111111,none,2023-08-26,Airport Bus Express,none,-59.8,EUR,none,True
c14a3971-a436-417a-af71-04cac2330696,11111111,none,2023-08-27,RATP,none,-4.2,EUR,none,True
e72b4aad-ccb0-435c-90d6-aea3902cbbc7,11111111,none,2023-08-27,RATP,none,-22.4,EUR,none,True
06f5b011-320f-4131-900c-1210b1c224d6,11111111,none,2023-08-27,K-MART,none,-7.1,EUR,none,True
2cb6b7ca-0f6f-475c-a534-d8c74bec866d,11111111,none,2023-08-27,Starbucks,none,-11.0,EUR,none,True
d9b1cefa-e8f7-41cc-9b65-55c9944d43f9,11111111,none,2023-08-27,Pocket Withdrawal,none,50.0,EUR,none,True
26598b28-6ade-478b-9e1e-02aa5b0781d5,11111111,none,2023-08-27,Pocket Withdrawal,none,225.0,EUR,none,True
813549e6-90e2-4107-8e4a-1ba9d8663f6c,11111111,none,2023-08-27,Card Delivery Fee,none,-7.99,EUR,none,True
cced2d48-91c8-453c-a507-0e7cde75fb58,11111111,none,2023-08-28,Sapporo,none,-35.3,EUR,none,True
e6cc3569-bc45-42af-bc1b-d6571d60dc5b,11111111,none,2023-08-28,CotÃ© Sushi,none,-20.8,EUR,none,True
c9606734-f67c-42df-8b5b-9399a6540425,11111111,none,2023-08-28,Carrefour,none,-3.4,EUR,none,True
f41dbf30-c76b-4a3f-bc8b-a2ad5ffa189c,11111111,none,2023-08-28,Omi Maiko,none,-10.0,EUR,none,True
c25c3072-0270-4a6d-ab24-36e6a41b5837,11111111,none,2023-08-28,Celio*,none,-45.99,EUR,none,True
a14e1dad-48e6-4e54-b61a-1d4520674e4a,11111111,none,2023-08-28,C Troca,none,-28.0,EUR,none,True
5cd8c5a0-5ee7-455f-9ef0-c909c86e0383,11111111,none,2023-08-29,MusÃ©e Du Louvre,none,-2.0,EUR,none,True
5e63d8aa-863f-4918-b77a-a1d0d2939626,11111111,none,2023-08-30,Yithe Glacerie,none,-7.2,EUR,none,True
b1c7cad9-7c43-48bb-9a8a-06670345e454,11111111,none,2023-08-30,Magasin U,none,-1.39,EUR,none,True
c2b3678c-9404-4ad6-b46d-b3daf3844e59,11111111,none,2023-08-30,Annetherese,none,-9.6,EUR,none,True
213ab4f8-d7c8-4fa5-96bd-4b09bb39b721,11111111,none,2023-08-30,Nitro,none,-59.6,EUR,none,True
354c5036-fc6c-479b-bd5e-c3b4d57d8779,11111111,none,2023-08-30,Rocket Lunch,none,-11.7,EUR,none,True
fbff49fb-e82e-45b5-bfea-31fcec2fedfa,11111111,none,2023-08-30,Omusubi Gonbei Paris Palais Royal,none,-6.8,EUR,none,True
1d26784c-b33f-4fe2-84e4-0f4892dee15f,11111111,none,2023-08-30,Omusubi Gonbei Paris Palais Royal,none,-6.5,EUR,none,True
67e5e246-657d-441a-b48c-8048487cdb9d,11111111,none,2023-08-30,Starbucks,none,-4.65,EUR,none,True
96cbd26f-8f3a-43a1-8059-7739e69cc660,11111111,none,2023-08-30,Google Pay top-up by *2106,none,80.3,EUR,none,True
f23e5b01-4b7b-41dc-9e60-f77dfed5d8cc,11111111,none,2023-08-31,Bo&Mie,none,-16.95,EUR,none,True
5ab8cbd8-df30-4674-940b-38de8eabed7b,11111111,none,2023-08-31,To pocket EUR Savings from EUR,none,-100.0,EUR,none,True
395d6335-deb6-4083-9b1b-f0bc856a0a2f,11111111,none,2023-08-31,RATP,none,-4.2,EUR,none,True
e46c12c5-c35c-46d4-bc3f-20af86a48692,11111111,none,2023-08-31,RATP,none,-4.2,EUR,none,True
71d5fa55-9975-44c2-a3e2-fee26230d483,11111111,none,2023-08-31,Ace Mart,none,-7.1,EUR,none,True
c51fe55a-a71a-4aaa-bf0c-a2fab6a2a1af,11111111,none,2023-08-31,Kodawari Ramen (YokochÅ),none,-33.5,EUR,none,True
4860d28e-bf6e-48e7-b140-f95dc8152dca,11111111,none,2023-08-31,Pocket Withdrawal,none,100.0,EUR,none,True
3ca71a26-9d4a-48c5-b22e-1e5181f88936,11111111,none,2023-09-01,KIOKO,none,-6.9,EUR,none,True
62af20e0-1c96-4b58-8d5d-4c7310ccc6b0,11111111,none,2023-09-01,Restaurant 1129,none,-259.0,EUR,none,True
4a3e0e2e-bb6b-454d-a4aa-e753a6266cc6,11111111,none,2023-09-01,McDonald's,none,-24.3,EUR,none,True
fc8f4ff1-e99a-4642-be1c-3b3f8a8ea044,11111111,none,2023-09-02,Aeroport Paris Beauvais,none,-37.8,EUR,none,True
6e640193-2fca-44de-bb3f-3e1b815d4138,11111111,none,2023-09-02,Dealz,none,-8.3,EUR,none,True
7bf6de48-83ad-4763-8cae-5a2372342e61,11111111,none,2023-09-02,Lana Asian Street Food,none,-30.9,EUR,none,True
1fa8df49-4fd1-4e82-a8ce-5a9d64c62da0,11111111,none,2023-09-02,Omniplex,none,-4.0,EUR,none,True
4b02c3c0-4d6b-4749-9748-b2aec51dc045,11111111,none,,Google,none,-0.81,EUR,none,True
a1eb4cf1-6564-4690-985e-76c6cf406323,11111111,none,,Google,none,-0.81,EUR,none,True
5097e040-81af-4280-86d0-40d184e3f580,11111111,none,,Google,none,-0.81,EUR,none,True
f3257b8a-cc4a-432b-94cc-6eac6e5d8139,11111111,none,2023-09-04,Transport for Ireland - TFI,none,-10.0,EUR,none,True
94631529-7dd6-4a91-93e1-a4fb005e4b25,11111111,none,2023-09-04,Transport for Ireland - TFI,none,-10.0,EUR,none,True
a0368ad0-8d9c-4585-a0ad-99e078aef355,11111111,none,2023-09-06,Dealz,none,-5.1,EUR,none,True
e22fdac3-4657-48bc-9f9b-23f6fa5533b7,11111111,none,2023-09-08,Google Pay top-up by *3925,none,100.0,EUR,none,True
13cda3ea-4ae3-49ab-8ba0-0b0e452bb91e,11111111,none,2023-09-09,Google Pay top-up by *2106,none,205.19,EUR,none,True
d6cdcf12-970a-4418-85af-5e6c053735c1,11111111,none,2023-09-09,To pocket EUR Savings from EUR,none,-200.0,EUR,none,True
a2c0ad36-6bc4-4775-a1fd-ffa1fe98fb43,11111111,none,2023-09-09,To pocket EUR Savings from EUR,none,-50.0,EUR,none,True
0795fc57-17d9-489a-acfb-0fc3c33c008b,11111111,none,2023-09-09,To pocket EUR Holidays from EUR,none,-1.0,EUR,none,True
94c45a28-a028-4a84-8e4a-c26c367a80e5,11111111,none,2023-09-09,Airwallet Laundry,none,-5.0,EUR,none,True
912a8dfa-af97-4625-bac3-108054ab325b,11111111,none,2023-09-09,Airwallet Laundry,none,-3.0,EUR,none,True
d37bf463-dd37-4241-97b4-ba56dd931417,11111111,none,2023-09-09,Airwallet Laundry,none,-3.0,EUR,none,True
ccca53e1-3c5a-4898-98f2-04a6c7b45206,11111111,none,2023-09-09,Airwallet Laundry,none,-5.0,EUR,none,True
b43afe47-9994-4b89-a745-69556874e0a5,11111111,none,2023-09-09,Dealz,none,-2.3,EUR,none,True
03c6bcda-271d-447f-81b4-6af63c58bfb8,11111111,none,2023-09-09,To pocket EUR Holidays from EUR,none,-0.21,EUR,none,True
b2e2b6fa-8cc5-4f20-a669-58ec897bf2c7,11111111,none,2023-09-09,To pocket EUR Holidays from EUR,none,-1.0,EUR,none,True
dc069fb8-b4e3-4cf9-a7f9-504e6a32226a,11111111,none,2023-09-10,Lidl,none,-2.79,EUR,none,True
0ed20195-677b-4c54-a19b-da2e368084c2,11111111,none,2023-09-10,To pocket EUR Holidays from EUR,none,-0.82,EUR,none,True
27b9d4df-26e9-4a32-ac2b-5094a7884257,11111111,none,2023-09-11,Penneys,none,-8.0,EUR,none,True
907dcf71-44d9-4fc9-a1bc-e403abb1eac0,11111111,none,2023-09-11,Costa Coffee,none,-9.0,EUR,none,True
0e98462b-5bab-48ba-bdf4-90a34d6b2913,11111111,none,2023-09-11,Dunnes Stores,none,-41.18,EUR,none,True
d7195723-a619-46cb-bd39-052ae6f0426e,11111111,none,2023-09-11,Pocket Withdrawal,none,150.0,EUR,none,True
ee28978b-b9a0-445d-ac58-a3caca775ab7,11111111,none,2023-09-12,To pocket EUR Holidays from EUR,none,-0.67,EUR,none,True
e1f86f11-560a-4777-9186-ce8f08d8f7ab,11111111,none,2023-09-13,Lidl,none,-2.33,EUR,none,True
5bc62060-b060-47e5-a445-1d4c12c2b621,11111111,none,2023-09-13,To pocket EUR Holidays from EUR,none,-0.75,EUR,none,True
c6c8e1a9-93a3-40b3-90bb-ba6a0725352b,11111111,none,2023-09-14,University,none,-3.25,EUR,none,True
d4505697-fd7d-440a-859a-ffc888dad30d,11111111,none,2023-09-14,To pocket EUR Holidays from EUR,none,-0.75,EUR,none,True
a81331a5-732b-4d32-9114-99d13eef2186,11111111,none,2023-09-14,To pocket EUR Holidays from EUR,none,-0.14,EUR,none,True
fa555c5a-1cd6-4490-a9e9-41a8ee7d16e6,11111111,none,2023-09-15,University,none,-3.25,EUR,none,True
2c1b6be3-5846-4510-8953-35e6b137e59e,11111111,none,2023-09-15,Lidl,none,-9.86,EUR,none,True
cdef5c42-906e-4b1d-88ed-5a58002bd9f7,11111111,none,2023-09-15,To pocket EUR Holidays from EUR,none,-0.12,EUR,none,True
5662d39a-5cb7-4271-b033-362ffd1427d8,11111111,none,2023-09-15,To pocket EUR Holidays from EUR,none,-1.0,EUR,none,True
7838747d-99be-4b35-a0ff-cee1da911a2e,11111111,none,2023-09-16,Lidl,none,-5.88,EUR,none,True
b0384890-65f7-4c68-891a-e42469aa7f01,11111111,none,2023-09-16,Dunnes Stores,none,-11.0,EUR,none,True
66b2a7e3-57e1-4cbe-917e-6bba8ba21818,11111111,none,2023-09-17,To pocket EUR Holidays from EUR,none,-0.42,EUR,none,True
2434aee5-787e-42e7-b888-cdb6642ece2e,11111111,none,2023-09-17,To pocket EUR Holidays from EUR,none,-1.0,EUR,none,True
ed2d6e96-8f30-4f38-bf13-8cb218bba68a,11111111,none,2023-09-18,Dunnes Stores,none,-43.58,EUR,none,True
644fdb2f-5590-402d-a74a-16e3cb988b09,11111111,none,2023-09-18,Dunnes Stores,none,-5.0,EUR,none,True
ce2e00f8-aa5b-4ffe-948c-58a6e1cf53f4,11111111,none,2023-09-18,To pocket EUR Holidays from EUR,none,-0.25,EUR,none,True
a730a268-c5b3-4c1f-9e3d-f1bc998f98ec,11111111,none,2023-09-18,To pocket EUR Holidays from EUR,none,-0.5,EUR,none,True
855afd39-1f1b-4f64-8b0c-49ba13bf7c79,11111111,none,2023-09-19,University,none,-5.75,EUR,none,True
03838e8a-1562-4320-aa77-ada19188cf5e,11111111,none,2023-09-20,To pocket EUR Holidays from EUR,none,-0.75,EUR,none,True
6d344c41-7795-4a98-9d62-a5957f371944,11111111,none,2023-09-20,Dinano's Pizza & Kebab,none,-3.5,EUR,none,True
2f693898-cdaa-41c9-8c22-951b5e1ce2e5,11111111,none,2023-09-20,To pocket EUR Holidays from EUR,none,-0.02,EUR,none,True
45dbf8ec-3190-46e8-9726-57109e88b738,11111111,none,2023-09-21,University,none,-3.25,EUR,none,True
411f0c4d-7458-44f8-929a-23c499183135,11111111,none,2023-09-21,Lidl,none,-3.98,EUR,none,True
8336f4fe-373c-49e1-b1e4-fe4386489a16,11111111,none,2023-09-22,To pocket EUR Holidays from EUR,none,-0.5,EUR,none,True
f3f3f660-6563-458e-8475-ecb163088254,11111111,none,2023-09-22,To pocket EUR Holidays from EUR,none,-1.0,EUR,none,True
8cefa4f2-4f31-4185-a7e4-1497ee059581,11111111,none,2023-09-23,University,none,-6.5,EUR,none,True
37eb3b52-6e6e-49f8-9820-6d20f1c1bd64,11111111,none,2023-09-24,Hennessys Bar,none,-6.0,EUR,none,True
02b64d2e-debd-43dc-a7a4-20dd476890dd,11111111,none,2023-09-24,To pocket EUR Holidays from EUR,none,-1.0,EUR,none,True
4a235109-ce1d-4dbf-ad8d-d396520f9960,11111111,none,2023-09-24,Pocket Withdrawal,none,50.0,EUR,none,True
837067fe-2f4e-4189-9110-6a92e96d1430,11111111,none,2023-09-24,To pocket EUR Holidays from EUR,none,-0.52,EUR,none,True
95d6ca07-f952-4aaf-a852-a040efe3caa1,11111111,none,2023-09-24,To pocket EUR Holidays from EUR,none,-1.0,EUR,none,True
15f22c52-4a94-4af2-a6ec-39c7ec0c74da,11111111,none,2023-09-24,To pocket EUR Holidays from EUR,none,-1.0,EUR,none,True
30b8261c-7c5a-4aff-9ca3-9313205f7b01,11111111,none,2023-09-24,To pocket EUR Holidays from EUR,none,-1.0,EUR,none,True
6e493eee-f703-48fd-9382-66a7ed3d9b6e,11111111,none,2023-09-24,Airwallet Laundry,none,-5.0,EUR,none,True
2be8a9da-86e2-4392-b2d6-b13c536c55a1,11111111,none,2023-09-24,To pocket EUR Holidays from EUR,none,-0.46,EUR,none,True
56f11c64-81b2-4f68-a0b1-0c9d8f8795f3,11111111,none,2023-09-25,Airwallet Laundry,none,-3.0,EUR,none,True
4f38bd2b-c76a-43cf-8df9-df96c302b08f,11111111,none,2023-09-25,Airwallet Laundry,none,-5.0,EUR,none,True
813b3bd4-6ed9-41fc-893e-258d7d537e1d,11111111,none,2023-09-25,Airwallet Laundry,none,-3.0,EUR,none,True
7fd3842d-ec12-41c0-9e9b-f22a72e05d97,11111111,none,2023-09-25,Lidl,none,-2.54,EUR,none,True
e1726c6c-53e8-4b6d-b2a0-7a1d0e7762e3,11111111,none,2023-09-25,Dunnes Stores,none,-40.48,EUR,none,True
4ef1d6b6-1ba7-4972-8138-4fa8c16eec54,11111111,none,2023-09-27,To pocket EUR Holidays from EUR,none,-0.75,EUR,none,True
b2988196-cd10-4bf8-86e4-ba3bcea5af30,11111111,none,2023-09-28,University,none,-3.25,EUR,none,True
6cddeb4d-8d02-4a5e-b0bd-1d558e5dfc78,11111111,none,2023-09-28,Pocket Withdrawal,none,50.0,EUR,none,True
24f984e8-2f49-4b0a-9aea-97f6c3371a36,11111111,none,2023-09-28,To pocket EUR Holidays from EUR,none,-0.22,EUR,none,True
00135477-7a53-4a95-8647-4fe17aea3c46,11111111,none,2023-09-29,Lidl,none,-1.78,EUR,none,True
53b5351c-02c3-411a-b84e-a96cc986255c,11111111,none,2023-09-29,To pocket EUR Holidays from EUR,none,-0.31,EUR,none,True
615c6041-9259-41b7-8883-7c92f31cfb21,11111111,none,2023-09-29,To pocket EUR Holidays from EUR,none,-0.8,EUR,none,True
84c5089d-8f3c-45e1-b19d-4ee3b93f0fb6,11111111,none,2023-09-30,Lidl,none,-0.69,EUR,none,True
8782b6dd-40e7-46f2-a019-9c4ee3ebc6e0,11111111,none,2023-09-30,The Coin,none,-16.2,EUR,none,True
13a204e1-ee32-4c0d-aaaa-3113f4253aa3,11111111,none,2023-09-30,To pocket EUR Holidays from EUR,none,-1.0,EUR,none,True
75bb2a21-285b-41ee-8fb7-d6738b053416,11111111,none,2023-09-30,To pocket EUR Holidays from EUR,none,-1.0,EUR,none,True
ead74604-dba1-4aac-ab9b-0e3bd70897ee,11111111,none,2023-10-01,Penneys,none,-16.0,EUR,none,True
e4e5338f-0b4a-48ab-b4c4-419f5834c4db,11111111,none,2023-10-01,Penneys,none,-10.0,EUR,none,True
b12988a4-7d59-4ef0-8909-bce92dadce88,11111111,none,2023-10-03,To pocket EUR Holidays from EUR,none,-0.75,EUR,none,True
f131b12e-a2f3-4aa8-8aa4-9bb24ffe8260,11111111,none,2023-10-03,Google Pay top-up by *3925,none,500.0,EUR,none,True
2de54e17-7f48-4157-8f3b-3959110dae52,11111111,none,2023-10-03,To pocket EUR Savings from EUR,none,-300.0,EUR,none,True
01f6ec68-7487-4a65-8048-5e692ab1729b,11111111,none,2023-10-03,To pocket EUR Savings from EUR,none,-150.0,EUR,none,True
16a9e42a-1b87-43aa-934c-2c08596846cd,11111111,none,2023-10-03,To pocket EUR Holidays from EUR,none,-0.44,EUR,none,True
068d39b0-35fd-4d1e-bc5c-5001b446ea54,11111111,none,2023-10-04,University,none,-3.25,EUR,none,True
cfc7142a-9ec0-42a2-b9a0-1c5777d2d9ba,11111111,none,2023-10-04,To Anna K,none,-20.0,EUR,none,True
cbce422b-7b13-484e-a973-66320fa9f9b9,11111111,none,2023-10-04,Lidl,none,-2.56,EUR,none,True
6d4872c3-3855-48a4-b557-ccbd8e6e442c,11111111,none,2023-10-06,Pocket Withdrawal,none,100.0,EUR,none,True
ef9793ba-f591-403e-917c-5d95c8596096,11111111,none,2023-10-06,To pocket EUR Holidays from EUR,none,-0.4,EUR,none,True
3a1cf6a5-684c-42f9-86f9-c1d5fe630517,11111111,none,2023-10-06,To pocket EUR Holidays from EUR,none,-0.2,EUR,none,True
5565c4f4-1ccc-4b24-a88e-bda8fd9d3b68,11111111,none,2023-10-07,SHEIN,none,-30.6,EUR,none,True
bf88054b-36d6-418b-97aa-8d49c4876f0c,11111111,none,2023-10-07,Irish Rail,none,-36.8,EUR,none,True
a25c09e9-3e75-4a0a-ae1f-dc0826691756,11111111,none,2023-10-07,Pocket Withdrawal,none,50.0,EUR,none,True
e74c5cff-5f51-4a31-bcb7-4b1221da29e5,11111111,none,2023-10-07,To pocket EUR Holidays from EUR,none,-1.0,EUR,none,True
c3529caa-86da-489f-9880-e3da935a4f13,11111111,none,2023-10-07,To pocket EUR Holidays from EUR,none,-0.6,EUR,none,True
71d746bb-dcc2-460a-ae4a-aa890fc0f10f,11111111,none,2023-10-07,To pocket EUR Holidays from EUR,none,-0.05,EUR,none,True
602fb924-1936-4f76-a164-aa741c4d94d0,11111111,none,2023-10-07,To pocket EUR Holidays from EUR,none,-0.86,EUR,none,True
494fd098-4529-4549-8e0d-0686f96ef22b,11111111,none,2023-10-07,Pocket Withdrawal,none,50.0,EUR,none,True
1aa79bc1-679e-40f3-8fbf-e046544f4edc,11111111,none,2023-10-07,To pocket EUR Holidays from EUR,none,-0.2,EUR,none,True
2064146b-78b1-4b99-91fa-27c57e65225c,11111111,none,2023-10-07,To pocket EUR Holidays from EUR,none,-0.2,EUR,none,True
5ad21111-1e6c-4170-b9ae-d434253b906d,11111111,none,2023-10-07,Pocket Withdrawal,none,250.0,EUR,none,True
729b1626-a604-4031-b5ff-1cf3e9c486bc,11111111,none,,To ë§ˆì´ í€¸ðŸ‘¸,none,-1.0,EUR,none,True
c8b02cd7-12f2-487c-a220-708cf4e9907e,11111111,none,2023-10-08,Filter,none,-3.4,EUR,none,True
17e7121f-df2e-4828-8e72-0570f14324d5,11111111,none,2023-10-08,Ninja Sushi Bento,none,-9.95,EUR,none,True
89fc883e-f949-428f-be56-94a410c66760,11111111,none,2023-10-08,GeoFood,none,-15.0,EUR,none,True
5fc3d560-c95f-4d8a-9ed5-a5ae42f42524,11111111,none,2023-10-08,To pocket EUR Holidays from EUR,none,-0.01,EUR,none,True
879e86e3-71e4-4b29-aa7d-867f97cf6bba,11111111,none,2023-10-08,H&M,none,-70.14,EUR,none,True
e6af6eda-db8b-4949-b6ae-74b3699fc182,11111111,none,2023-10-09,Akira,none,-31.8,EUR,none,True
7d3342c6-273d-4eba-b55e-d7e4555aeaba,11111111,none,2023-10-09,Lidl,none,-2.99,EUR,none,True
8a42d3de-cd70-4295-bc8e-3801b62df48a,11111111,none,2023-10-09,To Anna K,none,-250.0,EUR,none,True
c9b2e106-da04-408c-8584-202fc7414067,11111111,none,2023-10-09,Chatime,none,-5.8,EUR,none,True
5c5e3d5d-db01-46fa-a8bd-285cae5dd14a,11111111,none,2023-10-09,To pocket EUR Holidays from EUR,none,-1.0,EUR,none,True
dd92becd-4964-4c70-9368-15b9c6eeba26,11111111,none,2023-10-09,Google Pay top-up by *3925,none,190.0,EUR,none,True
53af3ed2-7805-47cd-b59f-73d48a334f19,11111111,none,2023-10-09,To pocket EUR Holidays from EUR,none,-1.0,EUR,none,True
183c881e-cbd7-4a32-b10d-5addd5b5e723,11111111,none,2023-10-09,To pocket EUR Holidays from EUR,none,-1.0,EUR,none,True
649a276e-4eb8-44a3-8ad4-1d0feba94668,11111111,none,2023-10-09,To pocket EUR Holidays from EUR,none,-1.0,EUR,none,True
b4d823fd-04b3-4315-9afa-588fba2534bc,11111111,none,2023-10-10,Airwallet Laundry,none,-5.0,EUR,none,True
39da5ccb-4034-4e62-a322-9e9b0dbe069e,11111111,none,2023-10-10,Airwallet Laundry,none,-3.0,EUR,none,True
1c62da9c-1070-41d9-b229-eeedaead3e74,11111111,none,2023-10-10,Airwallet Laundry,none,-5.0,EUR,none,True
0d310d99-fe25-443c-9b14-d64ea51eb229,11111111,none,2023-10-10,Airwallet Laundry,none,-3.0,EUR,none,True
fcbe3e57-68bf-446a-999a-6628eedcabaf,11111111,none,2023-10-12,To pocket EUR Holidays from EUR,none,-0.79,EUR,none,True
83b83bdb-c1c3-43f5-b3fc-688cc495aeac,11111111,none,2023-10-13,Lidl,none,-3.21,EUR,none,True
b014f276-aad1-4474-8bb5-fbe8d0847ab7,11111111,none,2023-10-14,To pocket EUR Holidays from EUR,none,-0.5,EUR,none,True
a68ee683-7ba0-4c87-9602-69d8c008bc6e,11111111,none,2023-10-14,To pocket EUR Holidays from EUR,none,-0.8,EUR,none,True
afa712a1-6db0-4a25-8d47-0e6315f5b656,11111111,none,2023-10-14,To pocket EUR Holidays from EUR,none,-1.0,EUR,none,True
6494e179-b931-4ebc-8a35-57bde8bd5cae,11111111,none,2023-10-15,Wei An,none,-6.2,EUR,none,True
a250efc1-11bb-43db-ac0e-3e987b59b81f,11111111,none,2023-10-15,To pocket EUR Holidays from EUR,none,-0.24,EUR,none,True
85961e84-e6b3-40fc-b07b-09f7cca8d824,11111111,none,2023-10-16,The Red Fox Inn,none,-7.5,EUR,none,True
7869c0e8-e6b7-42f6-ad23-eadb9a013794,11111111,none,2023-10-16,Der Oâ€™Sullivans,none,-12.0,EUR,none,True
f9a0f4de-2178-4429-b970-7a3f78bd6d62,11111111,none,2023-10-16,Dunnes Stores,none,-93.76,EUR,none,True
001353e0-f845-4988-89ff-7fc230774233,11111111,none,2023-10-17,To pocket EUR Holidays from EUR,none,-0.71,EUR,none,True
6fe9e220-fb8b-4713-a6e3-03c4da0b0a20,11111111,none,2023-10-17,Google Pay top-up by *2106,none,120.01,EUR,none,True
47fa7868-676b-44fd-863c-f264b1dedb80,11111111,none,2023-10-18,MYPROTEIN,none,-60.29,EUR,none,True
5ce6bd19-48f1-453d-9a16-6097f16db4b7,11111111,none,2023-10-18,To pocket EUR Holidays from EUR,none,-0.56,EUR,none,True
cf04f3c8-ab86-4763-a716-6387fda24399,11111111,none,2023-10-19,Lidl,none,-2.44,EUR,none,True
980994c7-a76c-4b77-91e2-5eba47b9eef6,11111111,none,2023-10-21,To pocket EUR Holidays from EUR,none,-0.7,EUR,none,True
f86f7f0c-b602-4f28-86e5-d91bfd91e1b4,11111111,none,2023-10-22,To pocket EUR Holidays from EUR,none,-0.99,EUR,none,True
91671769-325d-4e12-a960-c7fb625a97ad,11111111,none,2023-10-22,To pocket EUR Holidays from EUR,none,-1.0,EUR,none,True
a6140c1a-e934-47c5-8fca-500eae0b3be8,11111111,none,2023-10-22,Transfer to DYLAN LAI YEN CHENG,none,-15.0,EUR,none,True
53fc8a82-6dde-47c0-98ea-abd39fc74fa8,11111111,none,2023-10-22,To pocket EUR Holidays from EUR,none,-1.0,EUR,none,True
1ba66e8c-7039-413a-ac3c-ee5fbd1f01e1,11111111,none,2023-10-22,McDonald's,none,-8.3,EUR,none,True
99a48219-1057-42ee-82c6-f820c50f1cb0,11111111,none,2023-10-23,Airwallet Laundry,none,-3.0,EUR,none,True
48653ca7-259b-44e5-a27a-ceafdc7ccd5a,11111111,none,2023-10-23,Airwallet Laundry,none,-5.0,EUR,none,True
fad2acf7-baa2-4536-8328-04e4c1b31bd7,11111111,none,2023-10-23,Dunnes Stores,none,-47.01,EUR,none,True
aebf7fbc-4287-48fc-904e-1a45b1a788a4,11111111,none,2023-10-25,To pocket EUR Holidays from EUR,none,-0.52,EUR,none,True
0f7e08db-da91-4eaa-868f-8ebd31806ea7,11111111,none,2023-10-25,To pocket EUR Holidays from EUR,none,-0.5,EUR,none,True
1e62701a-81f8-41bd-85a1-240858c80689,11111111,none,2023-10-26,Lidl,none,-4.48,EUR,none,True
f47ac30b-e9c3-4842-b4b1-381a4e9d41f0,11111111,none,2023-10-26,Dinano's Pizza & Kebab,none,-5.5,EUR,none,True
65011ba6-52b1-419f-bb6c-2d6f56540b25,11111111,none,2023-10-26,To pocket EUR Holidays from EUR,none,-0.3,EUR,none,True
9c7959de-952a-4012-9bb7-9b4b0c391228,11111111,none,2023-10-27,To pocket EUR Holidays from EUR,none,-0.4,EUR,none,True
329ad4e9-e274-47ea-995b-f1287c1b7d5d,11111111,none,2023-10-27,To pocket EUR Holidays from EUR,none,-0.99,EUR,none,True
a52a5106-faaa-4e06-9e37-ee17f0e96ded,11111111,none,2023-10-27,To pocket EUR Holidays from EUR,none,-0.6,EUR,none,True
ebd794f7-cf79-4ef3-aa02-d4660c5268da,11111111,none,2023-10-27,SuperValu,none,-1.7,EUR,none,True
996776ac-4e34-485f-a9d7-12788da9dc2c,11111111,none,2023-10-28,University,none,-5.6,EUR,none,True
9175893e-f981-41bb-bc90-5b1a089c3706,11111111,none,2023-10-28,Lidl,none,-3.01,EUR,none,True
c17a1cef-ee9b-491b-a618-9cfc678333b3,11111111,none,2023-10-28,Lidl,none,-8.4,EUR,none,True
a2f602f7-cf45-423a-b697-0f2752c040c2,11111111,none,2023-10-30,To pocket EUR Holidays from EUR,none,-0.29,EUR,none,True
18261664-9825-4eb5-b9d6-d1313e549f04,11111111,none,2023-10-31,Payment from O HAN,none,300.0,EUR,none,True
d3ad647c-dcdb-451d-9c86-a91c2109bd6c,11111111,none,2023-10-31,Pocket Withdrawal,none,40.56,EUR,none,True
733faa03-3d6c-4913-a52e-add9c005fd4a,11111111,none,2023-10-31,To pocket EUR Savings from EUR,none,-200.0,EUR,none,True
9e04913f-b9aa-4dcf-82ac-3f0d4999d382,11111111,none,2023-10-31,To pocket EUR Holidays from EUR,none,-0.6,EUR,none,True
f27762f6-3fc4-4d1b-8571-b586b2effde4,11111111,none,2023-10-31,To pocket EUR Holidays from EUR,none,-0.4,EUR,none,True
fdc85e14-ef45-4b13-9ecf-20a03a81e7f9,11111111,none,2023-10-31,To pocket EUR Holidays from EUR,none,-0.25,EUR,none,True
033020e1-e183-4d97-9769-c5bd377a7b0c,11111111,none,2023-10-31,To pocket EUR Holidays from EUR,none,-1.0,EUR,none,True
cc45c108-7fc7-4652-a29e-7640c63181bd,11111111,none,2023-10-31,Lidl,none,-0.71,EUR,none,True
6596bedc-7d3e-4fb2-a160-8362fc559d6b,11111111,none,2023-10-31,To pocket EUR Holidays from EUR,none,-0.87,EUR,none,True
9ed99d18-ca75-41c2-9ee0-a8b19898fb10,11111111,none,2023-10-31,To pocket EUR Holidays from EUR,none,-0.2,EUR,none,True
400ae54c-6e08-4146-b000-59c9ee0f4c70,11111111,none,2023-10-31,To pocket EUR Holidays from EUR,none,-0.3,EUR,none,True
49ff182b-183b-44f7-9819-d4e044bad8d4,11111111,none,2023-11-01,To pocket EUR Holidays from EUR,none,-0.6,EUR,none,True
580211a1-3f60-4b75-8d99-584259e5f982,11111111,none,2023-11-01,Super Asia Food,none,-3.8,EUR,none,True
29e72fa1-4fa3-42e9-a1b3-a0cf0714574e,11111111,none,2023-11-01,Super Asia Food,none,-2.7,EUR,none,True
2eda9e2c-325e-4420-bbb5-cc0470d89034,11111111,none,2023-11-01,Butlers Chocolates,none,-3.4,EUR,none,True
cbf644e4-4172-4294-93ac-e8d3773ad3e8,11111111,none,2023-11-01,Transport for Ireland - TFI,none,-10.0,EUR,none,True
b6223937-c446-46bd-9d70-c12f8ba161f8,11111111,none,2023-11-01,To pocket EUR Holidays from EUR,none,-0.85,EUR,none,True
8f65eea9-77eb-484a-9eb4-dddfa98386a2,11111111,none,2023-11-01,Card Gallery,none,-0.75,EUR,none,True
78b420b5-2f50-434c-be55-8410a434ae82,11111111,none,2023-11-01,Kopitiam Dublin,none,-20.13,EUR,none,True
c3548879-06ec-4e8a-b5f8-103ce3f1946e,11111111,none,2023-11-01,To pocket EUR Holidays from EUR,none,-0.7,EUR,none,True
64622f0c-142e-432c-982a-1f45436b9091,11111111,none,2023-11-01,Nanas Tea,none,-6.6,EUR,none,True
df27986f-be00-411c-99e7-33e92606f44f,11111111,none,2023-11-01,To pocket EUR Holidays from EUR,none,-0.4,EUR,none,True
327e18a9-c140-4b9a-9184-b3300479f318,11111111,none,2023-11-02,Nanas Tea,none,-6.3,EUR,none,True
dc83bf5c-45a1-423d-bd2b-3aa89215a211,11111111,none,2023-11-02,Yoi Izakaya,none,-30.6,EUR,none,True
1e11f5ed-63ab-4ade-b318-1cc9ea7e425b,11111111,none,2023-11-02,To pocket EUR Holidays from EUR,none,-0.1,EUR,none,True
28cfcd26-be06-4537-926f-9b9ddfb47c77,11111111,none,2023-11-02,The Tram CafÃ©,none,-17.4,EUR,none,True
e1257eba-81be-4714-acc6-d42bd6cb2ad8,11111111,none,2023-11-02,Boojum,none,-10.15,EUR,none,True
3b686f3f-9bcf-4331-88c0-3591b3df4274,11111111,none,2023-11-02,Pocket Withdrawal,none,50.0,EUR,none,True
f1354754-7a6b-4164-a61f-4f6d198ff24c,11111111,none,2023-11-03,White Rabbit,none,-32.9,EUR,none,True
e110e11b-6e0e-4583-8ae5-17f11f28007b,11111111,none,2023-11-04,To pocket EUR Holidays from EUR,none,-0.08,EUR,none,True
05e3420c-e0a4-43ae-813c-48b63e9b3c50,11111111,none,2023-11-04,Carriage Food Services Ltd,none,-2.3,EUR,none,True
ba7fbafc-c393-45b5-b091-887c28467cfe,11111111,none,2023-11-04,To pocket EUR Holidays from EUR,none,-0.7,EUR,none,True
dd4d64d9-b830-4639-8d70-1e37792d599f,11111111,none,2023-11-05,Lidl,none,-2.92,EUR,none,True
f114cd27-fb37-48b9-90a2-2776a0e49397,11111111,none,2023-11-05,To pocket EUR Holidays from EUR,none,-1.0,EUR,none,True
16fdc6da-4fea-4179-98ac-923d45c13f7b,11111111,none,2023-11-05,To pocket EUR Holidays from EUR,none,-0.11,EUR,none,True
243beb19-b5d6-4093-bb9d-37e3be4a21d3,11111111,none,2023-11-05,To pocket EUR Holidays from EUR,none,-1.0,EUR,none,True
fb27a057-714a-4827-bdb5-e4eeae909e05,11111111,none,2023-11-05,To pocket EUR Holidays from EUR,none,-1.0,EUR,none,True
6c079411-f340-4cf3-8f36-a965443ea13c,11111111,none,2023-11-05,To pocket EUR Holidays from EUR,none,-1.0,EUR,none,True
39627802-7edc-4c4a-8fb4-2d857831ae53,11111111,none,2023-11-06,Lidl,none,-0.89,EUR,none,True
d711ef0c-1125-4cfc-bc87-4f2ae1f4bfdd,11111111,none,2023-11-06,Airwallet Laundry,none,-3.0,EUR,none,True
36b59890-f1ab-41f8-bdac-62907fe7f4f6,11111111,none,2023-11-06,Airwallet Laundry,none,-5.0,EUR,none,True
a56dcbfc-42e9-4b99-a7b5-d2a6bf3166bd,11111111,none,2023-11-06,Airwallet Laundry,none,-3.0,EUR,none,True
d44ade9b-1e16-4c1d-af5d-3fd94e8b69c5,11111111,none,2023-11-06,Airwallet Laundry,none,-5.0,EUR,none,True
c8d8182c-9121-421e-aaee-2ddc50a267d0,11111111,none,2023-11-06,To pocket EUR Holidays from EUR,none,-0.57,EUR,none,True
2e6ec977-146e-4995-914c-6e787f354a75,11111111,none,2023-11-07,Lidl,none,-3.43,EUR,none,True
5d23afc7-2c20-4ba2-a402-eb231c0097db,11111111,none,2023-11-07,To pocket EUR Holidays from EUR,none,-0.41,EUR,none,True
2bc955fe-8ea9-4a70-a633-a2fde6a3c3a9,11111111,none,2023-11-08,To pocket EUR Holidays from EUR,none,-0.21,EUR,none,True
59fa8d2c-b4cc-49a0-91f9-59c6a5b0761a,11111111,none,2023-11-08,Lidl,none,-0.59,EUR,none,True
1fde0d9f-41cb-4872-9025-849ff9aea5aa,11111111,none,2023-11-08,To pocket EUR Holidays from EUR,none,-0.21,EUR,none,True
5d68f6a3-b661-460c-8464-e29007473cce,11111111,none,2023-11-08,To pocket EUR Holidays from EUR,none,-0.11,EUR,none,True
3747e2a5-8608-45ea-a5de-0a1f19e6d520,11111111,none,2023-11-09,SuperValu,none,-1.79,EUR,none,True
abf63ea5-4368-4516-b215-b91905a18f1d,11111111,none,2023-11-09,To pocket EUR Holidays from EUR,none,-0.2,EUR,none,True
337de6a5-a765-4972-8091-f0e50a5b6b36,11111111,none,2023-11-09,Lidl,none,-0.89,EUR,none,True
9d91df4e-5c3b-4afc-8e78-ea1c659f6e8b,11111111,none,2023-11-09,Lidl,none,-1.79,EUR,none,True
086ac721-a2e9-47a2-8e4c-ecd0448bbbcb,11111111,none,2023-11-10,University,none,-4.8,EUR,none,True
d50a601d-ec41-424f-a29d-9f9ffd39d4ac,11111111,none,2023-11-10,To pocket EUR Holidays from EUR,none,-0.9,EUR,none,True
d65c9467-89d4-4dd5-ab58-a18e33de2868,11111111,none,2023-11-10,Pocket Withdrawal,none,50.0,EUR,none,True
c47d6d67-9cb2-4005-9694-2884f4bdde65,11111111,none,2023-11-11,North South,none,-8.1,EUR,none,True
b6170426-074f-4b51-b810-61767f48290b,11111111,none,2023-11-11,To pocket EUR Holidays from EUR,none,-0.34,EUR,none,True
9d5eaf0d-d818-4276-83ea-d89b50b72c7e,11111111,none,2023-11-12,Lidl,none,-15.66,EUR,none,True
83809df2-92d5-447d-b0ce-24d799991e33,11111111,none,2023-11-13,To pocket EUR Holidays from EUR,none,-0.87,EUR,none,True
b58591fa-19c1-49a8-8971-aab98720f2a0,11111111,none,2023-11-14,To pocket EUR Holidays from EUR,none,-0.25,EUR,none,True
0de000ba-12c9-4fb2-853d-fd30ec46a3a0,11111111,none,2023-11-14,Mercury Food Distributo,none,-3.13,EUR,none,True
4016462e-0145-4ec6-9a64-2d76566ef131,11111111,none,2023-11-15,University,none,-5.75,EUR,none,True
2925c976-1c7c-45b9-bbcb-e2f0c80372ce,11111111,none,2023-11-15,To pocket EUR Holidays from EUR,none,-0.11,EUR,none,True
25956d00-4813-45c0-92b5-ecc92df1c241,11111111,none,2023-11-16,Transfer to LOK SIU,none,-14.0,EUR,none,True
4f5f8aba-101c-43b8-915b-e7d161d58ecc,11111111,none,2023-11-16,Lidl,none,-1.89,EUR,none,True
7faf9e18-eca1-4494-8810-9f250cc0e101,11111111,none,2023-11-17,To pocket EUR Holidays from EUR,none,-0.95,EUR,none,True
11807d6d-239d-479b-84f2-b47f9f62175c,11111111,none,2023-11-18,SuperValu,none,-4.05,EUR,none,True
d4e59d1b-521a-4277-9efe-f64828c8934b,11111111,none,2023-11-18,To pocket EUR Holidays from EUR,none,-0.01,EUR,none,True
f95a3a53-03e9-4337-a165-718881742b5f,11111111,none,2023-11-19,Lidl,none,-0.99,EUR,none,True
97536e9d-79c1-4718-9991-4b35c97a4876,11111111,none,2023-11-19,Pocket Withdrawal,none,100.0,EUR,none,True
5e1fb9eb-a36f-4ca6-abd3-3e0635c58640,11111111,none,2023-11-19,To pocket EUR Holidays from EUR,none,-0.85,EUR,none,True
1ae95b55-3335-42ec-a004-63f75ebf953c,11111111,none,2023-11-20,To pocket EUR Holidays from EUR,none,-0.01,EUR,none,True
9842906b-9b8e-4989-91b1-49fd563c56bf,11111111,none,2023-11-20,To pocket EUR Holidays from EUR,none,-0.47,EUR,none,True
d37cc162-f711-47f3-8e41-0ec1926548a7,11111111,none,2023-11-20,Dunnes Stores,none,-82.15,EUR,none,True
c8ec6919-9177-4f12-a189-7bec18cf90bb,11111111,none,2023-11-21,To pocket EUR Holidays from EUR,none,-0.5,EUR,none,True
9b55b8af-d566-4b4f-be22-66d1e22c0fac,11111111,none,2023-11-21,Lidl,none,-3.99,EUR,none,True
1be12e19-21a5-4a27-8bb2-ba7ef6b7012c,11111111,none,2023-11-21,Lidl,none,-2.53,EUR,none,True
36202606-97f4-4857-838e-59e1e5c47aad,11111111,none,2023-11-22,To pocket EUR Holidays from EUR,none,-0.2,EUR,none,True
1c28f366-a6b5-4642-89f0-ec03b998869e,11111111,none,2023-11-22,Dinano's Pizza & Kebab,none,-5.5,EUR,none,True
d3de454b-ad19-4764-9f9d-e6c6c1bbb3fe,11111111,none,2023-11-23,University,none,-4.8,EUR,none,True
563b4a6c-1555-4ac4-b232-f64bd014f0bc,11111111,none,2023-12-14,Pocket Withdrawal,none,18.33,EUR,none,True
30f7c368-e962-428a-a3b8-88d0c6b3e0d4,11111111,none,2023-12-14,To pocket EUR Holidays from EUR,none,-0.6,EUR,none,True
dbed8173-fa96-4d91-a58e-8719d74ee206,11111111,none,2023-12-15,Wild CafÃ©,none,-18.4,EUR,none,True
24b6b955-7de0-41b4-8559-1cb7a83a78b6,11111111,none,2024-03-21,Apple Pay top-up by *4786,none,10.0,EUR,none,True
10ac9413-adcf-4aee-bcc9-45fbadf524f9,11111111,none,2024-03-21,Pocket Withdrawal,none,0.6,EUR,none,True
94c9b365-bee2-4e30-a9d5-37e3d4883e78,11111111,none,2024-03-22,Apple Pay top-up by *4786,none,550.63,EUR,none,True
c2fc8c3e-f2bb-4f4a-b262-2ebd47fcb94b,11111111,none,2024-03-22,Savings Vault topup,none,-500.0,EUR,none,True
7f98b2e6-d825-40d6-8efd-2d18edfff659,11111111,none,2024-03-22,Transfer to MALDRIT X,none,-16.0,EUR,none,True
8de141a6-ad1d-4c43-8df7-7b563ef15cb3,11111111,none,2024-03-23,From Flexible account,none,311.2,EUR,none,True
5525bd7a-a6e1-4791-a38c-80ad60b3d562,11111111,none,2024-03-23,Savings Vault topup,none,-0.8,EUR,none,True
a6171377-6f2e-4321-9e92-7ff521efeb8d,11111111,none,2024-03-23,From Flexible account,none,189.6,EUR,none,True
6813d700-a74b-4fc2-852c-604f36dbe759,11111111,none,2024-03-23,Savings Vault topup,none,-1.0,EUR,none,True
00e39886-2268-4e3d-9713-e2bb12e2e6dd,11111111,none,2024-03-23,Savings Vault topup,none,-0.05,EUR,none,True
e67e1cf7-7680-40ff-a77d-18bac89eee1a,11111111,none,2024-03-23,Savings Vault topup,none,-0.2,EUR,none,True
c25441ad-e43c-4f22-9cca-30d4afdcc6a7,11111111,none,2024-03-23,Savings Vault topup,none,-0.05,EUR,none,True
1cd0cbbc-2450-417e-954f-c8215774bdd7,11111111,none,2024-03-24,Takara,none,-35.95,EUR,none,True
874a69e2-6932-47ad-a7cf-1b5336ebcfe7,11111111,none,2024-03-24,Takara,none,-6.8,EUR,none,True
6a8741ec-88f4-4ad7-b0c1-a251095ea72c,11111111,none,2024-03-24,Savings Vault topup,none,-0.65,EUR,none,True
c9a051ee-a533-4ca1-80e8-6dad812066b9,11111111,none,2024-03-24,Maldron Hotel,none,-311.2,EUR,none,True
5db3c0a4-cfdc-430b-b0cb-b6048f5cabf2,11111111,none,2024-03-24,Savings Vault topup,none,-0.89,EUR,none,True
c52bc57e-7b4e-47fe-8cbe-3ce4423fde8b,11111111,none,2024-03-24,Savings Vault topup,none,-0.01,EUR,none,True
99fe1de3-9b79-4821-864b-d090ed31dacb,11111111,none,2024-03-24,Apple Pay top-up by *4786,none,100.0,EUR,none,True
ad7c473b-d29d-420c-8e6f-6342dc6782f1,11111111,none,2024-03-24,Savings Vault topup,none,-0.6,EUR,none,True
3fe63178-51dd-4925-974d-c67a7dd5560c,11111111,none,2024-03-25,Hickeyâ€™s Pharmacy,none,-8.95,EUR,none,True
20068d89-cc84-4852-9f08-6fc083b6edb3,11111111,none,2024-03-25,Butlers Chocolates,none,-3.0,EUR,none,True
856b6062-20cc-4b98-b97c-5e81fe316074,11111111,none,2024-03-25,H&M,none,-127.11,EUR,none,True
8fa01eca-5cbc-4d99-9d78-0bd278c9939a,11111111,none,2024-03-25,Savings Vault topup,none,-0.3,EUR,none,True
5bcd01f7-96c1-4a80-a5b6-d59cbe1a5244,11111111,none,2024-03-26,Bread 41,none,-8.7,EUR,none,True
53ba371d-4292-4430-87e2-8b42c1573965,11111111,none,2024-03-26,Maldron Hotel,none,-30.4,EUR,none,True
66b1a73d-20fc-40ca-bf4d-acb23be9fc94,11111111,none,2024-03-26,Foot Locker,none,-34.99,EUR,none,True
a5213c4f-a0d7-4d58-916f-f0c4ce31d853,11111111,none,2024-03-26,Esquires,none,-14.35,EUR,none,True
3d382148-e884-4680-9140-51639911dbc6,11111111,none,2024-03-26,Savings Vault topup,none,-0.86,EUR,none,True
b05fda4d-ce2e-4a8f-b21f-89d1387eba67,11111111,none,2024-03-27,Lidl,none,-10.14,EUR,none,True
602a8fe0-e866-4534-a427-fa4bf0f511bb,11111111,none,2024-03-27,Savings Vault topup,none,-1.0,EUR,none,True
c040e83e-a986-406e-9a11-80b2b63f16a3,11111111,none,2024-03-27,Savings Vault topup,none,-0.5,EUR,none,True
a9cf8025-4ae2-4331-a94b-4103096c1e7b,11111111,none,2024-03-27,Savings Vault topup,none,-0.03,EUR,none,True
9cf18239-79e2-4378-bc9f-78e396518986,11111111,none,2024-03-28,Savings Vault topup,none,-1.0,EUR,none,True
8b9a14e1-6794-485c-a8c4-8665b9ec24cb,11111111,none,2024-03-28,Kingdom Store,none,-3.5,EUR,none,True
13d49734-b6b9-4925-94d6-1f78a5016b6f,11111111,none,2024-03-28,Kingdom Store,none,-12.0,EUR,none,True
f0254b88-83a7-42fb-98c0-da474100f8a3,11111111,none,2024-03-28,Lidl,none,-8.97,EUR,none,True
ab9f83b3-d841-47d6-9701-afae2b2ca3d0,11111111,none,2024-03-28,Apple Pay top-up by *4786,none,400.0,EUR,none,True
3d409347-5d22-4e19-a48d-e3ba8934532b,11111111,none,2024-03-28,To pocket EUR Monthly Allowance from EUR,none,-300.0,EUR,none,True
557b5e70-b498-48bf-b6d8-0f33d29b9251,11111111,none,2024-03-28,Apple Pay top-up by *4786,none,10.0,EUR,none,True
c4df7266-7203-4f55-a83b-f206189a7e5e,11111111,none,2024-03-28,Savings Vault topup,none,-0.51,EUR,none,True
591b02b3-b87a-431d-a758-54a9758ef965,11111111,none,2024-03-28,Apple Pay top-up by *4786,none,74.45,EUR,none,True
ee2c4f45-1732-4fde-82be-c2fcb77b0f22,11111111,none,2024-03-28,Savings Vault topup,none,-0.51,EUR,none,True
7e538477-da6e-403f-86ef-00d41fafe97d,11111111,none,2024-03-29,Transport for Ireland - TFI,none,-20.0,EUR,none,True
182c34be-5d53-475b-8d2f-08573ec1a9be,11111111,none,2024-03-29,Savings Vault topup,none,-0.21,EUR,none,True
0c37f511-dfde-4c53-b604-a984302fb45a,11111111,none,2024-03-29,Apple Pay top-up by *4786,none,85.0,EUR,none,True
ad31dbc3-3ea5-4883-bf18-bc18eaec150c,11111111,none,2024-03-30,Crema,none,-73.79,EUR,none,True
b8f0f015-ce9c-4000-a653-d30b08f59b9e,11111111,none,2024-03-30,Nike,none,-84.49,EUR,none,True
bc1392e3-9371-4040-a55d-9b5547b3ea14,11111111,none,2024-03-31,Nike,none,-11.49,EUR,none,True
d581133a-e76a-43b2-9ce9-ea17cb7208d5,11111111,none,2024-03-31,Savings Vault topup,none,-0.05,EUR,none,True
62d54944-1ac1-4cb8-b490-bac0cfe20fba,11111111,none,2024-04-01,Lana Asian Street Food,none,-12.95,EUR,none,True
56f84fdb-e626-4243-887b-07528fc104aa,11111111,none,2024-04-02,Savings Vault topup,none,-0.65,EUR,none,True
1c65c056-a649-4e2a-9aa0-012b29b8a6f1,11111111,none,2024-04-03,Dunnes Stores,none,-74.35,EUR,none,True
31f0fe61-6d67-4b43-82ee-870a9182fd42,11111111,none,2024-04-05,Savings Vault topup,none,-0.15,EUR,none,True
61a1739f-4c19-4dd6-82f9-773128ed2ee5,11111111,none,2024-04-06,Lidl,none,-7.85,EUR,none,True
b2b7e473-fec5-4394-8199-266f24dd3add,11111111,none,2024-04-06,Pocket Withdrawal,none,100.0,EUR,none,True
e028e22a-ef03-45ef-982f-5af500c8eb30,11111111,none,2024-04-06,Savings Vault topup,none,-1.0,EUR,none,True
931bce27-b6a6-43bc-b913-2d39be2f72d3,11111111,none,2024-04-06,Savings Vault topup,none,-1.0,EUR,none,True
b79023ff-3466-4d31-85d0-477828e0b479,11111111,none,2024-04-06,Savings Vault topup,none,-0.05,EUR,none,True
72040322-6e8b-42af-b929-b67e076a12e3,11111111,none,2024-04-07,Daily Grind,none,-24.0,EUR,none,True
56875bb0-9142-43aa-8e8f-a9ccc89805b4,11111111,none,2024-04-07,SuperValu,none,-5.0,EUR,none,True
4aa96249-5977-4388-979e-ca3eac50812c,11111111,none,2024-04-07,Food Plus,none,-14.95,EUR,none,True
1f9824a6-0527-498c-8530-1aeb76ec59b5,11111111,none,2024-04-07,Savings Vault topup,none,-0.67,EUR,none,True
b89cf41f-d2bc-4d94-9c28-4d840954e371,11111111,none,2024-04-07,Savings Vault topup,none,-0.16,EUR,none,True
9ea80579-d3c6-471a-8c82-287ce48b976e,11111111,none,2024-04-08,Dunnes Stores,none,-36.33,EUR,none,True
3a97415e-aa42-4661-bb13-12864483ccb9,11111111,none,2024-04-08,SuperValu,none,-6.84,EUR,none,True
00ee56d4-a1c7-45d3-8df5-dfff6836cf34,11111111,none,2024-04-08,Pocket Withdrawal,none,50.0,EUR,none,True
0dcb7d1d-df1d-4a9b-8628-f4072f76372e,11111111,none,2024-04-08,Savings Vault topup,none,-1.0,EUR,none,True
b6ebcf08-a6d8-4e90-9761-95ff4f00d9f6,11111111,none,2024-04-08,Savings Vault topup,none,-0.44,EUR,none,True
b040219e-bffd-472f-8ac5-75e673d72419,11111111,none,2024-04-08,Savings Vault topup,none,-1.0,EUR,none,True
e76829a0-203d-4029-862d-330181c3f00a,11111111,none,2024-04-09,Lidl,none,-12.56,EUR,none,True
d1736f0a-4399-47a5-bf9d-58c3f53fe96b,11111111,none,2024-04-09,Airwallet Laundry,none,-20.0,EUR,none,True
8bc54e5a-e62e-4bfe-bf33-e5c876e1267a,11111111,none,2024-04-09,Airwallet Laundry,none,-10.0,EUR,none,True
32a02890-be71-476d-a613-7565b62da585,11111111,none,2024-04-10,Savings Vault topup,none,-0.54,EUR,none,True
e2e2f3c3-3c3d-48dc-bf86-70148abfb619,11111111,none,2024-04-11,Lidl,none,-12.46,EUR,none,True
31b8ae94-83d0-4474-a43f-c3de94b68767,11111111,none,2024-04-11,Savings Vault topup,none,-0.33,EUR,none,True
29e4eeff-1a2e-4374-9178-61117e2ccc9e,11111111,none,2024-04-11,Pocket Withdrawal,none,50.0,EUR,none,True
8de04c14-ace7-4215-b4c9-e7ec1dc314b2,11111111,none,2024-04-12,Lidl,none,-5.67,EUR,none,True
044087d8-eb5a-412d-a425-9a33ec8ff07d,11111111,none,2024-04-12,Savings Vault topup,none,-0.7,EUR,none,True
f93408c0-6f3c-4000-86a6-63f2f8ad1253,11111111,none,2024-04-13,University,none,-2.3,EUR,none,True
5d728bfa-58ee-4c05-83a9-406f2bd6cc78,11111111,none,2024-04-13,Pocket Withdrawal,none,100.0,EUR,none,True
c7ff6e24-fae7-4b0d-b3a5-56686061914c,11111111,none,2024-04-13,Savings Vault topup,none,-0.65,EUR,none,True
d40e1d7e-3c9b-4fab-bfc4-e66ac7b04d33,11111111,none,2024-04-14,Savings Vault topup,none,-0.85,EUR,none,True
8606bde9-98b1-48b2-a940-78b8162ca93a,11111111,none,2024-04-14,Savings Vault topup,none,-0.35,EUR,none,True
4af0bc19-ec1f-492a-b49f-02ab5f2e5f37,11111111,none,2024-04-15,Lidl,none,-11.65,EUR,none,True
ed039cf4-66ea-4396-9436-382a3d5f3cf0,11111111,none,2024-04-15,Dunnes Stores,none,-62.15,EUR,none,True
4439f97c-a413-4f27-a131-98f2c42b95bd,11111111,none,2024-04-15,Wild CafÃ©,none,-32.35,EUR,none,True
6ae94de3-1dd2-47ab-8f2d-20028ec64d58,11111111,none,2024-04-15,Savings Vault topup,none,-0.6,EUR,none,True
46fd2dad-ef81-401f-83ef-94a08950a796,11111111,none,2024-04-15,Savings Vault topup,none,-0.6,EUR,none,True
c03802ed-0977-42aa-b6ff-8c8e1cad0b9e,11111111,none,2024-04-16,KTC Supplies,none,-1.4,EUR,none,True
ee84b819-e59c-48d9-b4bd-af9dd8500d77,11111111,none,2024-04-16,KTC Supplies,none,-1.4,EUR,none,True
326e7a1a-9aa4-4f8e-bf9a-59127e4a895b,11111111,none,2024-04-16,Savings Vault topup,none,-1.0,EUR,none,True
f55a4888-cb6f-41b0-a26c-42d1c7844621,11111111,none,2024-04-16,Savings Vault topup,none,-0.02,EUR,none,True
1fcb09d5-3774-4148-9022-723d27911a76,11111111,none,2024-04-17,Lidl,none,-7.98,EUR,none,True
28aaeee3-2866-48d5-8f71-97b013c0a825,11111111,none,2024-04-17,University,none,-3.0,EUR,none,True
65ec9ead-0e5b-488c-8441-8e0137253d43,11111111,none,2024-04-18,Savings Vault topup,none,-0.51,EUR,none,True
6affdcf6-d742-4d1c-a475-e945cf43de1d,11111111,none,2024-04-18,Apple Pay top-up by *6941,none,80.0,EUR,none,True
c8fbffb6-13bc-4da9-80ac-82a1cbc04fce,11111111,none,2024-04-18,Savings Vault topup,none,-0.93,EUR,none,True
94b424d0-67a5-4495-b326-ad8c99ee4fc2,11111111,none,2024-04-19,Lidl,none,-13.07,EUR,none,True
1afc9de5-6531-47cc-a99f-3a14e43d3cd0,11111111,none,2024-04-19,FREE NOW,none,-14.8,EUR,none,True
50baf32a-88e6-4db5-bed1-8e64a7b5c7de,11111111,none,2024-04-20,Savings Vault topup,none,-0.46,EUR,none,True
239cff83-ec79-4b36-bf55-1acf380f2909,11111111,none,2024-04-20,Savings Vault topup,none,-0.6,EUR,none,True
7aa0b579-5bc7-4cbe-b04d-63d815569d26,11111111,none,2024-04-20,Savings Vault topup,none,-0.7,EUR,none,True
60c67639-b788-4fb9-a5fd-3bc821a4077d,11111111,none,2024-04-22,Lidl,none,-1.54,EUR,none,True
bf3a61a2-417e-4968-b875-0adbde92b91f,11111111,none,2024-04-22,Maddens Bar,none,-12.4,EUR,none,True
35bc7ecb-40a2-4af3-8b0b-064724785104,11111111,none,2024-04-22,McDonald's,none,-14.3,EUR,none,True
cd3085af-9c18-40b9-af13-54bc10c152ce,11111111,none,2024-04-23,Savings Vault topup,none,-0.05,EUR,none,True
86ff920c-d25b-4336-89a2-ba5085dda87b,11111111,none,2024-04-24,University,none,-0.95,EUR,none,True
7111132b-9ecb-4cf6-b5a6-ea2fe6878cc5,11111111,none,2024-04-24,Savings Vault topup,none,-0.08,EUR,none,True
4278ceaa-5668-4860-9129-5757be6a4c8f,11111111,none,2024-04-24,Savings Vault topup,none,-1.0,EUR,none,True
f8e7b6c1-2dbe-4860-aac0-c072e3f0dfee,11111111,none,2024-04-25,Apple Pay top-up by *4786,none,500.0,EUR,none,True
00a9326e-ad4f-4daf-a4a0-9d26f70d1d40,11111111,none,2024-04-25,Lidl,none,-9.92,EUR,none,True
eda85118-e8a5-468a-bed2-332a617294b7,11111111,none,2024-04-25,Yusuf Spice,none,-5.0,EUR,none,True
3d6ebfe3-1fe9-4dd2-8375-65f7b13a86da,11111111,none,2024-04-25,Apple Pay top-up by *4786,none,1050.0,EUR,none,True
52d88b2f-8618-45bd-8636-915921a8a21f,11111111,none,2024-04-25,Savings Vault topup,none,-0.9,EUR,none,True
691fa70d-cc9c-467d-958c-c8b9b40707ad,11111111,none,2024-04-25,Savings Vault topup,none,-0.01,EUR,none,True
6ed12cec-08df-4f81-9e8f-64f5d5000fa5,11111111,none,2024-04-26,Yusuf Spice,none,-2.99,EUR,none,True
2079cbfb-1103-4431-8a10-5d8457542550,11111111,none,2024-04-26,Samsung,none,-1043.1,EUR,none,True
5f6bdc7a-64e1-4a68-b80d-78114c5a454e,11111111,none,2024-04-26,Savings Vault topup,none,-1.0,EUR,none,True
bcef02e2-8e90-4423-b947-f442f3d039ad,11111111,none,2024-04-26,Savings Vault topup,none,-0.5,EUR,none,True
c3fb8dce-5001-4ebe-bc4d-a51fbd3bd347,11111111,none,2024-04-27,Penneys,none,-6.0,EUR,none,True
0479b861-b01e-4927-84f6-ae4a5722e39a,11111111,none,2024-04-27,Kyoto,none,-36.5,EUR,none,True
92a31529-52ef-4f64-9983-c91cbdb6b877,11111111,none,2024-04-27,Savings Vault topup,none,-0.5,EUR,none,True
9dd1fd54-01e3-40ff-a6e5-438cc2d6f054,11111111,none,2024-04-28,Tamarind,none,-5.5,EUR,none,True
366e9c8a-0279-47ff-a675-6b1a18b8adf0,11111111,none,2024-04-28,Savings Vault topup,none,-0.01,EUR,none,True
bb7c7199-ac83-4c10-91a0-ee1e2fbfda0c,11111111,none,2024-04-28,Savings Vault topup,none,-0.5,EUR,none,True
46a06d4b-f17c-4146-a1d4-9809aa29ed69,11111111,none,2024-04-28,Savings Vault topup,none,-0.94,EUR,none,True
8781ad72-c912-4888-b4cb-b44f454a4578,11111111,none,2024-04-28,Savings Vault topup,none,-0.37,EUR,none,True
cac90469-ad3a-4305-aafc-e99085ab53ca,11111111,none,2024-04-29,Kyoto,none,-7.5,EUR,none,True
621d8d57-b9f6-4b7b-8d58-3bbe8be88d33,11111111,none,2024-04-29,Lidl,none,-5.63,EUR,none,True
cefa7cb4-fd5d-4f34-a6ec-d2c954861d0c,11111111,none,2024-04-29,Lidl,none,-2.99,EUR,none,True
c54ecc36-2d6c-478d-bc51-d52d4c17260c,11111111,none,2024-04-29,Dunnes Stores,none,-92.06,EUR,none,True
759e7ac2-c597-4a61-9d77-20c40f081e3d,11111111,none,2024-04-30,Savings Vault topup,none,-0.25,EUR,none,True
b111f0bc-0e01-43e5-aa2f-8cc2e69a2eaf,11111111,none,2024-05-01,PEPCO,none,-7.75,EUR,none,True
f9af08c6-e634-485a-9ed2-e288897b0e9a,11111111,none,2024-05-01,Savings Vault topup,none,-1.0,EUR,none,True
629abcfc-9cc4-400c-8a21-714217f79db2,11111111,none,2024-05-02,Savings Vault topup,none,-0.01,EUR,none,True
efec884e-8525-423c-a33d-cf01192f872b,11111111,none,2024-05-03,Lidl,none,-1.99,EUR,none,True
e15e28ca-207b-4b12-bd1f-0e5fad80bcf8,11111111,none,2024-05-03,Dinano's Pizza & Kebab,none,-8.0,EUR,none,True
d0898400-c3b0-455a-b8d1-9f8408ceb800,11111111,none,2024-05-03,Savings Vault topup,none,-0.6,EUR,none,True
9394185f-2e56-4d38-9de0-5b293b984fb3,11111111,none,2024-05-04,Savings Vault topup,none,-0.1,EUR,none,True
7fdf515a-2aa1-4882-9f20-cbf715727932,11111111,none,2024-05-04,Savings Vault topup,none,-0.49,EUR,none,True
8fdaa1c7-04d8-4003-9d50-7416ce9ccfb6,11111111,none,2024-05-05,Lidl,none,-15.51,EUR,none,True
2a771963-b23b-4419-9ac6-42ceeaa0c081,11111111,none,2024-05-05,Savings Vault topup,none,-1.0,EUR,none,True
b1e7bdf5-1e0e-4b05-b050-e03e7ddf6195,11111111,none,2024-05-05,Savings Vault topup,none,-0.94,EUR,none,True
4709057f-a7f7-4004-a418-9c0275475aef,11111111,none,2024-05-05,Savings Vault topup,none,-1.0,EUR,none,True
b4e51287-6d98-405f-94b2-547baf2fc423,11111111,none,2024-05-05,Savings Vault topup,none,-1.0,EUR,none,True
75e26477-2b95-483e-8a9c-eafd91f3cf72,11111111,none,2024-05-05,Hennessys Bar,none,-5.9,EUR,none,True
ef650722-5034-4d07-9c5e-488b0eb6f527,11111111,none,2024-05-05,Hennessys Bar,none,-5.4,EUR,none,True
96e30ee9-6f0b-471a-a8f2-a472b56530c7,11111111,none,2024-05-05,Airwallet Laundry,none,-5.0,EUR,none,True
50942e9b-7a2e-4e21-893e-b8ed828ce72a,11111111,none,2024-05-06,Airwallet Laundry,none,-3.0,EUR,none,True
d9d55c5e-22c6-46b1-9971-b688ec1edb22,11111111,none,2024-05-06,Airwallet Laundry,none,-3.0,EUR,none,True
09e687d0-863c-43ea-8bc2-1dca4d9f90ca,11111111,none,2024-05-06,Dunnes Stores,none,-56.06,EUR,none,True
03dc3902-a527-477d-ab95-e3fa8bee0298,11111111,none,2024-05-06,Savings Vault topup,none,-1.0,EUR,none,True
32ec9e20-b25f-4ec8-9643-f4c8ee653250,11111111,none,2024-05-06,Savings Vault topup,none,-1.0,EUR,none,True
67314ea6-7132-470c-b301-b561f6a9324d,11111111,none,2024-05-07,PEPCO,none,-3.0,EUR,none,True
358ce270-f0e5-41f1-9882-e6052ead7e25,11111111,none,2024-05-07,Yusuf Spice,none,-15.0,EUR,none,True
bf7d9c96-7560-4b41-b84b-34bace32c8b0,11111111,none,2024-05-08,Savings Vault topup,none,-1.0,EUR,none,True
b9483e3e-4e4c-446f-9b12-851927d2afab,11111111,none,2024-05-08,Savings Vault topup,none,-1.0,EUR,none,True
32c10f53-6242-4c1b-bb47-5998010be8cc,11111111,none,2024-05-08,Savings Vault topup,none,-0.67,EUR,none,True
586d1ec3-2ae7-48df-b6bc-57ba2ef4f3d2,11111111,none,2024-05-08,Savings Vault topup,none,-0.3,EUR,none,True
e0f73dd0-e79c-4f33-bb70-a0472c236b00,11111111,none,2024-05-09,KTC Supplies,none,-3.0,EUR,none,True
eb3f131a-71b5-44ce-88c1-75e06c1be7db,11111111,none,2024-05-09,Lidl,none,-5.33,EUR,none,True
a364254e-06b1-4f19-9534-db72659417b7,11111111,none,2024-05-09,Transport for Ireland - TFI,none,-20.0,EUR,none,True
97a308e7-b954-456a-ad09-af03fb50b995,11111111,none,2024-05-09,Kirbys Brogue Inn,none,-46.7,EUR,none,True
8593ad85-c53e-4a7b-a93b-10650096ef5f,11111111,none,2024-05-09,Savings Vault topup,none,-0.58,EUR,none,True
323b1a4a-d0be-4433-903c-6a17290c541f,11111111,none,2024-05-10,Lidl,none,-15.42,EUR,none,True
21e03726-7561-42c4-bfb3-9eb8b1f2f9de,11111111,none,2024-05-10,Savings Vault topup,none,-0.53,EUR,none,True
16b88335-e5ab-40b0-b614-73600bb5e74f,11111111,none,2024-05-10,Savings Vault topup,none,-0.87,EUR,none,True
458b45fc-01ab-4aa7-82d3-1153f3ba9a7f,11111111,none,2024-05-11,Lidl,none,-10.13,EUR,none,True
4760a1f3-4239-45d4-b471-95d29b86f169,11111111,none,2024-05-11,Lidl,none,-6.47,EUR,none,True
f5fdafc6-7936-4e0c-a1eb-9fca5166d423,11111111,none,2024-05-11,Savings Vault topup,none,-1.0,EUR,none,True
2050ad97-f754-439a-b6eb-5bf4822ffca2,11111111,none,2024-05-11,Savings Vault topup,none,-1.0,EUR,none,True
ab5bcab2-7165-4725-9845-78b048194e8b,11111111,none,2024-05-11,Savings Vault topup,none,-0.5,EUR,none,True
e531e6f2-3ed1-4419-a632-4be6481d9fdf,11111111,none,2024-05-12,Savings Vault topup,none,-0.95,EUR,none,True
0d155966-6cd2-4ae4-a21f-a52b94c754fe,11111111,none,2024-05-12,Seasalt Cafe and Deli Cobh,none,-28.0,EUR,none,True
766111f5-a860-402f-96f2-4b994e9161a1,11111111,none,2024-05-12,Savings Vault topup,none,-0.58,EUR,none,True
afdb3325-11b8-46ed-af72-5708325c5b7e,11111111,none,2024-05-13,Lidl,none,-3.42,EUR,none,True
d0d7b430-4b9b-4088-9d1e-ddbb59d42d29,11111111,none,2024-05-13,PLUS,none,-10.0,EUR,none,True
f7fb5562-5bf6-498b-bc37-e84498e0eac1,11111111,none,2024-05-13,PLUS,none,-5.5,EUR,none,True
212e3ca6-081a-41ff-a981-cee815934da7,11111111,none,2024-05-13,Dunnes Stores,none,-20.05,EUR,none,True
e9557cc6-bb70-497c-b865-48ec76d6f93b,11111111,none,2024-05-14,Savings Vault topup,none,-0.96,EUR,none,True
1e9adfd2-283e-458e-b843-916bcbf5a1f6,11111111,none,2024-05-15,Lidl,none,-3.04,EUR,none,True
1f599192-a80f-4ed7-b4b8-a8b24504ae5a,11111111,none,2024-05-16,Savings Vault topup,none,-0.79,EUR,none,True
4cc3c58c-aff0-4ad8-8859-4803feee0185,11111111,none,2024-05-16,Savings Vault topup,none,-0.05,EUR,none,True
53600722-3779-4e92-b3c3-b5b4149bc5b0,11111111,none,2024-05-16,Google Pay top-up by *8806,none,50.0,EUR,none,True
36396136-d433-455a-a646-33c1748662b2,11111111,none,2024-05-16,Savings Vault topup,none,-0.3,EUR,none,True
534d27b3-b504-451f-8947-8be1a2221549,11111111,none,2024-05-16,Google Pay top-up by *8806,none,90.0,EUR,none,True
5ee90afa-1c7d-401c-a1d0-eb9b94a86ee5,11111111,none,2024-05-16,Savings Vault topup,none,-1.0,EUR,none,True
83e63a68-17e3-467b-9fbf-b9375b6048d3,11111111,none,2024-05-17,Bus Ã‰ireann,none,-19.95,EUR,none,True
51fa30d2-cbe7-4c16-8f7d-e0440dd7ab5a,11111111,none,2024-05-17,Lidl,none,-4.21,EUR,none,True
1d881696-6d1c-4b56-b74f-dc0cedf29891,11111111,none,2024-05-17,Savings Vault topup,none,-0.1,EUR,none,True
d4dfe842-210d-4f13-86c9-8ea3224c46f7,11111111,none,2024-05-17,Savings Vault topup,none,-1.0,EUR,none,True
8135f615-16f4-4a30-b453-6f869f884557,11111111,none,2024-05-17,Citi Bus,none,-90.0,EUR,none,True
1fd90815-ec7c-4143-8c3c-0063a6a39688,11111111,none,2024-05-17,The Ashe Hotel,none,-5.7,EUR,none,True
27910cf9-bf1a-4268-b0a7-87acd6d4f2ba,11111111,none,2024-05-17,Savings Vault topup,none,-0.2,EUR,none,True
e6b54f2f-e814-45e7-b823-4f2642b42bc2,11111111,none,2024-05-17,Savings Vault topup,none,-0.5,EUR,none,True
9d7691c5-24f0-46d0-a896-928e65b9adb8,11111111,none,2024-05-18,Maddens Bar,none,-10.0,EUR,none,True
2d05c17a-d8fb-445b-955a-adcf1559fdcb,11111111,none,2024-05-18,Maddens Bar,none,-16.9,EUR,none,True
b7f476f5-f1ee-4637-8a8c-4c41b445f051,11111111,none,2024-05-18,Lana Asian Street Food,none,-13.5,EUR,none,True
136cbb52-276b-4fd4-865a-1b59dca214bc,11111111,none,2024-05-18,Google Pay top-up by *8806,none,100.0,EUR,none,True
48536223-dddb-42a9-b3ef-8e1bb9e21ff6,11111111,none,2024-05-18,Savings Vault topup,none,-0.7,EUR,none,True
1f36b84f-f456-4717-b4b1-c2e7ceb10221,11111111,none,2024-05-18,Savings Vault topup,none,-0.8,EUR,none,True
08dd2afa-1308-4a17-a0f1-08280141e524,11111111,none,2024-05-18,Savings Vault topup,none,-0.5,EUR,none,True
fa2ffc3b-7278-484c-b8cd-881a90aa6a8d,11111111,none,2024-05-18,Savings Vault topup,none,-0.3,EUR,none,True
67190da6-5cf3-425e-8c1c-764a928244f3,11111111,none,2024-05-18,Dunnes Stores,none,-20.8,EUR,none,True
96436476-2481-4d91-af10-2815e89d9364,11111111,none,,FREE NOW,none,-21.0,EUR,none,True
3082c07a-6c49-428b-85b9-b1c82db7b47e,11111111,none,2024-05-18,Savings Vault topup,none,-1.0,EUR,none,True
03f2022e-c4e0-4846-b676-520bb5fa588c,11111111,none,2024-05-18,Google Pay top-up by *8806,none,100.0,EUR,none,True
c8545b97-11bb-45a1-9ea7-2ec3caa094c1,11111111,none,,FREE NOW,none,-19.0,EUR,none,True
7ff68415-2a2b-42a7-817a-a32ab071699b,11111111,none,2024-05-18,Savings Vault topup,none,-1.0,EUR,none,True
07bb7436-2d83-48f9-ab33-cd54bdac0933,11111111,none,2024-05-18,Google Pay top-up by *8806,none,120.0,EUR,none,True
96e0ffd2-829f-4a44-8f07-52e406f13b78,11111111,none,,FREE NOW,none,-20.0,EUR,none,True
1ce4f5b4-0fe6-4594-bdef-9615ebd95138,11111111,none,2024-05-18,Savings Vault topup,none,-1.0,EUR,none,True
6f7c7185-50c5-4a94-a3fc-a5e7d99731dc,11111111,none,,FREE NOW,none,-22.0,EUR,none,True
6857882e-9a25-4d0a-9c6a-1ee537e7ead1,11111111,none,2024-05-18,Savings Vault topup,none,-1.0,EUR,none,True
38ee6af0-b24d-4750-9182-d9b133d54d51,11111111,none,2024-05-19,Mug & Bean,none,-3.5,EUR,none,True
3b308def-325d-42ce-bfa7-ce840e19528d,11111111,none,2024-05-19,Mug & Bean,none,-3.2,EUR,none,True
e8b05afc-8815-448b-bd3d-a148f93c6cdf,11111111,none,2024-05-19,Irish Rail,none,-60.3,EUR,none,True
bc23b91a-ed5f-4d7d-8bfc-a837aeb43753,11111111,none,2024-05-19,Wei An,none,-6.7,EUR,none,True
821e3848-427f-4dc1-8f06-83c564a0f545,11111111,none,2024-05-19,Savings Vault topup,none,-0.85,EUR,none,True
cabb7af9-c29d-4b28-a0a4-1e669ae5532a,11111111,none,2024-05-19,From Flexible account,none,58.72,EUR,none,True
4bdaa256-d750-4cd7-9ff1-d492feadef6e,11111111,none,2024-05-20,Savings Vault topup,none,-0.18,EUR,none,True
35c9b85f-c6bf-4d44-89d9-b5b0c4db7fcc,11111111,none,2024-05-20,Savings Vault topup,none,-0.46,EUR,none,True
c1f2ca8e-0027-4674-86cc-376e964522e2,11111111,none,2024-05-20,Savings Vault topup,none,-0.19,EUR,none,True
1bc42be4-7be9-4c04-a8e8-69e57ed6e0f3,11111111,none,2024-05-20,Savings Vault topup,none,-0.94,EUR,none,True
d1c99f92-cc0c-46e3-a125-5dd1a8c15f33,11111111,none,2024-05-21,SBB CFF FFS,none,-64.15,EUR,none,True
3de95c37-0e58-4a1f-827d-e942c32d7aac,11111111,none,2024-05-21,SBB CFF FFS,none,-15.82,EUR,none,True
8c8481e9-0bc2-437c-beba-8581f34b2eeb,11111111,none,2024-05-21,SBB CFF FFS,none,-39.54,EUR,none,True
79dbf4b4-d331-4c7e-8ed6-d709477d7931,11111111,none,2024-05-21,SBB CFF FFS,none,-29.81,EUR,none,True
b980659a-3094-41d7-9930-d7833f4dab53,11111111,none,2024-05-21,SBB CFF FFS,none,-77.06,EUR,none,True
d97a739e-2161-4fef-b839-f4513ff12e46,11111111,none,2024-05-23,Savings Vault topup,none,-1.0,EUR,none,True
23117ffd-ad9a-42ec-ac52-7d19651db94a,11111111,none,2024-05-23,Savings Vault topup,none,-0.71,EUR,none,True
32500627-fd94-4ff5-9100-0457fe78d080,11111111,none,2024-05-24,SBB CFF FFS,none,-7.29,EUR,none,True
96e559b1-7787-4882-b4dd-c746c90fd4a9,11111111,none,2024-05-24,The Loop,none,-32.0,EUR,none,True
55f185dc-3dfc-41d7-9e7d-70799cf9e1a8,11111111,none,2024-05-26,Savings Vault topup,none,-1.0,EUR,none,True
f3b901f8-82ef-48eb-bca2-117faba65373,11111111,none,2024-05-27,The Alley Frankfurt,none,-5.0,EUR,none,True
4de7f6b1-85f2-492e-b7ca-5b1c8fa0cfb3,11111111,none,2024-05-31,Google Pay top-up by *8806,none,300.0,EUR,none,True
61f3eeae-f6ba-4a5d-a4af-b976e66703c5,11111111,none,2024-05-31,Savings Vault topup,none,-0.1,EUR,none,True
0c8e00d4-3dfd-4745-807d-9606e8eab218,11111111,none,2024-05-31,Savings Vault topup,none,-0.95,EUR,none,True
9b87bcf3-bc65-4a0b-8676-9073903f9e0b,11111111,none,2024-06-01,Corrib Oil,none,-7.9,EUR,none,True
89286921-17be-48ea-af33-02f7bd05a142,11111111,none,2024-06-01,Savings Vault topup,none,-1.0,EUR,none,True
b73da14c-2489-424d-94a0-76b14532b5b6,11111111,none,2024-06-01,Savings Vault topup,none,-1.0,EUR,none,True
fb9a74f1-0ba1-4967-b2ee-655d53dc7f4c,11111111,none,2024-06-01,Savings Vault topup,none,-1.0,EUR,none,True
5ca380a7-33b8-4987-b99a-16cb20e71c68,11111111,none,2024-06-01,Savings Vault topup,none,-1.0,EUR,none,True
c363b03d-f58b-49f8-8e4f-45597bb01448,11111111,none,2024-06-01,ALDI,none,-10.05,EUR,none,True
6346dde9-1724-41ed-974f-703b587a276c,11111111,none,2024-06-01,Savings Vault topup,none,-0.5,EUR,none,True
c5043e91-6f96-40c4-9d3d-a626b4dd1956,11111111,none,2024-06-02,Wei An,none,-12.0,EUR,none,True
b6aa3c4d-f3f2-476f-a72f-27ff0fda1c30,11111111,none,2024-06-02,Lana Asian Street Food,none,-17.0,EUR,none,True
b69363a5-1af2-420b-a5fc-60ed3bdfb67e,11111111,none,2024-06-02,Savings Vault topup,none,-0.14,EUR,none,True
fe6b5ee5-73e8-4929-8464-effd19a4926e,11111111,none,2024-06-02,Gleneagle Hotel,none,-7.0,EUR,none,True
7300c384-3c17-46c6-b773-35207a9ebb6a,11111111,none,2024-06-02,Murphys Ice Cream,none,-7.5,EUR,none,True
5b3747fe-923c-4684-8b85-33c85aa0a6af,11111111,none,2024-06-03,Dunnes Stores,none,-71.86,EUR,none,True
98bd8a8d-7f14-4915-b507-fc9dcc2a4b1c,11111111,none,2024-06-03,Savings Vault topup,none,-0.6,EUR,none,True
a7cf83e3-2efa-496e-a8c7-288e463a5a88,11111111,none,2024-06-03,Transport for Ireland - TFI,none,-20.0,EUR,none,True
299c065f-fc24-4761-9b51-3c7fa172ccc1,11111111,none,2024-06-04,Lidl,none,-5.4,EUR,none,True
d710058a-df8c-47a8-927d-6c4f1fd7eed3,11111111,none,2024-06-07,Savings Vault topup,none,-1.0,EUR,none,True
aff91cd9-5107-4e3c-99b1-cf1cbdc4ff1a,11111111,none,2024-06-08,Airwallet Laundry,none,-20.0,EUR,none,True
97bb2ed0-1041-49ef-91e8-48d9aaf138ec,11111111,none,2024-06-08,Savings Vault topup,none,-0.56,EUR,none,True
80e7202d-56e8-4d15-a294-72c2083ebcbb,11111111,none,2024-06-08,Savings Vault topup,none,-0.01,EUR,none,True
73694920-0b3f-40c6-82b9-ef2e39b0d108,11111111,none,2024-06-08,Savings Vault topup,none,-0.15,EUR,none,True
46a9e429-784f-4e37-8681-4d141445ab62,11111111,none,2024-06-08,Savings Vault topup,none,-0.5,EUR,none,True
b93b2392-40c1-4e71-bb5d-5457d298e6b0,11111111,none,2024-06-09,SHEIN,none,-19.44,EUR,none,True
f267d8e2-c056-4e62-8600-5c64fb39c431,11111111,none,2024-06-09,Google Pay top-up by *8806,none,100.0,EUR,none,True
930cdc03-7be3-493d-9651-a538c99ca722,11111111,none,2024-06-09,Savings Vault topup,none,-0.12,EUR,none,True
4c64ba49-9c5f-4adb-b5ac-0d1fe120b0e5,11111111,none,2024-06-09,Kyoto,none,-45.5,EUR,none,True
6b6c8aa8-1468-41ac-a71c-0df7f5ad526c,11111111,none,2024-06-09,ALDI,none,-4.99,EUR,none,True
1fb4657d-e57a-4cd2-b928-411a330ca232,11111111,none,2024-06-09,SuperValu,none,-9.85,EUR,none,True
2a34a3c8-f717-4bd5-a2eb-3e1b3e2dfaca,11111111,none,2024-06-10,Dunnes Stores,none,-74.88,EUR,none,True
3b88aa02-aa90-49f0-b350-574c0946d31d,11111111,none,2024-06-10,Savings Vault topup,none,-0.22,EUR,none,True
19a2ad68-902c-45e8-a321-001a74c0d3cb,11111111,none,2024-06-10,Savings Vault topup,none,-0.72,EUR,none,True
edf9624e-f85c-4b2a-a9e5-d7a36b8879d0,11111111,none,2024-06-10,Savings Vault topup,none,-1.0,EUR,none,True
4466ace8-ad7f-4153-b8e9-318ea5256abf,11111111,none,2024-06-11,PEPCO,none,-3.0,EUR,none,True
3a0997cb-e029-4926-beeb-da0467181dad,11111111,none,2024-06-11,Lidl,none,-7.78,EUR,none,True
d57c2431-3ce8-4edc-9623-13f2b416090e,11111111,none,2024-06-11,SuperValu,none,-10.28,EUR,none,True
5ee44112-6307-45cd-bc81-77c933f16a8c,11111111,none,2024-06-14,Savings Vault topup,none,-0.7,EUR,none,True
3e902a3a-8c87-40f9-adae-8a9a41e15730,11111111,none,2024-06-14,Savings Vault topup,none,-0.77,EUR,none,True
d7a8ca6e-d989-4482-a84f-a8da031e6e43,11111111,none,2024-06-15,Corrib Oil,none,-19.3,EUR,none,True
026b4430-ef51-452b-8fb9-96802c38c284,11111111,none,2024-06-15,ALDI,none,-8.23,EUR,none,True
bacb2ab5-f03b-4706-8572-fc4a5c192324,11111111,none,2024-06-15,Google Pay top-up by *8806,none,100.0,EUR,none,True
e47c300b-f761-401e-abb8-0a9b0983ad06,11111111,none,2024-06-15,Savings Vault topup,none,-0.32,EUR,none,True
a4404e1b-b0fd-45d1-be05-3df9d8775b80,11111111,none,2024-06-16,Hugh Culloty Expert,none,-10.0,EUR,none,True
785a87d0-07b0-458a-bdcc-d8bb8eb1417e,11111111,none,2024-06-16,Savings Vault topup,none,-0.2,EUR,none,True
b19ca106-8d76-4ea8-a8ad-5655fe1021c8,11111111,none,2024-06-16,ALDI,none,-6.68,EUR,none,True
9eda6948-5ed3-4c8a-a094-60ac1bd01981,11111111,none,2024-06-16,Savings Vault topup,none,-0.5,EUR,none,True
30594dfe-c62f-4c46-a91a-ca6231dce59d,11111111,none,2024-06-17,Dunnes Stores,none,-33.5,EUR,none,True
c1afec8a-ef72-4f80-8b80-95acf13951d0,11111111,none,2024-06-17,Salty Souls Ca,none,-3.8,EUR,none,True
b6fea924-a2ae-4997-b43e-6bffa7470ceb,11111111,none,2024-06-19,Savings Vault topup,none,-0.84,EUR,none,True
4f3880cd-5136-44fd-bf8f-cbd401d3f56e,11111111,none,2024-06-20,Lidl,none,-6.16,EUR,none,True
9c915cf8-9f9d-4260-b2d8-4e02e6d6c968,11111111,none,2024-06-20,Savings Vault topup,none,-0.07,EUR,none,True
10e7dcf9-e2b9-4e24-9602-2d1c44e51c6a,11111111,none,2024-06-21,Lidl,none,-7.93,EUR,none,True
a908326d-d77d-434b-b11b-3f523dd3f9e2,11111111,none,2024-06-22,Savings Vault topup,none,-0.5,EUR,none,True
fadb8688-041a-493c-956f-284ce91f5523,11111111,none,2024-06-22,Savings Vault topup,none,-1.0,EUR,none,True
15776ece-d3b3-41d2-8a46-0ea0251c347a,11111111,none,2024-06-22,Savings Vault topup,none,-0.6,EUR,none,True
5a33ba20-1d24-466d-a9f9-5e3442a828bf,11111111,none,2024-06-22,Savings Vault topup,none,-0.5,EUR,none,True
05108e4b-2d13-41af-bcf8-48228aa826fe,11111111,none,2024-06-23,Lana Asian Street Food,none,-13.5,EUR,none,True
5f5d2f92-8a22-40af-a8e1-5d8b385a3e77,11111111,none,2024-06-23,Yusuf Spice,none,-7.0,EUR,none,True
715b7f0f-574a-48c1-88b3-1566dc9540b6,11111111,none,2024-06-23,Tesco,none,-6.4,EUR,none,True
b1cedb4f-10fe-47f1-a774-9a23537c1fed,11111111,none,2024-06-23,Google Pay top-up by *8806,none,100.0,EUR,none,True
dafa0b99-5e13-4cc6-a420-51c3c0085bf3,11111111,none,2024-06-23,Google Pay top-up by *8806,none,2000.0,EUR,none,True
60707a3f-fb7a-48b4-b77b-485f3010e237,11111111,none,2024-06-23,Savings Vault topup,none,-1000.0,EUR,none,True
dbd0f007-2054-4b8c-82fa-101a0039726b,11111111,none,2024-06-23,To investment account,none,-1000.0,EUR,none,True
e683c424-3a70-4f1c-afb1-8967a44d20b6,11111111,none,2024-06-23,From investment account,none,1000.0,EUR,none,True
e9dd283b-96e5-41fd-8551-00f3d923cccc,11111111,none,2024-06-23,Exchanged to XAU,none,-300.0,EUR,none,True
685a23d9-c485-4cc5-a41d-46d81ab9dd1c,11111111,none,2024-06-23,To investment account,none,-187.6,EUR,none,True
22735ba7-b0df-403e-9d9e-38f39b9a9c79,11111111,none,2024-06-23,To investment account,none,-100.0,EUR,none,True
4df7f3b2-fc11-4010-ab19-69e6aa6647f1,11111111,none,2024-06-23,To investment account,none,-100.0,EUR,none,True
d4c2d62f-afbb-426f-8b91-e288ed195f90,11111111,none,2024-06-23,To investment account,none,-100.0,EUR,none,True
afcb3bbd-11f2-4bf7-b7e9-8ed273eb52a8,11111111,none,2024-06-23,To Balanced Bundle portfolio,none,-200.0,EUR,none,True
faa04556-0890-458a-8912-0ea8d0fdbd7c,11111111,none,2024-06-24,Rose Garden Restaurant,none,-23.5,EUR,none,True
5e01441e-db96-4a1b-b969-881b8e527a3a,11111111,none,2024-06-24,Savings Vault topup,none,-1.0,EUR,none,True
6daa8b9b-bc2b-4c12-8499-fc91fb122d1c,11111111,none,2024-06-24,Savings Vault topup,none,-1.0,EUR,none,True
95c59978-f2f7-4a04-9d9b-9b55dc93f02d,11111111,none,2024-06-25,Savings Vault topup,none,-1.0,EUR,none,True
8aebe925-4ec8-4a7a-973d-a4decc44520e,11111111,none,2024-06-25,Rose Garden Restaurant,none,-7.0,EUR,none,True
5a61e4cc-ed71-4758-9b07-5705fe6c45db,11111111,none,2024-06-26,KTC Supplies,none,-3.0,EUR,none,True
3a77f46c-ebf9-4bc8-a027-7f70df6c0f2e,11111111,none,2024-06-26,McCaffrey's,none,-20.0,EUR,none,True
aa20316b-9cd9-4399-a5dd-6f37ebdd5502,11111111,none,2024-06-26,Savings Vault topup,none,-0.7,EUR,none,True
ce2265d2-78c2-4f1d-9050-688a3d6f88dc,11111111,none,2024-06-27,Savings Vault topup,none,-0.05,EUR,none,True
c1a042c7-a0a8-4a45-8e76-3632d2c42fc1,11111111,none,2024-06-27,Corrib Oil,none,-11.3,EUR,none,True
d1fa0eda-fa29-45b3-aba7-0bfa7b0f3e12,11111111,none,2024-06-27,Savings Vault topup,none,-1.0,EUR,none,True
b0d4f7af-d238-4c13-b822-a7372b4b39fe,11111111,none,2024-06-27,Savings Vault topup,none,-1.0,EUR,none,True
17a6609f-4f50-4680-91c0-c72d8118a2f1,11111111,none,2024-06-27,Savings Vault topup,none,-0.2,EUR,none,True
cfde1134-798c-4bb6-8b3f-63dd533b7675,11111111,none,2024-06-28,Penneys,none,-10.0,EUR,none,True
ac4d7b65-4918-404d-bc5a-7bf0a9c3c8aa,11111111,none,2024-06-28,John M Reidy,none,-13.0,EUR,none,True
94c4656c-3dcc-4d12-a5e5-7cd7336c47fc,11111111,none,2024-06-28,John M Reidy,none,-5.8,EUR,none,True
8917e728-44a8-4d72-919a-b0453ff4f72b,11111111,none,2024-06-28,The Meadowlands Hotel,none,-18.95,EUR,none,True
0e1e3ffa-38f0-4fbf-bd65-19883170b4cb,11111111,none,2024-06-28,Google Pay top-up by *8806,none,2000.0,EUR,none,True
6bbfa359-3667-4d73-bc6d-1a0f2a3fa81c,11111111,none,2024-06-28,To investment account,none,-374.38,EUR,none,True
2ea22190-ea97-4b83-8280-ad9189c78546,11111111,none,2024-06-28,To Balanced Bundle portfolio,none,-300.0,EUR,none,True
122e3963-6118-4027-92fe-71c03ac87946,11111111,none,2024-06-28,Savings Vault topup,none,-500.0,EUR,none,True
0f9f9611-01c4-455c-b898-e7ae40b634e2,11111111,none,2024-06-28,Savings Vault topup,none,-200.0,EUR,none,True
a401a599-b1f8-44b1-a971-7f3a11913963,11111111,none,2024-06-28,From Flexible Cash Funds,none,200.0,EUR,none,True
f8af3bdf-0090-41d4-8751-f73cf6c8ce3f,11111111,none,2024-06-28,Savings Vault topup,none,-0.86,EUR,none,True
b310b78a-6a17-4a71-a78c-3c738e772677,11111111,none,2024-06-28,Savings Vault topup,none,-0.71,EUR,none,True
4ea2191b-1c75-4ca9-a729-c29a13a898b0,11111111,none,2024-06-29,Google,none,-1.29,EUR,none,True
29d6824f-36a2-4c51-956a-40219de1b236,11111111,none,2024-06-29,Google,none,-0.14,EUR,none,True
22a49ee4-6f38-4dbe-8988-0050ca555e71,11111111,none,2024-06-29,Savings Vault topup,none,-0.62,EUR,none,True
ea9500af-6e48-4f41-b3cb-56f4ffd875fe,11111111,none,2024-06-29,Savings Vault topup,none,-1.0,EUR,none,True
d3cd5686-57df-4452-b394-d8719ac23d1e,11111111,none,2024-06-29,Savings Vault topup,none,-0.55,EUR,none,True
8d4232ba-2034-4476-87c9-76f3631c79e5,11111111,none,2024-06-29,Savings Vault topup,none,-1.0,EUR,none,True
b9c4fd45-363e-4b72-bca8-567cf90f838a,11111111,none,2024-06-30,Airwallet Laundry,none,-50.0,EUR,none,True
3dcaf9b3-73d7-4562-a93a-2953a74091f1,11111111,none,2024-06-30,Savings Vault topup,none,-1.0,EUR,none,True
5eae5799-79cc-476a-9456-2e7beebb6903,11111111,none,2024-06-30,Dunnes Stores,none,-31.38,EUR,none,True
0dff46a6-be4b-4693-8997-e09a0d612654,11111111,none,2024-06-30,Smashd It,none,-15.45,EUR,none,True
b3fb137d-b222-4f79-8934-7f6806134961,11111111,none,2024-06-30,Savings Vault topup,none,-0.49,EUR,none,True
21dbc039-94f2-408d-bf0a-f4072ebeedd2,11111111,none,2024-07-01,Sean Ogs Bar & B&B,none,-10.0,EUR,none,True
952ed921-3b1a-4e0c-8ab5-f9e226094b6f,11111111,none,2024-07-01,TK Maxx,none,-18.0,EUR,none,True
e7447391-cad7-4c00-9e5a-34a91867d3fb,11111111,none,2024-07-01,Lidl,none,-9.51,EUR,none,True
6a5ae93d-13d4-40c5-ba8b-653cbeb8f596,11111111,none,2024-07-01,Savings Vault topup,none,-0.05,EUR,none,True
4d06ec4d-4fdf-45ec-a365-226669ebb6cf,11111111,none,2024-07-02,Lana Asian Street Food,none,-9.95,EUR,none,True
fc4fc9f1-3829-4679-bf2f-c4338b48fc07,11111111,none,2024-07-02,Savings Vault topup,none,-0.2,EUR,none,True
72543d7b-43e7-4fa1-83a2-ea4dab9b1b44,11111111,none,2024-07-02,Savings Vault topup,none,-0.93,EUR,none,True
ea1c47bb-c7a8-4425-832e-1afbe20bee3a,11111111,none,2024-07-03,Savings Vault topup,none,-0.5,EUR,none,True
3934f520-139d-4482-869a-0f9945a2a086,11111111,none,2024-07-03,Corrib Oil,none,-9.8,EUR,none,True
41f5a3e9-274c-48ca-9f8f-df56af9705be,11111111,none,2024-07-03,ALDI,none,-5.07,EUR,none,True
ba776667-5e99-40ca-9e54-4a901843fa89,11111111,none,2024-07-04,Penneys,none,-1.5,EUR,none,True
526f8aab-471f-4e56-ab9c-832efa9cd5bb,11111111,none,2024-07-05,Savings Vault topup,none,-0.02,EUR,none,True
3dbd90a1-272d-4a80-b116-406673ec2d9a,11111111,none,2024-07-06,Savings Vault topup,none,-0.9,EUR,none,True
1def6b3a-1e40-4e78-ae5e-05231a8a6e90,11111111,none,2024-07-06,Savings Vault topup,none,-1.0,EUR,none,True
2f13f526-9b18-4de8-a40d-1d21525c3625,11111111,none,2024-07-06,Savings Vault topup,none,-0.85,EUR,none,True
89a77550-11c5-4a9c-93bf-15efe0b3e649,11111111,none,2024-07-06,eir,none,-43.98,EUR,none,True
9acbd7e6-3665-4a35-9f2f-c10d354555f2,11111111,none,2024-07-07,Heatons,none,-20.0,EUR,none,True
1155ff4b-c55b-4cc0-8b0f-dab832036abe,11111111,none,2024-07-07,Savings Vault topup,none,-0.62,EUR,none,True
edfd5199-90aa-4b46-b3dc-f25d84bf1372,11111111,none,2024-07-07,Dunnes Stores,none,-51.15,EUR,none,True
6d93402f-ea6d-4d68-9333-27433afa4385,11111111,none,2024-07-08,Lidl,none,-5.38,EUR,none,True
21021ea8-ff27-43c4-bedb-48ad6655fab2,11111111,none,2024-07-08,Savings Vault topup,none,-0.96,EUR,none,True
1d7f9ba9-ba76-4f88-85d0-ee66053d7f61,11111111,none,2024-07-08,NorthSouth,none,-28.1,EUR,none,True
887a181c-7dec-4036-931c-f04d69378134,11111111,none,2024-07-09,Lidl,none,-3.04,EUR,none,True
a077adfb-5532-415b-84ca-cb5e47b01f31,11111111,none,2024-07-11,Savings Vault topup,none,-0.71,EUR,none,True
97a180c9-f46b-4979-afd1-52103b108363,11111111,none,2024-07-11,Google,none,-0.29,EUR,none,True
180023ca-8a53-44e4-a1cb-3825c0104832,11111111,none,2024-07-12,Savings Vault topup,none,-0.51,EUR,none,True
fd5d0388-a70e-41a0-9f45-18fb82d5fbe4,11111111,none,2024-07-13,Lidl,none,-15.49,EUR,none,True
9a4abc45-69c4-4038-9f4f-559ee4aab779,11111111,none,2024-07-13,Savings Vault topup,none,-0.25,EUR,none,True
ff2dbed1-2609-4f4a-b349-fc54e98f769e,11111111,none,2024-07-14,Lidl,none,-3.75,EUR,none,True
a0186393-bbfe-4378-a4b8-6595a5e41775,11111111,none,2024-07-16,Savings Vault topup,none,-0.85,EUR,none,True
5db09d10-60fb-4ee2-a76c-2b99553c7501,11111111,none,2024-07-16,From Flexible Cash Funds,none,1421.75,EUR,none,True
f9a36c20-e98a-4377-a71d-f6e31f68f6c7,11111111,none,2024-07-16,Savings Vault topup,none,-0.25,EUR,none,True
3b242725-bcb4-4d10-b8cb-e658ff83246a,11111111,none,2024-07-16,Savings Vault topup,none,-1.0,EUR,none,True
5d0a98df-3830-4d1d-a4fb-372350c9e4bd,11111111,none,2024-07-16,Savings Vault topup,none,-0.65,EUR,none,True
17958b42-422a-4a51-89b7-d4cf374388fd,11111111,none,2024-07-16,Savings Vault topup,none,-0.5,EUR,none,True
925d53d7-d7fb-431b-b04d-8c64aa7ab284,11111111,none,2024-07-16,Savings Vault topup,none,-0.6,EUR,none,True
eaf87de1-a93a-4b5c-9c62-3650d2eda4fc,11111111,none,2024-07-17,Main Street Multi Storey,none,-1421.75,EUR,none,True
10dc1055-aaae-4f5b-a1e6-c65152c6c914,11111111,none,2024-07-17,The Fish Box,none,-46.4,EUR,none,True
1c4a842a-e426-4342-b555-73cc5cd95654,11111111,none,2024-07-17,Dunnes Stores,none,-27.15,EUR,none,True
8036348e-c335-4c35-9965-e49d5a21de97,11111111,none,2024-07-17,Murphys Ice Cream,none,-7.5,EUR,none,True
a16d8ffa-2be1-42e7-a10d-2f4ce29360f9,11111111,none,2024-07-17,Transport for Ireland - TFI,none,-20.0,EUR,none,True
6fed1dbb-2638-4b01-86d3-58b5f71b3f83,11111111,none,2024-07-17,Spar,none,-2.35,EUR,none,True
afeee95f-7072-42c7-8dea-5d2f5873582a,11111111,none,2024-07-20,Savings Vault topup,none,-0.2,EUR,none,True
a4e539c0-77dc-4159-b29e-11a900955421,11111111,none,2024-07-21,Lidl,none,-10.8,EUR,none,True
1a150cc4-7e43-4700-af5a-bfaf4f018212,11111111,none,2024-07-21,Savings Vault topup,none,-0.49,EUR,none,True
84e672bb-24e2-4b54-bcb0-1c7cd0186e6c,11111111,none,2024-07-22,Dunnes Stores,none,-96.51,EUR,none,True
9448ba55-6ab2-4c65-b140-43a6f01e475f,11111111,none,2024-07-22,To investment account,none,-92.01,EUR,none,True
69075a52-e868-45ec-826e-acefd47d13a1,11111111,none,2024-07-25,Savings Vault topup,none,-0.01,EUR,none,True
94447c28-8cc9-4637-8765-65eeddd858bf,11111111,none,2024-07-25,Savings Vault topup,none,-1.0,EUR,none,True
cb5feb32-0b68-4a08-afbc-83a869471ac2,11111111,none,2024-07-25,Savings Vault topup,none,-1.0,EUR,none,True
cfde9166-889b-48c4-a949-5d0308f5d797,11111111,none,2024-07-25,Savings Vault topup,none,-1.0,EUR,none,True
d7f3dfaf-ebb2-4aa4-860b-6860ca79d04e,11111111,none,2024-07-26,Google Pay top-up by *8806,none,1000.0,EUR,none,True
427cddd4-21ba-4ab3-a2b4-d3809810fa77,11111111,none,2024-07-26,Savings Vault topup,none,-0.96,EUR,none,True
78288211-7e01-46da-ab51-90422f7f92d5,11111111,none,2024-07-26,Omniplex,none,-24.0,EUR,none,True
63eaa28b-3bd8-4ba2-b8a4-097bc1eaed32,11111111,none,2024-07-26,Kyoto,none,-25.0,EUR,none,True
69e56c46-f0e7-4bf3-a3c9-5f0c28a1471a,11111111,none,2024-07-26,PEPCO,none,-7.0,EUR,none,True
78e7a391-ace7-430b-a589-7f1d45b09960,11111111,none,2024-07-26,Savings Vault topup,none,-0.5,EUR,none,True
96585fb0-9ee9-41fe-b277-39f5be2fb20e,11111111,none,2024-07-26,Watches2U,none,-188.04,EUR,none,True
dcc9d523-9bfa-4ed6-9442-e458c01b9c93,11111111,none,2024-07-26,SuperValu,none,-8.99,EUR,none,True
8128c2f1-53a7-4a74-aeef-0ab708e6498e,11111111,none,2024-07-26,Savings Vault topup,none,-0.15,EUR,none,True
5cafa664-a909-4b4b-a2ce-f08d9448e60d,11111111,none,2024-07-27,To investment account,none,-100.0,EUR,none,True
e0a49b98-992a-42c7-956d-52b6fa91fea7,11111111,none,2024-07-27,Savings Vault topup,none,-200.0,EUR,none,True
174ae271-dee2-4740-8af0-9f273604d665,11111111,none,2024-07-27,Lana Asian Street Food,none,-28.5,EUR,none,True
3152c191-63fb-4f99-8246-70cea5841f28,11111111,none,2024-07-27,Lidl,none,-18.85,EUR,none,True
f953cab5-2e5e-4846-89bf-70c8e8fba314,11111111,none,2024-07-28,To Balanced Bundle portfolio,none,-200.0,EUR,none,True
83a7b0d5-88ca-4a30-b5ab-6e23f897df49,11111111,none,2024-07-28,Savings Vault topup,none,-0.2,EUR,none,True
e823bb63-1673-4162-8e5c-9ea711e1e0fd,11111111,none,2024-07-28,Savings Vault topup,none,-0.4,EUR,none,True
fc1bf42b-3c0c-4423-bf71-a13b85c9355f,11111111,none,2024-07-29,Dunnes Stores,none,-69.8,EUR,none,True
e4d675cd-fdb8-4c09-b9fe-dfbc27565f51,11111111,none,2024-07-29,Dunnes Stores,none,-1.6,EUR,none,True
8f4e39f2-f008-484d-abe7-188d74d38e01,11111111,none,2024-07-31,Savings Vault topup,none,-0.5,EUR,none,True
7d62745d-088f-4015-8ed3-b672ce0ba760,11111111,none,2024-08-01,KTC Supplies,none,-1.5,EUR,none,True
b47e1c91-e183-4f9a-95ab-7acdaad575e9,11111111,none,2024-08-01,To investment account,none,-92.73,EUR,none,True
752656fa-8851-45a5-a4f7-d66ecfd44db7,11111111,none,2024-08-01,Savings Vault topup,none,-1.0,EUR,none,True
41810d5e-ee00-4255-9b95-4c8124289f26,11111111,none,2024-08-02,Dunnes Stores,none,-6.0,EUR,none,True
c191c79a-ce1e-47a3-83e8-f58e1d838c95,11111111,none,2024-08-02,Savings Vault topup,none,-0.55,EUR,none,True
b7684a05-fde5-49ab-8d4c-b80d833995f9,11111111,none,2024-08-03,Savings Vault topup,none,-0.2,EUR,none,True
0afa3ff2-d351-4d69-ba44-f08660f4be4f,11111111,none,2024-08-03,SuperValu,none,-15.45,EUR,none,True
31aa8737-86e6-42a7-8abf-578a9cbba3c9,11111111,none,2024-08-04,SHEIN,none,-23.8,EUR,none,True
3e3b137b-50bf-4421-81ae-c06833c106db,11111111,none,2024-08-04,Savings Vault topup,none,-0.33,EUR,none,True
6455628b-321d-4470-84d6-c6d28c17709e,11111111,none,2024-08-04,Savings Vault topup,none,-0.42,EUR,none,True
21a37036-e44f-4e03-b946-00dc7f1393cc,11111111,none,2024-08-05,Dunnes Stores,none,-36.67,EUR,none,True
e8962ee7-9ffa-4d89-9a7b-477889b70e23,11111111,none,2024-08-05,Lidl,none,-1.58,EUR,none,True
4e35c62d-1a95-430f-aa85-0b0d724dbf36,11111111,none,2024-08-05,Savings Vault topup,none,-1.0,EUR,none,True
d10e38ae-dd25-4821-b0a9-b085e1403253,11111111,none,2024-08-05,Savings Vault topup,none,-0.2,EUR,none,True
a514e443-ee8f-4265-af1c-6b8814bd2887,11111111,none,2024-08-05,Savings Vault topup,none,-0.5,EUR,none,True
96211955-c0f7-4f23-a874-9ef37ef64bad,11111111,none,2024-08-05,Savings Vault topup,none,-0.6,EUR,none,True
17ca5bbc-9bd7-46eb-9347-00c42e0cf197,11111111,none,2024-08-05,Google Pay top-up by *8806,none,100.0,EUR,none,True
7a16d72d-fb75-42b5-bb54-b2435891c761,11111111,none,2024-08-05,Savings Vault topup,none,-1.0,EUR,none,True
0e9dfa27-0004-47d2-a2a8-181afbc11749,11111111,none,2024-08-06,Mizu Modern Japanese Cuisine,none,-55.0,EUR,none,True
1e90c241-eae1-47f5-adb7-4faf72af3af5,11111111,none,2024-08-06,Wei An,none,-7.5,EUR,none,True
82a34618-3e57-4dda-bb68-8e112813f302,11111111,none,2024-08-06,Omniplex,none,-25.0,EUR,none,True
25453372-f452-42b2-a466-3df1d5319331,11111111,none,2024-08-06,Penneys,none,-7.4,EUR,none,True
af1affc0-8f2a-4e3e-9ad8-248d327ff0c8,11111111,none,2024-08-06,O'Briens Irish Sandwich Cafe,none,-24.8,EUR,none,True
ecc4de73-95e0-4f34-9791-b778208a1532,11111111,none,2024-08-07,Savings Vault topup,none,-1.0,EUR,none,True
ef91ae70-5863-4c95-aefd-7ed099837404,11111111,none,2024-08-07,Savings Vault topup,none,-0.99,EUR,none,True
5fa83c57-0fd9-485c-87f6-5a379f374176,11111111,none,2024-08-08,KTC Supplies,none,-3.0,EUR,none,True
86788528-b1c1-46bf-ad88-794682f9e405,11111111,none,2024-08-08,Lidl,none,-9.01,EUR,none,True
e447082d-6afc-44dc-bd57-9102e8dc6053,11111111,none,2024-08-09,Savings Vault topup,none,-0.82,EUR,none,True
9f3783ef-2b78-4ce7-9b43-7e115f27d2b4,11111111,none,2024-08-09,Savings Vault topup,none,-0.02,EUR,none,True
b08b11f3-5f63-4ab7-abd1-f9446f54774b,11111111,none,2024-08-10,Irish Rail,none,-31.98,EUR,none,True
e2825dd4-cb37-406c-a183-abbfa5544a56,11111111,none,2024-08-10,Savings Vault topup,none,-1.0,EUR,none,True
9ac13b5f-2a20-4060-86d7-d8f27e2d886a,11111111,none,2024-08-10,Savings Vault topup,none,-0.3,EUR,none,True
3a6446e1-3d1f-46a3-bade-75a56d3000ef,11111111,none,2024-08-10,Google Pay top-up by *8806,none,725.52,EUR,none,True
0a427f66-49f9-4012-9917-fe99b5211873,11111111,none,2024-08-10,Savings Vault topup,none,-0.65,EUR,none,True
6c0b3790-89a7-4460-8af6-a989fa970e31,11111111,none,2024-08-10,Savings Vault topup,none,-0.5,EUR,none,True
dbdd61b9-7cf8-4cf7-a4e9-a71beada98ac,11111111,none,2024-08-10,Savings Vault topup,none,-0.3,EUR,none,True
b01eaadc-ec00-40ff-8f5b-dd24c0c21e73,11111111,none,2024-08-10,Savings Vault topup,none,-0.3,EUR,none,True
ba66df83-3aec-4d4d-b991-143a0f51e79b,11111111,none,2024-08-10,AliExpress,none,-20.18,EUR,none,True
991b4fab-eb63-433d-ad2c-7b3affda2789,11111111,none,2024-08-10,Savings Vault topup,none,-0.01,EUR,none,True
540c0aa3-79e9-46bf-a5cc-72e31c3f3a08,11111111,none,2024-08-10,Savings Vault topup,none,-0.5,EUR,none,True
a069fce0-86e5-4488-8d15-cc56773237ed,11111111,none,2024-08-10,Savings Vault topup,none,-0.2,EUR,none,True
fc5baf59-7386-4ce8-9c57-0d09c51c9fef,11111111,none,2024-08-11,Too Good To Go,none,-3.99,EUR,none,True
d6be351c-249b-4f07-a524-c46a1d81c2e8,11111111,none,2024-08-11,Asia Market,none,-2.35,EUR,none,True
93f72e47-9572-4950-82d8-488bf165a94e,11111111,none,2024-08-11,Bear Market Coffee,none,-6.5,EUR,none,True
3e327d8e-27b6-4b79-9c9d-251952d4f1d8,11111111,none,2024-08-11,Offbeat Donut Co.,none,-8.5,EUR,none,True
87a22565-651d-42b1-b9d6-26b0a8b6d856,11111111,none,2024-08-11,Nanas Tea,none,-7.7,EUR,none,True
2ea76269-4823-4824-a010-3d1459cdbd01,11111111,none,2024-08-11,Nanas Tea,none,-6.7,EUR,none,True
a6d49342-6b86-42f6-b0c6-87ebbfa68756,11111111,none,2024-08-11,Coca-Cola,none,-1.7,EUR,none,True
8bdacad2-99e1-4f3b-bd4d-d6db6ba21e27,11111111,none,2024-08-11,Savings Vault topup,none,-0.85,EUR,none,True
732eef5e-ee52-474c-90c0-33b21db3f962,11111111,none,2024-08-12,Dunnes Stores,none,-25.15,EUR,none,True
5677e0d7-6aa1-488d-8f09-47a3a402f0ce,11111111,none,2024-08-12,Transport for Ireland - TFI,none,-20.0,EUR,none,True
a466ae3d-1bc7-40bd-912a-bf0b151d604b,11111111,none,2024-08-12,Fresh The Good Food Market,none,-9.8,EUR,none,True
ee741c75-7c7b-45c7-a71e-2c29bd5bd1f1,11111111,none,2024-08-12,Savings Vault topup,none,-1.0,EUR,none,True
7d07a24f-b68e-431a-8648-f05d35b4f136,11111111,none,2024-08-12,Savings Vault topup,none,-0.31,EUR,none,True
1b617ca9-2fb1-42b7-ae5f-253bc5d91be4,11111111,none,2024-08-12,Savings Vault topup,none,-0.83,EUR,none,True
e7b653e6-cec7-4709-a95e-7e2d6ebd2130,11111111,none,2024-08-13,PEPCO,none,-3.0,EUR,none,True
22446cb3-8aeb-4607-800e-9895e33bb480,11111111,none,2024-08-13,Lidl,none,-12.17,EUR,none,True
0c4fd8b2-7d11-46e4-812a-d64aac6de66e,11111111,none,2024-08-13,Tesco,none,-2.69,EUR,none,True
adadc05a-4ab4-4de4-9846-cdfd96f79aee,11111111,none,2024-08-13,Savings Vault topup,none,-0.1,EUR,none,True
3fe6d2e2-c181-4cf3-8b98-5c60523f1c2d,11111111,none,2024-08-13,To EUR,none,0.03,EUR,none,True
1389abb0-959b-4c2b-bd80-d60373d81525,11111111,none,2024-08-13,Savings Vault topup,none,-1.0,EUR,none,True
6c3ca5a0-f750-4d26-b6ae-db937c7dd5b7,11111111,none,2024-08-14,Lidl,none,-10.0,EUR,none,True
87db6575-b91d-4e36-87b6-086b7be5cf9b,11111111,none,2024-08-14,Corrib Oil,none,-9.9,EUR,none,True
8459ac1d-30c2-48c8-930c-3ba43d2c8a7d,11111111,none,2024-08-14,Savings Vault topup,none,-1.0,EUR,none,True
52db9eb0-6aec-42e2-a62f-fd18f5172697,11111111,none,2024-08-14,Savings Vault topup,none,-0.5,EUR,none,True
2a362457-557e-4ce9-b881-a5f50db1f59f,11111111,none,2024-08-15,PEPCO,none,-7.5,EUR,none,True
1d6724a5-7c0b-4141-875e-261d49496259,11111111,none,2024-08-15,Dinano's Pizza & Kebab,none,-9.0,EUR,none,True
cff5a707-817c-432c-90fc-768c126a11c5,11111111,none,2024-08-16,Savings Vault topup,none,-0.99,EUR,none,True
81e8bf7a-e49d-4f23-a39c-6e496e46f8c9,11111111,none,2024-08-17,Lidl,none,-6.01,EUR,none,True
6fec420a-7efd-4550-a6fb-f3caee7119c2,11111111,none,2024-08-17,Savings Vault topup,none,-0.5,EUR,none,True
eba1d018-535a-43c0-a001-d44763e73a12,11111111,none,2024-08-17,Savings Vault topup,none,-1.0,EUR,none,True
33b12f3c-16a0-43d9-92fc-eed3024cf6f5,11111111,none,2024-08-17,Savings Vault topup,none,-0.5,EUR,none,True
49f2be40-001e-4d74-afd1-d38216a1a8ae,11111111,none,2024-08-17,Savings Vault topup,none,-0.5,EUR,none,True
efe985a9-be86-4f04-8e9f-2de35988e27a,11111111,none,2024-08-17,Savings Vault topup,none,-0.2,EUR,none,True
ce017e42-2e59-4147-9de4-824a7f85117e,11111111,none,2024-08-18,Sugar Mama BBQ,none,-9.5,EUR,none,True
2cd551c7-186b-4582-8c22-043e25825c2e,11111111,none,2024-08-18,Dinky Donuts,none,-6.5,EUR,none,True
5f2e28bb-f357-41ac-9e54-72d12a08c646,11111111,none,2024-08-18,Dinky Donuts,none,-13.0,EUR,none,True
85564fa0-0b39-4154-9562-4083f1362bd1,11111111,none,2024-08-18,Savings Vault topup,none,-0.5,EUR,none,True
418f2d3d-9b85-47cf-8123-91afe790ed61,11111111,none,2024-08-18,Savings Vault topup,none,-1.0,EUR,none,True
025fbd56-e2c4-4391-a7f8-98616209c9ef,11111111,none,2024-08-18,Savings Vault topup,none,-1.0,EUR,none,True
416c6aac-f5c4-4ddf-a59d-ecd79d80035c,11111111,none,2024-08-19,Brio Brunch,none,-22.0,EUR,none,True
606d48e5-f781-4dc0-9ca7-95934c879b86,11111111,none,2024-08-19,Hennessys Bar,none,-12.8,EUR,none,True
4ce1769b-76c0-42d4-956b-c13f87c9848c,11111111,none,2024-08-19,Dinano's Pizza & Kebab,none,-3.5,EUR,none,True
b0ec90c0-8151-4e0f-a592-2b8cbe615cf4,11111111,none,2024-08-19,The Greek,none,-11.5,EUR,none,True
398bef11-d845-4ac5-8847-85f3be680216,11111111,none,2024-08-19,The Ashe Hotel,none,-64.0,EUR,none,True
de0b6529-4a44-45ae-8864-a18857039a5b,11111111,none,2024-08-19,Savings Vault topup,none,-0.5,EUR,none,True
8309af79-bc88-49ab-9426-af10af5ec464,11111111,none,2024-08-19,Savings Vault topup,none,-0.73,EUR,none,True
c86818f5-edd9-4daf-97e6-752ad663413a,11111111,none,2024-08-20,SHEIN,none,-19.27,EUR,none,True
a20763f4-bf34-4995-91b2-7dc3854df1bf,11111111,none,2024-08-20,Dinky Donuts,none,-6.5,EUR,none,True
843d9a5b-9239-479c-9bf0-320f82601e77,11111111,none,2024-08-20,Savings Vault topup,none,-1.0,EUR,none,True
76575b15-b354-40fb-a533-84ed3dec9daa,11111111,none,2024-08-20,Savings Vault topup,none,-0.5,EUR,none,True
41be6575-2c30-4b46-a7b5-44e7e44e7fe9,11111111,none,2024-08-21,J&A Catering,none,-7.0,EUR,none,True
0e2f24d6-ec47-45fe-9339-f9ff2fd3b6f9,11111111,none,2024-08-21,Savings Vault topup,none,-0.01,EUR,none,True
145fdd5f-469c-4c98-8111-b3514cc8166f,11111111,none,2024-08-22,Dinano's Pizza & Kebab,none,-9.5,EUR,none,True
b269dc00-eba5-4789-8b2a-200cf56556e4,11111111,none,2024-08-22,Mr Price,none,-3.99,EUR,none,True
1c3e8f07-c58e-4836-94e9-19d069018e43,11111111,none,2024-08-22,Savings Vault topup,none,-0.7,EUR,none,True
da97e763-b5a6-4141-930d-78cb0526c550,11111111,none,2024-08-23,Savings Vault topup,none,-0.8,EUR,none,True
ea879cbd-4258-4ce4-9d43-87ac036bcf2c,11111111,none,2024-08-23,Savings Vault topup,none,-0.01,EUR,none,True
594d595c-7d7c-452b-b418-97f2a218b629,11111111,none,2024-08-23,Savings Vault topup,none,-0.02,EUR,none,True
17b02068-78f9-4d0c-8083-d5aac47c73cc,11111111,none,2024-08-23,Savings Vault topup,none,-0.07,EUR,none,True
4ca95446-39ba-46b4-b8b3-6e350f960c26,11111111,none,2024-08-23,SuperValu,none,-6.3,EUR,none,True
a9b7b7cc-207d-42db-a15e-4cf1b9612d25,11111111,none,2024-08-23,Savings Vault topup,none,-0.21,EUR,none,True
0eff9909-3dbe-4455-aa1b-75b89232928a,11111111,none,2024-08-23,Savings Vault topup,none,-0.2,EUR,none,True
d265c59f-fa8c-4579-bba0-9fb9fe4c429b,11111111,none,2024-08-23,Savings Vault topup,none,-0.03,EUR,none,True
d89f6775-ebdd-4fb3-951b-132612f9a30b,11111111,none,2024-08-24,Lidl,none,-15.97,EUR,none,True
d6e8c40b-6b0f-44dc-ae3a-a291c8835ba5,11111111,none,2024-08-24,Savings Vault topup,none,-0.1,EUR,none,True
26d90d1a-7b25-41bc-a1b4-6560dbe0a84d,11111111,none,2024-08-24,Penneys,none,-4.8,EUR,none,True
56ab4cd1-79f8-4e11-84aa-5dc146de6891,11111111,none,2024-08-24,NorthSouth,none,-27.2,EUR,none,True
b4d53735-fed7-432d-851c-8d605a971acb,11111111,none,2024-08-24,Savings Vault topup,none,-0.5,EUR,none,True
6fa7eb44-036a-466c-9d18-685c8500b7d6,11111111,none,2024-08-24,Card World,none,-1.79,EUR,none,True
cc3a697e-c7c5-4650-9d55-1d7d288c2335,11111111,none,2024-08-24,Dunnes Stores,none,-10.93,EUR,none,True
700a3b6f-6003-4213-b49e-620aa99dd351,11111111,none,2024-08-24,Savings Vault topup,none,-0.61,EUR,none,True
0b01c15a-5f17-429d-ace4-0442a7900cff,11111111,none,2024-08-24,ALDI,none,-4.98,EUR,none,True
2ec33a27-dc73-4947-916b-3ba0498d1642,11111111,none,2024-08-24,Eason,none,-3.99,EUR,none,True
d2f41372-c94b-4b52-90f1-81f2ab564cce,11111111,none,2024-08-24,Maddens Bar,none,-9.9,EUR,none,True
b2caaba4-f69a-4e62-9962-e41021b2ecd0,11111111,none,2024-08-25,Tesco,none,-6.39,EUR,none,True
d2568e19-2750-45ac-9a52-d84a3ccd1435,11111111,none,2024-08-25,Savings Vault topup,none,-0.31,EUR,none,True
e812731d-1ba2-4499-bec5-95005219e628,11111111,none,2024-08-25,CH Tralee,none,-21.5,EUR,none,True
8ab8db98-f831-48c4-a6f1-126723b08497,11111111,none,2024-08-26,ALDI,none,-5.69,EUR,none,True
c1232f52-22cd-4baa-b7d2-fc8046b81e47,11111111,none,2024-08-27,Savings Vault topup,none,-0.1,EUR,none,True
4de070d1-0d3f-4db8-b78b-2ce17b626061,11111111,none,2024-08-27,Savings Vault topup,none,-0.28,EUR,none,True
8fdc7157-5906-4dd7-a8b6-01f83e6a16af,11111111,none,2024-08-27,Savings Vault topup,none,-0.22,EUR,none,True
e1eab55c-b54c-423c-8178-5e588fb42dde,11111111,none,2024-08-28,Lidl,none,-6.72,EUR,none,True
c698d19a-4d5c-4cfd-8b06-c9c922f266c2,11111111,none,2024-08-28,Corrib Oil,none,-8.9,EUR,none,True
9f98a483-a7af-4b1c-9a88-b412922836ef,11111111,none,2024-08-28,Dunnes Stores,none,-31.78,EUR,none,True
bc17c356-4dbd-4911-9f7f-821316cf2da8,11111111,none,2024-08-29,AliExpress,none,12.06,EUR,none,True
b901bcf5-9482-4fcf-8fee-724646e9b5df,11111111,none,2024-08-29,Exchanged to XAU,none,-100.0,EUR,none,True
6f860e10-9541-4862-bc8f-bb4bea69dbad,11111111,none,2024-08-29,Savings Vault topup,none,-0.5,EUR,none,True
60440134-91c8-43bf-b142-a308cc95a6ac,11111111,none,2024-08-29,Savings Vault topup,none,-0.5,EUR,none,True
2d3b6a45-2711-475f-8e01-7c08ebd17c86,11111111,none,2024-08-29,Savings Vault topup,none,-1.0,EUR,none,True
e94359ad-bfee-485d-b887-589dd6c9d069,11111111,none,2024-08-29,Savings Vault topup,none,-0.2,EUR,none,True
b8300248-c4a1-493f-9031-3f1c68ae4668,11111111,none,2024-08-29,Transfer to ROISIN ANNE,none,-5.0,EUR,none,True
c2aaa5fc-fefb-4b2c-a76e-c9971a206ceb,11111111,none,2024-08-30,Savings Vault topup,none,-0.05,EUR,none,True
6d6e41d9-1349-4b6b-88e5-64750c0c1f5a,11111111,none,2024-08-30,Savings Vault topup,none,-0.76,EUR,none,True
239882ce-3c2d-4f89-bec1-cf7996e2d311,11111111,none,2024-08-30,Benners Hotel,none,-18.5,EUR,none,True
4a731ebe-c781-4424-9fc0-6d5ef9531248,11111111,none,2024-08-30,Benners Hotel,none,-13.0,EUR,none,True
debfd5eb-fd0a-462d-a56c-ba62fcf346c8,11111111,none,2024-08-30,Savings Vault topup,none,-0.58,EUR,none,True
c022c154-f0e9-4f7a-b4e3-60facbb393b9,11111111,none,2024-08-30,Savings Vault topup,none,-0.05,EUR,none,True
c8e23267-9059-4d1e-8629-c04347f3b09b,11111111,none,2024-08-31,Lidl,none,-1.24,EUR,none,True
d722aa40-8a32-424f-b234-943a33ed9674,11111111,none,2024-08-31,Mercury Food Distributo,none,-22.42,EUR,none,True
db89bc1b-1920-4be0-a329-3a7438c678ef,11111111,none,2024-08-31,Smash'd,none,-13.95,EUR,none,True
937f8acc-84dc-4fca-8ac1-6babcfc8f70f,11111111,none,2024-08-31,Google Pay top-up by *8806,none,500.0,EUR,none,True
660e313e-cb2b-43d5-9a36-a4db2a0ea7d4,11111111,none,2024-08-31,Savings Vault topup,none,-0.8,EUR,none,True
5b3ec79f-f8e5-4ae0-b870-2e7456c6ef1d,11111111,none,2024-08-31,Gallys Bar & Restaurant,none,-11.95,EUR,none,True
62a4096a-0b7a-4961-934f-f7ca52e43361,11111111,none,2024-08-31,Baily's Corner,none,-5.5,EUR,none,True
f762d0a7-cdf3-4282-88f3-6596fc110050,11111111,none,2024-08-31,Hennessys Bar,none,-5.8,EUR,none,True
5f91cfb5-5b34-4792-9a75-fc37edd9c68e,11111111,none,2024-09-01,My Boy Blue,none,-12.2,EUR,none,True
729181be-0860-4eca-a8c4-c23d6fef41d4,11111111,none,2024-09-01,Savings Vault topup,none,-0.05,EUR,none,True
6ee79e73-a3ad-4381-a26d-f94dd8a15de7,11111111,none,2024-09-01,Savings Vault topup,none,-0.47,EUR,none,True
bb562cec-78f6-4a4c-845c-da6ebd48e402,11111111,none,2024-09-02,Kirbys Brogue Inn,none,-9.95,EUR,none,True
c05a667d-de72-4fd9-8cf0-c7de2f5a0def,11111111,none,2024-09-02,Lidl,none,-16.53,EUR,none,True
3cc90262-9884-4203-a2dc-60765eb9ef14,11111111,none,2024-09-02,Savings Vault topup,none,-0.6,EUR,none,True
3ed63db5-20c1-4dcb-8afe-adc1b4d49478,11111111,none,2024-09-02,Savings Vault topup,none,-0.3,EUR,none,True
a9b8bfee-0ee8-4516-a33c-52cd02a8983f,11111111,none,2024-09-02,Savings Vault topup,none,-0.48,EUR,none,True
64bb720e-448e-46bf-ad8c-1ab1820dd07f,11111111,none,2024-09-02,Savings Vault topup,none,-0.97,EUR,none,True
b4a4cb86-a479-4678-b01c-44659d14d2c4,11111111,none,2024-09-03,CafÃ© de Nata,none,-3.52,EUR,none,True
012fd4f0-5b0b-46d2-be08-d0dacb13a542,11111111,none,2024-09-03,Heytea,none,-7.03,EUR,none,True
4002a95b-bcf0-4098-9e2f-30c8137d7e20,11111111,none,2024-09-03,Butlers Chocolates,none,-4.4,EUR,none,True
65fbfbea-a93b-408f-8963-b5a0ca9d2277,11111111,none,2024-09-03,To investment account,none,-90.68,EUR,none,True
14fc57c7-af79-457c-864d-9a0eb85e7e12,11111111,none,2024-09-03,McDonald's,none,-5.7,EUR,none,True
ea295128-756d-40d6-a711-a12cd9191264,11111111,none,2024-09-06,Savings Vault topup,none,-1.0,EUR,none,True
6451f295-fba9-4f38-abf8-32e0cd8125a6,11111111,none,2024-09-07,Kingdom Store,none,-18.0,EUR,none,True
5dec2729-f8bc-4ffa-b142-68aaf18d92b2,11111111,none,2024-09-08,Savings Vault topup,none,-0.21,EUR,none,True
27564855-86a1-42a7-a0de-92812a569fd3,11111111,none,2024-09-09,Lidl,none,-24.79,EUR,none,True
c879277d-6c68-4a80-81db-c3ae2f7d41f8,11111111,none,2024-09-09,Savings Vault topup,none,-0.02,EUR,none,True
e47a4b61-22ee-463f-98f0-23a4b898fcb4,11111111,none,2024-09-10,Savings Vault topup,none,-0.02,EUR,none,True
728ff4be-a513-4e2a-8544-5cbb373c88eb,11111111,none,2024-09-10,Savings Vault topup,none,-0.3,EUR,none,True
339448b6-13a4-4a28-a333-77f4df801550,11111111,none,2024-09-10,SuperValu,none,-2.98,EUR,none,True
bb6cb198-2669-43c0-b89f-148fd915a4ef,11111111,none,2024-09-10,Savings Vault topup,none,-0.09,EUR,none,True
0f67a724-bec2-4208-9a96-9d4dd7bf57f3,11111111,none,2024-09-11,University,none,-5.7,EUR,none,True
d1aee2f6-9a3a-4feb-9132-e343cd960552,11111111,none,2024-09-11,Lidl,none,-18.91,EUR,none,True
479bfa84-9425-443f-afbe-b7a7dd06fb46,11111111,none,2024-09-11,Lidl,none,-1.98,EUR,none,True
ddc39479-5cde-4eea-9fa0-92b6e1411d41,11111111,none,2024-09-13,Savings Vault topup,none,-0.24,EUR,none,True
ffd49a8a-454b-4ed3-9b7c-5175915e3ef3,11111111,none,2024-09-13,Savings Vault topup,none,-0.5,EUR,none,True
712dfbe4-5fa7-486b-a6ce-c23ba5ab6c37,11111111,none,2024-09-13,Savings Vault topup,none,-0.22,EUR,none,True
554ec046-f07e-437a-86a7-52f9b818f247,11111111,none,2024-09-14,Lidl,none,-5.78,EUR,none,True
733ffa54-0343-4704-b430-01b434ecf900,11111111,none,2024-09-14,Lidl,none,-4.76,EUR,none,True
ce83ff9f-2de0-4a34-adac-3f306efd8f3d,11111111,none,2024-09-14,Yusuf Spice,none,-12.5,EUR,none,True
80fffacc-e94d-4d83-8757-2b3c0a5e1810,11111111,none,2024-09-14,Savings Vault topup,none,-0.2,EUR,none,True
85c9edf5-84d4-4868-87be-21c1bd80368b,11111111,none,2024-09-14,Savings Vault topup,none,-0.05,EUR,none,True
02b6ec2f-41fd-4afe-80a1-bf7a944a4837,11111111,none,2024-09-14,Savings Vault topup,none,-0.94,EUR,none,True
4460196b-538c-45a4-9bc6-fc32d8a85ca5,11111111,none,2024-09-15,Penneys,none,-8.8,EUR,none,True
9ea0028b-e0af-451b-b003-d384d9cef7f6,11111111,none,2024-09-15,Dunnes Stores,none,-55.06,EUR,none,True
247972d6-9b22-478c-a14c-8dfc15e6e5ce,11111111,none,2024-09-16,Savings Vault topup,none,-1.0,EUR,none,True
bafe6b01-aa34-4d2f-b6be-d5df2777e016,11111111,none,2024-09-16,NorthSouth,none,-12.95,EUR,none,True
307a48ff-49a8-4545-9233-a89c39d4f30d,11111111,none,2024-09-16,Savings Vault topup,none,-0.44,EUR,none,True
b2a1e2fa-0a96-4a88-a4fd-9faac5c487cd,11111111,none,2024-09-16,Savings Vault topup,none,-1.0,EUR,none,True
6344d826-829c-4204-b160-5673145af9db,11111111,none,2024-09-17,The Aqua Dome,none,-6.0,EUR,none,True
8cce85db-a947-4c58-a5f8-0c35f06d3608,11111111,none,2024-09-17,Lidl,none,-8.56,EUR,none,True
3a36257a-fdb0-4e6c-9fd3-32e2884bbb30,11111111,none,2024-09-17,Patchino's Coffee & Treats,none,-3.0,EUR,none,True
c9618e72-8b7f-4ad8-92b4-4e805f4bd8c3,11111111,none,2024-09-17,Savings Vault topup,none,-1.0,EUR,none,True
20523bae-8bfb-4ad6-935a-ab98363ad85b,11111111,none,2024-09-18,Yusuf Spice,none,-10.0,EUR,none,True
15e3fea2-90cc-4189-9a76-0d6462e8cfb0,11111111,none,2024-09-18,Savings Vault topup,none,-0.35,EUR,none,True
650fc747-ae4a-435f-b9c4-ea2eebfa71bb,11111111,none,2024-09-19,University,none,-1.65,EUR,none,True
aefb27b6-5dd0-4a3a-95ef-ac3f99d01022,11111111,none,2024-09-19,Transfer to PAN LI,none,-3.0,EUR,none,True
e90eae57-210e-4ef2-9c43-c61012434912,11111111,none,2024-09-19,Savings Vault topup,none,-0.3,EUR,none,True
5004c3b5-555d-4b19-a74c-ca6a92ec2745,11111111,none,2024-09-19,Savings Vault topup,none,-0.29,EUR,none,True
09a9853a-0002-40cf-bf30-c16af90e8d61,11111111,none,2024-09-20,University,none,-4.7,EUR,none,True
b76ab805-30b8-4eb3-9567-56ef73212a87,11111111,none,2024-09-20,Lidl,none,-7.71,EUR,none,True
bcb59cbe-1685-4b62-aa34-fccb43f4514d,11111111,none,2024-09-20,Savings Vault topup,none,-1.0,EUR,none,True
b3ead227-6e64-431c-8954-4ac30a9e5b66,11111111,none,2024-09-20,Savings Vault topup,none,-0.8,EUR,none,True
408c5916-9a1c-45fc-bc01-4e021d2579b5,11111111,none,2024-09-20,Google Pay top-up by *8806,none,1000.0,EUR,none,True
a957e995-fba1-4108-8f30-2375a3f96752,11111111,none,2024-09-20,Exchanged to XAU,none,-200.0,EUR,none,True
b284247d-6fc8-465b-b5e9-897e4e977d6e,11111111,none,2024-09-20,Savings Vault topup,none,-800.0,EUR,none,True
606a1517-24f6-42f4-a7bb-a69166fc106f,11111111,none,2024-09-20,From Flexible Cash Funds,none,600.0,EUR,none,True
c5938181-6c0b-4a71-94f2-f4a9810e7fb3,11111111,none,2024-09-20,To investment account,none,-500.0,EUR,none,True
fd68a014-5f00-4020-8a7d-972e881ee5a4,11111111,none,2024-09-21,Penneys,none,-37.0,EUR,none,True
f620f8c5-3de8-410b-8a6d-77d2be16bee2,11111111,none,2024-09-21,NorthSouth,none,-32.2,EUR,none,True
426352a7-6bfb-43a0-b68f-e89c67e3bacc,11111111,none,2024-09-21,Savings Vault topup,none,-0.34,EUR,none,True
c8d80365-2ea1-4312-a9b2-9f922b37e28d,11111111,none,2024-09-22,Dunnes Stores,none,-40.66,EUR,none,True
06dd6e6b-a796-4687-a49b-605dbd2b3193,11111111,none,2024-09-22,Savings Vault topup,none,-0.8,EUR,none,True
dda68bb1-c808-4587-9485-08ce43c4f3c1,11111111,none,2024-09-23,Dunnes Stores,none,-16.2,EUR,none,True
565607cb-39e5-47c6-98e9-4f7474f2b2a6,11111111,none,2024-09-23,Savings Vault topup,none,-0.83,EUR,none,True
e266af33-9fe8-48bd-a81f-d3f8f9de7e9d,11111111,none,2024-09-24,Lidl,none,-4.17,EUR,none,True
74382873-567b-4c1f-8246-fbc5695567d6,11111111,none,2024-09-25,Savings Vault topup,none,-0.5,EUR,none,True
15dfc1f9-db6d-4a56-a5a1-c1e3a12165f3,11111111,none,2024-09-26,Corrib Oil,none,-2.5,EUR,none,True
cc5315b2-49ee-47d1-ba58-e2e1e24cfc94,11111111,none,2024-09-26,Transfer from PAN LI,none,13.5,EUR,none,True
23ec8a7c-023e-4113-b243-2ff9e20fcd90,11111111,none,2024-09-28,Savings Vault topup,none,-0.09,EUR,none,True
9cbc5d3f-dd82-4d1f-9827-70ba6658bf70,11111111,none,2024-09-29,Dunnes Stores,none,-78.91,EUR,none,True
c4e6999f-f18a-470b-82f2-43cbae792fde,11111111,none,2024-09-29,Savings Vault topup,none,-0.08,EUR,none,True
98adb2f8-e984-4b1b-a97f-18346b9b710a,11111111,none,2024-09-30,Lidl,none,-7.92,EUR,none,True
16ffd8f2-8ecf-4fba-9fea-1d9407e254d8,11111111,none,2024-09-30,Savings Vault topup,none,-0.98,EUR,none,True
8d508690-d6da-491a-ad71-00ef93a9ae00,11111111,none,2024-10-01,Lidl,none,-4.02,EUR,none,True
6f487786-6c8e-4042-ba70-072580614b83,11111111,none,2024-10-01,Savings Vault topup,none,-1.0,EUR,none,True
2ecfb4cb-7d2f-4e69-b40c-65c5c7ca1681,11111111,none,2024-10-01,From investment account,none,500.0,EUR,none,True
a9ed8e82-af49-48c6-a1a8-5992697473ce,11111111,none,2024-10-01,Savings Vault topup,none,-1.0,EUR,none,True
c512932f-6882-4306-896a-246b824f7cd7,11111111,none,2024-10-02,Transport for Ireland - TFI,none,-20.0,EUR,none,True
dfb90aa9-3fdf-408c-9215-719561c06b08,11111111,none,2024-10-02,The Ashe Hotel,none,-15.0,EUR,none,True
75d5336b-d9fe-4092-ac54-b78b67af69df,11111111,none,2024-10-02,Savings Vault topup,none,-0.4,EUR,none,True
c2b0966d-e1cb-4d9c-82ff-e2c014936447,11111111,none,2024-10-03,Transfer to ALAN P,none,-10.0,EUR,none,True
6560053d-9b0b-4fff-8ab4-61c7ac4f1118,11111111,none,2024-10-03,Transfer to ALAN P,none,-30.0,EUR,none,True
a7fbfdd2-6b41-4ecd-8304-21461289a31d,11111111,none,2024-10-03,Savings Vault topup,none,-0.25,EUR,none,True
c2d33bcd-baae-4616-920c-d13043906e9b,11111111,none,2024-10-03,Costa Coffee,none,-4.6,EUR,none,True
66f5aeee-b6ac-47fa-a5cc-77bbb2ae01bf,11111111,none,2024-10-03,Savings Vault topup,none,-1.0,EUR,none,True
d3b3dcc5-179c-4cfc-914f-27469f79cdfd,11111111,none,2024-10-03,Savings Vault topup,none,-0.5,EUR,none,True
c667ea1e-be8f-4c83-83fc-d37e66675989,11111111,none,2024-10-04,No Sin,none,-7.5,EUR,none,True
7e6f225a-686e-4473-9a3a-7899463d2a3f,11111111,none,2024-10-04,Poulet Vous,none,-20.0,EUR,none,True
a5b8b8c7-6afc-42f5-b1b6-9f4b62bc11f3,11111111,none,2024-10-04,Nolan's Garage,none,-2.75,EUR,none,True
9635b22e-91b0-4043-9f95-23d1dfeac809,11111111,none,2024-10-04,Savings Vault topup,none,-0.77,EUR,none,True
221fbd5c-0146-4a5d-8a6c-2524f6f04e46,11111111,none,2024-10-05,Lidl,none,-3.23,EUR,none,True
cd7659d0-15dc-455b-9898-f82ce61b9054,11111111,none,2024-10-06,Savings Vault topup,none,-0.38,EUR,none,True
daaaba9e-d978-4f1b-ad18-d68fcf80724f,11111111,none,2024-10-06,Savings Vault topup,none,-0.02,EUR,none,True
1138aabf-6bfe-49ff-a4e6-ff6c44cbb9c7,11111111,none,2024-10-07,Lidl,none,-1.98,EUR,none,True
3cbc9376-a5cd-4164-8721-9dec04d7ef37,11111111,none,2024-10-07,Dunnes Stores,none,-45.62,EUR,none,True
2ee46106-7264-4a97-ac7d-c70bed951246,11111111,none,2024-10-08,From Balanced Bundle portfolio,none,500.0,EUR,none,True
b22d3168-cf15-47f2-a1b5-7161bcd07a66,11111111,none,2024-10-08,Exchanged to USD,none,-685.92,EUR,none,True
1d8fce9a-c94b-4231-919b-16fc968befa5,11111111,none,2024-10-12,To investment account,none,-200.0,EUR,none,True
5fae5c88-423e-4916-b4ba-ac45307e6596,11111111,none,2024-10-12,From investment account,none,100.0,EUR,none,True
11e2e469-2875-4758-86f4-40e568900476,11111111,none,2024-10-12,To investment account,none,-4.33,EUR,none,True
685520af-87da-430c-ac23-f5f93e8d8695,11111111,none,2024-10-12,From Flexible Cash Funds,none,389.58,EUR,none,True
77892a79-6130-48cb-b735-5ba13753099b,11111111,none,2024-10-12,To investment account,none,-389.58,EUR,none,True
35438592-060f-458d-b972-de20dbeced26,11111111,none,,Ibm Ireland,none,-1.0,EUR,none,True
8e0b5f6f-f816-4f14-9aa7-a78eaefafbe8,11111111,none,2024-10-28,Savings Vault topup,none,-1.0,EUR,none,True
e978d044-3e5b-4e43-9d4a-7e139d167aaa,11111111,none,,Ibm Ireland,none,-1.0,EUR,none,True
b5566f6d-d303-462a-8ea6-ca9866b4499f,11111111,none,2024-10-28,Savings Vault topup,none,-1.0,EUR,none,True
0a5b8b29-f26c-4604-b511-d0d9f9ab4447,11111111,none,2024-10-31,From Flexible Cash Funds,none,200.0,EUR,none,True
4600b0d4-16ba-49bf-947f-3efcda8ca331,11111111,none,2024-11-01,From investment account,none,403.0,EUR,none,True
0cd30c43-4770-4845-ac7d-ea77e0cbd4fe,11111111,none,2024-11-01,Savings Vault topup,none,-700.0,EUR,none,True
3f5911f7-a67b-4dd1-86c6-8863d3e8a23f,11111111,none,2024-11-13,From Flexible Cash Funds,none,100.0,EUR,none,True
5374949b-26f5-463d-a160-dae10ae736c7,11111111,none,2024-11-13,Savings Vault topup,none,-101.0,EUR,none,True
2c5f63ca-d088-411e-8a4e-6abae018fff4,11111111,none,2024-11-14,From Flexible Cash Funds,none,100.0,EUR,none,True
ce1dc26e-5e66-401b-85d4-480e1b1032ea,11111111,none,2024-11-14,Savings Vault topup,none,-0.04,EUR,none,True
8d6b0abc-1868-4371-8fbf-df589927d7ac,11111111,none,2024-11-15,Booking.com,none,-75.96,EUR,none,True
8d9b4c71-a58f-4ad7-bc53-aa438b38583d,11111111,none,2024-11-17,Savings Vault topup,none,-1.0,EUR,none,True
a64cf436-09f0-4f72-acd5-170a886cdcdb,11111111,none,2024-11-17,From Flexible Cash Funds,none,200.0,EUR,none,True
2bbcc7ab-cbe4-4fe3-81e2-0a57aa9538cf,11111111,none,2024-11-17,Savings Vault topup,none,-0.55,EUR,none,True
f303b7f4-75d5-4ea6-ab5f-cf75debb882e,11111111,none,2024-11-18,Transport for Ireland - TFI,none,-20.0,EUR,none,True
4711ebc8-a6ff-4547-af0d-0074d7b03cf0,11111111,none,2024-11-19,Uber Eats,none,-11.45,EUR,none,True
485e5937-f01c-4fae-b78f-33de64f0d237,11111111,none,2024-11-26,Savings Vault topup,none,-0.5,EUR,none,True
3ae73989-6eb2-40e6-9ff8-425a1fe377f3,11111111,none,2024-11-27,Benners Hotel,none,-52.5,EUR,none,True
99dc1f7e-12d8-41c3-a458-f4e1bea63634,11111111,none,2024-11-27,Savings Vault topup,none,-0.55,EUR,none,True
522f10b0-e9a8-41d1-8e93-7337cf3adb25,11111111,none,2024-11-28,Kirbys Brogue Inn,none,-20.45,EUR,none,True
34b81fe2-0723-4edb-8920-332df3a5d171,11111111,none,2024-12-01,Savings Vault topup,none,-0.43,EUR,none,True
79e36118-10f1-4e9a-847a-2ec31efb7592,11111111,none,2024-12-02,Dunnes Stores,none,-41.57,EUR,none,True
53f69126-a26b-4411-aac2-4f59fb0f1344,11111111,none,2024-12-18,Savings Vault topup,none,-1.0,EUR,none,True
ad4472da-4ff7-4b8b-9728-06e95def25f7,11111111,none,2024-12-19,All Seasons Florist,none,-30.0,EUR,none,True
fd5e6ba0-6d1e-40dd-b3dd-db2bf1c95742,11111111,none,2024-12-19,From Flexible Cash Funds,none,400.0,EUR,none,True
c5e7d55a-0f73-4d38-941a-1fd46a0092d0,11111111,none,2024-12-19,Savings Vault topup,none,-0.32,EUR,none,True
09fbcc3c-6ce2-4efa-9139-bafe1e2bf505,11111111,none,2024-12-19,Savings Vault topup,none,-0.01,EUR,none,True
19e11ac2-a838-4f73-b91e-c1789cbd0776,11111111,none,2024-12-20,To Redcliff Investments Ltd,none,-300.0,EUR,none,True
b8e0e249-ca5f-47c2-96bf-1154bcf9df5e,11111111,none,2024-12-20,Lidl,none,-11.68,EUR,none,True
f0ecabee-e452-4660-91b4-ab661179a18b,11111111,none,2024-12-20,Savings Vault topup,none,-0.06,EUR,none,True
ce082c7e-038e-42ac-a17d-b671e9bebf3c,11111111,none,2024-12-20,Savings Vault topup,none,-0.3,EUR,none,True
42a41785-74d1-4d67-a938-899a23f12119,11111111,none,2024-12-20,Exchanged to EUR,none,150.0,EUR,none,True
f99f5d97-1228-4b37-be8b-f7080185ae5b,11111111,none,2024-12-20,Savings Vault topup,none,-1.0,EUR,none,True
ff5c8287-d8aa-4307-b3f2-517efc8ab924,11111111,none,2024-12-20,Savings Vault topup,none,-0.2,EUR,none,True
d744789c-2dcf-4cb7-85f8-a0f4f827eaa9,11111111,none,2024-12-20,Savings Vault topup,none,-0.02,EUR,none,True
d67dd71e-f5e7-4c1e-a354-85a6e1e17a75,11111111,none,2024-12-20,Savings Vault topup,none,-1.0,EUR,none,True
5b224330-df18-446d-9498-fd6260ec0efc,11111111,none,2024-12-21,Airport Bus Express,none,-10.0,EUR,none,True
6b439c97-1a2d-444e-8ff3-a8e6eb5bc753,11111111,none,2024-12-21,Microsoft,none,-29.99,EUR,none,True
0afb2bf0-6c45-452b-9a55-fb53cd50b0b9,11111111,none,2024-12-21,Nanas Tea,none,-6.7,EUR,none,True
8b1f9a88-4d7a-42da-95f1-2368cdccb9cb,11111111,none,2024-12-21,NS,none,-9.8,EUR,none,True
77b92040-8cfe-4a3d-b94a-420190d38d90,11111111,none,2024-12-21,GVB,none,-9.0,EUR,none,True
093f8983-9e51-419c-9bd7-f25b458c173c,11111111,none,2024-12-21,Zone Street Food,none,-39.94,EUR,none,True
c006cf5a-7998-4af2-b42b-5211e15335f4,11111111,none,2024-12-21,Irish Rail,none,-31.98,EUR,none,True
8cf4d439-826b-4976-ad05-a6dec50e83fd,11111111,none,2024-12-24,Savings Vault topup,none,-0.5,EUR,none,True
89c603f9-aae6-4b6c-aa1e-c7fb363f3daa,11111111,none,2024-12-24,Savings Vault topup,none,-1.0,EUR,none,True
a9e5f201-f5c3-4a4e-8002-edf17e6a2c2f,11111111,none,2024-12-24,Savings Vault topup,none,-0.05,EUR,none,True
b96d190d-5414-4445-a573-6155837e7724,11111111,none,2024-12-24,Savings Vault topup,none,-1.0,EUR,none,True
94b12223-af4c-4ed8-b407-46ec8fb2caeb,11111111,none,2024-12-24,Savings Vault topup,none,-1.0,EUR,none,True
35842e60-3562-4904-9780-0e04b593151c,11111111,none,2024-12-24,Savings Vault topup,none,-0.5,EUR,none,True
d5c8008e-c380-4f63-bb27-0a413db0db18,11111111,none,2024-12-24,Savings Vault topup,none,-1.0,EUR,none,True
4be235fc-684b-419c-9fce-c0eeb073310d,11111111,none,2024-12-24,Savings Vault topup,none,-1.0,EUR,none,True
5fc7311b-f2fb-4ac0-b1ed-f742d9de1b77,11111111,none,2024-12-24,Savings Vault topup,none,-0.35,EUR,none,True
a7fd462f-6029-4d86-bb26-d83b8a0b4113,11111111,none,2024-12-24,Savings Vault topup,none,-1.0,EUR,none,True
34202b94-6559-449d-adf2-52d8ec6dbe81,11111111,none,2024-12-24,Salvo,none,-16.0,EUR,none,True
8b0c8d8d-c6f7-49b9-9c68-bd5ec961a8ce,11111111,none,2024-12-25,Poffertjes Albert Cuyp,none,-4.0,EUR,none,True
152b4a7d-9fd8-489a-89ef-400a7a4730ea,11111111,none,2024-12-25,Fabel Friet,none,-6.65,EUR,none,True
4fa59fdc-e331-42bd-b22b-54ae2e8d685a,11111111,none,2024-12-25,Sentimento,none,-16.5,EUR,none,True
bb1af1b7-d820-4612-be83-a6317475ce47,11111111,none,2024-12-25,Maraval Group,none,-4.0,EUR,none,True
3363092c-31bf-4009-8e33-06fd2a0f0dad,11111111,none,2024-12-25,Grill'nSmoke,none,-7.0,EUR,none,True
e006dda6-6b7f-435d-8444-a7b204d1c211,11111111,none,2024-12-25,Sdbv Inz. Bagagedepot,none,-6.0,EUR,none,True
07042060-9321-4363-aa09-c57e5998576d,11111111,none,2024-12-25,Winkel 43,none,-8.5,EUR,none,True
27271bbd-6a34-4d02-a9fd-9ff682e86e66,11111111,none,2024-12-25,Van Stapele Koekma,none,-6.0,EUR,none,True
f32f4a4b-24dd-4c75-a3da-023a85c9537f,11111111,none,2024-12-25,de BallenBar,none,-8.95,EUR,none,True
7acf61e6-e70d-4f03-a352-39af375000a0,11111111,none,2024-12-28,Savings Vault topup,none,-51.0,EUR,none,True
10c674ff-2fc9-4158-981f-a7bd06329e81,11111111,none,2025-01-31,From Flexible Cash Funds,none,1.0,EUR,none,True
82ba1af0-a283-4432-8a09-804be35ec4f3,11111111,none,,Amazon Web Services,none,-1.0,EUR,none,True
0c1da91d-5580-4960-becb-95733574144a,11111111,none,2025-02-02,From Flexible Cash Funds,none,1.0,EUR,none,True
399b1428-5141-44de-83a7-5debc86219ce,11111111,none,2025-02-13,To Instant Access Savings,none,-2.0,EUR,none,True
13fb6832-1d98-40a7-b2ff-c16ae42ece34,11111111,none,2025-02-13,From Instant Access Savings,none,1.0,EUR,none,True
d6b76da4-7d45-4c6c-aac5-33cb439a9509,11111111,none,2025-02-13,Reward,none,20.0,EUR,none,True
b26b66b6-32c1-4642-a154-a3e8ad8b247c,11111111,none,2025-02-13,Savings Vault topup,none,-1.0,EUR,none,True
c921ee07-8f60-4fc7-88a0-b6fcf0aa1c2e,11111111,none,2025-02-14,Maddens Bar,none,-4.0,EUR,none,True
71b1b294-6ba9-4fbf-936b-6402340029db,11111111,none,2025-02-17,Savings Vault topup,none,-0.2,EUR,none,True
d6b3b93a-b1b6-4ad9-ac32-83002befa8e0,11111111,none,2025-02-17,Savings Vault topup,none,-0.82,EUR,none,True
f47e0d79-e078-4b1b-93b3-d0948400c49f,11111111,none,2025-02-17,Savings Vault topup,none,-3.0,EUR,none,True
6b1c231c-a0da-4168-a783-48eb877f6a19,11111111,none,2025-02-18,Lidl,none,-5.18,EUR,none,True
6dc281cb-9844-4625-8f88-2aedf576ee06,11111111,none,2025-02-18,Tea Time,none,-6.8,EUR,none,True
c71e8883-2a8f-40b6-901b-01e9c839d729,11111111,none,2025-02-19,From Flexible Cash Funds,none,2.0,EUR,none,True
13e94f74-a88c-4370-8bfc-33c93fe9b3c6,11111111,none,2025-02-19,Google Pay top-up by *8806,none,150.0,EUR,none,True
095f2e88-40f7-4d3e-a302-65f303c7bdee,11111111,none,2025-02-19,Savings Vault topup,none,-142.0,EUR,none,True
6cbeb138-fc68-46d1-ade3-94a57ff601c8,11111111,none,2025-02-19,From Flexible Cash Funds,none,10.0,EUR,none,True
faee6c04-bccf-4702-ba1f-68bd1bc78541,11111111,none,,Amazon Web Services,none,-1.0,EUR,none,True
c5136695-7b22-4991-967b-5fac9bdf0c74,11111111,none,2025-02-27,Savings Vault topup,none,-1.0,EUR,none,True
7964d9dd-e4c9-45a2-8c95-8eb2fde5491a,11111111,none,2025-03-17,From Flexible Cash Funds,none,100.0,EUR,none,True
e090c00f-10ab-432a-b981-6e52af3606ae,11111111,none,2025-03-19,Savings Vault topup,none,-0.71,EUR,none,True
79294cbe-2140-4cc7-8110-5ae3fc1918a9,11111111,none,2025-03-20,Yusuf Spice,none,-8.29,EUR,none,True
0fe687db-cf43-4a18-8ea7-893364cf763a,11111111,none,2025-04-05,Savings Vault topup,none,-100.0,EUR,none,True
fd7580fc-fa57-4b3a-9497-11e6690e4eef,11111111,none,2025-04-05,From Flexible Cash Funds,none,40.0,EUR,none,True
99dbb35b-b60c-44bf-bb4c-43135f17c4f4,11111111,none,2025-05-04,Transfer to KOK LYNN,none,-27.9,EUR,none,True
f46a4572-612f-456a-a71f-d318d4333225,11111111,none,2025-05-06,Transfer to MALDRIT X,none,-18.0,EUR,none,True
e1207a3e-3f83-45c9-ab4d-945c7a5cf644,11111111,none,2025-05-09,From Flexible Cash Funds,none,100.0,EUR,none,True
b11fd74d-5f57-4eaf-bd83-fb4958735925,11111111,none,2025-05-16,Savings Vault topup,none,-1.0,EUR,none,True
abc66eae-afd5-49ef-a9af-e36bac06a523,11111111,none,2025-05-17,Transport for Ireland - TFI,none,-25.0,EUR,none,True
da946e0b-2e54-4164-9193-e01c6e696f20,11111111,none,2025-05-17,Savings Vault topup,none,-0.5,EUR,none,True
63028eb3-33fb-4260-b53c-4934ed979e48,11111111,none,2025-05-17,Savings Vault topup,none,-0.2,EUR,none,True
fd20783c-03c0-42ea-8c37-5bbc979a4abd,11111111,none,2025-05-18,Reiwa Japanese Restaurant,none,-19.5,EUR,none,True
a72299d9-60b2-4fd9-8d36-fc16c009df09,11111111,none,2025-05-18,PLUS,none,-6.8,EUR,none,True
cc4a125c-a005-416b-bf6f-4426000ba13d,11111111,none,2025-05-18,Savings Vault topup,none,-0.25,EUR,none,True
bec1158f-8720-4aee-99dc-7920a69cf4d2,11111111,none,2025-05-18,Savings Vault topup,none,-1.0,EUR,none,True
f3d0e76e-4275-4052-94a1-983f5e772d85,11111111,none,2025-05-19,Guji,none,-8.0,EUR,none,True
6fb22d80-4f18-405c-a3d1-f8b96d213da5,11111111,none,2025-05-19,Bunsen,none,-13.75,EUR,none,True
7752f895-52e7-4f1b-bea9-2e0f162d06fe,11111111,none,2025-05-19,Exchanged to EUR,none,133.07,EUR,none,True
9d8e6b37-b0ec-4d61-8b98-b66cde43586d,11111111,none,2025-05-19,Savings Vault topup,none,-0.34,EUR,none,True
1645ba29-4724-4874-8b65-38a18170d130,11111111,none,2025-05-20,Dunnes Stores,none,-46.66,EUR,none,True
763c296b-3c6c-4272-95ea-4896f86df6b7,11111111,none,2025-05-21,Savings Vault topup,none,-0.7,EUR,none,True
da123b7f-d714-464e-a4f7-96caf3362ab3,11111111,none,2025-05-22,McDonald's,none,-25.3,EUR,none,True
d7a2cde4-f250-48b8-8eba-d317aa2abb71,11111111,none,2025-05-22,From Flexible Cash Funds,none,60.0,EUR,none,True
41d817e8-c703-4e07-8ac5-70def7a1bfc6,11111111,none,2025-05-22,Savings Vault topup,none,-0.5,EUR,none,True
70ce2da7-1ed9-4ff5-8da6-a7ca6ccc5406,11111111,none,2025-05-23,The Ashe Hotel,none,-96.5,EUR,none,True
bfb3ebbb-2006-46a2-9055-93dfe1ad1a8b,11111111,none,2025-05-23,Savings Vault topup,none,-1.0,EUR,none,True
3dabd390-a3a4-4742-86ec-564e00764841,11111111,none,2025-05-24,Akira Asia Supermark 0,none,-6.0,EUR,none,True
bfcb5d04-9b54-4006-b78a-ec3f21041fd0,11111111,none,2025-05-26,Savings Vault topup,none,-0.6,EUR,none,True
1742d40c-07b2-4493-a8a0-70532ebd499c,11111111,none,2025-05-27,Daily Grind,none,-18.4,EUR,none,True
cedfa2a1-0ee5-47c1-8008-f23c79aeadc2,11111111,none,2025-05-27,Savings Vault topup,none,-1.0,EUR,none,True
1f3f3125-dd8a-400e-8953-ff97b805a23d,11111111,none,2025-05-28,Akira Asia Supermark 0,none,-6.0,EUR,none,True
f386c5dc-9af9-4412-b172-6a901c412e91,11111111,none,2025-05-31,Savings Vault topup,none,-1.0,EUR,none,True
95f31f7f-1478-4486-9345-7832ac2209b1,11111111,none,2025-06-01,Akira Asia Supermark 0,none,-6.0,EUR,none,True
2d3936ec-dbd5-438a-b546-43b268424a60,11111111,none,2025-06-03,Exchanged to EUR,none,150.0,EUR,none,True
54bbb5ad-ace5-4db4-8617-fd981a85a0d4,11111111,none,2025-06-03,Savings Vault topup,none,-0.8,EUR,none,True
f999d7b4-6b1a-4815-ae5c-070f77d8130a,11111111,none,2025-06-03,Savings Vault topup,none,-0.37,EUR,none,True
58b2bdf1-8fcb-4cd2-85ca-5fe9cee686ea,11111111,none,2025-06-04,Maddens Bar,none,-9.2,EUR,none,True
9ff02cda-bc81-40ef-a6de-a2b8ac2e6774,11111111,none,2025-06-04,Dunnes Stores,none,-39.63,EUR,none,True
221de6fb-adae-4d4a-b826-9b8cc3a39caa,11111111,none,2025-06-24,To Flexible Cash Funds,none,-0.3,EUR,none,True
9266678d-34da-4bb9-baee-be443f013cdb,11111111,none,2025-06-24,To Flexible Cash Funds,none,-0.7,EUR,none,True
cfade59c-2a76-4690-83e0-b3e887decc10,11111111,none,2025-06-24,To Flexible Cash Funds,none,-1.0,EUR,none,True
6e7d3a75-a3b7-4478-9916-a857e137898f,11111111,none,2025-06-25,To Flexible Cash Funds,none,-52.17,EUR,none,True
f90e1a66-e149-44c6-bae0-ad9cfe88b038,11111111,none,2025-06-25,Butlers Chocolates,none,-4.3,EUR,none,True
ebde53af-d48c-4414-9804-1d184de0cc8d,11111111,none,2025-06-25,Butlers Chocolates,none,-12.0,EUR,none,True
e68dc447-7b43-4e7b-996f-47c4856b882f,11111111,none,2025-06-25,Lemon Jelly Cafe,none,-40.7,EUR,none,True
804fb991-1a59-460c-bd67-233b57a46157,11111111,none,2025-06-26,Exchanged to EUR,none,200.0,EUR,none,True
4b680327-59ea-4df8-bd2c-1da8611ea1a8,11111111,none,2025-06-26,To O HAN,none,-200.0,EUR,none,True
a6d33f11-94a0-41c9-8b38-b8036eb361ac,11111111,none,2025-06-30,From Flexible Cash Funds,none,77.61,EUR,none,True
84859f1c-e9a0-4c0c-ad35-c8c0cbe98f54,11111111,none,2025-06-30,To Flexible Cash Funds,none,-0.4,EUR,none,True
31bea4d3-1aeb-4621-a869-4493982f0573,11111111,none,2025-06-30,To Flexible Cash Funds,none,-0.6,EUR,none,True
9118dafe-e828-448c-b2fa-3cfbb61896e0,11111111,none,2025-06-30,To Flexible Cash Funds,none,-0.8,EUR,none,True
c7d4a063-7d4c-4568-b552-c2935a4668a6,11111111,none,2025-07-01,Fresh The Good Food Market,none,-2.2,EUR,none,True
c567b181-61b5-471a-b16b-0642fe1f9673,11111111,none,2025-07-01,Russell Street Bakery,none,-16.6,EUR,none,True
83351cbe-3203-4f6c-860f-00f4d22a5003,11111111,none,2025-07-01,Kyodai Izakaya,none,-31.4,EUR,none,True
87532d63-79f4-456e-ba1f-b1f563a83a5b,11111111,none,2025-07-02,From Instant Access Savings,none,1.0,EUR,none,True
4ec09ebb-2cf9-4a3e-866f-cbc8edb10f14,11111111,none,2025-07-02,From Flexible Cash Funds,none,1.8,EUR,none,True
2e1ee415-958e-4e78-a261-eda3bb8947d3,11111111,none,2025-07-02,Exchanged to EUR,none,77.75,EUR,none,True
73cdeda9-964d-4954-87a9-e4fff0c7b05a,11111111,none,2025-07-02,To Flexible Cash Funds,none,-0.22,EUR,none,True
7d2ccacc-4c79-41ae-a46a-9d4595eaedbb,11111111,none,2025-07-03,Dunnes Stores,none,-24.78,EUR,none,True
daf01048-9bb7-4299-8a04-8edd85160cc9,11111111,none,2025-07-05,To Flexible Cash Funds,none,-0.63,EUR,none,True
eea2ca62-ad96-4f0d-bc23-7f7f372015cc,11111111,none,2025-07-06,Lidl,none,-5.37,EUR,none,True
a6532f4d-87ce-4e85-b391-636bb714b466,11111111,none,2025-07-07,To Flexible Cash Funds,none,-0.1,EUR,none,True
97370cd0-3c33-4812-a021-4b1744131111,11111111,none,2025-07-07,To Flexible Cash Funds,none,-0.23,EUR,none,True
444a60b5-ac9f-40ff-95de-1932413fb6d4,11111111,none,2025-07-07,To Flexible Cash Funds,none,-0.5,EUR,none,True
9622deab-fc57-44bc-b7a1-f4c5c574eff2,11111111,none,2025-07-08,Dunnes Stores,none,-23.77,EUR,none,True
f233cac6-4c47-4f8d-a5e6-0cbbd7108b48,11111111,none,2025-07-08,McDonald's,none,-9.5,EUR,none,True
f962bed5-ff2b-4d85-adb9-b9685b724c7e,11111111,none,2025-07-08,Daily Grind,none,-17.9,EUR,none,True
26940e37-4050-429b-a669-230a806c22b3,11111111,none,2025-07-12,From investment account,none,7.54,EUR,none,True
c23ec2f6-eb17-4516-b6b9-9e3a66180961,11111111,none,2025-07-12,From Flexible Cash Funds,none,1.68,EUR,none,True
1e21d1b7-20e7-45a0-b934-1d169d75753b,11111111,none,2025-07-13,To Flexible Cash Funds,none,-0.36,EUR,none,True
daa3b7a5-a608-4529-ae03-e652073da23e,11111111,none,2025-07-14,Dunnes Stores,none,-21.64,EUR,none,True
671fdb6d-93f4-496a-a0a0-d53ef8fcef11,11111111,none,2025-07-15,Airwallet Laundry,none,-10.0,EUR,none,True
769e6acd-24d0-4aaf-8872-d429ea6779ca,11111111,none,2025-07-16,From Bold Stack portfolio,none,203.71,EUR,none,True
7286d9b1-4d47-4695-99f4-fc35090b5919,11111111,none,2025-07-16,To Flexible Cash Funds,none,-0.5,EUR,none,True
f4db5d0f-5608-4820-b6d4-75b8858ea9a7,11111111,none,2025-07-16,To Flexible Cash Funds,none,-1.0,EUR,none,True
77fb53ac-4080-4475-bd48-5927a6a1dca4,11111111,none,2025-07-16,To Flexible Cash Funds,none,-1.0,EUR,none,True
a256dc0f-5eb1-4d12-a625-fd229fa89792,11111111,none,2025-07-17,SuperValu,none,-0.5,EUR,none,True
4af81dc7-4d5d-463a-8549-97e4685129ba,11111111,none,2025-07-17,To Flexible Cash Funds,none,-1.0,EUR,none,True
0f67e143-0b19-4406-a6ea-25f4a87fa001,11111111,none,2025-07-17,Top-up by *2094,none,50.0,EUR,none,True
996091b7-0530-4eeb-9ca8-d468dd10d797,11111111,none,2025-07-17,To Flexible Cash Funds,none,-0.85,EUR,none,True
9d21c23e-9a50-4f0d-b5dc-015466acd3dc,11111111,none,2025-07-18,McCaffrey's,none,-13.0,EUR,none,True
aca751b5-398a-4de4-b590-9a379837f571,11111111,none,2025-07-18,Sean Ogs Bar & B&B,none,-10.0,EUR,none,True
e43685e8-350d-4dc4-94d3-b72cfbf425ef,11111111,none,2025-07-18,SuperValu,none,-8.15,EUR,none,True
b1616cfc-2ca9-48e3-a4f7-02f021fc2e18,11111111,none,2025-07-18,To Flexible Cash Funds,none,-0.25,EUR,none,True
8466a4c3-7973-4309-a78d-27f56480f301,11111111,none,2025-07-19,Swarovski,none,-159.0,EUR,none,True
c03e0a0e-2b77-4f90-aa12-cc5afe32d045,11111111,none,2025-07-19,Lidl,none,-9.75,EUR,none,True
d0a2f4c7-f5c2-4a97-9f00-b7d377aeee56,11111111,none,2025-07-19,To Flexible Cash Funds,none,-0.5,EUR,none,True
d98572ca-67b1-49c3-a35d-2a89330d0348,11111111,none,2025-07-19,To Flexible Cash Funds,none,-0.64,EUR,none,True
60a28d76-7bbf-429f-b5c4-e2b4f1be0ae4,11111111,none,2025-07-19,Maddens Bar,none,-14.5,EUR,none,True
5473055b-9c48-4743-b30c-9482ef6a5c4a,11111111,none,2025-07-20,Top-up by *2094,none,100.0,EUR,none,True
674f0883-7fae-4338-8f22-0cd0cdc3e925,11111111,none,2025-07-21,Dunnes Stores,none,-23.36,EUR,none,True
ea3b29a7-dc89-4f93-a821-e03020c806e1,11111111,none,2025-07-22,To Flexible Cash Funds,none,-0.05,EUR,none,True
9aecf0c3-dc59-409a-b9b0-53387ae22576,11111111,none,2025-07-22,To Flexible Cash Funds,none,-0.6,EUR,none,True
202822dc-420c-4f2d-a428-30c51e4f8137,11111111,none,2025-07-22,To Flexible Cash Funds,none,-1.0,EUR,none,True
4d1b56d9-c92b-42d1-a078-478929f55457,11111111,none,2025-07-22,To Flexible Cash Funds,none,-0.15,EUR,none,True
d2da820b-2377-41ce-9bb0-c5b1561b7b92,11111111,none,2025-07-22,To Flexible Cash Funds,none,-1.0,EUR,none,True
daaa199c-7286-48a1-b6a0-8a21c706cc6b,11111111,none,2025-07-23,To Flexible Cash Funds,none,-0.6,EUR,none,True
5294475b-c034-41d1-89eb-11e5bc715b8d,11111111,none,2025-07-23,Metro de Madrid,none,-7.4,EUR,none,True
cc2ea822-e164-41f0-a9d1-63c301a5f021,11111111,none,2025-07-23,Bottega Caffe,none,-23.0,EUR,none,True
f7e884e5-d4ca-491a-b46a-79a3be888caf,11111111,none,2025-07-23,Metro de Madrid,none,-2.0,EUR,none,True
0c13a3ef-62e8-4228-ba41-3b83b832e7ee,11111111,none,2025-07-23,DIA,none,-0.85,EUR,none,True
8a3307be-f568-4ddd-9074-d06ba80fad23,11111111,none,2025-07-23,Burger King,none,-21.95,EUR,none,True
7fcf72f7-deb6-4142-85b6-a08e89e57d1a,11111111,none,2025-07-24,Selecta,none,-6.4,EUR,none,True
770df6aa-b6e3-4d1a-81f7-80f6ebf30c6b,11111111,none,2025-07-25,To Flexible Cash Funds,none,-0.94,EUR,none,True
d1da2ad5-871a-48fa-bcc6-9bce84dd2be8,11111111,none,2025-07-26,Lidl,none,-13.06,EUR,none,True
0589ad61-1eca-438f-8e09-fe14296a17e2,11111111,none,2025-07-26,To Flexible Cash Funds,none,-1.0,EUR,none,True
536d1f55-2659-4d37-b204-4cb948e46d4c,11111111,none,2025-07-26,To Flexible Cash Funds,none,-0.01,EUR,none,True
6ee3f13d-4a27-422a-a9e6-25730e0c3a99,11111111,none,2025-07-27,Apple,none,-1.99,EUR,none,True
9ff8687c-8bba-48e0-a657-e43814bfceea,11111111,none,2025-07-27,Akira Asia Supermark 0,none,-6.0,EUR,none,True
d8c9c032-7f61-4817-9662-45a6e5186f09,11111111,none,2025-07-28,Top-up by *2094,none,150.0,EUR,none,True
e9127c72-b5d9-4b28-9f36-c50f3a6ec3d7,11111111,none,2025-07-28,To Flexible Cash Funds,none,-0.8,EUR,none,True
806c6134-b908-4698-88f4-b1e1f042d63f,11111111,none,2025-07-29,McDonald's,none,-19.2,EUR,none,True
5b3fcaae-60c6-4cd7-beff-a629fb590007,11111111,none,2025-07-30,To Flexible Cash Funds,none,-1.0,EUR,none,True
dfcec923-bb75-4cf2-94b5-b86f755f0bd1,11111111,none,2025-07-30,Maddens Bar,none,-12.0,EUR,none,True
28cf6155-bd9d-4356-98d8-a97cfd6e140a,11111111,none,2025-07-31,To Flexible Cash Funds,none,-0.29,EUR,none,True
caa9f9f8-e336-4bcc-a026-34c58fbec48a,11111111,none,2025-07-31,To Flexible Cash Funds,none,-0.35,EUR,none,True
6399b0e3-89a9-4f8a-8b6b-6f8cf8657d2b,11111111,none,2025-08-01,Dunnes Stores,none,-18.71,EUR,none,True
273e65a2-82e6-4d48-b020-17bb73176d7a,11111111,none,2025-08-01,ALDI,none,-13.65,EUR,none,True
78838494-fec1-4324-8ffb-4bc2f74c8360,11111111,none,2025-08-01,To Flexible Cash Funds,none,-0.22,EUR,none,True
8585a1d9-b10e-4863-b37c-f7e91711f990,11111111,none,2025-08-01,To Flexible Cash Funds,none,-0.25,EUR,none,True
c4518105-cf71-4102-8585-4ebf2df2d71c,11111111,none,2025-08-01,To Flexible Cash Funds,none,-0.85,EUR,none,True
522f5e93-fc27-4965-a426-9f11e98c9630,11111111,none,2025-08-02,PEPCO,none,-7.75,EUR,none,True
612af469-8ae6-480e-97d9-dee8f0a18ebb,11111111,none,2025-08-02,Dunnes Stores,none,-6.15,EUR,none,True
c85adf2c-a59c-46e3-887a-83c455916c6d,11111111,none,2025-08-02,Card World,none,-14.78,EUR,none,True
ce8b3f0b-1b16-440a-a323-125f7c1663d5,11111111,none,2025-08-02,To Flexible Cash Funds,none,-1.0,EUR,none,True
3e2748cc-2e94-4228-86a1-6f17acde70b5,11111111,none,2025-08-03,Airwallet Laundry,none,-25.0,EUR,none,True
a56b249f-b273-4cb9-bd87-166cd25b3eef,11111111,none,2025-08-04,To Flexible Cash Funds,none,-0.33,EUR,none,True
13427e9b-2be5-4bd6-84c6-eaeb90bed4ab,11111111,none,2025-08-05,Dunnes Stores,none,-19.67,EUR,none,True
0a1716d5-f8d3-4002-a7d4-2b1a45e422ac,11111111,none,2025-08-05,To Flexible Cash Funds,none,-1.0,EUR,none,True
5c54262a-8553-41c1-b21c-028fa2facede,11111111,none,2025-08-05,Exchanged to EUR,none,122.37,EUR,none,True
3ac9e5c8-e979-4567-837b-e0eda05726bd,11111111,none,2025-08-06,Akira Asia Supermark 0,none,-6.0,EUR,none,True
c6f643ee-77c1-4206-8048-47fae8d5085b,11111111,none,2025-08-06,To Flexible Cash Funds,none,-0.5,EUR,none,True
07b8f6d6-9415-4bfb-80ee-07aec48bd649,11111111,none,2025-08-07,Forge Wood Fired Pizza,none,-21.5,EUR,none,True
0920db45-5977-4dc9-930d-f2578efbb332,11111111,none,2025-08-08,To Flexible Cash Funds,none,-1.0,EUR,none,True
1899b3b9-e59e-48ac-8938-0734ae03f95a,11111111,none,2025-08-09,PEPCO,none,-2.0,EUR,none,True
4f378265-3776-4759-aeeb-4f2d3ea80ab5,11111111,none,2025-08-09,To Flexible Cash Funds,none,-0.76,EUR,none,True
bf32cb0d-1d95-4fcb-822b-c80ce0d4e85a,11111111,none,2025-08-09,To Flexible Cash Funds,none,-1.0,EUR,none,True
4161e0b2-856e-4dc3-ba6b-57142e2aa518,11111111,none,2025-08-09,To Flexible Cash Funds,none,-0.3,EUR,none,True
75039e13-4dc2-4db1-821c-49b307949c19,11111111,none,2025-08-09,To Flexible Cash Funds,none,-0.5,EUR,none,True
b873b599-a299-4529-9528-3410a5bf1bf4,11111111,none,2025-08-10,Akira Asia Supermarket,none,-14.7,EUR,none,True
3fa15e60-616c-4d86-a371-e32a9c3f0bb7,11111111,none,2025-08-10,Sparks Of Joy,none,-4.0,EUR,none,True
ac9f200b-948c-4b3b-a50d-0347def9b48e,11111111,none,2025-08-10,Dunnes Stores,none,-22.24,EUR,none,True
8a34c4af-ce2e-4c4a-a032-f4b5fd229c53,11111111,none,2025-08-10,Transfer to PAN LI,none,-18.98,EUR,none,True
9481b947-f531-4837-a252-31d4e499f0b9,11111111,none,2025-08-10,Exchanged to EUR,none,171.47,EUR,none,True
463c6fff-7699-4dd5-ae45-3c8ceb31dba4,11111111,none,2025-08-10,To Flexible Cash Funds,none,-0.61,EUR,none,True
c329e738-cfef-46cb-8728-bb745b839374,11111111,none,2025-08-11,To Flexible Cash Funds,none,-50.0,EUR,none,True
4a9e8d5a-0456-4928-a6a3-6fcb8cd7aa41,11111111,none,2025-08-11,Booking.com,none,-96.39,EUR,none,True
33ef2923-3ac1-4c3e-878a-8e32a434ef6a,11111111,none,2025-08-11,Roundy's Bar,none,-9.5,EUR,none,True
3d06cc6d-418b-4868-9699-9ceac6b2b455,11111111,none,2025-08-11,To Flexible Cash Funds,none,-1.0,EUR,none,True
d0eddc5d-c0aa-40eb-9da9-820b9ae7dc1e,11111111,none,2025-08-11,To Flexible Cash Funds,none,-0.5,EUR,none,True
e40a5ed9-d9dc-49bc-9224-6325ca3a9a7d,11111111,none,2025-08-12,Akira Asia Supermark 0,none,-6.0,EUR,none,True
6c5bdd26-2d6e-4a71-9c64-81888daf6dd7,11111111,none,2025-08-12,Akira Asia Supermarket,none,-3.5,EUR,none,True
9f494a75-9678-4acd-b0c9-f15970cb4001,11111111,none,2025-08-13,Transfer to MALDRIT X,none,-18.0,EUR,none,True
ab0ab687-7e62-4421-9579-5f9a765467c6,11111111,none,2025-08-14,Exchanged to EUR,none,200.0,EUR,none,True
24dd8860-194a-4e7a-ade2-4cb945a2e5bf,11111111,none,2025-08-14,To Flexible Cash Funds,none,-143.95,EUR,none,True
3e487999-618f-4a4a-a86d-88bbbe39a14e,11111111,none,2025-08-14,To Flexible Cash Funds,none,-50.0,EUR,none,True
060968fc-10d0-471e-b292-61ff15a79884,11111111,none,2025-08-15,To Flexible Cash Funds,none,-0.3,EUR,none,True
b4d8ae7b-d0c9-4ab1-95ef-61b7562d15a7,11111111,none,2025-08-15,To Flexible Cash Funds,none,-0.28,EUR,none,True
7c03aca5-280a-4196-933b-06d0b1ea4a0b,11111111,none,2025-08-15,To Flexible Cash Funds,none,-1.0,EUR,none,True
23fe16a7-d43e-4369-83a4-d00e68036d08,11111111,none,2025-08-15,From Flexible Cash Funds,none,50.0,EUR,none,True
58ff3457-1b2d-41e9-a5b9-c4206d2f1d3c,11111111,none,2025-08-15,Transfer to PAN LI,none,-23.3,EUR,none,True
170f65c2-f51a-4191-a757-9bf8a571542c,11111111,none,2025-08-15,From Flexible Cash Funds,none,50.0,EUR,none,True
c9f21b45-b4cd-47b2-9425-5827bfa1a145,11111111,none,2025-08-15,To Flexible Cash Funds,none,-1.0,EUR,none,True
3788a685-7fc3-4597-bd1d-44bb3bae3b57,11111111,none,2025-08-15,Transfer from PAN LI,none,10.0,EUR,none,True
7d8755db-44a2-4390-9a12-d03cf1ccdbce,11111111,none,2025-08-15,From Flexible Cash Funds,none,100.0,EUR,none,True
5f91405f-b21d-4ceb-b019-f5c4cf679a86,11111111,none,2025-08-15,To Flexible Cash Funds,none,-0.19,EUR,none,True
8140024d-f57f-407d-a4a1-b9eebed6b2f9,11111111,none,2025-08-15,Transfer from KOK LYNN,none,16.0,EUR,none,True
0f2ddbcd-7afc-4a1b-8c6c-a7ebee32f0ad,11111111,none,2025-08-15,Transfer from PAN LI,none,15.97,EUR,none,True
153c603a-14dd-43bd-9271-6594ae8a5100,11111111,none,2025-08-15,Transfer from Yue Wen Ho,none,15.96,EUR,none,True
d78d998e-0070-429f-84be-2cd6caf2436e,11111111,none,2025-08-15,To Flexible Cash Funds,none,-0.5,EUR,none,True
478630f1-3f2b-4ef2-959d-9275d01e2019,11111111,none,2025-08-15,To Flexible Cash Funds,none,-1.0,EUR,none,True
080af61d-6e9d-4394-824b-8f04262e565a,11111111,none,2025-08-16,BAR 1661,none,-45.0,EUR,none,True
c0f65c90-08b7-4786-a681-0561de8953ef,11111111,none,2025-08-16,Beanhive Coffee,none,-15.7,EUR,none,True
95a9d803-14b8-41af-94b6-1298218c2038,11111111,none,2025-08-16,Bamax Upominki,none,-4.72,EUR,none,True
5b10f765-68a9-4046-be53-68e805515cc2,11111111,none,2025-08-16,M&L Chinese Restaurant,none,-95.81,EUR,none,True
c4173608-1fe2-4e2b-80d6-7061df88c73d,11111111,none,2025-08-16,Cool Hand Coffee Roasters,none,-15.0,EUR,none,True
0d60ba72-7609-45d1-ba59-7a72e5caa528,11111111,none,2025-08-16,To Flexible Cash Funds,none,-0.01,EUR,none,True
034cf9e2-d9ce-4517-857f-b2c37186afc4,11111111,none,2025-08-16,To Flexible Cash Funds,none,-0.02,EUR,none,True
1e21a6b3-c0c9-43b4-8db8-b4f8697c74cc,11111111,none,2025-08-16,Musashi Noodles & Sushi BAR,none,-20.0,EUR,none,True
69a63b1d-41c4-4715-9da8-92845779630b,11111111,none,2025-08-16,Centra,none,-4.5,EUR,none,True
b1081753-8b95-4b28-bbf9-c8fce82acdf3,11111111,none,2025-08-16,Transfer to KOK LYNN,none,-32.0,EUR,none,True
250b3c62-79fb-4d78-9fa4-349d4786889a,11111111,none,2025-08-16,Transfer from Leong M,none,10.0,EUR,none,True
9d57741d-f409-40d8-b74d-d9ef1c92bf4e,11111111,none,2025-08-16,To Flexible Cash Funds,none,-0.2,EUR,none,True
b17e398b-bd1f-4867-9a6d-58943ebb9288,11111111,none,2025-08-16,To Flexible Cash Funds,none,-0.5,EUR,none,True
b4f03e65-788e-479a-82d3-e2c448242ef2,11111111,none,2025-08-17,Too Good To Go,none,-3.99,EUR,none,True
73c483cc-9d98-4fbc-bfbf-c2cac83a5020,11111111,none,2025-08-17,Chemist Warehouse,none,-8.98,EUR,none,True
ab929173-b4fa-4029-8b08-c69b50bc73df,11111111,none,2025-08-17,Tea Time,none,-6.8,EUR,none,True
61b6736b-784f-4fb0-8078-050b06c05a20,11111111,none,2025-08-17,To Flexible Cash Funds,none,-0.9,EUR,none,True
a067d5de-e0d0-47a9-abde-4f65c837582f,11111111,none,2025-08-17,To Flexible Cash Funds,none,-1.0,EUR,none,True
cb33573a-0a01-4625-a8cb-04c2beb04019,11111111,none,2025-08-17,From Flexible Cash Funds,none,50.0,EUR,none,True
0ffd434f-2818-4196-b2cc-03d661fdea12,11111111,none,2025-08-18,Rose Garden Restaurant,none,-16.5,EUR,none,True
e83a7f38-ff00-45aa-a5b7-e839aa00d326,11111111,none,2025-08-18,Dunnes Stores,none,-4.1,EUR,none,True
42e3db8f-cb14-420d-aff3-6e0bff3a5d6a,11111111,none,2025-08-18,Dinky Donuts,none,-7.0,EUR,none,True
7bb86649-9f5f-41ca-bd0f-ca983443d2af,11111111,none,2025-08-18,To Flexible Cash Funds,none,-1.0,EUR,none,True
94fc02ac-32bb-4fa6-aa34-8b62830d8dcc,11111111,none,2025-08-18,To Flexible Cash Funds,none,-0.15,EUR,none,True
b22f960a-d7bd-48c5-8960-c3f816cbbb4d,11111111,none,2025-08-19,Lidl,none,-24.85,EUR,none,True
e1ff3eac-a83b-4a60-b2f0-cec4875a1ff8,11111111,none,2025-08-19,Airwallet Laundry,none,-25.0,EUR,none,True
6bc046df-19a1-49ba-8350-81ef008c14eb,11111111,none,2025-08-20,From Flexible Cash Funds,none,25.0,EUR,none,True
c9676230-aa18-481d-abcb-88971d1575af,11111111,none,2025-08-20,To Flexible Cash Funds,none,-0.63,EUR,none,True
4b3c4897-e04c-46eb-bf3a-3fafe91fe675,11111111,none,2025-08-20,Top-up by *2094,none,30.0,EUR,none,True
74d172e6-784d-4f47-9407-7f3cf4e7d24b,11111111,none,2025-08-21,Dunnes Stores,none,-30.37,EUR,none,True
d87717ba-925a-4972-b985-92e920c1bf10,11111111,none,2025-08-22,To Flexible Cash Funds,none,-0.76,EUR,none,True
db865757-0110-400a-b612-643669f399b8,11111111,none,2025-08-23,SuperValu,none,-4.24,EUR,none,True
27330808-b7c8-4ce7-a1f1-21dbf6370840,11111111,none,2025-08-24,Google Pay top-up by *8806,none,50.0,EUR,none,True
633cf0dd-3ad6-40b7-b455-93fa5a604204,11111111,none,2025-08-24,To Flexible Cash Funds,none,-0.1,EUR,none,True
2ac6a124-387c-4cab-a156-4f93de4b07b9,11111111,none,2025-08-25,Quinlans Fish Shops &,none,-39.9,EUR,none,True
7ceb3b3e-8007-4454-9934-6633e597098e,11111111,none,2025-08-25,Open banking top-up,none,50.0,EUR,none,True
97df8d9f-941c-4c71-949e-2f9056781704,11111111,none,2025-08-25,To Flexible Cash Funds,none,-1.0,EUR,none,True
b7ea1f27-bd60-4f92-8d50-ae56c807c5fc,11111111,none,2025-08-26,Transport for Ireland - TFI,none,-20.0,EUR,none,True
8a739fc9-e429-4f9e-bae4-d04baa7f5234,11111111,none,2025-08-26,To Flexible Cash Funds,none,-0.34,EUR,none,True
9216317f-3a5a-4307-aae8-7464b6bf211c,11111111,none,2025-08-27,Dunnes Stores,none,-35.66,EUR,none,True
52b78bcb-1934-46fa-aa20-bf2e62df5f1f,11111111,none,2025-08-28,To Flexible Cash Funds,none,-0.1,EUR,none,True
51ee1a03-f249-4e8d-80e8-e434ec4e3178,11111111,none,2025-08-28,To Flexible Cash Funds,none,-0.01,EUR,none,True
4fe02b86-c61e-4025-82b0-df7f21084b15,11111111,none,2025-08-29,Too Good To Go,none,-3.99,EUR,none,True
071ec926-69d3-49d8-961d-5fe393d4ffd4,11111111,none,2025-08-29,Butlers Chocolates,none,-11.9,EUR,none,True
01588d6f-2b49-40d4-8778-58b1f00b9626,11111111,none,2025-08-29,Top-up by *2094,none,150.0,EUR,none,True
0bd9cf97-c6a9-43ee-b719-723b13dc0d8d,11111111,none,2025-08-29,Top-up by *2094,none,150.0,EUR,none,True
99761bec-d2b0-4bda-8327-5baf06a1142f,11111111,none,2025-08-29,To Flexible Cash Funds,none,-150.0,EUR,none,True
40f3f55f-4ebf-4c05-aab9-96cecce257db,11111111,none,2025-08-29,To Flexible Cash Funds,none,-50.0,EUR,none,True
a47cc828-6f7e-43da-8cec-b20527369c3c,11111111,none,2025-08-31,To Flexible Cash Funds,none,-0.37,EUR,none,True
44a04d33-f86a-4478-9ede-2c08107141f7,11111111,none,2025-09-01,To Flexible Cash Funds,none,-0.2,EUR,none,True
ae642735-eebc-4fd4-9ecf-95e3983b5e06,11111111,none,2025-09-01,Dunnes Stores,none,-41.63,EUR,none,True
3b515458-9b44-4054-996e-627f49932c63,11111111,none,2025-09-02,Zambrero,none,-9.8,EUR,none,True
2152ceff-e853-47b4-b4d6-f1113943ccd9,11111111,none,2025-09-03,Transfer to DARRAGH J,none,-6.5,EUR,none,True
245f9530-ec73-4c6c-8b92-b3008c10510f,11111111,none,2025-09-03,Transfer to WAN KEW,none,-14.0,EUR,none,True
b65f3eac-9668-4b9f-97a2-043c72150b11,11111111,none,2025-09-04,To Flexible Cash Funds,none,-0.1,EUR,none,True
4c7ed5c6-63e1-451c-8ec9-57df4333e3ed,11111111,none,2025-09-05,Gallys Bar & Restaurant,none,-16.9,EUR,none,True
a3882792-a3cd-43c0-88e0-d21629394ee0,11111111,none,2025-09-05,To Flexible Cash Funds,none,-1.0,EUR,none,True
94cec577-60e5-4989-8cde-ff1d61fc98ba,11111111,none,2025-09-06,Smash'd,none,-10.0,EUR,none,True
4234505d-a3ad-46c4-a895-4c78944aac9a,11111111,none,2025-09-07,From Flexible Cash Funds,none,10.0,EUR,none,True
abb32ffc-c298-48d2-bab7-a84318eef0d0,11111111,none,2025-09-07,From Flexible Cash Funds,none,30.0,EUR,none,True
3bd6994b-12d7-48f4-92e1-d603745d0577,11111111,none,2025-09-07,To Flexible Cash Funds,none,-0.1,EUR,none,True
a80672a5-0cec-4747-ab05-d9c64a6a440e,11111111,none,2025-09-08,Rustic Boowa,none,-11.9,EUR,none,True
9e275d95-46e9-425d-9d04-c57d1f137fbe,11111111,none,2025-09-09,Top-up by *2094,none,500.0,EUR,none,True
71218329-4032-4360-ae6b-6e7ef0b4c5b1,11111111,none,2025-09-09,To Flexible Cash Funds,none,-1.0,EUR,none,True
2266a23b-c83b-450d-b481-6691b3cb0cdb,11111111,none,2025-09-09,From Flexible Cash Funds,none,150.0,EUR,none,True
bd7e1c5d-1092-4290-8c04-19572c7ac48f,11111111,none,2025-09-09,To Flexible Cash Funds,none,-300.0,EUR,none,True
dd7724f9-8f50-4210-a1a8-2337cd3e6035,11111111,none,2025-09-09,From Flexible Cash Funds,none,150.0,EUR,none,True
9bd5865f-1774-4c03-8480-80a2c7388022,11111111,none,2025-09-09,To investment account,none,-150.0,EUR,none,True
a4c3d573-1831-4d77-bafe-87b2b80344c1,11111111,none,2025-09-10,Department of Justice,none,-300.0,EUR,none,True
d75aaae0-6751-49a2-ad57-87a1235f3ad0,11111111,none,2025-09-10,To Flexible Cash Funds,none,-1.0,EUR,none,True
d442cd92-1927-441e-b9c8-24d79eb263d9,11111111,none,2025-09-10,To Flexible Cash Funds,none,-0.6,EUR,none,True
a6ac5647-e1f1-489c-b111-0b4779e88cd0,11111111,none,2025-09-11,Terrys,none,-5.0,EUR,none,True
08d5bf99-0845-4c50-95d4-e7d19d28690f,11111111,none,2025-09-11,Lidl,none,-19.4,EUR,none,True
dd8ed365-e376-4157-8900-d64859eea388,11111111,none,2025-09-13,To Flexible Cash Funds,none,-0.3,EUR,none,True
8bede4ea-8590-44ac-832b-c99b055a8e79,11111111,none,2025-09-13,To Flexible Cash Funds,none,-0.7,EUR,none,True
0b18fdf5-b9a6-40a8-91d3-f53f432ac5f1,11111111,none,2025-09-14,Akira Asia Supermarket,none,-32.3,EUR,none,True
6bf80ebd-9e34-4aa9-be1d-3468c6be09a0,11111111,none,2025-09-14,Dunnes Stores,none,-25.7,EUR,none,True
e714f495-8b98-43ae-95ca-81f5e3c33709,11111111,none,2025-09-14,From Flexible Cash Funds,none,100.0,EUR,none,True
74d6a806-3614-4c03-80d0-bd5bb3e55873,11111111,none,2025-09-14,To Flexible Cash Funds,none,-1.0,EUR,none,True
41ecc381-bd96-43bd-b0ba-3afe993da77b,11111111,none,2025-09-15,Sp Whack Vintage,none,-80.0,EUR,none,True
4bf5de20-442c-4963-969b-6fa5886395ab,11111111,none,2025-09-15,To Flexible Cash Funds,none,-1.0,EUR,none,True
55a92db0-92a1-4d84-8952-fc6ec079575f,11111111,none,2025-09-15,From Flexible Cash Funds,none,50.0,EUR,none,True
82edb8d4-77f8-40a8-8a3e-2f853472820c,11111111,none,2025-09-16,Airwallet Laundry,none,-10.0,EUR,none,True
aa5a5e0b-fbcb-44be-b7b3-9fe135593f5e,11111111,none,2025-09-16,To Flexible Cash Funds,none,-0.5,EUR,none,True
edd61893-d886-4cb1-a050-64f66142c76f,11111111,none,2025-09-17,Rose Garden Restaurant,none,-7.5,EUR,none,True
7c0c088c-cf85-4b5a-b903-5deed97ea72c,11111111,none,2025-09-17,To Flexible Cash Funds,none,-0.5,EUR,none,True
e7d0aed3-2816-4420-9003-2e56cf592204,11111111,none,2025-09-18,Kingdom Store,none,-6.5,EUR,none,True
d8ceb0f3-395d-411a-a7c1-0901c72f3844,11111111,none,2025-09-20,To Flexible Cash Funds,none,-0.5,EUR,none,True
28abb860-5e0c-4bb7-af3d-a906006b7823,11111111,none,2025-09-20,To Flexible Cash Funds,none,-0.15,EUR,none,True
6a7ef5c8-1435-439a-8217-03e9eb1fecbb,11111111,none,2025-09-20,From Flexible Cash Funds,none,22.0,EUR,none,True
7dedc2ae-268e-4e1a-bb7b-d9ac412e5aab,11111111,none,2025-09-21,Maddens Bar,none,-8.5,EUR,none,True
49709e7d-a260-4011-b45a-2f5098971979,11111111,none,2025-09-21,Dunnes Stores,none,-33.85,EUR,none,True
f3fc5263-627e-492c-a33e-3d1ba847e70e,11111111,none,2025-09-22,To Flexible Cash Funds,none,-1.0,EUR,none,True
a6bef981-ad96-41da-9506-08e92d4a16dd,11111111,none,2025-09-22,To Flexible Cash Funds,none,-1.0,EUR,none,True
0d152651-28ca-47cc-bad3-ded2480920f4,11111111,none,2025-09-23,Top-up by *2094,none,50.0,EUR,none,True
35217bc0-7cf4-4f2b-bd10-5c640e93414b,11111111,none,2025-09-23,Transport for Ireland - TFI,none,-10.0,EUR,none,True
0b479187-24d8-45f0-9bf5-fb50e4706ac8,11111111,none,2025-09-23,Akira Asia Supermark 0,none,-6.0,EUR,none,True
d9b15d60-d78f-4ba7-b6a4-375ff10ac439,11111111,none,2025-09-23,To Flexible Cash Funds,none,-1.0,EUR,none,True
a5e91a66-530f-4129-a525-6c1d9626a007,11111111,none,2025-09-24,To Flexible Cash Funds,none,-0.7,EUR,none,True
2dbfac46-282a-442f-a9b1-b611be0372c8,11111111,none,2025-09-24,Transport for Ireland - TFI,none,-10.0,EUR,none,True
d9ed5fd7-4646-40ca-bfd8-1bee3cd679eb,11111111,none,2025-09-24,Transport for Ireland - TFI,none,10.0,EUR,none,True
334567c7-8ff6-4d1a-8742-ec2c38500108,11111111,none,2025-09-24,To Flexible Cash Funds,none,-1.0,EUR,none,True
509ead82-1b31-4904-a4db-4f54413bbe75,11111111,none,2025-09-25,Spar,none,-7.3,EUR,none,True
178894d4-83d0-43b0-8bec-814545791e7f,11111111,none,2025-09-26,Early credit grant,none,100.0,EUR,none,True
dbafd1a8-5ca9-4df8-bcf8-c4e6f19789e7,11111111,none,2025-09-26,To Flexible Cash Funds,none,-92.13,EUR,none,True
69d0e7c3-7b92-4dad-9635-61b279fafdfc,11111111,none,2025-09-26,Open banking top-up,none,3000.0,EUR,none,True
c6e7ffaf-a8ed-479a-9612-acbd6c0c22da,11111111,none,2025-09-26,Transfer to PAN LI,none,-4.6,EUR,none,True
f95054ac-64ad-410e-9600-50c0d65c1437,11111111,none,2025-09-26,To Flexible Cash Funds,none,-3000.0,EUR,none,True
56379112-1ad8-4d56-86ed-c12fefc556ec,11111111,none,2025-09-26,The Blasket Bar,none,-6.0,EUR,none,True
b62f8b52-f45e-4f94-b3a0-eb587322fdbb,11111111,none,2025-09-26,From Flexible Cash Funds,none,100.0,EUR,none,True
c62cd3fe-97a6-477d-b20a-0923f13b5e93,11111111,none,2025-09-26,To Flexible Cash Funds,none,-0.01,EUR,none,True
6bdaa84f-3c74-4b74-b7d4-ccbf20b61323,11111111,none,2025-09-27,Currys,none,-99.99,EUR,none,True
814f7ffa-bf76-4ed9-b91b-02bc4fda7c37,11111111,none,2025-09-27,To Flexible Cash Funds,none,-0.6,EUR,none,True
14485879-4871-4a0e-98d6-40d8409e5991,11111111,none,2025-09-27,To Flexible Cash Funds,none,-0.43,EUR,none,True
6964b3e6-ca3a-4e04-9179-5a26e03e8f4c,11111111,none,2025-09-27,From Flexible Cash Funds,none,50.0,EUR,none,True
c9484598-b056-47de-a8df-1636aaae1ba9,11111111,none,2025-09-27,To Flexible Cash Funds,none,-0.09,EUR,none,True
49cd692e-5884-4b39-a474-48e08df31a8c,11111111,none,2025-09-27,To Flexible Cash Funds,none,-1.0,EUR,none,True
3059b5b2-6973-4362-af6d-95f70a3a9607,11111111,none,2025-09-27,From Flexible Cash Funds,none,100.0,EUR,none,True
0ff884bf-ae91-4526-8bef-dc8cdf275a20,11111111,none,2025-09-27,To Flexible Cash Funds,none,-0.02,EUR,none,True
1d1b141c-9b39-4764-88ef-3f85741b3484,11111111,none,2025-09-28,Maddens Bar,none,-12.4,EUR,none,True
33d72db8-4ac7-4a52-b368-9d325b4f64b7,11111111,none,2025-09-28,TK Maxx,none,-59.98,EUR,none,True
af8e5273-dec6-4289-895a-dfedf62656b2,11111111,none,2025-09-28,Dunnes Stores,none,-21.57,EUR,none,True
615f42a8-215c-4ec5-9313-c94e3a5c75c5,11111111,none,2025-09-28,Dunnes Stores,none,-21.91,EUR,none,True
173efc5f-ac1d-4024-a1e6-9351d7fd96c1,11111111,none,2025-09-28,Airwallet Laundry,none,-13.0,EUR,none,True
6f8689e8-db0c-4921-83c1-bae730039614,11111111,none,2025-09-28,To Flexible Cash Funds,none,-0.01,EUR,none,True
f3998e7d-1ac8-41b5-9796-7628984c5d6b,11111111,none,2025-09-28,To Flexible Cash Funds,none,-1.0,EUR,none,True
175f28c7-889a-445d-88eb-ad515d668ca1,11111111,none,2025-09-28,From Flexible Cash Funds,none,1000.0,EUR,none,True
18064680-57f3-4b9c-bb6f-de5668c9dd49,11111111,none,2025-09-28,To Trading 212 Markets Limited,none,-10.0,EUR,none,True
e3bae1ee-03bf-4b9e-b51c-b5533a6e6b2d,11111111,none,2025-09-28,To Trading 212 Markets Limited,none,-1000.0,EUR,none,True
2f3e090d-4131-4ae5-85f2-a0fe62f003de,11111111,none,2025-09-29,Too Good To Go,none,-5.99,EUR,none,True
ee4afdd7-73f9-4523-8c56-af19db3d45ba,11111111,none,2025-09-29,Rustic Boowa,none,-13.0,EUR,none,True
aa8ac454-5052-4101-ba2a-de7485b18c59,11111111,none,2025-09-29,From Flexible Cash Funds,none,1000.0,EUR,none,True
57815cd2-4a15-468e-a8ad-f3f5729b3417,11111111,none,2025-09-29,To Redcliff Investments Ltd,none,-1000.0,EUR,none,True
8df0343d-f50e-49c6-a1a8-f7f0a122e48a,11111111,none,2025-09-29,Google Pay top-up by *8806,none,322.18,EUR,none,True
28592c02-deea-44ca-9366-b669eb744998,11111111,none,2025-09-29,To Trading 212 Markets Limited,none,-100.0,EUR,none,True
47779bdb-a88d-41ca-9310-2de0242e3d60,11111111,none,2025-09-29,From Flexible Cash Funds,none,256.58,EUR,none,True
fc0d586a-8bad-474e-b0e5-e9aaea9be139,11111111,none,2025-09-29,To Flexible Cash Funds,none,-513.16,EUR,none,True
a5652a90-ef86-4bca-b7a5-5c66676be8ca,11111111,none,2025-09-29,Payment from TRADING 212 MARKETS LTD,none,10.0,EUR,none,True
485d2531-57e6-40e2-8213-93badea00046,11111111,none,2025-09-29,From Flexible Cash Funds,none,500.0,EUR,none,True
fb4c3176-ae79-459d-857b-e55e9eda404f,11111111,none,2025-09-29,To H.L. O,none,-500.0,EUR,none,True
a396a2cf-de0d-48f8-b975-e26bee82c033,11111111,none,2025-09-29,From Flexible Cash Funds,none,40.0,EUR,none,True
98d06c09-32d6-44e3-8aec-1a0f68236020,11111111,none,2025-09-29,From Flexible Cash Funds,none,567.35,EUR,none,True
fb526c96-e9d2-4350-92da-727535a4273e,11111111,none,2025-09-29,To H.L. O,none,-517.35,EUR,none,True
4a4941ba-7f82-48fc-be5b-163074b02a54,11111111,none,2025-09-29,To Flexible Cash Funds,none,-100.0,EUR,none,True
ec563d21-95b2-41f7-8230-41e7ef972548,11111111,none,2025-09-30,From investment account,none,3.21,EUR,none,True
36e2896a-0ad7-41c5-a8cc-9b849596e63f,11111111,none,2025-09-30,To Flexible Cash Funds,none,-3.21,EUR,none,True
49478320-1c77-48ae-90ad-2a2380f123b4,11111111,none,2025-10-02,From Flexible Cash Funds,none,10.0,EUR,none,True
81baa61a-ed7c-4932-8512-2363bdd717e8,11111111,none,2025-10-02,To Flexible Cash Funds,none,-10.0,EUR,none,True
056cbf88-ccaf-42f3-858c-0546dbe87f0f,11111111,none,2025-10-03,From Flexible Cash Funds,none,50.0,EUR,none,True
30bfff4b-d69f-4a5e-bed5-971e2be258e8,11111111,none,2025-10-03,To Flexible Cash Funds,none,-0.16,EUR,none,True
8e42249f-49fb-409b-9093-e2fd7f254974,11111111,none,2025-10-06,To H.L. O,none,-20.0,EUR,none,True
0622a820-6b9a-4879-b45a-94b2a95fd6fd,11111111,none,2025-10-06,From Flexible Cash Funds,none,12.0,EUR,none,True
63fa10b3-1d80-4ac6-aaba-e71ea18d65a2,11111111,none,2025-10-06,To Flexible Cash Funds,none,-24.0,EUR,none,True
267aa556-939e-488f-b5a1-b1ed203200e5,11111111,none,2025-10-06,Amazon,none,-17.84,EUR,none,True
7d38e9eb-4e37-4e0b-a2af-a39b6300e17c,11111111,none,2025-10-09,From Flexible Cash Funds,none,25.0,EUR,none,True
26d5bf38-3851-43b1-8aee-de4bd3ea404a,11111111,none,2025-10-23,From Flexible Cash Funds,none,25.0,EUR,none,True
e201f50a-1bdf-427c-bef7-de586f0db2cc,11111111,none,2025-10-23,To Flexible Cash Funds,none,-1.0,EUR,none,True
c6e68a80-259c-4c48-a0b0-3cc4708db193,11111111,none,2025-10-24,Phelanconan,none,-40.0,EUR,none,True
e5dbe0a8-3f12-427f-abcf-603be7de7121,11111111,none,2025-10-24,Exchanged to EUR,none,171.96,EUR,none,True
2a436ad9-5f06-4bcf-aacb-1366f054f495,11111111,none,2025-10-24,To Flexible Cash Funds,none,-180.96,EUR,none,True
c1a1dcb4-851b-4c92-803c-0dbdf5621dd8,11111111,none,2025-10-24,From Flexible Cash Funds,none,147.4,EUR,none,True
07bf7fdf-2f9c-4129-9804-4884c11c3f8b,11111111,none,2025-10-24,To Trading 212 Markets Limited,none,-147.4,EUR,none,True
34efd2ca-5a1c-4fc4-aebe-21386a2bd224,11111111,none,2025-10-27,From Flexible Cash Funds,none,50.0,EUR,none,True
e86e970d-a387-4fed-9948-da19bb2cba36,11111111,none,2025-10-30,Google Pay top-up by *8806,none,3154.75,EUR,none,True
f07dc5e9-abcd-4902-91ce-79758a27d056,11111111,none,2025-10-30,To Trading 212 Markets Limited,none,-1500.0,EUR,none,True
644ff951-7cec-4e20-bbcf-d7af1b9591f4,11111111,none,2025-10-30,To H.L. O,none,-500.0,EUR,none,True
81abc706-a74c-42fc-94bb-9279d88c2b4a,11111111,none,2025-10-30,To Flexible Cash Funds,none,-1100.0,EUR,none,True
d901d270-42cd-4b68-95f8-41e9a84b1aa8,11111111,none,2025-10-30,From Flexible Cash Funds,none,1100.0,EUR,none,True
2c8625d0-1534-485f-b9dc-ba5cc361a964,11111111,none,2025-10-30,To H.L. O,none,-1104.75,EUR,none,True
67c0e969-cdc4-4f4d-adf0-c8315126b664,11111111,none,2025-10-30,To Flexible Cash Funds,none,-85.01,EUR,none,True
38656695-05bb-4fc7-b631-ea180a40605e,11111111,none,2025-11-01,To Flexible Cash Funds,none,-0.3,EUR,none,True
80c33e0d-ce55-4f26-b3a0-e277834f74bb,11111111,none,2025-11-01,From Flexible Cash Funds,none,10.0,EUR,none,True
9d70491a-7127-403a-ac42-0a3e4b50f5b3,11111111,none,2025-11-01,From Flexible Cash Funds,none,20.0,EUR,none,True
6462f398-5913-4820-ae15-d174dd1ab924,11111111,none,2025-11-01,To Flexible Cash Funds,none,-0.1,EUR,none,True
220a20ec-61f8-446a-bdb6-ffde094cc4cb,11111111,none,2025-11-02,Maddens Bar,none,-8.7,EUR,none,True
36277ef4-7d0a-46e6-801c-4756b842f8ff,11111111,none,2025-11-03,Omniplex,none,-19.9,EUR,none,True
8702356a-1d96-41b7-893f-40200b95485d,11111111,none,2025-02-13,To Instant Access Savings,none,2.0,EUR,none,True
8718ef77-bf8b-45c9-97c3-1986edb1ac30,11111111,none,2025-02-13,From Instant Access Savings,none,-1.0,EUR,none,True
687cd8be-1c77-4456-94e6-3712ea860177,11111111,none,2025-07-02,From Instant Access Savings,none,-1.0,EUR,none,True
2c108f9e-82b0-405b-a7a5-4f27e99d4e97,11111111,none,2025-07-03,Closing transaction,none,0.0,EUR,none,True
