transaction_id,account_id,category_id,date,merchant_name,description,amount,currency_code,payment_channel,pending
6cd38e2a-cdda-431a-a661-36567f171a14,000000 - 00000111,none,2023-11-06,VDP-ALIEXPRESS.COM,none,-43.44,EUR,none,False
fac99a21-2853-40a3-81e7-1db4107cc058,000000 - 00000111,none,2023-11-06,VDP-Zara.com,none,-8.94,EUR,none,False
dcfb6d9c-ad4c-4107-9052-67c820041fac,000000 - 00000111,none,2023-11-07,VDP-IT TRALEE SERV,none,-95.0,EUR,none,False
de005bc4-54b7-44a5-8a19-e7c9c1cd8c76,000000 - 00000111,none,2023-11-07,VDC-IT TRALEE NORT,none,-4.6,EUR,none,False
90e1b3db-01d4-4a83-b179-45840489d9b9,000000 - 00000001,none,2023-11-07,VDP-IT TRALEE SERV,none,-95.0,EUR,none,False
201f8237-a239-4d7f-b1b8-7cff1e80a75c,000000 - 00000111,none,2023-11-08,VDC-IT TRALEE NORT,none,-5.6,EUR,none,False
0f926bb0-dcac-4c3a-a207-c82e389d1f74,000000 - 00000111,none,2023-11-10,VDC-LIDL IRELAND L,none,-20.32,EUR,none,False
f731d500-5272-45ca-ac94-94bfd34e5ac0,000000 - 00000111,none,2023-11-10,VDC-IT TRALEE NORT,none,-1.75,EUR,none,False
d4528760-0d47-427e-b855-c2fcad603766,000000 - 00000111,none,2023-11-10,VDC-IT TRALEE NORT,none,-1.6,EUR,none,False
2ef466b0-988c-4aa8-b3b3-2d7795e46607,000000 - 00000111,none,2023-11-10,VDC-IT TRALEE NORT,none,-1.4,EUR,none,False
d167c902-f7db-407d-86d9-2d81d55a5725,000000 - 00000111,none,2023-11-13,VDC-PEPCO 1624,none,-3.25,EUR,none,False
fe27e9df-827f-4830-9efd-a3332fb78c92,000000 - 00000111,none,2023-11-13,VDC-LIDL IRELAND L,none,-3.44,EUR,none,False
47ea698b-9a1d-437f-81f3-362d39833cc7,000000 - 00000111,none,2023-11-13,VDC-IT TRALEE NORT,none,-1.75,EUR,none,False
4c3268fd-5819-43fb-ab3e-8c19d9978920,000000 - 00000111,none,2023-11-13,VDC-DUNNES TRALEE,none,-2.0,EUR,none,False
df823f90-2db5-494a-a0e3-d564c569e7b2,000000 - 00000111,none,2023-11-15,VDC-IT TRALEE NORT,none,-1.75,EUR,none,False
3ecb3bcc-9821-4215-ab43-daa3cf475668,000000 - 00000111,none,2023-11-15,T00000044,SCHOLARSHIP,0.0,EUR,none,False
ab066671-9afe-4f04-a92f-396586609487,000000 - 00000001,none,2023-11-15,T00000022,SCHOLARSHIP,0.0,EUR,none,False
ed31d481-aa2e-4fb5-bf76-28e8bbd549e3,000000 - 00000111,none,2023-11-16,VDC-IT TRALEE NORT,none,-1.7,EUR,none,False
bb6adbe4-d553-467e-9b66-a892fdcc57ee,000000 - 00000111,none,2023-11-16,VDC-IT TRALEE NORT,none,-2.35,EUR,none,False
bf2a775d-d615-4726-9b79-b4cc1b2616f1,000000 - 00000111,none,2023-11-16,VDC-LIDL IRELAND L,none,-7.48,EUR,none,False
260db969-0908-4a64-8ac1-e77c3ef10a86,000000 - 00000001,none,2023-11-17,VDP-PEPCO 1624,none,-2.0,EUR,none,False
02f5c08c-ed77-4b4a-a5ad-7a940220d842,000000 - 00000111,none,2023-11-17,VDC-LIDL IRELAND L,none,-2.35,EUR,none,False
d74b492d-1f0c-48cb-9fb0-d0ea406c72b0,000000 - 00000111,none,2023-11-20,VDP-SHEIN.COM,none,-54.96,EUR,none,False
b045e36d-6aa9-4386-b703-166d8fc4f77c,000000 - 00000111,none,2023-11-20,VDP-SP DIESEL ONLI,none,-80.96,EUR,none,False
3955f668-e5f3-473c-ba5b-3c7a9862a7a0,000000 - 00000111,none,2023-11-20,VDC-IT TRALEE NORT,none,-2.2,EUR,none,False
e4843a29-109a-4ae6-b426-80a353fd32de,000000 - 00000111,none,2023-11-20,VDC-LIDL IRELAND L,none,-6.82,EUR,none,False
2aababa9-d4e7-4ba3-91ef-ef76e123e094,000000 - 00000001,none,2023-11-20,*MOBI  TOP-UP,000000007,-20.0,EUR,none,False
39d60be0-1ec5-4b79-a216-7ec7400b7544,000000 - 00000001,none,2023-11-20,VDP-GARVEYS SUPERV,none,-4.38,EUR,none,False
d4c3f4c1-aaf5-4b33-add2-8a4513827611,000000 - 00000001,none,2023-11-20,ATM TRALEE   B,18NOV23 TIME 15:22,0.0,EUR,none,False
5e9631fa-09ab-4f07-879d-bcb5064e3232,000000 - 00000111,none,2023-11-21,VDC-IT TRALEE NORT,none,-3.1,EUR,none,False
292a38ac-f389-4c6b-98dc-a3acca56e33e,000000 - 00000111,none,2023-11-21,VDC-UGLY MUG CAFE,none,-3.8,EUR,none,False
66031ebc-80ff-48ef-bd2d-2853aafbee91,000000 - 00000001,none,2023-11-21,VDP-PEPCO 1624,none,-3.0,EUR,none,False
07c97256-9981-4ed4-8827-9099a07983a0,000000 - 00000111,none,2023-11-21,VDC-IT TRALEE NORT,none,-1.75,EUR,none,False
5bab70e0-579a-43d3-bbe8-fd4a235bc5f5,000000 - 00000111,none,2023-11-21,VDC-IT TRALEE NORT,none,-1.4,EUR,none,False
b3511797-e412-48ac-85a3-c1f92874da69,000000 - 00000111,none,2023-11-21,VDP-BOOZT,none,-74.95,EUR,none,False
7c153eb4-20f4-415e-aaea-97fcec9feec5,000000 - 00000001,none,2023-11-22,VDP-LIDL IRELAND L,none,-2.18,EUR,none,False
5702a1c2-fe81-48e9-b726-65221fae4314,000000 - 00000111,none,2023-11-22,VDC-IT TRALEE NORT,none,-1.6,EUR,none,False
f18ee5f8-4590-40ea-be22-7d62bd45faed,000000 - 00000111,none,2023-11-22,VDP-BOOZT,none,-172.5,EUR,none,False
1e0be747-0552-49a7-82c5-a6428ce9e7d1,000000 - 00000111,none,2023-11-22,VDC-LIDL IRELAND L,none,-22.09,EUR,none,False
4ea1c8dc-b0f3-485b-9678-a17c2ba833ad,000000 - 00000111,none,2023-11-22,VDC-IT TRALEE NORT,none,-1.7,EUR,none,False
81747ecf-fafe-4b74-a467-8009af3a2310,000000 - 00000111,none,2023-11-23,VDC-THE BLASKET BA,none,-10.0,EUR,none,False
688b7532-adb1-4d15-bd94-d2a191d64972,000000 - 00000111,none,2023-11-23,VDC-IT TRALEE NORT,none,-2.0,EUR,none,False
a259e762-fdc8-4f9c-a116-1784eba08bb9,000000 - 00000111,none,2023-11-24,VDC-GARVEYS SUPERV,none,-13.5,EUR,none,False
4319ebbd-6531-41a9-b1f1-26e8c5eeccbd,000000 - 00000111,none,2023-11-24,VDC-IT TRALEE NORT,none,-1.0,EUR,none,False
15dbdbab-43ce-4edb-a638-aaabd45a5677,000000 - 00000111,none,2023-11-24,VDC-DUNNES TRALEE,none,-2.25,EUR,none,False
84c8c291-5177-4476-89fc-30087ab3af85,000000 - 00000111,none,2023-11-24,VDC-LIDL IRELAND L,none,-1.29,EUR,none,False
355c497e-3869-4fc7-b971-a6afb3611d66,000000 - 00000111,none,2023-11-24,VDC-GARVEYS SUPERV,none,-2.1,EUR,none,False
83e59cfa-97f2-4541-badf-eae0bb003734,000000 - 00000111,none,2023-11-24,VDC-IT TRALEE NORT,none,-4.7,EUR,none,False
71bc4293-397e-41ef-9a4d-4872ad7172cc,000000 - 00000111,none,2023-11-27,VDC-ALDI 105 873,none,-0.89,EUR,none,False
5ec4f319-90d2-433c-a4e3-f6c680ce60ab,000000 - 00000111,none,2023-11-27,VDC-DUNNES TRALEE,none,-2.3,EUR,none,False
50b3b5ed-aed7-48e3-b8d0-8b2c6ce2a58d,000000 - 00000111,none,2023-11-27,VDC-IT TRALEE NORT,none,-2.0,EUR,none,False
c1ee3053-46c3-45ee-9788-d4545167fd1e,000000 - 00000111,none,2023-11-27,VDC-LIDL IRELAND L,none,-1.99,EUR,none,False
a8ff80a0-8f5f-4085-b3b1-633e8d40c9c4,000000 - 00000111,none,2023-11-27,VDC-LIDL IRELAND L,none,-3.43,EUR,none,False
455322c7-6024-4549-95ed-447e87c88657,000000 - 00000111,none,2023-11-27,VDC-TESCO STORES 3,none,-1.45,EUR,none,False
b74652c6-ca76-453a-aad8-ce177456ec9b,000000 - 00000111,none,2023-11-27,VDC-IT TRALEE NORT,none,-2.8,EUR,none,False
dfc33050-462c-45ca-b751-c389f13d245d,000000 - 00000001,none,2023-11-27,VDP-Spotify P276F6,none,-5.99,EUR,none,False
1211797b-3cb5-46f3-95b0-5834a040d770,000000 - 00000001,none,2023-11-27,VDP-shein.com,none,-39.78,EUR,none,False
720032e6-e55c-4cde-b1af-b963511536a5,000000 - 00000001,none,2023-11-28,VDP-PEPCO 1624,none,-3.0,EUR,none,False
20ec8b0b-e05e-4da3-a965-65ca169a7a00,000000 - 00000111,none,2023-11-28,VDC-IT TRALEE NORT,none,-3.1,EUR,none,False
a4ad22ca-5c83-42f9-8865-1f908537cfff,000000 - 00000111,none,2023-11-29,VDC-IT TRALEE NORT,none,-5.0,EUR,none,False
7699bad7-19f8-4905-adc0-521430ff1cda,000000 - 00000111,none,2023-11-29,*MOBI 00983312,none,-16.0,EUR,none,False
22c5c42a-701f-4ce4-9a36-712c0e17d63e,000000 - 00000111,none,2023-11-29,VDC-IT TRALEE NORT,none,-1.5,EUR,none,False
b4a6a985-9d51-4f67-965c-c2fda3e47115,000000 - 00000111,none,2023-11-29,VDC-IT TRALEE NORT,none,-1.5,EUR,none,False
f6c98a46-2029-4082-9923-0b1490197c22,000000 - 00000111,none,2023-11-30,VDP-IDONATE DONATI,none,-2.1,EUR,none,False
b4995c19-76ae-4d5f-9c0c-41193d020162,000000 - 00000111,none,2023-11-30,VDC-DUNNES HORAN C,none,-20.77,EUR,none,False
b33ab9bf-9c81-48a5-b6a4-7a13e5d7a4a1,000000 - 00000001,none,2023-11-30,VDP-PAYPAL *IDONAT,none,-2.1,EUR,none,False
45f12ed1-8c5c-41c0-a934-76db321ee968,000000 - 00000111,none,2023-12-01,VDC-LIDL IRELAND L,none,-1.99,EUR,none,False
8e50fe28-b4fa-42e1-a7b8-cf95dcdb8b90,000000 - 00000001,none,2023-12-01,VDP-COMPLETESAVE.I,none,-15.0,EUR,none,False
e673caca-b170-438b-bc38-2c77424a208f,000000 - 00000111,none,2023-12-01,VDC-IT TRALEE NORT,none,-4.75,EUR,none,False
9262c9e7-c791-4e98-aa6c-0c005cca9cfe,000000 - 00000111,none,2023-12-01,VDP-TooGoodToG znz,none,-3.99,EUR,none,False
06acb445-5e98-4a81-9d78-47322ac58490,000000 - 00000001,none,2023-12-04,VDC-LIDL IRELAND L,none,-7.57,EUR,none,False
2586d61d-a2c8-49cc-a99e-dcea410038b9,000000 - 00000001,none,2023-12-04,VDC-NORTH SOUTH,none,-8.1,EUR,none,False
14dec0e4-4f10-451f-a648-49e0a548ff6a,000000 - 00000001,none,2023-12-04,VDC-PEPCO 1624,none,-3.0,EUR,none,False
8a4cd66c-67c7-4f13-97f5-a8730445a429,000000 - 00000111,none,2023-12-04,VDC-THE RANGE,none,-2.3,EUR,none,False
64502b95-6a8b-4e65-905d-54fa970024ad,000000 - 00000111,none,2023-12-04,VDC-JYSK TRALEE,none,-1.5,EUR,none,False
b5906fec-01a3-4422-b2a9-399440aa0181,000000 - 00000111,none,2023-12-04,VDC-IT TRALEE NORT,none,-1.65,EUR,none,False
95e82eb8-bb4b-4c7b-9268-43ff2224ce21,000000 - 00000111,none,2023-12-04,VDC-PENNEYS TRALEE,none,-8.0,EUR,none,False
d30abccb-63e1-4650-ae9c-a5c31d355d3d,000000 - 00000111,none,2023-12-04,VDP-ROI ECOMM,none,-35.3,EUR,none,False
f5371478-4975-4f7e-88b0-2bee9cb5edbc,000000 - 00000111,none,2023-12-04,*MOBI 00983312,none,-15.0,EUR,none,False
3fb179a0-edf0-4026-84d1-0f9da2b7e321,000000 - 00000111,none,2023-12-04,VDC-GARVEYS SUPERV,none,-1.0,EUR,none,False
12b76cee-e706-459c-8e85-d7cd12f3fea0,000000 - 00000111,none,2023-12-04,VDC-PEPCO 1624,none,-8.7,EUR,none,False
3c8cf3fc-ef80-4693-82f6-b1c78cfcd72b,000000 - 00000111,none,2023-12-04,VDC-TESCO STORES 3,none,-10.25,EUR,none,False
3e1baf0c-d728-44fe-8e64-d700e872b5b3,000000 - 00000111,none,2023-12-05,VDC-IT TRALEE NORT,none,-1.65,EUR,none,False
92a4493f-fe08-48ad-88c1-39935b35c9e5,000000 - 00000111,none,2023-12-05,VDC-IT TRALEE NORT,none,-3.1,EUR,none,False
34f19558-a76a-4d34-9ba3-79fce58d7c13,000000 - 00000111,none,2023-12-05,VDC-LIDL IRELAND L,none,-44.99,EUR,none,False
b1a33621-53d1-4bea-a415-527ab362a42d,000000 - 00000111,none,2023-12-05,VDC-TESCO STORES 3,none,-8.24,EUR,none,False
c79f8afd-e0ee-4ca5-9850-c23f282cd209,000000 - 00000111,none,2023-12-05,VDC-LIDL IRELAND L,none,-7.0,EUR,none,False
1c66bd3d-08df-4273-98fa-110753258bcc,000000 - 00000001,none,2023-12-05,VDC-PENNEYS TRALEE,none,-4.4,EUR,none,False
f943e44d-1d83-4c6b-931f-d1e54ac647ff,000000 - 00000001,none,2023-12-05,VDC-IT TRALEE NORT,none,-2.5,EUR,none,False
e42b5fa6-1ec0-4007-9dec-91c7f8e1654c,000000 - 00000001,none,2023-12-06,T00000022,SCHOLARSHIP,0.0,EUR,none,False
78d8ed8b-5da9-4e76-a353-497c3f25fc27,000000 - 00000001,none,2023-12-06,VDP-RYANAIR     PL,none,-34.76,EUR,none,False
00879413-b5c8-468f-8a39-cf260021e580,000000 - 00000001,none,2023-12-06,VDC-IT TRALEE NORT,none,-2.5,EUR,none,False
52560fc4-4e01-4d1c-abb5-f14eec5d785a,000000 - 00000111,none,2023-12-06,VDC-PEPCO 1624,none,-13.0,EUR,none,False
898e1875-eb6d-4e94-95f0-c04d6b5f0199,000000 - 00000001,none,2023-12-06,VDC-LIDL IRELAND L,none,-1.49,EUR,none,False
742460c5-c3c4-4220-b8d0-50d3b9f8aeae,000000 - 00000111,none,2023-12-06,VDC-IT TRALEE NORT,none,-1.6,EUR,none,False
c3e45121-3739-47f5-8c57-1889d0c15ef2,000000 - 00000111,none,2023-12-06,T00000044,SCHOLARSHIP,0.0,EUR,none,False
818fd9b9-0227-4d79-83e7-8eaaf040a1c8,000000 - 00000111,none,2023-12-06,VDC-PENNEYS TRALEE,none,8.0,EUR,none,False
b8df42a3-ad97-4207-80b6-a8f896a9664b,000000 - 00000111,none,2023-12-07,VDC-IT TRALEE NORT,none,-3.1,EUR,none,False
669d6339-509b-4a53-91a2-d2f8970c6252,000000 - 00000111,none,2023-12-07,VDC-LIDL IRELAND L,none,-2.64,EUR,none,False
dcd99ced-2547-4901-9db4-437e72ef41b0,000000 - 00000001,none,2023-12-07,ATM TRALEE   B,07DEC23 TIME 15:25,-500.0,EUR,none,False
5821a390-77ba-4eaf-b1b9-075aa98cc278,000000 - 00000111,none,2023-12-08,VDC-TESCO STORES 3,none,-0.9,EUR,none,False
49688968-c939-43b3-866f-6e828e39a0c5,000000 - 00000001,none,2023-12-11,VDC-SQ *LOVE AND F,none,-7.0,EUR,none,False
468b62ff-8bff-4cf5-a45d-b1bac8c03b3c,000000 - 00000001,none,2023-12-11,*MOBI CURRENT - ST,none,172.5,EUR,none,False
d4789e4e-e26d-4c13-adf8-a78e17bb73c7,000000 - 00000001,none,2023-12-11,VDP-Hotel at Booki,none,-348.2,EUR,none,False
f840c9e5-2977-40ca-bf0a-00b70846f99e,000000 - 00000111,none,2023-12-11,VDP-FLIXBUS.COM,none,-40.98,EUR,none,False
52337967-13c8-485c-b04a-3f297631abc2,000000 - 00000111,none,2023-12-11,VDP-RYANAIR     MN,none,-69.12,EUR,none,False
a1e10464-2dc1-46af-b6c9-fe0211501c53,000000 - 00000001,none,2023-12-11,VDC-SQ *LOVE AND F,none,-3.5,EUR,none,False
641fdd12-17d1-4510-9865-a1973f6cab79,000000 - 00000001,none,2023-12-11,VDC-LIDL IRELAND L,none,-1.4,EUR,none,False
8b39ee2a-63b2-46d9-9747-98a67a832879,000000 - 00000111,none,2023-12-11,VDC-NORTH SOUTH,none,-3.8,EUR,none,False
7aaf4c9c-cfc5-446a-89b5-8431a8a5348c,000000 - 00000111,none,2023-12-11,VDC-SUMUP  *SEANOC,none,-6.0,EUR,none,False
8f1d79d9-9dcb-41ba-b903-6efe21610a45,000000 - 00000001,none,2023-12-11,VDC-NORTH SOUTH,none,-8.1,EUR,none,False
2dae81c0-3dad-4ea1-ae10-dc3d28ee58a7,000000 - 00000001,none,2023-12-11,VDC-SUMUP  *UGLY M,none,-5.0,EUR,none,False
723d39e5-7bbf-4325-bc7e-f98fb8d7c698,000000 - 00000111,none,2023-12-11,VDC-IT TRALEE NORT,none,-3.0,EUR,none,False
c1a08fd6-a9c8-49dc-8b46-fac9d90a478e,000000 - 00000001,none,2023-12-12,VDC-IT TRALEE NORT,none,-4.2,EUR,none,False
6d952de7-071c-4c0b-a9a5-fdc44f56a8e3,000000 - 00000111,none,2023-12-13,*MOBI ZA KARTOSHKU,none,-8.0,EUR,none,False
7eec9586-1998-488d-a143-4c0d99ff3193,000000 - 00000111,none,2023-12-13,VDC-ARDFERT FUELS,none,-11.85,EUR,none,False
3edfc0dd-fc45-46a5-a2ae-23fc1e80bf73,000000 - 00000111,none,2023-12-13,VDC-DUNNES TRALEE,none,-8.0,EUR,none,False
b4907fab-1694-4979-a793-ada0400d99fe,000000 - 00000111,none,2023-12-13,VDC-LIDL IRELAND L,none,-2.94,EUR,none,False
ed4fa1f5-1926-4479-b95f-cda86337c2f1,000000 - 00000111,none,2023-12-13,VDC-MICHAEL GUINEY,none,-24.23,EUR,none,False
b25df784-3095-42d5-b974-5334dc3126a0,000000 - 00000111,none,2023-12-13,VDC-DUNNES TRALEE,none,-14.92,EUR,none,False
c4187064-98ee-4d9e-aad8-4a96d3674c16,000000 - 00000111,none,2023-12-14,VDC-THE RANGE,none,-4.25,EUR,none,False
a7b8bfcc-fa72-4ccf-a54e-583e325a2028,000000 - 00000111,none,2023-12-14,VDC-TESCO STORES 3,none,-3.65,EUR,none,False
4ad505eb-4dc5-48aa-b074-09c843af600e,000000 - 00000111,none,2023-12-14,VDC-LIDL IRELAND L,none,-2.38,EUR,none,False
cc1ed01e-bc0a-45fd-86a5-64531f46a873,000000 - 00000111,none,2023-12-14,VDC-GARVEYS SUPERV,none,-2.0,EUR,none,False
ab7e7cb8-38bb-4649-bcd1-cf11d282e9f9,000000 - 00000111,none,2023-12-14,VDP-RYANAIR     CQ,none,-20.0,EUR,none,False
1509d81a-a36d-4a52-a4d2-0758f639f480,000000 - 00000111,none,2023-12-15,VDC-DUNNES TRALEE,none,-1.5,EUR,none,False
f0e6a2cd-c915-4e95-a7c0-07df572bda6f,000000 - 00000111,none,2023-12-15,VDC-EUROGIANT TRAL,none,-2.0,EUR,none,False
4260355b-3e2a-4598-8fc8-b44a6906aec1,000000 - 00000111,none,2023-12-15,VDC-DUNNES HORAN C,none,-31.35,EUR,none,False
722be1b3-275d-45cd-bf75-22f05e7f319e,000000 - 00000111,none,2023-12-15,VDC-LIDL IRELAND L,none,-2.89,EUR,none,False
e29d3e62-bf6f-401e-b21e-321d509fe8cc,000000 - 00000111,none,2023-12-15,VDC-LIDL IRELAND L,none,-3.99,EUR,none,False
c7734809-3d92-48ca-a9b0-033c43dbda1f,000000 - 00000001,none,2023-12-15,VDC-LIDL IRELAND L,none,-5.04,EUR,none,False
25411245-6dcf-4bc3-ac1c-ea85bf3548ce,000000 - 00000001,none,2023-12-15,VDC-OSULLIVANS PHA,none,-9.0,EUR,none,False
727fec39-e4d3-481e-9c0d-9490a8e0b87e,000000 - 00000111,none,2023-12-18,VDC-TESCO STORES 4,none,-22.5,EUR,none,False
09964cd3-a46e-4715-9ff2-ff834844e1d0,000000 - 00000111,none,2023-12-18,VDC-ZARA SOUTH KIN,none,-100.05,EUR,none,False
ccbbedff-406f-40d0-a1dd-ba77c015fa52,000000 - 00000111,none,2023-12-18,VDC-STRADIVARIUS J,none,-20.14,EUR,none,False
f8483965-2cfa-4938-a7e4-c909e13c6ac2,000000 - 00000111,none,2023-12-18,VDC-Pandora,none,-109.0,EUR,none,False
97980a3a-4de8-459c-9885-c1504ea8c961,000000 - 00000111,none,2023-12-18,VDC-MARKS & SPENCE,none,-17.0,EUR,none,False
01fe60e3-1b8b-4f84-b317-2506f6882a51,000000 - 00000111,none,2023-12-18,VDC-LIDL IRELAND L,none,-4.27,EUR,none,False
059b22ae-cc59-49c8-88ff-e7dd7490ac00,000000 - 00000111,none,2023-12-18,VDC-BUTLERS CHOCOL,none,-4.4,EUR,none,False
19fdeee2-4fb3-4cbb-b236-20de15e09a3d,000000 - 00000111,none,2023-12-18,VDC-BUTLER'S CHOCO,none,-4.4,EUR,none,False
65794e46-2593-4cdf-83c6-8e8efa72dcea,000000 - 00000111,none,2023-12-18,VDP-CITI BUS WEBSI,none,-22.5,EUR,none,False
7253c560-80f4-46f4-b317-075ee5deab7d,000000 - 00000111,none,2023-12-18,*MOBI CURRENT - ST,none,30.0,EUR,none,False
33beb04e-453a-4f4a-afb4-40b464bd9415,000000 - 00000111,none,2023-12-18,*MOBI CURRENT - ST,none,7.5,EUR,none,False
44e341d1-94f3-4de6-a14a-827a907bd27a,000000 - 00000001,none,2023-12-18,VDC-PEPCO 1624,none,-1.85,EUR,none,False
b77a0929-5663-4777-af46-8d3be75f5692,000000 - 00000001,none,2023-12-18,VDC-DUNNES TRALEE,none,-21.59,EUR,none,False
6e35c64c-0247-4d57-99ac-785fe5a765fb,000000 - 00000001,none,2023-12-18,VDC-BOOTS RETAIL17,none,-21.99,EUR,none,False
06bfa9d1-4a76-438b-962e-3d3a75242f64,000000 - 00000001,none,2023-12-18,VDP-shein.com,none,-27.57,EUR,none,False
c6f3b992-3133-4ec6-ab24-8e38f2fe7e08,000000 - 00000111,none,2023-12-18,VDC-TAKARA,none,-35.3,EUR,none,False
c3e02e9b-1c28-471d-b3a1-ffbd1439817b,000000 - 00000111,none,2023-12-18,VDC-SV ASTON QUAY,none,-3.59,EUR,none,False
8910c015-1175-48c3-851f-da3dfceca8d1,000000 - 00000001,none,2023-12-19,VDC-SQ *MADDENS,none,-4.5,EUR,none,False
dbabee5d-f893-4abb-a002-96c48284fafe,000000 - 00000001,none,2023-12-19,VDC-IT TRALEE NORT,none,-1.7,EUR,none,False
f6e47367-154e-47b5-a2f8-2e49ab64c8d6,000000 - 00000001,none,2023-12-19,VDC-GARVEYS SUPERV,none,-1.69,EUR,none,False
e7ecf0eb-3712-4c79-8f9d-e2ee5e3e6ed8,000000 - 00000111,none,2023-12-20,VDC-GARVEYS SUPERV,none,-24.99,EUR,none,False
d58877dc-09f0-4496-a7de-71f07f12f14b,000000 - 00000111,none,2023-12-20,VDP-RYANAIR     LK,70.20 PLN@,-16.77,EUR,none,False
061e0ac7-8497-4963-94c7-fbd82dfec171,000000 - 00000111,none,2023-12-20,VDC-IT TRALEE NORT,none,-4.15,EUR,none,False
d59f8d09-d3a3-4ae0-ad88-c27200bf293d,000000 - 00000111,none,2023-12-20,VDC-LIDL IRELAND L,none,-5.28,EUR,none,False
cee01322-26e6-44ab-9ac0-f756c8ae3a76,000000 - 00000111,none,2023-12-20,*MOBI CURRENT - ST,none,8.3,EUR,none,False
753c5f88-5b90-4ca4-98c3-3c5bd371b0e9,000000 - 00000001,none,2023-12-21,VDC-LIDL IRELAND L,none,-0.89,EUR,none,False
95bb13c5-6832-49ad-8275-aaf8a4556b94,000000 - 00000111,none,2023-12-21,VDC-Mercury Food D,none,-13.65,EUR,none,False
66ba923b-8b05-4820-9e5d-b4438f60a16d,000000 - 00000111,none,2023-12-21,VDC-MC CAFFREY,none,-10.0,EUR,none,False
6ff322c2-b612-4261-9a49-dbe4520c59fc,000000 - 00000001,none,2023-12-21,VDC-IT TRALEE NORT,none,-2.5,EUR,none,False
41f335ea-d7b6-4392-a015-80ef5a13cf6a,000000 - 00000111,none,2023-12-22,VDC-GARVEYS SUPERV,none,-1.39,EUR,none,False
5d531a1c-0130-4784-8392-82880665a150,000000 - 00000111,none,2023-12-22,VDC-LIDL IRELAND L,none,-2.08,EUR,none,False
c24f04d8-bbf0-4150-9f7c-791343adef50,000000 - 00000111,none,2023-12-28,FEE-QTR TO 24NOV23,000000 - 00000111,-8.25,EUR,none,False
ad587ed4-dcbc-41f1-85e8-a2829c63079b,000000 - 00000111,none,2023-12-28,FEES REFUNDED,000000 - 00000111,8.25,EUR,none,False
acdcf4be-1723-4cd7-8d71-8b206557fa75,000000 - 00000001,none,2023-12-28,FEES REFUNDED,Account Number: 000000 - 00000002,15.2,EUR,none,False
09d6240b-eb13-4c1b-8397-6b142b628b7b,000000 - 00000001,none,2023-12-28,VDP-ROI ECOMM,none,-27.98,EUR,none,False
ad7ee2c9-595e-4799-b633-cb28523428be,000000 - 00000001,none,2023-12-28,VDP-Spotify P283AE,none,-5.99,EUR,none,False
85a36260-115c-4d36-b610-6b959280fb30,000000 - 00000001,none,2023-12-28,*MOBI  TOP-UP,000000007,-20.0,EUR,none,False
2aaf2b0c-ebf7-4a68-ae4e-ee070d539a57,000000 - 00000001,none,2023-12-28,FEE-QTR TO 24NOV23,Account Number: 000000 - 00000002,-15.2,EUR,none,False
95827182-a482-4872-a2dc-89805d5e5284,000000 - 00000001,none,2023-12-28,VDC-C.H.CHEMISTS,none,-15.5,EUR,none,False
301c79fc-c81c-4a13-b537-14b81f2dcb1e,000000 - 00000001,none,2023-12-28,VDC-EASON,none,-4.99,EUR,none,False
6657aec0-9674-4fc0-b557-3bf90a46264f,000000 - 00000001,none,2023-12-28,VDC-LIDL IRELAND L,none,-0.89,EUR,none,False
7b4506bb-701c-4977-86c4-93d3a65848f4,000000 - 00000001,none,2023-12-28,VDC-LIDL IRELAND L,none,-2.49,EUR,none,False
cf5da8b1-d67b-41ee-9bd1-e4cded036478,000000 - 00000001,none,2023-12-28,VDC-PENNEYS TRALEE,none,-9.1,EUR,none,False
aa6c7081-1fb6-467b-8f26-1ac9ad8f8505,000000 - 00000001,none,2023-12-28,VDC-PEPCO 1624,none,-2.0,EUR,none,False
2ccd3d01-2eaa-4b08-9d62-0493ee452eee,000000 - 00000111,none,2023-12-28,VDP-FLIXBUS.COM,none,40.98,EUR,none,False
f7a1780f-a833-4c88-82a8-5ea5d2e483f3,000000 - 00000111,none,2023-12-28,VDC-LIDL IRELAND L,none,-6.37,EUR,none,False
faafb0d1-f292-4344-99eb-41088563aa0f,000000 - 00000111,none,2023-12-28,VDC-SHELL,none,-1.5,EUR,none,False
91477a97-e096-4dc5-b95f-a9cbf1592b0f,000000 - 00000111,none,2023-12-28,VDC-THE LOOP CORK,none,-25.0,EUR,none,False
ff530784-eebf-4485-b361-53a4f1d8f669,000000 - 00000111,none,2023-12-28,VDC-PEPCO 1624,none,-5.0,EUR,none,False
4eff4f53-a6b6-45b5-8a56-c437a97af93b,000000 - 00000111,none,2023-12-28,VDC-MCDONALDS 452,none,-8.89,EUR,none,False
59ee07f6-09af-49ed-a559-f6e8bf5745ed,000000 - 00000111,none,2023-12-28,VDC-LIDL IRELAND L,none,-2.92,EUR,none,False
d55f50ac-440d-4475-ba9b-e0f72574060c,000000 - 00000111,none,2023-12-28,VDC-KSG CORK AIRPO,none,-3.7,EUR,none,False
5e57425a-d0fc-4ec0-a9a4-37c1eb5d0187,000000 - 00000111,none,2023-12-28,VDC-PAULINA MARSZA,none,-5.03,EUR,none,False
66dac6e2-d9d4-43c5-b82d-864bbbf11c68,000000 - 00000111,none,2023-12-28,VDP-INFOBUS.EU,none,-41.85,EUR,none,False
1da0351e-0152-473f-b963-52e21fc0d0cf,000000 - 00000111,none,2023-12-28,VDP-H  M Hennes  M,none,-57.0,EUR,none,False
4a74cad9-5be2-442e-bd12-29fcc321551f,000000 - 00000111,none,2023-12-28,VDP-BOLT.EU/O/2312,39.32 PLN@,-9.57,EUR,none,False
2be9e8ec-0cad-49e2-b729-2b2389de5e69,000000 - 00000111,none,2023-12-28,VDC-V13 CARREFOUR,24.62 PLN@,-5.8,EUR,none,False
41cfe41b-dec5-46e8-b74d-1d5cc96c3534,000000 - 00000111,none,2023-12-28,VDP-LEAP CARD APP,none,-10.0,EUR,none,False
4ef336f0-e24a-44bb-a0c3-ddb7786e8fe0,000000 - 00000001,none,2023-12-29,VDC-PENNEYS TRALEE,none,-12.0,EUR,none,False
a3a74666-97ac-42d1-83c9-ca6737910cf2,000000 - 00000001,none,2023-12-29,VDC-BOOTS RETAIL17,none,-17.0,EUR,none,False
0fb02d82-6d46-4c6b-947a-0e06e0ca0b3a,000000 - 00000001,none,2023-12-29,VDC-C.H.CHEMISTS,none,-3.5,EUR,none,False
bf475303-9092-44d0-913c-c6a3f06ce0b0,000000 - 00000001,none,2023-12-29,VDC-C.H.CHEMISTS,none,-18.62,EUR,none,False
ac2347ea-050b-436a-bd95-57a4c658f470,000000 - 00000001,none,2023-12-29,VDC-COSTA,none,-4.25,EUR,none,False
edc4b129-aeaa-4fd8-88dd-8cd0ae10a7ff,000000 - 00000001,none,2024-01-02,VDC-T K MAXX,none,-24.99,EUR,none,False
331f6383-f1a1-4c6b-9c03-cf2754312798,000000 - 00000001,none,2024-01-02,VDC-TESCO STORES 3,none,-31.55,EUR,none,False
2da2e9c8-9a1e-4ea2-a9ea-a0d83cfe8486,000000 - 00000001,none,2024-01-02,VDC-EASON,none,-2.99,EUR,none,False
2ece75bf-c069-4274-9b8f-c3662b19186a,000000 - 00000001,none,2024-01-02,VDC-SMYTHS TOYS TR,none,-10.99,EUR,none,False
f2c18575-b61a-4388-ad05-079f0c5e9e0c,000000 - 00000001,none,2024-01-02,VDC-THE RANGE,none,-18.92,EUR,none,False
a161fb63-0912-48b5-aaf7-99810ea60c2f,000000 - 00000001,none,2024-01-02,VDC-Sean Ogs Bar a,none,-10.0,EUR,none,False
51df5666-1e79-48b1-a4ce-8a9fbbc540f2,000000 - 00000001,none,2024-01-02,VDP-COMPLETESAVE.I,none,-15.0,EUR,none,False
578e1700-7757-4d9e-9c10-fd9f790c7f08,000000 - 00000001,none,2024-01-02,VDC-GARVEYS SUPERV,none,-2.0,EUR,none,False
369812b9-9672-4615-986d-a7260707c059,000000 - 00000001,none,2024-01-02,VDC-DUNNES TRALEE,none,-17.0,EUR,none,False
f15baa89-07da-402a-b87d-794173697bba,000000 - 00000001,none,2024-01-02,VDC-MR PRICE,none,-2.98,EUR,none,False
0de8cc28-6914-4a6a-a664-1b91785d550c,000000 - 00000001,none,2024-01-03,*MOBI CURRENT - ST,none,18.0,EUR,none,False
ed39525e-ae81-4900-9afa-271b5cbde7d1,000000 - 00000001,none,2024-01-03,VDC-LIDL IRELAND L,none,-7.34,EUR,none,False
d6a86118-1ea9-48e1-abb9-c89a2aefee41,000000 - 00000001,none,2024-01-04,VDC-NORTH SOUTH,none,-26.4,EUR,none,False
db86130c-41df-4ca5-a62d-ab63eb21a779,000000 - 00000001,none,2024-01-04,VDC-PENNEYS TRALEE,none,-1.0,EUR,none,False
b5ccb5fc-579b-4dc9-82a5-3e128c34237b,000000 - 00000111,none,2024-01-08,VDP-FLIXBUS.COM,none,-51.99,EUR,none,False
f77b951c-65fc-46a7-802b-f73d0f7e7dac,000000 - 00000001,none,2024-01-08,VDP-IRISH RAIL 679,none,-12.99,EUR,none,False
38a6070a-8e7d-43b9-993a-aa4e953c3a0b,000000 - 00000001,none,2024-01-08,*ATMLDG TRALEE   D,Card ending: 6180,450.0,EUR,none,False
406a90eb-1017-4a05-9014-e7edba557b59,000000 - 00000001,none,2024-01-08,VDP-AIRCOACH WEB E,none,-5.0,EUR,none,False
9d657a7c-c95e-454d-9b54-1aab231d6e02,000000 - 00000001,none,2024-01-08,VDP-APPLE.COM/BILL,none,-17.99,EUR,none,False
de429284-a8b9-4374-9ca9-4cf8270b03d3,000000 - 00000001,none,2024-01-08,VDP-LEAP CARD APP,none,-5.0,EUR,none,False
c0120a00-7700-4494-89f4-72df69717fb8,000000 - 00000001,none,2024-01-09,VDC-PEWEX,none,-9.66,EUR,none,False
961cc5e1-2b3a-46c4-beb2-19fd8302c485,000000 - 00000111,none,2024-01-09,VDP-Amazon.UK Pa*U,none,-37.3,EUR,none,False
0c0703b9-6242-4f0a-9c68-ba98acdb8454,000000 - 00000111,none,2024-01-09,VDP-RYANAIR     YM,198.88 PLN@,-46.62,EUR,none,False
571e40fc-0135-45be-b977-10f901823b01,000000 - 00000001,none,2024-01-09,*MOBI 00000000,none,-16.0,EUR,none,False
ed70cc93-9170-4f09-9525-6cecac15247e,000000 - 00000001,none,2024-01-09,VDC-THE KIOSK RAIL,none,-1.5,EUR,none,False
000b087b-b7a0-4cac-b2dc-1fe8693fff33,000000 - 00000001,none,2024-01-10,*MOBI CURRENT - ST,none,20.0,EUR,none,False
6218bbb6-3884-444e-9a9c-587e410d4f6a,000000 - 00000001,none,2024-01-10,*MOBI 00000000,none,-33.0,EUR,none,False
1d813148-a11d-443c-ab11-b5a59d5e10c2,000000 - 00000001,none,2024-01-10,*MOBI CURRENT - ST,none,15.0,EUR,none,False
40bf0c29-3392-4a2d-ab9c-377fb33f473c,000000 - 00000001,none,2024-01-10,VDC-MERCADONA C.C.,none,-4.25,EUR,none,False
fc73eb2a-5cbb-4ae9-b340-98e3ef896e47,000000 - 00000001,none,2024-01-10,VDC-MDONALDS PARAL,none,-6.16,EUR,none,False
cb3ddd04-eb04-48ef-a76f-1922967443e8,000000 - 00000001,none,2024-01-10,VDC-MONBUS,none,-6.75,EUR,none,False
ee65847a-922c-461e-8e8c-50168a4e4d77,000000 - 00000001,none,2024-01-10,VDC-BUTLERS CHOCOL,none,-5.0,EUR,none,False
d29207be-365d-45eb-a452-dc27fce3ee3a,000000 - 00000001,none,2024-01-10,VDC-BUTLERS CHOCOL,none,-1.5,EUR,none,False
8938edf3-74e1-4e4a-a20e-bd36e700d9ea,000000 - 00000001,none,2024-01-10,VDC-HOTEL BARCELON,none,-31.0,EUR,none,False
ecc2a657-c6d4-4d54-8629-592721e15011,000000 - 00000001,none,2024-01-11,VDC-365,none,-5.35,EUR,none,False
68076109-33b8-4e08-92fc-f38546d46832,000000 - 00000001,none,2024-01-11,VDC-TEZENIS PORTAL,none,-66.16,EUR,none,False
70178825-d6eb-4748-867a-76b3045a0b50,000000 - 00000001,none,2024-01-11,VDC-TAPAS 2254,none,-17.9,EUR,none,False
5a12464d-258c-4ba8-8781-85981c5d52da,000000 - 00000001,none,2024-01-11,VDC-TIENDA PORTAL,none,-15.15,EUR,none,False
cd18c92b-5a3a-4be0-8630-de24989cc87c,000000 - 00000001,none,2024-01-11,VDC-KIKO,none,-42.06,EUR,none,False
468f8887-00d5-4351-920f-74de6eb5034a,000000 - 00000001,none,2024-01-11,VDC-HM Pg. Gracia,none,-36.08,EUR,none,False
20efc199-8b68-4dde-a014-dc8a52b58a91,000000 - 00000001,none,2024-01-11,VDC-CORCHO NATURAL,none,-65.15,EUR,none,False
aca68073-3025-4dd5-aae9-93503ecc4f87,000000 - 00000001,none,2024-01-11,VDC-CITEES BARCELO,none,-40.0,EUR,none,False
70fda96c-22b4-45f4-aa99-9142212cb6df,000000 - 00000001,none,2024-01-11,VDC-STRADIVARIUS,none,-25.98,EUR,none,False
51c4fe48-0303-4e24-94c2-133a4d35abe1,000000 - 00000001,none,2024-01-12,VDC-MUSEU PICASSO,none,-15.0,EUR,none,False
7811664a-bdb4-4574-aba0-4a3e92e13591,000000 - 00000111,none,2024-01-15,VDC-SHOP PANDORA-1,10580.00 UAH@,-259.1,EUR,none,False
f1a1178c-1671-48d0-891e-5f7086d52b61,000000 - 00000001,none,2024-01-15,VDC-624 - EA AER B,none,-15.1,EUR,none,False
d5e4e350-4c22-4bbe-9fe8-1e0a2a523722,000000 - 00000001,none,2024-01-15,VDC-WH Smith Dubli,none,-3.75,EUR,none,False
4db954ba-1cac-4fa8-b4bd-94b75bf937ac,000000 - 00000001,none,2024-01-15,VDC-TRIGO RAVAL,none,-5.45,EUR,none,False
dbb2bec6-d3ae-4e76-8257-ff9653c5d2cf,000000 - 00000001,none,2024-01-15,VDC-MDONALDS PARAL,none,-4.75,EUR,none,False
71256a6a-b447-4350-90e5-4532fe348b1b,000000 - 00000001,none,2024-01-15,VDC-JOMIDAR BAZAR,none,-2.25,EUR,none,False
7ff35b3f-c6af-4a16-adc7-9b88dced49ef,000000 - 00000001,none,2024-01-15,VDC-HOTEL BCN UNIV,none,-49.0,EUR,none,False
c38c700f-a397-4198-a998-6bc2bd723a03,000000 - 00000001,none,2024-01-15,VDP-METRO BARCELON,none,-5.15,EUR,none,False
1020b05e-9ac1-43c8-be24-9f68a119abeb,000000 - 00000001,none,2024-01-15,VDP-METRO BARCELON,none,-4.8,EUR,none,False
e91cddb8-9c46-4593-a518-df419a8c7d47,000000 - 00000001,none,2024-01-15,VDP-CITI BUS MOBIL,none,-15.0,EUR,none,False
e0e6806b-dd0c-47c4-affb-d76f77fbcde6,000000 - 00000001,none,2024-01-15,VDC-MDONALDS PARAL,none,-2.51,EUR,none,False
cc3c497b-7e3a-4347-8e0a-3f520ec115e2,000000 - 00000001,none,2024-01-15,VDC-ARBITRADE AE B,none,-2.0,EUR,none,False
02f332c4-ea41-4593-8ab5-8084d62f9ff7,000000 - 00000111,none,2024-01-16,VDC-ZARA CH WROCLA,139.00 PLN@,-32.58,EUR,none,False
76f8bc7a-c75c-4f10-a0fb-f36b1d78d90e,000000 - 00000111,none,2024-01-16,VDC-SV KILMAINHAM,none,-6.75,EUR,none,False
f93baaab-7d31-49b3-836f-6ba53745b14c,000000 - 00000111,none,2024-01-16,VDC-STRADIVARIUS C,19.90 PLN@,-4.66,EUR,none,False
1f1b7d5c-4e2b-4016-9c5b-469ceee0e64d,000000 - 00000111,none,2024-01-16,VDC-SEPHORA POLSKA,none,-36.87,EUR,none,False
264e8092-da4e-4a6b-8987-21e5e1d12cad,000000 - 00000111,none,2024-01-16,VDC-NEW YORKER,none,-12.5,EUR,none,False
4b15fcd1-d364-47e8-8a98-28f2bf2a6695,000000 - 00000111,none,2024-01-16,VDC-NATIONAL EXPRE,none,-11.0,EUR,none,False
2a7a5efe-f936-4397-ace7-aa57d0f474b0,000000 - 00000111,none,2024-01-16,VDC-HSQ PHARMACY,none,-5.5,EUR,none,False
43372b7c-0e47-44df-8748-d5b150cd15a5,000000 - 00000111,none,2024-01-16,VDC-CARREFOUR SUPE,4.39 PLN@,-1.02,EUR,none,False
676d6b26-3c56-4ecc-b70a-f2f76229090b,000000 - 00000111,none,2024-01-16,VDP-IRISH RAIL 630,none,-15.99,EUR,none,False
5ab998f6-f6d2-4768-b4a5-cb30fe205dc0,000000 - 00000111,none,2024-01-16,VDC-LIDL IRELAND L,none,-2.49,EUR,none,False
d0e124eb-5639-43eb-97cf-f2a9c276c3f9,000000 - 00000001,none,2024-01-16,VDC-LIDL IRELAND L,none,-2.38,EUR,none,False
65a65332-b349-4604-b429-c0fa18064c66,000000 - 00000001,none,2024-01-16,VDC-IT TRALEE NORT,none,-2.5,EUR,none,False
20b199cd-0bc5-4159-b5c1-6dd7b261ca25,000000 - 00000001,none,2024-01-16,VDC-IT TRALEE NORT,none,-2.3,EUR,none,False
c1a6f425-fd20-48c3-8a0e-ba744b7047c2,000000 - 00000001,none,2024-01-16,VDC-DUNNES TRALEE,none,-2.3,EUR,none,False
c826dd75-3718-4b5d-a963-31ff8d4b9114,000000 - 00000001,none,2024-01-17,VDC-IT TRALEE NORT,none,-2.5,EUR,none,False
41a6da40-cffa-40fd-b8ea-4d9e222b816e,000000 - 00000001,none,2024-01-17,VDC-IT TRALEE NORT,none,-1.65,EUR,none,False
2af780c0-b7e6-4afc-b270-8fce28365a3f,000000 - 00000001,none,2024-01-17,VDP-Zara.com,none,-43.9,EUR,none,False
073f5e63-7eb4-4043-80dd-18aeb961a054,000000 - 00000001,none,2024-01-17,VDC-IT TRALEE NORT,none,-2.5,EUR,none,False
122d7fa3-b0ee-493f-873c-a732c106ea4b,000000 - 00000111,none,2024-01-17,VDC-EIR TRALEE,none,-20.0,EUR,none,False
147bc929-66bd-4f2f-9556-9cb6bfcdd3ae,000000 - 00000111,none,2024-01-17,VDC-IT TRALEE NORT,none,-3.5,EUR,none,False
b7858106-3b08-4377-8492-65110ecf3015,000000 - 00000111,none,2024-01-17,VDC-IT TRALEE NORT,none,-4.7,EUR,none,False
90f069fa-a3b6-4084-aea6-dccb9e1e4412,000000 - 00000111,none,2024-01-17,VDC-LIDL IRELAND L,none,-14.95,EUR,none,False
fff8d8f4-3e71-4533-ac6a-dbc09464680e,000000 - 00000111,none,2024-01-17,VDC-PEPCO 1624,none,-1.3,EUR,none,False
8e92858b-e16c-404b-a21c-d6258f3a60b6,000000 - 00000111,none,2024-01-17,VDC-FOCUS,none,-4.0,EUR,none,False
29660a85-0517-4239-a7fb-7a7e9adf3e0c,000000 - 00000001,none,2024-01-17,VDC-LIDL IRELAND L,none,-3.49,EUR,none,False
68000c57-6584-4cd8-b1c5-7815ba2c20e3,000000 - 00000111,none,2024-01-18,VDC-Sean Ogs Bar a,none,-20.0,EUR,none,False
50b4d261-8cb9-403d-a4db-7f5795aed0b1,000000 - 00000111,none,2024-01-18,VDC-TESCO STORES 3,none,-8.9,EUR,none,False
efb061d1-04b1-431a-804c-a3ced670905f,000000 - 00000111,none,2024-01-18,VDC-IT TRALEE NORT,none,-4.7,EUR,none,False
982c6254-4d34-4f69-9754-d4bb11f4206a,000000 - 00000001,none,2024-01-18,VDC-LIDL IRELAND L,none,-0.69,EUR,none,False
c852add0-50f0-41dd-bad6-2634e435df6e,000000 - 00000001,none,2024-01-18,VDC-SQ *MADDENS,none,-8.5,EUR,none,False
ff13ea9c-f291-4c48-ac40-bcdb8fa573e9,000000 - 00000001,none,2024-01-18,*ATMLDG TRELEE,Card ending: 6180,170.0,EUR,none,False
c9236600-f3a6-4006-a4ca-1ca7887eb4fb,000000 - 00000111,none,2024-01-19,VDC-IT TRALEE NORT,none,-4.5,EUR,none,False
9a5771dc-cce7-450b-bb69-0bbe7fc69536,000000 - 00000111,none,2024-01-19,VDC-UGLY MUG CAFE,none,-3.8,EUR,none,False
46b9651d-fa68-4d25-aec3-522cbcd87e63,000000 - 00000001,none,2024-01-19,VDC-IT TRALEE NORT,none,-2.5,EUR,none,False
756641a9-0c6c-4622-b727-53e3255533b1,000000 - 00000001,none,2024-01-22,VDC-IT TRALEE NORT,none,-3.9,EUR,none,False
2e354d8c-8739-4a6d-a216-db1dc7fa1126,000000 - 00000001,none,2024-01-22,VDP-LACOSTE COM,none,-130.0,EUR,none,False
6895c76e-5077-4444-81ef-03f248c524be,000000 - 00000111,none,2024-01-22,VDC-Oaklands Daybr,none,-4.0,EUR,none,False
35f2264f-1745-4465-87ff-fee448fdce76,000000 - 00000111,none,2024-01-22,VDC-MC CAFFREY,none,-20.0,EUR,none,False
13157a95-726f-40b2-87e0-4ba3d824ec37,000000 - 00000111,none,2024-01-22,VDC-IT TRALEE NORT,none,-1.4,EUR,none,False
2943d0e9-fe92-4346-a5c9-e43787a59557,000000 - 00000001,none,2024-01-23,VDP-SHEIN.COM,none,-22.83,EUR,none,False
46b4e130-2f07-4ab8-9b8a-3adf06c8233e,000000 - 00000001,none,2024-01-23,VDC-IT TRALEE NORT,none,-1.4,EUR,none,False
1c7da935-2d9d-401a-a818-b6b6181cd9f8,000000 - 00000001,none,2024-01-23,VDC-IT TRALEE NORT,none,-3.1,EUR,none,False
3497c68f-c172-4279-9d37-1292fd62293e,000000 - 00000111,none,2024-01-23,VDC-PENNEYS TRALEE,none,-6.0,EUR,none,False
330c90e9-1481-4151-ad92-67a15e13c5f3,000000 - 00000111,none,2024-01-23,VDC-IT TRALEE NORT,none,-3.1,EUR,none,False
f93499fe-3791-4e26-8aed-b0b4c2330fea,000000 - 00000111,none,2024-01-23,VDP-GARVEYS SUPERV,none,-40.1,EUR,none,False
c9b2c68a-936c-4cb0-b03b-e73fbd91dd9e,000000 - 00000001,none,2024-01-23,VDC-LIDL IRELAND L,none,-0.49,EUR,none,False
f6e2ad20-29df-4490-8034-c4417f2265b6,000000 - 00000111,none,2024-01-24,VDC-DUNNES TRALEE,none,-8.29,EUR,none,False
a586af82-5911-4abd-9940-812039653d15,000000 - 00000111,none,2024-01-24,VDC-LIDL IRELAND L,none,-17.27,EUR,none,False
9302b242-2a74-4648-9a89-91d5d16c946e,000000 - 00000111,none,2024-01-24,VDC-TESCO STORES 3,none,-9.0,EUR,none,False
71e302ac-ecb8-40a1-ade1-40193171e1d3,000000 - 00000001,none,2024-01-24,*ATMLDG TRELEE,Card ending: 6180,50.0,EUR,none,False
c5955e3e-c0e4-4837-b314-c466e6cedcc4,000000 - 00000111,none,2024-01-24,VDC-IT TRALEE NORT,none,-4.7,EUR,none,False
9a327394-f2bc-4c71-abb4-d0d0fa78d111,000000 - 00000111,none,2024-01-25,VDC-LIDL IRELAND L,none,-0.75,EUR,none,False
139187e1-3857-4f71-8975-22a8a88a79af,000000 - 00000111,none,2024-01-25,VDC-IT TRALEE NORT,none,-1.4,EUR,none,False
11d839a3-c389-4138-85d3-9cfabc71aedd,000000 - 00000111,none,2024-01-25,T00000044,SCHOLARSHIP,0.0,EUR,none,False
22f983d7-171c-4648-be1e-6cffafd1ddcb,000000 - 00000111,none,2024-01-25,VDC-PEPCO 1624,none,-1.5,EUR,none,False
545ae595-57af-47e9-be68-1cd9387474ad,000000 - 00000111,none,2024-01-25,VDC-IT TRALEE NORT,none,-3.1,EUR,none,False
00d8c792-8910-460a-a617-6fd16cb58111,000000 - 00000111,none,2024-01-25,VDP-ELECTRIC IRELA,none,-56.69,EUR,none,False
b1719425-7e38-4f94-a606-af9d0151a0ec,000000 - 00000001,none,2024-01-25,T00000022,SCHOLARSHIP,0.0,EUR,none,False
e1559e00-359e-431a-a438-9b477531c843,000000 - 00000001,none,2024-01-25,MOBI TOP UP,none,-20.0,EUR,none,False
23b1f227-88ab-4d8b-a740-fde0b4d8927c,000000 - 00000001,none,2024-01-25,STAMP DUTY 6180,none,-1.56,EUR,none,False
1d5d3212-d964-4a1e-9a5f-d382a29e58b1,000000 - 00000111,none,2024-01-26,VDC-IT TRALEE NORT,none,-3.1,EUR,none,False
e2194940-4499-4e33-8429-6a3608a67b36,000000 - 00000001,none,2024-01-26,VDC-IT TRALEE NORT,none,-1.7,EUR,none,False
8b2e0549-42be-4422-88d0-852c25f2c0c4,000000 - 00000001,none,2024-01-26,VDC-IT TRALEE NORT,none,-2.5,EUR,none,False
2c1040ed-b3a3-4f10-8c90-e54c28b9f54c,000000 - 00000001,none,2024-01-26,VDP-Spotify P29605,none,-5.99,EUR,none,False
2e28fd68-18dd-4656-9469-3743106604d5,000000 - 00000001,none,2024-01-29,VDC-LIDL IRELAND L,none,-12.14,EUR,none,False
9a1484d8-9cff-4559-972e-c75dbadb5a4a,000000 - 00000111,none,2024-01-29,VDC-COCA COLA,none,-1.5,EUR,none,False
eb8d6a26-7d5d-49bf-8a2b-976d4b64bef5,000000 - 00000111,none,2024-01-29,VDC-PENNEYS TRALEE,none,-5.0,EUR,none,False
f44dc45f-e407-4c5c-822c-b7668eb0a44e,000000 - 00000111,none,2024-01-29,VDC-COCA COLA,none,-1.5,EUR,none,False
e50bec3f-b2e1-44b0-ab3b-f3f621575edc,000000 - 00000111,none,2024-01-29,VDC-EUROGIANT TRAL,none,-1.5,EUR,none,False
1120f12c-163b-4f13-898a-39b3d3f009e2,000000 - 00000111,none,2024-01-29,VDC-IT TRALEE NORT,none,-3.1,EUR,none,False
59820fc4-4703-4667-9c3d-76ee3e632ee4,000000 - 00000111,none,2024-01-29,VDC-LIDL IRELAND L,none,-3.29,EUR,none,False
db1f624e-b0f9-4772-9709-4818a480287f,000000 - 00000111,none,2024-01-29,VDC-LIDL IRELAND L,none,-3.57,EUR,none,False
495f1b1d-b24a-4620-aa13-a58c54dbd760,000000 - 00000111,none,2024-01-29,VDC-LIDL IRELAND L,none,-8.56,EUR,none,False
fe38f94e-4b20-4bd3-874e-5a21a018d7c1,000000 - 00000111,none,2024-01-29,VDC-LIDL IRELAND L,none,-8.68,EUR,none,False
3a190dac-dd20-4290-a83e-a5ead3e1d4d4,000000 - 00000111,none,2024-01-29,VDC-COCA COLA,none,-1.5,EUR,none,False
8b377e06-6a56-4a6b-961b-af9991d880ab,000000 - 00000001,none,2024-01-29,VDC-IT TRALEE NORT,none,-2.5,EUR,none,False
379bc8c3-a7f7-42eb-b9b4-b681d2c51ac6,000000 - 00000001,none,2024-01-30,VDC-IT TRALEE NORT,none,-2.5,EUR,none,False
60c05e58-87ba-4485-902f-bb567ec4110e,000000 - 00000001,none,2024-01-30,VDC-IT TRALEE NORT,none,-2.3,EUR,none,False
78339180-0b15-42da-897d-54cfb51ad583,000000 - 00000111,none,2024-01-30,VDC-PEWEX,none,-6.37,EUR,none,False
3bdca389-c626-4c96-a73a-e28080644314,000000 - 00000111,none,2024-01-30,VDP-ASOS.COM,none,-59.99,EUR,none,False
da985f6a-a8f2-4705-bd42-22bdf2d57442,000000 - 00000111,none,2024-01-30,VDP-SHEIN.COM,none,-21.27,EUR,none,False
381bc547-dbad-49b4-8c87-5b2a97fc3171,000000 - 00000111,none,2024-01-30,VDC-IT TRALEE NORT,none,-4.7,EUR,none,False
9bd09ec8-9825-4890-839c-cc00ddeccea1,000000 - 00000001,none,2024-01-31,VDC-IT TRALEE NORT,none,-2.5,EUR,none,False
7918d0f2-516b-4b20-b6eb-602cbe5ac133,000000 - 00000111,none,2024-01-31,VDC-THE COIN OFF L,none,-9.0,EUR,none,False
74b6e82b-6076-40b7-9a7d-a9172cc0d185,000000 - 00000111,none,2024-01-31,VDC-IT TRALEE NORT,none,-4.7,EUR,none,False
2d510d51-6a4b-49ed-a246-9fd2747a9bd1,000000 - 00000111,none,2024-01-31,VDC-DUNNES TRALEE,none,-27.35,EUR,none,False
96188a68-2ab9-4337-bfea-3a19bd49c9e0,000000 - 00000001,none,2024-01-31,ATM TRALEE   B,31JAN24 TIME 12:26,0.0,EUR,none,False
80e07ccb-f5bf-4b09-84c3-838f679018f4,000000 - 00000001,none,2024-01-31,VDP-COMPLETESAVE.I,none,-15.0,EUR,none,False
1791ff8a-1903-4063-a26c-d53c786a3771,000000 - 00000111,none,2024-02-01,VDC-DUNNES TRALEE,none,-12.0,EUR,none,False
fc5c70e2-f618-4bfc-94bb-6558ee6d2ab7,000000 - 00000111,none,2024-02-01,VDC-IT TRALEE NORT,none,-4.7,EUR,none,False
ef53e1f4-590d-45cb-b9c7-7bb01f8d3672,000000 - 00000111,none,2024-02-01,VDC-LIDL IRELAND L,none,-27.98,EUR,none,False
cd86e245-17a4-4567-8cdf-387112965b7f,000000 - 00000001,none,2024-02-01,VDC-IT TRALEE NORT,none,-2.5,EUR,none,False
26c312f1-6739-41bb-aad3-844af61632f4,000000 - 00000111,none,2024-02-02,VDC-PEPCO 1624,none,-1.85,EUR,none,False
5388ba79-1a56-4afe-a75f-dfb6476189f9,000000 - 00000111,none,2024-02-02,VDC-IT TRALEE NORT,none,-2.9,EUR,none,False
9e47368d-450b-4d7a-82dc-fff027e04348,000000 - 00000111,none,2024-02-02,VDC-IT TRALEE NORT,none,-3.5,EUR,none,False
be3fd29a-158e-4116-8c2a-d65893ac6414,000000 - 00000001,none,2024-02-02,VDC-IT TRALEE NORT,none,-4.9,EUR,none,False
62b5cf3c-7008-4d8a-88bc-f56409ecbc75,000000 - 00000001,none,2024-02-02,*MOBI CURRENT-030,none,200.0,EUR,none,False
a20da833-3e7b-4813-9dbf-552dd76e5401,000000 - 00000111,none,2024-02-02,VDC-LIDL IRELAND L,none,-10.34,EUR,none,False
d61689d7-edf7-4fb6-8124-3ed0bf7792b3,000000 - 00000111,none,2024-02-06,VDC-Pandora,none,-69.0,EUR,none,False
6fe9f297-0234-4224-a0f5-99870322f73e,000000 - 00000111,none,2024-02-06,VDC-TESCO STORES 3,none,-16.5,EUR,none,False
0302c3b4-e8cf-4625-916c-e2a8e1b85fe7,000000 - 00000111,none,2024-02-06,VDC-MARKS & SPENCE,none,-29.0,EUR,none,False
9ccfd1b5-de22-42b7-ab4c-92b5b433dab0,000000 - 00000111,none,2024-02-06,VDC-LIDL IRELAND L,none,-2.87,EUR,none,False
d651c843-bf11-4352-8d69-bb803227f10c,000000 - 00000111,none,2024-02-06,VDC-LIDL IRELAND L,none,-1.38,EUR,none,False
a0d3c28a-bb55-42d8-91f2-a0a1b8d367a1,000000 - 00000111,none,2024-02-06,VDC-IT TRALEE NORT,none,-4.7,EUR,none,False
1a609c1a-fa57-4a59-8d7d-1e3354328769,000000 - 00000111,none,2024-02-06,VDC-H & M,none,-39.98,EUR,none,False
96e0408a-f156-4d4c-ad01-8b9ca53f62dd,000000 - 00000111,none,2024-02-06,VDC-DUNNES TRALEE,none,-5.0,EUR,none,False
db630011-43bd-4462-b6d8-964e49a0884c,000000 - 00000111,none,2024-02-06,VDC-DUNNES GEORGES,none,-2.15,EUR,none,False
3739f92c-1275-4aaf-8ff5-e61ae172f884,000000 - 00000111,none,2024-02-06,VDC-BUTLERS CHOCOL,none,-4.4,EUR,none,False
8b9f2747-1f99-49dc-b063-fb648b0ae0a4,000000 - 00000111,none,2024-02-06,VDP-CITI BUS WEBSI,none,-22.5,EUR,none,False
1cd560b6-5fda-4d73-a472-81be435a58af,000000 - 00000111,none,2024-02-06,VDC-SUMUP  *POCHA,none,-24.8,EUR,none,False
d08f1723-0095-4547-958f-403cd3a49248,000000 - 00000001,none,2024-02-06,*MOBI CURRENT-030,none,30.0,EUR,none,False
5ac77aef-1865-411d-bc7e-b1c232f447ae,000000 - 00000001,none,2024-02-06,VDP-RYANAIR     TK,none,-92.52,EUR,none,False
8504a493-30da-4967-aa22-ec380eb58d9a,000000 - 00000001,none,2024-02-06,VDP-RYANAIR     UH,none,-96.88,EUR,none,False
43c283ad-b4a6-408e-b853-92e5a4803d2d,000000 - 00000001,none,2024-02-06,VDC-EUROGIANT TRAL,none,-3.0,EUR,none,False
9e779f85-dc20-4757-8ee9-fea03ae6ba0d,000000 - 00000111,none,2024-02-06,VDC-STRADIVARIUS J,none,-9.99,EUR,none,False
0080f5f8-2fb5-45cb-b965-cd4dc52b9c97,000000 - 00000001,none,2024-02-06,VDC-LIDL IRELAND L,none,-6.09,EUR,none,False
2b653efb-df62-4bae-85c9-677a9780024b,000000 - 00000001,none,2024-02-06,VDC-IT TRALEE NORT,none,-2.5,EUR,none,False
a80008de-14f9-4eac-8f72-7ac450d33309,000000 - 00000001,none,2024-02-06,VDC-THE RANGE,none,-3.25,EUR,none,False
313fae1f-cf5f-4d35-97fe-a67b7cd385fa,000000 - 00000001,none,2024-02-06,VDC-SumUp  *Yusuf,none,-3.5,EUR,none,False
6c6b32bf-bac9-4961-aee8-f35c8b95cf4c,000000 - 00000001,none,2024-02-06,VDC-PENNEYS TRALEE,none,-4.9,EUR,none,False
486cc0c4-196e-4523-89b3-d9f1a6f8e109,000000 - 00000001,none,2024-02-06,VDC-T K MAXX,none,-22.98,EUR,none,False
110b6538-81ad-47e9-87e2-9d6b9b99e174,000000 - 00000001,none,2024-02-06,VDC-MCDONALDS TRAL,none,-5.0,EUR,none,False
53367f93-4a15-4204-b538-af8b80da8242,000000 - 00000001,none,2024-02-06,VDC-MCDONALDS TRAL,none,-5.0,EUR,none,False
df855dbb-c4c3-4080-a6f2-c217bc38212a,000000 - 00000001,none,2024-02-06,VDC-LIDL IRELAND L,none,-6.09,EUR,none,False
786da16c-f269-4e86-b3e3-b54d9e13f54d,000000 - 00000111,none,2024-02-07,VDC-IT TRALEE NORT,none,-1.4,EUR,none,False
4d821b10-8cf2-4e73-b64a-4d127b3bcc75,000000 - 00000001,none,2024-02-07,VDC-IT TRALEE NORT,none,-2.5,EUR,none,False
01f99fc8-e60c-469a-a211-13a5caa0a0b0,000000 - 00000001,none,2024-02-07,VDC-LIDL IRELAND L,none,-4.23,EUR,none,False
fc169044-7e4b-447a-a51c-e2c941eea6cc,000000 - 00000111,none,2024-02-07,VDC-IT TRALEE NORT,none,-4.7,EUR,none,False
708d0a16-da41-4b37-9b42-d75a982b2fe5,000000 - 00000111,none,2024-02-08,VDC-IT TRALEE NORT,none,-4.7,EUR,none,False
04f01f51-3c7d-4c84-983f-0262128951d7,000000 - 00000111,none,2024-02-08,VDC-BOOTS RETAIL17,none,-9.99,EUR,none,False
906f2dee-021c-4aec-880b-b02d6c4e81cf,000000 - 00000111,none,2024-02-08,VDC-EIR TRALEE,none,-20.0,EUR,none,False
75ed50e7-3468-4b18-8765-90615c2ad51b,000000 - 00000111,none,2024-02-08,VDC-LIDL IRELAND L,none,-10.95,EUR,none,False
3dbc862e-6d61-4c50-b5c4-3e496b8c12d5,000000 - 00000001,none,2024-02-08,VDC-LIDL IRELAND L,none,-2.14,EUR,none,False
735eac2f-1e07-4bd7-9ac0-d3f5ffb3aeb2,000000 - 00000001,none,2024-02-08,VDC-EUROGIANT TRAL,none,-4.5,EUR,none,False
b90899f3-fd45-4b26-b6c8-260a5c597a7c,000000 - 00000111,none,2024-02-08,VDC-PEPCO 1624,none,-3.7,EUR,none,False
39c2ec16-4080-4925-9098-bb2986c2f0c2,000000 - 00000111,none,2024-02-09,VDC-IT TRALEE NORT,none,-3.1,EUR,none,False
9df7a1ef-d55a-40ca-bc60-64fd0601bc10,000000 - 00000001,none,2024-02-09,VDC-TOP OIL CROAGH,none,-2.6,EUR,none,False
13126c44-c886-42cc-bff3-55e6c7fbf9b9,000000 - 00000001,none,2024-02-09,VDC-IT TRALEE NORT,none,-1.4,EUR,none,False
14502010-ad97-4e05-b657-457575d96729,000000 - 00000001,none,2024-02-09,VDC-TOP OIL CROAGH,none,-1.15,EUR,none,False
7a52f375-c0aa-4128-a8ab-7dd2d64487b1,000000 - 00000001,none,2024-02-12,VDC-PENNEYS TRALEE,none,-3.75,EUR,none,False
f54f1dc4-1678-4b3e-907a-af11f9b8042e,000000 - 00000001,none,2024-02-12,VDC-IT TRALEE NORT,none,-2.5,EUR,none,False
caa29ca2-1b86-4e89-8b99-ea5028f8595e,000000 - 00000001,none,2024-02-12,VDC-LIDL IRELAND L,none,-3.11,EUR,none,False
b9d83d9c-8ca5-42f3-9447-8c438b8590a4,000000 - 00000001,none,2024-02-12,VDC-DUNNES TRALEE,none,-6.5,EUR,none,False
0940da33-04ea-4541-852b-ee0b60342169,000000 - 00000111,none,2024-02-12,VDC-IT TRALEE NORT,none,-1.6,EUR,none,False
cdb5296b-01b8-48b1-98d5-538e9d1fcc67,000000 - 00000111,none,2024-02-12,VDC-IT TRALEE NORT,none,-3.1,EUR,none,False
b9b81188-3f9f-4f2d-9259-4802943fb69f,000000 - 00000111,none,2024-02-12,VDC-LIDL IRELAND L,none,-8.46,EUR,none,False
56dbbc4b-55ac-44d5-a47b-2af4def6c6c3,000000 - 00000111,none,2024-02-12,VDC-TESCO STORES 3,none,-3.0,EUR,none,False
c4bc281c-f8e9-4b2b-95f9-aa66de2bf323,000000 - 00000111,none,2024-02-12,VDC-C.H.CHEMISTS,none,-25.2,EUR,none,False
6270d6a3-b9a9-4b5b-81f1-d2bd9fbe0937,000000 - 00000111,none,2024-02-13,VDC-BOOTS RETAIL17,none,-1.99,EUR,none,False
b3930ed8-bea2-4009-a03a-b96af1ec7d10,000000 - 00000111,none,2024-02-13,VDC-LIDL IRELAND L,none,-6.02,EUR,none,False
541ef52b-b825-48c6-9554-1cb734b6a0be,000000 - 00000111,none,2024-02-13,VDC-TESCO STORES 3,none,-2.5,EUR,none,False
47b1b64a-bca6-4eb4-a0c8-1a545c4f761e,000000 - 00000001,none,2024-02-14,VDP-ALIEXPRESS.COM,none,-11.66,EUR,none,False
a3007554-4131-49fb-82f4-ffe6df8d8027,000000 - 00000111,none,2024-02-14,VDC-TESCO STORES 3,none,-1.96,EUR,none,False
b730c657-4b15-41f4-a2aa-4955f362d7ea,000000 - 00000111,none,2024-02-14,VDC-LIDL IRELAND L,none,-2.28,EUR,none,False
501e80c3-8981-4e90-9496-54350f8fe9e7,000000 - 00000111,none,2024-02-14,VDP-Vesta EIR TopU,none,-20.0,EUR,none,False
d3bf8acd-9b5c-4b1e-912d-b5895db8e44b,000000 - 00000111,none,2024-02-14,VDC-LIDL IRELAND L,none,-1.0,EUR,none,False
defed212-9394-4d28-ac7a-2df5ea09bb1b,000000 - 00000111,none,2024-02-15,VDP-Feel Unique,none,-62.07,EUR,none,False
46005553-93e4-4502-b155-3d08f8360260,000000 - 00000111,none,2024-02-15,VDP-Feel Unique,none,47.88,EUR,none,False
4ca25fcc-327a-401f-91d8-918f1057db29,000000 - 00000111,none,2024-02-16,VDC-PENNEYS TRALEE,none,-15.0,EUR,none,False
31a8c0be-32f0-4a94-9232-ee83c78de31c,000000 - 00000111,none,2024-02-16,VDC-PENNEYS TRALEE,none,-8.0,EUR,none,False
0609becf-ef01-4b12-8a7f-59c2b0329953,000000 - 00000111,none,2024-02-16,VDC-Mercury Food D,none,-18.57,EUR,none,False
074335df-8a7b-4140-a5c4-cb9921a2a5fb,000000 - 00000111,none,2024-02-16,VDC-LIDL IRELAND L,none,-10.78,EUR,none,False
dd8f978c-6a6f-41b0-9362-e3872dbdd3bd,000000 - 00000111,none,2024-02-16,VDC-PENNEYS TRALEE,none,-6.0,EUR,none,False
f604ea36-2258-409b-ae29-c89a0352fb7c,000000 - 00000001,none,2024-02-16,VDC-LIDL IRELAND L,none,-26.87,EUR,none,False
ad871b83-cca9-4db0-b8d9-3c3223073500,000000 - 00000001,none,2024-02-16,VDC-SQ *MADDENS,none,-8.4,EUR,none,False
8ea10d71-2e35-4665-ad0e-e91f460c1c87,000000 - 00000001,none,2024-02-16,VDC-DUNNES TRALEE,none,-1.0,EUR,none,False
41555d98-6fb4-459c-a73f-badfa3f1eef5,000000 - 00000111,none,2024-02-19,VDC-ZONE STREET FO,none,-19.45,EUR,none,False
b24aedb4-e069-463c-84e4-71be437b64ec,000000 - 00000111,none,2024-02-19,VDC-TESCO STORES 3,none,-0.62,EUR,none,False
df9fff9b-63bd-4f64-90d4-5052a78964cc,000000 - 00000111,none,2024-02-19,VDC-T K MAXX,none,-16.0,EUR,none,False
99aaa227-a1ad-4793-8e08-03fa29bb1658,000000 - 00000111,none,2024-02-19,VDC-PEPCO 1624,none,-5.2,EUR,none,False
778d0817-5f48-4134-badd-d44e6863c627,000000 - 00000111,none,2024-02-19,VDC-LIDL IRELAND L,none,-4.99,EUR,none,False
50cbeec2-9b66-42cb-ba74-b98f156cbd02,000000 - 00000111,none,2024-02-19,VDC-GARVEYS SUPERV,none,-1.5,EUR,none,False
e1dfeb97-6664-4848-b4b0-b41a439d2943,000000 - 00000111,none,2024-02-19,VDC-DUNNES TRALEE,none,-6.9,EUR,none,False
bcab101a-4d80-48d5-b59f-3220f7675a11,000000 - 00000111,none,2024-02-19,VDC-DUNNES KILLARN,none,-1.85,EUR,none,False
0f84c9ba-d229-4bfc-b094-4dbc3bfa903c,000000 - 00000111,none,2024-02-19,VDC-ALDI 105 873,none,-4.68,EUR,none,False
0fc21643-ce7e-4e67-8357-714137c91bf0,000000 - 00000111,none,2024-02-19,VDP-Feel Unique,none,-47.88,EUR,none,False
3f5470b7-3f55-4cfe-9d82-4bd50757cdcf,000000 - 00000001,none,2024-02-19,VDC-SQ *BRIO BRUNC,none,-7.0,EUR,none,False
8dfccab7-fd59-4de5-8ba2-d9e56ae04645,000000 - 00000001,none,2024-02-19,VDC-CARRYOUT OFF L,none,-7.99,EUR,none,False
e5de7b47-f27b-48d6-bfa3-ef2b9efca253,000000 - 00000111,none,2024-02-19,VDP-IRISH RAIL 663,none,-7.5,EUR,none,False
36e8d3d1-2bdb-4599-be6b-0fba1873efde,000000 - 00000001,none,2024-02-20,VDC-LIDL IRELAND L,none,-0.99,EUR,none,False
dac36177-4348-412e-a975-6754f11d8243,000000 - 00000001,none,2024-02-20,VDC-IT TRALEE NORT,none,-4.1,EUR,none,False
070961b1-d683-4ec2-a8a3-d5d0c9ebfa81,000000 - 00000001,none,2024-02-20,*ATMLDG TRALEE   D,Card ending: 6180,20.0,EUR,none,False
03059b07-9452-4f27-886b-668638bce523,000000 - 00000111,none,2024-02-20,VDP-Feel Unique,none,47.88,EUR,none,False
caa418b5-3714-4012-9258-60badf2f2d0e,000000 - 00000111,none,2024-02-20,VDC-IT TRALEE NORT,none,-1.0,EUR,none,False
556de03e-cbe3-404a-8e37-b0d5dbf612ff,000000 - 00000001,none,2024-02-21,T00000022,SCHOLARSHIP,0.0,EUR,none,False
20670bc6-8574-4537-a39c-d2d3b34ec11d,000000 - 00000001,none,2024-02-21,*MOBI  TOP-UP,000000007,-20.0,EUR,none,False
3358b9ec-08d3-4088-8649-6578c3faf386,000000 - 00000001,none,2024-02-21,VDC-IT TRALEE NORT,none,-2.3,EUR,none,False
1e436195-1d3f-46d7-8846-06e4e0e14465,000000 - 00000001,none,2024-02-21,ATM TRALEE   B,21FEB24 TIME 14:24,0.0,EUR,none,False
34fd6a4b-f74c-4854-8650-7b2f4b52f452,000000 - 00000111,none,2024-02-21,T00000044,SCHOLARSHIP,0.0,EUR,none,False
e7080357-c778-47a9-9c29-eaad2250d9e0,000000 - 00000111,none,2024-02-21,VDC-IT TRALEE NORT,none,-3.35,EUR,none,False
50d178c9-04b4-43a2-83b2-dd33b92c0358,000000 - 00000111,none,2024-02-22,VDC-IT TRALEE NORT,none,-3.1,EUR,none,False
42c634ef-0633-47c5-a4e5-046f59e81f8c,000000 - 00000001,none,2024-02-22,VDC-IT TRALEE NORT,none,-1.6,EUR,none,False
a0a91b70-da81-4751-9f8b-ae649dea24a7,000000 - 00000111,none,2024-02-22,VDC-LIDL IRELAND L,none,-1.88,EUR,none,False
5b96343d-0e56-48a4-82fe-cef8f3dd46f1,000000 - 00000001,none,2024-02-23,VDC-PENNEYS TRALEE,none,-18.0,EUR,none,False
b0850e67-4d39-4ace-8257-ba72357d3eb3,000000 - 00000001,none,2024-02-23,VDC-PENNEYS TRALEE,none,-16.55,EUR,none,False
65434fde-e588-44ea-a619-b32306ea26f4,000000 - 00000001,none,2024-02-23,VDC-IT TRALEE NORT,none,-3.9,EUR,none,False
3a924b36-f05e-45da-b5ef-19fa7d8fd7b0,000000 - 00000001,none,2024-02-23,VDC-IT TRALEE NORT,none,-1.7,EUR,none,False
2856339c-462a-415a-a5b8-65ad87e2f3e1,000000 - 00000001,none,2024-02-26,VDC-THE RANGE,none,-5.95,EUR,none,False
bd3f4fe8-d036-4ce8-8890-1af6a1462926,000000 - 00000001,none,2024-02-26,VDC-TESCO STORES 3,none,-5.15,EUR,none,False
7054fde2-96e0-450e-b6e3-d401d4ba4384,000000 - 00000001,none,2024-02-26,VDC-T K MAXX,none,-10.99,EUR,none,False
deb255d9-93ca-469d-94c3-17a26c95e16a,000000 - 00000001,none,2024-02-26,VDC-LIDL IRELAND L,none,-13.97,EUR,none,False
57ff88bd-5383-4cd3-bb31-a390e71bfda3,000000 - 00000001,none,2024-02-26,VDC-ALDI 105 873,none,-10.01,EUR,none,False
b9cca12e-43e7-4dbb-a98e-ef4a22e364b6,000000 - 00000001,none,2024-02-26,VDP-Spotify P2A198,none,-5.99,EUR,none,False
610ee5f3-e2a4-46c1-abf4-3fbc7742b302,000000 - 00000111,none,2024-02-26,VDC-DUNNES TRALEE,none,-4.0,EUR,none,False
cd539cd9-c2d6-4b72-aeb9-3bb113ed518f,000000 - 00000111,none,2024-02-26,VDC-DUNNES TRALEE,none,-7.0,EUR,none,False
976c4eb0-c519-4b29-b59f-88c73e420788,000000 - 00000111,none,2024-02-26,VDC-TESCO STORES 3,none,-2.5,EUR,none,False
fc4457e1-f4ea-4cbf-8bfd-2097f8aead68,000000 - 00000111,none,2024-02-26,VDC-THE RANGE,none,-4.8,EUR,none,False
b5c08726-dc41-444c-9982-f6190d271c2d,000000 - 00000111,none,2024-02-26,VDC-PENNEYS TRALEE,none,15.0,EUR,none,False
fc507820-036c-4ca2-abb3-e13b77bba72e,000000 - 00000001,none,2024-02-27,VDC-IT TRALEE NORT,none,-1.5,EUR,none,False
abddd40d-2422-4e03-9855-41b38ab1c399,000000 - 00000111,none,2024-02-27,VDC-LIDL IRELAND L,none,-0.79,EUR,none,False
b0d6ef4f-e8b2-4acc-aed6-f459d9d95cf8,000000 - 00000001,none,2024-02-27,VDC-IT TRALEE NORT,none,-1.4,EUR,none,False
3b36155d-4152-4c2a-ab53-47036a642500,000000 - 00000001,none,2024-02-27,VDC-LIDL IRELAND L,none,-2.98,EUR,none,False
45644e5e-7f31-43fd-a0a4-6dc09a963869,000000 - 00000001,none,2024-02-28,VDC-IT TRALEE NORT,none,-3.1,EUR,none,False
4bf57e7c-75c1-4f29-89cc-9b966f7e2fff,000000 - 00000111,none,2024-02-28,VDP-ASOS.COM,none,-83.3,EUR,none,False
126be3cf-4a2d-4627-bfbd-818e91800d90,000000 - 00000111,none,2024-02-28,VDC-IT TRALEE NORT,none,-3.1,EUR,none,False
c4f36b2a-43b4-411e-bdc7-9e4491df2231,000000 - 00000001,none,2024-02-28,VDC-SumUp  *Yusuf,none,-3.5,EUR,none,False
623a921e-470a-4019-bebf-8ed569322b7f,000000 - 00000001,none,2024-02-29,VDP-UNHCR Refugee,none,-3.0,EUR,none,False
132a4aa0-42a1-44f0-9199-c2afa2fc33c4,000000 - 00000001,none,2024-02-29,VDC-IT TRALEE NORT,none,-3.1,EUR,none,False
7c96b93e-21ab-4196-982d-0e196d50ef16,000000 - 00000111,none,2024-02-29,VDC-TESCO STORES 3,none,-1.24,EUR,none,False
125878be-ddd0-4b22-a37c-aa6c2f0c9ae3,000000 - 00000111,none,2024-02-29,VDP-GlobalE /MarcJ,none,-225.0,EUR,none,False
b2ea7438-2651-49a4-b524-bf4b061c9514,000000 - 00000111,none,2024-02-29,VDC-IT TRALEE NORT,none,-3.1,EUR,none,False
4325322b-099b-4a32-a798-6964e7e77b11,000000 - 00000111,none,2024-02-29,VDC-LIDL IRELAND L,none,-0.99,EUR,none,False
105cb673-0b0c-4414-8531-86fffa957d3b,000000 - 00000001,none,2024-03-01,VDP-H  M Hennes  M,none,-36.98,EUR,none,False
b7f807c5-1efe-49bf-a1ca-298b5d3d27a4,000000 - 00000001,none,2024-03-01,VDC-IT TRALEE NORT,none,-3.1,EUR,none,False
346961aa-ba0e-4635-bd3f-4c2948520266,000000 - 00000111,none,2024-03-01,VDC-LIDL IRELAND L,none,-11.26,EUR,none,False
be2ea310-5573-4b46-848e-7ca23e526b3e,000000 - 00000111,none,2024-03-01,VDC-IT TRALEE NORT,none,-2.5,EUR,none,False
7a25c3ef-618b-415c-aa73-7f6458b5a3c0,000000 - 00000001,none,2024-03-04,*ATMLDG TRALEE   D,Card ending: 6180,100.0,EUR,none,False
9600ab12-096d-4e65-afd2-65d4334b3501,000000 - 00000001,none,2024-03-04,*MOBI 00000000,none,-6.0,EUR,none,False
b01928fc-bdb4-47a8-82af-cb737436d013,000000 - 00000001,none,2024-03-04,VDC-DUNNES TRALEE,none,-15.0,EUR,none,False
cf6fe4d7-58f3-4e6b-9988-83a72c6cc758,000000 - 00000001,none,2024-03-04,VDC-IT TRALEE NORT,none,-3.1,EUR,none,False
e87ed682-7ca4-442a-8605-752e33a55ec1,000000 - 00000001,none,2024-03-04,VDC-LIDL IRELAND L,none,-10.61,EUR,none,False
68c83c83-d6e2-407d-9c05-e5725ad75608,000000 - 00000111,none,2024-03-04,VDP-Feel Unique,none,-47.88,EUR,none,False
cd813640-860e-4eea-802e-a4fe1ccad9b4,000000 - 00000111,none,2024-03-04,VDP-Feel Unique,none,47.88,EUR,none,False
a52a0ca3-d4b4-4104-91c0-5933e3f5c848,000000 - 00000111,none,2024-03-04,VDC-IT TRALEE NORT,none,-4.7,EUR,none,False
167922ac-c5b8-4da4-8fbd-3015c5a5631f,000000 - 00000111,none,2024-03-04,VDC-LIDL IRELAND L,none,-3.69,EUR,none,False
7653b522-722f-4804-8796-7c491d35d0a9,000000 - 00000111,none,2024-03-04,VDC-LIDL IRELAND L,none,-3.99,EUR,none,False
aa9c3c78-2bb9-430f-9a5b-edd78cc00aa9,000000 - 00000111,none,2024-03-04,VDC-MC CAFFREY,none,-10.0,EUR,none,False
0aed1eca-889b-4038-a0f9-05774b309f71,000000 - 00000111,none,2024-03-04,VDC-PENNEYS TRALEE,none,-3.5,EUR,none,False
0b4a2276-a39b-4794-8912-005b9b0459d3,000000 - 00000111,none,2024-03-04,VDC-Sean Ogs Bar a,none,-20.0,EUR,none,False
755cedbf-f5d4-466f-9d1f-a9c48be7b87e,000000 - 00000111,none,2024-03-04,VDC-TESCO STORES 3,none,-32.5,EUR,none,False
3568c089-7480-4ad0-9f2a-5416ec08621a,000000 - 00000001,none,2024-03-05,VDC-LIDL IRELAND L,none,-1.99,EUR,none,False
ac0aed96-460d-4118-83a0-b4506f414136,000000 - 00000111,none,2024-03-05,VDC-TESCO STORES 3,none,-1.5,EUR,none,False
573baa07-7457-4f8e-a7f0-49489f332e07,000000 - 00000111,none,2024-03-05,VDC-IT TRALEE NORT,none,-3.1,EUR,none,False
da3b38c8-250d-4f49-8217-f30be84a97c0,000000 - 00000001,none,2024-03-05,VDC-IT TRALEE NORT,none,-3.1,EUR,none,False
25f8a3e9-5f52-4597-b33b-8ff8ed48dea2,000000 - 00000001,none,2024-03-05,VDC-IT TRALEE NORT,none,-1.6,EUR,none,False
ca66cdc0-4f8e-41db-812f-8b0c870b5696,000000 - 00000001,none,2024-03-06,VDC-LIDL IRELAND L,none,-0.65,EUR,none,False
b6557483-ac06-47bc-8044-03af112ddbaf,000000 - 00000001,none,2024-03-06,VDC-IT TRALEE NORT,none,-4.1,EUR,none,False
8adc00f6-789f-439f-93e0-17849a4ad1ae,000000 - 00000001,none,2024-03-06,VDP-COMPLETESAVE.I,none,-15.0,EUR,none,False
2c7b54d7-d459-4ea7-8980-edbbe7fe91c8,000000 - 00000001,none,2024-03-07,VDC-PENNEYS TRALEE,none,-2.9,EUR,none,False
fc2751d6-5ccb-4c65-9e65-e4cc6e332c96,000000 - 00000001,none,2024-03-07,VDC-T K MAXX,none,-13.98,EUR,none,False
35423a46-05e4-4010-aaba-f0e9e6e4cc99,000000 - 00000001,none,2024-03-07,VDP-LEAP CARD APP,none,-5.0,EUR,none,False
596258e1-a279-4ac1-a734-5938d6c62669,000000 - 00000001,none,2024-03-07,VDC-IT TRALEE NORT,none,-1.6,EUR,none,False
8f225e0a-adb1-4377-acf7-e6198bf6aa0f,000000 - 00000001,none,2024-03-07,VDC-IT TRALEE NORT,none,-1.4,EUR,none,False
43c8866f-a19d-4cb1-950a-5701f03b2dc1,000000 - 00000111,none,2024-03-07,VDC-TESCO STORES 3,none,-15.35,EUR,none,False
d81d68be-c595-4bd7-b197-f7bf203faffa,000000 - 00000111,none,2024-03-07,VDC-T K MAXX,none,-29.98,EUR,none,False
1f5de0d3-5e51-4ba3-b75c-d29981dd84e0,000000 - 00000111,none,2024-03-07,VDC-TESCO STORES 3,none,-4.95,EUR,none,False
586fff39-513d-4eae-98d3-11f1a3a119cc,000000 - 00000111,none,2024-03-07,VDC-IT TRALEE NORT,none,-4.7,EUR,none,False
d96a9b2c-1945-4fb2-ad84-d69d13ac7cdf,000000 - 00000111,none,2024-03-08,VDC-LIDL IRELAND L,none,-11.17,EUR,none,False
88d93066-3366-4436-a2a9-54b5b6c98c70,000000 - 00000111,none,2024-03-08,VDC-TESCO STORES 3,none,-3.5,EUR,none,False
c3c7abb1-d4e3-4f1b-bfbe-349f0b160cd9,000000 - 00000001,none,2024-03-08,VDC-IT TRALEE NORT,none,-3.1,EUR,none,False
66c57204-1728-4f8f-adcc-dd818a940f69,000000 - 00000001,none,2024-03-08,VDC-IT TRALEE NORT,none,-3.05,EUR,none,False
6ac742a9-cd02-42b5-b68e-9c3ed2d89fac,000000 - 00000111,none,2024-03-08,VDC-ALDI 105 873,none,-4.91,EUR,none,False
fe692259-432f-4d92-abe3-e0b89299d283,000000 - 00000001,none,2024-03-11,VDC-TESCO STORES 3,none,-6.0,EUR,none,False
6e56f683-cca9-40d4-ae80-07932696930b,000000 - 00000001,none,2024-03-11,VDC-PEPCO 1624,none,-5.3,EUR,none,False
95fa195b-61f7-43b7-9fa0-f40cfe6c6308,000000 - 00000001,none,2024-03-11,VDC-PEPCO 1624,none,-3.5,EUR,none,False
a2b42de1-975e-46cd-81cf-b3e9a28be377,000000 - 00000001,none,2024-03-11,*ATMLDG TRALEE   C,Card ending: 6180,200.0,EUR,none,False
1957b634-c8b5-4ae3-b2f2-493a35810aa5,000000 - 00000001,none,2024-03-11,VDC-PENNEYS TRALEE,none,-2.0,EUR,none,False
99dec49b-48b0-4b75-a6c8-9b2f86198199,000000 - 00000001,none,2024-03-11,VDC-LIDL IRELAND L,none,-4.28,EUR,none,False
927a6df8-8296-47ba-bd47-7a80feae7323,000000 - 00000001,none,2024-03-11,VDC-C.H.CHEMISTS,none,-26.99,EUR,none,False
eb60a255-4bb8-4ef8-913a-36af1b47f7fa,000000 - 00000111,none,2024-03-11,VDC-LIDL IRELAND L,none,-1.5,EUR,none,False
19624efa-54a4-4f44-9c8a-efe1e5a6362e,000000 - 00000111,none,2024-03-11,VDC-LIDL IRELAND L,none,-12.26,EUR,none,False
c227c4f6-ec00-4aa4-a2e4-f1cabbcf06f9,000000 - 00000111,none,2024-03-11,VDC-GARVEYS SUPERV,none,-6.0,EUR,none,False
0283a035-d441-469c-a2cd-da25ee243133,000000 - 00000111,none,2024-03-11,VDC-IT TRALEE NORT,none,-4.7,EUR,none,False
5639d3a3-d130-4a6d-b92d-5d9350ba4467,000000 - 00000111,none,2024-03-11,VDC-PENNEYS TRALEE,none,-2.9,EUR,none,False
78ee7c1e-ab59-4354-accc-9be699366870,000000 - 00000001,none,2024-03-11,VDC-IT TRALEE NORT,none,-1.7,EUR,none,False
2fc8cb50-7649-4ed6-b509-9ae4471829b4,000000 - 00000001,none,2024-03-11,VDC-GARVEYS SUPERV,none,-21.2,EUR,none,False
150a90ee-0b53-4821-873c-49c6970c2dd5,000000 - 00000001,none,2024-03-12,VDC-IT TRALEE NORT,none,-2.5,EUR,none,False
fc5be149-177b-4534-8e4f-8f7dd5b25258,000000 - 00000001,none,2024-03-12,VDP-IRISH RAIL 643,none,-69.56,EUR,none,False
aa198d47-59c6-46a3-9a6b-5754063339c1,000000 - 00000111,none,2024-03-12,VDC-IT TRALEE NORT,none,-1.6,EUR,none,False
703c4cfa-5850-4c3e-848b-426102e450a9,000000 - 00000111,none,2024-03-13,VDC-LIDL IRELAND L,none,-9.3,EUR,none,False
e0d51ddd-e47a-4a8d-b323-2b0cfb478152,000000 - 00000001,none,2024-03-13,VDP-STYLEVANA,none,-36.39,EUR,none,False
bc16db86-a237-4ce0-9c66-99bebf72187b,000000 - 00000111,none,2024-03-13,VDC-IT TRALEE NORT,none,-3.1,EUR,none,False
6e69a1ac-50e1-453e-9ca3-500dadf0e241,000000 - 00000111,none,2024-03-13,VDC-IT TRALEE NORT,none,-1.4,EUR,none,False
cd0ec569-77ee-403a-b305-c6d5c7cb370d,000000 - 00000111,none,2024-03-13,VDC-EIR TRALEE,none,-20.0,EUR,none,False
01a1b5ce-46e1-4744-a4e4-0a73c8dfc7e1,000000 - 00000111,none,2024-03-14,VDC-DUNNES TRALEE,none,-7.0,EUR,none,False
991e5a89-de0d-4779-971f-63ad442e4a96,000000 - 00000111,none,2024-03-14,VDC-PEPCO 1624,none,-1.5,EUR,none,False
ac0ae898-7c64-4e77-87ba-3b2f22f6eb59,000000 - 00000111,none,2024-03-14,VDC-IT TRALEE NORT,none,-3.1,EUR,none,False
8d241849-f781-4f34-9c29-3df8b7e53673,000000 - 00000111,none,2024-03-14,VDC-DUNNES TRALEE,none,-5.0,EUR,none,False
c5e562b1-8154-4164-a323-4551fde980d0,000000 - 00000001,none,2024-03-14,VDC-IT TRALEE NORT,none,-1.7,EUR,none,False
3a36d7ad-2b44-4051-b6e9-4fa17012d0ba,000000 - 00000001,none,2024-03-15,VDC-PENNEYS TRALEE,none,-6.5,EUR,none,False
0a3cd23d-5531-4282-a962-283d14c1271f,000000 - 00000111,none,2024-03-15,VDC-LIDL IRELAND L,none,-6.35,EUR,none,False
85c80c6b-0687-49da-9188-8682a16ba24f,000000 - 00000001,none,2024-03-15,VDC-DUNNES TRALEE,none,-5.38,EUR,none,False
d2784b67-7a97-46e6-b8cd-d3f2fdc7267c,000000 - 00000001,none,2024-03-19,VDP-PAYPAL *BOOKIN,none,-128.3,EUR,none,False
b2624ffc-6048-4bc3-8edf-83cb79718038,000000 - 00000001,none,2024-03-19,KATERYNA FRIEND,none,4.7,EUR,none,False
65fc3c2e-fcbd-4f39-b74f-e29b67d51343,000000 - 00000001,none,2024-03-19,NA HLEBUSHEK,none,4.7,EUR,none,False
c270d4d2-e5f9-49bf-b6b8-d6e1936dc9fc,000000 - 00000001,none,2024-03-19,VDP-shein.com,none,-69.86,EUR,none,False
4a299481-fde7-434b-a8bf-99dd5af63011,000000 - 00000001,none,2024-03-19,VDP-AMZN Marketpla,none,-76.74,EUR,none,False
abc02311-d19e-41be-a680-6dfb00a5eef3,000000 - 00000001,none,2024-03-19,*MOBI  TOP-UP,000000007,-20.0,EUR,none,False
8f03ef5a-0cfa-4520-9991-4a5a3f8c03d2,000000 - 00000001,none,2024-03-19,*ATMLDG TRALEE   C,Card ending: 6180,350.0,EUR,none,False
3bbd666c-5ab5-4df1-90b0-3fa150a650ca,000000 - 00000001,none,2024-03-19,VDC-IT TRALEE NORT,none,-3.1,EUR,none,False
04a701f4-18c2-453c-9ee6-4b8650e38e32,000000 - 00000001,none,2024-03-19,VDC-BOOTS RETAIL17,none,-28.49,EUR,none,False
3be95cc8-c403-4983-b6f7-d22639a68f85,000000 - 00000001,none,2024-03-19,VDC-LIDL IRELAND L,none,-9.08,EUR,none,False
da4b1192-e0e7-4ef3-8116-a072df7ca956,000000 - 00000111,none,2024-03-19,VDC-T K MAXX,none,-10.99,EUR,none,False
b9a3ac8b-4fd3-4e97-90c0-b6ead0d5db37,000000 - 00000111,none,2024-03-19,VDC-LIDL IRELAND L,none,-13.65,EUR,none,False
aa4b8cd1-e0ea-4cdb-8095-8a247f053016,000000 - 00000111,none,2024-03-19,VDC-LIDL IRELAND L,none,-5.67,EUR,none,False
2767d7ab-18ec-48de-86b4-3dd94e599e74,000000 - 00000001,none,2024-03-19,VDC-BOOTS RETAIL17,none,-11.99,EUR,none,False
c45d90b1-6be9-4bd1-9112-43d89b01d4f3,000000 - 00000111,none,2024-03-19,VDC-LIDL IRELAND L,none,-2.49,EUR,none,False
e81a5192-31f3-4f6e-9e9a-59597f475351,000000 - 00000111,none,2024-03-19,VDC-LIDL IRELAND L,none,-0.99,EUR,none,False
09be2687-fba0-4e88-8106-4aba752aa403,000000 - 00000111,none,2024-03-19,VDC-LANA TRALEE,none,-12.95,EUR,none,False
225cc210-7620-478c-a762-b285d9fb8ded,000000 - 00000111,none,2024-03-19,VDC-JACK MACS PUB,none,-11.4,EUR,none,False
c296b7e0-47c3-4e3b-acdd-2a245c38f61e,000000 - 00000111,none,2024-03-19,VDC-IT TRALEE NORT,none,-3.1,EUR,none,False
15fe9c2a-9508-4903-bff9-b6ef65395e53,000000 - 00000111,none,2024-03-19,VDC-EUROGIANT TRAL,none,-1.5,EUR,none,False
b38f2953-3eaa-4878-8868-70cdf93bf9c9,000000 - 00000111,none,2024-03-19,VDC-DUNNES TRALEE,none,-3.65,EUR,none,False
2548200b-6f02-4067-bb68-ab6ebdaf68cd,000000 - 00000111,none,2024-03-19,VDC-DUNNES TRALEE,none,-1.75,EUR,none,False
3208d654-1465-4adf-b6da-c4a579f47efc,000000 - 00000111,none,2024-03-19,VDC-C.H.CHEMISTS,none,-16.5,EUR,none,False
dea46247-7fda-4b10-a728-8da04f9b8122,000000 - 00000111,none,2024-03-19,*MOBI ZA COFFEE,none,-4.7,EUR,none,False
46985348-bea5-4e8d-9266-8cedf7411739,000000 - 00000111,none,2024-03-19,VDP-FlowComm/HausL,none,-97.9,EUR,none,False
093a483f-83a3-4f06-be25-2194ba6acc25,000000 - 00000111,none,2024-03-19,VDP-ALIEXPRESS.COM,none,-26.59,EUR,none,False
e942a893-335f-40b8-9f92-1ae4e8758c08,000000 - 00000001,none,2024-03-19,VDC-PENNEYS TRALEE,none,-12.95,EUR,none,False
a007825f-3309-4897-8a9d-fddaa52d37f3,000000 - 00000001,none,2024-03-19,VDC-LIDL IRELAND L,none,-5.44,EUR,none,False
11dba775-2176-40e2-aed5-0b7b6b88bb1c,000000 - 00000111,none,2024-03-19,VDC-TESCO STORES 3,none,-1.25,EUR,none,False
9ce5376d-3b29-466b-b94c-475d930cba78,000000 - 00000111,none,2024-03-20,VDP-ROI ECOMM,none,-55.84,EUR,none,False
4b9b743b-0f84-49c8-b5f2-6570f38fadc1,000000 - 00000001,none,2024-03-20,VDC-IT TRALEE NORT,none,-1.4,EUR,none,False
417e2415-c6ee-48f8-9921-1f875c3023b9,000000 - 00000001,none,2024-03-20,VDC-LIDL IRELAND L,none,-3.51,EUR,none,False
f91f06cd-31be-4076-a5bf-731b2326aeac,000000 - 00000111,none,2024-03-21,VDC-C.H.CHEMISTS,none,-13.5,EUR,none,False
ea32e5ef-e772-44fa-a08d-ae3c2b0062b9,000000 - 00000001,none,2024-03-21,T00000022,SCHOLARSHIP,0.0,EUR,none,False
d9c091b6-6d74-4232-942a-b925f2610270,000000 - 00000001,none,2024-03-21,VDC-IT TRALEE NORT,none,-3.1,EUR,none,False
37e2e6c9-17f2-42df-99a4-71ba7da785b7,000000 - 00000111,none,2024-03-21,T00000044,SCHOLARSHIP,0.0,EUR,none,False
5f090c76-f34f-4f68-a6c1-e5f6ff785f51,000000 - 00000111,none,2024-03-21,VDC-IT TRALEE NORT,none,-3.1,EUR,none,False
db83577f-b498-405c-bf35-2cf80c1d65c3,000000 - 00000111,none,2024-03-21,VDC-GARVEYS SUPERV,none,-4.99,EUR,none,False
7a82fc2b-64e1-41e4-8472-244e22b111ca,000000 - 00000111,none,2024-03-22,VDC-PEPCO 1624,none,-2.0,EUR,none,False
2e3b70b2-23b0-41b4-a6f3-132c2a65b1e6,000000 - 00000001,none,2024-03-22,VDC-IT TRALEE NORT,none,-3.1,EUR,none,False
4688cb3a-b878-44ea-9a3c-d659c0961735,000000 - 00000111,none,2024-03-22,VDC-LIDL IRELAND L,none,-10.58,EUR,none,False
40b9c4dc-6d03-44a0-86ac-52f77733421e,000000 - 00000111,none,2024-03-22,VDC-IT TRALEE NORT,none,-3.1,EUR,none,False
49f9101d-d71d-4fb0-9493-ce8d84988e06,000000 - 00000111,none,2024-03-22,VDP-ASOS.COM,none,59.99,EUR,none,False
08428667-3afc-4a48-912d-0fec4bfe52f2,000000 - 00000001,none,2024-03-25,VDC-H M,none,-36.98,EUR,none,False
46352faf-7d1a-4319-9277-81c2fcb09661,000000 - 00000001,none,2024-03-25,VDC-IT TRALEE NORT,none,-3.1,EUR,none,False
e743e3bb-e7b4-4d9a-b904-cd6e883a85ff,000000 - 00000001,none,2024-03-25,VDC-IT TRALEE NORT,none,-3.1,EUR,none,False
3c56a600-fe46-482f-b599-300e6850cee2,000000 - 00000001,none,2024-03-25,VDP-LEAP CARD APP,none,-5.0,EUR,none,False
4709d12c-9570-4274-81f4-433221af7cee,000000 - 00000111,none,2024-03-25,VDC-DUNNES TRALEE,none,-5.95,EUR,none,False
75abb078-aa77-4d78-8ddd-60bb1238a634,000000 - 00000111,none,2024-03-25,VDC-TAKARA,none,-24.0,EUR,none,False
d8315058-caf9-4084-b8e3-90094d9457bd,000000 - 00000111,none,2024-03-25,VDC-SV ASTON QUAY,none,-6.11,EUR,none,False
4d96d40c-c231-467f-9e34-f3ac51358a89,000000 - 00000111,none,2024-03-25,VDC-SumUp  *Pocha,none,-6.0,EUR,none,False
6bb80376-3ef9-4335-93e3-04b96baaa0bf,000000 - 00000111,none,2024-03-25,VDC-PULL AND BEAR,none,-36.09,EUR,none,False
8c7278ee-3b3e-43e4-a1db-6286af2e65fe,000000 - 00000111,none,2024-03-25,VDC-MCDONALDS7001,none,-3.5,EUR,none,False
3ff3cf64-c5eb-4120-83ff-1806b7bddf7b,000000 - 00000111,none,2024-03-25,VDC-MARKS & SPENCE,none,-17.0,EUR,none,False
0f1fd912-fb75-42fe-87f8-c316b1d8b9a1,000000 - 00000111,none,2024-03-25,VDC-LIDL IRELAND L,none,-1.66,EUR,none,False
3ebb4c6b-b568-45c5-97c7-5c043603ca63,000000 - 00000111,none,2024-03-25,VDC-IT TRALEE NORT,none,-3.1,EUR,none,False
22d13c64-2d2c-44af-a6e0-6993469eaa3b,000000 - 00000001,none,2024-03-25,VDC-NATIONAL MERCH,none,-35.0,EUR,none,False
af335df5-bb1b-43a8-90c9-b23f4ea17c8e,000000 - 00000111,none,2024-03-25,VDC-BERSHKA JERVIS,none,-7.99,EUR,none,False
f02adb46-7439-4884-a3f0-71ad6d85f999,000000 - 00000111,none,2024-03-25,VDP-CITI BUS WEBSI,none,-22.5,EUR,none,False
b2ffa0ee-4601-44c0-8755-f2a3c1d9b781,000000 - 00000001,none,2024-03-25,VDC-STRADIVARIUS J,none,-15.99,EUR,none,False
cf7f5290-d4e3-4020-b750-0517690c3f23,000000 - 00000111,none,2024-03-25,VDC-TESCO STORES 4,none,-1.55,EUR,none,False
d48d516c-b735-4162-bd5b-0f72a025b511,000000 - 00000001,none,2024-03-25,VDC-NYA*Louis and,none,-6.0,EUR,none,False
77e0c2ac-5a13-4860-917c-6bc385754aee,000000 - 00000001,none,2024-03-25,VDC-VS GRAFTON STR,none,-72.5,EUR,none,False
68084eb2-ceff-4bf6-9c35-6fc5a0413821,000000 - 00000001,none,2024-03-26,VDC-FRESH THE GOOD,none,-15.6,EUR,none,False
a30759e3-6fd7-49f9-8160-6c433cfe0d53,000000 - 00000001,none,2024-03-26,VDC-ASIA MARKET-RE,none,-32.9,EUR,none,False
0078da7a-5bd2-4149-aa02-7dce054ce791,000000 - 00000001,none,2024-03-26,VDP-Spotify P2AE0A,none,-5.99,EUR,none,False
aea3221b-ee5d-4b54-b815-ea31d54d5309,000000 - 00000111,none,2024-03-27,VDP-shein.com,none,-24.55,EUR,none,False
fec3ac9b-2108-42bb-9716-65cd5a92fbfd,000000 - 00000111,none,2024-03-27,VDP-ELECTRIC IRELA,none,-181.72,EUR,none,False
5be8219c-12a5-4fad-9fdc-d3bc0c828005,000000 - 00000111,none,2024-03-27,VDP-Zara.com,none,-69.9,EUR,none,False
0fc54b03-2ba3-4697-9499-fbbf3d01e907,000000 - 00000111,none,2024-03-27,VDC-DUNNES TRALEE,none,-1.59,EUR,none,False
7e8c694f-7cd2-410a-bf40-089303290bd5,000000 - 00000111,none,2024-03-27,VDC-LIDL IRELAND L,none,-13.53,EUR,none,False
755be0fb-eb77-41d3-8f20-b37a789d68ac,000000 - 00000111,none,2024-03-27,VDC-TESCO STORES 3,none,-3.75,EUR,none,False
5db503e3-e1f4-4e28-a451-285fa78d26ca,000000 - 00000111,none,2024-03-28,VDC-LIDL IRELAND L,none,-17.81,EUR,none,False
9579a9ee-605b-4546-a6e2-a176d3b684e2,000000 - 00000111,none,2024-03-28,VDC-DUNNES TRALEE,none,-3.95,EUR,none,False
b1fbc192-2e27-4fe1-b754-e3f26c2d9514,000000 - 00000111,none,2024-03-28,FEE-QTR TO 23FEB24,930016-10087096,-11.3,EUR,none,False
5adf51dc-5216-49a7-a832-9a91292e23d0,000000 - 00000001,none,2024-03-28,VDP-CITI BUS MOBIL,none,-12.5,EUR,none,False
94b35031-ec4d-4fc6-9b9b-d0c9335603a2,000000 - 00000001,none,2024-03-28,FEES REFUNDED,Account Number: 000000 - 00000002,14.75,EUR,none,False
5da661e4-e7e8-41e6-b0b9-61ff7f851ffc,000000 - 00000001,none,2024-03-28,VDP-shein.com,none,-44.24,EUR,none,False
5e17c573-9d99-4bb6-8992-a66f556c67ea,000000 - 00000111,none,2024-03-28,VDC-Mercury Food D,none,-19.33,EUR,none,False
41d372e1-2c42-46e7-8102-919368049909,000000 - 00000001,none,2024-03-28,FEE-QTR TO 23FEB24,Account Number: 000000 - 00000002,-14.75,EUR,none,False
a4c28383-a736-4aba-8adb-58b387f5c2c1,000000 - 00000001,none,2024-04-02,VDP-LEAP CARD APP,none,-5.0,EUR,none,False
e3e5ab4d-109a-4ca9-a00e-f459c8c4af83,000000 - 00000001,none,2024-04-02,*MOBI  TOP-UP,000000007,-20.0,EUR,none,False
f3161f2e-064a-4738-99d7-9b0884a24ca6,000000 - 00000001,none,2024-04-02,VDC-BOOTS RETAIL17,none,-3.99,EUR,none,False
cc5ff29e-0813-4dd8-9b6f-fa1ff689a9ef,000000 - 00000001,none,2024-04-02,VDC-PENNEYS TRALEE,none,-21.0,EUR,none,False
b87dd094-d2c7-4879-8be5-507d35ff7c52,000000 - 00000001,none,2024-04-02,VDP-COMPLETESAVE.I,none,-15.0,EUR,none,False
219745dc-6563-4ba7-9857-8ef1c5bab8be,000000 - 00000001,none,2024-04-02,VDC-SQ *BRIO BRUNC,none,-4.0,EUR,none,False
60fa1906-9192-453d-91cc-848d61dd68e6,000000 - 00000001,none,2024-04-02,VDC-TESCO STORES 3,none,-4.9,EUR,none,False
47a61ada-a6e9-488e-9a89-2144ea43fcd5,000000 - 00000001,none,2024-04-02,VDC-TESCO STORES 3,none,-9.06,EUR,none,False
63823886-d910-47b9-bd5e-2a77eb6df0a1,000000 - 00000111,none,2024-04-02,VDC-FRESH THE GOOD,none,-2.25,EUR,none,False
bf590929-b043-4547-a44a-b0d7a5b9f8b7,000000 - 00000111,none,2024-04-02,VDP-IRISH RAIL 640,none,-15.99,EUR,none,False
710ebdd6-18fd-4d1a-bb1e-a583676c9811,000000 - 00000111,none,2024-04-02,VDP-VESTA  *EIR TO,none,-5.0,EUR,none,False
568d93b0-323b-4be3-8ddb-19019bc077ea,000000 - 00000111,none,2024-04-02,*MOBI OPLATA TRUDA,none,-90.0,EUR,none,False
ca164a0f-16c1-4b27-9a5e-6f553377ba69,000000 - 00000111,none,2024-04-02,*MOBI SPASIBO,none,-130.0,EUR,none,False
aa6c22a0-57e7-44a7-a65a-bf49591b2525,000000 - 00000111,none,2024-04-02,VDC-ALDI 105 873,none,-2.38,EUR,none,False
cf541e0b-03ea-4249-9296-085badb980ed,000000 - 00000111,none,2024-04-02,VDC-BOOTS RETAIL 1,none,-4.73,EUR,none,False
b323dfd3-dbc1-46fd-8aa6-03368a29cdbd,000000 - 00000111,none,2024-04-02,VDC-BOOTS RETAIL17,none,-15.98,EUR,none,False
adc32434-cfd8-475a-9409-abd33a59834c,000000 - 00000111,none,2024-04-02,VDC-DISTRI JO SARL,none,-10.74,EUR,none,False
6567a8bf-2c52-4438-b29a-18aa447b7ae1,000000 - 00000111,none,2024-04-02,VDC-BURGER KING 2,none,-9.9,EUR,none,False
08e68f00-585a-4c26-85ac-f90310f3ce1d,000000 - 00000111,none,2024-04-02,VDC-DISTRI JO SARL,none,-14.54,EUR,none,False
3efeb198-54b5-48a5-99e3-715297131eb5,000000 - 00000111,none,2024-04-02,VDC-DUNNES HORAN C,none,-2.0,EUR,none,False
32f928f6-de7f-4866-8557-d1ad6b684108,000000 - 00000111,none,2024-04-02,VDC-DUBLIN AIRPORT,none,-11.0,EUR,none,False
3ec5f578-1991-4f79-91b4-946fb42b5d58,000000 - 00000111,none,2024-04-02,VDC-U EXPRESS,none,-0.53,EUR,none,False
a653d09e-9a66-4225-9830-148413975eb7,000000 - 00000111,none,2024-04-02,VDC-SQ *NOIR COFFE,none,-9.3,EUR,none,False
24d7c34e-43bb-4a2b-b18c-30a01d060021,000000 - 00000111,none,2024-04-02,VDC-SQ *BRIO BRUNC,none,-3.5,EUR,none,False
6441b56f-d553-4d4b-accd-31453b563afa,000000 - 00000111,none,2024-04-02,VDC-SHOPPING CENTE,none,-0.8,EUR,none,False
e62c0b75-02d2-4367-bea0-a902e0cb179c,000000 - 00000111,none,2024-04-02,VDC-PEPCO 1624,none,-2.6,EUR,none,False
a99134db-0359-414e-9e77-ce1991e46bee,000000 - 00000111,none,2024-04-02,VDC-PEPCO 1624,none,-2.0,EUR,none,False
658f1807-7cfc-4565-8387-59c66408138e,000000 - 00000111,none,2024-04-02,VDC-PEPCO 1624,none,-0.65,EUR,none,False
f5e88cc7-caf5-4b27-aced-b70c96645560,000000 - 00000111,none,2024-04-02,VDC-CSO CC Paris I,none,-59.0,EUR,none,False
4360f7ce-8000-4f02-a6e9-a0f51324baae,000000 - 00000111,none,2024-04-02,VDC-PENNEYS TRALEE,none,-4.9,EUR,none,False
b5194964-f605-4779-8bb7-800396e39a9e,000000 - 00000111,none,2024-04-02,VDC-MONOPRIX,none,-0.95,EUR,none,False
da52bda7-25a8-4cc2-ab19-d7aa80738855,000000 - 00000111,none,2024-04-02,VDC-MC CAFFREY,none,-10.0,EUR,none,False
11a3513b-38cb-4495-8968-5a9ae0734e2e,000000 - 00000111,none,2024-04-02,VDC-LIDL IRELAND L,none,-10.32,EUR,none,False
0cd3ce7b-e56b-40db-96d7-ff7987a40036,000000 - 00000111,none,2024-04-02,VDC-Kiko France SA,none,-11.99,EUR,none,False
6b1822bf-bf16-4689-b9c5-e18117712765,000000 - 00000111,none,2024-04-02,VDC-DUNNES TRALEE,none,-3.27,EUR,none,False
92ff844e-8aaf-46dc-a4eb-acd6416f329d,000000 - 00000111,none,2024-04-02,VDC-DUNNES TRALEE,none,-3.15,EUR,none,False
5c7ee268-7ea7-4958-8b08-79445031712c,000000 - 00000111,none,2024-04-02,VDC-PENNEYS TRALEE,none,-15.0,EUR,none,False
89943fee-b230-4072-8aef-edd62deeae6d,000000 - 00000111,none,2024-04-03,VDC-STARBUCKS,none,-12.15,EUR,none,False
00c1fd22-15bd-4b70-b87a-cd992cc087cf,000000 - 00000111,none,2024-04-03,VDC-SARL BY ORSEL,none,-3.99,EUR,none,False
b8c222be-31c4-4b16-8b1a-5e429082677a,000000 - 00000111,none,2024-04-03,VDC-PARIT1 COMPTOI,none,-21.7,EUR,none,False
7df298cb-d689-4477-982d-c73347d72af8,000000 - 00000111,none,2024-04-03,VDC-PAUL,none,-1.7,EUR,none,False
288e4831-7339-47bb-b06f-555e92eb8e96,000000 - 00000111,none,2024-04-03,VDC-ETAM-3188,none,-64.98,EUR,none,False
070d611a-dba1-4f29-b193-747d69d08780,000000 - 00000111,none,2024-04-03,VDP-RYANAIR     ZT,none,-367.4,EUR,none,False
96b01dee-5219-4022-9064-5b2a795f1a3b,000000 - 00000111,none,2024-04-03,ZA EDY,none,8.7,EUR,none,False
a0797db4-a0eb-4e0b-8eaa-9776b7b498da,000000 - 00000111,none,2024-04-03,VDC-GOURMET HAUSSM,none,-12.35,EUR,none,False
27f510fe-6236-45df-b878-3e9f8f76bcaa,000000 - 00000111,none,2024-04-03,VDP-Aerobus Paris-,none,-33.8,EUR,none,False
f2ac2337-4fa3-4594-8800-e58664f8bc34,000000 - 00000111,none,2024-04-04,VDP-CITI BUS WEBSI,none,-12.5,EUR,none,False
9f0b1210-db52-4529-891e-41487a5bd845,000000 - 00000111,none,2024-04-04,VDC-BEAUVAIS INTER,none,-20.57,EUR,none,False
13502776-b10c-4b8b-99f9-4b3feff80c53,000000 - 00000111,none,2024-04-04,VDC-BOURGEOIS EDDY,none,-6.0,EUR,none,False
2a7b4d43-4225-4b69-a5d8-cbe1decf9ca7,000000 - 00000111,none,2024-04-04,VDC-CAF25765BEAU T,none,-9.4,EUR,none,False
bea51020-6a40-4cc4-818a-621b8963cd69,000000 - 00000111,none,2024-04-04,"VDC-LEGO Store, Du",none,-27.0,EUR,none,False
0cd539d0-3f1b-46ef-89e7-aa82fbdee00d,000000 - 00000111,none,2024-04-04,VDC-OPERAPARISSXAU,none,-20.0,EUR,none,False
d281c139-971e-4287-b13c-c3c5097c05b7,000000 - 00000111,none,2024-04-04,VDC-SPAR 8 UPPER O,none,-2.45,EUR,none,False
31ceaf84-3402-4583-bb01-19dd1e526415,000000 - 00000111,none,2024-04-04,VDC-SV ASTON QUAY,none,-11.68,EUR,none,False
e6e45fc1-0fa8-48f7-8f17-b21e4797cef1,000000 - 00000111,none,2024-04-04,VDC-SV ASTON QUAY,none,-2.33,EUR,none,False
770bbc42-f77e-4deb-b4fa-a72d6d4f4678,000000 - 00000001,none,2024-04-04,VDC-IT TRALEE NORT,none,-3.1,EUR,none,False
0e955cbe-ac3d-4bbb-921a-0113aabd56bf,000000 - 00000001,none,2024-04-05,VDC-IT TRALEE NORT,none,-3.1,EUR,none,False
bd373f1f-cdbe-40d0-a0c1-311f4c90f9dd,000000 - 00000001,none,2024-04-05,VDC-RYLES PHARMACY,none,-7.95,EUR,none,False
8357b4c7-a725-482b-87e2-6cb481972ed5,000000 - 00000111,none,2024-04-05,VDC-COPY TOP,none,-2.0,EUR,none,False
d111f07a-64db-4383-bca7-5e16fde9f942,000000 - 00000111,none,2024-04-05,VDC-CARD WORLD,none,-1.79,EUR,none,False
2b853ab1-9e05-4768-9dd1-be3121186f06,000000 - 00000111,none,2024-04-08,VDC-T K MAXX,none,-12.99,EUR,none,False
822bc572-f217-4315-9cad-e3203015dbc3,000000 - 00000111,none,2024-04-08,VDC-SAM MC CAULEY,none,-4.99,EUR,none,False
c91982b7-815d-4265-b072-1ee83e883f6f,000000 - 00000111,none,2024-04-08,VDC-LIDL IRELAND L,none,-15.56,EUR,none,False
acd631f9-9ac3-492f-a94e-d1593422e796,000000 - 00000111,none,2024-04-08,VDC-DUNNES TRALEE,none,-1.8,EUR,none,False
7ba0bc37-780a-44fb-b6d6-d8c676b33749,000000 - 00000111,none,2024-04-08,VDC-BOOTS RETAIL17,none,-13.99,EUR,none,False
9b0eca41-7a11-485e-baa3-211920610593,000000 - 00000111,none,2024-04-08,VDC-PENNEYS TRALEE,none,-1.0,EUR,none,False
73c40e27-99d6-4aa4-8a28-990d674a3b7b,000000 - 00000001,none,2024-04-08,VDP-Temu.com,none,-36.87,EUR,none,False
d849f8a3-5869-4ccd-a248-50d3e5f72b15,000000 - 00000001,none,2024-04-08,VDC-IT TRALEE NORT,none,-1.6,EUR,none,False
12b3f036-b827-43d2-aa4e-119fcee7051d,000000 - 00000001,none,2024-04-08,VDC-IT TRALEE NORT,none,-3.1,EUR,none,False
72f58eca-f79d-4264-9df9-c20f8331d97b,000000 - 00000001,none,2024-04-08,VDC-LIDL IRELAND L,none,-3.97,EUR,none,False
797bb83e-727b-4485-a3f3-027a00fc1d4f,000000 - 00000001,none,2024-04-08,VDC-LIDL IRELAND L,none,-12.89,EUR,none,False
08889e31-3a14-41b1-af8c-f728d488b6af,000000 - 00000111,none,2024-04-09,VDC-DUNNES TRALEE,none,-7.75,EUR,none,False
0c033121-5b40-4a3a-a0f0-606bfad26ad9,000000 - 00000111,none,2024-04-09,VDC-C.H.CHEMISTS,none,-18.13,EUR,none,False
6880df46-0dab-4338-bc5b-dc115a40c2b9,000000 - 00000001,none,2024-04-09,VDC-IT TRALEE NORT,none,-3.1,EUR,none,False
404aa1a1-d3a7-4b71-865a-9c6028859f88,000000 - 00000111,none,2024-04-10,VDP-EIR,none,-20.0,EUR,none,False
b5909dd1-5708-40ee-b293-d99c62a46efc,000000 - 00000111,none,2024-04-10,VDC-LIDL IRELAND L,none,-10.44,EUR,none,False
1f8d4fcc-d85d-47c1-9e12-1c92887596a9,000000 - 00000111,none,2024-04-10,VDC-IT TRALEE NORT,none,-1.6,EUR,none,False
69f088ed-5b27-44e9-ad8a-90974104a7bb,000000 - 00000111,none,2024-04-10,VDC-IT TRALEE NORT,none,-1.5,EUR,none,False
c44ee99b-b28d-4c86-81b8-b24fea118a4a,000000 - 00000001,none,2024-04-10,VDC-SumUp  *Yusuf,none,-7.0,EUR,none,False
99e56965-e317-4470-82b3-bd75e04cb664,000000 - 00000001,none,2024-04-10,VDC-IT TRALEE NORT,none,-3.1,EUR,none,False
6a1de0e8-0189-47f1-b94f-2f51dec14749,000000 - 00000111,none,2024-04-11,VDC-IT TRALEE NORT,none,-2.4,EUR,none,False
c21b014d-3004-4b7d-bfca-b57ed1220dc2,000000 - 00000001,none,2024-04-11,VDC-IT TRALEE NORT,none,-2.4,EUR,none,False
ffeb3945-c9c9-45e3-9db1-87e7324b377d,000000 - 00000001,none,2024-04-11,VDC-IT TRALEE NORT,none,-3.1,EUR,none,False
da729837-58b7-4511-b39c-a93c49639772,000000 - 00000001,none,2024-04-11,VDC-LIDL IRELAND L,none,-6.03,EUR,none,False
d4e5a42b-0bb6-47e3-b2fc-7a15e64bf964,000000 - 00000111,none,2024-04-12,VDC-MC CAFFREY,none,-5.7,EUR,none,False
115a5fae-f538-46be-aa30-4f6a17d96b11,000000 - 00000111,none,2024-04-12,VDC-LIDL IRELAND L,none,-3.44,EUR,none,False
ea13978b-5b03-4fe7-8837-3c085575ed36,000000 - 00000001,none,2024-04-12,VDC-IT TRALEE NORT,none,-3.1,EUR,none,False
9665ec9a-45f5-4629-8438-2ff7760bf066,000000 - 00000111,none,2024-04-15,VDC-LIDL IRELAND L,none,-5.26,EUR,none,False
d6decbaa-bdf2-46a0-a015-6dd86542a12e,000000 - 00000111,none,2024-04-15,VDC-MC CAFFREY,none,-24.3,EUR,none,False
35ad7fd8-4591-455b-bce6-ed41ef490c5f,000000 - 00000111,none,2024-04-15,VDC-GARVEYS SUPERV,none,-1.32,EUR,none,False
7a186400-0475-4ffb-8dff-e74760827a77,000000 - 00000001,none,2024-04-15,ATM CASTLE ST 1,13APR24 TIME 13:25,-20.0,EUR,none,False
1f032b25-ddea-478d-be63-93ea9d1da8b6,000000 - 00000111,none,2024-04-16,VDC-IT TRALEE NORT,none,-1.6,EUR,none,False
64ed78ee-eb89-42cf-a9ee-46d9b9c480d6,000000 - 00000001,none,2024-04-16,VDP-YESSTYLE.COM L,none,-73.42,EUR,none,False
5715f5f0-e674-4d5f-95e5-92cdef01f591,000000 - 00000001,none,2024-04-16,VDC-IT TRALEE NORT,none,-3.1,EUR,none,False
634b874e-a62a-4f22-83c6-c4a9cd36289b,000000 - 00000001,none,2024-04-16,VDC-LIDL IRELAND L,none,-1.18,EUR,none,False
ece7c5eb-2756-41ac-aa01-e217a44975b0,000000 - 00000111,none,2024-04-16,VDC-IT TRALEE NORT,none,-2.4,EUR,none,False
0db91a84-6daa-4460-869d-7c1f03af70b2,000000 - 00000111,none,2024-04-16,VDC-LIDL IRELAND L,none,-3.49,EUR,none,False
ba2412df-25bf-419d-afa2-e50bf481fa9b,000000 - 00000111,none,2024-04-17,VDP-SP SHOE SUITE,none,-75.0,EUR,none,False
23cd1dea-2aa1-4b90-8269-7dfad30f89a0,000000 - 00000111,none,2024-04-17,VDP-LEAP CARD APP,none,-5.0,EUR,none,False
6be2a812-d9ed-4aeb-b802-23cac3ceda8f,000000 - 00000111,none,2024-04-17,VDC-PENNEYS TRALEE,none,-4.5,EUR,none,False
b65f5c2a-c4ca-46a2-98e8-3b53d84d4fa5,000000 - 00000111,none,2024-04-17,VDC-IT TRALEE NORT,none,-1.6,EUR,none,False
5f3af13e-b8cf-40fb-a4e6-f1cbad9d8d77,000000 - 00000111,none,2024-04-17,VDC-IT TRALEE NORT,none,-1.5,EUR,none,False
1b9f8645-9edb-4813-bdb9-3d744de7293d,000000 - 00000111,none,2024-04-17,VDC-IT TRALEE NORT,none,-1.7,EUR,none,False
da77920a-0573-4614-a7e9-32b2236bf238,000000 - 00000001,none,2024-04-17,*MOBI 000000 - 00000001,none,-100.0,EUR,none,False
5123b3e5-7332-4767-8273-338208bb66d5,000000 - 00000001,none,2024-04-17,VDC-IT TRALEE NORT,none,-1.7,EUR,none,False
9b5b484e-4df3-4625-bff4-1d5dabe6065b,000000 - 00000001,none,2024-04-18,VDC-LIDL IRELAND L,none,-4.08,EUR,none,False
45ee6349-1842-4f2d-9fa5-72a4b0e0d24d,000000 - 00000001,none,2024-04-18,VDC-IT TRALEE NORT,none,-2.3,EUR,none,False
dfd64794-22bf-488e-b9e7-89f6238d35da,000000 - 00000001,none,2024-04-18,T00000022,SCHOLARSHIP,0.0,EUR,none,False
d14fb429-ce19-4c7e-956a-bed589dde762,000000 - 00000001,none,2024-04-18,*MOBI  TOP-UP,000000007,-20.0,EUR,none,False
53ca8ddb-2efb-4ef7-9d11-1ddb6ec30c63,000000 - 00000111,none,2024-04-18,T00000044,SCHOLARSHIP,0.0,EUR,none,False
4e99406d-369a-4d21-aa3c-605f951ae833,000000 - 00000111,none,2024-04-18,VDC-LIDL IRELAND L,none,-2.99,EUR,none,False
d07b22e3-1c64-4808-8b0b-6238e623f371,000000 - 00000001,none,2024-04-18,VDC-PENNEYS TRALEE,none,-5.0,EUR,none,False
97dae4e7-ebf1-48e7-9b25-468ef1c0384d,000000 - 00000111,none,2024-04-19,*MOBI SPASIBO,none,-37.0,EUR,none,False
f4c92695-4e81-4bf3-bc9f-91d171cc3f5a,000000 - 00000111,none,2024-04-19,VDC-LIDL IRELAND L,none,-10.63,EUR,none,False
1d7846a0-d07e-4071-84c0-5ceedba7b987,000000 - 00000001,none,2024-04-19,VDC-IT TRALEE NORT,none,-2.3,EUR,none,False
fe6c3db1-d1b0-4080-a7b5-f933f0e9a955,000000 - 00000001,none,2024-04-19,VDC-IT TRALEE NORT,none,-3.1,EUR,none,False
802294d8-8058-4f6d-8629-edaf3f2ec559,000000 - 00000001,none,2024-04-19,ATM TRALEE   B,19APR24 TIME 17:45,0.0,EUR,none,False
f1b3e2fc-492a-4579-b0e6-1ff6cd770a06,000000 - 00000111,none,2024-04-22,VDC-T K MAXX,none,-5.99,EUR,none,False
5a7854d2-13e0-460a-bd4e-382984af040c,000000 - 00000111,none,2024-04-22,VDC-PENNEYS KILLAR,none,-8.5,EUR,none,False
5557eeee-d1aa-43a1-9984-e87926c3c34d,000000 - 00000111,none,2024-04-22,VDC-NOOR GROCERY O,none,-11.78,EUR,none,False
426350bb-3a9f-47bb-85fa-85debbdac4de,000000 - 00000111,none,2024-04-22,VDC-LIDL IRELAND L,none,-12.53,EUR,none,False
9cb8e125-c297-4844-a46e-f21696ef31cc,000000 - 00000111,none,2024-04-22,VDC-LIDL IRELAND L,none,-2.93,EUR,none,False
569ee7a6-a6ba-4d64-b848-861158e71a65,000000 - 00000111,none,2024-04-22,VDC-IRISH RAIL KIL,none,-4.15,EUR,none,False
fce81d58-4fc7-4c8b-8737-b765530e2bd3,000000 - 00000111,none,2024-04-22,VDC-GARVEYS SUPERV,none,-1.0,EUR,none,False
8024770a-4017-4aae-a797-2b89a0ca4d73,000000 - 00000111,none,2024-04-22,VDC-DUNNES TRALEE,none,-3.05,EUR,none,False
21e80882-ae2f-4dc7-81ae-3909d7cac81f,000000 - 00000111,none,2024-04-22,VDC-DUNNES HORAN C,none,-5.89,EUR,none,False
5be524ab-c407-4793-a463-ba43819c0200,000000 - 00000111,none,2024-04-22,VDC-DEALZ - 1605,none,-1.5,EUR,none,False
0b18a774-6c14-4777-a6ac-537e9e38015c,000000 - 00000111,none,2024-04-22,VDP-LEAP CARD APP,none,-5.0,EUR,none,False
236dbeaf-27ca-4d1b-acd8-7f48c0c9114e,000000 - 00000111,none,2024-04-22,VDP-notino.ie,none,-70.37,EUR,none,False
6985ee9c-a582-4d29-be54-0de6643e22b3,000000 - 00000001,none,2024-04-22,*MOBI 00000002,none,-50.0,EUR,none,False
ffd89c1c-7a9c-4d93-b987-8498f6688442,000000 - 00000001,none,2024-04-22,VDC-IT TRALEE NORT,none,-3.0,EUR,none,False
5dfc6435-0dc9-490c-b966-8a81bc360000,000000 - 00000001,none,2024-04-22,VDC-MCDONALDS TRAL,none,-8.3,EUR,none,False
22dd7a67-489b-4493-a518-8b947458778a,000000 - 00000001,none,2024-04-22,VDC-MCDONALDS TRAL,none,-20.6,EUR,none,False
d400ad39-1cff-4ebf-91ae-be6732c5c3ee,000000 - 00000001,none,2024-04-22,VDC-PENNEYS TRALEE,none,-2.9,EUR,none,False
3dc020d9-81bb-48f2-878c-1eee5dd17cd6,000000 - 00000001,none,2024-04-22,VDC-SumUp  *Yusuf,none,-7.0,EUR,none,False
75bde524-2877-4ec7-9c65-f8512410de71,000000 - 00000001,none,2024-04-22,VDC-T K MAXX,none,-10.99,EUR,none,False
41613e17-86ed-4c73-84ba-f1b77659ebd7,000000 - 00000111,none,2024-04-22,VDP-LEAP CARD APP,none,-5.0,EUR,none,False
6f02c0e9-72c2-4380-a5bc-c246b6b8d3d5,000000 - 00000111,none,2024-04-22,VDC-TESCO STORES 3,none,-3.76,EUR,none,False
3b0654b1-192a-47ca-a342-e7b5fab00922,000000 - 00000111,none,2024-04-22,VDC-T K MAXX,none,-7.99,EUR,none,False
6f8fc1e1-f80b-4018-8e7e-e68e18dfaf5f,000000 - 00000111,none,2024-04-23,VDP-LEAP CARD APP,none,-5.0,EUR,none,False
96c61b59-ee2c-41f9-b2a7-e176e5e0b06f,000000 - 00000001,none,2024-04-23,VDC-IT TRALEE NORT,none,-3.1,EUR,none,False
61ee5e93-80b6-4eec-a896-2bf0200ef262,000000 - 00000001,none,2024-04-23,VDC-IT TRALEE NORT,none,-2.3,EUR,none,False
a5194524-afe5-4107-a93e-fcf87c72baa1,000000 - 00000111,none,2024-04-23,VDC-LIDL IRELAND L,none,-2.97,EUR,none,False
a864ff60-a7da-47c0-9627-bd9b6bbc6ce2,000000 - 00000111,none,2024-04-23,VDC-IT TRALEE NORT,none,-4.7,EUR,none,False
9b1c7dc8-7415-45ab-a111-224e36300428,000000 - 00000001,none,2024-04-24,VDC-IT TRALEE NORT,none,-5.5,EUR,none,False
b0b079a7-1081-448a-a4d5-f27f98c69160,000000 - 00000001,none,2024-04-24,VDC-LIDL IRELAND L,none,-10.02,EUR,none,False
397aeb03-9953-4229-970d-253482ba6c90,000000 - 00000111,none,2024-04-24,VDC-PEPCO 1624,none,-2.0,EUR,none,False
d1a23148-51db-43d9-b5bf-a730e89bd2cf,000000 - 00000111,none,2024-04-24,VDC-LIDL IRELAND L,none,-2.88,EUR,none,False
7c44f306-ff8b-4fe2-a127-1b089699948b,000000 - 00000111,none,2024-04-25,VDC-IT TRALEE NORT,none,-3.5,EUR,none,False
96185794-a38d-45de-919a-e7ff521ee8bb,000000 - 00000111,none,2024-04-25,VDC-IT TRALEE NORT,none,-1.6,EUR,none,False
3e8d7ad5-d2ea-42b4-8065-da804ff91e08,000000 - 00000111,none,2024-04-25,VDC-PENNEYS TRALEE,none,-5.5,EUR,none,False
e2ae727f-21d0-4872-a5eb-3458db0c57d4,000000 - 00000001,none,2024-04-26,VDC-SumUp  *Yusuf,none,-7.0,EUR,none,False
1c659ac4-f73b-4b09-a646-4dc90275fba2,000000 - 00000001,none,2024-04-26,VDC-LIDL IRELAND L,none,-7.58,EUR,none,False
7371f92a-e992-4889-8185-66f3fb5d5ca3,000000 - 00000001,none,2024-04-26,VDC-IT TRALEE NORT,none,-3.1,EUR,none,False
9a409fb7-a7a1-44cd-b052-486178a15ba5,000000 - 00000001,none,2024-04-26,VDP-Spotify P2BAE2,none,-5.99,EUR,none,False
281ee3ce-6ef2-4b60-bcd1-f5806602bad9,000000 - 00000111,none,2024-04-26,VDC-TESCO STORES 3,none,-1.76,EUR,none,False
7b9b943e-c83c-4025-b57d-818ca88d0ba6,000000 - 00000111,none,2024-04-26,VDC-IT TRALEE NORT,none,-4.7,EUR,none,False
31868719-49d2-4801-ac26-1dc44d451f5d,000000 - 00000111,none,2024-04-26,VDC-IT TRALEE NORT,none,-1.6,EUR,none,False
3de2f9d1-0776-4fa5-a5d5-a64078bad2d8,000000 - 00000001,none,2024-04-29,*MOBI 00000000,none,-15.0,EUR,none,False
98c28863-1184-4576-8b7f-973f69ab6ec5,000000 - 00000111,none,2024-04-29,VDP-CITI BUS WEBSI,none,-12.5,EUR,none,False
a37b067c-53ee-4640-86e5-59cbb5482726,000000 - 00000111,none,2024-04-29,VDC-MC CAFFREY,none,-10.0,EUR,none,False
e0af2d67-e829-49d2-8d7c-d5b2e987aaf3,000000 - 00000001,none,2024-04-29,VDC-LIDL IRELAND L,none,-7.95,EUR,none,False
d6d7d59a-6e55-4800-95a6-6c83fbbea78d,000000 - 00000001,none,2024-04-29,VDC-TESCO STORES 3,none,-2.75,EUR,none,False
fb8166d2-0f23-41c8-ad8e-22e9d0d76499,000000 - 00000111,none,2024-04-29,VDC-TESCO STORES 3,none,-4.64,EUR,none,False
add3754d-fa9e-422f-8928-aa00376dc5e5,000000 - 00000111,none,2024-04-29,VDC-IT TRALEE NORT,none,-4.7,EUR,none,False
57746d6c-c590-40d7-ae66-418a61e9cdde,000000 - 00000001,none,2024-04-29,VDC-SQ *MADDENS,none,-10.6,EUR,none,False
1d4d48f2-3850-4200-ace6-6aac2a7cfa68,000000 - 00000001,none,2024-04-29,VDC-PENNEYS TRALEE,none,-22.0,EUR,none,False
53f7613d-1507-4368-9142-56025b9260c9,000000 - 00000001,none,2024-04-29,VDP-shein.com,none,-29.07,EUR,none,False
951fee1e-da0d-4975-a0b7-afeb7548f081,000000 - 00000111,none,2024-04-29,VDC-MCDONALDS TRAL,none,-12.5,EUR,none,False
7c8edbb3-652c-4200-9dfb-0325df12ac6f,000000 - 00000111,none,2024-04-29,VDC-LIDL IRELAND L,none,-5.79,EUR,none,False
73c78e8b-32f1-475d-af14-03508ebe4333,000000 - 00000111,none,2024-04-30,VDC-ZARA HENRY ST,none,-58.05,EUR,none,False
15bbaaab-2976-485a-8ab6-cfd3bd5aa3ae,000000 - 00000111,none,2024-04-30,VDC-VS GRAFTON STR,none,-78.5,EUR,none,False
fa37cf95-6df7-4f7b-b5a4-200c680a3c41,000000 - 00000111,none,2024-04-30,VDC-TAKARA,none,-15.8,EUR,none,False
4cd29ffe-ede2-4882-8f7b-434cffd0d853,000000 - 00000111,none,2024-04-30,VDC-SV ASTON QUAY,none,-5.68,EUR,none,False
ab03e797-8040-4f49-be10-535e7b9bd8d3,000000 - 00000111,none,2024-04-30,VDC-PENNEYS MARY S,none,-11.0,EUR,none,False
8aae177d-cbbb-4e74-bf0c-d270a7dc1914,000000 - 00000111,none,2024-04-30,VDC-SumUp  *Pocha,none,-6.0,EUR,none,False
185cf36b-d983-491f-8823-9ed525cf4817,000000 - 00000111,none,2024-04-30,VDC-MCDONALDS7017,none,-3.6,EUR,none,False
71e29fda-0b1f-40d5-8afc-e936f675571c,000000 - 00000111,none,2024-04-30,VDC-POLONEZ MARY S,none,-3.49,EUR,none,False
8dad5bf5-5dcd-4e40-9c93-627d53520d4d,000000 - 00000111,none,2024-04-30,VDC-Hansung Limite,none,-2.1,EUR,none,False
e8f67c37-ab9d-4deb-8bdb-d9ac2b62f7e5,000000 - 00000111,none,2024-04-30,VDC-BERSHKA JERVIS,none,-5.99,EUR,none,False
09ea1224-8c45-46fd-ad30-5b4acf102b1c,000000 - 00000111,none,2024-04-30,VDP-CITI BUS WEBSI,none,-12.5,EUR,none,False
f9c738aa-6863-4631-b4c1-0369d31900ee,000000 - 00000001,none,2024-04-30,VDC-RYLES PHARMACY,none,-4.5,EUR,none,False
e54a0d3d-a6fd-43b5-a24f-44b3a5fda1d3,000000 - 00000111,none,2024-04-30,VDC-MARKS & SPENCE,none,-17.0,EUR,none,False
c9f6cc4c-bd0b-4ca1-8bf5-79bf25c56bb0,000000 - 00000111,none,2024-05-01,VDC-IT TRALEE NORT,none,-4.7,EUR,none,False
a10f05de-a98f-4814-b401-eff965fc4dcb,000000 - 00000001,none,2024-05-01,VDC-SUMUP  *BAD GR,none,-19.99,EUR,none,False
9014eba6-3c8f-4531-98a8-162d95d08202,000000 - 00000001,none,2024-05-01,VDC-PEPCO 1624,none,-6.8,EUR,none,False
d977dcb0-dc02-4183-9206-34d7d8798924,000000 - 00000001,none,2024-05-01,VDP-COMPLETESAVE.I,none,-15.0,EUR,none,False
b6019d2a-f2d4-43ce-943f-d216e6b0a818,000000 - 00000111,none,2024-05-01,VDC-DUNNES TRALEE,none,-21.88,EUR,none,False
113b62cf-0acf-472c-9cba-4a4ae8fdb398,000000 - 00000111,none,2024-05-01,VDC-IT TRALEE NORT,none,-4.2,EUR,none,False
fa53d30f-e472-427b-b202-789c423a8471,000000 - 00000001,none,2024-05-01,NA CHAI,none,10.0,EUR,none,False
7bf9798d-5260-4fa7-908d-9ccab22169f9,000000 - 00000001,none,2024-05-01,ALLA HARVEN,none,200.0,EUR,none,False
f307296e-d888-491f-a668-97b669361a3c,000000 - 00000111,none,2024-05-02,VDP-Zara.com,none,67.95,EUR,none,False
c315d942-bf7f-4a5e-a7a9-820019996fe6,000000 - 00000111,none,2024-05-02,VDC-TESCO STORES 3,none,-0.88,EUR,none,False
cc639f57-9722-49ce-b778-0e8a47a263a2,000000 - 00000111,none,2024-05-02,VDC-PEPCO 1624,none,-2.15,EUR,none,False
31aa1ee0-8f9b-4753-b233-c68fcebb5747,000000 - 00000111,none,2024-05-02,VDC-LIDL IRELAND L,none,-18.29,EUR,none,False
fdd02620-8950-4272-8a42-f1cf5e1bcbcc,000000 - 00000111,none,2024-05-02,VDC-LIDL IRELAND L,none,-3.97,EUR,none,False
7dc5a9a7-9b54-4038-ba8a-7cb5c28d0e2a,000000 - 00000111,none,2024-05-02,VDC-DUNNES TRALEE,none,-2.2,EUR,none,False
d4d3c9f4-0aa8-4396-8c1b-cab3eafed28b,000000 - 00000001,none,2024-05-02,VDP-shein.com,none,-19.8,EUR,none,False
315e529b-a3ab-4efa-97cd-c654704695af,000000 - 00000111,none,2024-05-02,VDC-ALDI 105 873,none,-3.96,EUR,none,False
9c0aaf46-0c74-4b5f-b0fc-2449fa1fdc7c,000000 - 00000001,none,2024-05-03,VDC-SumUp  *Yusuf,none,-3.5,EUR,none,False
fefbd2be-43ad-4d28-81a7-ec96f0fdc7f4,000000 - 00000001,none,2024-05-03,VDC-LIDL IRELAND L,none,-3.26,EUR,none,False
c7f8a940-28c8-48fe-82c2-e720ed979400,000000 - 00000111,none,2024-05-03,VDC-LIDL IRELAND L,none,-2.19,EUR,none,False
91895e2a-e010-4ba5-8112-156a9a060d12,000000 - 00000111,none,2024-05-03,VDC-ALDI 105 873,none,-0.99,EUR,none,False
47fde799-b914-44d6-9a11-e3536c39c5f8,000000 - 00000111,none,2024-05-03,VDP-VESTA  *EIR TO,none,-20.0,EUR,none,False
15cd80dc-576f-4d6b-ac02-e4d3c26d0b1c,000000 - 00000001,none,2024-05-07,VDC-MCDONALDS TRAL,none,-10.0,EUR,none,False
f3cd49b9-b40a-476d-b8c2-46c37bb5b6f5,000000 - 00000111,none,2024-05-07,VDC-LIDL IRELAND L,none,-2.78,EUR,none,False
b3979c5f-a4bc-44cd-bc0f-9355e703e632,000000 - 00000111,none,2024-05-07,VDC-DUNNES TRALEE,none,-0.79,EUR,none,False
bd05abf3-6eb3-490d-9c06-d81236cec203,000000 - 00000111,none,2024-05-07,VDP-LEAP CARD APP,none,-5.0,EUR,none,False
d6ecc4bd-616f-4e96-a93c-2c6103b0287d,000000 - 00000111,none,2024-05-07,ZA MOLOKO,none,2.0,EUR,none,False
dfe361c9-d4b6-428d-9dbc-48d50639343d,000000 - 00000001,none,2024-05-07,VDC-TESCO STORES 3,none,-6.4,EUR,none,False
1a6cea0f-491f-4f27-99b1-7497ea460f4f,000000 - 00000001,none,2024-05-07,VDC-PEPCO 1624,none,-3.5,EUR,none,False
de5cc1c9-b2e3-4565-b3b6-ee133bf7565c,000000 - 00000001,none,2024-05-07,VDC-TESCO STORES 3,none,-1.5,EUR,none,False
89c9b06b-2f94-4a00-b583-03ea27c76ec2,000000 - 00000001,none,2024-05-07,VDC-T K MAXX,none,-9.99,EUR,none,False
691ebef3-2e7f-4092-90b5-323744424e31,000000 - 00000001,none,2024-05-07,VDC-SUMUP  *MIKES,none,-11.9,EUR,none,False
2c8876fe-be55-4d7c-9ab0-14c8910efa8b,000000 - 00000111,none,2024-05-07,VDC-TESCO STORES 3,none,-1.0,EUR,none,False
65a5b9d2-1bf9-430a-844f-e5b725f8c80d,000000 - 00000001,none,2024-05-07,VDC-PEPCO 1624,none,-4.25,EUR,none,False
7b069662-14ee-454c-800d-499cf69d9cfd,000000 - 00000001,none,2024-05-07,VDC-DUNNES HORAN C,none,-1.09,EUR,none,False
6399b8fb-ab9a-4f06-9d30-07e0da116652,000000 - 00000001,none,2024-05-07,VDC-THE RANGE,none,-3.9,EUR,none,False
1bb07adc-57a5-4b25-895f-b9d4376ceb1d,000000 - 00000111,none,2024-05-07,VDC-TESCO STORES 3,none,-1.05,EUR,none,False
ee6e893f-dd50-4f53-b715-e4278f8e41b4,000000 - 00000111,none,2024-05-07,VDC-ALDI 105 873,none,-4.62,EUR,none,False
1efcb73e-d46a-4a9e-ae6d-c4aaad21b47c,000000 - 00000111,none,2024-05-08,VDC-IT TRALEE NORT,none,-4.7,EUR,none,False
f8c0c1c5-0a3e-4cd9-87c5-a5623bbc58d5,000000 - 00000111,none,2024-05-08,VDP-VESTA  *EIR TO,none,-20.0,EUR,none,False
f3411e46-f9fe-43f8-8152-1863693cbfec,000000 - 00000001,none,2024-05-08,VDC-PEWEX,none,-8.06,EUR,none,False
a07705cf-ea02-4110-b5b1-4257dcce2240,000000 - 00000111,none,2024-05-09,VDC-PEWEX,none,-4.47,EUR,none,False
f4feab06-367a-4c59-abc8-c5e3de4fbb97,000000 - 00000111,none,2024-05-09,VDC-IT TRALEE NORT,none,-1.6,EUR,none,False
d04013b6-c88b-41c6-b2bf-c698bd3bb107,000000 - 00000111,none,2024-05-09,T00000044,SCHOLARSHIP,0.0,EUR,none,False
ffbff97a-1e94-418c-8716-8e4ad8ad83e2,000000 - 00000001,none,2024-05-09,T00000022,SCHOLARSHIP,0.0,EUR,none,False
3a9c064c-91e4-413a-93ae-7786d7c7bbd6,000000 - 00000111,none,2024-05-09,VDC-LIDL IRELAND L,none,-6.12,EUR,none,False
e7ca4d53-16d2-4854-b01e-28d587131eac,000000 - 00000111,none,2024-05-10,VDC-DUNNES TRALEE,none,-7.49,EUR,none,False
e39418d2-9632-4ab6-b702-640b6251ee8a,000000 - 00000111,none,2024-05-10,VDC-IT TRALEE NORT,none,-4.7,EUR,none,False
d804bacb-8c36-47d0-a13d-7254b28a7e86,000000 - 00000111,none,2024-05-13,VDC-DUNNES HORAN C,none,-3.15,EUR,none,False
72307396-191e-44c0-9ee7-a661645bdd68,000000 - 00000111,none,2024-05-13,VDP-LEAP CARD APP,none,-5.0,EUR,none,False
60dae005-91d5-4eb4-ba4a-0ad5e5dd3501,000000 - 00000111,none,2024-05-13,VDC-LIDL IRELAND L,none,-3.99,EUR,none,False
3419a807-dfb1-493b-a932-ffd0bc1b1d28,000000 - 00000111,none,2024-05-13,VDC-IT TRALEE NORT,none,-1.6,EUR,none,False
75059385-8880-47a0-a49c-a5ed5bb47f7b,000000 - 00000111,none,2024-05-13,VDC-THE SOUTH POLE,none,-6.5,EUR,none,False
26975061-53be-4606-afc6-4c23ec6638de,000000 - 00000111,none,2024-05-13,VDC-THE COIN OFF L,none,-8.0,EUR,none,False
63d60224-730f-4c3e-a0f2-ffa5e4f92d8d,000000 - 00000111,none,2024-05-13,VDC-SAM MC CAULEY,none,-25.0,EUR,none,False
79acc159-3331-4959-95a3-8a7f6408ffb0,000000 - 00000111,none,2024-05-13,VDC-SumUp  *Ocean,none,-9.0,EUR,none,False
845076aa-df01-47b6-8664-0f18e3e2e8c7,000000 - 00000111,none,2024-05-13,VDC-MCDONALDS TRAL,none,-10.3,EUR,none,False
78b11729-8717-4328-83ed-b99cfd32a018,000000 - 00000111,none,2024-05-13,VDC-MC CAFFREY,none,-10.0,EUR,none,False
403f8229-c1d3-43ed-89eb-660e152f8b15,000000 - 00000111,none,2024-05-13,VDC-CAHILLS SUPERV,none,-2.49,EUR,none,False
8a2a729f-d75f-494d-ad11-f8f9dc049645,000000 - 00000111,none,2024-05-13,VDC-ALDI 105 873,none,-9.55,EUR,none,False
430dc701-4993-405d-8cbf-cfa4ccd777b3,000000 - 00000111,none,2024-05-13,VDP-LEAP CARD APP,none,-15.0,EUR,none,False
7e69367d-bb04-49bb-8204-694cb8465227,000000 - 00000001,none,2024-05-13,ATM TRALEE   B,13MAY24 TIME 12:35,-700.0,EUR,none,False
77112749-4da4-405f-b5a8-94614b3411b5,000000 - 00000001,none,2024-05-13,VDC-PENNEYS TRALEE,none,-4.0,EUR,none,False
aa0903a6-7729-4108-b03e-fb7070111b11,000000 - 00000001,none,2024-05-13,VDC-Pandora,none,-94.0,EUR,none,False
0c7d0ad3-2997-4822-9de2-d968da76769d,000000 - 00000001,none,2024-05-13,VDC-OFF BEAT DONUT,none,-8.0,EUR,none,False
60681b35-5c8a-4228-beb6-5ba5610dd378,000000 - 00000001,none,2024-05-13,VDC-LIDL IRELAND L,none,-5.82,EUR,none,False
a4a872aa-0a81-45d9-971e-d76ef6dc8462,000000 - 00000001,none,2024-05-13,VDC-LIDL IRELAND L,none,-0.78,EUR,none,False
32793c91-1f8d-4aa6-8939-7b0880deca6e,000000 - 00000111,none,2024-05-13,VDC-LIDL IRELAND L,none,-0.99,EUR,none,False
d0e81154-0885-49e9-9eda-376941da279d,000000 - 00000001,none,2024-05-13,VDP-IRISH RAIL 613,none,-36.8,EUR,none,False
1d8abad6-168d-4802-afe4-195a8e51b3d8,000000 - 00000001,none,2024-05-13,VDP-IRISH RAIL 648,none,-6.6,EUR,none,False
4958b449-7685-4c4d-82af-e49916e948ed,000000 - 00000001,none,2024-05-13,VDC-AKIRA,none,-48.1,EUR,none,False
65895163-fd54-4250-a9d1-1672228f421b,000000 - 00000001,none,2024-05-13,VDC-IRISH RAIL COB,none,-7.8,EUR,none,False
74e944ec-b355-49b0-b3b8-d595dc27ee00,000000 - 00000001,none,2024-05-14,VDC-LIDL IRELAND L,none,-0.85,EUR,none,False
f480f770-caf9-4020-b38f-b3d788d5685d,000000 - 00000111,none,2024-05-14,VDC-LIDL IRELAND L,none,-5.44,EUR,none,False
b2771695-6e8e-4dee-81c4-3fd275962d8f,000000 - 00000111,none,2024-05-15,VDC-TURNERS BAR,none,-15.0,EUR,none,False
e8f7a8bd-a603-4bf8-b616-197b0cbaadef,000000 - 00000001,none,2024-05-15,*MOBI 10087096,none,-10.0,EUR,none,False
813c3cf9-fcd2-4c4a-8b55-76626da7f4ec,000000 - 00000111,none,2024-05-15,*MOBI CURRENT-012,none,10.0,EUR,none,False
c10108da-ea13-4168-ae9e-4ec47091a5a8,000000 - 00000111,none,2024-05-15,VDC-ALDI 105 873,none,-3.08,EUR,none,False
07672c00-c6f8-4436-96e4-68c82e446d79,000000 - 00000111,none,2024-05-15,VDC-MCDONALDS TRAL,none,-10.6,EUR,none,False
40632d76-30b5-4a4a-8148-7a371cc106de,000000 - 00000111,none,2024-05-15,VDC-T K MAXX,none,-27.98,EUR,none,False
2cb35fce-a909-4895-9413-d5ed94942762,000000 - 00000111,none,2024-05-15,VDC-THE COIN OFF L,none,-16.0,EUR,none,False
0a7cdc3f-48c5-4db6-b2c9-d1c4ce1af6bd,000000 - 00000111,none,2024-05-15,VDC-TURNERS BAR,none,-5.0,EUR,none,False
d696f364-7526-40b4-8f2c-fe44f834db5e,000000 - 00000111,none,2024-05-15,ZA PINA,none,10.0,EUR,none,False
d32e594a-3d68-4355-84d0-1055b1c146f4,000000 - 00000111,none,2024-05-15,VDC-IT TRALEE NORT,none,-1.6,EUR,none,False
fecc8af5-5147-4918-a09e-8920faefdc5a,000000 - 00000001,none,2024-05-16,*MOBI  TOP-UP,000000007,-20.0,EUR,none,False
040a08c7-c7eb-4ba1-8d69-e3295581aae1,000000 - 00000001,none,2024-05-16,ALLA HARVEN,none,22.0,EUR,none,False
eb8725ed-1213-4acf-b0b1-4dbe75b21539,000000 - 00000001,none,2024-05-16,VDP-H  M Hennes  M,none,-78.98,EUR,none,False
9f6ab81d-d166-4633-817e-41fcb1efc437,000000 - 00000111,none,2024-05-16,VDC-TESCO STORES 3,none,-2.76,EUR,none,False
44c4b26e-2ae9-4fbd-a82c-3ddae23342d4,000000 - 00000111,none,2024-05-16,VDC-LIDL IRELAND L,none,-11.88,EUR,none,False
9ec19313-9271-477f-b8cc-92e9dbd0b1a4,000000 - 00000111,none,2024-05-17,VDC-DUNNES TRALEE,none,-2.5,EUR,none,False
e954bce3-a4c4-4af1-b83f-8160e07637a4,000000 - 00000111,none,2024-05-17,VDC-DUNNES TRALEE,none,-5.04,EUR,none,False
62dac654-c88f-4f11-a780-96eae8a9a983,000000 - 00000111,none,2024-05-17,VDC-LIDL IRELAND L,none,-4.37,EUR,none,False
f30611c8-3d64-4630-95b1-a9363103379f,000000 - 00000001,none,2024-05-17,VDP-LEAP CARD APP,none,-5.0,EUR,none,False
bfe9ed75-43bf-48d6-99f7-bf7d3978cdc3,000000 - 00000001,none,2024-05-17,VDP-LEAP CARD APP,none,-5.0,EUR,none,False
a2e2abd5-e968-458a-b0c4-60a3f3b61c5a,000000 - 00000001,none,2024-05-17,VDP-UBER   *EATS,none,-31.87,EUR,none,False
c56b3358-9020-407d-b9ef-fd662763855e,000000 - 00000001,none,2024-05-20,VDC-TAMARIND,none,-11.5,EUR,none,False
d223405a-08d0-4189-8b12-c36dff080bd3,000000 - 00000001,none,2024-05-20,VDC-MR PRICE,none,-7.65,EUR,none,False
2839ee82-6bdd-4131-af63-d0571704c230,000000 - 00000001,none,2024-05-20,VDC-MERCURY FOOD D,none,-8.99,EUR,none,False
b5be22c3-da35-40b4-91e3-9fff97281d0d,000000 - 00000001,none,2024-05-20,VDC-LIDL IRELAND L,none,-26.38,EUR,none,False
25510c7e-57bf-4a56-ba60-539c53c09156,000000 - 00000001,none,2024-05-20,VDC-AN POST-OFFICE,none,-10.0,EUR,none,False
2262e3b4-ed1c-44f3-a2eb-290037bec732,000000 - 00000001,none,2024-05-20,VDC-AN POST-OFFICE,none,-10.0,EUR,none,False
33094b3e-a45d-46ba-8dd4-8ddf6eff95be,000000 - 00000001,none,2024-05-20,VDC-TESCO STORES,none,-1.5,EUR,none,False
a31b414e-1a90-40c8-9b46-2656e70f61f3,000000 - 00000001,none,2024-05-20,VDC-AN POST-OFFICE,none,-1.2,EUR,none,False
9a7e5c31-1029-4d41-8c16-a4f44661d25d,000000 - 00000001,none,2024-05-20,*ATMLDG TRALEE   C,Card ending: 6180,100.0,EUR,none,False
3af01c34-4cc9-4d2e-b38d-980d56e93b22,000000 - 00000001,none,2024-05-20,VDC-CARD WORLD,none,-2.99,EUR,none,False
92bf32ff-80fb-42dd-b0ae-522b7db3d61d,000000 - 00000001,none,2024-05-20,VDC-THE COIN OFF L,none,-2.25,EUR,none,False
762ea555-da22-4e97-936f-3afba01b2890,000000 - 00000001,none,2024-05-20,VDC-SumUp  *Yusuf,none,-3.5,EUR,none,False
7f413cd1-a09e-480d-b271-5f747e52a91c,000000 - 00000111,none,2024-05-20,VDC-GARVEYS SUPERV,none,-4.49,EUR,none,False
01a3ec65-672a-4342-bc5d-cf3bf1e80dc8,000000 - 00000111,none,2024-05-20,VDC-LIDL IRELAND L,none,-0.79,EUR,none,False
7ce1d29e-7f87-497e-9c59-65b2a7b6a4e6,000000 - 00000111,none,2024-05-20,VDC-LIDL IRELAND L,none,-4.17,EUR,none,False
1762da97-80c4-4727-be3e-974184545ed7,000000 - 00000111,none,2024-05-20,VDC-LIDL IRELAND L,none,-4.24,EUR,none,False
369d62f9-b82a-40f8-9228-136b2f2644ad,000000 - 00000111,none,2024-05-20,VDC-PEPCO 1624,none,-2.8,EUR,none,False
bcc1c3c9-de74-4137-8203-317cc979b5f9,000000 - 00000111,none,2024-05-20,VDC-TESCO STORES 3,none,-7.24,EUR,none,False
0dff8479-753b-4289-870a-a7fd951ee150,000000 - 00000111,none,2024-05-20,VDC-TESCO STORES 3,none,-7.5,EUR,none,False
dc02fa47-2209-4957-9bc8-d9a552c1ba1c,000000 - 00000111,none,2024-05-20,VDC-THE COIN OFF L,none,-8.0,EUR,none,False
5857a8a9-2236-459a-85e2-7ce35b79a610,000000 - 00000111,none,2024-05-20,VDP-TRALEE OMNIPLE,none,-24.0,EUR,none,False
09f41dac-0dad-4e48-a68e-0d33c5ffba4a,000000 - 00000001,none,2024-05-21,VDP-SBB CFF FFS Mo,15.60 CHF@,-16.32,EUR,none,False
9814a060-9f31-47ed-8638-006c75d65c66,000000 - 00000001,none,2024-05-21,VDP-SBB CFF FFS Mo,29.40 CHF@,-30.42,EUR,none,False
bb94afd1-a302-4115-b114-4fb9dcb00917,000000 - 00000001,none,2024-05-21,VDP-SBB CFF FFS Mo,39.00 CHF@,-40.35,EUR,none,False
b0df810b-6afa-4316-8b72-8a4c22549ee9,000000 - 00000001,none,2024-05-21,VDP-SBB CFF FFS Mo,63.20 CHF@,-65.39,EUR,none,False
62f67e3a-4b00-4369-96e5-7e7b1ff141b0,000000 - 00000111,none,2024-05-22,VDP-IRISH RAIL 650,none,-9.99,EUR,none,False
1b161abd-0b37-4a2a-80c1-884a798c802b,000000 - 00000111,none,2024-05-22,*MOBI TICKEY,none,-11.0,EUR,none,False
4ff07790-3214-40b5-87bc-e408ea2f2616,000000 - 00000111,none,2024-05-22,VDC-LIDL IRELAND L,none,-4.29,EUR,none,False
0281d7a6-28a4-4b51-82a2-dea127c0652e,000000 - 00000111,none,2024-05-22,VDC-SAM MC CAULEY,none,-2.95,EUR,none,False
a7adf8b0-b3ca-4520-846f-eb69cec41a67,000000 - 00000111,none,2024-05-22,VDC-TESCO STORES 3,none,-2.64,EUR,none,False
c486a8c0-f964-4122-a797-6d8233cea135,000000 - 00000111,none,2024-05-22,VDC-LIDL IRELAND L,none,-0.99,EUR,none,False
46a573f0-3abe-4267-8433-bed062652d9b,000000 - 00000111,none,2024-05-22,VDC-DUNNES TRALEE,none,-12.99,EUR,none,False
9443236d-2011-41f1-a122-a7ed046a421b,000000 - 00000001,none,2024-05-22,*ATMLDG TRALEE   C,Card ending: 6180,300.0,EUR,none,False
c8dcfddb-f24c-4228-9802-956b13e8e554,000000 - 00000001,none,2024-05-22,VDP-FLIBCO* SHUTTL,none,-39.98,EUR,none,False
2e84d5b4-5199-41d4-aa3f-9ca3b0fd3a0d,000000 - 00000001,none,2024-05-23,VDC-LIDL IRELAND L,none,-2.5,EUR,none,False
2a9e7205-668a-49ce-baf4-e471611708f4,000000 - 00000001,none,2024-05-23,VDC-DUNNES TRALEE,none,-2.99,EUR,none,False
f6d67eb8-541d-4b41-afdf-f014d1891363,000000 - 00000111,none,2024-05-23,VDP-LEAP CARD APP,none,-10.0,EUR,none,False
8c07ad52-48d4-4d04-8256-01e96ddbafcc,000000 - 00000111,none,2024-05-23,VDC-BUTTER BUBBLE,none,-5.7,EUR,none,False
7ceff021-dc0d-4e74-bf01-6faf3d16608f,000000 - 00000111,none,2024-05-23,VDC-Mr Bells Engli,none,-0.6,EUR,none,False
2f0d82a5-4505-4401-b328-311f6eb701c4,000000 - 00000111,none,2024-05-23,VDC-SEASALT CAFE A,none,-17.8,EUR,none,False
d004049c-52b6-4854-bc2f-d4b27566e3cc,000000 - 00000111,none,2024-05-23,VDC-TOM STANLEY,none,-2.65,EUR,none,False
c63f16b4-f309-4f9a-a20b-890405e015e9,000000 - 00000001,none,2024-05-24,VDP-SBB CFF FFS Mo,7.20 CHF@,-7.74,EUR,none,False
7df28af8-d735-4815-9f22-b69235a6b128,000000 - 00000111,none,2024-05-24,VDC-C.H.CHEMISTS,none,-34.0,EUR,none,False
35dfdd22-f034-4ddf-b33a-78cba2f579e2,000000 - 00000111,none,2024-05-24,VDC-GARVEYS SUPERV,none,-3.85,EUR,none,False
a5a922a2-4110-4a4f-b257-49581915d594,000000 - 00000111,none,2024-05-24,VDC-LIDL IRELAND L,none,-6.66,EUR,none,False
d797ac2f-4548-4159-977c-c1afa7e7fd3d,000000 - 00000111,none,2024-05-24,VDC-PEPCO 1624,none,-2.0,EUR,none,False
4bbfca3c-ea7b-4588-bc19-af545bcae179,000000 - 00000001,none,2024-05-27,VDC-Best Worscht i,none,-8.4,EUR,none,False
68b2ce71-9712-4c8f-a34d-df75f82a03ca,000000 - 00000001,none,2024-05-27,*MOBI  TOP-UP,000000007,-20.0,EUR,none,False
881e336f-2b97-487b-9efd-91a206c23d81,000000 - 00000001,none,2024-05-27,VDP-Spotify P2C79A,none,-5.99,EUR,none,False
206078f6-26c5-48ed-973e-44cb69a02b93,000000 - 00000001,none,2024-05-27,VDC-KIKO MILANO,none,-62.45,EUR,none,False
8566c0ad-3406-478d-b594-8d9383128755,000000 - 00000001,none,2024-05-27,VDC-METROPOLITAN H,none,-8.0,EUR,none,False
6656ec92-8d50-4d1f-b400-34b661fe6813,000000 - 00000001,none,2024-05-27,VDC-REWE Frankfurt,none,-10.38,EUR,none,False
761d3345-bab4-49db-8c1f-0c3052b89564,000000 - 00000001,none,2024-05-27,VDC-Stadtwerke Ver,none,-3.65,EUR,none,False
bccb97e7-55d1-4df1-8a9d-6e5905a54e08,000000 - 00000001,none,2024-05-27,VDC-Stadtwerke Ver,none,-3.65,EUR,none,False
029e06de-ddcc-439f-8fe8-310f4df2df4b,000000 - 00000001,none,2024-05-27,VDC-Swisstaste,27.80 CHF@,-28.62,EUR,none,False
6c38144a-e324-4985-9683-0f189747a1d6,000000 - 00000001,none,2024-05-27,VDC-THE ALLEY FRAN,none,-11.5,EUR,none,False
0f5a6181-c7b8-4819-9c56-c081915bc9a0,000000 - 00000111,none,2024-05-27,VDC-KIRBYS BROGUE,none,-7.8,EUR,none,False
574124ae-94f9-44f3-982c-7865bd3379ff,000000 - 00000111,none,2024-05-27,VDC-LIDL IRELAND L,none,-4.58,EUR,none,False
2ffe503e-55f3-4e59-a038-bac2fc336fa3,000000 - 00000111,none,2024-05-27,VDC-ALDI 105 873,none,-7.09,EUR,none,False
02825e8a-5264-43a7-9eee-30d0ab92cfd5,000000 - 00000111,none,2024-05-27,VDC-LIDL IRELAND L,none,-16.82,EUR,none,False
5be52a30-4f1e-4a27-8369-59e6b4954044,000000 - 00000111,none,2024-05-27,VDC-MERCURY FOOD D,none,-19.88,EUR,none,False
51baaa3d-c18e-4ad3-8c9f-ff70b6653aee,000000 - 00000001,none,2024-05-27,VDC-CANVERO Access,none,-5.99,EUR,none,False
c94ec8cf-f1bc-4c08-9753-09891ce375f8,000000 - 00000001,none,2024-05-27,VDC-MCDONALD S DEU,none,-14.48,EUR,none,False
8400c322-6859-4371-b940-1a77cab38acb,000000 - 00000111,none,2024-05-28,VDC-LIDL IRELAND L,none,-5.26,EUR,none,False
32a00f35-1ec5-4e01-b4bf-9101da0c36d1,000000 - 00000111,none,2024-05-28,VDC-T K MAXX,none,-17.99,EUR,none,False
0292d502-7181-4112-af7c-e326cae755ee,000000 - 00000111,none,2024-05-28,VDC-TESCO STORES 3,none,-3.0,EUR,none,False
e259e9af-6a84-4d18-92ee-87d90ec2fe28,000000 - 00000111,none,2024-05-28,VDC-EUROGIANT TRAL,none,-1.5,EUR,none,False
47b92f90-b1c2-42b3-8148-acdb0149bf36,000000 - 00000001,none,2024-05-28,VDC-MCDONALDS 0165,none,-8.88,EUR,none,False
3256d0f1-82e3-4a7c-ad28-9805f81e043d,000000 - 00000111,none,2024-05-29,VDC-ALDI 105 873,none,-3.24,EUR,none,False
bad372de-421a-426e-a580-df7b6c37e242,000000 - 00000111,none,2024-05-29,VDC-SQ *MADDENS,none,-4.8,EUR,none,False
a8a7ab47-605f-41cc-8039-01f5a02649a3,000000 - 00000001,none,2024-05-29,VDC-SQ *MADDENS,none,-5.2,EUR,none,False
dc874de0-bd8a-47fa-827d-208c0a253eca,000000 - 00000001,none,2024-05-29,VDC-LIDL IRELAND L,none,-2.15,EUR,none,False
40b4e7f2-02a4-4398-b4e4-a346077abd04,000000 - 00000111,none,2024-05-29,VDC-LIDL IRELAND L,none,-0.44,EUR,none,False
eda9e6ec-e7e5-4400-b6d6-8c29648dc69b,000000 - 00000111,none,2024-05-30,VDC-TESCO STORES 3,none,-2.17,EUR,none,False
0e0d3f0b-341e-4e3e-af71-1af8dd05f919,000000 - 00000001,none,2024-05-30,ALLA HARVEN,none,100.0,EUR,none,False
7f1ef7bc-a7b8-405a-b7ec-92fa5d9fef2f,000000 - 00000111,none,2024-05-30,VDP-ELECTRIC IRELA,none,-308.98,EUR,none,False
908c0b3d-e012-4934-990e-541c88eea6aa,000000 - 00000001,none,2024-05-31,VDP-COMPLETESAVE.I,none,-15.0,EUR,none,False
0cb4418b-a83d-4650-a35a-b38b437b1639,000000 - 00000001,none,2024-05-31,ALLA HARVEN,none,20.0,EUR,none,False
91f79d11-165a-433a-9631-345dd024cbb3,000000 - 00000001,none,2024-05-31,VDC-DUNNES TRALEE,none,-13.79,EUR,none,False
b41fe29c-2d8e-4659-9660-5aa21e00b6ee,000000 - 00000001,none,2024-05-31,VDC-LIDL IRELAND L,none,-0.85,EUR,none,False
0d920778-0cb1-4d58-96b4-e82508f89ea7,000000 - 00000001,none,2024-05-31,VDC-LIDL IRELAND L,none,-8.68,EUR,none,False
58d1c86b-1464-44da-83c4-a74a373ef839,000000 - 00000111,none,2024-05-31,VDC-LIDL IRELAND L,none,-1.39,EUR,none,False
d7894772-81ed-42bd-8e6b-1e3f921466e0,000000 - 00000111,none,2024-05-31,VDP-VESTA  *EIR TO,none,-20.0,EUR,none,False
c89e7e4f-2029-40b8-8945-e27533aeebe6,000000 - 00000111,none,2024-05-31,VDP-shein.com,none,-58.82,EUR,none,False
f7899ec1-9a99-4bc0-8259-5b9dafd4655d,000000 - 00000001,none,2024-06-04,VDP-LEAP CARD APP,none,-5.0,EUR,none,False
d1c50be7-7eb4-49c8-843b-6827a179fd67,000000 - 00000001,none,2024-06-04,VDP-Temu.com,none,-36.1,EUR,none,False
15d3ccad-c9f3-4517-9372-5719c5649763,000000 - 00000001,none,2024-06-04,VDC-APPLEGREEN TRA,none,-3.6,EUR,none,False
b6657261-e066-40e9-96e4-c13ed47e85ee,000000 - 00000001,none,2024-06-04,VDC-LIDL IRELAND L,none,-7.18,EUR,none,False
77bab723-22f5-4d8b-9037-59dd0913c065,000000 - 00000001,none,2024-06-04,VDC-LIDL IRELAND L,none,-16.24,EUR,none,False
465db70d-bdcc-4294-aa06-64222f5404a9,000000 - 00000001,none,2024-06-04,VDC-MR MC GUIRES O,none,-4.78,EUR,none,False
e9c8c9f4-22e3-414f-9046-995c80badf94,000000 - 00000001,none,2024-06-04,VDC-PENNEYS TRALEE,none,-72.3,EUR,none,False
29580ec7-ccae-4bd4-a58e-778df514dc58,000000 - 00000001,none,2024-06-04,VDC-PEPCO 1624,none,-1.5,EUR,none,False
34c19172-137b-489f-999e-f64cf97cacd6,000000 - 00000001,none,2024-06-04,VDC-SumUp  *Yusuf,none,-9.99,EUR,none,False
9e978f6d-2c99-4d9c-a62c-26232753ba63,000000 - 00000111,none,2024-06-04,VDC-PEPCO 1624,none,-4.0,EUR,none,False
8450f603-208e-4550-8f4f-0d5eb0955e53,000000 - 00000111,none,2024-06-04,VDC-TESCO STORES 3,none,-3.99,EUR,none,False
01145b78-4a4a-4857-a987-f4be9a27ce54,000000 - 00000111,none,2024-06-04,VDP-LEAP CARD APP,none,-15.0,EUR,none,False
2ff8badd-44ff-4ebb-961a-8713d3c98986,000000 - 00000111,none,2024-06-04,VDC-GARVEYS SUPERV,none,-18.19,EUR,none,False
d3dae7c0-ad76-47a7-9cbc-14bb74c2999f,000000 - 00000111,none,2024-06-04,VDC-HENNESSY'S BAR,none,-8.8,EUR,none,False
a7c90709-04d9-4940-aefa-742574a6dff7,000000 - 00000111,none,2024-06-04,VDC-HENNESSY'S BAR,none,-19.5,EUR,none,False
8a2e09e5-69ae-4596-9135-821b7ade6557,000000 - 00000111,none,2024-06-04,VDC-JOHN BENNYS PU,none,-32.0,EUR,none,False
51c8dd57-6509-4ea9-a2ee-112d89cdd533,000000 - 00000111,none,2024-06-04,VDC-LIDL IRELAND L,none,-4.73,EUR,none,False
1ab3a080-d277-4ae8-a437-0aa396e86c45,000000 - 00000111,none,2024-06-04,VDC-LIDL IRELAND L,none,-18.74,EUR,none,False
dc5d087f-9b6b-4b51-8acc-7e334dd1f74f,000000 - 00000111,none,2024-06-04,VDC-Murphys Ice Cr,none,-6.0,EUR,none,False
0e856de4-e04f-4070-8be1-d4d55d48e17d,000000 - 00000001,none,2024-06-04,VDC-T K MAXX,none,-26.98,EUR,none,False
264702cc-0f6f-492f-90cc-11d513e57642,000000 - 00000111,none,2024-06-04,VDC-CORRIB OIL TRA,none,-1.5,EUR,none,False
5443a957-cd2a-4176-b590-3c296ffd8e1d,000000 - 00000111,none,2024-06-05,KATERYNA TUDURIAN,none,20.0,EUR,none,False
4fb50738-398e-4d2e-a005-b35bad1b3c96,000000 - 00000001,none,2024-06-05,VDC-SUPERVALU GARV,none,-3.0,EUR,none,False
bf2a20d1-c1bc-4fe8-9ec7-71c84b2aa28a,000000 - 00000111,none,2024-06-05,VDP-Vesta EIR TopU,none,-20.0,EUR,none,False
d208e55c-16ef-4b1b-b37f-73817fb89e54,000000 - 00000111,none,2024-06-05,VDC-MCDONALDS TRAL,none,-11.2,EUR,none,False
e667d6a0-127c-495f-99d0-442e4287b17d,000000 - 00000111,none,2024-06-05,VDC-LIDL IRELAND L,none,-3.96,EUR,none,False
c65c45d5-ce71-4246-876f-4f37a7384969,000000 - 00000001,none,2024-06-05,VDP-LEAP CARD APP,none,-5.0,EUR,none,False
98068579-7a61-4454-85fd-cb5a76416b74,000000 - 00000111,none,2024-06-06,VDC-BUTTER BUBBLE,none,-10.3,EUR,none,False
b9134ff3-0230-42d7-8f7d-1a0d06006c67,000000 - 00000001,none,2024-06-06,VDP-LEAP CARD APP,none,-20.0,EUR,none,False
1ade7a44-36c3-4528-b21f-f39a01fce398,000000 - 00000111,none,2024-06-06,VDC-SAKURA JAPANES,none,-35.79,EUR,none,False
e64114de-17cf-49af-9185-90d868005237,000000 - 00000111,none,2024-06-06,VDC-MC CAFFREY,none,-10.0,EUR,none,False
a246b54f-2dd4-4c24-944e-7ac67f615cb3,000000 - 00000111,none,2024-06-06,VDC-LIDL IRELAND L,none,-3.54,EUR,none,False
cacf7cdc-fd03-4b87-81e0-bf064ee139aa,000000 - 00000001,none,2024-06-06,VDC-SUPERVALU GARV,none,-7.25,EUR,none,False
6c02f9ad-7d2a-4ba3-b563-08078582dac4,000000 - 00000111,none,2024-06-06,VDP-IRISH RAIL 642,none,-9.2,EUR,none,False
bb33961d-7e51-4883-9633-8053516b9aa5,000000 - 00000111,none,2024-06-06,VDC-IRISH RAIL COR,none,-10.4,EUR,none,False
96a23e2e-df2d-4dcd-afc7-0f908e04e364,000000 - 00000111,none,2024-06-07,VDC-TESCO STORES 3,none,-6.06,EUR,none,False
bbc9867a-ce86-41b6-8d39-3e8ffde309d9,000000 - 00000111,none,2024-06-07,VDC-LIDL IRELAND L,none,-10.91,EUR,none,False
433614e3-23eb-4b7d-8abb-61fa94b04eff,000000 - 00000001,none,2024-06-07,VDC-LIDL IRELAND L,none,-2.59,EUR,none,False
cd0b6214-09bd-4b23-a3b5-132f21e3a080,000000 - 00000001,none,2024-06-07,VDC-SQ *BRIO BRUNC,none,-4.72,EUR,none,False
d58d3513-964b-406b-934e-9bafbda87825,000000 - 00000111,none,2024-06-10,VDC-TESCO STORES 3,none,-3.55,EUR,none,False
09a16fed-daf2-4681-8b3a-07f21d2f48d4,000000 - 00000111,none,2024-06-10,VDC-THE SOUTH POLE,none,-11.3,EUR,none,False
ced71095-4c0d-4c4b-9f11-f1cb55cc1fc3,000000 - 00000111,none,2024-06-10,VDC-Ugly Mug,none,-4.3,EUR,none,False
26b3f174-6b41-431b-8d85-88aa2ecf5fbe,000000 - 00000111,none,2024-06-10,VDC-VAPECENTRIC,none,-10.0,EUR,none,False
6ba0f266-ff07-446d-a627-d0c1a9ea734e,000000 - 00000111,none,2024-06-10,VDC-PEPCO 1624,none,-2.0,EUR,none,False
46ee7ebc-66d9-43df-aa95-c61120a592ea,000000 - 00000111,none,2024-06-10,VDC-LIDL IRELAND L,none,-15.77,EUR,none,False
3e50141c-8f53-473a-b565-876ea809d10d,000000 - 00000001,none,2024-06-10,*ATMLDG TRALEE   C,Card ending: 6180,100.0,EUR,none,False
ae725a99-1cc8-4391-ba08-16b9e3ddd6f1,000000 - 00000111,none,2024-06-10,VDC-GARVEYS SUPERV,none,-1.0,EUR,none,False
3fdf06c7-06bd-4a6f-8991-c0b74f5c6189,000000 - 00000111,none,2024-06-10,VDP-LEAP CARD APP,none,-10.0,EUR,none,False
61d8f5c7-1d5f-4af5-8ba9-ac5e28a572c6,000000 - 00000001,none,2024-06-10,VDC-SUPERVALU GARV,none,-5.0,EUR,none,False
36a53a25-7c09-43e2-8a36-8e99e4b0849f,000000 - 00000001,none,2024-06-10,VDC-PEPCO 1624,none,-13.5,EUR,none,False
dff184a0-0d6e-47a6-a05d-3d7c423ea74c,000000 - 00000001,none,2024-06-10,VDC-PENNEYS TRALEE,none,-6.0,EUR,none,False
4a33bb0a-e918-484e-a1d2-83d617886bdf,000000 - 00000001,none,2024-06-10,VDP-LEAP CARD APP,none,-25.0,EUR,none,False
3f634923-280f-480c-a740-533cb847694b,000000 - 00000111,none,2024-06-10,VDC-LIDL IRELAND L,none,-2.28,EUR,none,False
2fca1513-d3af-48ce-93fe-e1819118301f,000000 - 00000111,none,2024-06-10,VDC-DUNNES TRALEE,none,-2.49,EUR,none,False
2afa5ac1-65d5-4e22-b025-c1ab8c9a4ab5,000000 - 00000111,none,2024-06-11,VDC-LIDL IRELAND L,none,-4.33,EUR,none,False
8dbf77c4-9111-4883-b437-15f02fe33f9a,000000 - 00000111,none,2024-06-11,VDC-MERCURY FOOD D,none,-21.41,EUR,none,False
bef84798-7b86-42d3-aba7-ee3818196758,000000 - 00000111,none,2024-06-11,VDC-TESCO STORES 3,none,-1.69,EUR,none,False
8568115e-f1a7-401d-a7bc-b9358bc550d3,000000 - 00000111,none,2024-06-12,VDC-ALDI 105 873,none,-5.47,EUR,none,False
18446eb4-3dcf-46ce-97b4-295d2074218d,000000 - 00000111,none,2024-06-12,VDC-GARVEYS SUPERV,none,-4.2,EUR,none,False
f341a749-d3c5-4e4e-8778-49b2c0ae7b95,000000 - 00000111,none,2024-06-12,VDC-LIDL IRELAND L,none,-1.99,EUR,none,False
e07ddf23-ae23-4783-a9a6-4f3865d0c1b2,000000 - 00000111,none,2024-06-12,VDC-THE RANGE,none,-3.9,EUR,none,False
33f98d4f-da7a-48cc-9ec2-b500b049245a,000000 - 00000111,none,2024-06-13,VDC-TESCO STORES 3,none,-3.0,EUR,none,False
94cb895f-6cf3-4649-87ad-fa547c04b811,000000 - 00000111,none,2024-06-13,VDC-ALDI 105 873,none,-2.48,EUR,none,False
7347822e-5484-47b9-9baa-0afedea4799f,000000 - 00000001,none,2024-06-13,VDC-C.H.CHEMISTS,none,-13.0,EUR,none,False
3ffd05e3-4b05-4801-becd-84f366a6a47d,000000 - 00000001,none,2024-06-13,VDC-PEPCO 1624,none,-3.0,EUR,none,False
ee9893e8-ad5c-4728-82bb-725e9f25ce34,000000 - 00000001,none,2024-06-13,VDC-SQ *MADDENS,none,-8.9,EUR,none,False
9291ccc5-56a3-4aef-aa93-400748d9df00,000000 - 00000001,none,2024-06-14,BIN BAN TEO W24,IE24061020373264,189.55,EUR,none,False
b127a4b0-3fd7-455a-9872-d97b07d4eb4c,000000 - 00000111,none,2024-06-14,VDC-DUNNES HORAN C,none,-7.39,EUR,none,False
e4845975-2bae-4501-a287-864f278f7bed,000000 - 00000111,none,2024-06-14,VDP-AMZN Mktp UK*H,none,-31.55,EUR,none,False
df2b32b5-07c4-4598-848a-9e8d5e189c26,000000 - 00000001,none,2024-06-14,VDC-PEPCO 1624,none,-5.25,EUR,none,False
1effafd2-88f1-4ea2-bbb4-1ac922ca72f2,000000 - 00000001,none,2024-06-14,VDC-TESCO STORES 3,none,-5.7,EUR,none,False
e23d89d4-8612-45ee-a75f-e57e59ae4673,000000 - 00000001,none,2024-06-17,VDC-SUPERVALU GARV,none,-2.75,EUR,none,False
41e8f3d2-cefa-455c-be88-38a81b0d8ac2,000000 - 00000001,none,2024-06-17,VDC-MR PRICE,none,-2.73,EUR,none,False
5d15c3ae-18a1-4025-b5e9-51a995d2906d,000000 - 00000001,none,2024-06-17,VDP-TRALEE OMNIPLE,none,-12.0,EUR,none,False
44f3aee5-859f-4e42-ad63-acbb50608c12,000000 - 00000111,none,2024-06-17,VDC-LIDL IRELAND L,none,-6.36,EUR,none,False
e2f67931-bf6a-4ba3-893e-d49e5c213ef1,000000 - 00000001,none,2024-06-17,VDP-LEAP CARD APP,none,-10.0,EUR,none,False
f890586a-ae4c-46b7-ad1d-49c1f60c18cc,000000 - 00000001,none,2024-06-17,VDC-SUPERVALU GARV,none,-2.79,EUR,none,False
36b5e91b-594e-4799-b462-73f3fe121e3e,000000 - 00000001,none,2024-06-17,VDP-LEAP CARD APP,none,-10.0,EUR,none,False
198533ad-374e-4a6e-944c-c41c77d43949,000000 - 00000001,none,2024-06-17,VDC-TESCO STORES 3,none,-3.5,EUR,none,False
00416f1c-8861-4a15-977c-9c99d1c106f9,000000 - 00000001,none,2024-06-17,VDC-TESCO STORES 3,none,-13.92,EUR,none,False
48df1a7a-810e-4ec1-86b0-21ad0cb5c528,000000 - 00000111,none,2024-06-17,VDC-SumUp  *Salty,none,-4.0,EUR,none,False
c23e0547-598a-46c9-903f-12ea453ffcf8,000000 - 00000111,none,2024-06-17,VDC-SumUp  *Vape s,none,-7.0,EUR,none,False
2f165851-8c75-4e28-825d-cc27fd84fb20,000000 - 00000111,none,2024-06-17,VDC-TESCO STORES 3,none,-1.6,EUR,none,False
31d02041-964c-484a-aff9-722676967cf8,000000 - 00000111,none,2024-06-17,VDC-TESCO STORES 3,none,-5.25,EUR,none,False
aec50b6c-2c8e-422c-bd26-2337e18865fc,000000 - 00000111,none,2024-06-17,VDC-VAPECENTRIC,none,-8.5,EUR,none,False
164a80d2-199d-4434-984f-439693185f2b,000000 - 00000111,none,2024-06-17,VDC-PEPCO 1624,none,-4.05,EUR,none,False
7402b7bf-8511-4aa1-bdc7-a7027741ef75,000000 - 00000111,none,2024-06-18,VDP-RYANAIR     TW,none,-164.38,EUR,none,False
0298431f-2145-4aaa-ae0c-20cbc91fdcc2,000000 - 00000111,none,2024-06-18,VDP-RYANAIR     FM,none,-217.98,EUR,none,False
6062a19c-865b-47fc-b317-edd2e3276e10,000000 - 00000111,none,2024-06-18,VDC-DUNNES TRALEE,none,-27.0,EUR,none,False
46178ef0-8451-4849-9650-283fcfc5d050,000000 - 00000111,none,2024-06-18,*MOBI TO KATE,none,-40.0,EUR,none,False
15c7622d-1513-4683-9e85-66e8bb750d9d,000000 - 00000111,none,2024-06-19,VDC-ALDI 105 873,none,-0.89,EUR,none,False
f4654cce-4fbe-4cc4-8c9a-065ce6913669,000000 - 00000111,none,2024-06-19,VDC-DUNNES TRALEE,none,-3.15,EUR,none,False
e187763a-119c-4fa3-b417-6cbd27b70386,000000 - 00000001,none,2024-06-19,VDC-PEPCO 1624,none,-5.5,EUR,none,False
8bc23cee-7bd1-4ae3-8e5e-e9c7507c0436,000000 - 00000001,none,2024-06-19,VDP-ROI ECOMM,none,-41.97,EUR,none,False
0b6cfc73-dc0c-4b2d-ad2a-ae464b37ac8b,000000 - 00000111,none,2024-06-19,VDC-DUNNES TRALEE,none,-8.0,EUR,none,False
be1a8cd9-b973-4f74-931b-1e458875187f,000000 - 00000111,none,2024-06-19,VDC-LIDL IRELAND L,none,-2.19,EUR,none,False
d0f3d2dd-0cb9-4104-b494-a7c6bbb7b5b0,000000 - 00000111,none,2024-06-19,VDC-THE DAILY GRIN,none,-4.4,EUR,none,False
bc0dcfd4-d046-478f-84b5-ee28565a095f,000000 - 00000001,none,2024-06-19,VDP-LEAP CARD APP,none,-10.0,EUR,none,False
9cb4c9a3-bc21-4b51-aa9c-30cab83a87db,000000 - 00000111,none,2024-06-20,VDC-PEPCO 1624,none,-2.0,EUR,none,False
d7e2fd32-34fe-461d-bde7-00390f3ccb9d,000000 - 00000001,none,2024-06-20,T00000022,SCHOLARSHIP,0.0,EUR,none,False
ac876d99-3482-4c5a-a3b6-8d5a0f643877,000000 - 00000001,none,2024-06-20,ATM TRALEE   B,20JUN24 TIME 16:54,0.0,EUR,none,False
391e86f1-64de-4ae2-8463-acb2824be753,000000 - 00000001,none,2024-06-20,VDC-PEPCO 1624,none,-8.05,EUR,none,False
9238f8e4-9720-427e-8670-e93d286d83a3,000000 - 00000001,none,2024-06-20,VDC-TESCO STORES 3,none,-2.0,EUR,none,False
c18a8b1f-e5b1-4b50-b991-757ba56d9845,000000 - 00000111,none,2024-06-20,T00000044,SCHOLARSHIP,0.0,EUR,none,False
39f2bc5b-09f6-497d-98d8-653240a3b9ed,000000 - 00000111,none,2024-06-20,VDC-GARVEYS SUPERV,none,-2.99,EUR,none,False
67e90c11-a814-498f-ad80-74aebb14a2de,000000 - 00000111,none,2024-06-20,VDC-LIDL IRELAND L,none,-3.93,EUR,none,False
3641775d-f3e1-473d-a92a-9fddf7399287,000000 - 00000111,none,2024-06-20,VDC-TESCO STORES 3,none,-4.4,EUR,none,False
ad2fd80a-fda2-40a0-98fe-9cf6927e2171,000000 - 00000001,none,2024-06-21,BIN BAN TEO W25,Account Number: 000000 - 00000003,457.85,EUR,none,False
aace0028-4dfb-4fac-b70e-acabfdfb7659,000000 - 00000001,none,2024-06-21,VDC-LIDL IRELAND L,none,-4.88,EUR,none,False
12610784-bf71-44d5-9a71-62a88596dd47,000000 - 00000111,none,2024-06-21,VDC-LIDL IRELAND L,none,-3.79,EUR,none,False
c4a7d768-bdc4-4c83-90b3-f0f8a9fedec9,000000 - 00000111,none,2024-06-21,VDC-DUNNES TRALEE,none,-6.49,EUR,none,False
33664a3f-eb9b-4901-89b0-79f09a6081f2,000000 - 00000111,none,2024-06-21,VDC-BOOTS RETAIL17,none,-14.98,EUR,none,False
aa4492fd-b5b8-405d-8c11-7ba79691c342,000000 - 00000001,none,2024-06-24,ATM CASTLE ST 2,21JUN24 TIME 18:43,-500.0,EUR,none,False
b1f7ec47-4ebd-451e-9618-488cd59bc37c,000000 - 00000001,none,2024-06-24,VDP-LEAP CARD APP,none,-10.0,EUR,none,False
a30a72f8-69f7-4764-998b-441d94b8e040,000000 - 00000001,none,2024-06-24,VDC-DUNNES TRALEE,none,-1.85,EUR,none,False
ea152b55-c2aa-4fa6-a284-714ec38a86f7,000000 - 00000001,none,2024-06-24,VDP-YESSTYLE.COM L,none,-65.68,EUR,none,False
f460d82d-8b25-4ce9-ad3f-8ef1cd82411d,000000 - 00000111,none,2024-06-24,VDP-shein.com,none,-33.47,EUR,none,False
bf7d970f-07bf-48b6-8413-1e6b59ff4638,000000 - 00000111,none,2024-06-24,VDC-DUNNES HORAN C,none,-4.55,EUR,none,False
1861d10e-9f00-48ee-a42a-fbaac5c6edb6,000000 - 00000111,none,2024-06-24,VDC-TESCO STORES 3,none,-12.75,EUR,none,False
3134f0b7-ac71-4a3a-bacc-f2c9c9521e37,000000 - 00000111,none,2024-06-24,VDC-SumUp  *Vape s,none,-7.0,EUR,none,False
ae42a78c-02b4-41ff-a5ef-ccdebd418608,000000 - 00000111,none,2024-06-24,VDC-LIDL IRELAND L,none,-0.65,EUR,none,False
9afa1eb9-6630-4ee6-be50-bf05c0fdc76c,000000 - 00000111,none,2024-06-24,VDC-EUROGIANT TRAL,none,-1.5,EUR,none,False
22b3a03d-728c-4e3c-9666-c0815a7c9d71,000000 - 00000001,none,2024-06-24,VDP-LEAP CARD APP,none,-10.0,EUR,none,False
a55c9eaf-1877-4f37-8988-1116cc410440,000000 - 00000001,none,2024-06-25,VDC-SUPERVALU GARV,none,-1.5,EUR,none,False
679aaf48-8620-472c-90c5-fbfb73fa7674,000000 - 00000001,none,2024-06-25,VDP-LEAP CARD APP,none,-5.0,EUR,none,False
31a114ee-741b-4fbb-b1e2-429db449d0a4,000000 - 00000111,none,2024-06-25,VDC-LIDL IRELAND L,none,-12.24,EUR,none,False
44fec47e-7e29-45a0-95d9-14b91048b48e,000000 - 00000111,none,2024-06-25,VDC-PENNEYS TRALEE,none,-2.2,EUR,none,False
a8951086-6897-431d-9e80-ca975001e43a,000000 - 00000111,none,2024-06-25,VDC-PEPCO 1624,none,-8.9,EUR,none,False
46981d1d-cc4b-4c94-bd5b-4768949d6c3c,000000 - 00000111,none,2024-06-25,VDC-SHAWS TRALEE,none,-22.99,EUR,none,False
632b9ecf-4002-449e-a637-9b750cc9a155,000000 - 00000001,none,2024-06-26,VDP-Spotify P2D3B0,none,-5.99,EUR,none,False
54ecf39f-a911-4968-843a-4f91e32a413c,000000 - 00000001,none,2024-06-26,VDC-GARVEYS SUPERV,none,-5.89,EUR,none,False
e40e07c6-e796-40b6-aae5-9671164231df,000000 - 00000001,none,2024-06-26,VDC-PEPCO 1624,none,-9.0,EUR,none,False
035bf354-58ca-4df5-a76b-e7dcbbd2b107,000000 - 00000001,none,2024-06-26,VDC-SQ *MADDENS,none,-5.2,EUR,none,False
570b971a-a0a5-4c4e-89bc-db91696b728d,000000 - 00000001,none,2024-06-26,VDC-BOOTS RETAIL17,none,-3.49,EUR,none,False
41dc727d-45e2-4cbd-9fad-d0442a1ce9bc,000000 - 00000111,none,2024-06-27,VDC-TESCO STORES 3,none,-0.7,EUR,none,False
c9ecc14c-9cac-4978-adcf-d34549aea19b,000000 - 00000001,none,2024-06-28,BIN BAN TEO W26,Account Number: 000000 - 00000003,373.53,EUR,none,False
6668da12-266d-4667-97c2-3340122831b0,000000 - 00000111,none,2024-06-28,FEE-QTR TO 31MAY24,000000 - 00000112,-13.9,EUR,none,False
a4fbda8e-141c-45aa-8cc1-140485ed29a3,000000 - 00000111,none,2024-06-28,VDC-IRISH RAIL TRA,none,-4.3,EUR,none,False
a39fbaa2-ca60-4895-8c36-db19936c9fc3,000000 - 00000111,none,2024-06-28,VDC-Smoke N Vape S,none,-8.0,EUR,none,False
87c20748-963e-4983-8d21-328fb81df054,000000 - 00000111,none,2024-06-28,VDC-T K MAXX,none,-7.0,EUR,none,False
f6dd979b-7a52-4722-8ced-270e90ff653c,000000 - 00000111,none,2024-06-28,VDC-TESCO STORES,none,-3.75,EUR,none,False
cf430938-2f8f-41ce-8d3f-c6f9b97b3920,000000 - 00000001,none,2024-06-28,FEE-QTR TO 31MAY24,Account Number: 000000 - 00000002,-18.5,EUR,none,False
8d65eb45-6e1e-4072-b4ae-b13fb3ed781a,000000 - 00000111,none,2024-06-28,VDP-IRISH RAIL 612,none,-3.75,EUR,none,False
a85e0100-ff05-46bb-a740-c46dd360187b,000000 - 00000111,none,2024-06-28,VDC-LIDL IRELAND L,none,-4.77,EUR,none,False
3cecdc43-91ba-4884-aeb4-b276eaa8d46a,000000 - 00000111,none,2024-06-28,VDC-MARKS & SPENCE,none,-4.08,EUR,none,False
9ce4b08e-b802-4115-b2d8-3be1cd1eda9d,000000 - 00000001,none,2024-06-28,FEES REFUNDED,Account Number: 000000 - 00000002,18.5,EUR,none,False
42d23f2c-df5e-40f4-a195-55c1deddcae8,000000 - 00000001,none,2024-06-28,VDC-LIDL IRELAND L,none,-4.94,EUR,none,False
95eec0a1-1c34-4312-9b96-184359444e88,000000 - 00000001,none,2024-06-28,VDC-SQ *BRIO BRUNC,none,-4.5,EUR,none,False
c4e5f66a-18ea-4921-941a-e1533edbd755,000000 - 00000111,none,2024-07-01,VDC-T K MAXX,none,-44.99,EUR,none,False
b1961433-3b67-4672-aa07-bec71b4c5ca4,000000 - 00000111,none,2024-07-01,VDC-T K MAXX,none,-5.99,EUR,none,False
6abe7673-d4c7-431c-83bd-26d84b3d6462,000000 - 00000111,none,2024-07-01,VDC-SumUp  *smash,none,-5.0,EUR,none,False
5bfbcc2b-e60a-437c-b254-e65f769906df,000000 - 00000111,none,2024-07-01,VDC-Sean Ogs Bar a,none,-8.5,EUR,none,False
174ae83d-a070-4cbf-8d91-4da5a47ea3c4,000000 - 00000111,none,2024-07-01,VDC-Sean Ogs Bar a,none,-8.0,EUR,none,False
0e76ea07-415c-4017-a74e-679fa2a7dacf,000000 - 00000111,none,2024-07-01,VDC-PEPCO 1624,none,-4.0,EUR,none,False
0d3cad39-1153-4d0f-ab70-aa5d91bf813c,000000 - 00000111,none,2024-07-01,VDC-PENNEYS TRALEE,none,-5.8,EUR,none,False
8e476c6f-98a9-4900-879e-f6f107289c89,000000 - 00000111,none,2024-07-01,VDC-MR PRICE,none,-1.79,EUR,none,False
02352d7f-ca7f-4b27-86e4-885672a2f6f4,000000 - 00000111,none,2024-07-01,VDC-LIDL IRELAND L,none,-5.19,EUR,none,False
a8b9f98d-33c5-41ce-a1f9-4daa56db0fec,000000 - 00000111,none,2024-07-01,VDC-ALDI 105 873,none,-4.68,EUR,none,False
48b57b3f-40a9-45db-9a67-6d160a83fa85,000000 - 00000111,none,2024-07-01,*MOBI HOTEL,none,-185.0,EUR,none,False
46231f0a-9ed3-43c3-9b74-b3b90ae62e4c,000000 - 00000001,none,2024-07-01,VDP-COMPLETESAVE.I,none,-15.0,EUR,none,False
717992b0-6e84-4da0-a104-469509a43283,000000 - 00000111,none,2024-07-01,VDC-BOOTS RETAIL17,none,-5.99,EUR,none,False
cac9c164-d597-4765-85b5-135c342c9ba8,000000 - 00000001,none,2024-07-01,VDP-LEAP CARD APP,none,-10.0,EUR,none,False
29aba249-1997-4a7d-bc97-d68ebcdf474e,000000 - 00000001,none,2024-07-01,VDP-WWW.DRIVINGTES,none,-85.0,EUR,none,False
e9609053-8e24-4e5d-8cfc-16189c041d54,000000 - 00000001,none,2024-07-01,VDC-MCDONALDS TRAL,none,-26.0,EUR,none,False
54b69f89-cab3-4778-ae38-872c6ca96210,000000 - 00000001,none,2024-07-01,VDC-Sean Ogs Bar a,none,-10.0,EUR,none,False
635e2516-5e46-427c-aa2e-2b7fd3eb644d,000000 - 00000001,none,2024-07-01,VDC-SUPERVALU GARV,none,-5.29,EUR,none,False
4497a1f5-c478-440d-b0cc-51b65cc53e28,000000 - 00000001,none,2024-07-01,VDC-T K MAXX,none,-27.98,EUR,none,False
b431e8d8-ef0c-42de-becf-6047b041b911,000000 - 00000001,none,2024-07-01,VDP-LEAP CARD APP,none,-5.0,EUR,none,False
83a3f6fd-5452-4ed6-ae2d-965f8787bbf5,000000 - 00000111,none,2024-07-02,VDC-SQ *MADDENS,none,-8.0,EUR,none,False
ef1d670e-ec9b-472e-b18d-b7616dcbe694,000000 - 00000001,none,2024-07-02,VDP-LEAP CARD APP,none,-10.0,EUR,none,False
7e20732c-1c82-416c-b38d-147e0402647f,000000 - 00000001,none,2024-07-02,VDC-SUPERVALU GARV,none,-2.65,EUR,none,False
919c7d52-b565-4eed-897d-ede507e8691c,000000 - 00000111,none,2024-07-02,VDC-T K MAXX,none,-5.49,EUR,none,False
0d09f696-7deb-4815-8ee1-e6e08abe79ed,000000 - 00000111,none,2024-07-02,VDC-PENNEYS TRALEE,none,-2.0,EUR,none,False
3e6082d1-43bd-4d09-984c-2380a6d2d957,000000 - 00000111,none,2024-07-02,VDC-PARKGATE COFFE,none,-3.5,EUR,none,False
7facc189-7090-4166-ac18-22047e911f3f,000000 - 00000111,none,2024-07-02,VDP-Vesta EIR TopU,none,-20.0,EUR,none,False
bc367540-42af-47ff-9b28-71e8c7e0d235,000000 - 00000111,none,2024-07-02,VDC-ELVERY SPORTS,none,-45.0,EUR,none,False
44bd8db5-dd36-4bf2-826b-e428cbd9d4a4,000000 - 00000001,none,2024-07-03,ATM CASTLE ST 2,03JUL24 TIME 12:48,-100.0,EUR,none,False
dc51354d-4e96-4c32-b127-8d544a2dce07,000000 - 00000111,none,2024-07-03,VDC-EUROGIANT TRAL,none,-2.0,EUR,none,False
736c6a26-4304-4497-9dcf-66d7b4d3382f,000000 - 00000111,none,2024-07-03,VDC-MERCURY FOOD D,none,-6.01,EUR,none,False
dfb3c23d-5b9b-4b7a-8dee-ea6da210e13f,000000 - 00000001,none,2024-07-04,VDC-LANA TRALEE,none,-41.0,EUR,none,False
df72274d-8787-45aa-8b2a-567b90a99cf7,000000 - 00000111,none,2024-07-04,VDC-LIDL IRELAND L,none,-6.42,EUR,none,False
419979fe-f6f3-4672-b5b0-0d14a28708ad,000000 - 00000001,none,2024-07-04,VDC-PEPCO 1624,none,-5.0,EUR,none,False
fe189d02-e38a-47aa-85ce-438b9a9327b2,000000 - 00000111,none,2024-07-05,VDC-SumUp  *Vape s,none,-7.0,EUR,none,False
1f839f10-6dde-462d-9e49-370fe100b353,000000 - 00000111,none,2024-07-05,VDC-EUROGIANT TRAL,none,-1.5,EUR,none,False
07b4437d-7723-4f19-a733-36dc855d35f3,000000 - 00000111,none,2024-07-05,VDC-PENNEYS TRALEE,none,-3.0,EUR,none,False
1c7f457b-390f-467b-8a97-8fcfcbb8de28,000000 - 00000111,none,2024-07-05,VDP-RYANAIR     ZN,none,-166.99,EUR,none,False
fcdd8cde-4f2f-4546-80db-881ddbb76f1f,000000 - 00000001,none,2024-07-05,VDP-H  M Hennes  M,none,-22.0,EUR,none,False
13859c51-db79-4687-8b45-0aaa1f6561e0,000000 - 00000111,none,2024-07-05,ATM TRALEE   B,05JUL24 TIME 12:47,-200.0,EUR,none,False
ced32979-e9a5-4220-9c01-dadb9d8333c0,000000 - 00000001,none,2024-07-05,VDC-LIDL IRELAND L,none,-6.27,EUR,none,False
ce3f3010-7e22-40aa-bacf-c62b96a35460,000000 - 00000001,none,2024-07-05,BIN BAN TEO W27,Account Number: 000000 - 00000003,284.32,EUR,none,False
b20b1a0c-30e2-4ade-bc41-1260f8ef8342,000000 - 00000001,none,2024-07-05,ATM CASTLE ST 2,05JUL24 TIME 10:05,-250.0,EUR,none,False
9d42317b-2968-4cb3-8041-cd99ec7ac08b,000000 - 00000111,none,2024-07-05,VDP-APPLE.COM/BILL,none,-2.99,EUR,none,False
db6420b0-5a45-4909-8d88-4a3ba3d73e26,000000 - 00000111,none,2024-07-08,VDC-PENNEYS TRALEE,none,-12.5,EUR,none,False
fbab6d77-1178-41fa-9f5a-079b70193979,000000 - 00000111,none,2024-07-08,VDC-MC DONALDS EXP,none,-10.36,EUR,none,False
28406c1b-7ef8-4d33-aaad-907bba63acaa,000000 - 00000111,none,2024-07-08,VDC-LUXURY FOOD,none,-13.72,EUR,none,False
106a2695-b82e-430f-8904-babd213f7a0e,000000 - 00000111,none,2024-07-08,VDC-LIDL IRELAND L,none,-3.54,EUR,none,False
318c83a6-e8a5-4d7a-ace7-e74d70d60c1b,000000 - 00000111,none,2024-07-08,VDC-KIKO MILANO,none,-3.99,EUR,none,False
42243686-92ba-4e21-bc4a-2a9c2fa6e656,000000 - 00000111,none,2024-07-08,VDC-HM Plaza Mar 2,none,-26.68,EUR,none,False
c23c25e7-f8d0-4589-a531-080a03294da1,000000 - 00000111,none,2024-07-08,VDC-HELADOS SALA,none,-4.5,EUR,none,False
97ddf3f1-3f2b-4bbf-90ad-0496d2563282,000000 - 00000111,none,2024-07-08,VDC-EUROGIANT TRAL,none,-3.0,EUR,none,False
d0e4b6f1-4f5e-41fc-b294-7170e7063b63,000000 - 00000111,none,2024-07-08,VDC-ALCAMPO CC PLA,none,-3.86,EUR,none,False
33522a1c-7a41-4d16-af4e-c257123b616f,000000 - 00000111,none,2024-07-08,VDC-PRIMOR ALI1,none,-1.99,EUR,none,False
68c7e613-4704-4aa3-b1d3-ea54ba2e9213,000000 - 00000111,none,2024-07-08,VDC-KERRY AIRPORT,none,-1.5,EUR,none,False
a7a819f2-89a5-4978-9b1d-d97b938686d6,000000 - 00000111,none,2024-07-08,VDC-SUPERMERCADO 8,none,-17.6,EUR,none,False
9e5f7d1b-09d6-4b46-bfb1-c3002d88ed9e,000000 - 00000111,none,2024-07-08,VDC-ARIJU COVIRAN,none,-0.75,EUR,none,False
fa258fad-666a-45a5-b606-bcf2f79d198c,000000 - 00000111,none,2024-07-08,VDC-ZARA ALICANTE,none,-4.99,EUR,none,False
58a22829-f601-4a7f-87a8-36b2bb753c72,000000 - 00000001,none,2024-07-08,VDC-SUPERVALU GARV,none,-2.75,EUR,none,False
88c3625c-dd85-4f73-8e8f-b8794c5a86e8,000000 - 00000001,none,2024-07-08,VDC-DUNNES TRALEE,none,-7.38,EUR,none,False
5225fea2-6d1d-40b6-9a9d-be2394add1cc,000000 - 00000001,none,2024-07-08,VDP-LEAP CARD APP,none,-5.0,EUR,none,False
9af9ce92-3ca5-41d4-a4f1-2dd73165872e,000000 - 00000001,none,2024-07-08,VDC-LIDL IRELAND L,none,-2.24,EUR,none,False
28c77d1d-5074-42b6-a9fc-70ceb91a41df,000000 - 00000111,none,2024-07-08,VDC-UNO PUNTO MAR,none,-9.0,EUR,none,False
ef7deb08-8152-40d5-bae3-ef03fba5363d,000000 - 00000001,none,2024-07-09,VDC-SUPERVALU GARV,none,-1.75,EUR,none,False
73343669-a56c-4d97-8098-f3db6c0e43ea,000000 - 00000001,none,2024-07-09,VDP-LEAP CARD APP,none,-10.0,EUR,none,False
7d2b5e3c-c1cb-4f94-a584-d2c92a102b0b,000000 - 00000111,none,2024-07-09,VDC-241117 FINESTR,none,-3.2,EUR,none,False
1df9e1cd-85c3-40bc-a550-a2c84f528166,000000 - 00000111,none,2024-07-09,VDC-DESHORAS JUAN,none,-2.5,EUR,none,False
d71b29d9-8c30-40d0-971c-7d5c5dd38c85,000000 - 00000111,none,2024-07-09,VDC-HELADOS SALA,none,-4.5,EUR,none,False
3041b384-f95c-4035-bc5e-249de87131ca,000000 - 00000001,none,2024-07-09,ATM CASTLE ST 2,09JUL24 TIME 11:54,-30.0,EUR,none,False
21c4c838-f33d-426f-9920-19c66854d0e0,000000 - 00000111,none,2024-07-09,VDC-241117 FINESTR,none,-3.2,EUR,none,False
2aa6b779-ae2b-4b85-b83d-a6d8a802428b,000000 - 00000001,none,2024-07-10,VDC-LIDL IRELAND L,none,-5.29,EUR,none,False
ffd7e2a2-e5c3-4251-b891-01709f271399,000000 - 00000111,none,2024-07-10,VDC-CHURRERIA SANT,none,-4.0,EUR,none,False
020ba830-0be1-4051-a5d3-a2a2fedccd2b,000000 - 00000111,none,2024-07-11,VDC-SUPERMERCADO 8,none,-19.85,EUR,none,False
3d1a9217-3e8b-45fd-8db1-9409c94e385d,000000 - 00000111,none,2024-07-11,VDC-SUPERMERCADO 8,none,-1.0,EUR,none,False
9aec8fa4-078d-4dbb-9c7d-3856cba116da,000000 - 00000111,none,2024-07-11,VDC-HOSTELERIA IMP,none,-3.0,EUR,none,False
55d8595e-a819-47e8-b902-357c1ca0ac19,000000 - 00000111,none,2024-07-11,VDC-HOSTELERIA IMP,none,-3.0,EUR,none,False
80fb8276-e475-4465-a1cd-939a0c58c2ae,000000 - 00000111,none,2024-07-11,VDC-DESHORAS JUAN,none,-1.2,EUR,none,False
5929cb59-5670-408d-b380-1939bef1f50e,000000 - 00000001,none,2024-07-11,*ATMLDG TRALEE   C,Card ending: 6180,30.0,EUR,none,False
aa9928bd-2064-453f-b818-3e0e55dee8e7,000000 - 00000001,none,2024-07-11,PHONE NUMBER,none,20.0,EUR,none,False
a663fd69-f8b4-4f0a-9896-96d379a1daba,000000 - 00000001,none,2024-07-11,VDP-LEAP CARD APP,none,-5.0,EUR,none,False
d215b8d1-3fb2-4e4a-b62d-f394f250cf54,000000 - 00000001,none,2024-07-11,*MOBI  TOP-UP,000000007,-20.0,EUR,none,False
c26fd11b-8fcf-4f93-b4e3-d54b01ed90ef,000000 - 00000001,none,2024-07-12,*MOBI  TOP-UP,000000007,-20.0,EUR,none,False
b13ad8f2-6282-40fb-8068-4d0d06c322fd,000000 - 00000001,none,2024-07-12,ALLA HARVEN,none,30.0,EUR,none,False
52d560b0-9681-434c-8e8f-4baf653e245a,000000 - 00000001,none,2024-07-12,BIN BAN TEO W28,Account Number: 000000 - 00000003,284.32,EUR,none,False
90fc446e-58ce-43f2-9240-058638cd72b0,000000 - 00000111,none,2024-07-12,VDC-AREAS AO. ALIC,none,-16.5,EUR,none,False
fb29d441-7b29-40cf-9bb7-c3dc1ba87252,000000 - 00000111,none,2024-07-12,VDP-CITI BUS WEBSI,none,-6.0,EUR,none,False
2a16ee8a-1d14-472c-8b19-0a1dcc233263,000000 - 00000111,none,2024-07-12,VDC-Bus Eireann-Ir,none,-9.5,EUR,none,False
99143610-68d7-4e58-94c4-b1a2bf2dc276,000000 - 00000111,none,2024-07-12,VDC-EL CORTE INGLE,none,-69.0,EUR,none,False
7a1d2cdd-2d20-4936-9ff7-2b9006d37229,000000 - 00000111,none,2024-07-12,VDC-HAPPY LAND,none,-2.5,EUR,none,False
b3ee7a68-f42a-4c6f-a21c-adf2a454a619,000000 - 00000111,none,2024-07-12,VDC-LA ALCOYANA,none,-3.85,EUR,none,False
8f8c1be2-fd49-4b29-a5e6-562c078efae9,000000 - 00000111,none,2024-07-12,VDC-LA ALCOYANA,none,-3.85,EUR,none,False
6f9122be-68c9-41ef-a215-93e8a38a334b,000000 - 00000111,none,2024-07-12,VDC-Subway,none,-12.2,EUR,none,False
d442eb12-476e-4ca7-b113-7a631e8f94df,000000 - 00000111,none,2024-07-12,VDC-STOP AND LOOK,none,-6.0,EUR,none,False
785a4cde-e8c1-44f5-86e5-07cee3d9d499,000000 - 00000111,none,2024-07-12,VDC-SUPERMERCADO 8,none,-2.5,EUR,none,False
11b2c1f8-32fe-4389-8360-b6c739d4142e,000000 - 00000111,none,2024-07-15,VDC-MCDONALDS TRAL,none,-11.4,EUR,none,False
a144efbf-1c15-44a6-8b98-ec2808d6056a,000000 - 00000001,none,2024-07-15,VDC-SUPERVALU GARV,none,-2.5,EUR,none,False
889c641f-4ded-4bec-b61c-986a5ccc0b54,000000 - 00000111,none,2024-07-15,VDC-PENNEYS TRALEE,none,16.0,EUR,none,False
34d081de-91b8-4e40-a40a-ab33c70fd87d,000000 - 00000111,none,2024-07-15,VDP-RYANAIR     ZN,none,-20.0,EUR,none,False
a54828e9-08f4-4c67-a2ea-291ed7e58f4a,000000 - 00000111,none,2024-07-15,VDC-EUROGIANT TRAL,none,-22.6,EUR,none,False
18f8fad4-0e16-44c8-a0a7-038f3f7d07e8,000000 - 00000111,none,2024-07-15,VDC-HENNESSY'S BAR,none,-8.8,EUR,none,False
b6ff2240-d77b-418c-98f0-b4f293b10513,000000 - 00000111,none,2024-07-15,VDC-LIDL IRELAND L,none,-16.28,EUR,none,False
91b008a8-60e0-48d7-9748-26d9bdd5da7d,000000 - 00000111,none,2024-07-15,VDC-LIDL IRELAND L,none,-2.29,EUR,none,False
771e7caf-4797-4d5d-8901-e5908663d8d7,000000 - 00000001,none,2024-07-15,VDP-LEAP CARD APP,none,-10.0,EUR,none,False
38cfb718-ac28-4b8f-aeff-97b44c7a3bdf,000000 - 00000111,none,2024-07-15,VDC-PENNEYS TRALEE,none,-21.9,EUR,none,False
15cf5a6b-37e1-4bbc-b93c-9c75aeab93ea,000000 - 00000111,none,2024-07-15,VDC-PENNEYS TRALEE,none,-47.0,EUR,none,False
4af64190-8f50-4376-9fa9-bc76984149bd,000000 - 00000111,none,2024-07-15,VDC-LIDL IRELAND L,none,-2.49,EUR,none,False
ed9540da-5ba5-4255-a085-719f6d851382,000000 - 00000111,none,2024-07-15,VDC-T K MAXX,none,-14.0,EUR,none,False
7e92aa3f-d214-406b-85d0-1f62948213b9,000000 - 00000111,none,2024-07-15,VDC-TESCO STORES 3,none,-0.88,EUR,none,False
045893a7-4350-4cb3-9ca7-3a31242df799,000000 - 00000111,none,2024-07-15,VDC-THE RANGE,none,-1.45,EUR,none,False
c247ec2f-c30a-40f0-adf5-41a48fe19260,000000 - 00000001,none,2024-07-15,VDP-LEAP CARD APP,none,-5.0,EUR,none,False
4a903e87-8307-4cb6-b38e-df9e72c43763,000000 - 00000111,none,2024-07-15,VDC-PEPCO 1624,none,-2.0,EUR,none,False
3d9e37f8-271f-4acf-973d-07db72757d7d,000000 - 00000001,none,2024-07-15,VDC-MORANS SPAR,none,-2.35,EUR,none,False
2400d6d8-1ecf-4305-8b7f-ad8991c7c2d8,000000 - 00000111,none,2024-07-16,VDC-Carrolls Irish,none,-50.0,EUR,none,False
87ef55c7-f128-4b11-9b66-eddf396f9ddc,000000 - 00000111,none,2024-07-16,VDC-CORK DUTY FREE,none,-12.0,EUR,none,False
355c8674-5006-4357-93aa-ef02e3353c64,000000 - 00000111,none,2024-07-16,VDC-DUNNES MERCHAN,none,-4.0,EUR,none,False
fed6f13c-5ccb-4fff-b030-fff151a86525,000000 - 00000111,none,2024-07-16,VDC-MARKS & SPENCE,none,-4.25,EUR,none,False
dd0e189c-30e2-4ad5-8c35-30d1a0a6f952,000000 - 00000111,none,2024-07-16,VDC-MCDONALDS,none,-7.3,EUR,none,False
ba485b59-d371-4b5d-b9cf-87b94ef314f0,000000 - 00000111,none,2024-07-16,*MOBI PAY,none,-100.0,EUR,none,False
3e59bde4-5520-4f8a-922b-b29182f74b85,000000 - 00000111,none,2024-07-16,VDP-IRISH RAIL 679,none,-9.2,EUR,none,False
d35133c1-2197-4eac-a361-6bdf988e79a6,000000 - 00000001,none,2024-07-17,VDP-LEAP CARD APP,none,-10.0,EUR,none,False
1f3b434b-04d0-486d-a4b5-3e107b31d23a,000000 - 00000111,none,2024-07-17,VDP-BOLT.EU/O/2407,44.84 PLN@,-11.01,EUR,none,False
cb60e0eb-313b-429b-9c1d-b2494c5d66e2,000000 - 00000111,none,2024-07-17,VDP-POLREGIO sp. z,5.50 PLN@,-1.74,EUR,none,False
d6386d3e-93a2-4449-bde2-33d4f163e5d9,000000 - 00000111,none,2024-07-17,VDC-1-Minute 54602,none,-6.06,EUR,none,False
2dfec350-184e-44d3-9179-c4f868001c8e,000000 - 00000001,none,2024-07-18,ATM CASTLE ST 2,18JUL24 TIME 14:18,-250.0,EUR,none,False
67c90e4b-ebdf-402f-87ab-64bb56f3ad31,000000 - 00000001,none,2024-07-19,VDC-PEPCO 1624,none,-2.0,EUR,none,False
bc4c4b12-12df-4d04-8182-9950077341c4,000000 - 00000001,none,2024-07-19,VDC-SumUp  *Yusuf,none,-6.3,EUR,none,False
900cdc9a-cefe-4eff-b56f-e14af97e7fdf,000000 - 00000001,none,2024-07-19,VDC-LIDL IRELAND L,none,-20.06,EUR,none,False
5061b850-4e42-422e-899c-8b0eea804eb6,000000 - 00000001,none,2024-07-19,ATM CASTLE ST 2,19JUL24 TIME 16:29,-250.0,EUR,none,False
50492619-aecd-4074-9a96-a65e05720e51,000000 - 00000001,none,2024-07-19,BIN BAN TEO W29,Account Number: 000000 - 00000003,310.65,EUR,none,False
12e06e16-47c7-4b73-a32f-3102921c38c8,000000 - 00000001,none,2024-07-22,VDC-TESCO STORES 3,none,-3.8,EUR,none,False
2929b454-22ea-4d3b-8438-bb5eba95b2b7,000000 - 00000001,none,2024-07-22,VDC-SUPERVALU GARV,none,-2.48,EUR,none,False
cf1b84d3-beba-4e2f-a9a2-81299099a834,000000 - 00000001,none,2024-07-22,VDC-GARVEYS SUPERV,none,-3.0,EUR,none,False
2996b395-9879-4a21-a7e1-1257bb8cdce6,000000 - 00000001,none,2024-07-22,VDP-LEAP CARD APP,none,-5.0,EUR,none,False
663a096b-39d4-49fc-9b3d-fdb7f58085c5,000000 - 00000001,none,2024-07-22,VDP-EXPOSE BEAUTY,none,-38.0,EUR,none,False
0b8d3ea1-e073-4ad4-8772-ced3b64b3a10,000000 - 00000111,none,2024-07-22,VDP-APPLE.COM/BILL,none,-2.99,EUR,none,False
ea089fdf-b990-4f04-85a9-5a0b6b46a271,000000 - 00000001,none,2024-07-23,*ATMLDG TRALEE   C,Card ending: 6180,10.0,EUR,none,False
775df92b-1381-41f0-a753-c86bef082889,000000 - 00000001,none,2024-07-23,VDP-LEAP CARD APP,none,-15.0,EUR,none,False
1a73c5ac-4d17-4f18-9336-8aaf75565444,000000 - 00000001,none,2024-07-23,VDC-SUPERVALU GARV,none,-3.93,EUR,none,False
24d6e600-337b-49c0-b687-82eee0980d24,000000 - 00000001,none,2024-07-24,VDC-MORANS SPAR,none,-2.99,EUR,none,False
53d4bc05-62d9-4d3a-8d4c-2f9a9ce40899,000000 - 00000001,none,2024-07-25,VDP-LEAP CARD APP,none,-10.0,EUR,none,False
6ead9221-6448-40d6-a079-a73c941ad2ff,000000 - 00000111,none,2024-07-25,VDP-ELECTRIC IRELA,none,-102.7,EUR,none,False
0fddb1ee-28cf-4310-9051-20679b2f2100,000000 - 00000001,none,2024-07-26,BIN BAN TEO W30,Account Number: 000000 - 00000003,303.28,EUR,none,False
0b39b994-c791-40a2-a3db-eb80dbdc1a2b,000000 - 00000001,none,2024-07-26,VDC-CIRCLE K FENIT,none,-1.45,EUR,none,False
83961ab5-ff00-4c60-b4e3-139f5edd7553,000000 - 00000001,none,2024-07-29,VDP-LEAP CARD APP,none,-25.0,EUR,none,False
88008de5-1b7b-499d-930e-7a6c1bd0cffd,000000 - 00000001,none,2024-07-29,VDP-Spotify P2E095,none,-5.99,EUR,none,False
b2508bf0-8c4b-485f-9d8c-b4942082ee2e,000000 - 00000001,none,2024-07-30,ALLA HARVEN,none,60.0,EUR,none,False
78346c7d-e048-4c5b-9a19-b1affc780c96,000000 - 00000001,none,2024-07-30,VDP-CITI BUS MOBIL,none,-13.0,EUR,none,False
29d86ede-e031-4bd9-bfbe-bb776d0bf567,000000 - 00000001,none,2024-07-30,VDP-CITI BUS MOBIL,none,-26.0,EUR,none,False
2c811cb1-f6df-4b9c-a7b8-247938fd6712,000000 - 00000001,none,2024-07-30,VDC-LIDL IRELAND L,none,-8.31,EUR,none,False
c3946777-9501-4061-b211-cbf8f87c9f85,000000 - 00000001,none,2024-07-30,VDC-PEPCO 1624,none,-5.0,EUR,none,False
ffbe71ba-5419-4175-a2fd-f49cb08f038e,000000 - 00000001,none,2024-07-30,VDC-TESCO STORES 3,none,-2.6,EUR,none,False
072c58a5-bbb5-41bf-9b91-2624b5a9487b,000000 - 00000001,none,2024-07-31,VDP-COMPLETESAVE.I,none,-15.0,EUR,none,False
708faaf2-51df-4ae3-a694-b7cd783f0f38,000000 - 00000001,none,2024-07-31,VDC-POCHA KOREAN S,none,-8.15,EUR,none,False
d8ca6ffe-c3e6-4e66-b195-1ee1298d3042,000000 - 00000001,none,2024-07-31,VDC-POCHA KOREAN S,none,-26.8,EUR,none,False
8adba8bd-9529-4571-8ee3-02860ade6421,000000 - 00000001,none,2024-07-31,VDP-IRISH RAIL 607,none,-49.98,EUR,none,False
08c55e1b-0dd3-4b16-82a7-570c3d1a9f3d,000000 - 00000001,none,2024-08-02,BIN BAN TEO W31,Account Number: 000000 - 00000003,376.03,EUR,none,False
dbce5b81-02ce-4538-bff9-631947e70071,000000 - 00000001,none,2024-08-02,VDC-GARVEYS SUPERV,none,-3.66,EUR,none,False
431bb672-d0c0-48de-9a8a-c586b1f07ced,000000 - 00000001,none,2024-08-02,VDC-MERCURY FOOD D,none,-9.52,EUR,none,False
7d974c1f-22ce-4023-864e-ba3efb4b4804,000000 - 00000001,none,2024-08-02,VDC-PEPCO 1624,none,-1.15,EUR,none,False
7aed17e0-a4f9-44ef-a574-8747c2b18651,000000 - 00000001,none,2024-08-02,VDC-TESCO STORES 3,none,-11.58,EUR,none,False
cf2bcd48-0d1f-45fd-b690-733626ed611c,000000 - 00000001,none,2024-08-06,VDP-IRISH RAIL 633,none,-7.5,EUR,none,False
d139e159-c161-4334-8bb2-6d9fbb8da7c9,000000 - 00000001,none,2024-08-06,VDP-LINKEDIN PRE*1,none,-30.49,EUR,none,False
ac689879-2af3-49cd-a823-7bf5ba81b1ff,000000 - 00000001,none,2024-08-06,VDP-LEAP CARD APP,none,-15.0,EUR,none,False
1127d4a3-8345-4ffb-8d82-1316607b7b11,000000 - 00000001,none,2024-08-06,VDP-IRISH RAIL 692,none,-7.5,EUR,none,False
92ffe091-cee4-4ef3-b143-4a583de95f24,000000 - 00000001,none,2024-08-06,VDC-OMNIPLEX KILLA,none,-4.0,EUR,none,False
3f97d3d7-4232-4c71-a952-a73bd0d8dba3,000000 - 00000001,none,2024-08-06,VDP-shein.com,none,-11.22,EUR,none,False
296ea911-d7e2-47e4-b80c-43594cc779ba,000000 - 00000111,none,2024-08-06,VDP-APPLE.COM/BILL,none,-2.99,EUR,none,False
eeb13240-a808-49da-88a0-17671a70f0ad,000000 - 00000001,none,2024-08-07,VDP-shein.com,none,-9.2,EUR,none,False
c838df39-a678-4ea1-9864-b8b9aad6cb3b,000000 - 00000001,none,2024-08-07,VDC-SUPERVALU GARV,none,-3.0,EUR,none,False
2f01024e-92d9-4499-891d-ac4373869019,000000 - 00000001,none,2024-08-07,VDP-LEAP CARD APP,none,-5.0,EUR,none,False
72c39cb3-b04f-4b15-940c-5f8769606dc5,000000 - 00000001,none,2024-08-08,VDC-MC CAFFREY,none,-10.0,EUR,none,False
380380b0-e52f-4d2b-96a5-3a1528779c4b,000000 - 00000001,none,2024-08-08,VDC-MC CAFFREY,none,-10.0,EUR,none,False
cc8bcaca-11d2-4a37-af16-84d12873958a,000000 - 00000111,none,2024-08-08,VDC-FRIENDSCAFE,75.00 UAH@,-1.69,EUR,none,False
d4b1e4d8-a3ef-4471-ae3a-acabbdcd4ed4,000000 - 00000001,none,2024-08-08,ATM CASTLE ST 2,08AUG24 TIME 11:57,-350.0,EUR,none,False
5bb9488a-b5cd-4afb-aeb2-987e15c35f29,000000 - 00000001,none,2024-08-09,BIN BAN TEO W32,Account Number: 000000 - 00000003,306.43,EUR,none,False
9c712097-7045-4560-8fb5-cce5bf848ebb,000000 - 00000001,none,2024-08-09,*MOBI  TOP-UP,000000007,-20.0,EUR,none,False
b085bc9e-c99c-4422-a9be-b96eb052e915,000000 - 00000001,none,2024-08-09,VDC-LIDL IRELAND L,none,-2.29,EUR,none,False
cebb7e57-4edf-45f1-add3-2f58dc2858e0,000000 - 00000001,none,2024-08-09,VDC-SumUp  *Yusuf,none,-1.99,EUR,none,False
3a0e1929-bd8f-4562-ae08-71eb59c4153e,000000 - 00000001,none,2024-08-12,ATM CASTLE ST 2,09AUG24 TIME 18:57,-300.0,EUR,none,False
6bf9ab1a-abc6-461e-8e80-01b3c774f354,000000 - 00000001,none,2024-08-12,VDP-LEAP CARD APP,none,-15.0,EUR,none,False
bdef940f-9ba5-4881-a0a8-985fbbf33e44,000000 - 00000001,none,2024-08-12,VDC-MORANS SPAR,none,-3.0,EUR,none,False
90f49e6b-9eba-4f5b-8e77-35be69a63325,000000 - 00000001,none,2024-08-12,VDC-SumUp  *Yusuf,none,-3.49,EUR,none,False
399c15c9-a9ca-4aa0-ae95-f9e200fcb958,000000 - 00000001,none,2024-08-12,VDC-SUPERVALU GARV,none,-1.29,EUR,none,False
2d1ab97b-64fd-47b4-88f0-79aeb7fb0e92,000000 - 00000001,none,2024-08-13,VDC-PEPCO 1624,none,-5.0,EUR,none,False
57ff70a4-c60d-413e-9d2d-b79037118a61,000000 - 00000001,none,2024-08-16,VDC-TESCO STORES 3,none,-7.7,EUR,none,False
6a936667-38dd-4e2f-8a12-2e866a0c1f78,000000 - 00000001,none,2024-08-16,BIN BAN TEO W33,Account Number: 000000 - 00000003,343.29,EUR,none,False
864f251e-9269-44e7-b26a-da8f21ed5fbc,000000 - 00000001,none,2024-08-19,VDC-BOOTS RETAIL17,none,-44.06,EUR,none,False
d2fcec1a-1954-4c00-9b9d-addfae7b9ba9,000000 - 00000001,none,2024-08-19,VDC-LIDL IRELAND L,none,-4.0,EUR,none,False
e6d5d8ce-3cfa-4ed7-9ee2-a3f7778e7e7d,000000 - 00000001,none,2024-08-19,VDC-SUPERVALU GARV,none,-2.04,EUR,none,False
454020b2-c14b-4370-9154-9ae6bf5d171b,000000 - 00000001,none,2024-08-19,VDP-LEAP CARD APP,none,-20.0,EUR,none,False
f615a879-6833-43f3-a72a-2bde6000464a,000000 - 00000001,none,2024-08-20,VDP-shein.com,none,-14.26,EUR,none,False
04a8a92a-6567-4ee5-a080-53421345b979,000000 - 00000001,none,2024-08-20,VDC-TESCO STORES 3,none,-2.25,EUR,none,False
6f0418ea-f95e-47f0-b450-734393cf01b5,000000 - 00000001,none,2024-08-21,VDC-SUPERVALU GARV,none,-1.75,EUR,none,False
b98f527b-33c4-4ac4-8c50-64c3f16eac03,000000 - 00000001,none,2024-08-21,VDC-TESCO STORES 3,none,-3.6,EUR,none,False
825822e8-186d-4ef5-b0ee-abfdd3fe1e67,000000 - 00000001,none,2024-08-22,VDP-APPLE.COM/BILL,none,-12.99,EUR,none,False
ef6d602a-5d4c-4f79-b3e8-9b452d1719b9,000000 - 00000001,none,2024-08-22,VDC-LIDL IRELAND L,none,-40.33,EUR,none,False
b4b7ad91-13a1-4861-b14d-6d08f55e3b5b,000000 - 00000001,none,2024-08-23,VDC-TESCO STORES 3,none,-6.38,EUR,none,False
c51d0c1c-ad59-4d70-a288-a391cac88c53,000000 - 00000001,none,2024-08-23,BIN BAN TEO W34,Account Number: 000000 - 00000003,340.13,EUR,none,False
4b416c7a-c44f-4f12-a87f-ff85d86eb79c,000000 - 00000001,none,2024-08-26,VDP-LEAP CARD APP,none,-25.0,EUR,none,False
20176b0d-163f-4a18-a8b9-f5edd96f0c6b,000000 - 00000001,none,2024-08-26,VDP-Spotify P2EDDF,none,-5.99,EUR,none,False
8db64699-92ea-4582-8f59-4e6c7fee39cf,000000 - 00000001,none,2024-08-26,VDC-C.H.CHEMISTS,none,-20.0,EUR,none,False
b1fcfd75-523f-45cb-b183-4d27167ebbfb,000000 - 00000001,none,2024-08-26,VDC-DUNNES TRALEE,none,-37.89,EUR,none,False
7df8b8b9-b83d-4402-9bc8-ceb0ea57d974,000000 - 00000001,none,2024-08-26,VDC-GARVEYS SUPERV,none,-7.5,EUR,none,False
c4ba69fa-78cc-4966-87fa-aff533f220ac,000000 - 00000001,none,2024-08-26,VDC-LIDL IRELAND L,none,-30.92,EUR,none,False
28c0aa3f-c0df-49e5-b7f1-4b7a8b33b089,000000 - 00000001,none,2024-08-26,VDC-MC CAFFREY,none,-20.0,EUR,none,False
db1c41f4-0b43-4e85-9e1c-8d3876413e3d,000000 - 00000001,none,2024-08-26,VDC-MC CAFFREY,none,-20.5,EUR,none,False
8e4bc898-9bed-4370-ab61-8189de8795de,000000 - 00000111,none,2024-08-26,ZA LUBOVI,none,10.0,EUR,none,False
287cf046-1458-41c7-950e-e1ea19909cf0,000000 - 00000001,none,2024-08-26,VDC-TESCO STORES 3,none,-8.0,EUR,none,False
87812748-c1c4-4412-a455-f89f6991ff02,000000 - 00000001,none,2024-08-28,VDC-SUPERVALU GARV,none,-3.0,EUR,none,False
d9f8a5d2-a6b6-4bec-be77-e73638ef9642,000000 - 00000001,none,2024-08-28,VDC-PEPCO 1624,none,-4.0,EUR,none,False
a1a1eefb-3cbd-4294-a1bf-2d07a87baa43,000000 - 00000001,none,2024-08-29,VDC-DINGLE OLDE SW,none,-4.99,EUR,none,False
919471ea-548a-4815-914d-7705952516a9,000000 - 00000111,none,2024-08-30,*ATMLDG TRELEE,none,100.0,EUR,none,False
ec8d5575-678b-44f8-8d0f-e1ea79ed89bb,000000 - 00000111,none,2024-08-30,*ATMLDG TRELEE,Card ending: 3430,200.0,EUR,none,False
ec5c2ead-af35-4255-a684-66ac94cfbde3,000000 - 00000111,none,2024-08-30,ZA ZDOROVIE,none,35.17,EUR,none,False
74e1b96a-d5c4-4476-ac43-5a713541c80a,000000 - 00000111,none,2024-08-30,OLEH B,000000 - 00000222,28.0,EUR,none,False
99cfbe1e-8e0a-4bdd-b1eb-6cd8abc3bc3b,000000 - 00000111,none,2024-08-30,VDP-LEAP CARD APP,none,-15.0,EUR,none,False
aed5a4b3-ecee-46ea-9141-eb67c7820308,000000 - 00000111,none,2024-08-30,VDC-BOOTS RETAIL(I,none,-15.48,EUR,none,False
22895f84-dee2-4f45-aa9a-5bb2b8ae8446,000000 - 00000111,none,2024-08-30,VDC-HALE VAPING,none,-8.0,EUR,none,False
dd80acdd-81b2-4ba6-bcba-30fef154f00f,000000 - 00000111,none,2024-08-30,VDC-SUPERDRUG,none,-13.55,EUR,none,False
9dd4c6be-1f79-4d3d-9564-b99cb739cf4c,000000 - 00000001,none,2024-08-30,VDC-EUROGIANT TRAL,none,-1.0,EUR,none,False
227dd022-4c51-4c3b-b692-28c95bc0863c,000000 - 00000001,none,2024-08-30,VDC-BOOTS RETAIL17,none,-17.6,EUR,none,False
f85b8401-90fb-4171-aab8-1d1668648d73,000000 - 00000001,none,2024-08-30,BIN BAN TEO W35,Account Number: 000000 - 00000003,287.48,EUR,none,False
3850f049-0b27-4a50-a20c-62cec2eff273,000000 - 00000111,none,2024-08-30,VDC-WH Smith Shann,none,-7.29,EUR,none,False
08a45780-f51d-4284-a0b6-75091fade627,000000 - 00000001,none,2024-09-02,WITHDRAWAL,none,0.0,EUR,none,False
221c5bd9-38d0-4c38-82e7-054257784acc,000000 - 00000001,none,2024-09-02,VDP-LEAP CARD APP,none,-10.0,EUR,none,False
db476e1b-42bd-4cd6-afd5-7e92c09c5ec4,000000 - 00000001,none,2024-09-02,VDP-COMPLETESAVE.I,none,-15.0,EUR,none,False
8c56f5e4-3417-4733-8d74-02975e9c3bc6,000000 - 00000001,none,2024-09-02,LODGMENT,none,0.0,EUR,none,False
a4c6c348-5ffd-485e-b5b6-62fb881d7c68,000000 - 00000001,none,2024-09-02,VDC-MERCURY FOOD D,none,-16.58,EUR,none,False
57523463-44a9-4837-a9d3-badc3413a698,000000 - 00000001,none,2024-09-02,VDC-TESCO STORES 3,none,-9.3,EUR,none,False
5f1f6e9c-01a5-4296-8e5f-5d6b2e3711bb,000000 - 00000111,none,2024-09-02,VDC-HENNESSY'S BAR,none,-8.8,EUR,none,False
b28af882-3cd8-4133-87c6-5b22d4aa1d06,000000 - 00000111,none,2024-09-02,VDC-EIR TRALEE,none,-20.0,EUR,none,False
ad330ff2-59ee-4767-b226-90808eb91a5a,000000 - 00000111,none,2024-09-02,VDC-PEPCO 1624,none,-1.5,EUR,none,False
f5dd3a15-a923-4be2-b9dc-1a74ad06eb93,000000 - 00000111,none,2024-09-02,VDC-LIDL IRELAND L,none,-13.35,EUR,none,False
2845577d-dabb-4467-a46d-fc80276f4dd5,000000 - 00000111,none,2024-09-02,VDC-LIDL IRELAND L,none,-4.25,EUR,none,False
2a056439-52b9-45ad-bbb2-2b8110956b12,000000 - 00000111,none,2024-09-02,VDC-LIDL IRELAND L,none,-2.89,EUR,none,False
3487cbdf-0bae-4f53-9140-94dd1667ae6f,000000 - 00000111,none,2024-09-02,VDC-SumUp  *Vape s,none,-7.0,EUR,none,False
722a6792-b572-4d27-b942-f4dcef27bf88,000000 - 00000111,none,2024-09-02,VDC-DUNNES TRALEE,none,-2.49,EUR,none,False
af8675af-997a-4b0a-9a7e-85e6f26c5892,000000 - 00000111,none,2024-09-02,VDC-COSTA COFFEE,none,-5.75,EUR,none,False
35b46a68-3b95-47e7-b782-521643670251,000000 - 00000111,none,2024-09-02,VDC-SumUp  *Salty,none,-3.8,EUR,none,False
f403f64d-388f-4663-8d18-9ce08915472d,000000 - 00000001,none,2024-09-03,VDP-LinkedIn Pre P,none,-30.49,EUR,none,False
ee54ff7c-1026-4462-bdc6-398304276f6b,000000 - 00000001,none,2024-09-03,VDC-PEPCO 1624,none,-5.0,EUR,none,False
8912364d-f3a1-4f3e-b0a0-7d212870f218,000000 - 00000111,none,2024-09-03,VDC-THE KIOSK RAIL,none,-3.8,EUR,none,False
757cc40b-b323-49e8-90b2-539ae51119b5,000000 - 00000111,none,2024-09-03,VDC-LIDL IRELAND L,none,-5.36,EUR,none,False
126bdde6-206f-4b43-a22e-b162336c8f53,000000 - 00000111,none,2024-09-03,VDP-OMNIPLEX SERVI,none,-17.99,EUR,none,False
0b72cf68-469a-4ab6-ac86-489420fbe934,000000 - 00000111,none,2024-09-03,VDC-LIDL IRELAND L,none,-1.59,EUR,none,False
b8a231f0-31cd-427c-8e17-47b8662dbd2d,000000 - 00000001,none,2024-09-04,VDP-TRALEE OMNIPLE,none,-12.0,EUR,none,False
d2edbcc2-a591-4cd0-b9ab-67a3ba0465fc,000000 - 00000001,none,2024-09-04,VDC-DUNNES TRALEE,none,-7.69,EUR,none,False
cd03c247-e9e6-4e04-8cce-56fdc7d6f6d3,000000 - 00000001,none,2024-09-04,VDC-GARVEYS SUPERV,none,-5.3,EUR,none,False
c001fd72-3ddd-45dc-b6d7-c3cfe409ddfe,000000 - 00000111,none,2024-09-04,VDC-TESCO STORES 3,none,-4.75,EUR,none,False
3bc1cfdf-e751-434e-9240-c742c7ff163b,000000 - 00000111,none,2024-09-04,VDC-PENNEYS TRALEE,none,-7.5,EUR,none,False
26695d03-e4e9-4007-9ac6-4b06c0510ceb,000000 - 00000001,none,2024-09-04,VDC-PEPCO 1624,none,-3.5,EUR,none,False
b45fd8b5-76bd-4bf2-bdf8-e212602f4372,000000 - 00000001,none,2024-09-04,VDC-TESCO STORES 3,none,-3.58,EUR,none,False
dc8af174-1cdf-45a9-97c0-94f5d60e0df8,000000 - 00000001,none,2024-09-05,*MOBI  TOP-UP,000000007,-20.0,EUR,none,False
f797ab8e-2f22-47b6-98ab-c02ed9509016,000000 - 00000001,none,2024-09-05,VDP-IRISH RAIL 654,none,-31.98,EUR,none,False
a313f777-26e0-41f7-ac68-f7a18cc1439f,000000 - 00000111,none,2024-09-05,KATERYNA T,none,20.0,EUR,none,False
2121b88e-fa2f-499b-a1fa-968600f1e992,000000 - 00000111,none,2024-09-05,VDP-APPLE.COM/BILL,none,-2.99,EUR,none,False
b8a5ebba-0bbe-44d3-b4dc-8f53b38b3084,000000 - 00000111,none,2024-09-05,VDP-IRISH RAIL 648,none,-15.99,EUR,none,False
bc08419f-a5b7-4955-929a-d49a6441934b,000000 - 00000111,none,2024-09-05,VDC-Sean Ogs Bar a,none,-9.0,EUR,none,False
083a8404-ebc7-4009-924d-19b85b67ab99,000000 - 00000111,none,2024-09-05,VDC-SumUp  *Vape s,none,-7.0,EUR,none,False
0a25f8e5-684b-4c67-bf7a-7436ede26021,000000 - 00000111,none,2024-09-05,VDC-SAM MC CAULEY,none,-9.0,EUR,none,False
07532cdf-bedd-4e65-b262-e9c866b233c7,000000 - 00000111,none,2024-09-05,VDC-SQ *MADDENS,none,-4.0,EUR,none,False
94b55505-2bb0-402f-9853-aebffd5e4edf,000000 - 00000111,none,2024-09-05,VDC-TESCO STORES 3,none,-3.5,EUR,none,False
554d9d27-4e87-46b8-888e-5e605a0b41c8,000000 - 00000111,none,2024-09-06,VDP-LEAP CARD APP,none,-10.0,EUR,none,False
3d76ba47-1011-4c55-ae04-ff5da9f06bdd,000000 - 00000111,none,2024-09-06,VDC-H & M,none,-21.14,EUR,none,False
a398ff6e-5cb7-4907-bda3-864dc3958c88,000000 - 00000111,none,2024-09-06,VDC-MARKS & SPENCE,none,-1.75,EUR,none,False
57b0c281-fb68-498d-b80b-1cae1137b28d,000000 - 00000111,none,2024-09-06,VDC-MARKS & SPENCE,none,-11.5,EUR,none,False
143e794b-6fb7-4cbb-8e7f-8e00314844e3,000000 - 00000111,none,2024-09-06,VDC-MARKS & SPENCE,none,-29.0,EUR,none,False
ef23b78c-16a7-4ce8-b9b1-c87c4ed25cff,000000 - 00000111,none,2024-09-06,VDC-Rituals Cosmet,none,-29.8,EUR,none,False
88ffd46b-1dbc-4998-b03b-7a5777c88c04,000000 - 00000111,none,2024-09-06,VDC-TST-Off Beat W,none,-8.5,EUR,none,False
46b8dd4d-3bd6-403c-b84f-344371c0fe0a,000000 - 00000111,none,2024-09-06,VDC-SV ASTON QUAY,none,-6.6,EUR,none,False
0503c70b-f8a6-459b-9502-a47919117898,000000 - 00000001,none,2024-09-06,BIN BAN TEO W36,Account Number: 000000 - 00000003,284.32,EUR,none,False
2f23b4e0-7431-412f-9863-0020f934b485,000000 - 00000001,none,2024-09-06,VDP-LEAP CARD APP,none,-5.0,EUR,none,False
88a3d9f8-d417-4d11-94be-19ced881c9af,000000 - 00000001,none,2024-09-06,VDC-FRESH THE GOOD,none,-10.15,EUR,none,False
6306e2d4-34f3-4e96-a609-0f6451890d72,000000 - 00000001,none,2024-09-06,VDC-H & M,none,-23.13,EUR,none,False
e8a32c94-1749-47fd-a993-b20af5f97ccd,000000 - 00000001,none,2024-09-06,VDC-MARKS & SPENCE,none,-4.25,EUR,none,False
e3212317-0311-4fbe-93de-8d539f9c8bf7,000000 - 00000001,none,2024-09-06,VDC-Rituals Cosmet,none,-32.8,EUR,none,False
f7fa0e49-8796-4279-bca0-591c1f68d64f,000000 - 00000001,none,2024-09-06,VDC-TST-Off Beat W,none,-8.5,EUR,none,False
34fcdbaf-b0fd-4285-8d25-448dd63bfa30,000000 - 00000001,none,2024-09-06,VDC-VS GRAFTON STR,none,-71.0,EUR,none,False
8c22ead9-6cd8-4375-b3b6-fd1c71e6b90c,000000 - 00000001,none,2024-09-06,VDC-MARKS & SPENCE,none,-1.25,EUR,none,False
dd9c4833-34a7-4a4b-bb35-5104a0a817d0,000000 - 00000001,none,2024-09-09,VDC-DUNNES TRALEE,none,-6.79,EUR,none,False
751dd415-9f65-4f4f-8b02-5e1ce3fcaa93,000000 - 00000001,none,2024-09-09,VDC-KINGDOM FOOD A,none,-4.0,EUR,none,False
b0c9b78f-43f5-4a45-abd5-c00cf541c232,000000 - 00000001,none,2024-09-09,VDC-LIDL IRELAND L,none,-6.92,EUR,none,False
27d522df-fab9-495c-a58c-3597072e75cf,000000 - 00000111,none,2024-09-09,VDC-TESCO STORES 3,none,-8.14,EUR,none,False
d6a84684-b853-48f9-b3ec-c4576a624980,000000 - 00000001,none,2024-09-09,VDC-TESCO STORES 3,none,-9.79,EUR,none,False
623e5d8f-ad90-4827-93fd-596874967d34,000000 - 00000111,none,2024-09-09,VDC-ALDI 105 873,none,-1.84,EUR,none,False
23da8aea-7dfe-4769-a5de-7f2d4ba8a866,000000 - 00000111,none,2024-09-09,VDC-DER OSULLIVANS,none,-6.0,EUR,none,False
f92c234c-2ff1-49f7-b4fb-17687bc3dbdd,000000 - 00000111,none,2024-09-09,VDC-LIDL IRELAND L,none,-2.64,EUR,none,False
f2e2c0bc-11ed-4311-ac1e-66f035e1f06e,000000 - 00000111,none,2024-09-09,VDC-LIDL IRELAND L,none,-10.29,EUR,none,False
6dd2cc13-8804-4803-9c40-d51e08677581,000000 - 00000111,none,2024-09-09,VDC-PEPCO 1624,none,-4.25,EUR,none,False
eb5bc0b7-3855-47f3-ade8-0a5e933d8d1e,000000 - 00000111,none,2024-09-09,VDC-TESCO STORES 3,none,-1.05,EUR,none,False
314d89b4-55b9-49f4-989b-c7348f416f03,000000 - 00000111,none,2024-09-09,VDC-TESCO STORES 3,none,-1.39,EUR,none,False
616dcd33-eade-4468-ae15-f0c72bc65059,000000 - 00000001,none,2024-09-09,ATM CASTLE ST 1,09SEP24 TIME 15:34,-400.0,EUR,none,False
b87d0baa-3fc6-444f-9c18-1fcc6ede2845,000000 - 00000111,none,2024-09-10,VDC-LIDL IRELAND L,none,-0.99,EUR,none,False
70078ee5-0a72-4b00-afd0-bf345a292d81,000000 - 00000111,none,2024-09-10,VDC-ALDI 105 873,none,-0.99,EUR,none,False
48829943-35ce-4eaf-a293-4b48e0e2e802,000000 - 00000111,none,2024-09-10,VDP-Bershka.com,none,-79.98,EUR,none,False
682c6697-66fa-4c2b-9cac-c860bf6c9a66,000000 - 00000111,none,2024-09-10,VDC-EUROGIANT TRAL,none,-1.5,EUR,none,False
e82d136d-f6e8-440f-891f-1413d5b48dce,000000 - 00000111,none,2024-09-10,VDC-MR PRICE,none,-1.99,EUR,none,False
ba7ad899-233a-414d-8594-23ca24374bef,000000 - 00000001,none,2024-09-10,VDC-BOOTS RETAIL17,none,-6.69,EUR,none,False
213215bd-7929-42fa-91a0-d7e3367eb6a6,000000 - 00000111,none,2024-09-10,KATERYNA T,none,15.0,EUR,none,False
f0a2c8d7-5dec-4b86-a249-576784c718be,000000 - 00000001,none,2024-09-10,VDC-C.H.CHEMISTS,none,-1.14,EUR,none,False
657e85a3-e760-4c44-9644-2442f17881e1,000000 - 00000001,none,2024-09-10,VDC-DUNNES TRALEE,none,-4.39,EUR,none,False
ec4bd8af-34a1-4ae7-92cb-bc1265b06ef8,000000 - 00000111,none,2024-09-11,VDC-GARVEYS SUPERV,none,-2.6,EUR,none,False
976416fa-59d2-424b-a76d-7da14ce79c3e,000000 - 00000001,none,2024-09-11,VDC-DUNNES HORAN C,none,-2.38,EUR,none,False
0bb1a466-c1b6-4d61-9a7f-020b9be0a405,000000 - 00000001,none,2024-09-12,VDC-LIDL IRELAND L,none,-4.5,EUR,none,False
c3ec5b54-ca10-416d-b36b-cf2e0140b3c0,000000 - 00000001,none,2024-09-13,VDC-GARVEYS SUPERV,none,-15.85,EUR,none,False
0288d01b-dec1-4bc4-b28f-ec2b84c6753f,000000 - 00000001,none,2024-09-13,VDC-IT TRALEE NORT,none,-3.3,EUR,none,False
28ad0a2a-2961-4d9f-b56d-6e7a56acec45,000000 - 00000111,none,2024-09-13,*ATMLDG TRELEE,Card ending: 3430,200.0,EUR,none,False
27a668cf-17cc-41b8-b319-be84e3dcdebc,000000 - 00000111,none,2024-09-13,VDC-IT TRALEE NORT,none,-5.1,EUR,none,False
339999ae-0f05-4c58-ad13-5d478242d58f,000000 - 00000111,none,2024-09-13,VDC-LIDL IRELAND L,none,-4.95,EUR,none,False
05cbfec7-ac57-4da6-9d3c-337c4b61a561,000000 - 00000111,none,2024-09-13,VDC-PENNEYS TRALEE,none,-8.9,EUR,none,False
8a8a32d4-d65d-41e2-8e8a-c84bdf016756,000000 - 00000111,none,2024-09-16,VDP-aliexpress,none,-7.5,EUR,none,False
c251ba0e-0e61-40ce-a1ae-9c03c5bb06e7,000000 - 00000111,none,2024-09-16,VDP-shein.com,none,-22.48,EUR,none,False
8d9eb539-cd8a-4d1e-a0da-2d6cb4e757f0,000000 - 00000111,none,2024-09-16,VDC-ALDI 105 873,none,-3.48,EUR,none,False
65cab0c7-6e5a-4a8e-9f8f-1d9b8fe823f5,000000 - 00000111,none,2024-09-16,VDC-MERCURY FOOD D,none,-12.61,EUR,none,False
95051275-9b3b-4e0a-940c-99319aa2a407,000000 - 00000001,none,2024-09-16,VDC-PENNEYS TRALEE,none,-14.15,EUR,none,False
2b75dc86-6962-41fc-8343-0c094321e48a,000000 - 00000111,none,2024-09-16,VDC-PEPCO 1624,none,-1.0,EUR,none,False
b21a6813-8285-4df6-ba0d-d68706b4f36a,000000 - 00000111,none,2024-09-16,VDC-PEPCO 1624,none,-6.75,EUR,none,False
c9cbe92a-df95-49f4-af1e-f64020f6a3b3,000000 - 00000111,none,2024-09-16,VDC-MCDONALDS TRAL,none,-10.3,EUR,none,False
a9582dbc-112d-4cdc-bf8a-e9221f564a01,000000 - 00000111,none,2024-09-16,VDC-LIDL IRELAND L,none,-1.19,EUR,none,False
c4ced790-aef3-4756-9738-129ade11e63a,000000 - 00000111,none,2024-09-17,VDC-IT TRALEE NORT,none,-1.8,EUR,none,False
50a52097-2db2-4ade-b308-6dfb7c9be217,000000 - 00000111,none,2024-09-17,VDC-LIDL IRELAND L,none,-2.85,EUR,none,False
e09bc669-7fdc-4f93-af8f-319f9c75c847,000000 - 00000111,none,2024-09-17,VDC-THE AQUADOME,none,-3.0,EUR,none,False
380d810c-79cc-43e2-9b2a-1ba4bdfafa0d,000000 - 00000001,none,2024-09-17,VDC-LIDL IRELAND L,none,-3.65,EUR,none,False
7bbc0a15-23e7-45fa-9d2d-a96cad809d2f,000000 - 00000001,none,2024-09-17,VDC-PATCHINOS COFF,none,-3.4,EUR,none,False
8c043b54-13b9-43c4-a61a-380e059c8092,000000 - 00000111,none,2024-09-18,VDC-LIDL IRELAND L,none,-2.64,EUR,none,False
ceeedcdb-d519-4e7b-8271-0bf7b6544139,000000 - 00000001,none,2024-09-19,VDC-IT TRALEE NORT,none,-3.3,EUR,none,False
3265886b-14e8-493d-b790-e71f97c67ca9,000000 - 00000111,none,2024-09-19,VDC-LIDL IRELAND L,none,-9.3,EUR,none,False
70eda565-28e9-49f1-bf65-67b1e94806d0,000000 - 00000111,none,2024-09-19,VDC-IT TRALEE NORT,none,-3.5,EUR,none,False
4310c688-a474-49ca-89ed-a6c77fac166e,000000 - 00000111,none,2024-09-19,VDC-IT TRALEE NORT,none,-2.1,EUR,none,False
b534bc3f-7070-454c-aac0-eab8e19a7564,000000 - 00000111,none,2024-09-19,KATERYNA T,none,6.0,EUR,none,False
3fecaf56-1c5f-4cc9-95a7-6a8ae79aa938,000000 - 00000111,none,2024-09-20,VDC-LIDL IRELAND L,none,-3.19,EUR,none,False
b48c2de2-d6ad-495a-a2fc-cd9f1bb95851,000000 - 00000001,none,2024-09-20,VDC-IT TRALEE NORT,none,-3.3,EUR,none,False
f7b74c5c-f78f-4a96-a7df-577bdb2bcf5b,000000 - 00000001,none,2024-09-20,VDP-YOUNG ADULT ST,none,-10.0,EUR,none,False
faab9fa2-4d66-4f22-8761-4b441635fddc,000000 - 00000001,none,2024-09-20,VDP-LEAP CARD APP,none,-5.0,EUR,none,False
eaa91302-3108-4544-83e3-bbf313d27d98,000000 - 00000001,none,2024-09-20,BIN BAN TEO W38,Account Number: 000000 - 00000003,302.32,EUR,none,False
50680d10-05d7-4c9b-8d4b-f4084574f408,000000 - 00000111,none,2024-09-20,VDC-IT TRALEE NORT,none,-3.3,EUR,none,False
1c3d1848-e475-4d42-89ad-c9aeb5d106d4,000000 - 00000111,none,2024-09-20,VDC-TESCO STORES 3,none,-13.8,EUR,none,False
de19a773-ad56-4cb5-8504-d063bb515d6e,000000 - 00000111,none,2024-09-20,VDC-PENNEYS TRALEE,none,-16.0,EUR,none,False
d361c734-0971-4b5d-8c35-c5532472a388,000000 - 00000001,none,2024-09-23,VDC-LIDL IRELAND L,none,-19.29,EUR,none,False
59671b62-45c2-46d7-9271-f8ad4cb2c29d,000000 - 00000111,none,2024-09-23,VDC-JOHN BENNYS PU,none,-23.5,EUR,none,False
687e3526-37f7-4726-b02a-1b31ba275021,000000 - 00000111,none,2024-09-23,VDC-TESCO STORES 3,none,-0.8,EUR,none,False
2764a9fb-099d-45b7-90ac-7be00b36be1a,000000 - 00000111,none,2024-09-23,VDC-LIDL IRELAND L,none,-3.37,EUR,none,False
463b0d2f-d659-4ede-9666-6998960dddce,000000 - 00000111,none,2024-09-23,VDC-LIDL IRELAND L,none,-1.98,EUR,none,False
604b2321-7c5e-4b8b-bc2f-0ad97a6252ef,000000 - 00000111,none,2024-09-23,*ATMLDG TRALEE   B,Card ending: 3430,100.0,EUR,none,False
7dbbad9f-6e79-4917-95eb-eba288afe932,000000 - 00000111,none,2024-09-23,VDP-LEAP CARD APP,none,-15.0,EUR,none,False
b086fea0-b120-4340-9893-5a995c48f7fd,000000 - 00000111,none,2024-09-24,VDC-THE AQUADOME,none,-3.0,EUR,none,False
4fe29720-f916-47d0-8daf-a1c7c1e0b80a,000000 - 00000111,none,2024-09-24,VDC-MCDONALDS TRAL,none,-9.6,EUR,none,False
878bf517-7f54-499d-a34c-094af7621780,000000 - 00000111,none,2024-09-24,VDC-IT TRALEE NORT,none,-4.6,EUR,none,False
d0aef2be-728a-4aff-9f36-1b9d7e7c3ae9,000000 - 00000111,none,2024-09-24,VDC-BOOTS RETAIL17,none,-7.49,EUR,none,False
70af5219-d4aa-4cde-86f2-5b279fbc5f16,000000 - 00000111,none,2024-09-24,VDP-ELECTRIC IRELA,none,-143.16,EUR,none,False
77c12c8d-a910-4f41-ba35-0aa42f8a71b8,000000 - 00000001,none,2024-09-24,VDC-IT TRALEE NORT,none,-3.2,EUR,none,False
9bdd8e41-9e17-4cf0-9cb2-5db64859e255,000000 - 00000001,none,2024-09-25,VDC-IT TRALEE NORT,none,-3.2,EUR,none,False
a6a02e87-8aa2-4d65-8010-380b8169daba,000000 - 00000111,none,2024-09-25,VDC-LIDL IRELAND L,none,-1.38,EUR,none,False
9899d4d4-cb9d-4870-a597-21a71418e35e,000000 - 00000111,none,2024-09-25,VDC-MCDONALDS TRAL,none,-3.6,EUR,none,False
58eaf928-3577-4f8c-aad8-72937490ef86,000000 - 00000111,none,2024-09-26,VDC-LIDL IRELAND L,none,-1.98,EUR,none,False
01577f6d-ce3f-42cc-8826-f7f627aebe6d,000000 - 00000001,none,2024-09-26,VDP-Spotify P302C7,none,-5.99,EUR,none,False
be518406-7c4f-407d-98af-476a1b497ff3,000000 - 00000111,none,2024-09-27,*ATMLDG TRELEE,Card ending: 3430,200.0,EUR,none,False
dfecc93c-38b3-4002-b322-ead2cd17d260,000000 - 00000111,none,2024-09-27,VDC-IT TRALEE NORT,none,-3.2,EUR,none,False
7e69e278-1ae3-4073-be38-cfe8692098b0,000000 - 00000001,none,2024-09-30,VDC-SumUp  *Yusuf,none,-7.0,EUR,none,False
899d5756-2535-4eba-aa20-895d923a0e69,000000 - 00000001,none,2024-09-30,VDC-LIDL IRELAND L,none,-38.08,EUR,none,False
e5dd9a07-84b8-4ecb-b48f-ffa07a42cf81,000000 - 00000001,none,2024-09-30,VDC-LIDL IRELAND L,none,-3.63,EUR,none,False
82641e66-ecac-4bd6-8773-fb971bc83b1a,000000 - 00000001,none,2024-09-30,VDC-LANA TRALEE,none,-35.0,EUR,none,False
0997562a-b89f-475c-9a09-797e2d3badb3,000000 - 00000001,none,2024-09-30,FEE-QTR TO 30AUG24,Account Number: 000000 - 00000002,-22.1,EUR,none,False
03b4d3cf-7abd-42d1-93e9-26af9c84b1b3,000000 - 00000001,none,2024-09-30,FEES REFUNDED,Account Number: 000000 - 00000002,22.1,EUR,none,False
26bf3360-2189-4de4-9b38-f829e304f2cb,000000 - 00000001,none,2024-09-30,ANNA,none,414.0,EUR,none,False
fd96b3d4-8ce6-4886-831b-d0f2d1014593,000000 - 00000001,none,2024-09-30,ANNA,none,334.1,EUR,none,False
249eb2fb-823b-4d47-9e71-f1d83fddf59f,000000 - 00000111,none,2024-09-30,VDC-T K MAXX,none,-15.0,EUR,none,False
e80dc859-982d-4f0f-bfce-be94ee5c387c,000000 - 00000001,none,2024-09-30,VDC-SQ *MADDENS,none,-9.4,EUR,none,False
fb350d8f-cb7d-4a04-9562-eaeba057eee1,000000 - 00000111,none,2024-09-30,VDC-SAM MC CAULEY,none,-5.45,EUR,none,False
4364a057-bd63-4ddb-b227-bb7412c8f2b5,000000 - 00000111,none,2024-09-30,VDC-PENNEYS TRALEE,none,-4.9,EUR,none,False
cd0dce6e-5680-4ab8-beed-e6ef71ef5b1a,000000 - 00000111,none,2024-09-30,VDC-LIDL IRELAND L,none,-24.28,EUR,none,False
37dadde0-507b-495e-8f33-cf8bc7680912,000000 - 00000111,none,2024-09-30,VDC-LIDL IRELAND L,none,-5.13,EUR,none,False
a0cef968-ce14-4d96-b851-93ab33879b29,000000 - 00000111,none,2024-09-30,VDC-LIDL IRELAND L,none,-3.63,EUR,none,False
5c75bf7b-b097-4fab-b6a5-017fd000343b,000000 - 00000111,none,2024-09-30,VDC-ALDI 105 873,none,-1.49,EUR,none,False
4ed2c02b-3460-4a35-a1c6-8514ecb25458,000000 - 00000111,none,2024-09-30,FEE-QTR TO 30AUG24,000000 - 00000112,-11.35,EUR,none,False
1249a664-bc92-4020-bf29-0ed66693c610,000000 - 00000111,none,2024-09-30,VDP-VESTA  *EIR TO,none,-20.0,EUR,none,False
f5c0d01d-a808-4a79-8842-c280fbc825e9,000000 - 00000111,none,2024-10-01,VDC-IT TRALEE NORT,none,-1.8,EUR,none,False
67883b26-c1ce-4d50-8457-8df2d95292b6,000000 - 00000001,none,2024-10-01,VDP-COMPLETESAVE.I,none,-15.0,EUR,none,False
bc023f1a-48f5-4ffc-8278-0b6617022afc,000000 - 00000001,none,2024-10-01,VDC-IT TRALEE NORT,none,-3.2,EUR,none,False
f28f0d83-5a9b-4fbc-aae2-8d9754c6f4a5,000000 - 00000111,none,2024-10-02,VDC-TESCO STORES 3,none,-3.5,EUR,none,False
2a2d0d40-cc1c-447d-a94d-b41bd3670f83,000000 - 00000111,none,2024-10-02,VDC-SumUp  *Vape s,none,-7.0,EUR,none,False
3240661c-05e7-4ce1-8220-1e0e92cae53b,000000 - 00000111,none,2024-10-02,VDC-LIDL IRELAND L,none,-1.64,EUR,none,False
ee2d2c88-b31e-48e5-8109-d8602db4b539,000000 - 00000111,none,2024-10-02,VDC-IT TRALEE NORT,none,-3.2,EUR,none,False
0b90b636-65cb-4c28-b479-e163f172305f,000000 - 00000001,none,2024-10-02,ANNA,none,0.0,EUR,none,False
5c06f2e2-bd19-432a-9084-52530b90e0ad,000000 - 00000001,none,2024-10-02,ATM CASTLE ST 2,02OCT24 TIME 14:57,-20.0,EUR,none,False
6eee5b30-1af9-46d5-b02c-1b4bc3a0af3e,000000 - 00000111,none,2024-10-03,VDP-OMNIPLEX SERVI,none,-17.99,EUR,none,False
61cf5d00-19c4-4031-97ad-0628e00c4630,000000 - 00000001,none,2024-10-03,VDC-IT TRALEE NORT,none,-3.2,EUR,none,False
0dbfb411-75d2-4d57-853c-c4051e95d07f,000000 - 00000001,none,2024-10-03,VDC-PEPCO 1624,none,-4.0,EUR,none,False
adc93c98-c056-448f-8934-a74611c37126,000000 - 00000111,none,2024-10-03,VDC-IT TRALEE NORT,none,-5.0,EUR,none,False
a3e5ce62-d795-462d-aa46-4cf37938029c,000000 - 00000111,none,2024-10-03,VDC-LIDL IRELAND L,none,-4.99,EUR,none,False
b0fa8f0a-1c94-42f9-882c-3df709bf4844,000000 - 00000001,none,2024-10-04,*MOBI  TOP-UP,000000007,-20.0,EUR,none,False
a29a29cb-5dad-4329-94b3-89048d655543,000000 - 00000111,none,2024-10-04,VDC-ZARA CORK,none,-22.05,EUR,none,False
3ab85067-3390-4f8b-b6e5-2a95248166d7,000000 - 00000111,none,2024-10-04,VDC-TST-HANA - Mar,none,-11.0,EUR,none,False
893c2206-0bce-4543-b1c4-d1b83111b695,000000 - 00000111,none,2024-10-04,VDC-TIGER STORES,none,-1.15,EUR,none,False
2d7bad96-7261-4eaa-9545-9b5fc7850258,000000 - 00000001,none,2024-10-04,VDC-TST-HANA - Mar,none,-12.5,EUR,none,False
629bddcd-7e9b-429d-bea9-3556b6e23718,000000 - 00000001,none,2024-10-04,VDC-TIGER STORES,none,-1.15,EUR,none,False
697bed64-4882-4919-ae3b-a3915c00943f,000000 - 00000111,none,2024-10-07,VDC-TESCO STORES 3,none,-2.4,EUR,none,False
f257041e-3b30-41b3-a757-ed9cdd7e8626,000000 - 00000111,none,2024-10-07,VDC-LIDL IRELAND L,none,-6.58,EUR,none,False
f2653d49-ee4d-4df3-912e-5c07ade63d60,000000 - 00000111,none,2024-10-07,VDC-LIDL IRELAND L,none,-0.99,EUR,none,False
bfd7fa30-0c1d-4360-a854-4e688bbfab1c,000000 - 00000111,none,2024-10-07,VDP-APPLE.COM/BILL,none,-2.99,EUR,none,False
f596c508-4d98-4b17-98fc-ae360e550432,000000 - 00000111,none,2024-10-07,*ATMLDG TRELEE,Card ending: 3430,50.0,EUR,none,False
2b2bf5b9-5917-423e-b420-3b3ebad5de31,000000 - 00000001,none,2024-10-07,VDC-IT TRALEE NORT,none,-3.2,EUR,none,False
30c04097-647e-4555-95df-c5cca2d65021,000000 - 00000111,none,2024-10-07,*MOBI KATE,none,-10.0,EUR,none,False
8b4aa66a-5fa2-4120-ad92-c12d80ce2e03,000000 - 00000001,none,2024-10-07,VDC-LIDL IRELAND L,none,-20.39,EUR,none,False
b33d933b-0352-463e-842f-00d01d06f7d1,000000 - 00000001,none,2024-10-07,VDC-SumUp  *Yusuf,none,-5.5,EUR,none,False
32343456-ff61-4419-a80e-bce146f94f45,000000 - 00000001,none,2024-10-07,VDC-IT TRALEE NORT,none,-1.8,EUR,none,False
760ad05e-2f2d-4590-abe9-442fdabe6661,000000 - 00000001,none,2024-10-07,VDC-LIDL IRELAND L,none,-15.44,EUR,none,False
eefc6e12-009e-49fd-98fb-a7b635b36eda,000000 - 00000111,none,2024-10-08,VDP-LEAP CARD APP,none,-10.0,EUR,none,False
74743be5-7898-4555-bb6e-5c097027161c,000000 - 00000111,none,2024-10-08,VDC-ALDI 105 873,none,-2.34,EUR,none,False
2cc12bd3-92c4-4915-9f57-d337f4c2f741,000000 - 00000111,none,2024-10-08,VDC-IT TRALEE NORT,none,-1.8,EUR,none,False
88e5e107-9106-4629-b9dd-dfc68aac6952,000000 - 00000111,none,2024-10-08,VDC-LIDL IRELAND L,none,-6.45,EUR,none,False
bf51671b-65b0-427a-ba0d-a515a8ef7949,000000 - 00000111,none,2024-10-08,VDC-SumUp  *Vape s,none,-7.0,EUR,none,False
d7ceb436-dae7-431b-9d6b-ed8f67e0f3ad,000000 - 00000001,none,2024-10-08,VDC-LIDL IRELAND L,none,-9.75,EUR,none,False
15a2df92-2105-4c74-95c8-c6c1012c29c6,000000 - 00000001,none,2024-10-08,VDP-LEAP CARD APP,none,-5.0,EUR,none,False
2a2dacd7-2c1f-4eaf-867e-ad90eddb4400,000000 - 00000111,none,2024-10-09,VDC-THE COIN OFF L,none,-2.0,EUR,none,False
32251b4b-ad00-470f-8268-6490a174c61e,000000 - 00000111,none,2024-10-09,VDC-LIDL IRELAND L,none,-1.98,EUR,none,False
963e82d0-a8a7-4d2c-b034-b291e51bd193,000000 - 00000111,none,2024-10-09,VDC-IT TRALEE NORT,none,-3.2,EUR,none,False
36647862-f228-443b-b81b-fbe22507507c,000000 - 00000001,none,2024-10-10,VDC-IT TRALEE NORT,none,-1.8,EUR,none,False
fac16b97-0164-46c4-b4b9-4b7fd3289fe8,000000 - 00000001,none,2024-10-10,VDC-PATCHINOS COFF,none,-4.0,EUR,none,False
bb81c2d5-9969-4a48-ae58-73e82775ade9,000000 - 00000111,none,2024-10-10,VDC-PATCHINOS COFF,none,-3.4,EUR,none,False
eaa97eb3-b8dd-44c6-916e-c812bb2da6ef,000000 - 00000111,none,2024-10-10,VDC-LIDL IRELAND L,none,-6.04,EUR,none,False
4ad048f3-6579-4c90-8ef1-cea0b448a5e6,000000 - 00000111,none,2024-10-10,VDC-IT TRALEE NORT,none,-1.8,EUR,none,False
ea6f1938-52d7-4291-9f4b-1837b73cb815,000000 - 00000001,none,2024-10-11,VDC-IT TRALEE NORT,none,-3.2,EUR,none,False
50ff4413-66a8-4cea-884b-2d44df4f4411,000000 - 00000111,none,2024-10-11,VDC-IT TRALEE NORT,none,-1.7,EUR,none,False
c2de0440-1192-4b08-b943-d698cf201d3c,000000 - 00000111,none,2024-10-14,*ATMLDG TRELEE,Card ending: 3430,50.0,EUR,none,False
1f6fee67-5d3c-42ce-b43f-15d6f63b9a21,000000 - 00000001,none,2024-10-14,VDC-SUPER ASIA FOO,none,-5.42,EUR,none,False
03fc6148-aa43-45aa-a726-94305171d516,000000 - 00000111,none,2024-10-14,VDC-COSTA COFFEE,none,-5.95,EUR,none,False
8412c7ec-b1f1-4011-a780-03c2dc1f9e38,000000 - 00000001,none,2024-10-14,VDC-PULL AND BEAR,none,-29.99,EUR,none,False
62ae19ad-9854-4693-9e19-da8020a485e6,000000 - 00000001,none,2024-10-14,VDC-LIDL IRELAND L,none,-19.36,EUR,none,False
ceb21c28-387a-45a5-bfd7-84645f39109d,000000 - 00000001,none,2024-10-14,VDC-IT TRALEE NORT,none,-1.8,EUR,none,False
347c0bee-445c-4ddc-9e46-067aaa77abde,000000 - 00000001,none,2024-10-14,VDC-IRISH RAIL TRA,none,-32.0,EUR,none,False
a40e4749-2383-476e-852b-923425967f42,000000 - 00000001,none,2024-10-14,VDC-BOOTS RETAIL17,none,-25.98,EUR,none,False
f22ec442-fe49-40a8-936c-092c6a809818,000000 - 00000001,none,2024-10-14,VDC-ASIA MARKET-RE,none,-24.55,EUR,none,False
0df119dd-4ed7-476b-bd6f-13306a48c795,000000 - 00000001,none,2024-10-14,ZA SODZY,none,9.5,EUR,none,False
f6d66df4-7dfd-4fb1-8ec6-c18fef38f20b,000000 - 00000111,none,2024-10-14,VDC-LIDL IRELAND L,none,-6.56,EUR,none,False
9c16bb37-ad8c-4119-83fc-2d2326ad39c9,000000 - 00000111,none,2024-10-14,VDC-LIDL IRELAND L,none,-6.26,EUR,none,False
151ee580-7aad-4043-9c1b-fd69ec0199bf,000000 - 00000001,none,2024-10-15,VDP-LEAP CARD APP,none,-10.0,EUR,none,False
1782f695-f32a-4e24-bc6d-3925022d491f,000000 - 00000111,none,2024-10-15,VDC-IT TRALEE NORT,none,-1.8,EUR,none,False
21cb1acc-0d81-4f08-a7f0-af2601ace58f,000000 - 00000111,none,2024-10-15,VDC-IT TRALEE NORT,none,-3.2,EUR,none,False
28c4f0ad-1ec5-4225-a23e-5f50d833bfd6,000000 - 00000111,none,2024-10-15,VDC-LIDL IRELAND L,none,-6.15,EUR,none,False
7e832ae7-2df9-457a-a81f-a66d30bf32b2,000000 - 00000111,none,2024-10-16,VDC-IT TRALEE NORT,none,-3.2,EUR,none,False
d91f38d0-019e-47c1-92b1-839318a149ab,000000 - 00000111,none,2024-10-16,VDC-IT TRALEE NORT,none,-1.8,EUR,none,False
acba21a2-636a-4147-ba7d-6d53a5cc3ec8,000000 - 00000111,none,2024-10-17,VDC-LIDL IRELAND L,none,-0.99,EUR,none,False
870df20b-8fe7-47e0-8f2b-5f7848aeec49,000000 - 00000111,none,2024-10-17,VDC-LIDL IRELAND L,none,-13.46,EUR,none,False
38e4589e-fea1-4101-8311-11eaf2728929,000000 - 00000001,none,2024-10-17,VDC-LIDL IRELAND L,none,-3.97,EUR,none,False
bacf0077-adbc-441d-bd31-08af7c478fbf,000000 - 00000111,none,2024-10-17,VDC-IT TRALEE NORT,none,-3.2,EUR,none,False
68566e6d-6866-4daf-9f22-d7bfcb3b1136,000000 - 00000111,none,2024-10-18,*ATMLDG TRELEE,Card ending: 3430,200.0,EUR,none,False
36737c79-6e89-41a6-8538-67123f2fe174,000000 - 00000111,none,2024-10-18,VDC-E SMOKE STORE,none,-8.0,EUR,none,False
7747b79a-376e-4ba7-a390-e3c7a876fe55,000000 - 00000111,none,2024-10-18,VDC-IT TRALEE NORT,none,-1.7,EUR,none,False
2f86a6a1-e53d-48cd-a5b0-9750b874c149,000000 - 00000111,none,2024-10-18,VDC-IT TRALEE NORT,none,-1.8,EUR,none,False
f38b2792-3476-4e6d-b057-1614c4b7c310,000000 - 00000111,none,2024-10-18,VDC-IT TRALEE NORT,none,-1.8,EUR,none,False
d7c831ec-694d-486b-8c25-76f3a42d70b8,000000 - 00000111,none,2024-10-18,VDC-TESCO STORES 3,none,-5.75,EUR,none,False
b200f691-8e1b-4494-ab67-3d078a0dd45d,000000 - 00000111,none,2024-10-18,VDC-Ugly Mug,none,-4.3,EUR,none,False
7ca48ab7-182b-4999-ace1-5ad5e03b7a92,000000 - 00000111,none,2024-10-21,KATERYNA T,none,7.0,EUR,none,False
b313489c-d044-424e-a754-26e57681620d,000000 - 00000111,none,2024-10-21,VDC-IT TRALEE NORT,none,-3.2,EUR,none,False
1a3340a2-ebcf-4b2d-8cd2-5a5b50fa5132,000000 - 00000111,none,2024-10-21,VDC-LIDL IRELAND L,none,-4.6,EUR,none,False
45c9b603-2cb4-404b-a201-a54279bee695,000000 - 00000001,none,2024-10-21,VDP-AMZN Mktp UK*T,none,-65.8,EUR,none,False
06a58ede-3eca-407d-819c-832deefc69b9,000000 - 00000001,none,2024-10-21,VDC-PEPCO 1624,none,-10.4,EUR,none,False
89f7089b-5d2a-4e9b-bb11-c682d5872373,000000 - 00000001,none,2024-10-21,VDC-TESCO STORES 3,none,-4.38,EUR,none,False
360fe127-baab-4b5b-848f-77b67794ec14,000000 - 00000111,none,2024-10-21,VDC-GARVEYS SUPERV,none,-2.99,EUR,none,False
e9cba717-2e87-4160-9bdf-778f2e35f615,000000 - 00000111,none,2024-10-21,VDC-DUNNES TRALEE,none,-24.36,EUR,none,False
4d868dac-9aef-4ef8-b901-715b7b1c6f91,000000 - 00000111,none,2024-10-22,VDC-BOOTS RETAIL17,none,-7.49,EUR,none,False
6bd9c14e-1b18-4812-b952-d8553f81d1e5,000000 - 00000111,none,2024-10-22,VDC-DUNNES TRALEE,none,-14.84,EUR,none,False
cf493359-00c8-4dd5-9db7-df1d4d5f562b,000000 - 00000111,none,2024-10-22,VDC-IT TRALEE NORT,none,-1.8,EUR,none,False
a44ebe0c-49bc-467e-accc-c04804cb236a,000000 - 00000111,none,2024-10-22,VDC-TESCO STORES 3,none,-1.7,EUR,none,False
e73de675-e285-4c4d-9e63-aa2bb7a5e37e,000000 - 00000111,none,2024-10-22,VDC-IT TRALEE NORT,none,-3.2,EUR,none,False
c2feafa8-b260-4d54-8fcf-a3ca83ed561a,000000 - 00000001,none,2024-10-22,VDC-LIDL IRELAND L,none,-10.05,EUR,none,False
61e6b64f-4e58-4d10-9611-33950024fd7f,000000 - 00000111,none,2024-10-23,VDC-IT TRALEE NORT,none,-2.6,EUR,none,False
a681d682-91e6-406e-a2de-f1b156aac30d,000000 - 00000111,none,2024-10-23,VDC-IT TRALEE NORT,none,-1.8,EUR,none,False
da0d90ed-7cb6-4773-90e2-78774f6abb66,000000 - 00000111,none,2024-10-23,VDP-TCARD,none,-5.0,EUR,none,False
edeb6fb8-8c6e-44b0-b04f-fb0b70f9c999,000000 - 00000111,none,2024-10-23,VDC-LIDL IRELAND L,none,-11.23,EUR,none,False
a318e16a-4788-4530-83ba-2317231d4982,000000 - 00000111,none,2024-10-24,VDC-IT TRALEE NORT,none,-3.2,EUR,none,False
932ffcab-4012-449d-a891-b73bf57325ac,000000 - 00000001,none,2024-10-24,VDC-TESCO STORES 3,none,-7.19,EUR,none,False
b0dda3ac-b921-4cb2-a045-5066649bad90,000000 - 00000111,none,2024-10-24,VDC-IT TRALEE NORT,none,-5.0,EUR,none,False
9a93bafd-f113-4d58-acea-9d8fb67be041,000000 - 00000111,none,2024-10-24,VDC-LIDL IRELAND L,none,-9.52,EUR,none,False
7fa7de94-4d96-4f90-8cb9-e52e9ae1adcd,000000 - 00000111,none,2024-10-24,VDC-Vape shop,none,-7.0,EUR,none,False
21d8ce78-5af2-46dc-bfad-f6805136b74f,000000 - 00000111,none,2024-10-24,VDC-IT TRALEE NORT,none,-1.7,EUR,none,False
4d1e5000-1863-456a-b41e-73e830b782cb,000000 - 00000111,none,2024-10-25,VDC-IT TRALEE NORT,none,-5.0,EUR,none,False
9dc8d08d-dad1-4bc5-87f8-12220b3e1b8f,000000 - 00000111,none,2024-10-25,VDC-LIDL IRELAND L,none,-6.17,EUR,none,False
5ac307df-7036-44ca-b39e-ae823503f61b,000000 - 00000111,none,2024-10-29,VDP-LEAP CARD APP,none,-10.0,EUR,none,False
cb4cfbde-627c-4d42-a573-865713461cd2,000000 - 00000111,none,2024-10-29,VDP-Vesta EIR TopU,none,-20.0,EUR,none,False
049fe642-9909-4226-a4ed-240a08649071,000000 - 00000111,none,2024-10-29,VDC-Byrnesworth,none,-1.8,EUR,none,False
41df7a63-e096-47c7-bb00-68d4fdf80104,000000 - 00000111,none,2024-10-29,VDC-BOOTS RETAIL17,none,-5.64,EUR,none,False
1f25657d-437a-4c17-90b4-3be23154c0da,000000 - 00000111,none,2024-10-29,VDC-CLAIRES ACCESS,none,-9.99,EUR,none,False
52292fab-3a6e-4b93-a880-9e712d0f4484,000000 - 00000111,none,2024-10-29,VDC-DINANOS PIZZA,none,-5.5,EUR,none,False
af6b4ac3-8b36-4c3a-9bca-73448267a19a,000000 - 00000111,none,2024-10-29,VDC-HENNESSY'S BAR,none,-8.8,EUR,none,False
f68ede84-af60-4f9b-b206-c24d6d944445,000000 - 00000111,none,2024-10-29,VDC-LIDL IRELAND L,none,-2.97,EUR,none,False
8f753001-b368-4207-8959-f3c60241c78c,000000 - 00000111,none,2024-10-29,*ATMLDG TRELEE,Card ending: 3430,250.0,EUR,none,False
5bc90034-9e7b-4235-b800-694fbe09acee,000000 - 00000001,none,2024-10-29,VDC-SQ *BRIO BRUNC,none,-4.5,EUR,none,False
c678212b-138f-4944-b99e-8c4a2197441d,000000 - 00000001,none,2024-10-29,VDP-AN POST-OFFICE,none,-2.1,EUR,none,False
ca239922-2aa1-4193-aed6-425869e2be6c,000000 - 00000001,none,2024-10-29,VDP-AN POST-OFFICE,none,-591.58,EUR,none,False
f1bebccc-b8df-4a5e-83fe-a58f660a1699,000000 - 00000001,none,2024-10-29,VDP-AN POST-OFFICE,none,-655.5,EUR,none,False
cf24995f-5854-4654-8624-d2539dcb37f5,000000 - 00000001,none,2024-10-29,VDP-Spotify P30F4E,none,-5.99,EUR,none,False
b21a018f-fbb1-4427-b180-662efe04ff85,000000 - 00000001,none,2024-10-29,VDP-TAKE AWAY ORDE,none,-14.0,EUR,none,False
67679795-2505-4c0b-9f42-16842b807155,000000 - 00000001,none,2024-10-29,VDP-TAKE AWAY ORDE,none,-15.5,EUR,none,False
2020c259-845a-400d-9e26-5953277b08e2,000000 - 00000001,none,2024-10-29,VDC-BOOTS RETAIL17,none,-13.99,EUR,none,False
961ebd3f-001b-482f-a28a-b389f92d4983,000000 - 00000001,none,2024-10-29,VDC-EUROGIANT TRAL,none,-3.75,EUR,none,False
a96289fe-22ff-4a20-991c-92b64ac21bca,000000 - 00000111,none,2024-10-29,VDC-LIDL IRELAND L,none,-18.37,EUR,none,False
ebe9ba85-d746-4e0c-8897-f0cf13355b0f,000000 - 00000001,none,2024-10-29,VDC-HENNESSY'S BAR,none,-6.3,EUR,none,False
22929a2d-602c-4514-9610-2776c1c9c25f,000000 - 00000001,none,2024-10-29,VDC-LIDL IRELAND L,none,-45.99,EUR,none,False
735f3af2-2afa-4dfb-a7e8-6c376db8572b,000000 - 00000001,none,2024-10-29,VDC-MCCAFFREYS BAR,none,-15.0,EUR,none,False
ed681971-3a1b-428d-9c89-c715ab4d4344,000000 - 00000001,none,2024-10-29,VDC-PENNEYS TRALEE,none,-40.95,EUR,none,False
4a0dabd4-9afc-4cae-aa7d-b7b12290aac7,000000 - 00000001,none,2024-10-29,VDC-PEPCO 1624,none,-2.0,EUR,none,False
d57ed277-c27c-445f-a7d3-3864fab7fb09,000000 - 00000001,none,2024-10-29,VDC-SQ *MADDENS,none,-8.7,EUR,none,False
86256688-f8b3-4eaf-b284-5b8611955ecd,000000 - 00000111,none,2024-10-29,VDC-MCCAFFREYS BAR,none,-6.0,EUR,none,False
7f8a6562-1b30-4205-9aaf-09fbb75f8c55,000000 - 00000001,none,2024-10-29,VDP-AN POST-OFFICE,none,-8.1,EUR,none,False
c8d66055-ddaa-4225-ad31-e298af419218,000000 - 00000111,none,2024-10-29,VDC-MCDONALDS TRAL,none,-11.2,EUR,none,False
aeb018d9-b9b0-4fb7-94b0-7b504a6576ad,000000 - 00000111,none,2024-10-29,VDC-PENNEYS TRALEE,none,-7.0,EUR,none,False
3a908a6d-bf21-4834-9c45-cb3efc6d1583,000000 - 00000111,none,2024-10-29,VDC-SQ *BRIO BRUNC,none,-4.0,EUR,none,False
34a6c4ab-6771-4d68-b7a1-78755afac8d9,000000 - 00000111,none,2024-10-29,VDC-TESCO STORES 3,none,-1.74,EUR,none,False
cebbe60c-03a2-4ec2-8591-0d8828cd34d1,000000 - 00000111,none,2024-10-29,VDC-VAPECENTRIC,none,-15.0,EUR,none,False
032f3039-d68b-461b-80f2-ee7a7ba6fa77,000000 - 00000111,none,2024-10-29,VDC-MCCAFFREYS BAR,none,-10.0,EUR,none,False
d76348cd-5bf6-4834-abed-c15ec4083548,000000 - 00000111,none,2024-10-30,VDC-Ugly Mug,none,-4.3,EUR,none,False
b8126af8-2749-4f59-9f3a-fbeeeaf4294f,000000 - 00000001,none,2024-10-30,VDC-PEPCO 1624,none,-1.5,EUR,none,False
fb0ecde5-94c9-4d7e-8f0f-01dbaf74c6c8,000000 - 00000001,none,2024-10-30,VDC-BOOTS RETAIL17,none,-3.36,EUR,none,False
b84297c0-19aa-425e-8d89-83b3f39f571a,000000 - 00000001,none,2024-10-31,KATERYNA FRIEND,none,5.0,EUR,none,False
8547d830-c329-490b-bb93-297b799b22b9,000000 - 00000001,none,2024-10-31,VDP-COMPLETESAVE.I,none,-15.0,EUR,none,False
283bc7ca-2161-405a-b107-32a6069ba825,000000 - 00000001,none,2024-10-31,VDC-EUROGIANT TRAL,none,-4.0,EUR,none,False
c1682020-77cb-4609-a230-11ab8b6508e4,000000 - 00000001,none,2024-10-31,VDC-IT TRALEE NORT,none,-2.45,EUR,none,False
fb384f59-6e5b-495a-bea6-75bbf9b2fe19,000000 - 00000001,none,2024-10-31,VDC-TESCO STORES 3,none,-10.35,EUR,none,False
d342abee-4fd5-47cc-ae5c-920912eb5b55,000000 - 00000011,none,2024-10-31,VDC-IT TRALEE NORT,none,-2.45,EUR,none,False
6be164e5-5e00-4b40-890d-993c6837d091,000000 - 00000011,none,2024-10-31,VDC-EUROGIANT TRAL,none,-4.0,EUR,none,False
cf7400fc-4c2f-4b28-9d7d-688d9e22e523,000000 - 00000011,none,2024-10-31,VDP-COMPLETESAVE.I,none,-15.0,EUR,none,False
98cbe2f1-50af-4cee-94c4-930f1bee3333,000000 - 00000011,none,2024-10-31,KATERYNA FRIEND FRIEND,none,5.0,EUR,none,False
904e5b71-c86f-45db-9f98-13e7ec8951ac,000000 - 00000111,none,2024-10-31,VDC-IT TRALEE NORT,none,-5.0,EUR,none,False
96315f33-ec94-43e4-98b2-ec3381baf432,000000 - 00000111,none,2024-10-31,VDC-DUNNES TRALEE,none,-0.95,EUR,none,False
ef719fa7-3df6-4b89-b399-66c07bd05386,000000 - 00000111,none,2024-10-31,VDP-VESTA  *EIR TO,none,-20.0,EUR,none,False
7fbe6312-23b6-4959-a503-01d5462dd9bf,000000 - 00000011,none,2024-10-31,VDC-TESCO STORES 3,none,-10.35,EUR,none,False
845a58df-8059-48ae-802e-a93d4ad29e43,000000 - 00000011,none,2024-11-01,T00000033,SCHOLARSHIP,0.0,EUR,none,False
bf7af9fd-79e9-4fe2-a0d5-4cd081b5d5a1,000000 - 00000011,none,2024-11-01,VDP-IT TRALEE SERV,none,-95.0,EUR,none,False
2cd53b4c-e9dd-49ed-b61f-f2a4ad6b2ee8,000000 - 00000011,none,2024-11-01,*MOBI  TOP-UP,000000008,-20.0,EUR,none,False
a9bdeec9-1a4a-40c2-a196-b5a768b0965e,000000 - 00000001,none,2024-11-01,*MOBI  TOP-UP,000000007,-20.0,EUR,none,False
c81209c3-45ae-469e-8f56-2384f508c47e,000000 - 00000001,none,2024-11-01,VDP-IT TRALEE SERV,none,-95.0,EUR,none,False
19987cc4-2e3e-409f-8169-ba22341ffe08,000000 - 00000001,none,2024-11-01,T00000022,SCHOLARSHIP,0.0,EUR,none,False
ced026bd-05fd-473f-90ad-6f9fb39c8c27,000000 - 00000111,none,2024-11-01,T00000044,SCHOLARSHIP,0.0,EUR,none,False
ef52e700-5f12-43ba-a6bd-57ccc43fccda,000000 - 00000111,none,2024-11-01,VDC-LIDL IRELAND L,none,-7.22,EUR,none,False
f44728b9-2c0e-4c95-a907-9134c6ae779e,000000 - 00000111,none,2024-11-01,VDC-Ugly Mug,none,-3.8,EUR,none,False
da8228ee-9321-498a-8396-44e7b4ad8fc1,000000 - 00000111,none,2024-11-04,VDC-LIDL IRELAND L,none,-7.7,EUR,none,False
fd6c087c-e052-4ac6-a1ad-15816a490a2a,000000 - 00000111,none,2024-11-04,VDC-T K MAXX,none,-2.99,EUR,none,False
26b2b96a-2959-4247-bc99-b67e15b0a520,000000 - 00000111,none,2024-11-04,VDC-TESCO STORES 3,none,-3.75,EUR,none,False
791a3d82-4133-485a-b0e6-0bd2ff96c20b,000000 - 00000111,none,2024-11-04,VDC-VAPECENTRIC,none,-15.0,EUR,none,False
e0da3e5d-ce83-4dcd-b8be-0b81653b6946,000000 - 00000111,none,2024-11-04,VDC-LIDL IRELAND L,none,-2.96,EUR,none,False
c8fa74ea-cb3f-4b57-9493-dc29854cab37,000000 - 00000111,none,2024-11-04,VDC-HENNESSY'S BAR,none,-6.2,EUR,none,False
7198fed2-f764-4961-8143-f032c6594ae6,000000 - 00000011,none,2024-11-04,VDC-PEWEX,none,-6.57,EUR,none,False
bcf4a943-51dc-42c7-95a4-8b3d23dde46e,000000 - 00000011,none,2024-11-04,VDC-LIDL IRELAND L,none,-27.67,EUR,none,False
a23083ea-6fea-4fff-8e0e-41df6125dd55,000000 - 00000011,none,2024-11-04,VDC-LIDL IRELAND L,none,-0.75,EUR,none,False
1054f628-0897-4156-a543-165060f7c11d,000000 - 00000011,none,2024-11-04,VDP-PAYPAL *ITUNES,none,-5.08,EUR,none,False
84bb8735-f457-4838-9596-83a8b8cba6fd,000000 - 00000011,none,2024-11-04,VDP-IT TRALEE SERV,none,-95.0,EUR,none,False
fca55715-3c8b-42de-8778-fed47c789ce8,000000 - 00000011,none,2024-11-04,ATM CASTLE ST 2,01NOV24 TIME 18:57,-500.0,EUR,none,False
5f44ec96-2707-4c78-8b5d-994c41a91be4,000000 - 00000111,none,2024-11-04,VDC-COSTA,none,-5.1,EUR,none,False
dc648d9e-da72-4ef6-b610-b466eaddf005,000000 - 00000111,none,2024-11-04,VDC-C.H.CHEMISTS,none,-20.0,EUR,none,False
fb46464b-a4b5-48cc-a397-7d42bc0afd58,000000 - 00000111,none,2024-11-04,VDC-BOOTS RETAIL17,none,-14.98,EUR,none,False
8c228a41-8308-455e-9cfe-4d2a7bc89f14,000000 - 00000111,none,2024-11-04,VDP-OMNIPLEX SERVI,none,-17.99,EUR,none,False
4624909a-2492-45c0-8ce2-0e34be1be04a,000000 - 00000111,none,2024-11-04,VDP-IT TRALEE SERV,none,-95.0,EUR,none,False
9e5b429e-102d-416f-8236-b2a2c22da631,000000 - 00000111,none,2024-11-04,BB,none,50.0,EUR,none,False
2c868006-d484-450c-94ab-dbe7b081c7aa,000000 - 00000111,none,2024-11-04,VDC-SQ *BRIO BRUNC,none,-4.0,EUR,none,False
8ae4aae4-e3a7-4ba9-be17-29228b81a15e,000000 - 00000111,none,2024-11-04,VDC-MCDONALDS TRAL,none,-8.9,EUR,none,False
3de31ebc-b385-4402-88c9-620dfd868625,000000 - 00000011,none,2024-11-05,ZA TORTIK,none,3.0,EUR,none,False
9077308b-4a1c-40f4-a2af-924df0ec0309,000000 - 00000011,none,2024-11-05,VDP-LEAP CARD APP,none,-15.0,EUR,none,False
e1673f4f-02af-41f0-907b-aca0090d9f40,000000 - 00000111,none,2024-11-05,*MOBI ANNE,none,-3.0,EUR,none,False
45209dd2-f700-4714-a7a6-aff51bc0a10f,000000 - 00000111,none,2024-11-05,*MOBI KATE,none,-20.0,EUR,none,False
a3cdbdd5-635a-4776-bd00-4d436ad28236,000000 - 00000111,none,2024-11-05,VDP-APPLE.COM/BILL,none,-2.99,EUR,none,False
fbdf0c0c-daf1-4247-b391-6c41bdb86469,000000 - 00000111,none,2024-11-05,VDC-FOCUS,none,-2.0,EUR,none,False
5bf3d8c6-2f1b-404b-ad08-67c036b3e193,000000 - 00000111,none,2024-11-05,VDC-GARVEYS SUPERV,none,-18.35,EUR,none,False
0803f9a7-1c45-420e-92fb-b3d301b3ace0,000000 - 00000111,none,2024-11-05,VDC-IT TRALEE NORT,none,-1.8,EUR,none,False
3f4de89e-20ad-4ee7-8266-013269b9155a,000000 - 00000111,none,2024-11-05,VDC-IT TRALEE NORT,none,-3.2,EUR,none,False
16473592-522f-43ed-91c0-a3d590595c8d,000000 - 00000111,none,2024-11-05,VDC-LIDL IRELAND L,none,-2.99,EUR,none,False
fc047f6a-1a85-4502-9775-2a3e3095536a,000000 - 00000111,none,2024-11-05,VDC-MCDONALDS TRAL,none,-11.1,EUR,none,False
9bc96388-18ac-4961-8efe-4f705e73207e,000000 - 00000111,none,2024-11-05,VDC-THE AQUADOME,none,-3.0,EUR,none,False
8f2f9f89-27ea-4ae5-9258-8f5acde18e43,000000 - 00000011,none,2024-11-06,VDC-IT TRALEE NORT,none,-1.8,EUR,none,False
15f0b312-e179-4e4e-b7e1-9fd93e25d74d,000000 - 00000111,none,2024-11-06,VDC-DUNNES TRALEE,none,-4.3,EUR,none,False
ba377cda-99af-4b7e-af83-7275cd895161,000000 - 00000111,none,2024-11-06,VDC-IT TRALEE NORT,none,-1.8,EUR,none,False
268933b3-c056-4887-b7b0-750f7076b4c0,000000 - 00000111,none,2024-11-06,VDC-IT TRALEE NORT,none,-3.2,EUR,none,False
873e0e09-1964-4fe1-a4a6-0e1457493f92,000000 - 00000111,none,2024-11-07,VDC-IT TRALEE NORT,none,-1.8,EUR,none,False
53374d65-9ac1-4544-8643-efb5316fe72c,000000 - 00000111,none,2024-11-07,VDC-LIDL IRELAND L,none,-4.72,EUR,none,False
5be6f774-c0a1-443b-ab0f-25fe98414d94,000000 - 00000011,none,2024-11-07,VDP-FBD INSURANCE,none,-80.0,EUR,none,False
e6076836-438a-4817-8cc9-3034790440e7,000000 - 00000011,none,2024-11-07,VDC-MERCURY FOOD D,none,-3.93,EUR,none,False
124a3aed-02ad-4d64-a3d5-d20577d382b9,000000 - 00000111,none,2024-11-08,VDC-IT TRALEE NORT,none,-1.8,EUR,none,False
d3ec1050-a6a1-46b3-9c5d-0e624f158866,000000 - 00000111,none,2024-11-08,VDC-IT TRALEE NORT,none,-5.0,EUR,none,False
9781df6a-4af9-4d9b-8e08-56df857e9464,000000 - 00000011,none,2024-11-08,VDP-WWW.DRIVINGTES,none,-85.0,EUR,none,False
f3842ec6-9ad4-4838-b763-d75891626b0b,000000 - 00000011,none,2024-11-08,VDC-LIDL IRELAND L,none,-7.15,EUR,none,False
9c14d86f-dbd5-492a-a196-3859a2853bba,000000 - 00000011,none,2024-11-08,VDC-SQ *MADDENS,none,-9.4,EUR,none,False
39e22246-567d-4365-bcd1-1af6b086e43e,000000 - 00000111,none,2024-11-08,VDC-PENNEYS TRALEE,none,-5.0,EUR,none,False
0a9ef620-3ab1-4a7e-961d-924f1bc6464b,000000 - 00000111,none,2024-11-11,VDC-Vape shop,none,-7.0,EUR,none,False
3d7242a5-b12f-4c1c-a894-78e8af0b9aff,000000 - 00000111,none,2024-11-11,VDC-Ugly Mug,none,-4.3,EUR,none,False
d6bcf5cd-d568-49f3-9096-da67f7fcc601,000000 - 00000111,none,2024-11-11,VDC-TESCO STORES 3,none,-3.5,EUR,none,False
a67d5ea2-8953-40c2-832e-ec28a3896a21,000000 - 00000111,none,2024-11-11,VDC-MCDONALDS TRAL,none,-6.5,EUR,none,False
e20c78d3-c830-4aa1-b5fd-525ee2b2a04a,000000 - 00000111,none,2024-11-11,VDC-LIDL IRELAND L,none,-8.18,EUR,none,False
8efde9d5-e6ee-4877-b593-e60aa580280d,000000 - 00000011,none,2024-11-11,VDC-T K MAXX,none,-50.96,EUR,none,False
abdcc142-b373-42ef-95e0-1dcb06e3e9cb,000000 - 00000011,none,2024-11-11,VDC-LIDL IRELAND L,none,-20.5,EUR,none,False
8e34c918-fda6-4d90-81ac-e0f99283df4e,000000 - 00000111,none,2024-11-12,VDC-SQ *BRIO BRUNC,none,-4.0,EUR,none,False
06debc90-602e-4645-b60e-c41ce957d903,000000 - 00000011,none,2024-11-13,VDC-IT TRALEE NORT,none,-3.2,EUR,none,False
1e362656-ab77-4155-b725-fe2b88435edb,000000 - 00000111,none,2024-11-13,VDC-THE RANGE,none,-11.9,EUR,none,False
b64d03b2-60af-4e60-9f33-7451532cd65b,000000 - 00000111,none,2024-11-13,VDC-TESCO STORES 3,none,-3.75,EUR,none,False
c544f963-ef34-4ff3-8694-45b4bf6a70e8,000000 - 00000111,none,2024-11-13,VDC-TESCO STORES 3,none,-2.25,EUR,none,False
734d4a08-3672-4087-94ef-ba074cc8c196,000000 - 00000111,none,2024-11-13,VDC-IT TRALEE NORT,none,-4.4,EUR,none,False
9d3003ce-0154-42a6-a90c-3970341cd747,000000 - 00000011,none,2024-11-13,VDC-LIDL IRELAND L,none,-5.42,EUR,none,False
494b6dd4-3348-47b0-8ee4-8b9550333628,000000 - 00000111,none,2024-11-14,VDP-notino.ie,none,-152.49,EUR,none,False
6bb2b011-c0a0-4840-bf9a-1767be71f4c4,000000 - 00000111,none,2024-11-14,VDC-LIDL IRELAND L,none,-13.37,EUR,none,False
ea83ce77-d43d-402d-a00e-f0f074577d0f,000000 - 00000111,none,2024-11-14,VDC-IT TRALEE NORT,none,-3.2,EUR,none,False
5db551ce-17f9-463e-811b-5d2f69cfd6ee,000000 - 00000111,none,2024-11-14,VDC-IT TRALEE NORT,none,-1.8,EUR,none,False
97758d0c-2c14-463e-8060-1032cd061c5f,000000 - 00000111,none,2024-11-14,VDC-IT TRALEE NORT,none,-1.7,EUR,none,False
97bc52e5-84fd-4bf8-ab88-300ee21e018d,000000 - 00000111,none,2024-11-14,VDC-IT TRALEE NORT,none,-1.0,EUR,none,False
589fc780-71f2-4368-a96a-bbceae272eb7,000000 - 00000011,none,2024-11-14,VDC-PENNEYS TRALEE,none,-6.0,EUR,none,False
7777bd4d-903e-43a5-aabe-14acbf13964b,000000 - 00000011,none,2024-11-14,ATM CASTLE ST 1,13NOV24 TIME 13:30,-30.0,EUR,none,False
f4491bfb-5699-417a-9d7e-cfe04c23e4c2,000000 - 00000111,none,2024-11-14,VDC-GARVEYS SUPERV,none,-2.45,EUR,none,False
f0878466-9db3-4bd4-89c2-ec1dbd62987b,000000 - 00000111,none,2024-11-14,*MOBI KATE,none,-30.0,EUR,none,False
9f79043d-4bf0-4803-b034-7ca84ec760f8,000000 - 00000111,none,2024-11-15,VDC-IT TRALEE NORT,none,-1.8,EUR,none,False
069e4962-43eb-4db6-a0dd-10cb142b4592,000000 - 00000011,none,2024-11-15,VDP-VISA APPLICATI,none,-175.75,EUR,none,False
bd640ae8-d868-472d-85a5-84bdab3ad4b7,000000 - 00000011,none,2024-11-15,*ATMLDG TRALEE   C,Card ending: 0011,50.0,EUR,none,False
2b200524-8045-4dfd-a619-e1b180f4e288,000000 - 00000011,none,2024-11-15,*ATMLDG TRALEE   C,none,0.0,EUR,none,False
5992c5fc-e0f2-4278-99bd-2b6a0e5caef4,000000 - 00000011,none,2024-11-15,VDC-LIDL IRELAND L,none,-2.98,EUR,none,False
fca51199-cccc-428f-9aa4-e126c950a177,000000 - 00000011,none,2024-11-15,VDC-IT TRALEE NORT,none,-3.2,EUR,none,False
a5fd8b63-8ec8-4044-9bdb-4db45b67d55a,000000 - 00000011,none,2024-11-15,VDP-PREMIUM DELIVE,none,-31.0,EUR,none,False
37e624b2-ba93-40c3-9be5-ed4ddceb50c9,000000 - 00000111,none,2024-11-15,VDC-IT TRALEE NORT,none,-3.2,EUR,none,False
4938a982-54a7-4914-ba7c-195e70b0d298,000000 - 00000011,none,2024-11-18,VDP-IRISH RAIL 618,none,-63.96,EUR,none,False
33432a67-6163-415f-8138-f17e6a3ebcb5,000000 - 00000011,none,2024-11-18,T00000033,SCHOLARSHIP,0.0,EUR,none,False
df255916-f72e-4922-91d6-6ddffb0ed184,000000 - 00000011,none,2024-11-18,VDC-CW Henry St I0,none,-14.58,EUR,none,False
d9c570d5-ae9a-422c-a959-d328a7c0d5b2,000000 - 00000011,none,2024-11-18,VDC-H & M,none,-19.98,EUR,none,False
35b7834b-4155-4c9f-bffa-45f69c074483,000000 - 00000011,none,2024-11-18,VDC-C.H.CHEMISTS,none,-15.0,EUR,none,False
005ed7ae-31a3-4bb5-b189-ab884a25ff71,000000 - 00000111,none,2024-11-18,VDC-SQ *MADDENS,none,-4.0,EUR,none,False
435ae4a9-62a1-4117-834b-9f9f1e2662c7,000000 - 00000111,none,2024-11-18,VDC-MCDONALDS TRAL,none,-9.7,EUR,none,False
a2b669b6-7c22-4a36-8078-85cfe60721f7,000000 - 00000111,none,2024-11-18,VDC-LIDL IRELAND L,none,-22.07,EUR,none,False
ed198ed7-b9a2-4e2b-8a3b-9ec14025bd0b,000000 - 00000011,none,2024-11-18,VDC-DUNNES TRALEE,none,-20.59,EUR,none,False
e7d0e333-2a05-40be-91b1-711d2dc489c1,000000 - 00000111,none,2024-11-18,VDP-EVER DISH,none,-17.0,EUR,none,False
11415338-8c4c-48d6-a4c1-165f3be4267e,000000 - 00000111,none,2024-11-18,VDC-LIDL IRELAND L,none,-2.98,EUR,none,False
ee265d71-ecb0-4d30-bffd-4a5ee1f83f59,000000 - 00000011,none,2024-11-18,VDC-KIKO Milano,none,-8.99,EUR,none,False
c0bc0062-9d5c-4935-bf04-2e9294805de3,000000 - 00000111,none,2024-11-18,T00000044,SCHOLARSHIP,0.0,EUR,none,False
a66ce794-493a-4c3f-91df-0aa94bc48ba9,000000 - 00000011,none,2024-11-19,VDC-NANAS TEA,none,-12.5,EUR,none,False
5719102f-b7e1-49b5-a9fa-7a04352f2f50,000000 - 00000011,none,2024-11-19,VDC-LIDL IRELAND L,none,-10.37,EUR,none,False
bac29a00-ecf0-4bde-836b-c07c5eb189f2,000000 - 00000111,none,2024-11-19,VDC-LIDL IRELAND L,none,-11.78,EUR,none,False
ecb85634-c190-4b46-936d-6b055af602c6,000000 - 00000011,none,2024-11-20,VDC-LIDL IRELAND L,none,-1.78,EUR,none,False
804ec3bd-16c3-4d6d-8368-0b51c99b7bc2,000000 - 00000011,none,2024-11-20,VDP-shein.com,none,-26.13,EUR,none,False
82c09fd9-1679-447a-8712-2564c0f7a66f,000000 - 00000011,none,2024-11-20,ZA KONFETI,none,3.06,EUR,none,False
1ebe4f44-367c-4b6f-a556-39af151676c8,000000 - 00000111,none,2024-11-20,VDC-IT TRALEE NORT,none,-5.0,EUR,none,False
d2803a8c-f4f6-4342-9a28-0feff16a3116,000000 - 00000111,none,2024-11-20,VDC-TESCO STORES 3,none,-1.75,EUR,none,False
4187e1a8-0e61-4d7b-8a22-c1a9d613a5b7,000000 - 00000011,none,2024-11-20,VDC-SQ *BRIO BRUNC,none,-8.4,EUR,none,False
9f5aa2ea-d739-4774-b95f-4e3fa03da7aa,000000 - 00000111,none,2024-11-21,VDC-IT TRALEE NORT,none,-3.2,EUR,none,False
b7acd8ac-1d4e-41f7-834a-0cf3f5f15108,000000 - 00000111,none,2024-11-21,VDC-LIDL IRELAND L,none,-8.3,EUR,none,False
c2897df3-407f-40a6-a6a8-b9bfd7c7c756,000000 - 00000011,none,2024-11-21,VDC-MERCURY FOOD D,none,-20.06,EUR,none,False
f150a210-1d1c-41b5-b0d4-29c8dc302b6c,000000 - 00000011,none,2024-11-21,VDC-SQ *MADDENS,none,-8.9,EUR,none,False
00738c82-e5cc-4e8b-8857-4161b07e81bc,000000 - 00000011,none,2024-11-21,VDC-TESCO STORES 3,none,-4.65,EUR,none,False
923aeb46-7e3e-4d54-ab9d-05268c9738f0,000000 - 00000011,none,2024-11-22,VDP-LEAP CARD APP,none,-20.0,EUR,none,False
3d60c347-18cc-49a9-ba73-f99324639379,000000 - 00000011,none,2024-11-22,VDC-BOOTS RETAIL17,none,-13.99,EUR,none,False
d0a91c97-c5f8-4a7d-8f6b-929eb3e698cf,000000 - 00000111,none,2024-11-22,VDC-IT TRALEE NORT,none,-1.8,EUR,none,False
2d3cb180-6895-4d68-95ec-1e2325501e75,000000 - 00000111,none,2024-11-22,VDP-VESTA  *EIR TO,none,-20.0,EUR,none,False
a67af7e6-dc0d-4208-9fd2-27bfb1230419,000000 - 00000111,none,2024-11-25,VDC-T K MAXX,none,-12.99,EUR,none,False
ee88222f-50de-43b3-a276-0d292a69cae9,000000 - 00000111,none,2024-11-25,VDC-THE DAILY GRIN,none,-4.6,EUR,none,False
6a0acd79-905b-4bdf-9b04-b6eceaa842be,000000 - 00000111,none,2024-11-25,VDC-THE DAILY GRIN,none,-12.95,EUR,none,False
143f3c11-9de1-4690-83b7-44cc43dbc7e6,000000 - 00000111,none,2024-11-25,VDC-VAPECENTRIC,none,-15.0,EUR,none,False
e85af829-45d4-4208-a153-218940f52097,000000 - 00000111,none,2024-11-25,VDC-PEPCO 1624,none,-5.5,EUR,none,False
8e387a4c-304c-4049-84eb-9675094f4476,000000 - 00000111,none,2024-11-25,VDP-ZoundIndustrie,none,-79.0,EUR,none,False
27d9970f-7220-45c5-8183-1743c9c2e714,000000 - 00000111,none,2024-11-25,VDC-LIDL IRELAND L,none,-7.5,EUR,none,False
79284fe7-10cb-4b2a-b00b-a304fc298ab0,000000 - 00000011,none,2024-11-25,VDC-Yusuf Spice,none,-1.75,EUR,none,False
0ee5c64d-6671-4122-a821-6c02d98b493e,000000 - 00000111,none,2024-11-25,VDC-TESCO STORES 3,none,-5.79,EUR,none,False
a0481517-00c8-4e87-a816-56d1c42c44cf,000000 - 00000011,none,2024-11-25,VDC-LIDL IRELAND L,none,-17.51,EUR,none,False
7acda234-1ee8-4a98-9a3c-260a80a9064b,000000 - 00000011,none,2024-11-25,VDC-HARVEY NORMAN,none,-259.0,EUR,none,False
f34b4e78-9e17-4f2e-8ad2-9f925af28542,000000 - 00000111,none,2024-11-25,VDC-MCDONALDS TRAL,none,-15.5,EUR,none,False
b4784b9f-1b3d-4f21-81b5-49892484e834,000000 - 00000111,none,2024-11-25,VDC-SUMUP  *YUSUF,none,-10.25,EUR,none,False
acae8b3d-bfce-4fcb-811a-b52cdde1957b,000000 - 00000111,none,2024-11-26,VDC-IT TRALEE NORT,none,-5.3,EUR,none,False
ab1153f3-5d8d-4325-a51f-6dc9cb201bf8,000000 - 00000111,none,2024-11-26,VDC-IT TRALEE NORT,none,-5.0,EUR,none,False
5b037f3b-0757-4002-af2f-33843aceee03,000000 - 00000011,none,2024-11-26,VDP-Spotify P31C39,none,-5.99,EUR,none,False
3426b140-cfaf-4f06-aab3-47dc83769e76,000000 - 00000011,none,2024-11-26,VDC-IT TRALEE NORT,none,-1.8,EUR,none,False
4a747663-566e-4d0e-a768-652cfb2b9a14,000000 - 00000111,none,2024-11-27,VDP-ELECTRIC IRELA,none,-66.62,EUR,none,False
c3bec1fe-3fe7-458e-9c5f-e65f1bd4291f,000000 - 00000111,none,2024-11-27,VDP-VESTA  *EIR TO,none,-20.0,EUR,none,False
be99f8be-a877-444c-9dd9-c429c3d5e617,000000 - 00000011,none,2024-11-27,ZA STAYKIDS,none,182.0,EUR,none,False
5d51f84f-6081-4fe7-8cac-66ec3247e149,000000 - 00000011,none,2024-11-27,VDP-PAYPAL *EN ROU,none,-48.01,EUR,none,False
1582f53d-c685-40db-bb53-585f1fe176d7,000000 - 00000011,none,2024-11-28,VDP-OPENAI *CHATGP,24.60 USD@,-24.05,EUR,none,False
c737fdc6-e2c4-45a4-bd70-3d5dd0ab2af0,000000 - 00000111,none,2024-11-28,VDP-H  M Hennes  M,none,-171.77,EUR,none,False
fdf5973a-cc63-461e-b943-223171703d02,000000 - 00000011,none,2024-11-28,VDP-TICKETMASTER S,none,-546.5,EUR,none,False
ff71aba2-0d2f-4dc2-b087-a3b955ff713e,000000 - 00000011,none,2024-11-28,VDP-shein.com,none,-19.84,EUR,none,False
17707528-a8c3-4e69-908a-27885e3f91e3,000000 - 00000111,none,2024-11-29,VDC-LIDL IRELAND L,none,-3.0,EUR,none,False
e3b98782-b46a-4749-a78b-a51577f4f8f3,000000 - 00000011,none,2024-11-29,VDC-IT TRALEE NORT,none,-3.5,EUR,none,False
fa95a77b-e332-4327-b34e-43e84ac05c6e,000000 - 00000011,none,2024-11-29,*MOBI  TOP-UP,000000008,-20.0,EUR,none,False
c83f9b73-ee94-4e6e-9d4d-f4d6d12a9eb5,000000 - 00000011,none,2024-11-29,ATM TRALEE   B,29NOV24 TIME 13:06,0.0,EUR,none,False
d8f5d025-2021-47b4-afc0-ae3aa9d0ab0b,000000 - 00000111,none,2024-11-29,VDC-IT TRALEE NORT,none,-1.8,EUR,none,False
adb2149f-92e2-419e-903d-469edba8aa39,000000 - 00000011,none,2024-12-02,VDP-FREENOW* BO8AR,none,-12.4,EUR,none,False
0bbe8cbd-ffd8-4793-bdb3-6de1386a4159,000000 - 00000011,none,2024-12-02,VDP-COMPLETESAVE.I,none,-15.0,EUR,none,False
8a31bf27-d798-4895-ab28-2c267addf75f,000000 - 00000011,none,2024-12-02,VDP-YESSTYLE.COM L,none,-47.49,EUR,none,False
80426264-6513-4e4e-bdd5-834dea9a4e54,000000 - 00000111,none,2024-12-02,VDP-shein.com,none,-106.48,EUR,none,False
0997533e-3660-4fb2-afce-ebd907740dd5,000000 - 00000111,none,2024-12-02,VDP-BEAUTY BAY LTD,none,-36.15,EUR,none,False
befcd8eb-15b0-4eab-be99-b894940c524b,000000 - 00000111,none,2024-12-02,VDP-TM *TICKETMAST,none,-166.75,EUR,none,False
5a61577b-70df-4428-90e5-1c7ce5e2f2df,000000 - 00000111,none,2024-12-02,VDC-DUNNES TRALEE,none,-2.99,EUR,none,False
6a6663a2-d79e-465c-8514-2ab24b280e52,000000 - 00000111,none,2024-12-02,VDC-EUROGIANT TRAL,none,-3.0,EUR,none,False
31fa09f2-a796-48a6-939f-311276633c95,000000 - 00000111,none,2024-12-02,VDC-MCDONALDS TRAL,none,-11.6,EUR,none,False
180e1f2f-b497-4fab-8372-3bfd94bb7bf2,000000 - 00000111,none,2024-12-02,VDC-PENNEYS TRALEE,none,-8.0,EUR,none,False
7fea5248-5582-4f27-9a28-8b183fb9779b,000000 - 00000111,none,2024-12-02,VDC-PENNEYS TRALEE,none,-12.9,EUR,none,False
e1742061-0d0f-41e2-b0c5-1405e5988596,000000 - 00000111,none,2024-12-02,VDC-Vape shop,none,-7.0,EUR,none,False
714b469d-0077-4713-9d4b-7d33939bd746,000000 - 00000111,none,2024-12-03,VDP-OMNIPLEX SERVI,none,-17.99,EUR,none,False
ee6e931c-c0be-4025-8a9a-53c7f33f72fe,000000 - 00000011,none,2024-12-03,VDC-LIDL IRELAND L,none,-21.72,EUR,none,False
91ce30ee-f8fb-4fc2-b74a-f1432d084351,000000 - 00000111,none,2024-12-03,VDC-IT TRALEE NORT,none,-1.8,EUR,none,False
9796d971-ba48-4aa0-9c57-e5978a179241,000000 - 00000111,none,2024-12-03,VDC-IT TRALEE NORT,none,-3.2,EUR,none,False
cc847ba2-0e08-49dc-8181-c0f348ec09f6,000000 - 00000111,none,2024-12-03,VDC-LIDL IRELAND L,none,-5.66,EUR,none,False
f922da04-ef93-460d-9c5c-c5884f62dfe9,000000 - 00000111,none,2024-12-03,VDC-IT TRALEE NORT,none,-3.5,EUR,none,False
2ee77397-95de-4cfb-a248-ea6628bd1e80,000000 - 00000111,none,2024-12-04,VDC-IT TRALEE NORT,none,-1.8,EUR,none,False
c90803bd-1c60-41c5-98ae-6fefd0c3263f,000000 - 00000011,none,2024-12-04,ATM CASTLE ST 1,04DEC24 TIME 11:52,-600.0,EUR,none,False
480cb720-749d-4ea9-9fb4-3e7c2a18a5a4,000000 - 00000011,none,2024-12-04,MNOGO MANI,none,3.4,EUR,none,False
b226d7a4-405a-48b2-bde8-e7128eb6f027,000000 - 00000111,none,2024-12-04,VDC-IT TRALEE NORT,none,-3.4,EUR,none,False
213bd416-0705-4f78-a278-bee838c6d220,000000 - 00000011,none,2024-12-04,*MOBI ZA TAKSI,none,-15.0,EUR,none,False
45a12b23-2f53-4459-9344-35eb5853fd79,000000 - 00000011,none,2024-12-04,VDP-GlobalE /SKIMS,none,-86.0,EUR,none,False
8d455235-b823-4d3d-a356-a63f8d1a5ccf,000000 - 00000111,none,2024-12-04,VDC-LIDL IRELAND L,none,-8.18,EUR,none,False
4ccd5b6a-66d1-449b-b0ef-9ac2322bba5d,000000 - 00000111,none,2024-12-05,VDC-PEPCO 1624,none,-3.25,EUR,none,False
d2b715ce-dc8e-4972-92eb-32f37390da55,000000 - 00000111,none,2024-12-05,VDC-TESCO STORES 3,none,-3.5,EUR,none,False
a0738efd-b746-42b3-9b8c-584597462279,000000 - 00000111,none,2024-12-05,VDC-Ugly Mug,none,-4.3,EUR,none,False
28075462-7633-48aa-ab09-861283f536ac,000000 - 00000111,none,2024-12-05,VDP-APPLE.COM/BILL,none,-2.99,EUR,none,False
2a0ae2d3-80c9-4564-91d1-a55d45da82c2,000000 - 00000111,none,2024-12-05,VDP-LEAP CARD APP,none,-10.0,EUR,none,False
b218ef26-edfc-4b2f-9edd-451f64dcae59,000000 - 00000111,none,2024-12-06,VDC-IT TRALEE NORT,none,-1.8,EUR,none,False
5163dc9e-1f1f-4e81-9e82-3ab9ff530f67,000000 - 00000111,none,2024-12-06,VDC-IT TRALEE NORT,none,-3.2,EUR,none,False
522514e0-d7a3-4c63-885b-b6f4ab0a1d3a,000000 - 00000111,none,2024-12-06,VDC-LIDL IRELAND L,none,-1.29,EUR,none,False
1e56fe1c-5722-4d02-b81f-381a1a7e61e7,000000 - 00000111,none,2024-12-06,VDP-TCARD,none,-5.0,EUR,none,False
5ca7c9ac-eacf-474b-8895-edd337182e89,000000 - 00000011,none,2024-12-09,VDC-LIDL IRELAND L,none,-9.65,EUR,none,False
dc00ce8e-fd1e-4a53-bfe3-51e6a3455f40,000000 - 00000011,none,2024-12-09,VDC-PENNEYS TRALEE,none,-8.0,EUR,none,False
7fcd67c3-b4eb-4768-a9f2-4b6128106640,000000 - 00000011,none,2024-12-09,VDC-DUNNES TRALEE,none,-25.5,EUR,none,False
7cf9f442-e08e-45dc-9b01-0ba84c24db51,000000 - 00000011,none,2024-12-09,VDC-TESCO STORES 3,none,-2.0,EUR,none,False
f463bcf7-18d9-4936-b303-3222f0cdb31f,000000 - 00000111,none,2024-12-09,VDP-RITUALS COSMET,none,-36.72,EUR,none,False
315855b8-8c48-4e26-a884-90e531e16645,000000 - 00000111,none,2024-12-09,VDC-LIDL IRELAND L,none,-9.14,EUR,none,False
966c38f2-06bb-4c09-ab23-1bd1a3537e37,000000 - 00000111,none,2024-12-09,VDP-shein.com,none,-58.12,EUR,none,False
dcaff1c8-e51a-45cb-99e8-9fbc4a1c682d,000000 - 00000111,none,2024-12-09,VDP-CHARLOTTE TILB,none,-94.55,EUR,none,False
2c9e0325-b80f-447a-9b06-6f4c0dc8f2b2,000000 - 00000011,none,2024-12-09,VDC-Yusuf Spice,none,-3.5,EUR,none,False
8ecf2592-232c-4734-9e89-715cba62d011,000000 - 00000111,none,2024-12-09,VDC-Ugly Mug,none,-4.3,EUR,none,False
938c54e6-29df-4cb4-b1b2-442f81055c4e,000000 - 00000111,none,2024-12-09,VDC-VAPECENTRIC,none,-15.0,EUR,none,False
d6a210b0-8c7f-4085-8ea9-50b272a7515d,000000 - 00000111,none,2024-12-10,VDP-RYANAIR     EQ,none,-61.07,EUR,none,False
08afdaed-7180-4fcd-8f03-876f9e0ec036,000000 - 00000111,none,2024-12-10,VDC-LIDL IRELAND L,none,-2.98,EUR,none,False
08d948b9-0a25-4b88-bf4a-8205f16ad1a6,000000 - 00000111,none,2024-12-10,VDC-T K MAXX,none,-14.98,EUR,none,False
add61b2a-878c-4bf2-bdf8-c7424fbe1972,000000 - 00000111,none,2024-12-10,VDC-THE RANGE,none,-12.5,EUR,none,False
dcc8da24-2b9f-4f1a-a57b-efc53db3fc69,000000 - 00000111,none,2024-12-10,VDC-Ugly Mug,none,-4.3,EUR,none,False
01de8c4a-a3b0-4523-879c-083f2354f8fa,000000 - 00000111,none,2024-12-10,VDC-Vape shop,none,-7.0,EUR,none,False
7df2d22c-6cac-4c65-8b39-201a39a030af,000000 - 00000111,none,2024-12-11,VDC-MERCURY FOOD D,none,-20.9,EUR,none,False
819861de-21a7-4056-b940-3cd20b6a67e7,000000 - 00000011,none,2024-12-11,VDC-LIDL IRELAND L,none,-4.65,EUR,none,False
4e9137f3-4b69-4e41-a8ea-2eadbc9712e5,000000 - 00000011,none,2024-12-11,VDC-SUMUP  *YUSUF,none,-18.5,EUR,none,False
35b966a0-d05e-4c30-b3f0-9c2d4973eb2c,000000 - 00000111,none,2024-12-12,VDC-TESCO STORES 3,none,-4.65,EUR,none,False
1fc75464-901e-458d-abf0-a2b117c2d24f,000000 - 00000011,none,2024-12-12,VDC-PEPCO 1624,none,-7.5,EUR,none,False
8d166941-3999-42e0-9c1b-a765d4f91725,000000 - 00000011,none,2024-12-12,VDC-TESCO STORES 3,none,-2.0,EUR,none,False
a47e72d7-3b43-4fdc-8bdb-e37f77f8b540,000000 - 00000011,none,2024-12-12,VDP-PAYPAL *KHOJAE,none,-52.0,EUR,none,False
76a7dd36-4bd1-4698-9f2b-7617d44a9544,000000 - 00000111,none,2024-12-13,VDC-LIDL IRELAND L,none,-7.13,EUR,none,False
d40f7020-1870-458c-b3e2-caee72e220b7,000000 - 00000111,none,2024-12-13,T00000044,SCHOLARSHIP,0.0,EUR,none,False
e93b8cca-3b11-452c-b4b1-34ff41a69a0a,000000 - 00000011,none,2024-12-13,VDC-C.H.CHEMISTS,none,-3.45,EUR,none,False
4fd1b57f-c51d-4b22-976e-85bfc39e10c7,000000 - 00000011,none,2024-12-13,T00000033,SCHOLARSHIP,0.0,EUR,none,False
6bc14a54-c8c0-4f8e-bb00-2b6a3eb94d08,000000 - 00000011,none,2024-12-16,ATM TRALEE   B,15DEC24 TIME 11:49,-50.0,EUR,none,False
3407e2a4-ebda-42b3-8545-a615b893151c,000000 - 00000111,none,2024-12-16,VDC-LIDL IRELAND L,none,-1.09,EUR,none,False
205a0184-1f06-4aac-b5b0-e91adf0a6bb6,000000 - 00000011,none,2024-12-16,VDC-Yusuf Spice,none,-6.0,EUR,none,False
7af8dae2-d473-417e-8535-ff48b26829de,000000 - 00000111,none,2024-12-16,VDC-VAPECENTRIC,none,-15.0,EUR,none,False
ae1c4b87-edb3-456f-8486-33ee5c55cd49,000000 - 00000111,none,2024-12-16,VDC-Ugly Mug,none,-4.3,EUR,none,False
1adebf94-35c8-4a8c-aff9-4104f6e78ca7,000000 - 00000111,none,2024-12-16,VDC-LIDL IRELAND L,none,-4.87,EUR,none,False
02758ebf-7646-46fd-8ea2-ba2906363ef6,000000 - 00000111,none,2024-12-16,VDC-IRISH RAIL TRA,none,-4.3,EUR,none,False
38dd6e9b-972b-4d04-99d5-b028526f8655,000000 - 00000011,none,2024-12-16,VDC-LIDL IRELAND L,none,-3.82,EUR,none,False
3c14fd04-5a55-425b-a62d-9cd2d43d6d14,000000 - 00000011,none,2024-12-17,VDC-LIDL IRELAND L,none,-11.16,EUR,none,False
3a509d80-6401-4982-951b-ff165a1c51d7,000000 - 00000011,none,2024-12-17,VDC-KINGDOM FOOD A,none,-12.0,EUR,none,False
8748311b-7c53-4b06-b567-af552779ab52,000000 - 00000111,none,2024-12-17,VDC-LIDL IRELAND L,none,-5.07,EUR,none,False
834ad016-2fce-4b7f-86c5-a98414fbb0dc,000000 - 00000011,none,2024-12-18,VDC-THE KIOSK RAIL,none,-2.0,EUR,none,False
5eade5f9-4e2d-444a-843d-7525c865907f,000000 - 00000111,none,2024-12-18,VDP-LEAP CARD APP,none,-5.0,EUR,none,False
062678e9-5f85-4218-8e02-ad16112af0a2,000000 - 00000111,none,2024-12-19,VDC-LIDL IRELAND L,none,-22.35,EUR,none,False
d0726765-97d8-4873-ac98-ff9e7c4cb877,000000 - 00000011,none,2024-12-20,VDP-IRISH RAIL 757,none,-15.0,EUR,none,False
175607ca-e402-400d-bbfc-4cc27356c82e,000000 - 00000111,none,2024-12-20,VDP-VESTA  *EIR TO,none,-20.0,EUR,none,False
d88c8e9b-04aa-4a6a-9faf-ac26cd9040ac,000000 - 00000111,none,2024-12-20,VDC-MCDONALDS TRAL,none,-13.7,EUR,none,False
c5fa5025-9a9e-4788-8d92-5bdd3a6c3244,000000 - 00000111,none,2024-12-23,VDC-GARVEYS SUPERV,none,-17.75,EUR,none,False
7ad0cc3b-4079-4766-bb04-1282ba483fa1,000000 - 00000011,none,2024-12-23,VDC-GARVEYS SUPERV,none,-6.47,EUR,none,False
3fae1c9e-06bd-4671-bc3f-953f7a2f77ec,000000 - 00000011,none,2024-12-23,VDC-DUNNES TRALEE,none,-43.72,EUR,none,False
78042073-3011-46c2-ac46-09ea9d1af1b4,000000 - 00000011,none,2024-12-23,VDC-C.H.CHEMISTS,none,-9.9,EUR,none,False
ce56dd93-01d4-4c9e-bb5d-08df3d2745d7,000000 - 00000111,none,2024-12-23,VDP-EVER DISH,none,-17.0,EUR,none,False
21c1a7b8-3f78-467f-90d7-15a6f724b68a,000000 - 00000111,none,2024-12-23,VDC-DER OSULLIVANS,none,-15.0,EUR,none,False
482309d5-503f-4aab-9bab-48501232bb44,000000 - 00000111,none,2024-12-23,VDC-CARRYOUT OFF L,none,-16.8,EUR,none,False
74b6f6f9-9554-46e0-8231-f6c146f6b26f,000000 - 00000011,none,2024-12-23,VDC-Petit Delice D,none,-3.7,EUR,none,False
49b82abc-2838-4f8e-8864-f104dbd3cfb6,000000 - 00000111,none,2024-12-23,VDC-EUROGIANT TRAL,none,-5.5,EUR,none,False
7763272a-3fdd-40e0-a832-a65d7d7537c6,000000 - 00000011,none,2024-12-23,VDC-PENNEYS TRALEE,none,-9.0,EUR,none,False
4647b190-b54c-485a-bf7b-0a2065040fa2,000000 - 00000011,none,2024-12-23,VDC-PENNEYS TRALEE,none,-21.8,EUR,none,False
23c581ce-57a9-4e9b-82fb-cb24d06bb737,000000 - 00000011,none,2024-12-23,VDC-PEPCO 1624,none,-2.8,EUR,none,False
f28a636b-972b-45e3-a146-2eac18b5f6e5,000000 - 00000111,none,2024-12-23,VDC-LIDL IRELAND L,none,-3.28,EUR,none,False
f6acd7be-3ea0-4073-8e53-d6b055031210,000000 - 00000111,none,2024-12-23,VDC-LIDL IRELAND L,none,-4.79,EUR,none,False
33d1767c-ed8d-4b52-9697-44cadd3ed316,000000 - 00000111,none,2024-12-23,VDC-NEXT RETAIL LT,none,-46.15,EUR,none,False
25cdd544-a0b8-411f-b26e-817d471584bc,000000 - 00000111,none,2024-12-23,VDC-FINE WINES ENN,none,-2.25,EUR,none,False
04192ce7-e6b4-40bc-bf08-a293f67a211b,000000 - 00000111,none,2024-12-23,VDC-PEPCO 1624,none,-3.5,EUR,none,False
cd18b86c-2a21-41e8-80c6-ab6dae41e8a3,000000 - 00000111,none,2024-12-23,VDC-PEPCO 1624,none,-3.5,EUR,none,False
808a1536-a421-4a69-9078-206d83e2bd09,000000 - 00000111,none,2024-12-23,VDC-SUMUP  *VAPE S,none,-14.0,EUR,none,False
d04a758d-c481-4938-92a3-26c060e508cb,000000 - 00000111,none,2024-12-23,VDC-TESCO STORES 3,none,-1.75,EUR,none,False
a372f225-8fc5-4859-8198-e1f43dff678c,000000 - 00000111,none,2024-12-23,VDC-TESCO STORES 3,none,-8.15,EUR,none,False
79f1a7c0-2c4f-494c-9495-0acec7b0c3ae,000000 - 00000111,none,2024-12-23,VDC-THE RANGE,none,-1.9,EUR,none,False
6c44e69e-f074-4f41-9bb6-01dd2d865b30,000000 - 00000011,none,2024-12-23,VDC-TESCO STORES 3,none,-8.7,EUR,none,False
9739295a-43ed-413a-a9e8-a132bdd6f8c5,000000 - 00000011,none,2024-12-23,VDC-T K MAXX,none,-19.99,EUR,none,False
6cef75bd-1e61-4054-aac8-6d3b17e18bc0,000000 - 00000011,none,2024-12-23,VDC-Rituals Killar,none,-61.7,EUR,none,False
bb33468e-aa34-44d0-86c2-a98b7354fd52,000000 - 00000111,none,2024-12-23,VDC-FOCUS,none,-42.0,EUR,none,False
6d2c133a-921b-4aa6-a31d-b8bc2c03d78f,000000 - 00000111,none,2024-12-23,VDC-PEPCO 1624,none,-3.3,EUR,none,False
b06ef883-feda-44f0-8298-e85cd211ecca,000000 - 00000011,none,2024-12-24,VDC-SQ *MADDENS,none,-9.3,EUR,none,False
1d37a3b2-8343-49d7-a8d8-bc055e2fb24a,000000 - 00000011,none,2024-12-24,VDC-LIDL IRELAND L,none,-6.47,EUR,none,False
43babd86-4632-4253-bd43-ce392a55976f,000000 - 00000111,none,2024-12-24,VDC-IRISH RAIL TRA,none,-4.3,EUR,none,False
958641b2-2345-4557-833e-5c76ee73e434,000000 - 00000111,none,2024-12-24,VDC-PENNEYS KILLAR,none,-13.0,EUR,none,False
ec6f20d7-cb0a-4398-b8f1-31977ab21748,000000 - 00000111,none,2024-12-24,VDC-E SMOKE STORE,none,-8.0,EUR,none,False
92e074cc-15d3-486a-ad8b-ecbad47584fe,000000 - 00000111,none,2024-12-24,VDC-ZONE STREET FO,none,-19.95,EUR,none,False
61d84408-1fc0-4d0d-82a2-72e9384ad1a6,000000 - 00000111,none,2024-12-24,VDC-TESCO STORES 3,none,-2.08,EUR,none,False
124e3750-4498-4831-8359-00a6eb7c999b,000000 - 00000111,none,2024-12-24,VDC-T K MAXX,none,-18.98,EUR,none,False
57ee75aa-9e50-428e-b568-ee2be3620b27,000000 - 00000111,none,2024-12-24,VDC-SQ *BRIO BRUNC,none,-3.7,EUR,none,False
48151a87-a8bb-47e3-8bf5-9db306d768a2,000000 - 00000111,none,2024-12-24,VDC-Rituals Killar,none,-31.7,EUR,none,False
0c30e051-be3b-4a91-9d74-3bf076e317d1,000000 - 00000111,none,2024-12-24,VDC-IRISH RAIL KIL,none,-4.3,EUR,none,False
1905eadc-c07a-4196-aaed-dd892c918552,000000 - 00000111,none,2024-12-24,VDC-LIDL IRELAND L,none,-75.34,EUR,none,False
1213f2f5-b090-46c0-9237-17cf295d18f7,000000 - 00000111,none,2024-12-24,VDC-LIDL IRELAND L,none,-17.94,EUR,none,False
2dae006b-3aa8-490f-ae67-a46984fbe9d9,000000 - 00000111,none,2024-12-24,VDC-LIDL IRELAND L,none,-1.35,EUR,none,False
bf6ffff0-ebfa-495b-8cd4-6d2afe85c1d7,000000 - 00000011,none,2024-12-30,FEES REFUNDED,Account Number: 000000 - 00000022,18.33,EUR,none,False
93790db4-fb7d-49b1-965d-a1c780657db2,000000 - 00000011,none,2024-12-30,VDC-PEPCO 1624,none,-4.6,EUR,none,False
34ada0b3-24a6-4fd5-a719-085153f8c965,000000 - 00000011,none,2024-12-30,VDC-Yusuf Spice,none,-3.5,EUR,none,False
b05cef84-ffaa-495f-87c7-f5f9af3d50c7,000000 - 00000011,none,2024-12-30,VDC-MIZU MODERN JA,none,-56.0,EUR,none,False
c104f0dc-6f96-4522-8996-4e4a5995f662,000000 - 00000011,none,2024-12-30,VDC-NANAS TEA,none,-5.8,EUR,none,False
bdd0f368-433a-4b29-ba82-c53a64c02015,000000 - 00000011,none,2024-12-30,ATM TRALEE   B,28DEC24 TIME 17:15,0.0,EUR,none,False
094f44bc-6204-448c-9f77-1a4f62d10404,000000 - 00000011,none,2024-12-30,VDP-AMZN Mktp UK*T,none,-105.91,EUR,none,False
beeea783-5a68-46ef-9575-fd944533f7fc,000000 - 00000011,none,2024-12-30,VDC-MERCURY FOOD D,none,-20.53,EUR,none,False
c4549a68-011e-40f7-b105-44d6bfa1fa20,000000 - 00000011,none,2024-12-30,VDP-Fruugo IE,none,-13.19,EUR,none,False
17a7b542-551a-42b2-b436-ea005f6b1cc8,000000 - 00000111,none,2024-12-30,FRIEND AND FAMILY,none,100.0,EUR,none,False
0905b948-d939-4848-a76a-2d9eba392566,000000 - 00000111,none,2024-12-30,KURTKA,none,160.0,EUR,none,False
173af77d-0be7-448a-bf9a-89cb846d63f7,000000 - 00000111,none,2024-12-30,ATM TRALEE   B,28DEC24 TIME 17:16,-550.0,EUR,none,False
7231054d-f022-4df6-adb5-0b0c3c1dad95,000000 - 00000111,none,2024-12-30,VDP-BUS EIREANN EX,none,-6.25,EUR,none,False
8d9bd30b-bf39-43d7-a6c3-0f92c9f7d532,000000 - 00000111,none,2024-12-30,VDP-IRISH RAIL 754,none,-15.99,EUR,none,False
84cde45e-d296-4d1b-b9a9-80e761d373bc,000000 - 00000111,none,2024-12-30,VDP-IRISH RAIL 765,none,-3.75,EUR,none,False
c8085f61-4441-4f82-9599-b798ceef02c1,000000 - 00000111,none,2024-12-30,VDP-SWORDS PROMOTI,none,-21.5,EUR,none,False
17766e5d-b386-40a4-8f10-b0dd3e948cdb,000000 - 00000111,none,2024-12-30,FEE-QTR TO 29NOV24,930016-10087096,-14.55,EUR,none,False
c6cdef56-10ec-4ca4-a5e7-a4b37a59a840,000000 - 00000111,none,2024-12-30,VDC-COSTA,none,-5.7,EUR,none,False
e67e22e2-bd69-449d-aa1b-b42f5ff501f0,000000 - 00000111,none,2024-12-30,VDC-DUNNES TRALEE,none,-17.16,EUR,none,False
3435769e-364c-4824-a01e-78b8ba362f91,000000 - 00000111,none,2024-12-30,VDC-LIDL IRELAND L,none,-4.28,EUR,none,False
fa5e0405-64c7-4e4c-8327-c998acdaa67d,000000 - 00000111,none,2024-12-30,VDC-LIDL IRELAND L,none,-5.17,EUR,none,False
129697e2-8449-4c68-bb01-c27ec65fbbdd,000000 - 00000111,none,2024-12-30,VDC-LIDL IRELAND L,none,-5.93,EUR,none,False
e3669df2-0872-4f75-b80c-f53a3babefd9,000000 - 00000111,none,2024-12-30,VDC-SQ *BRIO BRUNC,none,-4.2,EUR,none,False
19e7ccb6-9ad9-4608-a8a6-688c8991d04d,000000 - 00000111,none,2024-12-30,VDC-T K MAXX,none,-7.99,EUR,none,False
d7cb65b1-da4e-4156-b8f1-44eff025285f,000000 - 00000111,none,2024-12-30,VDC-T K MAXX,none,-12.99,EUR,none,False
1a6ae7ff-605e-46e0-8715-3376ad2dfe0c,000000 - 00000111,none,2024-12-30,VDC-TESCO STORES 3,none,-3.75,EUR,none,False
e9c6aa3c-f8a3-4b40-9f97-9d8315cd1af5,000000 - 00000111,none,2024-12-30,VDC-VAPECENTRIC,none,-8.0,EUR,none,False
4c723360-18a5-4fe5-930b-c7c2e7a1aa44,000000 - 00000111,none,2024-12-30,VDC-VAPEWORX KILLA,none,-7.0,EUR,none,False
9153571a-382c-4043-bcf8-8d1a812ef6e6,000000 - 00000011,none,2024-12-30,VDC-LIDL IRELAND L,none,-5.07,EUR,none,False
1f43fdbd-a346-44e0-8e31-b0d10439f5f1,000000 - 00000011,none,2024-12-30,VDC-LIDL IRELAND L,none,-2.1,EUR,none,False
37933773-343c-4f37-ba90-365042438d62,000000 - 00000011,none,2024-12-30,VDC-DUNNES TRALEE,none,-4.81,EUR,none,False
49969e1a-c471-45e5-a6f4-c7c1bc953134,000000 - 00000011,none,2024-12-30,FEE-QTR TO 29NOV24,Account Number: 000000 - 00000022,-18.33,EUR,none,False
7b7806d7-4370-4d20-93c4-d22abe44466a,000000 - 00000011,none,2024-12-30,*MOBI  TOP-UP,000000008,-20.0,EUR,none,False
f017e663-f2da-4bc1-b72a-265018e45e8f,000000 - 00000011,none,2024-12-30,VDC-MCDONALDS TRAL,none,-11.75,EUR,none,False
ed287f5b-6771-4974-a52a-a5f0d589d9b5,000000 - 00000011,none,2024-12-30,VDP-YESSTYLE.COM L,none,-43.55,EUR,none,False
ecd4c88f-2fb9-4819-bc5d-d3f7c79f4ccd,000000 - 00000011,none,2024-12-30,VDP-SWORDS PROMOTI,none,-21.5,EUR,none,False
60f9da85-3815-4d47-981a-b1abe5a79ced,000000 - 00000011,none,2024-12-30,VDP-Spotify P32AA0,none,-5.99,EUR,none,False
234d0fbd-5bc4-48e7-b02b-bd7dbc1b8c6f,000000 - 00000011,none,2024-12-30,VDP-IRISH RAIL 775,none,-3.75,EUR,none,False
e4a7ed7c-5140-4bf3-8a83-5fcaf537a8ea,000000 - 00000011,none,2024-12-30,VDP-BUS EIREANN EX,none,-6.25,EUR,none,False
cde62664-92d3-4499-9fb7-a4d4bb51f47a,000000 - 00000111,none,2024-12-30,VDP-Vesta EIR TopU,none,-20.0,EUR,none,False
5a279bf2-9182-4b1e-8762-088bad7c6274,000000 - 00000111,none,2024-12-31,VDC-LIDL IRELAND L,none,-7.4,EUR,none,False
b44c535f-0a50-4ccd-9e07-5d0f60d864b6,000000 - 00000111,none,2024-12-31,VDC-KIKO Milano,none,-23.98,EUR,none,False
7cdfb873-05dd-4928-84f2-e05a077a7049,000000 - 00000111,none,2024-12-31,VDC-Pandora,none,-126.0,EUR,none,False
4e1597d8-7a60-41dd-ad6d-a9badb2af88a,000000 - 00000111,none,2024-12-31,VDC-1-Minute 74602,48.99 PLN@,-11.73,EUR,none,False
9d441038-7060-48a9-b091-35004dd9a17d,000000 - 00000111,none,2024-12-31,VDC-Visit Podkarpa,29.90 PLN@,-7.16,EUR,none,False
f2c0dfda-1587-440a-8d62-723a0e346bad,000000 - 00000111,none,2024-12-31,VDC-STARBUCKS COLL,none,-13.05,EUR,none,False
11627ccd-cd69-4f45-b04d-4d0e73564236,000000 - 00000111,none,2024-12-31,VDC-DUBLIN DUTY FR,none,-2.0,EUR,none,False
9f91436f-c9c7-40f9-9cef-78d04034cd99,000000 - 00000111,none,2024-12-31,VDP-RYANAIR     MZ,127.83 PLN@,-30.67,EUR,none,False
a40a3378-cb27-4de0-a8f9-0cfe85c0dd92,000000 - 00000011,none,2024-12-31,VDP-TRALEE OMNIPLE,none,-10.0,EUR,none,False
0fb48e49-5247-4ddd-b6f4-d2be60d23ae3,000000 - 00000011,none,2024-12-31,VDP-COMPLETESAVE.I,none,-15.0,EUR,none,False
2c4d96a8-3acb-41b0-b016-82a6e4bd952b,000000 - 00000111,none,2024-12-31,VDP-BOLT.EU/O/2412,40.71 PLN@,-10.02,EUR,none,False
5fac8e1a-34bc-40c6-983f-046c07d0877d,000000 - 00000111,none,2024-12-31,VDP-AMZN Mktp UK*3,none,-159.35,EUR,none,False
314e8cad-e0be-4e1c-b7f9-2a15688fbe6e,000000 - 00000011,none,2025-01-02,VDP-TAKE AWAY ORDE,none,-15.0,EUR,none,False
e56fe29e-5828-4a8f-98ac-dd6870340bb8,000000 - 00000011,none,2025-01-02,VDP-EVER DISH,none,-17.0,EUR,none,False
f420175b-b9ea-4ff5-8555-5b37bee7eea0,000000 - 00000111,none,2025-01-02,VDC-MOMO,65.00 UAH@,-1.51,EUR,none,False
b1c3f605-a4ed-4f01-b953-2a009db2c03f,000000 - 00000011,none,2025-01-02,VDP-H  M Hennes  M,none,-83.0,EUR,none,False
c953f04e-2c1e-4fad-bd09-3a9fd68e71ff,000000 - 00000011,none,2025-01-02,VDC-TRALEE OMNIPLE,none,-9.5,EUR,none,False
6bb67f78-fec9-4e3f-9c92-9fd91dcc7aa0,000000 - 00000011,none,2025-01-03,VDC-DUNNES TRALEE,none,-41.37,EUR,none,False
6b6abfee-3999-4f80-9ada-6ea09762bcc8,000000 - 00000111,none,2025-01-06,VDP-APPLE.COM/BILL,none,-2.99,EUR,none,False
2c55a7d9-405a-4f8f-973c-2930a0d1c223,000000 - 00000011,none,2025-01-06,VDC-PENNEYS TRALEE,none,-8.0,EUR,none,False
5310963f-1f91-4bee-9b83-93078da55a6e,000000 - 00000011,none,2025-01-06,VDC-TESCO STORES 3,none,-3.25,EUR,none,False
d570f766-cccc-4853-9838-89eede1ca78a,000000 - 00000011,none,2025-01-06,VDC-LIDL IRELAND L,none,-0.69,EUR,none,False
8abb0e58-b082-4644-a8bf-b9c42a84c00f,000000 - 00000011,none,2025-01-06,VDC-HEATONS,none,-9.0,EUR,none,False
a24e5fbf-b046-4fd3-b85d-4b2b1c4caaea,000000 - 00000011,none,2025-01-06,VDC-COCA COLA,none,-1.9,EUR,none,False
1aaa2b2a-df15-46c7-a637-853d41afa303,000000 - 00000011,none,2025-01-06,VDP-IHERB.COM,none,-21.78,EUR,none,False
e18f3b38-2c0d-4805-ad01-5ed163e021c8,000000 - 00000011,none,2025-01-07,VDP-APPLE.COM/BILL,none,-5.08,EUR,none,False
a001c073-98c9-4202-94e3-6e4abf750c05,000000 - 00000011,none,2025-01-07,VDC-TESCO STORES 3,none,-4.1,EUR,none,False
2464aa34-4e07-44f2-8b0b-0c73e027e595,000000 - 00000011,none,2025-01-08,VDP-APPLE.COM/BILL,none,-5.08,EUR,none,False
eec6970e-8f4f-4826-8f9e-36fc38359f9d,000000 - 00000011,none,2025-01-09,VDC-SQ *MADDENS,none,-8.5,EUR,none,False
96e41a78-0034-4118-b9d1-0c7c1b1c2bc0,000000 - 00000011,none,2025-01-10,VDC-PEPCO 1624,none,-4.25,EUR,none,False
e675373e-7584-4650-96d9-8629c99eec2c,000000 - 00000011,none,2025-01-10,VDC-TESCO STORES 3,none,-6.44,EUR,none,False
aa6231ca-c939-4aa2-b8f8-77eabfb39a2c,000000 - 00000011,none,2025-01-13,VDP-shein.com,none,-22.47,EUR,none,False
84e79726-a842-4af2-8221-cb5c1df46137,000000 - 00000011,none,2025-01-13,VDC-LIDL IRELAND L,none,-16.18,EUR,none,False
0438c6ce-92a7-4a2c-9815-94fec0b2eb5a,000000 - 00000011,none,2025-01-13,VDC-DUNNES TRALEE,none,-26.49,EUR,none,False
e05b5501-2d3c-4caf-a110-2f91f55e85be,000000 - 00000111,none,2025-01-13,VDP-ecolines,none,-41.6,EUR,none,False
7875be36-402c-41f9-83b3-d2788184742d,000000 - 00000011,none,2025-01-13,VDP-APPLE.COM/BILL,none,-5.08,EUR,none,False
75a36fee-8cc6-42ec-8c69-b0b4962154b2,000000 - 00000011,none,2025-01-14,VDC-SUMUP  *YUSUF,none,-10.0,EUR,none,False
195155ea-4fc8-4410-b7be-92ce65a26fe1,000000 - 00000011,none,2025-01-15,ATM TRALEE   B,15JAN25 TIME 14:16,-40.0,EUR,none,False
1a9abc4f-a8ee-497c-8762-99e9e2c788ba,000000 - 00000111,none,2025-01-17,T00000044,SCHOLARSHIP,0.0,EUR,none,False
521ec034-3747-4736-b0cd-2dccb3d03978,000000 - 00000011,none,2025-01-17,T00000033,SCHOLARSHIP,0.0,EUR,none,False
82672c47-6c2b-483c-9d18-ae2e0b1c2b1e,000000 - 00000011,none,2025-01-20,VDP-TAKE AWAY ORDE,none,-15.0,EUR,none,False
bf6b0e0b-8a28-4bf4-9499-7aa9dd7b16f9,000000 - 00000111,none,2025-01-20,VDP-BUS EIREANN EX,none,-12.5,EUR,none,False
3aa19455-2537-49ee-89de-fe6266126ed8,000000 - 00000111,none,2025-01-20,VDC-Cigarettes Dut,189.90 PLN@,-45.44,EUR,none,False
1c5a26d3-d202-4894-86d6-6a99102c170a,000000 - 00000111,none,2025-01-20,VDC-KSG CORK AIRPO,none,-4.0,EUR,none,False
b57bcdfa-2fc2-4ea5-871b-5909a9180429,000000 - 00000111,none,2025-01-20,VDC-Lagardere Duty,none,-2.39,EUR,none,False
0ab4763e-fbe7-4e1a-9476-cc74928dc34b,000000 - 00000111,none,2025-01-20,VDC-MCCAFFREYS BAR,none,-26.0,EUR,none,False
a3862c7e-c891-45bf-bc14-1a2b399b560b,000000 - 00000111,none,2025-01-20,VDC-MCDONALDS TRAL,none,-7.5,EUR,none,False
d73c1495-5179-4c04-ae83-56f922a60835,000000 - 00000111,none,2025-01-20,VDC-THE DAILY GRIN,none,-4.7,EUR,none,False
e69deeb6-79ef-4224-b23e-ec5e60810397,000000 - 00000111,none,2025-01-20,VDC-HALE 01,none,-8.0,EUR,none,False
bb5499b1-62fa-4c23-b713-e1a3c8a3af54,000000 - 00000011,none,2025-01-20,VDC-DUNNES HORAN C,none,-1.83,EUR,none,False
ea28eb95-a214-4b23-9f48-9cc27f6256eb,000000 - 00000011,none,2025-01-20,VDC-MCDONALDS TRAL,none,-7.0,EUR,none,False
de7f188b-74a9-4c5a-aba4-296b1ab48b2f,000000 - 00000011,none,2025-01-20,VDC-PEPCO 1624,none,-2.0,EUR,none,False
fc8f1eec-953c-4c7b-9b27-d07c626bb95f,000000 - 00000011,none,2025-01-20,VDC-PEPCO 1624,none,-9.75,EUR,none,False
0bc5f12b-406c-4b35-b441-2fd85cc3d4c7,000000 - 00000011,none,2025-01-20,VDC-SQ *MADDENS,none,-8.5,EUR,none,False
9318f90e-c2ea-438f-9cc8-106719641531,000000 - 00000011,none,2025-01-20,VDC-TESCO STORES 3,none,-3.25,EUR,none,False
a129134a-1fd6-4095-a5f7-103d096a0d75,000000 - 00000011,none,2025-01-20,VDC-Yusuf Spice,none,-3.5,EUR,none,False
ad35a9e8-e34a-416d-8717-0a4c2cc45c55,000000 - 00000011,none,2025-01-20,VDC-Yusuf Spice,none,-3.5,EUR,none,False
0c24e8ac-5d7a-48d3-ab1b-053bd2077534,000000 - 00000011,none,2025-01-21,VDC-PEPCO 1624,none,-3.75,EUR,none,False
a5807cc7-09fc-4637-8735-aee97168deb1,000000 - 00000011,none,2025-01-21,VDP-LEAP CARD APP,none,-5.0,EUR,none,False
7d129842-f335-43bc-88ef-b37cb840e3bc,000000 - 00000011,none,2025-01-21,VDC-IT TRALEE NORT,none,-3.2,EUR,none,False
f36efbb4-63fa-45c6-a4a0-cde121ce6aec,000000 - 00000111,none,2025-01-21,*MOBI LANE,none,-25.0,EUR,none,False
014d295f-97af-4beb-88fd-ca5ec69a5d78,000000 - 00000111,none,2025-01-21,VDC-IT TRALEE NORT,none,-5.0,EUR,none,False
5088db14-fb02-49ae-aa3b-6240931666f1,000000 - 00000111,none,2025-01-21,VDC-LIDL IRELAND L,none,-5.58,EUR,none,False
a6468a5d-232c-4103-99d8-1e2190442b1a,000000 - 00000111,none,2025-01-21,VDC-MCCAFFREYS BAR,none,-13.0,EUR,none,False
538a4501-2693-4366-853b-4498225f30c4,000000 - 00000111,none,2025-01-21,VDC-MCCAFFREYS BAR,none,-26.0,EUR,none,False
d4996ff5-d265-487f-bb5f-a8bc908ac0b2,000000 - 00000011,none,2025-01-22,VDP-TAKE AWAY ORDE,none,-30.0,EUR,none,False
daf51265-2c05-415f-b9fa-1cedf06d82ca,000000 - 00000111,none,2025-01-22,VDC-BOOTS RETAIL17,none,-19.97,EUR,none,False
4f34c659-628e-4fa1-a61e-46e54fa24bd6,000000 - 00000011,none,2025-01-22,VDP-APPLE.COM/BILL,none,-5.08,EUR,none,False
495432f7-cf90-4007-95c1-d073eed73dba,000000 - 00000011,none,2025-01-22,VDP-EVER DISH,none,-17.0,EUR,none,False
7ed73ba6-f572-4ca7-95db-0125cc565f6b,000000 - 00000011,none,2025-01-22,VDP-KIKO SpA,none,-31.38,EUR,none,False
691173db-24da-4159-91d7-d6beba9a2036,000000 - 00000111,none,2025-01-22,VDC-IT TRALEE NORT,none,-3.2,EUR,none,False
6bb75786-5212-4153-b5d1-d826bc15a846,000000 - 00000011,none,2025-01-22,VDC-SQ *MADDENS,none,-20.2,EUR,none,False
6ef309f9-b444-40d0-8b3c-00c41f916863,000000 - 00000111,none,2025-01-22,VDP-VESTA  *EIR TO,none,-20.0,EUR,none,False
b44aeefb-eb70-41d6-85ee-2a5c44433c15,000000 - 00000111,none,2025-01-22,VDC-PEPCO 1624,none,-5.5,EUR,none,False
6f155af6-10dd-4923-b24b-eb60331ca063,000000 - 00000011,none,2025-01-23,*MOBI  TOP-UP,000000008,-20.0,EUR,none,False
c673b05a-df08-4123-aab5-c6a31176c22c,000000 - 00000111,none,2025-01-23,VDC-VAPECENTRIC,none,-15.0,EUR,none,False
08f63019-1b02-4bc4-93b4-1eb831fab733,000000 - 00000111,none,2025-01-23,VDC-LIDL IRELAND L,none,-4.76,EUR,none,False
9cd88239-329a-48dc-b478-73a10856af13,000000 - 00000111,none,2025-01-23,VDC-IT TRALEE NORT,none,-2.6,EUR,none,False
86bced19-cea4-4a11-9a72-c0c64f3a3cab,000000 - 00000111,none,2025-01-23,VDP-VESTA  *EIR TO,none,-20.0,EUR,none,False
530d38ef-a7d2-479a-b4c3-8ae0a45b4333,000000 - 00000111,none,2025-01-24,VDC-IT TRALEE NORT,none,-5.0,EUR,none,False
f59474c8-9d94-4825-9535-0591d2106ef1,000000 - 00000011,none,2025-01-24,VDC-LIDL IRELAND L,none,-33.11,EUR,none,False
4eca4910-9f3e-4d64-b12f-42a7d6286b1d,000000 - 00000011,none,2025-01-27,VDP-Spotify P33822,none,-5.99,EUR,none,False
0948242f-d6fa-4203-a514-051ce0b2c53a,000000 - 00000011,none,2025-01-27,VDP-TRALEE OMNIPLE,none,-24.0,EUR,none,False
92c4bcb4-1403-4e12-8927-5fda1f7e2dc3,000000 - 00000011,none,2025-01-27,VDC-LIDL IRELAND L,none,-1.79,EUR,none,False
f7624df9-5447-43d4-814d-a210753a64d7,000000 - 00000011,none,2025-01-27,VDC-PEPCO 1624,none,-26.25,EUR,none,False
24992b55-76b4-49a6-833b-6f80c51f9244,000000 - 00000111,none,2025-01-27,VDC-LIDL IRELAND L,none,-6.58,EUR,none,False
081c45e4-38d7-4320-88a6-15109d915cf8,000000 - 00000111,none,2025-01-27,VDC-PENNEYS TRALEE,none,-2.0,EUR,none,False
0f848d4c-f7ab-4d7e-848d-48de987a3933,000000 - 00000111,none,2025-01-27,VDC-LIDL IRELAND L,none,-16.38,EUR,none,False
9aff0169-ef2d-4bc7-8c30-20aa7de78564,000000 - 00000111,none,2025-01-28,VDC-IT TRALEE NORT,none,-1.7,EUR,none,False
8e4bfbbe-33ed-421e-a181-4e6f5c765ce4,000000 - 00000011,none,2025-01-28,VDC-LIDL IRELAND L,none,-13.25,EUR,none,False
56a96f0a-1eb0-498b-9ba5-3348d9d0b5cc,000000 - 00000011,none,2025-01-28,STAMP DUTY 0011,none,-2.64,EUR,none,False
23a9b0b4-5067-4fd7-bfd0-07d6b33aa593,000000 - 00000111,none,2025-01-28,STAMP DUTY 3430,none,-0.24,EUR,none,False
b9056f34-76ba-4e70-9370-b7793129fbd1,000000 - 00000111,none,2025-01-28,ATM TRALEE   B,28JAN25 TIME 17:15,-600.0,EUR,none,False
87cb6cf6-30b1-43bd-960f-26c51c2de5b8,000000 - 00000111,none,2025-01-28,VDC-IT TRALEE NORT,none,-3.2,EUR,none,False
8d54fe6b-330a-49bc-95f5-9f8bd9213163,000000 - 00000111,none,2025-01-28,VDC-IT TRALEE NORT,none,-1.75,EUR,none,False
010e80d1-e673-49cb-acd8-c18add5e761f,000000 - 00000111,none,2025-01-29,VDC-EUROGIANT TRAL,none,-3.0,EUR,none,False
30a274c8-fef1-467a-a631-a55709bb6978,000000 - 00000111,none,2025-01-29,VDC-IT TRALEE NORT,none,-1.8,EUR,none,False
dedad426-29e3-4ff7-8805-9603026c9b32,000000 - 00000111,none,2025-01-29,VDC-IT TRALEE NORT,none,-5.0,EUR,none,False
e08783a0-9b50-4201-9b25-d15b7e2934b1,000000 - 00000111,none,2025-01-29,VDP-LEAP CARD APP,none,-10.0,EUR,none,False
515c2f3e-f26c-477d-a464-53d209ba5283,000000 - 00000111,none,2025-01-29,VDC-BOOTS RETAIL17,none,-13.99,EUR,none,False
592a1545-2ae9-4792-81b5-a960b91d9859,000000 - 00000111,none,2025-01-30,VDC-VAPECENTRIC,none,-8.0,EUR,none,False
196ce839-b219-43f9-9556-ffb692bac718,000000 - 00000111,none,2025-01-30,VDC-MCDONALDS TRAL,none,-8.9,EUR,none,False
e86c11a0-9d81-47cc-9939-2445fcc54229,000000 - 00000111,none,2025-01-30,VDC-IT TRALEE NORT,none,-3.2,EUR,none,False
1888aca5-37fc-4607-915a-b84875d9033c,000000 - 00000011,none,2025-01-30,VDC-LIDL IRELAND L,none,-10.31,EUR,none,False
6edd2789-da5f-4de8-aab6-512c9661e5b2,000000 - 00000011,none,2025-01-30,VDC-LIDL IRELAND L,none,-6.07,EUR,none,False
8ac8511c-1567-4b24-aa32-54f89bc26466,000000 - 00000111,none,2025-01-31,VDC-IT TRALEE NORT,none,-5.0,EUR,none,False
90ef3470-aa5b-461c-aff6-0a276ef54da8,000000 - 00000111,none,2025-01-31,VDP-ELECTRIC IRELA,none,-136.35,EUR,none,False
72a6797f-2f37-4134-b3e1-35a8aca0903b,000000 - 00000011,none,2025-01-31,VDC-IT TRALEE NORT,none,-1.8,EUR,none,False
5044b13f-ac63-4590-8b76-e8f25279be3b,000000 - 00000011,none,2025-01-31,VDP-Webloyalty Sar,none,-18.0,EUR,none,False
26f65e61-db32-4697-be7c-36c100f52271,000000 - 00000111,none,2025-02-04,VDC-LIDL IRELAND L,none,-8.66,EUR,none,False
ea60d087-2f5f-4d19-8abf-b234f7ba7b25,000000 - 00000111,none,2025-02-04,VDC-SQ *MADDENS,none,-4.5,EUR,none,False
1fd28f73-e74e-4d33-94ef-51ee8f588288,000000 - 00000111,none,2025-02-04,VDC-ELVERY SPORTS,none,-95.0,EUR,none,False
2223f2ea-fa8d-426e-9a9d-7a23abc6059f,000000 - 00000111,none,2025-02-04,VDC-THE COIN OFF L,none,-8.0,EUR,none,False
13ab31a6-be15-4611-8345-def63b242be5,000000 - 00000111,none,2025-02-04,VDC-LIDL IRELAND L,none,-21.32,EUR,none,False
f549fee2-42ae-4105-90dd-9853ad09f5c3,000000 - 00000111,none,2025-02-04,VDC-LIDL IRELAND L,none,-2.18,EUR,none,False
f216500b-b71c-49d5-93a4-3da1ec8698bd,000000 - 00000111,none,2025-02-04,VDC-BENNERS HOTEL,none,-13.0,EUR,none,False
1033eecc-af9c-47cd-8081-94e399f38e53,000000 - 00000111,none,2025-02-04,VDC-T K MAXX,none,-10.0,EUR,none,False
859a2d57-b599-48e0-90c8-26f25c47e19c,000000 - 00000011,none,2025-02-04,ZA CHOCOLATE,none,25.0,EUR,none,False
12eae475-f49d-43c0-83b4-9e7a935151ac,000000 - 00000011,none,2025-02-04,VDP-SP SIXSENSE CO,none,-54.65,EUR,none,False
dae056ac-6cf1-43a7-a4d2-27267a3529ac,000000 - 00000011,none,2025-02-04,VDC-TESCO STORES 3,none,-5.45,EUR,none,False
fb297cb5-0de7-49c8-8084-84de7081d461,000000 - 00000011,none,2025-02-04,VDC-SQ *BRIO BRUNC,none,-29.0,EUR,none,False
75d36a45-39e6-4866-b9ff-95fa432c0c52,000000 - 00000011,none,2025-02-04,VDC-LIDL IRELAND L,none,-9.72,EUR,none,False
7b997ef0-8b8a-4e2c-bfbe-ad07634725c9,000000 - 00000011,none,2025-02-04,VDC-BENNERS HOTEL,none,-13.0,EUR,none,False
cbc46bba-83e2-4bd2-9da6-4c112cb1d15a,000000 - 00000111,none,2025-02-05,VDC-LIDL IRELAND L,none,-1.19,EUR,none,False
ac8297ea-161b-4eac-be57-7c733f7c9209,000000 - 00000111,none,2025-02-05,VDC-IT TRALEE NORT,none,-3.2,EUR,none,False
6bfd4be3-e4d5-4bd9-bff5-917d5870728d,000000 - 00000111,none,2025-02-05,VDC-IT TRALEE NORT,none,-1.8,EUR,none,False
6e17d3e9-d22c-40cf-85cb-48becc6c294c,000000 - 00000111,none,2025-02-05,VDP-APPLE.COM/BILL,none,-2.99,EUR,none,False
ecf9ce33-8b0f-4c53-be0f-12dc4d4f6933,000000 - 00000011,none,2025-02-05,VDP-LEAP CARD APP,none,-10.0,EUR,none,False
f08cfb99-d444-4915-9d2c-cf0ed4a82e05,000000 - 00000111,none,2025-02-06,VDP-LOOKFANTASTIC,none,-57.9,EUR,none,False
f504a336-fc2e-4d68-89eb-4b71d968dd2b,000000 - 00000111,none,2025-02-06,VDP-notino.ie,none,-52.0,EUR,none,False
f289d1e4-41a1-4998-80b2-b9bdf7d02342,000000 - 00000111,none,2025-02-06,VDC-IT TRALEE NORT,none,-3.2,EUR,none,False
ae31029c-4972-47f3-a305-fca8734a8be9,000000 - 00000011,none,2025-02-07,VDP-ROAD SAFETY AU,none,-65.0,EUR,none,False
182bf10a-fbd1-4052-bdae-bbb725678c59,000000 - 00000111,none,2025-02-07,FAMELY,none,400.0,EUR,none,False
e359878d-c213-4900-aa9e-050ed7c8c111,000000 - 00000111,none,2025-02-07,VDC-IT TRALEE NORT,none,-1.8,EUR,none,False
32b66cf9-a096-4ecb-9240-a12cd7802eb3,000000 - 00000111,none,2025-02-07,VDC-IT TRALEE NORT,none,-3.2,EUR,none,False
00beed79-e821-45be-a4c3-1cd9a95930da,000000 - 00000011,none,2025-02-10,ATM CASTLE ST 2,10FEB25 TIME 09:27,-20.0,EUR,none,False
e9e984e1-6ced-44ec-80d6-86065a9ccb01,000000 - 00000011,none,2025-02-10,VDC-T K MAXX,none,-30.19,EUR,none,False
e35d3c98-384f-4cb8-bf48-c63104a44740,000000 - 00000111,none,2025-02-10,VDC-TESCO STORES,none,-6.2,EUR,none,False
aeedc094-ffe8-4e53-a820-b62037e54f33,000000 - 00000111,none,2025-02-10,VDC-PARKGATE COFFE,none,-7.9,EUR,none,False
d6547a76-fbc9-4f4e-85cf-e65c3bf32aea,000000 - 00000111,none,2025-02-10,VDC-MERCURY FOOD D,none,-17.98,EUR,none,False
9396035f-6f72-446d-bb1c-921341f11135,000000 - 00000111,none,2025-02-10,VDC-JUSTTIP,none,-0.25,EUR,none,False
ab6c21dc-f072-448a-9f17-9cea720c61e1,000000 - 00000111,none,2025-02-10,VDC-IRISH RAIL TRA,none,-49.45,EUR,none,False
f91648ab-e37c-4a4e-8327-799fa521768e,000000 - 00000111,none,2025-02-10,VDC-LIDL IRELAND L,none,-6.36,EUR,none,False
80600d8a-6411-425d-b4bb-646b4f119d69,000000 - 00000011,none,2025-02-10,VDC-PEPCO 1624,none,-2.5,EUR,none,False
1bbd417c-aa76-471f-8264-2d08fb72444e,000000 - 00000011,none,2025-02-10,VDC-PENNEYS TRALEE,none,-12.0,EUR,none,False
285907c6-c2d8-4bfd-a689-48a013ecd3af,000000 - 00000011,none,2025-02-10,VDC-MCDONALDS TRAL,none,-8.5,EUR,none,False
49c41b4f-738f-4176-b23d-8bef1b46fa65,000000 - 00000011,none,2025-02-10,VDC-LIDL IRELAND L,none,-28.0,EUR,none,False
1654de82-cbf4-4adf-b9f6-7ae207e8ba27,000000 - 00000011,none,2025-02-10,VDP-MALDRON PEARSE,none,-406.77,EUR,none,False
ca8433be-47e2-4651-b82b-1a42b019fed5,000000 - 00000111,none,2025-02-10,VDC-IRISH RAIL TRA,none,-24.7,EUR,none,False
ca5f67c2-e957-47d8-99c1-c971591d09ba,000000 - 00000111,none,2025-02-11,D/D Electric Irela,IE25013113417969,-136.35,EUR,none,False
17101463-bf3f-451e-baef-9e808bbae098,000000 - 00000111,none,2025-02-11,VDC-IT TRALEE NORT,none,-3.2,EUR,none,False
e87d23f6-837b-4924-bdab-6458c91b1738,000000 - 00000111,none,2025-02-12,VDC-IT TRALEE NORT,none,-1.8,EUR,none,False
5645c946-d99b-4999-b792-f8625a62f9df,000000 - 00000111,none,2025-02-12,VDC-IT TRALEE NORT,none,-3.2,EUR,none,False
766baf97-8dbe-4ff7-973d-b0443e509022,000000 - 00000011,none,2025-02-12,VDC-DUNNES TRALEE,none,-4.0,EUR,none,False
8a3a8818-5b8d-48a3-ac17-d2cafe50511f,000000 - 00000011,none,2025-02-13,VDC-IT TRALEE NORT,none,-1.8,EUR,none,False
ab62a448-612f-41a7-930f-d91351c3b2b2,000000 - 00000111,none,2025-02-13,VDC-IT TRALEE NORT,none,-3.2,EUR,none,False
24ab2deb-0461-471b-890a-435286463b1b,000000 - 00000111,none,2025-02-13,VDC-SQ *MADDENS,none,-8.5,EUR,none,False
f3e57a91-486b-4cf4-830e-8de135a30f7b,000000 - 00000111,none,2025-02-14,T00000044,SCHOLARSHIP,0.0,EUR,none,False
59b3eff1-1492-462a-a9e5-b3103856f78a,000000 - 00000111,none,2025-02-14,VDP-LEAP CARD APP,none,-15.0,EUR,none,False
a2377f5f-d305-417b-94d4-89208c14ffe3,000000 - 00000111,none,2025-02-14,VDC-IT TRALEE NORT,none,-3.2,EUR,none,False
c2fb3b76-920f-4a4e-90e0-e52fd590b885,000000 - 00000011,none,2025-02-14,VDP-ESCAPE,none,-87.5,EUR,none,False
4ddb750e-415d-4154-8857-8704d31cec76,000000 - 00000011,none,2025-02-14,T00000033,SCHOLARSHIP,0.0,EUR,none,False
5e0e4713-b463-42fe-b8c1-577ba6e0259d,000000 - 00000011,none,2025-02-14,VDC-CARD WORLD,none,-1.49,EUR,none,False
62f30cb8-f782-45b6-9600-a9021c12767f,000000 - 00000011,none,2025-02-14,VDC-MCCAFFREYS BAR,none,-30.0,EUR,none,False
69b7d012-2bda-4a61-9d3d-23f874b7bc41,000000 - 00000011,none,2025-02-14,VDC-PEPCO 1624,none,-1.75,EUR,none,False
68c67d26-a9e2-4f2e-9fa9-915d6aa919b9,000000 - 00000011,none,2025-02-14,VDC-TESCO STORES 3,none,-2.19,EUR,none,False
c018aed6-3288-4d18-8542-6af0edbc62ff,000000 - 00000111,none,2025-02-17,VDC-LIDL IRELAND L,none,-1.99,EUR,none,False
32225a72-67fb-4cfa-9be7-b434799676bf,000000 - 00000111,none,2025-02-17,VDC-IT TRALEE NORT,none,-1.8,EUR,none,False
e605c1d7-324a-46f5-a5e6-8666166adde5,000000 - 00000011,none,2025-02-17,ATM CAPEL ST A,15FEB25 TIME 16:44,-100.0,EUR,none,False
6308f6d7-0e2c-432c-a687-707dc2c87f86,000000 - 00000011,none,2025-02-17,VDP-IRISH RAIL 752,none,-19.4,EUR,none,False
e1162c1d-048e-4e50-a209-a179335cac69,000000 - 00000011,none,2025-02-17,VDP-LEAP CARD APP,none,-10.0,EUR,none,False
12bca1af-eb25-4bab-9a65-bbcf510da8e7,000000 - 00000011,none,2025-02-17,VDC-CENTRA,none,-2.65,EUR,none,False
8c247a8b-2116-4172-bae2-ada45dc15eb6,000000 - 00000011,none,2025-02-17,VDC-KIKO Milano,none,-7.49,EUR,none,False
068b4228-767e-4ff9-9768-bd87586424e6,000000 - 00000011,none,2025-02-17,VDC-MADAME PHO,none,-42.0,EUR,none,False
781d00ea-2b8f-48aa-8943-80a7dfde091a,000000 - 00000011,none,2025-02-17,VDC-POCHA KOREAN S,none,-33.1,EUR,none,False
cd6f59fd-3834-474b-9f14-f897c0bf748d,000000 - 00000011,none,2025-02-17,VDC-Rituals Cosmet,none,-17.01,EUR,none,False
7f22840f-76f1-430e-a158-f6c7547e5837,000000 - 00000011,none,2025-02-17,VDC-SUPER ASIA FOO,none,-19.42,EUR,none,False
b5eb3d58-53c5-4971-ba73-59d46e786dc7,000000 - 00000011,none,2025-02-17,VDC-TESCO STORES 6,none,-3.0,EUR,none,False
68c0fabc-000f-4d1c-af2d-22044929ec2c,000000 - 00000011,none,2025-02-17,VDC-TIGER STORES,none,-2.0,EUR,none,False
b1f849df-ce86-468f-948e-d83b6f4df773,000000 - 00000111,none,2025-02-17,VDC-DUNNES HORAN C,none,-16.94,EUR,none,False
9c6f8e2d-2ecc-4a13-b272-1c1deb73fd73,000000 - 00000111,none,2025-02-17,VDC-LIDL 0958 TRAL,none,-11.14,EUR,none,False
4f6b4cbf-2a7e-4dd3-a3d8-df9ca8d4dbc3,000000 - 00000111,none,2025-02-17,VDC-Vape shop,none,-7.0,EUR,none,False
215ca5c3-f913-477f-9498-ae90d3c2e7e4,000000 - 00000111,none,2025-02-17,VDP-shein.com,none,-95.84,EUR,none,False
8d70f3f8-b24d-4d7e-89f4-e92eb40d3c73,000000 - 00000111,none,2025-02-18,VDP-VESTA  *EIR TO,none,-20.0,EUR,none,False
5ba6d776-c013-4e54-acc3-c2367ce51331,000000 - 00000011,none,2025-02-18,VDC-BREAD 41,none,-17.2,EUR,none,False
c366b660-9246-4cf5-8996-1a94b5944d7b,000000 - 00000011,none,2025-02-19,VDC-ASIA MARKET-RE,none,-3.8,EUR,none,False
829701ae-2093-44b6-a1ee-003be6a7e03c,000000 - 00000111,none,2025-02-19,VDP-VESTA  *EIR TO,none,-20.0,EUR,none,False
dc77c6f1-0a94-43bc-b397-89bc904e0b45,000000 - 00000111,none,2025-02-19,VDC-LIDL IRELAND L,none,-12.54,EUR,none,False
e0be8636-f065-4551-96f9-ae78575c89f7,000000 - 00000111,none,2025-02-19,VDC-TESCO STORES 3,none,-4.5,EUR,none,False
7993c9cb-d6c8-4c52-aefb-62ff453677be,000000 - 00000011,none,2025-02-19,VDC-DUNNES TRALEE,none,-60.36,EUR,none,False
5046e139-efbe-4639-b399-75032c80275c,000000 - 00000111,none,2025-02-21,VDC-LIDL IRELAND L,none,-2.18,EUR,none,False
791a99d1-ab5f-434a-bda8-0d3cc41b28d0,000000 - 00000111,none,2025-02-21,VDC-IT TRALEE NORT,none,-5.0,EUR,none,False
4e69a9d9-dc9e-4b67-9292-3f2ccbd1e9bc,000000 - 00000011,none,2025-02-21,VDP-IRISH RAIL 762,none,-31.98,EUR,none,False
bdb1ea02-fe6a-4ed4-87b5-6c053ad5b4ff,000000 - 00000011,none,2025-02-21,*MOBI  TOP-UP,000000008,-20.0,EUR,none,False
359baecf-2cb0-45a0-b8ba-aa287f6b6e37,000000 - 00000011,none,2025-02-21,VDC-LANA TRALEE,none,-39.95,EUR,none,False
22a301a1-d056-4746-a145-066e1f935a50,000000 - 00000011,none,2025-02-21,VDC-LIDL IRELAND L,none,-17.69,EUR,none,False
e6934468-2dc5-4c48-9b6e-052d05153082,000000 - 00000111,none,2025-02-24,VDC-IT TRALEE NORT,none,-5.0,EUR,none,False
a7da423e-9488-4eae-ad9e-e2fa90af9650,000000 - 00000011,none,2025-02-24,VDP-CITI BUS MOBIL,none,-14.5,EUR,none,False
5c9af440-5eb1-423f-b047-4624c997b28b,000000 - 00000011,none,2025-02-24,VDP-IRISH RAIL 706,none,-31.98,EUR,none,False
f2dde1a2-1619-48f6-85cb-4cc8c0b2fd05,000000 - 00000011,none,2025-02-24,VDP-LEAP CARD APP,none,-5.0,EUR,none,False
5f275cff-5e3c-49fa-a8bb-3f9648c9f0be,000000 - 00000011,none,2025-02-24,VDC-TESCO STORES 3,none,-19.15,EUR,none,False
4d2da47c-be9d-42f0-bc72-9e2150f6d181,000000 - 00000111,none,2025-02-24,VDC-PEPCO 1624,none,-6.15,EUR,none,False
9c609a6d-577f-4732-98ae-562ff4cac57f,000000 - 00000111,none,2025-02-24,VDC-VAPECENTRIC,none,-8.0,EUR,none,False
7c16fa8f-3714-4000-aec0-161d3ebec0f0,000000 - 00000111,none,2025-02-24,VDC-TESCO STORES 3,none,-1.0,EUR,none,False
027aa0fb-21da-470d-ad22-7f2b189753ac,000000 - 00000111,none,2025-02-24,VDC-SQ *MADDENS,none,-8.0,EUR,none,False
b6808066-0c9d-4bcd-a1d4-6027d57f4408,000000 - 00000011,none,2025-02-24,VDC-PENNEYS TRALEE,none,-1.0,EUR,none,False
ea320b61-8ce1-4886-910e-a3c9c722c9d5,000000 - 00000011,none,2025-02-25,VDC-TESCO STORES 3,none,-10.73,EUR,none,False
2443f139-39af-4eef-b2b6-348a6fb36af0,000000 - 00000111,none,2025-02-25,VDC-IT TRALEE NORT,none,-1.7,EUR,none,False
3b751107-93e5-4605-9347-10eb4480f2da,000000 - 00000111,none,2025-02-25,VDC-BENNERS HOTEL,none,-16.5,EUR,none,False
3d1d4733-76f4-4bfb-abdb-3374bc03837f,000000 - 00000111,none,2025-02-25,VDC-IT TRALEE NORT,none,-5.0,EUR,none,False
5c4b3f5f-f48a-40d4-8b15-e0996da40c5a,000000 - 00000011,none,2025-02-26,VDP-Spotify P34593,none,-11.99,EUR,none,False
1e45bdc2-10c6-46de-9dec-e0aaa2f3c9d7,000000 - 00000011,none,2025-02-26,VDC-TESCO STORES 3,none,-7.0,EUR,none,False
b9896857-3d2c-404f-80cc-7056754cc14d,000000 - 00000111,none,2025-02-26,VDC-IT TRALEE NORT,none,-3.2,EUR,none,False
b42fcaa1-ef3c-461d-a1fd-3bdaa8bd73e6,000000 - 00000011,none,2025-02-27,VDC-LIDL IRELAND L,none,-8.97,EUR,none,False
d1311c93-dd94-4592-8868-bdea42c755c5,000000 - 00000111,none,2025-02-27,VDC-DUNNES HORAN C,none,-21.47,EUR,none,False
d05224a6-1dd6-4e8d-a4bc-6fa716774b8e,000000 - 00000111,none,2025-02-27,VDC-IT TRALEE NORT,none,-3.2,EUR,none,False
2df702a6-436f-40ce-b301-bb54edfc9ffc,000000 - 00000011,none,2025-02-28,VDC-LIDL IRELAND L,none,-19.83,EUR,none,False
074ce07e-9594-4058-a210-2f35f03ef1a1,000000 - 00000011,none,2025-02-28,VDC-IT TRALEE NORT,none,-3.6,EUR,none,False
6bf6ee95-1d9b-4d60-a39f-e1ad4a22c7b1,000000 - 00000111,none,2025-02-28,VDC-HENNESSY'S BAR,none,-12.2,EUR,none,False
063782d2-4ffc-42f7-a4ee-c5d07b3c43a7,000000 - 00000111,none,2025-02-28,VDC-IT TRALEE NORT,none,-5.0,EUR,none,False
e29ea1f9-da67-4950-b19f-66ba2921ef13,000000 - 00000111,none,2025-02-28,VDC-LIDL IRELAND L,none,-2.24,EUR,none,False
7c39365d-f881-4042-8845-c6d335b71d7b,000000 - 00000011,none,2025-03-03,VDC-PENNEYS TRALEE,none,-11.5,EUR,none,False
a5d3bac4-acb7-4aff-81f3-7cdcccb65787,000000 - 00000111,none,2025-03-03,VDC-GARVEYS SUPERV,none,-4.4,EUR,none,False
7bc93a51-e5f2-436d-84ab-adb4cd7f026c,000000 - 00000111,none,2025-03-03,VDC-IRISH RAIL TRA,none,-5.35,EUR,none,False
9f7b7e38-8d41-4eab-befc-af866cb7e953,000000 - 00000111,none,2025-03-03,VDC-LIDL IRELAND L,none,-6.42,EUR,none,False
f10e4b18-70e3-421c-98f8-94b5de64caee,000000 - 00000111,none,2025-03-03,VDC-MCDONALDS KILL,none,-5.7,EUR,none,False
2815511c-f2e9-43f6-b6ce-7ef0611ba22d,000000 - 00000111,none,2025-03-03,VDC-SQ *BRIO BRUNC,none,-4.2,EUR,none,False
abc13e2e-ff6f-4942-b729-6aa0caea8c98,000000 - 00000011,none,2025-03-03,VDC-Yusuf Spice,none,-7.0,EUR,none,False
41f3e696-71f7-46d2-9b22-2a7bb02d2dda,000000 - 00000011,none,2025-03-03,VDC-TESCO STORES 3,none,-5.24,EUR,none,False
41c450c5-3c99-4514-bef9-5f3e43c02ad0,000000 - 00000011,none,2025-03-03,VDP-COMPLETESAVE.I,none,-18.0,EUR,none,False
5eba71a3-93c7-4e7c-9b05-e5a087f1e8be,000000 - 00000011,none,2025-03-03,VDC-HOLLAND & BARR,none,-17.17,EUR,none,False
4bb53b8f-960d-4435-85fb-41b31b04d49f,000000 - 00000111,none,2025-03-03,VDC-VAPECENTRIC,none,-15.0,EUR,none,False
71c59103-b64e-4eea-b58c-f4e2eb871ad7,000000 - 00000011,none,2025-03-04,VDP-LEAP CARD APP,none,-10.0,EUR,none,False
9a24beb1-acec-410d-bcd5-44bbbbbbd275,000000 - 00000011,none,2025-03-04,A,none,300.0,EUR,none,False
5c7ea30f-b386-40aa-8e5d-a2c5d9441f32,000000 - 00000011,none,2025-03-04,VDC-IT TRALEE NORT,none,-1.8,EUR,none,False
519badfb-176c-411a-ba24-0381cb4c035c,000000 - 00000111,none,2025-03-04,VDC-IT TRALEE NORT,none,-3.2,EUR,none,False
2bfcdf64-b78b-49ba-bfe6-5d91b57f2c8a,000000 - 00000111,none,2025-03-04,VDC-IT TRALEE NORT,none,-1.8,EUR,none,False
a561b0bf-9665-4535-851c-7521ad79e493,000000 - 00000011,none,2025-03-04,VDC-LIDL IRELAND L,none,-4.62,EUR,none,False
38ed2939-5df9-4dc0-9691-67336e1ff53c,000000 - 00000111,none,2025-03-04,VDC-IT TRALEE NORT,none,-1.7,EUR,none,False
5a1070cb-8ede-4c51-90fa-aa414a4edc4e,000000 - 00000011,none,2025-03-04,VDC-IT TRALEE NORT,none,-3.2,EUR,none,False
a8bb7202-660d-454b-a77c-78cc3e1a5cc0,000000 - 00000111,none,2025-03-05,VDP-APPLE.COM/BILL,none,-2.99,EUR,none,False
a25c06b8-bd90-4c4b-b55b-6e996c2650d2,000000 - 00000011,none,2025-03-05,VDC-SQ *MADDENS,none,-8.7,EUR,none,False
c30b62a6-9b1e-4f0b-a129-539dfcf83817,000000 - 00000011,none,2025-03-05,VDC-PEPCO 1624,none,-1.5,EUR,none,False
6adffb89-7653-4b73-b0ed-4ccc9e88e46a,000000 - 00000111,none,2025-03-06,VDC-LIDL IRELAND L,none,-19.11,EUR,none,False
082b1932-11e0-459a-a0ca-9c2c62bdc4b3,000000 - 00000111,none,2025-03-06,VDC-IT TRALEE NORT,none,-3.2,EUR,none,False
9a6e63da-6a68-454e-af81-b2a4c1c69dd8,000000 - 00000111,none,2025-03-07,VDC-IT TRALEE NORT,none,-3.2,EUR,none,False
39c2ec64-1eab-4a4b-b425-2d648cfc1ae6,000000 - 00000011,none,2025-03-07,VDC-IT TRALEE NORT,none,-2.4,EUR,none,False
5b0196a8-c3b9-4ab7-8569-376c58977e3f,000000 - 00000111,none,2025-03-10,VDC-EMILIES,none,-8.8,EUR,none,False
e2f06f69-fb6c-446a-a329-24b63b7b4846,000000 - 00000111,none,2025-03-10,VDC-IT TRALEE NORT,none,-5.0,EUR,none,False
d1228b97-28b0-4f97-90f6-16a7e2221e70,000000 - 00000111,none,2025-03-10,VDC-LIDL IRELAND L,none,-6.42,EUR,none,False
d48a78c4-1e4a-4421-b50b-addfbb4ccb26,000000 - 00000111,none,2025-03-10,VDC-SQ *KELLS BAY,none,-3.8,EUR,none,False
b4ed2b1b-f28f-4e37-9347-62d1ec61bcd5,000000 - 00000111,none,2025-03-10,VDC-VAPECENTRIC,none,-8.0,EUR,none,False
3750f15a-0b2f-4df5-a611-6e77cbc223d1,000000 - 00000011,none,2025-03-10,VDP-Revolut**6957*,none,-48.0,EUR,none,False
cc7cb016-b7ca-43e4-9259-5d0175eedac3,000000 - 00000011,none,2025-03-10,VDP-Revolut**8281*,none,-8.0,EUR,none,False
46941c09-280d-426b-a7b5-ca839385a61d,000000 - 00000011,none,2025-03-10,VDP-SPORTSDIRECT.C,none,-46.98,EUR,none,False
dff77204-5fe5-4e46-9b2a-78dcf9dc20db,000000 - 00000011,none,2025-03-10,VDC-DUNNES TRALEE,none,-41.54,EUR,none,False
d1c7cdbc-391d-47ec-81d0-f4f56c3134ba,000000 - 00000011,none,2025-03-10,VDC-LAKESIDE CAFE,none,-7.0,EUR,none,False
d2605242-1f26-4f81-bcc0-ccd5af4b5011,000000 - 00000111,none,2025-03-10,VDC-DUNNES TRALEE,none,-40.0,EUR,none,False
c8fd75b2-306b-4659-95bc-0529c0879a00,000000 - 00000011,none,2025-03-10,VDC-SQ *MADDENS,none,-8.5,EUR,none,False
d76439f9-c2de-4067-a8e9-36164d512ed1,000000 - 00000011,none,2025-03-10,VDC-PENNEYS TRALEE,none,-2.0,EUR,none,False
ab6c6af8-720c-4cba-96d3-2243890032b8,000000 - 00000011,none,2025-03-10,VDC-THE ASHE HOTEL,none,-67.0,EUR,none,False
321dadb2-a5b8-4db7-ad8a-05ad2b90898d,000000 - 00000111,none,2025-03-11,VDC-BOOTS RETAIL17,none,-14.98,EUR,none,False
5d25961b-586a-401e-b143-cc30583ee251,000000 - 00000111,none,2025-03-11,VDC-IT TRALEE NORT,none,-3.2,EUR,none,False
d41fc433-9fb5-4c47-a121-9e9435dcd752,000000 - 00000111,none,2025-03-11,VDP-LEAP CARD APP,none,-10.0,EUR,none,False
81e952b4-bc8f-4553-822a-0c02c5e2d59c,000000 - 00000111,none,2025-03-12,VDC-C.H.CHEMISTS,none,-62.4,EUR,none,False
8bb1c94a-ff0b-49a6-8d63-bdd42a49b1c8,000000 - 00000111,none,2025-03-12,VDC-SQ *MADDENS,none,-4.0,EUR,none,False
80a60568-b4b5-418e-ae96-7341e56cb80f,000000 - 00000111,none,2025-03-12,VDC-VAPECENTRIC,none,-15.0,EUR,none,False
ec7be8b8-1c3e-493f-aac6-c3b7266d041f,000000 - 00000011,none,2025-03-12,VDC-LIDL IRELAND L,none,-21.22,EUR,none,False
e22600e7-f150-4524-913b-066fdd6b178b,000000 - 00000011,none,2025-03-12,VDC-KATERYNA FRIEND,none,-90.0,EUR,none,False
5472e694-7096-43c1-a4ea-a5036393019e,000000 - 00000011,none,2025-03-12,VDC-DUNNES TRALEE,none,-11.5,EUR,none,False
e101a644-0011-4b91-a89b-35c0b3a3b607,000000 - 00000011,none,2025-03-12,ZA REZINY,none,6.0,EUR,none,False
e3830e1e-d04c-4f58-a324-b5db14cfc711,000000 - 00000111,none,2025-03-13,VDC-IT TRALEE NORT,none,-3.2,EUR,none,False
cb184bff-7112-49cb-92e0-fb55dc8248b6,000000 - 00000111,none,2025-03-13,VDC-LIDL IRELAND L,none,-4.06,EUR,none,False
817fdf9f-3ab8-469e-8d7b-459ad7874d35,000000 - 00000111,none,2025-03-14,*MOBI BILET,none,-60.0,EUR,none,False
9a3d9252-a3eb-4039-9b1e-6affc6a8c426,000000 - 00000111,none,2025-03-14,VDP-EVER DISH,none,-17.0,EUR,none,False
0a2007a8-9188-428c-86ab-636e153820d3,000000 - 00000011,none,2025-03-14,BILET,none,60.0,EUR,none,False
875f3fb3-6c1d-4e7d-918f-3dad16c80aa9,000000 - 00000011,none,2025-03-14,VDC-Yusuf Spice,none,-7.0,EUR,none,False
e9df3f68-c477-437d-8139-2078b9e3c7d6,000000 - 00000111,none,2025-03-14,VDC-IT TRALEE NORT,none,-3.2,EUR,none,False
bff7ec57-5364-4edb-9beb-908aef518f99,000000 - 00000111,none,2025-03-14,VDC-PEPCO 1624,none,-2.15,EUR,none,False
b6156b6c-b2f2-4196-9b76-55bfffb38f23,000000 - 00000011,none,2025-03-18,VDP-EB *EVENTBRITE,none,-119.64,EUR,none,False
05e5b51b-f474-404a-80a0-b2bda7e7439d,000000 - 00000011,none,2025-03-18,VDP-RYANAIR     VT,none,-20.79,EUR,none,False
f07c36fa-1991-4d9a-82da-a4c26c6e4f55,000000 - 00000011,none,2025-03-18,VDC-DUNNES TRALEE,none,-41.62,EUR,none,False
3922d783-b170-415b-b148-d3692287a1d5,000000 - 00000111,none,2025-03-18,VDC-TESCO STORES 3,none,-3.59,EUR,none,False
0eb1ea12-07da-463a-9afc-2b6ec808fe26,000000 - 00000111,none,2025-03-18,ATM TRALEE   B,18MAR25 TIME 15:40,-800.0,EUR,none,False
8b1bbf4f-37ee-4a11-a288-06f659921fb7,000000 - 00000011,none,2025-03-18,VDC-PEPCO 1624,none,-3.5,EUR,none,False
4c1325fb-a626-42f1-95ad-1c88714e239a,000000 - 00000011,none,2025-03-18,VDC-PENNEYS TRALEE,none,-20.0,EUR,none,False
0d336e3b-bff1-428c-928d-f9b7f586ed8c,000000 - 00000011,none,2025-03-18,VDC-PENNEYS TRALEE,none,-17.0,EUR,none,False
d9ff0c95-a865-4de7-b1be-80641cc69e1d,000000 - 00000011,none,2025-03-18,VDC-PENNEYS TRALEE,none,-4.9,EUR,none,False
54be66ab-959c-4d22-99f3-c214b7a532a1,000000 - 00000011,none,2025-03-18,VDC-LIDL IRELAND L,none,-18.34,EUR,none,False
cd95d0f5-9e44-44c4-902a-ea2a0ffeb06d,000000 - 00000011,none,2025-03-18,VDC-LIDL IRELAND L,none,-2.49,EUR,none,False
d8d36ebd-d4e8-42e2-b19c-4a6db1e31a6e,000000 - 00000011,none,2025-03-18,VDC-IRISH RAIL TRA,none,-5.35,EUR,none,False
7a3ea3f5-4c70-454a-bdf4-561ab1cd4763,000000 - 00000011,none,2025-03-18,VDC-EASON,none,-2.99,EUR,none,False
b07901fe-a0fd-402e-9f8e-ecbab25d0b62,000000 - 00000111,none,2025-03-18,T00000044,SCHOLARSHIP,0.0,EUR,none,False
d1597573-a770-485a-b0f3-148490b3ef64,000000 - 00000111,none,2025-03-18,VDC-GARVEYS SUPERV,none,-7.0,EUR,none,False
c69f9ac5-035c-4b96-999f-46975f55d7a2,000000 - 00000111,none,2025-03-18,VDC-LIDL IRELAND L,none,-0.79,EUR,none,False
50515f4f-43e0-4607-b335-fc83f7d04d80,000000 - 00000011,none,2025-03-18,T00000033,SCHOLARSHIP,0.0,EUR,none,False
c289e40e-acdf-4525-bda4-2685d833f9a5,000000 - 00000111,none,2025-03-18,VDC-MCDONALDS TRAL,none,-3.0,EUR,none,False
cd16c123-538c-4ebc-ba60-1981ef4fc8e6,000000 - 00000111,none,2025-03-18,VDC-MCDONALDS TRAL,none,-9.6,EUR,none,False
285cc925-dbe5-42ca-a0a8-816a3951d0a5,000000 - 00000111,none,2025-03-18,VDC-PARKGATE COFFE,none,-8.4,EUR,none,False
f73a87f7-c6b3-461d-855f-5b3e630fc9b9,000000 - 00000111,none,2025-03-18,VDC-PEWEX,none,-4.98,EUR,none,False
e9f58c9f-3855-4779-af39-28295f1f1625,000000 - 00000011,none,2025-03-18,ANNA,none,50.0,EUR,none,False
e3800279-6844-4c56-9c9d-433b6114d576,000000 - 00000111,none,2025-03-18,VDC-Vape shop,none,-7.0,EUR,none,False
97c0b362-9b01-4d05-9c52-64024b15dd4a,000000 - 00000111,none,2025-03-18,VDC-MCCAFFREYS BAR,none,-34.0,EUR,none,False
651fb5e9-f328-40b6-9cab-ce02ef6cc196,000000 - 00000111,none,2025-03-19,VDP-VESTA  *EIR TO,none,-20.0,EUR,none,False
3402576b-cf58-46e1-9d4d-cb5ae5d6bdf7,000000 - 00000111,none,2025-03-19,VDP-VESTA  *EIR TO,none,-20.0,EUR,none,False
d2ea41f1-e229-4cca-b7a7-cd298c2a2c1c,000000 - 00000111,none,2025-03-19,VDC-LIDL IRELAND L,none,-13.7,EUR,none,False
34471f7d-105d-4674-bc10-703bb99567ac,000000 - 00000011,none,2025-03-19,AN,none,100.0,EUR,none,False
20c59249-6a25-48ca-9347-232e38653363,000000 - 00000111,none,2025-03-19,VDC-IT TRALEE NORT,none,-3.2,EUR,none,False
37965cd2-e11a-4157-81a4-7a68b004cb59,000000 - 00000111,none,2025-03-20,VDC-VAPECENTRIC,none,-8.0,EUR,none,False
8386ada7-7ca1-4363-a24a-560b623b7e1b,000000 - 00000111,none,2025-03-20,VDC-IT TRALEE NORT,none,-5.0,EUR,none,False
9f233873-e718-40ac-b59d-ecf5d511bd19,000000 - 00000011,none,2025-03-20,VDC-GARVEYS SUPERV,none,-2.25,EUR,none,False
6192e444-9a6b-4ebd-9cf4-a3b1b7367713,000000 - 00000011,none,2025-03-20,VDC-LIDL IRELAND L,none,-8.2,EUR,none,False
49262dce-1afa-4975-b6c8-fd2b0f526f28,000000 - 00000011,none,2025-03-21,*MOBI  TOP-UP,000000008,-20.0,EUR,none,False
6ac66641-ac5c-4e1d-bae5-f9d25f949858,000000 - 00000111,none,2025-03-21,VDC-IT TRALEE NORT,none,-1.7,EUR,none,False
71b3dd10-98be-4bb0-bfe4-b511c21a3296,000000 - 00000111,none,2025-03-21,VDC-IT TRALEE NORT,none,-3.2,EUR,none,False
30b5df36-6025-4001-9fdc-31bf11a2fd7c,000000 - 00000011,none,2025-03-24,VDC-BUBBLEJOY WROC,none,-6.6,EUR,none,False
b624cbe4-82dd-4ae6-9f04-cd2b2c2e61ac,000000 - 00000111,none,2025-03-24,VDC-DUNNES TRALEE,none,-15.58,EUR,none,False
3c804689-0e49-4526-9efa-a71719b7ebed,000000 - 00000111,none,2025-03-24,VDC-LIDL IRELAND L,none,-5.86,EUR,none,False
fb7e088c-f0f8-448f-8d6b-21ef593e939a,000000 - 00000111,none,2025-03-24,VDC-PARKGATE COFFE,none,-7.9,EUR,none,False
5af36c6e-8125-4203-b2ae-16417f4d9407,000000 - 00000111,none,2025-03-24,VDC-THE COIN OFF L,none,-8.0,EUR,none,False
f8e09153-e766-4a06-be41-f0c44f6b7622,000000 - 00000011,none,2025-03-24,VDC-WH Smith Shann,none,-12.02,EUR,none,False
70e157ae-bec0-4e29-b3bf-4eb197d32e1b,000000 - 00000011,none,2025-03-24,VDC-SHANNON AIRPOR,none,-69.8,EUR,none,False
f3d9b993-f786-4f15-9fbe-5f9da30b9432,000000 - 00000011,none,2025-03-24,VDC-SHANNON AIRPOR,none,-11.0,EUR,none,False
27cc5058-81de-4b1f-a7ae-4eb568b90d28,000000 - 00000011,none,2025-03-24,VDC-NATA DENT STOM,none,-396.22,EUR,none,False
16d07bb2-b0bc-4d62-85c7-1831ef310522,000000 - 00000011,none,2025-03-24,VDC-NATA DENT STOM,none,-153.37,EUR,none,False
a4d47fba-a5c3-4e5e-a4b0-7f55da81d09d,000000 - 00000011,none,2025-03-24,VDC-MCDONALDS 367,none,-8.75,EUR,none,False
7925b54e-95bf-43bc-9577-316675ce3cc6,000000 - 00000011,none,2025-03-24,VDC-MCDONALDS 141,none,-4.49,EUR,none,False
9610d2f5-71cb-4e7c-90fa-419a5238052d,000000 - 00000011,none,2025-03-24,VDC-APTEKA PULASKA,none,-18.82,EUR,none,False
988d0a92-63fe-4317-8871-97e6a3fd1fdd,000000 - 00000011,none,2025-03-24,VDC-JJ RUDDLES BAR,none,-6.9,EUR,none,False
507f53bc-58b6-48e6-a5f4-ca78740f5d93,000000 - 00000111,none,2025-03-24,VDP-MAKEUP,none,-60.54,EUR,none,False
a13b359e-b2cb-4ea3-aad3-2f11c584dc54,000000 - 00000011,none,2025-03-24,VDP-BOLT.EU/O/2503,51.99 PLN@,-12.92,EUR,none,False
f08a6667-9278-4d4e-8914-3b7e3ce94181,000000 - 00000011,none,2025-03-25,VDC-PORT LOTNICZY,none,-1.82,EUR,none,False
a7a0f766-92e2-4868-9267-a9128dedbc46,000000 - 00000011,none,2025-03-25,VDC-LIDL IRELAND L,none,-27.26,EUR,none,False
e1f2b191-f52c-4dd1-8c33-3daf7a438aa1,000000 - 00000011,none,2025-03-25,VDP-RYANAIR     AL,313.76 PLN@,-76.54,EUR,none,False
04daac93-4fa9-45ed-a615-1c2ba573bc0c,000000 - 00000011,none,2025-03-25,VDC-PHZ BALTONA B0,none,-13.14,EUR,none,False
fadf7bfc-eca9-4801-9038-7d9261f1e841,000000 - 00000111,none,2025-03-25,VDC-IT TRALEE NORT,none,-3.2,EUR,none,False
c9f07eae-6f28-4c1d-b520-45da4bf27bbc,000000 - 00000111,none,2025-03-25,VDC-LIDL IRELAND L,none,-13.14,EUR,none,False
6e253148-23a2-4d24-afb1-46817b0f3294,000000 - 00000011,none,2025-03-26,VDP-Spotify P353F3,none,-11.99,EUR,none,False
0d0399b1-8d1c-4662-b9aa-d4b81e463409,000000 - 00000111,none,2025-03-26,VDC-Vape shop,none,-7.0,EUR,none,False
24f17892-4556-40ab-9a35-ae0fd61cf3e7,000000 - 00000111,none,2025-03-26,VDC-IT TRALEE NORT,none,-3.2,EUR,none,False
2c64d93f-0235-4e77-81d7-191374fe4c02,000000 - 00000011,none,2025-03-26,VDC-IT TRALEE NORT,none,-1.7,EUR,none,False
73e714a9-a4cf-43d7-941c-98c33c97207a,000000 - 00000011,none,2025-03-26,VDP-Charles and Ke,none,-69.7,EUR,none,False
bb217d63-5e72-4281-b3a3-e01494c5bb09,000000 - 00000011,none,2025-03-26,VDC-IT TRALEE NORT,none,-1.4,EUR,none,False
18876401-a6cc-4172-a2a9-1ae03df53f6e,000000 - 00000011,none,2025-03-27,VDP-PAYPAL *kristi,none,-11.98,EUR,none,False
efe2c92a-8946-4573-8fea-30bf125e2708,000000 - 00000111,none,2025-03-27,VDC-E SMOKE STORE,none,-8.0,EUR,none,False
48c3a83d-9fa0-484d-b2c7-a8f15e256c28,000000 - 00000111,none,2025-03-27,VDC-TESCO STORES 3,none,-4.65,EUR,none,False
7af50cb0-d369-45be-81c4-3ac9a75eb960,000000 - 00000111,none,2025-03-27,VDC-PENNEYS TRALEE,none,-5.0,EUR,none,False
0b6a1e48-3ce8-4956-9f01-480b09aa7502,000000 - 00000111,none,2025-03-27,VDC-IT TRALEE NORT,none,-5.0,EUR,none,False
eca09004-0578-495a-8f36-62c6b3f7395c,000000 - 00000111,none,2025-03-27,VDP-LEAP CARD APP,none,-5.0,EUR,none,False
bf1d6073-a7a1-471d-af9a-1cc9142ed19c,000000 - 00000111,none,2025-03-27,VDC-SUPERVALU GARV,none,-6.75,EUR,none,False
591bcb36-de2d-4e02-8154-f6265f1da2c8,000000 - 00000111,none,2025-03-28,VDC-JOHN BENNYS PU,none,-13.4,EUR,none,False
a47ba47e-8e67-474f-8819-0ceda05ab493,000000 - 00000111,none,2025-03-28,VDC-IT TRALEE NORT,none,-3.6,EUR,none,False
85ed66a3-b81b-4ca0-a904-d93e03f65688,000000 - 00000111,none,2025-03-28,FEE-QTR TO 28FEB25,000000 - 00000122,-14.0,EUR,none,False
8f3633e7-6ed7-43c5-b95f-8452bf8d7bb7,000000 - 00000011,none,2025-03-28,FEES REFUNDED,Account Number: 000000 - 00000022,17.2,EUR,none,False
1c50826d-62de-4a4c-9140-04bb79299766,000000 - 00000011,none,2025-03-28,VDC-SQ *MADDENS,none,-3.8,EUR,none,False
d6695683-3a21-4d63-be6b-0711852027c1,000000 - 00000011,none,2025-03-28,VDC-IT TRALEE NORT,none,-3.5,EUR,none,False
3629d121-c6a6-4087-82b6-c3632b2eb12f,000000 - 00000011,none,2025-03-28,FEE-QTR TO 28FEB25,Account Number: 000000 - 00000022,-17.2,EUR,none,False
5af646b8-ec21-4e4c-936e-1bfd7e53856a,000000 - 00000011,none,2025-03-28,VDP-LEAP CARD APP,none,-10.0,EUR,none,False
1dd00c06-585e-4c2a-b217-9bedfb5b8825,000000 - 00000011,none,2025-03-28,VDC-SQ *MADDENS,none,-4.7,EUR,none,False
dfb9f0e7-d5ac-4011-a6d0-a9e5fcabd9e5,000000 - 00000111,none,2025-03-31,VDP-ELECTRIC IRELA,none,-128.41,EUR,none,False
33734c0f-c455-42fc-9808-2b0fee7bdb7c,000000 - 00000111,none,2025-03-31,VDP-LEAP CARD APP,none,-5.0,EUR,none,False
0d84cdde-abae-4e22-9dc7-efa36b0b1c90,000000 - 00000111,none,2025-03-31,VDP-RYANAIR     F2,none,-19.99,EUR,none,False
980ef347-c32b-4252-bc7d-38fe1ca5397a,000000 - 00000111,none,2025-03-31,VDC-MERCURY FOOD D,none,-7.99,EUR,none,False
5b6f4493-4b4f-4f18-8ddf-c889ef60b092,000000 - 00000111,none,2025-03-31,VDC-IT TRALEE NORT,none,-7.1,EUR,none,False
32404aec-c794-424e-8952-75d8b57728fc,000000 - 00000111,none,2025-03-31,VDC-LIDL IRELAND L,none,-10.79,EUR,none,False
c583089b-62f6-48fd-92a1-dfd57c015707,000000 - 00000111,none,2025-03-31,VDC-MR PRICE,none,-10.97,EUR,none,False
af1a6186-1961-4894-8fa3-6e0f58c19e9e,000000 - 00000111,none,2025-03-31,VDC-THE RANGE,none,-2.1,EUR,none,False
40918e23-66e8-42e3-a1f0-137e84a3723c,000000 - 00000111,none,2025-03-31,VDC-Eleanors Flori,none,-8.0,EUR,none,False
720b8c8a-a301-4e4c-b559-4a607116d781,000000 - 00000011,none,2025-03-31,VDC-BOOTS RETAIL17,none,-6.49,EUR,none,False
592f2fbc-3c44-447d-8cb1-dde2d0aee9fa,000000 - 00000011,none,2025-03-31,VDP-Just Eat Irela,none,-29.63,EUR,none,False
4fb30c98-69cb-4559-976e-70f4314fdf19,000000 - 00000011,none,2025-03-31,VDP-COMPLETESAVE.I,none,-18.0,EUR,none,False
bc56d7c5-b7e0-4ad2-b3c1-b183018c72e3,000000 - 00000111,none,2025-03-31,VDC-TESCO STORES 3,none,-11.26,EUR,none,False
01cb0301-72b3-43b1-841e-b72df39671ea,000000 - 00000011,none,2025-03-31,VDC-TESCO STORES 3,none,-10.0,EUR,none,False
f884d995-2755-43ae-abfe-2282f03c5ec2,000000 - 00000111,none,2025-04-01,VDC-LIDL IRELAND L,none,-7.72,EUR,none,False
cb86ff6d-2de2-47d1-b4fa-b148a3bf177c,000000 - 00000111,none,2025-04-01,VDC-IT TRALEE NORT,none,-4.6,EUR,none,False
11ff1686-0b1a-4993-98a9-8ae9b106cc05,000000 - 00000111,none,2025-04-01,VDP-YOUNG ADULT ST,none,-10.0,EUR,none,False
206c2010-7428-455f-a90f-6468ed6caf81,000000 - 00000111,none,2025-04-01,VDP-YOUNG ADULT ST,none,10.0,EUR,none,False
48564dff-9549-4927-9472-0abb9da36c41,000000 - 00000111,none,2025-04-01,VDP-YOUNG ADULT ST,none,-10.0,EUR,none,False
d09c2a5b-a617-4b0e-88d8-87a3e52e8ff8,000000 - 00000011,none,2025-04-01,VDC-LIDL IRELAND L,none,-1.52,EUR,none,False
7f99b416-e75c-4762-83c9-dc701f17a10a,000000 - 00000111,none,2025-04-02,VDC-IT TRALEE NORT,none,-1.8,EUR,none,False
fa8b5a9d-95e2-41d5-a1ad-2e560c6c6487,000000 - 00000111,none,2025-04-02,VDC-LIDL IRELAND L,none,-1.99,EUR,none,False
52bfa22b-f1b7-4c74-99ae-88cde10d2614,000000 - 00000111,none,2025-04-02,VDC-MEADOWLANDS HO,none,-9.2,EUR,none,False
e141b4e0-a428-4b1c-8927-11fcf9e38faa,000000 - 00000111,none,2025-04-02,VDC-TESCO STORES 3,none,-3.75,EUR,none,False
a5f5b542-413b-43e3-8e4a-c632d5ed289f,000000 - 00000111,none,2025-04-03,VDC-VAPECENTRIC,none,-15.0,EUR,none,False
31c15ba0-2525-4c1e-9467-281a2bd06687,000000 - 00000111,none,2025-04-03,VDC-PEPCO 1624,none,-2.25,EUR,none,False
6598ca49-9ce1-4b2f-a604-1428009b3482,000000 - 00000111,none,2025-04-04,VDC-IT TRALEE NORT,none,-1.8,EUR,none,False
a6000ead-358c-49c5-9f46-3b3fa58d9249,000000 - 00000111,none,2025-04-04,VDP-LEAP CARD APP,none,-25.0,EUR,none,False
a0a82a50-4b15-4f4d-81d5-5f8807386c18,000000 - 00000111,none,2025-04-04,VDP-LEAP CARD APP,none,-5.0,EUR,none,False
520b81f8-f03b-4e17-86a8-645d773dabe9,000000 - 00000111,none,2025-04-04,FAMILY,none,400.0,EUR,none,False
ee093881-769d-4eea-a08c-5a885906eeaa,000000 - 00000111,none,2025-04-04,VDC-IT TRALEE NORT,none,-3.2,EUR,none,False
bd084d3e-510e-406d-b546-9c7eddd2098a,000000 - 00000011,none,2025-04-04,VDC-LIDL IRELAND L,none,-15.74,EUR,none,False
6d0e6589-64f0-4371-9504-63d88c6e2177,000000 - 00000111,none,2025-04-04,VDC-EUROGIANT TRAL,none,-1.5,EUR,none,False
e771ff71-080f-42aa-95e0-25f9388de367,000000 - 00000111,none,2025-04-07,VDP-APPLE.COM/BILL,none,-2.99,EUR,none,False
4f49c57b-6567-41c5-8311-79a1fbee4a2c,000000 - 00000111,none,2025-04-07,VDC-DEALZ - 1605,none,-1.5,EUR,none,False
2cf3f3df-a2b6-48ac-8c73-3367f8d85394,000000 - 00000111,none,2025-04-07,VDC-FOUR STAR PIZZ,none,-15.99,EUR,none,False
e030bae3-3ba7-4bc3-9284-aea1d7dbe119,000000 - 00000011,none,2025-04-07,VDP-APPLE.COM/BILL,none,-5.08,EUR,none,False
ca6fc336-1caf-4faf-8290-713352f6bdcc,000000 - 00000111,none,2025-04-07,VDC-J.M. REIDY,none,-37.0,EUR,none,False
489ae500-1c73-4fd1-be35-d414ffafdf29,000000 - 00000111,none,2025-04-07,VDC-KILLARNEY GRAN,none,-10.0,EUR,none,False
b2eec8b5-b6c0-4e32-bfce-0212b40d4dfc,000000 - 00000111,none,2025-04-07,VDC-KILLARNEY GRAN,none,-15.1,EUR,none,False
4668d94b-9f6d-4033-93c8-d1e3138fe4cd,000000 - 00000111,none,2025-04-07,VDC-MCDONALDS TRAL,none,-11.7,EUR,none,False
25b275f0-7dee-461a-b76f-dda9770fd99c,000000 - 00000111,none,2025-04-07,VDC-PEWEX,none,-3.47,EUR,none,False
ecab76fe-6c94-40d7-bf36-ebb7f025599a,000000 - 00000111,none,2025-04-07,VDC-Rituals Killar,none,-53.7,EUR,none,False
8dd32b60-c56c-48f9-818f-f294cfa065dc,000000 - 00000111,none,2025-04-07,VDC-SUMUP  *321 CH,none,-2.99,EUR,none,False
642868c0-666d-4db1-8a25-090024860fe6,000000 - 00000111,none,2025-04-07,VDC-THE COIN OFF L,none,-8.0,EUR,none,False
0cc3c0a5-86ac-465b-8710-4d477d9ca429,000000 - 00000111,none,2025-04-07,VDC-IRISH RAIL TRA,none,-4.3,EUR,none,False
994e9c57-705c-463e-86f0-6edd26dcd53a,000000 - 00000111,none,2025-04-07,VDC-IRISH RAIL KIL,none,-4.3,EUR,none,False
aa920d64-aade-441f-97b2-cf05f5a4559f,000000 - 00000111,none,2025-04-07,VDP-RANDLE HOTEL,none,-260.0,EUR,none,False
bc80c30c-3a15-4cc1-a4e4-380d844ec726,000000 - 00000011,none,2025-04-07,VDC-NANAS TEA,none,-6.1,EUR,none,False
8e49d3e1-3916-4a69-b2c4-8def56ab053f,000000 - 00000011,none,2025-04-07,VDC-DEALZ - 1605,none,-3.0,EUR,none,False
d573643e-46d3-4c3c-be29-342b0dcbb78f,000000 - 00000011,none,2025-04-07,VDC-PEWEX,none,-11.95,EUR,none,False
83e8e174-44be-4dba-973c-5d6e3edd9a75,000000 - 00000011,none,2025-04-07,VDC-IRISH RAIL TRA,none,-4.3,EUR,none,False
5c43e674-9de0-4031-b271-9d9956c58e83,000000 - 00000011,none,2025-04-07,VDC-KILLARNEY GRAN,none,-10.0,EUR,none,False
50325f35-f1b7-4112-82fe-07eb3d34ddb5,000000 - 00000011,none,2025-04-07,VDC-LIDL IRELAND L,none,-9.58,EUR,none,False
80c78cd2-9525-4bcc-8675-d3b6af0227e7,000000 - 00000011,none,2025-04-07,VDC-LIDL IRELAND L,none,-11.95,EUR,none,False
f1710549-0f6d-4a25-9c41-d0e84d89549a,000000 - 00000011,none,2025-04-07,VDC-IRISH RAIL KIL,none,-4.3,EUR,none,False
3ab0265b-3350-4a2d-a03f-4a0c7951fe3a,000000 - 00000011,none,2025-04-07,VDC-NANAS TEA,none,-14.5,EUR,none,False
c8ea2e00-ee8e-41e1-84f1-0d02ea007213,000000 - 00000011,none,2025-04-07,VDC-SQ *MADDENS,none,-4.7,EUR,none,False
822351b4-6552-4f91-b485-ad80fd442a08,000000 - 00000011,none,2025-04-07,VDC-T K MAXX,none,-20.98,EUR,none,False
d3f81186-a3d0-43bb-a84f-203e696798e1,000000 - 00000111,none,2025-04-08,VDC-IT TRALEE NORT,none,-4.35,EUR,none,False
9a9cc5d0-262e-4724-ad9d-26c07f7df9b3,000000 - 00000111,none,2025-04-08,VDP-TCARD,none,-5.0,EUR,none,False
f157a987-fa2b-4e57-877b-d3742692747d,000000 - 00000111,none,2025-04-08,VDC-LIDL IRELAND L,none,-8.57,EUR,none,False
8567ba22-d7d1-41b4-bc01-eaaa7886e343,000000 - 00000011,none,2025-04-09,VDC-C.H.CHEMISTS,none,-5.95,EUR,none,False
3f020008-c8ca-4db1-ad0b-5b56a2aa5923,000000 - 00000011,none,2025-04-09,VDC-LIDL IRELAND L,none,-13.45,EUR,none,False
c6ca0d82-82c7-41b6-a30f-f158410f486a,000000 - 00000011,none,2025-04-09,VDP-EXPOSE BEAUTY,none,-38.0,EUR,none,False
3a398179-4900-49f8-9216-c2be78d4ad2e,000000 - 00000011,none,2025-04-10,VDC-MCDONALDS TRAL,none,-16.3,EUR,none,False
117248a8-31de-4399-a04f-bf1a5d53d3ef,000000 - 00000111,none,2025-04-10,VDC-GARVEYS SUPERV,none,-0.95,EUR,none,False
a7ec4cde-512e-4c3a-a84d-5ed2fcf1d55c,000000 - 00000111,none,2025-04-10,VDC-IT TRALEE NORT,none,-5.0,EUR,none,False
b5048c97-02a9-4011-b279-bae34112834d,000000 - 00000111,none,2025-04-10,VDC-LIDL IRELAND L,none,-1.59,EUR,none,False
f701ea3b-6b1b-40db-98b6-071f38e5e95c,000000 - 00000011,none,2025-04-10,VDC-IT TRALEE NORT,none,-3.65,EUR,none,False
ec8b296f-c792-4797-b664-ade64eb1cd00,000000 - 00000111,none,2025-04-11,VDC-Another Mug,none,-5.0,EUR,none,False
1bf4a90e-18aa-4005-b12e-0231c1736bee,000000 - 00000111,none,2025-04-11,VDC-ALDI 105 873,none,-9.78,EUR,none,False
729be3a7-2181-4dd6-acc4-8ff59e05af8e,000000 - 00000111,none,2025-04-11,VDC-BOOTS RETAIL17,none,-7.48,EUR,none,False
ec11cbb7-b14d-4cfd-aa1f-70ef65628e73,000000 - 00000111,none,2025-04-11,VDC-TESCO STORES 3,none,-3.08,EUR,none,False
6fc0349d-0bcd-4c1a-bec2-802e1b61c109,000000 - 00000011,none,2025-04-11,VDC-GARVEYS SUPERV,none,-7.72,EUR,none,False
62e2182d-16fd-49a9-a67f-cf0ca5449d4f,000000 - 00000111,none,2025-04-11,VDC-IT TRALEE NORT,none,-1.4,EUR,none,False
d86c2483-3522-41cc-bfbd-c47839e46802,000000 - 00000111,none,2025-04-14,VDC-LIDL IRELAND L,none,-11.04,EUR,none,False
a856f043-e6ea-4459-9a1c-af1bf5a41eee,000000 - 00000111,none,2025-04-14,VDC-LIDL IRELAND L,none,-4.87,EUR,none,False
f05cb340-d23a-49f1-bda8-3e8d6a2fee2c,000000 - 00000011,none,2025-04-14,VDC-LIDL IRELAND L,none,-20.7,EUR,none,False
f7e9305c-6148-459d-9bab-4851e7119186,000000 - 00000011,none,2025-04-14,VDC-LIDL IRELAND L,none,-17.4,EUR,none,False
dbf9fdb0-63de-4443-baa9-f4ba7a63079a,000000 - 00000011,none,2025-04-14,VDP-PAYPAL *operat,none,-211.6,EUR,none,False
a2f7a64f-f74d-4b54-95dd-0f2c132e1757,000000 - 00000011,none,2025-04-14,A,none,300.0,EUR,none,False
c25cf4b4-acba-4318-b696-1d5899f1f396,000000 - 00000111,none,2025-04-14,VDC-PARKGATE COFFE,none,-4.9,EUR,none,False
56d9c3fb-246f-48b7-9ae6-567b97c1cdb8,000000 - 00000111,none,2025-04-14,VDC-VAPECENTRIC,none,-8.0,EUR,none,False
b80df294-6b39-48f2-8d04-7101626d9d4f,000000 - 00000111,none,2025-04-15,VDP-VESTA  *EIR TO,none,-20.0,EUR,none,False
e0c44eb8-12b7-4973-99fa-e7b038a7be6c,000000 - 00000111,none,2025-04-15,VDC-TESCO STORES 3,none,-0.75,EUR,none,False
9758d32a-f218-4008-bebe-43b29baf3b7d,000000 - 00000111,none,2025-04-15,VDC-ALDI 105 873,none,-3.75,EUR,none,False
91a37c54-a2bd-4006-98e2-15e17e913734,000000 - 00000111,none,2025-04-16,VDC-LIDL IRELAND L,none,-5.5,EUR,none,False
4d3506bf-8a93-4d24-b450-fc10b65701fb,000000 - 00000011,none,2025-04-16,ATM TRALEE   B,16APR25 TIME 09:27,-200.0,EUR,none,False
6704369a-4ed4-4d32-b743-d14003aed9ca,000000 - 00000111,none,2025-04-17,VDP-IRISH RAIL 720,none,-31.98,EUR,none,False
8392fe81-1889-492e-9cfb-e6290e5da87a,000000 - 00000111,none,2025-04-17,VDC-MERCURY FOOD D,none,-6.54,EUR,none,False
a33e2fb9-7708-40cd-af3f-701d26d68b98,000000 - 00000111,none,2025-04-17,VDC-PEPCO 1624,none,-2.75,EUR,none,False
6c7eaa29-5c2e-4a30-922e-5e0503fe5a10,000000 - 00000011,none,2025-04-17,VDP-RYANAIR     L2,none,-333.1,EUR,none,False
541c9b3e-91ae-4c4e-8945-98b97f0034d7,000000 - 00000011,none,2025-04-17,VDC-COSTA,none,-12.8,EUR,none,False
cd6b23a9-057d-4e24-a6e0-e15cc9505d11,000000 - 00000011,none,2025-04-17,VDC-MERCURY FOOD D,none,-13.39,EUR,none,False
a0457d19-5e0e-4081-a174-3c470b87550b,000000 - 00000011,none,2025-04-17,VDC-PEPCO 1624,none,-3.5,EUR,none,False
b6f4dcae-901a-4f8f-8c9e-575e89101ea3,000000 - 00000011,none,2025-04-17,VDP-agoda.com,none,-72.44,EUR,none,False
f38c9c47-8884-4c78-8147-faa50b2d0ce5,000000 - 00000111,none,2025-04-22,VDC-VAPECENTRIC,none,-15.0,EUR,none,False
15552c00-9c46-46d2-a45b-cedfcdba01a9,000000 - 00000111,none,2025-04-22,VDC-SQ *BRIO BRUNC,none,-5.0,EUR,none,False
cc4ab4ce-7cf6-48b8-89ea-e8fe90f5b495,000000 - 00000111,none,2025-04-22,VDC-LIDL 0958 TRAL,none,-6.11,EUR,none,False
017ca111-e762-4fae-a75b-a85db28ad43f,000000 - 00000111,none,2025-04-22,VDC-LIDL IRELAND L,none,-7.74,EUR,none,False
45df4170-fadf-4027-a164-214a111eb7dd,000000 - 00000111,none,2025-04-22,*ATMLDG TRALEE   B,CASH,200.0,EUR,none,False
7cf14185-5407-4313-b54a-c4220b272ba8,000000 - 00000011,none,2025-04-22,VDP-RYANAIR     RS,none,-145.58,EUR,none,False
c9eed2c3-9258-4431-bc8d-57a36d988127,000000 - 00000011,none,2025-04-22,VDC-SQ *MADDENS,none,-5.2,EUR,none,False
65f27874-720a-41b1-a8b4-d33b173e5701,000000 - 00000011,none,2025-04-22,VDC-PENNEYS TRALEE,none,-2.45,EUR,none,False
4ae7fcef-183d-4a62-892c-f34bb907beaa,000000 - 00000011,none,2025-04-22,*MOBI  TOP-UP,000000008,-20.0,EUR,none,False
2f91b78d-053b-494d-8c33-c4140fedb418,000000 - 00000011,none,2025-04-23,VDC-TEAS TIME,none,-10.6,EUR,none,False
75436b9b-dee9-4a7e-a22f-8e0bada5e707,000000 - 00000011,none,2025-04-23,VDC-LIDL IRELAND L,none,-3.19,EUR,none,False
0d8db0c0-7a5a-4b0a-bcad-f46f391008fe,000000 - 00000111,none,2025-04-23,VDC-VIP ELECTRONIC,none,-8.0,EUR,none,False
37e8b18c-a776-4500-954f-c6caeb4f93b7,000000 - 00000111,none,2025-04-23,VDC-MURRAYS BAR AN,none,-39.3,EUR,none,False
17d65d70-17ac-4f9d-9218-4f28e676d041,000000 - 00000111,none,2025-04-23,VDC-MARKS & SPENCE,none,-17.0,EUR,none,False
e71d7910-0844-499a-a593-aa023e0b6424,000000 - 00000111,none,2025-04-23,VDC-LIDL IRELAND L,none,-5.29,EUR,none,False
f2d1a72f-26e5-476e-8f37-4e22be3c7478,000000 - 00000111,none,2025-04-23,VDC-BELVEDERE COLL,none,-9.65,EUR,none,False
1d479649-6de3-44d6-937b-55291f43ba47,000000 - 00000111,none,2025-04-23,VDC-POCHA KOREAN S,none,-12.0,EUR,none,False
1af3eb33-e82c-494c-b1a7-5aac39df844a,000000 - 00000011,none,2025-04-23,VDP-TAKARARAMENDEL,none,-16.15,EUR,none,False
362c90d9-1a33-489b-b46a-94b5b8e27237,000000 - 00000111,none,2025-04-23,VDP-RYANAIR     W1,177.28 PLN@,-42.19,EUR,none,False
e3543a72-94a4-4d8c-be7a-bd24decd6de0,000000 - 00000111,none,2025-04-24,VDC-SHAKING LAB,none,-5.95,EUR,none,False
ec1377be-6641-4a67-ad18-d42280aef7c7,000000 - 00000111,none,2025-04-24,VDC-MCDONALDS7001,none,-12.65,EUR,none,False
46a1abe7-e092-4146-8f25-dcd9b00ca964,000000 - 00000111,none,2025-04-24,VDC-LONDIS HEUSTON,none,-3.3,EUR,none,False
52205903-986b-4be3-a366-af7aa2862cf5,000000 - 00000111,none,2025-04-24,VDC-KIKO Milano,none,-13.14,EUR,none,False
2cdb9b5a-86a1-4f80-b679-5245da318c80,000000 - 00000111,none,2025-04-24,VDC-DEALZ - 1635,none,-2.0,EUR,none,False
17f3edfd-994d-480c-a422-93d50d232048,000000 - 00000111,none,2025-04-24,VDC-BOOTS RETAIL 1,none,-14.98,EUR,none,False
f4b68ec4-11fc-46d9-bde4-116feddff56d,000000 - 00000111,none,2025-04-24,VDP-IRISH RAIL 788,none,-25.99,EUR,none,False
a1c01ab8-388c-4744-92b6-1a9574bc895a,000000 - 00000111,none,2025-04-24,VDP-IRISH RAIL 707,none,-15.99,EUR,none,False
76aedbf2-1a33-4e2d-a1f6-a12e8e00df73,000000 - 00000011,none,2025-04-24,VDC-KIKO Milano,none,-8.49,EUR,none,False
7766a447-4975-47c7-a76b-bcfdcc08a8c3,000000 - 00000011,none,2025-04-24,VDC-LIDL IRELAND L,none,-6.96,EUR,none,False
98e90ed6-cce4-4aaa-b4f4-17486d1ed1a1,000000 - 00000011,none,2025-04-24,VDP-IRISH RAIL 795,none,-31.98,EUR,none,False
14faccea-fea7-4b9a-8ecc-bc9c1fe090f4,000000 - 00000111,none,2025-04-25,VDC-THE KIOSK RAIL,none,-6.8,EUR,none,False
107055a1-0a8c-4154-b18f-1de3efe88b6b,000000 - 00000111,none,2025-04-25,VDC-POCHA KOREAN S,none,-12.0,EUR,none,False
e7238582-2da3-48e6-8373-aa1dde7afda0,000000 - 00000111,none,2025-04-25,VDC-BOOTS RETAIL(I,none,-14.98,EUR,none,False
46cd1e2c-9c81-4164-87e5-97b151ef9f6a,000000 - 00000111,none,2025-04-25,VDC-FITZSIMONS,none,-19.0,EUR,none,False
c1d4bde8-116a-4075-bedc-1b39a0d3d043,000000 - 00000111,none,2025-04-25,VDP-IRISH RAIL 738,none,-15.99,EUR,none,False
9ce66c0b-5c43-4d73-b46e-4b9ba989ade2,000000 - 00000011,none,2025-04-25,VDC-LIDL IRELAND L,none,-5.83,EUR,none,False
05473303-3cbc-4b55-beb8-512cca77be3c,000000 - 00000011,none,2025-04-25,T00000033,SCHOLARSHIP,0.0,EUR,none,False
db4eb0d4-61bc-432d-8058-789bd9421cef,000000 - 00000111,none,2025-04-25,VDC-Brambles,none,-12.95,EUR,none,False
c61bb57b-000b-4ac4-92a2-8086d01c599f,000000 - 00000111,none,2025-04-25,T00000044,SCHOLARSHIP,0.0,EUR,none,False
11be4ef7-0961-453f-967e-5da09cd2fa3a,000000 - 00000111,none,2025-04-28,ZA PIVO,none,9.5,EUR,none,False
ce959616-83fe-4149-a815-65853282e800,000000 - 00000111,none,2025-04-28,VDP-IRISH RAIL 781,none,-18.4,EUR,none,False
a8589363-284a-49c2-9716-93aae028c318,000000 - 00000111,none,2025-04-28,VDP-UBER   * EATS,none,-16.24,EUR,none,False
faed12e8-878f-4379-9d07-3568d063561f,000000 - 00000111,none,2025-04-28,VDC-LIDL IRELAND L,none,-9.93,EUR,none,False
3f500f72-8a2b-41d6-8206-609c8abc3e67,000000 - 00000111,none,2025-04-28,VDC-LIDL IRELAND L,none,-24.72,EUR,none,False
7e7a636d-b974-4f50-9c78-73044e7d52c5,000000 - 00000111,none,2025-04-28,VDC-SUMUP  *VAPE S,none,-14.0,EUR,none,False
80cba59e-95be-4a8c-9252-9365f9641075,000000 - 00000011,none,2025-04-28,VDP-Spotify P362D3,none,-11.99,EUR,none,False
d887c5b6-8dc8-4642-b332-79e205c1101d,000000 - 00000011,none,2025-04-28,VDP-shein.com,none,-34.37,EUR,none,False
6becb3d1-781f-41f4-9b99-32ba5d8e0fa8,000000 - 00000011,none,2025-04-28,VDC-DUNNES TRALEE,none,-4.98,EUR,none,False
fe835830-7077-4683-91ae-8d7cdffb052e,000000 - 00000011,none,2025-04-28,VDP-GAMEDEV.TV,none,-11.25,EUR,none,False
9b41d8e2-7b8d-4b77-8a74-21a50494ec08,000000 - 00000111,none,2025-04-29,VDC-LIDL IRELAND L,none,-7.96,EUR,none,False
6edafce8-4387-46b0-9a68-330a438ccf6e,000000 - 00000111,none,2025-04-29,VDC-IT TRALEE NORT,none,-4.2,EUR,none,False
62140c87-8073-43e0-8558-3e1136d3539a,000000 - 00000111,none,2025-04-29,VDC-IT TRALEE NORT,none,-3.2,EUR,none,False
bd22dad7-87b6-4129-b08a-8d1481917fa1,000000 - 00000111,none,2025-04-29,VDP-Vesta EIR TopU,none,-20.0,EUR,none,False
5245b906-27e6-4a17-9315-2547d7b74f97,000000 - 00000011,none,2025-04-30,VDC-LIDL IRELAND L,none,-14.46,EUR,none,False
848fcc22-0f08-4cbc-a619-ffdf17e9cb9b,000000 - 00000111,none,2025-04-30,VDC-IT TRALEE NORT,none,-5.6,EUR,none,False
54350149-9b27-4a04-a9de-6c63d0b818df,000000 - 00000111,none,2025-04-30,VDC-IT TRALEE NORT,none,-3.2,EUR,none,False
1a84a38d-19a8-4a9d-b4fc-81d3a4c4f5a2,000000 - 00000111,none,2025-05-01,VDC-VAPECENTRIC,none,-8.0,EUR,none,False
2c879b9b-1c0c-4803-9572-8482b1676eea,000000 - 00000111,none,2025-05-01,VDC-IT TRALEE NORT,none,-3.2,EUR,none,False
ec28d660-deeb-4a4b-a8fc-ddf22d8a0ac7,000000 - 00000111,none,2025-05-01,VDC-IT TRALEE NORT,none,-3.15,EUR,none,False
62ccf060-ffa0-4388-8f90-7b7e8de45b07,000000 - 00000111,none,2025-05-01,VDC-Another Mug,none,-5.0,EUR,none,False
810e94e9-d81f-4839-bb90-c6bdfa81970a,000000 - 00000011,none,2025-05-01,VDC-SQ *MADDENS,none,-3.5,EUR,none,False
6ef60585-911e-4c1d-9285-7546f9f98b96,000000 - 00000011,none,2025-05-01,VDC-SQ *MADDENS,none,-6.7,EUR,none,False
8597405a-d84d-46a2-9863-ddc872e9b9cb,000000 - 00000111,none,2025-05-01,VDC-SPAR CK TRALEE,none,-14.37,EUR,none,False
3975df6d-f3ed-4f37-8901-71a7da9ebf64,000000 - 00000011,none,2025-05-01,VDC-LIDL IRELAND L,none,-2.1,EUR,none,False
bbb7cbdd-e36f-43bc-bb6f-e63dcaad90f7,000000 - 00000011,none,2025-05-01,VDP-TAKE AWAY ORDE,none,-28.0,EUR,none,False
1e41be0a-7b8f-4f93-8d48-de1b8fac53ed,000000 - 00000011,none,2025-05-01,VDP-COMPLETESAVE.I,none,-18.0,EUR,none,False
f86771c0-b5a1-45de-8a01-cf6561f70ddb,000000 - 00000011,none,2025-05-01,VDP-ROI ECOMM,none,-33.0,EUR,none,False
d2db010a-a235-428f-98ef-a7f08870a9fc,000000 - 00000111,none,2025-05-02,VDC-SUMUP  *WICKED,none,-7.0,EUR,none,False
81c962f1-3647-4e41-8ba6-2ce3afb52c90,000000 - 00000011,none,2025-05-02,ATM TRALEE   B,02MAY25 TIME 16:11,-500.0,EUR,none,False
2c4efa58-601f-41ee-b68a-cd20856b1ead,000000 - 00000011,none,2025-05-02,VDC-SQ *MADDENS,none,-4.5,EUR,none,False
9aa82ba3-b11a-4dbf-9887-99e76d5de9b1,000000 - 00000011,none,2025-05-02,VDC-SQ *MADDENS,none,-5.2,EUR,none,False
ef93efab-315f-4c7d-b722-957b7ef159de,000000 - 00000111,none,2025-05-02,VDC-DUNNES HORAN C,none,-6.75,EUR,none,False
541f674d-9ba7-479c-803d-342b1e4d4240,000000 - 00000111,none,2025-05-02,VDC-MCCAFFREYS BAR,none,-17.0,EUR,none,False
8cde6563-6975-4939-80bd-0f60a4300c83,000000 - 00000111,none,2025-05-02,VDC-NYA*Poolside c,none,-3.0,EUR,none,False
71c5296e-0e8f-4782-9c98-bc115aadf06a,000000 - 00000111,none,2025-05-02,VDC-PIZZA TIME,none,-11.7,EUR,none,False
ef32a038-4801-461e-8bfd-b67bdbbabf85,000000 - 00000111,none,2025-05-02,VDC-SQ *RUSTICBOOW,none,-3.8,EUR,none,False
3cf4b2d4-4dfb-46b9-a194-d1c9ca62eba2,000000 - 00000111,none,2025-05-06,VDC-SUMUP  *WICKED,none,-7.0,EUR,none,False
53e3476c-a912-4ef8-ac97-fbe5233e5ea6,000000 - 00000111,none,2025-05-06,VDC-LIDL 0958 TRAL,none,-3.99,EUR,none,False
54662260-cf0f-4dcd-8823-c697aa340843,000000 - 00000111,none,2025-05-06,VDP-APPLE.COM/BILL,none,-2.99,EUR,none,False
4308706b-0b1c-4243-97fd-733e21d4367a,000000 - 00000111,none,2025-05-06,VDC-SQ *MADDENS,none,-8.8,EUR,none,False
88c5ea24-09d7-4d00-84a2-b17edd090678,000000 - 00000111,none,2025-05-06,VDC-DUNNES TRALEE,none,-3.0,EUR,none,False
43b7d7fc-2bb0-49af-9d8d-50c858211de1,000000 - 00000111,none,2025-05-06,VDC-DUNNES TRALEE,none,-5.09,EUR,none,False
c20f825b-5299-4db9-a464-37a9b0fe99aa,000000 - 00000111,none,2025-05-06,VDC-GARVEYS SUPERV,none,-6.25,EUR,none,False
1f447f06-83e0-4751-bbfb-d2a499fa1439,000000 - 00000111,none,2025-05-06,VDC-HENNESSY'S BAR,none,-6.3,EUR,none,False
a35de14a-4ffc-4ebc-98aa-c0af37385878,000000 - 00000111,none,2025-05-06,VDC-HENNESSY'S BAR,none,-6.5,EUR,none,False
2bf84c9a-5f56-47f2-a9f6-e666b5b1de92,000000 - 00000111,none,2025-05-06,VDC-LIDL IRELAND L,none,-8.71,EUR,none,False
3ab90408-bce0-4a9e-ba87-db1dc7fe5c72,000000 - 00000111,none,2025-05-06,VDC-LIDL IRELAND L,none,-9.19,EUR,none,False
0cee8143-5a51-4de5-b855-f200d4a81179,000000 - 00000111,none,2025-05-06,VDC-PENNEYS TRALEE,none,-5.0,EUR,none,False
fbbc3dbc-dab4-49a6-b837-b377f4648376,000000 - 00000111,none,2025-05-06,VDP-IRISH RAIL 723,none,-18.4,EUR,none,False
39c64ccd-f1f3-4841-8f2b-539de8385761,000000 - 00000111,none,2025-05-06,VDP-shein.com,none,-116.76,EUR,none,False
de31ae9c-ba87-4bd3-a83c-0211a8ff8fa2,000000 - 00000011,none,2025-05-06,VDC-PEPCO 1624,none,-6.75,EUR,none,False
1ff486d4-002f-4e29-86be-1a09a441e0bf,000000 - 00000011,none,2025-05-06,VDC-TESCO STORES 3,none,-2.5,EUR,none,False
ffbaff7d-333e-45ba-99e9-f64d85ddcb31,000000 - 00000011,none,2025-05-06,VDC-SQ *MADDENS,none,-10.0,EUR,none,False
93147ef3-8b9b-467f-b17a-d515ee133271,000000 - 00000011,none,2025-05-06,VDC-PEPCO 1624,none,-9.5,EUR,none,False
cc1181b9-7cb4-498c-8186-aaeebce5ce63,000000 - 00000011,none,2025-05-06,VDC-PEPCO 1624,none,-4.25,EUR,none,False
d596fc8a-0d89-4091-851a-92830ae222b4,000000 - 00000011,none,2025-05-06,VDC-PENNEYS TRALEE,none,-10.25,EUR,none,False
ab7395de-b58e-4450-9ca8-a7595af62b52,000000 - 00000011,none,2025-05-06,VDC-LIDL IRELAND L,none,-20.54,EUR,none,False
56d07609-12f4-4c4e-99a0-5c986faa7174,000000 - 00000011,none,2025-05-06,VDP-LEAP CARD APP,none,-10.0,EUR,none,False
7e2565af-b130-4763-beb1-55d4fec86a3a,000000 - 00000011,none,2025-05-06,VDC-AKIRA ASIA SUP,none,-6.0,EUR,none,False
a51bc358-25ef-4d1a-aa18-7149deeaaac0,000000 - 00000011,none,2025-05-06,VDC-BOOTS RETAIL17,none,-7.49,EUR,none,False
6618a360-6df8-4592-a55b-98829688ed71,000000 - 00000011,none,2025-05-06,VDC-KYOTO,none,-17.5,EUR,none,False
72480080-ba24-4156-b3f2-57116a66b94b,000000 - 00000011,none,2025-05-07,VDC-Parkgate Coffe,none,-4.5,EUR,none,False
9ae5e59c-ab77-4d79-beb7-1a1dde928d17,000000 - 00000011,none,2025-05-07,VDC-MORANS SPAR,none,-2.15,EUR,none,False
c4be69d9-bbd3-4e0e-84c1-871482dff125,000000 - 00000111,none,2025-05-07,VDP-FOTA WILDLIFE,none,-14.6,EUR,none,False
9c1786ab-e7c7-43a7-b465-317ee35ceff7,000000 - 00000011,none,2025-05-08,VDC-LIDL IRELAND L,none,-5.07,EUR,none,False
9b1c6319-e03c-4d88-92ed-280ed5f0dd19,000000 - 00000111,none,2025-05-08,VDP-LEAP CARD APP,none,-10.0,EUR,none,False
7df5c886-e688-4de0-9d6c-f4c412e5376d,000000 - 00000111,none,2025-05-08,ATM TRALEE   B,08MAY25 TIME 16:38,-300.0,EUR,none,False
04c78aa1-9795-4b19-a1b3-0b03f1b558ab,000000 - 00000011,none,2025-05-08,VDC-SUPERVALU GARV,none,-1.05,EUR,none,False
c2770896-c995-4c68-a1f9-949ef683b89c,000000 - 00000011,none,2025-05-08,VDC-MORANS SPAR,none,-3.0,EUR,none,False
588db045-d249-485e-9c2f-fe9dbc48735c,000000 - 00000011,none,2025-05-08,VDP-LEAP CARD APP,none,-30.0,EUR,none,False
7b877897-0873-42ff-8b0a-e735574dba2c,000000 - 00000111,none,2025-05-09,VDC-LIDL IRELAND L,none,-1.99,EUR,none,False
60f978bb-e433-424e-ab48-20d701a4e1cc,000000 - 00000011,none,2025-05-09,VDC-PEPCO 1624,none,-5.5,EUR,none,False
b523bd59-4b66-4f00-a4cc-9bba91f140e0,000000 - 00000011,none,2025-05-09,*MOBI SERHII TRELOR,none,-50.0,EUR,none,False
93b28378-b5a3-48cc-8124-7d3e4f4efa00,000000 - 00000011,none,2025-05-09,ATM CASTLE ST 1,09MAY25 TIME 10:54,-600.0,EUR,none,False
1d14ce56-c823-4080-99ec-bbce9acbe0bb,000000 - 00000111,none,2025-05-09,VDC-IT TRALEE NORT,none,-4.35,EUR,none,False
be365274-b888-4a3a-ba18-3c2d0e8f3e84,000000 - 00000111,none,2025-05-09,ATM CASTLE ST 2,09MAY25 TIME 15:23,-280.0,EUR,none,False
80b46d66-af37-40a1-a60c-0bc7949969f3,000000 - 00000111,none,2025-05-09,VDC-TESCO STORES 3,none,-29.09,EUR,none,False
2c8d781e-d328-4e56-a4a8-d7091fd61e0f,000000 - 00000111,none,2025-05-12,VDC-SUMUP  *VAPE S,none,-14.0,EUR,none,False
71efd235-4c00-4685-8cd1-7651ab57e832,000000 - 00000111,none,2025-05-12,VDC-Salty souls ca,none,-3.6,EUR,none,False
6fbd11a2-6f93-4aee-81df-8b9470a24741,000000 - 00000111,none,2025-05-12,VDC-PENNEYS TRALEE,none,-4.0,EUR,none,False
f5edd04a-effd-4de0-8f89-13a51529ca80,000000 - 00000111,none,2025-05-12,VDC-NORTH SOUTH,none,-5.1,EUR,none,False
6fa2a8bc-b431-42f8-8b24-824c776d67f4,000000 - 00000111,none,2025-05-12,VDC-LIDL IRELAND L,none,-19.86,EUR,none,False
f436a8d5-9b66-4ad1-84b0-c6b452268e72,000000 - 00000111,none,2025-05-12,VDC-LIDL IRELAND L,none,-6.52,EUR,none,False
4baf2341-10c5-405a-8917-0c71513d217b,000000 - 00000111,none,2025-05-12,VDC-LIDL IRELAND L,none,-1.99,EUR,none,False
c63af5a7-e150-4826-8ebc-15201008fefb,000000 - 00000111,none,2025-05-12,VDC-LIDL IRELAND L,none,-2.23,EUR,none,False
d39977b7-51e3-4464-817a-b10ccf4463d2,000000 - 00000011,none,2025-05-12,VDC-LIDL IRELAND L,none,-20.07,EUR,none,False
376142b2-98d4-437d-912d-5a05affe6a61,000000 - 00000011,none,2025-05-12,VDC-MORANS SPAR,none,-3.65,EUR,none,False
f550dc07-4b38-4308-9572-f2fefa6d2c42,000000 - 00000011,none,2025-05-12,VDC-NORTH SOUTH,none,-4.0,EUR,none,False
3f443a7b-123e-4656-b01c-daddbdb71bf7,000000 - 00000011,none,2025-05-12,VDC-NV Beauty Bar,none,-39.9,EUR,none,False
02b02136-2cb4-41d7-be28-d42460ef107f,000000 - 00000011,none,2025-05-13,VDC-KYOTO,none,-17.5,EUR,none,False
bec06b26-e7a1-4f01-b17a-fcd3fb0aa87c,000000 - 00000111,none,2025-05-13,VDC-SUMUP  *VAPE S,none,-18.8,EUR,none,False
a8cb4f9c-c54f-4149-a3a1-d54ad2f28faf,000000 - 00000111,none,2025-05-13,VDC-KYOTO,none,-20.1,EUR,none,False
a0408e17-4991-4736-917b-e4f09d23e714,000000 - 00000111,none,2025-05-13,VDP-VESTA  *EIR TO,none,-20.0,EUR,none,False
4a952bd1-6b77-4bff-9d74-dfcbf99ff410,000000 - 00000011,none,2025-05-13,VDC-LIDL IRELAND L,none,-13.37,EUR,none,False
e6669244-8e34-4410-accd-4a1c61fe6c0d,000000 - 00000011,none,2025-05-14,VDP-AIRBNB * HMSXJ,none,-60.4,EUR,none,False
a4d5c92c-e5db-4ab7-9240-622fd5381911,000000 - 00000111,none,2025-05-14,VDC-IT TRALEE NORT,none,-5.0,EUR,none,False
0d5735a4-a8db-40b7-a090-e1ffc6dfebba,000000 - 00000111,none,2025-05-14,VDC-IT TRALEE NORT,none,-3.2,EUR,none,False
4db4bc91-c859-4a49-9e5a-a4adf0878bee,000000 - 00000111,none,2025-05-14,VDC-IT TRALEE NORT,none,-2.55,EUR,none,False
658e3dbc-ef84-42f9-a50f-921fae401e2d,000000 - 00000111,none,2025-05-14,VDC-IT TRALEE NORT,none,-1.7,EUR,none,False
1055f4be-2fe6-43ad-96fd-1322d21bc2e9,000000 - 00000011,none,2025-05-15,VDC-MORANS SPAR,none,-3.3,EUR,none,False
b41813b6-4429-4e7f-9f0e-a0f5470c7b53,000000 - 00000011,none,2025-05-15,VDP-LEAP CARD APP,none,-30.0,EUR,none,False
d6f3a686-41e3-4018-9945-a9a35931cf91,000000 - 00000111,none,2025-05-15,VDC-IT TRALEE NORT,none,-4.2,EUR,none,False
7a01958a-cf2f-44ec-8e97-35c67f125e28,000000 - 00000111,none,2025-05-15,VDC-IT TRALEE NORT,none,-4.35,EUR,none,False
e357e45d-69b1-48b5-aba3-01a93b7fc4f3,000000 - 00000111,none,2025-05-15,VDC-IT TRALEE NORT,none,-3.2,EUR,none,False
804106a9-da1a-49c6-ac72-873a38789c66,000000 - 00000011,none,2025-05-16,*MOBI  TOP-UP,000000008,-20.0,EUR,none,False
0b345c03-ce6f-4bdd-8e61-efacdd35413c,000000 - 00000011,none,2025-05-16,VDP-PAYPAL *kristi,none,-141.99,EUR,none,False
17d4f365-4165-470c-ad86-ae758bfa4dcf,000000 - 00000111,none,2025-05-16,VDC-E SMOKE STORE,none,-8.0,EUR,none,False
ba4df650-7da3-43af-97ba-8ed9c181596c,000000 - 00000111,none,2025-05-16,VDC-IT TRALEE NORT,none,-4.7,EUR,none,False
5e56affe-d1c9-438f-91f2-57ecc96af119,000000 - 00000111,none,2025-05-16,VDC-LIDL IRELAND L,none,-3.0,EUR,none,False
5a83d5fe-07cf-4c96-b5ce-d93fe45379e6,000000 - 00000111,none,2025-05-16,VDC-SQ *MADDENS,none,-5.0,EUR,none,False
0f0dd4d1-c2f3-4a5c-8ef1-71a87017e095,000000 - 00000011,none,2025-05-16,VDC-PEPCO 1624,none,-6.0,EUR,none,False
2fc93144-426b-466c-a952-997e1c684edd,000000 - 00000111,none,2025-05-19,VDP-LEAP CARD APP,none,-15.0,EUR,none,False
f2c1e96a-1c8f-43be-a249-adfa017fffd4,000000 - 00000111,none,2025-05-19,VDC-IT TRALEE NORT,none,-2.85,EUR,none,False
1e1b39fa-c7d9-46bb-8d10-7247f9d56f73,000000 - 00000111,none,2025-05-19,VDC-IT TRALEE NORT,none,-3.2,EUR,none,False
53c1e31a-65b8-4e26-a1d8-9bdc2a42777c,000000 - 00000111,none,2025-05-19,VDC-LIDL IRELAND L,none,-3.75,EUR,none,False
61b0cd88-0ece-4f69-8648-c2b79a341fc8,000000 - 00000111,none,2025-05-19,VDC-Parkgate Coffe,none,-4.4,EUR,none,False
1f6f5bb7-0b82-4926-a0a9-f0fba214a663,000000 - 00000111,none,2025-05-19,VDC-SQ *MADDENS,none,-4.0,EUR,none,False
74a7c812-bc39-4a79-8ded-b25b3e8d3979,000000 - 00000111,none,2025-05-19,VDC-TESCO STORES 3,none,-3.04,EUR,none,False
3f286e55-59c2-4eaa-9f58-719be4cb8ce1,000000 - 00000011,none,2025-05-19,VDP-LEAP CARD APP,none,-10.0,EUR,none,False
8a086e38-da82-4d4f-ad32-613d1339065e,000000 - 00000011,none,2025-05-19,VDC-TESCO STORES 3,none,-3.5,EUR,none,False
07412c8e-c65f-41f2-a2fb-3eb513c4c079,000000 - 00000111,none,2025-05-19,*ATMLDG TRALEE   C,ST,100.0,EUR,none,False
57885cef-ffd6-4941-9aeb-4cce5c84c903,000000 - 00000111,none,2025-05-19,VDC-IT TRALEE NORT,none,-1.8,EUR,none,False
ba7699fe-86eb-49f4-ada7-bbebd59f63fd,000000 - 00000011,none,2025-05-20,VDC-AKIRA ASIA SUP,none,-6.0,EUR,none,False
3acc9d50-75aa-4f08-9600-4a177b932bfc,000000 - 00000111,none,2025-05-21,*ATMLDG TRALEE   C,Card ending: 3430,80.0,EUR,none,False
e16ad24d-8734-46cf-aefc-247be630d062,000000 - 00000011,none,2025-05-21,VDC-SQ *MADDENS,none,-5.2,EUR,none,False
76459a32-60b9-4474-b9ab-475ecf32ad3e,000000 - 00000011,none,2025-05-21,VDC-LIDL IRELAND L,none,-13.01,EUR,none,False
f79a63a5-4b1e-4001-8e57-29e412694539,000000 - 00000111,none,2025-05-22,VDC-PEPCO 1624,none,-0.75,EUR,none,False
af3eb967-42f6-402c-8cc0-dbe78e025aed,000000 - 00000111,none,2025-05-22,VDC-PENNEYS TRALEE,none,-3.15,EUR,none,False
26b49f30-7d4b-4c40-b127-b98bcf543a84,000000 - 00000111,none,2025-05-22,VDC-LIDL IRELAND L,none,-3.75,EUR,none,False
9c26933c-ef0c-42eb-85fe-383d5d20b2ec,000000 - 00000111,none,2025-05-22,VDC-IT TRALEE NORT,none,-3.2,EUR,none,False
3dc70789-1ccc-4265-b440-ca421e737f1f,000000 - 00000111,none,2025-05-22,VDC-BOOTS RETAIL17,none,-17.98,EUR,none,False
6c0d340f-55c0-42d0-b35d-7ec287bb5480,000000 - 00000011,none,2025-05-23,VDC-DUNNES TRALEE,none,-5.0,EUR,none,False
404b5e6c-3b2a-4114-abe7-4c5177ca7d89,000000 - 00000011,none,2025-05-23,VDC-IT TRALEE NORT,none,-1.8,EUR,none,False
a317169b-f6ee-497f-aad0-a57aa5ac0673,000000 - 00000011,none,2025-05-23,VDC-LIDL IRELAND L,none,-13.42,EUR,none,False
880c3324-e124-404a-93a1-1e91eee1b063,000000 - 00000011,none,2025-05-23,VDC-SQ *MADDENS,none,-8.7,EUR,none,False
6863a489-7712-4dc9-b73a-80440cefe227,000000 - 00000111,none,2025-05-23,VDC-THE DAILY GRIN,none,-7.65,EUR,none,False
f9279bb3-e035-4d90-9fa7-e68c89911811,000000 - 00000111,none,2025-05-23,VDC-VAPECENTRIC,none,-15.0,EUR,none,False
4b912934-cc9c-43a8-9d63-4bf8971e5ea2,000000 - 00000111,none,2025-05-23,VDC-SQ *MADDENS,none,-9.0,EUR,none,False
0510fb9b-0fea-4a20-8276-b14d6724357c,000000 - 00000111,none,2025-05-23,VDC-LIDL IRELAND L,none,-0.39,EUR,none,False
6f5538a9-b8fc-4516-9a08-c707629acc08,000000 - 00000111,none,2025-05-23,VDC-IT TRALEE NORT,none,-2.65,EUR,none,False
75afd1ba-e3ee-4685-920d-1a692dda4ecc,000000 - 00000111,none,2025-05-23,VDP-MAKEUP,none,-141.11,EUR,none,False
ada98078-e89b-4282-9335-697af1e47ce5,000000 - 00000111,none,2025-05-23,VDP-IRISH RAIL 717,none,-9.2,EUR,none,False
31dc02dc-583b-4076-be58-7f538846bb23,000000 - 00000111,none,2025-05-23,*ATMLDG TRALEE   C,Card ending: 3430,200.0,EUR,none,False
cd49978e-bee2-4abc-8f17-5642a6594720,000000 - 00000011,none,2025-05-26,VDC-C.H.CHEMISTS,none,-0.25,EUR,none,False
a00a9428-d3e9-4427-affd-468cb28860d3,000000 - 00000011,none,2025-05-26,VDC-LIDL IRELAND L,none,-22.93,EUR,none,False
01a0cbc8-2c17-4f0f-8dfb-4bd6e02b395b,000000 - 00000011,none,2025-05-26,VDC-MORANS SPAR,none,-2.35,EUR,none,False
232877e5-8956-4c84-bbc2-e7d9a9637a9a,000000 - 00000011,none,2025-05-26,VDC-PEPCO 1624,none,-3.8,EUR,none,False
b6d8ebf6-a05e-453c-9dba-9a58f3549c83,000000 - 00000011,none,2025-05-26,VDC-SQ *MADDENS,none,-4.7,EUR,none,False
3c9c07af-c7c0-479c-bcaa-cd70b0ab3962,000000 - 00000011,none,2025-05-26,VDP-Spotify P371A4,none,-11.99,EUR,none,False
976ab9ee-365a-4de3-ad7a-cb52062747ea,000000 - 00000011,none,2025-05-26,VDP-LEAP CARD APP,none,-10.0,EUR,none,False
1f3221bb-7527-410b-a100-2fe661fd593f,000000 - 00000011,none,2025-05-26,VDC-BOOTS RETAIL17,none,-4.49,EUR,none,False
a52253a4-bf4e-4636-9b83-6f2e8714ee36,000000 - 00000011,none,2025-05-26,VDP-LEAP CARD APP,none,-5.0,EUR,none,False
f549a8e7-6c7a-4850-87c1-57d3073eed78,000000 - 00000011,none,2025-05-26,*ATMLDG TRALEE   C,Card ending: 0011,50.0,EUR,none,False
72192c66-a1e8-4ee9-9f0c-97dfe0db0c37,000000 - 00000111,none,2025-05-26,*ATMLDG TRALEE   C,Card ending: 3430,250.0,EUR,none,False
2a65bba5-5858-4916-a3ab-aa36fa48f0b5,000000 - 00000111,none,2025-05-26,VDP-LEAP CARD APP,none,-10.0,EUR,none,False
83382957-ccfa-445d-9f11-a81275d00f82,000000 - 00000111,none,2025-05-26,VDP-LEAP CARD APP,none,-20.0,EUR,none,False
3128078b-3e56-4f79-a61f-449e66b5f633,000000 - 00000111,none,2025-05-26,VDC-C.H.CHEMISTS,none,-0.25,EUR,none,False
c29be117-d99b-4093-92c4-570bb648f41d,000000 - 00000111,none,2025-05-26,VDC-Parkgate Coffe,none,-4.4,EUR,none,False
b338a0e1-99b1-4927-b6ca-40166835be53,000000 - 00000111,none,2025-05-26,VDC-SQ *MADDENS,none,-8.3,EUR,none,False
a11850df-9e62-402e-a261-187d1923a891,000000 - 00000111,none,2025-05-26,VDC-Parkgate Coffe,none,-4.4,EUR,none,False
00301baf-8b53-430d-a1df-c666c73218f0,000000 - 00000111,none,2025-05-27,VDC-BIG BOSS FAISA,none,-15.0,EUR,none,False
7c1ce8ea-b5a6-448f-87e3-821b57ee77ef,000000 - 00000111,none,2025-05-27,VDC-BOOTS RETAIL(I,none,-13.99,EUR,none,False
04a90831-32fd-47eb-82a0-ee368b4043a9,000000 - 00000111,none,2025-05-27,VDC-Gerard Roe,none,-4.5,EUR,none,False
bf1a7313-465e-4386-8159-315253a42d86,000000 - 00000011,none,2025-05-27,ZA MALIBU,none,10.0,EUR,none,False
e1e2ff44-20aa-4f03-876d-a77f531fc73f,000000 - 00000111,none,2025-05-27,VDP-Vesta EIR TopU,none,-20.0,EUR,none,False
a0c6f921-d1ce-4164-8def-700731b47353,000000 - 00000011,none,2025-05-28,VDP-LEAP CARD APP,none,-5.0,EUR,none,False
a492a0d9-613c-4fc8-9e82-6e96fb38edc4,000000 - 00000111,none,2025-05-28,VDC-LIDL IRELAND L,none,-22.41,EUR,none,False
2b36738a-2c2a-4168-b81d-3d6973c9bee6,000000 - 00000011,none,2025-05-28,*ATMLDG TRALEE   C,Card ending: 0011,50.0,EUR,none,False
7dfd4777-bda7-48f2-b724-cbec1dc52a6b,000000 - 00000011,none,2025-05-28,VDC-MORANS SPAR,none,-0.95,EUR,none,False
37019d81-083e-4b2b-bb96-0902bf2dac83,000000 - 00000011,none,2025-05-28,VDC-SUPERVALU GARV,none,-8.15,EUR,none,False
e3ce5f2e-b80a-4e75-b4eb-31b3208d3f34,000000 - 00000011,none,2025-05-29,VDC-TESCO STORES 3,none,-6.2,EUR,none,False
bae1fba9-3128-47db-ad71-5c577a8afeaf,000000 - 00000011,none,2025-05-29,VDC-PEPCO 1624,none,-1.0,EUR,none,False
ee8a7bb4-e584-477d-8f40-08d5859a311e,000000 - 00000011,none,2025-05-29,VDC-AKIRA ASIA SUP,none,-31.4,EUR,none,False
d8d3ad75-4453-41e7-abeb-948a050357b4,000000 - 00000011,none,2025-05-29,T00000033,SCHOLARSHIP,0.0,EUR,none,False
71d109c1-b999-4eb5-865e-aa93f066526a,000000 - 00000111,none,2025-05-29,T00000044,SCHOLARSHIP,0.0,EUR,none,False
4082c528-984c-4f95-91a5-f3d9ad09b4eb,000000 - 00000111,none,2025-05-29,VDP-IRISH RAIL 756,none,-9.2,EUR,none,False
e5fbac78-35c6-4842-9bc6-9c157a956d1e,000000 - 00000111,none,2025-05-29,VDC-CIT CAMPUS CAT,none,-4.95,EUR,none,False
562f9f61-da3c-4a05-81cb-c52f717cb90e,000000 - 00000111,none,2025-05-29,VDC-T K MAXX,none,-12.99,EUR,none,False
0e777abb-9461-4700-8caa-ffab4e8e3374,000000 - 00000011,none,2025-05-29,VDC-AKIRA ASIA SUP,none,-5.5,EUR,none,False
3816f540-f347-4f06-99cb-5ac2caaf2d17,000000 - 00000011,none,2025-05-30,VDC-MCCAFFREYS BAR,none,-3.2,EUR,none,False
785a8c26-dba2-4315-92b2-fe059fde1916,000000 - 00000011,none,2025-05-30,BIN BAN TEO W22,Account Number: 000000 - 00000033,317.9,EUR,none,False
3c2bd370-4f7f-4f89-9821-adb0ea985250,000000 - 00000111,none,2025-05-30,VDC-LIDL IRELAND L,none,-22.5,EUR,none,False
35bd9af5-ee08-4dac-8fc1-9a2a962d6918,000000 - 00000111,none,2025-05-30,VDC-MCCAFFREYS BAR,none,-13.0,EUR,none,False
52bd3180-955b-45cf-b531-e356610292ef,000000 - 00000111,none,2025-06-03,VDP-IRISH RAIL 777,none,-15.99,EUR,none,False
4c40d3fe-9beb-455a-ba10-bce1552ccdb0,000000 - 00000011,none,2025-06-03,VDP-Just Eat Irela,none,-25.19,EUR,none,False
3f8532fa-3a4a-43bb-9dc7-e9124aa3498e,000000 - 00000111,none,2025-06-03,VDP-ELECTRIC IRELA,none,-192.67,EUR,none,False
fe7e91f0-16a4-4dd8-8511-f21cbbf9caab,000000 - 00000011,none,2025-06-03,VDP-LEAP CARD APP,none,-30.0,EUR,none,False
0f59b670-c811-41ac-9a29-64f1f2220f01,000000 - 00000011,none,2025-06-03,VDP-YESSTYLE.COM L,none,-67.82,EUR,none,False
cd039112-7e30-4ba3-b14a-0326b59389ce,000000 - 00000011,none,2025-06-03,VDC-LIDL IRELAND L,none,-14.8,EUR,none,False
2a45bf03-2160-4a84-a140-38560ac45a2f,000000 - 00000011,none,2025-06-03,VDC-MORANS SPAR,none,-4.25,EUR,none,False
f57825b6-9ecc-4366-8e00-0b7e5252cd24,000000 - 00000011,none,2025-06-03,VDC-PEPCO 1624,none,-4.25,EUR,none,False
de067ab0-42d8-4f6d-9baa-ca91c04c21a6,000000 - 00000011,none,2025-06-03,VDC-SQ *MADDENS,none,-8.7,EUR,none,False
9e8692e4-f1bb-4ffc-a8a5-e60d0e4bed25,000000 - 00000111,none,2025-06-03,VDC-The Coin Off L,none,-16.0,EUR,none,False
24b47b56-11a8-4393-816c-ba4ecc269c2b,000000 - 00000111,none,2025-06-03,VDC-Parkgate Coffe,none,-8.7,EUR,none,False
3769cd2a-25e9-458a-87d2-beba09f43b5a,000000 - 00000111,none,2025-06-03,VDC-Parkgate Coffe,none,-7.9,EUR,none,False
35bdc46b-6d42-47c2-898b-75ae1deffe65,000000 - 00000111,none,2025-06-03,VDP-CITI BUS WEBSI,none,-14.5,EUR,none,False
7b772e63-c61b-4f6e-8fb0-fc76f0274185,000000 - 00000111,none,2025-06-03,VDP-LEAP CARD APP,none,-20.0,EUR,none,False
cc64b0ac-956d-48c4-ad10-7de53f080835,000000 - 00000011,none,2025-06-03,VDP-COMPLETESAVE.I,none,-18.0,EUR,none,False
26428c24-b9dd-4a43-9ced-0ffe57e69f4a,000000 - 00000111,none,2025-06-03,VDC-DINANOS PIZZA,none,-17.0,EUR,none,False
41807a68-3ca7-4a65-92b1-a4d6cbfea875,000000 - 00000111,none,2025-06-04,VDC-H & M,none,-25.98,EUR,none,False
0ece3001-1c8c-49c3-969d-5102cf3e789f,000000 - 00000011,none,2025-06-04,VDC-LIDL IRELAND L,none,-24.82,EUR,none,False
6ae7b805-8823-4d88-92c8-cb6456f54065,000000 - 00000011,none,2025-06-04,VDC-PEPCO 1624,none,-4.25,EUR,none,False
460534f3-b1b6-48ee-bd2d-d22c4aeb3058,000000 - 00000111,none,2025-06-04,VDC-SV ASTON QUAY,none,-6.6,EUR,none,False
c957ccf6-5f97-4484-9493-98da527dcac2,000000 - 00000111,none,2025-06-04,VDC-Rituals Cosmet,none,-18.9,EUR,none,False
7af62181-e842-4fa4-b3df-5a5c981147e3,000000 - 00000111,none,2025-06-04,VDC-Moldova Stores,none,-2.85,EUR,none,False
30fb410a-239b-45e6-b3d4-c98eb6f731a8,000000 - 00000111,none,2025-06-04,VDC-BONOBO,none,-13.7,EUR,none,False
a44c7ab4-8ba4-455e-bc4f-188daa515f7b,000000 - 00000011,none,2025-06-04,VDC-C.H.CHEMISTS,none,-19.2,EUR,none,False
85be2823-0354-4781-a2c0-cf25e3b1bab7,000000 - 00000011,none,2025-06-05,VDP-LH Trading,none,-50.81,EUR,none,False
a297b318-e76d-4607-a23f-0be8819b7194,000000 - 00000011,none,2025-06-05,VDC-PEPCO 1624,none,-2.0,EUR,none,False
4a021ccc-a2ad-4fc5-8d6a-4e13921a80bd,000000 - 00000111,none,2025-06-05,VDC-SQ *MADDENS,none,-16.2,EUR,none,False
52be55ff-69d4-4c2e-ba3d-a91de1603f8d,000000 - 00000111,none,2025-06-05,VDC-LIDL IRELAND L,none,-27.64,EUR,none,False
f7d21e51-115c-4a29-b8a4-91bf79feddb2,000000 - 00000111,none,2025-06-05,VDP-APPLE.COM/BILL,none,-2.99,EUR,none,False
d3b5e5d6-dc1b-4180-b79f-5cd82661e775,000000 - 00000111,none,2025-06-05,VDC-BENNERS HOTEL,none,-6.5,EUR,none,False
4348c826-ef54-45d0-8ab3-598b60400a4f,000000 - 00000111,none,2025-06-05,VDC-GARVEYS SUPERV,none,-2.5,EUR,none,False
b39fe6f1-4ca2-48e5-a1b1-3a6e144645cb,000000 - 00000111,none,2025-06-06,VDC-LIDL IRELAND L,none,-2.1,EUR,none,False
337dfc21-f097-4826-bc80-9675c9bf62cb,000000 - 00000011,none,2025-06-06,BIN BAN TEO W23,Account Number: 000000 - 00000033,324.62,EUR,none,False
be38a447-8e79-4f80-af3e-923e58087042,000000 - 00000011,none,2025-06-09,VDP-LEAP CARD APP,none,-20.0,EUR,none,False
5644cc75-3bf9-4359-aed1-87960495a1de,000000 - 00000111,none,2025-06-09,VDC-BOOTS RETAIL17,none,-13.99,EUR,none,False
53f4eaad-ff44-43dc-9aac-817af5c7b96a,000000 - 00000011,none,2025-06-09,VDC-THE DAILY GRIN,none,-12.85,EUR,none,False
763f9fdb-cc35-4696-b686-d108922f061d,000000 - 00000011,none,2025-06-09,VDC-PEPCO 1624,none,-9.25,EUR,none,False
a28144b2-86dd-4af2-a3b8-f7ead64ed905,000000 - 00000011,none,2025-06-09,VDC-LIDL IRELAND L,none,-17.25,EUR,none,False
fa7a4a9d-4456-4eb5-9b6e-bf6fa2c8e106,000000 - 00000011,none,2025-06-09,VDC-BOOTS RETAIL17,none,-12.49,EUR,none,False
6f028cf9-2278-47fd-9dd4-6f58f2384179,000000 - 00000011,none,2025-06-09,*MOBI KATERYNA FRIEND,none,-34.0,EUR,none,False
ffc67293-c84d-424d-860b-65a4195d9b3c,000000 - 00000111,none,2025-06-09,VDC-MCDONALDS TRAL,none,-6.9,EUR,none,False
a8b6cdfc-5181-4c54-8e26-4dca6ee1c6ea,000000 - 00000111,none,2025-06-09,VDC-THE RANGE,none,-1.5,EUR,none,False
1967fdf2-e7a8-44a7-b376-3ae22bc555c6,000000 - 00000111,none,2025-06-09,VDC-THE DAILY GRIN,none,-13.65,EUR,none,False
7d46b8c6-d610-448a-8a6a-3650aba64e0a,000000 - 00000111,none,2025-06-09,VDC-PENNEYS TRALEE,none,-4.45,EUR,none,False
e9674efe-a338-403e-a6aa-d2da9c4ef31b,000000 - 00000111,none,2025-06-09,VDC-LIDL IRELAND L,none,-25.7,EUR,none,False
9c43fadb-1f19-4eca-8785-f2e83f804e06,000000 - 00000111,none,2025-06-09,VDC-LIDL IRELAND L,none,-3.58,EUR,none,False
33dc8229-5063-4473-af36-47b9f09caf5a,000000 - 00000111,none,2025-06-09,VDC-E SMOKE STORE,none,-8.0,EUR,none,False
b7e15369-7fd9-4df4-8cbd-2bcb352a9574,000000 - 00000011,none,2025-06-10,VDC-NV Beauty Bar,none,-22.5,EUR,none,False
6931e658-3c24-4d30-828b-2f88d2be3c05,000000 - 00000011,none,2025-06-10,VDC-PEPCO 1624,none,-3.75,EUR,none,False
4f74031e-5ef3-4827-8425-7a80b7062f1f,000000 - 00000111,none,2025-06-10,VDC-LIDL IRELAND L,none,-7.68,EUR,none,False
c03df146-85bd-4df8-a36d-753ae2f38df2,000000 - 00000111,none,2025-06-10,VDP-TCARD,none,-5.0,EUR,none,False
041cc396-bd94-440a-9c22-fbfcd4c08c20,000000 - 00000111,none,2025-06-10,VDC-SQ *MADDENS,none,-5.5,EUR,none,False
7940ce93-d3be-4ed3-88b4-9671bedac86f,000000 - 00000111,none,2025-06-10,VDP-notino.ie,none,-81.34,EUR,none,False
ccf622ab-a59a-413f-9bbc-f4300f3bc989,000000 - 00000111,none,2025-06-11,VDC-IT TRALEE NORT,none,-2.45,EUR,none,False
1eda2e02-d92f-420c-96e9-8b9605b54537,000000 - 00000111,none,2025-06-11,VDC-IT TRALEE NORT,none,-4.35,EUR,none,False
8499ae1a-2c56-4397-bf70-4733e8ccb5ae,000000 - 00000111,none,2025-06-11,VDC-IT TRALEE NORT,none,-4.35,EUR,none,False
d168d8fa-bf4a-451e-aa34-45deaf359868,000000 - 00000011,none,2025-06-11,VDC-TESCO STORES 3,none,-0.84,EUR,none,False
3844561e-7969-420a-8e15-f47c3c3ea86a,000000 - 00000011,none,2025-06-11,VDC-PEPCO 1624,none,-3.75,EUR,none,False
508419df-f386-44dc-8af5-c7b5f6a41fae,000000 - 00000011,none,2025-06-11,VDP-LEAP CARD APP,none,-10.0,EUR,none,False
889ac370-c810-4618-ada9-043f2c197a04,000000 - 00000111,none,2025-06-11,VDC-Safi Vape Ltd,none,-16.0,EUR,none,False
3d6c5561-11a0-448c-9484-eb059deb89a5,000000 - 00000111,none,2025-06-11,VDC-IRISH RAIL KIL,none,-4.3,EUR,none,False
00c0db94-cc24-4436-a7cb-7b983af830d8,000000 - 00000111,none,2025-06-11,MYKHAILO B,000000 - 00001223,8.0,EUR,none,False
27ea81c1-0bf6-4941-a035-32964300d910,000000 - 00000111,none,2025-06-11,VDP-VESTA  *EIR TO,none,-20.0,EUR,none,False
6730e73c-e52f-4181-a785-c0b8f1a0df3a,000000 - 00000111,none,2025-06-11,VDC-FOUR STAR PIZZ,none,-15.99,EUR,none,False
03c957fd-7db3-4de3-ba11-c8998a90fe60,000000 - 00000011,none,2025-06-12,VDP-AIRBNB * HMSXJ,none,-241.6,EUR,none,False
41dee6f4-f91e-4cc6-9b52-072132013295,000000 - 00000011,none,2025-06-12,VDC-AN POST-OFFICE,none,-2.95,EUR,none,False
4d77df14-8707-4af3-985e-80d5fe1aada5,000000 - 00000111,none,2025-06-13,VDC-TESCO STORES 3,none,-6.65,EUR,none,False
8fe84780-9732-48cb-baf0-76fc1e33a004,000000 - 00000111,none,2025-06-13,VDC-SUMUP  *VAPE S,none,-18.0,EUR,none,False
5784005c-5035-4bc7-9423-e02c76961ab9,000000 - 00000111,none,2025-06-13,VDP-IRISH RAIL 770,none,-9.2,EUR,none,False
acd37c52-1424-4da0-aa85-7522e4a9d365,000000 - 00000011,none,2025-06-13,BIN BAN TEO W24,Account Number: 000000 - 00000033,331.34,EUR,none,False
5cad917e-acc5-45b4-bbd1-d21e856bf802,000000 - 00000011,none,2025-06-13,*MOBI  TOP-UP,000000008,-20.0,EUR,none,False
54ce8d2d-2b64-4b10-889b-5b690c85b4f3,000000 - 00000011,none,2025-06-13,*MOBI SERHII TRELOR,none,-100.0,EUR,none,False
837079d1-7fe5-4a5c-bc59-bae702660824,000000 - 00000111,none,2025-06-16,VDP-Just Eat Irela,none,-14.64,EUR,none,False
a54422c2-10eb-4f4b-9407-59db0d54d594,000000 - 00000111,none,2025-06-16,VDC-LIDL IRELAND L,none,-8.06,EUR,none,False
0015bee4-88ce-43e4-9ab1-2c4153f4047b,000000 - 00000111,none,2025-06-16,T00000044,SCHOLARSHIP,0.0,EUR,none,False
2fe3a771-4dd5-44bf-9ded-b784d3fef7c9,000000 - 00000011,none,2025-06-16,VDC-BUTTER BUBBLE,none,-14.4,EUR,none,False
84e91c66-3735-4b8a-8a12-72a0bd7b0da7,000000 - 00000011,none,2025-06-16,VDP-IRISH RAIL 758,none,-36.8,EUR,none,False
62acc9f4-741a-4dae-bd16-a66333553b7f,000000 - 00000011,none,2025-06-16,VDC-Krispy Kreme D,none,-2.65,EUR,none,False
8698fea3-2484-445d-9213-a4c1008dcf39,000000 - 00000011,none,2025-06-16,VDC-SQ *EGAWA SUSH,none,-29.0,EUR,none,False
921f9936-5b20-446a-9556-9051854ccc3e,000000 - 00000011,none,2025-06-16,VDC-THE KIOSK RAIL,none,-2.0,EUR,none,False
7d7efc7f-9366-4c6c-b3a0-0e54bf8e1b57,000000 - 00000011,none,2025-06-16,VDP-AMZN Mktp UK*A,none,-184.78,EUR,none,False
b21ec755-cf4d-4f2f-b604-25df477a6ccf,000000 - 00000011,none,2025-06-16,T00000033,SCHOLARSHIP,0.0,EUR,none,False
47fa5537-1270-44aa-a321-6469a965d2e0,000000 - 00000111,none,2025-06-17,VDC-Fone + Vape,none,-14.0,EUR,none,False
6825ee43-959c-45a1-88b3-326223f5ba7c,000000 - 00000011,none,2025-06-17,ZA ARBUZ,none,5.0,EUR,none,False
79b94a8f-2c53-4860-a35c-7855bf6e6658,000000 - 00000011,none,2025-06-17,VDC-LIDL IRELAND L,none,-17.47,EUR,none,False
783ddd7a-54d8-4a22-93ed-2a433d1107d5,000000 - 00000011,none,2025-06-17,VDC-THE KIOSK RAIL,none,-2.5,EUR,none,False
bca9c04a-df1a-4f75-a50d-58b59f3af3d0,000000 - 00000111,none,2025-06-17,VDC-THE ROUNDY,none,-16.8,EUR,none,False
c026e2de-f05f-457e-a794-8db0e736343a,000000 - 00000111,none,2025-06-17,VDP-BUS EIREANN EX,none,-6.8,EUR,none,False
5513e865-84ec-4c25-bfc7-7ccd5f6f3245,000000 - 00000111,none,2025-06-18,VDP-IRISH RAIL 779,none,-9.2,EUR,none,False
73eb7574-eb51-4e46-a504-900d68a0b80c,000000 - 00000011,none,2025-06-18,VDC-MERCURY FOOD D,none,-23.22,EUR,none,False
604440a3-514b-4314-9b62-9d7d2c74fccf,000000 - 00000111,none,2025-06-18,VDC-SPAR YOUGHAL,none,-3.6,EUR,none,False
612c79ba-8c59-4455-8732-0769db23e597,000000 - 00000011,none,2025-06-18,VDC-MERCURY FOOD D,none,-2.26,EUR,none,False
16a89707-adbf-4016-8ebf-16fc391cb00b,000000 - 00000011,none,2025-06-19,VDP-LEAP CARD APP,none,-10.0,EUR,none,False
6559d048-1919-4055-9e9f-85b38d167032,000000 - 00000011,none,2025-06-19,*ATMLDG TRELEE,Card ending: 0011,0.0,EUR,none,False
f83010ae-9ec6-4e3b-9cb6-9dc339149df7,000000 - 00000111,none,2025-06-19,VDC-SQ *MADDENS,none,-17.0,EUR,none,False
2ccab2aa-86ff-481c-ae88-4266399e615b,000000 - 00000111,none,2025-06-19,VDC-LIDL IRELAND L,none,-7.76,EUR,none,False
4d1327ad-a952-4886-b3f1-deb2b046e37c,000000 - 00000111,none,2025-06-19,VDC-LIDL IRELAND L,none,-4.48,EUR,none,False
08294898-ce03-4291-ac91-0f320c6e0f68,000000 - 00000011,none,2025-06-20,VDP-BERESFORD* DUB,none,-116.25,EUR,none,False
d7366979-1bf3-4a73-a0f8-0039d6ce6f05,000000 - 00000011,none,2025-06-20,VDC-C.H.CHEMISTS,none,-10.0,EUR,none,False
4d72cc27-3e4a-4095-91a5-1e235e8e10af,000000 - 00000011,none,2025-06-20,VDC-C.H.CHEMISTS,none,-15.0,EUR,none,False
fe7bbbed-c590-42d2-8c76-d00a68666908,000000 - 00000011,none,2025-06-20,VDC-MCCAFFREYS BAR,none,-10.0,EUR,none,False
50350702-d132-4afd-90b7-151062d9e61b,000000 - 00000011,none,2025-06-20,VDC-PEPCO 1624,none,-2.75,EUR,none,False
f5d71ed9-fbbd-4c58-a447-4021e5e6b4c2,000000 - 00000011,none,2025-06-20,BIN BAN TEO W25,Account Number: 000000 - 00000033,302.23,EUR,none,False
77650d59-5546-448d-9ece-d15ad7037980,000000 - 00000111,none,2025-06-20,VDC-IT TRALEE NORT,none,-3.5,EUR,none,False
a4fa95e2-9f56-465e-9948-a7b5380981d8,000000 - 00000111,none,2025-06-20,VDC-MCCAFFREYS BAR,none,-13.0,EUR,none,False
d2466a98-abf3-4209-b6a4-ef8e30b925f3,000000 - 00000011,none,2025-06-23,ATM TRALEE   B,23JUN25 TIME 17:32,0.0,EUR,none,False
dae8da5e-6ea8-4799-9039-b77c49de01f5,000000 - 00000011,none,2025-06-23,VDP-LEAP CARD APP,none,-5.0,EUR,none,False
e73c3f53-da45-4abc-b7a5-a3b1cb5196e6,000000 - 00000011,none,2025-06-23,VDP-RYANAIR     C2,none,-277.72,EUR,none,False
f19ada76-5a52-4414-a50d-6822a5166236,000000 - 00000011,none,2025-06-23,VDC-PENNEYS TRALEE,none,-2.5,EUR,none,False
2783326e-f1f1-466c-95d4-f34ca1e81229,000000 - 00000011,none,2025-06-23,VDC-PEPCO 1624,none,-2.0,EUR,none,False
d0c76994-23b1-47d4-844c-601117840b4d,000000 - 00000011,none,2025-06-23,VDC-SUPERVALU GARV,none,-10.5,EUR,none,False
b7cc7d63-0190-4867-810e-cee7d306272e,000000 - 00000011,none,2025-06-23,*ATMLDG TRELEE,Card ending: 0011,0.0,EUR,none,False
ea4afb25-afe9-40ef-b5ce-11bbaa17a5ac,000000 - 00000011,none,2025-06-23,VDP-LEAP CARD APP,none,-20.0,EUR,none,False
54f28265-6b02-4ab4-8bff-205477a73a85,000000 - 00000111,none,2025-06-23,VDC-PEPCO 1624,none,-4.5,EUR,none,False
4b1053d9-fe22-4b06-8465-0a2bcd91f110,000000 - 00000111,none,2025-06-23,VDC-TESCO STORES 3,none,-4.65,EUR,none,False
894f1b30-40e1-48c2-b86e-533f477c8169,000000 - 00000111,none,2025-06-23,VDP-LEAP CARD APP,none,-20.0,EUR,none,False
4c9951c7-03c3-45dd-bf91-77e98efff770,000000 - 00000111,none,2025-06-23,VDP-Vesta EIR TopU,none,-20.0,EUR,none,False
5fe5337f-613e-4b94-92d3-750f43fa2a34,000000 - 00000111,none,2025-06-23,VDC-SQ *MADDENS,none,-5.5,EUR,none,False
c6136470-853e-4bb9-ae3b-5935fccc0785,000000 - 00000111,none,2025-06-23,VDC-Parkgate Coffe,none,-4.9,EUR,none,False
8d2cabad-ad9b-4736-8c83-f7f961f9d015,000000 - 00000111,none,2025-06-23,VDC-BOOTS RETAIL17,none,-14.98,EUR,none,False
81fde0dd-557c-4700-abd7-1d0acbf4823a,000000 - 00000111,none,2025-06-23,VDC-TESCO STORES 3,none,-26.8,EUR,none,False
90352dc5-bed9-40cd-931a-c7ae2d771cc1,000000 - 00000111,none,2025-06-23,VDC-Parkgate Coffe,none,-4.9,EUR,none,False
11b093c8-889f-4e48-a1a3-8f95daf232d7,000000 - 00000011,none,2025-06-24,VDC-TESCO STORES 3,none,-14.3,EUR,none,False
93e6aa65-212c-456d-8834-f283d0f4cb7f,000000 - 00000111,none,2025-06-24,VDP-IRISH RAIL 704,none,-9.2,EUR,none,False
57f7f9da-8000-43d6-beee-4c05cfbc7270,000000 - 00000111,none,2025-06-24,VDC-THE DAILY GRIN,none,-9.4,EUR,none,False
4715d6e0-5479-482d-a599-120e68269ab5,000000 - 00000011,none,2025-06-24,VDP-IRISH RAIL 771,none,-31.98,EUR,none,False
68d391c5-2fb2-462e-888a-5b183f7470d9,000000 - 00000011,none,2025-06-24,*MOBI HAN O,none,-400.0,EUR,none,False
bc5916c3-c738-47db-ab48-991b8d7d9123,000000 - 00000011,none,2025-06-25,VDC-MARKS & SPENCE,none,-1.25,EUR,none,False
9671d16b-4696-4d5a-87a9-7a152f3a6b28,000000 - 00000011,none,2025-06-25,VDC-CW Henry St I0,none,-3.39,EUR,none,False
9117dde7-14a6-4038-95c1-9b8898ebaffc,000000 - 00000111,none,2025-06-25,VDP-TFI GO,none,-0.65,EUR,none,False
44e0d511-5442-447a-96de-5e1d5cd4c0bb,000000 - 00000111,none,2025-06-25,VDP-TFI GO,none,-0.65,EUR,none,False
acaf9086-aae3-4b33-a048-c6d994801c37,000000 - 00000111,none,2025-06-25,VDC-MCDONALDS,none,-3.0,EUR,none,False
6f00403d-0f50-4b0c-8710-99cc434ed801,000000 - 00000111,none,2025-06-25,VDC-IRISH RAIL COR,none,-10.8,EUR,none,False
c14e7845-2170-4e2e-8d85-277493011098,000000 - 00000111,none,2025-06-25,VDC-DEALZ - 1603,none,-4.0,EUR,none,False
081d13c2-27c4-4918-ae50-b460a63c933d,000000 - 00000011,none,2025-06-25,VDP-RYANAIR     L2,none,-20.5,EUR,none,False
11d1e7f9-99d2-498c-b02d-f06341753d4c,000000 - 00000111,none,2025-06-26,VDC-SQ *MADDENS,none,-6.5,EUR,none,False
4bb97c0d-7d6a-4588-84f6-e121da12560d,000000 - 00000111,none,2025-06-26,VDC-LIDL IRELAND L,none,-2.38,EUR,none,False
0d313774-c692-495e-af63-399f422374b4,000000 - 00000011,none,2025-06-26,VDP-Spotify P37FC3,none,-11.99,EUR,none,False
9af19a16-1d94-4e94-8712-f04fdc063463,000000 - 00000011,none,2025-06-26,VDC-STB VALIDATOAR,3.00 RON@,-0.61,EUR,none,False
81e7a4a1-3163-4f6c-8f63-5b3a0269aa97,000000 - 00000011,none,2025-06-27,BIN BAN TEO W26,Account Number: 000000 - 00000033,321.25,EUR,none,False
4f766567-5103-4f5f-aec5-f24223836f4b,000000 - 00000011,none,2025-06-30,FEES REFUNDED,Account Number: 000000 - 00000022,17.05,EUR,none,False
0e639f6b-b810-435d-86c9-f731787c7c72,000000 - 00000111,none,2025-06-30,VDP-CITI BUS WEBSI,none,-14.5,EUR,none,False
1f42e6d2-ff24-4afd-8421-85d380d97b0c,000000 - 00000111,none,2025-06-30,VDP-IRISH RAIL 717,none,-9.2,EUR,none,False
982c17f5-aced-42df-965d-738563cc351b,000000 - 00000111,none,2025-06-30,VDP-LEAP CARD APP,none,-20.0,EUR,none,False
e8bb709c-1eac-4644-9317-12101aed095b,000000 - 00000111,none,2025-06-30,FEE-QTR TO 30MAY25,000000 - 00000112,-16.3,EUR,none,False
3bf982cc-fbfd-4d75-b858-d6d52f4ef7ba,000000 - 00000111,none,2025-06-30,VDC-Parkgate Coffe,none,-8.4,EUR,none,False
5f4db3a3-41a3-46c0-83f9-816369307715,000000 - 00000111,none,2025-06-30,VDC-PEPCO 1624,none,-3.5,EUR,none,False
1892325b-03b1-4c12-a238-3b5a4515b1fb,000000 - 00000111,none,2025-06-30,VDC-SQ *BRIO BRUNC,none,-4.2,EUR,none,False
00180caa-911d-4719-8336-c6e7e86a7e38,000000 - 00000011,none,2025-06-30,FEE-QTR TO 30MAY25,Account Number: 000000 - 00000022,-17.05,EUR,none,False
8b69bfef-b1d7-41cb-a5ef-8dc7f41c675e,000000 - 00000011,none,2025-07-01,VDP-IRISH RAIL 764,none,-31.98,EUR,none,False
d9ef8bfb-cc05-4421-9945-7287009f12b5,000000 - 00000111,none,2025-07-01,VDP-Joos,none,-2.5,EUR,none,False
2cc47cea-4235-47e3-a872-a13d62d81072,000000 - 00000111,none,2025-07-01,VDC-SUMUP  *AVIVA,none,-3.0,EUR,none,False
bb06e6f6-aafb-4745-a5d7-4c4663eec680,000000 - 00000111,none,2025-07-01,VDC-TAKARA,none,-10.2,EUR,none,False
abe9a741-a2ab-4fd9-8830-f50a5ec4c59d,000000 - 00000011,none,2025-07-01,VDP-COMPLETESAVE.I,none,-18.0,EUR,none,False
16d117c7-728e-42cc-9c8c-7b12f7faf710,000000 - 00000011,none,2025-07-01,VDP-LEAP CARD APP,none,-5.0,EUR,none,False
3f043711-5c72-4531-89dc-2ce3904fabf6,000000 - 00000011,none,2025-07-01,VDC-BURGER KING O,none,-17.4,EUR,none,False
b5256e46-efaf-41bb-a48f-bff2b9c432aa,000000 - 00000011,none,2025-07-01,VDC-LIDL IRELAND L,none,-14.19,EUR,none,False
cef202ee-76c1-4ac3-b48f-e676ed75efd7,000000 - 00000111,none,2025-07-02,VDC-LITTLE GENOS,none,-4.3,EUR,none,False
0ed441ea-fbb8-492b-be64-5eae5d32296c,000000 - 00000011,none,2025-07-02,VDP-APPLE.COM/BILL,none,-0.99,EUR,none,False
572f081d-db45-4831-930d-cc3b95a053e1,000000 - 00000011,none,2025-07-02,VDP-LEAP CARD APP,none,-5.0,EUR,none,False
53b7f28b-02e4-4a36-b55c-bc1a4ebc37fe,000000 - 00000011,none,2025-07-02,VDC-SUPERVALU GARV,none,-2.79,EUR,none,False
813aa956-9ade-4d8b-98f9-31d1af596eec,000000 - 00000111,none,2025-07-03,VDC-COCA COLA,none,-2.0,EUR,none,False
031250d0-62d0-49f6-85d9-94348cae25da,000000 - 00000111,none,2025-07-03,VDC-Fast Als Parad,none,-7.5,EUR,none,False
96051bcb-f2f4-4a87-aed0-5741de8ae6af,000000 - 00000111,none,2025-07-03,VDP-LEAP CARD APP,none,-10.0,EUR,none,False
9b2e2876-4d27-4f37-95dc-dea599b6cb58,000000 - 00000111,none,2025-07-03,VDC-WH Smith Cork,none,-4.95,EUR,none,False
d85cc697-8172-4aa6-9289-dd01fc0ab6a4,000000 - 00000111,none,2025-07-03,VDC-The Mardyke En,none,-14.4,EUR,none,False
481153b1-110b-4dd8-8137-8eb25bec51d7,000000 - 00000111,none,2025-07-03,VDC-NYA*Snaparazzi,none,-6.0,EUR,none,False
9f9e9589-3e2c-4be9-bab6-d0b17113005e,000000 - 00000111,none,2025-07-03,VDC-MCDONALDS,none,-7.8,EUR,none,False
34481d91-a4da-4972-8c8d-8b3eabb8998c,000000 - 00000111,none,2025-07-03,VDC-MCDONALDS,none,-7.0,EUR,none,False
d06665cc-26a1-4c41-9b72-4452e983a90e,000000 - 00000111,none,2025-07-03,VDP-LEAP CARD APP,none,-20.0,EUR,none,False
af607136-0dcf-4357-9049-e51dd9ae85d9,000000 - 00000111,none,2025-07-04,VDP-IRISH RAIL 746,none,-9.2,EUR,none,False
0049ac20-9199-429f-bd98-597c24585586,000000 - 00000111,none,2025-07-04,VDC-Pandora,none,-15.0,EUR,none,False
739e8537-382b-4864-8858-5dee47b46f53,000000 - 00000111,none,2025-07-04,VDC-FOUR STAR PIZZ,none,-17.75,EUR,none,False
8a94d657-f04c-4287-94ab-e4b900aa655e,000000 - 00000111,none,2025-07-04,VDC-AS LTD,none,-4.8,EUR,none,False
f2eedb78-cf5c-401f-9297-96511e872308,000000 - 00000111,none,2025-07-04,VDC-FOUR STAR PIZZ,none,-3.05,EUR,none,False
f5edee97-dc53-4e2d-8359-b800bc8f10a5,000000 - 00000111,none,2025-07-04,VDC-LIDL IRELAND L,none,-8.25,EUR,none,False
be592611-a5f1-4b92-9d68-b239b28c5d5e,000000 - 00000011,none,2025-07-04,BIN BAN TEO W27,Account Number: 000000 - 00000033,317.91,EUR,none,False
38bbf38a-d0f6-43ef-92fd-441950ae1342,000000 - 00000011,none,2025-07-04,VDC-PEPCO 1624,none,-5.5,EUR,none,False
33d94cad-909a-4c82-a208-6142076689d7,000000 - 00000011,none,2025-07-07,VDC-SUPERVALU GARV,none,-1.5,EUR,none,False
2ea9d9a8-c419-4cac-af43-ef6cf857af7a,000000 - 00000111,none,2025-07-07,VDC-PEPCO 1624,none,-7.75,EUR,none,False
69d1cc41-d79f-46f5-81a5-11d8e895c1d3,000000 - 00000111,none,2025-07-07,VDC-Parkgate Coffe,none,-4.4,EUR,none,False
baf2f769-ab6c-44a4-85ba-7e8e34f38ae6,000000 - 00000111,none,2025-07-07,VDP-APPLE.COM/BILL,none,-2.99,EUR,none,False
a2976fbf-d555-47d9-9fab-89aadf7e548e,000000 - 00000111,none,2025-07-07,VDP-LEAP CARD APP,none,-20.0,EUR,none,False
52e7d342-1e22-4119-a2d1-5a29614e519c,000000 - 00000111,none,2025-07-07,VDC-SEAN OGS BAR L,none,-13.0,EUR,none,False
0f98d661-5f0c-407f-8caa-9fb1e53afe0c,000000 - 00000011,none,2025-07-07,VDC-SEAN OGS BAR L,none,-13.0,EUR,none,False
ce1043d6-66f3-4f23-ad1a-f9eb1911417c,000000 - 00000111,none,2025-07-07,VDC-SQ *MADDENS,none,-5.0,EUR,none,False
0d7777b0-bda9-4380-98dc-5a71b72e8425,000000 - 00000011,none,2025-07-07,VDC-MORANS SPAR,none,-1.65,EUR,none,False
6ce75740-cb4e-4f07-b54f-60ebbf70c125,000000 - 00000011,none,2025-07-07,VDC-LIDL IRELAND L,none,-17.55,EUR,none,False
cf8b55bb-7e2b-4d38-85cb-78f712b7b780,000000 - 00000011,none,2025-07-07,VDP-TransferWise,none,-7.0,EUR,none,False
d9ec35c0-1294-4199-8402-cea699673b53,000000 - 00000011,none,2025-07-07,VDP-LEAP CARD APP,none,-40.0,EUR,none,False
4a6fa751-d74a-4ec6-b8fe-e799ee0b2080,000000 - 00000011,none,2025-07-07,VDP-AMZN Mktp UK*R,none,-72.02,EUR,none,False
47f9637a-c15e-415f-b56e-5d06126abf3b,000000 - 00000011,none,2025-07-07,ATM TRALEE   B,05JUL25 TIME 18:32,0.0,EUR,none,False
e523f38b-41de-468a-b920-63c465d28053,000000 - 00000011,none,2025-07-07,VDC-PEPCO 1624,none,-8.0,EUR,none,False
cf9d32b8-be57-48a9-99df-5624ac872081,000000 - 00000011,none,2025-07-08,VDC-SMYTHS TOYS TR,none,-22.97,EUR,none,False
415ef36b-63fb-43a0-94d8-84736e535f6e,000000 - 00000011,none,2025-07-08,VDC-SQ *MADDENS,none,-11.7,EUR,none,False
99f89fbf-4657-42eb-8569-85772bbcfa51,000000 - 00000111,none,2025-07-08,VDP-RYANAIR     UN,none,-18.0,EUR,none,False
736ae05a-5388-4790-80ba-71e4945510c1,000000 - 00000011,none,2025-07-08,VDC-TESCO STORES 3,none,-2.25,EUR,none,False
6279c344-a9b4-48a8-af46-7434a9ed0bac,000000 - 00000111,none,2025-07-09,VDC-MCDONALDS TRAL,none,-9.85,EUR,none,False
e8c34432-69b8-4761-b0e5-98b9705ee43d,000000 - 00000111,none,2025-07-09,VDP-Vesta EIR TopU,none,-20.0,EUR,none,False
2b7c5bbb-abab-44b1-aef8-aef4ca241cc2,000000 - 00000011,none,2025-07-09,VDC-MORANS SPAR,none,-3.15,EUR,none,False
3074b892-f61d-4bde-bf42-58c56a990b6d,000000 - 00000011,none,2025-07-09,VDC-LIDL IRELAND L,none,-14.97,EUR,none,False
cb95fa96-5797-4e7a-8a48-7fc562d57e85,000000 - 00000011,none,2025-07-09,VDP-shein.com,none,-9.17,EUR,none,False
a4761729-5401-4b5c-b830-cf316e0b7b1a,000000 - 00000111,none,2025-07-09,VDC-TESCO STORES 3,none,-8.25,EUR,none,False
9f53b6c1-477c-47ac-8b63-7e3811d3d3be,000000 - 00000011,none,2025-07-09,VDC-MORANS SPAR,none,-1.85,EUR,none,False
ffd85575-b819-49eb-bd37-0222986c2f55,000000 - 00000111,none,2025-07-10,VDC-MCCAFFREYS BAR,none,-13.0,EUR,none,False
905bd47c-c193-4d1e-9e7a-6030b8ee3dbe,000000 - 00000011,none,2025-07-10,VDC-MORANS SPAR,none,-1.85,EUR,none,False
e7844015-8c77-49d2-9d87-82e90d1d8073,000000 - 00000011,none,2025-07-10,VDC-AKIRA ASIA SUP,none,-6.0,EUR,none,False
a4215956-3bfa-4c08-b91b-3e9f37f3c518,000000 - 00000011,none,2025-07-10,VDP-RYANAIR     T1,none,-72.99,EUR,none,False
d03aab44-de6a-4f46-8d68-b48f6f141a80,000000 - 00000111,none,2025-07-11,VDC-Vape shop,none,-7.0,EUR,none,False
76364a28-c5e5-4b69-85ba-f0afcbf1a6c9,000000 - 00000011,none,2025-07-11,VDC-DUNNES TRALEE,none,-9.0,EUR,none,False
4aa801fe-151e-4a3e-ab97-252c0815cac7,000000 - 00000011,none,2025-07-11,*MOBI  TOP-UP,000000008,-20.0,EUR,none,False
12e18f95-10ae-4975-b2f5-02fb023af9b6,000000 - 00000011,none,2025-07-11,BIN BAN TEO W28,Account Number: 000000 - 00000033,100.74,EUR,none,False
d89d4ba2-c2db-4d94-a395-d391ff6618f1,000000 - 00000111,none,2025-07-11,VDC-LIDL IRELAND L,none,-11.39,EUR,none,False
b088fe8f-30a3-42fb-b5b3-088f0f084c1b,000000 - 00000011,none,2025-07-11,VDC-SQ *MADDENS,none,-12.5,EUR,none,False
c4d7ba20-30da-4f3f-953f-9c8e0399d09b,000000 - 00000011,none,2025-07-14,VDP-LEAP CARD APP,none,-20.0,EUR,none,False
e750aa5b-a420-4402-97ad-e1a381479e1a,000000 - 00000011,none,2025-07-14,VDC-MORANS SPAR,none,-2.5,EUR,none,False
f758207b-c756-468a-8ac4-7fbd0f22c471,000000 - 00000011,none,2025-07-14,VDC-SUPERVALU GARV,none,-2.0,EUR,none,False
780da844-e06c-44c7-959f-4c29ee272f2d,000000 - 00000111,none,2025-07-14,VDP-LEAP CARD APP,none,-20.0,EUR,none,False
5390c2f7-6838-470f-84c6-1fcbf9fa0812,000000 - 00000011,none,2025-07-14,VDC-LIDL IRELAND L,none,-12.76,EUR,none,False
c26177dd-f9f2-4b1a-8bae-71459c020799,000000 - 00000011,none,2025-07-14,VDP-Just Eat Irela,none,-19.64,EUR,none,False
214942e2-1c58-4450-991e-33343501bac9,000000 - 00000011,none,2025-07-14,VDC-MORANS SPAR,none,-1.65,EUR,none,False
c5a6c699-0f74-441e-860f-ea612265e5a8,000000 - 00000011,none,2025-07-14,*MOBI DABAIE2D,none,-150.0,EUR,none,False
38f1c513-8bb1-4a1d-be5e-fef1d277c084,000000 - 00000011,none,2025-07-15,VDC-MORANS SPAR,none,-0.95,EUR,none,False
13925d7e-027e-4dc6-8a8a-5d16ea4d82f7,000000 - 00000011,none,2025-07-15,VDC-PEPCO 1624,none,-10.0,EUR,none,False
f518d582-4e3f-457a-9320-d3782e95453d,000000 - 00000011,none,2025-07-15,VDC-SUPERVALU GARV,none,-2.34,EUR,none,False
24137134-bc67-4e19-b312-68d67e8099c6,000000 - 00000111,none,2025-07-15,VDC-SQ *MADDENS,none,-6.0,EUR,none,False
1e0ba746-6942-40db-82eb-dd94f47f7ac1,000000 - 00000111,none,2025-07-16,VDC-O Domhaill,none,-5.0,EUR,none,False
13cc5d7c-b22a-4577-b04c-8ef45b5c1d1f,000000 - 00000011,none,2025-07-16,VDC-C.H.CHEMISTS,none,-10.0,EUR,none,False
0385ab2d-6bc2-40c3-83d6-a644831cc98d,000000 - 00000011,none,2025-07-16,VDC-KYOTO,none,-16.5,EUR,none,False
7403498a-7b30-4063-a180-771beae0ef49,000000 - 00000011,none,2025-07-16,VDC-PEPCO 1624,none,-7.5,EUR,none,False
57b7b65e-c6b5-4458-a0e1-f52d82eb68e5,000000 - 00000011,none,2025-07-16,VDC-SQ *MADDENS,none,-6.5,EUR,none,False
534fc788-7a31-439a-8696-6ef74bbb650e,000000 - 00000011,none,2025-07-17,VDP-LEAP CARD APP,none,-10.0,EUR,none,False
d885613d-8053-4702-8866-91421a061f02,000000 - 00000011,none,2025-07-17,VDC-MORANS SPAR,none,-0.95,EUR,none,False
431f4462-d743-4d50-bbe2-dec9da0b431d,000000 - 00000011,none,2025-07-18,BIN BAN TEO W29,Account Number: 000000 - 00000033,391.3,EUR,none,False
a27af977-1b2c-439e-a67e-b13f042cc7aa,000000 - 00000011,none,2025-07-18,VDC-C.H.CHEMISTS,none,-11.51,EUR,none,False
3d93e5cb-b1f6-4f44-9fbb-fee71d96c403,000000 - 00000011,none,2025-07-18,VDC-EASON  TRALEE,none,-16.98,EUR,none,False
10f64de7-7535-4256-ba68-3ca556d7bee7,000000 - 00000011,none,2025-07-18,VDC-Mohammad Spice,none,-4.5,EUR,none,False
70e8ddb5-6baf-407c-a840-b6a394a41b16,000000 - 00000011,none,2025-07-18,VDC-TESCO STORES 3,none,-1.8,EUR,none,False
2efd98ca-f45a-43ee-ba2a-601b9d674d35,000000 - 00000011,none,2025-07-18,VDP-IRISH RAIL 756,none,-31.98,EUR,none,False
9baabf78-a2c8-4ab8-8b52-2bd64078d009,000000 - 00000111,none,2025-07-21,VDC-TESCO STORES 3,none,-6.0,EUR,none,False
801af10c-7763-4dc2-853b-441bc295554b,000000 - 00000111,none,2025-07-21,VDC-PEPCO 1624,none,-3.25,EUR,none,False
e5e2a4c1-9960-4e2f-a5fb-99b431910558,000000 - 00000111,none,2025-07-21,VDP-IRISH RAIL 729,none,-3.75,EUR,none,False
b118de38-38e6-4f19-9ebe-95af636337d6,000000 - 00000111,none,2025-07-21,VDP-LEAP CARD APP,none,-10.0,EUR,none,False
39cb2ffb-0d38-44a2-ac57-652c771388eb,000000 - 00000111,none,2025-07-21,VDP-LEAP CARD APP,none,-15.0,EUR,none,False
f949d906-e89f-42cf-be0e-f7d12637a5d4,000000 - 00000111,none,2025-07-21,VDP-IRISH RAIL 705,none,-3.75,EUR,none,False
d639b2fd-5da8-48e6-8fa3-44d30f613b57,000000 - 00000011,none,2025-07-21,VDC-PEPCO 1624,none,-4.0,EUR,none,False
450b33ce-2835-443f-b330-e97a5e264a0b,000000 - 00000111,none,2025-07-21,VDP-Vesta EIR TopU,none,-20.0,EUR,none,False
5c4bf04a-9791-4841-86ab-564a7b81bb2a,000000 - 00000011,none,2025-07-21,VDC-MORANS SPAR,none,-3.8,EUR,none,False
317d77ac-af01-49db-9eb6-a2fe5f05b69b,000000 - 00000011,none,2025-07-21,VDP-LEAP CARD APP,none,-10.0,EUR,none,False
7f125b22-dcc4-4f3f-b6a2-81bf3105df95,000000 - 00000011,none,2025-07-21,VDP-NV BEAUTY BAR,none,-43.0,EUR,none,False
1b960e9b-ab2e-4102-ae19-dc814c3d7a50,000000 - 00000011,none,2025-07-21,VDC-PENNEYS TRALEE,none,-25.0,EUR,none,False
e7f1a448-c9ec-49f4-88b0-d6e43f0b0624,000000 - 00000011,none,2025-07-21,VDC-COSTA,none,-4.35,EUR,none,False
c558a09d-332d-43da-a774-2e97bfbbe7d9,000000 - 00000011,none,2025-07-21,VDC-FOUR STAR PIZZ,none,-13.6,EUR,none,False
bd3b535b-dd36-4479-b018-115832ecee45,000000 - 00000011,none,2025-07-21,VDC-PEPCO 1624,none,-3.0,EUR,none,False
a970ef29-361d-472d-aca2-53b84be49170,000000 - 00000011,none,2025-07-21,VDC-Mohammad Spice,none,-9.49,EUR,none,False
8cf122b6-812b-4aa1-9bfd-e608ae121c7c,000000 - 00000011,none,2025-07-22,VDC-TAKARA,none,-27.9,EUR,none,False
3986db80-e9da-4733-ba94-6257493634f9,000000 - 00000011,none,2025-07-22,VDC-SPAR LIFFEY ST,none,-6.25,EUR,none,False
c175dcb8-47b9-4975-9d7a-f7aab3748d7c,000000 - 00000011,none,2025-07-22,VDP-BERESFORD HOTE,none,-111.2,EUR,none,False
f2e5083f-64a0-4e77-88de-ec398db8564f,000000 - 00000111,none,2025-07-22,VDC-Parkgate Coffe,none,-4.4,EUR,none,False
e817cbae-a113-41a6-8649-f31b47b7736e,000000 - 00000011,none,2025-07-23,VDC-ARAMARK 18010R,none,-3.0,EUR,none,False
e92e7c35-6061-4f67-a324-0c6742d68e37,000000 - 00000011,none,2025-07-23,VDC-EL YANTAR DE A,none,-9.0,EUR,none,False
5e8a4d20-8dd4-4ad3-85b6-d10119e6ef24,000000 - 00000011,none,2025-07-23,VDC-KIOSCO,none,-3.0,EUR,none,False
6e1ade73-c445-420e-a5ac-49c2e2a9b82f,000000 - 00000111,none,2025-07-23,VDC-J.M. REIDY,none,-28.0,EUR,none,False
159f1d07-61b2-4858-92fd-89d7ec5fdb82,000000 - 00000011,none,2025-07-23,VDC-METRO DE MADRI,none,-2.0,EUR,none,False
9cac085d-e2b9-4e0c-91f2-0ceb46e3702d,000000 - 00000011,none,2025-07-23,VDC-METRO DE MADRI,none,-7.4,EUR,none,False
855448d3-2e7b-4936-8b6b-c9dc7a185d69,000000 - 00000011,none,2025-07-24,VDP-LEAP CARD APP,none,-15.0,EUR,none,False
c0aff9ed-a5e0-4963-8918-da3d9e079c34,000000 - 00000011,none,2025-07-24,VDP-Just Eat Irela,none,-27.13,EUR,none,False
3431a2ca-9887-47c5-8b59-4ebc6de4caa7,000000 - 00000011,none,2025-07-24,VDC-FRESH THE GOOD,none,-19.2,EUR,none,False
55833b37-ee53-47e2-981a-f72f5953290a,000000 - 00000011,none,2025-07-24,VDC-NYX*ABServicio,none,-4.8,EUR,none,False
7e4f71ad-fbe5-419d-a529-271b99c4d08d,000000 - 00000011,none,2025-07-24,VDC-519 - CANAS Y,none,-3.7,EUR,none,False
b4de03d6-494d-4967-a510-d6ee66b4a164,000000 - 00000111,none,2025-07-24,VDC-PENNEYS TRALEE,none,-8.15,EUR,none,False
648f8f25-a6c2-42ea-ab24-8b204604e1f0,000000 - 00000011,none,2025-07-24,VDP-IRISH RAIL 774,none,-31.98,EUR,none,False
d8e1000b-138b-4905-957a-1768faa4a245,000000 - 00000011,none,2025-07-25,BIN BAN TEO W30,Account Number: 000000 - 00000033,389.54,EUR,none,False
97a36135-84e0-4911-806f-8df66b34b9a6,000000 - 00000011,none,2025-07-25,VDC-MORANS SPAR,none,-0.95,EUR,none,False
02956e55-61c2-48d0-a553-7542365f24b4,000000 - 00000011,none,2025-07-25,VDC-SUPERVALU GARV,none,-14.49,EUR,none,False
bb686d87-3a9c-42fd-a796-452119d3e473,000000 - 00000111,none,2025-07-25,VDP-LEAP CARD APP,none,-10.0,EUR,none,False
1c850b18-8490-485f-b522-f279fce44ff7,000000 - 00000111,none,2025-07-28,VDC-O Domhaill,none,-1.25,EUR,none,False
7f14162a-5b05-4a73-ad0e-561e6a223f89,000000 - 00000111,none,2025-07-28,VDC-O Domhaill,none,-5.0,EUR,none,False
946e62c6-2c7e-4f16-ae2d-8fdfa781f4a4,000000 - 00000111,none,2025-07-28,VDP-LEAP CARD APP,none,-15.0,EUR,none,False
33d252f4-b584-4ee5-a04f-eb42d60f7807,000000 - 00000011,none,2025-07-28,*MOBI SKZ MADRID,none,-55.0,EUR,none,False
9d31f318-da06-4610-8ad0-bec1c35e7304,000000 - 00000011,none,2025-07-28,VDP-LEAP CARD APP,none,-15.0,EUR,none,False
0d264b46-92ab-43a5-a176-be1d2ad85e41,000000 - 00000011,none,2025-07-28,VDP-Spotify P38E70,none,-11.99,EUR,none,False
1ceffac0-5c93-410f-932b-19e36e69e31f,000000 - 00000011,none,2025-07-28,VDC-SUPERVALU GARV,none,-2.58,EUR,none,False
5da79584-0958-434e-bd3b-782fb0e0f4d6,000000 - 00000011,none,2025-07-28,VDC-SUPERVALU GARV,none,-2.0,EUR,none,False
82307a48-1882-438c-ba48-0238b875d805,000000 - 00000011,none,2025-07-28,VDP-TRALEE OMNIPLE,none,-27.9,EUR,none,False
e29d282c-4f27-400e-8754-62103bfc817b,000000 - 00000011,none,2025-07-28,VDC-Parkgate Coffe,none,-3.8,EUR,none,False
d3678456-adaa-4ab6-b2bc-d852fdac54b1,000000 - 00000011,none,2025-07-28,VDC-MORANS SPAR,none,-1.65,EUR,none,False
df678ff7-2df5-4dbf-a4de-c0fb1addc120,000000 - 00000011,none,2025-07-28,VDC-PEPCO 1624,none,-11.25,EUR,none,False
8b26ddff-e658-4389-b696-126b488ddc79,000000 - 00000011,none,2025-07-29,VDC-T K MAXX,none,-32.97,EUR,none,False
165e0763-436f-4355-ac4c-4690ab86fd68,000000 - 00000011,none,2025-07-29,VDC-MCDONALDS TRAL,none,-11.85,EUR,none,False
c2815cef-e527-4882-92a9-c8b733193085,000000 - 00000111,none,2025-07-29,VDC-Parkgate Coffe,none,-4.4,EUR,none,False
035e6cdf-5fed-45e5-9aac-3bf7adfa5ce0,000000 - 00000011,none,2025-07-29,VDC-SMYTHS TOYS TR,none,-7.98,EUR,none,False
9c51e402-51f3-4c22-b971-9a9d5c54e120,000000 - 00000111,none,2025-07-30,MYKHAILO B,000000 - 00001223,5.33,EUR,none,False
216cd804-1d15-4446-93e5-a7f910ec783f,000000 - 00000011,none,2025-07-30,VDC-Parkgate Coffe,none,-7.7,EUR,none,False
874338e3-1aa3-4444-8305-27b36380d504,000000 - 00000011,none,2025-07-30,VDC-SUPERVALU GARV,none,-3.3,EUR,none,False
a7449496-2533-459b-846a-c405981071db,000000 - 00000111,none,2025-07-30,VDC-LIDL IRELAND L,none,-18.84,EUR,none,False
29b90d51-6d86-4ba7-ad27-75f143e6b05e,000000 - 00000111,none,2025-07-31,VDC-C.H.CHEMISTS,none,-60.8,EUR,none,False
af51f8ce-4c19-4e2d-93b8-832d32dd76ac,000000 - 00000111,none,2025-07-31,VDC-ALDI 105 873,none,-17.81,EUR,none,False
098fdfa5-3b4d-40ac-a50f-82813e99a554,000000 - 00000011,none,2025-07-31,VDP-COMPLETESAVE.I,none,-18.0,EUR,none,False
d1b0d3d8-acb9-452a-b482-4becf64ad318,000000 - 00000011,none,2025-07-31,VDC-TESCO STORES 3,none,-12.35,EUR,none,False
8e8046db-7338-4682-a767-afb7c8055b45,000000 - 00000111,none,2025-07-31,VDC-SUMUP  *WICKED,none,-14.0,EUR,none,False
fb274d4c-18ae-45bd-aaf7-0bd268da2c5c,000000 - 00000111,none,2025-07-31,VDC-BOOTS RETAIL17,none,-26.46,EUR,none,False
f54e759d-8b43-4785-8a12-8c42f1bcef66,000000 - 00000011,none,2025-08-01,VDC-SQ *RUSTICBOOW,none,-7.2,EUR,none,False
10a3e4c7-e1fa-4e48-8052-5af932127842,000000 - 00000011,none,2025-08-01,BIN BAN TEO W31,Account Number: 000000 - 00000033,288.8,EUR,none,False
04c3ad52-77a4-4c33-9da6-902a2b70ac69,000000 - 00000011,none,2025-08-01,VDP-Amazon.ie,none,-17.33,EUR,none,False
a4474d16-3679-406a-b85d-0de425294163,000000 - 00000011,none,2025-08-01,VDC-AKIRA ASIA SUP,none,-6.0,EUR,none,False
da80d482-9889-4cd5-b216-9bf40f4ae2bc,000000 - 00000011,none,2025-08-01,VDP-TGTG eep20n7ny,none,-5.99,EUR,none,False
02f68162-3036-474b-9c42-f7f22c55df28,000000 - 00000111,none,2025-08-01,*MOBI PIVO,none,-20.0,EUR,none,False
041c20de-a143-4b35-8375-87aff50dbab1,000000 - 00000111,none,2025-08-01,VDC-BAININ COFFEE,none,-0.3,EUR,none,False
df0dbba1-6859-4a24-af64-07be735fa164,000000 - 00000111,none,2025-08-01,VDC-VAPECENTRIC,none,-16.0,EUR,none,False
7171782c-06fd-43e7-a98e-9aca389faa83,000000 - 00000111,none,2025-08-05,VDC-LIDL IRELAND L,none,-4.32,EUR,none,False
c32677dd-561a-4cdb-935e-91866ab10066,000000 - 00000011,none,2025-08-05,VDC-Parkgate Coffe,none,-4.3,EUR,none,False
807db0ff-d8a4-4b3c-a4d0-38dcd6ac2827,000000 - 00000011,none,2025-08-05,VDC-Parkgate Coffe,none,-3.5,EUR,none,False
f9baf7a5-3cde-4952-93c7-07f5525c072a,000000 - 00000111,none,2025-08-05,VDP-APPLE.COM/BILL,none,-2.99,EUR,none,False
33c39799-1938-46fe-8123-4983c9c94223,000000 - 00000111,none,2025-08-05,VDP-IRISH RAIL 706,none,-9.2,EUR,none,False
51b195b1-8b37-412c-8d27-43891705217b,000000 - 00000111,none,2025-08-05,VDC-BAININ COFFEE,none,-8.4,EUR,none,False
99a8aefb-c722-41b1-a5fb-f8e86f993cb7,000000 - 00000111,none,2025-08-05,VDC-O Domhaill,none,-3.75,EUR,none,False
9d8cb4e3-9bee-458b-9d75-adbe73f7a3be,000000 - 00000011,none,2025-08-05,VDC-PEPCO 1624,none,-6.75,EUR,none,False
05a1ae33-7a11-4cd6-8359-c31cb97b88b9,000000 - 00000111,none,2025-08-05,VDC-O Domhaill,none,-5.0,EUR,none,False
3fc3f3aa-fcb6-4cda-addb-aa6a431e70a3,000000 - 00000011,none,2025-08-05,VDP-LEAP CARD APP,none,-25.0,EUR,none,False
ef2ccfbb-e5e0-45d7-abab-b6aa2b0924a0,000000 - 00000011,none,2025-08-05,VDP-SP FLOWERSFORD,115.76 USD@,-103.41,EUR,none,False
23fe8c21-d68e-47b9-bc9d-f25817bc18c3,000000 - 00000011,none,2025-08-05,*TPP Poland,none,0.0,EUR,none,False
654a6dec-d254-42c9-b7d5-46f30560538e,000000 - 00000011,none,2025-08-05,VDC-DUNNES TRALEE,none,-11.7,EUR,none,False
3d152c74-5131-456f-a521-b90b8c8cc058,000000 - 00000011,none,2025-08-05,VDC-LIDL IRELAND L,none,-10.05,EUR,none,False
d0c2032f-097c-4e53-a214-8a21f7ed818a,000000 - 00000011,none,2025-08-05,VDC-MORANS SPAR,none,-2.0,EUR,none,False
79467b98-38a1-4991-b37a-52cf70c3456e,000000 - 00000011,none,2025-08-05,VDC-MORANS SPAR,none,-2.1,EUR,none,False
50d01b8d-96d4-4319-9f26-4dda219b8ff6,000000 - 00000011,none,2025-08-05,VDC-MORANS SPAR,none,-4.55,EUR,none,False
4fa132e0-357d-438a-8b9f-7eec7c1e1de4,000000 - 00000111,none,2025-08-05,VDC-SQ *BRIO BRUNC,none,-5.0,EUR,none,False
3dd38044-d057-4752-a6ce-df269949ce87,000000 - 00000011,none,2025-08-05,VDC-SQ *MADDENS,none,-8.5,EUR,none,False
676e9d36-650f-4361-a9bd-0cc235071a79,000000 - 00000011,none,2025-08-06,*TPP Anna Versar,none,0.0,EUR,none,False
0f18a683-94a7-4f6f-96af-38163adff291,000000 - 00000011,none,2025-08-06,VDC-AKIRA ASIA SUP,none,-10.2,EUR,none,False
d4cfee66-8b72-48f3-b9f2-1a878a32c252,000000 - 00000011,none,2025-08-06,VDC-TESCO STORES 3,none,-15.75,EUR,none,False
62ac34de-a124-4c2d-b556-c381cd288a83,000000 - 00000111,none,2025-08-06,VDC-LIDL IRELAND L,none,-3.23,EUR,none,False
7d9f2cd2-574d-44a3-a5c9-09c8c88c0bab,000000 - 00000111,none,2025-08-06,VDC-SQ *MADDENS,none,-8.0,EUR,none,False
b6a20ea2-bb78-402e-b0f1-5ad247a2e023,000000 - 00000111,none,2025-08-06,BABKI,none,7.0,EUR,none,False
829524b1-d674-4241-aa59-4d3e1df68d8f,000000 - 00000111,none,2025-08-06,VDP-Vesta EIR TopU,none,-20.0,EUR,none,False
8681f040-0e35-4dd0-bb38-a70178a87854,000000 - 00000111,none,2025-08-06,VDC-SQ *MADDENS,none,-6.5,EUR,none,False
5da9c522-dc7e-4128-a8a2-1a56028fb339,000000 - 00000111,none,2025-08-07,VDC-MCDONALDS,none,-21.0,EUR,none,False
cc8b31d4-f93b-4510-8d8b-b0d3c410c20f,000000 - 00000111,none,2025-08-07,VDP-IRISH RAIL 771,none,-9.2,EUR,none,False
0dcfa937-a936-4e87-b7d9-230141418079,000000 - 00000111,none,2025-08-07,*MOBI BEER,none,-12.0,EUR,none,False
8eb026e4-4c4e-4aec-b90d-50cf23ae2d13,000000 - 00000111,none,2025-08-07,VDP-TFI GO,none,-0.65,EUR,none,False
869341b4-6f81-4fcc-8401-b36460533d5b,000000 - 00000011,none,2025-08-07,*MOBI  TOP-UP,000000008,-20.0,EUR,none,False
fac17ddb-a736-48fa-8ab8-2ff86877b097,000000 - 00000011,none,2025-08-07,VDC-PENNEYS TRALEE,none,-1.5,EUR,none,False
ed7dd846-f744-4d44-82de-4787887d8456,000000 - 00000011,none,2025-08-07,VDC-TESCO STORES 3,none,-6.45,EUR,none,False
244ec8b0-3253-45cb-bd00-b860cc16bf3a,000000 - 00000111,none,2025-08-08,VDC-BAININ COFFEE,none,-8.4,EUR,none,False
ab3227c8-b150-45b9-82ad-1107be41f7b0,000000 - 00000011,none,2025-08-08,BIN BAN TEO W32,Account Number: 000000 - 00000033,317.9,EUR,none,False
20bc1181-3657-4435-ac78-fc40e0ea2ce9,000000 - 00000011,none,2025-08-08,VDC-SHANNON AIRPOR,none,-35.0,EUR,none,False
d0106ef5-d975-427a-bd87-b68658e1d12c,000000 - 00000111,none,2025-08-11,VDP-RYANAIR     CN,none,-19.99,EUR,none,False
bc864098-1bec-464f-9c01-18786599066a,000000 - 00000111,none,2025-08-11,VDP-RYANAIR     ZN,none,-54.0,EUR,none,False
86e60445-536a-475e-a889-a292b7ae753b,000000 - 00000011,none,2025-08-11,VDP-MAKEUP,none,-29.78,EUR,none,False
b5c778b0-510f-41ff-a5a7-c35aef951244,000000 - 00000011,none,2025-08-11,*TPP Anna Versar,none,0.0,EUR,none,False
99baba03-a588-4e5c-9ee9-7c5697737111,000000 - 00000011,none,2025-08-11,VDC-NATA DENT STOM,none,0.0,EUR,none,False
6d77d419-63b4-4514-9edb-ed4a71535dd4,000000 - 00000111,none,2025-08-11,VDC-Parkgate Coffe,none,-3.5,EUR,none,False
acb13574-7bcc-44f2-8ab1-4c23cf146cf8,000000 - 00000111,none,2025-08-11,VDC-PENNEYS TRALEE,none,-5.0,EUR,none,False
53ab2d94-1020-4f05-ba3d-27dc1a438cf3,000000 - 00000111,none,2025-08-11,VDC-TESCO STORES 3,none,-2.45,EUR,none,False
dadaefb9-d428-48e9-96ff-cd29f1d04170,000000 - 00000111,none,2025-08-11,VDC-TESCO STORES 3,none,-4.65,EUR,none,False
a15c9101-581e-4e83-aee3-d6008556d53e,000000 - 00000111,none,2025-08-11,VDP-RYANAIR     L2,none,-103.99,EUR,none,False
0a4728bd-4438-4467-8bac-b556f4f929e1,000000 - 00000111,none,2025-08-11,VDP-RYANAIR     PU,none,-42.63,EUR,none,False
27e2d0ba-eefa-41aa-8e72-e1a9a6f59275,000000 - 00000111,none,2025-08-12,VDC-Salty souls ca,none,-5.0,EUR,none,False
4b67ad44-6e58-458a-8664-cb96f8e34bfc,000000 - 00000111,none,2025-08-13,VDP-IRISH RAIL 784,none,-3.75,EUR,none,False
78af9813-8c2f-4f2f-80b5-b613b11c9f57,000000 - 00000111,none,2025-08-13,D/D Electric Irela,000000 - 00002111,-192.97,EUR,none,False
b2be23a7-63a7-4215-a8ee-e256a1f72f9e,000000 - 00000111,none,2025-08-13,VDC-IRISH RAIL KIL,none,-4.3,EUR,none,False
61423caa-9ce7-4684-ad67-3dfef274c5a4,000000 - 00000111,none,2025-08-13,VDC-PENNEYS KILLAR,none,-2.0,EUR,none,False
55149ef3-de23-4869-9d70-60f7c1f9be76,000000 - 00000011,none,2025-08-13,*MOBI  TOP-UP,000000008,-40.0,EUR,none,False
14aa1b50-2ec6-4e42-8beb-8046475f4fff,000000 - 00000111,none,2025-08-13,VDC-LIDL IRELAND L,none,-2.43,EUR,none,False
1fc06764-5484-410e-aba4-747ab6a8a3f9,000000 - 00000011,none,2025-08-15,BIN BAN TEO W33,Account Number: 000000 - 00000033,364.74,EUR,none,False
8f003a46-f7f7-4527-b641-a96d2bd1a6ce,000000 - 00000011,none,2025-08-15,VDP-IRISH RAIL 766,none,-31.98,EUR,none,False
db5b7177-83cd-4d04-83b2-0bcc6482b25f,000000 - 00000011,none,2025-08-18,VDP-TGTG caqw6v0br,none,-9.99,EUR,none,False
a1395fc2-9c92-4e04-b573-ae844ab3f98b,000000 - 00000011,none,2025-08-18,VDC-BUTLERS IRISH,none,-4.1,EUR,none,False
5ca858a6-e8f0-4a8e-802a-ec9f69e6835d,000000 - 00000011,none,2025-08-18,VDC-Il Valentino,none,-17.8,EUR,none,False
212a2d13-f614-43e3-9de4-ad9182e547b6,000000 - 00000011,none,2025-08-18,VDC-KIKO Milano,none,-12.99,EUR,none,False
04ae39b1-a5f7-44c3-b0e1-cf4662ebcb62,000000 - 00000011,none,2025-08-18,VDC-SQ *BAD BOYS B,none,-20.0,EUR,none,False
4911d7c7-9c9f-41ea-be9a-44faf703fcbb,000000 - 00000011,none,2025-08-18,VDC-TST-Off Beat H,none,-9.0,EUR,none,False
e08c13c1-db08-412d-8ed3-b4c46c7c4e01,000000 - 00000011,none,2025-08-18,VDC-CENTRA CAPEL S,none,-1.5,EUR,none,False
d4df1acd-e04f-404c-a657-7ec55ea8856a,000000 - 00000111,none,2025-08-18,VDP-shein.com,none,-119.65,EUR,none,False
6acb9028-3971-4381-8b70-1515137b8e38,000000 - 00000011,none,2025-08-19,VDC-PEPCO 1624,none,-6.0,EUR,none,False
a651bb83-715a-489a-a71f-7738d8d0ec33,000000 - 00000011,none,2025-08-19,VDC-SQ *MADDENS,none,-16.3,EUR,none,False
37b78a5c-a5bb-4d2b-a8bb-2f1f19ce83f2,000000 - 00000011,none,2025-08-20,VDP-Fresha NV BEAU,none,-38.0,EUR,none,False
569149b5-7a54-42e2-8201-4c9aadca298b,000000 - 00000011,none,2025-08-20,VDC-GARVEYS SUPERV,none,-4.1,EUR,none,False
84f16f01-52bd-4f87-a4b5-a7e0b29f01f9,000000 - 00000011,none,2025-08-20,VDC-SQ *MADDENS,none,-4.0,EUR,none,False
10524078-ebc1-4c2b-be49-c06857f78816,000000 - 00000011,none,2025-08-20,VDC-SUMUP  *DINKY,none,-7.0,EUR,none,False
49029189-64ee-45b2-9548-b3daf3b614d9,000000 - 00000111,none,2025-08-20,*ATMLDG TRALEE   C,1,150.0,EUR,none,False
96ffa1b1-22f7-4639-a0fd-6081c41b3280,000000 - 00000011,none,2025-08-22,VDC-LIDL IRELAND L,none,-33.53,EUR,none,False
d004b417-cae0-4a5c-8449-fb2fcb5ba3b5,000000 - 00000011,none,2025-08-22,VDP-WHYDONATE* WD-,none,-50.0,EUR,none,False
e1ea4391-1600-4c89-9a45-8b9c24600965,000000 - 00000011,none,2025-08-22,VDP-UPS IE,none,-41.39,EUR,none,False
ca59493c-f184-40ef-8569-34185ae55d8a,000000 - 00000011,none,2025-08-22,VDP-LEAP CARD APP,none,-15.0,EUR,none,False
ff783337-b2b5-4944-b2e4-2eb998a52a9d,000000 - 00000111,none,2025-08-22,VDC-BOOTS RET 1744,none,-11.49,EUR,none,False
21f52d03-5670-427e-9b79-8b1dbd33ce47,000000 - 00000111,none,2025-08-22,*MOBI PIVO,none,-22.0,EUR,none,False
f31788ab-c9d9-448d-8c64-1ed3245c5e0c,000000 - 00000111,none,2025-08-22,VDP-IRISH RAIL 784,none,-9.2,EUR,none,False
23af205c-bef7-401f-b5be-3b0a04b531fd,000000 - 00000111,none,2025-08-22,VDP-IRISH RAIL 724,none,-9.2,EUR,none,False
f8a2d0b8-5183-4a6a-b777-ea573862901d,000000 - 00000011,none,2025-08-25,VDC-LIDL IRELAND L,none,-5.87,EUR,none,False
b07f4ca1-98ce-459d-bd2d-ea16617a07d3,000000 - 00000011,none,2025-08-25,VDC-LIDL IRELAND L,none,-4.08,EUR,none,False
23c75c3c-9e0f-4676-bf23-cd4ba11aeb76,000000 - 00000011,none,2025-08-25,VDC-DUNNES TRALEE,none,-12.0,EUR,none,False
430dbf10-0968-49b9-8891-2efe0f077efa,000000 - 00000011,none,2025-08-25,VDC-PEPCO 1624,none,-2.0,EUR,none,False
f3c3d1a6-e626-4414-81a0-918c81a24b97,000000 - 00000011,none,2025-08-25,VDC-TESCO STORES 3,none,-9.5,EUR,none,False
9e9d2e16-15b3-4e53-a792-031f500c9517,000000 - 00000011,none,2025-08-25,VDC-PEPCO 1624,none,-1.5,EUR,none,False
d8922e7e-c5d6-43c6-8a99-76e24122cde6,000000 - 00000011,none,2025-08-25,VDC-BENNERS HOTEL,none,-98.85,EUR,none,False
2041c337-f025-4b20-bf78-197ada81abdf,000000 - 00000011,none,2025-08-25,VDC-AKIRA ASIA SUP,none,-6.0,EUR,none,False
1caa98a9-b667-42be-9fd4-c0b34470da7c,000000 - 00000111,none,2025-08-25,VDP-WHYDONATE* WD-,none,-11.4,EUR,none,False
f932f098-5046-433d-bbb0-4543375f1a16,000000 - 00000011,none,2025-08-26,VDC-DUNNES TRALEE,none,-9.28,EUR,none,False
21c630c4-0da4-4301-b7d4-8534e57e78bd,000000 - 00000011,none,2025-08-26,VDP-Spotify P39E01,none,-11.99,EUR,none,False
c426aff3-718e-45aa-9226-5cc82f58d372,000000 - 00000011,none,2025-08-27,VDC-SQ *MADDENS,none,-8.5,EUR,none,False
52c82e7c-9c99-4a57-8505-c3535ade15b0,000000 - 00000011,none,2025-08-27,VDP-IRISH RAIL 726,none,-63.96,EUR,none,False
31c53738-121a-4aaa-8ba5-f1c2959a8b5c,000000 - 00000011,none,2025-08-29,VDC-COOL HAND COFF,none,-15.0,EUR,none,False
e70630d3-21b0-419a-9b4e-31659f546b11,000000 - 00000011,none,2025-08-29,VDC-KIKO Milano,none,-8.49,EUR,none,False
75716130-95af-4a1f-b616-b0c0dfe4ae22,000000 - 00000011,none,2025-08-29,VDC-IZAKAYA,none,-47.2,EUR,none,False
05f89737-6d22-4988-82ce-fea5d23fe94f,000000 - 00000011,none,2025-08-29,VDC-H M,none,-49.98,EUR,none,False
975647de-c38b-4482-b48b-da8801388cfe,000000 - 00000111,none,2025-08-29,VDC-PEPCO 1624,none,-1.5,EUR,none,False
83111e2e-4af6-4cb7-8f67-016407ad386b,000000 - 00000011,none,2025-08-29,VDC-SUPERMAC'S RES,none,-22.9,EUR,none,False
ccf5f62b-745c-4633-b795-b2685c09d3a0,000000 - 00000011,none,2025-08-29,VDC-TST-Off Beat H,none,-9.0,EUR,none,False
1dc6b2b1-fb1e-4b96-9618-f5e105dcbeb1,000000 - 00000011,none,2025-09-01,VDC-LIDL IRELAND L,none,-16.58,EUR,none,False
645456b1-db48-406a-b00c-7f7ba5490735,000000 - 00000011,none,2025-09-01,VDP-COMPLETESAVE.I,none,-18.0,EUR,none,False
a95c4f78-a11b-451a-9ddf-63e6d4d2f640,000000 - 00000111,none,2025-09-01,*ATMLDG TRALEE   B,Card ending: 3430,150.0,EUR,none,False
3f66b868-981b-41b8-b813-52239d739d2b,000000 - 00000111,none,2025-09-01,VDC-SHANNON AIRPOR,none,-4.0,EUR,none,False
14deb80c-eee1-488d-96b8-1c588525e989,000000 - 00000011,none,2025-09-01,VDC-PEWEX,none,-8.98,EUR,none,False
b52cb6eb-c5cc-4095-b378-f8739a7377be,000000 - 00000111,none,2025-09-01,VDC-WH Smith Shann,none,-7.53,EUR,none,False
2e5d2929-8139-471a-b5bf-0e1278e8596b,000000 - 00000011,none,2025-09-01,VDC-AKIRA ASIA SUP,none,-6.0,EUR,none,False
d7c6b5ae-af00-4fc5-95d7-7e69c5d6cecd,000000 - 00000011,none,2025-09-02,VDC-LIDL IRELAND L,none,-17.02,EUR,none,False
d294ab27-ee0f-419c-895d-a8209270b24b,000000 - 00000011,none,2025-09-02,VDC-LIDL IRELAND L,none,-7.77,EUR,none,False
574ab6f5-170f-4864-937e-21af3fc6320d,000000 - 00000011,none,2025-09-02,VDC-UGLY MUG,none,-7.8,EUR,none,False
16a9f49f-130a-43d7-9036-e7516f0595ab,000000 - 00000111,none,2025-09-02,VDC-QAWRA FRUIT AN,none,-1.0,EUR,none,False
1f8b1590-4061-4a51-bb18-971d90bc48f9,000000 - 00000111,none,2025-09-02,VDC-WELBEES SUPERM,none,-56.11,EUR,none,False
552374f3-80b5-4f8a-8f83-0e610d3538ea,000000 - 00000111,none,2025-09-03,VDC-STEPPING STONE,none,-1.99,EUR,none,False
6080db5f-9440-4dcd-a0ef-1b8340dfe83f,000000 - 00000111,none,2025-09-03,VDC-GELATERIA LUNG,none,-3.25,EUR,none,False
8af5811c-2376-4be6-a368-d6981dd71802,000000 - 00000111,none,2025-09-03,VDC-MALTA PUBLIC T,none,-25.0,EUR,none,False
6b48c629-dba4-4079-9f45-178f736a22d4,000000 - 00000111,none,2025-09-03,VDP-VESTA  *EIR TO,none,-20.0,EUR,none,False
4899a994-40d3-44ce-8a4a-abb8bfa59c3b,000000 - 00000111,none,2025-09-03,VDC-SINGITA MIRACL,none,-66.0,EUR,none,False
723a0313-9f57-4dd3-a2e5-4912d2b2ea5d,000000 - 00000111,none,2025-09-04,VDC-DAVES FOODSTOR,none,-0.99,EUR,none,False
ea44dbe4-7822-495a-a475-413ff4bd198c,000000 - 00000111,none,2025-09-04,VDC-GOPALDAS,none,-4.0,EUR,none,False
e9ce04b6-19d7-4147-ba53-5616f0674431,000000 - 00000111,none,2025-09-04,VDC-Pandora Concep,none,-50.0,EUR,none,False
4cbe04db-a100-4a8d-9981-5c525e13b8e1,000000 - 00000111,none,2025-09-04,VDC-ANDREA BY MICS,none,-3.95,EUR,none,False
a7fc82e0-0d00-4b4e-ac3d-a74f14efc42d,000000 - 00000011,none,2025-09-04,VDC-SQ *MADDENS,none,-8.0,EUR,none,False
ecd23310-0823-4215-8de2-208e103bf49b,000000 - 00000011,none,2025-09-04,VDC-T K MAXX,none,-45.98,EUR,none,False
c7a18138-a720-4ee7-b5ce-4b77afa65e0c,000000 - 00000011,none,2025-09-04,VDC-TESCO STORES 3,none,-4.25,EUR,none,False
acdc6a68-1e57-4879-a9f7-b44be3680abc,000000 - 00000011,none,2025-09-04,VDC-THE RANGE,none,-5.26,EUR,none,False
30119119-c1ba-47bd-bb06-1b821b3070c8,000000 - 00000011,none,2025-09-05,*MOBI  TOP-UP,000000008,-20.0,EUR,none,False
211ec767-bd82-4255-87b3-1bfeab8e96c0,000000 - 00000011,none,2025-09-05,VDC-NOLAN HILSERS,none,-15.0,EUR,none,False
bc5bc15d-56bd-4ef6-b971-6bcb738127ce,000000 - 00000011,none,2025-09-05,VDC-PEPCO 1624,none,-4.0,EUR,none,False
4380e41f-0fc2-4e25-83a0-e7b42e666039,000000 - 00000111,none,2025-09-05,VDC-Paradise Bay L,none,-1.5,EUR,none,False
18fe6bcc-a3b3-4415-8549-dd75b82fce5e,000000 - 00000111,none,2025-09-05,VDP-APPLE.COM/BILL,none,-2.99,EUR,none,False
107ff1a4-2cb0-4455-8667-1b93992b822f,000000 - 00000111,none,2025-09-05,VDP-Vesta EIR TopU,none,-20.0,EUR,none,False
000fd6ce-7865-462a-a2c4-4a4c854f2b22,000000 - 00000111,none,2025-09-05,VDC-AMORINO VLT,none,-5.5,EUR,none,False
1c511977-768d-48e4-8152-02ccd93956b9,000000 - 00000111,none,2025-09-05,VDC-SOUTHERN FRIED,none,-8.75,EUR,none,False
89f6e824-d3f2-4230-9651-1611c49f42b9,000000 - 00000111,none,2025-09-05,VDC-SPAR SAVOY,none,-3.95,EUR,none,False
2421c37d-8397-485d-8a7f-b2085dbb4427,000000 - 00000011,none,2025-09-08,VDC-SQ *MADDENS,none,-8.0,EUR,none,False
9a464261-d645-482b-8023-b08bff25e533,000000 - 00000011,none,2025-09-08,VDC-DUNNES TRALEE,none,-38.45,EUR,none,False
97f057d3-4cf3-4355-b79b-85e072625a20,000000 - 00000111,none,2025-09-08,VDC-4 Sphinx,none,-0.5,EUR,none,False
e1975584-ffbd-44f2-8fd3-ab1ad6db5f01,000000 - 00000011,none,2025-09-08,VDC-AKIRA ASIA SUP,none,-6.0,EUR,none,False
3a62c717-6296-4265-bf77-3cc310f80dc8,000000 - 00000011,none,2025-09-09,VDP-Fresha NV BEAU,none,-38.0,EUR,none,False
5f12604d-cecf-48ea-84ac-71271a9077af,000000 - 00000011,none,2025-09-09,VDC-LIDL IRELAND L,none,-11.08,EUR,none,False
e9787471-c805-46b8-be87-9cb36c6e01a6,000000 - 00000111,none,2025-09-09,VDP-CITI BUS WEBSI,none,-14.5,EUR,none,False
508729d3-8e93-4a33-901c-be635e5cf31d,000000 - 00000011,none,2025-09-10,VDC-LIDL IRELAND L,none,-5.57,EUR,none,False
01b8cf6b-c463-4d8a-84a2-42e13b83f873,000000 - 00000111,none,2025-09-10,*MOBI MISHA,none,-10.0,EUR,none,False
e7b3bf9a-60d2-4667-abd2-9031fbec3793,000000 - 00000111,none,2025-09-10,VDC-RELAY,none,-5.15,EUR,none,False
06ce0822-82de-4c13-88d4-c34764c0fc97,000000 - 00000011,none,2025-09-11,VDP-TM *TICKETMAST,none,-353.25,EUR,none,False
9904c63d-1655-4504-ae0b-bb641d1ec151,000000 - 00000011,none,2025-09-11,VDC-BOOTS RETAIL17,none,-9.49,EUR,none,False
5850b909-3f72-4e1c-b423-cc1104e976f2,000000 - 00000011,none,2025-09-11,VDC-PEPCO 1624,none,-9.25,EUR,none,False
61c8eba3-67f6-4145-9c1c-760915986efa,000000 - 00000011,none,2025-09-11,VDC-SQ *MADDENS,none,-8.0,EUR,none,False
277c556a-096f-47bb-8556-092374bfd374,000000 - 00000111,none,2025-09-12,VDC-LIDL IRELAND L,none,-16.3,EUR,none,False
e1a44022-ae03-4b8a-a22f-03d957c6829d,000000 - 00000111,none,2025-09-12,VDC-MTU TRALEE NOR,none,-1.6,EUR,none,False
b1c6634a-50e8-4bb6-bd43-12fd923c4cee,000000 - 00000111,none,2025-09-12,VDC-SUMUP  *VAPE S,none,-18.0,EUR,none,False
7b3422ef-f43c-41f6-8a2a-19fba3828105,000000 - 00000011,none,2025-09-12,VDC-SQ *MADDENS,none,-8.0,EUR,none,False
364fb03a-a7b4-4576-86fe-d89944698761,000000 - 00000011,none,2025-09-15,VDC-SQ *MADDENS,none,-4.0,EUR,none,False
d6952982-abe2-408c-a06b-5ecfe0e60e6c,000000 - 00000011,none,2025-09-15,VDC-SMYTHS TOYS TR,none,-7.98,EUR,none,False
0e18a56c-a9ea-433d-8d75-e93c0236ea28,000000 - 00000011,none,2025-09-15,VDC-SQ *MADDENS,none,-13.0,EUR,none,False
176e7173-fba7-4f7b-94d9-c0ddbe760e21,000000 - 00000011,none,2025-09-15,VDC-SQ *MADDENS,none,-12.0,EUR,none,False
e2b93fb0-9905-4a11-9bda-2d2214369333,000000 - 00000011,none,2025-09-15,VDC-MCDONALDS 7026,none,-9.75,EUR,none,False
fbe163b7-bc76-4dd1-bbb2-45d52df21759,000000 - 00000111,none,2025-09-15,ZA SUSHI,none,6.0,EUR,none,False
77929425-cd5f-4037-8571-d6fef3fc3ab5,000000 - 00000011,none,2025-09-15,VDC-GARVEYS SUPERV,none,-4.77,EUR,none,False
6745507f-8d47-4847-88c9-cb649b907ba7,000000 - 00000011,none,2025-09-15,VDC-GARVEYS SUPERV,none,-2.85,EUR,none,False
6aa17663-db7e-435e-8027-48a847a371fd,000000 - 00000011,none,2025-09-15,VDC-ALDI 105 873,none,-4.21,EUR,none,False
95cc5112-a2e2-411e-bbb1-9af8ac8bb2dc,000000 - 00000111,none,2025-09-15,VDC-LIDL IRELAND L,none,-2.19,EUR,none,False
5bdda0f7-488d-48b6-b6ad-945d4f865408,000000 - 00000011,none,2025-09-15,VDC-LIDL IRELAND L,none,-16.93,EUR,none,False
24a43e84-3721-4bb6-8e11-c68a6eaf54f1,000000 - 00000011,none,2025-09-15,VDC-T K MAXX,none,-39.99,EUR,none,False
0789ae27-5c33-46db-8381-b8a98ba744f2,000000 - 00000011,none,2025-09-16,VDC-PENNEYS TRALEE,none,-4.0,EUR,none,False
f9529d42-9bb3-4d23-9744-d4fbda636e48,000000 - 00000011,none,2025-09-16,VDP-EVER DISH,none,-17.0,EUR,none,False
de75b67a-a19f-41d8-85d5-73a8e79813ab,000000 - 00000011,none,2025-09-16,VDC-DUNNES TRALEE,none,-3.68,EUR,none,False
c9ffa803-cf81-4a93-afaa-dc3eb2eeff0e,000000 - 00000011,none,2025-09-16,VDC-LIDL IRELAND L,none,-6.86,EUR,none,False
6968c296-05c5-4468-ad31-a3124090312e,000000 - 00000011,none,2025-09-16,VDC-MTU TRALEE NOR,none,-3.85,EUR,none,False
f3a6a64c-90d6-44de-8aca-a3a3c93aa064,000000 - 00000111,none,2025-09-17,VDC-MTU TRALEE NOR,none,-3.9,EUR,none,False
73faec4f-998a-4898-8199-5359a8a8fb97,000000 - 00000011,none,2025-09-17,VDC-MTU TRALEE NOR,none,-3.3,EUR,none,False
6130cfcc-f191-47c3-95c7-253f27025e32,000000 - 00000011,none,2025-09-18,VDC-MTU TRALEE NOR,none,-2.9,EUR,none,False
906cb7dd-968b-4527-8bb0-7d897fa90400,000000 - 00000011,none,2025-09-18,VDC-LIDL IRELAND L,none,-9.77,EUR,none,False
e664b468-be13-4650-9966-4cb106931089,000000 - 00000011,none,2025-09-18,VDP-LEAP CARD APP,none,-20.0,EUR,none,False
d57ca3f4-a776-4104-a282-1e2c533678a7,000000 - 00000111,none,2025-09-18,VDC-MTU TRALEE NOR,none,-3.5,EUR,none,False
853bf42d-eff1-4434-a4eb-4b97ad5c6ee7,000000 - 00000111,none,2025-09-18,VDC-SEAN OGS,none,-13.5,EUR,none,False
07e5f108-0bcc-4864-be70-51346178d080,000000 - 00000111,none,2025-09-18,VDC-LIDL IRELAND L,none,-3.43,EUR,none,False
07d12f92-8c74-48f0-82db-68847d84208f,000000 - 00000011,none,2025-09-19,VDP-TGTG rwb42c1q0,none,-5.99,EUR,none,False
d644458f-75ec-4756-bc60-366036d3fcc8,000000 - 00000111,none,2025-09-19,*ATMLDG TRELEE,Card ending: 3430,100.0,EUR,none,False
cae825c3-655a-4b04-811f-d1d5a5d22e97,000000 - 00000011,none,2025-09-19,VDC-SQ *MADDENS,none,-8.7,EUR,none,False
62b8553e-ee20-45c4-9b15-b0c9cd58cde3,000000 - 00000011,none,2025-09-19,VDC-GARVEYS SUPERV,none,-4.05,EUR,none,False
8d0057d6-f194-4a72-b347-c70ab91bbb85,000000 - 00000011,none,2025-09-22,VDC-SQ *MADDENS,none,-6.5,EUR,none,False
6b2cd620-b149-46fc-8424-af8d9e56a36c,000000 - 00000011,none,2025-09-22,VDC-PEPCO 1624,none,-1.5,EUR,none,False
38d90c37-a781-4285-8a58-96e097241de4,000000 - 00000011,none,2025-09-22,VDC-LIDL IRELAND L,none,-13.88,EUR,none,False
db0bdde1-fdb4-4f9c-8307-6e740b996b61,000000 - 00000011,none,2025-09-22,VDC-ALDI 105 873,none,-9.47,EUR,none,False
18c191e6-c441-4fa5-9628-42cc28e9a97f,000000 - 00000011,none,2025-09-22,VDP-EVER DISH,none,-13.0,EUR,none,False
0d5f4c51-986a-4654-bdc3-65d1ea6c3ca0,000000 - 00000111,none,2025-09-22,VDP-IRISH RAIL 788,none,-9.2,EUR,none,False
87179811-719f-4f04-bb5d-9a7afac086bb,000000 - 00000111,none,2025-09-22,VDP-IRISH RAIL 748,none,-9.2,EUR,none,False
a3cde504-dda8-414d-8c67-205ad0ab7b1a,000000 - 00000111,none,2025-09-22,VDC-WH Smith Cork,none,-3.34,EUR,none,False
3e0b1be1-91d2-453a-b456-0ab327e214d5,000000 - 00000111,none,2025-09-22,VDC-TST-Off Beat C,none,-2.97,EUR,none,False
d4dea411-ff71-48fd-9705-4ccfd4028e8a,000000 - 00000111,none,2025-09-22,VDC-TIGER STORES,none,-3.5,EUR,none,False
f024db34-97c2-488c-bab9-106796ef7a97,000000 - 00000111,none,2025-09-22,*MOBI COFEE,none,-15.0,EUR,none,False
fbeaa4cb-855e-4d30-999e-d7e7a818ec02,000000 - 00000111,none,2025-09-22,VDP-TFI GO,none,-0.65,EUR,none,False
89f25264-363d-4f29-8b00-18d4ff78f96c,000000 - 00000111,none,2025-09-23,VDC-LIDL IRELAND L,none,-4.34,EUR,none,False
c5392f33-1326-4d02-8faa-fe660525f4ed,000000 - 00000011,none,2025-09-23,VDC-COSTA,none,-4.75,EUR,none,False
fc9ea76d-4caa-4cc7-b2c8-fe1ea212745e,000000 - 00000011,none,2025-09-23,VDP-Just Eat Irela,none,-34.88,EUR,none,False
0b21ffca-550d-4759-b7d3-69a9f9bc7c13,000000 - 00000011,none,2025-09-23,VDC-AKIRA ASIA SUP,none,-6.5,EUR,none,False
48b7d9f5-fee6-47d7-9205-7e20d4e504a3,000000 - 00000111,none,2025-09-23,VDC-MTU TRALEE NOR,none,-1.9,EUR,none,False
2dcb86cb-df3b-45cc-9f30-1c30d5506424,000000 - 00000011,none,2025-09-23,VDC-MTU TRALEE NOR,none,-2.0,EUR,none,False
d52722cd-6385-439b-b9f5-f072a4d3951a,000000 - 00000011,none,2025-09-24,VDC-LIDL IRELAND L,none,-9.71,EUR,none,False
3f40f25a-e3b7-4fd5-926c-be4f43ef54ef,000000 - 00000011,none,2025-09-24,VDC-PEPCO 1624,none,-2.0,EUR,none,False
d1b8afa4-3912-4d30-be7a-1cd6a2c9b9ef,000000 - 00000011,none,2025-09-24,VDC-MTU TRALEE NOR,none,-2.9,EUR,none,False
024cfbe1-9f99-478f-b713-6d3fd79aaf8f,000000 - 00000011,none,2025-09-25,VDC-MTU TRALEE NOR,none,-2.9,EUR,none,False
6d0f3d66-e3d0-450b-a70e-21c498265455,000000 - 00000011,none,2025-09-25,VDC-AKIRA ASIA SUP,none,-6.0,EUR,none,False
fa1a7644-799a-4c5c-8a9e-a32c15b5d415,000000 - 00000011,none,2025-09-25,ZA PROEZD,none,2.0,EUR,none,False
26729d76-8da8-4d29-a736-b8a09f462475,000000 - 00000011,none,2025-09-25,VDC-AKIRA ASIA SUP,none,-6.0,EUR,none,False
50e5c083-b5c3-4c11-ae2d-63f67984f23d,000000 - 00000011,none,2025-09-26,VDC-LIDL IRELAND L,none,-6.58,EUR,none,False
94f655ce-d2e9-483d-a96f-dfe7623a9c7e,000000 - 00000011,none,2025-09-26,VDC-TESCO STORES 3,none,-16.7,EUR,none,False
4da4c992-8709-4c3d-95b8-b07068d6d8e2,000000 - 00000011,none,2025-09-26,VDP-Spotify P3AE09,none,-11.99,EUR,none,False
ab6a4422-65c6-48c8-849f-03b52c2ad2c9,000000 - 00000011,none,2025-09-26,COFEE,none,5.0,EUR,none,False
d0286d66-247e-481b-98bd-7234dfa02a45,000000 - 00000011,none,2025-09-26,VDC-COSTA,none,-9.4,EUR,none,False
184cb0a1-1d2a-4c00-b2cb-57a6199b4fc6,000000 - 00000111,none,2025-09-26,*MOBI COFEE,none,-5.0,EUR,none,False
7b20efa6-ab22-43e4-9543-2be8adfa1f1b,000000 - 00000111,none,2025-09-29,VDP-UBER   * EATS,none,-18.63,EUR,none,False
93fc109c-a0fc-49d2-8bf2-a3b28e8dc813,000000 - 00000111,none,2025-09-29,VDC-SEAN OGS,none,-13.5,EUR,none,False
74fcc5e1-661b-4640-8c5a-ce663a413081,000000 - 00000111,none,2025-09-29,FEE-QTR TO 29AUG25,000000 - 00000221,-16.45,EUR,none,False
91e8b0f6-a6ab-4a47-8388-a09415d4e100,000000 - 00000011,none,2025-09-29,FEES REFUNDED,Account Number: 000000 - 00000022,21.9,EUR,none,False
76c836da-4c90-41fc-8924-fe40fee83299,000000 - 00000011,none,2025-09-29,FEE-QTR TO 29AUG25,Account Number: 000000 - 00000022,-21.9,EUR,none,False
20da3b98-6f7c-4d74-9bcc-671a0a14514a,000000 - 00000011,none,2025-09-29,VDC-LIDL IRELAND L,none,-19.36,EUR,none,False
bd47ca07-2ae4-41e0-acae-bb8999d7798b,000000 - 00000011,none,2025-09-29,VDC-MCDONALDS 7026,none,-14.1,EUR,none,False
665a6b6c-5530-45d8-80a4-ff2f16afff75,000000 - 00000011,none,2025-09-29,VDC-MTU TRALEE NOR,none,-2.9,EUR,none,False
8c570295-4d9c-41ed-bf69-419ffeb64215,000000 - 00000011,none,2025-09-29,VDC-PEWEX,none,-8.78,EUR,none,False
b79fd424-65bf-497f-9237-edbbed1e0559,000000 - 00000011,none,2025-09-29,VDC-SEAN OGS,none,-7.0,EUR,none,False
20e6364e-30af-489b-bbcd-3e6f81feaa9d,000000 - 00000011,none,2025-09-29,VDC-SQ *MADDENS,none,-9.2,EUR,none,False
37c33b4f-2c98-4c64-857f-5df238585e15,000000 - 00000111,none,2025-09-30,VDC-MTU TRALEE NOR,none,-2.0,EUR,none,False
48107dd0-7e76-41d0-a54c-c9b26bc6c88b,000000 - 00000011,none,2025-09-30,VDC-LIDL IRELAND L,none,-15.55,EUR,none,False
6f193d9b-e10a-4ddf-86b9-e061022609ad,000000 - 00000111,none,2025-09-30,VDC-MTU TRALEE NOR,none,-4.2,EUR,none,False
2aeb4b89-253e-4f7b-8512-fc30974a7c12,000000 - 00000011,none,2025-09-30,VDC-MTU TRALEE NOR,none,-2.0,EUR,none,False
399b1223-66dc-48c0-90a6-8b2423e0a0be,000000 - 00000111,none,2025-09-30,VDC-MTU TRALEE NOR,none,-1.5,EUR,none,False
7c988a6f-825f-4197-a52b-4ac86b2ca7a8,000000 - 00000111,none,2025-10-01,VDC-MTU TRALEE NOR,none,-6.6,EUR,none,False
4bc99121-706f-4ddd-8db6-66ac783ebedf,000000 - 00000011,none,2025-10-01,VDC-PEPCO 1624,none,-8.25,EUR,none,False
f822cf1d-f160-43cb-a956-20a1a36624b4,000000 - 00000011,none,2025-10-01,VDC-MTU TRALEE NOR,none,-2.9,EUR,none,False
c35ffa36-fe3e-4ca4-b1c2-590684c1fc9a,000000 - 00000011,none,2025-10-01,*MOBI ALLA KALDREN,none,-50.0,EUR,none,False
9b1f2ce1-01b3-4af7-b938-c774d1e7ea37,000000 - 00000011,none,2025-10-01,VDP-COMPLETESAVE.I,none,-18.0,EUR,none,False
15f6be7e-6e47-44a0-8506-0ebf969fd77b,000000 - 00000111,none,2025-10-01,VDP-Vesta EIR TopU,none,-20.0,EUR,none,False
b272b099-36f2-4c9b-834b-0fadbff5295f,000000 - 00000111,none,2025-10-01,VDP-IRISH RAIL 734,none,-9.2,EUR,none,False
64c9a0c6-7730-4280-b1dc-bfe571929a0b,000000 - 00000111,none,2025-10-01,*ATMLDG TRELEE,30,200.0,EUR,none,False
300cc39c-4a5f-41a7-b1a3-0711dcb3bfb4,000000 - 00000111,none,2025-10-01,*ATMLDG TRALEE   C,Card ending: 3430,50.0,EUR,none,False
05971359-eb8b-44d5-a434-4fa16fd36b5e,000000 - 00000011,none,2025-10-02,VDC-SMYTHS TOYS TR,none,-34.99,EUR,none,False
3e51e34b-ec1d-4158-91d4-5ca5e664fafb,000000 - 00000111,none,2025-10-02,VDP-ELECTRIC IRELA,none,-168.32,EUR,none,False
f67e9584-5bc8-4d11-a7b5-7a31973a4f69,000000 - 00000011,none,2025-10-02,VDC-T K MAXX,none,-10.0,EUR,none,False
5935ce6e-f42e-41aa-bb6c-864b471844fe,000000 - 00000011,none,2025-10-02,VDC-MTU TRALEE NOR,none,-2.9,EUR,none,False
e97b44f1-df5d-42e2-b8ec-3a15f272248d,000000 - 00000011,none,2025-10-02,VDC-MCDONALDS 7026,none,-12.6,EUR,none,False
c97a0a4a-d18a-4498-8c0e-5c51453e45cc,000000 - 00000111,none,2025-10-03,VDC-SQ *SOMA COFFE,none,-4.6,EUR,none,False
1a180870-d0bb-42ff-87a8-2e2a63b230ec,000000 - 00000111,none,2025-10-03,VDC-CIT CAMPUS CAT,none,-6.75,EUR,none,False
ddc89eb1-a63a-4b1f-afd9-8b67b4498edd,000000 - 00000111,none,2025-10-03,VDP-TFI GO,none,-0.65,EUR,none,False
e3d21af3-0bdb-439c-a688-f56e914d35e2,000000 - 00000111,none,2025-10-03,VDP-TFI GO,none,-0.65,EUR,none,False
1da3bb49-f093-4581-b6f0-4dc6c6b8b8ad,000000 - 00000011,none,2025-10-03,*MOBI  TOP-UP,000000008,-20.0,EUR,none,False
cfb5dac3-b3ab-4249-aa0d-d96bb91920bf,000000 - 00000011,none,2025-10-03,VDC-SQ *MADDENS,none,-8.0,EUR,none,False
7497d585-ac52-4c37-9aad-5a0dfc927ee2,000000 - 00000011,none,2025-10-06,VDC-SUMUP  *THE SA,none,-11.0,EUR,none,False
82ee3f25-d6cf-4911-a156-c90beb55d576,000000 - 00000011,none,2025-10-06,VDP-LEAP CARD APP,none,-20.0,EUR,none,False
8b0bfb65-ad28-4da8-9787-15c424d18df0,000000 - 00000011,none,2025-10-06,VDP-Trading 212,none,-100.0,EUR,none,False
f7aa4969-69a5-496d-8c79-0b44312a91fd,000000 - 00000111,none,2025-10-06,VDP-IRISH RAIL 740,none,-9.2,EUR,none,False
56667107-ba65-493d-b5b2-0d841797be52,000000 - 00000111,none,2025-10-06,VDC-LIDL IRELAND L,none,-7.51,EUR,none,False
4804a23c-0ebe-46e1-ac41-c7bdbc6fb205,000000 - 00000111,none,2025-10-06,VDC-UNITY SHOP AND,none,-6.8,EUR,none,False
e3679250-b05f-438b-a9d6-b04fc07acc82,000000 - 00000111,none,2025-10-06,VDP-APPLE.COM/BILL,none,-2.99,EUR,none,False
50954248-1282-420c-9a40-4737f67f9e04,000000 - 00000011,none,2025-10-06,VDC-GARVEYS SUPERV,none,-4.24,EUR,none,False
12232177-cf39-499e-ba6d-b12e684c0d3e,000000 - 00000111,none,2025-10-07,VDC-MTU TRALEE NOR,none,-5.2,EUR,none,False
2b403f9f-0e9f-489b-ae93-6cc6b05ed591,000000 - 00000011,none,2025-10-07,VDC-MTU TRALEE NOR,none,-2.9,EUR,none,False
686fd433-c56f-436d-bd77-340412ea08e2,000000 - 00000011,none,2025-10-08,VDP-IT TRALEE SERV,none,-95.0,EUR,none,False
bd3231a9-b18d-4d9f-ae09-c686511f7777,000000 - 00000111,none,2025-10-08,VDC-MTU TRALEE NOR,none,-2.7,EUR,none,False
5751ba88-68c4-4abf-b5bc-187f7c6f96af,000000 - 00000111,none,2025-10-09,VDP-IRISH RAIL 727,none,-9.2,EUR,none,False
e8d369ae-4e4c-45be-aa78-2cec2acbde42,000000 - 00000011,none,2025-10-09,ZA FEES,none,17.0,EUR,none,False
b074cb72-f0f2-4c80-8f49-43a14b767af2,000000 - 00000011,none,2025-10-09,TWICE,none,184.0,EUR,none,False
5ea96373-44ae-45a1-b549-239c75ef6f06,000000 - 00000111,none,2025-10-09,VDC-MTU TRALEE NOR,none,-1.4,EUR,none,False
7464a239-2963-4413-b0d7-de3a1b409a54,000000 - 00000011,none,2025-10-10,VDP-AN POST-OFFICE,none,-2.95,EUR,none,False
be24fa44-0629-4ed7-a8e3-ae4ca27e0d45,000000 - 00000011,none,2025-10-10,BIN BAN TEO W41,Account Number: 000000 - 00000033,164.68,EUR,none,False
33e629ad-98d3-40ba-9762-1c6da32c94a5,000000 - 00000111,none,2025-10-10,VDC-LIDL IRELAND L,none,-7.12,EUR,none,False
971d49cc-c74d-491e-ac8d-1dbbfbf477e3,000000 - 00000011,none,2025-10-10,*MOBI KATERYNA FRIEND,none,-4.0,EUR,none,False
3f75df96-dfa5-4535-a48f-60b169a476f5,000000 - 00000111,none,2025-10-13,VDC-MARKS & SPENCE,none,-2.45,EUR,none,False
45ef9348-9e0c-4a37-b8f5-cd2c1b3781db,000000 - 00000011,none,2025-10-13,VDC-EASON  TRALEE,none,-19.99,EUR,none,False
b3eaa8d5-ef49-4f03-9d1c-f3b948177301,000000 - 00000111,none,2025-10-13,MYKHAILO B,000000 - 00001223,15.95,EUR,none,False
4d9f7b35-3886-432b-9606-5de88bdd5cea,000000 - 00000111,none,2025-10-13,VDP-IRISH RAIL 792,none,-9.2,EUR,none,False
e23f0f02-b2b9-42da-b1f4-3d871535b1ac,000000 - 00000111,none,2025-10-13,VDC-DEALZ - 1638,none,-0.5,EUR,none,False
f4fde3d4-a9cf-48ab-a271-94f88f020844,000000 - 00000111,none,2025-10-13,VDC-POLONEZ BLACKP,none,-5.73,EUR,none,False
7aa6960b-ab71-45d3-ac14-0b1b0db7a2ba,000000 - 00000111,none,2025-10-13,VDC-RITUALS COSMET,none,-14.0,EUR,none,False
b759abb4-75b8-4950-a531-f477c957d85b,000000 - 00000011,none,2025-10-13,EMMANUELLA ,Account Number: 000000 - 00000044,20.0,EUR,none,False
8c6ba817-c96d-4604-a964-ba213352fdc0,000000 - 00000011,none,2025-10-13,VDP-ACADEMI.CX,14.99 USD@,-13.42,EUR,none,False
2e740948-a31a-4aa9-ae92-ffa61b4147ad,000000 - 00000111,none,2025-10-13,MYKHAILO B,000000 - 00001223,10.0,EUR,none,False
1666f898-f8a8-4234-a08d-9d33b9e93ca7,000000 - 00000011,none,2025-10-13,VDP-UNIVERSITY COL,none,-50.0,EUR,none,False
8e777b3c-5705-4d9f-a2c6-e5415fee8848,000000 - 00000111,none,2025-10-14,*ATMLDG TRELEE,14,200.0,EUR,none,False
fbde9cb4-7242-43b2-8464-2cab4619efa6,000000 - 00000011,none,2025-10-14,VDC-MTU TRALEE NOR,none,-2.0,EUR,none,False
c23196f5-2777-4780-a775-05ee2eb90697,000000 - 00000011,none,2025-10-15,VDC-LIDL IRELAND L,none,-5.98,EUR,none,False
7042c8e6-3dea-4fa0-a7a7-c43848a3a986,000000 - 00000011,none,2025-10-15,VDP-Amazon.ie,none,-42.71,EUR,none,False
a878bccd-5e6a-43b0-9d9b-3a7a971c36a5,000000 - 00000111,none,2025-10-15,VDC-MTU TRALEE NOR,none,-4.7,EUR,none,False
9a578aad-4e80-48ee-a4ad-245291a999f1,000000 - 00000111,none,2025-10-15,VDC-LIDL IRELAND L,none,-21.23,EUR,none,False
d53d8b3b-9e79-4b4e-9748-c20d8cca2d4b,000000 - 00000011,none,2025-10-16,VDC-SQ *MADDENS,none,-12.0,EUR,none,False
c22c1896-f740-45d1-82d5-b38f2a8a740f,000000 - 00000111,none,2025-10-16,VDC-MTU TRALEE NOR,none,-1.4,EUR,none,False
b61777f5-9945-4a97-be15-2df1602df376,000000 - 00000011,none,2025-10-17,VDC-MTU TRALEE NOR,none,-5.0,EUR,none,False
130b8254-b08d-4e5d-ae48-5546a9f3ace3,000000 - 00000111,none,2025-10-17,VDP-IRISH RAIL 766,none,-3.75,EUR,none,False
70eb08ea-81b4-468e-91be-715f5c0ba63c,000000 - 00000111,none,2025-10-17,VDC-MTU TRALEE NOR,none,-5.4,EUR,none,False
115b54f1-2fd2-40cb-8ff0-092ebfe4e5b7,000000 - 00000011,none,2025-10-17,VDP-WALTER AI,none,-8.0,EUR,none,False
892d2893-dbc6-4577-963e-1eba6307d8d0,000000 - 00000111,none,2025-10-17,VDC-MTU TRALEE NOR,none,-3.4,EUR,none,False
22b0c4dd-e43b-4ed5-82d2-e74982c3bb9a,000000 - 00000011,none,2025-10-20,VDC-MCDONALDS 7026,none,-10.7,EUR,none,False
693b0c92-17f1-471a-b0a4-28144f03bf46,000000 - 00000111,none,2025-10-20,VDC-IRISH RAIL KIL,none,-4.3,EUR,none,False
b6ef12ae-0041-4870-b224-b6f3875eabf2,000000 - 00000011,none,2025-10-20,VDC-MTU TRALEE NOR,none,-4.9,EUR,none,False
dbc70011-ae22-4c25-88a0-48a89ba651ea,000000 - 00000011,none,2025-10-20,VDC-THE RANGE,none,-5.2,EUR,none,False
1c8d8a8e-6a7f-4c40-b291-bf718106b7bb,000000 - 00000011,none,2025-10-20,VDC-PEPCO 1624,none,-1.3,EUR,none,False
9e6c6a88-f4f7-4e93-9b4a-f57e0301e214,000000 - 00000111,none,2025-10-20,VDP-IRISH RAIL 725,none,-3.75,EUR,none,False
cf643fbd-f699-4f70-86d3-feef2cff2280,000000 - 00000011,none,2025-10-20,VDC-AKIRA ASIA SUP,none,-17.8,EUR,none,False
831d610c-f408-4455-9b71-7f3d5a163e14,000000 - 00000011,none,2025-10-20,VDC-NEXT RETAIL LT,none,-87.65,EUR,none,False
6e40e9e4-c119-4369-a632-e1c072c4fb8c,000000 - 00000111,none,2025-10-20,VDC-TRALEE SUPER M,none,-3.0,EUR,none,False
70b3792e-10a2-45e1-be34-2270803dee35,000000 - 00000111,none,2025-10-20,VDC-MCDONALDS 7031,none,-11.2,EUR,none,False
621242e0-a841-48e9-a7d7-dc4756544b8e,000000 - 00000111,none,2025-10-20,VDC-LUNA FINE FOOD,none,-4.7,EUR,none,False
abb80773-b21b-4f80-be35-3f0f9ec9d495,000000 - 00000111,none,2025-10-20,VDC-IRISH RAIL KIL,none,-4.3,EUR,none,False
80e605e8-a431-40b6-b51b-9502b8bb5712,000000 - 00000111,none,2025-10-21,VDC-LIDL IRELAND L,none,-3.58,EUR,none,False
0275ab49-d47d-45f4-a273-e689f542c62f,000000 - 00000011,none,2025-10-21,VDC-MTU TRALEE NOR,none,-2.9,EUR,none,False
4cc9b192-fe0b-491b-8680-866834f66e31,000000 - 00000011,none,2025-10-21,VDC-PEPCO 1624,none,-3.5,EUR,none,False
f19111c3-091d-4a77-a187-138828880310,000000 - 00000111,none,2025-10-21,VDC-MTU TRALEE NOR,none,-2.0,EUR,none,False
7c5052b1-efd2-42f7-8964-3554345a5012,000000 - 00000011,none,2025-10-22,VDP-Zara.com,none,-59.9,EUR,none,False
5ee9081c-935b-4f6c-b993-b5762d16e79d,000000 - 00000011,none,2025-10-22,VDC-C.H.CHEMISTS,none,-3.55,EUR,none,False
76e19956-7d47-40a0-b038-75eff557b814,000000 - 00000011,none,2025-10-22,VDC-PENNEYS TRALEE,none,-9.0,EUR,none,False
7588f97f-5484-457a-a7cf-3eba6f84a03f,000000 - 00000011,none,2025-10-22,VDC-SQ *MADDENS,none,-4.0,EUR,none,False
fa9c22a4-e668-495c-9d4e-d360c96ed0f5,000000 - 00000011,none,2025-10-23,VDC-MERCURY FOOD D,none,-9.7,EUR,none,False
f2ba306a-6cdd-4321-b3ef-d2cea71ad635,000000 - 00000011,none,2025-10-23,VDC-AN POST-OFFICE,none,-2.75,EUR,none,False
c6905377-fc1b-402b-a8a7-980501ec51e4,000000 - 00000011,none,2025-10-23,VDC-SQ *MADDENS,none,-4.0,EUR,none,False
cd6d5ab8-43aa-438a-a8af-150be59e14ef,000000 - 00000011,none,2025-10-24,VDP-LEAP CARD APP,none,-10.0,EUR,none,False
62de405e-a0f2-4727-bffc-ddb307a90661,000000 - 00000111,none,2025-10-24,VDC-CENTRA PATRICK,none,-3.15,EUR,none,False
54a0970b-c22c-48ec-872b-a4222e3f6955,000000 - 00000111,none,2025-10-24,VDP-IRISH RAIL 712,none,-9.2,EUR,none,False
3ba07544-9cb6-4e2c-b525-9fd1ca0a63e2,000000 - 00000111,none,2025-10-24,VDP-FREENOW* CW7K3,none,-15.8,EUR,none,False
e830e418-c740-4449-8799-0c617098575b,000000 - 00000011,none,2025-10-24,VDP-WWW.PHELANCONA,none,-40.0,EUR,none,False
dde42b44-1be1-469e-9a90-65170dcb2540,000000 - 00000111,none,2025-10-28,VDC-IMPALA CORK,none,-12.3,EUR,none,False
2a7f7f60-919a-44f8-a151-6bff21845a37,000000 - 00000111,none,2025-10-28,VDC-Insomnia Dougl,none,-9.4,EUR,none,False
8ee24470-fe85-4d55-9b01-4e1b1a53c344,000000 - 00000111,none,2025-10-28,VDC-Cork Coffee Ro,none,-8.8,EUR,none,False
c6b5029c-1347-43ed-8fad-57651f764323,000000 - 00000111,none,2025-10-28,VDP-VESTA  *EIR TO,none,-20.0,EUR,none,False
d71aaa5f-8055-4c97-bcdd-73bec8f98d52,000000 - 00000111,none,2025-10-28,VDP-IRISH RAIL 794,none,-18.4,EUR,none,False
343167bd-59f8-4ca6-b270-a93b4c796bd1,000000 - 00000111,none,2025-10-28,VDC-LIDL IRELAND L,none,-8.93,EUR,none,False
cbb2c996-e8da-490a-bb97-675a04e34232,000000 - 00000011,none,2025-10-28,VDC-CLIFFS OF MOHE,none,-12.0,EUR,none,False
0168bd46-2f11-4133-8d38-17f4f2f9c2aa,000000 - 00000011,none,2025-10-28,VDC-LIDL IRELAND L,none,-32.11,EUR,none,False
a06a3855-0882-4ca5-bc97-fc21337311bc,000000 - 00000011,none,2025-10-28,VDC-THE PUFFINS NE,none,-19.8,EUR,none,False
b65ad8cd-f7a6-41d2-b225-52be370d119d,000000 - 00000011,none,2025-10-28,VDC-MORANS SPAR,none,-2.2,EUR,none,False
63fdd038-641f-4bcf-b421-994faa8c7094,000000 - 00000011,none,2025-10-28,MONEY TRANSFER,Account Number: 000000 - 00000055,500.0,EUR,none,False
0cd2f252-9954-467f-a15c-9a9f726189ad,000000 - 00000011,none,2025-10-28,VDC-DUNNES TRALEE,none,-16.5,EUR,none,False
a6119256-f35f-4be4-920f-f1c7f1929ab4,000000 - 00000011,none,2025-10-28,VDC-DUNNES TRALEE,none,-3.0,EUR,none,False
217e2420-a7ab-44d6-a4f9-d34f074d7a7e,000000 - 00000011,none,2025-10-28,VDC-AKIRA ASIA SUP,none,-6.0,EUR,none,False
b69c01c9-9889-4090-9e98-8b8faf9f9ceb,000000 - 00000011,none,2025-10-28,VDP-Spotify P3BCCB,none,-11.99,EUR,none,False
0f8f3145-6b5e-4f85-9930-ee714c990ad5,000000 - 00000011,none,2025-10-28,VDP-IRISH RAIL 730,none,-31.98,EUR,none,False
8faa4da8-4569-4631-ace7-e5be80124140,000000 - 00000111,none,2025-10-29,VDC-PEPCO 1624,none,-6.5,EUR,none,False
f257a4a3-b55d-4103-b61c-0dfb3b2c7fac,000000 - 00000011,none,2025-10-30,VDC-TAKARA,none,-29.9,EUR,none,False
4b9bd4ce-e55e-458b-8b37-4442a6a6de47,000000 - 00000011,none,2025-10-30,VDC-KIKO Milano,none,-17.48,EUR,none,False
e7997ce2-aa7b-433b-a316-7a0c7d2bfa9f,000000 - 00000011,none,2025-10-30,VDC-H & M,none,-39.98,EUR,none,False
1b08daf7-f138-41ed-83bc-c7e790413d20,000000 - 00000011,none,2025-10-30,VDC-CW Henry St I0,none,-2.99,EUR,none,False
5552911a-6fd4-4fbf-ac1a-ec6669361f9c,000000 - 00000011,none,2025-10-30,VDC-BERSHKA JERVIS,none,-9.99,EUR,none,False
829ea1e9-5716-4f99-b94d-9584d3f3e63f,000000 - 00000011,none,2025-10-31,VDC-HEATONS,none,-70.0,EUR,none,False
6c3ffa1a-35b2-4cca-82bd-524b69521cdf,000000 - 00000011,none,2025-10-31,VDP-COMPLETESAVE.I,none,-18.0,EUR,none,False
82c8a357-9ebb-4cad-b8c6-2a765bc9543e,000000 - 00000011,none,2025-10-31,VDC-PEPCO 1624,none,-10.75,EUR,none,False
8f3da57e-f3f2-4bc9-936f-48ff52fe84a2,000000 - 00000111,none,2025-10-31,*ATMLDG TRALEE   B,Card ending: 3430,100.0,EUR,none,False
631a52c6-1ffc-4217-ac87-e6251aebaf76,000000 - 00000111,none,2025-11-04,VDC-MTU TRALEE NOR,none,-2.0,EUR,none,False
10db0b1d-4a0a-4c88-9ab2-eab7d4d21bfd,000000 - 00000111,none,2025-11-04,VDP-TCARD,none,-5.0,EUR,none,False
9762d391-8791-4ed8-a2ef-f07c3fe43d90,000000 - 00000111,none,2025-11-05,VDP-APPLE.COM/BILL,none,-2.99,EUR,none,False
