user_id,phone_number,is_active,accounts.mask,accounts.balances_current,accounts.COUNT(users),accounts.STD(users.phone_number),accounts.COUNT(transactions),accounts.MAX(transactions.amount),accounts.MEAN(transactions.amount),accounts.TIME_SINCE_LAST(transactions.date),account_id = 9930706642522650,account_id = 9917427141037396,account_id = 9900112423294341,account_id = 9860410258164577,account_id = 9854565050152785,account_id = 9794651047068781,account_id = 9749369644991904,account_id = 9742732280297836,account_id = 9650043164794435,account_id = 9625783251295911,account_id is unknown,accounts.name = JCB 16 digit,accounts.name = VISA 16 digit,accounts.name = Maestro,accounts.name = Mastercard,accounts.name = American Express,accounts.name = VISA 19 digit,accounts.name = Diners Club / Carte Blanche,accounts.name = VISA 13 digit,accounts.name = Plaid Saving,accounts.name = Plaid Mortgage,accounts.name is unknown,accounts.type = Checking,accounts.type = Savings,accounts.type = credit card credit,accounts.type = CHECKING,accounts.type = SAVINGS,accounts.type = checking depository,accounts.type = savings depository,accounts.type = mortgage loan,accounts.type = student loan,accounts.type = money market depository,accounts.type is unknown,accounts.currency_code = USD,accounts.currency_code = EUR,accounts.currency_code = GBP,accounts.currency_code = CAD,accounts.currency_code = SEK,accounts.currency_code = PLN,accounts.currency_code = NOK,accounts.currency_code = DKK,accounts.currency_code = CZK,accounts.currency_code is unknown,days_since_last,vel_1d,vel_7d,vel_30d,task_segment,top_category,top_merchant,primary_spending_trend,merchant_diversity,new_merchant_count,avg_amt_30d,count_30d,account_ids,primary_account_id,account_count
USR601Ie,9940257284540,True,4545,5441.53,1,0.0,43,104974.48,5562.131162790698,26438400.0,False,False,False,False,False,False,False,False,False,False,True,False,False,False,False,False,False,True,False,False,False,False,True,False,False,False,False,False,False,False,False,False,False,True,False,False,False,False,False,False,False,False,False,0,1,1,2,Single-Tasker,Shopping,Online,Surging in Shopping,0.07,3.0,52655.244999999995,2.0,[2139676416712885],2139676416712885,1
USR784ar,163685278612,True,5584,5905.18,1,0.0,49,247647.06,5329.335102040816,27129600.0,False,False,False,False,False,False,False,False,False,False,True,False,False,False,False,False,False,False,True,False,False,False,True,False,False,False,False,False,False,False,False,False,False,True,False,False,False,False,False,False,False,False,False,0,1,3,5,Healthy Active User,Shopping,In-store,Surging in Transportation,0.06,3.0,40.038,5.0,[7543884398141519],7543884398141519,1
USR821Id,9010451165086,False,7812,1941.35,1,0.0,48,6177.84,502.49458333333337,25920000.0,False,False,False,False,False,False,False,False,False,False,True,False,False,False,True,False,False,False,False,False,False,False,True,False,False,False,False,False,False,False,False,False,False,True,False,False,False,False,False,False,False,False,False,0,1,1,1,Single-Tasker,Housing and Utilities,Mobile App,Surging in Shopping,0.06,3.0,127.41,1.0,[1604890074220810],1604890074220810,1
USR559Pi,1403156369907,True,3880,4873.83,1,0.0,60,72561.91,1723.643166666667,25833600.0,False,False,False,False,False,False,False,False,False,False,True,False,False,True,False,False,False,False,False,False,False,False,False,True,False,False,False,False,False,False,False,False,False,True,False,False,False,False,False,False,False,False,False,0,1,1,3,Single-Tasker,Shopping,Online,Surging in Personal Hygiene,0.05,3.0,759.1666666666669,3.0,[5941501766570540],5941501766570540,1
USR200Qr,6357412364929,True,8732,4669.34,1,0.0,53,137850.83,5177.333773584905,25920000.0,False,False,False,False,False,False,False,False,False,False,True,False,True,False,False,False,False,False,False,False,False,False,True,False,False,False,False,False,False,False,False,False,False,True,False,False,False,False,False,False,False,False,False,0,1,1,3,Single-Tasker,Shopping,Mobile App,Surging in Gifts,0.06,3.0,418.85666666666674,3.0,[3512077158593814],3512077158593814,1
USR674rM,2950127882471,False,9250,1878.54,1,0.0,56,45596.39,1126.9358928571428,27043200.0,False,False,False,False,False,False,False,False,False,False,True,False,False,False,False,False,False,False,False,False,False,True,True,False,False,False,False,False,False,False,False,False,False,True,False,False,False,False,False,False,False,False,False,0,1,2,5,Consistent Weekly,Shopping,Mobile App,Surging in Gifts,0.05,3.0,195.888,5.0,[5803693697951858],5803693697951858,1
USR240hY,8068443470772,False,1308,1859.21,1,0.0,46,133788.47,3421.651086956522,25660800.0,False,False,False,False,False,False,False,False,False,False,True,False,True,False,False,False,False,False,False,False,False,False,False,True,False,False,False,False,False,False,False,False,False,True,False,False,False,False,False,False,False,False,False,0,1,2,2,Consistent Weekly,Shopping,In-store,Surging in Travel,0.07,3.0,307.85,2.0,[4224306651356493],4224306651356493,1
USR778Dk,7533389736473,True,9862,2556.62,1,0.0,46,52249.94,1704.3506521739132,27388800.0,False,False,False,False,False,False,False,False,False,False,True,False,False,False,False,True,False,False,False,False,False,False,True,False,False,False,False,False,False,False,False,False,False,True,False,False,False,False,False,False,False,False,False,0,1,2,2,Consistent Weekly,Shopping,Online,Surging in Subscriptions,0.07,3.0,2335.455,2.0,[3949741928248699],3949741928248699,1
USR546jz,3758513797865,True,9301,3230.87,1,0.0,63,6448.22,491.4668253968254,25920000.0,False,False,False,False,False,False,False,False,False,False,True,False,False,False,True,False,False,False,False,False,False,False,False,True,False,False,False,False,False,False,False,False,False,True,False,False,False,False,False,False,False,False,False,0,1,2,3,Consistent Weekly,Housing and Utilities,In-store,Surging in Fitness,0.05,3.0,161.9333333333333,3.0,[7764623284161428],7764623284161428,1
USR663xt,5618528697989,False,9093,5150.56,1,0.0,52,6121.45,360.7036538461538,27216000.0,False,False,False,False,False,False,False,False,False,False,True,False,False,False,False,False,False,False,False,False,False,True,False,True,False,False,False,False,False,False,False,False,False,True,False,False,False,False,False,False,False,False,False,0,2,2,5,Consistent Weekly,Housing and Utilities,Mobile App,Surging in Hobbies,0.06,3.0,153.41400000000004,5.0,[9446891202578633],9446891202578633,1
USR661vO,5805700709211,False,4410,8138.98,1,0.0,58,74246.46,1516.3505172413793,25920000.0,False,False,False,False,False,False,False,False,False,False,True,True,False,False,False,False,False,False,False,False,False,False,True,False,False,False,False,False,False,False,False,False,False,True,False,False,False,False,False,False,False,False,False,0,1,1,1,Single-Tasker,Shopping,Online,Surging in Subscriptions,0.05,3.0,10.97,1.0,[2615180011966079],2615180011966079,1
USR451OQ,4134960346473,False,7272,1948.59,1,0.0,55,223326.51,5403.577454545455,28252800.0,False,False,False,False,False,False,False,False,False,False,True,True,False,False,False,False,False,False,False,False,False,False,False,True,False,False,False,False,False,False,False,False,False,True,False,False,False,False,False,False,False,False,False,0,1,1,2,Single-Tasker,Shopping,In-store,Surging in Shopping,0.05,3.0,111677.96500000001,2.0,[5574944151033046],5574944151033046,1
USR691Fc,1189912437097,False,6367,3383.49,1,0.0,55,14662.15,452.73436363636364,28857600.0,False,False,False,False,False,False,False,False,False,False,True,False,False,False,False,False,False,True,False,False,False,False,True,False,False,False,False,False,False,False,False,False,False,True,False,False,False,False,False,False,False,False,False,0,1,1,4,Single-Tasker,Shopping,In-store,Surging in Transportation,0.05,3.0,173.9375,4.0,[5767004796880259],5767004796880259,1
USR479Ei,7048945915671,True,3166,3805.56,1,0.0,45,138404.27,4816.148222222222,26611200.0,False,False,False,False,False,False,False,False,False,False,True,False,False,False,False,False,False,False,False,False,False,True,True,False,False,False,False,False,False,False,False,False,False,True,False,False,False,False,False,False,False,False,False,0,1,1,2,Single-Tasker,Shopping,Online,Surging in Friend Activities,0.07,3.0,113.755,2.0,[9389130119020628],9389130119020628,1
USR581oW,4784718713442,True,5203,9561.65,1,0.0,44,166627.35,4520.097272727274,27216000.0,False,False,False,False,False,False,False,False,False,False,True,False,False,True,False,False,False,False,False,False,False,False,False,True,False,False,False,False,False,False,False,False,False,True,False,False,False,False,False,False,False,False,False,0,1,1,1,Single-Tasker,Shopping,In-store,Surging in Hobbies,0.07,3.0,157.56,1.0,[8179573942020720],8179573942020720,1
USR847gv,993849048480,False,5828,2315.97,1,0.0,53,107525.35,2451.581886792453,26784000.0,False,False,False,False,False,False,False,False,False,False,True,True,False,False,False,False,False,False,False,False,False,False,False,True,False,False,False,False,False,False,False,False,False,True,False,False,False,False,False,False,False,False,False,0,1,1,3,Single-Tasker,Shopping,In-store,Surging in Groceries,0.06,3.0,60.51,3.0,[8848874948850153],8848874948850153,1
USR759Fr,8941613265726,True,2792,8702.14,1,0.0,44,239228.17,7395.055454545454,25574400.0,False,False,False,False,False,False,False,False,False,False,True,False,False,False,False,True,False,False,False,False,False,False,False,True,False,False,False,False,False,False,False,False,False,True,False,False,False,False,False,False,False,False,False,0,1,1,4,Single-Tasker,Shopping,In-store,Surging in Friend Activities,0.07,3.0,68.2125,4.0,[3555536118789913],3555536118789913,1
USR689zf,3759061674399,True,3829,1944.8,1,0.0,58,169033.95,3383.0743103448276,27388800.0,False,False,False,False,False,False,False,False,False,False,True,False,True,False,False,False,False,False,False,False,False,False,True,False,False,False,False,False,False,False,False,False,False,True,False,False,False,False,False,False,False,False,False,0,1,2,3,Consistent Weekly,Shopping,Online,Surging in Personal Hygiene,0.05,3.0,464.0199999999999,3.0,[4202632551640792],4202632551640792,1
USR007mU,643760639444,True,8379,564.48,1,0.0,60,4218.34,268.14500000000004,26697600.0,False,False,False,False,False,False,False,False,False,False,True,False,True,False,False,False,False,False,False,False,False,False,False,True,False,False,False,False,False,False,False,False,False,True,False,False,False,False,False,False,False,False,False,0,1,1,1,Single-Tasker,Housing and Utilities,Mobile App,Surging in Groceries,0.05,3.0,3.79,1.0,[359069724284360],359069724284360,1
USR491Th,9960817616666,False,1796,5847.74,1,0.0,38,196369.28,5394.025263157894,25833600.0,False,False,False,False,False,False,False,False,False,False,True,False,False,False,False,False,False,False,False,False,False,True,False,True,False,False,False,False,False,False,False,False,False,True,False,False,False,False,False,False,False,False,False,0,1,1,2,Single-Tasker,Shopping,Mobile App,Surging in Friend Activities,0.08,3.0,348.725,2.0,[1643016443890993],1643016443890993,1
USR813QZ,2906139668422,True,8627,3754.74,1,0.0,44,22279.68,912.2706818181819,27388800.0,False,False,False,False,False,False,False,False,False,False,True,False,False,False,False,False,False,False,True,False,False,False,False,True,False,False,False,False,False,False,False,False,False,True,False,False,False,False,False,False,False,False,False,0,1,1,3,Single-Tasker,Shopping,Mobile App,Surging in Shopping,0.07,3.0,7470.366666666666,3.0,[8692017926644744],8692017926644744,1
USR343dk,2418838681433,False,5384,8581.51,1,0.0,42,352230.76,8908.194523809523,27561600.0,False,False,False,False,False,False,False,False,False,False,True,False,False,False,False,False,False,True,False,False,False,False,True,False,False,False,False,False,False,False,False,False,False,True,False,False,False,False,False,False,False,False,False,0,1,1,2,Single-Tasker,Shopping,Online,Surging in Shopping,0.07,3.0,2619.04,2.0,[5345704589529914],5345704589529914,1
USR291BJ,9728650467847,False,7647,8416.34,1,0.0,43,240833.83,13707.738372093023,27388800.0,False,False,False,False,False,False,False,False,False,False,True,False,False,False,True,False,False,False,False,False,False,False,False,True,False,False,False,False,False,False,False,False,False,True,False,False,False,False,False,False,False,False,False,0,1,1,3,Single-Tasker,Shopping,Mobile App,Surging in Groceries,0.07,3.0,58.626666666666665,3.0,[1719991586353126],1719991586353126,1
USR335Sx,918297661156,False,5613,9081.43,1,0.0,62,5295.14,328.7737096774194,26784000.0,False,False,False,False,False,False,False,False,False,False,True,False,False,True,False,False,False,False,False,False,False,False,False,True,False,False,False,False,False,False,False,False,False,True,False,False,False,False,False,False,False,False,False,0,1,1,2,Single-Tasker,Housing and Utilities,In-store,Surging in Housing and Utilities,0.05,3.0,1444.575,2.0,[7371891675043951],7371891675043951,1
USR818nO,3801362285165,False,2555,4718.49,1,0.0,59,121426.99,2640.141525423729,27388800.0,False,False,False,False,False,False,False,False,False,False,True,False,False,False,False,False,True,False,False,False,False,False,True,False,False,False,False,False,False,False,False,False,False,True,False,False,False,False,False,False,False,False,False,0,2,3,5,Healthy Active User,Shopping,Online,Surging in Fitness,0.05,3.0,4215.528,5.0,[8346901314453072],8346901314453072,1
USR375sC,3035687611305,True,6615,1970.88,1,0.0,39,309905.6,11061.831794871794,27216000.0,False,False,False,False,False,False,False,False,False,False,True,False,True,False,False,False,False,False,False,False,False,False,False,True,False,False,False,False,False,False,False,False,False,True,False,False,False,False,False,False,False,False,False,0,1,1,2,Single-Tasker,Shopping,In-store,Surging in Subscriptions,0.08,3.0,10.07,2.0,[6440342709019424],6440342709019424,1
USR271eY,9400324607778,True,5915,2373.05,1,0.0,50,274630.42,5957.0122,26352000.0,False,False,False,False,False,False,False,False,False,False,True,False,False,False,False,True,False,False,False,False,False,False,True,False,False,False,False,False,False,False,False,False,False,True,False,False,False,False,False,False,False,False,False,0,1,1,3,Single-Tasker,Shopping,Mobile App,Surging in Hobbies,0.06,3.0,2587.1633333333334,3.0,[272675983639227],272675983639227,1
USR253Hy,384643815046,False,5958,1280.11,1,0.0,54,3805.35,293.24018518518517,25920000.0,False,False,False,False,False,False,False,False,False,False,True,False,False,False,False,False,False,False,False,False,False,True,True,False,False,False,False,False,False,False,False,False,False,True,False,False,False,False,False,False,False,False,False,0,1,2,2,Consistent Weekly,Housing and Utilities,In-store,Surging in Hobbies,0.06,3.0,71.33,2.0,[74344592456871],74344592456871,1
USR944dh,564869852932,False,8815,3230.22,1,0.0,47,337617.55,7374.609361702127,25574400.0,False,False,False,False,False,False,False,False,False,False,True,False,False,False,True,False,False,False,False,False,False,False,True,False,False,False,False,False,False,False,False,False,False,True,False,False,False,False,False,False,False,False,False,0,1,1,2,Single-Tasker,Shopping,Online,Surging in Friend Activities,0.06,3.0,708.23,2.0,[1397334799009989],1397334799009989,1
USR418ju,4925638582442,True,1261,9831.78,1,0.0,57,112518.54,2359.8571929824557,25574400.0,False,False,False,False,False,False,False,False,False,False,True,False,False,True,False,False,False,False,False,False,False,False,True,False,False,False,False,False,False,False,False,False,False,True,False,False,False,False,False,False,False,False,False,0,1,1,4,Single-Tasker,Shopping,Mobile App,Surging in Gifts,0.05,3.0,782.7075,4.0,[4990242242398628],4990242242398628,1
USR896kh,6506485822965,False,9873,7594.49,1,0.0,48,1935.14,249.045,25574400.0,False,False,False,False,False,False,False,False,False,False,True,False,False,False,False,False,False,True,False,False,False,False,True,False,False,False,False,False,False,False,False,False,False,True,False,False,False,False,False,False,False,False,False,0,1,1,3,Single-Tasker,Gifts,Mobile App,Surging in Subscriptions,0.06,3.0,162.25666666666666,3.0,[7352397003984129],7352397003984129,1
USR961UU,1692257690166,False,2625,6910.58,1,0.0,49,34567.49,920.6226530612244,28857600.0,False,False,False,False,False,False,False,False,False,False,True,False,False,False,True,False,False,False,False,False,False,False,True,False,False,False,False,False,False,False,False,False,False,True,False,False,False,False,False,False,False,False,False,0,1,1,3,Single-Tasker,Shopping,In-store,Surging in Hobbies,0.06,3.0,57.38999999999999,3.0,[7343538510695578],7343538510695578,1
USR324Nf,2437620730426,True,4572,7786.15,1,0.0,47,53345.01,2691.3106382978726,27216000.0,False,False,False,False,False,False,False,False,False,False,True,False,False,False,False,False,False,False,True,False,False,False,True,False,False,False,False,False,False,False,False,False,False,True,False,False,False,False,False,False,False,False,False,0,1,1,4,Single-Tasker,Shopping,In-store,Surging in Personal Hygiene,0.06,3.0,33.3325,4.0,[2169306134303862],2169306134303862,1
USR500hm,7462184823605,False,8186,7400.45,1,0.0,45,330956.88,7608.732666666666,26006400.0,False,False,False,False,False,False,False,False,False,False,True,False,False,False,False,False,False,False,False,False,False,True,True,False,False,False,False,False,False,False,False,False,False,True,False,False,False,False,False,False,False,False,False,0,1,2,3,Consistent Weekly,Shopping,In-store,Surging in Friend Activities,0.07,3.0,57.373333333333335,3.0,[3406664646808167],3406664646808167,1
USR539EC,5690602551741,False,3368,3076.92,1,0.0,57,220002.74,7960.667894736842,25833600.0,False,False,False,False,False,False,False,False,False,False,True,True,False,False,False,False,False,False,False,False,False,False,False,True,False,False,False,False,False,False,False,False,False,True,False,False,False,False,False,False,False,False,False,0,1,1,1,Single-Tasker,Shopping,In-store,Surging in Personal Hygiene,0.05,3.0,2094.25,1.0,[2647051895487886],2647051895487886,1
USR053xd,4207420852827,False,283,8402.82,1,0.0,46,1617.1,227.58282608695652,26956800.0,False,False,False,False,False,False,False,False,False,False,True,False,False,False,True,False,False,False,False,False,False,False,False,True,False,False,False,False,False,False,False,False,False,True,False,False,False,False,False,False,False,False,False,0,1,2,2,Consistent Weekly,Medical/Dental,Online,Surging in Friend Activities,0.07,3.0,270.345,2.0,[3917434863514659],3917434863514659,1
USR082ip,7002524896127,True,3980,4551.7,1,0.0,50,147254.26,4223.267400000001,27907200.0,False,False,False,False,False,False,False,False,False,False,True,False,False,False,False,False,False,False,False,False,False,True,True,False,False,False,False,False,False,False,False,False,False,True,False,False,False,False,False,False,False,False,False,0,2,2,3,Consistent Weekly,Shopping,Mobile App,Surging in Subscriptions,0.06,3.0,15.693333333333333,3.0,[365317339018220],365317339018220,1
USR721Xc,9019207008960,True,7512,8860.2,1,0.0,47,42886.51,1528.1757446808513,25747200.0,False,False,False,False,False,False,False,False,False,False,True,False,True,False,False,False,False,False,False,False,False,False,False,True,False,False,False,False,False,False,False,False,False,True,False,False,False,False,False,False,False,False,False,0,1,1,2,Single-Tasker,Shopping,In-store,Surging in Hobbies,0.06,3.0,45.17,2.0,[975087702556556],975087702556556,1
USR242VN,6350601517722,False,3528,1076.77,1,0.0,55,319220.4,6009.656181818183,25574400.0,False,False,False,False,False,False,False,False,False,False,True,False,False,False,False,False,False,False,False,False,False,True,True,False,False,False,False,False,False,False,False,False,False,True,False,False,False,False,False,False,False,False,False,0,1,3,4,Healthy Active User,Shopping,In-store,Surging in Travel,0.05,3.0,184.77750000000003,4.0,[2941076191576956],2941076191576956,1
USR598GE,8031396258764,True,3957,8629.3,1,0.0,48,129871.71,5221.460416666667,29203200.0,False,False,False,False,False,False,False,False,False,False,True,False,True,False,False,False,False,False,False,False,False,False,False,True,False,False,False,False,False,False,False,False,False,True,False,False,False,False,False,False,False,False,False,0,1,1,3,Single-Tasker,Shopping,Online,Surging in Fitness,0.06,3.0,2055.71,3.0,[6332365085760707],6332365085760707,1
USR511YG,1040602921230,True,3775,6672.64,1,0.0,45,47534.53,1316.8835555555556,28771200.0,False,False,False,False,False,False,False,False,False,False,True,False,False,True,False,False,False,False,False,False,False,False,False,True,False,False,False,False,False,False,False,False,False,True,False,False,False,False,False,False,False,False,False,0,1,2,3,Consistent Weekly,Shopping,In-store,Surging in Shopping,0.07,3.0,15892.656666666668,3.0,[9192896743314302],9192896743314302,1
USR360hy,5289066760766,True,8659,1810.65,1,0.0,50,6863.9,565.1543999999999,26352000.0,False,False,False,False,False,False,False,False,False,False,True,True,False,False,False,False,False,False,False,False,False,False,False,True,False,False,False,False,False,False,False,False,False,True,False,False,False,False,False,False,False,False,False,0,1,1,2,Single-Tasker,Shopping,Online,Surging in Food,0.06,3.0,203.3,2.0,[5114885622146222],5114885622146222,1
USR430vt,2205485035892,False,5386,7298.6,1,0.0,44,5773.76,439.9259090909091,27993600.0,False,False,False,False,False,False,False,False,False,False,True,True,False,False,False,False,False,False,False,False,False,False,True,False,False,False,False,False,False,False,False,False,False,True,False,False,False,False,False,False,False,False,False,0,1,1,3,Single-Tasker,Housing and Utilities,Mobile App,Surging in Housing and Utilities,0.07,3.0,1932.6200000000001,3.0,[3523255766543907],3523255766543907,1
USR244Uu,1419031884614,True,5022,3430.64,1,0.0,51,10114.45,626.266862745098,28771200.0,False,False,False,False,False,False,False,False,False,False,True,False,False,True,False,False,False,False,False,False,False,False,False,True,False,False,False,False,False,False,False,False,False,True,False,False,False,False,False,False,False,False,False,0,1,1,2,Single-Tasker,Shopping,Online,Surging in Subscriptions,0.06,3.0,7.25,2.0,[1244941447924031],1244941447924031,1
USR478AY,9595217749544,True,6607,7543.37,1,0.0,53,170583.42,3721.589056603774,25833600.0,False,False,True,False,False,False,False,False,False,False,False,False,False,True,False,False,False,False,False,False,False,False,True,False,False,False,False,False,False,False,False,False,False,True,False,False,False,False,False,False,False,False,False,0,1,1,3,Single-Tasker,Shopping,Online,Surging in Gifts,0.06,3.0,1653.1666666666667,3.0,[9900112423294341],9900112423294341,1
USR215xz,5886124235015,False,364,9179.34,1,0.0,51,5185.76,517.8521568627451,26265600.0,False,False,False,False,False,False,False,False,False,False,True,False,True,False,False,False,False,False,False,False,False,False,True,False,False,False,False,False,False,False,False,False,False,True,False,False,False,False,False,False,False,False,False,0,1,1,2,Single-Tasker,Housing and Utilities,Online,Surging in Hobbies,0.06,3.0,88.51,2.0,[5978525337123148],5978525337123148,1
USR247kd,1780210921450,False,3028,2039.21,1,0.0,56,84389.3,1645.6053571428572,25833600.0,False,False,False,False,False,False,False,False,False,False,True,True,False,False,False,False,False,False,False,False,False,False,False,True,False,False,False,False,False,False,False,False,False,True,False,False,False,False,False,False,False,False,False,0,1,1,2,Single-Tasker,Shopping,Online,Surging in Groceries,0.05,3.0,54.489999999999995,2.0,[1786987321212464],1786987321212464,1
USR207DW,2249581293740,False,2398,7305.84,1,0.0,64,42790.8,976.04984375,25574400.0,False,False,False,False,False,False,False,False,False,False,True,False,False,False,False,True,False,False,False,False,False,False,True,False,False,False,False,False,False,False,False,False,False,True,False,False,False,False,False,False,False,False,False,0,1,1,5,Single-Tasker,Shopping,Mobile App,Surging in Shopping,0.05,3.0,8946.774000000001,5.0,[7810330163594035],7810330163594035,1
USR258us,6947578577370,True,2320,3418.21,1,0.0,44,5654.33,369.6865909090909,26006400.0,False,False,False,False,False,False,False,False,False,False,True,False,False,False,False,False,False,True,False,False,False,False,False,True,False,False,False,False,False,False,False,False,False,True,False,False,False,False,False,False,False,False,False,0,1,1,1,Single-Tasker,Housing and Utilities,In-store,Surging in Housing and Utilities,0.07,3.0,68.09,1.0,[1907263899175261],1907263899175261,1
USR534tr,1462262145789,False,121,1283.68,1,0.0,42,48468.04,1405.0757142857144,25660800.0,False,False,False,False,False,False,False,False,False,False,True,False,True,False,False,False,False,False,False,False,False,False,False,True,False,False,False,False,False,False,False,False,False,True,False,False,False,False,False,False,False,False,False,0,1,2,3,Consistent Weekly,Shopping,Mobile App,Surging in Personal Hygiene,0.07,3.0,1507.1433333333334,3.0,[1904057589594551],1904057589594551,1
USR139BK,2937893111722,True,5804,8607.72,1,0.0,57,100056.35,3563.166315789474,27129600.0,False,False,False,False,False,False,False,False,False,False,True,False,False,False,False,False,False,False,False,False,False,True,False,True,False,False,False,False,False,False,False,False,False,True,False,False,False,False,False,False,False,False,False,0,2,2,5,Consistent Weekly,Shopping,Online,Surging in Housing and Utilities,0.05,3.0,1142.7559999999999,5.0,[6777516850676564],6777516850676564,1
USR465GL,9424964955830,False,3768,1364.68,1,0.0,57,5011.25,403.5422807017544,25660800.0,False,False,False,False,False,False,False,False,False,False,True,False,False,False,False,False,False,False,False,False,False,True,True,False,False,False,False,False,False,False,False,False,False,True,False,False,False,False,False,False,False,False,False,0,1,2,5,Consistent Weekly,Housing and Utilities,Online,Surging in Travel,0.05,3.0,116.40800000000002,5.0,[7187442304170327],7187442304170327,1
USR628KZ,9261600919257,False,6827,542.38,1,0.0,46,4596.37,313.449347826087,27043200.0,False,False,False,False,False,False,False,False,False,False,True,False,False,False,False,False,False,False,True,False,False,False,False,True,False,False,False,False,False,False,False,False,False,True,False,False,False,False,False,False,False,False,False,0,1,2,3,Consistent Weekly,Housing and Utilities,In-store,Surging in Travel,0.07,3.0,151.46333333333334,3.0,[7265932119274561],7265932119274561,1
USR726Lh,3745006694949,False,9177,797.38,1,0.0,55,1487.04,204.13163636363635,28080000.0,False,False,False,False,False,False,False,False,False,False,True,False,False,False,False,False,False,False,True,False,False,False,True,False,False,False,False,False,False,False,False,False,False,True,False,False,False,False,False,False,False,False,False,0,2,2,3,Consistent Weekly,Medical/Dental,Mobile App,Surging in Travel,0.05,3.0,503.7533333333334,3.0,[5758936392022555],5758936392022555,1
USR423EB,4569954055788,False,4309,4881.4,1,0.0,50,20934.52,835.1496,26092800.0,False,False,False,False,False,False,False,False,False,False,True,False,True,False,False,False,False,False,False,False,False,False,True,False,False,False,False,False,False,False,False,False,False,True,False,False,False,False,False,False,False,False,False,0,1,1,1,Single-Tasker,Shopping,In-store,Surging in Gifts,0.06,3.0,70.93,1.0,[2117860040110492],2117860040110492,1
USR380Yw,987138649826,False,9208,2346.43,1,0.0,52,2603.85,292.62942307692305,26870400.0,False,False,False,False,False,False,False,False,False,False,True,False,False,False,False,False,False,False,False,False,False,True,False,True,False,False,False,False,False,False,False,False,False,True,False,False,False,False,False,False,False,False,False,0,1,3,5,Healthy Active User,Personal Hygiene,Online,Surging in Shopping,0.06,3.0,373.738,5.0,[6465636985218047],6465636985218047,1
USR653TK,1611143358027,True,8148,5750.4,1,0.0,43,213166.43,5193.130697674418,26524800.0,False,False,False,False,False,False,False,False,False,False,True,False,False,False,False,True,False,False,False,False,False,False,True,False,False,False,False,False,False,False,False,False,False,True,False,False,False,False,False,False,False,False,False,0,1,1,2,Single-Tasker,Shopping,Mobile App,Surging in Housing and Utilities,0.07,3.0,213.92000000000002,2.0,[8427394184261092],8427394184261092,1
USR271Yo,7300692821478,True,7769,8216.73,1,0.0,45,3452.17,344.68266666666665,30153600.0,False,False,False,False,False,False,False,False,False,False,True,False,True,False,False,False,False,False,False,False,False,False,True,False,False,False,False,False,False,False,False,False,False,True,False,False,False,False,False,False,False,False,False,0,1,1,3,Single-Tasker,Housing and Utilities,Online,Surging in Personal Hygiene,0.07,3.0,132.65333333333334,3.0,[4915301745302561],4915301745302561,1
USR574tK,1803247262255,False,5358,8225.0,1,0.0,41,6999.0,363.2009756097561,26092800.0,False,False,False,False,False,False,False,False,False,False,True,False,False,False,False,False,True,False,False,False,False,False,False,True,False,False,False,False,False,False,False,False,False,True,False,False,False,False,False,False,False,False,False,0,1,1,1,Single-Tasker,Housing and Utilities,Online,Surging in Shopping,0.07,3.0,296.2,1.0,[7532127441056208],7532127441056208,1
USR572qw,6885165212930,False,7678,4706.13,1,0.0,58,221971.79,8200.843965517242,26092800.0,False,False,False,False,False,False,False,False,False,False,True,False,False,False,True,False,False,False,False,False,False,False,True,False,False,False,False,False,False,False,False,False,False,True,False,False,False,False,False,False,False,False,False,0,1,1,4,Single-Tasker,Shopping,Mobile App,Surging in Subscriptions,0.05,3.0,28.2075,4.0,[7343201222998493],7343201222998493,1
USR925Mf,3731229777428,True,558,1241.88,1,0.0,39,3614.0,435.3102564102564,26179200.0,False,False,False,False,False,False,False,False,False,False,True,False,False,True,False,False,False,False,False,False,False,False,True,False,False,False,False,False,False,False,False,False,False,True,False,False,False,False,False,False,False,False,False,0,1,2,4,Consistent Weekly,Shopping,In-store,Surging in Shopping,0.08,3.0,1176.6375,4.0,[3635020399572580],3635020399572580,1
USR201Zu,5936378935347,True,5372,8376.62,1,0.0,56,7111.15,480.0646428571428,26265600.0,False,False,False,False,False,False,False,False,False,False,True,False,False,False,False,False,False,True,False,False,False,False,False,True,False,False,False,False,False,False,False,False,False,True,False,False,False,False,False,False,False,False,False,0,1,2,5,Consistent Weekly,Housing and Utilities,Mobile App,Surging in Transportation,0.05,3.0,216.26,5.0,[5896844080569374],5896844080569374,1
USR425DX,3054281317499,True,3706,1496.64,1,0.0,61,3441.79,342.8065573770492,25660800.0,False,False,False,False,False,False,False,False,False,False,True,True,False,False,False,False,False,False,False,False,False,False,True,False,False,False,False,False,False,False,False,False,False,True,False,False,False,False,False,False,False,False,False,0,1,1,3,Single-Tasker,Housing and Utilities,In-store,Surging in Groceries,0.05,3.0,236.97333333333333,3.0,[5051398843617869],5051398843617869,1
USR388wJ,7875182163417,True,5336,5162.39,1,0.0,55,244977.8,6776.161454545455,25833600.0,False,False,False,False,False,False,False,False,False,False,True,False,False,False,False,False,True,False,False,False,False,False,True,False,False,False,False,False,False,False,False,False,False,True,False,False,False,False,False,False,False,False,False,0,1,2,3,Consistent Weekly,Shopping,Mobile App,Surging in Medical/Dental,0.05,3.0,501.7033333333333,3.0,[3413230594669183],3413230594669183,1
USR068Xr,7253999821830,True,8025,8473.93,1,0.0,45,241921.72,15029.926666666666,31795200.0,False,False,False,False,True,False,False,False,False,False,False,False,False,False,False,True,False,False,False,False,False,False,False,True,False,False,False,False,False,False,False,False,False,True,False,False,False,False,False,False,False,False,False,0,1,1,1,Single-Tasker,Shopping,In-store,Surging in Food,0.07,3.0,147.8,1.0,[9854565050152785],9854565050152785,1
USR223cE,4188825509299,True,2951,5764.47,1,0.0,55,170911.33,4824.094181818182,26438400.0,False,False,False,False,False,False,False,False,False,False,True,True,False,False,False,False,False,False,False,False,False,False,False,True,False,False,False,False,False,False,False,False,False,True,False,False,False,False,False,False,False,False,False,0,1,1,3,Single-Tasker,Shopping,Online,Surging in Groceries,0.05,3.0,131.10666666666665,3.0,[410674843067860],410674843067860,1
USR031uI,7453987020766,False,4197,6108.69,1,0.0,55,61377.57,1354.732909090909,26524800.0,False,False,False,False,False,False,False,False,False,False,True,False,False,False,False,True,False,False,False,False,False,False,False,True,False,False,False,False,False,False,False,False,False,True,False,False,False,False,False,False,False,False,False,0,1,2,3,Consistent Weekly,Shopping,Online,Surging in Gifts,0.05,3.0,60.03666666666666,3.0,[3145676334558816],3145676334558816,1
USR151Xg,1900654730325,False,2550,6705.29,1,0.0,55,66772.13,1745.0918181818183,26784000.0,False,False,False,False,False,False,False,False,False,False,True,True,False,False,False,False,False,False,False,False,False,False,False,True,False,False,False,False,False,False,False,False,False,True,False,False,False,False,False,False,False,False,False,0,1,1,2,Single-Tasker,Shopping,Mobile App,Surging in Housing and Utilities,0.05,3.0,1616.22,2.0,[4938667654244427],4938667654244427,1
USR013pA,3673258609053,False,438,9264.23,1,0.0,58,220355.95,5298.625344827587,27129600.0,False,False,False,False,False,False,False,False,False,False,True,False,False,False,False,True,False,False,False,False,False,False,False,True,False,False,False,False,False,False,False,False,False,True,False,False,False,False,False,False,False,False,False,0,1,1,4,Single-Tasker,Shopping,In-store,Surging in Fitness,0.05,3.0,231.05749999999998,4.0,[5276874342658015],5276874342658015,1
USR579jO,9385084268769,False,2161,8105.09,1,0.0,45,155475.75,7295.836,30758400.0,False,False,False,False,False,False,False,False,False,False,True,False,True,False,False,False,False,False,False,False,False,False,False,True,False,False,False,False,False,False,False,False,False,True,False,False,False,False,False,False,False,False,False,0,2,2,2,Consistent Weekly,Shopping,Online,Surging in Friend Activities,0.07,3.0,164.42000000000002,2.0,[2529245753691166],2529245753691166,1
USR621BM,5069392962983,False,1795,4513.73,1,0.0,44,64899.6,1725.8361363636361,26697600.0,False,False,False,False,False,False,False,False,False,False,True,False,False,False,False,False,True,False,False,False,False,False,False,True,False,False,False,False,False,False,False,False,False,True,False,False,False,False,False,False,False,False,False,0,1,1,3,Single-Tasker,Shopping,Online,Surging in Personal Hygiene,0.07,3.0,551.5666666666667,3.0,[2255874088280622],2255874088280622,1
USR592gD,7831789661594,True,1311,9922.81,1,0.0,50,6645.43,369.94440000000003,26352000.0,False,False,False,False,False,False,False,False,False,False,True,False,False,True,False,False,False,False,False,False,False,False,True,False,False,False,False,False,False,False,False,False,False,True,False,False,False,False,False,False,False,False,False,0,1,1,4,Single-Tasker,Housing and Utilities,Mobile App,Surging in Subscriptions,0.06,3.0,121.6225,4.0,[2389275130478223],2389275130478223,1
USR140si,7475299832033,True,6371,185.36,1,0.0,41,54472.59,1620.7441463414632,26179200.0,False,False,False,False,False,False,False,False,False,False,True,True,False,False,False,False,False,False,False,False,False,False,False,True,False,False,False,False,False,False,False,False,False,True,False,False,False,False,False,False,False,False,False,0,1,1,4,Single-Tasker,Shopping,Online,Surging in Fitness,0.07,3.0,311.05,4.0,[3896112433006532],3896112433006532,1
USR596jh,7525546809798,False,6481,5472.21,1,0.0,44,14365.92,504.6093181818182,26697600.0,False,False,False,False,False,False,False,False,False,False,True,False,False,False,False,False,False,False,False,False,False,True,False,True,False,False,False,False,False,False,False,False,False,True,False,False,False,False,False,False,False,False,False,0,1,3,4,Healthy Active User,Shopping,Mobile App,Surging in Friend Activities,0.07,3.0,662.5575000000001,4.0,[3675763762695826],3675763762695826,1
USR691El,645685522621,True,7024,980.22,1,0.0,40,246679.84,6347.749999999999,26179200.0,False,False,False,False,False,False,False,False,False,False,True,False,False,False,False,True,False,False,False,False,False,False,False,True,False,False,False,False,False,False,False,False,False,True,False,False,False,False,False,False,False,False,False,0,1,2,4,Consistent Weekly,Shopping,Mobile App,Surging in Friend Activities,0.08,3.0,136.6125,4.0,[2958487517890362],2958487517890362,1
USR062rU,5859152375058,True,938,3355.82,1,0.0,47,3715.36,359.0955319148936,26352000.0,False,False,False,False,False,False,False,False,False,False,True,False,False,False,False,False,True,False,False,False,False,False,True,False,False,False,False,False,False,False,False,False,False,True,False,False,False,False,False,False,False,False,False,0,1,2,4,Consistent Weekly,Housing and Utilities,Online,Surging in Hobbies,0.06,3.0,125.7375,4.0,[575793344868387],575793344868387,1
USR628kq,5350817628037,True,8809,9484.07,1,0.0,57,211350.01,4741.127017543859,25574400.0,False,False,False,False,False,False,False,False,False,False,True,False,True,False,False,False,False,False,False,False,False,False,True,False,False,False,False,False,False,False,False,False,False,True,False,False,False,False,False,False,False,False,False,0,1,2,4,Consistent Weekly,Shopping,In-store,Surging in Personal Hygiene,0.05,3.0,665.575,4.0,[7059873387557783],7059873387557783,1
USR421bB,2507370423777,False,4116,5395.49,1,0.0,46,6251.28,385.41021739130434,29721600.0,False,False,False,False,False,False,False,False,False,False,True,False,True,False,False,False,False,False,False,False,False,False,False,True,False,False,False,False,False,False,False,False,False,True,False,False,False,False,False,False,False,False,False,0,1,1,2,Single-Tasker,Housing and Utilities,Mobile App,Surging in Travel,0.07,3.0,609.41,2.0,[919386953688877],919386953688877,1
USR376hP,3722607134680,True,4505,552.15,1,0.0,53,1997.5,320.52962264150943,25747200.0,False,False,False,False,False,False,False,False,False,False,True,False,False,False,False,False,False,True,False,False,False,False,True,False,False,False,False,False,False,False,False,False,False,True,False,False,False,False,False,False,False,False,False,0,1,1,2,Single-Tasker,Fitness,Mobile App,Surging in Personal Hygiene,0.06,3.0,639.77,2.0,[4984592417211258],4984592417211258,1
USR001YL,175860268683,False,828,2485.8,1,0.0,54,205093.33,3982.4105555555557,26524800.0,False,False,False,False,False,False,False,False,False,False,True,False,True,False,False,False,False,False,False,False,False,False,False,True,False,False,False,False,False,False,False,False,False,True,False,False,False,False,False,False,False,False,False,0,1,2,3,Consistent Weekly,Shopping,Mobile App,Surging in Food,0.06,3.0,435.2533333333334,3.0,[3220502303885391],3220502303885391,1
USR756hT,6043640663460,False,8886,6414.96,1,0.0,50,325127.03,6657.5744,26697600.0,False,False,False,False,False,False,False,False,False,False,True,False,False,False,False,False,False,False,True,False,False,False,False,True,False,False,False,False,False,False,False,False,False,True,False,False,False,False,False,False,False,False,False,0,1,1,2,Single-Tasker,Shopping,Online,Surging in Hobbies,0.06,3.0,49.015,2.0,[1746699275281552],1746699275281552,1
USR148zM,5165275692078,False,3529,835.18,1,0.0,50,6872.4,588.0536,25660800.0,False,False,False,False,False,False,False,False,False,False,True,False,False,True,False,False,False,False,False,False,False,False,False,True,False,False,False,False,False,False,False,False,False,True,False,False,False,False,False,False,False,False,False,0,1,1,2,Single-Tasker,Housing and Utilities,Online,Surging in Groceries,0.06,3.0,249.515,2.0,[5398053233543317],5398053233543317,1
USR496UB,43798167473,True,8766,937.16,1,0.0,61,6837.61,479.3203278688525,28598400.0,False,False,False,False,False,False,False,False,False,False,True,False,False,False,True,False,False,False,False,False,False,False,False,True,False,False,False,False,False,False,False,False,False,True,False,False,False,False,False,False,False,False,False,0,1,2,7,Consistent Weekly,Housing and Utilities,Online,Surging in Personal Hygiene,0.05,3.0,1193.427142857143,7.0,[27434923585791],27434923585791,1
USR739ei,4448637882952,True,7482,6108.44,1,0.0,45,6673.06,764.2855555555556,26438400.0,False,False,False,False,False,False,False,False,False,False,True,False,False,False,True,False,False,False,False,False,False,False,True,False,False,False,False,False,False,False,False,False,False,True,False,False,False,False,False,False,False,False,False,0,1,1,6,Single-Tasker,Housing and Utilities,Mobile App,Surging in Shopping,0.07,3.0,429.7166666666667,6.0,[8321704044270430],8321704044270430,1
USR461nX,709053759647,True,5095,3501.81,1,0.0,49,238038.57,5129.616530612246,25920000.0,False,False,False,False,False,False,False,False,False,False,True,False,True,False,False,False,False,False,False,False,False,False,True,False,False,False,False,False,False,False,False,False,False,True,False,False,False,False,False,False,False,False,False,0,1,1,4,Single-Tasker,Shopping,Online,Surging in Food,0.06,3.0,1235.6800000000003,4.0,[6517352269108317],6517352269108317,1
USR313nW,3146734387642,False,8128,4204.18,1,0.0,52,2127.33,342.46211538461534,30499200.0,False,False,False,False,False,False,False,False,False,False,True,True,False,False,False,False,False,False,False,False,False,False,False,True,False,False,False,False,False,False,False,False,False,True,False,False,False,False,False,False,False,False,False,0,1,1,3,Single-Tasker,Personal Hygiene,Mobile App,Surging in Personal Hygiene,0.06,3.0,711.9766666666666,3.0,[8429259675435165],8429259675435165,1
USR626gZ,2068232764016,False,8015,4762.86,1,0.0,52,90668.52,2066.7850000000003,26265600.0,False,False,False,False,False,False,False,False,False,False,True,False,False,False,False,True,False,False,False,False,False,False,False,True,False,False,False,False,False,False,False,False,False,True,False,False,False,False,False,False,False,False,False,0,1,1,3,Single-Tasker,Shopping,Online,Surging in Friend Activities,0.06,3.0,347.18666666666667,3.0,[9371972853446753],9371972853446753,1
USR746kv,1332152304232,True,5472,7907.84,1,0.0,44,21481.8,742.8318181818181,28339200.0,False,False,False,False,False,False,False,False,False,False,True,False,False,False,False,False,False,False,True,False,False,False,False,True,False,False,False,False,False,False,False,False,False,True,False,False,False,False,False,False,False,False,False,0,1,2,3,Consistent Weekly,Shopping,Mobile App,Surging in Hobbies,0.07,3.0,33.086666666666666,3.0,[1782369306730165],1782369306730165,1
USR632NW,5531144019870,True,8489,9169.96,1,0.0,54,88286.88,1840.292777777778,26006400.0,False,False,False,False,False,False,False,False,False,False,True,True,False,False,False,False,False,False,False,False,False,False,True,False,False,False,False,False,False,False,False,False,False,True,False,False,False,False,False,False,False,False,False,0,1,1,5,Single-Tasker,Shopping,Mobile App,Surging in Hobbies,0.06,3.0,321.65,5.0,[760720797584149],760720797584149,1
USR765RD,2155754777443,False,7360,7564.59,1,0.0,55,3978.4,264.2207272727273,26006400.0,False,False,False,False,False,False,False,False,False,False,True,False,False,False,False,False,False,False,False,False,False,True,False,True,False,False,False,False,False,False,False,False,False,True,False,False,False,False,False,False,False,False,False,0,1,3,6,Healthy Active User,Housing and Utilities,Online,Surging in Gifts,0.05,3.0,236.71666666666667,6.0,[3327790754525823],3327790754525823,1
USR756uA,9555189879271,True,4041,8678.7,1,0.0,57,3824.22,389.59666666666664,26179200.0,False,False,False,False,False,False,False,False,False,False,True,False,False,True,False,False,False,False,False,False,False,False,False,True,False,False,False,False,False,False,False,False,False,True,False,False,False,False,False,False,False,False,False,0,1,1,2,Single-Tasker,Shopping,In-store,Surging in Housing and Utilities,0.05,3.0,75.025,2.0,[3606395902696650],3606395902696650,1
USR619km,7580083848968,True,5517,2295.47,1,0.0,51,45856.74,1847.38431372549,28425600.0,False,False,False,False,False,False,False,False,False,False,True,False,False,False,False,False,False,False,False,False,False,True,False,True,False,False,False,False,False,False,False,False,False,True,False,False,False,False,False,False,False,False,False,0,1,3,3,Healthy Active User,Shopping,Mobile App,Surging in Travel,0.06,3.0,821.6666666666666,3.0,[5856856664492208],5856856664492208,1
USR040Ko,2117157307530,False,7454,9826.42,1,0.0,43,4421.08,373.50116279069766,26524800.0,False,False,False,False,False,False,False,False,False,False,True,False,True,False,False,False,False,False,False,False,False,False,False,True,False,False,False,False,False,False,False,False,False,True,False,False,False,False,False,False,False,False,False,0,1,1,3,Single-Tasker,Shopping,In-store,Surging in Hobbies,0.07,3.0,23.666666666666668,3.0,[317820028169473],317820028169473,1
USR268Dy,8531071575298,False,8863,1900.34,1,0.0,47,190283.81,4776.465531914893,28598400.0,False,False,False,False,False,False,False,False,False,False,True,False,False,False,False,False,True,False,False,False,False,False,True,False,False,False,False,False,False,False,False,False,False,True,False,False,False,False,False,False,False,False,False,0,1,1,2,Single-Tasker,Shopping,Mobile App,Surging in Gifts,0.06,3.0,161.18,2.0,[575808430645435],575808430645435,1
USR708ic,7075877416037,False,5759,2654.66,1,0.0,61,4108.66,432.47754098360656,25747200.0,False,False,False,False,False,False,False,False,False,False,True,False,False,False,False,False,True,False,False,False,False,False,True,False,False,False,False,False,False,False,False,False,False,True,False,False,False,False,False,False,False,False,False,0,1,1,4,Single-Tasker,Shopping,In-store,Surging in Shopping,0.05,3.0,1046.065,4.0,[2484857538967064],2484857538967064,1
USR737zJ,9760698644174,True,7734,4632.69,1,0.0,55,4926.71,281.21145454545456,26006400.0,False,False,False,False,False,False,False,False,False,False,True,True,False,False,False,False,False,False,False,False,False,False,True,False,False,False,False,False,False,False,False,False,False,True,False,False,False,False,False,False,False,False,False,0,1,1,2,Single-Tasker,Housing and Utilities,Online,Surging in Transportation,0.05,3.0,27.935000000000002,2.0,[1703601111473812],1703601111473812,1
USR074qk,3073553478175,True,9503,9437.86,1,0.0,38,7001.64,488.2597368421052,25574400.0,False,False,False,False,False,False,False,False,False,False,True,True,False,False,False,False,False,False,False,False,False,False,True,False,False,False,False,False,False,False,False,False,False,True,False,False,False,False,False,False,False,False,False,0,1,1,2,Single-Tasker,Shopping,In-store,Surging in Personal Hygiene,0.08,3.0,40.675,2.0,[6956164792464098],6956164792464098,1
USR552iz,6410549286408,False,5638,7329.36,1,0.0,46,80965.09,2282.4919565217388,28080000.0,False,False,False,False,False,False,False,False,False,False,True,False,False,False,False,False,False,True,False,False,False,False,True,False,False,False,False,False,False,False,False,False,False,True,False,False,False,False,False,False,False,False,False,0,1,1,2,Single-Tasker,Shopping,Mobile App,Surging in Fitness,0.07,3.0,154.17,2.0,[3594487387849143],3594487387849143,1
USR383GT,5194962432043,False,7837,4923.5,1,0.0,57,6842.24,435.19140350877194,26611200.0,False,False,False,False,False,False,False,False,False,False,True,False,False,False,False,False,False,False,False,False,False,True,False,True,False,False,False,False,False,False,False,False,False,True,False,False,False,False,False,False,False,False,False,0,1,1,1,Single-Tasker,Housing and Utilities,Online,Surging in Groceries,0.05,3.0,27.96,1.0,[4484382288834839],4484382288834839,1
USR605Px,9587414757334,False,472,7403.46,1,0.0,47,166202.6,3655.0165957446807,26265600.0,False,False,False,False,False,False,False,False,False,False,True,False,False,False,False,False,False,False,False,False,False,True,True,False,False,False,False,False,False,False,False,False,False,True,False,False,False,False,False,False,False,False,False,0,1,2,2,Consistent Weekly,Shopping,Online,Surging in Fitness,0.06,3.0,188.1,2.0,[6345434857837874],6345434857837874,1
USR494kt,6033963263994,False,4585,4858.36,1,0.0,40,276733.01,12459.146499999999,27993600.0,False,False,False,False,False,False,False,False,False,False,True,False,False,False,True,False,False,False,False,False,False,False,False,True,False,False,False,False,False,False,False,False,False,True,False,False,False,False,False,False,False,False,False,0,1,1,2,Single-Tasker,Shopping,Mobile App,Surging in Subscriptions,0.08,3.0,25.195,2.0,[7037069116667881],7037069116667881,1
USR774PR,8755890243842,True,1657,4931.36,1,0.0,61,59697.35,1326.2498360655738,25920000.0,False,False,False,False,False,False,False,False,False,False,True,True,False,False,False,False,False,False,False,False,False,False,True,False,False,False,False,False,False,False,False,False,False,True,False,False,False,False,False,False,False,False,False,0,1,1,1,Single-Tasker,Shopping,Online,Surging in Housing and Utilities,0.05,3.0,78.63,1.0,[754681912406738],754681912406738,1
USR990MJ,8567392736108,True,1849,9766.66,1,0.0,72,177421.04,3282.1715277777785,25660800.0,False,False,False,False,False,False,False,False,False,False,True,False,False,False,False,False,False,True,False,False,False,False,False,True,False,False,False,False,False,False,False,False,False,True,False,False,False,False,False,False,False,False,False,0,1,3,6,Healthy Active User,Shopping,Online,Surging in Fitness,0.04,3.0,348.4733333333333,6.0,[1691137074731657],1691137074731657,1
USR651Yc,9259765714535,False,6258,657.09,1,0.0,55,3789.27,332.5796363636364,26611200.0,False,False,False,False,False,False,False,False,False,False,True,False,False,False,True,False,False,False,False,False,False,False,True,False,False,False,False,False,False,False,False,False,False,True,False,False,False,False,False,False,False,False,False,0,1,1,1,Single-Tasker,Fitness,Online,Surging in Fitness,0.05,3.0,287.07,1.0,[7402592048993814],7402592048993814,1
USR996DQ,64523035340,True,1214,2780.27,1,0.0,56,4637.35,418.08732142857144,25660800.0,False,False,False,False,False,False,False,False,False,False,True,False,False,False,True,False,False,False,False,False,False,False,True,False,False,False,False,False,False,False,False,False,False,True,False,False,False,False,False,False,False,False,False,0,1,3,6,Healthy Active User,Housing and Utilities,Mobile App,Surging in Groceries,0.05,3.0,73.72833333333334,6.0,[3183318773199775],3183318773199775,1
USR270YP,7755892953084,False,8899,9733.0,1,0.0,39,297403.4,12947.403076923076,25747200.0,False,False,False,False,False,False,False,False,False,False,True,False,True,False,False,False,False,False,False,False,False,False,True,False,False,False,False,False,False,False,False,False,False,True,False,False,False,False,False,False,False,False,False,0,1,1,4,Single-Tasker,Shopping,Mobile App,Surging in Food,0.08,3.0,602.8175,4.0,[152712046592887],152712046592887,1
USR605nX,9356063177213,False,4662,9978.65,1,0.0,48,3212.97,276.48041666666666,25574400.0,False,False,False,False,False,False,False,False,False,False,True,True,False,False,False,False,False,False,False,False,False,False,True,False,False,False,False,False,False,False,False,False,False,True,False,False,False,False,False,False,False,False,False,0,1,2,4,Consistent Weekly,Housing and Utilities,Online,Surging in Shopping,0.06,3.0,137.9,4.0,[8429911208608223],8429911208608223,1
USR793Ca,9356917248555,False,4643,7235.56,1,0.0,42,136263.44,3480.886428571429,28944000.0,False,False,False,False,False,False,False,False,False,False,True,False,False,False,False,False,False,True,False,False,False,False,False,True,False,False,False,False,False,False,False,False,False,True,False,False,False,False,False,False,False,False,False,0,1,3,9,Healthy Active User,Shopping,In-store,Surging in Housing and Utilities,0.07,3.0,536.2122222222223,9.0,[3649178965182352],3649178965182352,1
USR100df,8373937792681,False,6326,1343.36,1,0.0,49,36361.65,936.0314285714286,28166400.0,False,False,False,False,False,False,False,False,False,False,True,False,False,False,False,False,False,False,False,False,False,True,False,True,False,False,False,False,False,False,False,False,False,True,False,False,False,False,False,False,False,False,False,0,2,2,4,Consistent Weekly,Shopping,Mobile App,Surging in Medical/Dental,0.06,3.0,200.2125,4.0,[5542954098207916],5542954098207916,1
USR840Fs,1759036517009,True,7393,5456.52,1,0.0,47,2273.32,285.62978723404257,25920000.0,False,False,False,False,False,False,False,False,False,False,True,False,False,True,False,False,False,False,False,False,False,False,True,False,False,False,False,False,False,False,False,False,False,True,False,False,False,False,False,False,False,False,False,0,1,3,3,Healthy Active User,Fitness,Online,Surging in Personal Hygiene,0.06,3.0,257.8933333333334,3.0,[3884768043111287],3884768043111287,1
USR472to,17507089018,True,2389,8489.06,1,0.0,48,4864.58,321.99208333333337,33868800.0,False,False,False,False,False,False,False,False,False,False,True,False,False,True,False,False,False,False,False,False,False,False,True,False,False,False,False,False,False,False,False,False,False,True,False,False,False,False,False,False,False,False,False,0,1,1,3,Single-Tasker,Shopping,Mobile App,Surging in Housing and Utilities,0.06,3.0,198.63,3.0,[2588374851708596],2588374851708596,1
USR847Vu,9299962415504,True,1191,3418.65,1,0.0,51,7930.89,529.5498039215687,26352000.0,False,False,False,False,False,False,False,False,False,False,True,False,False,False,False,True,False,False,False,False,False,False,True,False,False,False,False,False,False,False,False,False,False,True,False,False,False,False,False,False,False,False,False,0,1,1,3,Single-Tasker,Shopping,Online,Surging in Friend Activities,0.06,3.0,448.24,3.0,[7397989264139357],7397989264139357,1
USR932HS,8955145335879,False,7611,8491.0,1,0.0,54,190421.89,4156.614444444444,25833600.0,False,False,False,False,False,False,False,False,False,False,True,True,False,False,False,False,False,False,False,False,False,False,True,False,False,False,False,False,False,False,False,False,False,True,False,False,False,False,False,False,False,False,False,0,1,1,4,Single-Tasker,Shopping,Online,Surging in Travel,0.06,3.0,511.17,4.0,[6582803682722698],6582803682722698,1
USR646Eg,6848264049432,False,1466,3456.1,1,0.0,48,169207.4,3837.666041666667,26697600.0,False,False,False,False,False,False,False,False,False,False,True,False,False,False,False,True,False,False,False,False,False,False,False,True,False,False,False,False,False,False,False,False,False,True,False,False,False,False,False,False,False,False,False,0,1,2,3,Consistent Weekly,Shopping,Online,Surging in Shopping,0.06,3.0,56534.40666666667,3.0,[1231967408124440],1231967408124440,1
USR258SD,762184174178,True,6436,7832.87,1,0.0,47,166311.73,4105.759787234043,27475200.0,False,False,False,False,False,False,False,False,False,False,True,False,False,False,False,False,False,True,False,False,False,False,False,True,False,False,False,False,False,False,False,False,False,True,False,False,False,False,False,False,False,False,False,0,1,3,4,Healthy Active User,Shopping,In-store,Surging in Gifts,0.06,3.0,328.24,4.0,[6789422602793653],6789422602793653,1
USR465Of,4377819240021,True,3350,9981.91,1,0.0,47,4467.84,418.61659574468086,26438400.0,False,False,False,False,False,False,False,False,False,False,True,False,False,False,False,False,False,True,False,False,False,False,False,True,False,False,False,False,False,False,False,False,False,True,False,False,False,False,False,False,False,False,False,0,1,2,3,Consistent Weekly,Housing and Utilities,Mobile App,Surging in Hobbies,0.06,3.0,292.17,3.0,[7987964227152055],7987964227152055,1
USR556jk,698485662884,True,5155,6905.19,1,0.0,46,6900.84,392.32673913043476,25833600.0,False,False,False,False,False,False,False,False,False,False,True,False,False,False,False,False,False,False,True,False,False,False,True,False,False,False,False,False,False,False,False,False,False,True,False,False,False,False,False,False,False,False,False,0,1,1,4,Single-Tasker,Shopping,Mobile App,Surging in Medical/Dental,0.07,3.0,228.9925,4.0,[2485184010285215],2485184010285215,1
USR886vk,9510138949718,True,2445,1609.48,1,0.0,46,41069.54,1307.8626086956522,25747200.0,False,False,False,False,False,False,False,False,False,False,True,False,False,False,False,False,True,False,False,False,False,False,False,True,False,False,False,False,False,False,False,False,False,True,False,False,False,False,False,False,False,False,False,0,2,2,4,Consistent Weekly,Shopping,In-store,Surging in Medical/Dental,0.07,3.0,179.005,4.0,[2476514669922009],2476514669922009,1
USR372Mt,7964797994542,False,1641,4960.56,1,0.0,51,67448.2,1645.7729411764706,26352000.0,False,False,False,False,False,False,False,False,False,False,True,False,False,False,False,False,True,False,False,False,False,False,False,True,False,False,False,False,False,False,False,False,False,True,False,False,False,False,False,False,False,False,False,0,1,1,1,Single-Tasker,Shopping,In-store,Surging in Personal Hygiene,0.06,3.0,5.84,1.0,[4727996583201685],4727996583201685,1
USR834PN,1160116848806,True,818,7700.56,1,0.0,42,5864.97,328.6716666666667,36547200.0,False,False,False,False,False,False,False,False,False,False,True,False,False,False,False,False,True,False,False,False,False,False,False,True,False,False,False,False,False,False,False,False,False,True,False,False,False,False,False,False,False,False,False,0,2,2,3,Consistent Weekly,Shopping,Online,Surging in Fitness,0.07,3.0,150.66,3.0,[2052228805142634],2052228805142634,1
USR129NG,3798858637815,False,4471,2962.7,1,0.0,51,128550.18,4423.807058823529,25660800.0,False,False,False,False,False,False,False,False,False,False,True,False,False,False,False,False,True,False,False,False,False,False,False,True,False,False,False,False,False,False,False,False,False,True,False,False,False,False,False,False,False,False,False,0,1,1,3,Single-Tasker,Shopping,Online,Surging in Hobbies,0.06,3.0,72.11333333333333,3.0,[1287970339524147],1287970339524147,1
USR401fn,9240619811791,True,718,9993.36,1,0.0,57,5254.97,496.71315789473687,26438400.0,False,False,False,False,False,False,False,False,False,False,True,False,False,False,False,False,True,False,False,False,False,False,True,False,False,False,False,False,False,False,False,False,False,True,False,False,False,False,False,False,False,False,False,0,1,1,3,Single-Tasker,Housing and Utilities,Mobile App,Surging in Medical/Dental,0.05,3.0,151.12333333333333,3.0,[7194223533689348],7194223533689348,1
USR297tJ,6446009066952,False,2341,5411.42,1,0.0,46,1352.38,163.14739130434785,27388800.0,False,False,False,False,False,False,False,False,False,False,True,False,False,False,False,False,True,False,False,False,False,False,False,True,False,False,False,False,False,False,False,False,False,True,False,False,False,False,False,False,False,False,False,0,1,1,1,Single-Tasker,Travel,Mobile App,Surging in Groceries,0.07,3.0,10.43,1.0,[1672623079619382],1672623079619382,1
USR993dr,6087191593625,True,2314,5778.62,1,0.0,49,2007.67,199.1004081632653,27734400.0,False,False,False,False,False,False,False,False,False,False,True,False,True,False,False,False,False,False,False,False,False,False,True,False,False,False,False,False,False,False,False,False,False,True,False,False,False,False,False,False,False,False,False,0,2,2,6,Consistent Weekly,Fitness,Mobile App,Surging in Friend Activities,0.06,3.0,137.62166666666667,6.0,[8463244674873742],8463244674873742,1
USR249de,2586658035717,False,4574,8508.63,1,0.0,47,4341.52,408.1006382978723,26352000.0,False,False,False,False,False,False,False,False,False,False,True,False,False,True,False,False,False,False,False,False,False,False,True,False,False,False,False,False,False,False,False,False,False,True,False,False,False,False,False,False,False,False,False,0,1,1,2,Single-Tasker,Housing and Utilities,In-store,Surging in Subscriptions,0.06,3.0,48.085,2.0,[1197574185563696],1197574185563696,1
USR862eI,50879775425,False,8873,8441.66,1,0.0,57,38659.88,1061.3952631578948,25574400.0,False,False,False,False,False,False,False,False,False,False,True,False,False,False,False,True,False,False,False,False,False,False,False,True,False,False,False,False,False,False,False,False,False,True,False,False,False,False,False,False,False,False,False,0,1,1,4,Single-Tasker,Shopping,Online,Surging in Medical/Dental,0.05,3.0,261.91499999999996,4.0,[3209100814996365],3209100814996365,1
USR489ka,9421682023682,True,5034,1624.34,1,0.0,59,55633.78,1335.0576271186442,27475200.0,False,False,False,False,False,False,False,False,False,False,True,False,True,False,False,False,False,False,False,False,False,False,True,False,False,False,False,False,False,False,False,False,False,True,False,False,False,False,False,False,False,False,False,0,1,1,4,Single-Tasker,Shopping,Mobile App,Surging in Shopping,0.05,3.0,14858.744999999999,4.0,[1073907659342968],1073907659342968,1
USR936rw,3542848054679,False,6406,8845.47,1,0.0,48,42304.21,1133.274375,26006400.0,False,False,False,False,False,False,False,False,False,False,True,False,False,False,True,False,False,False,False,False,False,False,True,False,False,False,False,False,False,False,False,False,False,True,False,False,False,False,False,False,False,False,False,0,1,3,4,Healthy Active User,Shopping,Mobile App,Surging in Subscriptions,0.06,3.0,91.27250000000001,4.0,[5545303440124674],5545303440124674,1
USR981Is,9929904409752,True,5472,8571.52,1,0.0,45,37620.04,1243.5457777777779,26352000.0,False,False,False,False,False,False,False,False,False,False,True,False,False,False,False,False,False,False,False,False,False,True,True,False,False,False,False,False,False,False,False,False,False,True,False,False,False,False,False,False,False,False,False,0,1,1,2,Single-Tasker,Shopping,Online,Surging in Shopping,0.07,3.0,2371.325,2.0,[5749789658974242],5749789658974242,1
USR169XO,7097106256034,False,3408,2743.63,1,0.0,47,2748.21,215.19936170212765,26092800.0,False,False,False,False,False,False,False,False,False,False,True,False,True,False,False,False,False,False,False,False,False,False,True,False,False,False,False,False,False,False,False,False,False,True,False,False,False,False,False,False,False,False,False,0,1,1,2,Single-Tasker,Shopping,Mobile App,Surging in Shopping,0.06,3.0,149.985,2.0,[2849192942495831],2849192942495831,1
USR885xH,9841440622499,True,4016,3129.45,1,0.0,59,5636.56,308.2345762711864,25574400.0,False,False,False,False,False,False,False,False,False,False,True,False,False,False,False,False,False,False,False,False,False,True,True,False,False,False,False,False,False,False,False,False,False,True,False,False,False,False,False,False,False,False,False,0,1,1,2,Single-Tasker,Shopping,Online,Surging in Gifts,0.05,3.0,648.69,2.0,[2004535086897448],2004535086897448,1
USR104NK,6338280442145,True,7269,3914.44,1,0.0,54,147600.24,3066.394629629629,26697600.0,False,False,False,False,False,False,False,False,False,False,True,False,False,True,False,False,False,False,False,False,False,False,False,True,False,False,False,False,False,False,False,False,False,True,False,False,False,False,False,False,False,False,False,0,1,2,4,Consistent Weekly,Shopping,In-store,Surging in Transportation,0.06,3.0,353.8275,4.0,[1876789797618974],1876789797618974,1
USR828eU,6510657081558,True,4663,9956.68,1,0.0,52,166341.93,3439.0225,26092800.0,False,False,False,False,False,False,False,False,False,False,True,True,False,False,False,False,False,False,False,False,False,False,True,False,False,False,False,False,False,False,False,False,False,True,False,False,False,False,False,False,False,False,False,0,1,3,5,Healthy Active User,Shopping,Online,Surging in Subscriptions,0.06,3.0,632.9639999999999,5.0,[9274394784838791],9274394784838791,1
USR689HM,4625873053310,True,4245,1466.08,1,0.0,52,218911.5,4530.632884615385,26611200.0,False,False,False,False,False,False,False,False,False,False,True,False,False,True,False,False,False,False,False,False,False,False,True,False,False,False,False,False,False,False,False,False,False,True,False,False,False,False,False,False,False,False,False,0,1,1,3,Single-Tasker,Shopping,Online,Surging in Gifts,0.06,3.0,1233.2066666666667,3.0,[5753119100760911],5753119100760911,1
USR654ba,980418478672,True,696,3200.28,1,0.0,52,204772.28,5359.283461538462,26352000.0,False,False,False,False,False,False,False,False,False,False,True,False,False,False,False,False,False,False,False,False,False,True,True,False,False,False,False,False,False,False,False,False,False,True,False,False,False,False,False,False,False,False,False,0,3,3,5,Healthy Active User,Shopping,Mobile App,Surging in Food,0.06,3.0,329.526,5.0,[6569936517007880],6569936517007880,1
USR725fj,1418165054241,True,3453,6394.1,1,0.0,70,62099.21,1481.5665714285715,26092800.0,False,False,False,False,False,False,False,False,False,False,True,False,True,False,False,False,False,False,False,False,False,False,True,False,False,False,False,False,False,False,False,False,False,True,False,False,False,False,False,False,False,False,False,0,1,1,4,Single-Tasker,Shopping,Mobile App,Surging in Medical/Dental,0.04,3.0,303.4425,4.0,[1309156750865545],1309156750865545,1
USR703am,5189008723567,False,1574,8073.91,1,0.0,46,1083.85,280.28456521739133,26697600.0,False,False,False,False,False,False,False,False,False,False,True,False,True,False,False,False,False,False,False,False,False,False,False,True,False,False,False,False,False,False,False,False,False,True,False,False,False,False,False,False,False,False,False,0,1,2,5,Consistent Weekly,Medical/Dental,In-store,Surging in Gifts,0.07,3.0,467.166,5.0,[7344597357704186],7344597357704186,1
USR704Np,7553305247307,False,3044,805.08,1,0.0,48,71736.42,2121.6616666666664,26006400.0,False,False,False,False,False,False,False,False,False,False,True,True,False,False,False,False,False,False,False,False,False,False,True,False,False,False,False,False,False,False,False,False,False,True,False,False,False,False,False,False,False,False,False,0,1,2,4,Consistent Weekly,Shopping,Mobile App,Surging in Groceries,0.06,3.0,874.9175,4.0,[6847503815544676],6847503815544676,1
USR990wn,1837227285473,True,1344,4674.44,1,0.0,54,86982.19,1916.9657407407406,25660800.0,False,False,False,False,False,False,False,False,False,False,True,False,False,True,False,False,False,False,False,False,False,False,True,False,False,False,False,False,False,False,False,False,False,True,False,False,False,False,False,False,False,False,False,0,1,2,3,Consistent Weekly,Shopping,In-store,Surging in Transportation,0.06,3.0,29043.49,3.0,[5201228488286458],5201228488286458,1
USR557yC,6695380853615,False,8438,6598.85,1,0.0,51,1160.68,242.1570588235294,26006400.0,False,False,False,False,False,False,False,False,False,False,True,True,False,False,False,False,False,False,False,False,False,False,True,False,False,False,False,False,False,False,False,False,False,True,False,False,False,False,False,False,False,False,False,0,1,2,3,Consistent Weekly,Fitness,Mobile App,Surging in Medical/Dental,0.06,3.0,388.82,3.0,[4424100999884660],4424100999884660,1
USR165jr,6339319126344,False,9827,3688.09,1,0.0,50,2948.45,253.54219999999998,25920000.0,False,False,False,False,False,False,False,False,False,False,True,False,True,False,False,False,False,False,False,False,False,False,False,True,False,False,False,False,False,False,False,False,False,True,False,False,False,False,False,False,False,False,False,0,1,1,2,Single-Tasker,Shopping,Mobile App,Surging in Transportation,0.06,3.0,432.53499999999997,2.0,[1120172210085340],1120172210085340,1
USR203qJ,9784998621153,False,9020,3792.35,1,0.0,63,44761.29,949.2215873015873,26352000.0,False,False,False,False,False,False,False,False,False,False,True,False,False,False,False,False,True,False,False,False,False,False,False,True,False,False,False,False,False,False,False,False,False,True,False,False,False,False,False,False,False,False,False,0,1,1,3,Single-Tasker,Shopping,Mobile App,Surging in Subscriptions,0.05,3.0,55.64666666666667,3.0,[4394889498884221],4394889498884221,1
USR677Eb,6767466889543,True,5063,1103.32,1,0.0,52,104101.2,2620.7136538461536,27043200.0,False,False,False,False,False,False,False,False,False,False,True,False,False,False,False,True,False,False,False,False,False,False,False,True,False,False,False,False,False,False,False,False,False,True,False,False,False,False,False,False,False,False,False,0,1,1,3,Single-Tasker,Shopping,Online,Surging in Fitness,0.06,3.0,672.6033333333334,3.0,[3423390084100941],3423390084100941,1
USR848ei,595456679645,True,4364,9593.09,1,0.0,40,57019.46,1630.9615,26265600.0,False,False,False,False,False,False,False,False,False,False,True,False,False,True,False,False,False,False,False,False,False,False,False,True,False,False,False,False,False,False,False,False,False,True,False,False,False,False,False,False,False,False,False,0,1,1,3,Single-Tasker,Shopping,In-store,Surging in Hobbies,0.08,3.0,97.49333333333334,3.0,[8812883282142222],8812883282142222,1
USR718eU,8903779105878,False,4308,4254.8,1,0.0,47,5759.7,360.96680851063826,25574400.0,False,False,False,False,False,False,False,False,False,False,True,False,False,False,False,False,False,False,True,False,False,False,True,False,False,False,False,False,False,False,False,False,False,True,False,False,False,False,False,False,False,False,False,0,1,2,2,Consistent Weekly,Housing and Utilities,Online,Surging in Subscriptions,0.06,3.0,42.24,2.0,[1703509542445537],1703509542445537,1
USR162th,2851547662819,False,7214,9391.43,1,0.0,51,48135.64,1268.758431372549,27734400.0,False,False,False,False,False,False,False,False,False,False,True,False,False,True,False,False,False,False,False,False,False,False,True,False,False,False,False,False,False,False,False,False,False,True,False,False,False,False,False,False,False,False,False,0,1,3,4,Healthy Active User,Shopping,Mobile App,Surging in Fitness,0.06,3.0,409.1125,4.0,[4241269848227976],4241269848227976,1
USR279gH,3312434007745,False,6223,2110.52,1,0.0,47,4078.57,310.73574468085104,26784000.0,False,False,False,False,False,False,False,False,False,True,False,False,True,False,False,False,False,False,False,False,False,False,True,False,False,False,False,False,False,False,False,False,False,True,False,False,False,False,False,False,False,False,False,0,1,1,2,Single-Tasker,Housing and Utilities,Mobile App,Surging in Hobbies,0.06,3.0,41.515,2.0,[9625783251295911],9625783251295911,1
USR066Hw,2180365398496,False,6122,7126.93,1,0.0,60,237032.68,4362.008,26438400.0,False,False,False,False,False,False,False,False,False,False,True,False,True,False,False,False,False,False,False,False,False,False,True,False,False,False,False,False,False,False,False,False,False,True,False,False,False,False,False,False,False,False,False,0,1,2,2,Consistent Weekly,Shopping,Mobile App,Surging in Groceries,0.05,3.0,21.365000000000002,2.0,[666689254107962],666689254107962,1
USR139QE,3380959808786,False,8114,9753.51,1,0.0,54,17942.38,785.0957407407409,25574400.0,False,False,False,False,False,False,False,False,False,False,True,False,False,True,False,False,False,False,False,False,False,False,True,False,False,False,False,False,False,False,False,False,False,True,False,False,False,False,False,False,False,False,False,0,1,2,2,Consistent Weekly,Shopping,Online,Surging in Fitness,0.06,3.0,314.39,2.0,[580611751812643],580611751812643,1
USR317Xw,8597115466435,False,2665,9714.97,1,0.0,46,1821.45,278.0878260869565,25660800.0,False,False,False,False,False,False,False,False,False,False,True,False,False,False,False,False,False,False,False,False,False,True,True,False,False,False,False,False,False,False,False,False,False,True,False,False,False,False,False,False,False,False,False,0,2,2,3,Consistent Weekly,Gifts,In-store,Surging in Subscriptions,0.07,3.0,32.38666666666666,3.0,[9109926126905843],9109926126905843,1
USR866Vy,4918287018942,False,1516,892.06,1,0.0,43,89270.65,2731.0432558139537,26611200.0,False,False,False,False,False,False,False,False,False,False,True,False,False,True,False,False,False,False,False,False,False,False,False,True,False,False,False,False,False,False,False,False,False,True,False,False,False,False,False,False,False,False,False,0,1,1,2,Single-Tasker,Shopping,In-store,Surging in Groceries,0.07,3.0,9.265,2.0,[5680825864486263],5680825864486263,1
USR672oM,6238510081950,False,5493,9184.34,1,0.0,52,86966.94,1964.4101923076923,27388800.0,False,False,False,False,False,False,False,False,False,False,True,False,False,False,True,False,False,False,False,False,False,False,False,True,False,False,False,False,False,False,False,False,False,True,False,False,False,False,False,False,False,False,False,0,1,1,4,Single-Tasker,Shopping,Mobile App,Surging in Fitness,0.06,3.0,715.4449999999999,4.0,[5274349177174725],5274349177174725,1
USR437KX,2244870530557,True,5691,9373.08,1,0.0,66,84697.66,2660.013484848485,26438400.0,False,False,False,False,False,False,False,False,False,False,True,False,True,False,False,False,False,False,False,False,False,False,False,True,False,False,False,False,False,False,False,False,False,True,False,False,False,False,False,False,False,False,False,0,1,1,3,Single-Tasker,Shopping,Mobile App,Surging in Fitness,0.05,3.0,173.79333333333332,3.0,[8523595065041672],8523595065041672,1
USR415QQ,5816953085283,False,1917,7791.69,1,0.0,43,2161.63,268.4981395348837,25747200.0,False,False,False,False,False,False,False,False,False,False,True,True,False,False,False,False,False,False,False,False,False,False,True,False,False,False,False,False,False,False,False,False,False,True,False,False,False,False,False,False,False,False,False,0,1,1,3,Single-Tasker,Personal Hygiene,Mobile App,Surging in Friend Activities,0.07,3.0,114.74666666666667,3.0,[8079726737611017],8079726737611017,1
USR332Yp,570914587968,False,682,2504.65,1,0.0,48,56078.04,1475.0024999999998,27561600.0,False,False,False,False,False,False,False,False,False,False,True,True,False,False,False,False,False,False,False,False,False,False,False,True,False,False,False,False,False,False,False,False,False,True,False,False,False,False,False,False,False,False,False,0,1,2,2,Consistent Weekly,Shopping,Online,Surging in Personal Hygiene,0.06,3.0,31.810000000000002,2.0,[2849923410397004],2849923410397004,1
USR598Hk,1294009923940,False,6879,9642.0,1,0.0,50,84850.45,1941.2035999999998,25574400.0,False,False,False,False,False,False,False,False,False,False,True,False,False,False,False,False,False,True,False,False,False,False,True,False,False,False,False,False,False,False,False,False,False,True,False,False,False,False,False,False,False,False,False,0,1,1,2,Single-Tasker,Shopping,Online,Surging in Housing and Utilities,0.06,3.0,1028.8300000000002,2.0,[4564786545467025],4564786545467025,1
USR726VM,2200627108409,True,229,1148.22,1,0.0,49,51052.81,1858.0971428571427,27820800.0,False,False,False,True,False,False,False,False,False,False,False,True,False,False,False,False,False,False,False,False,False,False,False,True,False,False,False,False,False,False,False,False,False,True,False,False,False,False,False,False,False,False,False,0,1,1,2,Single-Tasker,Shopping,In-store,Surging in Medical/Dental,0.06,3.0,135.26000000000002,2.0,[9860410258164577],9860410258164577,1
USR059hG,2976751317935,False,9097,7646.76,1,0.0,46,2995.22,287.26347826086953,25833600.0,False,False,False,False,False,False,False,False,False,False,True,True,False,False,False,False,False,False,False,False,False,False,True,False,False,False,False,False,False,False,False,False,False,True,False,False,False,False,False,False,False,False,False,0,1,1,2,Single-Tasker,Shopping,Online,Surging in Food,0.07,3.0,68.96,2.0,[8718671791689150],8718671791689150,1
USR843Yq,5060647677981,True,3051,8460.73,1,0.0,50,5113.02,343.9458,27388800.0,False,False,False,False,False,False,False,False,False,False,True,False,False,False,True,False,False,False,False,False,False,False,True,False,False,False,False,False,False,False,False,False,False,True,False,False,False,False,False,False,False,False,False,0,1,1,2,Single-Tasker,Housing and Utilities,In-store,Surging in Shopping,0.06,3.0,244.07999999999998,2.0,[5296356624620250],5296356624620250,1
USR473tw,4628572691938,False,6448,1171.82,1,0.0,35,72604.92,2315.7874285714283,26697600.0,False,False,False,False,False,False,False,False,False,False,True,True,False,False,False,False,False,False,False,False,False,False,True,False,False,False,False,False,False,False,False,False,False,True,False,False,False,False,False,False,False,False,False,0,1,1,2,Single-Tasker,Shopping,In-store,Surging in Food,0.09,3.0,241.45,2.0,[6184261160522297],6184261160522297,1
USR146jK,4445874448426,False,123,4704.08,1,0.0,40,4164.41,292.354,26870400.0,False,False,False,False,False,False,False,False,False,False,True,False,False,False,False,False,False,False,True,False,False,False,False,True,False,False,False,False,False,False,False,False,False,True,False,False,False,False,False,False,False,False,False,0,1,1,3,Single-Tasker,Shopping,Mobile App,Surging in Travel,0.08,3.0,136.69333333333333,3.0,[7259110723892288],7259110723892288,1
USR785nU,865310712853,False,5094,6658.35,1,0.0,47,2374.18,311.9855319148936,27648000.0,False,False,False,False,False,False,False,False,False,False,True,False,True,False,False,False,False,False,False,False,False,False,False,True,False,False,False,False,False,False,False,False,False,True,False,False,False,False,False,False,False,False,False,0,1,1,3,Single-Tasker,Gifts,Online,Surging in Gifts,0.06,3.0,736.3933333333334,3.0,[5647908738059733],5647908738059733,1
USR102Ib,9100259832886,True,5998,1427.52,1,0.0,49,278057.06,10512.950612244897,26352000.0,False,False,False,False,False,False,False,False,False,False,True,False,False,False,False,False,False,False,True,False,False,False,True,False,False,False,False,False,False,False,False,False,False,True,False,False,False,False,False,False,False,False,False,0,1,2,3,Consistent Weekly,Shopping,Online,Surging in Hobbies,0.06,3.0,53.883333333333326,3.0,[1672339357676178],1672339357676178,1
USR350bh,1663151499866,True,8830,3389.31,1,0.0,38,961.73,232.30578947368423,27475200.0,False,False,False,False,False,False,False,False,False,False,True,False,False,True,False,False,False,False,False,False,False,False,False,True,False,False,False,False,False,False,False,False,False,True,False,False,False,False,False,False,False,False,False,0,1,1,4,Single-Tasker,Medical/Dental,In-store,Surging in Food,0.08,3.0,263.73,4.0,[5624025645542408],5624025645542408,1
USR331Xb,2181406212043,True,2704,9407.16,1,0.0,42,52325.26,1446.5692857142858,26784000.0,False,False,False,False,False,False,False,False,False,False,True,True,False,False,False,False,False,False,False,False,False,False,False,True,False,False,False,False,False,False,False,False,False,True,False,False,False,False,False,False,False,False,False,0,1,1,3,Single-Tasker,Shopping,In-store,Surging in Fitness,0.07,3.0,571.2966666666666,3.0,[8495387043163616],8495387043163616,1
USR723TN,2539909267535,False,2806,6470.11,1,0.0,54,2025.52,290.9468518518518,25660800.0,False,False,False,False,False,False,False,False,False,False,True,False,False,False,False,False,False,True,False,False,False,False,True,False,False,False,False,False,False,False,False,False,False,True,False,False,False,False,False,False,False,False,False,0,1,1,3,Single-Tasker,Travel,In-store,Surging in Gifts,0.06,3.0,52.0,3.0,[5756995366242133],5756995366242133,1
USR395Ke,5398733699940,True,1049,4591.05,1,0.0,58,237483.15,6330.366551724137,28080000.0,False,False,False,False,False,False,False,False,False,False,True,False,False,True,False,False,False,False,False,False,False,False,False,True,False,False,False,False,False,False,False,False,False,True,False,False,False,False,False,False,False,False,False,0,1,1,1,Single-Tasker,Shopping,Online,Surging in Food,0.05,3.0,9.93,1.0,[9256222811119772],9256222811119772,1
USR421oQ,6550834724389,True,2697,1770.58,1,0.0,53,194038.15,8054.62358490566,26697600.0,False,False,False,False,False,False,False,False,False,False,True,False,False,False,False,True,False,False,False,False,False,False,True,False,False,False,False,False,False,False,False,False,False,True,False,False,False,False,False,False,False,False,False,0,2,2,4,Consistent Weekly,Shopping,Online,Surging in Shopping,0.06,3.0,48544.125,4.0,[4202420362708024],4202420362708024,1
USR698Vo,8015677824661,False,3655,1979.69,1,0.0,41,6502.99,312.3517073170732,27043200.0,False,False,False,False,False,False,False,False,False,False,True,False,False,False,False,False,False,True,False,False,False,False,True,False,False,False,False,False,False,False,False,False,False,True,False,False,False,False,False,False,False,False,False,0,1,1,4,Single-Tasker,Housing and Utilities,Online,Surging in Hobbies,0.07,3.0,63.7775,4.0,[1043361745109634],1043361745109634,1
USR951HI,9280276726316,False,5496,7681.15,1,0.0,56,4892.41,429.98785714285714,25660800.0,False,False,False,False,False,False,False,False,False,False,True,False,False,False,False,False,False,False,False,False,False,True,True,False,False,False,False,False,False,False,False,False,False,True,False,False,False,False,False,False,False,False,False,0,1,2,6,Consistent Weekly,Shopping,Mobile App,Surging in Gifts,0.05,3.0,327.1383333333333,6.0,[3294169065588118],3294169065588118,1
USR495Vi,3505919840541,True,9272,6720.12,1,0.0,52,291770.06,5908.235576923077,27216000.0,False,False,False,False,False,False,False,False,False,False,True,False,False,True,False,False,False,False,False,False,False,False,False,True,False,False,False,False,False,False,False,False,False,True,False,False,False,False,False,False,False,False,False,0,1,1,1,Single-Tasker,Shopping,In-store,Surging in Food,0.06,3.0,95.47,1.0,[6028934057594631],6028934057594631,1
USR466ol,6825120482287,True,2927,2258.55,1,0.0,44,57903.41,1716.0125,30240000.0,False,False,False,False,False,False,False,False,False,False,True,False,False,False,False,True,False,False,False,False,False,False,False,True,False,False,False,False,False,False,False,False,False,True,False,False,False,False,False,False,False,False,False,0,1,1,3,Single-Tasker,Shopping,In-store,Surging in Fitness,0.07,3.0,693.13,3.0,[681925541759447],681925541759447,1
USR298ko,4906995856375,False,8136,6073.33,1,0.0,43,100894.24,4590.107441860465,27820800.0,False,False,False,False,False,False,False,False,False,False,True,False,False,False,False,False,False,True,False,False,False,False,False,True,False,False,False,False,False,False,False,False,False,True,False,False,False,False,False,False,False,False,False,0,1,2,4,Consistent Weekly,Shopping,Mobile App,Surging in Subscriptions,0.07,3.0,69.9425,4.0,[596778591342074],596778591342074,1
USR914Gc,6165313911969,True,683,4062.81,1,0.0,52,88178.1,1939.1251923076923,28771200.0,False,False,False,False,False,False,False,False,False,False,True,False,False,False,False,False,False,False,False,False,False,True,False,True,False,False,False,False,False,False,False,False,False,True,False,False,False,False,False,False,False,False,False,0,1,3,3,Healthy Active User,Shopping,Online,Surging in Shopping,0.06,3.0,29544.183333333334,3.0,[4820686598468822],4820686598468822,1
USR310Wm,5707738079010,False,1791,9217.51,1,0.0,55,271129.92,5181.831636363636,27475200.0,False,False,False,False,False,False,False,False,False,False,True,True,False,False,False,False,False,False,False,False,False,False,False,True,False,False,False,False,False,False,False,False,False,True,False,False,False,False,False,False,False,False,False,0,1,2,3,Consistent Weekly,Shopping,Mobile App,Surging in Travel,0.05,3.0,377.93,3.0,[2091804121926538],2091804121926538,1
USR199CW,5778327194106,True,8212,6009.97,1,0.0,54,16821.62,739.5614814814815,26006400.0,False,False,False,False,False,False,False,False,False,False,True,False,False,False,False,True,False,False,False,False,False,False,True,False,False,False,False,False,False,False,False,False,False,True,False,False,False,False,False,False,False,False,False,0,1,2,6,Consistent Weekly,Shopping,In-store,Surging in Groceries,0.06,3.0,398.66833333333335,6.0,[2946558595930254],2946558595930254,1
USR538ia,3568294043474,False,1846,9866.45,1,0.0,38,2395.57,297.50131578947367,25574400.0,False,False,False,False,False,False,False,False,False,False,True,False,True,False,False,False,False,False,False,False,False,False,False,True,False,False,False,False,False,False,False,False,False,True,False,False,False,False,False,False,False,False,False,0,2,2,4,Consistent Weekly,Shopping,In-store,Surging in Shopping,0.08,3.0,695.245,4.0,[4794793466414815],4794793466414815,1
USR272Ng,4245223074099,False,8870,8696.91,1,0.0,47,49941.02,1546.9595744680848,28684800.0,False,False,False,False,False,False,False,False,False,False,True,False,False,False,False,False,False,False,False,False,False,True,True,False,False,False,False,False,False,False,False,False,False,True,False,False,False,False,False,False,False,False,False,0,1,1,5,Single-Tasker,Shopping,In-store,Surging in Hobbies,0.06,3.0,58.438,5.0,[6442995379060004],6442995379060004,1
USR757AI,8183217471744,True,1498,1050.76,1,0.0,41,1764.2,183.17365853658535,27388800.0,False,False,False,False,False,False,False,False,False,False,True,True,False,False,False,False,False,False,False,False,False,False,True,False,False,False,False,False,False,False,False,False,False,True,False,False,False,False,False,False,False,False,False,0,1,2,6,Consistent Weekly,Medical/Dental,Online,Surging in Shopping,0.07,3.0,38.281666666666666,6.0,[822184616482060],822184616482060,1
USR895fU,681965879101,False,2178,6848.48,1,0.0,44,317197.82,8698.476590909091,25833600.0,False,False,False,False,False,False,False,False,False,False,True,False,False,True,False,False,False,False,False,False,False,False,True,False,False,False,False,False,False,False,False,False,False,True,False,False,False,False,False,False,False,False,False,0,1,2,2,Consistent Weekly,Shopping,Online,Surging in Subscriptions,0.07,3.0,91.73,2.0,[2676493542007193],2676493542007193,1
USR009qR,7761443840187,False,4677,8095.09,1,0.0,54,6962.42,414.85407407407405,25660800.0,False,False,False,False,False,False,False,False,False,False,True,False,True,False,False,False,False,False,False,False,False,False,False,True,False,False,False,False,False,False,False,False,False,True,False,False,False,False,False,False,False,False,False,0,1,1,1,Single-Tasker,Housing and Utilities,Online,Surging in Friend Activities,0.06,3.0,19.72,1.0,[2360682911426535],2360682911426535,1
USR197Mx,9470608425959,False,2165,6747.75,1,0.0,53,125798.6,3665.7449056603778,27043200.0,False,False,False,False,False,False,False,False,False,False,True,False,True,False,False,False,False,False,False,False,False,False,False,True,False,False,False,False,False,False,False,False,False,True,False,False,False,False,False,False,False,False,False,0,1,2,2,Consistent Weekly,Shopping,Online,Surging in Friend Activities,0.06,3.0,248.565,2.0,[6997932965814504],6997932965814504,1
USR926hk,6576482406863,False,2151,7687.82,1,0.0,50,6867.67,488.014,26524800.0,False,False,False,False,False,False,False,False,False,False,True,False,False,False,False,False,True,False,False,False,False,False,True,False,False,False,False,False,False,False,False,False,False,True,False,False,False,False,False,False,False,False,False,0,1,2,2,Consistent Weekly,Shopping,In-store,Surging in Friend Activities,0.06,3.0,2380.965,2.0,[1433655511455988],1433655511455988,1
USR832EJ,3201174514516,False,1705,8531.87,1,0.0,53,68982.29,2820.6866037735845,27820800.0,False,False,False,False,False,False,False,False,False,False,True,False,False,False,False,False,False,False,True,False,False,False,True,False,False,False,False,False,False,False,False,False,False,True,False,False,False,False,False,False,False,False,False,0,1,2,4,Consistent Weekly,Shopping,Mobile App,Surging in Subscriptions,0.06,3.0,449.19500000000005,4.0,[8489335112982257],8489335112982257,1
USR803YO,122511492795,True,6334,4214.95,1,0.0,53,139125.95,2915.9464150943395,26006400.0,False,False,False,False,False,False,False,False,False,False,True,False,False,False,False,False,False,False,False,False,False,True,True,False,False,False,False,False,False,False,False,False,False,True,False,False,False,False,False,False,False,False,False,0,1,2,4,Consistent Weekly,Shopping,In-store,Surging in Travel,0.06,3.0,430.505,4.0,[6714012310265196],6714012310265196,1
USR489hA,9381630230571,True,3597,3133.67,1,0.0,54,171397.48,3397.4464814814814,25920000.0,False,False,False,False,False,False,False,False,False,False,True,False,False,False,True,False,False,False,False,False,False,False,True,False,False,False,False,False,False,False,False,False,False,True,False,False,False,False,False,False,False,False,False,0,2,2,4,Consistent Weekly,Shopping,Online,Surging in Subscriptions,0.06,3.0,52.2025,4.0,[7975352599335891],7975352599335891,1
USR587rm,3843354153970,False,7156,3603.04,1,0.0,37,2218.78,322.0424324324324,25660800.0,False,False,False,False,False,False,False,False,False,False,True,True,False,False,False,False,False,False,False,False,False,False,True,False,False,False,False,False,False,False,False,False,False,True,False,False,False,False,False,False,False,False,False,0,1,2,3,Consistent Weekly,Fitness,Online,Surging in Gifts,0.08,3.0,301.34,3.0,[8193956170168360],8193956170168360,1
USR103fp,2830535861189,False,2713,3238.99,1,0.0,53,171327.87,6150.533396226416,26438400.0,False,False,False,False,False,False,False,False,False,False,True,False,False,False,True,False,False,False,False,False,False,False,True,False,False,False,False,False,False,False,False,False,False,True,False,False,False,False,False,False,False,False,False,0,1,3,9,Healthy Active User,Shopping,Mobile App,Surging in Gifts,0.06,3.0,228.94999999999996,9.0,[1736786131442588],1736786131442588,1
USR710BJ,6273777417045,True,1376,1464.19,1,0.0,42,295387.25,7181.775,27302400.0,False,False,False,False,False,False,False,False,False,False,True,False,False,False,True,False,False,False,False,False,False,False,False,True,False,False,False,False,False,False,False,False,False,True,False,False,False,False,False,False,False,False,False,0,1,1,3,Single-Tasker,Shopping,In-store,Surging in Travel,0.07,3.0,449.28999999999996,3.0,[6000980453109455],6000980453109455,1
USR964lF,1551669068041,True,7707,2503.87,1,0.0,57,7154.32,466.36982456140356,27475200.0,False,False,False,False,False,False,False,False,False,False,True,False,True,False,False,False,False,False,False,False,False,False,True,False,False,False,False,False,False,False,False,False,False,True,False,False,False,False,False,False,False,False,False,0,1,1,6,Single-Tasker,Housing and Utilities,Online,Surging in Shopping,0.05,3.0,1319.7966666666666,6.0,[8415044179987075],8415044179987075,1
USR901Hl,6419149024943,True,1701,2502.25,1,0.0,48,214910.5,4887.409166666666,25747200.0,False,False,False,False,False,False,False,False,False,False,True,False,False,False,False,True,False,False,False,False,False,False,False,True,False,False,False,False,False,False,False,False,False,True,False,False,False,False,False,False,False,False,False,0,1,1,3,Single-Tasker,Shopping,Online,Surging in Gifts,0.06,3.0,128.33666666666667,3.0,[3251441215462121],3251441215462121,1
USR157Ok,2831213671816,True,3501,380.72,1,0.0,56,58087.43,1199.4517857142857,25660800.0,False,False,False,False,False,False,False,False,False,False,True,False,False,False,False,False,False,False,True,False,False,False,False,True,False,False,False,False,False,False,False,False,False,True,False,False,False,False,False,False,False,False,False,0,1,1,1,Single-Tasker,Shopping,Online,Surging in Food,0.05,3.0,8.16,1.0,[2171207643186722],2171207643186722,1
USR640RH,5268734333789,False,6603,9467.61,1,0.0,59,206258.18,5347.913898305084,26697600.0,False,False,False,False,False,False,False,False,False,False,True,True,False,False,False,False,False,False,False,False,False,False,True,False,False,False,False,False,False,False,False,False,False,True,False,False,False,False,False,False,False,False,False,0,2,2,3,Consistent Weekly,Shopping,Mobile App,Surging in Housing and Utilities,0.05,3.0,983.7366666666667,3.0,[1570228056750408],1570228056750408,1
USR953VW,4400054964942,True,6709,984.57,1,0.0,45,94257.77,3147.306888888889,25833600.0,False,False,False,False,False,False,False,False,False,False,True,False,False,False,True,False,False,False,False,False,False,False,False,True,False,False,False,False,False,False,False,False,False,True,False,False,False,False,False,False,False,False,False,0,1,1,2,Single-Tasker,Shopping,In-store,Surging in Friend Activities,0.07,3.0,247.445,2.0,[5730630380168543],5730630380168543,1
USR155Ld,9115476116656,False,9632,6003.62,1,0.0,43,160789.58,5003.338837209302,25920000.0,False,False,False,False,False,True,False,False,False,False,False,False,False,True,False,False,False,False,False,False,False,False,True,False,False,False,False,False,False,False,False,False,False,True,False,False,False,False,False,False,False,False,False,0,1,2,4,Consistent Weekly,Shopping,Mobile App,Surging in Housing and Utilities,0.07,3.0,11534.872500000001,4.0,[9794651047068781],9794651047068781,1
USR979Po,7092186945900,False,1463,1827.89,1,0.0,44,1474.42,247.37727272727273,29203200.0,False,False,False,False,False,False,False,False,False,False,True,False,False,False,False,False,False,False,True,False,False,False,False,True,False,False,False,False,False,False,False,False,False,True,False,False,False,False,False,False,False,False,False,0,1,1,2,Single-Tasker,Fitness,Mobile App,Surging in Gifts,0.07,3.0,869.96,2.0,[8642594610423557],8642594610423557,1
USR977PC,3733406693006,False,575,6549.5,1,0.0,39,153334.39,4105.607692307693,26352000.0,False,False,False,False,False,False,False,False,False,False,True,False,True,False,False,False,False,False,False,False,False,False,False,True,False,False,False,False,False,False,False,False,False,True,False,False,False,False,False,False,False,False,False,0,1,1,3,Single-Tasker,Shopping,In-store,Surging in Personal Hygiene,0.08,3.0,20.466666666666665,3.0,[9363704747859931],9363704747859931,1
USR985cj,5032747556218,True,2296,8477.95,1,0.0,63,202656.54,5432.480317460318,28339200.0,False,False,False,False,False,False,False,False,False,False,True,False,False,False,False,False,False,False,True,False,False,False,False,True,False,False,False,False,False,False,False,False,False,True,False,False,False,False,False,False,False,False,False,0,1,1,3,Single-Tasker,Shopping,In-store,Surging in Personal Hygiene,0.05,3.0,701.8466666666667,3.0,[3915401555195700],3915401555195700,1
USR548Uw,1806054439039,True,3009,1546.46,1,0.0,53,175084.14,3561.9613207547172,27734400.0,False,False,False,False,False,False,False,False,False,False,True,True,False,False,False,False,False,False,False,False,False,False,True,False,False,False,False,False,False,False,False,False,False,True,False,False,False,False,False,False,False,False,False,0,1,1,2,Single-Tasker,Shopping,Mobile App,Surging in Travel,0.06,3.0,592.735,2.0,[5565304123593433],5565304123593433,1
USR321bf,6721983544594,True,7242,3529.41,1,0.0,38,4923.62,667.7278947368421,27561600.0,False,False,False,False,False,False,False,False,False,False,True,True,False,False,False,False,False,False,False,False,False,False,False,True,False,False,False,False,False,False,False,False,False,True,False,False,False,False,False,False,False,False,False,0,1,1,2,Single-Tasker,Housing and Utilities,Mobile App,Surging in Gifts,0.08,3.0,294.08,2.0,[53529485970047],53529485970047,1
USR329IV,2842738680735,True,0,110.0,1,0.0,145,89.4,-62.70041379310344,2073600.0,False,False,False,False,False,False,False,False,False,False,True,False,False,False,False,False,False,False,False,False,False,True,False,False,False,False,False,True,False,False,False,False,False,True,False,False,False,False,False,False,False,False,False,0,1,1,7,Single-Tasker,Transportation,United Airlines,Surging in Transportation,0.03,5.0,-41.87714285714286,7.0,[8329462018937927],8329462018937927,1
USR470Uv,5967657552540,False,1111,210.0,1,0.0,49,25.0,10.091836734693878,2160000.0,False,False,False,False,False,False,False,False,False,False,True,False,False,False,False,False,False,False,False,True,False,False,False,False,False,False,False,False,True,False,False,False,False,True,False,False,False,False,False,False,False,False,False,0,1,1,3,Single-Tasker,Finance,Unknown Merchant,Surging in Finance,0.02,1.0,5.5200000000000005,3.0,[7533070098837544],7533070098837544,1
USR557Nb,6562150177538,True,2222,1000.0,1,0.0,24,1000.0,1000.0,4406400.0,False,False,False,False,False,False,False,False,False,False,True,False,False,False,False,False,False,False,False,False,False,True,False,False,False,False,False,False,False,False,False,False,True,True,False,False,False,False,False,False,False,False,False,0,1,1,2,Single-Tasker,Finance,Unknown Merchant,Surging in Finance,0.04,1.0,1000.0,2.0,[2684042369620013],2684042369620013,1
USR888CC,4875500066340,True,3333,410.0,1,0.0,144,2078.5,692.8333333333334,3024000.0,False,False,False,False,False,False,False,False,False,False,True,False,False,False,False,False,False,False,False,False,False,True,False,False,True,False,False,False,False,False,False,False,False,True,False,False,False,False,False,False,False,False,False,0,1,5,7,Healthy Active User,Finance,Unknown Merchant,Surging in Finance,0.02,3.0,665.2857142857143,7.0,[5127039742533735],5127039742533735,1
USR101Ec,1982621273086,True,4444,43200.0,1,0.0,24,5850.0,5850.0,4406400.0,False,False,False,False,False,False,False,False,False,False,True,False,False,False,False,False,False,False,False,False,False,True,False,False,False,False,False,False,False,False,False,True,False,True,False,False,False,False,False,False,False,False,False,0,1,1,2,Single-Tasker,Finance,Unknown Merchant,Surging in Finance,0.04,1.0,5850.0,2.0,[354977089704960],354977089704960,1
USR277yT,4684120960357,False,5555,320.76,1,0.0,0,0.0,0.0,0.0,False,False,False,False,False,False,False,False,False,False,True,False,False,False,False,False,False,False,False,False,False,True,False,False,False,False,False,False,False,False,False,False,True,True,False,False,False,False,False,False,False,False,False,0,0,0,0,Low Activity/Trial,,,No Data,0.0,0.0,0.0,0.0,[2688976264342716],2688976264342716,1
USR890mz,9699602347979,True,6666,23631.9805,1,0.0,0,0.0,0.0,0.0,False,False,False,False,False,False,False,False,False,False,True,False,False,False,False,False,False,False,False,False,False,True,False,False,False,False,False,False,False,False,False,False,True,True,False,False,False,False,False,False,False,False,False,0,0,0,0,Low Activity/Trial,,,No Data,0.0,0.0,0.0,0.0,[1713682000630580],1713682000630580,1
USR346Lq,9643513664113,False,7777,65262.0,1,0.0,0,0.0,0.0,0.0,False,False,False,False,False,False,False,False,False,False,True,False,False,False,False,False,False,False,False,False,False,True,False,False,False,False,False,False,False,False,True,False,False,True,False,False,False,False,False,False,False,False,False,0,0,0,0,Low Activity/Trial,,,No Data,0.0,0.0,0.0,0.0,[1226830501098187],1226830501098187,1
USR587Gv,9651708418402,False,8888,56302.06,1,0.0,0,0.0,0.0,0.0,False,False,False,False,False,False,False,False,False,False,True,False,False,False,False,False,False,False,False,False,True,False,False,False,False,False,False,False,False,True,False,False,False,True,False,False,False,False,False,False,False,False,False,0,0,0,0,Low Activity/Trial,,,No Data,0.0,0.0,0.0,0.0,[9247735721127157],9247735721127157,1
USR542bK,304376939673,True,9001,6009.0,1,0.0,0,0.0,0.0,0.0,False,False,False,False,False,False,False,False,False,False,True,False,False,False,False,False,False,False,False,False,False,True,False,False,False,False,False,False,False,False,False,False,True,True,False,False,False,False,False,False,False,False,False,0,0,0,0,Low Activity/Trial,,,No Data,0.0,0.0,0.0,0.0,[9415501525360974],9415501525360974,1
USR037Lk,5958845175426,False,9002,12060.0,1,0.0,0,0.0,0.0,0.0,False,False,False,False,False,False,False,False,False,False,True,False,False,False,False,False,False,False,False,False,False,True,False,False,False,False,False,False,False,False,False,False,True,True,False,False,False,False,False,False,False,False,False,0,0,0,0,Low Activity/Trial,,,No Data,0.0,0.0,0.0,0.0,[9172062937718400],9172062937718400,1
USR076aO,1344098410292,False,9999,5020.0,1,0.0,0,0.0,0.0,0.0,False,False,False,False,False,False,False,False,False,False,True,False,False,False,False,False,False,False,False,False,False,True,False,False,True,False,False,False,False,False,False,False,False,True,False,False,False,False,False,False,False,False,False,0,0,0,0,Low Activity/Trial,,,No Data,0.0,0.0,0.0,0.0,[7504294204576727],7504294204576727,1
USR542rd,4731038705026,False,0,110.0,1,0.0,145,89.4,-62.70041379310344,2073600.0,False,False,False,False,False,False,False,False,False,False,True,False,False,False,False,False,False,False,False,False,False,True,False,False,False,False,False,True,False,False,False,False,False,True,False,False,False,False,False,False,False,False,False,0,1,1,7,Single-Tasker,Transportation,United Airlines,Surging in Transportation,0.04,6.0,-41.87714285714286,7.0,[5335839823532000],5335839823532000,1
USR628FF,3898327698604,False,1111,210.0,1,0.0,49,25.0,10.091836734693878,2160000.0,False,False,False,False,False,False,False,False,False,False,True,False,False,False,False,False,False,False,False,True,False,False,False,False,False,False,False,False,True,False,False,False,False,True,False,False,False,False,False,False,False,False,False,0,1,1,3,Single-Tasker,Finance,Unknown Merchant,Surging in Finance,0.02,1.0,5.5200000000000005,3.0,[6866188988230377],6866188988230377,1
USR981sU,4370141591488,False,2222,1000.0,1,0.0,24,1000.0,1000.0,4406400.0,False,False,False,False,False,False,False,False,False,False,True,False,False,False,False,False,False,False,False,False,False,True,False,False,False,False,False,False,False,False,False,False,True,True,False,False,False,False,False,False,False,False,False,0,1,1,2,Single-Tasker,Finance,Unknown Merchant,Surging in Finance,0.04,1.0,1000.0,2.0,[5300673133886394],5300673133886394,1
USR138nO,7910358566063,False,3333,410.0,1,0.0,144,2078.5,692.8333333333334,3024000.0,False,False,False,False,False,False,False,False,False,False,True,False,False,False,False,False,False,False,False,False,False,True,False,False,True,False,False,False,False,False,False,False,False,True,False,False,False,False,False,False,False,False,False,0,1,5,7,Healthy Active User,Finance,Unknown Merchant,Surging in Finance,0.02,3.0,665.2857142857143,7.0,[8779921639369214],8779921639369214,1
USR352dx,1740713943203,True,4444,43200.0,1,0.0,24,5850.0,5850.0,4406400.0,False,False,False,False,False,False,False,False,False,False,True,False,False,False,False,False,False,False,False,False,False,True,False,False,False,False,False,False,False,False,False,True,False,True,False,False,False,False,False,False,False,False,False,0,1,1,2,Single-Tasker,Finance,Unknown Merchant,Surging in Finance,0.04,1.0,5850.0,2.0,[7701331840682174],7701331840682174,1
USR465JE,4063841974321,False,5555,320.76,1,0.0,0,0.0,0.0,0.0,False,False,False,False,False,False,False,False,False,False,True,False,False,False,False,False,False,False,False,False,False,True,False,False,False,False,False,False,False,False,False,False,True,True,False,False,False,False,False,False,False,False,False,0,0,0,0,Low Activity/Trial,,,No Data,0.0,0.0,0.0,0.0,[3220460875328937],3220460875328937,1
USR637Ps,3483621310856,True,6666,23631.9805,1,0.0,0,0.0,0.0,0.0,False,False,False,False,False,False,False,False,False,False,True,False,False,False,False,False,False,False,False,False,False,True,False,False,False,False,False,False,False,False,False,False,True,True,False,False,False,False,False,False,False,False,False,0,0,0,0,Low Activity/Trial,,,No Data,0.0,0.0,0.0,0.0,[3839065158656776],3839065158656776,1
USR958Ub,427023141936,False,7777,65262.0,1,0.0,0,0.0,0.0,0.0,False,False,False,False,False,False,False,False,False,False,True,False,False,False,False,False,False,False,False,False,False,True,False,False,False,False,False,False,False,False,True,False,False,True,False,False,False,False,False,False,False,False,False,0,0,0,0,Low Activity/Trial,,,No Data,0.0,0.0,0.0,0.0,[5660503857241281],5660503857241281,1
USR432HO,3775026944616,False,8888,56302.06,1,0.0,0,0.0,0.0,0.0,False,False,False,False,False,False,False,False,False,False,True,False,False,False,False,False,False,False,False,False,True,False,False,False,False,False,False,False,False,True,False,False,False,True,False,False,False,False,False,False,False,False,False,0,0,0,0,Low Activity/Trial,,,No Data,0.0,0.0,0.0,0.0,[910457921111197],910457921111197,1
USR600iP,8198534602464,False,9001,6009.0,1,0.0,0,0.0,0.0,0.0,False,False,False,False,False,False,False,False,False,False,True,False,False,False,False,False,False,False,False,False,False,True,False,False,False,False,False,False,False,False,False,False,True,True,False,False,False,False,False,False,False,False,False,0,0,0,0,Low Activity/Trial,,,No Data,0.0,0.0,0.0,0.0,[7410813586801292],7410813586801292,1
USR702jw,622602220212,True,9002,12060.0,1,0.0,0,0.0,0.0,0.0,False,False,False,False,False,False,False,False,False,False,True,False,False,False,False,False,False,False,False,False,False,True,False,False,False,False,False,False,False,False,False,False,True,True,False,False,False,False,False,False,False,False,False,0,0,0,0,Low Activity/Trial,,,No Data,0.0,0.0,0.0,0.0,[6167265296671113],6167265296671113,1
USR967NT,182781544309,True,9999,5020.0,1,0.0,0,0.0,0.0,0.0,False,False,False,False,False,False,False,False,False,False,True,False,False,False,False,False,False,False,False,False,False,True,False,False,True,False,False,False,False,False,False,False,False,True,False,False,False,False,False,False,False,False,False,0,0,0,0,Low Activity/Trial,,,No Data,0.0,0.0,0.0,0.0,[2211850452351905],2211850452351905,1
USR761gu,5428375128692,True,0,110.0,1,0.0,145,89.4,-62.70041379310344,2073600.0,False,False,False,False,False,False,False,False,False,False,True,False,False,False,False,False,False,False,False,False,False,True,False,False,False,False,False,True,False,False,False,False,False,True,False,False,False,False,False,False,False,False,False,0,1,1,7,Single-Tasker,Transportation,United Airlines,Surging in Transportation,0.04,6.0,-41.87714285714286,7.0,[5019787361317249],5019787361317249,1
USR940yP,3082559940169,True,1111,210.0,1,0.0,49,25.0,10.091836734693878,2160000.0,False,False,False,False,False,False,False,False,False,False,True,False,False,False,False,False,False,False,False,True,False,False,False,False,False,False,False,False,True,False,False,False,False,True,False,False,False,False,False,False,False,False,False,0,1,1,3,Single-Tasker,Finance,Unknown Merchant,Surging in Finance,0.02,1.0,5.5200000000000005,3.0,[9327060056983853],9327060056983853,1
USR721Sq,1285440884385,False,2222,1000.0,1,0.0,24,1000.0,1000.0,4406400.0,False,False,False,False,False,False,False,False,False,False,True,False,False,False,False,False,False,False,False,False,False,True,False,False,False,False,False,False,False,False,False,False,True,True,False,False,False,False,False,False,False,False,False,0,1,1,2,Single-Tasker,Finance,Unknown Merchant,Surging in Finance,0.04,1.0,1000.0,2.0,[6303715070748633],6303715070748633,1
USR051Ap,8361371614262,False,3333,410.0,1,0.0,144,2078.5,692.8333333333334,3024000.0,False,False,False,False,False,False,False,False,False,False,True,False,False,False,False,False,False,False,False,False,False,True,False,False,True,False,False,False,False,False,False,False,False,True,False,False,False,False,False,False,False,False,False,0,1,5,7,Healthy Active User,Finance,Unknown Merchant,Surging in Finance,0.02,3.0,665.2857142857143,7.0,[756028260670192],756028260670192,1
USR525bL,6062908082740,False,4444,43200.0,1,0.0,24,5850.0,5850.0,4406400.0,False,False,False,False,False,False,False,False,False,False,True,False,False,False,False,False,False,False,False,False,False,True,False,False,False,False,False,False,False,False,False,True,False,True,False,False,False,False,False,False,False,False,False,0,1,1,2,Single-Tasker,Finance,Unknown Merchant,Surging in Finance,0.04,1.0,5850.0,2.0,[7408292713444684],7408292713444684,1
USR981TN,2061405566427,True,5555,320.76,1,0.0,0,0.0,0.0,0.0,False,False,False,False,False,False,False,False,False,False,True,False,False,False,False,False,False,False,False,False,False,True,False,False,False,False,False,False,False,False,False,False,True,True,False,False,False,False,False,False,False,False,False,0,0,0,0,Low Activity/Trial,,,No Data,0.0,0.0,0.0,0.0,[8969927450614649],8969927450614649,1
USR375UA,6831400941164,False,6666,23631.9805,1,0.0,0,0.0,0.0,0.0,False,False,False,False,False,False,False,False,False,False,True,False,False,False,False,False,False,False,False,False,False,True,False,False,False,False,False,False,False,False,False,False,True,True,False,False,False,False,False,False,False,False,False,0,0,0,0,Low Activity/Trial,,,No Data,0.0,0.0,0.0,0.0,[2749694207254219],2749694207254219,1
USR668BV,9490856229272,True,7777,65262.0,1,0.0,0,0.0,0.0,0.0,False,False,False,False,False,False,False,False,False,False,True,False,False,False,False,False,False,False,False,False,False,True,False,False,False,False,False,False,False,False,True,False,False,True,False,False,False,False,False,False,False,False,False,0,0,0,0,Low Activity/Trial,,,No Data,0.0,0.0,0.0,0.0,[5198809326291652],5198809326291652,1
USR056dz,2022242950498,True,8888,56302.06,1,0.0,0,0.0,0.0,0.0,False,False,False,False,False,False,False,False,False,False,True,False,False,False,False,False,False,False,False,False,True,False,False,False,False,False,False,False,False,True,False,False,False,True,False,False,False,False,False,False,False,False,False,0,0,0,0,Low Activity/Trial,,,No Data,0.0,0.0,0.0,0.0,[5617546409845686],5617546409845686,1
USR678Jt,4341875475828,True,9001,6009.0,1,0.0,0,0.0,0.0,0.0,False,False,False,False,False,False,False,False,False,False,True,False,False,False,False,False,False,False,False,False,False,True,False,False,False,False,False,False,False,False,False,False,True,True,False,False,False,False,False,False,False,False,False,0,0,0,0,Low Activity/Trial,,,No Data,0.0,0.0,0.0,0.0,[1564190870472144],1564190870472144,1
USR745Bz,9142922258411,False,9002,12060.0,1,0.0,0,0.0,0.0,0.0,False,False,False,False,False,False,False,False,False,False,True,False,False,False,False,False,False,False,False,False,False,True,False,False,False,False,False,False,False,False,False,False,True,True,False,False,False,False,False,False,False,False,False,0,0,0,0,Low Activity/Trial,,,No Data,0.0,0.0,0.0,0.0,[7737622806933532],7737622806933532,1
USR625kR,4186400864319,True,9999,5020.0,1,0.0,0,0.0,0.0,0.0,False,False,False,False,False,False,False,False,False,False,True,False,False,False,False,False,False,False,False,False,False,True,False,False,True,False,False,False,False,False,False,False,False,True,False,False,False,False,False,False,False,False,False,0,0,0,0,Low Activity/Trial,,,No Data,0.0,0.0,0.0,0.0,[3523565724426433],3523565724426433,1
USR398kh,3728299031659,False,0,110.0,1,0.0,145,89.4,-62.70041379310344,2073600.0,False,False,False,False,False,False,False,False,False,False,True,False,False,False,False,False,False,False,False,False,False,True,False,False,False,False,False,True,False,False,False,False,False,False,False,False,True,False,False,False,False,False,False,0,1,1,7,Single-Tasker,Transportation,United Airlines,Surging in Transportation,0.04,6.0,-41.87714285714286,7.0,[1738673592492369],1738673592492369,1
USR986Sg,1175571646944,True,1111,210.0,1,0.0,49,25.0,10.091836734693878,2160000.0,False,False,False,False,False,False,False,False,False,False,True,False,False,False,False,False,False,False,False,True,False,False,False,False,False,False,False,False,True,False,False,False,False,False,False,False,True,False,False,False,False,False,False,0,1,1,3,Single-Tasker,Finance,Unknown Merchant,Surging in Finance,0.02,1.0,5.5200000000000005,3.0,[2228591593790193],2228591593790193,1
USR272FG,1830566866224,True,2222,1000.0,1,0.0,24,1000.0,1000.0,4406400.0,False,False,False,False,False,False,False,False,False,False,True,False,False,False,False,False,False,False,False,False,False,True,False,False,False,False,False,False,False,False,False,False,True,False,False,False,True,False,False,False,False,False,False,0,1,1,2,Single-Tasker,Finance,Unknown Merchant,Surging in Finance,0.04,1.0,1000.0,2.0,[5910752159066693],5910752159066693,1
USR907oy,8591113685321,False,3333,410.0,1,0.0,144,2078.5,692.8333333333334,3024000.0,False,False,False,False,False,False,False,False,False,False,True,False,False,False,False,False,False,False,False,False,False,True,False,False,True,False,False,False,False,False,False,False,False,False,False,False,True,False,False,False,False,False,False,0,1,5,7,Healthy Active User,Finance,Unknown Merchant,Surging in Finance,0.02,3.0,665.2857142857143,7.0,[6162147641954332],6162147641954332,1
USR678LY,9209200028266,False,4444,43200.0,1,0.0,24,5850.0,5850.0,4406400.0,False,False,False,False,False,False,False,False,False,False,True,False,False,False,False,False,False,False,False,False,False,True,False,False,False,False,False,False,False,False,False,True,False,False,False,False,True,False,False,False,False,False,False,0,1,1,2,Single-Tasker,Finance,Unknown Merchant,Surging in Finance,0.04,1.0,5850.0,2.0,[832068608857768],832068608857768,1
USR626bp,1241568407581,False,5555,320.76,1,0.0,0,0.0,0.0,0.0,False,False,False,False,False,False,False,False,False,False,True,False,False,False,False,False,False,False,False,False,False,True,False,False,False,False,False,False,False,False,False,False,True,False,False,False,True,False,False,False,False,False,False,0,0,0,0,Low Activity/Trial,,,No Data,0.0,0.0,0.0,0.0,[9597173000207414],9597173000207414,1
USR030tI,7128299886189,False,6666,23631.9805,1,0.0,0,0.0,0.0,0.0,False,False,False,False,False,False,False,False,False,False,True,False,False,False,False,False,False,False,False,False,False,True,False,False,False,False,False,False,False,False,False,False,True,False,False,False,True,False,False,False,False,False,False,0,0,0,0,Low Activity/Trial,,,No Data,0.0,0.0,0.0,0.0,[5625862511743879],5625862511743879,1
USR703hK,1521752035038,True,7777,65262.0,1,0.0,0,0.0,0.0,0.0,False,False,False,False,False,False,False,False,False,False,True,False,False,False,False,False,False,False,False,False,False,True,False,False,False,False,False,False,False,False,True,False,False,False,False,False,True,False,False,False,False,False,False,0,0,0,0,Low Activity/Trial,,,No Data,0.0,0.0,0.0,0.0,[3726214598288731],3726214598288731,1
USR401gL,5606778695787,True,8888,56302.06,1,0.0,0,0.0,0.0,0.0,False,False,False,False,False,False,False,False,False,False,True,False,False,False,False,False,False,False,False,False,True,False,False,False,False,False,False,False,False,True,False,False,False,False,False,False,True,False,False,False,False,False,False,0,0,0,0,Low Activity/Trial,,,No Data,0.0,0.0,0.0,0.0,[215253618305302],215253618305302,1
USR277dW,2447159984110,False,9001,6009.0,1,0.0,0,0.0,0.0,0.0,False,False,False,False,False,False,False,False,False,False,True,False,False,False,False,False,False,False,False,False,False,True,False,False,False,False,False,False,False,False,False,False,True,False,False,False,True,False,False,False,False,False,False,0,0,0,0,Low Activity/Trial,,,No Data,0.0,0.0,0.0,0.0,[9369893668505940],9369893668505940,1
USR514qc,4305206182630,True,9002,12060.0,1,0.0,0,0.0,0.0,0.0,False,False,False,False,False,False,False,False,False,False,True,False,False,False,False,False,False,False,False,False,False,True,False,False,False,False,False,False,False,False,False,False,True,False,False,False,True,False,False,False,False,False,False,0,0,0,0,Low Activity/Trial,,,No Data,0.0,0.0,0.0,0.0,[2063414878712931],2063414878712931,1
USR259ou,6402341966303,True,9999,5020.0,1,0.0,0,0.0,0.0,0.0,False,False,False,False,False,False,False,False,False,False,True,False,False,False,False,False,False,False,False,False,False,True,False,False,True,False,False,False,False,False,False,False,False,False,False,False,True,False,False,False,False,False,False,0,0,0,0,Low Activity/Trial,,,No Data,0.0,0.0,0.0,0.0,[8485808463381494],8485808463381494,1
USR340wo,5500868847091,True,0,110.0,1,0.0,107,1400.0,38.73710280373832,2073600.0,False,False,False,False,False,False,False,False,False,False,True,False,False,False,False,False,False,False,False,False,False,True,False,False,False,False,False,True,False,False,False,False,False,False,False,True,False,False,False,False,False,False,False,0,5,22,107,High-Intensity User,Finance,Unknown Merchant,Surging in Transportation,0.77,82.0,38.73710280373832,107.0,[1198953315766337],1198953315766337,1
USR471zI,7743801879521,False,1111,210.0,1,0.0,1,-4.22,-4.22,2160000.0,False,False,False,False,False,False,False,False,False,False,True,False,False,False,False,False,False,False,False,True,False,False,False,False,False,False,False,False,True,False,False,False,False,False,False,True,False,False,False,False,False,False,False,0,1,1,1,Single-Tasker,Finance,Unknown Merchant,Surging in Finance,1.0,1.0,-4.22,1.0,[3822805229673985],3822805229673985,1
USR514Mj,3157880672573,True,2222,1205.0,1,0.0,1,1000.0,1000.0,4406400.0,False,False,False,False,False,False,False,False,False,False,True,False,False,False,False,False,False,False,False,False,False,True,False,False,False,False,False,True,False,False,False,False,False,False,False,True,False,False,False,False,False,False,False,0,1,1,1,Single-Tasker,Finance,Unknown Merchant,Surging in Finance,1.0,1.0,1000.0,1.0,[7019266951689704],7019266951689704,1
USR486wN,5185180968212,False,3333,410.0,1,0.0,7,2078.5,589.7857142857143,3024000.0,False,False,False,False,False,False,False,False,False,False,True,False,False,False,False,False,False,False,False,False,False,True,False,False,True,False,False,False,False,False,False,False,False,False,False,True,False,False,False,False,False,False,False,0,1,5,7,Healthy Active User,Finance,Unknown Merchant,Surging in Finance,0.71,5.0,589.7857142857143,7.0,[3078405587064632],3078405587064632,1
USR707cn,8694533175044,True,8888,56302.06,1,0.0,0,0.0,0.0,0.0,False,False,False,False,False,False,False,False,False,False,True,False,False,False,False,False,False,False,False,False,True,False,False,False,False,False,False,False,False,True,False,False,False,False,False,True,False,False,False,False,False,False,False,0,0,0,0,Low Activity/Trial,,,No Data,0.0,0.0,0.0,0.0,[7989562485424445],7989562485424445,1
USR229Pm,8639884810245,True,9999,5020.0,1,0.0,0,0.0,0.0,0.0,False,False,False,False,False,False,False,False,False,False,True,False,False,False,False,False,False,False,False,False,False,True,False,False,True,False,False,False,False,False,False,False,False,False,False,True,False,False,False,False,False,False,False,0,0,0,0,Low Activity/Trial,,,No Data,0.0,0.0,0.0,0.0,[4336935723507081],4336935723507081,1
USR844Zm,6565138625449,False,0,110.0,1,0.0,145,89.4,-62.70041379310344,2073600.0,False,False,False,False,False,False,False,False,False,False,True,False,False,False,False,False,False,False,False,False,False,True,False,False,False,False,False,True,False,False,False,False,False,True,False,False,False,False,False,False,False,False,False,0,1,1,7,Single-Tasker,Transportation,United Airlines,Surging in Transportation,0.03,5.0,-41.87714285714286,7.0,[3531198008211877],3531198008211877,1
USR001ul,3073577538550,False,1111,210.0,1,0.0,49,25.0,10.091836734693878,2160000.0,False,False,False,False,False,False,False,False,False,False,True,False,False,False,False,False,False,False,False,True,False,False,False,False,False,False,False,False,True,False,False,False,False,True,False,False,False,False,False,False,False,False,False,0,1,1,3,Single-Tasker,Finance,Unknown Merchant,Surging in Finance,0.02,1.0,5.5200000000000005,3.0,[2072980663691903],2072980663691903,1
USR333eC,8402400267452,False,2222,1000.0,1,0.0,24,1000.0,1000.0,4406400.0,False,False,False,False,False,False,False,False,False,False,True,False,False,False,False,False,False,False,False,False,False,True,False,False,False,False,False,False,False,False,False,False,True,True,False,False,False,False,False,False,False,False,False,0,1,1,2,Single-Tasker,Finance,Unknown Merchant,Surging in Finance,0.04,1.0,1000.0,2.0,[696290108317009],696290108317009,1
USR964ub,3334586248158,False,3333,410.0,1,0.0,144,2078.5,692.8333333333334,3024000.0,False,False,False,False,False,False,False,False,False,False,True,False,False,False,False,False,False,False,False,False,False,True,False,False,True,False,False,False,False,False,False,False,False,True,False,False,False,False,False,False,False,False,False,0,1,5,7,Healthy Active User,Finance,Unknown Merchant,Surging in Finance,0.02,3.0,665.2857142857143,7.0,[5326666390096885],5326666390096885,1
USR827NH,8788983428667,False,4444,43200.0,1,0.0,24,5850.0,5850.0,4406400.0,False,False,False,False,False,False,False,False,False,False,True,False,False,False,False,False,False,False,False,False,False,True,False,False,False,False,False,False,False,False,False,True,False,True,False,False,False,False,False,False,False,False,False,0,1,1,2,Single-Tasker,Finance,Unknown Merchant,Surging in Finance,0.04,1.0,5850.0,2.0,[210381283745659],210381283745659,1
USR871gH,1291806995936,False,5555,320.76,1,0.0,0,0.0,0.0,0.0,False,False,False,False,False,False,False,False,False,False,True,False,False,False,False,False,False,False,False,False,False,True,False,False,False,False,False,False,False,False,False,False,True,True,False,False,False,False,False,False,False,False,False,0,0,0,0,Low Activity/Trial,,,No Data,0.0,0.0,0.0,0.0,[5753541542331337],5753541542331337,1
USR704Hs,6185528918388,True,6666,23631.9805,1,0.0,0,0.0,0.0,0.0,False,False,False,False,False,False,False,False,False,False,True,False,False,False,False,False,False,False,False,False,False,True,False,False,False,False,False,False,False,False,False,False,True,True,False,False,False,False,False,False,False,False,False,0,0,0,0,Low Activity/Trial,,,No Data,0.0,0.0,0.0,0.0,[7402124834064455],7402124834064455,1
USR566Ig,8905881126087,False,7777,65262.0,1,0.0,0,0.0,0.0,0.0,False,False,False,False,False,False,False,False,False,False,True,False,False,False,False,False,False,False,False,False,False,True,False,False,False,False,False,False,False,False,True,False,False,True,False,False,False,False,False,False,False,False,False,0,0,0,0,Low Activity/Trial,,,No Data,0.0,0.0,0.0,0.0,[7651711661469655],7651711661469655,1
USR272eU,7794771203306,True,8888,56302.06,1,0.0,0,0.0,0.0,0.0,False,False,False,False,False,False,False,False,False,False,True,False,False,False,False,False,False,False,False,False,True,False,False,False,False,False,False,False,False,True,False,False,False,True,False,False,False,False,False,False,False,False,False,0,0,0,0,Low Activity/Trial,,,No Data,0.0,0.0,0.0,0.0,[8198130121675443],8198130121675443,1
USR971nl,127108560911,True,9001,6009.0,1,0.0,0,0.0,0.0,0.0,False,False,False,False,False,False,False,False,False,False,True,False,False,False,False,False,False,False,False,False,False,True,False,False,False,False,False,False,False,False,False,False,True,True,False,False,False,False,False,False,False,False,False,0,0,0,0,Low Activity/Trial,,,No Data,0.0,0.0,0.0,0.0,[187004967010284],187004967010284,1
USR575ro,613342924189,False,9002,12060.0,1,0.0,0,0.0,0.0,0.0,False,False,False,False,False,False,False,False,False,False,True,False,False,False,False,False,False,False,False,False,False,True,False,False,False,False,False,False,False,False,False,False,True,True,False,False,False,False,False,False,False,False,False,0,0,0,0,Low Activity/Trial,,,No Data,0.0,0.0,0.0,0.0,[6493126112374698],6493126112374698,1
USR464Az,2106987285321,False,9999,5020.0,1,0.0,0,0.0,0.0,0.0,False,False,False,False,False,False,False,False,False,False,True,False,False,False,False,False,False,False,False,False,False,True,False,False,True,False,False,False,False,False,False,False,False,True,False,False,False,False,False,False,False,False,False,0,0,0,0,Low Activity/Trial,,,No Data,0.0,0.0,0.0,0.0,[28196213715029],28196213715029,1
USR264Ys,2317410526627,False,0,110.0,1,0.0,145,89.4,-62.70041379310344,2073600.0,False,False,False,False,False,False,False,False,False,False,True,False,False,False,False,False,False,False,False,False,False,True,False,False,False,False,False,True,False,False,False,False,False,True,False,False,False,False,False,False,False,False,False,0,1,1,7,Single-Tasker,Transportation,United Airlines,Surging in Transportation,0.04,6.0,-41.87714285714286,7.0,[3296804033846165],3296804033846165,1
USR263pz,3718951660881,True,1111,210.0,1,0.0,49,25.0,10.091836734693878,2160000.0,False,False,False,False,False,False,False,True,False,False,False,False,False,False,False,False,False,False,False,True,False,False,False,False,False,False,False,False,True,False,False,False,False,True,False,False,False,False,False,False,False,False,False,0,1,1,3,Single-Tasker,Finance,Unknown Merchant,Surging in Finance,0.02,1.0,5.5200000000000005,3.0,[9742732280297836],9742732280297836,1
USR840Il,6118727686197,True,2222,1000.0,1,0.0,24,1000.0,1000.0,4406400.0,False,False,False,False,False,False,False,False,False,False,True,False,False,False,False,False,False,False,False,False,False,True,False,False,False,False,False,False,False,False,False,False,True,True,False,False,False,False,False,False,False,False,False,0,1,1,2,Single-Tasker,Finance,Unknown Merchant,Surging in Finance,0.04,1.0,1000.0,2.0,[9457973740993925],9457973740993925,1
USR950fn,8884556439817,False,3333,410.0,1,0.0,144,2078.5,692.8333333333334,3024000.0,False,False,False,False,False,False,False,False,False,False,True,False,False,False,False,False,False,False,False,False,False,True,False,False,True,False,False,False,False,False,False,False,False,True,False,False,False,False,False,False,False,False,False,0,1,5,7,Healthy Active User,Finance,Unknown Merchant,Surging in Finance,0.02,3.0,665.2857142857143,7.0,[6486997796023848],6486997796023848,1
USR562FO,9199885858356,False,4444,43200.0,1,0.0,24,5850.0,5850.0,4406400.0,False,False,False,False,False,False,False,False,False,False,True,False,False,False,False,False,False,False,False,False,False,True,False,False,False,False,False,False,False,False,False,True,False,True,False,False,False,False,False,False,False,False,False,0,1,1,2,Single-Tasker,Finance,Unknown Merchant,Surging in Finance,0.04,1.0,5850.0,2.0,[1523804154543348],1523804154543348,1
USR214bO,2734168759223,False,5555,320.76,1,0.0,0,0.0,0.0,0.0,False,False,False,False,False,False,False,False,False,False,True,False,False,False,False,False,False,False,False,False,False,True,False,False,False,False,False,False,False,False,False,False,True,True,False,False,False,False,False,False,False,False,False,0,0,0,0,Low Activity/Trial,,,No Data,0.0,0.0,0.0,0.0,[6602979340390607],6602979340390607,1
USR355WP,427528621145,False,6666,23631.9805,1,0.0,0,0.0,0.0,0.0,False,False,False,False,False,False,False,False,False,False,True,False,False,False,False,False,False,False,False,False,False,True,False,False,False,False,False,False,False,False,False,False,True,True,False,False,False,False,False,False,False,False,False,0,0,0,0,Low Activity/Trial,,,No Data,0.0,0.0,0.0,0.0,[879213559413477],879213559413477,1
USR707rn,8290401581090,False,7777,65262.0,1,0.0,0,0.0,0.0,0.0,False,False,False,False,False,False,False,False,False,False,True,False,False,False,False,False,False,False,False,False,False,True,False,False,False,False,False,False,False,False,True,False,False,True,False,False,False,False,False,False,False,False,False,0,0,0,0,Low Activity/Trial,,,No Data,0.0,0.0,0.0,0.0,[7961352091519956],7961352091519956,1
USR229Dn,4676041102531,False,8888,56302.06,1,0.0,0,0.0,0.0,0.0,False,False,False,False,False,False,False,False,False,False,True,False,False,False,False,False,False,False,False,False,True,False,False,False,False,False,False,False,False,True,False,False,False,True,False,False,False,False,False,False,False,False,False,0,0,0,0,Low Activity/Trial,,,No Data,0.0,0.0,0.0,0.0,[1937337834166716],1937337834166716,1
USR194uB,5164522137998,True,9001,6009.0,1,0.0,0,0.0,0.0,0.0,False,False,False,False,False,False,False,False,False,False,True,False,False,False,False,False,False,False,False,False,False,True,False,False,False,False,False,False,False,False,False,False,True,True,False,False,False,False,False,False,False,False,False,0,0,0,0,Low Activity/Trial,,,No Data,0.0,0.0,0.0,0.0,[1176602273144749],1176602273144749,1
USR071ef,6929884205147,True,9002,12060.0,1,0.0,0,0.0,0.0,0.0,False,False,False,False,False,False,False,False,False,False,True,False,False,False,False,False,False,False,False,False,False,True,False,False,False,False,False,False,False,False,False,False,True,True,False,False,False,False,False,False,False,False,False,0,0,0,0,Low Activity/Trial,,,No Data,0.0,0.0,0.0,0.0,[1678562489917154],1678562489917154,1
USR998yq,1453771364078,False,9999,5020.0,1,0.0,0,0.0,0.0,0.0,False,False,False,False,False,False,False,False,False,False,True,False,False,False,False,False,False,False,False,False,False,True,False,False,True,False,False,False,False,False,False,False,False,True,False,False,False,False,False,False,False,False,False,0,0,0,0,Low Activity/Trial,,,No Data,0.0,0.0,0.0,0.0,[2151867961125077],2151867961125077,1
USR869qe,2690203909257,True,0,110.0,1,0.0,107,1400.0,38.73710280373832,2073600.0,False,False,False,False,False,False,False,False,False,False,True,False,False,False,False,False,False,False,False,False,False,True,False,False,False,False,False,True,False,False,False,False,False,False,False,True,False,False,False,False,False,False,False,0,5,22,107,High-Intensity User,Finance,Unknown Merchant,Surging in Transportation,0.77,82.0,38.737102803738324,107.0,[6181856845425308],6181856845425308,1
USR024KD,2514913983698,True,1111,210.0,1,0.0,1,-4.22,-4.22,2160000.0,False,False,False,False,False,False,False,False,False,False,True,False,False,False,False,False,False,False,False,True,False,False,False,False,False,False,False,False,True,False,False,False,False,False,False,True,False,False,False,False,False,False,False,0,1,1,1,Single-Tasker,Finance,Unknown Merchant,Surging in Finance,1.0,1.0,-4.22,1.0,[2633347958766607],2633347958766607,1
USR661QD,1479558111817,True,2222,1205.0,1,0.0,1,1000.0,1000.0,4406400.0,False,False,False,False,False,False,False,False,False,False,True,False,False,False,False,False,False,False,False,False,False,True,False,False,False,False,False,True,False,False,False,False,False,False,False,True,False,False,False,False,False,False,False,0,1,1,1,Single-Tasker,Finance,Unknown Merchant,Surging in Finance,1.0,1.0,1000.0,1.0,[7504141785861895],7504141785861895,1
USR006To,8805772078017,False,3333,410.0,1,0.0,7,2078.5,589.7857142857143,3024000.0,False,False,False,False,False,False,False,False,False,False,True,False,False,False,False,False,False,False,False,False,False,True,False,False,True,False,False,False,False,False,False,False,False,False,False,True,False,False,False,False,False,False,False,0,1,5,7,Healthy Active User,Finance,Unknown Merchant,Surging in Finance,0.71,5.0,589.7857142857143,7.0,[7595805029500185],7595805029500185,1
USR785BT,4705105971987,True,8888,56302.06,1,0.0,0,0.0,0.0,0.0,False,False,False,False,False,False,False,False,False,False,True,False,False,False,False,False,False,False,False,False,True,False,False,False,False,False,False,False,False,True,False,False,False,False,False,True,False,False,False,False,False,False,False,0,0,0,0,Low Activity/Trial,,,No Data,0.0,0.0,0.0,0.0,[4550933692066212],4550933692066212,1
USR154xS,5294148122410,True,9999,5020.0,1,0.0,0,0.0,0.0,0.0,False,False,False,False,False,False,False,False,False,False,True,False,False,False,False,False,False,False,False,False,False,True,False,False,True,False,False,False,False,False,False,False,False,False,False,True,False,False,False,False,False,False,False,0,0,0,0,Low Activity/Trial,,,No Data,0.0,0.0,0.0,0.0,[6043049788919471],6043049788919471,1
USR273gg,2946853590781,True,0,110.0,1,0.0,145,89.4,-62.70041379310344,2073600.0,False,False,False,False,False,False,False,False,False,False,True,False,False,False,False,False,False,False,False,False,False,True,False,False,False,False,False,True,False,False,False,False,False,True,False,False,False,False,False,False,False,False,False,0,1,1,7,Single-Tasker,Transportation,United Airlines,Surging in Transportation,0.03,5.0,-41.87714285714286,7.0,[1283166173158353],1283166173158353,1
USR507pL,988890238468,False,1111,210.0,1,0.0,49,25.0,10.091836734693878,2160000.0,False,False,False,False,False,False,False,False,False,False,True,False,False,False,False,False,False,False,False,True,False,False,False,False,False,False,False,False,True,False,False,False,False,True,False,False,False,False,False,False,False,False,False,0,1,1,3,Single-Tasker,Finance,Unknown Merchant,Surging in Finance,0.02,1.0,5.5200000000000005,3.0,[6009507956600498],6009507956600498,1
USR305BD,5339941502289,False,2222,1000.0,1,0.0,24,1000.0,1000.0,4406400.0,False,False,False,False,False,False,False,False,False,False,True,False,False,False,False,False,False,False,False,False,False,True,False,False,False,False,False,False,False,False,False,False,True,True,False,False,False,False,False,False,False,False,False,0,1,1,2,Single-Tasker,Finance,Unknown Merchant,Surging in Finance,0.04,1.0,1000.0,2.0,[1795115276661323],1795115276661323,1
USR002SI,4201268518560,True,3333,410.0,1,0.0,144,2078.5,692.8333333333334,3024000.0,False,False,False,False,False,False,False,False,False,False,True,False,False,False,False,False,False,False,False,False,False,True,False,False,True,False,False,False,False,False,False,False,False,True,False,False,False,False,False,False,False,False,False,0,1,5,7,Healthy Active User,Finance,Unknown Merchant,Surging in Finance,0.02,3.0,665.2857142857143,7.0,[2535382260794098],2535382260794098,1
USR718AA,461300388483,True,4444,43200.0,1,0.0,24,5850.0,5850.0,4406400.0,False,False,False,False,False,False,False,False,False,False,True,False,False,False,False,False,False,False,False,False,False,True,False,False,False,False,False,False,False,False,False,True,False,True,False,False,False,False,False,False,False,False,False,0,1,1,2,Single-Tasker,Finance,Unknown Merchant,Surging in Finance,0.04,1.0,5850.0,2.0,[7210436570635510],7210436570635510,1
USR779vk,2701190291921,True,5555,320.76,1,0.0,0,0.0,0.0,0.0,False,False,False,False,False,False,False,False,False,False,True,False,False,False,False,False,False,False,False,False,False,True,False,False,False,False,False,False,False,False,False,False,True,True,False,False,False,False,False,False,False,False,False,0,0,0,0,Low Activity/Trial,,,No Data,0.0,0.0,0.0,0.0,[3820254180235229],3820254180235229,1
USR738SY,5534365520289,False,6666,23631.9805,1,0.0,0,0.0,0.0,0.0,False,False,False,False,False,False,False,False,False,False,True,False,False,False,False,False,False,False,False,False,False,True,False,False,False,False,False,False,False,False,False,False,True,True,False,False,False,False,False,False,False,False,False,0,0,0,0,Low Activity/Trial,,,No Data,0.0,0.0,0.0,0.0,[7844100699610608],7844100699610608,1
USR722lH,6800025852555,True,7777,65262.0,1,0.0,0,0.0,0.0,0.0,False,False,False,False,False,False,False,False,False,False,True,False,False,False,False,False,False,False,False,False,False,True,False,False,False,False,False,False,False,False,True,False,False,True,False,False,False,False,False,False,False,False,False,0,0,0,0,Low Activity/Trial,,,No Data,0.0,0.0,0.0,0.0,[3940692650027098],3940692650027098,1
USR525Mo,8070406881576,False,8888,56302.06,1,0.0,0,0.0,0.0,0.0,False,False,False,False,False,False,False,False,False,False,True,False,False,False,False,False,False,False,False,False,True,False,False,False,False,False,False,False,False,True,False,False,False,True,False,False,False,False,False,False,False,False,False,0,0,0,0,Low Activity/Trial,,,No Data,0.0,0.0,0.0,0.0,[5816057104402398],5816057104402398,1
USR664JN,3383950493613,True,9001,6009.0,1,0.0,0,0.0,0.0,0.0,False,False,False,False,False,False,False,False,False,False,True,False,False,False,False,False,False,False,False,False,False,True,False,False,False,False,False,False,False,False,False,False,True,True,False,False,False,False,False,False,False,False,False,0,0,0,0,Low Activity/Trial,,,No Data,0.0,0.0,0.0,0.0,[6994701648739586],6994701648739586,1
USR281jP,4146492057885,False,9002,12060.0,1,0.0,0,0.0,0.0,0.0,False,False,False,False,False,False,False,False,False,False,True,False,False,False,False,False,False,False,False,False,False,True,False,False,False,False,False,False,False,False,False,False,True,True,False,False,False,False,False,False,False,False,False,0,0,0,0,Low Activity/Trial,,,No Data,0.0,0.0,0.0,0.0,[8797569966313978],8797569966313978,1
USR143dp,5575279584976,False,9999,5020.0,1,0.0,0,0.0,0.0,0.0,True,False,False,False,False,False,False,False,False,False,False,False,False,False,False,False,False,False,False,False,False,True,False,False,True,False,False,False,False,False,False,False,False,True,False,False,False,False,False,False,False,False,False,0,0,0,0,Low Activity/Trial,,,No Data,0.0,0.0,0.0,0.0,[9930706642522650],9930706642522650,1
USR101Wd,2268823262014,True,0,110.0,1,0.0,145,89.4,-62.70041379310344,2073600.0,False,False,False,False,False,False,False,False,False,False,True,False,False,False,False,False,False,False,False,False,False,True,False,False,False,False,False,True,False,False,False,False,False,True,False,False,False,False,False,False,False,False,False,0,1,1,7,Single-Tasker,Transportation,United Airlines,Surging in Transportation,0.03,5.0,-41.87714285714286,7.0,[646336222041931],646336222041931,1
USR926eP,9977492736088,True,1111,210.0,1,0.0,49,25.0,10.091836734693878,2160000.0,False,False,False,False,False,False,False,False,False,False,True,False,False,False,False,False,False,False,False,True,False,False,False,False,False,False,False,False,True,False,False,False,False,True,False,False,False,False,False,False,False,False,False,0,1,1,3,Single-Tasker,Finance,Unknown Merchant,Surging in Finance,0.02,1.0,5.5200000000000005,3.0,[4445817876412457],4445817876412457,1
USR671AL,3538119588299,True,2222,1000.0,1,0.0,24,1000.0,1000.0,4406400.0,False,False,False,False,False,False,False,False,False,False,True,False,False,False,False,False,False,False,False,False,False,True,False,False,False,False,False,False,False,False,False,False,True,True,False,False,False,False,False,False,False,False,False,0,1,1,2,Single-Tasker,Finance,Unknown Merchant,Surging in Finance,0.04,1.0,1000.0,2.0,[4859792422506193],4859792422506193,1
USR032gM,8327247186910,False,3333,410.0,1,0.0,144,2078.5,692.8333333333334,3024000.0,False,False,False,False,False,False,False,False,False,False,True,False,False,False,False,False,False,False,False,False,False,True,False,False,True,False,False,False,False,False,False,False,False,True,False,False,False,False,False,False,False,False,False,0,1,5,7,Healthy Active User,Finance,Unknown Merchant,Surging in Finance,0.02,3.0,665.2857142857143,7.0,[2198777834273947],2198777834273947,1
USR510PJ,1656601906990,True,4444,43200.0,1,0.0,24,5850.0,5850.0,4406400.0,False,False,False,False,False,False,False,False,False,False,True,False,False,False,False,False,False,False,False,False,False,True,False,False,False,False,False,False,False,False,False,True,False,True,False,False,False,False,False,False,False,False,False,0,1,1,2,Single-Tasker,Finance,Unknown Merchant,Surging in Finance,0.04,1.0,5850.0,2.0,[6327975332103420],6327975332103420,1
USR681MW,1010759040649,True,5555,320.76,1,0.0,0,0.0,0.0,0.0,False,False,False,False,False,False,False,False,False,False,True,False,False,False,False,False,False,False,False,False,False,True,False,False,False,False,False,False,False,False,False,False,True,True,False,False,False,False,False,False,False,False,False,0,0,0,0,Low Activity/Trial,,,No Data,0.0,0.0,0.0,0.0,[9613311253817893],9613311253817893,1
USR550Li,6158046174140,True,6666,23631.9805,1,0.0,0,0.0,0.0,0.0,False,False,False,False,False,False,False,False,False,False,True,False,False,False,False,False,False,False,False,False,False,True,False,False,False,False,False,False,False,False,False,False,True,True,False,False,False,False,False,False,False,False,False,0,0,0,0,Low Activity/Trial,,,No Data,0.0,0.0,0.0,0.0,[557337581354939],557337581354939,1
USR313wr,2453591390152,True,7777,65262.0,1,0.0,0,0.0,0.0,0.0,False,False,False,False,False,False,False,False,False,False,True,False,False,False,False,False,False,False,False,False,False,True,False,False,False,False,False,False,False,False,True,False,False,True,False,False,False,False,False,False,False,False,False,0,0,0,0,Low Activity/Trial,,,No Data,0.0,0.0,0.0,0.0,[59301204861549],59301204861549,1
USR103Aa,1742090952008,False,8888,56302.06,1,0.0,0,0.0,0.0,0.0,False,False,False,False,False,False,False,False,False,False,True,False,False,False,False,False,False,False,False,False,True,False,False,False,False,False,False,False,False,True,False,False,False,True,False,False,False,False,False,False,False,False,False,0,0,0,0,Low Activity/Trial,,,No Data,0.0,0.0,0.0,0.0,[2399458296031060],2399458296031060,1
USR905Io,9323261638376,False,9001,6009.0,1,0.0,0,0.0,0.0,0.0,False,False,False,False,False,False,False,False,False,False,True,False,False,False,False,False,False,False,False,False,False,True,False,False,False,False,False,False,False,False,False,False,True,True,False,False,False,False,False,False,False,False,False,0,0,0,0,Low Activity/Trial,,,No Data,0.0,0.0,0.0,0.0,[2652426453006440],2652426453006440,1
USR803MW,5991479437415,True,9002,12060.0,1,0.0,0,0.0,0.0,0.0,False,False,False,False,False,False,False,False,False,False,True,False,False,False,False,False,False,False,False,False,False,True,False,False,False,False,False,False,False,False,False,False,True,True,False,False,False,False,False,False,False,False,False,0,0,0,0,Low Activity/Trial,,,No Data,0.0,0.0,0.0,0.0,[7444931932683187],7444931932683187,1
USR739hH,4933282968138,True,9999,5020.0,1,0.0,0,0.0,0.0,0.0,False,False,False,False,False,False,False,False,False,False,True,False,False,False,False,False,False,False,False,False,False,True,False,False,True,False,False,False,False,False,False,False,False,True,False,False,False,False,False,False,False,False,False,0,0,0,0,Low Activity/Trial,,,No Data,0.0,0.0,0.0,0.0,[4990228615827169],4990228615827169,1
USR888gq,7054809784837,True,0,110.0,1,0.0,145,89.4,-62.70041379310344,2073600.0,False,False,False,False,False,False,False,False,False,False,True,False,False,False,False,False,False,False,False,False,False,True,False,False,False,False,False,True,False,False,False,False,False,True,False,False,False,False,False,False,False,False,False,0,1,1,7,Single-Tasker,Transportation,United Airlines,Surging in Transportation,0.04,6.0,-41.87714285714286,7.0,[3507827578780225],3507827578780225,1
USR594QR,4216667254793,True,1111,210.0,1,0.0,49,25.0,10.091836734693878,2160000.0,False,False,False,False,False,False,False,False,False,False,True,False,False,False,False,False,False,False,False,True,False,False,False,False,False,False,False,False,True,False,False,False,False,True,False,False,False,False,False,False,False,False,False,0,1,1,3,Single-Tasker,Finance,Unknown Merchant,Surging in Finance,0.02,1.0,5.5200000000000005,3.0,[3296688946946025],3296688946946025,1
USR724hb,4367319551305,True,2222,1000.0,1,0.0,24,1000.0,1000.0,4406400.0,False,False,False,False,False,False,False,False,False,False,True,False,False,False,False,False,False,False,False,False,False,True,False,False,False,False,False,False,False,False,False,False,True,True,False,False,False,False,False,False,False,False,False,0,1,1,2,Single-Tasker,Finance,Unknown Merchant,Surging in Finance,0.04,1.0,1000.0,2.0,[5110063386224117],5110063386224117,1
USR298fI,6798511841258,False,3333,410.0,1,0.0,144,2078.5,692.8333333333334,3024000.0,False,False,False,False,False,False,False,False,False,False,True,False,False,False,False,False,False,False,False,False,False,True,False,False,True,False,False,False,False,False,False,False,False,True,False,False,False,False,False,False,False,False,False,0,1,5,7,Healthy Active User,Finance,Unknown Merchant,Surging in Finance,0.02,3.0,665.2857142857143,7.0,[5327573936436020],5327573936436020,1
USR365gu,1322916038760,True,4444,43200.0,1,0.0,24,5850.0,5850.0,4406400.0,False,False,False,False,False,False,False,False,False,False,True,False,False,False,False,False,False,False,False,False,False,True,False,False,False,False,False,False,False,False,False,True,False,True,False,False,False,False,False,False,False,False,False,0,1,1,2,Single-Tasker,Finance,Unknown Merchant,Surging in Finance,0.04,1.0,5850.0,2.0,[1578443599189599],1578443599189599,1
USR896rm,2812411765984,False,5555,320.76,1,0.0,0,0.0,0.0,0.0,False,False,False,False,False,False,False,False,False,False,True,False,False,False,False,False,False,False,False,False,False,True,False,False,False,False,False,False,False,False,False,False,True,True,False,False,False,False,False,False,False,False,False,0,0,0,0,Low Activity/Trial,,,No Data,0.0,0.0,0.0,0.0,[8841660311519964],8841660311519964,1
USR577jk,8278085068498,True,6666,23631.9805,1,0.0,0,0.0,0.0,0.0,False,False,False,False,False,False,False,False,False,False,True,False,False,False,False,False,False,False,False,False,False,True,False,False,False,False,False,False,False,False,False,False,True,True,False,False,False,False,False,False,False,False,False,0,0,0,0,Low Activity/Trial,,,No Data,0.0,0.0,0.0,0.0,[5296515033857715],5296515033857715,1
USR331cF,6815666533409,True,7777,65262.0,1,0.0,0,0.0,0.0,0.0,False,False,False,False,False,False,False,False,False,False,True,False,False,False,False,False,False,False,False,False,False,True,False,False,False,False,False,False,False,False,True,False,False,True,False,False,False,False,False,False,False,False,False,0,0,0,0,Low Activity/Trial,,,No Data,0.0,0.0,0.0,0.0,[2666404859876306],2666404859876306,1
USR163SC,5533415710362,False,8888,56302.06,1,0.0,0,0.0,0.0,0.0,False,False,False,False,False,False,False,False,False,False,True,False,False,False,False,False,False,False,False,False,True,False,False,False,False,False,False,False,False,True,False,False,False,True,False,False,False,False,False,False,False,False,False,0,0,0,0,Low Activity/Trial,,,No Data,0.0,0.0,0.0,0.0,[1113145117305092],1113145117305092,1
USR899td,5514978481424,False,9001,6009.0,1,0.0,0,0.0,0.0,0.0,False,False,False,False,False,False,False,False,False,False,True,False,False,False,False,False,False,False,False,False,False,True,False,False,False,False,False,False,False,False,False,False,True,True,False,False,False,False,False,False,False,False,False,0,0,0,0,Low Activity/Trial,,,No Data,0.0,0.0,0.0,0.0,[5131634906844910],5131634906844910,1
USR465ID,5659396217568,False,9002,12060.0,1,0.0,0,0.0,0.0,0.0,False,False,False,False,False,False,False,False,False,False,True,False,False,False,False,False,False,False,False,False,False,True,False,False,False,False,False,False,False,False,False,False,True,True,False,False,False,False,False,False,False,False,False,0,0,0,0,Low Activity/Trial,,,No Data,0.0,0.0,0.0,0.0,[8700910496404136],8700910496404136,1
USR783VD,3036834039437,True,9999,5020.0,1,0.0,0,0.0,0.0,0.0,False,False,False,False,False,False,False,False,False,False,True,False,False,False,False,False,False,False,False,False,False,True,False,False,True,False,False,False,False,False,False,False,False,True,False,False,False,False,False,False,False,False,False,0,0,0,0,Low Activity/Trial,,,No Data,0.0,0.0,0.0,0.0,[4515603107701587],4515603107701587,1
USR174bk,3384158571811,True,0,110.0,1,0.0,145,89.4,-62.70041379310344,2073600.0,False,False,False,False,False,False,False,False,False,False,True,False,False,False,False,False,False,False,False,False,False,True,False,False,False,False,False,True,False,False,False,False,False,True,False,False,False,False,False,False,False,False,False,0,1,1,7,Single-Tasker,Transportation,United Airlines,Surging in Transportation,0.04,6.0,-41.87714285714286,7.0,[2289245983297431],2289245983297431,1
USR673Ud,8883106892330,True,1111,210.0,1,0.0,49,25.0,10.091836734693878,2160000.0,False,False,False,False,False,False,False,False,False,False,True,False,False,False,False,False,False,False,False,True,False,False,False,False,False,False,False,False,True,False,False,False,False,True,False,False,False,False,False,False,False,False,False,0,1,1,3,Single-Tasker,Finance,Unknown Merchant,Surging in Finance,0.02,1.0,5.5200000000000005,3.0,[3665809445377159],3665809445377159,1
USR554bC,5245992998633,False,2222,1000.0,1,0.0,24,1000.0,1000.0,4406400.0,False,False,False,False,False,False,True,False,False,False,False,False,False,False,False,False,False,False,False,False,False,True,False,False,False,False,False,False,False,False,False,False,True,True,False,False,False,False,False,False,False,False,False,0,1,1,2,Single-Tasker,Finance,Unknown Merchant,Surging in Finance,0.04,1.0,1000.0,2.0,[9749369644991904],9749369644991904,1
USR530Nq,5545513044934,True,3333,410.0,1,0.0,144,2078.5,692.8333333333334,3024000.0,False,False,False,False,False,False,False,False,False,False,True,False,False,False,False,False,False,False,False,False,False,True,False,False,True,False,False,False,False,False,False,False,False,True,False,False,False,False,False,False,False,False,False,0,1,5,7,Healthy Active User,Finance,Unknown Merchant,Surging in Finance,0.02,3.0,665.2857142857143,7.0,[2453670144577036],2453670144577036,1
USR451il,7311935859758,True,4444,43200.0,1,0.0,24,5850.0,5850.0,4406400.0,False,False,False,False,False,False,False,False,False,False,True,False,False,False,False,False,False,False,False,False,False,True,False,False,False,False,False,False,False,False,False,True,False,True,False,False,False,False,False,False,False,False,False,0,1,1,2,Single-Tasker,Finance,Unknown Merchant,Surging in Finance,0.04,1.0,5850.0,2.0,[3817672132399883],3817672132399883,1
USR974tj,7990054845256,False,5555,320.76,1,0.0,0,0.0,0.0,0.0,False,False,False,False,False,False,False,False,False,False,True,False,False,False,False,False,False,False,False,False,False,True,False,False,False,False,False,False,False,False,False,False,True,True,False,False,False,False,False,False,False,False,False,0,0,0,0,Low Activity/Trial,,,No Data,0.0,0.0,0.0,0.0,[9304708597857449],9304708597857449,1
USR058Df,1852972550764,True,6666,23631.9805,1,0.0,0,0.0,0.0,0.0,False,False,False,False,False,False,False,False,False,False,True,False,False,False,False,False,False,False,False,False,False,True,False,False,False,False,False,False,False,False,False,False,True,True,False,False,False,False,False,False,False,False,False,0,0,0,0,Low Activity/Trial,,,No Data,0.0,0.0,0.0,0.0,[2119813250889144],2119813250889144,1
USR971rW,4007473021821,True,7777,65262.0,1,0.0,0,0.0,0.0,0.0,False,False,False,False,False,False,False,False,False,False,True,False,False,False,False,False,False,False,False,False,False,True,False,False,False,False,False,False,False,False,True,False,False,True,False,False,False,False,False,False,False,False,False,0,0,0,0,Low Activity/Trial,,,No Data,0.0,0.0,0.0,0.0,[3955297428706598],3955297428706598,1
USR853pE,4043284303801,False,8888,56302.06,1,0.0,0,0.0,0.0,0.0,False,False,False,False,False,False,False,False,False,False,True,False,False,False,False,False,False,False,False,False,True,False,False,False,False,False,False,False,False,True,False,False,False,True,False,False,False,False,False,False,False,False,False,0,0,0,0,Low Activity/Trial,,,No Data,0.0,0.0,0.0,0.0,[1081306276880209],1081306276880209,1
USR530od,2736368601171,True,9001,6009.0,1,0.0,0,0.0,0.0,0.0,False,False,False,False,False,False,False,False,False,False,True,False,False,False,False,False,False,False,False,False,False,True,False,False,False,False,False,False,False,False,False,False,True,True,False,False,False,False,False,False,False,False,False,0,0,0,0,Low Activity/Trial,,,No Data,0.0,0.0,0.0,0.0,[2107363910776935],2107363910776935,1
USR797BB,512547459029,False,9002,12060.0,1,0.0,0,0.0,0.0,0.0,False,False,False,False,False,False,False,False,False,False,True,False,False,False,False,False,False,False,False,False,False,True,False,False,False,False,False,False,False,False,False,False,True,True,False,False,False,False,False,False,False,False,False,0,0,0,0,Low Activity/Trial,,,No Data,0.0,0.0,0.0,0.0,[4411584653276646],4411584653276646,1
USR525OW,6388450289690,False,9999,5020.0,1,0.0,0,0.0,0.0,0.0,False,False,False,False,False,False,False,False,False,False,True,False,False,False,False,False,False,False,False,False,False,True,False,False,True,False,False,False,False,False,False,False,False,True,False,False,False,False,False,False,False,False,False,0,0,0,0,Low Activity/Trial,,,No Data,0.0,0.0,0.0,0.0,[1355033567547431],1355033567547431,1
USR017aL,5376523138876,True,0,110.0,1,0.0,145,89.4,-62.70041379310344,2073600.0,False,False,False,False,False,False,False,False,False,False,True,False,False,False,False,False,False,False,False,False,False,True,False,False,False,False,False,True,False,False,False,False,False,True,False,False,False,False,False,False,False,False,False,0,1,1,7,Single-Tasker,Transportation,United Airlines,Surging in Transportation,0.04,6.0,-41.87714285714286,7.0,[4916050943390846],4916050943390846,1
USR087Jg,7779711084137,True,1111,210.0,1,0.0,49,25.0,10.091836734693878,2160000.0,False,False,False,False,False,False,False,False,False,False,True,False,False,False,False,False,False,False,False,True,False,False,False,False,False,False,False,False,True,False,False,False,False,True,False,False,False,False,False,False,False,False,False,0,1,1,3,Single-Tasker,Finance,Unknown Merchant,Surging in Finance,0.02,1.0,5.5200000000000005,3.0,[9482376481652407],9482376481652407,1
USR116fM,9132381333331,True,2222,1000.0,1,0.0,24,1000.0,1000.0,4406400.0,False,False,False,False,False,False,False,False,False,False,True,False,False,False,False,False,False,False,False,False,False,True,False,False,False,False,False,False,False,False,False,False,True,True,False,False,False,False,False,False,False,False,False,0,1,1,2,Single-Tasker,Finance,Unknown Merchant,Surging in Finance,0.04,1.0,1000.0,2.0,[909128744072065],909128744072065,1
USR104pB,3155980279110,True,3333,410.0,1,0.0,144,2078.5,692.8333333333334,3024000.0,False,False,False,False,False,False,False,False,False,False,True,False,False,False,False,False,False,False,False,False,False,True,False,False,True,False,False,False,False,False,False,False,False,True,False,False,False,False,False,False,False,False,False,0,1,5,7,Healthy Active User,Finance,Unknown Merchant,Surging in Finance,0.02,3.0,665.2857142857143,7.0,[3827033942254075],3827033942254075,1
USR799Rk,7118914861964,False,4444,43200.0,1,0.0,24,5850.0,5850.0,4406400.0,False,False,False,False,False,False,False,False,False,False,True,False,False,False,False,False,False,False,False,False,False,True,False,False,False,False,False,False,False,False,False,True,False,True,False,False,False,False,False,False,False,False,False,0,1,1,2,Single-Tasker,Finance,Unknown Merchant,Surging in Finance,0.04,1.0,5850.0,2.0,[1399053480162906],1399053480162906,1
USR278dn,6074089934166,False,5555,320.76,1,0.0,0,0.0,0.0,0.0,False,False,False,False,False,False,False,False,False,False,True,False,False,False,False,False,False,False,False,False,False,True,False,False,False,False,False,False,False,False,False,False,True,True,False,False,False,False,False,False,False,False,False,0,0,0,0,Low Activity/Trial,,,No Data,0.0,0.0,0.0,0.0,[5495666411578429],5495666411578429,1
USR239qk,8869707361677,True,6666,23631.9805,1,0.0,0,0.0,0.0,0.0,False,False,False,False,False,False,False,False,False,False,True,False,False,False,False,False,False,False,False,False,False,True,False,False,False,False,False,False,False,False,False,False,True,True,False,False,False,False,False,False,False,False,False,0,0,0,0,Low Activity/Trial,,,No Data,0.0,0.0,0.0,0.0,[2657412332291008],2657412332291008,1
USR556Wi,8907211459348,True,7777,65262.0,1,0.0,0,0.0,0.0,0.0,False,False,False,False,False,False,False,False,False,False,True,False,False,False,False,False,False,False,False,False,False,True,False,False,False,False,False,False,False,False,True,False,False,True,False,False,False,False,False,False,False,False,False,0,0,0,0,Low Activity/Trial,,,No Data,0.0,0.0,0.0,0.0,[5263026712384091],5263026712384091,1
USR872Ih,2632680835124,True,8888,56302.06,1,0.0,0,0.0,0.0,0.0,False,False,False,False,False,False,False,False,False,False,True,False,False,False,False,False,False,False,False,False,True,False,False,False,False,False,False,False,False,True,False,False,False,True,False,False,False,False,False,False,False,False,False,0,0,0,0,Low Activity/Trial,,,No Data,0.0,0.0,0.0,0.0,[7540373052583321],7540373052583321,1
USR679Eq,2131684124821,False,9001,6009.0,1,0.0,0,0.0,0.0,0.0,False,False,False,False,False,False,False,False,False,False,True,False,False,False,False,False,False,False,False,False,False,True,False,False,False,False,False,False,False,False,False,False,True,True,False,False,False,False,False,False,False,False,False,0,0,0,0,Low Activity/Trial,,,No Data,0.0,0.0,0.0,0.0,[2554609614776567],2554609614776567,1
USR163rM,2287127339640,True,9002,12060.0,1,0.0,0,0.0,0.0,0.0,False,False,False,False,False,False,False,False,False,False,True,False,False,False,False,False,False,False,False,False,False,True,False,False,False,False,False,False,False,False,False,False,True,True,False,False,False,False,False,False,False,False,False,0,0,0,0,Low Activity/Trial,,,No Data,0.0,0.0,0.0,0.0,[6928530045843619],6928530045843619,1
USR857OT,7993225419659,False,9999,5020.0,1,0.0,0,0.0,0.0,0.0,False,False,False,False,False,False,False,False,False,False,True,False,False,False,False,False,False,False,False,False,False,True,False,False,True,False,False,False,False,False,False,False,False,True,False,False,False,False,False,False,False,False,False,0,0,0,0,Low Activity/Trial,,,No Data,0.0,0.0,0.0,0.0,[4981598812761515],4981598812761515,1
USR398Px,4034169698359,False,1947,3325.67,1,0.0,1798,400.0,-11.31976640711902,0.0,False,False,False,False,False,False,False,False,False,False,True,True,False,False,False,False,False,False,False,False,False,False,False,True,False,False,False,False,False,False,False,False,False,True,False,False,False,False,False,False,False,False,False,0,3,5,45,Healthy Active User,Shopping,ATM TRALEE   B,Surging in Finance,0.25,451.0,0.9504444444444439,45.0,[5444480661467789],5444480661467789,1
USR149Et,177299103105,False,1484,5937.15,1,0.0,708,457.85,-7.1894067796610175,31881600.0,False,False,False,False,False,False,False,False,False,False,True,False,False,False,False,False,True,False,False,False,False,False,False,True,False,False,False,False,False,False,False,False,False,True,False,False,False,False,False,False,False,False,False,0,8,26,58,High-Intensity User,Shopping,ATM CASTLE ST 2,Surging in Shopping,0.3,209.0,-33.67120689655172,58.0,[1383380953513078],1383380953513078,1
USR342cz,4087636010159,False,1565,6396.63,1,0.0,800,500.0,-15.467,432000.0,False,False,False,False,False,False,False,False,False,False,True,False,False,False,True,False,False,False,False,False,False,False,True,False,False,False,False,False,False,False,False,False,False,True,False,False,False,False,False,False,False,False,False,0,8,20,66,High-Intensity User,Shopping,ATM CASTLE ST 1,Surging in Finance,0.35,278.0,-4.434393939393939,66.0,[3825238525925817],3825238525925817,1
USR739UP,4780095791405,True,274,1556.0,1,0.0,2935,3154.75,0.006337308347529861,172800.0,False,False,False,False,False,False,False,False,False,False,True,False,False,False,True,False,False,False,False,False,False,False,False,True,False,False,False,False,False,False,False,False,False,True,False,False,False,False,False,False,False,False,False,0,2,30,56,High-Intensity User,Personal Hygiene,Google Pay top-up by *8806,Surging in Finance,0.1,279.0,-0.6044642857142867,56.0,[4556349551117200],4556349551117200,1
USR354Rs,3760683870328,False,6096,4050.0,1,0.0,3,3000.0,1016.6666666666666,66096000.0,False,False,False,False,False,False,False,False,False,False,True,False,False,False,False,False,False,False,False,False,False,True,False,False,False,True,False,False,False,False,False,False,False,False,False,False,False,False,False,False,False,True,False,0,3,3,3,Healthy Active User,Other,Transaction 3,Surging in Other,1.0,3.0,1016.6666666666666,3.0,[86517230141686],86517230141686,1
USR698Qr,4682152025453,True,7251,4549.34,1,0.0,98,1887.03,-0.3388775510204059,345600.0,False,False,False,False,False,False,False,False,False,False,True,False,False,False,False,False,False,False,False,False,False,True,False,False,False,True,False,False,False,False,False,False,False,False,True,False,False,False,False,False,False,False,False,0,2,11,44,Low Activity/Trial,Other,Palk,Surging in Shopping,0.34,33.0,2.0306818181818227,44.0,[6110863183815734],6110863183815734,1
USR992ZI,5821464999665,False,7251,13000.0,1,0.0,2,200.0,200.0,2246400.0,False,False,False,False,False,False,False,False,False,False,True,False,False,False,False,False,False,False,False,False,False,True,False,False,False,False,True,False,False,False,False,False,False,False,True,False,False,False,False,False,False,False,False,0,1,1,2,Single-Tasker,Other,Saastud Ülekanne,Surging in Other,1.0,2.0,200.0,2.0,[6919845120865469],6919845120865469,1
USR352pI,8373469374672,True,8154,13000.03,1,0.0,2,200.0,200.0,2246400.0,False,False,False,False,False,False,False,False,False,False,True,False,False,False,False,False,False,False,False,False,False,True,False,False,False,False,True,False,False,False,False,False,False,False,True,False,False,False,False,False,False,False,False,0,1,1,2,Single-Tasker,Other,Ubertrag,Surging in Other,0.5,1.0,200.0,2.0,[2056328946936910],2056328946936910,1
USR227ai,8772067477961,False,8154,1663.78,1,0.0,98,1887.03,-1.673877551020411,345600.0,False,False,False,False,False,False,False,False,False,False,True,False,False,False,False,False,False,False,False,False,False,True,False,False,False,True,False,False,False,False,False,False,False,False,True,False,False,False,False,False,False,False,False,0,2,12,46,Low Activity/Trial,Finance,Salary,Surging in Groceries,0.32,31.0,-0.3215217391304364,46.0,[1569588704562906],1569588704562906,1
USR086qQ,1391057680011,True,5971,13000.0,1,0.0,2,200.0,200.0,2246400.0,False,False,False,False,False,False,False,False,False,False,True,False,False,False,False,False,False,False,False,False,False,True,False,False,False,False,True,False,False,False,False,False,False,False,True,False,False,False,False,False,False,False,False,0,1,1,2,Single-Tasker,Other,Virement,Surging in Other,0.5,1.0,200.0,2.0,[7658419913220552],7658419913220552,1
USR592MJ,9212869239332,True,5971,1929.03,1,0.0,98,1887.03,-2.082244897959185,345600.0,False,False,False,False,False,False,False,False,False,False,True,False,False,False,False,False,False,False,False,False,False,True,False,False,False,True,False,False,False,False,False,False,False,False,True,False,False,False,False,False,False,False,False,0,2,12,47,Low Activity/Trial,Other,Salaire,Surging in Shopping,0.34,33.0,-1.0561702127659571,47.0,[4193736670373485],4193736670373485,1
USR163vx,3680753483999,True,9277,100.02,1,0.0,1,-256.67,-256.67,1209600.0,False,False,False,False,False,False,False,False,False,False,True,False,False,False,False,False,False,False,False,False,False,True,False,False,False,True,False,False,False,False,False,False,False,False,True,False,False,False,False,False,False,False,False,0,1,1,1,Single-Tasker,Other,Example 1,Surging in Other,1.0,1.0,-256.67,1.0,[6370169824298612],6370169824298612,1
USR970wx,3562499681022,True,3224,250000.0,1,0.0,0,0.0,0.0,0.0,False,False,False,False,False,False,False,False,False,False,True,False,False,False,False,False,False,False,False,False,False,True,False,False,False,False,True,False,False,False,False,False,False,False,False,False,False,True,False,False,False,False,False,0,0,0,0,Low Activity/Trial,,,No Data,0.0,0.0,0.0,0.0,[8398231875259772],8398231875259772,1
USR000Ux,4029538659932,True,3224,130837.0,1,0.0,2,2000.0,2000.0,2246400.0,False,False,False,False,False,False,False,False,False,False,True,False,False,False,False,False,False,False,False,False,False,True,False,False,False,False,True,False,False,False,False,False,False,False,False,False,False,True,False,False,False,False,False,0,1,1,2,Single-Tasker,Other,Overforing,Surging in Other,1.0,2.0,2000.0,2.0,[3735199680059000],3735199680059000,1
USR149vb,9160818098954,True,3224,227083.2,1,0.0,98,18870.3,-19.01632653061227,345600.0,False,False,False,False,False,False,False,False,False,False,True,False,False,False,False,False,False,False,False,False,False,True,False,False,False,True,False,False,False,False,False,False,False,False,False,False,False,True,False,False,False,False,False,0,2,12,46,Low Activity/Trial,Other,Lon,Surging in Entertainment,0.37,36.0,-4.8326086956521905,46.0,[4343996146245764],4343996146245764,1
USR208yg,6471047203412,False,7318,1172.78,1,0.0,98,1887.03,-1.6412244897959187,345600.0,False,False,False,False,False,False,False,False,False,False,True,False,False,False,False,False,False,False,False,False,False,True,False,False,False,True,False,False,False,False,False,False,False,False,True,False,False,False,False,False,False,False,False,0,2,12,46,Low Activity/Trial,Finance,Salary,Surging in Shopping,0.32,31.0,-0.3215217391304364,46.0,[9558846592264302],9558846592264302,1
USR463UE,3703120497077,False,7318,13000.0,1,0.0,2,200.0,200.0,2246400.0,False,False,False,False,False,False,False,False,False,False,True,False,False,False,False,False,False,False,False,False,False,True,False,False,False,False,True,False,False,False,False,False,False,False,True,False,False,False,False,False,False,False,False,0,1,1,2,Single-Tasker,Shopping,Tilisiirto,Surging in Shopping,0.5,1.0,200.0,2.0,[8565222433079516],8565222433079516,1
USR980UY,8471926191721,False,4376,80255.52,1,0.0,100,3210.0,608.3853,432000.0,False,False,False,False,False,False,False,False,False,False,True,False,False,False,False,False,False,False,False,False,False,True,False,False,False,True,False,False,False,False,False,False,False,False,False,True,False,False,False,False,False,False,False,0,1,2,6,Consistent Weekly,Finance,Salary,Surging in Food and Dining,0.02,2.0,533.4416666666667,6.0,[8659550460875009],8659550460875009,1
USR673YB,7910888857266,False,5473,13000.0,1,0.0,2,200.0,200.0,2246400.0,False,False,False,False,False,False,False,False,False,False,True,False,False,False,False,False,False,False,False,False,False,True,False,False,False,False,True,False,False,False,False,False,False,False,True,False,False,False,False,False,False,False,False,0,1,1,2,Single-Tasker,Finance,Savings Transfer,Surging in Finance,0.5,1.0,200.0,2.0,[5459887537647042],5459887537647042,1
USR829qO,2359480843202,True,5473,2321.2000000000003,1,0.0,98,1887.03,-1.9618367346938765,345600.0,False,False,False,False,False,False,False,False,False,False,True,False,False,False,False,False,False,False,False,False,False,True,False,False,False,True,False,False,False,False,False,False,False,False,True,False,False,False,False,False,False,False,False,0,2,12,46,Low Activity/Trial,Finance,Salary,Surging in Housing and Utilities,0.32,31.0,-0.5345652173913136,46.0,[8363286485793800],8363286485793800,1
USR989QU,1122617778829,True,7362,14950.0,1,0.0,2,230.0,230.0,2246400.0,False,False,False,False,False,False,False,False,False,False,True,False,False,False,False,False,False,False,False,False,False,True,False,False,False,False,True,False,False,False,False,False,False,False,True,False,False,False,False,False,False,False,False,0,1,1,2,Single-Tasker,Other,Krajumu Parskaitijums,Surging in Other,0.5,1.0,230.0,2.0,[4838046973323902],4838046973323902,1
USR844Xx,4207224412089,True,7362,4761.33,1,0.0,98,2111.95,-0.6911224489795946,345600.0,False,False,False,False,False,False,False,False,False,False,True,False,False,False,False,False,False,False,False,False,False,True,False,False,False,True,False,False,False,False,False,False,False,False,True,False,False,False,False,False,False,False,False,0,2,11,44,Low Activity/Trial,Other,Alga,Surging in Entertainment,0.31,30.0,2.157499999999994,44.0,[2823081132600016],2823081132600016,1
USR338ns,2496923056001,True,1108,13000.0,1,0.0,2,200.0,200.0,2246400.0,False,False,False,False,False,False,False,False,False,False,True,False,False,False,False,False,False,False,False,False,False,True,False,False,False,False,True,False,False,False,False,False,False,False,True,False,False,False,False,False,False,False,False,0,1,1,2,Single-Tasker,Other,Virement,Surging in Other,0.5,1.0,200.0,2.0,[8364950573806945],8364950573806945,1
USR526MW,8711924710805,True,1108,356.22,1,0.0,98,1887.03,-1.6738775510204067,345600.0,False,False,False,False,False,False,False,False,False,False,True,False,False,False,False,False,False,False,False,False,False,True,False,False,False,True,False,False,False,False,False,False,False,False,True,False,False,False,False,False,False,False,False,0,2,12,46,Low Activity/Trial,Other,Salaire,Surging in Entertainment,0.37,36.0,-0.32152173913043136,46.0,[7933048680356660],7933048680356660,1
USR667ih,4828804106547,True,6134,16537.8,1,0.0,98,18870.3,-16.73877551020411,345600.0,False,False,False,False,False,False,False,False,False,False,True,False,False,False,False,False,False,False,False,False,False,True,False,False,False,True,False,False,False,False,False,False,False,False,False,False,False,False,False,False,True,False,False,0,2,12,46,Low Activity/Trial,Other,Lon-Udbetaling,Surging in Entertainment,0.37,36.0,-3.2152173913043645,46.0,[1375306207803502],1375306207803502,1
USR310Mk,1093462521958,False,6134,130000.0,1,0.0,2,2000.0,2000.0,2246400.0,False,False,False,False,False,False,False,False,False,False,True,False,False,False,False,False,False,False,False,False,False,True,False,False,False,False,True,False,False,False,False,False,False,False,False,False,False,False,False,False,True,False,False,0,1,1,2,Single-Tasker,Other,Overforsel,Surging in Other,1.0,2.0,2000.0,2.0,[3957989470967012],3957989470967012,1
USR235aH,2655070375034,True,6779,221250.0,1,0.0,26,5000.0,4663.461538461538,345600.0,False,False,False,False,False,False,False,False,False,False,True,False,False,False,False,False,False,False,False,False,False,True,False,False,False,False,True,False,False,False,False,False,False,False,True,False,False,False,False,False,False,False,False,0,1,1,1,Single-Tasker,Finance,Amazon Salary,Surging in Finance,0.15,4.0,5000.0,1.0,[1798168692540359],1798168692540359,1
USR218kF,5296472185156,False,6779,4973.0,1,0.0,53,100.0,-0.5094339622641509,29808000.0,False,False,False,False,False,False,False,False,False,False,True,False,False,False,False,False,False,False,False,False,False,True,False,False,False,True,False,False,False,False,False,False,False,False,True,False,False,False,False,False,False,False,False,0,1,2,5,Consistent Weekly,Transportation,Uber,Surging in Transportation,0.09,5.0,-5.0,5.0,[8176258203260627],8176258203260627,1
USR900TT,1290710631594,True,9307,14950.0,1,0.0,2,230.0,230.0,2246400.0,False,False,False,False,False,False,False,False,False,False,True,False,False,False,False,False,False,False,False,False,False,True,False,False,False,False,True,False,False,False,False,False,False,False,True,False,False,False,False,False,False,False,False,0,1,1,2,Single-Tasker,Other,Spaarrekening Overboeking,Surging in Other,0.5,1.0,230.0,2.0,[3245077093990702],3245077093990702,1
USR978oc,4153564054229,False,9307,4605.33,1,0.0,98,2111.95,-0.5092857142857189,345600.0,False,False,False,False,False,False,False,False,False,False,True,False,False,False,False,False,False,False,False,False,False,True,False,False,False,True,False,False,False,False,False,False,False,False,True,False,False,False,False,False,False,False,False,0,2,11,44,Low Activity/Trial,Other,Salaris,Surging in Entertainment,0.29,28.0,2.1029545454545477,44.0,[8923284005861578],8923284005861578,1
USR841fP,3073227445452,True,5428,14350.74,1,0.0,2,200.0,200.0,2246400.0,False,False,False,False,False,False,False,False,False,False,True,False,False,False,False,False,False,False,False,False,False,True,False,False,False,False,True,False,False,False,False,False,False,False,True,False,False,False,False,False,False,False,False,0,1,1,2,Single-Tasker,Other,Giroconto,Surging in Other,0.5,1.0,200.0,2.0,[7844477604262651],7844477604262651,1
USR526Ci,3962884398811,True,5428,1813.76,1,0.0,98,1887.03,-1.641224489795921,345600.0,False,True,False,False,False,False,False,False,False,False,False,False,False,False,False,False,False,False,False,False,False,True,False,False,False,True,False,False,False,False,False,False,False,False,True,False,False,False,False,False,False,False,False,0,2,12,46,Low Activity/Trial,Shopping,Stipendio,Surging in Entertainment,0.33,32.0,-0.3215217391304364,46.0,[9917427141037396],9917427141037396,1
USR257qy,497320047709,True,1002,3024.46,1,0.0,98,1887.03,-1.6738775510204091,345600.0,False,False,False,False,False,False,False,False,False,False,True,False,False,False,False,False,False,False,False,False,False,True,False,False,False,True,False,False,False,False,False,False,False,False,True,False,False,False,False,False,False,False,False,0,2,12,46,Low Activity/Trial,Other,Nomina,Surging in Shopping,0.35,34.0,-0.32152173913043147,46.0,[670339298401581],670339298401581,1
USR748ZE,6117869123071,False,1002,13078.0,1,0.0,2,200.0,200.0,2246400.0,False,False,False,False,False,False,False,False,False,False,True,False,False,False,False,False,False,False,False,False,False,True,False,False,False,False,True,False,False,False,False,False,False,False,True,False,False,False,False,False,False,False,False,0,1,1,2,Single-Tasker,Finance,Transferencia,Surging in Finance,0.5,1.0,200.0,2.0,[1419519482145888],1419519482145888,1
USR755DK,773907836896,True,7951,14950.0,1,0.0,2,230.0,230.0,2246400.0,False,False,False,False,False,False,False,False,False,False,True,False,False,False,False,False,False,False,False,False,False,True,False,False,False,False,True,False,False,False,False,False,False,False,True,False,False,False,False,False,False,False,False,0,1,1,2,Single-Tasker,Other,Taupymo Pervedimas,Surging in Other,0.5,1.0,230.0,2.0,[7054344875302522],7054344875302522,1
USR495mL,4671808044355,True,7951,4761.33,1,0.0,98,2111.95,-0.48418367346939045,345600.0,False,False,False,False,False,False,False,False,False,False,True,False,False,False,False,False,False,False,False,False,False,True,False,False,False,True,False,False,False,False,False,False,False,False,True,False,False,False,False,False,False,False,False,0,2,11,44,Low Activity/Trial,Other,Atlyginimas,Surging in Groceries,0.32,31.0,2.1574999999999886,44.0,[78958334436308],78958334436308,1
USR170FQ,895370220406,False,1375,65000.0,1,0.0,2,1000.0,1000.0,2246400.0,False,False,False,False,False,False,False,False,False,False,True,False,False,False,False,False,False,False,False,False,False,True,False,False,False,False,True,False,False,False,False,False,False,False,False,False,False,False,True,False,False,False,False,0,1,1,2,Single-Tasker,Other,Przelew Na Konto Oszczednosciowe,Surging in Other,1.0,2.0,1000.0,2.0,[4099662377712878],4099662377712878,1
USR614yH,5657426735712,True,1375,34234.89,1,0.0,98,9467.02,-0.7769387755102026,345600.0,False,False,False,False,False,False,False,False,False,False,True,False,False,False,False,False,False,False,False,False,False,True,False,False,False,True,False,False,False,False,False,False,False,False,False,False,False,False,True,False,False,False,False,0,2,11,43,Low Activity/Trial,Other,Wynagrodzenie,Surging in Groceries,0.32,31.0,14.507906976744176,43.0,[7577161117778093],7577161117778093,1
USR885po,9456877469670,False,7184,13000.0,1,0.0,2,200.0,200.0,2246400.0,False,False,False,False,False,False,False,False,False,False,True,False,False,False,False,False,False,False,False,False,False,True,False,False,False,False,True,False,False,False,False,False,False,False,False,True,False,False,False,False,False,False,False,0,1,1,2,Single-Tasker,Finance,Savings Transfer,Surging in Finance,0.5,1.0,200.0,2.0,[1222787317676291],1222787317676291,1
USR733gw,2765285610591,False,7184,2105.34,1,0.0,98,1887.03,-0.3388775510204086,345600.0,False,False,False,False,False,False,False,False,True,False,False,False,False,False,False,False,False,False,False,False,False,True,False,False,False,True,False,False,False,False,False,False,False,False,False,True,False,False,False,False,False,False,False,0,2,11,44,Low Activity/Trial,Finance,Salary,Surging in Groceries,0.3,29.0,2.0306818181818174,44.0,[9650043164794435],9650043164794435,1
USR329uU,2636460179509,True,976,48472.2,1,0.0,98,19870.300000000003,5.863265306122513,345600.0,False,False,False,False,False,False,False,False,False,False,True,False,False,False,False,False,False,False,False,False,False,True,False,False,False,True,False,False,False,False,False,False,False,False,False,False,False,False,False,True,False,False,False,0,2,12,46,Low Activity/Trial,Other,Lonnsbetaling,Surging in Entertainment,0.33,32.0,18.523913043478245,46.0,[1076803272100074],1076803272100074,1
USR747HD,1985284608381,True,976,130000.0,1,0.0,2,2000.0,2000.0,2246400.0,False,False,False,False,False,False,False,False,False,False,True,False,False,False,False,False,False,False,False,False,False,True,False,False,False,False,True,False,False,False,False,False,False,False,False,False,False,False,False,True,False,False,False,0,1,1,2,Single-Tasker,Other,Overforing,Surging in Other,0.5,1.0,2000.0,2.0,[2924061196412639],2924061196412639,1
USR831lM,3795252996024,True,5756,13000.0,1,0.0,2,200.0,200.0,2246400.0,False,False,False,False,False,False,False,False,False,False,True,False,False,False,False,False,False,False,False,False,False,True,False,False,False,False,True,False,False,False,False,False,False,False,True,False,False,False,False,False,False,False,False,0,1,1,2,Single-Tasker,Finance,Transferencia,Surging in Finance,1.0,2.0,200.0,2.0,[5465886220234366],5465886220234366,1
USR493ow,6488895689846,True,5756,3544.05,1,0.0,98,1887.03,-2.078061224489796,345600.0,False,False,False,False,False,False,False,False,False,False,True,False,False,False,False,False,False,False,False,False,False,True,False,False,False,True,False,False,False,False,False,False,False,False,True,False,False,False,False,False,False,False,False,0,2,11,43,Low Activity/Trial,Other,Salario,Surging in Finance,0.35,34.0,1.7483720930232574,43.0,[4177499693018418],4177499693018418,1
