user_id,forecast_month,n_months_history,segment,spend_forecast,spend_lower,spend_upper,spend_method,count_forecast,count_lower,count_upper,count_method,avg_amount_forecast,hist_avg_spend,hist_avg_count,last_month_spend,last_month_count,spend_pct_change_vs_hist,spend_direction,spend_vs_last_month_pct,confidence,top_category_forecasts,trend_summary,confidence_note,account_ids,primary_account_id,account_count,per_account_forecasts
USR000Ux,2025-11,2,Single-Tasker,2000.0,1600.0,2400.0,wma,1,1,1,wma,2000.0,2000.0,1.0,2000.0,1,0.0,stable,0.0,low,"{""Other"": {""forecast"": 2000.0, ""lower"": 1600.0, ""upper"": 2400.0, ""hist_avg"": 2000.0, ""data_points"": 2}}",Your spending is forecast to remain stable near your historical average of $2000.,Based on 2 months of data using wma. Treat as indicative only.,[3735199680059000],3735199680059000,1,"[{""account_id"": 3735199680059000, ""account_name"": ""Sparkonto"", ""account_type"": ""SAVINGS"", ""currency_code"": ""SEK"", ""spend_forecast"": 2000.0, ""spend_lower"": 1600.0, ""spend_upper"": 2400.0, ""hist_avg_spend"": 2000.0, ""n_months"": 2}]"
USR001YL,2025-02,22,Consistent Weekly,12843.18,0.0,65538.59,prophet,2,1,4,prophet,6421.59,9775.01,2.5,1155.38,1,31.4,increasing,1011.6,high,"{""Shopping"": {""forecast"": 136765.56, ""lower"": 109412.45, ""upper"": 164118.68, ""hist_avg"": 102601.68, ""data_points"": 2}, ""Gifts"": {""forecast"": 761.0, ""lower"": 608.8, ""upper"": 913.19, ""hist_avg"": 377.74, ""data_points"": 7}, ""Fitness"": {""forecast"": 490.57, ""lower"": 392.45, ""upper"": 588.68, ""hist_avg"": 417.43, ""data_points"": 5}}",Your spending is forecast to increasing by 31% vs your historical average.,Based on 22 months of data using prophet.,[3220502303885391],3220502303885391,1,"[{""account_id"": 3220502303885391, ""account_name"": ""VISA 16 digit"", ""account_type"": ""Savings"", ""currency_code"": ""USD"", ""spend_forecast"": 643.88, ""spend_lower"": 515.1, ""spend_upper"": 772.65, ""hist_avg_spend"": 9775.01, ""n_months"": 22}]"
USR001ul,2025-11,25,Single-Tasker,25.25,19.49,31.15,prophet,2,2,2,prophet,12.62,28.22,2.0,4.22,1,-10.5,decreasing,498.3,high,"{""Finance"": {""forecast"": 16.72, ""lower"": 13.38, ""upper"": 20.06, ""hist_avg"": 28.22, ""data_points"": 25}}",Your spending is forecast to decreasing by 10% vs your historical average.,Based on 25 months of data using prophet.,[2072980663691903],2072980663691903,1,"[{""account_id"": 2072980663691903, ""account_name"": ""Plaid Saving"", ""account_type"": ""savings depository"", ""currency_code"": ""USD"", ""spend_forecast"": 16.72, ""spend_lower"": 13.38, ""spend_upper"": 20.06, ""hist_avg_spend"": 28.22, ""n_months"": 25}]"
USR002SI,2025-11,25,Healthy Active User,3980.95,2444.41,5521.31,prophet,6,4,8,prophet,663.49,3990.72,5.8,500.0,1,-0.2,stable,696.2,high,"{""Finance"": {""forecast"": 2578.5, ""lower"": 2062.8, ""upper"": 3094.2, ""hist_avg"": 2690.61, ""data_points"": 23}, ""Fitness"": {""forecast"": 578.5, ""lower"": 462.8, ""upper"": 694.2, ""hist_avg"": 578.5, ""data_points"": 24}, ""Food and Dining"": {""forecast"": 500.0, ""lower"": 400.0, ""upper"": 600.0, ""hist_avg"": 521.74, ""data_points"": 23}}",Your spending is forecast to remain stable near your historical average of $3991.,Based on 25 months of data using prophet.,[2535382260794098],2535382260794098,1,"[{""account_id"": 2535382260794098, ""account_name"": ""Plaid Credit Card"", ""account_type"": ""credit card credit"", ""currency_code"": ""USD"", ""spend_forecast"": 2328.5, ""spend_lower"": 1862.8, ""spend_upper"": 2794.2, ""hist_avg_spend"": 3990.72, ""n_months"": 25}]"
USR006To,2025-11,2,Healthy Active User,1542.83,1234.27,1851.4,wma,3,2,3,wma,514.28,2064.25,3.5,500.0,1,-25.3,decreasing,208.6,low,"{""Finance"": {""forecast"": 2103.5, ""lower"": 1682.8, ""upper"": 2524.2, ""hist_avg"": 2103.5, ""data_points"": 1}, ""Transportation"": {""forecast"": 500.0, ""lower"": 400.0, ""upper"": 600.0, ""hist_avg"": 500.0, ""data_points"": 2}, ""Shopping"": {""forecast"": 525.0, ""lower"": 420.0, ""upper"": 630.0, ""hist_avg"": 525.0, ""data_points"": 1}}",Your spending is forecast to decreasing by 25% vs your historical average.,Based on 2 months of data using wma. Treat as indicative only.,[7595805029500185],7595805029500185,1,"[{""account_id"": 7595805029500185, ""account_name"": ""Plaid Credit Card"", ""account_type"": ""credit card credit"", ""currency_code"": ""GBP"", ""spend_forecast"": 1542.83, ""spend_lower"": 1234.27, ""spend_upper"": 1851.4, ""hist_avg_spend"": 2064.25, ""n_months"": 2}]"
USR007mU,2025-01,21,Single-Tasker,1213.59,0.0,2598.3,prophet,3,1,5,prophet,404.53,766.13,2.9,3.79,1,58.4,increasing,31920.8,high,"{""Housing and Utilities"": {""forecast"": 1356.19, ""lower"": 1084.95, ""upper"": 1627.43, ""hist_avg"": 1849.53, ""data_points"": 3}, ""Shopping"": {""forecast"": 1655.41, ""lower"": 1324.33, ""upper"": 1986.5, ""hist_avg"": 1273.54, ""data_points"": 2}, ""Medical/Dental"": {""forecast"": 350.0, ""lower"": 280.0, ""upper"": 420.0, ""hist_avg"": 388.04, ""data_points"": 5}}",Your spending is forecast to increasing by 58% vs your historical average.,Based on 21 months of data using prophet.,[359069724284360],359069724284360,1,"[{""account_id"": 359069724284360, ""account_name"": ""VISA 16 digit"", ""account_type"": ""Savings"", ""currency_code"": ""USD"", ""spend_forecast"": 459.85, ""spend_lower"": 367.88, ""spend_upper"": 551.82, ""hist_avg_spend"": 766.13, ""n_months"": 21}]"
USR009qR,2025-02,24,Single-Tasker,435.75,0.0,2444.12,prophet,2,0,4,prophet,217.88,933.42,2.2,19.72,1,-53.3,decreasing,2109.7,high,"{""Housing and Utilities"": {""forecast"": 1013.69, ""lower"": 810.95, ""upper"": 1216.43, ""hist_avg"": 1552.35, ""data_points"": 6}, ""Shopping"": {""forecast"": 1542.8, ""lower"": 1234.24, ""upper"": 1851.36, ""hist_avg"": 1872.67, ""data_points"": 4}, ""Medical/Dental"": {""forecast"": 708.91, ""lower"": 567.13, ""upper"": 850.69, ""hist_avg"": 410.54, ""data_points"": 7}}",Your spending is forecast to decreasing by 53% vs your historical average.,Based on 24 months of data using prophet.,[2360682911426535],2360682911426535,1,"[{""account_id"": 2360682911426535, ""account_name"": ""VISA 16 digit"", ""account_type"": ""Savings"", ""currency_code"": ""USD"", ""spend_forecast"": 84.87, ""spend_lower"": 67.9, ""spend_upper"": 101.84, ""hist_avg_spend"": 933.42, ""n_months"": 24}]"
USR013pA,2025-01,23,Single-Tasker,0.0,0.0,41238.94,prophet,3,1,5,prophet,0.0,13361.75,2.5,529.33,3,-100.0,decreasing,-100.0,high,"{""Shopping"": {""forecast"": 37002.76, ""lower"": 29602.21, ""upper"": 44403.31, ""hist_avg"": 59386.9, ""data_points"": 5}, ""Travel"": {""forecast"": 923.29, ""lower"": 738.63, ""upper"": 1107.95, ""hist_avg"": 614.15, ""data_points"": 6}, ""Fitness"": {""forecast"": 490.69, ""lower"": 392.55, ""upper"": 588.83, ""hist_avg"": 428.66, ""data_points"": 3}}",Your spending is forecast to decreasing by 100% vs your historical average.,Based on 23 months of data using prophet.,[5276874342658015],5276874342658015,1,"[{""account_id"": 5276874342658015, ""account_name"": ""American Express"", ""account_type"": ""Savings"", ""currency_code"": ""USD"", ""spend_forecast"": 752.71, ""spend_lower"": 602.17, ""spend_upper"": 903.25, ""hist_avg_spend"": 13361.75, ""n_months"": 23}]"
USR017aL,2025-11,25,Single-Tasker,534.4,416.15,656.34,prophet,5,4,7,prophet,106.88,596.34,5.8,89.4,1,-10.4,decreasing,497.8,high,"{""Transportation"": {""forecast"": 512.78, ""lower"": 410.23, ""upper"": 615.34, ""hist_avg"": 511.73, ""data_points"": 24}, ""Groceries"": {""forecast"": 89.4, ""lower"": 71.52, ""upper"": 107.28, ""hist_avg"": 89.4, ""data_points"": 25}, ""Food and Dining"": {""forecast"": 16.33, ""lower"": 13.06, ""upper"": 19.6, ""hist_avg"": 16.33, ""data_points"": 24}}",Your spending is forecast to decreasing by 10% vs your historical average.,Based on 25 months of data using prophet.,[4916050943390846],4916050943390846,1,"[{""account_id"": 4916050943390846, ""account_name"": ""Plaid Checking"", ""account_type"": ""checking depository"", ""currency_code"": ""USD"", ""spend_forecast"": 353.43, ""spend_lower"": 282.74, ""spend_upper"": 424.12, ""hist_avg_spend"": 596.34, ""n_months"": 25}]"
USR024KD,2025-11,1,Single-Tasker,541.95,433.56,650.34,segment_median,1,1,1,wma,541.95,4.22,1.0,4.22,1,12742.4,increasing,12742.4,low,"{""Finance"": {""forecast"": 4.22, ""lower"": 3.38, ""upper"": 5.06, ""hist_avg"": 4.22, ""data_points"": 1}}",Your spending is forecast to increasing by 12742% vs your historical average.,Based on 1 months of data using segment_median. Treat as indicative only.,[2633347958766607],2633347958766607,1,"[{""account_id"": 2633347958766607, ""account_name"": ""Plaid Saving"", ""account_type"": ""savings depository"", ""currency_code"": ""GBP"", ""spend_forecast"": 4.22, ""spend_lower"": 3.38, ""spend_upper"": 5.06, ""hist_avg_spend"": 4.22, ""n_months"": 1}]"
USR031uI,2025-02,22,Consistent Weekly,9664.54,0.0,24502.23,prophet,2,1,4,prophet,4832.27,3386.83,2.5,12.35,1,185.4,increasing,78155.4,high,"{""Shopping"": {""forecast"": 30971.11, ""lower"": 24776.89, ""upper"": 37165.33, ""hist_avg"": 15990.61, ""data_points"": 4}, ""Personal Hygiene"": {""forecast"": 1154.4, ""lower"": 923.52, ""upper"": 1385.28, ""hist_avg"": 420.14, ""data_points"": 6}, ""Housing and Utilities"": {""forecast"": 1154.87, ""lower"": 923.9, ""upper"": 1385.84, ""hist_avg"": 796.51, ""data_points"": 3}}",Your spending is forecast to increasing by 185% vs your historical average.,Based on 22 months of data using prophet.,[3145676334558816],3145676334558816,1,"[{""account_id"": 3145676334558816, ""account_name"": ""American Express"", ""account_type"": ""Savings"", ""currency_code"": ""USD"", ""spend_forecast"": 73.97, ""spend_lower"": 59.17, ""spend_upper"": 88.76, ""hist_avg_spend"": 3386.83, ""n_months"": 22}]"
USR032gM,2025-11,25,Healthy Active User,3980.95,2215.15,5640.39,prophet,6,4,8,prophet,663.49,3990.72,5.8,500.0,1,-0.2,stable,696.2,high,"{""Finance"": {""forecast"": 2578.5, ""lower"": 2062.8, ""upper"": 3094.2, ""hist_avg"": 2690.61, ""data_points"": 23}, ""Fitness"": {""forecast"": 578.5, ""lower"": 462.8, ""upper"": 694.2, ""hist_avg"": 578.5, ""data_points"": 24}, ""Food and Dining"": {""forecast"": 500.0, ""lower"": 400.0, ""upper"": 600.0, ""hist_avg"": 521.74, ""data_points"": 23}}",Your spending is forecast to remain stable near your historical average of $3991.,Based on 25 months of data using prophet.,[2198777834273947],2198777834273947,1,"[{""account_id"": 2198777834273947, ""account_name"": ""Plaid Credit Card"", ""account_type"": ""credit card credit"", ""currency_code"": ""USD"", ""spend_forecast"": 2328.5, ""spend_lower"": 1862.8, ""spend_upper"": 2794.2, ""hist_avg_spend"": 3990.72, ""n_months"": 25}]"
USR040Ko,2025-02,20,Single-Tasker,913.63,0.0,2275.73,prophet,2,0,3,prophet,456.81,803.03,2.1,12.88,1,13.8,increasing,6993.4,high,"{""Shopping"": {""forecast"": 2261.45, ""lower"": 1809.16, ""upper"": 2713.73, ""hist_avg"": 1541.92, ""data_points"": 3}, ""Housing and Utilities"": {""forecast"": 858.31, ""lower"": 686.65, ""upper"": 1029.97, ""hist_avg"": 1188.0, ""data_points"": 2}, ""Fitness"": {""forecast"": 577.82, ""lower"": 462.26, ""upper"": 693.38, ""hist_avg"": 398.66, ""data_points"": 5}}",Your spending is forecast to increasing by 14% vs your historical average.,Based on 20 months of data using prophet.,[317820028169473],317820028169473,1,"[{""account_id"": 317820028169473, ""account_name"": ""VISA 16 digit"", ""account_type"": ""Savings"", ""currency_code"": ""USD"", ""spend_forecast"": 770.49, ""spend_lower"": 616.39, ""spend_upper"": 924.59, ""hist_avg_spend"": 803.03, ""n_months"": 20}]"
USR051Ap,2025-11,25,Healthy Active User,3980.95,2380.76,5462.79,prophet,6,4,8,prophet,663.49,3990.72,5.8,500.0,1,-0.2,stable,696.2,high,"{""Finance"": {""forecast"": 2578.5, ""lower"": 2062.8, ""upper"": 3094.2, ""hist_avg"": 2690.61, ""data_points"": 23}, ""Fitness"": {""forecast"": 578.5, ""lower"": 462.8, ""upper"": 694.2, ""hist_avg"": 578.5, ""data_points"": 24}, ""Food and Dining"": {""forecast"": 500.0, ""lower"": 400.0, ""upper"": 600.0, ""hist_avg"": 521.74, ""data_points"": 23}}",Your spending is forecast to remain stable near your historical average of $3991.,Based on 25 months of data using prophet.,[756028260670192],756028260670192,1,"[{""account_id"": 756028260670192, ""account_name"": ""Plaid Credit Card"", ""account_type"": ""credit card credit"", ""currency_code"": ""USD"", ""spend_forecast"": 2328.5, ""spend_lower"": 1862.8, ""spend_upper"": 2794.2, ""hist_avg_spend"": 3990.72, ""n_months"": 25}]"
USR053xd,2025-01,22,Consistent Weekly,388.36,0.0,1044.27,prophet,2,1,3,prophet,194.18,475.85,2.1,540.69,2,-18.4,decreasing,-28.2,high,"{""Medical/Dental"": {""forecast"": 205.19, ""lower"": 164.15, ""upper"": 246.23, ""hist_avg"": 326.99, ""data_points"": 8}, ""Travel"": {""forecast"": 135.58, ""lower"": 108.47, ""upper"": 162.7, ""hist_avg"": 420.04, ""data_points"": 6}, ""Fitness"": {""forecast"": 864.35, ""lower"": 691.48, ""upper"": 1037.22, ""hist_avg"": 639.5, ""data_points"": 3}}",Your spending is forecast to decreasing by 18% vs your historical average.,Based on 22 months of data using prophet.,[3917434863514659],3917434863514659,1,"[{""account_id"": 3917434863514659, ""account_name"": ""Mastercard"", ""account_type"": ""Savings"", ""currency_code"": ""USD"", ""spend_forecast"": 437.62, ""spend_lower"": 350.09, ""spend_upper"": 525.14, ""hist_avg_spend"": 475.85, ""n_months"": 22}]"
USR059hG,2025-02,17,Single-Tasker,177.13,0.0,1201.39,prophet,2,0,4,prophet,88.56,777.3,2.7,91.91,1,-77.2,decreasing,92.7,high,"{""Shopping"": {""forecast"": 740.76, ""lower"": 592.61, ""upper"": 888.91, ""hist_avg"": 1240.16, ""data_points"": 4}, ""Gifts"": {""forecast"": 1258.55, ""lower"": 1006.84, ""upper"": 1510.26, ""hist_avg"": 952.05, ""data_points"": 3}, ""Friend Activities"": {""forecast"": 108.14, ""lower"": 86.52, ""upper"": 129.77, ""hist_avg"": 273.54, ""data_points"": 5}}",Your spending is forecast to decreasing by 77% vs your historical average.,Based on 17 months of data using prophet.,[8718671791689150],8718671791689150,1,"[{""account_id"": 8718671791689150, ""account_name"": ""JCB 16 digit"", ""account_type"": ""Checking"", ""currency_code"": ""USD"", ""spend_forecast"": 421.21, ""spend_lower"": 336.97, ""spend_upper"": 505.45, ""hist_avg_spend"": 777.3, ""n_months"": 17}]"
USR062rU,2025-02,25,Consistent Weekly,379.95,0.0,1777.15,prophet,2,0,3,prophet,189.97,675.1,1.9,41.9,1,-43.7,decreasing,806.8,high,"{""Housing and Utilities"": {""forecast"": 2483.46, ""lower"": 1986.77, ""upper"": 2980.15, ""hist_avg"": 2276.21, ""data_points"": 4}, ""Transportation"": {""forecast"": 205.38, ""lower"": 164.31, ""upper"": 246.46, ""hist_avg"": 301.35, ""data_points"": 6}, ""Travel"": {""forecast"": 443.28, ""lower"": 354.63, ""upper"": 531.94, ""hist_avg"": 331.2, ""data_points"": 4}}",Your spending is forecast to decreasing by 44% vs your historical average.,Based on 25 months of data using prophet.,[575793344868387],575793344868387,1,"[{""account_id"": 575793344868387, ""account_name"": ""VISA 19 digit"", ""account_type"": ""Checking"", ""currency_code"": ""USD"", ""spend_forecast"": 350.13, ""spend_lower"": 280.11, ""spend_upper"": 420.16, ""hist_avg_spend"": 675.1, ""n_months"": 25}]"
USR066Hw,2025-02,25,Consistent Weekly,0.0,0.0,51948.4,prophet,2,1,4,prophet,0.0,10468.82,2.4,20.05,1,-100.0,decreasing,-100.0,high,"{""Shopping"": {""forecast"": 1810.3, ""lower"": 1448.24, ""upper"": 2172.36, ""hist_avg"": 40519.1, ""data_points"": 6}, ""Housing and Utilities"": {""forecast"": 2938.99, ""lower"": 2351.19, ""upper"": 3526.79, ""hist_avg"": 2010.87, ""data_points"": 3}, ""Medical/Dental"": {""forecast"": 979.41, ""lower"": 783.53, ""upper"": 1175.3, ""hist_avg"": 702.34, ""data_points"": 6}}",Your spending is forecast to decreasing by 100% vs your historical average.,Based on 25 months of data using prophet.,[666689254107962],666689254107962,1,"[{""account_id"": 666689254107962, ""account_name"": ""VISA 16 digit"", ""account_type"": ""Checking"", ""currency_code"": ""USD"", ""spend_forecast"": 208.08, ""spend_lower"": 166.46, ""spend_upper"": 249.7, ""hist_avg_spend"": 10468.82, ""n_months"": 25}]"
USR068Xr,2024-12,20,Single-Tasker,21399.99,0.0,123989.42,prophet,2,0,3,prophet,10700.0,33817.34,2.2,147.8,1,-36.7,decreasing,14379.0,high,"{""Shopping"": {""forecast"": 36820.86, ""lower"": 29456.69, ""upper"": 44185.03, ""hist_avg"": 110691.43, ""data_points"": 6}, ""Personal Hygiene"": {""forecast"": 938.26, ""lower"": 750.61, ""upper"": 1125.91, ""hist_avg"": 1394.82, ""data_points"": 2}, ""Housing and Utilities"": {""forecast"": 2763.66, ""lower"": 2210.93, ""upper"": 3316.39, ""hist_avg"": 2763.66, ""data_points"": 1}}",Your spending is forecast to decreasing by 37% vs your historical average.,Based on 20 months of data using prophet.,[9854565050152785],9854565050152785,1,"[{""account_id"": 9854565050152785, ""account_name"": ""American Express"", ""account_type"": ""Savings"", ""currency_code"": ""USD"", ""spend_forecast"": 1137.9, ""spend_lower"": 910.32, ""spend_upper"": 1365.48, ""hist_avg_spend"": 33817.34, ""n_months"": 20}]"
USR074qk,2025-02,21,Single-Tasker,971.37,0.0,3181.91,prophet,2,0,3,prophet,485.69,883.52,1.8,51.41,1,9.9,stable,1789.5,high,"{""Shopping"": {""forecast"": 3615.68, ""lower"": 2892.54, ""upper"": 4338.82, ""hist_avg"": 3137.66, ""data_points"": 4}, ""Medical/Dental"": {""forecast"": 916.86, ""lower"": 733.49, ""upper"": 1100.23, ""hist_avg"": 718.18, ""data_points"": 3}, ""Gifts"": {""forecast"": 178.34, ""lower"": 142.68, ""upper"": 214.01, ""hist_avg"": 201.56, ""data_points"": 5}}",Your spending is forecast to remain stable near your historical average of $884.,Based on 21 months of data using prophet.,[6956164792464098],6956164792464098,1,"[{""account_id"": 6956164792464098, ""account_name"": ""JCB 16 digit"", ""account_type"": ""Checking"", ""currency_code"": ""USD"", ""spend_forecast"": 65.88, ""spend_lower"": 52.7, ""spend_upper"": 79.06, ""hist_avg_spend"": 883.52, ""n_months"": 21}]"
USR082ip,2025-01,20,Consistent Weekly,6753.38,0.0,47249.44,prophet,3,2,5,prophet,2251.13,10558.17,2.5,47.08,3,-36.0,decreasing,14244.5,high,"{""Shopping"": {""forecast"": 24679.18, ""lower"": 19743.34, ""upper"": 29615.02, ""hist_avg"": 39242.43, ""data_points"": 5}, ""Housing and Utilities"": {""forecast"": 1598.55, ""lower"": 1278.84, ""upper"": 1918.26, ""hist_avg"": 2302.42, ""data_points"": 2}, ""Gifts"": {""forecast"": 397.55, ""lower"": 318.04, ""upper"": 477.05, ""hist_avg"": 402.65, ""data_points"": 8}}",Your spending is forecast to decreasing by 36% vs your historical average.,Based on 20 months of data using prophet.,[365317339018220],365317339018220,1,"[{""account_id"": 365317339018220, ""account_name"": ""Discover"", ""account_type"": ""Checking"", ""currency_code"": ""USD"", ""spend_forecast"": 768.18, ""spend_lower"": 614.54, ""spend_upper"": 921.82, ""hist_avg_spend"": 10558.17, ""n_months"": 20}]"
USR086qQ,2025-11,2,Single-Tasker,200.0,160.0,240.0,wma,1,1,1,wma,200.0,200.0,1.0,200.0,1,0.0,stable,0.0,low,"{""Other"": {""forecast"": 200.0, ""lower"": 160.0, ""upper"": 240.0, ""hist_avg"": 200.0, ""data_points"": 2}}",Your spending is forecast to remain stable near your historical average of $200.,Based on 2 months of data using wma. Treat as indicative only.,[7658419913220552],7658419913220552,1,"[{""account_id"": 7658419913220552, ""account_name"": ""Compte \u00e9pargne"", ""account_type"": ""SAVINGS"", ""currency_code"": ""EUR"", ""spend_forecast"": 200.0, ""spend_lower"": 160.0, ""spend_upper"": 240.0, ""hist_avg_spend"": 200.0, ""n_months"": 2}]"
USR087Jg,2025-11,25,Single-Tasker,25.25,19.77,31.04,prophet,2,2,2,prophet,12.62,28.22,2.0,4.22,1,-10.5,decreasing,498.3,high,"{""Finance"": {""forecast"": 16.72, ""lower"": 13.38, ""upper"": 20.06, ""hist_avg"": 28.22, ""data_points"": 25}}",Your spending is forecast to decreasing by 10% vs your historical average.,Based on 25 months of data using prophet.,[9482376481652407],9482376481652407,1,"[{""account_id"": 9482376481652407, ""account_name"": ""Plaid Saving"", ""account_type"": ""savings depository"", ""currency_code"": ""USD"", ""spend_forecast"": 16.72, ""spend_lower"": 13.38, ""spend_upper"": 20.06, ""hist_avg_spend"": 28.22, ""n_months"": 25}]"
USR100df,2025-01,20,Consistent Weekly,0.0,0.0,8904.4,prophet,2,1,4,prophet,0.0,2293.28,2.5,420.38,3,-100.0,decreasing,-100.0,high,"{""Shopping"": {""forecast"": 12752.09, ""lower"": 10201.67, ""upper"": 15302.51, ""hist_avg"": 12638.54, ""data_points"": 3}, ""Travel"": {""forecast"": 651.45, ""lower"": 521.16, ""upper"": 781.74, ""hist_avg"": 449.28, ""data_points"": 4}, ""Housing and Utilities"": {""forecast"": 326.91, ""lower"": 261.53, ""upper"": 392.29, ""hist_avg"": 529.48, ""data_points"": 3}}",Your spending is forecast to decreasing by 100% vs your historical average.,Based on 20 months of data using prophet.,[5542954098207916],5542954098207916,1,"[{""account_id"": 5542954098207916, ""account_name"": ""Discover"", ""account_type"": ""Savings"", ""currency_code"": ""USD"", ""spend_forecast"": 340.23, ""spend_lower"": 272.18, ""spend_upper"": 408.27, ""hist_avg_spend"": 2293.28, ""n_months"": 20}]"
USR101Ec,2025-10,24,Single-Tasker,5850.0,5850.0,5850.0,prophet,1,1,1,prophet,5850.0,5850.0,1.0,5850.0,1,0.0,stable,0.0,high,"{""Finance"": {""forecast"": 5850.0, ""lower"": 4680.0, ""upper"": 7020.0, ""hist_avg"": 5850.0, ""data_points"": 24}}",Your spending is forecast to remain stable near your historical average of $5850.,Based on 24 months of data using prophet.,[354977089704960],354977089704960,1,"[{""account_id"": 354977089704960, ""account_name"": ""Plaid Money Market"", ""account_type"": ""money market depository"", ""currency_code"": ""USD"", ""spend_forecast"": 5850.0, ""spend_lower"": 4680.0, ""spend_upper"": 7020.0, ""hist_avg_spend"": 5850.0, ""n_months"": 24}]"
USR101Wd,2025-11,25,Single-Tasker,534.4,413.26,660.71,prophet,5,4,7,prophet,106.88,596.34,5.8,89.4,1,-10.4,decreasing,497.8,high,"{""Transportation"": {""forecast"": 512.78, ""lower"": 410.23, ""upper"": 615.34, ""hist_avg"": 511.73, ""data_points"": 24}, ""Groceries"": {""forecast"": 89.4, ""lower"": 71.52, ""upper"": 107.28, ""hist_avg"": 89.4, ""data_points"": 25}, ""Food and Dining"": {""forecast"": 16.33, ""lower"": 13.06, ""upper"": 19.6, ""hist_avg"": 16.33, ""data_points"": 24}}",Your spending is forecast to decreasing by 10% vs your historical average.,Based on 25 months of data using prophet.,[646336222041931],646336222041931,1,"[{""account_id"": 646336222041931, ""account_name"": ""Plaid Checking"", ""account_type"": ""checking depository"", ""currency_code"": ""USD"", ""spend_forecast"": 353.43, ""spend_lower"": 282.74, ""spend_upper"": 424.12, ""hist_avg_spend"": 596.34, ""n_months"": 25}]"
USR102Ib,2025-02,23,Consistent Weekly,37035.27,0.0,123968.69,prophet,2,1,4,prophet,18517.63,22397.16,2.1,140.83,2,65.4,increasing,26197.9,high,"{""Shopping"": {""forecast"": 157570.23, ""lower"": 126056.18, ""upper"": 189084.28, ""hist_avg"": 85117.41, ""data_points"": 6}, ""Gifts"": {""forecast"": 562.45, ""lower"": 449.96, ""upper"": 674.94, ""hist_avg"": 533.06, ""data_points"": 2}, ""Medical/Dental"": {""forecast"": 267.92, ""lower"": 214.33, ""upper"": 321.5, ""hist_avg"": 282.14, ""data_points"": 3}}",Your spending is forecast to increasing by 65% vs your historical average.,Based on 23 months of data using prophet.,[1672339357676178],1672339357676178,1,"[{""account_id"": 1672339357676178, ""account_name"": ""VISA 13 digit"", ""account_type"": ""Checking"", ""currency_code"": ""USD"", ""spend_forecast"": 46452.84, ""spend_lower"": 37162.27, ""spend_upper"": 55743.41, ""hist_avg_spend"": 22397.16, ""n_months"": 23}]"
USR103fp,2025-02,24,Healthy Active User,0.0,0.0,46022.54,prophet,3,2,5,prophet,0.0,13582.43,2.2,48.56,2,-100.0,decreasing,-100.0,high,"{""Shopping"": {""forecast"": 78258.65, ""lower"": 62606.92, ""upper"": 93910.38, ""hist_avg"": 104896.24, ""data_points"": 3}, ""Housing and Utilities"": {""forecast"": 992.11, ""lower"": 793.69, ""upper"": 1190.53, ""hist_avg"": 834.05, ""data_points"": 5}, ""Gifts"": {""forecast"": 834.41, ""lower"": 667.53, ""upper"": 1001.3, ""hist_avg"": 618.94, ""data_points"": 4}}",Your spending is forecast to decreasing by 100% vs your historical average.,Based on 24 months of data using prophet.,[1736786131442588],1736786131442588,1,"[{""account_id"": 1736786131442588, ""account_name"": ""Mastercard"", ""account_type"": ""Checking"", ""currency_code"": ""USD"", ""spend_forecast"": 738.3, ""spend_lower"": 590.64, ""spend_upper"": 885.96, ""hist_avg_spend"": 13582.43, ""n_months"": 24}]"
USR104NK,2025-01,21,Consistent Weekly,19645.05,0.0,58919.4,prophet,2,0,4,prophet,9822.52,7885.01,2.6,1415.31,4,149.1,increasing,1288.0,high,"{""Shopping"": {""forecast"": 49682.92, ""lower"": 39746.33, ""upper"": 59619.5, ""hist_avg"": 38553.88, ""data_points"": 4}, ""Travel"": {""forecast"": 303.2, ""lower"": 242.56, ""upper"": 363.85, ""hist_avg"": 393.27, ""data_points"": 7}, ""Housing and Utilities"": {""forecast"": 1436.35, ""lower"": 1149.08, ""upper"": 1723.62, ""hist_avg"": 1088.25, ""data_points"": 2}}",Your spending is forecast to increasing by 149% vs your historical average.,Based on 21 months of data using prophet.,[1876789797618974],1876789797618974,1,"[{""account_id"": 1876789797618974, ""account_name"": ""Maestro"", ""account_type"": ""Savings"", ""currency_code"": ""USD"", ""spend_forecast"": 766.66, ""spend_lower"": 613.33, ""spend_upper"": 920.0, ""hist_avg_spend"": 7885.01, ""n_months"": 21}]"
USR104pB,2025-11,25,Healthy Active User,3980.95,2270.4,5532.28,prophet,6,4,8,prophet,663.49,3990.72,5.8,500.0,1,-0.2,stable,696.2,high,"{""Finance"": {""forecast"": 2578.5, ""lower"": 2062.8, ""upper"": 3094.2, ""hist_avg"": 2690.61, ""data_points"": 23}, ""Fitness"": {""forecast"": 578.5, ""lower"": 462.8, ""upper"": 694.2, ""hist_avg"": 578.5, ""data_points"": 24}, ""Food and Dining"": {""forecast"": 500.0, ""lower"": 400.0, ""upper"": 600.0, ""hist_avg"": 521.74, ""data_points"": 23}}",Your spending is forecast to remain stable near your historical average of $3991.,Based on 25 months of data using prophet.,[3827033942254075],3827033942254075,1,"[{""account_id"": 3827033942254075, ""account_name"": ""Plaid Credit Card"", ""account_type"": ""credit card credit"", ""currency_code"": ""USD"", ""spend_forecast"": 2328.5, ""spend_lower"": 1862.8, ""spend_upper"": 2794.2, ""hist_avg_spend"": 3990.72, ""n_months"": 25}]"
USR116fM,2025-10,24,Single-Tasker,1000.0,1000.0,1000.0,prophet,1,1,1,prophet,1000.0,1000.0,1.0,1000.0,1,0.0,stable,0.0,high,"{""Finance"": {""forecast"": 1000.0, ""lower"": 800.0, ""upper"": 1200.0, ""hist_avg"": 1000.0, ""data_points"": 24}}",Your spending is forecast to remain stable near your historical average of $1000.,Based on 24 months of data using prophet.,[909128744072065],909128744072065,1,"[{""account_id"": 909128744072065, ""account_name"": ""Plaid CD"", ""account_type"": ""cd depository"", ""currency_code"": ""USD"", ""spend_forecast"": 1000.0, ""spend_lower"": 800.0, ""spend_upper"": 1200.0, ""hist_avg_spend"": 1000.0, ""n_months"": 24}]"
USR129NG,2025-02,23,Single-Tasker,12128.06,0.0,50069.97,prophet,2,0,3,prophet,6064.03,9809.31,2.2,25.1,1,23.6,increasing,48219.0,high,"{""Shopping"": {""forecast"": 78487.1, ""lower"": 62789.68, ""upper"": 94184.52, ""hist_avg"": 53507.31, ""data_points"": 4}, ""Transportation"": {""forecast"": 283.31, ""lower"": 226.65, ""upper"": 339.98, ""hist_avg"": 635.25, ""data_points"": 5}, ""Medical/Dental"": {""forecast"": 409.03, ""lower"": 327.22, ""upper"": 490.83, ""hist_avg"": 471.75, ""data_points"": 6}}",Your spending is forecast to increasing by 24% vs your historical average.,Based on 23 months of data using prophet.,[1287970339524147],1287970339524147,1,"[{""account_id"": 1287970339524147, ""account_name"": ""VISA 19 digit"", ""account_type"": ""Savings"", ""currency_code"": ""USD"", ""spend_forecast"": 192.12, ""spend_lower"": 153.69, ""spend_upper"": 230.54, ""hist_avg_spend"": 9809.31, ""n_months"": 23}]"
USR138nO,2025-11,25,Healthy Active User,3980.95,2231.78,5666.46,prophet,6,4,8,prophet,663.49,3990.72,5.8,500.0,1,-0.2,stable,696.2,high,"{""Finance"": {""forecast"": 2578.5, ""lower"": 2062.8, ""upper"": 3094.2, ""hist_avg"": 2690.61, ""data_points"": 23}, ""Fitness"": {""forecast"": 578.5, ""lower"": 462.8, ""upper"": 694.2, ""hist_avg"": 578.5, ""data_points"": 24}, ""Food and Dining"": {""forecast"": 500.0, ""lower"": 400.0, ""upper"": 600.0, ""hist_avg"": 521.74, ""data_points"": 23}}",Your spending is forecast to remain stable near your historical average of $3991.,Based on 25 months of data using prophet.,[8779921639369214],8779921639369214,1,"[{""account_id"": 8779921639369214, ""account_name"": ""Plaid Credit Card"", ""account_type"": ""credit card credit"", ""currency_code"": ""USD"", ""spend_forecast"": 2328.5, ""spend_lower"": 1862.8, ""spend_upper"": 2794.2, ""hist_avg_spend"": 3990.72, ""n_months"": 25}]"
USR139BK,2025-01,23,Consistent Weekly,0.0,0.0,32246.42,prophet,4,2,5,prophet,0.0,8830.46,2.5,5713.78,5,-100.0,decreasing,-100.0,high,"{""Shopping"": {""forecast"": 29635.25, ""lower"": 23708.2, ""upper"": 35562.3, ""hist_avg"": 47290.72, ""data_points"": 4}, ""Housing and Utilities"": {""forecast"": 2462.74, ""lower"": 1970.19, ""upper"": 2955.29, ""hist_avg"": 894.04, ""data_points"": 6}, ""Gifts"": {""forecast"": 185.21, ""lower"": 148.17, ""upper"": 222.25, ""hist_avg"": 199.72, ""data_points"": 9}}",Your spending is forecast to decreasing by 100% vs your historical average.,Based on 23 months of data using prophet.,[6777516850676564],6777516850676564,1,"[{""account_id"": 6777516850676564, ""account_name"": ""Discover"", ""account_type"": ""Savings"", ""currency_code"": ""USD"", ""spend_forecast"": 3121.78, ""spend_lower"": 2497.42, ""spend_upper"": 3746.13, ""hist_avg_spend"": 8830.46, ""n_months"": 23}]"
USR139QE,2025-02,24,Consistent Weekly,3112.41,0.0,8001.03,prophet,1,0,3,prophet,3112.41,1766.47,2.2,628.78,2,76.2,increasing,395.0,high,"{""Shopping"": {""forecast"": 12036.02, ""lower"": 9628.82, ""upper"": 14443.22, ""hist_avg"": 9082.84, ""data_points"": 2}, ""Housing and Utilities"": {""forecast"": 1633.09, ""lower"": 1306.47, ""upper"": 1959.71, ""hist_avg"": 2630.49, ""data_points"": 6}, ""Gifts"": {""forecast"": 1163.74, ""lower"": 930.99, ""upper"": 1396.49, ""hist_avg"": 945.14, ""data_points"": 2}}",Your spending is forecast to increasing by 76% vs your historical average.,Based on 24 months of data using prophet.,[580611751812643],580611751812643,1,"[{""account_id"": 580611751812643, ""account_name"": ""Maestro"", ""account_type"": ""Checking"", ""currency_code"": ""USD"", ""spend_forecast"": 329.6, ""spend_lower"": 263.68, ""spend_upper"": 395.52, ""hist_avg_spend"": 1766.47, ""n_months"": 24}]"
USR140si,2025-02,22,Single-Tasker,0.0,0.0,12339.63,prophet,2,1,3,prophet,0.0,3020.48,1.9,7.99,1,-100.0,decreasing,-100.0,high,"{""Shopping"": {""forecast"": 9955.35, ""lower"": 7964.28, ""upper"": 11946.42, ""hist_avg"": 19252.29, ""data_points"": 3}, ""Medical/Dental"": {""forecast"": 764.11, ""lower"": 611.29, ""upper"": 916.93, ""hist_avg"": 651.73, ""data_points"": 5}, ""Fitness"": {""forecast"": 780.31, ""lower"": 624.25, ""upper"": 936.37, ""hist_avg"": 593.75, ""data_points"": 3}}",Your spending is forecast to decreasing by 100% vs your historical average.,Based on 22 months of data using prophet.,[3896112433006532],3896112433006532,1,"[{""account_id"": 3896112433006532, ""account_name"": ""JCB 16 digit"", ""account_type"": ""Savings"", ""currency_code"": ""USD"", ""spend_forecast"": 521.12, ""spend_lower"": 416.89, ""spend_upper"": 625.34, ""hist_avg_spend"": 3020.48, ""n_months"": 22}]"
USR146jK,2025-01,20,Single-Tasker,611.41,0.0,1797.11,prophet,2,1,4,prophet,305.7,584.71,2.0,373.26,2,4.6,stable,63.8,high,"{""Shopping"": {""forecast"": 2886.3, ""lower"": 2309.04, ""upper"": 3463.56, ""hist_avg"": 2247.25, ""data_points"": 2}, ""Medical/Dental"": {""forecast"": 262.34, ""lower"": 209.88, ""upper"": 314.81, ""hist_avg"": 480.18, ""data_points"": 4}, ""Gifts"": {""forecast"": 288.49, ""lower"": 230.79, ""upper"": 346.19, ""hist_avg"": 475.31, ""data_points"": 3}}",Your spending is forecast to remain stable near your historical average of $585.,Based on 20 months of data using prophet.,[7259110723892288],7259110723892288,1,"[{""account_id"": 7259110723892288, ""account_name"": ""VISA 13 digit"", ""account_type"": ""Savings"", ""currency_code"": ""USD"", ""spend_forecast"": 286.43, ""spend_lower"": 229.14, ""spend_upper"": 343.71, ""hist_avg_spend"": 584.71, ""n_months"": 20}]"
USR148zM,2025-02,22,Single-Tasker,1779.45,0.0,3825.6,prophet,2,0,4,prophet,889.73,1336.49,2.3,499.03,2,33.1,increasing,256.6,high,"{""Housing and Utilities"": {""forecast"": 3877.65, ""lower"": 3102.12, ""upper"": 4653.18, ""hist_avg"": 2571.93, ""data_points"": 4}, ""Travel"": {""forecast"": 862.45, ""lower"": 689.96, ""upper"": 1034.94, ""hist_avg"": 797.85, ""data_points"": 6}, ""Medical/Dental"": {""forecast"": 555.74, ""lower"": 444.59, ""upper"": 666.89, ""hist_avg"": 561.97, ""data_points"": 7}}",Your spending is forecast to increasing by 33% vs your historical average.,Based on 22 months of data using prophet.,[5398053233543317],5398053233543317,1,"[{""account_id"": 5398053233543317, ""account_name"": ""Maestro"", ""account_type"": ""Savings"", ""currency_code"": ""USD"", ""spend_forecast"": 790.78, ""spend_lower"": 632.62, ""spend_upper"": 948.94, ""hist_avg_spend"": 1336.49, ""n_months"": 22}]"
USR149Et,2024-12,13,High-Intensity User,2190.6,1039.72,3287.37,prophet,50,19,78,prophet,43.81,1635.17,54.5,115.0,3,34.0,increasing,1804.9,high,"{""Finance"": {""forecast"": 178.47, ""lower"": 142.78, ""upper"": 214.17, ""hist_avg"": 784.97, ""data_points"": 13}, ""Shopping"": {""forecast"": 556.68, ""lower"": 445.34, ""upper"": 668.01, ""hist_avg"": 333.75, ""data_points"": 13}, ""Other"": {""forecast"": 329.64, ""lower"": 263.72, ""upper"": 395.57, ""hist_avg"": 161.27, ""data_points"": 11}}",Your spending is forecast to increasing by 34% vs your historical average.,Based on 13 months of data using prophet.,[1383380953513078],1383380953513078,1,"[{""account_id"": 1383380953513078, ""account_name"": ""VISA 19 digit"", ""account_type"": ""Savings"", ""currency_code"": ""USD"", ""spend_forecast"": 1075.67, ""spend_lower"": 860.54, ""spend_upper"": 1290.81, ""hist_avg_spend"": 1635.17, ""n_months"": 13}]"
USR149vb,2025-12,4,Low Activity/Trial,19117.45,0.0,40618.7,prophet,24,0,49,prophet,796.56,19336.2,24.5,217.1,2,-1.1,stable,8705.8,medium,"{""Other"": {""forecast"": 17506.03, ""lower"": 14004.83, ""upper"": 21007.24, ""hist_avg"": 17536.73, ""data_points"": 4}, ""Shopping"": {""forecast"": 1502.6, ""lower"": 1202.08, ""upper"": 1803.12, ""hist_avg"": 1554.8, ""data_points"": 2}, ""Medical/Dental"": {""forecast"": 1209.0, ""lower"": 967.2, ""upper"": 1450.8, ""hist_avg"": 1255.5, ""data_points"": 2}}",Your spending is forecast to remain stable near your historical average of $19336.,Based on 4 months of data using prophet.,[4343996146245764],4343996146245764,1,"[{""account_id"": 4343996146245764, ""account_name"": ""Privatkonto"", ""account_type"": ""CHECKING"", ""currency_code"": ""SEK"", ""spend_forecast"": 19234.53, ""spend_lower"": 15387.63, ""spend_upper"": 23081.44, ""hist_avg_spend"": 19336.2, ""n_months"": 4}]"
USR151Xg,2025-01,20,Single-Tasker,2210.59,0.0,20851.48,prophet,2,1,4,prophet,1105.3,4799.0,2.8,3232.44,2,-53.9,decreasing,-31.6,high,"{""Shopping"": {""forecast"": 11636.41, ""lower"": 9309.13, ""upper"": 13963.69, ""hist_avg"": 17206.37, ""data_points"": 4}, ""Housing and Utilities"": {""forecast"": 2257.01, ""lower"": 1805.61, ""upper"": 2708.41, ""hist_avg"": 2955.06, ""data_points"": 6}, ""Fitness"": {""forecast"": 305.74, ""lower"": 244.59, ""upper"": 366.89, ""hist_avg"": 589.48, ""data_points"": 5}}",Your spending is forecast to decreasing by 54% vs your historical average.,Based on 20 months of data using prophet.,[4938667654244427],4938667654244427,1,"[{""account_id"": 4938667654244427, ""account_name"": ""JCB 16 digit"", ""account_type"": ""Savings"", ""currency_code"": ""USD"", ""spend_forecast"": 2089.61, ""spend_lower"": 1671.69, ""spend_upper"": 2507.54, ""hist_avg_spend"": 4799.0, ""n_months"": 20}]"
USR155Ld,2025-02,22,Consistent Weekly,19320.41,0.0,62501.72,prophet,2,0,4,prophet,9660.2,9779.25,2.0,100.39,2,97.6,increasing,19145.4,high,"{""Shopping"": {""forecast"": 49950.72, ""lower"": 39960.57, ""upper"": 59940.86, ""hist_avg"": 51953.41, ""data_points"": 4}, ""Fitness"": {""forecast"": 235.96, ""lower"": 188.77, ""upper"": 283.15, ""hist_avg"": 684.72, ""data_points"": 5}, ""Medical/Dental"": {""forecast"": 650.1, ""lower"": 520.08, ""upper"": 780.12, ""hist_avg"": 485.18, ""data_points"": 4}}",Your spending is forecast to increasing by 98% vs your historical average.,Based on 22 months of data using prophet.,[9794651047068781],9794651047068781,1,"[{""account_id"": 9794651047068781, ""account_name"": ""Maestro"", ""account_type"": ""Checking"", ""currency_code"": ""USD"", ""spend_forecast"": 15687.64, ""spend_lower"": 12550.11, ""spend_upper"": 18825.17, ""hist_avg_spend"": 9779.25, ""n_months"": 22}]"
USR157Ok,2025-02,21,Single-Tasker,1966.4,0.0,18345.14,prophet,2,0,4,prophet,983.2,3198.54,2.7,8.16,1,-38.5,decreasing,23998.0,high,"{""Shopping"": {""forecast"": 19454.85, ""lower"": 15563.88, ""upper"": 23345.82, ""hist_avg"": 12071.72, ""data_points"": 5}, ""Travel"": {""forecast"": 404.65, ""lower"": 323.72, ""upper"": 485.58, ""hist_avg"": 331.09, ""data_points"": 4}, ""Medical/Dental"": {""forecast"": 277.31, ""lower"": 221.85, ""upper"": 332.77, ""hist_avg"": 292.84, ""data_points"": 4}}",Your spending is forecast to decreasing by 38% vs your historical average.,Based on 21 months of data using prophet.,[2171207643186722],2171207643186722,1,"[{""account_id"": 2171207643186722, ""account_name"": ""VISA 13 digit"", ""account_type"": ""Savings"", ""currency_code"": ""USD"", ""spend_forecast"": 24.15, ""spend_lower"": 19.32, ""spend_upper"": 28.98, ""hist_avg_spend"": 3198.54, ""n_months"": 21}]"
USR162th,2025-01,21,Healthy Active User,7138.15,0.0,21731.46,prophet,3,2,5,prophet,2379.38,3081.27,2.4,1636.45,4,131.7,increasing,336.2,high,"{""Shopping"": {""forecast"": 55564.83, ""lower"": 44451.86, ""upper"": 66677.8, ""hist_avg"": 55564.83, ""data_points"": 1}, ""Fitness"": {""forecast"": 936.3, ""lower"": 749.04, ""upper"": 1123.56, ""hist_avg"": 699.99, ""data_points"": 3}, ""Friend Activities"": {""forecast"": 559.87, ""lower"": 447.9, ""upper"": 671.85, ""hist_avg"": 493.93, ""data_points"": 4}}",Your spending is forecast to increasing by 132% vs your historical average.,Based on 21 months of data using prophet.,[4241269848227976],4241269848227976,1,"[{""account_id"": 4241269848227976, ""account_name"": ""Maestro"", ""account_type"": ""Checking"", ""currency_code"": ""USD"", ""spend_forecast"": 994.21, ""spend_lower"": 795.37, ""spend_upper"": 1193.06, ""hist_avg_spend"": 3081.27, ""n_months"": 21}]"
USR163vx,2025-11,1,Single-Tasker,541.95,433.56,650.34,segment_median,1,1,1,wma,541.95,256.67,1.0,256.67,1,111.1,increasing,111.1,low,"{""Other"": {""forecast"": 256.67, ""lower"": 205.34, ""upper"": 308.0, ""hist_avg"": 256.67, ""data_points"": 1}}",Your spending is forecast to increasing by 111% vs your historical average.,Based on 1 months of data using segment_median. Treat as indicative only.,[6370169824298612],6370169824298612,1,"[{""account_id"": 6370169824298612, ""account_name"": ""Main personal account"", ""account_type"": ""CHECKING"", ""currency_code"": ""EUR"", ""spend_forecast"": 256.67, ""spend_lower"": 205.34, ""spend_upper"": 308.0, ""hist_avg_spend"": 256.67, ""n_months"": 1}]"
USR165jr,2025-02,22,Single-Tasker,584.29,0.0,1493.76,prophet,2,1,3,prophet,292.14,576.23,2.3,334.34,1,1.4,stable,74.8,high,"{""Shopping"": {""forecast"": 877.46, ""lower"": 701.97, ""upper"": 1052.95, ""hist_avg"": 797.23, ""data_points"": 4}, ""Housing and Utilities"": {""forecast"": 1513.91, ""lower"": 1211.13, ""upper"": 1816.69, ""hist_avg"": 1030.91, ""data_points"": 3}, ""Fitness"": {""forecast"": 177.78, ""lower"": 142.22, ""upper"": 213.33, ""hist_avg"": 357.04, ""data_points"": 4}}",Your spending is forecast to remain stable near your historical average of $576.,Based on 22 months of data using prophet.,[1120172210085340],1120172210085340,1,"[{""account_id"": 1120172210085340, ""account_name"": ""VISA 16 digit"", ""account_type"": ""Savings"", ""currency_code"": ""USD"", ""spend_forecast"": 402.41, ""spend_lower"": 321.92, ""spend_upper"": 482.89, ""hist_avg_spend"": 576.23, ""n_months"": 22}]"
USR169XO,2025-02,23,Single-Tasker,710.61,0.0,1561.44,prophet,3,2,5,prophet,236.87,439.76,2.0,5.56,1,61.6,increasing,12680.8,high,"{""Shopping"": {""forecast"": 405.37, ""lower"": 324.29, ""upper"": 486.44, ""hist_avg"": 866.97, ""data_points"": 6}, ""Travel"": {""forecast"": 544.71, ""lower"": 435.76, ""upper"": 653.65, ""hist_avg"": 402.6, ""data_points"": 3}, ""Personal Hygiene"": {""forecast"": 28.12, ""lower"": 22.5, ""upper"": 33.74, ""hist_avg"": 112.95, ""data_points"": 7}}",Your spending is forecast to increasing by 62% vs your historical average.,Based on 23 months of data using prophet.,[2849192942495831],2849192942495831,1,"[{""account_id"": 2849192942495831, ""account_name"": ""VISA 16 digit"", ""account_type"": ""Checking"", ""currency_code"": ""USD"", ""spend_forecast"": 582.16, ""spend_lower"": 465.73, ""spend_upper"": 698.59, ""hist_avg_spend"": 439.76, ""n_months"": 23}]"
USR170FQ,2025-11,2,Single-Tasker,1000.0,800.0,1200.0,wma,1,1,1,wma,1000.0,1000.0,1.0,1000.0,1,0.0,stable,0.0,low,"{""Other"": {""forecast"": 1000.0, ""lower"": 800.0, ""upper"": 1200.0, ""hist_avg"": 1000.0, ""data_points"": 2}}",Your spending is forecast to remain stable near your historical average of $1000.,Based on 2 months of data using wma. Treat as indicative only.,[4099662377712878],4099662377712878,1,"[{""account_id"": 4099662377712878, ""account_name"": ""Konto oszcz\u0119dno\u015bciowe"", ""account_type"": ""SAVINGS"", ""currency_code"": ""PLN"", ""spend_forecast"": 1000.0, ""spend_lower"": 800.0, ""spend_upper"": 1200.0, ""hist_avg_spend"": 1000.0, ""n_months"": 2}]"
USR174bk,2025-11,25,Single-Tasker,534.4,419.53,666.8,prophet,5,4,7,prophet,106.88,596.34,5.8,89.4,1,-10.4,decreasing,497.8,high,"{""Transportation"": {""forecast"": 512.78, ""lower"": 410.23, ""upper"": 615.34, ""hist_avg"": 511.73, ""data_points"": 24}, ""Groceries"": {""forecast"": 89.4, ""lower"": 71.52, ""upper"": 107.28, ""hist_avg"": 89.4, ""data_points"": 25}, ""Food and Dining"": {""forecast"": 16.33, ""lower"": 13.06, ""upper"": 19.6, ""hist_avg"": 16.33, ""data_points"": 24}}",Your spending is forecast to decreasing by 10% vs your historical average.,Based on 25 months of data using prophet.,[2289245983297431],2289245983297431,1,"[{""account_id"": 2289245983297431, ""account_name"": ""Plaid Checking"", ""account_type"": ""checking depository"", ""currency_code"": ""USD"", ""spend_forecast"": 353.43, ""spend_lower"": 282.74, ""spend_upper"": 424.12, ""hist_avg_spend"": 596.34, ""n_months"": 25}]"
USR197Mx,2025-01,22,Consistent Weekly,0.0,0.0,32224.76,prophet,3,2,4,prophet,0.0,8831.11,2.4,497.13,2,-100.0,decreasing,-100.0,high,"{""Shopping"": {""forecast"": 23900.82, ""lower"": 19120.65, ""upper"": 28680.98, ""hist_avg"": 29389.4, ""data_points"": 6}, ""Housing and Utilities"": {""forecast"": 2687.87, ""lower"": 2150.3, ""upper"": 3225.45, ""hist_avg"": 2617.21, ""data_points"": 4}, ""Personal Hygiene"": {""forecast"": 661.09, ""lower"": 528.87, ""upper"": 793.3, ""hist_avg"": 340.9, ""data_points"": 6}}",Your spending is forecast to decreasing by 100% vs your historical average.,Based on 22 months of data using prophet.,[6997932965814504],6997932965814504,1,"[{""account_id"": 6997932965814504, ""account_name"": ""VISA 16 digit"", ""account_type"": ""Savings"", ""currency_code"": ""USD"", ""spend_forecast"": 304.88, ""spend_lower"": 243.9, ""spend_upper"": 365.85, ""hist_avg_spend"": 8831.11, ""n_months"": 22}]"
USR199CW,2025-02,22,Consistent Weekly,0.0,0.0,3436.16,prophet,2,0,3,prophet,0.0,1815.29,2.5,401.82,2,-100.0,decreasing,-100.0,high,"{""Shopping"": {""forecast"": 1774.72, ""lower"": 1419.78, ""upper"": 2129.67, ""hist_avg"": 4462.25, ""data_points"": 6}, ""Gifts"": {""forecast"": 834.28, ""lower"": 667.43, ""upper"": 1001.14, ""hist_avg"": 795.98, ""data_points"": 6}, ""Fitness"": {""forecast"": 861.07, ""lower"": 688.86, ""upper"": 1033.29, ""hist_avg"": 1021.95, ""data_points"": 4}}",Your spending is forecast to decreasing by 100% vs your historical average.,Based on 22 months of data using prophet.,[2946558595930254],2946558595930254,1,"[{""account_id"": 2946558595930254, ""account_name"": ""American Express"", ""account_type"": ""Checking"", ""currency_code"": ""USD"", ""spend_forecast"": 874.07, ""spend_lower"": 699.25, ""spend_upper"": 1048.88, ""hist_avg_spend"": 1815.29, ""n_months"": 22}]"
USR200Qr,2025-02,22,Single-Tasker,33431.2,0.0,76282.54,prophet,2,1,4,prophet,16715.6,12472.67,2.4,882.97,2,168.0,increasing,3686.2,high,"{""Shopping"": {""forecast"": 65391.81, ""lower"": 52313.45, ""upper"": 78470.17, ""hist_avg"": 37345.64, ""data_points"": 7}, ""Housing and Utilities"": {""forecast"": 1384.77, ""lower"": 1107.81, ""upper"": 1661.72, ""hist_avg"": 683.04, ""data_points"": 7}, ""Gifts"": {""forecast"": 647.58, ""lower"": 518.07, ""upper"": 777.1, ""hist_avg"": 363.25, ""data_points"": 7}}",Your spending is forecast to increasing by 168% vs your historical average.,Based on 22 months of data using prophet.,[3512077158593814],3512077158593814,1,"[{""account_id"": 3512077158593814, ""account_name"": ""VISA 16 digit"", ""account_type"": ""Checking"", ""currency_code"": ""USD"", ""spend_forecast"": 852.6, ""spend_lower"": 682.08, ""spend_upper"": 1023.12, ""hist_avg_spend"": 12472.67, ""n_months"": 22}]"
USR201Zu,2025-02,20,Consistent Weekly,1215.71,0.0,3999.89,prophet,3,1,4,prophet,405.24,1344.18,2.8,1017.88,2,-9.6,stable,19.4,high,"{""Housing and Utilities"": {""forecast"": 40.49, ""lower"": 32.39, ""upper"": 48.59, ""hist_avg"": 2008.3, ""data_points"": 5}, ""Shopping"": {""forecast"": 2538.89, ""lower"": 2031.12, ""upper"": 3046.67, ""hist_avg"": 1985.96, ""data_points"": 4}, ""Travel"": {""forecast"": 551.02, ""lower"": 440.82, ""upper"": 661.23, ""hist_avg"": 416.63, ""data_points"": 6}}",Your spending is forecast to remain stable near your historical average of $1344.,Based on 20 months of data using prophet.,[5896844080569374],5896844080569374,1,"[{""account_id"": 5896844080569374, ""account_name"": ""Diners Club / Carte Blanche"", ""account_type"": ""Savings"", ""currency_code"": ""USD"", ""spend_forecast"": 638.56, ""spend_lower"": 510.85, ""spend_upper"": 766.27, ""hist_avg_spend"": 1344.18, ""n_months"": 20}]"
USR203qJ,2025-02,23,Single-Tasker,3771.98,0.0,16026.67,prophet,2,1,4,prophet,1885.99,2600.04,2.7,75.87,1,45.1,increasing,4871.6,high,"{""Shopping"": {""forecast"": 44761.29, ""lower"": 35809.03, ""upper"": 53713.55, ""hist_avg"": 44761.29, ""data_points"": 1}, ""Housing and Utilities"": {""forecast"": 91.19, ""lower"": 72.95, ""upper"": 109.42, ""hist_avg"": 1222.64, ""data_points"": 5}, ""Travel"": {""forecast"": 842.8, ""lower"": 674.24, ""upper"": 1011.37, ""hist_avg"": 931.27, ""data_points"": 3}}",Your spending is forecast to increasing by 45% vs your historical average.,Based on 23 months of data using prophet.,[4394889498884221],4394889498884221,1,"[{""account_id"": 4394889498884221, ""account_name"": ""VISA 19 digit"", ""account_type"": ""Savings"", ""currency_code"": ""USD"", ""spend_forecast"": 94.78, ""spend_lower"": 75.83, ""spend_upper"": 113.74, ""hist_avg_spend"": 2600.04, ""n_months"": 23}]"
USR207DW,2025-02,24,Single-Tasker,7202.87,0.0,18729.69,prophet,2,1,4,prophet,3601.43,2602.8,2.7,782.06,1,176.7,increasing,821.0,high,"{""Shopping"": {""forecast"": 14660.25, ""lower"": 11728.2, ""upper"": 17592.3, ""hist_avg"": 6828.62, ""data_points"": 7}, ""Personal Hygiene"": {""forecast"": 863.6, ""lower"": 690.88, ""upper"": 1036.32, ""hist_avg"": 881.12, ""data_points"": 5}, ""Housing and Utilities"": {""forecast"": 855.98, ""lower"": 684.78, ""upper"": 1027.18, ""hist_avg"": 1253.56, ""data_points"": 2}}",Your spending is forecast to increasing by 177% vs your historical average.,Based on 24 months of data using prophet.,[7810330163594035],7810330163594035,1,"[{""account_id"": 7810330163594035, ""account_name"": ""American Express"", ""account_type"": ""Checking"", ""currency_code"": ""USD"", ""spend_forecast"": 15373.23, ""spend_lower"": 12298.58, ""spend_upper"": 18447.87, ""hist_avg_spend"": 2602.8, ""n_months"": 24}]"
USR208yg,2025-12,4,Low Activity/Trial,1913.3,0.0,3963.75,prophet,24,0,50,prophet,79.72,1932.82,24.5,21.71,2,-1.0,stable,8713.0,medium,"{""Finance"": {""forecast"": 1887.03, ""lower"": 1509.62, ""upper"": 2264.44, ""hist_avg"": 1887.03, ""data_points"": 2}, ""Other"": {""forecast"": 752.72, ""lower"": 602.18, ""upper"": 903.27, ""hist_avg"": 766.17, ""data_points"": 4}, ""Shopping"": {""forecast"": 253.78, ""lower"": 203.02, ""upper"": 304.54, ""hist_avg"": 253.78, ""data_points"": 2}}",Your spending is forecast to remain stable near your historical average of $1933.,Based on 4 months of data using prophet.,[9558846592264302],9558846592264302,1,"[{""account_id"": 9558846592264302, ""account_name"": ""Savings"", ""account_type"": ""CHECKING"", ""currency_code"": ""EUR"", ""spend_forecast"": 1923.45, ""spend_lower"": 1538.76, ""spend_upper"": 2308.14, ""hist_avg_spend"": 1932.82, ""n_months"": 4}]"
USR215xz,2025-02,22,Single-Tasker,356.88,0.0,2022.01,prophet,3,1,4,prophet,118.96,1200.48,2.3,11.74,1,-70.3,decreasing,2939.9,high,"{""Housing and Utilities"": {""forecast"": 464.46, ""lower"": 371.57, ""upper"": 557.35, ""hist_avg"": 1935.4, ""data_points"": 4}, ""Fitness"": {""forecast"": 1419.51, ""lower"": 1135.61, ""upper"": 1703.41, ""hist_avg"": 1369.32, ""data_points"": 4}, ""Shopping"": {""forecast"": 821.03, ""lower"": 656.82, ""upper"": 985.23, ""hist_avg"": 1449.62, ""data_points"": 3}}",Your spending is forecast to decreasing by 70% vs your historical average.,Based on 22 months of data using prophet.,[5978525337123148],5978525337123148,1,"[{""account_id"": 5978525337123148, ""account_name"": ""VISA 16 digit"", ""account_type"": ""Checking"", ""currency_code"": ""USD"", ""spend_forecast"": 107.61, ""spend_lower"": 86.09, ""spend_upper"": 129.13, ""hist_avg_spend"": 1200.48, ""n_months"": 22}]"
USR218kF,2024-12,11,Consistent Weekly,0.0,0.0,33.02,prophet,4,3,4,prophet,0.0,41.18,4.8,20.0,4,-100.0,decreasing,-100.0,high,"{""Transportation"": {""forecast"": 20.83, ""lower"": 16.67, ""upper"": 25.0, ""hist_avg"": 24.82, ""data_points"": 11}, ""Shopping"": {""forecast"": 56.67, ""lower"": 45.33, ""upper"": 68.0, ""hist_avg"": 67.5, ""data_points"": 2}, ""Entertainment"": {""forecast"": 25.0, ""lower"": 20.0, ""upper"": 30.0, ""hist_avg"": 25.0, ""data_points"": 1}}",Your spending is forecast to decreasing by 100% vs your historical average.,Based on 11 months of data using prophet.,[8176258203260627],8176258203260627,1,"[{""account_id"": 8176258203260627, ""account_name"": ""Checking Account 1"", ""account_type"": ""CHECKING"", ""currency_code"": ""EUR"", ""spend_forecast"": 20.83, ""spend_lower"": 16.67, ""spend_upper"": 25.0, ""hist_avg_spend"": 41.18, ""n_months"": 11}]"
USR223cE,2025-02,23,Single-Tasker,28231.88,0.0,72758.35,prophet,3,1,5,prophet,9410.63,11535.88,2.4,4.76,1,144.7,increasing,593006.7,high,"{""Shopping"": {""forecast"": 23823.6, ""lower"": 19058.88, ""upper"": 28588.32, ""hist_avg"": 49546.48, ""data_points"": 5}, ""Housing and Utilities"": {""forecast"": 1748.24, ""lower"": 1398.59, ""upper"": 2097.89, ""hist_avg"": 2586.93, ""data_points"": 2}, ""Fitness"": {""forecast"": 911.24, ""lower"": 728.99, ""upper"": 1093.48, ""hist_avg"": 1126.23, ""data_points"": 3}}",Your spending is forecast to increasing by 145% vs your historical average.,Based on 23 months of data using prophet.,[410674843067860],410674843067860,1,"[{""account_id"": 410674843067860, ""account_name"": ""JCB 16 digit"", ""account_type"": ""Savings"", ""currency_code"": ""USD"", ""spend_forecast"": 674.19, ""spend_lower"": 539.35, ""spend_upper"": 809.02, ""hist_avg_spend"": 11535.88, ""n_months"": 23}]"
USR227ai,2025-12,4,Low Activity/Trial,1911.74,0.0,3984.05,prophet,24,0,50,prophet,79.66,1933.62,24.5,21.71,2,-1.1,stable,8705.8,medium,"{""Finance"": {""forecast"": 1898.65, ""lower"": 1518.92, ""upper"": 2278.38, ""hist_avg"": 1898.24, ""data_points"": 2}, ""Other"": {""forecast"": 760.84, ""lower"": 608.67, ""upper"": 913.01, ""hist_avg"": 771.74, ""data_points"": 4}, ""Transportation"": {""forecast"": 138.23, ""lower"": 110.58, ""upper"": 165.88, ""hist_avg"": 142.88, ""data_points"": 2}}",Your spending is forecast to remain stable near your historical average of $1934.,Based on 4 months of data using prophet.,[1569588704562906],1569588704562906,1,"[{""account_id"": 1569588704562906, ""account_name"": ""Girokonto"", ""account_type"": ""CHECKING"", ""currency_code"": ""EUR"", ""spend_forecast"": 1923.45, ""spend_lower"": 1538.76, ""spend_upper"": 2308.14, ""hist_avg_spend"": 1933.62, ""n_months"": 4}]"
USR235aH,2025-12,23,Single-Tasker,4485.24,3296.12,5684.52,prophet,1,0,1,prophet,4485.24,5271.74,1.1,5000.0,1,-14.9,decreasing,-10.3,high,"{""Finance"": {""forecast"": 5000.0, ""lower"": 4000.0, ""upper"": 6000.0, ""hist_avg"": 5000.0, ""data_points"": 23}, ""Other"": {""forecast"": 1416.67, ""lower"": 1133.33, ""upper"": 1700.0, ""hist_avg"": 2083.33, ""data_points"": 3}}",Your spending is forecast to decreasing by 15% vs your historical average.,Based on 23 months of data using prophet.,[1798168692540359],1798168692540359,1,"[{""account_id"": 1798168692540359, ""account_name"": ""Savings Account !"", ""account_type"": ""SAVINGS"", ""currency_code"": ""EUR"", ""spend_forecast"": 5000.0, ""spend_lower"": 4000.0, ""spend_upper"": 6000.0, ""hist_avg_spend"": 5271.74, ""n_months"": 23}]"
USR240hY,2025-02,20,Consistent Weekly,9818.58,0.0,45512.4,prophet,2,1,3,prophet,4909.29,7869.8,2.3,615.7,2,24.8,increasing,1494.7,high,"{""Shopping"": {""forecast"": 45072.19, ""lower"": 36057.76, ""upper"": 54086.63, ""hist_avg"": 45081.68, ""data_points"": 3}, ""Housing and Utilities"": {""forecast"": 1356.34, ""lower"": 1085.07, ""upper"": 1627.6, ""hist_avg"": 2466.61, ""data_points"": 7}, ""Travel"": {""forecast"": 457.24, ""lower"": 365.79, ""upper"": 548.69, ""hist_avg"": 307.79, ""data_points"": 4}}",Your spending is forecast to increasing by 25% vs your historical average.,Based on 20 months of data using prophet.,[4224306651356493],4224306651356493,1,"[{""account_id"": 4224306651356493, ""account_name"": ""VISA 16 digit"", ""account_type"": ""Savings"", ""currency_code"": ""USD"", ""spend_forecast"": 710.71, ""spend_lower"": 568.57, ""spend_upper"": 852.85, ""hist_avg_spend"": 7869.8, ""n_months"": 20}]"
USR242VN,2025-02,22,Healthy Active User,11288.03,0.0,93439.17,prophet,3,1,4,prophet,3762.68,15024.14,2.5,739.11,4,-24.9,decreasing,1427.2,high,"{""Shopping"": {""forecast"": 159713.86, ""lower"": 127771.08, ""upper"": 191656.63, ""hist_avg"": 64096.63, ""data_points"": 5}, ""Personal Hygiene"": {""forecast"": 107.13, ""lower"": 85.71, ""upper"": 128.56, ""hist_avg"": 604.28, ""data_points"": 5}, ""Housing and Utilities"": {""forecast"": 388.33, ""lower"": 310.66, ""upper"": 466.0, ""hist_avg"": 432.92, ""data_points"": 5}}",Your spending is forecast to decreasing by 25% vs your historical average.,Based on 22 months of data using prophet.,[2941076191576956],2941076191576956,1,"[{""account_id"": 2941076191576956, ""account_name"": ""JCB 15 digit"", ""account_type"": ""Checking"", ""currency_code"": ""USD"", ""spend_forecast"": 433.99, ""spend_lower"": 347.19, ""spend_upper"": 520.79, ""hist_avg_spend"": 15024.14, ""n_months"": 22}]"
USR244Uu,2025-01,19,Single-Tasker,1480.54,0.0,5070.53,prophet,3,1,4,prophet,493.51,1681.03,2.7,8.63,1,-11.9,decreasing,17055.7,high,"{""Shopping"": {""forecast"": 5146.25, ""lower"": 4117.0, ""upper"": 6175.5, ""hist_avg"": 3320.67, ""data_points"": 4}, ""Housing and Utilities"": {""forecast"": 119.62, ""lower"": 95.7, ""upper"": 143.55, ""hist_avg"": 1210.91, ""data_points"": 6}, ""Personal Hygiene"": {""forecast"": 1447.38, ""lower"": 1157.91, ""upper"": 1736.86, ""hist_avg"": 1462.49, ""data_points"": 3}}",Your spending is forecast to decreasing by 12% vs your historical average.,Based on 19 months of data using prophet.,[1244941447924031],1244941447924031,1,"[{""account_id"": 1244941447924031, ""account_name"": ""Maestro"", ""account_type"": ""Savings"", ""currency_code"": ""USD"", ""spend_forecast"": 1722.9, ""spend_lower"": 1378.32, ""spend_upper"": 2067.47, ""hist_avg_spend"": 1681.03, ""n_months"": 19}]"
USR247kd,2025-02,24,Single-Tasker,10504.22,0.0,31426.04,prophet,2,1,3,prophet,5252.11,3839.75,2.3,52.15,1,173.6,increasing,20042.3,high,"{""Shopping"": {""forecast"": 56320.9, ""lower"": 45056.72, ""upper"": 67585.08, ""hist_avg"": 42286.7, ""data_points"": 2}, ""Gifts"": {""forecast"": 239.1, ""lower"": 191.28, ""upper"": 286.93, ""hist_avg"": 396.83, ""data_points"": 4}, ""Hobbies"": {""forecast"": 181.72, ""lower"": 145.37, ""upper"": 218.06, ""hist_avg"": 188.38, ""data_points"": 7}}",Your spending is forecast to increasing by 174% vs your historical average.,Based on 24 months of data using prophet.,[1786987321212464],1786987321212464,1,"[{""account_id"": 1786987321212464, ""account_name"": ""JCB 16 digit"", ""account_type"": ""Savings"", ""currency_code"": ""USD"", ""spend_forecast"": 149.36, ""spend_lower"": 119.49, ""spend_upper"": 179.23, ""hist_avg_spend"": 3839.75, ""n_months"": 24}]"
USR249de,2025-02,23,Single-Tasker,217.57,0.0,1914.45,prophet,2,0,3,prophet,108.78,833.94,2.0,83.67,1,-73.9,decreasing,160.0,high,"{""Housing and Utilities"": {""forecast"": 1630.51, ""lower"": 1304.41, ""upper"": 1956.61, ""hist_avg"": 2333.47, ""data_points"": 5}, ""Fitness"": {""forecast"": 405.72, ""lower"": 324.58, ""upper"": 486.87, ""hist_avg"": 468.73, ""data_points"": 6}, ""Personal Hygiene"": {""forecast"": 174.73, ""lower"": 139.79, ""upper"": 209.68, ""hist_avg"": 144.35, ""data_points"": 7}}",Your spending is forecast to decreasing by 74% vs your historical average.,Based on 23 months of data using prophet.,[1197574185563696],1197574185563696,1,"[{""account_id"": 1197574185563696, ""account_name"": ""Maestro"", ""account_type"": ""Checking"", ""currency_code"": ""USD"", ""spend_forecast"": 58.47, ""spend_lower"": 46.77, ""spend_upper"": 70.16, ""hist_avg_spend"": 833.94, ""n_months"": 23}]"
USR253Hy,2025-02,19,Consistent Weekly,75.3,0.0,1180.25,prophet,3,1,4,prophet,25.1,833.42,2.8,142.66,2,-91.0,decreasing,-47.2,high,"{""Housing and Utilities"": {""forecast"": 1389.16, ""lower"": 1111.33, ""upper"": 1666.99, ""hist_avg"": 2008.93, ""data_points"": 3}, ""Travel"": {""forecast"": 446.74, ""lower"": 357.39, ""upper"": 536.09, ""hist_avg"": 450.43, ""data_points"": 5}, ""Medical/Dental"": {""forecast"": 482.93, ""lower"": 386.34, ""upper"": 579.52, ""hist_avg"": 418.13, ""data_points"": 5}}",Your spending is forecast to decreasing by 91% vs your historical average.,Based on 19 months of data using prophet.,[74344592456871],74344592456871,1,"[{""account_id"": 74344592456871, ""account_name"": ""JCB 15 digit"", ""account_type"": ""Checking"", ""currency_code"": ""USD"", ""spend_forecast"": 553.78, ""spend_lower"": 443.02, ""spend_upper"": 664.53, ""hist_avg_spend"": 833.42, ""n_months"": 19}]"
USR257qy,2025-12,4,Low Activity/Trial,1911.74,0.0,4125.12,prophet,24,0,49,prophet,79.66,1933.62,24.5,21.71,2,-1.1,stable,8705.8,medium,"{""Other"": {""forecast"": 1306.76, ""lower"": 1045.41, ""upper"": 1568.12, ""hist_avg"": 1316.94, ""data_points"": 4}, ""Shopping"": {""forecast"": 744.96, ""lower"": 595.97, ""upper"": 893.95, ""hist_avg"": 744.96, ""data_points"": 2}, ""Finance"": {""forecast"": 200.0, ""lower"": 160.0, ""upper"": 240.0, ""hist_avg"": 200.0, ""data_points"": 2}}",Your spending is forecast to remain stable near your historical average of $1934.,Based on 4 months of data using prophet.,[670339298401581],670339298401581,1,"[{""account_id"": 670339298401581, ""account_name"": ""Cuenta corriente"", ""account_type"": ""CHECKING"", ""currency_code"": ""EUR"", ""spend_forecast"": 1923.45, ""spend_lower"": 1538.76, ""spend_upper"": 2308.14, ""hist_avg_spend"": 1933.62, ""n_months"": 4}]"
USR258SD,2025-01,21,Healthy Active User,33946.48,0.0,76170.07,prophet,2,1,4,prophet,16973.24,9189.08,2.2,1312.96,4,269.4,increasing,2485.5,high,"{""Shopping"": {""forecast"": 85376.73, ""lower"": 68301.39, ""upper"": 102452.08, ""hist_avg"": 59450.84, ""data_points"": 3}, ""Housing and Utilities"": {""forecast"": 153.39, ""lower"": 122.71, ""upper"": 184.06, ""hist_avg"": 870.24, ""data_points"": 7}, ""Travel"": {""forecast"": 747.59, ""lower"": 598.07, ""upper"": 897.1, ""hist_avg"": 746.07, ""data_points"": 4}}",Your spending is forecast to increasing by 269% vs your historical average.,Based on 21 months of data using prophet.,[6789422602793653],6789422602793653,1,"[{""account_id"": 6789422602793653, ""account_name"": ""Diners Club / Carte Blanche"", ""account_type"": ""Savings"", ""currency_code"": ""USD"", ""spend_forecast"": 56156.12, ""spend_lower"": 44924.89, ""spend_upper"": 67387.34, ""hist_avg_spend"": 9189.08, ""n_months"": 21}]"
USR258us,2025-02,19,Single-Tasker,363.85,0.0,2030.92,prophet,2,0,3,prophet,181.93,856.12,2.3,68.09,1,-57.5,decreasing,434.4,high,"{""Housing and Utilities"": {""forecast"": 106.27, ""lower"": 85.02, ""upper"": 127.53, ""hist_avg"": 1506.54, ""data_points"": 4}, ""Fitness"": {""forecast"": 589.61, ""lower"": 471.69, ""upper"": 707.54, ""hist_avg"": 569.91, ""data_points"": 4}, ""Travel"": {""forecast"": 864.62, ""lower"": 691.7, ""upper"": 1037.54, ""hist_avg"": 560.89, ""data_points"": 4}}",Your spending is forecast to decreasing by 58% vs your historical average.,Based on 19 months of data using prophet.,[1907263899175261],1907263899175261,1,"[{""account_id"": 1907263899175261, ""account_name"": ""Diners Club / Carte Blanche"", ""account_type"": ""Savings"", ""currency_code"": ""USD"", ""spend_forecast"": 79.58, ""spend_lower"": 63.66, ""spend_upper"": 95.49, ""hist_avg_spend"": 856.12, ""n_months"": 19}]"
USR263pz,2025-11,25,Single-Tasker,25.25,19.42,31.13,prophet,2,2,2,prophet,12.62,28.22,2.0,4.22,1,-10.5,decreasing,498.3,high,"{""Finance"": {""forecast"": 16.72, ""lower"": 13.38, ""upper"": 20.06, ""hist_avg"": 28.22, ""data_points"": 25}}",Your spending is forecast to decreasing by 10% vs your historical average.,Based on 25 months of data using prophet.,[9742732280297836],9742732280297836,1,"[{""account_id"": 9742732280297836, ""account_name"": ""Plaid Saving"", ""account_type"": ""savings depository"", ""currency_code"": ""USD"", ""spend_forecast"": 16.72, ""spend_lower"": 13.38, ""spend_upper"": 20.06, ""hist_avg_spend"": 28.22, ""n_months"": 25}]"
USR264Ys,2025-11,25,Single-Tasker,534.4,403.44,656.7,prophet,5,4,7,prophet,106.88,596.34,5.8,89.4,1,-10.4,decreasing,497.8,high,"{""Transportation"": {""forecast"": 512.78, ""lower"": 410.23, ""upper"": 615.34, ""hist_avg"": 511.73, ""data_points"": 24}, ""Groceries"": {""forecast"": 89.4, ""lower"": 71.52, ""upper"": 107.28, ""hist_avg"": 89.4, ""data_points"": 25}, ""Food and Dining"": {""forecast"": 16.33, ""lower"": 13.06, ""upper"": 19.6, ""hist_avg"": 16.33, ""data_points"": 24}}",Your spending is forecast to decreasing by 10% vs your historical average.,Based on 25 months of data using prophet.,[3296804033846165],3296804033846165,1,"[{""account_id"": 3296804033846165, ""account_name"": ""Plaid Checking"", ""account_type"": ""checking depository"", ""currency_code"": ""USD"", ""spend_forecast"": 353.43, ""spend_lower"": 282.74, ""spend_upper"": 424.12, ""hist_avg_spend"": 596.34, ""n_months"": 25}]"
USR268Dy,2025-01,20,Single-Tasker,30126.23,0.0,75702.42,prophet,2,1,3,prophet,15063.11,11224.69,2.4,315.82,1,168.4,increasing,9439.1,high,"{""Shopping"": {""forecast"": 98722.46, ""lower"": 78977.97, ""upper"": 118466.95, ""hist_avg"": 52959.63, ""data_points"": 4}, ""Housing and Utilities"": {""forecast"": 2159.59, ""lower"": 1727.67, ""upper"": 2591.5, ""hist_avg"": 2162.22, ""data_points"": 3}, ""Travel"": {""forecast"": 95.75, ""lower"": 76.6, ""upper"": 114.9, ""hist_avg"": 217.47, ""data_points"": 7}}",Your spending is forecast to increasing by 168% vs your historical average.,Based on 20 months of data using prophet.,[575808430645435],575808430645435,1,"[{""account_id"": 575808430645435, ""account_name"": ""VISA 19 digit"", ""account_type"": ""Checking"", ""currency_code"": ""USD"", ""spend_forecast"": 31886.11, ""spend_lower"": 25508.89, ""spend_upper"": 38263.34, ""hist_avg_spend"": 11224.69, ""n_months"": 20}]"
USR270YP,2025-02,19,Single-Tasker,8110.53,0.0,108113.51,prophet,3,1,4,prophet,2703.51,26576.25,2.1,2231.46,3,-69.5,decreasing,263.5,high,"{""Shopping"": {""forecast"": 2918.0, ""lower"": 2334.4, ""upper"": 3501.6, ""hist_avg"": 82863.84, ""data_points"": 6}, ""Medical/Dental"": {""forecast"": 299.26, ""lower"": 239.41, ""upper"": 359.11, ""hist_avg"": 413.49, ""data_points"": 7}, ""Fitness"": {""forecast"": 490.87, ""lower"": 392.69, ""upper"": 589.04, ""hist_avg"": 542.75, ""data_points"": 3}}",Your spending is forecast to decreasing by 70% vs your historical average.,Based on 19 months of data using prophet.,[152712046592887],152712046592887,1,"[{""account_id"": 152712046592887, ""account_name"": ""VISA 16 digit"", ""account_type"": ""Checking"", ""currency_code"": ""USD"", ""spend_forecast"": 1312.37, ""spend_lower"": 1049.89, ""spend_upper"": 1574.84, ""hist_avg_spend"": 26576.25, ""n_months"": 19}]"
USR271Yo,2024-12,17,Single-Tasker,1134.14,0.0,2612.55,prophet,3,2,4,prophet,378.05,912.4,2.6,285.07,2,24.3,increasing,297.8,high,"{""Housing and Utilities"": {""forecast"": 1696.59, ""lower"": 1357.27, ""upper"": 2035.91, ""hist_avg"": 1714.16, ""data_points"": 4}, ""Gifts"": {""forecast"": 1043.35, ""lower"": 834.68, ""upper"": 1252.02, ""hist_avg"": 819.34, ""data_points"": 5}, ""Shopping"": {""forecast"": 228.13, ""lower"": 182.51, ""upper"": 273.76, ""hist_avg"": 273.12, ""data_points"": 4}}",Your spending is forecast to increasing by 24% vs your historical average.,Based on 17 months of data using prophet.,[4915301745302561],4915301745302561,1,"[{""account_id"": 4915301745302561, ""account_name"": ""VISA 16 digit"", ""account_type"": ""Checking"", ""currency_code"": ""USD"", ""spend_forecast"": 211.07, ""spend_lower"": 168.86, ""spend_upper"": 253.28, ""hist_avg_spend"": 912.4, ""n_months"": 17}]"
USR271eY,2025-02,21,Single-Tasker,3612.76,0.0,72298.51,prophet,3,1,5,prophet,1204.25,14183.36,2.4,7477.15,1,-74.5,decreasing,-51.7,high,"{""Shopping"": {""forecast"": 49974.42, ""lower"": 39979.53, ""upper"": 59969.3, ""hist_avg"": 94749.0, ""data_points"": 3}, ""Housing and Utilities"": {""forecast"": 1268.56, ""lower"": 1014.85, ""upper"": 1522.27, ""hist_avg"": 1866.14, ""data_points"": 2}, ""Gifts"": {""forecast"": 480.15, ""lower"": 384.12, ""upper"": 576.18, ""hist_avg"": 667.53, ""data_points"": 5}}",Your spending is forecast to decreasing by 74% vs your historical average.,Based on 21 months of data using prophet.,[272675983639227],272675983639227,1,"[{""account_id"": 272675983639227, ""account_name"": ""American Express"", ""account_type"": ""Checking"", ""currency_code"": ""USD"", ""spend_forecast"": 3835.68, ""spend_lower"": 3068.55, ""spend_upper"": 4602.82, ""hist_avg_spend"": 14183.36, ""n_months"": 21}]"
USR272FG,2025-10,24,Single-Tasker,1000.0,1000.0,1000.0,prophet,1,1,1,prophet,1000.0,1000.0,1.0,1000.0,1,0.0,stable,0.0,high,"{""Finance"": {""forecast"": 1000.0, ""lower"": 800.0, ""upper"": 1200.0, ""hist_avg"": 1000.0, ""data_points"": 24}}",Your spending is forecast to remain stable near your historical average of $1000.,Based on 24 months of data using prophet.,[5910752159066693],5910752159066693,1,"[{""account_id"": 5910752159066693, ""account_name"": ""Plaid CD"", ""account_type"": ""cd depository"", ""currency_code"": ""CAD"", ""spend_forecast"": 1000.0, ""spend_lower"": 800.0, ""spend_upper"": 1200.0, ""hist_avg_spend"": 1000.0, ""n_months"": 24}]"
USR272Ng,2025-01,20,Single-Tasker,5361.37,0.0,19480.1,prophet,2,0,4,prophet,2680.68,3635.36,2.4,62.83,1,47.5,increasing,8433.1,high,"{""Shopping"": {""forecast"": 25122.13, ""lower"": 20097.7, ""upper"": 30146.56, ""hist_avg"": 16850.68, ""data_points"": 3}, ""Housing and Utilities"": {""forecast"": 3169.58, ""lower"": 2535.66, ""upper"": 3803.5, ""hist_avg"": 3689.49, ""data_points"": 4}, ""Gifts"": {""forecast"": 490.6, ""lower"": 392.48, ""upper"": 588.72, ""hist_avg"": 672.07, ""data_points"": 4}}",Your spending is forecast to increasing by 48% vs your historical average.,Based on 20 months of data using prophet.,[6442995379060004],6442995379060004,1,"[{""account_id"": 6442995379060004, ""account_name"": ""Discover"", ""account_type"": ""Checking"", ""currency_code"": ""USD"", ""spend_forecast"": 156.73, ""spend_lower"": 125.38, ""spend_upper"": 188.08, ""hist_avg_spend"": 3635.36, ""n_months"": 20}]"
USR273gg,2025-11,25,Single-Tasker,534.4,416.83,668.76,prophet,5,4,7,prophet,106.88,596.34,5.8,89.4,1,-10.4,decreasing,497.8,high,"{""Transportation"": {""forecast"": 512.78, ""lower"": 410.23, ""upper"": 615.34, ""hist_avg"": 511.73, ""data_points"": 24}, ""Groceries"": {""forecast"": 89.4, ""lower"": 71.52, ""upper"": 107.28, ""hist_avg"": 89.4, ""data_points"": 25}, ""Food and Dining"": {""forecast"": 16.33, ""lower"": 13.06, ""upper"": 19.6, ""hist_avg"": 16.33, ""data_points"": 24}}",Your spending is forecast to decreasing by 10% vs your historical average.,Based on 25 months of data using prophet.,[1283166173158353],1283166173158353,1,"[{""account_id"": 1283166173158353, ""account_name"": ""Plaid Checking"", ""account_type"": ""checking depository"", ""currency_code"": ""USD"", ""spend_forecast"": 353.43, ""spend_lower"": 282.74, ""spend_upper"": 424.12, ""hist_avg_spend"": 596.34, ""n_months"": 25}]"
USR279gH,2025-01,22,Single-Tasker,807.36,0.0,2286.39,prophet,2,1,4,prophet,403.68,663.84,2.1,83.03,2,21.6,increasing,872.4,high,"{""Housing and Utilities"": {""forecast"": 1453.26, ""lower"": 1162.61, ""upper"": 1743.92, ""hist_avg"": 1435.5, ""data_points"": 3}, ""Personal Hygiene"": {""forecast"": 82.89, ""lower"": 66.32, ""upper"": 99.47, ""hist_avg"": 550.64, ""data_points"": 5}, ""Medical/Dental"": {""forecast"": 456.69, ""lower"": 365.35, ""upper"": 548.03, ""hist_avg"": 520.4, ""data_points"": 4}}",Your spending is forecast to increasing by 22% vs your historical average.,Based on 22 months of data using prophet.,[9625783251295911],9625783251295911,1,"[{""account_id"": 9625783251295911, ""account_name"": ""VISA 16 digit"", ""account_type"": ""Checking"", ""currency_code"": ""USD"", ""spend_forecast"": 144.35, ""spend_lower"": 115.48, ""spend_upper"": 173.22, ""hist_avg_spend"": 663.84, ""n_months"": 22}]"
USR291BJ,2025-01,20,Single-Tasker,50195.03,0.0,128426.41,prophet,3,1,4,prophet,16731.68,29471.64,2.1,82.27,2,70.3,increasing,60912.6,high,"{""Shopping"": {""forecast"": 112042.82, ""lower"": 89634.26, ""upper"": 134451.39, ""hist_avg"": 116380.11, ""data_points"": 5}, ""Fitness"": {""forecast"": 329.98, ""lower"": 263.98, ""upper"": 395.98, ""hist_avg"": 429.05, ""data_points"": 5}, ""Travel"": {""forecast"": 565.49, ""lower"": 452.39, ""upper"": 678.58, ""hist_avg"": 630.71, ""data_points"": 3}}",Your spending is forecast to increasing by 70% vs your historical average.,Based on 20 months of data using prophet.,[1719991586353126],1719991586353126,1,"[{""account_id"": 1719991586353126, ""account_name"": ""Mastercard"", ""account_type"": ""Savings"", ""currency_code"": ""USD"", ""spend_forecast"": 22519.26, ""spend_lower"": 18015.41, ""spend_upper"": 27023.11, ""hist_avg_spend"": 29471.64, ""n_months"": 20}]"
USR297tJ,2025-01,19,Single-Tasker,358.44,0.0,877.68,prophet,3,1,4,prophet,119.48,394.99,2.4,10.43,1,-9.3,stable,3336.6,high,"{""Travel"": {""forecast"": 490.92, ""lower"": 392.73, ""upper"": 589.1, ""hist_avg"": 673.25, ""data_points"": 3}, ""Gifts"": {""forecast"": 395.86, ""lower"": 316.69, ""upper"": 475.03, ""hist_avg"": 259.68, ""data_points"": 5}, ""Shopping"": {""forecast"": 414.49, ""lower"": 331.59, ""upper"": 497.39, ""hist_avg"": 371.87, ""data_points"": 3}}",Your spending is forecast to remain stable near your historical average of $395.,Based on 19 months of data using prophet.,[1672623079619382],1672623079619382,1,"[{""account_id"": 1672623079619382, ""account_name"": ""VISA 19 digit"", ""account_type"": ""Savings"", ""currency_code"": ""USD"", ""spend_forecast"": 172.34, ""spend_lower"": 137.87, ""spend_upper"": 206.81, ""hist_avg_spend"": 394.99, ""n_months"": 19}]"
USR298fI,2025-11,25,Healthy Active User,3980.95,2428.7,5566.51,prophet,6,4,8,prophet,663.49,3990.72,5.8,500.0,1,-0.2,stable,696.2,high,"{""Finance"": {""forecast"": 2578.5, ""lower"": 2062.8, ""upper"": 3094.2, ""hist_avg"": 2690.61, ""data_points"": 23}, ""Fitness"": {""forecast"": 578.5, ""lower"": 462.8, ""upper"": 694.2, ""hist_avg"": 578.5, ""data_points"": 24}, ""Food and Dining"": {""forecast"": 500.0, ""lower"": 400.0, ""upper"": 600.0, ""hist_avg"": 521.74, ""data_points"": 23}}",Your spending is forecast to remain stable near your historical average of $3991.,Based on 25 months of data using prophet.,[5327573936436020],5327573936436020,1,"[{""account_id"": 5327573936436020, ""account_name"": ""Plaid Credit Card"", ""account_type"": ""credit card credit"", ""currency_code"": ""USD"", ""spend_forecast"": 2328.5, ""spend_lower"": 1862.8, ""spend_upper"": 2794.2, ""hist_avg_spend"": 3990.72, ""n_months"": 25}]"
USR298ko,2025-01,20,Consistent Weekly,6260.03,0.0,40390.79,prophet,2,1,3,prophet,3130.01,9868.73,2.1,56.37,2,-36.6,decreasing,11005.3,high,"{""Shopping"": {""forecast"": 42130.07, ""lower"": 33704.05, ""upper"": 50556.08, ""hist_avg"": 31826.78, ""data_points"": 6}, ""Travel"": {""forecast"": 730.18, ""lower"": 584.14, ""upper"": 876.21, ""hist_avg"": 693.46, ""data_points"": 3}, ""Medical/Dental"": {""forecast"": 369.72, ""lower"": 295.78, ""upper"": 443.66, ""hist_avg"": 470.42, ""data_points"": 3}}",Your spending is forecast to decreasing by 37% vs your historical average.,Based on 20 months of data using prophet.,[596778591342074],596778591342074,1,"[{""account_id"": 596778591342074, ""account_name"": ""Diners Club / Carte Blanche"", ""account_type"": ""Savings"", ""currency_code"": ""USD"", ""spend_forecast"": 399.57, ""spend_lower"": 319.66, ""spend_upper"": 479.49, ""hist_avg_spend"": 9868.73, ""n_months"": 20}]"
USR305BD,2025-10,24,Single-Tasker,1000.0,1000.0,1000.0,prophet,1,1,1,prophet,1000.0,1000.0,1.0,1000.0,1,0.0,stable,0.0,high,"{""Finance"": {""forecast"": 1000.0, ""lower"": 800.0, ""upper"": 1200.0, ""hist_avg"": 1000.0, ""data_points"": 24}}",Your spending is forecast to remain stable near your historical average of $1000.,Based on 24 months of data using prophet.,[1795115276661323],1795115276661323,1,"[{""account_id"": 1795115276661323, ""account_name"": ""Plaid CD"", ""account_type"": ""cd depository"", ""currency_code"": ""USD"", ""spend_forecast"": 1000.0, ""spend_lower"": 800.0, ""spend_upper"": 1200.0, ""hist_avg_spend"": 1000.0, ""n_months"": 24}]"
USR310Mk,2025-11,2,Single-Tasker,2000.0,1600.0,2400.0,wma,1,1,1,wma,2000.0,2000.0,1.0,2000.0,1,0.0,stable,0.0,low,"{""Other"": {""forecast"": 2000.0, ""lower"": 1600.0, ""upper"": 2400.0, ""hist_avg"": 2000.0, ""data_points"": 2}}",Your spending is forecast to remain stable near your historical average of $2000.,Based on 2 months of data using wma. Treat as indicative only.,[3957989470967012],3957989470967012,1,"[{""account_id"": 3957989470967012, ""account_name"": ""Opsparingskonto"", ""account_type"": ""SAVINGS"", ""currency_code"": ""DKK"", ""spend_forecast"": 2000.0, ""spend_lower"": 1600.0, ""spend_upper"": 2400.0, ""hist_avg_spend"": 2000.0, ""n_months"": 2}]"
USR310Wm,2025-01,22,Consistent Weekly,12156.34,0.0,84894.5,prophet,2,1,4,prophet,6078.17,12954.58,2.5,1133.79,3,-6.2,stable,972.2,high,"{""Shopping"": {""forecast"": 46111.58, ""lower"": 36889.27, ""upper"": 55333.9, ""hist_avg"": 54859.18, ""data_points"": 5}, ""Gifts"": {""forecast"": 837.48, ""lower"": 669.98, ""upper"": 1004.97, ""hist_avg"": 376.71, ""data_points"": 6}, ""Friend Activities"": {""forecast"": 344.87, ""lower"": 275.9, ""upper"": 413.85, ""hist_avg"": 300.93, ""data_points"": 7}}",Your spending is forecast to remain stable near your historical average of $12955.,Based on 22 months of data using prophet.,[2091804121926538],2091804121926538,1,"[{""account_id"": 2091804121926538, ""account_name"": ""JCB 16 digit"", ""account_type"": ""Savings"", ""currency_code"": ""USD"", ""spend_forecast"": 612.27, ""spend_lower"": 489.82, ""spend_upper"": 734.73, ""hist_avg_spend"": 12954.58, ""n_months"": 22}]"
USR313nW,2024-12,20,Single-Tasker,1713.6,585.18,2736.03,prophet,3,1,4,prophet,571.2,890.4,2.6,2135.93,3,92.5,increasing,-19.8,high,"{""Personal Hygiene"": {""forecast"": 1603.27, ""lower"": 1282.62, ""upper"": 1923.93, ""hist_avg"": 1011.71, ""data_points"": 8}, ""Shopping"": {""forecast"": 728.93, ""lower"": 583.15, ""upper"": 874.72, ""hist_avg"": 1224.25, ""data_points"": 3}, ""Medical/Dental"": {""forecast"": 322.64, ""lower"": 258.11, ""upper"": 387.16, ""hist_avg"": 351.62, ""data_points"": 6}}",Your spending is forecast to increasing by 92% vs your historical average.,Based on 20 months of data using prophet.,[8429259675435165],8429259675435165,1,"[{""account_id"": 8429259675435165, ""account_name"": ""JCB 16 digit"", ""account_type"": ""Savings"", ""currency_code"": ""USD"", ""spend_forecast"": 1843.07, ""spend_lower"": 1474.45, ""spend_upper"": 2211.68, ""hist_avg_spend"": 890.4, ""n_months"": 20}]"
USR317Xw,2025-02,21,Consistent Weekly,686.02,0.0,1328.71,prophet,2,1,4,prophet,343.01,609.14,2.2,97.16,3,12.6,increasing,606.1,high,"{""Gifts"": {""forecast"": 694.05, ""lower"": 555.24, ""upper"": 832.86, ""hist_avg"": 614.25, ""data_points"": 5}, ""Medical/Dental"": {""forecast"": 408.61, ""lower"": 326.89, ""upper"": 490.34, ""hist_avg"": 363.36, ""data_points"": 7}, ""Travel"": {""forecast"": 837.71, ""lower"": 670.17, ""upper"": 1005.26, ""hist_avg"": 868.13, ""data_points"": 2}}",Your spending is forecast to increasing by 13% vs your historical average.,Based on 21 months of data using prophet.,[9109926126905843],9109926126905843,1,"[{""account_id"": 9109926126905843, ""account_name"": ""JCB 15 digit"", ""account_type"": ""Checking"", ""currency_code"": ""USD"", ""spend_forecast"": 334.04, ""spend_lower"": 267.23, ""spend_upper"": 400.85, ""hist_avg_spend"": 609.14, ""n_months"": 21}]"
USR321bf,2025-01,20,Single-Tasker,448.73,0.0,2741.15,prophet,2,0,3,prophet,224.37,1268.68,1.9,395.24,1,-64.6,decreasing,13.5,high,"{""Housing and Utilities"": {""forecast"": 1669.46, ""lower"": 1335.57, ""upper"": 2003.35, ""hist_avg"": 2178.02, ""data_points"": 6}, ""Shopping"": {""forecast"": 1590.35, ""lower"": 1272.28, ""upper"": 1908.42, ""hist_avg"": 1231.09, ""data_points"": 3}, ""Fitness"": {""forecast"": 624.69, ""lower"": 499.75, ""upper"": 749.62, ""hist_avg"": 973.72, ""data_points"": 3}}",Your spending is forecast to decreasing by 65% vs your historical average.,Based on 20 months of data using prophet.,[53529485970047],53529485970047,1,"[{""account_id"": 53529485970047, ""account_name"": ""JCB 16 digit"", ""account_type"": ""Savings"", ""currency_code"": ""USD"", ""spend_forecast"": 395.14, ""spend_lower"": 316.11, ""spend_upper"": 474.17, ""hist_avg_spend"": 1268.68, ""n_months"": 20}]"
USR324Nf,2025-01,20,Single-Tasker,5087.8,0.0,36404.83,prophet,2,0,3,prophet,2543.9,6324.58,2.4,133.33,4,-19.6,decreasing,3715.9,high,"{""Shopping"": {""forecast"": 35856.32, ""lower"": 28685.06, ""upper"": 43027.58, ""hist_avg"": 35818.65, ""data_points"": 3}, ""Housing and Utilities"": {""forecast"": 3981.15, ""lower"": 3184.92, ""upper"": 4777.38, ""hist_avg"": 3967.03, ""data_points"": 3}, ""Gifts"": {""forecast"": 516.89, ""lower"": 413.51, ""upper"": 620.26, ""hist_avg"": 529.17, ""data_points"": 4}}",Your spending is forecast to decreasing by 20% vs your historical average.,Based on 20 months of data using prophet.,[2169306134303862],2169306134303862,1,"[{""account_id"": 2169306134303862, ""account_name"": ""VISA 13 digit"", ""account_type"": ""Checking"", ""currency_code"": ""USD"", ""spend_forecast"": 1179.38, ""spend_lower"": 943.51, ""spend_upper"": 1415.26, ""hist_avg_spend"": 6324.58, ""n_months"": 20}]"
USR329IV,2025-11,25,Single-Tasker,534.4,408.24,653.9,prophet,5,4,7,prophet,106.88,596.34,5.8,89.4,1,-10.4,decreasing,497.8,high,"{""Transportation"": {""forecast"": 512.78, ""lower"": 410.23, ""upper"": 615.34, ""hist_avg"": 511.73, ""data_points"": 24}, ""Groceries"": {""forecast"": 89.4, ""lower"": 71.52, ""upper"": 107.28, ""hist_avg"": 89.4, ""data_points"": 25}, ""Food and Dining"": {""forecast"": 16.33, ""lower"": 13.06, ""upper"": 19.6, ""hist_avg"": 16.33, ""data_points"": 24}}",Your spending is forecast to decreasing by 10% vs your historical average.,Based on 25 months of data using prophet.,[8329462018937927],8329462018937927,1,"[{""account_id"": 8329462018937927, ""account_name"": ""Plaid Checking"", ""account_type"": ""checking depository"", ""currency_code"": ""USD"", ""spend_forecast"": 353.43, ""spend_lower"": 282.74, ""spend_upper"": 424.12, ""hist_avg_spend"": 596.34, ""n_months"": 25}]"
USR329uU,2025-12,4,Low Activity/Trial,19723.64,0.0,44400.31,prophet,24,0,50,prophet,821.82,19782.45,24.5,217.1,2,-0.3,stable,8985.0,medium,"{""Other"": {""forecast"": 30730.85, ""lower"": 24584.68, ""upper"": 36877.02, ""hist_avg"": 24639.77, ""data_points"": 3}, ""Shopping"": {""forecast"": 1713.03, ""lower"": 1370.43, ""upper"": 2055.64, ""hist_avg"": 1779.7, ""data_points"": 2}, ""Food and Dining"": {""forecast"": 349.9, ""lower"": 279.92, ""upper"": 419.88, ""hist_avg"": 406.57, ""data_points"": 3}}",Your spending is forecast to remain stable near your historical average of $19782.,Based on 4 months of data using prophet.,[1076803272100074],1076803272100074,1,"[{""account_id"": 1076803272100074, ""account_name"": ""Brukskonto"", ""account_type"": ""CHECKING"", ""currency_code"": ""NOK"", ""spend_forecast"": 19734.53, ""spend_lower"": 15787.63, ""spend_upper"": 23681.44, ""hist_avg_spend"": 19782.45, ""n_months"": 4}]"
USR331Xb,2025-01,19,Single-Tasker,0.0,0.0,12199.67,prophet,2,0,4,prophet,0.0,3197.68,2.2,1713.89,3,-100.0,decreasing,-100.0,high,"{""Shopping"": {""forecast"": 52325.26, ""lower"": 41860.21, ""upper"": 62790.31, ""hist_avg"": 52325.26, ""data_points"": 1}, ""Fitness"": {""forecast"": 1112.52, ""lower"": 890.01, ""upper"": 1335.02, ""hist_avg"": 526.37, ""data_points"": 6}, ""Travel"": {""forecast"": 576.59, ""lower"": 461.27, ""upper"": 691.91, ""hist_avg"": 855.72, ""data_points"": 2}}",Your spending is forecast to decreasing by 100% vs your historical average.,Based on 19 months of data using prophet.,[8495387043163616],8495387043163616,1,"[{""account_id"": 8495387043163616, ""account_name"": ""JCB 16 digit"", ""account_type"": ""Savings"", ""currency_code"": ""USD"", ""spend_forecast"": 1353.22, ""spend_lower"": 1082.57, ""spend_upper"": 1623.86, ""hist_avg_spend"": 3197.68, ""n_months"": 19}]"
USR332Yp,2025-01,20,Consistent Weekly,11199.05,0.0,27394.96,prophet,2,1,4,prophet,5599.52,3540.01,2.4,63.62,2,216.4,increasing,17503.0,high,"{""Shopping"": {""forecast"": 28253.59, ""lower"": 22602.87, ""upper"": 33904.31, ""hist_avg"": 11926.04, ""data_points"": 5}, ""Housing and Utilities"": {""forecast"": 2437.83, ""lower"": 1950.26, ""upper"": 2925.39, ""hist_avg"": 1646.17, ""data_points"": 3}, ""Travel"": {""forecast"": 190.64, ""lower"": 152.52, ""upper"": 228.77, ""hist_avg"": 429.67, ""data_points"": 4}}",Your spending is forecast to increasing by 216% vs your historical average.,Based on 20 months of data using prophet.,[2849923410397004],2849923410397004,1,"[{""account_id"": 2849923410397004, ""account_name"": ""JCB 16 digit"", ""account_type"": ""Savings"", ""currency_code"": ""USD"", ""spend_forecast"": 18818.44, ""spend_lower"": 15054.75, ""spend_upper"": 22582.13, ""hist_avg_spend"": 3540.01, ""n_months"": 20}]"
USR333eC,2025-10,24,Single-Tasker,1000.0,1000.0,1000.0,prophet,1,1,1,prophet,1000.0,1000.0,1.0,1000.0,1,0.0,stable,0.0,high,"{""Finance"": {""forecast"": 1000.0, ""lower"": 800.0, ""upper"": 1200.0, ""hist_avg"": 1000.0, ""data_points"": 24}}",Your spending is forecast to remain stable near your historical average of $1000.,Based on 24 months of data using prophet.,[696290108317009],696290108317009,1,"[{""account_id"": 696290108317009, ""account_name"": ""Plaid CD"", ""account_type"": ""cd depository"", ""currency_code"": ""USD"", ""spend_forecast"": 1000.0, ""spend_lower"": 800.0, ""spend_upper"": 1200.0, ""hist_avg_spend"": 1000.0, ""n_months"": 24}]"
USR335Sx,2025-01,22,Single-Tasker,1609.39,178.2,3292.85,prophet,3,0,5,prophet,536.46,926.54,2.8,2889.15,2,73.7,increasing,-44.3,high,"{""Housing and Utilities"": {""forecast"": 1410.93, ""lower"": 1128.74, ""upper"": 1693.11, ""hist_avg"": 1395.46, ""data_points"": 6}, ""Travel"": {""forecast"": 507.15, ""lower"": 405.72, ""upper"": 608.58, ""hist_avg"": 391.8, ""data_points"": 6}, ""Personal Hygiene"": {""forecast"": 638.64, ""lower"": 510.91, ""upper"": 766.37, ""hist_avg"": 638.61, ""data_points"": 3}}",Your spending is forecast to increasing by 74% vs your historical average.,Based on 22 months of data using prophet.,[7371891675043951],7371891675043951,1,"[{""account_id"": 7371891675043951, ""account_name"": ""Maestro"", ""account_type"": ""Savings"", ""currency_code"": ""USD"", ""spend_forecast"": 1813.98, ""spend_lower"": 1451.18, ""spend_upper"": 2176.77, ""hist_avg_spend"": 926.54, ""n_months"": 22}]"
USR338ns,2025-11,2,Single-Tasker,200.0,160.0,240.0,wma,1,1,1,wma,200.0,200.0,1.0,200.0,1,0.0,stable,0.0,low,"{""Other"": {""forecast"": 200.0, ""lower"": 160.0, ""upper"": 240.0, ""hist_avg"": 200.0, ""data_points"": 2}}",Your spending is forecast to remain stable near your historical average of $200.,Based on 2 months of data using wma. Treat as indicative only.,[8364950573806945],8364950573806945,1,"[{""account_id"": 8364950573806945, ""account_name"": ""Savings"", ""account_type"": ""SAVINGS"", ""currency_code"": ""EUR"", ""spend_forecast"": 200.0, ""spend_lower"": 160.0, ""spend_upper"": 240.0, ""hist_avg_spend"": 200.0, ""n_months"": 2}]"
USR340wo,2025-11,2,High-Intensity User,5897.42,4717.94,7076.91,wma,47,37,56,wma,125.48,7272.44,53.5,3147.4,33,-18.9,decreasing,87.4,low,"{""Finance"": {""forecast"": 3589.0, ""lower"": 2871.2, ""upper"": 4306.8, ""hist_avg"": 4329.5, ""data_points"": 2}, ""Transportation"": {""forecast"": 777.44, ""lower"": 621.95, ""upper"": 932.93, ""hist_avg"": 1082.66, ""data_points"": 2}, ""Shopping"": {""forecast"": 602.56, ""lower"": 482.05, ""upper"": 723.07, ""hist_avg"": 734.84, ""data_points"": 2}}",Your spending is forecast to decreasing by 19% vs your historical average.,Based on 2 months of data using wma. Treat as indicative only.,[1198953315766337],1198953315766337,1,"[{""account_id"": 1198953315766337, ""account_name"": ""Plaid Current Account"", ""account_type"": ""checking depository"", ""currency_code"": ""GBP"", ""spend_forecast"": 5897.42, ""spend_lower"": 4717.94, ""spend_upper"": 7076.91, ""hist_avg_spend"": 7272.44, ""n_months"": 2}]"
USR342cz,2025-11,13,High-Intensity User,2470.01,1415.9,3566.56,prophet,86,67,107,prophet,28.72,1865.34,61.5,2064.03,66,32.4,increasing,19.7,high,"{""Finance"": {""forecast"": 577.35, ""lower"": 461.88, ""upper"": 692.82, ""hist_avg"": 664.71, ""data_points"": 12}, ""Shopping"": {""forecast"": 445.07, ""lower"": 356.05, ""upper"": 534.08, ""hist_avg"": 343.06, ""data_points"": 13}, ""Other"": {""forecast"": 290.3, ""lower"": 232.24, ""upper"": 348.36, ""hist_avg"": 266.26, ""data_points"": 13}}",Your spending is forecast to increasing by 32% vs your historical average.,Based on 13 months of data using prophet.,[3825238525925817],3825238525925817,1,"[{""account_id"": 3825238525925817, ""account_name"": ""Mastercard"", ""account_type"": ""Checking"", ""currency_code"": ""USD"", ""spend_forecast"": 1768.78, ""spend_lower"": 1415.03, ""spend_upper"": 2122.54, ""hist_avg_spend"": 1865.34, ""n_months"": 13}]"
USR343dk,2025-01,20,Single-Tasker,24125.61,0.0,116100.11,prophet,2,0,3,prophet,12062.81,18707.21,2.1,57.08,1,29.0,increasing,42166.3,high,"{""Shopping"": {""forecast"": 120095.79, ""lower"": 96076.63, ""upper"": 144114.95, ""hist_avg"": 89565.16, ""data_points"": 4}, ""Housing and Utilities"": {""forecast"": 2513.04, ""lower"": 2010.43, ""upper"": 3015.64, ""hist_avg"": 2132.53, ""data_points"": 4}, ""Personal Hygiene"": {""forecast"": 859.31, ""lower"": 687.45, ""upper"": 1031.17, ""hist_avg"": 642.8, ""data_points"": 4}}",Your spending is forecast to increasing by 29% vs your historical average.,Based on 20 months of data using prophet.,[5345704589529914],5345704589529914,1,"[{""account_id"": 5345704589529914, ""account_name"": ""Diners Club / Carte Blanche"", ""account_type"": ""Checking"", ""currency_code"": ""USD"", ""spend_forecast"": 1815.72, ""spend_lower"": 1452.58, ""spend_upper"": 2178.87, ""hist_avg_spend"": 18707.21, ""n_months"": 20}]"
USR350bh,2025-01,20,Single-Tasker,547.56,0.0,1436.7,prophet,2,1,3,prophet,273.78,441.38,1.9,818.65,3,24.1,increasing,-33.1,high,"{""Medical/Dental"": {""forecast"": 759.56, ""lower"": 607.65, ""upper"": 911.48, ""hist_avg"": 630.73, ""data_points"": 4}, ""Gifts"": {""forecast"": 425.89, ""lower"": 340.71, ""upper"": 511.06, ""hist_avg"": 665.74, ""data_points"": 3}, ""Shopping"": {""forecast"": 679.12, ""lower"": 543.29, ""upper"": 814.94, ""hist_avg"": 743.62, ""data_points"": 2}}",Your spending is forecast to increasing by 24% vs your historical average.,Based on 20 months of data using prophet.,[5624025645542408],5624025645542408,1,"[{""account_id"": 5624025645542408, ""account_name"": ""Maestro"", ""account_type"": ""Savings"", ""currency_code"": ""USD"", ""spend_forecast"": 652.08, ""spend_lower"": 521.66, ""spend_upper"": 782.5, ""hist_avg_spend"": 441.38, ""n_months"": 20}]"
USR352dx,2025-10,24,Single-Tasker,5850.0,5850.0,5850.0,prophet,1,1,1,prophet,5850.0,5850.0,1.0,5850.0,1,0.0,stable,0.0,high,"{""Finance"": {""forecast"": 5850.0, ""lower"": 4680.0, ""upper"": 7020.0, ""hist_avg"": 5850.0, ""data_points"": 24}}",Your spending is forecast to remain stable near your historical average of $5850.,Based on 24 months of data using prophet.,[7701331840682174],7701331840682174,1,"[{""account_id"": 7701331840682174, ""account_name"": ""Plaid Money Market"", ""account_type"": ""money market depository"", ""currency_code"": ""USD"", ""spend_forecast"": 5850.0, ""spend_lower"": 4680.0, ""spend_upper"": 7020.0, ""hist_avg_spend"": 5850.0, ""n_months"": 24}]"
USR352pI,2025-11,2,Single-Tasker,200.0,160.0,240.0,wma,1,1,1,wma,200.0,200.0,1.0,200.0,1,0.0,stable,0.0,low,"{""Other"": {""forecast"": 200.0, ""lower"": 160.0, ""upper"": 240.0, ""hist_avg"": 200.0, ""data_points"": 2}}",Your spending is forecast to remain stable near your historical average of $200.,Based on 2 months of data using wma. Treat as indicative only.,[2056328946936910],2056328946936910,1,"[{""account_id"": 2056328946936910, ""account_name"": ""Sparkonto"", ""account_type"": ""SAVINGS"", ""currency_code"": ""EUR"", ""spend_forecast"": 200.0, ""spend_lower"": 160.0, ""spend_upper"": 240.0, ""hist_avg_spend"": 200.0, ""n_months"": 2}]"
USR354Rs,2023-11,1,Healthy Active User,1177.36,941.89,1412.83,segment_median,3,2,4,wma,392.45,3150.0,3.0,3150.0,3,-62.6,decreasing,-62.6,low,"{""Other"": {""forecast"": 3150.0, ""lower"": 2520.0, ""upper"": 3780.0, ""hist_avg"": 3150.0, ""data_points"": 1}}",Your spending is forecast to decreasing by 63% vs your historical average.,Based on 1 months of data using segment_median. Treat as indicative only.,[86517230141686],86517230141686,1,"[{""account_id"": 86517230141686, ""account_name"": ""Checking account 1"", ""account_type"": ""CHECKING"", ""currency_code"": ""CZK"", ""spend_forecast"": 3150.0, ""spend_lower"": 2520.0, ""spend_upper"": 3780.0, ""hist_avg_spend"": 3150.0, ""n_months"": 1}]"
USR360hy,2025-02,23,Single-Tasker,323.04,0.0,2714.13,prophet,2,0,3,prophet,161.52,1228.6,2.2,221.31,1,-73.7,decreasing,46.0,high,"{""Shopping"": {""forecast"": 1159.3, ""lower"": 927.44, ""upper"": 1391.16, ""hist_avg"": 2119.84, ""data_points"": 6}, ""Housing and Utilities"": {""forecast"": 2213.93, ""lower"": 1771.15, ""upper"": 2656.72, ""hist_avg"": 1679.7, ""data_points"": 4}, ""Personal Hygiene"": {""forecast"": 8.63, ""lower"": 6.91, ""upper"": 10.36, ""hist_avg"": 405.48, ""data_points"": 6}}",Your spending is forecast to decreasing by 74% vs your historical average.,Based on 23 months of data using prophet.,[5114885622146222],5114885622146222,1,"[{""account_id"": 5114885622146222, ""account_name"": ""JCB 16 digit"", ""account_type"": ""Savings"", ""currency_code"": ""USD"", ""spend_forecast"": 321.95, ""spend_lower"": 257.56, ""spend_upper"": 386.35, ""hist_avg_spend"": 1228.6, ""n_months"": 23}]"
USR365gu,2025-10,24,Single-Tasker,5850.0,5850.0,5850.0,prophet,1,1,1,prophet,5850.0,5850.0,1.0,5850.0,1,0.0,stable,0.0,high,"{""Finance"": {""forecast"": 5850.0, ""lower"": 4680.0, ""upper"": 7020.0, ""hist_avg"": 5850.0, ""data_points"": 24}}",Your spending is forecast to remain stable near your historical average of $5850.,Based on 24 months of data using prophet.,[1578443599189599],1578443599189599,1,"[{""account_id"": 1578443599189599, ""account_name"": ""Plaid Money Market"", ""account_type"": ""money market depository"", ""currency_code"": ""USD"", ""spend_forecast"": 5850.0, ""spend_lower"": 4680.0, ""spend_upper"": 7020.0, ""hist_avg_spend"": 5850.0, ""n_months"": 24}]"
USR372Mt,2025-02,20,Single-Tasker,0.0,0.0,16716.47,prophet,3,1,4,prophet,0.0,4196.72,2.5,5.84,1,-100.0,decreasing,-100.0,high,"{""Shopping"": {""forecast"": 721.33, ""lower"": 577.06, ""upper"": 865.59, ""hist_avg"": 17647.6, ""data_points"": 4}, ""Housing and Utilities"": {""forecast"": 1799.9, ""lower"": 1439.92, ""upper"": 2159.89, ""hist_avg"": 1384.43, ""data_points"": 4}, ""Travel"": {""forecast"": 148.58, ""lower"": 118.87, ""upper"": 178.3, ""hist_avg"": 403.39, ""data_points"": 5}}",Your spending is forecast to decreasing by 100% vs your historical average.,Based on 20 months of data using prophet.,[4727996583201685],4727996583201685,1,"[{""account_id"": 4727996583201685, ""account_name"": ""VISA 19 digit"", ""account_type"": ""Savings"", ""currency_code"": ""USD"", ""spend_forecast"": 182.03, ""spend_lower"": 145.62, ""spend_upper"": 218.44, ""hist_avg_spend"": 4196.72, ""n_months"": 20}]"
USR375sC,2025-01,21,Single-Tasker,39335.88,0.0,130468.96,prophet,2,0,3,prophet,19667.94,20543.4,1.9,20.14,2,91.5,increasing,195212.2,high,"{""Shopping"": {""forecast"": 156437.11, ""lower"": 125149.69, ""upper"": 187724.53, ""hist_avg"": 70277.54, ""data_points"": 6}, ""Housing and Utilities"": {""forecast"": 69.94, ""lower"": 55.95, ""upper"": 83.93, ""hist_avg"": 793.13, ""data_points"": 4}, ""Medical/Dental"": {""forecast"": 648.07, ""lower"": 518.45, ""upper"": 777.68, ""hist_avg"": 538.66, ""data_points"": 5}}",Your spending is forecast to increasing by 92% vs your historical average.,Based on 21 months of data using prophet.,[6440342709019424],6440342709019424,1,"[{""account_id"": 6440342709019424, ""account_name"": ""VISA 16 digit"", ""account_type"": ""Savings"", ""currency_code"": ""USD"", ""spend_forecast"": 279.96, ""spend_lower"": 223.97, ""spend_upper"": 335.95, ""hist_avg_spend"": 20543.4, ""n_months"": 21}]"
USR376hP,2025-02,25,Single-Tasker,1194.22,244.95,2107.28,prophet,2,1,3,prophet,597.11,679.52,2.1,13.09,1,75.7,increasing,9023.1,high,"{""Fitness"": {""forecast"": 1615.98, ""lower"": 1292.79, ""upper"": 1939.18, ""hist_avg"": 1721.83, ""data_points"": 3}, ""Travel"": {""forecast"": 1216.3, ""lower"": 973.04, ""upper"": 1459.56, ""hist_avg"": 849.73, ""data_points"": 5}, ""Gifts"": {""forecast"": 835.05, ""lower"": 668.04, ""upper"": 1002.06, ""hist_avg"": 639.68, ""data_points"": 3}}",Your spending is forecast to increasing by 76% vs your historical average.,Based on 25 months of data using prophet.,[4984592417211258],4984592417211258,1,"[{""account_id"": 4984592417211258, ""account_name"": ""Diners Club / Carte Blanche"", ""account_type"": ""Checking"", ""currency_code"": ""USD"", ""spend_forecast"": 485.69, ""spend_lower"": 388.55, ""spend_upper"": 582.83, ""hist_avg_spend"": 679.52, ""n_months"": 25}]"
USR380Yw,2025-01,21,Healthy Active User,487.78,0.0,1581.31,prophet,3,1,4,prophet,162.59,724.61,2.5,1827.4,4,-32.7,decreasing,-73.3,high,"{""Personal Hygiene"": {""forecast"": 459.32, ""lower"": 367.46, ""upper"": 551.19, ""hist_avg"": 467.51, ""data_points"": 7}, ""Housing and Utilities"": {""forecast"": 119.7, ""lower"": 95.76, ""upper"": 143.64, ""hist_avg"": 496.85, ""data_points"": 5}, ""Gifts"": {""forecast"": 931.5, ""lower"": 745.2, ""upper"": 1117.8, ""hist_avg"": 1188.95, ""data_points"": 2}}",Your spending is forecast to decreasing by 33% vs your historical average.,Based on 21 months of data using prophet.,[6465636985218047],6465636985218047,1,"[{""account_id"": 6465636985218047, ""account_name"": ""Discover"", ""account_type"": ""Savings"", ""currency_code"": ""USD"", ""spend_forecast"": 1142.86, ""spend_lower"": 914.28, ""spend_upper"": 1371.43, ""hist_avg_spend"": 724.61, ""n_months"": 21}]"
USR383GT,2025-02,23,Single-Tasker,546.1,0.0,2731.58,prophet,2,1,4,prophet,273.05,1078.52,2.5,27.96,1,-49.4,decreasing,1853.1,high,"{""Housing and Utilities"": {""forecast"": 88.62, ""lower"": 70.9, ""upper"": 106.35, ""hist_avg"": 1529.8, ""data_points"": 9}, ""Travel"": {""forecast"": 1080.41, ""lower"": 864.33, ""upper"": 1296.49, ""hist_avg"": 941.71, ""data_points"": 3}, ""Personal Hygiene"": {""forecast"": 210.61, ""lower"": 168.49, ""upper"": 252.74, ""hist_avg"": 586.71, ""data_points"": 4}}",Your spending is forecast to decreasing by 49% vs your historical average.,Based on 23 months of data using prophet.,[4484382288834839],4484382288834839,1,"[{""account_id"": 4484382288834839, ""account_name"": ""JCB 15 digit"", ""account_type"": ""Savings"", ""currency_code"": ""USD"", ""spend_forecast"": 609.65, ""spend_lower"": 487.72, ""spend_upper"": 731.58, ""hist_avg_spend"": 1078.52, ""n_months"": 23}]"
USR388wJ,2025-02,24,Consistent Weekly,47046.7,0.0,109152.26,prophet,2,1,4,prophet,23523.35,15528.7,2.3,1252.62,2,203.0,increasing,3655.9,high,"{""Shopping"": {""forecast"": 99831.43, ""lower"": 79865.14, ""upper"": 119797.71, ""hist_avg"": 58914.18, ""data_points"": 6}, ""Housing and Utilities"": {""forecast"": 781.84, ""lower"": 625.48, ""upper"": 938.21, ""hist_avg"": 1056.14, ""data_points"": 7}, ""Travel"": {""forecast"": 778.25, ""lower"": 622.6, ""upper"": 933.9, ""hist_avg"": 853.94, ""data_points"": 3}}",Your spending is forecast to increasing by 203% vs your historical average.,Based on 24 months of data using prophet.,[3413230594669183],3413230594669183,1,"[{""account_id"": 3413230594669183, ""account_name"": ""VISA 19 digit"", ""account_type"": ""Checking"", ""currency_code"": ""USD"", ""spend_forecast"": 760.9, ""spend_lower"": 608.72, ""spend_upper"": 913.08, ""hist_avg_spend"": 15528.7, ""n_months"": 24}]"
USR395Ke,2025-01,23,Single-Tasker,0.0,0.0,58882.98,prophet,3,1,5,prophet,0.0,15963.53,2.5,9.93,1,-100.0,decreasing,-100.0,high,"{""Shopping"": {""forecast"": 39820.93, ""lower"": 31856.75, ""upper"": 47785.12, ""hist_avg"": 69981.13, ""data_points"": 5}, ""Personal Hygiene"": {""forecast"": 1983.05, ""lower"": 1586.44, ""upper"": 2379.66, ""hist_avg"": 1299.51, ""data_points"": 4}, ""Housing and Utilities"": {""forecast"": 1997.57, ""lower"": 1598.05, ""upper"": 2397.08, ""hist_avg"": 847.92, ""data_points"": 5}}",Your spending is forecast to decreasing by 100% vs your historical average.,Based on 23 months of data using prophet.,[9256222811119772],9256222811119772,1,"[{""account_id"": 9256222811119772, ""account_name"": ""Maestro"", ""account_type"": ""Savings"", ""currency_code"": ""USD"", ""spend_forecast"": 1162.98, ""spend_lower"": 930.39, ""spend_upper"": 1395.58, ""hist_avg_spend"": 15963.53, ""n_months"": 23}]"
USR398Px,2025-12,25,Healthy Active User,1100.17,437.01,1812.11,prophet,54,18,87,prophet,20.37,1205.26,71.9,9.99,3,-8.7,stable,10912.7,high,"{""Shopping"": {""forecast"": 49.67, ""lower"": 39.73, ""upper"": 59.6, ""hist_avg"": 323.15, ""data_points"": 25}, ""Finance"": {""forecast"": 236.51, ""lower"": 189.21, ""upper"": 283.81, ""hist_avg"": 278.87, ""data_points"": 24}, ""Groceries"": {""forecast"": 38.33, ""lower"": 30.66, ""upper"": 45.99, ""hist_avg"": 148.45, ""data_points"": 23}}",Your spending is forecast to remain stable near your historical average of $1205.,Based on 25 months of data using prophet.,[5444480661467789],5444480661467789,1,"[{""account_id"": 5444480661467789, ""account_name"": ""JCB 16 digit"", ""account_type"": ""Savings"", ""currency_code"": ""USD"", ""spend_forecast"": 484.71, ""spend_lower"": 387.77, ""spend_upper"": 581.65, ""hist_avg_spend"": 1205.26, ""n_months"": 25}]"
USR398kh,2025-11,25,Single-Tasker,534.4,417.95,658.5,prophet,5,4,7,prophet,106.88,596.34,5.8,89.4,1,-10.4,decreasing,497.8,high,"{""Transportation"": {""forecast"": 512.78, ""lower"": 410.23, ""upper"": 615.34, ""hist_avg"": 511.73, ""data_points"": 24}, ""Groceries"": {""forecast"": 89.4, ""lower"": 71.52, ""upper"": 107.28, ""hist_avg"": 89.4, ""data_points"": 25}, ""Food and Dining"": {""forecast"": 16.33, ""lower"": 13.06, ""upper"": 19.6, ""hist_avg"": 16.33, ""data_points"": 24}}",Your spending is forecast to decreasing by 10% vs your historical average.,Based on 25 months of data using prophet.,[1738673592492369],1738673592492369,1,"[{""account_id"": 1738673592492369, ""account_name"": ""Plaid Checking"", ""account_type"": ""checking depository"", ""currency_code"": ""CAD"", ""spend_forecast"": 353.43, ""spend_lower"": 282.74, ""spend_upper"": 424.12, ""hist_avg_spend"": 596.34, ""n_months"": 25}]"
USR401fn,2025-02,21,Single-Tasker,1670.03,0.0,4145.82,prophet,2,1,4,prophet,835.01,1348.22,2.7,26.4,1,23.9,increasing,6225.9,high,"{""Housing and Utilities"": {""forecast"": 857.76, ""lower"": 686.21, ""upper"": 1029.32, ""hist_avg"": 1757.1, ""data_points"": 6}, ""Shopping"": {""forecast"": 400.73, ""lower"": 320.59, ""upper"": 480.88, ""hist_avg"": 934.73, ""data_points"": 5}, ""Personal Hygiene"": {""forecast"": 1380.12, ""lower"": 1104.09, ""upper"": 1656.14, ""hist_avg"": 615.78, ""data_points"": 6}}",Your spending is forecast to increasing by 24% vs your historical average.,Based on 21 months of data using prophet.,[7194223533689348],7194223533689348,1,"[{""account_id"": 7194223533689348, ""account_name"": ""VISA 19 digit"", ""account_type"": ""Checking"", ""currency_code"": ""USD"", ""spend_forecast"": 192.07, ""spend_lower"": 153.65, ""spend_upper"": 230.48, ""hist_avg_spend"": 1348.22, ""n_months"": 21}]"
USR415QQ,2025-02,25,Single-Tasker,181.23,0.0,891.92,prophet,2,1,3,prophet,90.61,461.82,1.7,47.03,1,-60.8,decreasing,285.3,high,"{""Personal Hygiene"": {""forecast"": 664.9, ""lower"": 531.92, ""upper"": 797.88, ""hist_avg"": 1181.41, ""data_points"": 4}, ""Travel"": {""forecast"": 1021.48, ""lower"": 817.18, ""upper"": 1225.77, ""hist_avg"": 901.29, ""data_points"": 2}, ""Gifts"": {""forecast"": 214.23, ""lower"": 171.38, ""upper"": 257.08, ""hist_avg"": 280.46, ""data_points"": 4}}",Your spending is forecast to decreasing by 61% vs your historical average.,Based on 25 months of data using prophet.,[8079726737611017],8079726737611017,1,"[{""account_id"": 8079726737611017, ""account_name"": ""JCB 16 digit"", ""account_type"": ""Checking"", ""currency_code"": ""USD"", ""spend_forecast"": 247.54, ""spend_lower"": 198.03, ""spend_upper"": 297.04, ""hist_avg_spend"": 461.82, ""n_months"": 25}]"
USR418ju,2025-02,22,Single-Tasker,2469.02,0.0,31605.43,prophet,3,1,5,prophet,823.01,6114.18,2.6,2960.64,2,-59.6,decreasing,-16.6,high,"{""Shopping"": {""forecast"": 20224.01, ""lower"": 16179.21, ""upper"": 24268.81, ""hist_avg"": 38530.52, ""data_points"": 3}, ""Fitness"": {""forecast"": 1497.17, ""lower"": 1197.73, ""upper"": 1796.6, ""hist_avg"": 1423.66, ""data_points"": 4}, ""Housing and Utilities"": {""forecast"": 366.84, ""lower"": 293.48, ""upper"": 440.21, ""hist_avg"": 873.17, ""data_points"": 5}}",Your spending is forecast to decreasing by 60% vs your historical average.,Based on 22 months of data using prophet.,[4990242242398628],4990242242398628,1,"[{""account_id"": 4990242242398628, ""account_name"": ""Maestro"", ""account_type"": ""Checking"", ""currency_code"": ""USD"", ""spend_forecast"": 1820.17, ""spend_lower"": 1456.14, ""spend_upper"": 2184.21, ""hist_avg_spend"": 6114.18, ""n_months"": 22}]"
USR421bB,2024-12,17,Single-Tasker,8.77,0.0,2211.18,prophet,3,1,5,prophet,2.92,1042.87,2.7,1218.82,2,-99.2,decreasing,-99.3,high,"{""Housing and Utilities"": {""forecast"": 4830.38, ""lower"": 3864.31, ""upper"": 5796.46, ""hist_avg"": 3776.27, ""data_points"": 3}, ""Travel"": {""forecast"": 581.73, ""lower"": 465.38, ""upper"": 698.08, ""hist_avg"": 525.02, ""data_points"": 4}, ""Hobbies"": {""forecast"": 279.38, ""lower"": 223.5, ""upper"": 335.26, ""hist_avg"": 242.42, ""data_points"": 4}}",Your spending is forecast to decreasing by 99% vs your historical average.,Based on 17 months of data using prophet.,[919386953688877],919386953688877,1,"[{""account_id"": 919386953688877, ""account_name"": ""VISA 16 digit"", ""account_type"": ""Savings"", ""currency_code"": ""USD"", ""spend_forecast"": 754.0, ""spend_lower"": 603.2, ""spend_upper"": 904.8, ""hist_avg_spend"": 1042.87, ""n_months"": 17}]"
USR421oQ,2025-01,22,Consistent Weekly,36617.52,0.0,99239.24,prophet,2,1,4,prophet,18308.76,19404.32,2.4,194176.5,4,88.7,increasing,-81.1,high,"{""Shopping"": {""forecast"": 143903.14, ""lower"": 115122.51, ""upper"": 172683.77, ""hist_avg"": 103388.54, ""data_points"": 4}, ""Travel"": {""forecast"": 591.73, ""lower"": 473.38, ""upper"": 710.07, ""hist_avg"": 584.35, ""data_points"": 4}, ""Fitness"": {""forecast"": 2163.36, ""lower"": 1730.69, ""upper"": 2596.03, ""hist_avg"": 2163.36, ""data_points"": 1}}",Your spending is forecast to increasing by 89% vs your historical average.,Based on 22 months of data using prophet.,[4202420362708024],4202420362708024,1,"[{""account_id"": 4202420362708024, ""account_name"": ""American Express"", ""account_type"": ""Checking"", ""currency_code"": ""USD"", ""spend_forecast"": 97094.67, ""spend_lower"": 77675.73, ""spend_upper"": 116513.6, ""hist_avg_spend"": 19404.32, ""n_months"": 22}]"
USR423EB,2025-02,22,Single-Tasker,1902.59,0.0,8336.62,prophet,2,1,4,prophet,951.29,1898.07,2.3,70.93,1,0.2,stable,2582.3,high,"{""Shopping"": {""forecast"": 7315.35, ""lower"": 5852.28, ""upper"": 8778.42, ""hist_avg"": 5692.91, ""data_points"": 4}, ""Housing and Utilities"": {""forecast"": 1232.2, ""lower"": 985.76, ""upper"": 1478.64, ""hist_avg"": 1870.36, ""data_points"": 5}, ""Gifts"": {""forecast"": 134.14, ""lower"": 107.31, ""upper"": 160.97, ""hist_avg"": 429.63, ""data_points"": 6}}",Your spending is forecast to remain stable near your historical average of $1898.,Based on 22 months of data using prophet.,[2117860040110492],2117860040110492,1,"[{""account_id"": 2117860040110492, ""account_name"": ""VISA 16 digit"", ""account_type"": ""Checking"", ""currency_code"": ""USD"", ""spend_forecast"": 216.37, ""spend_lower"": 173.1, ""spend_upper"": 259.65, ""hist_avg_spend"": 1898.07, ""n_months"": 22}]"
USR425DX,2025-02,22,Single-Tasker,1207.85,0.0,2384.3,prophet,2,1,4,prophet,603.92,950.51,2.8,2.02,1,27.1,increasing,59694.6,high,"{""Housing and Utilities"": {""forecast"": 1787.67, ""lower"": 1430.13, ""upper"": 2145.2, ""hist_avg"": 789.27, ""data_points"": 5}, ""Personal Hygiene"": {""forecast"": 485.28, ""lower"": 388.22, ""upper"": 582.33, ""hist_avg"": 583.67, ""data_points"": 5}, ""Fitness"": {""forecast"": 601.95, ""lower"": 481.56, ""upper"": 722.35, ""hist_avg"": 460.37, ""data_points"": 6}}",Your spending is forecast to increasing by 27% vs your historical average.,Based on 22 months of data using prophet.,[5051398843617869],5051398843617869,1,"[{""account_id"": 5051398843617869, ""account_name"": ""JCB 16 digit"", ""account_type"": ""Checking"", ""currency_code"": ""USD"", ""spend_forecast"": 365.45, ""spend_lower"": 292.36, ""spend_upper"": 438.54, ""hist_avg_spend"": 950.51, ""n_months"": 22}]"
USR430vt,2025-01,20,Single-Tasker,1803.98,260.57,3260.35,prophet,2,1,4,prophet,901.99,967.84,2.2,5773.76,1,86.4,increasing,-68.8,high,"{""Housing and Utilities"": {""forecast"": 2959.77, ""lower"": 2367.82, ""upper"": 3551.73, ""hist_avg"": 2013.38, ""data_points"": 3}, ""Gifts"": {""forecast"": 158.05, ""lower"": 126.44, ""upper"": 189.66, ""hist_avg"": 368.99, ""data_points"": 7}, ""Shopping"": {""forecast"": 2546.86, ""lower"": 2037.49, ""upper"": 3056.23, ""hist_avg"": 2546.86, ""data_points"": 1}}",Your spending is forecast to increasing by 86% vs your historical average.,Based on 20 months of data using prophet.,[3523255766543907],3523255766543907,1,"[{""account_id"": 3523255766543907, ""account_name"": ""JCB 16 digit"", ""account_type"": ""Checking"", ""currency_code"": ""USD"", ""spend_forecast"": 2992.3, ""spend_lower"": 2393.84, ""spend_upper"": 3590.76, ""hist_avg_spend"": 967.84, ""n_months"": 20}]"
USR437KX,2025-02,24,Single-Tasker,18956.25,0.0,44483.73,prophet,3,1,5,prophet,6318.75,7315.04,2.8,294.78,1,159.1,increasing,6330.6,high,"{""Shopping"": {""forecast"": 62449.45, ""lower"": 49959.56, ""upper"": 74939.34, ""hist_avg"": 51123.01, ""data_points"": 3}, ""Gifts"": {""forecast"": 286.31, ""lower"": 229.05, ""upper"": 343.58, ""hist_avg"": 974.3, ""data_points"": 9}, ""Housing and Utilities"": {""forecast"": 1069.06, ""lower"": 855.24, ""upper"": 1282.87, ""hist_avg"": 1060.38, ""data_points"": 3}}",Your spending is forecast to increasing by 159% vs your historical average.,Based on 24 months of data using prophet.,[8523595065041672],8523595065041672,1,"[{""account_id"": 8523595065041672, ""account_name"": ""VISA 16 digit"", ""account_type"": ""Savings"", ""currency_code"": ""USD"", ""spend_forecast"": 11672.54, ""spend_lower"": 9338.03, ""spend_upper"": 14007.05, ""hist_avg_spend"": 7315.04, ""n_months"": 24}]"
USR451OQ,2025-01,22,Single-Tasker,34470.24,0.0,92794.26,prophet,2,0,4,prophet,17235.12,13508.94,2.5,29.42,1,155.2,increasing,117066.0,high,"{""Shopping"": {""forecast"": 111904.73, ""lower"": 89523.79, ""upper"": 134285.68, ""hist_avg"": 55658.73, ""data_points"": 5}, ""Fitness"": {""forecast"": 692.18, ""lower"": 553.75, ""upper"": 830.62, ""hist_avg"": 822.07, ""data_points"": 6}, ""Housing and Utilities"": {""forecast"": 3539.58, ""lower"": 2831.66, ""upper"": 4247.5, ""hist_avg"": 3539.58, ""data_points"": 1}}",Your spending is forecast to increasing by 155% vs your historical average.,Based on 22 months of data using prophet.,[5574944151033046],5574944151033046,1,"[{""account_id"": 5574944151033046, ""account_name"": ""JCB 16 digit"", ""account_type"": ""Savings"", ""currency_code"": ""USD"", ""spend_forecast"": 75818.17, ""spend_lower"": 60654.54, ""spend_upper"": 90981.8, ""hist_avg_spend"": 13508.94, ""n_months"": 22}]"
USR451il,2025-10,24,Single-Tasker,5850.0,5850.0,5850.0,prophet,1,1,1,prophet,5850.0,5850.0,1.0,5850.0,1,0.0,stable,0.0,high,"{""Finance"": {""forecast"": 5850.0, ""lower"": 4680.0, ""upper"": 7020.0, ""hist_avg"": 5850.0, ""data_points"": 24}}",Your spending is forecast to remain stable near your historical average of $5850.,Based on 24 months of data using prophet.,[3817672132399883],3817672132399883,1,"[{""account_id"": 3817672132399883, ""account_name"": ""Plaid Money Market"", ""account_type"": ""money market depository"", ""currency_code"": ""USD"", ""spend_forecast"": 5850.0, ""spend_lower"": 4680.0, ""spend_upper"": 7020.0, ""hist_avg_spend"": 5850.0, ""n_months"": 24}]"
USR461nX,2025-02,23,Single-Tasker,0.0,0.0,39559.44,prophet,3,2,4,prophet,0.0,10928.31,2.1,60.64,1,-100.0,decreasing,-100.0,high,"{""Shopping"": {""forecast"": 2458.97, ""lower"": 1967.17, ""upper"": 2950.76, ""hist_avg"": 60767.19, ""data_points"": 4}, ""Fitness"": {""forecast"": 905.85, ""lower"": 724.68, ""upper"": 1087.02, ""hist_avg"": 583.02, ""data_points"": 6}, ""Travel"": {""forecast"": 125.81, ""lower"": 100.65, ""upper"": 150.98, ""hist_avg"": 333.14, ""data_points"": 5}}",Your spending is forecast to decreasing by 100% vs your historical average.,Based on 23 months of data using prophet.,[6517352269108317],6517352269108317,1,"[{""account_id"": 6517352269108317, ""account_name"": ""VISA 16 digit"", ""account_type"": ""Checking"", ""currency_code"": ""USD"", ""spend_forecast"": 1770.21, ""spend_lower"": 1416.17, ""spend_upper"": 2124.25, ""hist_avg_spend"": 10928.31, ""n_months"": 23}]"
USR463UE,2025-11,2,Single-Tasker,200.0,160.0,240.0,wma,1,1,1,wma,200.0,200.0,1.0,200.0,1,0.0,stable,0.0,low,"{""Shopping"": {""forecast"": 200.0, ""lower"": 160.0, ""upper"": 240.0, ""hist_avg"": 200.0, ""data_points"": 2}}",Your spending is forecast to remain stable near your historical average of $200.,Based on 2 months of data using wma. Treat as indicative only.,[8565222433079516],8565222433079516,1,"[{""account_id"": 8565222433079516, ""account_name"": ""Checking account"", ""account_type"": ""SAVINGS"", ""currency_code"": ""EUR"", ""spend_forecast"": 200.0, ""spend_lower"": 160.0, ""spend_upper"": 240.0, ""hist_avg_spend"": 200.0, ""n_months"": 2}]"
USR465GL,2025-02,25,Consistent Weekly,840.39,0.0,3278.77,prophet,3,1,4,prophet,280.13,920.08,2.3,111.29,2,-8.7,stable,655.1,high,"{""Housing and Utilities"": {""forecast"": 2974.39, ""lower"": 2379.51, ""upper"": 3569.26, ""hist_avg"": 1592.02, ""data_points"": 5}, ""Personal Hygiene"": {""forecast"": 1936.11, ""lower"": 1548.89, ""upper"": 2323.33, ""hist_avg"": 1584.07, ""data_points"": 5}, ""Fitness"": {""forecast"": 683.28, ""lower"": 546.62, ""upper"": 819.93, ""hist_avg"": 473.8, ""data_points"": 5}}",Your spending is forecast to remain stable near your historical average of $920.,Based on 25 months of data using prophet.,[7187442304170327],7187442304170327,1,"[{""account_id"": 7187442304170327, ""account_name"": ""Discover"", ""account_type"": ""Checking"", ""currency_code"": ""USD"", ""spend_forecast"": 287.94, ""spend_lower"": 230.35, ""spend_upper"": 345.53, ""hist_avg_spend"": 920.08, ""n_months"": 25}]"
USR465Of,2025-02,25,Consistent Weekly,1620.62,25.62,3366.54,prophet,2,1,4,prophet,810.31,787.0,1.9,767.26,1,105.9,increasing,111.2,high,"{""Housing and Utilities"": {""forecast"": 3032.5, ""lower"": 2426.0, ""upper"": 3639.01, ""hist_avg"": 1415.08, ""data_points"": 5}, ""Shopping"": {""forecast"": 1311.88, ""lower"": 1049.5, ""upper"": 1574.25, ""hist_avg"": 1910.92, ""data_points"": 3}, ""Fitness"": {""forecast"": 794.58, ""lower"": 635.66, ""upper"": 953.5, ""hist_avg"": 457.65, ""data_points"": 4}}",Your spending is forecast to increasing by 106% vs your historical average.,Based on 25 months of data using prophet.,[7987964227152055],7987964227152055,1,"[{""account_id"": 7987964227152055, ""account_name"": ""Diners Club / Carte Blanche"", ""account_type"": ""Savings"", ""currency_code"": ""USD"", ""spend_forecast"": 616.71, ""spend_lower"": 493.37, ""spend_upper"": 740.06, ""hist_avg_spend"": 787.0, ""n_months"": 25}]"
USR466ol,2024-12,18,Single-Tasker,14989.14,0.0,30295.02,prophet,3,2,5,prophet,4996.38,4194.7,2.4,2079.39,3,257.3,increasing,620.8,high,"{""Shopping"": {""forecast"": 30519.78, ""lower"": 24415.83, ""upper"": 36623.74, ""hist_avg"": 20968.03, ""data_points"": 3}, ""Personal Hygiene"": {""forecast"": 1128.33, ""lower"": 902.66, ""upper"": 1353.99, ""hist_avg"": 493.92, ""data_points"": 7}, ""Travel"": {""forecast"": 579.84, ""lower"": 463.87, ""upper"": 695.81, ""hist_avg"": 477.99, ""data_points"": 6}}",Your spending is forecast to increasing by 257% vs your historical average.,Based on 18 months of data using prophet.,[681925541759447],681925541759447,1,"[{""account_id"": 681925541759447, ""account_name"": ""American Express"", ""account_type"": ""Savings"", ""currency_code"": ""USD"", ""spend_forecast"": 21715.05, ""spend_lower"": 17372.04, ""spend_upper"": 26058.06, ""hist_avg_spend"": 4194.7, ""n_months"": 18}]"
USR470Uv,2025-11,25,Single-Tasker,25.25,19.38,31.16,prophet,2,2,2,prophet,12.62,28.22,2.0,4.22,1,-10.5,decreasing,498.3,high,"{""Finance"": {""forecast"": 16.72, ""lower"": 13.38, ""upper"": 20.06, ""hist_avg"": 28.22, ""data_points"": 25}}",Your spending is forecast to decreasing by 10% vs your historical average.,Based on 25 months of data using prophet.,[7533070098837544],7533070098837544,1,"[{""account_id"": 7533070098837544, ""account_name"": ""Plaid Saving"", ""account_type"": ""savings depository"", ""currency_code"": ""USD"", ""spend_forecast"": 16.72, ""spend_lower"": 13.38, ""spend_upper"": 20.06, ""hist_avg_spend"": 28.22, ""n_months"": 25}]"
USR471zI,2025-11,1,Single-Tasker,541.95,433.56,650.34,segment_median,1,1,1,wma,541.95,4.22,1.0,4.22,1,12742.4,increasing,12742.4,low,"{""Finance"": {""forecast"": 4.22, ""lower"": 3.38, ""upper"": 5.06, ""hist_avg"": 4.22, ""data_points"": 1}}",Your spending is forecast to increasing by 12742% vs your historical average.,Based on 1 months of data using segment_median. Treat as indicative only.,[3822805229673985],3822805229673985,1,"[{""account_id"": 3822805229673985, ""account_name"": ""Plaid Saving"", ""account_type"": ""savings depository"", ""currency_code"": ""GBP"", ""spend_forecast"": 4.22, ""spend_lower"": 3.38, ""spend_upper"": 5.06, ""hist_avg_spend"": 4.22, ""n_months"": 1}]"
USR472to,2024-11,20,Single-Tasker,1050.95,0.0,2466.73,prophet,2,1,3,prophet,525.48,772.78,2.4,112.47,1,36.0,increasing,834.4,high,"{""Shopping"": {""forecast"": 2144.8, ""lower"": 1715.84, ""upper"": 2573.76, ""hist_avg"": 1720.06, ""data_points"": 5}, ""Travel"": {""forecast"": 367.52, ""lower"": 294.01, ""upper"": 441.02, ""hist_avg"": 325.41, ""data_points"": 5}, ""Medical/Dental"": {""forecast"": 286.19, ""lower"": 228.95, ""upper"": 343.43, ""hist_avg"": 335.06, ""data_points"": 4}}",Your spending is forecast to increasing by 36% vs your historical average.,Based on 20 months of data using prophet.,[2588374851708596],2588374851708596,1,"[{""account_id"": 2588374851708596, ""account_name"": ""Maestro"", ""account_type"": ""Checking"", ""currency_code"": ""USD"", ""spend_forecast"": 307.62, ""spend_lower"": 246.1, ""spend_upper"": 369.14, ""hist_avg_spend"": 772.78, ""n_months"": 20}]"
USR473tw,2025-01,16,Single-Tasker,17688.1,0.0,39890.68,prophet,3,2,4,prophet,5896.03,5065.79,2.2,482.9,2,249.2,increasing,3562.9,high,"{""Shopping"": {""forecast"": 48506.53, ""lower"": 38805.22, ""upper"": 58207.84, ""hist_avg"": 36457.33, ""data_points"": 2}, ""Personal Hygiene"": {""forecast"": 565.27, ""lower"": 452.21, ""upper"": 678.32, ""hist_avg"": 809.78, ""data_points"": 3}, ""Housing and Utilities"": {""forecast"": 123.92, ""lower"": 99.14, ""upper"": 148.7, ""hist_avg"": 399.65, ""data_points"": 6}}",Your spending is forecast to increasing by 249% vs your historical average.,Based on 16 months of data using prophet.,[6184261160522297],6184261160522297,1,"[{""account_id"": 6184261160522297, ""account_name"": ""JCB 16 digit"", ""account_type"": ""Checking"", ""currency_code"": ""USD"", ""spend_forecast"": 24538.45, ""spend_lower"": 19630.76, ""spend_upper"": 29446.14, ""hist_avg_spend"": 5065.79, ""n_months"": 16}]"
USR478AY,2025-02,22,Single-Tasker,18706.99,0.0,68766.88,prophet,2,1,4,prophet,9353.5,8965.65,2.4,4855.08,2,108.7,increasing,285.3,high,"{""Shopping"": {""forecast"": 60439.76, ""lower"": 48351.8, ""upper"": 72527.71, ""hist_avg"": 60492.68, ""data_points"": 3}, ""Housing and Utilities"": {""forecast"": 787.18, ""lower"": 629.74, ""upper"": 944.61, ""hist_avg"": 940.82, ""data_points"": 5}, ""Fitness"": {""forecast"": 777.61, ""lower"": 622.09, ""upper"": 933.13, ""hist_avg"": 652.1, ""data_points"": 7}}",Your spending is forecast to increasing by 109% vs your historical average.,Based on 22 months of data using prophet.,[9900112423294341],9900112423294341,1,"[{""account_id"": 9900112423294341, ""account_name"": ""Maestro"", ""account_type"": ""Checking"", ""currency_code"": ""USD"", ""spend_forecast"": 2532.64, ""spend_lower"": 2026.11, ""spend_upper"": 3039.16, ""hist_avg_spend"": 8965.65, ""n_months"": 22}]"
USR479Ei,2025-02,21,Single-Tasker,16461.12,0.0,54505.96,prophet,2,1,3,prophet,8230.56,10320.32,2.1,217.95,1,59.5,increasing,7452.7,high,"{""Shopping"": {""forecast"": 89485.04, ""lower"": 71588.03, ""upper"": 107382.04, ""hist_avg"": 66763.06, ""data_points"": 3}, ""Housing and Utilities"": {""forecast"": 1774.78, ""lower"": 1419.83, ""upper"": 2129.74, ""hist_avg"": 1888.44, ""data_points"": 4}, ""Travel"": {""forecast"": 753.64, ""lower"": 602.91, ""upper"": 904.37, ""hist_avg"": 704.29, ""data_points"": 5}}",Your spending is forecast to increasing by 60% vs your historical average.,Based on 21 months of data using prophet.,[9389130119020628],9389130119020628,1,"[{""account_id"": 9389130119020628, ""account_name"": ""JCB 15 digit"", ""account_type"": ""Checking"", ""currency_code"": ""USD"", ""spend_forecast"": 175.09, ""spend_lower"": 140.07, ""spend_upper"": 210.11, ""hist_avg_spend"": 10320.32, ""n_months"": 21}]"
USR486wN,2025-11,2,Healthy Active User,1542.83,1234.27,1851.4,wma,3,2,3,wma,514.28,2064.25,3.5,500.0,1,-25.3,decreasing,208.6,low,"{""Finance"": {""forecast"": 2103.5, ""lower"": 1682.8, ""upper"": 2524.2, ""hist_avg"": 2103.5, ""data_points"": 1}, ""Transportation"": {""forecast"": 500.0, ""lower"": 400.0, ""upper"": 600.0, ""hist_avg"": 500.0, ""data_points"": 2}, ""Shopping"": {""forecast"": 525.0, ""lower"": 420.0, ""upper"": 630.0, ""hist_avg"": 525.0, ""data_points"": 1}}",Your spending is forecast to decreasing by 25% vs your historical average.,Based on 2 months of data using wma. Treat as indicative only.,[3078405587064632],3078405587064632,1,"[{""account_id"": 3078405587064632, ""account_name"": ""Plaid Credit Card"", ""account_type"": ""credit card credit"", ""currency_code"": ""GBP"", ""spend_forecast"": 1542.83, ""spend_lower"": 1234.27, ""spend_upper"": 1851.4, ""hist_avg_spend"": 2064.25, ""n_months"": 2}]"
USR489hA,2025-02,22,Consistent Weekly,14736.45,0.0,58700.95,prophet,2,1,4,prophet,7368.23,8339.19,2.5,117.01,2,76.7,increasing,12494.2,high,"{""Shopping"": {""forecast"": 171548.07, ""lower"": 137238.46, ""upper"": 205857.68, ""hist_avg"": 171548.07, ""data_points"": 1}, ""Fitness"": {""forecast"": 514.16, ""lower"": 411.33, ""upper"": 616.99, ""hist_avg"": 645.66, ""data_points"": 5}, ""Medical/Dental"": {""forecast"": 363.79, ""lower"": 291.03, ""upper"": 436.55, ""hist_avg"": 410.72, ""data_points"": 6}}",Your spending is forecast to increasing by 77% vs your historical average.,Based on 22 months of data using prophet.,[7975352599335891],7975352599335891,1,"[{""account_id"": 7975352599335891, ""account_name"": ""Mastercard"", ""account_type"": ""Checking"", ""currency_code"": ""USD"", ""spend_forecast"": 195.37, ""spend_lower"": 156.3, ""spend_upper"": 234.45, ""hist_avg_spend"": 8339.19, ""n_months"": 22}]"
USR489ka,2025-01,23,Single-Tasker,10789.22,0.0,24503.56,prophet,4,2,5,prophet,2697.3,3424.71,2.6,3610.21,2,215.0,increasing,198.9,high,"{""Shopping"": {""forecast"": 28255.0, ""lower"": 22604.0, ""upper"": 33906.0, ""hist_avg"": 10313.19, ""data_points"": 6}, ""Housing and Utilities"": {""forecast"": 4116.47, ""lower"": 3293.18, ""upper"": 4939.77, ""hist_avg"": 4372.05, ""data_points"": 2}, ""Transportation"": {""forecast"": 117.11, ""lower"": 93.69, ""upper"": 140.53, ""hist_avg"": 286.14, ""data_points"": 8}}",Your spending is forecast to increasing by 215% vs your historical average.,Based on 23 months of data using prophet.,[1073907659342968],1073907659342968,1,"[{""account_id"": 1073907659342968, ""account_name"": ""VISA 16 digit"", ""account_type"": ""Checking"", ""currency_code"": ""USD"", ""spend_forecast"": 20442.32, ""spend_lower"": 16353.86, ""spend_upper"": 24530.79, ""hist_avg_spend"": 3424.71, ""n_months"": 23}]"
USR491Th,2025-02,23,Single-Tasker,0.0,0.0,39023.81,prophet,2,1,3,prophet,0.0,8911.87,1.7,127.36,1,-100.0,decreasing,-100.0,high,"{""Shopping"": {""forecast"": 196369.28, ""lower"": 157095.42, ""upper"": 235643.14, ""hist_avg"": 196369.28, ""data_points"": 1}, ""Fitness"": {""forecast"": 473.91, ""lower"": 379.13, ""upper"": 568.69, ""hist_avg"": 540.25, ""data_points"": 3}, ""Medical/Dental"": {""forecast"": 373.95, ""lower"": 299.16, ""upper"": 448.74, ""hist_avg"": 368.49, ""data_points"": 4}}",Your spending is forecast to decreasing by 100% vs your historical average.,Based on 23 months of data using prophet.,[1643016443890993],1643016443890993,1,"[{""account_id"": 1643016443890993, ""account_name"": ""Discover"", ""account_type"": ""Savings"", ""currency_code"": ""USD"", ""spend_forecast"": 325.79, ""spend_lower"": 260.63, ""spend_upper"": 390.94, ""hist_avg_spend"": 8911.87, ""n_months"": 23}]"
USR493ow,2025-12,4,Low Activity/Trial,1754.76,0.0,3917.86,prophet,19,0,41,prophet,92.36,1943.52,24.5,21.71,2,-9.7,stable,7982.7,medium,"{""Other"": {""forecast"": 1595.83, ""lower"": 1276.66, ""upper"": 1915.0, ""hist_avg"": 1652.3, ""data_points"": 4}, ""Finance"": {""forecast"": 200.0, ""lower"": 160.0, ""upper"": 240.0, ""hist_avg"": 200.0, ""data_points"": 2}, ""Transportation"": {""forecast"": 116.91, ""lower"": 93.53, ""upper"": 140.29, ""hist_avg"": 101.3, ""data_points"": 3}}",Your spending is forecast to remain stable near your historical average of $1944.,Based on 4 months of data using prophet.,[4177499693018418],4177499693018418,1,"[{""account_id"": 4177499693018418, ""account_name"": ""Conta Ordem"", ""account_type"": ""CHECKING"", ""currency_code"": ""EUR"", ""spend_forecast"": 1873.47, ""spend_lower"": 1498.78, ""spend_upper"": 2248.16, ""hist_avg_spend"": 1943.52, ""n_months"": 4}]"
USR494kt,2025-01,19,Single-Tasker,0.0,0.0,62618.37,prophet,1,0,3,prophet,0.0,26229.78,2.1,50.39,2,-100.0,decreasing,-100.0,high,"{""Shopping"": {""forecast"": 63067.38, ""lower"": 50453.9, ""upper"": 75680.85, ""hist_avg"": 96669.89, ""data_points"": 5}, ""Housing and Utilities"": {""forecast"": 1978.98, ""lower"": 1583.19, ""upper"": 2374.78, ""hist_avg"": 2387.62, ""data_points"": 3}, ""Travel"": {""forecast"": 164.46, ""lower"": 131.57, ""upper"": 197.35, ""hist_avg"": 441.94, ""data_points"": 4}}",Your spending is forecast to decreasing by 100% vs your historical average.,Based on 19 months of data using prophet.,[7037069116667881],7037069116667881,1,"[{""account_id"": 7037069116667881, ""account_name"": ""Mastercard"", ""account_type"": ""Savings"", ""currency_code"": ""USD"", ""spend_forecast"": 64.75, ""spend_lower"": 51.8, ""spend_upper"": 77.69, ""hist_avg_spend"": 26229.78, ""n_months"": 19}]"
USR495Vi,2025-01,22,Single-Tasker,42661.01,0.0,119382.04,prophet,3,1,4,prophet,14220.34,13964.92,2.4,95.47,1,205.5,increasing,44585.3,high,"{""Shopping"": {""forecast"": 146888.85, ""lower"": 117511.08, ""upper"": 176266.62, ""hist_avg"": 73869.81, ""data_points"": 4}, ""Travel"": {""forecast"": 383.59, ""lower"": 306.87, ""upper"": 460.31, ""hist_avg"": 662.77, ""data_points"": 5}, ""Fitness"": {""forecast"": 892.61, ""lower"": 714.09, ""upper"": 1071.13, ""hist_avg"": 521.88, ""data_points"": 6}}",Your spending is forecast to increasing by 206% vs your historical average.,Based on 22 months of data using prophet.,[6028934057594631],6028934057594631,1,"[{""account_id"": 6028934057594631, ""account_name"": ""Maestro"", ""account_type"": ""Savings"", ""currency_code"": ""USD"", ""spend_forecast"": 83.8, ""spend_lower"": 67.04, ""spend_upper"": 100.55, ""hist_avg_spend"": 13964.92, ""n_months"": 22}]"
USR495mL,2025-12,4,Low Activity/Trial,2045.69,0.0,4496.8,prophet,21,0,45,prophet,97.41,2130.07,24.5,24.32,2,-4.0,stable,8311.6,medium,"{""Other"": {""forecast"": 1938.95, ""lower"": 1551.16, ""upper"": 2326.74, ""hist_avg"": 1969.87, ""data_points"": 4}, ""Shopping"": {""forecast"": 127.86, ""lower"": 102.29, ""upper"": 153.43, ""hist_avg"": 168.74, ""data_points"": 3}, ""Food and Dining"": {""forecast"": 23.26, ""lower"": 18.61, ""upper"": 27.91, ""hist_avg"": 21.22, ""data_points"": 3}}",Your spending is forecast to remain stable near your historical average of $2130.,Based on 4 months of data using prophet.,[78958334436308],78958334436308,1,"[{""account_id"": 78958334436308, ""account_name"": ""Einamoji s\u0105skaita"", ""account_type"": ""CHECKING"", ""currency_code"": ""EUR"", ""spend_forecast"": 2097.19, ""spend_lower"": 1677.75, ""spend_upper"": 2516.62, ""hist_avg_spend"": 2130.07, ""n_months"": 4}]"
USR496UB,2025-01,22,Consistent Weekly,2481.81,258.07,4655.68,prophet,4,2,6,prophet,620.45,1329.02,2.8,2981.06,5,86.7,increasing,-16.7,high,"{""Housing and Utilities"": {""forecast"": 1573.34, ""lower"": 1258.67, ""upper"": 1888.01, ""hist_avg"": 2314.39, ""data_points"": 5}, ""Shopping"": {""forecast"": 905.87, ""lower"": 724.7, ""upper"": 1087.05, ""hist_avg"": 1029.53, ""data_points"": 4}, ""Travel"": {""forecast"": 999.18, ""lower"": 799.34, ""upper"": 1199.02, ""hist_avg"": 999.98, ""data_points"": 3}}",Your spending is forecast to increasing by 87% vs your historical average.,Based on 22 months of data using prophet.,[27434923585791],27434923585791,1,"[{""account_id"": 27434923585791, ""account_name"": ""Mastercard"", ""account_type"": ""Savings"", ""currency_code"": ""USD"", ""spend_forecast"": 3298.28, ""spend_lower"": 2638.63, ""spend_upper"": 3957.94, ""hist_avg_spend"": 1329.02, ""n_months"": 22}]"
USR500hm,2025-02,22,Consistent Weekly,18336.59,0.0,102281.57,prophet,2,1,3,prophet,9168.3,15563.32,2.0,113.19,2,17.8,increasing,16099.8,high,"{""Shopping"": {""forecast"": 221025.65, ""lower"": 176820.52, ""upper"": 265230.78, ""hist_avg"": 166060.03, ""data_points"": 2}, ""Housing and Utilities"": {""forecast"": 60.76, ""lower"": 48.61, ""upper"": 72.91, ""hist_avg"": 734.93, ""data_points"": 5}, ""Fitness"": {""forecast"": 216.24, ""lower"": 172.99, ""upper"": 259.49, ""hist_avg"": 271.91, ""data_points"": 5}}",Your spending is forecast to increasing by 18% vs your historical average.,Based on 22 months of data using prophet.,[3406664646808167],3406664646808167,1,"[{""account_id"": 3406664646808167, ""account_name"": ""JCB 15 digit"", ""account_type"": ""Checking"", ""currency_code"": ""USD"", ""spend_forecast"": 144.2, ""spend_lower"": 115.36, ""spend_upper"": 173.04, ""hist_avg_spend"": 15563.32, ""n_months"": 22}]"
USR507pL,2025-11,25,Single-Tasker,25.25,19.55,31.26,prophet,2,2,2,prophet,12.62,28.22,2.0,4.22,1,-10.5,decreasing,498.3,high,"{""Finance"": {""forecast"": 16.72, ""lower"": 13.38, ""upper"": 20.06, ""hist_avg"": 28.22, ""data_points"": 25}}",Your spending is forecast to decreasing by 10% vs your historical average.,Based on 25 months of data using prophet.,[6009507956600498],6009507956600498,1,"[{""account_id"": 6009507956600498, ""account_name"": ""Plaid Saving"", ""account_type"": ""savings depository"", ""currency_code"": ""USD"", ""spend_forecast"": 16.72, ""spend_lower"": 13.38, ""spend_upper"": 20.06, ""hist_avg_spend"": 28.22, ""n_months"": 25}]"
USR510PJ,2025-10,24,Single-Tasker,5850.0,5850.0,5850.0,prophet,1,1,1,prophet,5850.0,5850.0,1.0,5850.0,1,0.0,stable,0.0,high,"{""Finance"": {""forecast"": 5850.0, ""lower"": 4680.0, ""upper"": 7020.0, ""hist_avg"": 5850.0, ""data_points"": 24}}",Your spending is forecast to remain stable near your historical average of $5850.,Based on 24 months of data using prophet.,[6327975332103420],6327975332103420,1,"[{""account_id"": 6327975332103420, ""account_name"": ""Plaid Money Market"", ""account_type"": ""money market depository"", ""currency_code"": ""USD"", ""spend_forecast"": 5850.0, ""spend_lower"": 4680.0, ""spend_upper"": 7020.0, ""hist_avg_spend"": 5850.0, ""n_months"": 24}]"
USR511YG,2025-01,21,Consistent Weekly,9189.91,0.0,21414.93,prophet,2,0,4,prophet,4594.95,2821.89,2.1,143.44,2,225.7,increasing,6306.8,high,"{""Shopping"": {""forecast"": 23860.39, ""lower"": 19088.31, ""upper"": 28632.46, ""hist_avg"": 8552.55, ""data_points"": 6}, ""Housing and Utilities"": {""forecast"": 1198.73, ""lower"": 958.99, ""upper"": 1438.48, ""hist_avg"": 1766.87, ""data_points"": 2}, ""Travel"": {""forecast"": 598.06, ""lower"": 478.45, ""upper"": 717.67, ""hist_avg"": 494.42, ""data_points"": 3}}",Your spending is forecast to increasing by 226% vs your historical average.,Based on 21 months of data using prophet.,[9192896743314302],9192896743314302,1,"[{""account_id"": 9192896743314302, ""account_name"": ""Maestro"", ""account_type"": ""Savings"", ""currency_code"": ""USD"", ""spend_forecast"": 15949.05, ""spend_lower"": 12759.24, ""spend_upper"": 19138.86, ""hist_avg_spend"": 2821.89, ""n_months"": 21}]"
USR514Mj,2025-10,1,Single-Tasker,541.95,433.56,650.34,segment_median,1,1,1,wma,541.95,1000.0,1.0,1000.0,1,-45.8,decreasing,-45.8,low,"{""Finance"": {""forecast"": 1000.0, ""lower"": 800.0, ""upper"": 1200.0, ""hist_avg"": 1000.0, ""data_points"": 1}}",Your spending is forecast to decreasing by 46% vs your historical average.,Based on 1 months of data using segment_median. Treat as indicative only.,[7019266951689704],7019266951689704,1,"[{""account_id"": 7019266951689704, ""account_name"": ""Plaid Business Current Account"", ""account_type"": ""checking depository"", ""currency_code"": ""GBP"", ""spend_forecast"": 1000.0, ""spend_lower"": 800.0, ""spend_upper"": 1200.0, ""hist_avg_spend"": 1000.0, ""n_months"": 1}]"
USR525bL,2025-10,24,Single-Tasker,5850.0,5850.0,5850.0,prophet,1,1,1,prophet,5850.0,5850.0,1.0,5850.0,1,0.0,stable,0.0,high,"{""Finance"": {""forecast"": 5850.0, ""lower"": 4680.0, ""upper"": 7020.0, ""hist_avg"": 5850.0, ""data_points"": 24}}",Your spending is forecast to remain stable near your historical average of $5850.,Based on 24 months of data using prophet.,[7408292713444684],7408292713444684,1,"[{""account_id"": 7408292713444684, ""account_name"": ""Plaid Money Market"", ""account_type"": ""money market depository"", ""currency_code"": ""USD"", ""spend_forecast"": 5850.0, ""spend_lower"": 4680.0, ""spend_upper"": 7020.0, ""hist_avg_spend"": 5850.0, ""n_months"": 24}]"
USR526Ci,2025-12,4,Low Activity/Trial,1913.3,0.0,4271.38,prophet,24,0,49,prophet,79.72,1932.82,24.5,21.71,2,-1.0,stable,8713.0,medium,"{""Other"": {""forecast"": 1839.08, ""lower"": 1471.27, ""upper"": 2206.9, ""hist_avg"": 1847.09, ""data_points"": 4}, ""Shopping"": {""forecast"": 84.38, ""lower"": 67.51, ""upper"": 101.26, ""hist_avg"": 68.6, ""data_points"": 3}, ""Entertainment"": {""forecast"": 29.98, ""lower"": 23.98, ""upper"": 35.98, ""hist_avg"": 29.98, ""data_points"": 2}}",Your spending is forecast to remain stable near your historical average of $1933.,Based on 4 months of data using prophet.,[9917427141037396],9917427141037396,1,"[{""account_id"": 9917427141037396, ""account_name"": ""Conto Corrente"", ""account_type"": ""CHECKING"", ""currency_code"": ""EUR"", ""spend_forecast"": 1923.45, ""spend_lower"": 1538.76, ""spend_upper"": 2308.14, ""hist_avg_spend"": 1932.82, ""n_months"": 4}]"
USR526MW,2025-12,4,Low Activity/Trial,1911.74,0.0,4096.48,prophet,24,0,51,prophet,79.66,1933.62,24.5,21.71,2,-1.1,stable,8705.8,medium,"{""Other"": {""forecast"": 1750.94, ""lower"": 1400.75, ""upper"": 2101.12, ""hist_avg"": 1752.12, ""data_points"": 4}, ""Groceries"": {""forecast"": 129.96, ""lower"": 103.97, ""upper"": 155.95, ""hist_avg"": 134.95, ""data_points"": 2}, ""Shopping"": {""forecast"": 94.62, ""lower"": 75.7, ""upper"": 113.55, ""hist_avg"": 80.5, ""data_points"": 3}}",Your spending is forecast to remain stable near your historical average of $1934.,Based on 4 months of data using prophet.,[7933048680356660],7933048680356660,1,"[{""account_id"": 7933048680356660, ""account_name"": ""Compte courant"", ""account_type"": ""CHECKING"", ""currency_code"": ""EUR"", ""spend_forecast"": 1923.45, ""spend_lower"": 1538.76, ""spend_upper"": 2308.14, ""hist_avg_spend"": 1933.62, ""n_months"": 4}]"
USR530Nq,2025-11,25,Healthy Active User,3980.95,2381.18,5669.99,prophet,6,4,8,prophet,663.49,3990.72,5.8,500.0,1,-0.2,stable,696.2,high,"{""Finance"": {""forecast"": 2578.5, ""lower"": 2062.8, ""upper"": 3094.2, ""hist_avg"": 2690.61, ""data_points"": 23}, ""Fitness"": {""forecast"": 578.5, ""lower"": 462.8, ""upper"": 694.2, ""hist_avg"": 578.5, ""data_points"": 24}, ""Food and Dining"": {""forecast"": 500.0, ""lower"": 400.0, ""upper"": 600.0, ""hist_avg"": 521.74, ""data_points"": 23}}",Your spending is forecast to remain stable near your historical average of $3991.,Based on 25 months of data using prophet.,[2453670144577036],2453670144577036,1,"[{""account_id"": 2453670144577036, ""account_name"": ""Plaid Credit Card"", ""account_type"": ""credit card credit"", ""currency_code"": ""USD"", ""spend_forecast"": 2328.5, ""spend_lower"": 1862.8, ""spend_upper"": 2794.2, ""hist_avg_spend"": 3990.72, ""n_months"": 25}]"
USR534tr,2025-02,20,Consistent Weekly,0.0,0.0,7250.14,prophet,2,0,3,prophet,0.0,2950.66,2.1,3665.98,2,-100.0,decreasing,-100.0,high,"{""Shopping"": {""forecast"": 8337.34, ""lower"": 6669.88, ""upper"": 10004.81, ""hist_avg"": 16351.89, ""data_points"": 3}, ""Personal Hygiene"": {""forecast"": 1331.93, ""lower"": 1065.54, ""upper"": 1598.31, ""hist_avg"": 458.95, ""data_points"": 6}, ""Fitness"": {""forecast"": 89.88, ""lower"": 71.9, ""upper"": 107.85, ""hist_avg"": 536.12, ""data_points"": 4}}",Your spending is forecast to decreasing by 100% vs your historical average.,Based on 20 months of data using prophet.,[1904057589594551],1904057589594551,1,"[{""account_id"": 1904057589594551, ""account_name"": ""VISA 16 digit"", ""account_type"": ""Savings"", ""currency_code"": ""USD"", ""spend_forecast"": 2124.3, ""spend_lower"": 1699.44, ""spend_upper"": 2549.16, ""hist_avg_spend"": 2950.66, ""n_months"": 20}]"
USR538ia,2025-02,20,Consistent Weekly,1084.9,113.1,1997.49,prophet,1,0,3,prophet,1084.9,565.25,1.9,2682.92,3,91.9,increasing,-59.6,high,"{""Shopping"": {""forecast"": 2279.7, ""lower"": 1823.76, ""upper"": 2735.64, ""hist_avg"": 2221.77, ""data_points"": 2}, ""Fitness"": {""forecast"": 833.82, ""lower"": 667.05, ""upper"": 1000.58, ""hist_avg"": 638.29, ""data_points"": 5}, ""Medical/Dental"": {""forecast"": 265.01, ""lower"": 212.0, ""upper"": 318.01, ""hist_avg"": 230.01, ""data_points"": 4}}",Your spending is forecast to increasing by 92% vs your historical average.,Based on 20 months of data using prophet.,[4794793466414815],4794793466414815,1,"[{""account_id"": 4794793466414815, ""account_name"": ""VISA 16 digit"", ""account_type"": ""Savings"", ""currency_code"": ""USD"", ""spend_forecast"": 1375.39, ""spend_lower"": 1100.31, ""spend_upper"": 1650.47, ""hist_avg_spend"": 565.25, ""n_months"": 20}]"
USR539EC,2025-02,23,Single-Tasker,0.0,0.0,63530.13,prophet,2,0,3,prophet,0.0,19728.61,2.5,2094.25,1,-100.0,decreasing,-100.0,high,"{""Shopping"": {""forecast"": 68920.31, ""lower"": 55136.24, ""upper"": 82704.37, ""hist_avg"": 109212.47, ""data_points"": 4}, ""Housing and Utilities"": {""forecast"": 2855.55, ""lower"": 2284.44, ""upper"": 3426.66, ""hist_avg"": 2365.24, ""data_points"": 2}, ""Medical/Dental"": {""forecast"": 745.15, ""lower"": 596.12, ""upper"": 894.18, ""hist_avg"": 687.04, ""data_points"": 6}}",Your spending is forecast to decreasing by 100% vs your historical average.,Based on 23 months of data using prophet.,[2647051895487886],2647051895487886,1,"[{""account_id"": 2647051895487886, ""account_name"": ""JCB 16 digit"", ""account_type"": ""Savings"", ""currency_code"": ""USD"", ""spend_forecast"": 1493.94, ""spend_lower"": 1195.15, ""spend_upper"": 1792.72, ""hist_avg_spend"": 19728.61, ""n_months"": 23}]"
USR542rd,2025-11,25,Single-Tasker,534.4,412.21,663.92,prophet,5,4,7,prophet,106.88,596.34,5.8,89.4,1,-10.4,decreasing,497.8,high,"{""Transportation"": {""forecast"": 512.78, ""lower"": 410.23, ""upper"": 615.34, ""hist_avg"": 511.73, ""data_points"": 24}, ""Groceries"": {""forecast"": 89.4, ""lower"": 71.52, ""upper"": 107.28, ""hist_avg"": 89.4, ""data_points"": 25}, ""Food and Dining"": {""forecast"": 16.33, ""lower"": 13.06, ""upper"": 19.6, ""hist_avg"": 16.33, ""data_points"": 24}}",Your spending is forecast to decreasing by 10% vs your historical average.,Based on 25 months of data using prophet.,[5335839823532000],5335839823532000,1,"[{""account_id"": 5335839823532000, ""account_name"": ""Plaid Checking"", ""account_type"": ""checking depository"", ""currency_code"": ""USD"", ""spend_forecast"": 353.43, ""spend_lower"": 282.74, ""spend_upper"": 424.12, ""hist_avg_spend"": 596.34, ""n_months"": 25}]"
USR546jz,2025-02,25,Consistent Weekly,754.59,0.0,2834.93,prophet,2,1,3,prophet,377.3,1238.5,2.5,456.83,2,-39.1,decreasing,65.2,high,"{""Housing and Utilities"": {""forecast"": 1258.61, ""lower"": 1006.89, ""upper"": 1510.33, ""hist_avg"": 2066.14, ""data_points"": 5}, ""Shopping"": {""forecast"": 1856.48, ""lower"": 1485.19, ""upper"": 2227.78, ""hist_avg"": 2493.39, ""data_points"": 2}, ""Fitness"": {""forecast"": 468.2, ""lower"": 374.56, ""upper"": 561.84, ""hist_avg"": 613.34, ""data_points"": 6}}",Your spending is forecast to decreasing by 39% vs your historical average.,Based on 25 months of data using prophet.,[7764623284161428],7764623284161428,1,"[{""account_id"": 7764623284161428, ""account_name"": ""Mastercard"", ""account_type"": ""Savings"", ""currency_code"": ""USD"", ""spend_forecast"": 673.19, ""spend_lower"": 538.55, ""spend_upper"": 807.83, ""hist_avg_spend"": 1238.5, ""n_months"": 25}]"
USR548Uw,2025-01,20,Single-Tasker,0.0,0.0,40431.21,prophet,2,1,4,prophet,0.0,9439.2,2.6,1185.47,2,-100.0,decreasing,-100.0,high,"{""Shopping"": {""forecast"": 117001.12, ""lower"": 93600.89, ""upper"": 140401.34, ""hist_avg"": 87867.81, ""data_points"": 2}, ""Gifts"": {""forecast"": 682.46, ""lower"": 545.97, ""upper"": 818.95, ""hist_avg"": 473.46, ""data_points"": 5}, ""Fitness"": {""forecast"": 324.09, ""lower"": 259.27, ""upper"": 388.9, ""hist_avg"": 471.58, ""data_points"": 5}}",Your spending is forecast to decreasing by 100% vs your historical average.,Based on 20 months of data using prophet.,[5565304123593433],5565304123593433,1,"[{""account_id"": 5565304123593433, ""account_name"": ""JCB 16 digit"", ""account_type"": ""Checking"", ""currency_code"": ""USD"", ""spend_forecast"": 605.17, ""spend_lower"": 484.14, ""spend_upper"": 726.21, ""hist_avg_spend"": 9439.2, ""n_months"": 20}]"
USR552iz,2025-01,20,Single-Tasker,11926.11,0.0,34046.65,prophet,2,1,4,prophet,5963.06,5249.73,2.3,271.57,1,127.2,increasing,4291.5,high,"{""Shopping"": {""forecast"": 41754.73, ""lower"": 33403.79, ""upper"": 50105.68, ""hist_avg"": 28305.78, ""data_points"": 3}, ""Housing and Utilities"": {""forecast"": 1997.8, ""lower"": 1598.24, ""upper"": 2397.36, ""hist_avg"": 2230.56, ""data_points"": 5}, ""Medical/Dental"": {""forecast"": 502.93, ""lower"": 402.34, ""upper"": 603.51, ""hist_avg"": 503.87, ""data_points"": 5}}",Your spending is forecast to increasing by 127% vs your historical average.,Based on 20 months of data using prophet.,[3594487387849143],3594487387849143,1,"[{""account_id"": 3594487387849143, ""account_name"": ""Diners Club / Carte Blanche"", ""account_type"": ""Checking"", ""currency_code"": ""USD"", ""spend_forecast"": 294.97, ""spend_lower"": 235.98, ""spend_upper"": 353.97, ""hist_avg_spend"": 5249.73, ""n_months"": 20}]"
USR554bC,2025-10,24,Single-Tasker,1000.0,1000.0,1000.0,prophet,1,1,1,prophet,1000.0,1000.0,1.0,1000.0,1,0.0,stable,0.0,high,"{""Finance"": {""forecast"": 1000.0, ""lower"": 800.0, ""upper"": 1200.0, ""hist_avg"": 1000.0, ""data_points"": 24}}",Your spending is forecast to remain stable near your historical average of $1000.,Based on 24 months of data using prophet.,[9749369644991904],9749369644991904,1,"[{""account_id"": 9749369644991904, ""account_name"": ""Plaid CD"", ""account_type"": ""cd depository"", ""currency_code"": ""USD"", ""spend_forecast"": 1000.0, ""spend_lower"": 800.0, ""spend_upper"": 1200.0, ""hist_avg_spend"": 1000.0, ""n_months"": 24}]"
USR556jk,2025-02,21,Single-Tasker,1931.23,0.0,3729.62,prophet,3,2,4,prophet,643.74,859.38,2.2,385.92,1,124.7,increasing,400.4,high,"{""Shopping"": {""forecast"": 4843.32, ""lower"": 3874.65, ""upper"": 5811.98, ""hist_avg"": 3814.56, ""data_points"": 2}, ""Fitness"": {""forecast"": 1062.24, ""lower"": 849.79, ""upper"": 1274.68, ""hist_avg"": 1202.04, ""data_points"": 4}, ""Friend Activities"": {""forecast"": 224.37, ""lower"": 179.5, ""upper"": 269.25, ""hist_avg"": 190.27, ""data_points"": 7}}",Your spending is forecast to increasing by 125% vs your historical average.,Based on 21 months of data using prophet.,[2485184010285215],2485184010285215,1,"[{""account_id"": 2485184010285215, ""account_name"": ""VISA 13 digit"", ""account_type"": ""Checking"", ""currency_code"": ""USD"", ""spend_forecast"": 1649.4, ""spend_lower"": 1319.52, ""spend_upper"": 1979.28, ""hist_avg_spend"": 859.38, ""n_months"": 21}]"
USR557Nb,2025-10,24,Single-Tasker,1000.0,1000.0,1000.0,prophet,1,1,1,prophet,1000.0,1000.0,1.0,1000.0,1,0.0,stable,0.0,high,"{""Finance"": {""forecast"": 1000.0, ""lower"": 800.0, ""upper"": 1200.0, ""hist_avg"": 1000.0, ""data_points"": 24}}",Your spending is forecast to remain stable near your historical average of $1000.,Based on 24 months of data using prophet.,[2684042369620013],2684042369620013,1,"[{""account_id"": 2684042369620013, ""account_name"": ""Plaid CD"", ""account_type"": ""cd depository"", ""currency_code"": ""USD"", ""spend_forecast"": 1000.0, ""spend_lower"": 800.0, ""spend_upper"": 1200.0, ""hist_avg_spend"": 1000.0, ""n_months"": 24}]"
USR557yC,2025-02,22,Consistent Weekly,595.16,0.0,1254.37,prophet,2,1,4,prophet,297.58,561.36,2.3,382.15,2,6.0,stable,55.7,high,"{""Fitness"": {""forecast"": 309.49, ""lower"": 247.59, ""upper"": 371.38, ""hist_avg"": 603.43, ""data_points"": 5}, ""Gifts"": {""forecast"": 303.04, ""lower"": 242.43, ""upper"": 363.65, ""hist_avg"": 708.18, ""data_points"": 4}, ""Medical/Dental"": {""forecast"": 564.08, ""lower"": 451.27, ""upper"": 676.9, ""hist_avg"": 421.96, ""data_points"": 4}}",Your spending is forecast to remain stable near your historical average of $561.,Based on 22 months of data using prophet.,[4424100999884660],4424100999884660,1,"[{""account_id"": 4424100999884660, ""account_name"": ""JCB 16 digit"", ""account_type"": ""Checking"", ""currency_code"": ""USD"", ""spend_forecast"": 559.58, ""spend_lower"": 447.66, ""spend_upper"": 671.5, ""hist_avg_spend"": 561.36, ""n_months"": 22}]"
USR559Pi,2025-02,23,Single-Tasker,0.0,0.0,17062.51,prophet,3,1,5,prophet,0.0,4496.46,2.6,64.44,1,-100.0,decreasing,-100.0,high,"{""Shopping"": {""forecast"": 8023.53, ""lower"": 6418.82, ""upper"": 9628.23, ""hist_avg"": 18688.41, ""data_points"": 5}, ""Personal Hygiene"": {""forecast"": 1564.49, ""lower"": 1251.59, ""upper"": 1877.39, ""hist_avg"": 615.06, ""data_points"": 6}, ""Gifts"": {""forecast"": 102.4, ""lower"": 81.92, ""upper"": 122.88, ""hist_avg"": 218.37, ""data_points"": 7}}",Your spending is forecast to decreasing by 100% vs your historical average.,Based on 23 months of data using prophet.,[5941501766570540],5941501766570540,1,"[{""account_id"": 5941501766570540, ""account_name"": ""Maestro"", ""account_type"": ""Savings"", ""currency_code"": ""USD"", ""spend_forecast"": 1101.56, ""spend_lower"": 881.25, ""spend_upper"": 1321.88, ""hist_avg_spend"": 4496.46, ""n_months"": 23}]"
USR562FO,2025-10,24,Single-Tasker,5850.0,5850.0,5850.0,prophet,1,1,1,prophet,5850.0,5850.0,1.0,5850.0,1,0.0,stable,0.0,high,"{""Finance"": {""forecast"": 5850.0, ""lower"": 4680.0, ""upper"": 7020.0, ""hist_avg"": 5850.0, ""data_points"": 24}}",Your spending is forecast to remain stable near your historical average of $5850.,Based on 24 months of data using prophet.,[1523804154543348],1523804154543348,1,"[{""account_id"": 1523804154543348, ""account_name"": ""Plaid Money Market"", ""account_type"": ""money market depository"", ""currency_code"": ""USD"", ""spend_forecast"": 5850.0, ""spend_lower"": 4680.0, ""spend_upper"": 7020.0, ""hist_avg_spend"": 5850.0, ""n_months"": 24}]"
USR572qw,2025-02,24,Single-Tasker,12942.55,0.0,81351.87,prophet,3,1,5,prophet,4314.18,19818.71,2.4,12.55,1,-34.7,decreasing,103027.9,high,"{""Shopping"": {""forecast"": 73818.17, ""lower"": 59054.54, ""upper"": 88581.81, ""hist_avg"": 77109.93, ""data_points"": 6}, ""Housing and Utilities"": {""forecast"": 84.9, ""lower"": 67.92, ""upper"": 101.88, ""hist_avg"": 1063.87, ""data_points"": 4}, ""Personal Hygiene"": {""forecast"": 554.15, ""lower"": 443.32, ""upper"": 664.99, ""hist_avg"": 630.1, ""data_points"": 5}}",Your spending is forecast to decreasing by 35% vs your historical average.,Based on 24 months of data using prophet.,[7343201222998493],7343201222998493,1,"[{""account_id"": 7343201222998493, ""account_name"": ""Mastercard"", ""account_type"": ""Checking"", ""currency_code"": ""USD"", ""spend_forecast"": 49053.24, ""spend_lower"": 39242.59, ""spend_upper"": 58863.88, ""hist_avg_spend"": 19818.71, ""n_months"": 24}]"
USR574tK,2025-02,19,Single-Tasker,1043.66,0.0,2981.2,prophet,1,0,3,prophet,1043.66,783.75,2.2,296.2,1,33.2,increasing,252.3,high,"{""Housing and Utilities"": {""forecast"": 3541.73, ""lower"": 2833.38, ""upper"": 4250.08, ""hist_avg"": 1461.92, ""data_points"": 5}, ""Travel"": {""forecast"": 536.45, ""lower"": 429.16, ""upper"": 643.74, ""hist_avg"": 805.8, ""data_points"": 4}, ""Friend Activities"": {""forecast"": 245.0, ""lower"": 196.0, ""upper"": 294.0, ""hist_avg"": 316.71, ""data_points"": 5}}",Your spending is forecast to increasing by 33% vs your historical average.,Based on 19 months of data using prophet.,[7532127441056208],7532127441056208,1,"[{""account_id"": 7532127441056208, ""account_name"": ""VISA 19 digit"", ""account_type"": ""Savings"", ""currency_code"": ""USD"", ""spend_forecast"": 228.05, ""spend_lower"": 182.44, ""spend_upper"": 273.66, ""hist_avg_spend"": 783.75, ""n_months"": 19}]"
USR579jO,2024-12,19,Consistent Weekly,0.0,0.0,53485.46,prophet,2,1,4,prophet,0.0,17279.61,2.4,328.84,2,-100.0,decreasing,-100.0,high,"{""Shopping"": {""forecast"": 52213.98, ""lower"": 41771.18, ""upper"": 62656.77, ""hist_avg"": 77854.02, ""data_points"": 4}, ""Housing and Utilities"": {""forecast"": 2224.64, ""lower"": 1779.71, ""upper"": 2669.57, ""hist_avg"": 2219.75, ""data_points"": 3}, ""Travel"": {""forecast"": 1051.38, ""lower"": 841.1, ""upper"": 1261.65, ""hist_avg"": 625.86, ""data_points"": 5}}",Your spending is forecast to decreasing by 100% vs your historical average.,Based on 19 months of data using prophet.,[2529245753691166],2529245753691166,1,"[{""account_id"": 2529245753691166, ""account_name"": ""VISA 16 digit"", ""account_type"": ""Savings"", ""currency_code"": ""USD"", ""spend_forecast"": 813.24, ""spend_lower"": 650.59, ""spend_upper"": 975.89, ""hist_avg_spend"": 17279.61, ""n_months"": 19}]"
USR581oW,2025-01,24,Single-Tasker,0.0,0.0,37358.52,prophet,1,0,3,prophet,0.0,8286.85,1.8,157.56,1,-100.0,decreasing,-100.0,high,"{""Shopping"": {""forecast"": 59346.22, ""lower"": 47476.97, ""upper"": 71215.46, ""hist_avg"": 63129.97, ""data_points"": 3}, ""Fitness"": {""forecast"": 1321.45, ""lower"": 1057.16, ""upper"": 1585.74, ""hist_avg"": 814.67, ""data_points"": 7}, ""Medical/Dental"": {""forecast"": 440.8, ""lower"": 352.64, ""upper"": 528.96, ""hist_avg"": 404.14, ""data_points"": 4}}",Your spending is forecast to decreasing by 100% vs your historical average.,Based on 24 months of data using prophet.,[8179573942020720],8179573942020720,1,"[{""account_id"": 8179573942020720, ""account_name"": ""Maestro"", ""account_type"": ""Savings"", ""currency_code"": ""USD"", ""spend_forecast"": 346.57, ""spend_lower"": 277.26, ""spend_upper"": 415.89, ""hist_avg_spend"": 8286.85, ""n_months"": 24}]"
USR587rm,2025-02,20,Consistent Weekly,263.16,0.0,1228.77,prophet,2,1,3,prophet,131.58,595.78,1.9,904.02,3,-55.8,decreasing,-70.9,high,"{""Fitness"": {""forecast"": 261.67, ""lower"": 209.33, ""upper"": 314.0, ""hist_avg"": 707.64, ""data_points"": 4}, ""Gifts"": {""forecast"": 636.53, ""lower"": 509.22, ""upper"": 763.83, ""hist_avg"": 538.28, ""data_points"": 4}, ""Housing and Utilities"": {""forecast"": 89.04, ""lower"": 71.23, ""upper"": 106.85, ""hist_avg"": 367.14, ""data_points"": 5}}",Your spending is forecast to decreasing by 56% vs your historical average.,Based on 20 months of data using prophet.,[8193956170168360],8193956170168360,1,"[{""account_id"": 8193956170168360, ""account_name"": ""JCB 16 digit"", ""account_type"": ""Checking"", ""currency_code"": ""USD"", ""spend_forecast"": 829.1, ""spend_lower"": 663.28, ""spend_upper"": 994.92, ""hist_avg_spend"": 595.78, ""n_months"": 20}]"
USR592MJ,2025-12,4,Low Activity/Trial,1943.63,0.0,4138.67,prophet,25,0,54,prophet,77.75,1943.62,24.5,21.71,2,0.0,stable,8852.7,medium,"{""Other"": {""forecast"": 1764.77, ""lower"": 1411.82, ""upper"": 2117.73, ""hist_avg"": 1769.73, ""data_points"": 4}, ""Groceries"": {""forecast"": 147.29, ""lower"": 117.83, ""upper"": 176.74, ""hist_avg"": 152.28, ""data_points"": 2}, ""Shopping"": {""forecast"": 108.75, ""lower"": 87.0, ""upper"": 130.5, ""hist_avg"": 108.75, ""data_points"": 2}}",Your spending is forecast to remain stable near your historical average of $1944.,Based on 4 months of data using prophet.,[4193736670373485],4193736670373485,1,"[{""account_id"": 4193736670373485, ""account_name"": ""Compte courant"", ""account_type"": ""CHECKING"", ""currency_code"": ""EUR"", ""spend_forecast"": 1940.88, ""spend_lower"": 1552.7, ""spend_upper"": 2329.05, ""hist_avg_spend"": 1943.62, ""n_months"": 4}]"
USR592gD,2025-02,21,Single-Tasker,1080.65,0.0,3151.27,prophet,2,0,4,prophet,540.33,880.82,2.4,146.79,1,22.7,increasing,636.2,high,"{""Housing and Utilities"": {""forecast"": 4484.66, ""lower"": 3587.73, ""upper"": 5381.6, ""hist_avg"": 3404.28, ""data_points"": 2}, ""Shopping"": {""forecast"": 1099.72, ""lower"": 879.78, ""upper"": 1319.67, ""hist_avg"": 1741.39, ""data_points"": 3}, ""Medical/Dental"": {""forecast"": 382.0, ""lower"": 305.6, ""upper"": 458.4, ""hist_avg"": 294.73, ""data_points"": 6}}",Your spending is forecast to increasing by 23% vs your historical average.,Based on 21 months of data using prophet.,[2389275130478223],2389275130478223,1,"[{""account_id"": 2389275130478223, ""account_name"": ""Maestro"", ""account_type"": ""Checking"", ""currency_code"": ""USD"", ""spend_forecast"": 1347.98, ""spend_lower"": 1078.38, ""spend_upper"": 1617.58, ""hist_avg_spend"": 880.82, ""n_months"": 21}]"
USR594QR,2025-11,25,Single-Tasker,25.25,18.76,31.25,prophet,2,2,2,prophet,12.62,28.22,2.0,4.22,1,-10.5,decreasing,498.3,high,"{""Finance"": {""forecast"": 16.72, ""lower"": 13.38, ""upper"": 20.06, ""hist_avg"": 28.22, ""data_points"": 25}}",Your spending is forecast to decreasing by 10% vs your historical average.,Based on 25 months of data using prophet.,[3296688946946025],3296688946946025,1,"[{""account_id"": 3296688946946025, ""account_name"": ""Plaid Saving"", ""account_type"": ""savings depository"", ""currency_code"": ""USD"", ""spend_forecast"": 16.72, ""spend_lower"": 13.38, ""spend_upper"": 20.06, ""hist_avg_spend"": 28.22, ""n_months"": 25}]"
USR596jh,2025-01,22,Healthy Active User,0.0,0.0,3788.27,prophet,2,1,4,prophet,0.0,1009.22,2.0,2650.23,4,-100.0,decreasing,-100.0,high,"{""Shopping"": {""forecast"": 244.18, ""lower"": 195.35, ""upper"": 293.02, ""hist_avg"": 3770.77, ""data_points"": 4}, ""Gifts"": {""forecast"": 957.85, ""lower"": 766.28, ""upper"": 1149.42, ""hist_avg"": 581.55, ""data_points"": 4}, ""Fitness"": {""forecast"": 472.91, ""lower"": 378.33, ""upper"": 567.5, ""hist_avg"": 299.45, ""data_points"": 5}}",Your spending is forecast to decreasing by 100% vs your historical average.,Based on 22 months of data using prophet.,[3675763762695826],3675763762695826,1,"[{""account_id"": 3675763762695826, ""account_name"": ""Discover"", ""account_type"": ""Savings"", ""currency_code"": ""USD"", ""spend_forecast"": 1445.4, ""spend_lower"": 1156.32, ""spend_upper"": 1734.48, ""hist_avg_spend"": 1009.22, ""n_months"": 22}]"
USR598GE,2025-01,20,Single-Tasker,3949.43,0.0,50669.5,prophet,2,0,4,prophet,1974.71,12531.51,2.4,36.79,1,-68.5,decreasing,10635.1,high,"{""Shopping"": {""forecast"": 18453.19, ""lower"": 14762.55, ""upper"": 22143.82, ""hist_avg"": 46551.6, ""data_points"": 5}, ""Housing and Utilities"": {""forecast"": 4483.2, ""lower"": 3586.56, ""upper"": 5379.84, ""hist_avg"": 3936.75, ""data_points"": 2}, ""Fitness"": {""forecast"": 344.19, ""lower"": 275.35, ""upper"": 413.03, ""hist_avg"": 416.63, ""data_points"": 6}}",Your spending is forecast to decreasing by 68% vs your historical average.,Based on 20 months of data using prophet.,[6332365085760707],6332365085760707,1,"[{""account_id"": 6332365085760707, ""account_name"": ""VISA 16 digit"", ""account_type"": ""Savings"", ""currency_code"": ""USD"", ""spend_forecast"": 2080.4, ""spend_lower"": 1664.32, ""spend_upper"": 2496.48, ""hist_avg_spend"": 12531.51, ""n_months"": 20}]"
USR598Hk,2025-02,22,Single-Tasker,0.0,0.0,16594.73,prophet,2,1,4,prophet,0.0,4411.83,2.3,2057.66,2,-100.0,decreasing,-100.0,high,"{""Shopping"": {""forecast"": 14276.8, ""lower"": 11421.44, ""upper"": 17132.15, ""hist_avg"": 28396.96, ""data_points"": 3}, ""Housing and Utilities"": {""forecast"": 1686.2, ""lower"": 1348.96, ""upper"": 2023.44, ""hist_avg"": 1391.91, ""data_points"": 3}, ""Fitness"": {""forecast"": 526.39, ""lower"": 421.11, ""upper"": 631.66, ""hist_avg"": 598.47, ""data_points"": 4}}",Your spending is forecast to decreasing by 100% vs your historical average.,Based on 22 months of data using prophet.,[4564786545467025],4564786545467025,1,"[{""account_id"": 4564786545467025, ""account_name"": ""Diners Club / Carte Blanche"", ""account_type"": ""Checking"", ""currency_code"": ""USD"", ""spend_forecast"": 1032.74, ""spend_lower"": 826.19, ""spend_upper"": 1239.28, ""hist_avg_spend"": 4411.83, ""n_months"": 22}]"
USR601Ie,2025-02,21,Single-Tasker,30921.94,0.0,64914.15,prophet,2,1,3,prophet,15460.97,11389.13,2.0,336.01,1,171.5,increasing,9102.7,high,"{""Shopping"": {""forecast"": 66208.53, ""lower"": 52966.83, ""upper"": 79450.24, ""hist_avg"": 44620.44, ""data_points"": 5}, ""Housing and Utilities"": {""forecast"": 1209.84, ""lower"": 967.87, ""upper"": 1451.81, ""hist_avg"": 2303.68, ""data_points"": 3}, ""Medical/Dental"": {""forecast"": 465.17, ""lower"": 372.13, ""upper"": 558.2, ""hist_avg"": 470.35, ""data_points"": 5}}",Your spending is forecast to increasing by 172% vs your historical average.,Based on 21 months of data using prophet.,[2139676416712885],2139676416712885,1,"[{""account_id"": 2139676416712885, ""account_name"": ""Diners Club / Carte Blanche"", ""account_type"": ""Checking"", ""currency_code"": ""USD"", ""spend_forecast"": 35738.52, ""spend_lower"": 28590.81, ""spend_upper"": 42886.22, ""hist_avg_spend"": 11389.13, ""n_months"": 21}]"
USR605Px,2025-02,22,Consistent Weekly,0.0,0.0,31584.09,prophet,1,0,3,prophet,0.0,7808.44,2.1,4.51,1,-100.0,decreasing,-100.0,high,"{""Shopping"": {""forecast"": 166202.6, ""lower"": 132962.08, ""upper"": 199443.12, ""hist_avg"": 166202.6, ""data_points"": 1}, ""Medical/Dental"": {""forecast"": 408.54, ""lower"": 326.83, ""upper"": 490.24, ""hist_avg"": 480.27, ""data_points"": 4}, ""Friend Activities"": {""forecast"": 380.83, ""lower"": 304.67, ""upper"": 457.0, ""hist_avg"": 253.21, ""data_points"": 4}}",Your spending is forecast to decreasing by 100% vs your historical average.,Based on 22 months of data using prophet.,[6345434857837874],6345434857837874,1,"[{""account_id"": 6345434857837874, ""account_name"": ""Discover"", ""account_type"": ""Checking"", ""currency_code"": ""USD"", ""spend_forecast"": 216.1, ""spend_lower"": 172.88, ""spend_upper"": 259.32, ""hist_avg_spend"": 7808.44, ""n_months"": 22}]"
USR605nX,2025-02,22,Consistent Weekly,1147.74,121.73,2163.11,prophet,2,1,4,prophet,573.87,603.23,2.2,551.6,4,90.3,increasing,108.1,high,"{""Housing and Utilities"": {""forecast"": 1171.78, ""lower"": 937.43, ""upper"": 1406.14, ""hist_avg"": 726.74, ""data_points"": 5}, ""Personal Hygiene"": {""forecast"": 1037.27, ""lower"": 829.82, ""upper"": 1244.73, ""hist_avg"": 1158.39, ""data_points"": 3}, ""Gifts"": {""forecast"": 921.95, ""lower"": 737.56, ""upper"": 1106.34, ""hist_avg"": 571.47, ""data_points"": 5}}",Your spending is forecast to increasing by 90% vs your historical average.,Based on 22 months of data using prophet.,[8429911208608223],8429911208608223,1,"[{""account_id"": 8429911208608223, ""account_name"": ""JCB 16 digit"", ""account_type"": ""Checking"", ""currency_code"": ""USD"", ""spend_forecast"": 641.09, ""spend_lower"": 512.87, ""spend_upper"": 769.31, ""hist_avg_spend"": 603.23, ""n_months"": 22}]"
USR614yH,2025-12,4,Low Activity/Trial,8941.96,0.0,19135.48,prophet,19,0,42,prophet,470.63,9514.06,24.5,108.95,2,-6.0,stable,8107.4,medium,"{""Other"": {""forecast"": 8841.48, ""lower"": 7073.18, ""upper"": 10609.77, ""hist_avg"": 8990.2, ""data_points"": 4}, ""Shopping"": {""forecast"": 554.13, ""lower"": 443.3, ""upper"": 664.96, ""hist_avg"": 491.48, ""data_points"": 3}, ""Food and Dining"": {""forecast"": 122.86, ""lower"": 98.29, ""upper"": 147.44, ""hist_avg"": 101.1, ""data_points"": 3}}",Your spending is forecast to remain stable near your historical average of $9514.,Based on 4 months of data using prophet.,[7577161117778093],7577161117778093,1,"[{""account_id"": 7577161117778093, ""account_name"": ""Konto bie\u017c\u0105ce"", ""account_type"": ""CHECKING"", ""currency_code"": ""PLN"", ""spend_forecast"": 9301.61, ""spend_lower"": 7441.29, ""spend_upper"": 11161.93, ""hist_avg_spend"": 9514.06, ""n_months"": 4}]"
USR619km,2025-01,21,Healthy Active User,10233.09,0.0,25734.8,prophet,2,1,4,prophet,5116.55,4486.5,2.4,2465.0,3,128.1,increasing,315.1,high,"{""Shopping"": {""forecast"": 16315.14, ""lower"": 13052.11, ""upper"": 19578.17, ""hist_avg"": 14113.88, ""data_points"": 6}, ""Gifts"": {""forecast"": 719.97, ""lower"": 575.97, ""upper"": 863.96, ""hist_avg"": 782.67, ""data_points"": 3}, ""Travel"": {""forecast"": 274.45, ""lower"": 219.56, ""upper"": 329.35, ""hist_avg"": 238.25, ""data_points"": 5}}",Your spending is forecast to increasing by 128% vs your historical average.,Based on 21 months of data using prophet.,[5856856664492208],5856856664492208,1,"[{""account_id"": 5856856664492208, ""account_name"": ""JCB 15 digit"", ""account_type"": ""Savings"", ""currency_code"": ""USD"", ""spend_forecast"": 8958.11, ""spend_lower"": 7166.49, ""spend_upper"": 10749.74, ""hist_avg_spend"": 4486.5, ""n_months"": 21}]"
USR621BM,2025-01,21,Single-Tasker,0.0,0.0,12798.82,prophet,2,1,4,prophet,0.0,3616.04,2.1,1654.7,3,-100.0,decreasing,-100.0,high,"{""Shopping"": {""forecast"": 11027.27, ""lower"": 8821.81, ""upper"": 13232.72, ""hist_avg"": 21830.72, ""data_points"": 3}, ""Personal Hygiene"": {""forecast"": 1495.34, ""lower"": 1196.27, ""upper"": 1794.4, ""hist_avg"": 832.85, ""data_points"": 7}, ""Fitness"": {""forecast"": 308.32, ""lower"": 246.65, ""upper"": 369.98, ""hist_avg"": 422.52, ""data_points"": 6}}",Your spending is forecast to decreasing by 100% vs your historical average.,Based on 21 months of data using prophet.,[2255874088280622],2255874088280622,1,"[{""account_id"": 2255874088280622, ""account_name"": ""VISA 19 digit"", ""account_type"": ""Savings"", ""currency_code"": ""USD"", ""spend_forecast"": 876.3, ""spend_lower"": 701.04, ""spend_upper"": 1051.56, ""hist_avg_spend"": 3616.04, ""n_months"": 21}]"
USR626gZ,2025-02,22,Single-Tasker,0.0,0.0,23216.17,prophet,2,1,3,prophet,0.0,4885.13,2.4,21.72,1,-100.0,decreasing,-100.0,high,"{""Shopping"": {""forecast"": 30341.95, ""lower"": 24273.56, ""upper"": 36410.34, ""hist_avg"": 45423.59, ""data_points"": 2}, ""Housing and Utilities"": {""forecast"": 1150.4, ""lower"": 920.32, ""upper"": 1380.48, ""hist_avg"": 1318.28, ""data_points"": 5}, ""Gifts"": {""forecast"": 281.34, ""lower"": 225.08, ""upper"": 337.61, ""hist_avg"": 455.21, ""data_points"": 7}}",Your spending is forecast to decreasing by 100% vs your historical average.,Based on 22 months of data using prophet.,[9371972853446753],9371972853446753,1,"[{""account_id"": 9371972853446753, ""account_name"": ""American Express"", ""account_type"": ""Savings"", ""currency_code"": ""USD"", ""spend_forecast"": 378.03, ""spend_lower"": 302.42, ""spend_upper"": 453.63, ""hist_avg_spend"": 4885.13, ""n_months"": 22}]"
USR628FF,2025-11,25,Single-Tasker,25.25,19.35,31.53,prophet,2,2,2,prophet,12.62,28.22,2.0,4.22,1,-10.5,decreasing,498.3,high,"{""Finance"": {""forecast"": 16.72, ""lower"": 13.38, ""upper"": 20.06, ""hist_avg"": 28.22, ""data_points"": 25}}",Your spending is forecast to decreasing by 10% vs your historical average.,Based on 25 months of data using prophet.,[6866188988230377],6866188988230377,1,"[{""account_id"": 6866188988230377, ""account_name"": ""Plaid Saving"", ""account_type"": ""savings depository"", ""currency_code"": ""USD"", ""spend_forecast"": 16.72, ""spend_lower"": 13.38, ""spend_upper"": 20.06, ""hist_avg_spend"": 28.22, ""n_months"": 25}]"
USR628KZ,2025-01,20,Consistent Weekly,272.26,0.0,1637.24,prophet,2,1,4,prophet,136.13,720.93,2.3,454.39,3,-62.2,decreasing,-40.1,high,"{""Housing and Utilities"": {""forecast"": 204.88, ""lower"": 163.9, ""upper"": 245.86, ""hist_avg"": 1050.63, ""data_points"": 5}, ""Shopping"": {""forecast"": 605.55, ""lower"": 484.44, ""upper"": 726.67, ""hist_avg"": 981.91, ""data_points"": 3}, ""Travel"": {""forecast"": 413.37, ""lower"": 330.7, ""upper"": 496.04, ""hist_avg"": 456.46, ""data_points"": 5}}",Your spending is forecast to decreasing by 62% vs your historical average.,Based on 20 months of data using prophet.,[7265932119274561],7265932119274561,1,"[{""account_id"": 7265932119274561, ""account_name"": ""VISA 13 digit"", ""account_type"": ""Savings"", ""currency_code"": ""USD"", ""spend_forecast"": 560.44, ""spend_lower"": 448.35, ""spend_upper"": 672.53, ""hist_avg_spend"": 720.93, ""n_months"": 20}]"
USR628kq,2025-02,24,Consistent Weekly,17091.04,0.0,75978.22,prophet,2,1,4,prophet,8545.52,11260.18,2.4,1418.07,2,51.8,increasing,1105.2,high,"{""Shopping"": {""forecast"": 8823.03, ""lower"": 7058.42, ""upper"": 10587.63, ""hist_avg"": 51158.17, ""data_points"": 5}, ""Fitness"": {""forecast"": 990.52, ""lower"": 792.42, ""upper"": 1188.63, ""hist_avg"": 784.38, ""data_points"": 5}, ""Travel"": {""forecast"": 829.84, ""lower"": 663.87, ""upper"": 995.81, ""hist_avg"": 540.7, ""data_points"": 6}}",Your spending is forecast to increasing by 52% vs your historical average.,Based on 24 months of data using prophet.,[7059873387557783],7059873387557783,1,"[{""account_id"": 7059873387557783, ""account_name"": ""VISA 16 digit"", ""account_type"": ""Checking"", ""currency_code"": ""USD"", ""spend_forecast"": 1972.49, ""spend_lower"": 1577.99, ""spend_upper"": 2366.99, ""hist_avg_spend"": 11260.18, ""n_months"": 24}]"
USR632NW,2025-02,23,Single-Tasker,1373.06,0.0,24265.84,prophet,2,1,4,prophet,686.53,4320.69,2.3,94.86,1,-68.2,decreasing,1347.5,high,"{""Shopping"": {""forecast"": 58879.46, ""lower"": 47103.57, ""upper"": 70655.35, ""hist_avg"": 44175.75, ""data_points"": 2}, ""Personal Hygiene"": {""forecast"": 438.87, ""lower"": 351.1, ""upper"": 526.65, ""hist_avg"": 430.39, ""data_points"": 7}, ""Travel"": {""forecast"": 614.02, ""lower"": 491.22, ""upper"": 736.82, ""hist_avg"": 459.6, ""data_points"": 5}}",Your spending is forecast to decreasing by 68% vs your historical average.,Based on 23 months of data using prophet.,[760720797584149],760720797584149,1,"[{""account_id"": 760720797584149, ""account_name"": ""JCB 16 digit"", ""account_type"": ""Checking"", ""currency_code"": ""USD"", ""spend_forecast"": 582.64, ""spend_lower"": 466.11, ""spend_upper"": 699.17, ""hist_avg_spend"": 4320.69, ""n_months"": 23}]"
USR640RH,2025-01,22,Consistent Weekly,16036.0,0.0,74456.11,prophet,3,1,5,prophet,5345.33,14342.13,2.7,2951.21,3,11.8,increasing,443.4,high,"{""Shopping"": {""forecast"": 32354.87, ""lower"": 25883.9, ""upper"": 38825.84, ""hist_avg"": 60948.07, ""data_points"": 5}, ""Fitness"": {""forecast"": 504.24, ""lower"": 403.39, ""upper"": 605.09, ""hist_avg"": 832.09, ""data_points"": 3}, ""Travel"": {""forecast"": 1138.35, ""lower"": 910.68, ""upper"": 1366.02, ""hist_avg"": 989.45, ""data_points"": 2}}",Your spending is forecast to increasing by 12% vs your historical average.,Based on 22 months of data using prophet.,[1570228056750408],1570228056750408,1,"[{""account_id"": 1570228056750408, ""account_name"": ""JCB 16 digit"", ""account_type"": ""Checking"", ""currency_code"": ""USD"", ""spend_forecast"": 1660.91, ""spend_lower"": 1328.73, ""spend_upper"": 1993.09, ""hist_avg_spend"": 14342.13, ""n_months"": 22}]"
USR646Eg,2025-01,21,Consistent Weekly,30580.94,0.0,75122.43,prophet,3,2,4,prophet,10193.65,8771.81,2.3,169603.22,3,248.6,increasing,-82.0,high,"{""Shopping"": {""forecast"": 84944.81, ""lower"": 67955.85, ""upper"": 101933.77, ""hist_avg"": 34354.3, ""data_points"": 5}, ""Housing and Utilities"": {""forecast"": 6161.29, ""lower"": 4929.03, ""upper"": 7393.55, ""hist_avg"": 6161.29, ""data_points"": 1}, ""Medical/Dental"": {""forecast"": 771.73, ""lower"": 617.39, ""upper"": 926.08, ""hist_avg"": 504.51, ""data_points"": 6}}",Your spending is forecast to increasing by 249% vs your historical average.,Based on 21 months of data using prophet.,[1231967408124440],1231967408124440,1,"[{""account_id"": 1231967408124440, ""account_name"": ""American Express"", ""account_type"": ""Savings"", ""currency_code"": ""USD"", ""spend_forecast"": 85385.78, ""spend_lower"": 68308.62, ""spend_upper"": 102462.93, ""hist_avg_spend"": 8771.81, ""n_months"": 21}]"
USR651Yc,2025-02,21,Single-Tasker,518.68,0.0,1591.71,prophet,2,1,4,prophet,259.34,871.04,2.6,287.07,1,-40.5,decreasing,80.7,high,"{""Fitness"": {""forecast"": 353.15, ""lower"": 282.52, ""upper"": 423.78, ""hist_avg"": 704.5, ""data_points"": 7}, ""Shopping"": {""forecast"": 1474.99, ""lower"": 1180.0, ""upper"": 1769.99, ""hist_avg"": 1429.15, ""data_points"": 3}, ""Gifts"": {""forecast"": 603.46, ""lower"": 482.76, ""upper"": 724.15, ""hist_avg"": 629.69, ""data_points"": 5}}",Your spending is forecast to decreasing by 40% vs your historical average.,Based on 21 months of data using prophet.,[7402592048993814],7402592048993814,1,"[{""account_id"": 7402592048993814, ""account_name"": ""Mastercard"", ""account_type"": ""Checking"", ""currency_code"": ""USD"", ""spend_forecast"": 363.79, ""spend_lower"": 291.03, ""spend_upper"": 436.54, ""hist_avg_spend"": 871.04, ""n_months"": 21}]"
USR653TK,2025-02,19,Single-Tasker,0.0,0.0,50179.95,prophet,2,0,3,prophet,0.0,11752.87,2.3,253.58,1,-100.0,decreasing,-100.0,high,"{""Shopping"": {""forecast"": 71444.45, ""lower"": 57155.56, ""upper"": 85733.34, ""hist_avg"": 106874.94, ""data_points"": 2}, ""Fitness"": {""forecast"": 1187.13, ""lower"": 949.7, ""upper"": 1424.55, ""hist_avg"": 680.31, ""data_points"": 4}, ""Gifts"": {""forecast"": 537.94, ""lower"": 430.35, ""upper"": 645.53, ""hist_avg"": 852.99, ""data_points"": 3}}",Your spending is forecast to decreasing by 100% vs your historical average.,Based on 19 months of data using prophet.,[8427394184261092],8427394184261092,1,"[{""account_id"": 8427394184261092, ""account_name"": ""American Express"", ""account_type"": ""Checking"", ""currency_code"": ""USD"", ""spend_forecast"": 213.09, ""spend_lower"": 170.47, ""spend_upper"": 255.7, ""hist_avg_spend"": 11752.87, ""n_months"": 19}]"
USR654ba,2025-02,23,Healthy Active User,29329.46,0.0,84024.73,prophet,3,2,4,prophet,9776.49,12116.64,2.3,1055.4,3,142.1,increasing,2679.0,high,"{""Shopping"": {""forecast"": 63340.1, ""lower"": 50672.08, ""upper"": 76008.12, ""hist_avg"": 44169.06, ""data_points"": 6}, ""Personal Hygiene"": {""forecast"": 1889.75, ""lower"": 1511.8, ""upper"": 2267.7, ""hist_avg"": 1264.74, ""data_points"": 3}, ""Medical/Dental"": {""forecast"": 393.37, ""lower"": 314.69, ""upper"": 472.04, ""hist_avg"": 494.19, ""data_points"": 6}}",Your spending is forecast to increasing by 142% vs your historical average.,Based on 23 months of data using prophet.,[6569936517007880],6569936517007880,1,"[{""account_id"": 6569936517007880, ""account_name"": ""Discover"", ""account_type"": ""Checking"", ""currency_code"": ""USD"", ""spend_forecast"": 727.5, ""spend_lower"": 582.0, ""spend_upper"": 873.0, ""hist_avg_spend"": 12116.64, ""n_months"": 23}]"
USR661QD,2025-10,1,Single-Tasker,541.95,433.56,650.34,segment_median,1,1,1,wma,541.95,1000.0,1.0,1000.0,1,-45.8,decreasing,-45.8,low,"{""Finance"": {""forecast"": 1000.0, ""lower"": 800.0, ""upper"": 1200.0, ""hist_avg"": 1000.0, ""data_points"": 1}}",Your spending is forecast to decreasing by 46% vs your historical average.,Based on 1 months of data using segment_median. Treat as indicative only.,[7504141785861895],7504141785861895,1,"[{""account_id"": 7504141785861895, ""account_name"": ""Plaid Business Current Account"", ""account_type"": ""checking depository"", ""currency_code"": ""GBP"", ""spend_forecast"": 1000.0, ""spend_lower"": 800.0, ""spend_upper"": 1200.0, ""hist_avg_spend"": 1000.0, ""n_months"": 1}]"
USR661vO,2025-02,22,Single-Tasker,0.0,0.0,11273.27,prophet,2,0,3,prophet,0.0,3997.65,2.6,10.97,1,-100.0,decreasing,-100.0,high,"{""Shopping"": {""forecast"": 545.99, ""lower"": 436.79, ""upper"": 655.18, ""hist_avg"": 15541.6, ""data_points"": 5}, ""Fitness"": {""forecast"": 882.91, ""lower"": 706.33, ""upper"": 1059.5, ""hist_avg"": 770.24, ""data_points"": 4}, ""Gifts"": {""forecast"": 626.04, ""lower"": 500.84, ""upper"": 751.25, ""hist_avg"": 519.21, ""data_points"": 4}}",Your spending is forecast to decreasing by 100% vs your historical average.,Based on 22 months of data using prophet.,[2615180011966079],2615180011966079,1,"[{""account_id"": 2615180011966079, ""account_name"": ""JCB 16 digit"", ""account_type"": ""Checking"", ""currency_code"": ""USD"", ""spend_forecast"": 83.64, ""spend_lower"": 66.91, ""spend_upper"": 100.37, ""hist_avg_spend"": 3997.65, ""n_months"": 22}]"
USR663xt,2025-01,21,Consistent Weekly,1009.7,0.0,2774.77,prophet,3,1,4,prophet,336.57,893.17,2.5,476.58,4,13.0,increasing,111.9,high,"{""Housing and Utilities"": {""forecast"": 1113.46, ""lower"": 890.77, ""upper"": 1336.15, ""hist_avg"": 1628.8, ""data_points"": 4}, ""Fitness"": {""forecast"": 1130.73, ""lower"": 904.59, ""upper"": 1356.88, ""hist_avg"": 645.56, ""data_points"": 6}, ""Gifts"": {""forecast"": 205.22, ""lower"": 164.18, ""upper"": 246.27, ""hist_avg"": 424.7, ""data_points"": 6}}",Your spending is forecast to increasing by 13% vs your historical average.,Based on 21 months of data using prophet.,[9446891202578633],9446891202578633,1,"[{""account_id"": 9446891202578633, ""account_name"": ""Discover"", ""account_type"": ""Savings"", ""currency_code"": ""USD"", ""spend_forecast"": 473.9, ""spend_lower"": 379.12, ""spend_upper"": 568.68, ""hist_avg_spend"": 893.17, ""n_months"": 21}]"
USR667ih,2025-12,4,Low Activity/Trial,19117.45,0.0,41365.47,prophet,24,0,50,prophet,796.56,19336.2,24.5,217.1,2,-1.1,stable,8705.8,medium,"{""Other"": {""forecast"": 29341.85, ""lower"": 23473.48, ""upper"": 35210.22, ""hist_avg"": 23554.27, ""data_points"": 3}, ""Shopping"": {""forecast"": 2107.13, ""lower"": 1685.71, ""upper"": 2528.56, ""hist_avg"": 2173.8, ""data_points"": 2}, ""Food and Dining"": {""forecast"": 429.15, ""lower"": 343.32, ""upper"": 514.98, ""hist_avg"": 405.8, ""data_points"": 4}}",Your spending is forecast to remain stable near your historical average of $19336.,Based on 4 months of data using prophet.,[1375306207803502],1375306207803502,1,"[{""account_id"": 1375306207803502, ""account_name"": ""Savings"", ""account_type"": ""CHECKING"", ""currency_code"": ""DKK"", ""spend_forecast"": 19234.53, ""spend_lower"": 15387.63, ""spend_upper"": 23081.44, ""hist_avg_spend"": 19336.2, ""n_months"": 4}]"
USR671AL,2025-10,24,Single-Tasker,1000.0,1000.0,1000.0,prophet,1,1,1,prophet,1000.0,1000.0,1.0,1000.0,1,0.0,stable,0.0,high,"{""Finance"": {""forecast"": 1000.0, ""lower"": 800.0, ""upper"": 1200.0, ""hist_avg"": 1000.0, ""data_points"": 24}}",Your spending is forecast to remain stable near your historical average of $1000.,Based on 24 months of data using prophet.,[4859792422506193],4859792422506193,1,"[{""account_id"": 4859792422506193, ""account_name"": ""Plaid CD"", ""account_type"": ""cd depository"", ""currency_code"": ""USD"", ""spend_forecast"": 1000.0, ""spend_lower"": 800.0, ""spend_upper"": 1200.0, ""hist_avg_spend"": 1000.0, ""n_months"": 24}]"
USR672oM,2025-01,22,Single-Tasker,0.0,0.0,20003.42,prophet,2,0,3,prophet,0.0,4643.15,2.4,1124.56,1,-100.0,decreasing,-100.0,high,"{""Shopping"": {""forecast"": 14625.66, ""lower"": 11700.52, ""upper"": 17550.79, ""hist_avg"": 22598.16, ""data_points"": 4}, ""Fitness"": {""forecast"": 1250.63, ""lower"": 1000.5, ""upper"": 1500.75, ""hist_avg"": 1088.83, ""data_points"": 3}, ""Transportation"": {""forecast"": 997.33, ""lower"": 797.86, ""upper"": 1196.79, ""hist_avg"": 777.02, ""data_points"": 3}}",Your spending is forecast to decreasing by 100% vs your historical average.,Based on 22 months of data using prophet.,[5274349177174725],5274349177174725,1,"[{""account_id"": 5274349177174725, ""account_name"": ""Mastercard"", ""account_type"": ""Savings"", ""currency_code"": ""USD"", ""spend_forecast"": 1152.54, ""spend_lower"": 922.03, ""spend_upper"": 1383.05, ""hist_avg_spend"": 4643.15, ""n_months"": 22}]"
USR673Ud,2025-11,25,Single-Tasker,25.25,19.4,31.34,prophet,2,2,2,prophet,12.62,28.22,2.0,4.22,1,-10.5,decreasing,498.3,high,"{""Finance"": {""forecast"": 16.72, ""lower"": 13.38, ""upper"": 20.06, ""hist_avg"": 28.22, ""data_points"": 25}}",Your spending is forecast to decreasing by 10% vs your historical average.,Based on 25 months of data using prophet.,[3665809445377159],3665809445377159,1,"[{""account_id"": 3665809445377159, ""account_name"": ""Plaid Saving"", ""account_type"": ""savings depository"", ""currency_code"": ""USD"", ""spend_forecast"": 16.72, ""spend_lower"": 13.38, ""spend_upper"": 20.06, ""hist_avg_spend"": 28.22, ""n_months"": 25}]"
USR673YB,2025-11,2,Single-Tasker,200.0,160.0,240.0,wma,1,1,1,wma,200.0,200.0,1.0,200.0,1,0.0,stable,0.0,low,"{""Finance"": {""forecast"": 200.0, ""lower"": 160.0, ""upper"": 240.0, ""hist_avg"": 200.0, ""data_points"": 2}}",Your spending is forecast to remain stable near your historical average of $200.,Based on 2 months of data using wma. Treat as indicative only.,[5459887537647042],5459887537647042,1,"[{""account_id"": 5459887537647042, ""account_name"": ""Savings Account"", ""account_type"": ""SAVINGS"", ""currency_code"": ""EUR"", ""spend_forecast"": 200.0, ""spend_lower"": 160.0, ""spend_upper"": 240.0, ""hist_avg_spend"": 200.0, ""n_months"": 2}]"
USR674rM,2025-01,23,Consistent Weekly,0.0,0.0,7490.69,prophet,2,0,4,prophet,0.0,2743.84,2.4,385.25,3,-100.0,decreasing,-100.0,high,"{""Shopping"": {""forecast"": 186.54, ""lower"": 149.24, ""upper"": 223.85, ""hist_avg"": 7820.95, ""data_points"": 6}, ""Housing and Utilities"": {""forecast"": 985.86, ""lower"": 788.69, ""upper"": 1183.03, ""hist_avg"": 1768.12, ""data_points"": 5}, ""Travel"": {""forecast"": 779.48, ""lower"": 623.58, ""upper"": 935.37, ""hist_avg"": 606.01, ""data_points"": 3}}",Your spending is forecast to decreasing by 100% vs your historical average.,Based on 23 months of data using prophet.,[5803693697951858],5803693697951858,1,"[{""account_id"": 5803693697951858, ""account_name"": ""Discover"", ""account_type"": ""Checking"", ""currency_code"": ""USD"", ""spend_forecast"": 826.94, ""spend_lower"": 661.55, ""spend_upper"": 992.33, ""hist_avg_spend"": 2743.84, ""n_months"": 23}]"
USR677Eb,2025-01,23,Single-Tasker,8113.26,0.0,34104.52,prophet,2,1,3,prophet,4056.63,5925.09,2.3,2017.81,3,36.9,increasing,302.1,high,"{""Shopping"": {""forecast"": 146.66, ""lower"": 117.33, ""upper"": 176.0, ""hist_avg"": 18242.88, ""data_points"": 7}, ""Medical/Dental"": {""forecast"": 741.77, ""lower"": 593.42, ""upper"": 890.12, ""hist_avg"": 575.24, ""data_points"": 4}, ""Fitness"": {""forecast"": 729.38, ""lower"": 583.51, ""upper"": 875.26, ""hist_avg"": 380.01, ""data_points"": 5}}",Your spending is forecast to increasing by 37% vs your historical average.,Based on 23 months of data using prophet.,[3423390084100941],3423390084100941,1,"[{""account_id"": 3423390084100941, ""account_name"": ""American Express"", ""account_type"": ""Savings"", ""currency_code"": ""USD"", ""spend_forecast"": 1043.35, ""spend_lower"": 834.68, ""spend_upper"": 1252.02, ""hist_avg_spend"": 5925.09, ""n_months"": 23}]"
USR678LY,2025-10,24,Single-Tasker,5850.0,5850.0,5850.0,prophet,1,1,1,prophet,5850.0,5850.0,1.0,5850.0,1,0.0,stable,0.0,high,"{""Finance"": {""forecast"": 5850.0, ""lower"": 4680.0, ""upper"": 7020.0, ""hist_avg"": 5850.0, ""data_points"": 24}}",Your spending is forecast to remain stable near your historical average of $5850.,Based on 24 months of data using prophet.,[832068608857768],832068608857768,1,"[{""account_id"": 832068608857768, ""account_name"": ""Plaid Money Market"", ""account_type"": ""money market depository"", ""currency_code"": ""CAD"", ""spend_forecast"": 5850.0, ""spend_lower"": 4680.0, ""spend_upper"": 7020.0, ""hist_avg_spend"": 5850.0, ""n_months"": 24}]"
USR689HM,2025-02,22,Single-Tasker,13819.34,0.0,67992.5,prophet,2,1,4,prophet,6909.67,10708.77,2.4,3443.87,1,29.0,increasing,301.3,high,"{""Shopping"": {""forecast"": 38237.78, ""lower"": 30590.23, ""upper"": 45885.34, ""hist_avg"": 74149.05, ""data_points"": 3}, ""Personal Hygiene"": {""forecast"": 1372.76, ""lower"": 1098.2, ""upper"": 1647.31, ""hist_avg"": 1305.96, ""data_points"": 4}, ""Housing and Utilities"": {""forecast"": 456.49, ""lower"": 365.19, ""upper"": 547.79, ""hist_avg"": 619.75, ""data_points"": 4}}",Your spending is forecast to increasing by 29% vs your historical average.,Based on 22 months of data using prophet.,[5753119100760911],5753119100760911,1,"[{""account_id"": 5753119100760911, ""account_name"": ""Maestro"", ""account_type"": ""Checking"", ""currency_code"": ""USD"", ""spend_forecast"": 2081.63, ""spend_lower"": 1665.3, ""spend_upper"": 2497.96, ""hist_avg_spend"": 10708.77, ""n_months"": 22}]"
USR689zf,2025-01,21,Consistent Weekly,2731.43,0.0,46850.66,prophet,3,1,4,prophet,910.48,9343.73,2.8,1392.06,3,-70.8,decreasing,96.2,high,"{""Shopping"": {""forecast"": 1128.42, ""lower"": 902.74, ""upper"": 1354.11, ""hist_avg"": 35386.05, ""data_points"": 5}, ""Personal Hygiene"": {""forecast"": 1282.36, ""lower"": 1025.89, ""upper"": 1538.83, ""hist_avg"": 1253.47, ""data_points"": 4}, ""Housing and Utilities"": {""forecast"": 1338.14, ""lower"": 1070.51, ""upper"": 1605.76, ""hist_avg"": 1910.97, ""data_points"": 2}}",Your spending is forecast to decreasing by 71% vs your historical average.,Based on 21 months of data using prophet.,[4202632551640792],4202632551640792,1,"[{""account_id"": 4202632551640792, ""account_name"": ""VISA 16 digit"", ""account_type"": ""Checking"", ""currency_code"": ""USD"", ""spend_forecast"": 948.08, ""spend_lower"": 758.47, ""spend_upper"": 1137.7, ""hist_avg_spend"": 9343.73, ""n_months"": 21}]"
USR691El,2025-02,22,Consistent Weekly,0.0,0.0,47777.03,prophet,2,0,3,prophet,0.0,11541.36,1.8,86.59,2,-100.0,decreasing,-100.0,high,"{""Shopping"": {""forecast"": 246679.84, ""lower"": 197343.87, ""upper"": 296015.81, ""hist_avg"": 246679.84, ""data_points"": 1}, ""Fitness"": {""forecast"": 506.68, ""lower"": 405.35, ""upper"": 608.02, ""hist_avg"": 305.52, ""data_points"": 7}, ""Travel"": {""forecast"": 458.91, ""lower"": 367.13, ""upper"": 550.7, ""hist_avg"": 670.43, ""data_points"": 2}}",Your spending is forecast to decreasing by 100% vs your historical average.,Based on 22 months of data using prophet.,[2958487517890362],2958487517890362,1,"[{""account_id"": 2958487517890362, ""account_name"": ""American Express"", ""account_type"": ""Savings"", ""currency_code"": ""USD"", ""spend_forecast"": 238.67, ""spend_lower"": 190.93, ""spend_upper"": 286.4, ""hist_avg_spend"": 11541.36, ""n_months"": 22}]"
USR691Fc,2025-01,22,Single-Tasker,0.0,0.0,3012.33,prophet,3,0,5,prophet,0.0,1131.84,2.5,107.2,1,-100.0,decreasing,-100.0,high,"{""Shopping"": {""forecast"": 3786.33, ""lower"": 3029.06, ""upper"": 4543.59, ""hist_avg"": 5820.64, ""data_points"": 3}, ""Personal Hygiene"": {""forecast"": 28.09, ""lower"": 22.47, ""upper"": 33.7, ""hist_avg"": 590.4, ""data_points"": 6}, ""Medical/Dental"": {""forecast"": 301.0, ""lower"": 240.8, ""upper"": 361.19, ""hist_avg"": 266.33, ""data_points"": 4}}",Your spending is forecast to decreasing by 100% vs your historical average.,Based on 22 months of data using prophet.,[5767004796880259],5767004796880259,1,"[{""account_id"": 5767004796880259, ""account_name"": ""Diners Club / Carte Blanche"", ""account_type"": ""Checking"", ""currency_code"": ""USD"", ""spend_forecast"": 333.88, ""spend_lower"": 267.1, ""spend_upper"": 400.65, ""hist_avg_spend"": 1131.84, ""n_months"": 22}]"
USR698Qr,2025-12,4,Low Activity/Trial,1825.56,0.0,3842.75,prophet,21,0,45,prophet,86.93,1900.91,24.5,21.71,2,-4.0,stable,8308.8,medium,"{""Other"": {""forecast"": 1705.38, ""lower"": 1364.3, ""upper"": 2046.45, ""hist_avg"": 1728.29, ""data_points"": 4}, ""Transportation"": {""forecast"": 114.96, ""lower"": 91.97, ""upper"": 137.95, ""hist_avg"": 99.97, ""data_points"": 3}, ""Shopping"": {""forecast"": 98.96, ""lower"": 79.17, ""upper"": 118.75, ""hist_avg"": 98.96, ""data_points"": 2}}",Your spending is forecast to remain stable near your historical average of $1901.,Based on 4 months of data using prophet.,[6110863183815734],6110863183815734,1,"[{""account_id"": 6110863183815734, ""account_name"": ""Jooksevkonto"", ""account_type"": ""CHECKING"", ""currency_code"": ""EUR"", ""spend_forecast"": 1871.55, ""spend_lower"": 1497.24, ""spend_upper"": 2245.86, ""hist_avg_spend"": 1900.91, ""n_months"": 4}]"
USR698Vo,2025-01,20,Single-Tasker,424.71,0.0,2378.42,prophet,2,1,3,prophet,212.35,640.32,2.0,255.11,4,-33.7,decreasing,66.5,high,"{""Housing and Utilities"": {""forecast"": 2265.43, ""lower"": 1812.34, ""upper"": 2718.52, ""hist_avg"": 3324.82, ""data_points"": 2}, ""Shopping"": {""forecast"": 691.94, ""lower"": 553.55, ""upper"": 830.33, ""hist_avg"": 452.25, ""data_points"": 4}, ""Medical/Dental"": {""forecast"": 233.85, ""lower"": 187.08, ""upper"": 280.62, ""hist_avg"": 371.08, ""data_points"": 3}}",Your spending is forecast to decreasing by 34% vs your historical average.,Based on 20 months of data using prophet.,[1043361745109634],1043361745109634,1,"[{""account_id"": 1043361745109634, ""account_name"": ""Diners Club / Carte Blanche"", ""account_type"": ""Checking"", ""currency_code"": ""USD"", ""spend_forecast"": 253.68, ""spend_lower"": 202.94, ""spend_upper"": 304.42, ""hist_avg_spend"": 640.32, ""n_months"": 20}]"
USR703am,2025-01,21,Consistent Weekly,986.78,362.88,1567.95,prophet,3,1,4,prophet,328.93,613.96,2.2,2335.83,5,60.7,increasing,-57.8,high,"{""Medical/Dental"": {""forecast"": 499.59, ""lower"": 399.68, ""upper"": 599.51, ""hist_avg"": 488.4, ""data_points"": 6}, ""Fitness"": {""forecast"": 663.08, ""lower"": 530.47, ""upper"": 795.7, ""hist_avg"": 521.73, ""data_points"": 5}, ""Travel"": {""forecast"": 498.84, ""lower"": 399.07, ""upper"": 598.61, ""hist_avg"": 480.08, ""data_points"": 5}}",Your spending is forecast to increasing by 61% vs your historical average.,Based on 21 months of data using prophet.,[7344597357704186],7344597357704186,1,"[{""account_id"": 7344597357704186, ""account_name"": ""VISA 16 digit"", ""account_type"": ""Savings"", ""currency_code"": ""USD"", ""spend_forecast"": 1471.3, ""spend_lower"": 1177.04, ""spend_upper"": 1765.56, ""hist_avg_spend"": 613.96, ""n_months"": 21}]"
USR704Np,2025-02,23,Consistent Weekly,1930.43,0.0,19431.03,prophet,2,1,3,prophet,965.22,4427.82,2.1,550.33,2,-56.4,decreasing,250.8,high,"{""Shopping"": {""forecast"": 1934.27, ""lower"": 1547.42, ""upper"": 2321.13, ""hist_avg"": 13244.7, ""data_points"": 7}, ""Fitness"": {""forecast"": 381.4, ""lower"": 305.12, ""upper"": 457.68, ""hist_avg"": 467.89, ""data_points"": 6}, ""Medical/Dental"": {""forecast"": 444.12, ""lower"": 355.3, ""upper"": 532.95, ""hist_avg"": 409.82, ""data_points"": 6}}",Your spending is forecast to decreasing by 56% vs your historical average.,Based on 23 months of data using prophet.,[6847503815544676],6847503815544676,1,"[{""account_id"": 6847503815544676, ""account_name"": ""JCB 16 digit"", ""account_type"": ""Checking"", ""currency_code"": ""USD"", ""spend_forecast"": 1286.08, ""spend_lower"": 1028.87, ""spend_upper"": 1543.3, ""hist_avg_spend"": 4427.82, ""n_months"": 23}]"
USR708ic,2025-02,22,Single-Tasker,698.78,0.0,2585.87,prophet,2,0,3,prophet,349.39,1199.14,2.8,4118.3,2,-41.7,decreasing,-83.0,high,"{""Shopping"": {""forecast"": 2107.06, ""lower"": 1685.65, ""upper"": 2528.47, ""hist_avg"": 1492.28, ""data_points"": 6}, ""Personal Hygiene"": {""forecast"": 1338.47, ""lower"": 1070.77, ""upper"": 1606.16, ""hist_avg"": 1138.99, ""data_points"": 4}, ""Housing and Utilities"": {""forecast"": 661.19, ""lower"": 528.96, ""upper"": 793.43, ""hist_avg"": 1246.38, ""data_points"": 3}}",Your spending is forecast to decreasing by 42% vs your historical average.,Based on 22 months of data using prophet.,[2484857538967064],2484857538967064,1,"[{""account_id"": 2484857538967064, ""account_name"": ""VISA 19 digit"", ""account_type"": ""Checking"", ""currency_code"": ""USD"", ""spend_forecast"": 2232.22, ""spend_lower"": 1785.78, ""spend_upper"": 2678.66, ""hist_avg_spend"": 1199.14, ""n_months"": 22}]"
USR710BJ,2025-01,20,Single-Tasker,0.0,0.0,45991.21,prophet,2,0,3,prophet,0.0,15081.73,2.1,1232.23,2,-100.0,decreasing,-100.0,high,"{""Shopping"": {""forecast"": 49494.05, ""lower"": 39595.24, ""upper"": 59392.86, ""hist_avg"": 98705.98, ""data_points"": 3}, ""Medical/Dental"": {""forecast"": 503.61, ""lower"": 402.89, ""upper"": 604.33, ""hist_avg"": 360.48, ""data_points"": 4}, ""Travel"": {""forecast"": 820.19, ""lower"": 656.15, ""upper"": 984.23, ""hist_avg"": 626.66, ""data_points"": 2}}",Your spending is forecast to decreasing by 100% vs your historical average.,Based on 20 months of data using prophet.,[6000980453109455],6000980453109455,1,"[{""account_id"": 6000980453109455, ""account_name"": ""Mastercard"", ""account_type"": ""Savings"", ""currency_code"": ""USD"", ""spend_forecast"": 792.54, ""spend_lower"": 634.03, ""spend_upper"": 951.05, ""hist_avg_spend"": 15081.73, ""n_months"": 20}]"
USR718AA,2025-10,24,Single-Tasker,5850.0,5850.0,5850.0,prophet,1,1,1,prophet,5850.0,5850.0,1.0,5850.0,1,0.0,stable,0.0,high,"{""Finance"": {""forecast"": 5850.0, ""lower"": 4680.0, ""upper"": 7020.0, ""hist_avg"": 5850.0, ""data_points"": 24}}",Your spending is forecast to remain stable near your historical average of $5850.,Based on 24 months of data using prophet.,[7210436570635510],7210436570635510,1,"[{""account_id"": 7210436570635510, ""account_name"": ""Plaid Money Market"", ""account_type"": ""money market depository"", ""currency_code"": ""USD"", ""spend_forecast"": 5850.0, ""spend_lower"": 4680.0, ""spend_upper"": 7020.0, ""hist_avg_spend"": 5850.0, ""n_months"": 24}]"
USR718eU,2025-02,22,Consistent Weekly,348.32,0.0,2036.01,prophet,3,1,4,prophet,116.11,771.16,2.1,84.48,2,-54.8,decreasing,312.3,high,"{""Housing and Utilities"": {""forecast"": 54.95, ""lower"": 43.96, ""upper"": 65.94, ""hist_avg"": 782.1, ""data_points"": 8}, ""Shopping"": {""forecast"": 872.7, ""lower"": 698.16, ""upper"": 1047.25, ""hist_avg"": 1185.38, ""data_points"": 3}, ""Fitness"": {""forecast"": 762.58, ""lower"": 610.06, ""upper"": 915.09, ""hist_avg"": 570.77, ""data_points"": 3}}",Your spending is forecast to decreasing by 55% vs your historical average.,Based on 22 months of data using prophet.,[1703509542445537],1703509542445537,1,"[{""account_id"": 1703509542445537, ""account_name"": ""VISA 13 digit"", ""account_type"": ""Checking"", ""currency_code"": ""USD"", ""spend_forecast"": 85.53, ""spend_lower"": 68.42, ""spend_upper"": 102.63, ""hist_avg_spend"": 771.16, ""n_months"": 22}]"
USR721Sq,2025-10,24,Single-Tasker,1000.0,1000.0,1000.0,prophet,1,1,1,prophet,1000.0,1000.0,1.0,1000.0,1,0.0,stable,0.0,high,"{""Finance"": {""forecast"": 1000.0, ""lower"": 800.0, ""upper"": 1200.0, ""hist_avg"": 1000.0, ""data_points"": 24}}",Your spending is forecast to remain stable near your historical average of $1000.,Based on 24 months of data using prophet.,[6303715070748633],6303715070748633,1,"[{""account_id"": 6303715070748633, ""account_name"": ""Plaid CD"", ""account_type"": ""cd depository"", ""currency_code"": ""USD"", ""spend_forecast"": 1000.0, ""spend_lower"": 800.0, ""spend_upper"": 1200.0, ""hist_avg_spend"": 1000.0, ""n_months"": 24}]"
USR721Xc,2025-02,21,Single-Tasker,3587.85,0.0,17196.85,prophet,2,1,4,prophet,1793.92,3420.2,2.2,4.83,1,4.9,stable,74182.6,high,"{""Shopping"": {""forecast"": 28618.79, ""lower"": 22895.03, ""upper"": 34342.55, ""hist_avg"": 22186.75, ""data_points"": 3}, ""Medical/Dental"": {""forecast"": 394.97, ""lower"": 315.98, ""upper"": 473.97, ""hist_avg"": 463.59, ""data_points"": 4}, ""Friend Activities"": {""forecast"": 118.58, ""lower"": 94.86, ""upper"": 142.29, ""hist_avg"": 242.97, ""data_points"": 5}}",Your spending is forecast to remain stable near your historical average of $3420.,Based on 21 months of data using prophet.,[975087702556556],975087702556556,1,"[{""account_id"": 975087702556556, ""account_name"": ""VISA 16 digit"", ""account_type"": ""Savings"", ""currency_code"": ""USD"", ""spend_forecast"": 106.39, ""spend_lower"": 85.11, ""spend_upper"": 127.66, ""hist_avg_spend"": 3420.2, ""n_months"": 21}]"
USR723TN,2025-02,22,Single-Tasker,293.57,0.0,1204.45,prophet,2,0,4,prophet,146.78,714.14,2.5,43.77,1,-58.9,decreasing,570.7,high,"{""Travel"": {""forecast"": 768.4, ""lower"": 614.72, ""upper"": 922.08, ""hist_avg"": 456.86, ""data_points"": 7}, ""Fitness"": {""forecast"": 115.17, ""lower"": 92.14, ""upper"": 138.21, ""hist_avg"": 431.62, ""data_points"": 7}, ""Housing and Utilities"": {""forecast"": 406.18, ""lower"": 324.95, ""upper"": 487.42, ""hist_avg"": 562.4, ""data_points"": 4}}",Your spending is forecast to decreasing by 59% vs your historical average.,Based on 22 months of data using prophet.,[5756995366242133],5756995366242133,1,"[{""account_id"": 5756995366242133, ""account_name"": ""Diners Club / Carte Blanche"", ""account_type"": ""Checking"", ""currency_code"": ""USD"", ""spend_forecast"": 61.37, ""spend_lower"": 49.1, ""spend_upper"": 73.64, ""hist_avg_spend"": 714.14, ""n_months"": 22}]"
USR724hb,2025-10,24,Single-Tasker,1000.0,1000.0,1000.0,prophet,1,1,1,prophet,1000.0,1000.0,1.0,1000.0,1,0.0,stable,0.0,high,"{""Finance"": {""forecast"": 1000.0, ""lower"": 800.0, ""upper"": 1200.0, ""hist_avg"": 1000.0, ""data_points"": 24}}",Your spending is forecast to remain stable near your historical average of $1000.,Based on 24 months of data using prophet.,[5110063386224117],5110063386224117,1,"[{""account_id"": 5110063386224117, ""account_name"": ""Plaid CD"", ""account_type"": ""cd depository"", ""currency_code"": ""USD"", ""spend_forecast"": 1000.0, ""spend_lower"": 800.0, ""spend_upper"": 1200.0, ""hist_avg_spend"": 1000.0, ""n_months"": 24}]"
USR725fj,2025-02,23,Single-Tasker,4896.05,0.0,20448.93,prophet,3,2,5,prophet,1632.02,4509.12,3.0,224.11,1,8.6,stable,2084.7,high,"{""Shopping"": {""forecast"": 11801.83, ""lower"": 9441.47, ""upper"": 14162.2, ""hist_avg"": 14025.5, ""data_points"": 5}, ""Housing and Utilities"": {""forecast"": 3950.85, ""lower"": 3160.68, ""upper"": 4741.02, ""hist_avg"": 3143.74, ""data_points"": 6}, ""Fitness"": {""forecast"": 865.99, ""lower"": 692.79, ""upper"": 1039.18, ""hist_avg"": 1083.66, ""data_points"": 4}}",Your spending is forecast to remain stable near your historical average of $4509.,Based on 23 months of data using prophet.,[1309156750865545],1309156750865545,1,"[{""account_id"": 1309156750865545, ""account_name"": ""VISA 16 digit"", ""account_type"": ""Checking"", ""currency_code"": ""USD"", ""spend_forecast"": 472.49, ""spend_lower"": 377.99, ""spend_upper"": 566.99, ""hist_avg_spend"": 4509.12, ""n_months"": 23}]"
USR726Lh,2025-01,23,Consistent Weekly,388.33,0.0,971.09,prophet,2,0,3,prophet,194.16,488.14,2.4,841.44,2,-20.4,decreasing,-53.8,high,"{""Medical/Dental"": {""forecast"": 253.29, ""lower"": 202.63, ""upper"": 303.95, ""hist_avg"": 363.25, ""data_points"": 6}, ""Shopping"": {""forecast"": 412.02, ""lower"": 329.62, ""upper"": 494.43, ""hist_avg"": 646.41, ""data_points"": 3}, ""Gifts"": {""forecast"": 416.9, ""lower"": 333.52, ""upper"": 500.28, ""hist_avg"": 207.33, ""data_points"": 8}}",Your spending is forecast to decreasing by 20% vs your historical average.,Based on 23 months of data using prophet.,[5758936392022555],5758936392022555,1,"[{""account_id"": 5758936392022555, ""account_name"": ""VISA 13 digit"", ""account_type"": ""Checking"", ""currency_code"": ""USD"", ""spend_forecast"": 667.74, ""spend_lower"": 534.19, ""spend_upper"": 801.28, ""hist_avg_spend"": 488.14, ""n_months"": 23}]"
USR726VM,2025-01,23,Single-Tasker,7574.4,0.0,22610.83,prophet,2,1,4,prophet,3787.2,3958.55,2.1,10.67,1,91.3,increasing,70887.8,high,"{""Shopping"": {""forecast"": 25679.33, ""lower"": 20543.46, ""upper"": 30815.2, ""hist_avg"": 19831.31, ""data_points"": 4}, ""Travel"": {""forecast"": 514.76, ""lower"": 411.81, ""upper"": 617.71, ""hist_avg"": 532.31, ""data_points"": 7}, ""Fitness"": {""forecast"": 1028.81, ""lower"": 823.05, ""upper"": 1234.57, ""hist_avg"": 833.99, ""data_points"": 3}}",Your spending is forecast to increasing by 91% vs your historical average.,Based on 23 months of data using prophet.,[9860410258164577],9860410258164577,1,"[{""account_id"": 9860410258164577, ""account_name"": ""JCB 16 digit"", ""account_type"": ""Savings"", ""currency_code"": ""USD"", ""spend_forecast"": 239.62, ""spend_lower"": 191.7, ""spend_upper"": 287.54, ""hist_avg_spend"": 3958.55, ""n_months"": 23}]"
USR733gw,2025-12,4,Low Activity/Trial,1825.56,0.0,3830.78,prophet,21,0,44,prophet,86.93,1900.91,24.5,21.71,2,-4.0,stable,8308.8,medium,"{""Finance"": {""forecast"": 1057.23, ""lower"": 845.79, ""upper"": 1268.68, ""hist_avg"": 1408.41, ""data_points"": 3}, ""Housing and Utilities"": {""forecast"": 565.66, ""lower"": 452.53, ""upper"": 678.79, ""hist_avg"": 457.32, ""data_points"": 3}, ""Other"": {""forecast"": 332.74, ""lower"": 266.19, ""upper"": 399.29, ""hist_avg"": 285.62, ""data_points"": 3}}",Your spending is forecast to remain stable near your historical average of $1901.,Based on 4 months of data using prophet.,[9650043164794435],9650043164794435,1,"[{""account_id"": 9650043164794435, ""account_name"": ""Current Account"", ""account_type"": ""CHECKING"", ""currency_code"": ""GBP"", ""spend_forecast"": 1871.55, ""spend_lower"": 1497.24, ""spend_upper"": 2245.86, ""hist_avg_spend"": 1900.91, ""n_months"": 4}]"
USR737zJ,2025-02,22,Single-Tasker,265.42,0.0,1634.12,prophet,2,0,4,prophet,132.71,703.03,2.5,7.35,1,-62.2,decreasing,3511.2,high,"{""Housing and Utilities"": {""forecast"": 75.27, ""lower"": 60.22, ""upper"": 90.32, ""hist_avg"": 731.67, ""data_points"": 8}, ""Fitness"": {""forecast"": 438.22, ""lower"": 350.58, ""upper"": 525.86, ""hist_avg"": 417.74, ""data_points"": 7}, ""Personal Hygiene"": {""forecast"": 403.8, ""lower"": 323.04, ""upper"": 484.56, ""hist_avg"": 481.67, ""data_points"": 5}}",Your spending is forecast to decreasing by 62% vs your historical average.,Based on 22 months of data using prophet.,[1703601111473812],1703601111473812,1,"[{""account_id"": 1703601111473812, ""account_name"": ""JCB 16 digit"", ""account_type"": ""Checking"", ""currency_code"": ""USD"", ""spend_forecast"": 136.44, ""spend_lower"": 109.15, ""spend_upper"": 163.73, ""hist_avg_spend"": 703.03, ""n_months"": 22}]"
USR739UP,2025-12,28,High-Intensity User,6822.82,0.0,14610.88,prophet,74,0,173,prophet,92.2,4668.94,104.8,119.8,14,46.1,increasing,5595.2,high,"{""Finance"": {""forecast"": 7877.62, ""lower"": 6302.09, ""upper"": 9453.14, ""hist_avg"": 3044.69, ""data_points"": 28}, ""Personal Hygiene"": {""forecast"": 2939.77, ""lower"": 2351.81, ""upper"": 3527.72, ""hist_avg"": 1336.02, ""data_points"": 15}, ""Other"": {""forecast"": 1514.04, ""lower"": 1211.23, ""upper"": 1816.85, ""hist_avg"": 462.89, ""data_points"": 22}}",Your spending is forecast to increasing by 46% vs your historical average.,Based on 28 months of data using prophet.,[4556349551117200],4556349551117200,1,"[{""account_id"": 4556349551117200, ""account_name"": ""Mastercard"", ""account_type"": ""Savings"", ""currency_code"": ""USD"", ""spend_forecast"": 10542.13, ""spend_lower"": 8433.7, ""spend_upper"": 12650.55, ""hist_avg_spend"": 4668.94, ""n_months"": 28}]"
USR739ei,2025-02,19,Single-Tasker,3057.98,0.0,6438.73,prophet,2,0,5,prophet,1528.99,1810.15,2.4,337.53,1,68.9,increasing,806.0,high,"{""Housing and Utilities"": {""forecast"": 3268.44, ""lower"": 2614.75, ""upper"": 3922.13, ""hist_avg"": 4205.33, ""data_points"": 6}, ""Medical/Dental"": {""forecast"": 453.22, ""lower"": 362.58, ""upper"": 543.86, ""hist_avg"": 430.16, ""data_points"": 6}, ""Gifts"": {""forecast"": 263.9, ""lower"": 211.12, ""upper"": 316.68, ""hist_avg"": 532.49, ""data_points"": 4}}",Your spending is forecast to increasing by 69% vs your historical average.,Based on 19 months of data using prophet.,[8321704044270430],8321704044270430,1,"[{""account_id"": 8321704044270430, ""account_name"": ""Mastercard"", ""account_type"": ""Checking"", ""currency_code"": ""USD"", ""spend_forecast"": 979.8, ""spend_lower"": 783.84, ""spend_upper"": 1175.76, ""hist_avg_spend"": 1810.15, ""n_months"": 19}]"
USR746kv,2025-01,21,Consistent Weekly,0.0,0.0,4365.95,prophet,2,1,4,prophet,0.0,1556.41,2.1,99.26,3,-100.0,decreasing,-100.0,high,"{""Shopping"": {""forecast"": 9011.11, ""lower"": 7208.89, ""upper"": 10813.33, ""hist_avg"": 12128.78, ""data_points"": 2}, ""Housing and Utilities"": {""forecast"": 497.99, ""lower"": 398.39, ""upper"": 597.59, ""hist_avg"": 892.16, ""data_points"": 3}, ""Travel"": {""forecast"": 146.74, ""lower"": 117.39, ""upper"": 176.09, ""hist_avg"": 348.19, ""data_points"": 4}}",Your spending is forecast to decreasing by 100% vs your historical average.,Based on 21 months of data using prophet.,[1782369306730165],1782369306730165,1,"[{""account_id"": 1782369306730165, ""account_name"": ""VISA 13 digit"", ""account_type"": ""Savings"", ""currency_code"": ""USD"", ""spend_forecast"": 56.84, ""spend_lower"": 45.47, ""spend_upper"": 68.2, ""hist_avg_spend"": 1556.41, ""n_months"": 21}]"
USR747HD,2025-11,2,Single-Tasker,2000.0,1600.0,2400.0,wma,1,1,1,wma,2000.0,2000.0,1.0,2000.0,1,0.0,stable,0.0,low,"{""Other"": {""forecast"": 2000.0, ""lower"": 1600.0, ""upper"": 2400.0, ""hist_avg"": 2000.0, ""data_points"": 2}}",Your spending is forecast to remain stable near your historical average of $2000.,Based on 2 months of data using wma. Treat as indicative only.,[2924061196412639],2924061196412639,1,"[{""account_id"": 2924061196412639, ""account_name"": ""Sparekonto"", ""account_type"": ""SAVINGS"", ""currency_code"": ""NOK"", ""spend_forecast"": 2000.0, ""spend_lower"": 1600.0, ""spend_upper"": 2400.0, ""hist_avg_spend"": 2000.0, ""n_months"": 2}]"
USR748ZE,2025-11,2,Single-Tasker,200.0,160.0,240.0,wma,1,1,1,wma,200.0,200.0,1.0,200.0,1,0.0,stable,0.0,low,"{""Finance"": {""forecast"": 200.0, ""lower"": 160.0, ""upper"": 240.0, ""hist_avg"": 200.0, ""data_points"": 2}}",Your spending is forecast to remain stable near your historical average of $200.,Based on 2 months of data using wma. Treat as indicative only.,[1419519482145888],1419519482145888,1,"[{""account_id"": 1419519482145888, ""account_name"": ""Cuenta de ahorro"", ""account_type"": ""SAVINGS"", ""currency_code"": ""EUR"", ""spend_forecast"": 200.0, ""spend_lower"": 160.0, ""spend_upper"": 240.0, ""hist_avg_spend"": 200.0, ""n_months"": 2}]"
USR755DK,2025-11,2,Single-Tasker,230.0,184.0,276.0,wma,1,1,1,wma,230.0,230.0,1.0,230.0,1,0.0,stable,0.0,low,"{""Other"": {""forecast"": 230.0, ""lower"": 184.0, ""upper"": 276.0, ""hist_avg"": 230.0, ""data_points"": 2}}",Your spending is forecast to remain stable near your historical average of $230.,Based on 2 months of data using wma. Treat as indicative only.,[7054344875302522],7054344875302522,1,"[{""account_id"": 7054344875302522, ""account_name"": ""Taupomoji s\u0105skaita"", ""account_type"": ""SAVINGS"", ""currency_code"": ""EUR"", ""spend_forecast"": 230.0, ""spend_lower"": 184.0, ""spend_upper"": 276.0, ""hist_avg_spend"": 230.0, ""n_months"": 2}]"
USR756hT,2025-01,21,Single-Tasker,0.0,0.0,68361.59,prophet,3,1,4,prophet,0.0,15851.37,2.4,98.03,2,-100.0,decreasing,-100.0,high,"{""Shopping"": {""forecast"": 179.64, ""lower"": 143.71, ""upper"": 215.57, ""hist_avg"": 81450.51, ""data_points"": 4}, ""Housing and Utilities"": {""forecast"": 733.53, ""lower"": 586.82, ""upper"": 880.23, ""hist_avg"": 727.54, ""data_points"": 3}, ""Travel"": {""forecast"": 439.52, ""lower"": 351.62, ""upper"": 527.43, ""hist_avg"": 274.64, ""data_points"": 5}}",Your spending is forecast to decreasing by 100% vs your historical average.,Based on 21 months of data using prophet.,[1746699275281552],1746699275281552,1,"[{""account_id"": 1746699275281552, ""account_name"": ""VISA 13 digit"", ""account_type"": ""Savings"", ""currency_code"": ""USD"", ""spend_forecast"": 609.95, ""spend_lower"": 487.96, ""spend_upper"": 731.94, ""hist_avg_spend"": 15851.37, ""n_months"": 21}]"
USR756uA,2025-02,22,Single-Tasker,701.51,0.0,2800.58,prophet,2,0,4,prophet,350.75,1009.41,2.6,126.88,1,-30.5,decreasing,452.9,high,"{""Shopping"": {""forecast"": 2785.85, ""lower"": 2228.68, ""upper"": 3343.02, ""hist_avg"": 1443.77, ""data_points"": 5}, ""Housing and Utilities"": {""forecast"": 88.28, ""lower"": 70.63, ""upper"": 105.94, ""hist_avg"": 751.0, ""data_points"": 5}, ""Travel"": {""forecast"": 361.23, ""lower"": 288.98, ""upper"": 433.47, ""hist_avg"": 458.75, ""data_points"": 5}}",Your spending is forecast to decreasing by 30% vs your historical average.,Based on 22 months of data using prophet.,[3606395902696650],3606395902696650,1,"[{""account_id"": 3606395902696650, ""account_name"": ""Maestro"", ""account_type"": ""Savings"", ""currency_code"": ""USD"", ""spend_forecast"": 104.58, ""spend_lower"": 83.66, ""spend_upper"": 125.5, ""hist_avg_spend"": 1009.41, ""n_months"": 22}]"
USR757AI,2025-01,20,Consistent Weekly,136.95,0.0,664.51,prophet,2,0,3,prophet,68.47,375.51,2.0,212.42,5,-63.5,decreasing,-35.5,high,"{""Medical/Dental"": {""forecast"": 609.13, ""lower"": 487.31, ""upper"": 730.96, ""hist_avg"": 474.32, ""data_points"": 4}, ""Fitness"": {""forecast"": 1764.2, ""lower"": 1411.36, ""upper"": 2117.04, ""hist_avg"": 1764.2, ""data_points"": 1}, ""Friend Activities"": {""forecast"": 367.23, ""lower"": 293.79, ""upper"": 440.68, ""hist_avg"": 296.85, ""data_points"": 4}}",Your spending is forecast to decreasing by 64% vs your historical average.,Based on 20 months of data using prophet.,[822184616482060],822184616482060,1,"[{""account_id"": 822184616482060, ""account_name"": ""JCB 16 digit"", ""account_type"": ""Checking"", ""currency_code"": ""USD"", ""spend_forecast"": 176.81, ""spend_lower"": 141.45, ""spend_upper"": 212.17, ""hist_avg_spend"": 375.51, ""n_months"": 20}]"
USR759Fr,2025-02,20,Single-Tasker,6750.0,0.0,70299.69,prophet,3,1,4,prophet,2250.0,16269.12,2.2,129.5,1,-58.5,decreasing,5112.4,high,"{""Shopping"": {""forecast"": 93109.47, ""lower"": 74487.58, ""upper"": 111731.37, ""hist_avg"": 79636.92, ""data_points"": 4}, ""Gifts"": {""forecast"": 1312.56, ""lower"": 1050.05, ""upper"": 1575.08, ""hist_avg"": 1026.77, ""data_points"": 2}, ""Friend Activities"": {""forecast"": 214.84, ""lower"": 171.87, ""upper"": 257.81, ""hist_avg"": 404.77, ""data_points"": 5}}",Your spending is forecast to decreasing by 58% vs your historical average.,Based on 20 months of data using prophet.,[3555536118789913],3555536118789913,1,"[{""account_id"": 3555536118789913, ""account_name"": ""American Express"", ""account_type"": ""Savings"", ""currency_code"": ""USD"", ""spend_forecast"": 157.55, ""spend_lower"": 126.04, ""spend_upper"": 189.06, ""hist_avg_spend"": 16269.12, ""n_months"": 20}]"
USR761gu,2025-11,25,Single-Tasker,534.4,412.48,667.06,prophet,5,4,7,prophet,106.88,596.34,5.8,89.4,1,-10.4,decreasing,497.8,high,"{""Transportation"": {""forecast"": 512.78, ""lower"": 410.23, ""upper"": 615.34, ""hist_avg"": 511.73, ""data_points"": 24}, ""Groceries"": {""forecast"": 89.4, ""lower"": 71.52, ""upper"": 107.28, ""hist_avg"": 89.4, ""data_points"": 25}, ""Food and Dining"": {""forecast"": 16.33, ""lower"": 13.06, ""upper"": 19.6, ""hist_avg"": 16.33, ""data_points"": 24}}",Your spending is forecast to decreasing by 10% vs your historical average.,Based on 25 months of data using prophet.,[5019787361317249],5019787361317249,1,"[{""account_id"": 5019787361317249, ""account_name"": ""Plaid Checking"", ""account_type"": ""checking depository"", ""currency_code"": ""USD"", ""spend_forecast"": 353.43, ""spend_lower"": 282.74, ""spend_upper"": 424.12, ""hist_avg_spend"": 596.34, ""n_months"": 25}]"
USR765RD,2025-02,20,Healthy Active User,620.01,0.0,2292.0,prophet,3,1,5,prophet,206.67,726.61,2.8,471.18,3,-14.7,decreasing,31.6,high,"{""Housing and Utilities"": {""forecast"": 146.09, ""lower"": 116.87, ""upper"": 175.31, ""hist_avg"": 841.67, ""data_points"": 7}, ""Personal Hygiene"": {""forecast"": 636.44, ""lower"": 509.15, ""upper"": 763.73, ""hist_avg"": 636.15, ""data_points"": 3}, ""Travel"": {""forecast"": 999.5, ""lower"": 799.6, ""upper"": 1199.4, ""hist_avg"": 789.82, ""data_points"": 2}}",Your spending is forecast to decreasing by 15% vs your historical average.,Based on 20 months of data using prophet.,[3327790754525823],3327790754525823,1,"[{""account_id"": 3327790754525823, ""account_name"": ""JCB 15 digit"", ""account_type"": ""Savings"", ""currency_code"": ""USD"", ""spend_forecast"": 570.85, ""spend_lower"": 456.68, ""spend_upper"": 685.01, ""hist_avg_spend"": 726.61, ""n_months"": 20}]"
USR774PR,2025-02,22,Single-Tasker,10314.51,0.0,25290.02,prophet,3,1,5,prophet,3438.17,3677.33,2.8,78.63,1,180.5,increasing,13017.8,high,"{""Shopping"": {""forecast"": 29978.42, ""lower"": 23982.74, ""upper"": 35974.11, ""hist_avg"": 9720.16, ""data_points"": 7}, ""Housing and Utilities"": {""forecast"": 1856.89, ""lower"": 1485.51, ""upper"": 2228.27, ""hist_avg"": 1169.51, ""data_points"": 5}, ""Medical/Dental"": {""forecast"": 625.09, ""lower"": 500.07, ""upper"": 750.11, ""hist_avg"": 470.62, ""data_points"": 6}}",Your spending is forecast to increasing by 180% vs your historical average.,Based on 22 months of data using prophet.,[754681912406738],754681912406738,1,"[{""account_id"": 754681912406738, ""account_name"": ""JCB 16 digit"", ""account_type"": ""Checking"", ""currency_code"": ""USD"", ""spend_forecast"": 1273.19, ""spend_lower"": 1018.55, ""spend_upper"": 1527.82, ""hist_avg_spend"": 3677.33, ""n_months"": 22}]"
USR778Dk,2025-01,21,Consistent Weekly,8691.89,0.0,22266.15,prophet,2,0,4,prophet,4345.94,3733.34,2.2,4670.91,2,132.8,increasing,86.1,high,"{""Shopping"": {""forecast"": 26331.71, ""lower"": 21065.37, ""upper"": 31598.05, ""hist_avg"": 9806.99, ""data_points"": 6}, ""Housing and Utilities"": {""forecast"": 2929.07, ""lower"": 2343.25, ""upper"": 3514.88, ""hist_avg"": 2153.73, ""data_points"": 6}, ""Medical/Dental"": {""forecast"": 585.88, ""lower"": 468.71, ""upper"": 703.06, ""hist_avg"": 589.22, ""data_points"": 4}}",Your spending is forecast to increasing by 133% vs your historical average.,Based on 21 months of data using prophet.,[3949741928248699],3949741928248699,1,"[{""account_id"": 3949741928248699, ""account_name"": ""American Express"", ""account_type"": ""Checking"", ""currency_code"": ""USD"", ""spend_forecast"": 2458.97, ""spend_lower"": 1967.18, ""spend_upper"": 2950.77, ""hist_avg_spend"": 3733.34, ""n_months"": 21}]"
USR784ar,2025-01,22,Healthy Active User,29179.92,0.0,94428.09,prophet,2,1,4,prophet,14589.96,11869.88,2.2,200.19,5,145.8,increasing,14476.1,high,"{""Shopping"": {""forecast"": 82825.1, ""lower"": 66260.08, ""upper"": 99390.12, ""hist_avg"": 124030.59, ""data_points"": 2}, ""Travel"": {""forecast"": 736.62, ""lower"": 589.3, ""upper"": 883.95, ""hist_avg"": 511.95, ""data_points"": 6}, ""Personal Hygiene"": {""forecast"": 398.05, ""lower"": 318.44, ""upper"": 477.67, ""hist_avg"": 587.94, ""data_points"": 4}}",Your spending is forecast to increasing by 146% vs your historical average.,Based on 22 months of data using prophet.,[7543884398141519],7543884398141519,1,"[{""account_id"": 7543884398141519, ""account_name"": ""VISA 13 digit"", ""account_type"": ""Checking"", ""currency_code"": ""USD"", ""spend_forecast"": 120.82, ""spend_lower"": 96.66, ""spend_upper"": 144.98, ""hist_avg_spend"": 11869.88, ""n_months"": 22}]"
USR785nU,2025-01,22,Single-Tasker,671.46,0.0,1560.93,prophet,2,0,3,prophet,335.73,666.51,2.1,1655.7,1,0.7,stable,-59.4,high,"{""Gifts"": {""forecast"": 1183.65, ""lower"": 946.92, ""upper"": 1420.38, ""hist_avg"": 980.21, ""data_points"": 4}, ""Personal Hygiene"": {""forecast"": 846.6, ""lower"": 677.28, ""upper"": 1015.92, ""hist_avg"": 932.67, ""data_points"": 4}, ""Travel"": {""forecast"": 413.16, ""lower"": 330.53, ""upper"": 495.8, ""hist_avg"": 243.39, ""data_points"": 8}}",Your spending is forecast to remain stable near your historical average of $667.,Based on 22 months of data using prophet.,[5647908738059733],5647908738059733,1,"[{""account_id"": 5647908738059733, ""account_name"": ""VISA 16 digit"", ""account_type"": ""Savings"", ""currency_code"": ""USD"", ""spend_forecast"": 1102.01, ""spend_lower"": 881.61, ""spend_upper"": 1322.41, ""hist_avg_spend"": 666.51, ""n_months"": 22}]"
USR793Ca,2025-01,19,Healthy Active User,4250.53,0.0,43700.46,prophet,3,1,5,prophet,1416.84,7694.59,2.2,193.1,2,-44.8,decreasing,2101.2,high,"{""Shopping"": {""forecast"": 45728.76, ""lower"": 36583.01, ""upper"": 54874.52, ""hist_avg"": 34326.05, ""data_points"": 4}, ""Housing and Utilities"": {""forecast"": 1594.23, ""lower"": 1275.39, ""upper"": 1913.08, ""hist_avg"": 1581.07, ""data_points"": 3}, ""Fitness"": {""forecast"": 399.38, ""lower"": 319.51, ""upper"": 479.26, ""hist_avg"": 484.49, ""data_points"": 3}}",Your spending is forecast to decreasing by 45% vs your historical average.,Based on 19 months of data using prophet.,[3649178965182352],3649178965182352,1,"[{""account_id"": 3649178965182352, ""account_name"": ""Diners Club / Carte Blanche"", ""account_type"": ""Savings"", ""currency_code"": ""USD"", ""spend_forecast"": 1653.99, ""spend_lower"": 1323.19, ""spend_upper"": 1984.79, ""hist_avg_spend"": 7694.59, ""n_months"": 19}]"
USR799Rk,2025-10,24,Single-Tasker,5850.0,5850.0,5850.0,prophet,1,1,1,prophet,5850.0,5850.0,1.0,5850.0,1,0.0,stable,0.0,high,"{""Finance"": {""forecast"": 5850.0, ""lower"": 4680.0, ""upper"": 7020.0, ""hist_avg"": 5850.0, ""data_points"": 24}}",Your spending is forecast to remain stable near your historical average of $5850.,Based on 24 months of data using prophet.,[1399053480162906],1399053480162906,1,"[{""account_id"": 1399053480162906, ""account_name"": ""Plaid Money Market"", ""account_type"": ""money market depository"", ""currency_code"": ""USD"", ""spend_forecast"": 5850.0, ""spend_lower"": 4680.0, ""spend_upper"": 7020.0, ""hist_avg_spend"": 5850.0, ""n_months"": 24}]"
USR803YO,2025-02,24,Consistent Weekly,18894.97,0.0,54326.55,prophet,2,1,4,prophet,9447.49,6439.38,2.2,1164.08,2,193.4,increasing,1523.2,high,"{""Shopping"": {""forecast"": 69857.38, ""lower"": 55885.9, ""upper"": 83828.85, ""hist_avg"": 46688.92, ""data_points"": 3}, ""Personal Hygiene"": {""forecast"": 1537.64, ""lower"": 1230.11, ""upper"": 1845.16, ""hist_avg"": 1284.57, ""data_points"": 4}, ""Fitness"": {""forecast"": 43.77, ""lower"": 35.02, ""upper"": 52.53, ""hist_avg"": 720.87, ""data_points"": 5}}",Your spending is forecast to increasing by 193% vs your historical average.,Based on 24 months of data using prophet.,[6714012310265196],6714012310265196,1,"[{""account_id"": 6714012310265196, ""account_name"": ""JCB 15 digit"", ""account_type"": ""Checking"", ""currency_code"": ""USD"", ""spend_forecast"": 808.36, ""spend_lower"": 646.69, ""spend_upper"": 970.03, ""hist_avg_spend"": 6439.38, ""n_months"": 24}]"
USR813QZ,2025-01,18,Single-Tasker,5467.06,0.0,11414.09,prophet,2,1,4,prophet,2733.53,2229.99,2.4,22296.25,2,145.2,increasing,-75.5,high,"{""Shopping"": {""forecast"": 11216.84, ""lower"": 8973.47, ""upper"": 13460.21, ""hist_avg"": 5891.54, ""data_points"": 5}, ""Housing and Utilities"": {""forecast"": 4208.39, ""lower"": 3366.71, ""upper"": 5050.07, ""hist_avg"": 4208.39, ""data_points"": 1}, ""Friend Activities"": {""forecast"": 228.78, ""lower"": 183.02, ""upper"": 274.53, ""hist_avg"": 304.11, ""data_points"": 6}}",Your spending is forecast to increasing by 145% vs your historical average.,Based on 18 months of data using prophet.,[8692017926644744],8692017926644744,1,"[{""account_id"": 8692017926644744, ""account_name"": ""VISA 13 digit"", ""account_type"": ""Savings"", ""currency_code"": ""USD"", ""spend_forecast"": 11373.44, ""spend_lower"": 9098.75, ""spend_upper"": 13648.13, ""hist_avg_spend"": 2229.99, ""n_months"": 18}]"
USR818nO,2025-01,23,Healthy Active User,16442.01,0.0,47865.02,prophet,3,1,5,prophet,5480.67,6772.54,2.6,20149.08,3,142.8,increasing,-18.4,high,"{""Shopping"": {""forecast"": 50718.83, ""lower"": 40575.07, ""upper"": 60862.6, ""hist_avg"": 28725.01, ""data_points"": 5}, ""Gifts"": {""forecast"": 381.91, ""lower"": 305.53, ""upper"": 458.29, ""hist_avg"": 454.88, ""data_points"": 6}, ""Medical/Dental"": {""forecast"": 481.35, ""lower"": 385.08, ""upper"": 577.62, ""hist_avg"": 618.45, ""data_points"": 4}}",Your spending is forecast to increasing by 143% vs your historical average.,Based on 23 months of data using prophet.,[8346901314453072],8346901314453072,1,"[{""account_id"": 8346901314453072, ""account_name"": ""VISA 19 digit"", ""account_type"": ""Checking"", ""currency_code"": ""USD"", ""spend_forecast"": 10464.94, ""spend_lower"": 8371.95, ""spend_upper"": 12557.93, ""hist_avg_spend"": 6772.54, ""n_months"": 23}]"
USR821Id,2025-02,23,Single-Tasker,127.85,0.0,2001.46,prophet,2,1,3,prophet,63.92,1048.68,2.1,127.41,1,-87.8,decreasing,0.3,high,"{""Housing and Utilities"": {""forecast"": 1040.22, ""lower"": 832.18, ""upper"": 1248.27, ""hist_avg"": 2324.56, ""data_points"": 4}, ""Shopping"": {""forecast"": 255.66, ""lower"": 204.53, ""upper"": 306.8, ""hist_avg"": 936.17, ""data_points"": 6}, ""Travel"": {""forecast"": 290.9, ""lower"": 232.72, ""upper"": 349.08, ""hist_avg"": 337.96, ""data_points"": 7}}",Your spending is forecast to decreasing by 88% vs your historical average.,Based on 23 months of data using prophet.,[1604890074220810],1604890074220810,1,"[{""account_id"": 1604890074220810, ""account_name"": ""Mastercard"", ""account_type"": ""Checking"", ""currency_code"": ""USD"", ""spend_forecast"": 343.12, ""spend_lower"": 274.5, ""spend_upper"": 411.75, ""hist_avg_spend"": 1048.68, ""n_months"": 23}]"
USR827NH,2025-10,24,Single-Tasker,5850.0,5850.0,5850.0,prophet,1,1,1,prophet,5850.0,5850.0,1.0,5850.0,1,0.0,stable,0.0,high,"{""Finance"": {""forecast"": 5850.0, ""lower"": 4680.0, ""upper"": 7020.0, ""hist_avg"": 5850.0, ""data_points"": 24}}",Your spending is forecast to remain stable near your historical average of $5850.,Based on 24 months of data using prophet.,[210381283745659],210381283745659,1,"[{""account_id"": 210381283745659, ""account_name"": ""Plaid Money Market"", ""account_type"": ""money market depository"", ""currency_code"": ""USD"", ""spend_forecast"": 5850.0, ""spend_lower"": 4680.0, ""spend_upper"": 7020.0, ""hist_avg_spend"": 5850.0, ""n_months"": 24}]"
USR828eU,2025-02,22,Healthy Active User,0.0,0.0,38260.17,prophet,3,1,4,prophet,0.0,8128.6,2.4,2559.01,3,-100.0,decreasing,-100.0,high,"{""Shopping"": {""forecast"": 1375.14, ""lower"": 1100.11, ""upper"": 1650.17, ""hist_avg"": 33937.96, ""data_points"": 5}, ""Gifts"": {""forecast"": 1106.31, ""lower"": 885.05, ""upper"": 1327.58, ""hist_avg"": 999.26, ""data_points"": 4}, ""Friend Activities"": {""forecast"": 322.72, ""lower"": 258.18, ""upper"": 387.27, ""hist_avg"": 232.56, ""data_points"": 6}}",Your spending is forecast to decreasing by 100% vs your historical average.,Based on 22 months of data using prophet.,[9274394784838791],9274394784838791,1,"[{""account_id"": 9274394784838791, ""account_name"": ""JCB 16 digit"", ""account_type"": ""Checking"", ""currency_code"": ""USD"", ""spend_forecast"": 1559.96, ""spend_lower"": 1247.97, ""spend_upper"": 1871.95, ""hist_avg_spend"": 8128.6, ""n_months"": 22}]"
USR829qO,2025-12,4,Low Activity/Trial,1912.36,0.0,4098.13,prophet,24,0,52,prophet,79.68,1935.1,24.5,21.71,2,-1.2,stable,8708.7,medium,"{""Finance"": {""forecast"": 1057.23, ""lower"": 845.79, ""upper"": 1268.68, ""hist_avg"": 1408.41, ""data_points"": 3}, ""Housing and Utilities"": {""forecast"": 650.0, ""lower"": 520.0, ""upper"": 780.0, ""hist_avg"": 650.0, ""data_points"": 2}, ""Other"": {""forecast"": 295.1, ""lower"": 236.08, ""upper"": 354.12, ""hist_avg"": 243.54, ""data_points"": 3}}",Your spending is forecast to remain stable near your historical average of $1935.,Based on 4 months of data using prophet.,[8363286485793800],8363286485793800,1,"[{""account_id"": 8363286485793800, ""account_name"": ""Current Account"", ""account_type"": ""CHECKING"", ""currency_code"": ""EUR"", ""spend_forecast"": 1924.63, ""spend_lower"": 1539.71, ""spend_upper"": 2309.56, ""hist_avg_spend"": 1935.1, ""n_months"": 4}]"
USR831lM,2025-11,2,Single-Tasker,200.0,160.0,240.0,wma,1,1,1,wma,200.0,200.0,1.0,200.0,1,0.0,stable,0.0,low,"{""Finance"": {""forecast"": 200.0, ""lower"": 160.0, ""upper"": 240.0, ""hist_avg"": 200.0, ""data_points"": 2}}",Your spending is forecast to remain stable near your historical average of $200.,Based on 2 months of data using wma. Treat as indicative only.,[5465886220234366],5465886220234366,1,"[{""account_id"": 5465886220234366, ""account_name"": ""Conta Poupan\u00e7a"", ""account_type"": ""SAVINGS"", ""currency_code"": ""EUR"", ""spend_forecast"": 200.0, ""spend_lower"": 160.0, ""spend_upper"": 240.0, ""hist_avg_spend"": 200.0, ""n_months"": 2}]"
USR832EJ,2025-01,21,Consistent Weekly,12421.6,0.0,36785.81,prophet,3,1,5,prophet,4140.53,7118.88,2.5,1058.89,3,74.5,increasing,1073.1,high,"{""Shopping"": {""forecast"": 34709.09, ""lower"": 27767.27, ""upper"": 41650.91, ""hist_avg"": 15969.29, ""data_points"": 8}, ""Housing and Utilities"": {""forecast"": 1097.22, ""lower"": 877.78, ""upper"": 1316.67, ""hist_avg"": 1907.83, ""data_points"": 5}, ""Fitness"": {""forecast"": 561.83, ""lower"": 449.46, ""upper"": 674.19, ""hist_avg"": 629.59, ""data_points"": 8}}",Your spending is forecast to increasing by 74% vs your historical average.,Based on 21 months of data using prophet.,[8489335112982257],8489335112982257,1,"[{""account_id"": 8489335112982257, ""account_name"": ""VISA 13 digit"", ""account_type"": ""Checking"", ""currency_code"": ""USD"", ""spend_forecast"": 23933.26, ""spend_lower"": 19146.6, ""spend_upper"": 28719.91, ""hist_avg_spend"": 7118.88, ""n_months"": 21}]"
USR834PN,2024-10,20,Consistent Weekly,381.85,0.0,1969.62,prophet,2,0,3,prophet,190.93,690.21,2.1,385.2,2,-44.7,decreasing,-0.9,high,"{""Shopping"": {""forecast"": 2036.03, ""lower"": 1628.82, ""upper"": 2443.24, ""hist_avg"": 2993.27, ""data_points"": 2}, ""Travel"": {""forecast"": 951.47, ""lower"": 761.17, ""upper"": 1141.76, ""hist_avg"": 950.34, ""data_points"": 2}, ""Transportation"": {""forecast"": 446.95, ""lower"": 357.56, ""upper"": 536.35, ""hist_avg"": 308.56, ""data_points"": 4}}",Your spending is forecast to decreasing by 45% vs your historical average.,Based on 20 months of data using prophet.,[2052228805142634],2052228805142634,1,"[{""account_id"": 2052228805142634, ""account_name"": ""VISA 19 digit"", ""account_type"": ""Savings"", ""currency_code"": ""USD"", ""spend_forecast"": 224.73, ""spend_lower"": 179.79, ""spend_upper"": 269.68, ""hist_avg_spend"": 690.21, ""n_months"": 20}]"
USR840Fs,2025-02,21,Healthy Active User,665.33,0.0,1448.67,prophet,2,1,3,prophet,332.67,639.27,2.2,773.68,3,4.1,stable,-14.0,high,"{""Fitness"": {""forecast"": 673.3, ""lower"": 538.64, ""upper"": 807.96, ""hist_avg"": 397.0, ""data_points"": 8}, ""Housing and Utilities"": {""forecast"": 444.36, ""lower"": 355.49, ""upper"": 533.23, ""hist_avg"": 655.1, ""data_points"": 4}, ""Gifts"": {""forecast"": 319.9, ""lower"": 255.92, ""upper"": 383.88, ""hist_avg"": 405.84, ""data_points"": 5}}",Your spending is forecast to remain stable near your historical average of $639.,Based on 21 months of data using prophet.,[3884768043111287],3884768043111287,1,"[{""account_id"": 3884768043111287, ""account_name"": ""Maestro"", ""account_type"": ""Checking"", ""currency_code"": ""USD"", ""spend_forecast"": 618.22, ""spend_lower"": 494.57, ""spend_upper"": 741.86, ""hist_avg_spend"": 639.27, ""n_months"": 21}]"
USR840Il,2025-10,24,Single-Tasker,1000.0,1000.0,1000.0,prophet,1,1,1,prophet,1000.0,1000.0,1.0,1000.0,1,0.0,stable,0.0,high,"{""Finance"": {""forecast"": 1000.0, ""lower"": 800.0, ""upper"": 1200.0, ""hist_avg"": 1000.0, ""data_points"": 24}}",Your spending is forecast to remain stable near your historical average of $1000.,Based on 24 months of data using prophet.,[9457973740993925],9457973740993925,1,"[{""account_id"": 9457973740993925, ""account_name"": ""Plaid CD"", ""account_type"": ""cd depository"", ""currency_code"": ""USD"", ""spend_forecast"": 1000.0, ""spend_lower"": 800.0, ""spend_upper"": 1200.0, ""hist_avg_spend"": 1000.0, ""n_months"": 24}]"
USR841fP,2025-11,2,Single-Tasker,200.0,160.0,240.0,wma,1,1,1,wma,200.0,200.0,1.0,200.0,1,0.0,stable,0.0,low,"{""Other"": {""forecast"": 200.0, ""lower"": 160.0, ""upper"": 240.0, ""hist_avg"": 200.0, ""data_points"": 2}}",Your spending is forecast to remain stable near your historical average of $200.,Based on 2 months of data using wma. Treat as indicative only.,[7844477604262651],7844477604262651,1,"[{""account_id"": 7844477604262651, ""account_name"": ""Conto Deposito"", ""account_type"": ""SAVINGS"", ""currency_code"": ""EUR"", ""spend_forecast"": 200.0, ""spend_lower"": 160.0, ""spend_upper"": 240.0, ""hist_avg_spend"": 200.0, ""n_months"": 2}]"
USR843Yq,2025-01,21,Single-Tasker,560.51,0.0,1931.92,prophet,2,1,3,prophet,280.25,818.92,2.4,128.95,1,-31.6,decreasing,334.7,high,"{""Housing and Utilities"": {""forecast"": 922.84, ""lower"": 738.27, ""upper"": 1107.41, ""hist_avg"": 1353.2, ""data_points"": 4}, ""Medical/Dental"": {""forecast"": 646.8, ""lower"": 517.44, ""upper"": 776.15, ""hist_avg"": 690.95, ""data_points"": 6}, ""Gifts"": {""forecast"": 1251.53, ""lower"": 1001.23, ""upper"": 1501.84, ""hist_avg"": 881.96, ""data_points"": 3}}",Your spending is forecast to decreasing by 32% vs your historical average.,Based on 21 months of data using prophet.,[5296356624620250],5296356624620250,1,"[{""account_id"": 5296356624620250, ""account_name"": ""Mastercard"", ""account_type"": ""Checking"", ""currency_code"": ""USD"", ""spend_forecast"": 190.81, ""spend_lower"": 152.65, ""spend_upper"": 228.97, ""hist_avg_spend"": 818.92, ""n_months"": 21}]"
USR844Xx,2025-12,4,Low Activity/Trial,2036.24,0.0,4363.2,prophet,21,0,44,prophet,96.96,2135.14,24.5,24.32,2,-4.6,stable,8272.7,medium,"{""Other"": {""forecast"": 1788.82, ""lower"": 1431.06, ""upper"": 2146.59, ""hist_avg"": 1807.68, ""data_points"": 4}, ""Shopping"": {""forecast"": 313.8, ""lower"": 251.04, ""upper"": 376.55, ""hist_avg"": 262.35, ""data_points"": 3}, ""Housing and Utilities"": {""forecast"": 148.2, ""lower"": 118.56, ""upper"": 177.83, ""hist_avg"": 123.93, ""data_points"": 3}}",Your spending is forecast to remain stable near your historical average of $2135.,Based on 4 months of data using prophet.,[2823081132600016],2823081132600016,1,"[{""account_id"": 2823081132600016, ""account_name"": ""Checking account"", ""account_type"": ""CHECKING"", ""currency_code"": ""EUR"", ""spend_forecast"": 2097.19, ""spend_lower"": 1677.75, ""spend_upper"": 2516.62, ""hist_avg_spend"": 2135.14, ""n_months"": 4}]"
USR844Zm,2025-11,25,Single-Tasker,534.4,415.95,666.51,prophet,5,4,7,prophet,106.88,596.34,5.8,89.4,1,-10.4,decreasing,497.8,high,"{""Transportation"": {""forecast"": 512.78, ""lower"": 410.23, ""upper"": 615.34, ""hist_avg"": 511.73, ""data_points"": 24}, ""Groceries"": {""forecast"": 89.4, ""lower"": 71.52, ""upper"": 107.28, ""hist_avg"": 89.4, ""data_points"": 25}, ""Food and Dining"": {""forecast"": 16.33, ""lower"": 13.06, ""upper"": 19.6, ""hist_avg"": 16.33, ""data_points"": 24}}",Your spending is forecast to decreasing by 10% vs your historical average.,Based on 25 months of data using prophet.,[3531198008211877],3531198008211877,1,"[{""account_id"": 3531198008211877, ""account_name"": ""Plaid Checking"", ""account_type"": ""checking depository"", ""currency_code"": ""USD"", ""spend_forecast"": 353.43, ""spend_lower"": 282.74, ""spend_upper"": 424.12, ""hist_avg_spend"": 596.34, ""n_months"": 25}]"
USR847Vu,2025-02,22,Single-Tasker,1026.13,0.0,3315.88,prophet,2,0,4,prophet,513.07,1227.59,2.3,49.47,1,-16.4,decreasing,1974.2,high,"{""Shopping"": {""forecast"": 2802.4, ""lower"": 2241.92, ""upper"": 3362.88, ""hist_avg"": 3132.13, ""data_points"": 4}, ""Housing and Utilities"": {""forecast"": 1093.3, ""lower"": 874.64, ""upper"": 1311.96, ""hist_avg"": 1088.59, ""data_points"": 3}, ""Fitness"": {""forecast"": 334.79, ""lower"": 267.83, ""upper"": 401.75, ""hist_avg"": 657.2, ""data_points"": 4}}",Your spending is forecast to decreasing by 16% vs your historical average.,Based on 22 months of data using prophet.,[7397989264139357],7397989264139357,1,"[{""account_id"": 7397989264139357, ""account_name"": ""American Express"", ""account_type"": ""Checking"", ""currency_code"": ""USD"", ""spend_forecast"": 485.0, ""spend_lower"": 388.0, ""spend_upper"": 582.0, ""hist_avg_spend"": 1227.59, ""n_months"": 22}]"
USR847gv,2025-01,20,Single-Tasker,14809.84,0.0,45445.89,prophet,2,1,4,prophet,7404.92,6496.69,2.6,181.53,3,128.0,increasing,8058.3,high,"{""Shopping"": {""forecast"": 56977.53, ""lower"": 45582.03, ""upper"": 68373.04, ""hist_avg"": 38190.2, ""data_points"": 3}, ""Personal Hygiene"": {""forecast"": 1959.18, ""lower"": 1567.35, ""upper"": 2351.02, ""hist_avg"": 696.72, ""data_points"": 6}, ""Gifts"": {""forecast"": 609.99, ""lower"": 487.99, ""upper"": 731.99, ""hist_avg"": 446.74, ""data_points"": 8}}",Your spending is forecast to increasing by 128% vs your historical average.,Based on 20 months of data using prophet.,[8848874948850153],8848874948850153,1,"[{""account_id"": 8848874948850153, ""account_name"": ""JCB 16 digit"", ""account_type"": ""Savings"", ""currency_code"": ""USD"", ""spend_forecast"": 141.88, ""spend_lower"": 113.5, ""spend_upper"": 170.25, ""hist_avg_spend"": 6496.69, ""n_months"": 20}]"
USR848ei,2025-02,18,Single-Tasker,12403.19,0.0,27870.59,prophet,3,2,4,prophet,4134.4,3624.36,2.2,50.42,1,242.2,increasing,24499.7,high,"{""Shopping"": {""forecast"": 28683.32, ""lower"": 22946.65, ""upper"": 34419.98, ""hist_avg"": 14615.47, ""data_points"": 4}, ""Medical/Dental"": {""forecast"": 404.5, ""lower"": 323.6, ""upper"": 485.39, ""hist_avg"": 342.56, ""data_points"": 5}, ""Travel"": {""forecast"": 587.17, ""lower"": 469.73, ""upper"": 704.6, ""hist_avg"": 427.52, ""data_points"": 4}}",Your spending is forecast to increasing by 242% vs your historical average.,Based on 18 months of data using prophet.,[8812883282142222],8812883282142222,1,"[{""account_id"": 8812883282142222, ""account_name"": ""Maestro"", ""account_type"": ""Savings"", ""currency_code"": ""USD"", ""spend_forecast"": 19204.94, ""spend_lower"": 15363.95, ""spend_upper"": 23045.92, ""hist_avg_spend"": 3624.36, ""n_months"": 18}]"
USR862eI,2025-02,21,Single-Tasker,1157.11,0.0,11032.51,prophet,2,0,4,prophet,578.55,2880.93,2.7,180.11,1,-59.8,decreasing,542.4,high,"{""Shopping"": {""forecast"": 38659.88, ""lower"": 30927.9, ""upper"": 46391.86, ""hist_avg"": 38659.88, ""data_points"": 1}, ""Personal Hygiene"": {""forecast"": 2416.7, ""lower"": 1933.36, ""upper"": 2900.03, ""hist_avg"": 1371.88, ""data_points"": 6}, ""Housing and Utilities"": {""forecast"": 146.51, ""lower"": 117.21, ""upper"": 175.81, ""hist_avg"": 1096.73, ""data_points"": 5}}",Your spending is forecast to decreasing by 60% vs your historical average.,Based on 21 months of data using prophet.,[3209100814996365],3209100814996365,1,"[{""account_id"": 3209100814996365, ""account_name"": ""American Express"", ""account_type"": ""Savings"", ""currency_code"": ""USD"", ""spend_forecast"": 389.9, ""spend_lower"": 311.92, ""spend_upper"": 467.88, ""hist_avg_spend"": 2880.93, ""n_months"": 21}]"
USR866Vy,2025-02,21,Single-Tasker,0.0,0.0,21950.87,prophet,1,0,2,prophet,0.0,5592.14,2.0,7.13,1,-100.0,decreasing,-100.0,high,"{""Shopping"": {""forecast"": 2612.64, ""lower"": 2090.11, ""upper"": 3135.17, ""hist_avg"": 18554.53, ""data_points"": 6}, ""Medical/Dental"": {""forecast"": 299.87, ""lower"": 239.9, ""upper"": 359.85, ""hist_avg"": 380.01, ""data_points"": 4}, ""Fitness"": {""forecast"": 404.6, ""lower"": 323.68, ""upper"": 485.52, ""hist_avg"": 384.7, ""data_points"": 3}}",Your spending is forecast to decreasing by 100% vs your historical average.,Based on 21 months of data using prophet.,[5680825864486263],5680825864486263,1,"[{""account_id"": 5680825864486263, ""account_name"": ""Maestro"", ""account_type"": ""Savings"", ""currency_code"": ""USD"", ""spend_forecast"": 938.11, ""spend_lower"": 750.49, ""spend_upper"": 1125.74, ""hist_avg_spend"": 5592.14, ""n_months"": 21}]"
USR869qe,2025-11,2,High-Intensity User,5897.42,4717.94,7076.91,wma,47,37,56,wma,125.48,7272.44,53.5,3147.4,33,-18.9,decreasing,87.4,low,"{""Finance"": {""forecast"": 3589.0, ""lower"": 2871.2, ""upper"": 4306.8, ""hist_avg"": 4329.5, ""data_points"": 2}, ""Transportation"": {""forecast"": 777.44, ""lower"": 621.95, ""upper"": 932.93, ""hist_avg"": 1082.66, ""data_points"": 2}, ""Shopping"": {""forecast"": 602.56, ""lower"": 482.05, ""upper"": 723.07, ""hist_avg"": 734.84, ""data_points"": 2}}",Your spending is forecast to decreasing by 19% vs your historical average.,Based on 2 months of data using wma. Treat as indicative only.,[6181856845425308],6181856845425308,1,"[{""account_id"": 6181856845425308, ""account_name"": ""Plaid Current Account"", ""account_type"": ""checking depository"", ""currency_code"": ""GBP"", ""spend_forecast"": 5897.42, ""spend_lower"": 4717.94, ""spend_upper"": 7076.91, ""hist_avg_spend"": 7272.44, ""n_months"": 2}]"
USR885po,2025-11,2,Single-Tasker,200.0,160.0,240.0,wma,1,1,1,wma,200.0,200.0,1.0,200.0,1,0.0,stable,0.0,low,"{""Finance"": {""forecast"": 200.0, ""lower"": 160.0, ""upper"": 240.0, ""hist_avg"": 200.0, ""data_points"": 2}}",Your spending is forecast to remain stable near your historical average of $200.,Based on 2 months of data using wma. Treat as indicative only.,[1222787317676291],1222787317676291,1,"[{""account_id"": 1222787317676291, ""account_name"": ""Savings Account"", ""account_type"": ""SAVINGS"", ""currency_code"": ""GBP"", ""spend_forecast"": 200.0, ""spend_lower"": 160.0, ""spend_upper"": 240.0, ""hist_avg_spend"": 200.0, ""n_months"": 2}]"
USR885xH,2025-02,23,Single-Tasker,411.94,0.0,1939.46,prophet,3,1,4,prophet,137.31,790.69,2.6,1297.38,2,-47.9,decreasing,-68.2,high,"{""Shopping"": {""forecast"": 3906.27, ""lower"": 3125.01, ""upper"": 4687.52, ""hist_avg"": 3041.12, ""data_points"": 2}, ""Housing and Utilities"": {""forecast"": 636.99, ""lower"": 509.59, ""upper"": 764.39, ""hist_avg"": 1130.79, ""data_points"": 3}, ""Medical/Dental"": {""forecast"": 284.59, ""lower"": 227.68, ""upper"": 341.51, ""hist_avg"": 279.98, ""data_points"": 7}}",Your spending is forecast to decreasing by 48% vs your historical average.,Based on 23 months of data using prophet.,[2004535086897448],2004535086897448,1,"[{""account_id"": 2004535086897448, ""account_name"": ""JCB 15 digit"", ""account_type"": ""Checking"", ""currency_code"": ""USD"", ""spend_forecast"": 1034.73, ""spend_lower"": 827.79, ""spend_upper"": 1241.68, ""hist_avg_spend"": 790.69, ""n_months"": 23}]"
USR886vk,2025-02,23,Consistent Weekly,0.0,0.0,7220.36,prophet,3,1,4,prophet,0.0,2615.73,2.0,692.85,2,-100.0,decreasing,-100.0,high,"{""Shopping"": {""forecast"": 1039.02, ""lower"": 831.22, ""upper"": 1246.83, ""hist_avg"": 9199.98, ""data_points"": 5}, ""Fitness"": {""forecast"": 912.87, ""lower"": 730.29, ""upper"": 1095.44, ""hist_avg"": 1015.22, ""data_points"": 4}, ""Travel"": {""forecast"": 130.19, ""lower"": 104.15, ""upper"": 156.23, ""hist_avg"": 538.05, ""data_points"": 6}}",Your spending is forecast to decreasing by 100% vs your historical average.,Based on 23 months of data using prophet.,[2476514669922009],2476514669922009,1,"[{""account_id"": 2476514669922009, ""account_name"": ""VISA 19 digit"", ""account_type"": ""Savings"", ""currency_code"": ""USD"", ""spend_forecast"": 635.71, ""spend_lower"": 508.56, ""spend_upper"": 762.85, ""hist_avg_spend"": 2615.73, ""n_months"": 23}]"
USR888CC,2025-11,25,Healthy Active User,3980.95,2439.98,5550.1,prophet,6,4,8,prophet,663.49,3990.72,5.8,500.0,1,-0.2,stable,696.2,high,"{""Finance"": {""forecast"": 2578.5, ""lower"": 2062.8, ""upper"": 3094.2, ""hist_avg"": 2690.61, ""data_points"": 23}, ""Fitness"": {""forecast"": 578.5, ""lower"": 462.8, ""upper"": 694.2, ""hist_avg"": 578.5, ""data_points"": 24}, ""Food and Dining"": {""forecast"": 500.0, ""lower"": 400.0, ""upper"": 600.0, ""hist_avg"": 521.74, ""data_points"": 23}}",Your spending is forecast to remain stable near your historical average of $3991.,Based on 25 months of data using prophet.,[5127039742533735],5127039742533735,1,"[{""account_id"": 5127039742533735, ""account_name"": ""Plaid Credit Card"", ""account_type"": ""credit card credit"", ""currency_code"": ""USD"", ""spend_forecast"": 2328.5, ""spend_lower"": 1862.8, ""spend_upper"": 2794.2, ""hist_avg_spend"": 3990.72, ""n_months"": 25}]"
USR888gq,2025-11,25,Single-Tasker,534.4,419.57,660.08,prophet,5,4,7,prophet,106.88,596.34,5.8,89.4,1,-10.4,decreasing,497.8,high,"{""Transportation"": {""forecast"": 512.78, ""lower"": 410.23, ""upper"": 615.34, ""hist_avg"": 511.73, ""data_points"": 24}, ""Groceries"": {""forecast"": 89.4, ""lower"": 71.52, ""upper"": 107.28, ""hist_avg"": 89.4, ""data_points"": 25}, ""Food and Dining"": {""forecast"": 16.33, ""lower"": 13.06, ""upper"": 19.6, ""hist_avg"": 16.33, ""data_points"": 24}}",Your spending is forecast to decreasing by 10% vs your historical average.,Based on 25 months of data using prophet.,[3507827578780225],3507827578780225,1,"[{""account_id"": 3507827578780225, ""account_name"": ""Plaid Checking"", ""account_type"": ""checking depository"", ""currency_code"": ""USD"", ""spend_forecast"": 353.43, ""spend_lower"": 282.74, ""spend_upper"": 424.12, ""hist_avg_spend"": 596.34, ""n_months"": 25}]"
USR895fU,2025-02,21,Consistent Weekly,28678.02,0.0,114898.3,prophet,2,0,3,prophet,14339.01,18225.38,2.1,183.46,2,57.4,increasing,15531.8,high,"{""Shopping"": {""forecast"": 132455.24, ""lower"": 105964.19, ""upper"": 158946.29, ""hist_avg"": 123946.92, ""data_points"": 3}, ""Housing and Utilities"": {""forecast"": 4243.23, ""lower"": 3394.58, ""upper"": 5091.88, ""hist_avg"": 4243.23, ""data_points"": 1}, ""Fitness"": {""forecast"": 338.12, ""lower"": 270.5, ""upper"": 405.74, ""hist_avg"": 595.9, ""data_points"": 4}}",Your spending is forecast to increasing by 57% vs your historical average.,Based on 21 months of data using prophet.,[2676493542007193],2676493542007193,1,"[{""account_id"": 2676493542007193, ""account_name"": ""Maestro"", ""account_type"": ""Checking"", ""currency_code"": ""USD"", ""spend_forecast"": 142.26, ""spend_lower"": 113.81, ""spend_upper"": 170.71, ""hist_avg_spend"": 18225.38, ""n_months"": 21}]"
USR896kh,2025-02,22,Single-Tasker,557.82,0.0,1387.46,prophet,2,1,4,prophet,278.91,543.37,2.2,80.1,1,2.7,stable,596.4,high,"{""Gifts"": {""forecast"": 847.9, ""lower"": 678.32, ""upper"": 1017.48, ""hist_avg"": 997.35, ""data_points"": 3}, ""Friend Activities"": {""forecast"": 340.88, ""lower"": 272.7, ""upper"": 409.05, ""hist_avg"": 388.09, ""data_points"": 5}, ""Fitness"": {""forecast"": 416.0, ""lower"": 332.8, ""upper"": 499.2, ""hist_avg"": 432.6, ""data_points"": 4}}",Your spending is forecast to remain stable near your historical average of $543.,Based on 22 months of data using prophet.,[7352397003984129],7352397003984129,1,"[{""account_id"": 7352397003984129, ""account_name"": ""Diners Club / Carte Blanche"", ""account_type"": ""Checking"", ""currency_code"": ""USD"", ""spend_forecast"": 514.63, ""spend_lower"": 411.71, ""spend_upper"": 617.56, ""hist_avg_spend"": 543.37, ""n_months"": 22}]"
USR900TT,2025-11,2,Single-Tasker,230.0,184.0,276.0,wma,1,1,1,wma,230.0,230.0,1.0,230.0,1,0.0,stable,0.0,low,"{""Other"": {""forecast"": 230.0, ""lower"": 184.0, ""upper"": 276.0, ""hist_avg"": 230.0, ""data_points"": 2}}",Your spending is forecast to remain stable near your historical average of $230.,Based on 2 months of data using wma. Treat as indicative only.,[3245077093990702],3245077093990702,1,"[{""account_id"": 3245077093990702, ""account_name"": ""Spaarrekening"", ""account_type"": ""SAVINGS"", ""currency_code"": ""EUR"", ""spend_forecast"": 230.0, ""spend_lower"": 184.0, ""spend_upper"": 276.0, ""hist_avg_spend"": 230.0, ""n_months"": 2}]"
USR901Hl,2025-02,18,Single-Tasker,15983.68,0.0,79347.32,prophet,2,1,4,prophet,7991.84,13033.09,2.7,86.41,1,22.6,increasing,18397.5,high,"{""Shopping"": {""forecast"": 37001.79, ""lower"": 29601.43, ""upper"": 44402.15, ""hist_avg"": 73729.94, ""data_points"": 3}, ""Housing and Utilities"": {""forecast"": 1534.27, ""lower"": 1227.42, ""upper"": 1841.13, ""hist_avg"": 1168.21, ""data_points"": 4}, ""Travel"": {""forecast"": 570.61, ""lower"": 456.48, ""upper"": 684.73, ""hist_avg"": 397.98, ""data_points"": 9}}",Your spending is forecast to increasing by 23% vs your historical average.,Based on 18 months of data using prophet.,[3251441215462121],3251441215462121,1,"[{""account_id"": 3251441215462121, ""account_name"": ""American Express"", ""account_type"": ""Savings"", ""currency_code"": ""USD"", ""spend_forecast"": 293.06, ""spend_lower"": 234.45, ""spend_upper"": 351.67, ""hist_avg_spend"": 13033.09, ""n_months"": 18}]"
USR907oy,2025-11,25,Healthy Active User,3980.95,2412.37,5667.27,prophet,6,4,8,prophet,663.49,3990.72,5.8,500.0,1,-0.2,stable,696.2,high,"{""Finance"": {""forecast"": 2578.5, ""lower"": 2062.8, ""upper"": 3094.2, ""hist_avg"": 2690.61, ""data_points"": 23}, ""Fitness"": {""forecast"": 578.5, ""lower"": 462.8, ""upper"": 694.2, ""hist_avg"": 578.5, ""data_points"": 24}, ""Food and Dining"": {""forecast"": 500.0, ""lower"": 400.0, ""upper"": 600.0, ""hist_avg"": 521.74, ""data_points"": 23}}",Your spending is forecast to remain stable near your historical average of $3991.,Based on 25 months of data using prophet.,[6162147641954332],6162147641954332,1,"[{""account_id"": 6162147641954332, ""account_name"": ""Plaid Credit Card"", ""account_type"": ""credit card credit"", ""currency_code"": ""CAD"", ""spend_forecast"": 2328.5, ""spend_lower"": 1862.8, ""spend_upper"": 2794.2, ""hist_avg_spend"": 3990.72, ""n_months"": 25}]"
USR914Gc,2025-01,19,Healthy Active User,18224.72,0.0,41586.94,prophet,3,0,6,prophet,6074.91,5307.08,2.7,88632.55,3,243.4,increasing,-79.4,high,"{""Shopping"": {""forecast"": 44224.47, ""lower"": 35379.57, ""upper"": 53069.36, ""hist_avg"": 23410.29, ""data_points"": 4}, ""Medical/Dental"": {""forecast"": 317.86, ""lower"": 254.29, ""upper"": 381.43, ""hist_avg"": 260.44, ""data_points"": 6}, ""Personal Hygiene"": {""forecast"": 772.7, ""lower"": 618.16, ""upper"": 927.24, ""hist_avg"": 584.72, ""data_points"": 2}}",Your spending is forecast to increasing by 243% vs your historical average.,Based on 19 months of data using prophet.,[4820686598468822],4820686598468822,1,"[{""account_id"": 4820686598468822, ""account_name"": ""JCB 15 digit"", ""account_type"": ""Savings"", ""currency_code"": ""USD"", ""spend_forecast"": 44702.67, ""spend_lower"": 35762.13, ""spend_upper"": 53643.2, ""hist_avg_spend"": 5307.08, ""n_months"": 19}]"
USR925Mf,2025-02,19,Consistent Weekly,1268.6,0.0,2555.05,prophet,3,1,4,prophet,422.87,893.53,2.1,3701.15,2,42.0,increasing,-65.7,high,"{""Shopping"": {""forecast"": 2141.36, ""lower"": 1713.08, ""upper"": 2569.63, ""hist_avg"": 1273.34, ""data_points"": 4}, ""Housing and Utilities"": {""forecast"": 584.42, ""lower"": 467.53, ""upper"": 701.3, ""hist_avg"": 1224.38, ""data_points"": 4}, ""Fitness"": {""forecast"": 581.25, ""lower"": 465.0, ""upper"": 697.5, ""hist_avg"": 709.66, ""data_points"": 4}}",Your spending is forecast to increasing by 42% vs your historical average.,Based on 19 months of data using prophet.,[3635020399572580],3635020399572580,1,"[{""account_id"": 3635020399572580, ""account_name"": ""Maestro"", ""account_type"": ""Checking"", ""currency_code"": ""USD"", ""spend_forecast"": 2362.2, ""spend_lower"": 1889.76, ""spend_upper"": 2834.64, ""hist_avg_spend"": 893.53, ""n_months"": 19}]"
USR926eP,2025-11,25,Single-Tasker,25.25,19.27,30.81,prophet,2,2,2,prophet,12.62,28.22,2.0,4.22,1,-10.5,decreasing,498.3,high,"{""Finance"": {""forecast"": 16.72, ""lower"": 13.38, ""upper"": 20.06, ""hist_avg"": 28.22, ""data_points"": 25}}",Your spending is forecast to decreasing by 10% vs your historical average.,Based on 25 months of data using prophet.,[4445817876412457],4445817876412457,1,"[{""account_id"": 4445817876412457, ""account_name"": ""Plaid Saving"", ""account_type"": ""savings depository"", ""currency_code"": ""USD"", ""spend_forecast"": 16.72, ""spend_lower"": 13.38, ""spend_upper"": 20.06, ""hist_avg_spend"": 28.22, ""n_months"": 25}]"
USR926hk,2025-02,23,Consistent Weekly,1021.48,0.0,2985.3,prophet,2,1,3,prophet,510.74,1060.9,2.2,4183.38,1,-3.7,stable,-75.6,high,"{""Shopping"": {""forecast"": 2563.44, ""lower"": 2050.76, ""upper"": 3076.13, ""hist_avg"": 2252.01, ""data_points"": 6}, ""Fitness"": {""forecast"": 659.13, ""lower"": 527.31, ""upper"": 790.96, ""hist_avg"": 990.46, ""data_points"": 5}, ""Medical/Dental"": {""forecast"": 552.91, ""lower"": 442.33, ""upper"": 663.49, ""hist_avg"": 481.03, ""data_points"": 3}}",Your spending is forecast to remain stable near your historical average of $1061.,Based on 23 months of data using prophet.,[1433655511455988],1433655511455988,1,"[{""account_id"": 1433655511455988, ""account_name"": ""VISA 19 digit"", ""account_type"": ""Checking"", ""currency_code"": ""USD"", ""spend_forecast"": 2296.88, ""spend_lower"": 1837.5, ""spend_upper"": 2756.26, ""hist_avg_spend"": 1060.9, ""n_months"": 23}]"
USR932HS,2025-02,22,Single-Tasker,0.0,0.0,46861.33,prophet,3,1,4,prophet,0.0,10202.6,2.5,151.74,1,-100.0,decreasing,-100.0,high,"{""Shopping"": {""forecast"": 346.94, ""lower"": 277.55, ""upper"": 416.32, ""hist_avg"": 48463.82, ""data_points"": 4}, ""Housing and Utilities"": {""forecast"": 3083.99, ""lower"": 2467.19, ""upper"": 3700.79, ""hist_avg"": 3989.41, ""data_points"": 6}, ""Travel"": {""forecast"": 871.79, ""lower"": 697.43, ""upper"": 1046.14, ""hist_avg"": 748.07, ""data_points"": 3}}",Your spending is forecast to decreasing by 100% vs your historical average.,Based on 22 months of data using prophet.,[6582803682722698],6582803682722698,1,"[{""account_id"": 6582803682722698, ""account_name"": ""JCB 16 digit"", ""account_type"": ""Checking"", ""currency_code"": ""USD"", ""spend_forecast"": 905.59, ""spend_lower"": 724.47, ""spend_upper"": 1086.71, ""hist_avg_spend"": 10202.6, ""n_months"": 22}]"
USR936rw,2025-02,20,Healthy Active User,4445.12,0.0,15789.16,prophet,3,1,4,prophet,1481.71,2719.86,2.4,252.48,3,63.4,increasing,1660.6,high,"{""Shopping"": {""forecast"": 21347.46, ""lower"": 17077.97, ""upper"": 25616.95, ""hist_avg"": 8986.37, ""data_points"": 5}, ""Medical/Dental"": {""forecast"": 678.65, ""lower"": 542.92, ""upper"": 814.38, ""hist_avg"": 776.7, ""data_points"": 5}, ""Fitness"": {""forecast"": 631.26, ""lower"": 505.01, ""upper"": 757.52, ""hist_avg"": 712.28, ""data_points"": 4}}",Your spending is forecast to increasing by 63% vs your historical average.,Based on 20 months of data using prophet.,[5545303440124674],5545303440124674,1,"[{""account_id"": 5545303440124674, ""account_name"": ""Mastercard"", ""account_type"": ""Checking"", ""currency_code"": ""USD"", ""spend_forecast"": 198.93, ""spend_lower"": 159.15, ""spend_upper"": 238.72, ""hist_avg_spend"": 2719.86, ""n_months"": 20}]"
USR940yP,2025-11,25,Single-Tasker,25.25,19.21,31.12,prophet,2,2,2,prophet,12.62,28.22,2.0,4.22,1,-10.5,decreasing,498.3,high,"{""Finance"": {""forecast"": 16.72, ""lower"": 13.38, ""upper"": 20.06, ""hist_avg"": 28.22, ""data_points"": 25}}",Your spending is forecast to decreasing by 10% vs your historical average.,Based on 25 months of data using prophet.,[9327060056983853],9327060056983853,1,"[{""account_id"": 9327060056983853, ""account_name"": ""Plaid Saving"", ""account_type"": ""savings depository"", ""currency_code"": ""USD"", ""spend_forecast"": 16.72, ""spend_lower"": 13.38, ""spend_upper"": 20.06, ""hist_avg_spend"": 28.22, ""n_months"": 25}]"
USR944dh,2025-02,20,Single-Tasker,5418.23,0.0,99808.87,prophet,2,1,4,prophet,2709.11,17330.33,2.4,1294.4,1,-68.7,decreasing,318.6,high,"{""Shopping"": {""forecast"": 57045.07, ""lower"": 45636.05, ""upper"": 68454.08, ""hist_avg"": 84851.26, ""data_points"": 4}, ""Friend Activities"": {""forecast"": 131.02, ""lower"": 104.81, ""upper"": 157.22, ""hist_avg"": 261.13, ""data_points"": 6}, ""Housing and Utilities"": {""forecast"": 619.18, ""lower"": 495.35, ""upper"": 743.02, ""hist_avg"": 371.13, ""data_points"": 4}}",Your spending is forecast to decreasing by 69% vs your historical average.,Based on 20 months of data using prophet.,[1397334799009989],1397334799009989,1,"[{""account_id"": 1397334799009989, ""account_name"": ""Mastercard"", ""account_type"": ""Checking"", ""currency_code"": ""USD"", ""spend_forecast"": 731.38, ""spend_lower"": 585.11, ""spend_upper"": 877.66, ""hist_avg_spend"": 17330.33, ""n_months"": 20}]"
USR950fn,2025-11,25,Healthy Active User,3980.95,2388.77,5525.98,prophet,6,4,8,prophet,663.49,3990.72,5.8,500.0,1,-0.2,stable,696.2,high,"{""Finance"": {""forecast"": 2578.5, ""lower"": 2062.8, ""upper"": 3094.2, ""hist_avg"": 2690.61, ""data_points"": 23}, ""Fitness"": {""forecast"": 578.5, ""lower"": 462.8, ""upper"": 694.2, ""hist_avg"": 578.5, ""data_points"": 24}, ""Food and Dining"": {""forecast"": 500.0, ""lower"": 400.0, ""upper"": 600.0, ""hist_avg"": 521.74, ""data_points"": 23}}",Your spending is forecast to remain stable near your historical average of $3991.,Based on 25 months of data using prophet.,[6486997796023848],6486997796023848,1,"[{""account_id"": 6486997796023848, ""account_name"": ""Plaid Credit Card"", ""account_type"": ""credit card credit"", ""currency_code"": ""USD"", ""spend_forecast"": 2328.5, ""spend_lower"": 1862.8, ""spend_upper"": 2794.2, ""hist_avg_spend"": 3990.72, ""n_months"": 25}]"
USR951HI,2025-02,23,Consistent Weekly,867.96,0.0,2551.23,prophet,3,2,4,prophet,289.32,1046.93,2.4,41.41,2,-17.1,decreasing,1996.0,high,"{""Shopping"": {""forecast"": 2279.5, ""lower"": 1823.6, ""upper"": 2735.41, ""hist_avg"": 2627.34, ""data_points"": 3}, ""Housing and Utilities"": {""forecast"": 120.76, ""lower"": 96.61, ""upper"": 144.91, ""hist_avg"": 1352.45, ""data_points"": 5}, ""Gifts"": {""forecast"": 960.85, ""lower"": 768.68, ""upper"": 1153.02, ""hist_avg"": 551.99, ""data_points"": 7}}",Your spending is forecast to decreasing by 17% vs your historical average.,Based on 23 months of data using prophet.,[3294169065588118],3294169065588118,1,"[{""account_id"": 3294169065588118, ""account_name"": ""JCB 15 digit"", ""account_type"": ""Checking"", ""currency_code"": ""USD"", ""spend_forecast"": 683.31, ""spend_lower"": 546.65, ""spend_upper"": 819.97, ""hist_avg_spend"": 1046.93, ""n_months"": 23}]"
USR953VW,2025-02,21,Single-Tasker,11173.82,0.0,37404.75,prophet,2,0,3,prophet,5586.91,6744.23,2.1,14.75,1,65.7,increasing,75654.7,high,"{""Shopping"": {""forecast"": 15818.95, ""lower"": 12655.16, ""upper"": 18982.75, ""hist_avg"": 31458.71, ""data_points"": 4}, ""Housing and Utilities"": {""forecast"": 2934.21, ""lower"": 2347.37, ""upper"": 3521.05, ""hist_avg"": 2500.97, ""data_points"": 3}, ""Travel"": {""forecast"": 340.6, ""lower"": 272.48, ""upper"": 408.72, ""hist_avg"": 431.98, ""data_points"": 6}}",Your spending is forecast to increasing by 66% vs your historical average.,Based on 21 months of data using prophet.,[5730630380168543],5730630380168543,1,"[{""account_id"": 5730630380168543, ""account_name"": ""Mastercard"", ""account_type"": ""Savings"", ""currency_code"": ""USD"", ""spend_forecast"": 169.29, ""spend_lower"": 135.43, ""spend_upper"": 203.15, ""hist_avg_spend"": 6744.23, ""n_months"": 21}]"
USR961UU,2025-01,22,Single-Tasker,2982.91,0.0,11566.13,prophet,1,0,3,prophet,2982.91,2050.48,2.2,49.15,1,45.5,increasing,5969.0,high,"{""Shopping"": {""forecast"": 12910.44, ""lower"": 10328.36, ""upper"": 15492.53, ""hist_avg"": 9495.38, ""data_points"": 4}, ""Fitness"": {""forecast"": 492.8, ""lower"": 394.24, ""upper"": 591.36, ""hist_avg"": 487.21, ""data_points"": 5}, ""Friend Activities"": {""forecast"": 177.69, ""lower"": 142.15, ""upper"": 213.23, ""hist_avg"": 202.41, ""data_points"": 7}}",Your spending is forecast to increasing by 46% vs your historical average.,Based on 22 months of data using prophet.,[7343538510695578],7343538510695578,1,"[{""account_id"": 7343538510695578, ""account_name"": ""Mastercard"", ""account_type"": ""Checking"", ""currency_code"": ""USD"", ""spend_forecast"": 69.1, ""spend_lower"": 55.28, ""spend_upper"": 82.92, ""hist_avg_spend"": 2050.48, ""n_months"": 22}]"
USR964lF,2025-01,22,Single-Tasker,2585.24,94.95,4901.99,prophet,4,2,5,prophet,646.31,1208.32,2.6,7775.58,3,114.0,increasing,-66.8,high,"{""Housing and Utilities"": {""forecast"": 3718.04, ""lower"": 2974.43, ""upper"": 4461.65, ""hist_avg"": 2626.44, ""data_points"": 4}, ""Shopping"": {""forecast"": 7154.32, ""lower"": 5723.46, ""upper"": 8585.18, ""hist_avg"": 7154.32, ""data_points"": 1}, ""Travel"": {""forecast"": 287.08, ""lower"": 229.67, ""upper"": 344.5, ""hist_avg"": 392.51, ""data_points"": 7}}",Your spending is forecast to increasing by 114% vs your historical average.,Based on 22 months of data using prophet.,[8415044179987075],8415044179987075,1,"[{""account_id"": 8415044179987075, ""account_name"": ""VISA 16 digit"", ""account_type"": ""Checking"", ""currency_code"": ""USD"", ""spend_forecast"": 5861.47, ""spend_lower"": 4689.17, ""spend_upper"": 7033.76, ""hist_avg_spend"": 1208.32, ""n_months"": 22}]"
USR964ub,2025-11,25,Healthy Active User,3980.95,2302.54,5721.77,prophet,6,4,8,prophet,663.49,3990.72,5.8,500.0,1,-0.2,stable,696.2,high,"{""Finance"": {""forecast"": 2578.5, ""lower"": 2062.8, ""upper"": 3094.2, ""hist_avg"": 2690.61, ""data_points"": 23}, ""Fitness"": {""forecast"": 578.5, ""lower"": 462.8, ""upper"": 694.2, ""hist_avg"": 578.5, ""data_points"": 24}, ""Food and Dining"": {""forecast"": 500.0, ""lower"": 400.0, ""upper"": 600.0, ""hist_avg"": 521.74, ""data_points"": 23}}",Your spending is forecast to remain stable near your historical average of $3991.,Based on 25 months of data using prophet.,[5326666390096885],5326666390096885,1,"[{""account_id"": 5326666390096885, ""account_name"": ""Plaid Credit Card"", ""account_type"": ""credit card credit"", ""currency_code"": ""USD"", ""spend_forecast"": 2328.5, ""spend_lower"": 1862.8, ""spend_upper"": 2794.2, ""hist_avg_spend"": 3990.72, ""n_months"": 25}]"
USR977PC,2025-02,21,Single-Tasker,6342.48,0.0,46314.59,prophet,2,0,3,prophet,3171.24,7624.7,1.9,28.79,1,-16.8,decreasing,21930.1,high,"{""Shopping"": {""forecast"": 26998.21, ""lower"": 21598.57, ""upper"": 32397.86, ""hist_avg"": 31322.18, ""data_points"": 5}, ""Gifts"": {""forecast"": 127.23, ""lower"": 101.78, ""upper"": 152.67, ""hist_avg"": 191.97, ""data_points"": 5}, ""Fitness"": {""forecast"": 857.99, ""lower"": 686.39, ""upper"": 1029.59, ""hist_avg"": 857.99, ""data_points"": 1}}",Your spending is forecast to decreasing by 17% vs your historical average.,Based on 21 months of data using prophet.,[9363704747859931],9363704747859931,1,"[{""account_id"": 9363704747859931, ""account_name"": ""VISA 16 digit"", ""account_type"": ""Savings"", ""currency_code"": ""USD"", ""spend_forecast"": 26.74, ""spend_lower"": 21.39, ""spend_upper"": 32.09, ""hist_avg_spend"": 7624.7, ""n_months"": 21}]"
USR978oc,2025-12,4,Low Activity/Trial,2048.24,0.0,4252.55,prophet,21,0,45,prophet,97.54,2130.68,24.5,24.32,2,-3.9,stable,8322.0,medium,"{""Other"": {""forecast"": 3141.32, ""lower"": 2513.05, ""upper"": 3769.58, ""hist_avg"": 2537.25, ""data_points"": 3}, ""Shopping"": {""forecast"": 215.41, ""lower"": 172.33, ""upper"": 258.5, ""hist_avg"": 222.88, ""data_points"": 2}, ""Groceries"": {""forecast"": 167.54, ""lower"": 134.03, ""upper"": 201.05, ""hist_avg"": 173.14, ""data_points"": 2}}",Your spending is forecast to remain stable near your historical average of $2131.,Based on 4 months of data using prophet.,[8923284005861578],8923284005861578,1,"[{""account_id"": 8923284005861578, ""account_name"": ""Lopende rekening"", ""account_type"": ""CHECKING"", ""currency_code"": ""EUR"", ""spend_forecast"": 2098.39, ""spend_lower"": 1678.71, ""spend_upper"": 2518.06, ""hist_avg_spend"": 2130.68, ""n_months"": 4}]"
USR979Po,2025-01,19,Single-Tasker,574.65,56.33,1111.36,prophet,2,0,3,prophet,287.32,572.87,2.3,265.5,1,0.3,stable,116.4,high,"{""Fitness"": {""forecast"": 567.44, ""lower"": 453.95, ""upper"": 680.92, ""hist_avg"": 511.39, ""data_points"": 7}, ""Gifts"": {""forecast"": 786.96, ""lower"": 629.57, ""upper"": 944.35, ""hist_avg"": 556.16, ""data_points"": 3}, ""Medical/Dental"": {""forecast"": 395.08, ""lower"": 316.06, ""upper"": 474.09, ""hist_avg"": 379.35, ""data_points"": 4}}",Your spending is forecast to remain stable near your historical average of $573.,Based on 19 months of data using prophet.,[8642594610423557],8642594610423557,1,"[{""account_id"": 8642594610423557, ""account_name"": ""VISA 13 digit"", ""account_type"": ""Savings"", ""currency_code"": ""USD"", ""spend_forecast"": 626.48, ""spend_lower"": 501.19, ""spend_upper"": 751.78, ""hist_avg_spend"": 572.87, ""n_months"": 19}]"
USR980UY,2025-11,19,Consistent Weekly,3219.34,3217.32,3221.12,prophet,6,5,7,prophet,536.56,3217.97,5.3,3219.35,6,0.0,stable,-0.0,high,"{""Finance"": {""forecast"": 3210.0, ""lower"": 2568.0, ""upper"": 3852.0, ""hist_avg"": 3210.0, ""data_points"": 19}, ""Food and Dining"": {""forecast"": 8.73, ""lower"": 6.98, ""upper"": 10.47, ""hist_avg"": 7.97, ""data_points"": 19}}",Your spending is forecast to remain stable near your historical average of $3218.,Based on 19 months of data using prophet.,[8659550460875009],8659550460875009,1,"[{""account_id"": 8659550460875009, ""account_name"": ""Basic"", ""account_type"": ""CHECKING"", ""currency_code"": ""GBP"", ""spend_forecast"": 3218.73, ""spend_lower"": 2574.98, ""spend_upper"": 3862.47, ""hist_avg_spend"": 3217.97, ""n_months"": 19}]"
USR981Is,2025-02,19,Single-Tasker,7229.87,0.0,17443.72,prophet,2,1,3,prophet,3614.93,2945.24,2.4,4735.03,1,145.5,increasing,52.7,high,"{""Shopping"": {""forecast"": 8993.05, ""lower"": 7194.44, ""upper"": 10791.66, ""hist_avg"": 6460.23, ""data_points"": 7}, ""Personal Hygiene"": {""forecast"": 1174.17, ""lower"": 939.34, ""upper"": 1409.01, ""hist_avg"": 745.78, ""data_points"": 4}, ""Housing and Utilities"": {""forecast"": 44.24, ""lower"": 35.39, ""upper"": 53.09, ""hist_avg"": 373.36, ""data_points"": 6}}",Your spending is forecast to increasing by 146% vs your historical average.,Based on 19 months of data using prophet.,[5749789658974242],5749789658974242,1,"[{""account_id"": 5749789658974242, ""account_name"": ""Discover"", ""account_type"": ""Checking"", ""currency_code"": ""USD"", ""spend_forecast"": 2919.64, ""spend_lower"": 2335.71, ""spend_upper"": 3503.56, ""hist_avg_spend"": 2945.24, ""n_months"": 19}]"
USR981sU,2025-10,24,Single-Tasker,1000.0,1000.0,1000.0,prophet,1,1,1,prophet,1000.0,1000.0,1.0,1000.0,1,0.0,stable,0.0,high,"{""Finance"": {""forecast"": 1000.0, ""lower"": 800.0, ""upper"": 1200.0, ""hist_avg"": 1000.0, ""data_points"": 24}}",Your spending is forecast to remain stable near your historical average of $1000.,Based on 24 months of data using prophet.,[5300673133886394],5300673133886394,1,"[{""account_id"": 5300673133886394, ""account_name"": ""Plaid CD"", ""account_type"": ""cd depository"", ""currency_code"": ""USD"", ""spend_forecast"": 1000.0, ""spend_lower"": 800.0, ""spend_upper"": 1200.0, ""hist_avg_spend"": 1000.0, ""n_months"": 24}]"
USR985cj,2025-01,24,Single-Tasker,0.0,0.0,53858.99,prophet,2,1,4,prophet,0.0,14260.26,2.6,2097.91,2,-100.0,decreasing,-100.0,high,"{""Shopping"": {""forecast"": 40713.57, ""lower"": 32570.86, ""upper"": 48856.28, ""hist_avg"": 54907.49, ""data_points"": 6}, ""Housing and Utilities"": {""forecast"": 1518.71, ""lower"": 1214.97, ""upper"": 1822.45, ""hist_avg"": 1524.75, ""data_points"": 3}, ""Medical/Dental"": {""forecast"": 220.71, ""lower"": 176.57, ""upper"": 264.86, ""hist_avg"": 404.05, ""data_points"": 6}}",Your spending is forecast to decreasing by 100% vs your historical average.,Based on 24 months of data using prophet.,[3915401555195700],3915401555195700,1,"[{""account_id"": 3915401555195700, ""account_name"": ""VISA 13 digit"", ""account_type"": ""Savings"", ""currency_code"": ""USD"", ""spend_forecast"": 1159.83, ""spend_lower"": 927.86, ""spend_upper"": 1391.79, ""hist_avg_spend"": 14260.26, ""n_months"": 24}]"
USR986Sg,2025-11,25,Single-Tasker,25.25,19.63,31.32,prophet,2,2,2,prophet,12.62,28.22,2.0,4.22,1,-10.5,decreasing,498.3,high,"{""Finance"": {""forecast"": 16.72, ""lower"": 13.38, ""upper"": 20.06, ""hist_avg"": 28.22, ""data_points"": 25}}",Your spending is forecast to decreasing by 10% vs your historical average.,Based on 25 months of data using prophet.,[2228591593790193],2228591593790193,1,"[{""account_id"": 2228591593790193, ""account_name"": ""Plaid Saving"", ""account_type"": ""savings depository"", ""currency_code"": ""CAD"", ""spend_forecast"": 16.72, ""spend_lower"": 13.38, ""spend_upper"": 20.06, ""hist_avg_spend"": 28.22, ""n_months"": 25}]"
USR989QU,2025-11,2,Single-Tasker,230.0,184.0,276.0,wma,1,1,1,wma,230.0,230.0,1.0,230.0,1,0.0,stable,0.0,low,"{""Other"": {""forecast"": 230.0, ""lower"": 184.0, ""upper"": 276.0, ""hist_avg"": 230.0, ""data_points"": 2}}",Your spending is forecast to remain stable near your historical average of $230.,Based on 2 months of data using wma. Treat as indicative only.,[4838046973323902],4838046973323902,1,"[{""account_id"": 4838046973323902, ""account_name"": ""Checking account"", ""account_type"": ""SAVINGS"", ""currency_code"": ""EUR"", ""spend_forecast"": 230.0, ""spend_lower"": 184.0, ""spend_upper"": 276.0, ""hist_avg_spend"": 230.0, ""n_months"": 2}]"
USR990MJ,2025-02,23,Healthy Active User,14316.43,0.0,63574.12,prophet,3,1,5,prophet,4772.14,10274.62,3.1,1654.58,3,39.3,increasing,765.3,high,"{""Shopping"": {""forecast"": 95590.73, ""lower"": 76472.58, ""upper"": 114708.87, ""hist_avg"": 43747.66, ""data_points"": 5}, ""Gifts"": {""forecast"": 323.26, ""lower"": 258.61, ""upper"": 387.91, ""hist_avg"": 610.21, ""data_points"": 7}, ""Personal Hygiene"": {""forecast"": 809.87, ""lower"": 647.9, ""upper"": 971.85, ""hist_avg"": 416.38, ""data_points"": 7}}",Your spending is forecast to increasing by 39% vs your historical average.,Based on 23 months of data using prophet.,[1691137074731657],1691137074731657,1,"[{""account_id"": 1691137074731657, ""account_name"": ""Diners Club / Carte Blanche"", ""account_type"": ""Savings"", ""currency_code"": ""USD"", ""spend_forecast"": 1075.73, ""spend_lower"": 860.59, ""spend_upper"": 1290.88, ""hist_avg_spend"": 10274.62, ""n_months"": 23}]"
USR990wn,2025-02,22,Consistent Weekly,15537.27,0.0,36090.95,prophet,2,1,3,prophet,7768.64,4705.28,2.5,148.28,2,230.2,increasing,10378.3,high,"{""Shopping"": {""forecast"": 58003.33, ""lower"": 46402.66, ""upper"": 69603.99, ""hist_avg"": 43513.9, ""data_points"": 2}, ""Housing and Utilities"": {""forecast"": 3434.47, ""lower"": 2747.58, ""upper"": 4121.36, ""hist_avg"": 1674.84, ""data_points"": 6}, ""Travel"": {""forecast"": 385.4, ""lower"": 308.32, ""upper"": 462.48, ""hist_avg"": 399.55, ""data_points"": 6}}",Your spending is forecast to increasing by 230% vs your historical average.,Based on 22 months of data using prophet.,[5201228488286458],5201228488286458,1,"[{""account_id"": 5201228488286458, ""account_name"": ""Maestro"", ""account_type"": ""Checking"", ""currency_code"": ""USD"", ""spend_forecast"": 29091.6, ""spend_lower"": 23273.28, ""spend_upper"": 34909.92, ""hist_avg_spend"": 4705.28, ""n_months"": 22}]"
USR992ZI,2025-11,2,Single-Tasker,200.0,160.0,240.0,wma,1,1,1,wma,200.0,200.0,1.0,200.0,1,0.0,stable,0.0,low,"{""Other"": {""forecast"": 200.0, ""lower"": 160.0, ""upper"": 240.0, ""hist_avg"": 200.0, ""data_points"": 2}}",Your spending is forecast to remain stable near your historical average of $200.,Based on 2 months of data using wma. Treat as indicative only.,[6919845120865469],6919845120865469,1,"[{""account_id"": 6919845120865469, ""account_name"": ""Hoiukonto"", ""account_type"": ""SAVINGS"", ""currency_code"": ""EUR"", ""spend_forecast"": 200.0, ""spend_lower"": 160.0, ""spend_upper"": 240.0, ""hist_avg_spend"": 200.0, ""n_months"": 2}]"
USR993dr,2025-01,20,Consistent Weekly,155.39,0.0,738.49,prophet,3,1,4,prophet,51.8,487.8,2.5,337.51,5,-68.1,decreasing,-54.0,high,"{""Fitness"": {""forecast"": 379.46, ""lower"": 303.57, ""upper"": 455.36, ""hist_avg"": 536.5, ""data_points"": 5}, ""Personal Hygiene"": {""forecast"": 607.48, ""lower"": 485.98, ""upper"": 728.98, ""hist_avg"": 865.11, ""data_points"": 3}, ""Gifts"": {""forecast"": 214.66, ""lower"": 171.73, ""upper"": 257.59, ""hist_avg"": 160.72, ""data_points"": 7}}",Your spending is forecast to decreasing by 68% vs your historical average.,Based on 20 months of data using prophet.,[8463244674873742],8463244674873742,1,"[{""account_id"": 8463244674873742, ""account_name"": ""VISA 16 digit"", ""account_type"": ""Checking"", ""currency_code"": ""USD"", ""spend_forecast"": 490.14, ""spend_lower"": 392.11, ""spend_upper"": 588.17, ""hist_avg_spend"": 487.8, ""n_months"": 20}]"
USR996DQ,2025-02,21,Healthy Active User,1408.75,0.0,3315.45,prophet,3,1,4,prophet,469.58,1114.9,2.7,373.65,3,26.4,increasing,277.0,high,"{""Housing and Utilities"": {""forecast"": 1849.37, ""lower"": 1479.5, ""upper"": 2219.25, ""hist_avg"": 1263.62, ""data_points"": 4}, ""Shopping"": {""forecast"": 3167.74, ""lower"": 2534.19, ""upper"": 3801.28, ""hist_avg"": 2432.93, ""data_points"": 2}, ""Gifts"": {""forecast"": 2240.07, ""lower"": 1792.06, ""upper"": 2688.09, ""hist_avg"": 2058.18, ""data_points"": 2}}",Your spending is forecast to increasing by 26% vs your historical average.,Based on 21 months of data using prophet.,[3183318773199775],3183318773199775,1,"[{""account_id"": 3183318773199775, ""account_name"": ""Mastercard"", ""account_type"": ""Checking"", ""currency_code"": ""USD"", ""spend_forecast"": 362.64, ""spend_lower"": 290.11, ""spend_upper"": 435.17, ""hist_avg_spend"": 1114.9, ""n_months"": 21}]"
