stats_id,user_id,account_id,month_start_date,total_amount,total_transactions,total_spend,total_receive,avg_transaction_value,largest,largest_abs,spending_by_category
stats_1,USR601Ie,CUST_0159,2023-01-01,6.85,1,0.0,6.85,6.85,6.85,6.85,"{""Subscriptions"": 1}"
stats_2,USR601Ie,CUST_0159,2023-02-01,367.56,2,0.0,367.56,183.78,323.36,323.36,"{""Hobbies"": 2}"
stats_3,USR601Ie,CUST_0159,2023-03-01,1462.54,3,0.0,1462.54,487.51,889.19,889.19,"{""Medical/Dental"": 1, ""Friend Activities"": 1, ""Subscriptions"": 1}"
stats_4,USR601Ie,CUST_0159,2023-04-01,67.37,2,0.0,67.37,33.68,54.61,54.61,"{""Subscriptions"": 1, ""Personal Hygiene"": 1}"
stats_5,USR601Ie,CUST_0159,2023-05-01,347.66,2,0.0,347.66,173.83,236.88,236.88,"{""Fitness"": 1, ""Medical/Dental"": 1}"
stats_6,USR601Ie,CUST_0159,2023-06-01,553.38,2,0.0,553.38,276.69,310.01,310.01,"{""Medical/Dental"": 1, ""Hobbies"": 1}"
stats_7,USR601Ie,CUST_0159,2023-07-01,6.43,1,0.0,6.43,6.43,6.43,6.43,"{""Food"": 1}"
stats_8,USR601Ie,CUST_0159,2023-08-01,132.49,2,0.0,132.49,66.24,104.24,104.24,"{""Hobbies"": 1, ""Groceries"": 1}"
stats_9,USR601Ie,CUST_0159,2023-09-01,361.13,2,0.0,361.13,180.56,195.63,195.63,"{""Friend Activities"": 2}"
stats_10,USR601Ie,CUST_0159,2023-11-01,1101.31,3,0.0,1101.31,367.1,528.75,528.75,"{""Hobbies"": 1, ""Transportation"": 1, ""Shopping"": 1}"
stats_11,USR601Ie,CUST_0159,2023-12-01,725.34,3,0.0,725.34,241.78,644.26,644.26,"{""Friend Activities"": 1, ""Food"": 1, ""Medical/Dental"": 1}"
stats_12,USR601Ie,CUST_0159,2024-01-01,6651.36,1,0.0,6651.36,6651.36,6651.36,6651.36,"{""Housing and Utilities"": 1}"
stats_13,USR601Ie,CUST_0159,2024-02-01,39724.3,2,0.0,39724.3,19862.15,39134.7,39134.7,"{""Shopping"": 1, ""Fitness"": 1}"
stats_14,USR601Ie,CUST_0159,2024-05-01,2124.75,3,0.0,2124.75,708.25,1966.67,1966.67,"{""Personal Hygiene"": 1, ""Gifts"": 1, ""Food"": 1}"
stats_15,USR601Ie,CUST_0159,2024-06-01,593.42,3,0.0,593.42,197.81,397.49,397.49,"{""Medical/Dental"": 1, ""Housing and Utilities"": 1, ""Food"": 1}"
stats_16,USR601Ie,CUST_0159,2024-07-01,76562.77,4,0.0,76562.77,19140.69,76337.16,76337.16,"{""Groceries"": 1, ""Friend Activities"": 1, ""Travel"": 1, ""Shopping"": 1}"
stats_17,USR601Ie,CUST_0159,2024-09-01,479.0,2,0.0,479.0,239.5,390.67,390.67,"{""Shopping"": 1, ""Housing and Utilities"": 1}"
stats_18,USR601Ie,CUST_0159,2024-10-01,855.79,1,0.0,855.79,855.79,855.79,855.79,"{""Friend Activities"": 1}"
stats_19,USR601Ie,CUST_0159,2024-11-01,1.28,1,0.0,1.28,1.28,1.28,1.28,"{""Groceries"": 1}"
stats_20,USR601Ie,CUST_0159,2024-12-01,106710.9,2,0.0,106710.9,53355.45,104974.48,104974.48,"{""Shopping"": 2}"
stats_21,USR601Ie,CUST_0159,2025-01-01,336.01,1,0.0,336.01,336.01,336.01,336.01,"{""Fitness"": 1}"
stats_22,USR784ar,CUST_0017,2023-01-01,25.63,1,0.0,25.63,25.63,25.63,25.63,"{""Gifts"": 1}"
stats_23,USR784ar,CUST_0017,2023-02-01,1060.3,3,0.0,1060.3,353.43,853.8,853.8,"{""Hobbies"": 1, ""Fitness"": 1, ""Housing and Utilities"": 1}"
stats_24,USR784ar,CUST_0017,2023-04-01,235.22,2,0.0,235.22,117.61,220.17,220.17,"{""Gifts"": 1, ""Groceries"": 1}"
stats_25,USR784ar,CUST_0017,2023-05-01,885.59,3,0.0,885.59,295.2,674.83,674.83,"{""Friend Activities"": 1, ""Housing and Utilities"": 1, ""Travel"": 1}"
stats_26,USR784ar,CUST_0017,2023-06-01,498.4,2,0.0,498.4,249.2,462.74,462.74,"{""Medical/Dental"": 1, ""Travel"": 1}"
stats_27,USR784ar,CUST_0017,2023-07-01,499.65,2,0.0,499.65,249.82,309.78,309.78,"{""Transportation"": 1, ""Travel"": 1}"
stats_28,USR784ar,CUST_0017,2023-08-01,2356.62,3,0.0,2356.62,785.54,1461.1,1461.1,"{""Housing and Utilities"": 1, ""Gifts"": 1, ""Subscriptions"": 1}"
stats_29,USR784ar,CUST_0017,2023-10-01,525.88,1,0.0,525.88,525.88,525.88,525.88,"{""Medical/Dental"": 1}"
stats_30,USR784ar,CUST_0017,2023-11-01,5.7,1,0.0,5.7,5.7,5.7,5.7,"{""Food"": 1}"
stats_31,USR784ar,CUST_0017,2023-12-01,70.5,4,0.0,70.5,17.62,54.54,54.54,"{""Transportation"": 2, ""Personal Hygiene"": 1, ""Groceries"": 1}"
stats_32,USR784ar,CUST_0017,2024-01-01,19.75,1,0.0,19.75,19.75,19.75,19.75,"{""Groceries"": 1}"
stats_33,USR784ar,CUST_0017,2024-02-01,661.09,3,0.0,661.09,220.36,474.14,474.14,"{""Housing and Utilities"": 1, ""Travel"": 1, ""Food"": 1}"
stats_34,USR784ar,CUST_0017,2024-03-01,1145.96,1,0.0,1145.96,1145.96,1145.96,1145.96,"{""Travel"": 1}"
stats_35,USR784ar,CUST_0017,2024-04-01,228.83,2,0.0,228.83,114.42,224.19,224.19,"{""Groceries"": 1, ""Food"": 1}"
stats_36,USR784ar,CUST_0017,2024-05-01,2496.31,4,0.0,2496.31,624.08,2285.1,2285.1,"{""Personal Hygiene"": 2, ""Fitness"": 2}"
stats_37,USR784ar,CUST_0017,2024-06-01,1705.88,3,0.0,1705.88,568.63,974.99,974.99,"{""Gifts"": 2, ""Travel"": 1}"
stats_38,USR784ar,CUST_0017,2024-07-01,247931.95,3,0.0,247931.95,82643.98,247647.06,247647.06,"{""Shopping"": 1, ""Medical/Dental"": 1, ""Groceries"": 1}"
stats_39,USR784ar,CUST_0017,2024-08-01,56.7,1,0.0,56.7,56.7,56.7,56.7,"{""Food"": 1}"
stats_40,USR784ar,CUST_0017,2024-09-01,414.12,1,0.0,414.12,414.12,414.12,414.12,"{""Shopping"": 1}"
stats_41,USR784ar,CUST_0017,2024-10-01,101.95,2,0.0,101.95,50.98,82.86,82.86,"{""Fitness"": 1, ""Personal Hygiene"": 1}"
stats_42,USR784ar,CUST_0017,2024-11-01,11.2,1,0.0,11.2,11.2,11.2,11.2,"{""Subscriptions"": 1}"
stats_43,USR784ar,CUST_0017,2024-12-01,200.19,5,0.0,200.19,40.04,86.43,86.43,"{""Personal Hygiene"": 1, ""Gifts"": 1, ""Housing and Utilities"": 1, ""Transportation"": 1, ""Groceries"": 1}"
stats_44,USR821Id,CUST_0094,2023-01-01,6181.95,2,0.0,6181.95,3090.98,6177.84,6177.84,"{""Groceries"": 1, ""Housing and Utilities"": 1}"
stats_45,USR821Id,CUST_0094,2023-02-01,345.88,2,0.0,345.88,172.94,311.39,311.39,"{""Travel"": 1, ""Subscriptions"": 1}"
stats_46,USR821Id,CUST_0094,2023-03-01,29.0,1,0.0,29.0,29.0,29.0,29.0,"{""Food"": 1}"
stats_47,USR821Id,CUST_0094,2023-04-01,120.0,2,0.0,120.0,60.0,75.5,75.5,"{""Housing and Utilities"": 1, ""Travel"": 1}"
stats_48,USR821Id,CUST_0094,2023-05-01,71.33,2,0.0,71.33,35.66,47.66,47.66,"{""Personal Hygiene"": 1, ""Food"": 1}"
stats_49,USR821Id,CUST_0094,2023-06-01,3808.91,2,0.0,3808.91,1904.46,3796.62,3796.62,"{""Shopping"": 1, ""Food"": 1}"
stats_50,USR821Id,CUST_0094,2023-07-01,448.06,3,0.0,448.06,149.35,209.06,209.06,"{""Shopping"": 2, ""Hobbies"": 1}"
stats_51,USR821Id,CUST_0094,2023-08-01,228.12,1,0.0,228.12,228.12,228.12,228.12,"{""Medical/Dental"": 1}"
stats_52,USR821Id,CUST_0094,2023-09-01,184.65,2,0.0,184.65,92.32,159.66,159.66,"{""Food"": 1, ""Fitness"": 1}"
stats_53,USR821Id,CUST_0094,2023-10-01,3556.14,2,0.0,3556.14,1778.07,2968.83,2968.83,"{""Housing and Utilities"": 1, ""Medical/Dental"": 1}"
stats_54,USR821Id,CUST_0094,2023-11-01,479.39,3,0.0,479.39,159.8,396.98,396.98,"{""Transportation"": 2, ""Gifts"": 1}"
stats_55,USR821Id,CUST_0094,2023-12-01,2108.79,4,0.0,2108.79,527.2,1988.81,1988.81,"{""Housing and Utilities"": 1, ""Personal Hygiene"": 1, ""Fitness"": 1, ""Groceries"": 1}"
stats_56,USR821Id,CUST_0094,2024-01-01,535.05,1,0.0,535.05,535.05,535.05,535.05,"{""Travel"": 1}"
stats_57,USR821Id,CUST_0094,2024-02-01,489.79,2,0.0,489.79,244.9,478.11,478.11,"{""Travel"": 1, ""Subscriptions"": 1}"
stats_58,USR821Id,CUST_0094,2024-03-01,1228.73,3,0.0,1228.73,409.58,709.7,709.7,"{""Groceries"": 1, ""Travel"": 1, ""Shopping"": 1}"
stats_59,USR821Id,CUST_0094,2024-04-01,607.69,3,0.0,607.69,202.56,391.45,391.45,"{""Shopping"": 1, ""Fitness"": 1, ""Food"": 1}"
stats_60,USR821Id,CUST_0094,2024-06-01,411.07,4,0.0,411.07,102.77,229.58,229.58,"{""Transportation"": 2, ""Travel"": 1, ""Hobbies"": 1}"
stats_61,USR821Id,CUST_0094,2024-07-01,1824.01,1,0.0,1824.01,1824.01,1824.01,1824.01,"{""Fitness"": 1}"
stats_62,USR821Id,CUST_0094,2024-08-01,259.57,1,0.0,259.57,259.57,259.57,259.57,"{""Travel"": 1}"
stats_63,USR821Id,CUST_0094,2024-09-01,215.75,2,0.0,215.75,107.88,160.15,160.15,"{""Fitness"": 1, ""Subscriptions"": 1}"
stats_64,USR821Id,CUST_0094,2024-10-01,40.4,2,0.0,40.4,20.2,34.44,34.44,"{""Personal Hygiene"": 1, ""Hobbies"": 1}"
stats_65,USR821Id,CUST_0094,2024-11-01,818.05,2,0.0,818.05,409.02,533.01,533.01,"{""Shopping"": 1, ""Gifts"": 1}"
stats_66,USR821Id,CUST_0094,2025-01-01,127.41,1,0.0,127.41,127.41,127.41,127.41,"{""Shopping"": 1}"
stats_67,USR559Pi,CUST_0162,2023-01-01,794.06,2,0.0,794.06,397.03,783.44,783.44,"{""Subscriptions"": 1, ""Gifts"": 1}"
stats_68,USR559Pi,CUST_0162,2023-02-01,87.85,2,0.0,87.85,43.92,74.04,74.04,"{""Gifts"": 1, ""Food"": 1}"
stats_69,USR559Pi,CUST_0162,2023-03-01,140.64,2,0.0,140.64,70.32,71.74,71.74,"{""Groceries"": 1, ""Hobbies"": 1}"
stats_70,USR559Pi,CUST_0162,2023-04-01,72623.02,2,0.0,72623.02,36311.51,72561.91,72561.91,"{""Medical/Dental"": 1, ""Shopping"": 1}"
stats_71,USR559Pi,CUST_0162,2023-05-01,266.56,3,0.0,266.56,88.85,184.01,184.01,"{""Fitness"": 1, ""Transportation"": 1, ""Friend Activities"": 1}"
stats_72,USR559Pi,CUST_0162,2023-06-01,60.48,1,0.0,60.48,60.48,60.48,60.48,"{""Housing and Utilities"": 1}"
stats_73,USR559Pi,CUST_0162,2023-07-01,88.69,3,0.0,88.69,29.56,42.95,42.95,"{""Gifts"": 1, ""Housing and Utilities"": 1, ""Groceries"": 1}"
stats_74,USR559Pi,CUST_0162,2023-08-01,540.19,3,0.0,540.19,180.06,254.3,254.3,"{""Gifts"": 1, ""Hobbies"": 1, ""Transportation"": 1}"
stats_75,USR559Pi,CUST_0162,2023-09-01,371.25,5,0.0,371.25,74.25,321.43,321.43,"{""Subscriptions"": 2, ""Groceries"": 2, ""Food"": 1}"
stats_76,USR559Pi,CUST_0162,2023-12-01,3916.7,5,0.0,3916.7,783.34,3795.8,3795.8,"{""Hobbies"": 1, ""Transportation"": 1, ""Personal Hygiene"": 1, ""Shopping"": 1, ""Fitness"": 1}"
stats_77,USR559Pi,CUST_0162,2024-01-01,612.86,3,0.0,612.86,204.29,397.87,397.87,"{""Fitness"": 1, ""Housing and Utilities"": 1, ""Hobbies"": 1}"
stats_78,USR559Pi,CUST_0162,2024-02-01,8.18,1,0.0,8.18,8.18,8.18,8.18,"{""Groceries"": 1}"
stats_79,USR559Pi,CUST_0162,2024-03-01,1571.32,7,0.0,1571.32,224.47,1371.15,1371.15,"{""Groceries"": 3, ""Shopping"": 1, ""Hobbies"": 1, ""Travel"": 1, ""Personal Hygiene"": 1}"
stats_80,USR559Pi,CUST_0162,2024-04-01,197.74,1,0.0,197.74,197.74,197.74,197.74,"{""Gifts"": 1}"
stats_81,USR559Pi,CUST_0162,2024-05-01,83.25,1,0.0,83.25,83.25,83.25,83.25,"{""Fitness"": 1}"
stats_82,USR559Pi,CUST_0162,2024-06-01,369.54,1,0.0,369.54,369.54,369.54,369.54,"{""Shopping"": 1}"
stats_83,USR559Pi,CUST_0162,2024-07-01,150.35,2,0.0,150.35,75.18,111.67,111.67,"{""Gifts"": 1, ""Personal Hygiene"": 1}"
stats_84,USR559Pi,CUST_0162,2024-08-01,15977.77,5,0.0,15977.77,3195.55,15343.64,15343.64,"{""Food"": 2, ""Shopping"": 1, ""Hobbies"": 1, ""Medical/Dental"": 1}"
stats_85,USR559Pi,CUST_0162,2024-09-01,92.22,2,0.0,92.22,46.11,83.78,83.78,"{""Food"": 1, ""Personal Hygiene"": 1}"
stats_86,USR559Pi,CUST_0162,2024-10-01,1837.66,3,0.0,1837.66,612.55,1486.33,1486.33,"{""Personal Hygiene"": 1, ""Food"": 1, ""Medical/Dental"": 1}"
stats_87,USR559Pi,CUST_0162,2024-11-01,711.57,2,0.0,711.57,355.78,685.41,685.41,"{""Medical/Dental"": 1, ""Hobbies"": 1}"
stats_88,USR559Pi,CUST_0162,2024-12-01,2852.25,3,0.0,2852.25,950.75,2135.28,2135.28,"{""Personal Hygiene"": 1, ""Groceries"": 1, ""Travel"": 1}"
stats_89,USR559Pi,CUST_0162,2025-01-01,64.44,1,0.0,64.44,64.44,64.44,64.44,"{""Gifts"": 1}"
stats_90,USR200Qr,CUST_0129,2023-01-01,68.95,2,0.0,68.95,34.48,44.84,44.84,"{""Housing and Utilities"": 1, ""Subscriptions"": 1}"
stats_91,USR200Qr,CUST_0129,2023-02-01,89.69,2,0.0,89.69,44.84,80.89,80.89,"{""Transportation"": 1, ""Groceries"": 1}"
stats_92,USR200Qr,CUST_0129,2023-04-01,4438.64,2,0.0,4438.64,2219.32,4394.54,4394.54,"{""Shopping"": 1, ""Travel"": 1}"
stats_93,USR200Qr,CUST_0129,2023-06-01,248.84,2,0.0,248.84,124.42,173.61,173.61,"{""Hobbies"": 1, ""Shopping"": 1}"
stats_94,USR200Qr,CUST_0129,2023-07-01,293.99,2,0.0,293.99,147.0,162.87,162.87,"{""Gifts"": 1, ""Fitness"": 1}"
stats_95,USR200Qr,CUST_0129,2023-08-01,4386.62,4,0.0,4386.62,1096.66,2431.59,2431.59,"{""Shopping"": 1, ""Fitness"": 1, ""Medical/Dental"": 1, ""Gifts"": 1}"
stats_96,USR200Qr,CUST_0129,2023-09-01,47.65,2,0.0,47.65,23.82,33.62,33.62,"{""Housing and Utilities"": 1, ""Groceries"": 1}"
stats_97,USR200Qr,CUST_0129,2023-10-01,909.68,5,0.0,909.68,181.94,367.01,367.01,"{""Gifts"": 2, ""Personal Hygiene"": 1, ""Housing and Utilities"": 1, ""Friend Activities"": 1}"
stats_98,USR200Qr,CUST_0129,2023-11-01,253.41,2,0.0,253.41,126.7,166.79,166.79,"{""Housing and Utilities"": 1, ""Medical/Dental"": 1}"
stats_99,USR200Qr,CUST_0129,2023-12-01,2645.81,5,0.0,2645.81,529.16,2520.97,2520.97,"{""Personal Hygiene"": 2, ""Gifts"": 1, ""Housing and Utilities"": 1, ""Groceries"": 1}"
stats_100,USR200Qr,CUST_0129,2024-01-01,59.52,1,0.0,59.52,59.52,59.52,59.52,"{""Housing and Utilities"": 1}"
stats_101,USR200Qr,CUST_0129,2024-02-01,774.99,3,0.0,774.99,258.33,477.9,477.9,"{""Personal Hygiene"": 1, ""Medical/Dental"": 1, ""Gifts"": 1}"
stats_102,USR200Qr,CUST_0129,2024-03-01,115.93,3,0.0,115.93,38.64,85.2,85.2,"{""Friend Activities"": 1, ""Hobbies"": 1, ""Transportation"": 1}"
stats_103,USR200Qr,CUST_0129,2024-04-01,432.13,2,0.0,432.13,216.06,379.35,379.35,"{""Gifts"": 1, ""Hobbies"": 1}"
stats_104,USR200Qr,CUST_0129,2024-05-01,66.54,1,0.0,66.54,66.54,66.54,66.54,"{""Transportation"": 1}"
stats_105,USR200Qr,CUST_0129,2024-07-01,317.94,1,0.0,317.94,317.94,317.94,317.94,"{""Shopping"": 1}"
stats_106,USR200Qr,CUST_0129,2024-08-01,116376.53,4,0.0,116376.53,29094.13,116051.83,116051.83,"{""Subscriptions"": 1, ""Personal Hygiene"": 1, ""Medical/Dental"": 1, ""Shopping"": 1}"
stats_107,USR200Qr,CUST_0129,2024-09-01,420.13,1,0.0,420.13,420.13,420.13,420.13,"{""Transportation"": 1}"
stats_108,USR200Qr,CUST_0129,2024-10-01,139740.36,2,0.0,139740.36,69870.18,137850.83,137850.83,"{""Shopping"": 1, ""Housing and Utilities"": 1}"
stats_109,USR200Qr,CUST_0129,2024-11-01,1190.06,3,0.0,1190.06,396.69,630.56,630.56,"{""Shopping"": 1, ""Fitness"": 1, ""Food"": 1}"
stats_110,USR200Qr,CUST_0129,2024-12-01,638.31,2,0.0,638.31,319.15,373.6,373.6,"{""Medical/Dental"": 1, ""Friend Activities"": 1}"
stats_111,USR200Qr,CUST_0129,2025-01-01,882.97,2,0.0,882.97,441.48,464.17,464.17,"{""Gifts"": 2}"
stats_112,USR674rM,CUST_0071,2023-01-01,46092.78,2,0.0,46092.78,23046.39,45596.39,45596.39,"{""Medical/Dental"": 1, ""Shopping"": 1}"
stats_113,USR674rM,CUST_0071,2023-03-01,1009.2,6,0.0,1009.2,168.2,354.95,354.95,"{""Travel"": 2, ""Groceries"": 1, ""Medical/Dental"": 1, ""Friend Activities"": 1, ""Subscriptions"": 1}"
stats_114,USR674rM,CUST_0071,2023-04-01,120.62,2,0.0,120.62,60.31,63.92,63.92,"{""Medical/Dental"": 1, ""Hobbies"": 1}"
stats_115,USR674rM,CUST_0071,2023-05-01,443.32,3,0.0,443.32,147.77,378.96,378.96,"{""Shopping"": 1, ""Transportation"": 1, ""Personal Hygiene"": 1}"
stats_116,USR674rM,CUST_0071,2023-06-01,172.23,2,0.0,172.23,86.12,137.17,137.17,"{""Transportation"": 1, ""Hobbies"": 1}"
stats_117,USR674rM,CUST_0071,2023-07-01,44.69,2,0.0,44.69,22.34,30.05,30.05,"{""Transportation"": 1, ""Groceries"": 1}"
stats_118,USR674rM,CUST_0071,2023-08-01,885.39,2,0.0,885.39,442.7,776.04,776.04,"{""Personal Hygiene"": 1, ""Friend Activities"": 1}"
stats_119,USR674rM,CUST_0071,2023-09-01,29.15,2,0.0,29.15,14.58,23.33,23.33,"{""Subscriptions"": 1, ""Food"": 1}"
stats_120,USR674rM,CUST_0071,2023-10-01,14.71,1,0.0,14.71,14.71,14.71,14.71,"{""Subscriptions"": 1}"
stats_121,USR674rM,CUST_0071,2023-11-01,1533.0,5,0.0,1533.0,306.6,1019.48,1019.48,"{""Groceries"": 1, ""Medical/Dental"": 1, ""Shopping"": 1, ""Food"": 1, ""Housing and Utilities"": 1}"
stats_122,USR674rM,CUST_0071,2023-12-01,2664.08,4,0.0,2664.08,666.02,2125.94,2125.94,"{""Housing and Utilities"": 1, ""Food"": 1, ""Friend Activities"": 1, ""Shopping"": 1}"
stats_123,USR674rM,CUST_0071,2024-01-01,5535.33,1,0.0,5535.33,5535.33,5535.33,5535.33,"{""Housing and Utilities"": 1}"
stats_124,USR674rM,CUST_0071,2024-02-01,48.38,2,0.0,48.38,24.19,33.51,33.51,"{""Travel"": 1, ""Subscriptions"": 1}"
stats_125,USR674rM,CUST_0071,2024-03-01,5.66,1,0.0,5.66,5.66,5.66,5.66,"{""Food"": 1}"
stats_126,USR674rM,CUST_0071,2024-04-01,326.21,1,0.0,326.21,326.21,326.21,326.21,"{""Gifts"": 1}"
stats_127,USR674rM,CUST_0071,2024-05-01,176.84,2,0.0,176.84,88.42,99.67,99.67,"{""Housing and Utilities"": 1, ""Friend Activities"": 1}"
stats_128,USR674rM,CUST_0071,2024-06-01,241.85,3,0.0,241.85,80.62,141.98,141.98,"{""Hobbies"": 1, ""Personal Hygiene"": 1, ""Groceries"": 1}"
stats_129,USR674rM,CUST_0071,2024-07-01,513.83,4,0.0,513.83,128.46,387.25,387.25,"{""Gifts"": 1, ""Shopping"": 1, ""Medical/Dental"": 1, ""Groceries"": 1}"
stats_130,USR674rM,CUST_0071,2024-08-01,196.45,1,0.0,196.45,196.45,196.45,196.45,"{""Shopping"": 1}"
stats_131,USR674rM,CUST_0071,2024-09-01,60.16,1,0.0,60.16,60.16,60.16,60.16,"{""Housing and Utilities"": 1}"
stats_132,USR674rM,CUST_0071,2024-10-01,1412.65,1,0.0,1412.65,1412.65,1412.65,1412.65,"{""Travel"": 1}"
stats_133,USR674rM,CUST_0071,2024-11-01,1196.63,5,0.0,1196.63,239.33,584.24,584.24,"{""Gifts"": 1, ""Groceries"": 1, ""Personal Hygiene"": 1, ""Food"": 1, ""Medical/Dental"": 1}"
stats_134,USR674rM,CUST_0071,2024-12-01,385.25,3,0.0,385.25,128.42,316.16,316.16,"{""Groceries"": 2, ""Personal Hygiene"": 1}"
stats_135,USR240hY,CUST_0165,2023-02-01,1050.68,4,0.0,1050.68,262.67,743.03,743.03,"{""Fitness"": 2, ""Medical/Dental"": 1, ""Subscriptions"": 1}"
stats_136,USR240hY,CUST_0165,2023-03-01,168.47,2,0.0,168.47,84.24,132.76,132.76,"{""Fitness"": 2}"
stats_137,USR240hY,CUST_0165,2023-05-01,523.28,4,0.0,523.28,130.82,314.75,314.75,"{""Medical/Dental"": 2, ""Groceries"": 1, ""Hobbies"": 1}"
stats_138,USR240hY,CUST_0165,2023-06-01,3119.09,3,0.0,3119.09,1039.7,3075.97,3075.97,"{""Friend Activities"": 1, ""Personal Hygiene"": 1, ""Housing and Utilities"": 1}"
stats_139,USR240hY,CUST_0165,2023-07-01,13.2,1,0.0,13.2,13.2,13.2,13.2,"{""Personal Hygiene"": 1}"
stats_140,USR240hY,CUST_0165,2023-08-01,172.45,3,0.0,172.45,57.48,112.99,112.99,"{""Personal Hygiene"": 2, ""Hobbies"": 1}"
stats_141,USR240hY,CUST_0165,2023-09-01,64.3,1,0.0,64.3,64.3,64.3,64.3,"{""Subscriptions"": 1}"
stats_142,USR240hY,CUST_0165,2023-10-01,5345.58,2,0.0,5345.58,2672.79,5320.17,5320.17,"{""Food"": 1, ""Housing and Utilities"": 1}"
stats_143,USR240hY,CUST_0165,2023-12-01,795.13,2,0.0,795.13,397.56,756.74,756.74,"{""Shopping"": 1, ""Housing and Utilities"": 1}"
stats_144,USR240hY,CUST_0165,2024-01-01,149.26,1,0.0,149.26,149.26,149.26,149.26,"{""Travel"": 1}"
stats_145,USR240hY,CUST_0165,2024-02-01,133854.06,2,0.0,133854.06,66927.03,133788.47,133788.47,"{""Subscriptions"": 1, ""Shopping"": 1}"
stats_146,USR240hY,CUST_0165,2024-03-01,394.02,2,0.0,394.02,197.01,371.29,371.29,"{""Transportation"": 1, ""Food"": 1}"
stats_147,USR240hY,CUST_0165,2024-04-01,4775.63,1,0.0,4775.63,4775.63,4775.63,4775.63,"{""Housing and Utilities"": 1}"
stats_148,USR240hY,CUST_0165,2024-05-01,129.69,3,0.0,129.69,43.23,100.56,100.56,"{""Hobbies"": 1, ""Housing and Utilities"": 1, ""Food"": 1}"
stats_149,USR240hY,CUST_0165,2024-06-01,806.2,3,0.0,806.2,268.73,612.63,612.63,"{""Subscriptions"": 1, ""Gifts"": 1, ""Transportation"": 1}"
stats_150,USR240hY,CUST_0165,2024-07-01,3858.54,4,0.0,3858.54,964.64,3711.92,3711.92,"{""Housing and Utilities"": 2, ""Food"": 1, ""Groceries"": 1}"
stats_151,USR240hY,CUST_0165,2024-08-01,36.07,1,0.0,36.07,36.07,36.07,36.07,"{""Travel"": 1}"
stats_152,USR240hY,CUST_0165,2024-09-01,632.03,2,0.0,632.03,316.02,430.14,430.14,"{""Fitness"": 1, ""Travel"": 1}"
stats_153,USR240hY,CUST_0165,2024-10-01,892.57,3,0.0,892.57,297.52,699.83,699.83,"{""Shopping"": 1, ""Friend Activities"": 1, ""Housing and Utilities"": 1}"
stats_154,USR240hY,CUST_0165,2025-01-01,615.7,2,0.0,615.7,307.85,378.97,378.97,"{""Travel"": 2}"
stats_155,USR778Dk,CUST_0147,2023-01-01,837.52,5,0.0,837.52,167.5,535.51,535.51,"{""Fitness"": 3, ""Housing and Utilities"": 1, ""Transportation"": 1}"
stats_156,USR778Dk,CUST_0147,2023-02-01,534.1,1,0.0,534.1,534.1,534.1,534.1,"{""Medical/Dental"": 1}"
stats_157,USR778Dk,CUST_0147,2023-04-01,246.26,1,0.0,246.26,246.26,246.26,246.26,"{""Shopping"": 1}"
stats_158,USR778Dk,CUST_0147,2023-05-01,584.07,4,0.0,584.07,146.02,207.54,207.54,"{""Medical/Dental"": 2, ""Friend Activities"": 2}"
stats_159,USR778Dk,CUST_0147,2023-06-01,5152.74,3,0.0,5152.74,1717.58,5034.38,5034.38,"{""Housing and Utilities"": 1, ""Gifts"": 1, ""Shopping"": 1}"
stats_160,USR778Dk,CUST_0147,2023-07-01,247.86,1,0.0,247.86,247.86,247.86,247.86,"{""Friend Activities"": 1}"
stats_161,USR778Dk,CUST_0147,2023-08-01,143.96,1,0.0,143.96,143.96,143.96,143.96,"{""Food"": 1}"
stats_162,USR778Dk,CUST_0147,2023-09-01,26.09,1,0.0,26.09,26.09,26.09,26.09,"{""Personal Hygiene"": 1}"
stats_163,USR778Dk,CUST_0147,2023-10-01,673.39,2,0.0,673.39,336.7,526.45,526.45,"{""Shopping"": 1, ""Gifts"": 1}"
stats_164,USR778Dk,CUST_0147,2023-11-01,343.26,2,0.0,343.26,171.63,329.38,329.38,"{""Subscriptions"": 1, ""Shopping"": 1}"
stats_165,USR778Dk,CUST_0147,2023-12-01,34.86,1,0.0,34.86,34.86,34.86,34.86,"{""Food"": 1}"
stats_166,USR778Dk,CUST_0147,2024-01-01,4722.69,2,0.0,4722.69,2361.34,4590.11,4590.11,"{""Housing and Utilities"": 1, ""Hobbies"": 1}"
stats_167,USR778Dk,CUST_0147,2024-03-01,18.56,1,0.0,18.56,18.56,18.56,18.56,"{""Personal Hygiene"": 1}"
stats_168,USR778Dk,CUST_0147,2024-04-01,2207.99,5,0.0,2207.99,441.6,739.88,739.88,"{""Medical/Dental"": 2, ""Shopping"": 1, ""Fitness"": 1, ""Food"": 1}"
stats_169,USR778Dk,CUST_0147,2024-05-01,3495.82,4,0.0,3495.82,873.96,3348.83,3348.83,"{""Subscriptions"": 1, ""Transportation"": 1, ""Hobbies"": 1, ""Housing and Utilities"": 1}"
stats_170,USR778Dk,CUST_0147,2024-06-01,556.82,1,0.0,556.82,556.82,556.82,556.82,"{""Travel"": 1}"
stats_171,USR778Dk,CUST_0147,2024-07-01,52249.94,1,0.0,52249.94,52249.94,52249.94,52249.94,"{""Shopping"": 1}"
stats_172,USR778Dk,CUST_0147,2024-08-01,1175.87,4,0.0,1175.87,293.97,788.2,788.2,"{""Housing and Utilities"": 1, ""Medical/Dental"": 1, ""Hobbies"": 1, ""Friend Activities"": 1}"
stats_173,USR778Dk,CUST_0147,2024-09-01,213.73,2,0.0,213.73,106.86,202.84,202.84,"{""Fitness"": 1, ""Groceries"": 1}"
stats_174,USR778Dk,CUST_0147,2024-11-01,263.69,2,0.0,263.69,131.84,182.04,182.04,"{""Fitness"": 1, ""Friend Activities"": 1}"
stats_175,USR778Dk,CUST_0147,2024-12-01,4670.91,2,0.0,4670.91,2335.46,4627.36,4627.36,"{""Housing and Utilities"": 1, ""Subscriptions"": 1}"
stats_176,USR546jz,CUST_0116,2023-01-01,640.46,3,0.0,640.46,213.49,360.63,360.63,"{""Medical/Dental"": 1, ""Personal Hygiene"": 1, ""Housing and Utilities"": 1}"
stats_177,USR546jz,CUST_0116,2023-02-01,7008.15,3,0.0,7008.15,2336.05,6448.22,6448.22,"{""Medical/Dental"": 1, ""Subscriptions"": 1, ""Housing and Utilities"": 1}"
stats_178,USR546jz,CUST_0116,2023-03-01,129.98,3,0.0,129.98,43.33,78.11,78.11,"{""Groceries"": 1, ""Subscriptions"": 1, ""Food"": 1}"
stats_179,USR546jz,CUST_0116,2023-04-01,489.35,1,0.0,489.35,489.35,489.35,489.35,"{""Medical/Dental"": 1}"
stats_180,USR546jz,CUST_0116,2023-05-01,774.28,3,0.0,774.28,258.09,631.01,631.01,"{""Hobbies"": 1, ""Gifts"": 1, ""Friend Activities"": 1}"
stats_181,USR546jz,CUST_0116,2023-06-01,625.44,4,0.0,625.44,156.36,494.26,494.26,"{""Gifts"": 2, ""Fitness"": 1, ""Subscriptions"": 1}"
stats_182,USR546jz,CUST_0116,2023-07-01,892.2,4,0.0,892.2,223.05,667.09,667.09,"{""Travel"": 1, ""Friend Activities"": 1, ""Subscriptions"": 1, ""Gifts"": 1}"
stats_183,USR546jz,CUST_0116,2023-08-01,1403.52,2,0.0,1403.52,701.76,1011.41,1011.41,"{""Travel"": 1, ""Fitness"": 1}"
stats_184,USR546jz,CUST_0116,2023-09-01,1407.45,4,0.0,1407.45,351.86,632.71,632.71,"{""Hobbies"": 2, ""Housing and Utilities"": 1, ""Fitness"": 1}"
stats_185,USR546jz,CUST_0116,2023-10-01,3080.59,5,0.0,3080.59,616.12,1325.27,1325.27,"{""Fitness"": 2, ""Gifts"": 1, ""Personal Hygiene"": 1, ""Friend Activities"": 1}"
stats_186,USR546jz,CUST_0116,2023-11-01,79.0,2,0.0,79.0,39.5,72.83,72.83,"{""Food"": 1, ""Gifts"": 1}"
stats_187,USR546jz,CUST_0116,2023-12-01,36.09,1,0.0,36.09,36.09,36.09,36.09,"{""Food"": 1}"
stats_188,USR546jz,CUST_0116,2024-01-01,620.98,1,0.0,620.98,620.98,620.98,620.98,"{""Medical/Dental"": 1}"
stats_189,USR546jz,CUST_0116,2024-02-01,340.98,3,0.0,340.98,113.66,235.79,235.79,"{""Travel"": 1, ""Medical/Dental"": 1, ""Hobbies"": 1}"
stats_190,USR546jz,CUST_0116,2024-03-01,214.57,1,0.0,214.57,214.57,214.57,214.57,"{""Medical/Dental"": 1}"
stats_191,USR546jz,CUST_0116,2024-04-01,4582.27,2,0.0,4582.27,2291.14,4404.11,4404.11,"{""Shopping"": 1, ""Gifts"": 1}"
stats_192,USR546jz,CUST_0116,2024-05-01,177.83,2,0.0,177.83,88.92,163.37,163.37,"{""Personal Hygiene"": 1, ""Hobbies"": 1}"
stats_193,USR546jz,CUST_0116,2024-06-01,956.35,2,0.0,956.35,478.18,642.8,642.8,"{""Medical/Dental"": 1, ""Travel"": 1}"
stats_194,USR546jz,CUST_0116,2024-07-01,3475.09,4,0.0,3475.09,868.77,3421.89,3421.89,"{""Personal Hygiene"": 1, ""Friend Activities"": 1, ""Transportation"": 1, ""Housing and Utilities"": 1}"
stats_195,USR546jz,CUST_0116,2024-08-01,751.76,3,0.0,751.76,250.59,582.67,582.67,"{""Friend Activities"": 1, ""Shopping"": 1, ""Travel"": 1}"
stats_196,USR546jz,CUST_0116,2024-09-01,76.97,1,0.0,76.97,76.97,76.97,76.97,"{""Food"": 1}"
stats_197,USR546jz,CUST_0116,2024-10-01,102.6,2,0.0,102.6,51.3,81.37,81.37,"{""Fitness"": 1, ""Groceries"": 1}"
stats_198,USR546jz,CUST_0116,2024-11-01,2610.7,4,0.0,2610.7,652.67,2262.71,2262.71,"{""Gifts"": 1, ""Food"": 1, ""Friend Activities"": 1, ""Personal Hygiene"": 1}"
stats_199,USR546jz,CUST_0116,2024-12-01,28.97,1,0.0,28.97,28.97,28.97,28.97,"{""Hobbies"": 1}"
stats_200,USR546jz,CUST_0116,2025-01-01,456.83,2,0.0,456.83,228.42,283.45,283.45,"{""Housing and Utilities"": 1, ""Fitness"": 1}"
stats_201,USR663xt,CUST_0150,2023-01-01,1066.68,3,0.0,1066.68,355.56,933.74,933.74,"{""Food"": 1, ""Subscriptions"": 1, ""Shopping"": 1}"
stats_202,USR663xt,CUST_0150,2023-02-01,387.81,2,0.0,387.81,193.9,376.66,376.66,"{""Medical/Dental"": 1, ""Subscriptions"": 1}"
stats_203,USR663xt,CUST_0150,2023-03-01,27.83,2,0.0,27.83,13.92,15.21,15.21,"{""Personal Hygiene"": 1, ""Hobbies"": 1}"
stats_204,USR663xt,CUST_0150,2023-04-01,170.28,3,0.0,170.28,56.76,138.18,138.18,"{""Food"": 2, ""Subscriptions"": 1}"
stats_205,USR663xt,CUST_0150,2023-05-01,72.33,2,0.0,72.33,36.16,36.36,36.36,"{""Travel"": 1, ""Personal Hygiene"": 1}"
stats_206,USR663xt,CUST_0150,2023-06-01,2766.79,3,0.0,2766.79,922.26,1462.61,1462.61,"{""Gifts"": 2, ""Fitness"": 1}"
stats_207,USR663xt,CUST_0150,2023-07-01,284.37,2,0.0,284.37,142.18,192.69,192.69,"{""Housing and Utilities"": 1, ""Fitness"": 1}"
stats_208,USR663xt,CUST_0150,2023-08-01,81.53,2,0.0,81.53,40.76,63.7,63.7,"{""Groceries"": 1, ""Transportation"": 1}"
stats_209,USR663xt,CUST_0150,2023-09-01,396.73,2,0.0,396.73,198.36,209.94,209.94,"{""Fitness"": 1, ""Shopping"": 1}"
stats_210,USR663xt,CUST_0150,2023-10-01,14.52,1,0.0,14.52,14.52,14.52,14.52,"{""Food"": 1}"
stats_211,USR663xt,CUST_0150,2023-12-01,1659.83,4,0.0,1659.83,414.96,672.04,672.04,"{""Transportation"": 2, ""Gifts"": 1, ""Medical/Dental"": 1}"
stats_212,USR663xt,CUST_0150,2024-01-01,6418.26,3,0.0,6418.26,2139.42,6121.45,6121.45,"{""Housing and Utilities"": 1, ""Medical/Dental"": 1, ""Food"": 1}"
stats_213,USR663xt,CUST_0150,2024-02-01,93.61,1,0.0,93.61,93.61,93.61,93.61,"{""Medical/Dental"": 1}"
stats_214,USR663xt,CUST_0150,2024-03-01,1054.39,4,0.0,1054.39,263.6,972.96,972.96,"{""Personal Hygiene"": 2, ""Fitness"": 1, ""Friend Activities"": 1}"
stats_215,USR663xt,CUST_0150,2024-05-01,720.31,4,0.0,720.31,180.08,420.86,420.86,"{""Fitness"": 1, ""Shopping"": 1, ""Gifts"": 1, ""Travel"": 1}"
stats_216,USR663xt,CUST_0150,2024-06-01,77.7,1,0.0,77.7,77.7,77.7,77.7,"{""Groceries"": 1}"
stats_217,USR663xt,CUST_0150,2024-07-01,56.45,1,0.0,56.45,56.45,56.45,56.45,"{""Subscriptions"": 1}"
stats_218,USR663xt,CUST_0150,2024-09-01,1964.61,2,0.0,1964.61,982.3,1902.83,1902.83,"{""Fitness"": 2}"
stats_219,USR663xt,CUST_0150,2024-10-01,518.29,4,0.0,518.29,129.57,234.2,234.2,"{""Gifts"": 1, ""Housing and Utilities"": 1, ""Friend Activities"": 1, ""Groceries"": 1}"
stats_220,USR663xt,CUST_0150,2024-11-01,447.69,2,0.0,447.69,223.84,290.49,290.49,"{""Housing and Utilities"": 1, ""Gifts"": 1}"
stats_221,USR663xt,CUST_0150,2024-12-01,476.58,4,0.0,476.58,119.14,208.08,208.08,"{""Gifts"": 1, ""Transportation"": 1, ""Hobbies"": 1, ""Friend Activities"": 1}"
stats_222,USR661vO,CUST_0048,2023-01-01,74586.16,2,0.0,74586.16,37293.08,74246.46,74246.46,"{""Shopping"": 1, ""Medical/Dental"": 1}"
stats_223,USR661vO,CUST_0048,2023-02-01,2380.33,2,0.0,2380.33,1190.16,1884.01,1884.01,"{""Fitness"": 1, ""Shopping"": 1}"
stats_224,USR661vO,CUST_0048,2023-03-01,414.8,2,0.0,414.8,207.4,270.74,270.74,"{""Gifts"": 2}"
stats_225,USR661vO,CUST_0048,2023-04-01,832.73,5,0.0,832.73,166.55,667.6,667.6,"{""Personal Hygiene"": 1, ""Housing and Utilities"": 1, ""Fitness"": 1, ""Subscriptions"": 1, ""Groceries"": 1}"
stats_226,USR661vO,CUST_0048,2023-05-01,440.3,6,0.0,440.3,73.38,216.18,216.18,"{""Food"": 1, ""Medical/Dental"": 1, ""Personal Hygiene"": 1, ""Subscriptions"": 1, ""Housing and Utilities"": 1, ""Gifts"": 1}"
stats_227,USR661vO,CUST_0048,2023-06-01,20.39,2,0.0,20.39,10.2,12.91,12.91,"{""Transportation"": 1, ""Personal Hygiene"": 1}"
stats_228,USR661vO,CUST_0048,2023-07-01,1812.27,4,0.0,1812.27,453.07,947.41,947.41,"{""Gifts"": 2, ""Shopping"": 1, ""Subscriptions"": 1}"
stats_229,USR661vO,CUST_0048,2023-08-01,1168.31,2,0.0,1168.31,584.16,1121.27,1121.27,"{""Hobbies"": 1, ""Fitness"": 1}"
stats_230,USR661vO,CUST_0048,2023-09-01,444.45,2,0.0,444.45,222.22,251.21,251.21,"{""Friend Activities"": 1, ""Hobbies"": 1}"
stats_231,USR661vO,CUST_0048,2023-10-01,292.13,1,0.0,292.13,292.13,292.13,292.13,"{""Transportation"": 1}"
stats_232,USR661vO,CUST_0048,2023-11-01,1010.64,5,0.0,1010.64,202.13,497.3,497.3,"{""Groceries"": 1, ""Shopping"": 1, ""Subscriptions"": 1, ""Friend Activities"": 1, ""Medical/Dental"": 1}"
stats_233,USR661vO,CUST_0048,2023-12-01,319.69,3,0.0,319.69,106.56,180.7,180.7,"{""Groceries"": 1, ""Friend Activities"": 1, ""Medical/Dental"": 1}"
stats_234,USR661vO,CUST_0048,2024-01-01,1099.34,2,0.0,1099.34,549.67,782.25,782.25,"{""Hobbies"": 1, ""Shopping"": 1}"
stats_235,USR661vO,CUST_0048,2024-02-01,1345.55,4,0.0,1345.55,336.39,795.78,795.78,"{""Fitness"": 1, ""Food"": 1, ""Friend Activities"": 1, ""Gifts"": 1}"
stats_236,USR661vO,CUST_0048,2024-03-01,862.46,2,0.0,862.46,431.23,859.34,859.34,"{""Personal Hygiene"": 1, ""Transportation"": 1}"
stats_237,USR661vO,CUST_0048,2024-04-01,74.82,3,0.0,74.82,24.94,50.04,50.04,"{""Food"": 2, ""Hobbies"": 1}"
stats_238,USR661vO,CUST_0048,2024-05-01,17.37,1,0.0,17.37,17.37,17.37,17.37,"{""Food"": 1}"
stats_239,USR661vO,CUST_0048,2024-06-01,420.37,3,0.0,420.37,140.12,356.4,356.4,"{""Hobbies"": 2, ""Personal Hygiene"": 1}"
stats_240,USR661vO,CUST_0048,2024-08-01,97.88,3,0.0,97.88,32.63,72.36,72.36,"{""Medical/Dental"": 1, ""Personal Hygiene"": 1, ""Hobbies"": 1}"
stats_241,USR661vO,CUST_0048,2024-09-01,125.81,2,0.0,125.81,62.9,120.24,120.24,"{""Food"": 1, ""Housing and Utilities"": 1}"
stats_242,USR661vO,CUST_0048,2024-12-01,171.56,1,0.0,171.56,171.56,171.56,171.56,"{""Housing and Utilities"": 1}"
stats_243,USR661vO,CUST_0048,2025-01-01,10.97,1,0.0,10.97,10.97,10.97,10.97,"{""Subscriptions"": 1}"
stats_244,USR451OQ,CUST_0110,2023-01-01,1242.7,2,0.0,1242.7,621.35,849.42,849.42,"{""Fitness"": 1, ""Friend Activities"": 1}"
stats_245,USR451OQ,CUST_0110,2023-03-01,3023.6,6,0.0,3023.6,503.93,1210.76,1210.76,"{""Fitness"": 1, ""Food"": 1, ""Personal Hygiene"": 1, ""Gifts"": 1, ""Friend Activities"": 1, ""Subscriptions"": 1}"
stats_246,USR451OQ,CUST_0110,2023-04-01,53101.18,1,0.0,53101.18,53101.18,53101.18,53101.18,"{""Shopping"": 1}"
stats_247,USR451OQ,CUST_0110,2023-05-01,2191.05,5,0.0,2191.05,438.21,1013.57,1013.57,"{""Transportation"": 1, ""Food"": 1, ""Personal Hygiene"": 1, ""Gifts"": 1, ""Medical/Dental"": 1}"
stats_248,USR451OQ,CUST_0110,2023-06-01,18.7,1,0.0,18.7,18.7,18.7,18.7,"{""Food"": 1}"
stats_249,USR451OQ,CUST_0110,2023-07-01,840.35,4,0.0,840.35,210.09,450.59,450.59,"{""Food"": 1, ""Transportation"": 1, ""Gifts"": 1, ""Fitness"": 1}"
stats_250,USR451OQ,CUST_0110,2023-08-01,501.31,2,0.0,501.31,250.66,455.3,455.3,"{""Travel"": 2}"
stats_251,USR451OQ,CUST_0110,2023-09-01,26.78,1,0.0,26.78,26.78,26.78,26.78,"{""Friend Activities"": 1}"
stats_252,USR451OQ,CUST_0110,2023-10-01,565.53,3,0.0,565.53,188.51,476.06,476.06,"{""Gifts"": 1, ""Personal Hygiene"": 1, ""Friend Activities"": 1}"
stats_253,USR451OQ,CUST_0110,2023-11-01,207.05,2,0.0,207.05,103.52,163.3,163.3,"{""Groceries"": 1, ""Hobbies"": 1}"
stats_254,USR451OQ,CUST_0110,2023-12-01,123.18,2,0.0,123.18,61.59,90.56,90.56,"{""Subscriptions"": 1, ""Gifts"": 1}"
stats_255,USR451OQ,CUST_0110,2024-01-01,132.16,1,0.0,132.16,132.16,132.16,132.16,"{""Gifts"": 1}"
stats_256,USR451OQ,CUST_0110,2024-03-01,1584.38,5,0.0,1584.38,316.88,715.48,715.48,"{""Shopping"": 3, ""Groceries"": 1, ""Medical/Dental"": 1}"
stats_257,USR451OQ,CUST_0110,2024-04-01,475.82,1,0.0,475.82,475.82,475.82,475.82,"{""Travel"": 1}"
stats_258,USR451OQ,CUST_0110,2024-05-01,2521.09,4,0.0,2521.09,630.27,1285.87,1285.87,"{""Medical/Dental"": 2, ""Fitness"": 1, ""Food"": 1}"
stats_259,USR451OQ,CUST_0110,2024-06-01,552.67,1,0.0,552.67,552.67,552.67,552.67,"{""Shopping"": 1}"
stats_260,USR451OQ,CUST_0110,2024-07-01,223.45,2,0.0,223.45,111.72,186.48,186.48,"{""Friend Activities"": 2}"
stats_261,USR451OQ,CUST_0110,2024-08-01,448.1,2,0.0,448.1,224.05,272.29,272.29,"{""Shopping"": 2}"
stats_262,USR451OQ,CUST_0110,2024-09-01,1433.57,2,0.0,1433.57,716.78,1389.49,1389.49,"{""Groceries"": 1, ""Fitness"": 1}"
stats_263,USR451OQ,CUST_0110,2024-10-01,1088.58,5,0.0,1088.58,217.72,439.29,439.29,"{""Food"": 2, ""Friend Activities"": 1, ""Travel"": 1, ""Medical/Dental"": 1}"
stats_264,USR451OQ,CUST_0110,2024-11-01,226866.09,2,0.0,226866.09,113433.04,223326.51,223326.51,"{""Housing and Utilities"": 1, ""Shopping"": 1}"
stats_265,USR451OQ,CUST_0110,2024-12-01,29.42,1,0.0,29.42,29.42,29.42,29.42,"{""Fitness"": 1}"
stats_266,USR691Fc,CUST_0072,2023-01-01,38.23,1,0.0,38.23,38.23,38.23,38.23,"{""Groceries"": 1}"
stats_267,USR691Fc,CUST_0072,2023-03-01,87.09,1,0.0,87.09,87.09,87.09,87.09,"{""Hobbies"": 1}"
stats_268,USR691Fc,CUST_0072,2023-04-01,3865.22,7,0.0,3865.22,552.17,3415.03,3415.03,"{""Hobbies"": 2, ""Personal Hygiene"": 1, ""Food"": 1, ""Gifts"": 1, ""Friend Activities"": 1, ""Transportation"": 1}"
stats_269,USR691Fc,CUST_0072,2023-05-01,14674.75,2,0.0,14674.75,7337.38,14662.15,14662.15,"{""Groceries"": 1, ""Shopping"": 1}"
stats_270,USR691Fc,CUST_0072,2023-06-01,20.91,1,0.0,20.91,20.91,20.91,20.91,"{""Personal Hygiene"": 1}"
stats_271,USR691Fc,CUST_0072,2023-08-01,438.13,5,0.0,438.13,87.63,316.41,316.41,"{""Personal Hygiene"": 2, ""Subscriptions"": 1, ""Friend Activities"": 1, ""Medical/Dental"": 1}"
stats_272,USR691Fc,CUST_0072,2023-09-01,134.99,2,0.0,134.99,67.5,69.46,69.46,"{""Transportation"": 1, ""Housing and Utilities"": 1}"
stats_273,USR691Fc,CUST_0072,2023-10-01,447.19,1,0.0,447.19,447.19,447.19,447.19,"{""Travel"": 1}"
stats_274,USR691Fc,CUST_0072,2023-11-01,28.83,4,0.0,28.83,7.21,8.36,8.36,"{""Groceries"": 3, ""Subscriptions"": 1}"
stats_275,USR691Fc,CUST_0072,2023-12-01,7.9,1,0.0,7.9,7.9,7.9,7.9,"{""Personal Hygiene"": 1}"
stats_276,USR691Fc,CUST_0072,2024-01-01,303.66,2,0.0,303.66,151.83,179.11,179.11,"{""Housing and Utilities"": 1, ""Hobbies"": 1}"
stats_277,USR691Fc,CUST_0072,2024-02-01,143.82,3,0.0,143.82,47.94,77.89,77.89,"{""Food"": 1, ""Personal Hygiene"": 1, ""Hobbies"": 1}"
stats_278,USR691Fc,CUST_0072,2024-03-01,61.18,1,0.0,61.18,61.18,61.18,61.18,"{""Food"": 1}"
stats_279,USR691Fc,CUST_0072,2024-04-01,430.98,3,0.0,430.98,143.66,343.53,343.53,"{""Shopping"": 1, ""Groceries"": 1, ""Food"": 1}"
stats_280,USR691Fc,CUST_0072,2024-05-01,2509.0,3,0.0,2509.0,836.33,2456.25,2456.25,"{""Transportation"": 1, ""Shopping"": 1, ""Subscriptions"": 1}"
stats_281,USR691Fc,CUST_0072,2024-06-01,49.1,2,0.0,49.1,24.55,43.63,43.63,"{""Travel"": 1, ""Groceries"": 1}"
stats_282,USR691Fc,CUST_0072,2024-07-01,134.83,3,0.0,134.83,44.94,114.67,114.67,"{""Medical/Dental"": 1, ""Personal Hygiene"": 1, ""Subscriptions"": 1}"
stats_283,USR691Fc,CUST_0072,2024-08-01,262.56,2,0.0,262.56,131.28,211.42,211.42,"{""Medical/Dental"": 1, ""Housing and Utilities"": 1}"
stats_284,USR691Fc,CUST_0072,2024-09-01,288.17,4,0.0,288.17,72.04,121.85,121.85,"{""Gifts"": 1, ""Groceries"": 1, ""Travel"": 1, ""Subscriptions"": 1}"
stats_285,USR691Fc,CUST_0072,2024-10-01,51.64,1,0.0,51.64,51.64,51.64,51.64,"{""Food"": 1}"
stats_286,USR691Fc,CUST_0072,2024-11-01,815.01,5,0.0,815.01,163.0,422.82,422.82,"{""Medical/Dental"": 1, ""Subscriptions"": 1, ""Gifts"": 1, ""Transportation"": 1, ""Food"": 1}"
stats_287,USR691Fc,CUST_0072,2024-12-01,107.2,1,0.0,107.2,107.2,107.2,107.2,"{""Hobbies"": 1}"
stats_288,USR479Ei,CUST_0100,2023-01-01,97.86,2,0.0,97.86,48.93,90.35,90.35,"{""Gifts"": 1, ""Personal Hygiene"": 1}"
stats_289,USR479Ei,CUST_0100,2023-03-01,1661.02,3,0.0,1661.02,553.67,862.58,862.58,"{""Medical/Dental"": 1, ""Travel"": 1, ""Personal Hygiene"": 1}"
stats_290,USR479Ei,CUST_0100,2023-04-01,2371.05,3,0.0,2371.05,790.35,2072.41,2072.41,"{""Personal Hygiene"": 1, ""Shopping"": 1, ""Travel"": 1}"
stats_291,USR479Ei,CUST_0100,2023-05-01,80.15,1,0.0,80.15,80.15,80.15,80.15,"{""Housing and Utilities"": 1}"
stats_292,USR479Ei,CUST_0100,2023-06-01,5883.51,2,0.0,5883.51,2941.76,5851.82,5851.82,"{""Food"": 1, ""Housing and Utilities"": 1}"
stats_293,USR479Ei,CUST_0100,2023-07-01,1613.36,3,0.0,1613.36,537.79,1381.27,1381.27,"{""Gifts"": 1, ""Fitness"": 1, ""Subscriptions"": 1}"
stats_294,USR479Ei,CUST_0100,2023-09-01,914.7,3,0.0,914.7,304.9,724.59,724.59,"{""Transportation"": 1, ""Gifts"": 1, ""Fitness"": 1}"
stats_295,USR479Ei,CUST_0100,2023-10-01,583.19,2,0.0,583.19,291.6,570.09,570.09,"{""Travel"": 1, ""Groceries"": 1}"
stats_296,USR479Ei,CUST_0100,2023-11-01,165.93,2,0.0,165.93,82.96,96.23,96.23,"{""Gifts"": 1, ""Fitness"": 1}"
stats_297,USR479Ei,CUST_0100,2023-12-01,5.47,1,0.0,5.47,5.47,5.47,5.47,"{""Transportation"": 1}"
stats_298,USR479Ei,CUST_0100,2024-01-01,60314.08,3,0.0,60314.08,20104.69,59812.5,59812.5,"{""Hobbies"": 1, ""Fitness"": 1, ""Shopping"": 1}"
stats_299,USR479Ei,CUST_0100,2024-02-01,6.15,2,0.0,6.15,3.08,3.3,3.3,"{""Groceries"": 1, ""Personal Hygiene"": 1}"
stats_300,USR479Ei,CUST_0100,2024-03-01,73.44,3,0.0,73.44,24.48,56.96,56.96,"{""Subscriptions"": 1, ""Food"": 1, ""Friend Activities"": 1}"
stats_301,USR479Ei,CUST_0100,2024-04-01,71.6,2,0.0,71.6,35.8,68.47,68.47,"{""Housing and Utilities"": 1, ""Groceries"": 1}"
stats_302,USR479Ei,CUST_0100,2024-05-01,139852.31,3,0.0,139852.31,46617.44,138404.27,138404.27,"{""Shopping"": 1, ""Personal Hygiene"": 1, ""Travel"": 1}"
stats_303,USR479Ei,CUST_0100,2024-06-01,2180.69,3,0.0,2180.69,726.9,1553.31,1553.31,"{""Medical/Dental"": 2, ""Housing and Utilities"": 1}"
stats_304,USR479Ei,CUST_0100,2024-08-01,93.09,1,0.0,93.09,93.09,93.09,93.09,"{""Hobbies"": 1}"
stats_305,USR479Ei,CUST_0100,2024-09-01,154.0,2,0.0,154.0,77.0,80.26,80.26,"{""Gifts"": 1, ""Groceries"": 1}"
stats_306,USR479Ei,CUST_0100,2024-10-01,377.56,2,0.0,377.56,188.78,365.84,365.84,"{""Travel"": 1, ""Subscriptions"": 1}"
stats_307,USR479Ei,CUST_0100,2024-12-01,9.56,1,0.0,9.56,9.56,9.56,9.56,"{""Transportation"": 1}"
stats_308,USR479Ei,CUST_0100,2025-01-01,217.95,1,0.0,217.95,217.95,217.95,217.95,"{""Friend Activities"": 1}"
stats_309,USR581oW,CUST_0199,2023-01-01,72.99,2,0.0,72.99,36.49,68.3,68.3,"{""Transportation"": 1, ""Groceries"": 1}"
stats_310,USR581oW,CUST_0199,2023-02-01,62.45,1,0.0,62.45,62.45,62.45,62.45,"{""Food"": 1}"
stats_311,USR581oW,CUST_0199,2023-03-01,23192.32,4,0.0,23192.32,5798.08,22104.35,22104.35,"{""Shopping"": 2, ""Medical/Dental"": 1, ""Housing and Utilities"": 1}"
stats_312,USR581oW,CUST_0199,2023-04-01,9.68,1,0.0,9.68,9.68,9.68,9.68,"{""Subscriptions"": 1}"
stats_313,USR581oW,CUST_0199,2023-05-01,368.19,4,0.0,368.19,92.05,233.89,233.89,"{""Gifts"": 1, ""Medical/Dental"": 1, ""Groceries"": 1, ""Friend Activities"": 1}"
stats_314,USR581oW,CUST_0199,2023-06-01,312.52,2,0.0,312.52,156.26,281.27,281.27,"{""Gifts"": 1, ""Hobbies"": 1}"
stats_315,USR581oW,CUST_0199,2023-07-01,166674.21,2,0.0,166674.21,83337.1,166627.35,166627.35,"{""Hobbies"": 1, ""Shopping"": 1}"
stats_316,USR581oW,CUST_0199,2023-08-01,6.86,1,0.0,6.86,6.86,6.86,6.86,"{""Subscriptions"": 1}"
stats_317,USR581oW,CUST_0199,2023-09-01,125.72,2,0.0,125.72,62.86,81.96,81.96,"{""Hobbies"": 2}"
stats_318,USR581oW,CUST_0199,2023-10-01,428.13,1,0.0,428.13,428.13,428.13,428.13,"{""Medical/Dental"": 1}"
stats_319,USR581oW,CUST_0199,2023-11-01,265.35,2,0.0,265.35,132.68,254.32,254.32,"{""Gifts"": 1, ""Subscriptions"": 1}"
stats_320,USR581oW,CUST_0199,2023-12-01,665.01,4,0.0,665.01,166.25,355.76,355.76,"{""Fitness"": 1, ""Shopping"": 1, ""Groceries"": 1, ""Gifts"": 1}"
stats_321,USR581oW,CUST_0199,2024-01-01,175.15,1,0.0,175.15,175.15,175.15,175.15,"{""Fitness"": 1}"
stats_322,USR581oW,CUST_0199,2024-02-01,69.81,1,0.0,69.81,69.81,69.81,69.81,"{""Fitness"": 1}"
stats_323,USR581oW,CUST_0199,2024-03-01,85.04,2,0.0,85.04,42.52,76.24,76.24,"{""Housing and Utilities"": 1, ""Groceries"": 1}"
stats_324,USR581oW,CUST_0199,2024-04-01,218.52,3,0.0,218.52,72.84,165.72,165.72,"{""Gifts"": 1, ""Travel"": 1, ""Housing and Utilities"": 1}"
stats_325,USR581oW,CUST_0199,2024-05-01,89.26,1,0.0,89.26,89.26,89.26,89.26,"{""Food"": 1}"
stats_326,USR581oW,CUST_0199,2024-06-01,518.22,1,0.0,518.22,518.22,518.22,518.22,"{""Medical/Dental"": 1}"
stats_327,USR581oW,CUST_0199,2024-07-01,795.5,2,0.0,795.5,397.75,785.73,785.73,"{""Fitness"": 1, ""Transportation"": 1}"
stats_328,USR581oW,CUST_0199,2024-08-01,2163.09,2,0.0,2163.09,1081.54,1781.21,1781.21,"{""Fitness"": 2}"
stats_329,USR581oW,CUST_0199,2024-09-01,993.16,1,0.0,993.16,993.16,993.16,993.16,"{""Fitness"": 1}"
stats_330,USR581oW,CUST_0199,2024-10-01,1264.31,2,0.0,1264.31,632.16,1259.77,1259.77,"{""Fitness"": 1, ""Personal Hygiene"": 1}"
stats_331,USR581oW,CUST_0199,2024-11-01,171.23,1,0.0,171.23,171.23,171.23,171.23,"{""Housing and Utilities"": 1}"
stats_332,USR581oW,CUST_0199,2024-12-01,157.56,1,0.0,157.56,157.56,157.56,157.56,"{""Hobbies"": 1}"
stats_333,USR847gv,CUST_0008,2023-01-01,6.51,1,0.0,6.51,6.51,6.51,6.51,"{""Food"": 1}"
stats_334,USR847gv,CUST_0008,2023-02-01,282.7,2,0.0,282.7,141.35,263.29,263.29,"{""Medical/Dental"": 1, ""Personal Hygiene"": 1}"
stats_335,USR847gv,CUST_0008,2023-03-01,680.61,4,0.0,680.61,170.15,370.23,370.23,"{""Groceries"": 2, ""Transportation"": 1, ""Travel"": 1}"
stats_336,USR847gv,CUST_0008,2023-05-01,650.58,2,0.0,650.58,325.29,462.67,462.67,"{""Gifts"": 1, ""Housing and Utilities"": 1}"
stats_337,USR847gv,CUST_0008,2023-06-01,227.51,3,0.0,227.51,75.84,152.43,152.43,"{""Hobbies"": 1, ""Gifts"": 1, ""Fitness"": 1}"
stats_338,USR847gv,CUST_0008,2023-07-01,335.94,4,0.0,335.94,83.98,172.5,172.5,"{""Housing and Utilities"": 1, ""Personal Hygiene"": 1, ""Fitness"": 1, ""Hobbies"": 1}"
stats_339,USR847gv,CUST_0008,2023-09-01,3520.67,6,0.0,3520.67,586.78,2949.81,2949.81,"{""Housing and Utilities"": 1, ""Gifts"": 1, ""Groceries"": 1, ""Transportation"": 1, ""Fitness"": 1, ""Personal Hygiene"": 1}"
stats_340,USR847gv,CUST_0008,2023-10-01,92.62,2,0.0,92.62,46.31,85.85,85.85,"{""Groceries"": 1, ""Gifts"": 1}"
stats_341,USR847gv,CUST_0008,2023-11-01,500.11,2,0.0,500.11,250.06,318.91,318.91,"{""Hobbies"": 1, ""Personal Hygiene"": 1}"
stats_342,USR847gv,CUST_0008,2023-12-01,617.26,4,0.0,617.26,154.32,564.54,564.54,"{""Gifts"": 1, ""Housing and Utilities"": 1, ""Personal Hygiene"": 1, ""Groceries"": 1}"
stats_343,USR847gv,CUST_0008,2024-01-01,799.38,2,0.0,799.38,399.69,638.05,638.05,"{""Medical/Dental"": 2}"
stats_344,USR847gv,CUST_0008,2024-03-01,1027.01,1,0.0,1027.01,1027.01,1027.01,1027.01,"{""Gifts"": 1}"
stats_345,USR847gv,CUST_0008,2024-04-01,2021.63,4,0.0,2021.63,505.41,1218.5,1218.5,"{""Travel"": 1, ""Housing and Utilities"": 1, ""Shopping"": 1, ""Gifts"": 1}"
stats_346,USR847gv,CUST_0008,2024-05-01,5105.24,3,0.0,5105.24,1701.75,3803.25,3803.25,"{""Shopping"": 1, ""Personal Hygiene"": 1, ""Gifts"": 1}"
stats_347,USR847gv,CUST_0008,2024-06-01,113579.11,4,0.0,113579.11,28394.78,107525.35,107525.35,"{""Shopping"": 2, ""Groceries"": 1, ""Medical/Dental"": 1}"
stats_348,USR847gv,CUST_0008,2024-07-01,54.5,1,0.0,54.5,54.5,54.5,54.5,"{""Hobbies"": 1}"
stats_349,USR847gv,CUST_0008,2024-08-01,94.97,1,0.0,94.97,94.97,94.97,94.97,"{""Food"": 1}"
stats_350,USR847gv,CUST_0008,2024-09-01,5.26,1,0.0,5.26,5.26,5.26,5.26,"{""Groceries"": 1}"
stats_351,USR847gv,CUST_0008,2024-10-01,150.7,3,0.0,150.7,50.23,70.08,70.08,"{""Medical/Dental"": 1, ""Hobbies"": 1, ""Transportation"": 1}"
stats_352,USR847gv,CUST_0008,2024-12-01,181.53,3,0.0,181.53,60.51,114.95,114.95,"{""Groceries"": 1, ""Housing and Utilities"": 1, ""Travel"": 1}"
stats_353,USR759Fr,CUST_0065,2023-01-01,49.09,1,0.0,49.09,49.09,49.09,49.09,"{""Housing and Utilities"": 1}"
stats_354,USR759Fr,CUST_0065,2023-02-01,478.45,2,0.0,478.45,239.22,464.94,464.94,"{""Travel"": 1, ""Shopping"": 1}"
stats_355,USR759Fr,CUST_0065,2023-03-01,637.34,2,0.0,637.34,318.67,631.31,631.31,"{""Food"": 1, ""Personal Hygiene"": 1}"
stats_356,USR759Fr,CUST_0065,2023-05-01,1050.82,4,0.0,1050.82,262.7,798.89,798.89,"{""Housing and Utilities"": 1, ""Gifts"": 1, ""Friend Activities"": 1, ""Food"": 1}"
stats_357,USR759Fr,CUST_0065,2023-06-01,463.77,1,0.0,463.77,463.77,463.77,463.77,"{""Medical/Dental"": 1}"
stats_358,USR759Fr,CUST_0065,2023-07-01,2235.33,2,0.0,2235.33,1117.66,1884.15,1884.15,"{""Gifts"": 1, ""Hobbies"": 1}"
stats_359,USR759Fr,CUST_0065,2023-08-01,31.79,1,0.0,31.79,31.79,31.79,31.79,"{""Food"": 1}"
stats_360,USR759Fr,CUST_0065,2023-09-01,78187.61,2,0.0,78187.61,39093.8,78181.59,78181.59,"{""Food"": 1, ""Shopping"": 1}"
stats_361,USR759Fr,CUST_0065,2023-11-01,239228.17,1,0.0,239228.17,239228.17,239228.17,239228.17,"{""Shopping"": 1}"
stats_362,USR759Fr,CUST_0065,2023-12-01,230.18,2,0.0,230.18,115.09,218.24,218.24,"{""Personal Hygiene"": 1, ""Hobbies"": 1}"
stats_363,USR759Fr,CUST_0065,2024-01-01,126.26,2,0.0,126.26,63.13,119.1,119.1,"{""Fitness"": 1, ""Subscriptions"": 1}"
stats_364,USR759Fr,CUST_0065,2024-02-01,380.17,5,0.0,380.17,76.03,328.55,328.55,"{""Subscriptions"": 2, ""Personal Hygiene"": 1, ""Groceries"": 1, ""Friend Activities"": 1}"
stats_365,USR759Fr,CUST_0065,2024-03-01,44.28,2,0.0,44.28,22.14,23.22,23.22,"{""Travel"": 1, ""Personal Hygiene"": 1}"
stats_366,USR759Fr,CUST_0065,2024-05-01,56.71,2,0.0,56.71,28.36,29.91,29.91,"{""Travel"": 1, ""Food"": 1}"
stats_367,USR759Fr,CUST_0065,2024-07-01,23.22,1,0.0,23.22,23.22,23.22,23.22,"{""Travel"": 1}"
stats_368,USR759Fr,CUST_0065,2024-09-01,139.8,4,0.0,139.8,34.95,63.16,63.16,"{""Food"": 2, ""Medical/Dental"": 1, ""Groceries"": 1}"
stats_369,USR759Fr,CUST_0065,2024-10-01,1476.48,4,0.0,1476.48,369.12,672.97,672.97,"{""Shopping"": 1, ""Housing and Utilities"": 1, ""Friend Activities"": 1, ""Hobbies"": 1}"
stats_370,USR759Fr,CUST_0065,2024-11-01,270.12,2,0.0,270.12,135.06,246.74,246.74,"{""Travel"": 1, ""Fitness"": 1}"
stats_371,USR759Fr,CUST_0065,2024-12-01,143.35,3,0.0,143.35,47.78,90.27,90.27,"{""Friend Activities"": 2, ""Hobbies"": 1}"
stats_372,USR759Fr,CUST_0065,2025-01-01,129.5,1,0.0,129.5,129.5,129.5,129.5,"{""Friend Activities"": 1}"
stats_373,USR689zf,CUST_0136,2023-01-01,515.11,2,0.0,515.11,257.56,462.91,462.91,"{""Medical/Dental"": 1, ""Food"": 1}"
stats_374,USR689zf,CUST_0136,2023-02-01,4941.5,3,0.0,4941.5,1647.17,4580.25,4580.25,"{""Gifts"": 1, ""Shopping"": 1, ""Friend Activities"": 1}"
stats_375,USR689zf,CUST_0136,2023-03-01,683.35,3,0.0,683.35,227.78,620.73,620.73,"{""Hobbies"": 1, ""Transportation"": 1, ""Fitness"": 1}"
stats_376,USR689zf,CUST_0136,2023-04-01,5.25,1,0.0,5.25,5.25,5.25,5.25,"{""Transportation"": 1}"
stats_377,USR689zf,CUST_0136,2023-05-01,1186.04,3,0.0,1186.04,395.35,613.26,613.26,"{""Transportation"": 1, ""Medical/Dental"": 1, ""Gifts"": 1}"
stats_378,USR689zf,CUST_0136,2023-06-01,172.36,3,0.0,172.36,57.45,92.83,92.83,"{""Gifts"": 1, ""Food"": 1, ""Friend Activities"": 1}"
stats_379,USR689zf,CUST_0136,2023-08-01,295.64,1,0.0,295.64,295.64,295.64,295.64,"{""Transportation"": 1}"
stats_380,USR689zf,CUST_0136,2023-09-01,169576.13,4,0.0,169576.13,42394.03,169033.95,169033.95,"{""Shopping"": 1, ""Friend Activities"": 1, ""Food"": 1, ""Medical/Dental"": 1}"
stats_381,USR689zf,CUST_0136,2023-10-01,149.97,3,0.0,149.97,49.99,98.24,98.24,"{""Food"": 1, ""Transportation"": 1, ""Travel"": 1}"
stats_382,USR689zf,CUST_0136,2023-11-01,512.35,3,0.0,512.35,170.78,377.83,377.83,"{""Shopping"": 1, ""Food"": 1, ""Gifts"": 1}"
stats_383,USR689zf,CUST_0136,2023-12-01,329.96,5,0.0,329.96,65.99,215.45,215.45,"{""Gifts"": 1, ""Friend Activities"": 1, ""Hobbies"": 1, ""Transportation"": 1, ""Personal Hygiene"": 1}"
stats_384,USR689zf,CUST_0136,2024-01-01,142.76,1,0.0,142.76,142.76,142.76,142.76,"{""Hobbies"": 1}"
stats_385,USR689zf,CUST_0136,2024-02-01,5583.4,4,0.0,5583.4,1395.85,3629.49,3629.49,"{""Travel"": 1, ""Medical/Dental"": 1, ""Housing and Utilities"": 1, ""Transportation"": 1}"
stats_386,USR689zf,CUST_0136,2024-03-01,3422.05,3,0.0,3422.05,1140.68,2933.17,2933.17,"{""Medical/Dental"": 1, ""Shopping"": 1, ""Hobbies"": 1}"
stats_387,USR689zf,CUST_0136,2024-04-01,928.69,5,0.0,928.69,185.74,562.89,562.89,"{""Friend Activities"": 1, ""Subscriptions"": 1, ""Shopping"": 1, ""Groceries"": 1, ""Fitness"": 1}"
stats_388,USR689zf,CUST_0136,2024-06-01,3675.69,2,0.0,3675.69,1837.84,3644.94,3644.94,"{""Transportation"": 1, ""Personal Hygiene"": 1}"
stats_389,USR689zf,CUST_0136,2024-07-01,562.9,1,0.0,562.9,562.9,562.9,562.9,"{""Fitness"": 1}"
stats_390,USR689zf,CUST_0136,2024-08-01,635.84,3,0.0,635.84,211.95,393.21,393.21,"{""Hobbies"": 1, ""Travel"": 1, ""Housing and Utilities"": 1}"
stats_391,USR689zf,CUST_0136,2024-09-01,1502.2,4,0.0,1502.2,375.55,528.4,528.4,"{""Groceries"": 1, ""Fitness"": 1, ""Medical/Dental"": 1, ""Friend Activities"": 1}"
stats_392,USR689zf,CUST_0136,2024-10-01,5.06,1,0.0,5.06,5.06,5.06,5.06,"{""Personal Hygiene"": 1}"
stats_393,USR689zf,CUST_0136,2024-12-01,1392.06,3,0.0,1392.06,464.02,1346.36,1346.36,"{""Personal Hygiene"": 1, ""Groceries"": 1, ""Transportation"": 1}"
stats_394,USR007mU,CUST_0023,2023-01-01,59.2,4,0.0,59.2,14.8,31.3,31.3,"{""Transportation"": 2, ""Hobbies"": 1, ""Food"": 1}"
stats_395,USR007mU,CUST_0023,2023-02-01,95.88,2,0.0,95.88,47.94,77.45,77.45,"{""Personal Hygiene"": 1, ""Hobbies"": 1}"
stats_396,USR007mU,CUST_0023,2023-03-01,189.67,2,0.0,189.67,94.84,160.9,160.9,"{""Fitness"": 1, ""Travel"": 1}"
stats_397,USR007mU,CUST_0023,2023-04-01,48.42,2,0.0,48.42,24.21,37.93,37.93,"{""Groceries"": 1, ""Transportation"": 1}"
stats_398,USR007mU,CUST_0023,2023-05-01,1360.14,6,0.0,1360.14,226.69,507.71,507.71,"{""Medical/Dental"": 1, ""Groceries"": 1, ""Shopping"": 1, ""Hobbies"": 1, ""Travel"": 1, ""Friend Activities"": 1}"
stats_399,USR007mU,CUST_0023,2023-06-01,57.52,1,0.0,57.52,57.52,57.52,57.52,"{""Food"": 1}"
stats_400,USR007mU,CUST_0023,2023-07-01,737.55,3,0.0,737.55,245.85,703.42,703.42,"{""Personal Hygiene"": 1, ""Food"": 1, ""Transportation"": 1}"
stats_401,USR007mU,CUST_0023,2023-08-01,147.31,2,0.0,147.31,73.66,107.77,107.77,"{""Friend Activities"": 1, ""Medical/Dental"": 1}"
stats_402,USR007mU,CUST_0023,2023-09-01,11.82,1,0.0,11.82,11.82,11.82,11.82,"{""Personal Hygiene"": 1}"
stats_403,USR007mU,CUST_0023,2023-10-01,415.35,3,0.0,415.35,138.45,162.99,162.99,"{""Food"": 2, ""Friend Activities"": 1}"
stats_404,USR007mU,CUST_0023,2023-12-01,229.18,1,0.0,229.18,229.18,229.18,229.18,"{""Friend Activities"": 1}"
stats_405,USR007mU,CUST_0023,2024-02-01,4292.83,3,0.0,4292.83,1430.94,4218.34,4218.34,"{""Personal Hygiene"": 1, ""Housing and Utilities"": 1, ""Groceries"": 1}"
stats_406,USR007mU,CUST_0023,2024-03-01,1125.76,3,0.0,1125.76,375.25,980.51,980.51,"{""Transportation"": 1, ""Housing and Utilities"": 1, ""Personal Hygiene"": 1}"
stats_407,USR007mU,CUST_0023,2024-04-01,3631.97,5,0.0,3631.97,726.39,2419.16,2419.16,"{""Hobbies"": 1, ""Groceries"": 1, ""Medical/Dental"": 1, ""Shopping"": 1, ""Food"": 1}"
stats_408,USR007mU,CUST_0023,2024-05-01,56.05,2,0.0,56.05,28.02,47.59,47.59,"{""Subscriptions"": 1, ""Travel"": 1}"
stats_409,USR007mU,CUST_0023,2024-06-01,46.2,3,0.0,46.2,15.4,30.13,30.13,"{""Groceries"": 2, ""Personal Hygiene"": 1}"
stats_410,USR007mU,CUST_0023,2024-08-01,433.6,3,0.0,433.6,144.53,333.68,333.68,"{""Medical/Dental"": 2, ""Hobbies"": 1}"
stats_411,USR007mU,CUST_0023,2024-09-01,937.22,6,0.0,937.22,156.2,394.81,394.81,"{""Friend Activities"": 2, ""Gifts"": 1, ""Travel"": 1, ""Food"": 1, ""Fitness"": 1}"
stats_412,USR007mU,CUST_0023,2024-10-01,1670.76,4,0.0,1670.76,417.69,1060.28,1060.28,"{""Housing and Utilities"": 2, ""Travel"": 1, ""Fitness"": 1}"
stats_413,USR007mU,CUST_0023,2024-11-01,538.48,3,0.0,538.48,179.49,331.33,331.33,"{""Food"": 2, ""Medical/Dental"": 1}"
stats_414,USR007mU,CUST_0023,2024-12-01,3.79,1,0.0,3.79,3.79,3.79,3.79,"{""Groceries"": 1}"
stats_415,USR491Th,CUST_0193,2023-01-01,205.0,1,0.0,205.0,205.0,205.0,205.0,"{""Medical/Dental"": 1}"
stats_416,USR491Th,CUST_0193,2023-02-01,215.46,2,0.0,215.46,107.73,174.86,174.86,"{""Friend Activities"": 1, ""Groceries"": 1}"
stats_417,USR491Th,CUST_0193,2023-03-01,197429.53,3,0.0,197429.53,65809.84,196369.28,196369.28,"{""Medical/Dental"": 1, ""Fitness"": 1, ""Shopping"": 1}"
stats_418,USR491Th,CUST_0193,2023-04-01,41.83,2,0.0,41.83,20.92,28.14,28.14,"{""Food"": 1, ""Personal Hygiene"": 1}"
stats_419,USR491Th,CUST_0193,2023-05-01,51.14,1,0.0,51.14,51.14,51.14,51.14,"{""Hobbies"": 1}"
stats_420,USR491Th,CUST_0193,2023-06-01,414.25,2,0.0,414.25,207.12,396.89,396.89,"{""Personal Hygiene"": 1, ""Gifts"": 1}"
stats_421,USR491Th,CUST_0193,2023-07-01,16.58,1,0.0,16.58,16.58,16.58,16.58,"{""Subscriptions"": 1}"
stats_422,USR491Th,CUST_0193,2023-09-01,740.84,2,0.0,740.84,370.42,732.7,732.7,"{""Transportation"": 1, ""Travel"": 1}"
stats_423,USR491Th,CUST_0193,2023-10-01,14.93,1,0.0,14.93,14.93,14.93,14.93,"{""Food"": 1}"
stats_424,USR491Th,CUST_0193,2023-11-01,720.0,1,0.0,720.0,720.0,720.0,720.0,"{""Medical/Dental"": 1}"
stats_425,USR491Th,CUST_0193,2023-12-01,154.64,1,0.0,154.64,154.64,154.64,154.64,"{""Travel"": 1}"
stats_426,USR491Th,CUST_0193,2024-01-01,29.19,1,0.0,29.19,29.19,29.19,29.19,"{""Groceries"": 1}"
stats_427,USR491Th,CUST_0193,2024-02-01,17.76,1,0.0,17.76,17.76,17.76,17.76,"{""Groceries"": 1}"
stats_428,USR491Th,CUST_0193,2024-03-01,923.67,2,0.0,923.67,461.84,741.49,741.49,"{""Fitness"": 1, ""Hobbies"": 1}"
stats_429,USR491Th,CUST_0193,2024-04-01,476.52,1,0.0,476.52,476.52,476.52,476.52,"{""Friend Activities"": 1}"
stats_430,USR491Th,CUST_0193,2024-05-01,791.36,3,0.0,791.36,263.79,550.74,550.74,"{""Fitness"": 2, ""Transportation"": 1}"
stats_431,USR491Th,CUST_0193,2024-06-01,210.49,3,0.0,210.49,70.16,143.88,143.88,"{""Groceries"": 1, ""Gifts"": 1, ""Housing and Utilities"": 1}"
stats_432,USR491Th,CUST_0193,2024-07-01,14.88,1,0.0,14.88,14.88,14.88,14.88,"{""Hobbies"": 1}"
stats_433,USR491Th,CUST_0193,2024-08-01,933.46,2,0.0,933.46,466.73,868.06,868.06,"{""Gifts"": 1, ""Personal Hygiene"": 1}"
stats_434,USR491Th,CUST_0193,2024-10-01,464.61,2,0.0,464.61,232.3,433.48,433.48,"{""Transportation"": 1, ""Travel"": 1}"
stats_435,USR491Th,CUST_0193,2024-11-01,386.29,2,0.0,386.29,193.14,372.2,372.2,"{""Transportation"": 1, ""Friend Activities"": 1}"
stats_436,USR491Th,CUST_0193,2024-12-01,593.17,2,0.0,593.17,296.58,570.09,570.09,"{""Personal Hygiene"": 1, ""Friend Activities"": 1}"
stats_437,USR491Th,CUST_0193,2025-01-01,127.36,1,0.0,127.36,127.36,127.36,127.36,"{""Medical/Dental"": 1}"
stats_438,USR813QZ,CUST_0041,2023-01-01,78.18,2,0.0,78.18,39.09,74.04,74.04,"{""Food"": 2}"
stats_439,USR813QZ,CUST_0041,2023-03-01,554.52,2,0.0,554.52,277.26,307.1,307.1,"{""Medical/Dental"": 2}"
stats_440,USR813QZ,CUST_0041,2023-05-01,32.22,3,0.0,32.22,10.74,12.78,12.78,"{""Personal Hygiene"": 2, ""Subscriptions"": 1}"
stats_441,USR813QZ,CUST_0041,2023-06-01,875.09,4,0.0,875.09,218.77,560.94,560.94,"{""Food"": 1, ""Subscriptions"": 1, ""Travel"": 1, ""Friend Activities"": 1}"
stats_442,USR813QZ,CUST_0041,2023-07-01,4702.48,3,0.0,4702.48,1567.49,4208.39,4208.39,"{""Friend Activities"": 2, ""Housing and Utilities"": 1}"
stats_443,USR813QZ,CUST_0041,2023-08-01,901.87,1,0.0,901.87,901.87,901.87,901.87,"{""Medical/Dental"": 1}"
stats_444,USR813QZ,CUST_0041,2023-09-01,483.44,2,0.0,483.44,241.72,472.97,472.97,"{""Travel"": 1, ""Groceries"": 1}"
stats_445,USR813QZ,CUST_0041,2023-10-01,3120.04,4,0.0,3120.04,780.01,1646.97,1646.97,"{""Shopping"": 2, ""Subscriptions"": 1, ""Fitness"": 1}"
stats_446,USR813QZ,CUST_0041,2023-11-01,4173.19,4,0.0,4173.19,1043.3,3741.06,3741.06,"{""Food"": 2, ""Shopping"": 1, ""Fitness"": 1}"
stats_447,USR813QZ,CUST_0041,2024-01-01,7.42,1,0.0,7.42,7.42,7.42,7.42,"{""Food"": 1}"
stats_448,USR813QZ,CUST_0041,2024-02-01,133.88,1,0.0,133.88,133.88,133.88,133.88,"{""Fitness"": 1}"
stats_449,USR813QZ,CUST_0041,2024-03-01,143.58,2,0.0,143.58,71.79,108.75,108.75,"{""Subscriptions"": 1, ""Friend Activities"": 1}"
stats_450,USR813QZ,CUST_0041,2024-05-01,235.21,1,0.0,235.21,235.21,235.21,235.21,"{""Shopping"": 1}"
stats_451,USR813QZ,CUST_0041,2024-07-01,1096.97,4,0.0,1096.97,274.24,450.13,450.13,"{""Medical/Dental"": 1, ""Personal Hygiene"": 1, ""Friend Activities"": 1, ""Gifts"": 1}"
stats_452,USR813QZ,CUST_0041,2024-08-01,500.02,2,0.0,500.02,250.01,408.42,408.42,"{""Friend Activities"": 1, ""Transportation"": 1}"
stats_453,USR813QZ,CUST_0041,2024-09-01,259.2,2,0.0,259.2,129.6,214.05,214.05,"{""Fitness"": 1, ""Subscriptions"": 1}"
stats_454,USR813QZ,CUST_0041,2024-11-01,546.35,4,0.0,546.35,136.59,310.09,310.09,"{""Shopping"": 1, ""Groceries"": 1, ""Food"": 1, ""Friend Activities"": 1}"
stats_455,USR813QZ,CUST_0041,2024-12-01,22296.25,2,0.0,22296.25,11148.12,22279.68,22279.68,"{""Shopping"": 1, ""Groceries"": 1}"
stats_456,USR343dk,CUST_0190,2023-01-01,185.49,1,0.0,185.49,185.49,185.49,185.49,"{""Housing and Utilities"": 1}"
stats_457,USR343dk,CUST_0190,2023-02-01,52.18,2,0.0,52.18,26.09,40.25,40.25,"{""Hobbies"": 1, ""Travel"": 1}"
stats_458,USR343dk,CUST_0190,2023-03-01,1671.16,2,0.0,1671.16,835.58,1668.11,1668.11,"{""Personal Hygiene"": 1, ""Housing and Utilities"": 1}"
stats_459,USR343dk,CUST_0190,2023-04-01,1123.31,5,0.0,1123.31,224.66,433.55,433.55,"{""Shopping"": 1, ""Food"": 1, ""Friend Activities"": 1, ""Fitness"": 1, ""Groceries"": 1}"
stats_460,USR343dk,CUST_0190,2023-05-01,106.53,1,0.0,106.53,106.53,106.53,106.53,"{""Gifts"": 1}"
stats_461,USR343dk,CUST_0190,2023-06-01,153.95,1,0.0,153.95,153.95,153.95,153.95,"{""Gifts"": 1}"
stats_462,USR343dk,CUST_0190,2023-07-01,1083.64,3,0.0,1083.64,361.21,953.68,953.68,"{""Groceries"": 1, ""Gifts"": 1, ""Medical/Dental"": 1}"
stats_463,USR343dk,CUST_0190,2023-08-01,6850.85,4,0.0,6850.85,1712.71,6619.43,6619.43,"{""Medical/Dental"": 1, ""Subscriptions"": 1, ""Housing and Utilities"": 1, ""Food"": 1}"
stats_464,USR343dk,CUST_0190,2023-09-01,93.76,3,0.0,93.76,31.25,58.29,58.29,"{""Personal Hygiene"": 1, ""Friend Activities"": 1, ""Subscriptions"": 1}"
stats_465,USR343dk,CUST_0190,2023-10-01,570.21,1,0.0,570.21,570.21,570.21,570.21,"{""Shopping"": 1}"
stats_466,USR343dk,CUST_0190,2023-11-01,140.98,1,0.0,140.98,140.98,140.98,140.98,"{""Gifts"": 1}"
stats_467,USR343dk,CUST_0190,2023-12-01,352242.08,2,0.0,352242.08,176121.04,352230.76,352230.76,"{""Subscriptions"": 1, ""Shopping"": 1}"
stats_468,USR343dk,CUST_0190,2024-01-01,410.31,3,0.0,410.31,136.77,288.66,288.66,"{""Groceries"": 1, ""Fitness"": 1, ""Food"": 1}"
stats_469,USR343dk,CUST_0190,2024-02-01,2514.26,1,0.0,2514.26,2514.26,2514.26,2514.26,"{""Personal Hygiene"": 1}"
stats_470,USR343dk,CUST_0190,2024-04-01,101.65,2,0.0,101.65,50.82,96.31,96.31,"{""Subscriptions"": 1, ""Hobbies"": 1}"
stats_471,USR343dk,CUST_0190,2024-05-01,494.49,1,0.0,494.49,494.49,494.49,494.49,"{""Transportation"": 1}"
stats_472,USR343dk,CUST_0190,2024-06-01,763.23,3,0.0,763.23,254.41,709.27,709.27,"{""Personal Hygiene"": 1, ""Subscriptions"": 1, ""Medical/Dental"": 1}"
stats_473,USR343dk,CUST_0190,2024-07-01,334.93,3,0.0,334.93,111.64,314.51,314.51,"{""Transportation"": 1, ""Subscriptions"": 1, ""Medical/Dental"": 1}"
stats_474,USR343dk,CUST_0190,2024-11-01,5194.08,2,0.0,5194.08,2597.04,5181.0,5181.0,"{""Shopping"": 1, ""Subscriptions"": 1}"
stats_475,USR343dk,CUST_0190,2024-12-01,57.08,1,0.0,57.08,57.08,57.08,57.08,"{""Housing and Utilities"": 1}"
stats_476,USR291BJ,CUST_0163,2023-01-01,1380.83,2,0.0,1380.83,690.42,1329.6,1329.6,"{""Housing and Utilities"": 1, ""Transportation"": 1}"
stats_477,USR291BJ,CUST_0163,2023-02-01,105.64,2,0.0,105.64,52.82,84.84,84.84,"{""Food"": 1, ""Friend Activities"": 1}"
stats_478,USR291BJ,CUST_0163,2023-03-01,362.3,3,0.0,362.3,120.77,346.09,346.09,"{""Subscriptions"": 1, ""Groceries"": 1, ""Fitness"": 1}"
stats_479,USR291BJ,CUST_0163,2023-04-01,53.67,1,0.0,53.67,53.67,53.67,53.67,"{""Fitness"": 1}"
stats_480,USR291BJ,CUST_0163,2023-06-01,102.22,1,0.0,102.22,102.22,102.22,102.22,"{""Gifts"": 1}"
stats_481,USR291BJ,CUST_0163,2023-08-01,518.09,2,0.0,518.09,259.04,421.71,421.71,"{""Travel"": 1, ""Groceries"": 1}"
stats_482,USR291BJ,CUST_0163,2023-09-01,1479.7,2,0.0,1479.7,739.85,1440.05,1440.05,"{""Travel"": 1, ""Food"": 1}"
stats_483,USR291BJ,CUST_0163,2023-10-01,561.21,1,0.0,561.21,561.21,561.21,561.21,"{""Shopping"": 1}"
stats_484,USR291BJ,CUST_0163,2023-11-01,241044.97,3,0.0,241044.97,80348.32,240833.83,240833.83,"{""Gifts"": 1, ""Shopping"": 1, ""Groceries"": 1}"
stats_485,USR291BJ,CUST_0163,2023-12-01,248.88,3,0.0,248.88,82.96,184.68,184.68,"{""Housing and Utilities"": 1, ""Transportation"": 1, ""Subscriptions"": 1}"
stats_486,USR291BJ,CUST_0163,2024-01-01,144.55,1,0.0,144.55,144.55,144.55,144.55,"{""Housing and Utilities"": 1}"
stats_487,USR291BJ,CUST_0163,2024-02-01,433.58,1,0.0,433.58,433.58,433.58,433.58,"{""Medical/Dental"": 1}"
stats_488,USR291BJ,CUST_0163,2024-03-01,143371.32,2,0.0,143371.32,71685.66,143288.41,143288.41,"{""Shopping"": 1, ""Medical/Dental"": 1}"
stats_489,USR291BJ,CUST_0163,2024-04-01,31.59,1,0.0,31.59,31.59,31.59,31.59,"{""Food"": 1}"
stats_490,USR291BJ,CUST_0163,2024-05-01,64300.11,4,0.0,64300.11,16075.03,62682.74,62682.74,"{""Food"": 1, ""Fitness"": 1, ""Groceries"": 1, ""Shopping"": 1}"
stats_491,USR291BJ,CUST_0163,2024-06-01,423.85,5,0.0,423.85,84.77,203.59,203.59,"{""Friend Activities"": 2, ""Personal Hygiene"": 1, ""Transportation"": 1, ""Gifts"": 1}"
stats_492,USR291BJ,CUST_0163,2024-09-01,71.23,3,0.0,71.23,23.74,47.16,47.16,"{""Groceries"": 1, ""Fitness"": 1, ""Hobbies"": 1}"
stats_493,USR291BJ,CUST_0163,2024-10-01,134564.72,2,0.0,134564.72,67282.36,134534.35,134534.35,"{""Shopping"": 1, ""Travel"": 1}"
stats_494,USR291BJ,CUST_0163,2024-11-01,152.02,2,0.0,152.02,76.01,93.61,93.61,"{""Fitness"": 1, ""Transportation"": 1}"
stats_495,USR291BJ,CUST_0163,2024-12-01,82.27,2,0.0,82.27,41.14,41.37,41.37,"{""Groceries"": 1, ""Friend Activities"": 1}"
stats_496,USR335Sx,CUST_0155,2023-01-01,508.05,3,0.0,508.05,169.35,460.23,460.23,"{""Travel"": 1, ""Food"": 1, ""Friend Activities"": 1}"
stats_497,USR335Sx,CUST_0155,2023-02-01,77.8,2,0.0,77.8,38.9,64.75,64.75,"{""Subscriptions"": 1, ""Friend Activities"": 1}"
stats_498,USR335Sx,CUST_0155,2023-03-01,439.33,3,0.0,439.33,146.44,268.27,268.27,"{""Housing and Utilities"": 1, ""Medical/Dental"": 1, ""Travel"": 1}"
stats_499,USR335Sx,CUST_0155,2023-04-01,58.5,1,0.0,58.5,58.5,58.5,58.5,"{""Hobbies"": 1}"
stats_500,USR335Sx,CUST_0155,2023-05-01,666.01,6,0.0,666.01,111.0,460.75,460.75,"{""Groceries"": 2, ""Hobbies"": 1, ""Transportation"": 1, ""Gifts"": 1, ""Housing and Utilities"": 1}"
stats_501,USR335Sx,CUST_0155,2023-06-01,121.12,2,0.0,121.12,60.56,75.78,75.78,"{""Hobbies"": 1, ""Subscriptions"": 1}"
stats_502,USR335Sx,CUST_0155,2023-07-01,770.01,6,0.0,770.01,128.34,613.03,613.03,"{""Personal Hygiene"": 2, ""Groceries"": 2, ""Transportation"": 1, ""Food"": 1}"
stats_503,USR335Sx,CUST_0155,2023-08-01,357.81,1,0.0,357.81,357.81,357.81,357.81,"{""Medical/Dental"": 1}"
stats_504,USR335Sx,CUST_0155,2023-09-01,2355.24,5,0.0,2355.24,471.05,1808.74,1808.74,"{""Hobbies"": 2, ""Personal Hygiene"": 2, ""Gifts"": 1}"
stats_505,USR335Sx,CUST_0155,2023-10-01,520.59,2,0.0,520.59,260.3,461.67,461.67,"{""Travel"": 1, ""Food"": 1}"
stats_506,USR335Sx,CUST_0155,2023-11-01,214.46,4,0.0,214.46,53.62,139.81,139.81,"{""Subscriptions"": 2, ""Travel"": 1, ""Gifts"": 1}"
stats_507,USR335Sx,CUST_0155,2023-12-01,8.89,1,0.0,8.89,8.89,8.89,8.89,"{""Groceries"": 1}"
stats_508,USR335Sx,CUST_0155,2024-01-01,5615.22,2,0.0,5615.22,2807.61,5295.14,5295.14,"{""Housing and Utilities"": 1, ""Shopping"": 1}"
stats_509,USR335Sx,CUST_0155,2024-02-01,928.23,2,0.0,928.23,464.12,542.46,542.46,"{""Gifts"": 2}"
stats_510,USR335Sx,CUST_0155,2024-03-01,63.85,3,0.0,63.85,21.28,51.7,51.7,"{""Subscriptions"": 2, ""Food"": 1}"
stats_511,USR335Sx,CUST_0155,2024-05-01,159.4,1,0.0,159.4,159.4,159.4,159.4,"{""Travel"": 1}"
stats_512,USR335Sx,CUST_0155,2024-06-01,54.02,1,0.0,54.02,54.02,54.02,54.02,"{""Housing and Utilities"": 1}"
stats_513,USR335Sx,CUST_0155,2024-07-01,2473.65,7,0.0,2473.65,353.38,861.43,861.43,"{""Personal Hygiene"": 2, ""Transportation"": 1, ""Travel"": 1, ""Medical/Dental"": 1, ""Hobbies"": 1, ""Friend Activities"": 1}"
stats_514,USR335Sx,CUST_0155,2024-08-01,740.93,3,0.0,740.93,246.98,296.9,296.9,"{""Shopping"": 1, ""Medical/Dental"": 1, ""Housing and Utilities"": 1}"
stats_515,USR335Sx,CUST_0155,2024-09-01,507.0,2,0.0,507.0,253.5,442.82,442.82,"{""Food"": 1, ""Fitness"": 1}"
stats_516,USR335Sx,CUST_0155,2024-10-01,854.71,3,0.0,854.71,284.9,644.08,644.08,"{""Friend Activities"": 1, ""Hobbies"": 1, ""Medical/Dental"": 1}"
stats_517,USR335Sx,CUST_0155,2024-12-01,2889.15,2,0.0,2889.15,1444.58,2673.59,2673.59,"{""Housing and Utilities"": 1, ""Gifts"": 1}"
stats_518,USR818nO,CUST_0064,2023-01-01,1272.38,4,0.0,1272.38,318.1,851.46,851.46,"{""Gifts"": 2, ""Subscriptions"": 1, ""Medical/Dental"": 1}"
stats_519,USR818nO,CUST_0064,2023-02-01,28.93,1,0.0,28.93,28.93,28.93,28.93,"{""Personal Hygiene"": 1}"
stats_520,USR818nO,CUST_0064,2023-03-01,39.35,1,0.0,39.35,39.35,39.35,39.35,"{""Personal Hygiene"": 1}"
stats_521,USR818nO,CUST_0064,2023-04-01,30.24,1,0.0,30.24,30.24,30.24,30.24,"{""Personal Hygiene"": 1}"
stats_522,USR818nO,CUST_0064,2023-06-01,269.88,3,0.0,269.88,89.96,221.72,221.72,"{""Gifts"": 1, ""Personal Hygiene"": 1, ""Hobbies"": 1}"
stats_523,USR818nO,CUST_0064,2023-07-01,1212.16,4,0.0,1212.16,303.04,629.08,629.08,"{""Gifts"": 2, ""Food"": 1, ""Transportation"": 1}"
stats_524,USR818nO,CUST_0064,2023-08-01,1434.87,3,0.0,1434.87,478.29,1031.7,1031.7,"{""Gifts"": 1, ""Hobbies"": 1, ""Transportation"": 1}"
stats_525,USR818nO,CUST_0064,2023-09-01,219.67,2,0.0,219.67,109.84,195.19,195.19,"{""Food"": 1, ""Hobbies"": 1}"
stats_526,USR818nO,CUST_0064,2023-10-01,22.54,3,0.0,22.54,7.51,13.98,13.98,"{""Food"": 1, ""Personal Hygiene"": 1, ""Groceries"": 1}"
stats_527,USR818nO,CUST_0064,2023-11-01,36.85,2,0.0,36.85,18.42,19.48,19.48,"{""Personal Hygiene"": 1, ""Food"": 1}"
stats_528,USR818nO,CUST_0064,2023-12-01,133.25,1,0.0,133.25,133.25,133.25,133.25,"{""Friend Activities"": 1}"
stats_529,USR818nO,CUST_0064,2024-01-01,87.17,1,0.0,87.17,87.17,87.17,87.17,"{""Housing and Utilities"": 1}"
stats_530,USR818nO,CUST_0064,2024-02-01,2137.85,5,0.0,2137.85,427.57,1175.95,1175.95,"{""Travel"": 1, ""Shopping"": 1, ""Fitness"": 1, ""Groceries"": 1, ""Gifts"": 1}"
stats_531,USR818nO,CUST_0064,2024-03-01,324.15,2,0.0,324.15,162.07,205.84,205.84,"{""Shopping"": 2}"
stats_532,USR818nO,CUST_0064,2024-04-01,44.44,2,0.0,44.44,22.22,37.98,37.98,"{""Groceries"": 1, ""Personal Hygiene"": 1}"
stats_533,USR818nO,CUST_0064,2024-05-01,3431.2,5,0.0,3431.2,686.24,1956.28,1956.28,"{""Travel"": 1, ""Fitness"": 1, ""Medical/Dental"": 1, ""Friend Activities"": 1, ""Shopping"": 1}"
stats_534,USR818nO,CUST_0064,2024-06-01,121856.74,4,0.0,121856.74,30464.18,121426.99,121426.99,"{""Hobbies"": 1, ""Groceries"": 1, ""Travel"": 1, ""Shopping"": 1}"
stats_535,USR818nO,CUST_0064,2024-07-01,292.05,1,0.0,292.05,292.05,292.05,292.05,"{""Fitness"": 1}"
stats_536,USR818nO,CUST_0064,2024-08-01,809.4,2,0.0,809.4,404.7,677.26,677.26,"{""Medical/Dental"": 2}"
stats_537,USR818nO,CUST_0064,2024-09-01,737.37,4,0.0,737.37,184.34,529.17,529.17,"{""Food"": 1, ""Fitness"": 1, ""Personal Hygiene"": 1, ""Housing and Utilities"": 1}"
stats_538,USR818nO,CUST_0064,2024-10-01,55.16,2,0.0,55.16,27.58,40.71,40.71,"{""Subscriptions"": 1, ""Fitness"": 1}"
stats_539,USR818nO,CUST_0064,2024-11-01,1143.62,3,0.0,1143.62,381.21,700.37,700.37,"{""Hobbies"": 1, ""Fitness"": 1, ""Medical/Dental"": 1}"
stats_540,USR818nO,CUST_0064,2024-12-01,20149.08,3,0.0,20149.08,6716.36,19834.25,19834.25,"{""Shopping"": 1, ""Gifts"": 1, ""Fitness"": 1}"
stats_541,USR375sC,CUST_0021,2023-01-01,48.33,2,0.0,48.33,24.16,27.09,27.09,"{""Travel"": 1, ""Gifts"": 1}"
stats_542,USR375sC,CUST_0021,2023-02-01,65.22,2,0.0,65.22,32.61,43.46,43.46,"{""Food"": 1, ""Personal Hygiene"": 1}"
stats_543,USR375sC,CUST_0021,2023-03-01,603.9,1,0.0,603.9,603.9,603.9,603.9,"{""Medical/Dental"": 1}"
stats_544,USR375sC,CUST_0021,2023-05-01,2942.81,2,0.0,2942.81,1471.4,2752.69,2752.69,"{""Housing and Utilities"": 2}"
stats_545,USR375sC,CUST_0021,2023-06-01,991.31,3,0.0,991.31,330.44,430.81,430.81,"{""Shopping"": 1, ""Transportation"": 1, ""Medical/Dental"": 1}"
stats_546,USR375sC,CUST_0021,2023-07-01,430.32,2,0.0,430.32,215.16,325.74,325.74,"{""Medical/Dental"": 1, ""Housing and Utilities"": 1}"
stats_547,USR375sC,CUST_0021,2023-08-01,13.09,1,0.0,13.09,13.09,13.09,13.09,"{""Personal Hygiene"": 1}"
stats_548,USR375sC,CUST_0021,2023-09-01,154.04,1,0.0,154.04,154.04,154.04,154.04,"{""Hobbies"": 1}"
stats_549,USR375sC,CUST_0021,2023-10-01,104656.25,4,0.0,104656.25,26164.06,103986.04,103986.04,"{""Groceries"": 1, ""Shopping"": 1, ""Subscriptions"": 1, ""Travel"": 1}"
stats_550,USR375sC,CUST_0021,2023-11-01,801.27,3,0.0,801.27,267.09,515.34,515.34,"{""Hobbies"": 1, ""Shopping"": 1, ""Fitness"": 1}"
stats_551,USR375sC,CUST_0021,2023-12-01,60.33,1,0.0,60.33,60.33,60.33,60.33,"{""Housing and Utilities"": 1}"
stats_552,USR375sC,CUST_0021,2024-01-01,1185.19,3,0.0,1185.19,395.06,707.77,707.77,"{""Transportation"": 1, ""Medical/Dental"": 1, ""Friend Activities"": 1}"
stats_553,USR375sC,CUST_0021,2024-02-01,5170.03,1,0.0,5170.03,5170.03,5170.03,5170.03,"{""Shopping"": 1}"
stats_554,USR375sC,CUST_0021,2024-03-01,1867.92,1,0.0,1867.92,1867.92,1867.92,1867.92,"{""Shopping"": 1}"
stats_555,USR375sC,CUST_0021,2024-04-01,115.15,2,0.0,115.15,57.58,64.8,64.8,"{""Food"": 1, ""Housing and Utilities"": 1}"
stats_556,USR375sC,CUST_0021,2024-05-01,310647.54,3,0.0,310647.54,103549.18,309905.6,309905.6,"{""Shopping"": 1, ""Travel"": 1, ""Medical/Dental"": 1}"
stats_557,USR375sC,CUST_0021,2024-06-01,22.62,2,0.0,22.62,11.31,17.15,17.15,"{""Travel"": 1, ""Groceries"": 1}"
stats_558,USR375sC,CUST_0021,2024-07-01,3.26,1,0.0,3.26,3.26,3.26,3.26,"{""Personal Hygiene"": 1}"
stats_559,USR375sC,CUST_0021,2024-09-01,1606.09,1,0.0,1606.09,1606.09,1606.09,1606.09,"{""Fitness"": 1}"
stats_560,USR375sC,CUST_0021,2024-10-01,6.63,1,0.0,6.63,6.63,6.63,6.63,"{""Personal Hygiene"": 1}"
stats_561,USR375sC,CUST_0021,2024-12-01,20.14,2,0.0,20.14,10.07,16.78,16.78,"{""Transportation"": 1, ""Subscriptions"": 1}"
stats_562,USR271eY,CUST_0050,2023-02-01,1031.17,3,0.0,1031.17,343.72,765.57,765.57,"{""Travel"": 1, ""Gifts"": 1, ""Personal Hygiene"": 1}"
stats_563,USR271eY,CUST_0050,2023-03-01,3973.88,4,0.0,3973.88,993.47,3658.91,3658.91,"{""Hobbies"": 2, ""Housing and Utilities"": 1, ""Travel"": 1}"
stats_564,USR271eY,CUST_0050,2023-04-01,10.57,1,0.0,10.57,10.57,10.57,10.57,"{""Food"": 1}"
stats_565,USR271eY,CUST_0050,2023-05-01,2077.81,1,0.0,2077.81,2077.81,2077.81,2077.81,"{""Gifts"": 1}"
stats_566,USR271eY,CUST_0050,2023-06-01,55.31,1,0.0,55.31,55.31,55.31,55.31,"{""Medical/Dental"": 1}"
stats_567,USR271eY,CUST_0050,2023-08-01,353.75,3,0.0,353.75,117.92,257.8,257.8,"{""Travel"": 1, ""Hobbies"": 1, ""Gifts"": 1}"
stats_568,USR271eY,CUST_0050,2023-09-01,2.17,1,0.0,2.17,2.17,2.17,2.17,"{""Personal Hygiene"": 1}"
stats_569,USR271eY,CUST_0050,2023-10-01,276124.65,2,0.0,276124.65,138062.33,274630.42,274630.42,"{""Shopping"": 2}"
stats_570,USR271eY,CUST_0050,2023-11-01,732.92,1,0.0,732.92,732.92,732.92,732.92,"{""Transportation"": 1}"
stats_571,USR271eY,CUST_0050,2023-12-01,526.64,2,0.0,526.64,263.32,520.35,520.35,"{""Medical/Dental"": 1, ""Friend Activities"": 1}"
stats_572,USR271eY,CUST_0050,2024-01-01,585.55,2,0.0,585.55,292.77,422.58,422.58,"{""Friend Activities"": 1, ""Travel"": 1}"
stats_573,USR271eY,CUST_0050,2024-02-01,241.84,2,0.0,241.84,120.92,223.75,223.75,"{""Fitness"": 1, ""Subscriptions"": 1}"
stats_574,USR271eY,CUST_0050,2024-03-01,280.0,2,0.0,280.0,140.0,250.64,250.64,"{""Groceries"": 1, ""Medical/Dental"": 1}"
stats_575,USR271eY,CUST_0050,2024-04-01,864.36,5,0.0,864.36,172.87,722.19,722.19,"{""Medical/Dental"": 1, ""Personal Hygiene"": 1, ""Housing and Utilities"": 1, ""Gifts"": 1, ""Food"": 1}"
stats_576,USR271eY,CUST_0050,2024-05-01,308.69,6,0.0,308.69,51.45,232.77,232.77,"{""Subscriptions"": 2, ""Personal Hygiene"": 1, ""Friend Activities"": 1, ""Groceries"": 1, ""Medical/Dental"": 1}"
stats_577,USR271eY,CUST_0050,2024-08-01,662.83,2,0.0,662.83,331.42,645.2,645.2,"{""Shopping"": 1, ""Friend Activities"": 1}"
stats_578,USR271eY,CUST_0050,2024-09-01,1878.93,5,0.0,1878.93,375.79,856.08,856.08,"{""Gifts"": 1, ""Fitness"": 1, ""Personal Hygiene"": 1, ""Travel"": 1, ""Hobbies"": 1}"
stats_579,USR271eY,CUST_0050,2024-10-01,364.07,3,0.0,364.07,121.36,270.75,270.75,"{""Transportation"": 1, ""Groceries"": 1, ""Hobbies"": 1}"
stats_580,USR271eY,CUST_0050,2024-11-01,13.98,1,0.0,13.98,13.98,13.98,13.98,"{""Food"": 1}"
stats_581,USR271eY,CUST_0050,2024-12-01,284.34,2,0.0,284.34,142.17,259.42,259.42,"{""Hobbies"": 2}"
stats_582,USR271eY,CUST_0050,2025-01-01,7477.15,1,0.0,7477.15,7477.15,7477.15,7477.15,"{""Shopping"": 1}"
stats_583,USR253Hy,CUST_0109,2023-01-01,4046.3,4,0.0,4046.3,1011.58,3805.35,3805.35,"{""Food"": 1, ""Gifts"": 1, ""Subscriptions"": 1, ""Housing and Utilities"": 1}"
stats_584,USR253Hy,CUST_0109,2023-02-01,715.45,5,0.0,715.45,143.09,580.52,580.52,"{""Medical/Dental"": 1, ""Hobbies"": 1, ""Personal Hygiene"": 1, ""Subscriptions"": 1, ""Fitness"": 1}"
stats_585,USR253Hy,CUST_0109,2023-03-01,271.95,3,0.0,271.95,90.65,246.88,246.88,"{""Transportation"": 1, ""Groceries"": 1, ""Shopping"": 1}"
stats_586,USR253Hy,CUST_0109,2023-05-01,803.91,2,0.0,803.91,401.96,656.17,656.17,"{""Travel"": 1, ""Personal Hygiene"": 1}"
stats_587,USR253Hy,CUST_0109,2023-07-01,2449.31,2,0.0,2449.31,1224.66,2134.76,2134.76,"{""Housing and Utilities"": 1, ""Travel"": 1}"
stats_588,USR253Hy,CUST_0109,2023-08-01,122.5,1,0.0,122.5,122.5,122.5,122.5,"{""Medical/Dental"": 1}"
stats_589,USR253Hy,CUST_0109,2023-09-01,408.66,2,0.0,408.66,204.33,282.18,282.18,"{""Medical/Dental"": 1, ""Shopping"": 1}"
stats_590,USR253Hy,CUST_0109,2023-10-01,800.82,4,0.0,800.82,200.2,700.98,700.98,"{""Food"": 2, ""Medical/Dental"": 1, ""Friend Activities"": 1}"
stats_591,USR253Hy,CUST_0109,2023-12-01,13.64,1,0.0,13.64,13.64,13.64,13.64,"{""Food"": 1}"
stats_592,USR253Hy,CUST_0109,2024-01-01,216.79,3,0.0,216.79,72.26,134.95,134.95,"{""Shopping"": 1, ""Subscriptions"": 1, ""Food"": 1}"
stats_593,USR253Hy,CUST_0109,2024-02-01,1272.26,2,0.0,1272.26,636.13,1229.04,1229.04,"{""Transportation"": 1, ""Gifts"": 1}"
stats_594,USR253Hy,CUST_0109,2024-03-01,1805.85,4,0.0,1805.85,451.46,945.7,945.7,"{""Transportation"": 1, ""Hobbies"": 1, ""Friend Activities"": 1, ""Travel"": 1}"
stats_595,USR253Hy,CUST_0109,2024-05-01,557.18,4,0.0,557.18,139.29,305.82,305.82,"{""Personal Hygiene"": 1, ""Housing and Utilities"": 1, ""Subscriptions"": 1, ""Hobbies"": 1}"
stats_596,USR253Hy,CUST_0109,2024-06-01,149.74,3,0.0,149.74,49.91,73.92,73.92,"{""Groceries"": 1, ""Food"": 1, ""Fitness"": 1}"
stats_597,USR253Hy,CUST_0109,2024-07-01,115.65,3,0.0,115.65,38.55,90.94,90.94,"{""Subscriptions"": 1, ""Transportation"": 1, ""Hobbies"": 1}"
stats_598,USR253Hy,CUST_0109,2024-08-01,286.64,1,0.0,286.64,286.64,286.64,286.64,"{""Friend Activities"": 1}"
stats_599,USR253Hy,CUST_0109,2024-09-01,416.64,5,0.0,416.64,83.33,164.71,164.71,"{""Friend Activities"": 2, ""Fitness"": 1, ""Food"": 1, ""Subscriptions"": 1}"
stats_600,USR253Hy,CUST_0109,2024-10-01,1239.02,3,0.0,1239.02,413.01,797.74,797.74,"{""Personal Hygiene"": 1, ""Travel"": 1, ""Medical/Dental"": 1}"
stats_601,USR253Hy,CUST_0109,2025-01-01,142.66,2,0.0,142.66,71.33,96.24,96.24,"{""Hobbies"": 1, ""Travel"": 1}"
stats_602,USR944dh,CUST_0156,2023-01-01,66.58,1,0.0,66.58,66.58,66.58,66.58,"{""Medical/Dental"": 1}"
stats_603,USR944dh,CUST_0156,2023-02-01,508.14,4,0.0,508.14,127.04,372.09,372.09,"{""Hobbies"": 2, ""Groceries"": 1, ""Friend Activities"": 1}"
stats_604,USR944dh,CUST_0156,2023-03-01,416.14,2,0.0,416.14,208.07,356.7,356.7,"{""Medical/Dental"": 1, ""Food"": 1}"
stats_605,USR944dh,CUST_0156,2023-05-01,684.91,3,0.0,684.91,228.3,361.81,361.81,"{""Hobbies"": 1, ""Friend Activities"": 1, ""Housing and Utilities"": 1}"
stats_606,USR944dh,CUST_0156,2023-06-01,63.85,1,0.0,63.85,63.85,63.85,63.85,"{""Shopping"": 1}"
stats_607,USR944dh,CUST_0156,2023-08-01,44.22,1,0.0,44.22,44.22,44.22,44.22,"{""Hobbies"": 1}"
stats_608,USR944dh,CUST_0156,2023-09-01,579.02,2,0.0,579.02,289.51,471.18,471.18,"{""Fitness"": 2}"
stats_609,USR944dh,CUST_0156,2023-10-01,337806.79,5,0.0,337806.79,67561.36,337617.55,337617.55,"{""Shopping"": 2, ""Hobbies"": 1, ""Housing and Utilities"": 1, ""Transportation"": 1}"
stats_610,USR944dh,CUST_0156,2023-11-01,299.16,2,0.0,299.16,149.58,242.29,242.29,"{""Hobbies"": 1, ""Groceries"": 1}"
stats_611,USR944dh,CUST_0156,2023-12-01,520.76,3,0.0,520.76,173.59,458.69,458.69,"{""Medical/Dental"": 1, ""Friend Activities"": 1, ""Groceries"": 1}"
stats_612,USR944dh,CUST_0156,2024-01-01,757.31,5,0.0,757.31,151.46,340.38,340.38,"{""Hobbies"": 2, ""Subscriptions"": 1, ""Groceries"": 1, ""Shopping"": 1}"
stats_613,USR944dh,CUST_0156,2024-02-01,981.75,1,0.0,981.75,981.75,981.75,981.75,"{""Travel"": 1}"
stats_614,USR944dh,CUST_0156,2024-04-01,396.12,3,0.0,396.12,132.04,297.03,297.03,"{""Transportation"": 1, ""Hobbies"": 1, ""Housing and Utilities"": 1}"
stats_615,USR944dh,CUST_0156,2024-05-01,129.03,3,0.0,129.03,43.01,84.38,84.38,"{""Friend Activities"": 1, ""Food"": 1, ""Personal Hygiene"": 1}"
stats_616,USR944dh,CUST_0156,2024-06-01,289.43,1,0.0,289.43,289.43,289.43,289.43,"{""Travel"": 1}"
stats_617,USR944dh,CUST_0156,2024-09-01,37.08,2,0.0,37.08,18.54,30.79,30.79,"{""Groceries"": 2}"
stats_618,USR944dh,CUST_0156,2024-10-01,1394.21,3,0.0,1394.21,464.74,1166.36,1166.36,"{""Groceries"": 1, ""Food"": 1, ""Housing and Utilities"": 1}"
stats_619,USR944dh,CUST_0156,2024-11-01,170.38,2,0.0,170.38,85.19,167.77,167.77,"{""Friend Activities"": 1, ""Groceries"": 1}"
stats_620,USR944dh,CUST_0156,2024-12-01,167.36,2,0.0,167.36,83.68,122.06,122.06,"{""Friend Activities"": 1, ""Travel"": 1}"
stats_621,USR944dh,CUST_0156,2025-01-01,1294.4,1,0.0,1294.4,1294.4,1294.4,1294.4,"{""Shopping"": 1}"
stats_622,USR418ju,CUST_0083,2023-01-01,1266.36,3,0.0,1266.36,422.12,614.86,614.86,"{""Fitness"": 3}"
stats_623,USR418ju,CUST_0083,2023-02-01,44.26,2,0.0,44.26,22.13,39.73,39.73,"{""Transportation"": 1, ""Gifts"": 1}"
stats_624,USR418ju,CUST_0083,2023-03-01,1584.14,2,0.0,1584.14,792.07,1499.82,1499.82,"{""Gifts"": 1, ""Housing and Utilities"": 1}"
stats_625,USR418ju,CUST_0083,2023-04-01,828.29,3,0.0,828.29,276.1,390.99,390.99,"{""Gifts"": 1, ""Medical/Dental"": 1, ""Hobbies"": 1}"
stats_626,USR418ju,CUST_0083,2023-05-01,3.15,1,0.0,3.15,3.15,3.15,3.15,"{""Transportation"": 1}"
stats_627,USR418ju,CUST_0083,2023-06-01,25.53,3,0.0,25.53,8.51,16.14,16.14,"{""Food"": 1, ""Subscriptions"": 1, ""Groceries"": 1}"
stats_628,USR418ju,CUST_0083,2023-09-01,2531.96,3,0.0,2531.96,843.99,2299.74,2299.74,"{""Housing and Utilities"": 1, ""Friend Activities"": 1, ""Subscriptions"": 1}"
stats_629,USR418ju,CUST_0083,2023-10-01,112518.54,1,0.0,112518.54,112518.54,112518.54,112518.54,"{""Shopping"": 1}"
stats_630,USR418ju,CUST_0083,2023-11-01,94.55,3,0.0,94.55,31.52,73.63,73.63,"{""Transportation"": 1, ""Gifts"": 1, ""Personal Hygiene"": 1}"
stats_631,USR418ju,CUST_0083,2023-12-01,2927.74,5,0.0,2927.74,585.55,2052.29,2052.29,"{""Personal Hygiene"": 2, ""Subscriptions"": 1, ""Fitness"": 1, ""Medical/Dental"": 1}"
stats_632,USR418ju,CUST_0083,2024-02-01,184.09,2,0.0,184.09,92.04,171.37,171.37,"{""Subscriptions"": 1, ""Friend Activities"": 1}"
stats_633,USR418ju,CUST_0083,2024-03-01,197.26,1,0.0,197.26,197.26,197.26,197.26,"{""Fitness"": 1}"
stats_634,USR418ju,CUST_0083,2024-04-01,1268.27,1,0.0,1268.27,1268.27,1268.27,1268.27,"{""Travel"": 1}"
stats_635,USR418ju,CUST_0083,2024-05-01,421.3,2,0.0,421.3,210.65,393.58,393.58,"{""Food"": 1, ""Shopping"": 1}"
stats_636,USR418ju,CUST_0083,2024-06-01,190.4,3,0.0,190.4,63.47,97.95,97.95,"{""Transportation"": 2, ""Food"": 1}"
stats_637,USR418ju,CUST_0083,2024-07-01,4036.5,4,0.0,4036.5,1009.12,1850.86,1850.86,"{""Fitness"": 2, ""Housing and Utilities"": 1, ""Personal Hygiene"": 1}"
stats_638,USR418ju,CUST_0083,2024-08-01,221.85,4,0.0,221.85,55.46,196.57,196.57,"{""Friend Activities"": 3, ""Travel"": 1}"
stats_639,USR418ju,CUST_0083,2024-09-01,36.72,1,0.0,36.72,36.72,36.72,36.72,"{""Subscriptions"": 1}"
stats_640,USR418ju,CUST_0083,2024-10-01,1301.38,2,0.0,1301.38,650.69,1258.77,1258.77,"{""Housing and Utilities"": 1, ""Personal Hygiene"": 1}"
stats_641,USR418ju,CUST_0083,2024-11-01,1698.74,7,0.0,1698.74,242.68,490.68,490.68,"{""Travel"": 2, ""Transportation"": 2, ""Medical/Dental"": 1, ""Food"": 1, ""Gifts"": 1}"
stats_642,USR418ju,CUST_0083,2024-12-01,170.19,2,0.0,170.19,85.1,88.33,88.33,"{""Housing and Utilities"": 1, ""Gifts"": 1}"
stats_643,USR418ju,CUST_0083,2025-01-01,2960.64,2,0.0,2960.64,1480.32,2679.45,2679.45,"{""Shopping"": 1, ""Gifts"": 1}"
stats_644,USR896kh,CUST_0180,2023-01-01,994.57,2,0.0,994.57,497.28,943.79,943.79,"{""Friend Activities"": 1, ""Housing and Utilities"": 1}"
stats_645,USR896kh,CUST_0180,2023-02-01,445.44,1,0.0,445.44,445.44,445.44,445.44,"{""Transportation"": 1}"
stats_646,USR896kh,CUST_0180,2023-03-01,35.68,1,0.0,35.68,35.68,35.68,35.68,"{""Travel"": 1}"
stats_647,USR896kh,CUST_0180,2023-04-01,212.35,3,0.0,212.35,70.78,188.71,188.71,"{""Transportation"": 2, ""Personal Hygiene"": 1}"
stats_648,USR896kh,CUST_0180,2023-06-01,362.43,2,0.0,362.43,181.22,337.41,337.41,"{""Medical/Dental"": 1, ""Friend Activities"": 1}"
stats_649,USR896kh,CUST_0180,2023-07-01,872.08,2,0.0,872.08,436.04,868.71,868.71,"{""Personal Hygiene"": 1, ""Travel"": 1}"
stats_650,USR896kh,CUST_0180,2023-08-01,581.75,5,0.0,581.75,116.35,371.84,371.84,"{""Hobbies"": 2, ""Personal Hygiene"": 1, ""Fitness"": 1, ""Travel"": 1}"
stats_651,USR896kh,CUST_0180,2023-09-01,90.68,1,0.0,90.68,90.68,90.68,90.68,"{""Hobbies"": 1}"
stats_652,USR896kh,CUST_0180,2023-10-01,2397.46,5,0.0,2397.46,479.49,976.81,976.81,"{""Fitness"": 2, ""Medical/Dental"": 1, ""Gifts"": 1, ""Food"": 1}"
stats_653,USR896kh,CUST_0180,2023-11-01,283.32,2,0.0,283.32,141.66,237.72,237.72,"{""Hobbies"": 2}"
stats_654,USR896kh,CUST_0180,2023-12-01,158.8,2,0.0,158.8,79.4,154.83,154.83,"{""Travel"": 1, ""Transportation"": 1}"
stats_655,USR896kh,CUST_0180,2024-01-01,35.14,1,0.0,35.14,35.14,35.14,35.14,"{""Friend Activities"": 1}"
stats_656,USR896kh,CUST_0180,2024-04-01,276.69,2,0.0,276.69,138.34,211.56,211.56,"{""Transportation"": 1, ""Medical/Dental"": 1}"
stats_657,USR896kh,CUST_0180,2024-05-01,1192.32,2,0.0,1192.32,596.16,799.35,799.35,"{""Fitness"": 1, ""Friend Activities"": 1}"
stats_658,USR896kh,CUST_0180,2024-06-01,448.99,3,0.0,448.99,149.66,203.6,203.6,"{""Shopping"": 2, ""Hobbies"": 1}"
stats_659,USR896kh,CUST_0180,2024-07-01,112.22,1,0.0,112.22,112.22,112.22,112.22,"{""Medical/Dental"": 1}"
stats_660,USR896kh,CUST_0180,2024-08-01,11.85,1,0.0,11.85,11.85,11.85,11.85,"{""Personal Hygiene"": 1}"
stats_661,USR896kh,CUST_0180,2024-09-01,472.34,3,0.0,472.34,157.45,242.08,242.08,"{""Housing and Utilities"": 1, ""Fitness"": 1, ""Transportation"": 1}"
stats_662,USR896kh,CUST_0180,2024-10-01,449.13,4,0.0,449.13,112.28,307.61,307.61,"{""Friend Activities"": 2, ""Food"": 1, ""Shopping"": 1}"
stats_663,USR896kh,CUST_0180,2024-11-01,2034.15,2,0.0,2034.15,1017.08,1935.14,1935.14,"{""Gifts"": 1, ""Housing and Utilities"": 1}"
stats_664,USR896kh,CUST_0180,2024-12-01,406.67,2,0.0,406.67,203.34,392.23,392.23,"{""Subscriptions"": 1, ""Medical/Dental"": 1}"
stats_665,USR896kh,CUST_0180,2025-01-01,80.1,1,0.0,80.1,80.1,80.1,80.1,"{""Gifts"": 1}"
stats_666,USR961UU,CUST_0028,2023-01-01,1038.0,3,0.0,1038.0,346.0,840.23,840.23,"{""Medical/Dental"": 1, ""Personal Hygiene"": 1, ""Hobbies"": 1}"
stats_667,USR961UU,CUST_0028,2023-02-01,637.3,4,0.0,637.3,159.32,317.27,317.27,"{""Transportation"": 1, ""Travel"": 1, ""Friend Activities"": 1, ""Subscriptions"": 1}"
stats_668,USR961UU,CUST_0028,2023-03-01,473.2,3,0.0,473.2,157.73,252.45,252.45,"{""Transportation"": 1, ""Shopping"": 1, ""Personal Hygiene"": 1}"
stats_669,USR961UU,CUST_0028,2023-04-01,105.54,2,0.0,105.54,52.77,69.85,69.85,"{""Transportation"": 1, ""Housing and Utilities"": 1}"
stats_670,USR961UU,CUST_0028,2023-05-01,251.74,3,0.0,251.74,83.91,188.73,188.73,"{""Food"": 1, ""Fitness"": 1, ""Friend Activities"": 1}"
stats_671,USR961UU,CUST_0028,2023-06-01,124.27,2,0.0,124.27,62.14,65.64,65.64,"{""Fitness"": 1, ""Transportation"": 1}"
stats_672,USR961UU,CUST_0028,2023-07-01,266.05,4,0.0,266.05,66.51,102.21,102.21,"{""Transportation"": 1, ""Friend Activities"": 1, ""Gifts"": 1, ""Hobbies"": 1}"
stats_673,USR961UU,CUST_0028,2023-08-01,117.26,3,0.0,117.26,39.09,66.59,66.59,"{""Personal Hygiene"": 1, ""Travel"": 1, ""Food"": 1}"
stats_674,USR961UU,CUST_0028,2023-09-01,152.36,1,0.0,152.36,152.36,152.36,152.36,"{""Housing and Utilities"": 1}"
stats_675,USR961UU,CUST_0028,2023-10-01,56.3,2,0.0,56.3,28.15,30.13,30.13,"{""Personal Hygiene"": 1, ""Travel"": 1}"
stats_676,USR961UU,CUST_0028,2024-01-01,649.88,1,0.0,649.88,649.88,649.88,649.88,"{""Shopping"": 1}"
stats_677,USR961UU,CUST_0028,2024-02-01,1843.49,1,0.0,1843.49,1843.49,1843.49,1843.49,"{""Fitness"": 1}"
stats_678,USR961UU,CUST_0028,2024-03-01,34567.49,1,0.0,34567.49,34567.49,34567.49,34567.49,"{""Shopping"": 1}"
stats_679,USR961UU,CUST_0028,2024-04-01,35.56,2,0.0,35.56,17.78,21.73,21.73,"{""Travel"": 1, ""Food"": 1}"
stats_680,USR961UU,CUST_0028,2024-05-01,501.53,3,0.0,501.53,167.18,327.85,327.85,"{""Groceries"": 1, ""Housing and Utilities"": 1, ""Friend Activities"": 1}"
stats_681,USR961UU,CUST_0028,2024-06-01,727.07,3,0.0,727.07,242.36,654.31,654.31,"{""Travel"": 1, ""Gifts"": 1, ""Friend Activities"": 1}"
stats_682,USR961UU,CUST_0028,2024-07-01,3061.08,3,0.0,3061.08,1020.36,2559.27,2559.27,"{""Shopping"": 1, ""Fitness"": 1, ""Gifts"": 1}"
stats_683,USR961UU,CUST_0028,2024-08-01,129.3,2,0.0,129.3,64.65,81.24,81.24,"{""Food"": 1, ""Gifts"": 1}"
stats_684,USR961UU,CUST_0028,2024-09-01,179.81,2,0.0,179.81,89.9,174.26,174.26,"{""Groceries"": 1, ""Friend Activities"": 1}"
stats_685,USR961UU,CUST_0028,2024-10-01,21.11,1,0.0,21.11,21.11,21.11,21.11,"{""Friend Activities"": 1}"
stats_686,USR961UU,CUST_0028,2024-11-01,123.02,2,0.0,123.02,61.51,94.52,94.52,"{""Fitness"": 1, ""Food"": 1}"
stats_687,USR961UU,CUST_0028,2024-12-01,49.15,1,0.0,49.15,49.15,49.15,49.15,"{""Hobbies"": 1}"
stats_688,USR324Nf,CUST_0140,2023-01-01,6463.09,3,0.0,6463.09,2154.36,5872.21,5872.21,"{""Medical/Dental"": 1, ""Shopping"": 1, ""Housing and Utilities"": 1}"
stats_689,USR324Nf,CUST_0140,2023-02-01,424.09,3,0.0,424.09,141.36,298.83,298.83,"{""Gifts"": 1, ""Personal Hygiene"": 1, ""Hobbies"": 1}"
stats_690,USR324Nf,CUST_0140,2023-04-01,495.48,1,0.0,495.48,495.48,495.48,495.48,"{""Friend Activities"": 1}"
stats_691,USR324Nf,CUST_0140,2023-05-01,806.52,5,0.0,806.52,161.3,356.76,356.76,"{""Groceries"": 1, ""Fitness"": 1, ""Personal Hygiene"": 1, ""Hobbies"": 1, ""Housing and Utilities"": 1}"
stats_692,USR324Nf,CUST_0140,2023-06-01,2367.32,3,0.0,2367.32,789.11,1192.48,1192.48,"{""Travel"": 1, ""Food"": 1, ""Gifts"": 1}"
stats_693,USR324Nf,CUST_0140,2023-08-01,353.54,3,0.0,353.54,117.85,153.47,153.47,"{""Fitness"": 2, ""Gifts"": 1}"
stats_694,USR324Nf,CUST_0140,2023-10-01,686.19,3,0.0,686.19,228.73,360.25,360.25,"{""Gifts"": 2, ""Food"": 1}"
stats_695,USR324Nf,CUST_0140,2023-12-01,2.56,1,0.0,2.56,2.56,2.56,2.56,"{""Transportation"": 1}"
stats_696,USR324Nf,CUST_0140,2024-01-01,106595.05,3,0.0,106595.05,35531.68,53345.01,53345.01,"{""Shopping"": 2, ""Food"": 1}"
stats_697,USR324Nf,CUST_0140,2024-02-01,31.34,1,0.0,31.34,31.34,31.34,31.34,"{""Personal Hygiene"": 1}"
stats_698,USR324Nf,CUST_0140,2024-03-01,486.62,3,0.0,486.62,162.21,449.44,449.44,"{""Friend Activities"": 1, ""Personal Hygiene"": 1, ""Fitness"": 1}"
stats_699,USR324Nf,CUST_0140,2024-04-01,68.86,1,0.0,68.86,68.86,68.86,68.86,"{""Fitness"": 1}"
stats_700,USR324Nf,CUST_0140,2024-05-01,67.57,2,0.0,67.57,33.78,55.83,55.83,"{""Personal Hygiene"": 1, ""Food"": 1}"
stats_701,USR324Nf,CUST_0140,2024-06-01,7.29,1,0.0,7.29,7.29,7.29,7.29,"{""Personal Hygiene"": 1}"
stats_702,USR324Nf,CUST_0140,2024-07-01,361.38,3,0.0,361.38,120.46,279.49,279.49,"{""Friend Activities"": 1, ""Travel"": 1, ""Fitness"": 1}"
stats_703,USR324Nf,CUST_0140,2024-08-01,469.54,1,0.0,469.54,469.54,469.54,469.54,"{""Medical/Dental"": 1}"
stats_704,USR324Nf,CUST_0140,2024-09-01,15.34,1,0.0,15.34,15.34,15.34,15.34,"{""Personal Hygiene"": 1}"
stats_705,USR324Nf,CUST_0140,2024-10-01,6636.68,4,0.0,6636.68,1659.17,5956.93,5956.93,"{""Housing and Utilities"": 1, ""Subscriptions"": 1, ""Shopping"": 1, ""Personal Hygiene"": 1}"
stats_706,USR324Nf,CUST_0140,2024-11-01,19.81,1,0.0,19.81,19.81,19.81,19.81,"{""Groceries"": 1}"
stats_707,USR324Nf,CUST_0140,2024-12-01,133.33,4,0.0,133.33,33.33,57.22,57.22,"{""Personal Hygiene"": 2, ""Food"": 1, ""Friend Activities"": 1}"
stats_708,USR500hm,CUST_0038,2023-01-01,235.03,2,0.0,235.03,117.52,193.03,193.03,"{""Gifts"": 1, ""Subscriptions"": 1}"
stats_709,USR500hm,CUST_0038,2023-02-01,453.58,3,0.0,453.58,151.19,201.84,201.84,"{""Gifts"": 1, ""Housing and Utilities"": 1, ""Hobbies"": 1}"
stats_710,USR500hm,CUST_0038,2023-03-01,3838.88,2,0.0,3838.88,1919.44,3243.28,3243.28,"{""Housing and Utilities"": 1, ""Fitness"": 1}"
stats_711,USR500hm,CUST_0038,2023-04-01,86.66,1,0.0,86.66,86.66,86.66,86.66,"{""Fitness"": 1}"
stats_712,USR500hm,CUST_0038,2023-05-01,540.24,3,0.0,540.24,180.08,284.7,284.7,"{""Transportation"": 1, ""Fitness"": 1, ""Travel"": 1}"
stats_713,USR500hm,CUST_0038,2023-06-01,387.74,2,0.0,387.74,193.87,361.13,361.13,"{""Friend Activities"": 1, ""Fitness"": 1}"
stats_714,USR500hm,CUST_0038,2023-07-01,144.35,1,0.0,144.35,144.35,144.35,144.35,"{""Hobbies"": 1}"
stats_715,USR500hm,CUST_0038,2023-09-01,1722.29,3,0.0,1722.29,574.1,1163.18,1163.18,"{""Medical/Dental"": 1, ""Hobbies"": 1, ""Shopping"": 1}"
stats_716,USR500hm,CUST_0038,2023-11-01,129.5,1,0.0,129.5,129.5,129.5,129.5,"{""Fitness"": 1}"
stats_717,USR500hm,CUST_0038,2023-12-01,199.65,2,0.0,199.65,99.82,108.94,108.94,"{""Friend Activities"": 1, ""Groceries"": 1}"
stats_718,USR500hm,CUST_0038,2024-01-01,417.68,2,0.0,417.68,208.84,410.66,410.66,"{""Transportation"": 1, ""Groceries"": 1}"
stats_719,USR500hm,CUST_0038,2024-02-01,331099.5,2,0.0,331099.5,165549.75,330956.88,330956.88,"{""Shopping"": 1, ""Housing and Utilities"": 1}"
stats_720,USR500hm,CUST_0038,2024-03-01,907.44,3,0.0,907.44,302.48,792.41,792.41,"{""Housing and Utilities"": 1, ""Subscriptions"": 1, ""Travel"": 1}"
stats_721,USR500hm,CUST_0038,2024-04-01,80.56,3,0.0,80.56,26.85,35.86,35.86,"{""Food"": 2, ""Hobbies"": 1}"
stats_722,USR500hm,CUST_0038,2024-05-01,36.7,1,0.0,36.7,36.7,36.7,36.7,"{""Food"": 1}"
stats_723,USR500hm,CUST_0038,2024-06-01,782.03,4,0.0,782.03,195.51,719.68,719.68,"{""Groceries"": 1, ""Transportation"": 1, ""Housing and Utilities"": 1, ""Food"": 1}"
stats_724,USR500hm,CUST_0038,2024-08-01,661.84,2,0.0,661.84,330.92,439.01,439.01,"{""Gifts"": 1, ""Medical/Dental"": 1}"
stats_725,USR500hm,CUST_0038,2024-09-01,75.44,2,0.0,75.44,37.72,64.73,64.73,"{""Food"": 1, ""Gifts"": 1}"
stats_726,USR500hm,CUST_0038,2024-10-01,13.99,1,0.0,13.99,13.99,13.99,13.99,"{""Groceries"": 1}"
stats_727,USR500hm,CUST_0038,2024-11-01,407.75,2,0.0,407.75,203.88,387.16,387.16,"{""Medical/Dental"": 1, ""Personal Hygiene"": 1}"
stats_728,USR500hm,CUST_0038,2024-12-01,58.93,1,0.0,58.93,58.93,58.93,58.93,"{""Gifts"": 1}"
stats_729,USR500hm,CUST_0038,2025-01-01,113.19,2,0.0,113.19,56.6,99.58,99.58,"{""Friend Activities"": 2}"
stats_730,USR539EC,CUST_0191,2023-01-01,686.68,2,0.0,686.68,343.34,683.11,683.11,"{""Food"": 1, ""Medical/Dental"": 1}"
stats_731,USR539EC,CUST_0191,2023-02-01,436.86,2,0.0,436.86,218.43,317.74,317.74,"{""Medical/Dental"": 2}"
stats_732,USR539EC,CUST_0191,2023-03-01,1299.56,3,0.0,1299.56,433.19,960.22,960.22,"{""Travel"": 1, ""Personal Hygiene"": 1, ""Medical/Dental"": 1}"
stats_733,USR539EC,CUST_0191,2023-04-01,152814.99,5,0.0,152814.99,30563.0,152004.39,152004.39,"{""Transportation"": 2, ""Shopping"": 1, ""Medical/Dental"": 1, ""Food"": 1}"
stats_734,USR539EC,CUST_0191,2023-05-01,37.33,2,0.0,37.33,18.66,28.25,28.25,"{""Food"": 1, ""Groceries"": 1}"
stats_735,USR539EC,CUST_0191,2023-06-01,220129.92,3,0.0,220129.92,73376.64,220002.74,220002.74,"{""Travel"": 1, ""Food"": 1, ""Shopping"": 1}"
stats_736,USR539EC,CUST_0191,2023-07-01,87.12,1,0.0,87.12,87.12,87.12,87.12,"{""Transportation"": 1}"
stats_737,USR539EC,CUST_0191,2023-08-01,1132.55,5,0.0,1132.55,226.51,1009.13,1009.13,"{""Transportation"": 1, ""Shopping"": 1, ""Food"": 1, ""Personal Hygiene"": 1, ""Travel"": 1}"
stats_738,USR539EC,CUST_0191,2023-09-01,871.36,3,0.0,871.36,290.45,515.35,515.35,"{""Fitness"": 2, ""Personal Hygiene"": 1}"
stats_739,USR539EC,CUST_0191,2023-10-01,645.79,2,0.0,645.79,322.9,578.95,578.95,"{""Personal Hygiene"": 1, ""Medical/Dental"": 1}"
stats_740,USR539EC,CUST_0191,2023-11-01,920.98,2,0.0,920.98,460.49,894.3,894.3,"{""Housing and Utilities"": 1, ""Hobbies"": 1}"
stats_741,USR539EC,CUST_0191,2023-12-01,154.82,2,0.0,154.82,77.41,144.45,144.45,"{""Hobbies"": 1, ""Fitness"": 1}"
stats_742,USR539EC,CUST_0191,2024-01-01,124.3,2,0.0,124.3,62.15,71.36,71.36,"{""Groceries"": 1, ""Transportation"": 1}"
stats_743,USR539EC,CUST_0191,2024-02-01,892.06,5,0.0,892.06,178.41,382.92,382.92,"{""Friend Activities"": 2, ""Gifts"": 2, ""Food"": 1}"
stats_744,USR539EC,CUST_0191,2024-05-01,4588.16,4,0.0,4588.16,1147.04,3836.17,3836.17,"{""Gifts"": 1, ""Transportation"": 1, ""Food"": 1, ""Housing and Utilities"": 1}"
stats_745,USR539EC,CUST_0191,2024-06-01,731.38,4,0.0,731.38,182.84,502.3,502.3,"{""Gifts"": 1, ""Travel"": 1, ""Food"": 1, ""Transportation"": 1}"
stats_746,USR539EC,CUST_0191,2024-07-01,63846.2,2,0.0,63846.2,31923.1,63833.61,63833.61,"{""Shopping"": 1, ""Food"": 1}"
stats_747,USR539EC,CUST_0191,2024-08-01,178.2,2,0.0,178.2,89.1,122.19,122.19,"{""Food"": 1, ""Friend Activities"": 1}"
stats_748,USR539EC,CUST_0191,2024-09-01,84.08,2,0.0,84.08,42.04,46.11,46.11,"{""Personal Hygiene"": 1, ""Food"": 1}"
stats_749,USR539EC,CUST_0191,2024-10-01,198.57,1,0.0,198.57,198.57,198.57,198.57,"{""Gifts"": 1}"
stats_750,USR539EC,CUST_0191,2024-11-01,924.95,1,0.0,924.95,924.95,924.95,924.95,"{""Medical/Dental"": 1}"
stats_751,USR539EC,CUST_0191,2024-12-01,877.96,1,0.0,877.96,877.96,877.96,877.96,"{""Fitness"": 1}"
stats_752,USR539EC,CUST_0191,2025-01-01,2094.25,1,0.0,2094.25,2094.25,2094.25,2094.25,"{""Personal Hygiene"": 1}"
stats_753,USR053xd,CUST_0001,2023-01-01,977.16,2,0.0,977.16,488.58,912.9,912.9,"{""Travel"": 1, ""Housing and Utilities"": 1}"
stats_754,USR053xd,CUST_0001,2023-02-01,184.91,2,0.0,184.91,92.46,152.71,152.71,"{""Friend Activities"": 2}"
stats_755,USR053xd,CUST_0001,2023-03-01,1812.74,3,0.0,1812.74,604.25,1157.5,1157.5,"{""Medical/Dental"": 1, ""Travel"": 1, ""Subscriptions"": 1}"
stats_756,USR053xd,CUST_0001,2023-04-01,549.29,2,0.0,549.29,274.64,281.32,281.32,"{""Shopping"": 1, ""Fitness"": 1}"
stats_757,USR053xd,CUST_0001,2023-05-01,334.72,3,0.0,334.72,111.57,287.99,287.99,"{""Groceries"": 1, ""Medical/Dental"": 1, ""Food"": 1}"
stats_758,USR053xd,CUST_0001,2023-07-01,749.06,2,0.0,749.06,374.53,730.11,730.11,"{""Medical/Dental"": 1, ""Subscriptions"": 1}"
stats_759,USR053xd,CUST_0001,2023-08-01,292.07,3,0.0,292.07,97.36,152.3,152.3,"{""Friend Activities"": 2, ""Personal Hygiene"": 1}"
stats_760,USR053xd,CUST_0001,2023-09-01,33.42,1,0.0,33.42,33.42,33.42,33.42,"{""Fitness"": 1}"
stats_761,USR053xd,CUST_0001,2023-10-01,205.02,2,0.0,205.02,102.51,149.82,149.82,"{""Travel"": 1, ""Gifts"": 1}"
stats_762,USR053xd,CUST_0001,2023-11-01,80.64,1,0.0,80.64,80.64,80.64,80.64,"{""Transportation"": 1}"
stats_763,USR053xd,CUST_0001,2023-12-01,397.59,3,0.0,397.59,132.53,304.92,304.92,"{""Food"": 2, ""Medical/Dental"": 1}"
stats_764,USR053xd,CUST_0001,2024-01-01,91.12,2,0.0,91.12,45.56,67.19,67.19,"{""Travel"": 1, ""Subscriptions"": 1}"
stats_765,USR053xd,CUST_0001,2024-02-01,258.05,4,0.0,258.05,64.51,199.29,199.29,"{""Subscriptions"": 2, ""Travel"": 1, ""Hobbies"": 1}"
stats_766,USR053xd,CUST_0001,2024-03-01,92.99,1,0.0,92.99,92.99,92.99,92.99,"{""Medical/Dental"": 1}"
stats_767,USR053xd,CUST_0001,2024-05-01,69.78,1,0.0,69.78,69.78,69.78,69.78,"{""Hobbies"": 1}"
stats_768,USR053xd,CUST_0001,2024-06-01,133.84,2,0.0,133.84,66.92,130.62,130.62,"{""Medical/Dental"": 1, ""Personal Hygiene"": 1}"
stats_769,USR053xd,CUST_0001,2024-07-01,1180.16,2,0.0,1180.16,590.08,1057.7,1057.7,"{""Housing and Utilities"": 1, ""Personal Hygiene"": 1}"
stats_770,USR053xd,CUST_0001,2024-08-01,11.7,1,0.0,11.7,11.7,11.7,11.7,"{""Food"": 1}"
stats_771,USR053xd,CUST_0001,2024-09-01,1879.93,2,0.0,1879.93,939.96,1617.1,1617.1,"{""Transportation"": 1, ""Fitness"": 1}"
stats_772,USR053xd,CUST_0001,2024-10-01,184.24,2,0.0,184.24,92.12,177.31,177.31,"{""Medical/Dental"": 1, ""Subscriptions"": 1}"
stats_773,USR053xd,CUST_0001,2024-11-01,409.69,3,0.0,409.69,136.56,161.05,161.05,"{""Medical/Dental"": 2, ""Gifts"": 1}"
stats_774,USR053xd,CUST_0001,2024-12-01,540.69,2,0.0,540.69,270.35,303.24,303.24,"{""Travel"": 1, ""Friend Activities"": 1}"
stats_775,USR082ip,CUST_0073,2023-01-01,223.19,1,0.0,223.19,223.19,223.19,223.19,"{""Fitness"": 1}"
stats_776,USR082ip,CUST_0073,2023-02-01,269.8,2,0.0,269.8,134.9,266.25,266.25,"{""Transportation"": 1, ""Gifts"": 1}"
stats_777,USR082ip,CUST_0073,2023-03-01,1522.76,3,0.0,1522.76,507.59,759.13,759.13,"{""Transportation"": 2, ""Groceries"": 1}"
stats_778,USR082ip,CUST_0073,2023-05-01,18.63,1,0.0,18.63,18.63,18.63,18.63,"{""Food"": 1}"
stats_779,USR082ip,CUST_0073,2023-06-01,39.93,1,0.0,39.93,39.93,39.93,39.93,"{""Personal Hygiene"": 1}"
stats_780,USR082ip,CUST_0073,2023-07-01,4430.37,2,0.0,4430.37,2215.18,4414.02,4414.02,"{""Housing and Utilities"": 1, ""Subscriptions"": 1}"
stats_781,USR082ip,CUST_0073,2023-08-01,619.57,3,0.0,619.57,206.52,340.8,340.8,"{""Fitness"": 1, ""Gifts"": 1, ""Shopping"": 1}"
stats_782,USR082ip,CUST_0073,2023-09-01,49580.97,6,0.0,49580.97,8263.5,48275.65,48275.65,"{""Medical/Dental"": 3, ""Shopping"": 1, ""Transportation"": 1, ""Friend Activities"": 1}"
stats_783,USR082ip,CUST_0073,2023-10-01,504.19,1,0.0,504.19,504.19,504.19,504.19,"{""Friend Activities"": 1}"
stats_784,USR082ip,CUST_0073,2023-11-01,147254.26,1,0.0,147254.26,147254.26,147254.26,147254.26,"{""Shopping"": 1}"
stats_785,USR082ip,CUST_0073,2023-12-01,508.69,3,0.0,508.69,169.56,380.19,380.19,"{""Friend Activities"": 1, ""Gifts"": 1, ""Travel"": 1}"
stats_786,USR082ip,CUST_0073,2024-01-01,383.38,2,0.0,383.38,191.69,288.99,288.99,"{""Medical/Dental"": 1, ""Gifts"": 1}"
stats_787,USR082ip,CUST_0073,2024-02-01,1730.06,4,0.0,1730.06,432.52,1222.87,1222.87,"{""Shopping"": 2, ""Gifts"": 1, ""Medical/Dental"": 1}"
stats_788,USR082ip,CUST_0073,2024-04-01,251.85,2,0.0,251.85,125.92,232.43,232.43,"{""Groceries"": 1, ""Gifts"": 1}"
stats_789,USR082ip,CUST_0073,2024-05-01,453.71,4,0.0,453.71,113.43,190.81,190.81,"{""Housing and Utilities"": 1, ""Groceries"": 1, ""Fitness"": 1, ""Hobbies"": 1}"
stats_790,USR082ip,CUST_0073,2024-07-01,351.84,2,0.0,351.84,175.92,317.19,317.19,"{""Fitness"": 1, ""Medical/Dental"": 1}"
stats_791,USR082ip,CUST_0073,2024-08-01,443.55,1,0.0,443.55,443.55,443.55,443.55,"{""Transportation"": 1}"
stats_792,USR082ip,CUST_0073,2024-09-01,591.24,2,0.0,591.24,295.62,542.21,542.21,"{""Subscriptions"": 1, ""Gifts"": 1}"
stats_793,USR082ip,CUST_0073,2024-10-01,1938.3,6,0.0,1938.3,323.05,959.46,959.46,"{""Gifts"": 3, ""Fitness"": 1, ""Shopping"": 1, ""Medical/Dental"": 1}"
stats_794,USR082ip,CUST_0073,2024-12-01,47.08,3,0.0,47.08,15.69,34.96,34.96,"{""Subscriptions"": 2, ""Groceries"": 1}"
stats_795,USR721Xc,CUST_0107,2023-01-01,158.58,1,0.0,158.58,158.58,158.58,158.58,"{""Housing and Utilities"": 1}"
stats_796,USR721Xc,CUST_0107,2023-02-01,286.21,1,0.0,286.21,286.21,286.21,286.21,"{""Fitness"": 1}"
stats_797,USR721Xc,CUST_0107,2023-03-01,4458.78,3,0.0,4458.78,1486.26,4294.26,4294.26,"{""Friend Activities"": 1, ""Subscriptions"": 1, ""Shopping"": 1}"
stats_798,USR721Xc,CUST_0107,2023-05-01,675.71,2,0.0,675.71,337.86,656.19,656.19,"{""Friend Activities"": 1, ""Subscriptions"": 1}"
stats_799,USR721Xc,CUST_0107,2023-06-01,60.84,1,0.0,60.84,60.84,60.84,60.84,"{""Groceries"": 1}"
stats_800,USR721Xc,CUST_0107,2023-07-01,13.18,1,0.0,13.18,13.18,13.18,13.18,"{""Travel"": 1}"
stats_801,USR721Xc,CUST_0107,2023-09-01,1068.43,4,0.0,1068.43,267.11,669.44,669.44,"{""Medical/Dental"": 1, ""Housing and Utilities"": 1, ""Food"": 1, ""Fitness"": 1}"
stats_802,USR721Xc,CUST_0107,2023-10-01,389.33,2,0.0,389.33,194.66,219.84,219.84,"{""Medical/Dental"": 1, ""Friend Activities"": 1}"
stats_803,USR721Xc,CUST_0107,2023-12-01,196.69,2,0.0,196.69,98.34,147.4,147.4,"{""Personal Hygiene"": 1, ""Friend Activities"": 1}"
stats_804,USR721Xc,CUST_0107,2024-01-01,19618.52,4,0.0,19618.52,4904.63,19379.47,19379.47,"{""Shopping"": 1, ""Housing and Utilities"": 1, ""Personal Hygiene"": 1, ""Groceries"": 1}"
stats_805,USR721Xc,CUST_0107,2024-02-01,42.86,1,0.0,42.86,42.86,42.86,42.86,"{""Housing and Utilities"": 1}"
stats_806,USR721Xc,CUST_0107,2024-03-01,43030.2,4,0.0,43030.2,10757.55,42886.51,42886.51,"{""Subscriptions"": 2, ""Shopping"": 1, ""Transportation"": 1}"
stats_807,USR721Xc,CUST_0107,2024-04-01,67.52,2,0.0,67.52,33.76,60.74,60.74,"{""Subscriptions"": 1, ""Food"": 1}"
stats_808,USR721Xc,CUST_0107,2024-05-01,211.46,5,0.0,211.46,42.29,114.56,114.56,"{""Personal Hygiene"": 1, ""Transportation"": 1, ""Hobbies"": 1, ""Friend Activities"": 1, ""Food"": 1}"
stats_809,USR721Xc,CUST_0107,2024-06-01,785.17,3,0.0,785.17,261.72,648.85,648.85,"{""Medical/Dental"": 2, ""Groceries"": 1}"
stats_810,USR721Xc,CUST_0107,2024-07-01,122.72,3,0.0,122.72,40.91,98.88,98.88,"{""Subscriptions"": 1, ""Transportation"": 1, ""Food"": 1}"
stats_811,USR721Xc,CUST_0107,2024-08-01,46.95,1,0.0,46.95,46.95,46.95,46.95,"{""Fitness"": 1}"
stats_812,USR721Xc,CUST_0107,2024-09-01,47.96,2,0.0,47.96,23.98,25.48,25.48,"{""Housing and Utilities"": 1, ""Personal Hygiene"": 1}"
stats_813,USR721Xc,CUST_0107,2024-10-01,452.81,3,0.0,452.81,150.94,219.83,219.83,"{""Medical/Dental"": 1, ""Hobbies"": 1, ""Personal Hygiene"": 1}"
stats_814,USR721Xc,CUST_0107,2024-12-01,85.51,1,0.0,85.51,85.51,85.51,85.51,"{""Hobbies"": 1}"
stats_815,USR721Xc,CUST_0107,2025-01-01,4.83,1,0.0,4.83,4.83,4.83,4.83,"{""Personal Hygiene"": 1}"
stats_816,USR242VN,CUST_0058,2023-01-01,111.09,2,0.0,111.09,55.54,69.9,69.9,"{""Friend Activities"": 2}"
stats_817,USR242VN,CUST_0058,2023-03-01,182.95,4,0.0,182.95,45.74,114.02,114.02,"{""Shopping"": 1, ""Travel"": 1, ""Transportation"": 1, ""Hobbies"": 1}"
stats_818,USR242VN,CUST_0058,2023-04-01,2434.42,2,0.0,2434.42,1217.21,2431.53,2431.53,"{""Food"": 1, ""Personal Hygiene"": 1}"
stats_819,USR242VN,CUST_0058,2023-05-01,980.83,4,0.0,980.83,245.21,724.71,724.71,"{""Shopping"": 1, ""Hobbies"": 1, ""Groceries"": 1, ""Fitness"": 1}"
stats_820,USR242VN,CUST_0058,2023-06-01,162.79,3,0.0,162.79,54.26,148.72,148.72,"{""Fitness"": 1, ""Friend Activities"": 1, ""Groceries"": 1}"
stats_821,USR242VN,CUST_0058,2023-07-01,109.04,1,0.0,109.04,109.04,109.04,109.04,"{""Housing and Utilities"": 1}"
stats_822,USR242VN,CUST_0058,2023-08-01,274.04,2,0.0,274.04,137.02,226.09,226.09,"{""Transportation"": 1, ""Shopping"": 1}"
stats_823,USR242VN,CUST_0058,2023-09-01,608.7,4,0.0,608.7,152.18,338.98,338.98,"{""Medical/Dental"": 1, ""Housing and Utilities"": 1, ""Subscriptions"": 1, ""Shopping"": 1}"
stats_824,USR242VN,CUST_0058,2023-10-01,78.53,1,0.0,78.53,78.53,78.53,78.53,"{""Transportation"": 1}"
stats_825,USR242VN,CUST_0058,2023-11-01,9.81,1,0.0,9.81,9.81,9.81,9.81,"{""Subscriptions"": 1}"
stats_826,USR242VN,CUST_0058,2023-12-01,319238.99,2,0.0,319238.99,159619.5,319220.4,319220.4,"{""Food"": 1, ""Shopping"": 1}"
stats_827,USR242VN,CUST_0058,2024-01-01,463.16,2,0.0,463.16,231.58,349.31,349.31,"{""Medical/Dental"": 1, ""Travel"": 1}"
stats_828,USR242VN,CUST_0058,2024-02-01,1836.35,2,0.0,1836.35,918.18,1755.21,1755.21,"{""Housing and Utilities"": 1, ""Transportation"": 1}"
stats_829,USR242VN,CUST_0058,2024-04-01,451.19,3,0.0,451.19,150.4,336.57,336.57,"{""Medical/Dental"": 1, ""Personal Hygiene"": 1, ""Fitness"": 1}"
stats_830,USR242VN,CUST_0058,2024-05-01,719.03,3,0.0,719.03,239.68,548.42,548.42,"{""Groceries"": 1, ""Fitness"": 1, ""Personal Hygiene"": 1}"
stats_831,USR242VN,CUST_0058,2024-06-01,260.36,3,0.0,260.36,86.79,139.2,139.2,"{""Housing and Utilities"": 1, ""Fitness"": 1, ""Personal Hygiene"": 1}"
stats_832,USR242VN,CUST_0058,2024-07-01,1176.14,3,0.0,1176.14,392.05,960.83,960.83,"{""Medical/Dental"": 2, ""Hobbies"": 1}"
stats_833,USR242VN,CUST_0058,2024-08-01,390.75,4,0.0,390.75,97.69,255.48,255.48,"{""Transportation"": 2, ""Personal Hygiene"": 1, ""Housing and Utilities"": 1}"
stats_834,USR242VN,CUST_0058,2024-09-01,20.76,1,0.0,20.76,20.76,20.76,20.76,"{""Travel"": 1}"
stats_835,USR242VN,CUST_0058,2024-10-01,179.49,2,0.0,179.49,89.74,172.21,172.21,"{""Groceries"": 1, ""Hobbies"": 1}"
stats_836,USR242VN,CUST_0058,2024-11-01,103.56,2,0.0,103.56,51.78,98.95,98.95,"{""Transportation"": 1, ""Friend Activities"": 1}"
stats_837,USR242VN,CUST_0058,2025-01-01,739.11,4,0.0,739.11,184.78,415.22,415.22,"{""Groceries"": 1, ""Transportation"": 1, ""Travel"": 1, ""Hobbies"": 1}"
stats_838,USR598GE,CUST_0043,2023-01-01,841.42,1,0.0,841.42,841.42,841.42,841.42,"{""Medical/Dental"": 1}"
stats_839,USR598GE,CUST_0043,2023-02-01,1125.86,2,0.0,1125.86,562.93,742.11,742.11,"{""Medical/Dental"": 1, ""Fitness"": 1}"
stats_840,USR598GE,CUST_0043,2023-03-01,1544.44,3,0.0,1544.44,514.81,1117.75,1117.75,"{""Personal Hygiene"": 1, ""Friend Activities"": 1, ""Travel"": 1}"
stats_841,USR598GE,CUST_0043,2023-05-01,130612.69,4,0.0,130612.69,32653.17,129871.71,129871.71,"{""Fitness"": 1, ""Shopping"": 1, ""Subscriptions"": 1, ""Food"": 1}"
stats_842,USR598GE,CUST_0043,2023-06-01,35.4,1,0.0,35.4,35.4,35.4,35.4,"{""Friend Activities"": 1}"
stats_843,USR598GE,CUST_0043,2023-07-01,525.43,4,0.0,525.43,131.36,436.5,436.5,"{""Groceries"": 2, ""Personal Hygiene"": 1, ""Medical/Dental"": 1}"
stats_844,USR598GE,CUST_0043,2023-08-01,2777.26,3,0.0,2777.26,925.75,2730.42,2730.42,"{""Friend Activities"": 1, ""Shopping"": 1, ""Groceries"": 1}"
stats_845,USR598GE,CUST_0043,2023-09-01,249.87,3,0.0,249.87,83.29,210.6,210.6,"{""Transportation"": 1, ""Subscriptions"": 1, ""Travel"": 1}"
stats_846,USR598GE,CUST_0043,2023-10-01,864.2,2,0.0,864.2,432.1,847.87,847.87,"{""Fitness"": 1, ""Groceries"": 1}"
stats_847,USR598GE,CUST_0043,2023-11-01,30.92,2,0.0,30.92,15.46,23.05,23.05,"{""Groceries"": 1, ""Personal Hygiene"": 1}"
stats_848,USR598GE,CUST_0043,2024-01-01,2409.92,5,0.0,2409.92,481.98,2297.4,2297.4,"{""Friend Activities"": 1, ""Personal Hygiene"": 1, ""Fitness"": 1, ""Housing and Utilities"": 1, ""Subscriptions"": 1}"
stats_849,USR598GE,CUST_0043,2024-02-01,1161.89,1,0.0,1161.89,1161.89,1161.89,1161.89,"{""Personal Hygiene"": 1}"
stats_850,USR598GE,CUST_0043,2024-03-01,100675.98,5,0.0,100675.98,20135.2,91581.45,91581.45,"{""Shopping"": 2, ""Medical/Dental"": 1, ""Hobbies"": 1, ""Housing and Utilities"": 1}"
stats_851,USR598GE,CUST_0043,2024-05-01,116.17,2,0.0,116.17,58.08,98.14,98.14,"{""Groceries"": 2}"
stats_852,USR598GE,CUST_0043,2024-06-01,1152.67,2,0.0,1152.67,576.34,1150.5,1150.5,"{""Transportation"": 1, ""Travel"": 1}"
stats_853,USR598GE,CUST_0043,2024-07-01,11.69,1,0.0,11.69,11.69,11.69,11.69,"{""Food"": 1}"
stats_854,USR598GE,CUST_0043,2024-08-01,215.82,2,0.0,215.82,107.91,213.61,213.61,"{""Shopping"": 1, ""Transportation"": 1}"
stats_855,USR598GE,CUST_0043,2024-10-01,111.34,2,0.0,111.34,55.67,75.67,75.67,"{""Food"": 1, ""Groceries"": 1}"
stats_856,USR598GE,CUST_0043,2024-11-01,6130.34,2,0.0,6130.34,3065.17,5174.81,5174.81,"{""Fitness"": 1, ""Shopping"": 1}"
stats_857,USR598GE,CUST_0043,2024-12-01,36.79,1,0.0,36.79,36.79,36.79,36.79,"{""Fitness"": 1}"
stats_858,USR511YG,CUST_0145,2023-01-01,98.07,1,0.0,98.07,98.07,98.07,98.07,"{""Transportation"": 1}"
stats_859,USR511YG,CUST_0145,2023-02-01,676.75,3,0.0,676.75,225.58,648.98,648.98,"{""Shopping"": 1, ""Personal Hygiene"": 1, ""Groceries"": 1}"
stats_860,USR511YG,CUST_0145,2023-04-01,12.04,1,0.0,12.04,12.04,12.04,12.04,"{""Subscriptions"": 1}"
stats_861,USR511YG,CUST_0145,2023-05-01,3804.11,2,0.0,3804.11,1902.06,3471.26,3471.26,"{""Housing and Utilities"": 1, ""Gifts"": 1}"
stats_862,USR511YG,CUST_0145,2023-06-01,54.74,1,0.0,54.74,54.74,54.74,54.74,"{""Subscriptions"": 1}"
stats_863,USR511YG,CUST_0145,2023-07-01,372.16,3,0.0,372.16,124.05,261.17,261.17,"{""Personal Hygiene"": 1, ""Travel"": 1, ""Fitness"": 1}"
stats_864,USR511YG,CUST_0145,2023-08-01,923.4,5,0.0,923.4,184.68,635.48,635.48,"{""Food"": 1, ""Groceries"": 1, ""Transportation"": 1, ""Gifts"": 1, ""Hobbies"": 1}"
stats_865,USR511YG,CUST_0145,2023-09-01,328.63,1,0.0,328.63,328.63,328.63,328.63,"{""Hobbies"": 1}"
stats_866,USR511YG,CUST_0145,2023-10-01,370.55,2,0.0,370.55,185.28,339.1,339.1,"{""Travel"": 1, ""Hobbies"": 1}"
stats_867,USR511YG,CUST_0145,2023-11-01,79.38,3,0.0,79.38,26.46,41.63,41.63,"{""Gifts"": 1, ""Personal Hygiene"": 1, ""Groceries"": 1}"
stats_868,USR511YG,CUST_0145,2023-12-01,939.88,3,0.0,939.88,313.29,882.99,882.99,"{""Transportation"": 1, ""Friend Activities"": 1, ""Travel"": 1}"
stats_869,USR511YG,CUST_0145,2024-01-01,1301.36,5,0.0,1301.36,260.27,898.2,898.2,"{""Shopping"": 2, ""Transportation"": 1, ""Hobbies"": 1, ""Groceries"": 1}"
stats_870,USR511YG,CUST_0145,2024-02-01,40.56,1,0.0,40.56,40.56,40.56,40.56,"{""Fitness"": 1}"
stats_871,USR511YG,CUST_0145,2024-03-01,5.28,1,0.0,5.28,5.28,5.28,5.28,"{""Personal Hygiene"": 1}"
stats_872,USR511YG,CUST_0145,2024-04-01,1546.23,1,0.0,1546.23,1546.23,1546.23,1546.23,"{""Shopping"": 1}"
stats_873,USR511YG,CUST_0145,2024-05-01,569.59,4,0.0,569.59,142.4,273.86,273.86,"{""Hobbies"": 2, ""Friend Activities"": 1, ""Shopping"": 1}"
stats_874,USR511YG,CUST_0145,2024-06-01,77.29,3,0.0,77.29,25.76,47.32,47.32,"{""Friend Activities"": 1, ""Food"": 1, ""Subscriptions"": 1}"
stats_875,USR511YG,CUST_0145,2024-09-01,186.87,1,0.0,186.87,186.87,186.87,186.87,"{""Fitness"": 1}"
stats_876,USR511YG,CUST_0145,2024-10-01,194.9,1,0.0,194.9,194.9,194.9,194.9,"{""Shopping"": 1}"
stats_877,USR511YG,CUST_0145,2024-11-01,47534.53,1,0.0,47534.53,47534.53,47534.53,47534.53,"{""Shopping"": 1}"
stats_878,USR511YG,CUST_0145,2024-12-01,143.44,2,0.0,143.44,71.72,80.97,80.97,"{""Housing and Utilities"": 1, ""Hobbies"": 1}"
stats_879,USR360hy,CUST_0042,2023-01-01,452.65,2,0.0,452.65,226.32,428.88,428.88,"{""Shopping"": 1, ""Food"": 1}"
stats_880,USR360hy,CUST_0042,2023-02-01,6869.05,2,0.0,6869.05,3434.52,6863.9,6863.9,"{""Shopping"": 1, ""Groceries"": 1}"
stats_881,USR360hy,CUST_0042,2023-03-01,408.92,2,0.0,408.92,204.46,395.18,395.18,"{""Transportation"": 1, ""Personal Hygiene"": 1}"
stats_882,USR360hy,CUST_0042,2023-04-01,2512.04,3,0.0,2512.04,837.35,2384.87,2384.87,"{""Personal Hygiene"": 1, ""Housing and Utilities"": 1, ""Friend Activities"": 1}"
stats_883,USR360hy,CUST_0042,2023-05-01,33.54,1,0.0,33.54,33.54,33.54,33.54,"{""Food"": 1}"
stats_884,USR360hy,CUST_0042,2023-06-01,1130.62,6,0.0,1130.62,188.44,611.74,611.74,"{""Food"": 2, ""Groceries"": 1, ""Shopping"": 1, ""Personal Hygiene"": 1, ""Hobbies"": 1}"
stats_885,USR360hy,CUST_0042,2023-07-01,62.25,2,0.0,62.25,31.12,32.23,32.23,"{""Hobbies"": 1, ""Travel"": 1}"
stats_886,USR360hy,CUST_0042,2023-08-01,3670.97,3,0.0,3670.97,1223.66,3570.5,3570.5,"{""Shopping"": 1, ""Fitness"": 1, ""Food"": 1}"
stats_887,USR360hy,CUST_0042,2023-09-01,102.66,1,0.0,102.66,102.66,102.66,102.66,"{""Hobbies"": 1}"
stats_888,USR360hy,CUST_0042,2023-10-01,7.38,1,0.0,7.38,7.38,7.38,7.38,"{""Subscriptions"": 1}"
stats_889,USR360hy,CUST_0042,2023-12-01,142.86,2,0.0,142.86,71.43,132.76,132.76,"{""Housing and Utilities"": 1, ""Personal Hygiene"": 1}"
stats_890,USR360hy,CUST_0042,2024-02-01,6683.08,3,0.0,6683.08,2227.69,6297.48,6297.48,"{""Groceries"": 1, ""Shopping"": 1, ""Housing and Utilities"": 1}"
stats_891,USR360hy,CUST_0042,2024-03-01,433.29,3,0.0,433.29,144.43,287.6,287.6,"{""Gifts"": 1, ""Hobbies"": 1, ""Personal Hygiene"": 1}"
stats_892,USR360hy,CUST_0042,2024-04-01,605.26,2,0.0,605.26,302.63,525.43,525.43,"{""Medical/Dental"": 1, ""Transportation"": 1}"
stats_893,USR360hy,CUST_0042,2024-05-01,1977.54,3,0.0,1977.54,659.18,1440.93,1440.93,"{""Gifts"": 1, ""Friend Activities"": 1, ""Transportation"": 1}"
stats_894,USR360hy,CUST_0042,2024-06-01,103.58,1,0.0,103.58,103.58,103.58,103.58,"{""Gifts"": 1}"
stats_895,USR360hy,CUST_0042,2024-07-01,16.26,1,0.0,16.26,16.26,16.26,16.26,"{""Groceries"": 1}"
stats_896,USR360hy,CUST_0042,2024-08-01,16.54,1,0.0,16.54,16.54,16.54,16.54,"{""Subscriptions"": 1}"
stats_897,USR360hy,CUST_0042,2024-09-01,916.08,4,0.0,916.08,229.02,399.99,399.99,"{""Friend Activities"": 2, ""Medical/Dental"": 1, ""Personal Hygiene"": 1}"
stats_898,USR360hy,CUST_0042,2024-10-01,809.33,4,0.0,809.33,202.33,410.51,410.51,"{""Friend Activities"": 1, ""Subscriptions"": 1, ""Travel"": 1, ""Gifts"": 1}"
stats_899,USR360hy,CUST_0042,2024-11-01,897.22,1,0.0,897.22,897.22,897.22,897.22,"{""Shopping"": 1}"
stats_900,USR360hy,CUST_0042,2024-12-01,185.29,1,0.0,185.29,185.29,185.29,185.29,"{""Housing and Utilities"": 1}"
stats_901,USR360hy,CUST_0042,2025-01-01,221.31,1,0.0,221.31,221.31,221.31,221.31,"{""Food"": 1}"
stats_902,USR430vt,CUST_0046,2023-02-01,873.16,3,0.0,873.16,291.05,715.67,715.67,"{""Gifts"": 1, ""Hobbies"": 1, ""Fitness"": 1}"
stats_903,USR430vt,CUST_0046,2023-03-01,788.38,4,0.0,788.38,197.1,491.21,491.21,"{""Hobbies"": 1, ""Gifts"": 1, ""Friend Activities"": 1, ""Medical/Dental"": 1}"
stats_904,USR430vt,CUST_0046,2023-04-01,232.75,1,0.0,232.75,232.75,232.75,232.75,"{""Gifts"": 1}"
stats_905,USR430vt,CUST_0046,2023-05-01,1410.48,3,0.0,1410.48,470.16,1079.86,1079.86,"{""Travel"": 1, ""Fitness"": 1, ""Food"": 1}"
stats_906,USR430vt,CUST_0046,2023-06-01,77.12,1,0.0,77.12,77.12,77.12,77.12,"{""Groceries"": 1}"
stats_907,USR430vt,CUST_0046,2023-07-01,1129.34,2,0.0,1129.34,564.67,607.81,607.81,"{""Transportation"": 1, ""Fitness"": 1}"
stats_908,USR430vt,CUST_0046,2023-08-01,4.01,1,0.0,4.01,4.01,4.01,4.01,"{""Groceries"": 1}"
stats_909,USR430vt,CUST_0046,2023-09-01,342.85,1,0.0,342.85,342.85,342.85,342.85,"{""Food"": 1}"
stats_910,USR430vt,CUST_0046,2023-10-01,523.46,2,0.0,523.46,261.73,500.06,500.06,"{""Groceries"": 1, ""Travel"": 1}"
stats_911,USR430vt,CUST_0046,2023-11-01,1558.89,1,0.0,1558.89,1558.89,1558.89,1558.89,"{""Gifts"": 1}"
stats_912,USR430vt,CUST_0046,2024-01-01,256.49,3,0.0,256.49,85.5,230.37,230.37,"{""Personal Hygiene"": 1, ""Fitness"": 1, ""Groceries"": 1}"
stats_913,USR430vt,CUST_0046,2024-02-01,409.12,4,0.0,409.12,102.28,269.96,269.96,"{""Travel"": 1, ""Hobbies"": 1, ""Housing and Utilities"": 1, ""Gifts"": 1}"
stats_914,USR430vt,CUST_0046,2024-03-01,875.38,3,0.0,875.38,291.79,389.6,389.6,"{""Travel"": 1, ""Hobbies"": 1, ""Gifts"": 1}"
stats_915,USR430vt,CUST_0046,2024-05-01,20.31,1,0.0,20.31,20.31,20.31,20.31,"{""Travel"": 1}"
stats_916,USR430vt,CUST_0046,2024-07-01,35.21,1,0.0,35.21,35.21,35.21,35.21,"{""Fitness"": 1}"
stats_917,USR430vt,CUST_0046,2024-08-01,2863.57,5,0.0,2863.57,572.71,2546.86,2546.86,"{""Personal Hygiene"": 1, ""Hobbies"": 1, ""Housing and Utilities"": 1, ""Shopping"": 1, ""Subscriptions"": 1}"
stats_918,USR430vt,CUST_0046,2024-09-01,1819.31,2,0.0,1819.31,909.66,1549.68,1549.68,"{""Medical/Dental"": 1, ""Personal Hygiene"": 1}"
stats_919,USR430vt,CUST_0046,2024-10-01,93.79,1,0.0,93.79,93.79,93.79,93.79,"{""Gifts"": 1}"
stats_920,USR430vt,CUST_0046,2024-11-01,269.36,4,0.0,269.36,67.34,162.45,162.45,"{""Hobbies"": 1, ""Groceries"": 1, ""Friend Activities"": 1, ""Travel"": 1}"
stats_921,USR430vt,CUST_0046,2024-12-01,5773.76,1,0.0,5773.76,5773.76,5773.76,5773.76,"{""Housing and Utilities"": 1}"
stats_922,USR244Uu,CUST_0011,2023-01-01,2235.49,2,0.0,2235.49,1117.74,2175.87,2175.87,"{""Personal Hygiene"": 2}"
stats_923,USR244Uu,CUST_0011,2023-02-01,6818.02,2,0.0,6818.02,3409.01,6810.69,6810.69,"{""Food"": 1, ""Housing and Utilities"": 1}"
stats_924,USR244Uu,CUST_0011,2023-03-01,1073.15,5,0.0,1073.15,214.63,482.22,482.22,"{""Gifts"": 1, ""Fitness"": 1, ""Subscriptions"": 1, ""Medical/Dental"": 1, ""Hobbies"": 1}"
stats_925,USR244Uu,CUST_0011,2023-04-01,58.94,1,0.0,58.94,58.94,58.94,58.94,"{""Gifts"": 1}"
stats_926,USR244Uu,CUST_0011,2023-05-01,64.7,1,0.0,64.7,64.7,64.7,64.7,"{""Gifts"": 1}"
stats_927,USR244Uu,CUST_0011,2023-07-01,2836.31,4,0.0,2836.31,709.08,2682.81,2682.81,"{""Personal Hygiene"": 1, ""Transportation"": 1, ""Gifts"": 1, ""Shopping"": 1}"
stats_928,USR244Uu,CUST_0011,2023-09-01,732.44,2,0.0,732.44,366.22,436.68,436.68,"{""Shopping"": 1, ""Fitness"": 1}"
stats_929,USR244Uu,CUST_0011,2023-11-01,79.6,2,0.0,79.6,39.8,60.07,60.07,"{""Fitness"": 1, ""Food"": 1}"
stats_930,USR244Uu,CUST_0011,2023-12-01,259.02,3,0.0,259.02,86.34,162.34,162.34,"{""Fitness"": 1, ""Housing and Utilities"": 1, ""Subscriptions"": 1}"
stats_931,USR244Uu,CUST_0011,2024-01-01,1024.76,5,0.0,1024.76,204.95,720.8,720.8,"{""Fitness"": 1, ""Transportation"": 1, ""Friend Activities"": 1, ""Housing and Utilities"": 1, ""Travel"": 1}"
stats_932,USR244Uu,CUST_0011,2024-02-01,78.42,2,0.0,78.42,39.21,76.05,76.05,"{""Housing and Utilities"": 1, ""Transportation"": 1}"
stats_933,USR244Uu,CUST_0011,2024-03-01,4212.82,6,0.0,4212.82,702.14,2144.82,2144.82,"{""Travel"": 2, ""Hobbies"": 1, ""Personal Hygiene"": 1, ""Shopping"": 1, ""Medical/Dental"": 1}"
stats_934,USR244Uu,CUST_0011,2024-04-01,711.65,4,0.0,711.65,177.91,313.19,313.19,"{""Friend Activities"": 1, ""Transportation"": 1, ""Fitness"": 1, ""Housing and Utilities"": 1}"
stats_935,USR244Uu,CUST_0011,2024-05-01,1063.25,1,0.0,1063.25,1063.25,1063.25,1063.25,"{""Gifts"": 1}"
stats_936,USR244Uu,CUST_0011,2024-07-01,318.81,2,0.0,318.81,159.4,312.68,312.68,"{""Gifts"": 1, ""Subscriptions"": 1}"
stats_937,USR244Uu,CUST_0011,2024-08-01,65.24,2,0.0,65.24,32.62,49.08,49.08,"{""Subscriptions"": 1, ""Food"": 1}"
stats_938,USR244Uu,CUST_0011,2024-09-01,10285.24,4,0.0,10285.24,2571.31,10114.45,10114.45,"{""Housing and Utilities"": 2, ""Groceries"": 1, ""Shopping"": 1}"
stats_939,USR244Uu,CUST_0011,2024-11-01,13.12,2,0.0,13.12,6.56,7.25,7.25,"{""Transportation"": 1, ""Groceries"": 1}"
stats_940,USR244Uu,CUST_0011,2024-12-01,8.63,1,0.0,8.63,8.63,8.63,8.63,"{""Subscriptions"": 1}"
stats_941,USR478AY,CUST_0024,2023-01-01,2107.96,3,0.0,2107.96,702.65,1910.5,1910.5,"{""Housing and Utilities"": 1, ""Friend Activities"": 1, ""Fitness"": 1}"
stats_942,USR478AY,CUST_0024,2023-02-01,12.02,2,0.0,12.02,6.01,9.46,9.46,"{""Transportation"": 2}"
stats_943,USR478AY,CUST_0024,2023-03-01,21.67,1,0.0,21.67,21.67,21.67,21.67,"{""Gifts"": 1}"
stats_944,USR478AY,CUST_0024,2023-04-01,404.06,3,0.0,404.06,134.69,324.52,324.52,"{""Gifts"": 1, ""Food"": 1, ""Fitness"": 1}"
stats_945,USR478AY,CUST_0024,2023-07-01,754.61,1,0.0,754.61,754.61,754.61,754.61,"{""Travel"": 1}"
stats_946,USR478AY,CUST_0024,2023-08-01,5432.77,4,0.0,5432.77,1358.19,5137.72,5137.72,"{""Gifts"": 2, ""Shopping"": 1, ""Hobbies"": 1}"
stats_947,USR478AY,CUST_0024,2023-09-01,2319.55,5,0.0,2319.55,463.91,880.1,880.1,"{""Friend Activities"": 2, ""Travel"": 1, ""Housing and Utilities"": 1, ""Hobbies"": 1}"
stats_948,USR478AY,CUST_0024,2023-10-01,53.47,2,0.0,53.47,26.74,42.08,42.08,"{""Fitness"": 1, ""Groceries"": 1}"
stats_949,USR478AY,CUST_0024,2023-11-01,50.49,1,0.0,50.49,50.49,50.49,50.49,"{""Friend Activities"": 1}"
stats_950,USR478AY,CUST_0024,2023-12-01,4518.23,3,0.0,4518.23,1506.08,4280.87,4280.87,"{""Housing and Utilities"": 1, ""Medical/Dental"": 1, ""Groceries"": 1}"
stats_951,USR478AY,CUST_0024,2024-01-01,101.85,1,0.0,101.85,101.85,101.85,101.85,"{""Gifts"": 1}"
stats_952,USR478AY,CUST_0024,2024-02-01,906.3,5,0.0,906.3,181.26,299.0,299.0,"{""Friend Activities"": 2, ""Housing and Utilities"": 1, ""Fitness"": 1, ""Hobbies"": 1}"
stats_953,USR478AY,CUST_0024,2024-04-01,993.42,3,0.0,993.42,331.14,853.72,853.72,"{""Groceries"": 1, ""Travel"": 1, ""Gifts"": 1}"
stats_954,USR478AY,CUST_0024,2024-05-01,164.62,3,0.0,164.62,54.87,111.18,111.18,"{""Food"": 1, ""Housing and Utilities"": 1, ""Personal Hygiene"": 1}"
stats_955,USR478AY,CUST_0024,2024-06-01,367.19,1,0.0,367.19,367.19,367.19,367.19,"{""Fitness"": 1}"
stats_956,USR478AY,CUST_0024,2024-07-01,171825.28,3,0.0,171825.28,57275.09,170583.42,170583.42,"{""Shopping"": 2, ""Hobbies"": 1}"
stats_957,USR478AY,CUST_0024,2024-08-01,617.97,2,0.0,617.97,308.98,611.9,611.9,"{""Fitness"": 1, ""Personal Hygiene"": 1}"
stats_958,USR478AY,CUST_0024,2024-09-01,41.94,1,0.0,41.94,41.94,41.94,41.94,"{""Food"": 1}"
stats_959,USR478AY,CUST_0024,2024-10-01,1169.58,3,0.0,1169.58,389.86,1024.89,1024.89,"{""Hobbies"": 1, ""Subscriptions"": 1, ""Fitness"": 1}"
stats_960,USR478AY,CUST_0024,2024-11-01,421.74,3,0.0,421.74,140.58,195.09,195.09,"{""Friend Activities"": 1, ""Gifts"": 1, ""Subscriptions"": 1}"
stats_961,USR478AY,CUST_0024,2024-12-01,104.42,1,0.0,104.42,104.42,104.42,104.42,"{""Gifts"": 1}"
stats_962,USR478AY,CUST_0024,2025-01-01,4855.08,2,0.0,4855.08,2427.54,4820.15,4820.15,"{""Gifts"": 1, ""Shopping"": 1}"
stats_963,USR215xz,CUST_0130,2023-02-01,5199.62,2,0.0,5199.62,2599.81,5185.76,5185.76,"{""Housing and Utilities"": 1, ""Subscriptions"": 1}"
stats_964,USR215xz,CUST_0130,2023-03-01,2404.02,1,0.0,2404.02,2404.02,2404.02,2404.02,"{""Housing and Utilities"": 1}"
stats_965,USR215xz,CUST_0130,2023-04-01,1517.43,2,0.0,1517.43,758.72,972.59,972.59,"{""Fitness"": 2}"
stats_966,USR215xz,CUST_0130,2023-06-01,721.82,1,0.0,721.82,721.82,721.82,721.82,"{""Medical/Dental"": 1}"
stats_967,USR215xz,CUST_0130,2023-07-01,1129.15,2,0.0,1129.15,564.58,565.01,565.01,"{""Travel"": 1, ""Medical/Dental"": 1}"
stats_968,USR215xz,CUST_0130,2023-08-01,600.19,3,0.0,600.19,200.06,367.08,367.08,"{""Friend Activities"": 1, ""Hobbies"": 1, ""Transportation"": 1}"
stats_969,USR215xz,CUST_0130,2023-09-01,561.48,2,0.0,561.48,280.74,537.48,537.48,"{""Travel"": 2}"
stats_970,USR215xz,CUST_0130,2023-10-01,102.44,2,0.0,102.44,51.22,72.68,72.68,"{""Hobbies"": 1, ""Housing and Utilities"": 1}"
stats_971,USR215xz,CUST_0130,2023-11-01,554.4,3,0.0,554.4,184.8,340.3,340.3,"{""Subscriptions"": 1, ""Gifts"": 1, ""Friend Activities"": 1}"
stats_972,USR215xz,CUST_0130,2024-01-01,4047.87,2,0.0,4047.87,2023.94,3909.51,3909.51,"{""Shopping"": 2}"
stats_973,USR215xz,CUST_0130,2024-02-01,229.51,3,0.0,229.51,76.5,173.84,173.84,"{""Friend Activities"": 2, ""Personal Hygiene"": 1}"
stats_974,USR215xz,CUST_0130,2024-03-01,135.12,3,0.0,135.12,45.04,85.86,85.86,"{""Friend Activities"": 1, ""Medical/Dental"": 1, ""Groceries"": 1}"
stats_975,USR215xz,CUST_0130,2024-04-01,104.64,2,0.0,104.64,52.32,79.12,79.12,"{""Food"": 1, ""Housing and Utilities"": 1}"
stats_976,USR215xz,CUST_0130,2024-05-01,631.97,4,0.0,631.97,157.99,497.76,497.76,"{""Personal Hygiene"": 2, ""Shopping"": 1, ""Medical/Dental"": 1}"
stats_977,USR215xz,CUST_0130,2024-06-01,1064.03,4,0.0,1064.03,266.01,996.68,996.68,"{""Food"": 2, ""Travel"": 1, ""Personal Hygiene"": 1}"
stats_978,USR215xz,CUST_0130,2024-07-01,1643.4,2,0.0,1643.4,821.7,979.1,979.1,"{""Fitness"": 1, ""Personal Hygiene"": 1}"
stats_979,USR215xz,CUST_0130,2024-08-01,2632.51,5,0.0,2632.51,526.5,1404.25,1404.25,"{""Friend Activities"": 2, ""Fitness"": 1, ""Shopping"": 1, ""Transportation"": 1}"
stats_980,USR215xz,CUST_0130,2024-09-01,2091.19,4,0.0,2091.19,522.8,1482.78,1482.78,"{""Fitness"": 2, ""Friend Activities"": 1, ""Medical/Dental"": 1}"
stats_981,USR215xz,CUST_0130,2024-10-01,582.77,1,0.0,582.77,582.77,582.77,582.77,"{""Transportation"": 1}"
stats_982,USR215xz,CUST_0130,2024-11-01,279.88,1,0.0,279.88,279.88,279.88,279.88,"{""Personal Hygiene"": 1}"
stats_983,USR215xz,CUST_0130,2024-12-01,165.28,1,0.0,165.28,165.28,165.28,165.28,"{""Hobbies"": 1}"
stats_984,USR215xz,CUST_0130,2025-01-01,11.74,1,0.0,11.74,11.74,11.74,11.74,"{""Subscriptions"": 1}"
stats_985,USR247kd,CUST_0057,2023-01-01,38.09,1,0.0,38.09,38.09,38.09,38.09,"{""Food"": 1}"
stats_986,USR247kd,CUST_0057,2023-02-01,438.4,2,0.0,438.4,219.2,295.79,295.79,"{""Housing and Utilities"": 1, ""Hobbies"": 1}"
stats_987,USR247kd,CUST_0057,2023-03-01,40.19,2,0.0,40.19,20.1,29.98,29.98,"{""Travel"": 1, ""Fitness"": 1}"
stats_988,USR247kd,CUST_0057,2023-04-01,255.56,3,0.0,255.56,85.19,143.17,143.17,"{""Transportation"": 1, ""Hobbies"": 1, ""Housing and Utilities"": 1}"
stats_989,USR247kd,CUST_0057,2023-05-01,138.62,2,0.0,138.62,69.31,126.86,126.86,"{""Subscriptions"": 1, ""Travel"": 1}"
stats_990,USR247kd,CUST_0057,2023-06-01,375.73,3,0.0,375.73,125.24,283.93,283.93,"{""Medical/Dental"": 1, ""Food"": 1, ""Groceries"": 1}"
stats_991,USR247kd,CUST_0057,2023-08-01,198.44,3,0.0,198.44,66.15,184.1,184.1,"{""Groceries"": 1, ""Shopping"": 1, ""Personal Hygiene"": 1}"
stats_992,USR247kd,CUST_0057,2023-09-01,147.64,2,0.0,147.64,73.82,103.07,103.07,"{""Food"": 1, ""Personal Hygiene"": 1}"
stats_993,USR247kd,CUST_0057,2023-10-01,354.62,3,0.0,354.62,118.21,184.97,184.97,"{""Housing and Utilities"": 2, ""Hobbies"": 1}"
stats_994,USR247kd,CUST_0057,2023-11-01,1177.44,4,0.0,1177.44,294.36,712.91,712.91,"{""Gifts"": 2, ""Travel"": 1, ""Transportation"": 1}"
stats_995,USR247kd,CUST_0057,2023-12-01,65.85,2,0.0,65.85,32.92,36.46,36.46,"{""Fitness"": 1, ""Groceries"": 1}"
stats_996,USR247kd,CUST_0057,2024-01-01,252.92,2,0.0,252.92,126.46,248.08,248.08,"{""Travel"": 1, ""Groceries"": 1}"
stats_997,USR247kd,CUST_0057,2024-02-01,461.87,2,0.0,461.87,230.94,244.29,244.29,"{""Hobbies"": 1, ""Food"": 1}"
stats_998,USR247kd,CUST_0057,2024-03-01,635.73,3,0.0,635.73,211.91,355.17,355.17,"{""Hobbies"": 1, ""Travel"": 1, ""Fitness"": 1}"
stats_999,USR247kd,CUST_0057,2024-04-01,643.09,2,0.0,643.09,321.54,499.85,499.85,"{""Medical/Dental"": 1, ""Housing and Utilities"": 1}"
stats_1000,USR247kd,CUST_0057,2024-05-01,125.78,2,0.0,125.78,62.89,90.85,90.85,"{""Travel"": 1, ""Hobbies"": 1}"
stats_1001,USR247kd,CUST_0057,2024-06-01,1138.51,2,0.0,1138.51,569.26,1068.96,1068.96,"{""Groceries"": 1, ""Gifts"": 1}"
stats_1002,USR247kd,CUST_0057,2024-07-01,143.98,2,0.0,143.98,71.99,141.57,141.57,"{""Gifts"": 1, ""Transportation"": 1}"
stats_1003,USR247kd,CUST_0057,2024-08-01,69.84,3,0.0,69.84,23.28,36.54,36.54,"{""Gifts"": 1, ""Food"": 1, ""Personal Hygiene"": 1}"
stats_1004,USR247kd,CUST_0057,2024-09-01,84391.31,2,0.0,84391.31,42195.66,84389.3,84389.3,"{""Transportation"": 1, ""Shopping"": 1}"
stats_1005,USR247kd,CUST_0057,2024-10-01,543.39,2,0.0,543.39,271.7,451.0,451.0,"{""Fitness"": 1, ""Food"": 1}"
stats_1006,USR247kd,CUST_0057,2024-11-01,189.78,3,0.0,189.78,63.26,168.1,168.1,"{""Housing and Utilities"": 1, ""Subscriptions"": 1, ""Groceries"": 1}"
stats_1007,USR247kd,CUST_0057,2024-12-01,274.97,3,0.0,274.97,91.66,184.48,184.48,"{""Transportation"": 1, ""Hobbies"": 1, ""Groceries"": 1}"
stats_1008,USR247kd,CUST_0057,2025-01-01,52.15,1,0.0,52.15,52.15,52.15,52.15,"{""Groceries"": 1}"
stats_1009,USR207DW,CUST_0091,2023-01-01,981.97,3,0.0,981.97,327.32,957.14,957.14,"{""Transportation"": 1, ""Shopping"": 1, ""Food"": 1}"
stats_1010,USR207DW,CUST_0091,2023-02-01,688.16,3,0.0,688.16,229.39,483.44,483.44,"{""Friend Activities"": 1, ""Travel"": 1, ""Food"": 1}"
stats_1011,USR207DW,CUST_0091,2023-03-01,1611.95,2,0.0,1611.95,805.98,1572.46,1572.46,"{""Personal Hygiene"": 2}"
stats_1012,USR207DW,CUST_0091,2023-04-01,499.23,4,0.0,499.23,124.81,417.36,417.36,"{""Groceries"": 1, ""Food"": 1, ""Medical/Dental"": 1, ""Hobbies"": 1}"
stats_1013,USR207DW,CUST_0091,2023-05-01,1079.4,3,0.0,1079.4,359.8,846.16,846.16,"{""Personal Hygiene"": 1, ""Groceries"": 1, ""Shopping"": 1}"
stats_1014,USR207DW,CUST_0091,2023-07-01,170.46,1,0.0,170.46,170.46,170.46,170.46,"{""Food"": 1}"
stats_1015,USR207DW,CUST_0091,2023-08-01,12.21,1,0.0,12.21,12.21,12.21,12.21,"{""Hobbies"": 1}"
stats_1016,USR207DW,CUST_0091,2023-09-01,422.84,4,0.0,422.84,105.71,229.3,229.3,"{""Friend Activities"": 3, ""Groceries"": 1}"
stats_1017,USR207DW,CUST_0091,2023-10-01,105.05,3,0.0,105.05,35.02,86.76,86.76,"{""Groceries"": 1, ""Gifts"": 1, ""Subscriptions"": 1}"
stats_1018,USR207DW,CUST_0091,2023-11-01,2844.82,5,0.0,2844.82,568.96,2446.28,2446.28,"{""Personal Hygiene"": 1, ""Friend Activities"": 1, ""Medical/Dental"": 1, ""Housing and Utilities"": 1, ""Subscriptions"": 1}"
stats_1019,USR207DW,CUST_0091,2023-12-01,656.27,2,0.0,656.27,328.14,647.13,647.13,"{""Subscriptions"": 1, ""Personal Hygiene"": 1}"
stats_1020,USR207DW,CUST_0091,2024-01-01,3051.22,4,0.0,3051.22,762.8,2811.64,2811.64,"{""Friend Activities"": 1, ""Shopping"": 1, ""Gifts"": 1, ""Subscriptions"": 1}"
stats_1021,USR207DW,CUST_0091,2024-02-01,472.42,3,0.0,472.42,157.47,301.27,301.27,"{""Medical/Dental"": 1, ""Gifts"": 1, ""Transportation"": 1}"
stats_1022,USR207DW,CUST_0091,2024-03-01,576.39,2,0.0,576.39,288.2,391.73,391.73,"{""Gifts"": 1, ""Medical/Dental"": 1}"
stats_1023,USR207DW,CUST_0091,2024-04-01,69.1,2,0.0,69.1,34.55,60.83,60.83,"{""Groceries"": 1, ""Housing and Utilities"": 1}"
stats_1024,USR207DW,CUST_0091,2024-05-01,563.52,2,0.0,563.52,281.76,306.94,306.94,"{""Shopping"": 1, ""Friend Activities"": 1}"
stats_1025,USR207DW,CUST_0091,2024-06-01,230.54,3,0.0,230.54,76.85,120.47,120.47,"{""Subscriptions"": 2, ""Hobbies"": 1}"
stats_1026,USR207DW,CUST_0091,2024-07-01,319.21,4,0.0,319.21,79.8,184.03,184.03,"{""Transportation"": 1, ""Shopping"": 1, ""Fitness"": 1, ""Hobbies"": 1}"
stats_1027,USR207DW,CUST_0091,2024-08-01,1330.17,2,0.0,1330.17,665.08,1293.5,1293.5,"{""Personal Hygiene"": 1, ""Transportation"": 1}"
stats_1028,USR207DW,CUST_0091,2024-09-01,734.52,2,0.0,734.52,367.26,711.24,711.24,"{""Groceries"": 1, ""Fitness"": 1}"
stats_1029,USR207DW,CUST_0091,2024-10-01,16.24,1,0.0,16.24,16.24,16.24,16.24,"{""Friend Activities"": 1}"
stats_1030,USR207DW,CUST_0091,2024-11-01,605.7,1,0.0,605.7,605.7,605.7,605.7,"{""Transportation"": 1}"
stats_1031,USR207DW,CUST_0091,2024-12-01,44643.74,6,0.0,44643.74,7440.62,42790.8,42790.8,"{""Medical/Dental"": 2, ""Groceries"": 1, ""Shopping"": 1, ""Hobbies"": 1, ""Gifts"": 1}"
stats_1032,USR207DW,CUST_0091,2025-01-01,782.06,1,0.0,782.06,782.06,782.06,782.06,"{""Shopping"": 1}"
stats_1033,USR258us,CUST_0030,2023-01-01,261.5,3,0.0,261.5,87.17,184.83,184.83,"{""Groceries"": 1, ""Hobbies"": 1, ""Fitness"": 1}"
stats_1034,USR258us,CUST_0030,2023-02-01,2038.16,3,0.0,2038.16,679.39,1936.93,1936.93,"{""Personal Hygiene"": 1, ""Groceries"": 1, ""Transportation"": 1}"
stats_1035,USR258us,CUST_0030,2023-04-01,43.31,1,0.0,43.31,43.31,43.31,43.31,"{""Friend Activities"": 1}"
stats_1036,USR258us,CUST_0030,2023-05-01,95.96,2,0.0,95.96,47.98,65.93,65.93,"{""Hobbies"": 1, ""Travel"": 1}"
stats_1037,USR258us,CUST_0030,2023-07-01,645.86,1,0.0,645.86,645.86,645.86,645.86,"{""Medical/Dental"": 1}"
stats_1038,USR258us,CUST_0030,2023-08-01,593.68,2,0.0,593.68,296.84,584.59,584.59,"{""Travel"": 1, ""Subscriptions"": 1}"
stats_1039,USR258us,CUST_0030,2023-10-01,6150.91,4,0.0,6150.91,1537.73,5654.33,5654.33,"{""Food"": 1, ""Transportation"": 1, ""Medical/Dental"": 1, ""Housing and Utilities"": 1}"
stats_1040,USR258us,CUST_0030,2023-11-01,1824.54,5,0.0,1824.54,364.91,1343.57,1343.57,"{""Transportation"": 1, ""Gifts"": 1, ""Fitness"": 1, ""Housing and Utilities"": 1, ""Groceries"": 1}"
stats_1041,USR258us,CUST_0030,2023-12-01,71.88,4,0.0,71.88,17.97,48.9,48.9,"{""Food"": 2, ""Subscriptions"": 1, ""Hobbies"": 1}"
stats_1042,USR258us,CUST_0030,2024-02-01,197.99,1,0.0,197.99,197.99,197.99,197.99,"{""Gifts"": 1}"
stats_1043,USR258us,CUST_0030,2024-03-01,435.78,3,0.0,435.78,145.26,283.75,283.75,"{""Housing and Utilities"": 1, ""Food"": 1, ""Travel"": 1}"
stats_1044,USR258us,CUST_0030,2024-04-01,1398.44,2,0.0,1398.44,699.22,1345.21,1345.21,"{""Travel"": 1, ""Food"": 1}"
stats_1045,USR258us,CUST_0030,2024-05-01,92.39,3,0.0,92.39,30.8,59.64,59.64,"{""Personal Hygiene"": 1, ""Fitness"": 1, ""Subscriptions"": 1}"
stats_1046,USR258us,CUST_0030,2024-06-01,1045.59,2,0.0,1045.59,522.79,595.29,595.29,"{""Transportation"": 1, ""Medical/Dental"": 1}"
stats_1047,USR258us,CUST_0030,2024-07-01,750.58,2,0.0,750.58,375.29,691.61,691.61,"{""Fitness"": 1, ""Shopping"": 1}"
stats_1048,USR258us,CUST_0030,2024-08-01,286.46,1,0.0,286.46,286.46,286.46,286.46,"{""Friend Activities"": 1}"
stats_1049,USR258us,CUST_0030,2024-09-01,257.0,3,0.0,257.0,85.67,133.16,133.16,"{""Gifts"": 1, ""Hobbies"": 1, ""Transportation"": 1}"
stats_1050,USR258us,CUST_0030,2024-11-01,8.09,1,0.0,8.09,8.09,8.09,8.09,"{""Transportation"": 1}"
stats_1051,USR258us,CUST_0030,2025-01-01,68.09,1,0.0,68.09,68.09,68.09,68.09,"{""Housing and Utilities"": 1}"
stats_1052,USR534tr,CUST_0053,2023-01-01,48499.7,2,0.0,48499.7,24249.85,48468.04,48468.04,"{""Hobbies"": 1, ""Shopping"": 1}"
stats_1053,USR534tr,CUST_0053,2023-02-01,46.23,1,0.0,46.23,46.23,46.23,46.23,"{""Travel"": 1}"
stats_1054,USR534tr,CUST_0053,2023-04-01,208.01,2,0.0,208.01,104.0,206.89,206.89,"{""Shopping"": 1, ""Groceries"": 1}"
stats_1055,USR534tr,CUST_0053,2023-06-01,268.21,3,0.0,268.21,89.4,123.5,123.5,"{""Gifts"": 2, ""Transportation"": 1}"
stats_1056,USR534tr,CUST_0053,2023-07-01,2251.22,4,0.0,2251.22,562.8,1928.71,1928.71,"{""Subscriptions"": 1, ""Medical/Dental"": 1, ""Transportation"": 1, ""Fitness"": 1}"
stats_1057,USR534tr,CUST_0053,2023-09-01,27.8,1,0.0,27.8,27.8,27.8,27.8,"{""Personal Hygiene"": 1}"
stats_1058,USR534tr,CUST_0053,2023-10-01,1248.07,2,0.0,1248.07,624.04,910.47,910.47,"{""Transportation"": 1, ""Housing and Utilities"": 1}"
stats_1059,USR534tr,CUST_0053,2023-12-01,485.67,3,0.0,485.67,161.89,380.75,380.75,"{""Shopping"": 1, ""Personal Hygiene"": 1, ""Groceries"": 1}"
stats_1060,USR534tr,CUST_0053,2024-01-01,212.07,3,0.0,212.07,70.69,172.67,172.67,"{""Personal Hygiene"": 1, ""Gifts"": 1, ""Fitness"": 1}"
stats_1061,USR534tr,CUST_0053,2024-02-01,164.15,2,0.0,164.15,82.08,104.26,104.26,"{""Medical/Dental"": 1, ""Subscriptions"": 1}"
stats_1062,USR534tr,CUST_0053,2024-03-01,361.1,3,0.0,361.1,120.37,218.77,218.77,"{""Hobbies"": 2, ""Food"": 1}"
stats_1063,USR534tr,CUST_0053,2024-05-01,120.95,4,0.0,120.95,30.24,70.57,70.57,"{""Hobbies"": 1, ""Food"": 1, ""Personal Hygiene"": 1, ""Subscriptions"": 1}"
stats_1064,USR534tr,CUST_0053,2024-06-01,23.14,1,0.0,23.14,23.14,23.14,23.14,"{""Groceries"": 1}"
stats_1065,USR534tr,CUST_0053,2024-07-01,278.83,3,0.0,278.83,92.94,204.63,204.63,"{""Personal Hygiene"": 1, ""Fitness"": 1, ""Food"": 1}"
stats_1066,USR534tr,CUST_0053,2024-08-01,71.6,1,0.0,71.6,71.6,71.6,71.6,"{""Hobbies"": 1}"
stats_1067,USR534tr,CUST_0053,2024-09-01,127.73,1,0.0,127.73,127.73,127.73,127.73,"{""Fitness"": 1}"
stats_1068,USR534tr,CUST_0053,2024-10-01,60.32,1,0.0,60.32,60.32,60.32,60.32,"{""Transportation"": 1}"
stats_1069,USR534tr,CUST_0053,2024-11-01,36.95,2,0.0,36.95,18.48,31.02,31.02,"{""Subscriptions"": 1, ""Groceries"": 1}"
stats_1070,USR534tr,CUST_0053,2024-12-01,855.45,1,0.0,855.45,855.45,855.45,855.45,"{""Housing and Utilities"": 1}"
stats_1071,USR534tr,CUST_0053,2025-01-01,3665.98,2,0.0,3665.98,1832.99,2652.1,2652.1,"{""Personal Hygiene"": 1, ""Travel"": 1}"
stats_1072,USR139BK,CUST_0027,2023-01-01,91.71,1,0.0,91.71,91.71,91.71,91.71,"{""Hobbies"": 1}"
stats_1073,USR139BK,CUST_0027,2023-02-01,405.34,2,0.0,405.34,202.67,310.57,310.57,"{""Medical/Dental"": 1, ""Housing and Utilities"": 1}"
stats_1074,USR139BK,CUST_0027,2023-03-01,100056.35,1,0.0,100056.35,100056.35,100056.35,100056.35,"{""Shopping"": 1}"
stats_1075,USR139BK,CUST_0027,2023-04-01,675.25,1,0.0,675.25,675.25,675.25,675.25,"{""Transportation"": 1}"
stats_1076,USR139BK,CUST_0027,2023-06-01,345.25,2,0.0,345.25,172.62,318.92,318.92,"{""Groceries"": 1, ""Transportation"": 1}"
stats_1077,USR139BK,CUST_0027,2023-07-01,135.53,2,0.0,135.53,67.76,95.65,95.65,"{""Hobbies"": 1, ""Housing and Utilities"": 1}"
stats_1078,USR139BK,CUST_0027,2023-08-01,1244.35,2,0.0,1244.35,622.17,969.48,969.48,"{""Food"": 1, ""Fitness"": 1}"
stats_1079,USR139BK,CUST_0027,2023-09-01,525.02,3,0.0,525.02,175.01,434.17,434.17,"{""Groceries"": 1, ""Shopping"": 1, ""Gifts"": 1}"
stats_1080,USR139BK,CUST_0027,2023-10-01,224.42,3,0.0,224.42,74.81,171.92,171.92,"{""Gifts"": 1, ""Groceries"": 1, ""Food"": 1}"
stats_1081,USR139BK,CUST_0027,2023-11-01,677.44,3,0.0,677.44,225.81,383.67,383.67,"{""Gifts"": 2, ""Medical/Dental"": 1}"
stats_1082,USR139BK,CUST_0027,2023-12-01,171.74,1,0.0,171.74,171.74,171.74,171.74,"{""Housing and Utilities"": 1}"
stats_1083,USR139BK,CUST_0027,2024-01-01,208.18,3,0.0,208.18,69.39,199.45,199.45,"{""Food"": 2, ""Gifts"": 1}"
stats_1084,USR139BK,CUST_0027,2024-02-01,88658.25,2,0.0,88658.25,44329.12,88639.7,88639.7,"{""Subscriptions"": 1, ""Shopping"": 1}"
stats_1085,USR139BK,CUST_0027,2024-03-01,817.25,5,0.0,817.25,163.45,280.41,280.41,"{""Gifts"": 1, ""Fitness"": 1, ""Hobbies"": 1, ""Housing and Utilities"": 1, ""Food"": 1}"
stats_1086,USR139BK,CUST_0027,2024-04-01,32.65,1,0.0,32.65,32.65,32.65,32.65,"{""Shopping"": 1}"
stats_1087,USR139BK,CUST_0027,2024-05-01,741.39,4,0.0,741.39,185.35,466.47,466.47,"{""Transportation"": 2, ""Gifts"": 1, ""Medical/Dental"": 1}"
stats_1088,USR139BK,CUST_0027,2024-06-01,134.57,2,0.0,134.57,67.28,68.1,68.1,"{""Friend Activities"": 2}"
stats_1089,USR139BK,CUST_0027,2024-07-01,7.28,1,0.0,7.28,7.28,7.28,7.28,"{""Transportation"": 1}"
stats_1090,USR139BK,CUST_0027,2024-08-01,513.96,4,0.0,513.96,128.49,425.16,425.16,"{""Travel"": 3, ""Subscriptions"": 1}"
stats_1091,USR139BK,CUST_0027,2024-09-01,305.56,4,0.0,305.56,76.39,208.48,208.48,"{""Hobbies"": 1, ""Personal Hygiene"": 1, ""Gifts"": 1, ""Subscriptions"": 1}"
stats_1092,USR139BK,CUST_0027,2024-10-01,1241.11,4,0.0,1241.11,310.28,631.79,631.79,"{""Housing and Utilities"": 1, ""Medical/Dental"": 1, ""Travel"": 1, ""Friend Activities"": 1}"
stats_1093,USR139BK,CUST_0027,2024-11-01,174.1,1,0.0,174.1,174.1,174.1,174.1,"{""Gifts"": 1}"
stats_1094,USR139BK,CUST_0027,2024-12-01,5713.78,5,0.0,5713.78,1142.76,4845.64,4845.64,"{""Hobbies"": 1, ""Transportation"": 1, ""Gifts"": 1, ""Housing and Utilities"": 1, ""Personal Hygiene"": 1}"
stats_1095,USR465GL,CUST_0063,2023-01-01,4656.64,3,0.0,4656.64,1552.21,3993.48,3993.48,"{""Medical/Dental"": 1, ""Transportation"": 1, ""Personal Hygiene"": 1}"
stats_1096,USR465GL,CUST_0063,2023-02-01,1127.37,2,0.0,1127.37,563.68,569.81,569.81,"{""Transportation"": 1, ""Medical/Dental"": 1}"
stats_1097,USR465GL,CUST_0063,2023-03-01,132.03,3,0.0,132.03,44.01,85.94,85.94,"{""Housing and Utilities"": 1, ""Hobbies"": 1, ""Transportation"": 1}"
stats_1098,USR465GL,CUST_0063,2023-04-01,1506.89,2,0.0,1506.89,753.44,1442.39,1442.39,"{""Housing and Utilities"": 1, ""Hobbies"": 1}"
stats_1099,USR465GL,CUST_0063,2023-05-01,3.41,1,0.0,3.41,3.41,3.41,3.41,"{""Transportation"": 1}"
stats_1100,USR465GL,CUST_0063,2023-06-01,186.56,1,0.0,186.56,186.56,186.56,186.56,"{""Medical/Dental"": 1}"
stats_1101,USR465GL,CUST_0063,2023-07-01,125.42,3,0.0,125.42,41.81,61.06,61.06,"{""Personal Hygiene"": 1, ""Fitness"": 1, ""Subscriptions"": 1}"
stats_1102,USR465GL,CUST_0063,2023-08-01,57.96,2,0.0,57.96,28.98,29.51,29.51,"{""Housing and Utilities"": 1, ""Friend Activities"": 1}"
stats_1103,USR465GL,CUST_0063,2023-09-01,72.95,1,0.0,72.95,72.95,72.95,72.95,"{""Fitness"": 1}"
stats_1104,USR465GL,CUST_0063,2023-10-01,1064.0,3,0.0,1064.0,354.67,456.4,456.4,"{""Fitness"": 2, ""Transportation"": 1}"
stats_1105,USR465GL,CUST_0063,2023-11-01,92.35,2,0.0,92.35,46.18,57.92,57.92,"{""Friend Activities"": 1, ""Shopping"": 1}"
stats_1106,USR465GL,CUST_0063,2023-12-01,235.53,3,0.0,235.53,78.51,224.17,224.17,"{""Subscriptions"": 1, ""Transportation"": 1, ""Medical/Dental"": 1}"
stats_1107,USR465GL,CUST_0063,2024-01-01,1139.99,2,0.0,1139.99,570.0,889.21,889.21,"{""Shopping"": 1, ""Fitness"": 1}"
stats_1108,USR465GL,CUST_0063,2024-02-01,1413.79,3,0.0,1413.79,471.26,1392.06,1392.06,"{""Personal Hygiene"": 1, ""Housing and Utilities"": 1, ""Groceries"": 1}"
stats_1109,USR465GL,CUST_0063,2024-03-01,328.59,4,0.0,328.59,82.15,205.39,205.39,"{""Personal Hygiene"": 1, ""Friend Activities"": 1, ""Transportation"": 1, ""Travel"": 1}"
stats_1110,USR465GL,CUST_0063,2024-04-01,360.43,2,0.0,360.43,180.22,278.89,278.89,"{""Medical/Dental"": 1, ""Transportation"": 1}"
stats_1111,USR465GL,CUST_0063,2024-05-01,17.11,1,0.0,17.11,17.11,17.11,17.11,"{""Groceries"": 1}"
stats_1112,USR465GL,CUST_0063,2024-06-01,36.12,1,0.0,36.12,36.12,36.12,36.12,"{""Friend Activities"": 1}"
stats_1113,USR465GL,CUST_0063,2024-07-01,46.61,1,0.0,46.61,46.61,46.61,46.61,"{""Subscriptions"": 1}"
stats_1114,USR465GL,CUST_0063,2024-08-01,8877.68,2,0.0,8877.68,4438.84,5011.25,5011.25,"{""Housing and Utilities"": 1, ""Personal Hygiene"": 1}"
stats_1115,USR465GL,CUST_0063,2024-09-01,36.04,3,0.0,36.04,12.01,14.43,14.43,"{""Subscriptions"": 2, ""Food"": 1}"
stats_1116,USR465GL,CUST_0063,2024-10-01,487.73,1,0.0,487.73,487.73,487.73,487.73,"{""Fitness"": 1}"
stats_1117,USR465GL,CUST_0063,2024-11-01,377.07,5,0.0,377.07,75.41,160.68,160.68,"{""Medical/Dental"": 1, ""Food"": 1, ""Shopping"": 1, ""Groceries"": 1, ""Hobbies"": 1}"
stats_1118,USR465GL,CUST_0063,2024-12-01,508.35,4,0.0,508.35,127.09,424.38,424.38,"{""Food"": 1, ""Transportation"": 1, ""Subscriptions"": 1, ""Travel"": 1}"
stats_1119,USR465GL,CUST_0063,2025-01-01,111.29,2,0.0,111.29,55.64,63.72,63.72,"{""Shopping"": 1, ""Transportation"": 1}"
stats_1120,USR628KZ,CUST_0132,2023-01-01,4596.37,1,0.0,4596.37,4596.37,4596.37,4596.37,"{""Housing and Utilities"": 1}"
stats_1121,USR628KZ,CUST_0132,2023-02-01,180.61,1,0.0,180.61,180.61,180.61,180.61,"{""Housing and Utilities"": 1}"
stats_1122,USR628KZ,CUST_0132,2023-03-01,18.21,1,0.0,18.21,18.21,18.21,18.21,"{""Groceries"": 1}"
stats_1123,USR628KZ,CUST_0132,2023-04-01,172.81,4,0.0,172.81,43.2,60.08,60.08,"{""Travel"": 2, ""Housing and Utilities"": 1, ""Personal Hygiene"": 1}"
stats_1124,USR628KZ,CUST_0132,2023-05-01,319.57,2,0.0,319.57,159.78,297.28,297.28,"{""Hobbies"": 2}"
stats_1125,USR628KZ,CUST_0132,2023-06-01,631.95,4,0.0,631.95,157.99,317.2,317.2,"{""Personal Hygiene"": 2, ""Subscriptions"": 1, ""Hobbies"": 1}"
stats_1126,USR628KZ,CUST_0132,2023-07-01,88.9,3,0.0,88.9,29.63,57.67,57.67,"{""Personal Hygiene"": 1, ""Food"": 1, ""Groceries"": 1}"
stats_1127,USR628KZ,CUST_0132,2023-08-01,169.65,2,0.0,169.65,84.82,108.05,108.05,"{""Subscriptions"": 1, ""Friend Activities"": 1}"
stats_1128,USR628KZ,CUST_0132,2023-09-01,1380.97,4,0.0,1380.97,345.24,1068.11,1068.11,"{""Fitness"": 1, ""Hobbies"": 1, ""Gifts"": 1, ""Travel"": 1}"
stats_1129,USR628KZ,CUST_0132,2023-10-01,2493.51,3,0.0,2493.51,831.17,2409.12,2409.12,"{""Transportation"": 1, ""Shopping"": 1, ""Personal Hygiene"": 1}"
stats_1130,USR628KZ,CUST_0132,2023-12-01,58.47,2,0.0,58.47,29.24,33.32,33.32,"{""Fitness"": 1, ""Gifts"": 1}"
stats_1131,USR628KZ,CUST_0132,2024-01-01,578.9,3,0.0,578.9,192.97,385.62,385.62,"{""Shopping"": 1, ""Travel"": 1, ""Groceries"": 1}"
stats_1132,USR628KZ,CUST_0132,2024-02-01,76.24,1,0.0,76.24,76.24,76.24,76.24,"{""Transportation"": 1}"
stats_1133,USR628KZ,CUST_0132,2024-04-01,150.99,1,0.0,150.99,150.99,150.99,150.99,"{""Shopping"": 1}"
stats_1134,USR628KZ,CUST_0132,2024-05-01,522.85,3,0.0,522.85,174.28,232.51,232.51,"{""Housing and Utilities"": 1, ""Medical/Dental"": 1, ""Hobbies"": 1}"
stats_1135,USR628KZ,CUST_0132,2024-06-01,189.44,2,0.0,189.44,94.72,176.82,176.82,"{""Subscriptions"": 1, ""Medical/Dental"": 1}"
stats_1136,USR628KZ,CUST_0132,2024-08-01,672.38,1,0.0,672.38,672.38,672.38,672.38,"{""Travel"": 1}"
stats_1137,USR628KZ,CUST_0132,2024-09-01,1325.46,3,0.0,1325.46,441.82,937.83,937.83,"{""Medical/Dental"": 1, ""Food"": 1, ""Fitness"": 1}"
stats_1138,USR628KZ,CUST_0132,2024-11-01,337.0,2,0.0,337.0,168.5,169.89,169.89,"{""Housing and Utilities"": 2}"
stats_1139,USR628KZ,CUST_0132,2024-12-01,454.39,3,0.0,454.39,151.46,329.62,329.62,"{""Travel"": 1, ""Subscriptions"": 1, ""Fitness"": 1}"
stats_1140,USR726Lh,CUST_0022,2023-01-01,463.27,5,0.0,463.27,92.65,403.58,403.58,"{""Subscriptions"": 1, ""Personal Hygiene"": 1, ""Travel"": 1, ""Fitness"": 1, ""Groceries"": 1}"
stats_1141,USR726Lh,CUST_0022,2023-02-01,373.41,2,0.0,373.41,186.7,188.9,188.9,"{""Medical/Dental"": 1, ""Fitness"": 1}"
stats_1142,USR726Lh,CUST_0022,2023-03-01,190.27,1,0.0,190.27,190.27,190.27,190.27,"{""Food"": 1}"
stats_1143,USR726Lh,CUST_0022,2023-04-01,1950.81,3,0.0,1950.81,650.27,1487.04,1487.04,"{""Shopping"": 1, ""Friend Activities"": 1, ""Fitness"": 1}"
stats_1144,USR726Lh,CUST_0022,2023-05-01,342.28,2,0.0,342.28,171.14,176.11,176.11,"{""Medical/Dental"": 2}"
stats_1145,USR726Lh,CUST_0022,2023-06-01,291.69,2,0.0,291.69,145.84,222.02,222.02,"{""Gifts"": 1, ""Housing and Utilities"": 1}"
stats_1146,USR726Lh,CUST_0022,2023-07-01,697.64,6,0.0,697.64,116.27,405.76,405.76,"{""Medical/Dental"": 1, ""Hobbies"": 1, ""Friend Activities"": 1, ""Personal Hygiene"": 1, ""Food"": 1, ""Subscriptions"": 1}"
stats_1147,USR726Lh,CUST_0022,2023-08-01,38.0,1,0.0,38.0,38.0,38.0,38.0,"{""Groceries"": 1}"
stats_1148,USR726Lh,CUST_0022,2023-10-01,338.74,1,0.0,338.74,338.74,338.74,338.74,"{""Food"": 1}"
stats_1149,USR726Lh,CUST_0022,2023-11-01,122.07,2,0.0,122.07,61.04,115.84,115.84,"{""Personal Hygiene"": 1, ""Hobbies"": 1}"
stats_1150,USR726Lh,CUST_0022,2023-12-01,1415.62,5,0.0,1415.62,283.12,909.95,909.95,"{""Shopping"": 2, ""Gifts"": 1, ""Fitness"": 1, ""Personal Hygiene"": 1}"
stats_1151,USR726Lh,CUST_0022,2024-01-01,305.77,2,0.0,305.77,152.88,275.65,275.65,"{""Gifts"": 1, ""Friend Activities"": 1}"
stats_1152,USR726Lh,CUST_0022,2024-02-01,1135.46,3,0.0,1135.46,378.49,669.39,669.39,"{""Medical/Dental"": 2, ""Shopping"": 1}"
stats_1153,USR726Lh,CUST_0022,2024-03-01,38.58,1,0.0,38.58,38.58,38.58,38.58,"{""Travel"": 1}"
stats_1154,USR726Lh,CUST_0022,2024-04-01,483.73,4,0.0,483.73,120.93,298.66,298.66,"{""Gifts"": 2, ""Groceries"": 1, ""Transportation"": 1}"
stats_1155,USR726Lh,CUST_0022,2024-05-01,494.06,3,0.0,494.06,164.69,352.02,352.02,"{""Friend Activities"": 1, ""Gifts"": 1, ""Groceries"": 1}"
stats_1156,USR726Lh,CUST_0022,2024-06-01,111.59,1,0.0,111.59,111.59,111.59,111.59,"{""Medical/Dental"": 1}"
stats_1157,USR726Lh,CUST_0022,2024-07-01,93.31,2,0.0,93.31,46.66,49.72,49.72,"{""Friend Activities"": 1, ""Gifts"": 1}"
stats_1158,USR726Lh,CUST_0022,2024-08-01,646.64,2,0.0,646.64,323.32,576.82,576.82,"{""Transportation"": 1, ""Personal Hygiene"": 1}"
stats_1159,USR726Lh,CUST_0022,2024-09-01,71.51,2,0.0,71.51,35.76,60.37,60.37,"{""Hobbies"": 1, ""Subscriptions"": 1}"
stats_1160,USR726Lh,CUST_0022,2024-10-01,80.61,1,0.0,80.61,80.61,80.61,80.61,"{""Medical/Dental"": 1}"
stats_1161,USR726Lh,CUST_0022,2024-11-01,700.74,2,0.0,700.74,350.37,669.82,669.82,"{""Gifts"": 1, ""Travel"": 1}"
stats_1162,USR726Lh,CUST_0022,2024-12-01,841.44,2,0.0,841.44,420.72,796.62,796.62,"{""Gifts"": 1, ""Friend Activities"": 1}"
stats_1163,USR423EB,CUST_0182,2023-01-01,8.47,2,0.0,8.47,4.24,5.35,5.35,"{""Personal Hygiene"": 1, ""Groceries"": 1}"
stats_1164,USR423EB,CUST_0182,2023-02-01,56.57,1,0.0,56.57,56.57,56.57,56.57,"{""Subscriptions"": 1}"
stats_1165,USR423EB,CUST_0182,2023-03-01,5646.34,4,0.0,5646.34,1411.58,5585.66,5585.66,"{""Subscriptions"": 1, ""Groceries"": 1, ""Housing and Utilities"": 1, ""Food"": 1}"
stats_1166,USR423EB,CUST_0182,2023-04-01,6.19,1,0.0,6.19,6.19,6.19,6.19,"{""Subscriptions"": 1}"
stats_1167,USR423EB,CUST_0182,2023-05-01,75.63,2,0.0,75.63,37.82,42.21,42.21,"{""Gifts"": 1, ""Housing and Utilities"": 1}"
stats_1168,USR423EB,CUST_0182,2023-06-01,2376.48,2,0.0,2376.48,1188.24,1672.45,1672.45,"{""Gifts"": 1, ""Shopping"": 1}"
stats_1169,USR423EB,CUST_0182,2023-07-01,298.93,3,0.0,298.93,99.64,187.13,187.13,"{""Housing and Utilities"": 1, ""Food"": 1, ""Hobbies"": 1}"
stats_1170,USR423EB,CUST_0182,2023-08-01,688.11,1,0.0,688.11,688.11,688.11,688.11,"{""Shopping"": 1}"
stats_1171,USR423EB,CUST_0182,2023-09-01,111.67,2,0.0,111.67,55.84,66.36,66.36,"{""Fitness"": 1, ""Hobbies"": 1}"
stats_1172,USR423EB,CUST_0182,2023-11-01,370.98,1,0.0,370.98,370.98,370.98,370.98,"{""Travel"": 1}"
stats_1173,USR423EB,CUST_0182,2023-12-01,482.32,1,0.0,482.32,482.32,482.32,482.32,"{""Gifts"": 1}"
stats_1174,USR423EB,CUST_0182,2024-01-01,653.04,5,0.0,653.04,130.61,263.85,263.85,"{""Medical/Dental"": 3, ""Friend Activities"": 1, ""Groceries"": 1}"
stats_1175,USR423EB,CUST_0182,2024-02-01,24385.39,3,0.0,24385.39,8128.46,20934.52,20934.52,"{""Shopping"": 1, ""Housing and Utilities"": 1, ""Subscriptions"": 1}"
stats_1176,USR423EB,CUST_0182,2024-03-01,2719.13,2,0.0,2719.13,1359.56,1460.79,1460.79,"{""Fitness"": 1, ""Travel"": 1}"
stats_1177,USR423EB,CUST_0182,2024-04-01,145.88,4,0.0,145.88,36.47,45.3,45.3,"{""Gifts"": 1, ""Food"": 1, ""Transportation"": 1, ""Groceries"": 1}"
stats_1178,USR423EB,CUST_0182,2024-05-01,1350.24,3,0.0,1350.24,450.08,984.81,984.81,"{""Food"": 1, ""Friend Activities"": 1, ""Medical/Dental"": 1}"
stats_1179,USR423EB,CUST_0182,2024-07-01,463.62,3,0.0,463.62,154.54,444.98,444.98,"{""Groceries"": 1, ""Shopping"": 1, ""Food"": 1}"
stats_1180,USR423EB,CUST_0182,2024-08-01,34.43,1,0.0,34.43,34.43,34.43,34.43,"{""Friend Activities"": 1}"
stats_1181,USR423EB,CUST_0182,2024-09-01,786.46,4,0.0,786.46,196.62,631.44,631.44,"{""Subscriptions"": 2, ""Housing and Utilities"": 1, ""Personal Hygiene"": 1}"
stats_1182,USR423EB,CUST_0182,2024-10-01,967.89,3,0.0,967.89,322.63,610.02,610.02,"{""Transportation"": 2, ""Gifts"": 1}"
stats_1183,USR423EB,CUST_0182,2024-12-01,58.78,1,0.0,58.78,58.78,58.78,58.78,"{""Fitness"": 1}"
stats_1184,USR423EB,CUST_0182,2025-01-01,70.93,1,0.0,70.93,70.93,70.93,70.93,"{""Gifts"": 1}"
stats_1185,USR380Yw,CUST_0188,2023-01-01,177.0,1,0.0,177.0,177.0,177.0,177.0,"{""Hobbies"": 1}"
stats_1186,USR380Yw,CUST_0188,2023-02-01,17.28,1,0.0,17.28,17.28,17.28,17.28,"{""Subscriptions"": 1}"
stats_1187,USR380Yw,CUST_0188,2023-03-01,2605.32,2,0.0,2605.32,1302.66,2035.16,2035.16,"{""Housing and Utilities"": 1, ""Personal Hygiene"": 1}"
stats_1188,USR380Yw,CUST_0188,2023-04-01,2556.87,3,0.0,2556.87,852.29,1961.32,1961.32,"{""Travel"": 1, ""Gifts"": 1, ""Medical/Dental"": 1}"
stats_1189,USR380Yw,CUST_0188,2023-05-01,49.44,1,0.0,49.44,49.44,49.44,49.44,"{""Subscriptions"": 1}"
stats_1190,USR380Yw,CUST_0188,2023-06-01,123.62,4,0.0,123.62,30.9,66.03,66.03,"{""Housing and Utilities"": 1, ""Subscriptions"": 1, ""Food"": 1, ""Groceries"": 1}"
stats_1191,USR380Yw,CUST_0188,2023-07-01,788.25,4,0.0,788.25,197.06,703.2,703.2,"{""Food"": 1, ""Personal Hygiene"": 1, ""Groceries"": 1, ""Transportation"": 1}"
stats_1192,USR380Yw,CUST_0188,2023-08-01,632.44,5,0.0,632.44,126.49,299.67,299.67,"{""Friend Activities"": 2, ""Fitness"": 1, ""Hobbies"": 1, ""Personal Hygiene"": 1}"
stats_1193,USR380Yw,CUST_0188,2023-10-01,478.13,5,0.0,478.13,95.63,247.56,247.56,"{""Fitness"": 2, ""Personal Hygiene"": 1, ""Food"": 1, ""Subscriptions"": 1}"
stats_1194,USR380Yw,CUST_0188,2023-11-01,2609.19,2,0.0,2609.19,1304.6,2603.85,2603.85,"{""Groceries"": 1, ""Personal Hygiene"": 1}"
stats_1195,USR380Yw,CUST_0188,2023-12-01,23.9,1,0.0,23.9,23.9,23.9,23.9,"{""Fitness"": 1}"
stats_1196,USR380Yw,CUST_0188,2024-01-01,264.56,3,0.0,264.56,88.19,128.95,128.95,"{""Housing and Utilities"": 1, ""Transportation"": 1, ""Groceries"": 1}"
stats_1197,USR380Yw,CUST_0188,2024-03-01,1.35,1,0.0,1.35,1.35,1.35,1.35,"{""Groceries"": 1}"
stats_1198,USR380Yw,CUST_0188,2024-04-01,1650.28,4,0.0,1650.28,412.57,1459.71,1459.71,"{""Travel"": 1, ""Transportation"": 1, ""Housing and Utilities"": 1, ""Personal Hygiene"": 1}"
stats_1199,USR380Yw,CUST_0188,2024-05-01,81.01,1,0.0,81.01,81.01,81.01,81.01,"{""Housing and Utilities"": 1}"
stats_1200,USR380Yw,CUST_0188,2024-06-01,444.73,2,0.0,444.73,222.36,416.59,416.59,"{""Food"": 1, ""Gifts"": 1}"
stats_1201,USR380Yw,CUST_0188,2024-08-01,5.86,1,0.0,5.86,5.86,5.86,5.86,"{""Food"": 1}"
stats_1202,USR380Yw,CUST_0188,2024-09-01,85.23,1,0.0,85.23,85.23,85.23,85.23,"{""Hobbies"": 1}"
stats_1203,USR380Yw,CUST_0188,2024-10-01,214.81,3,0.0,214.81,71.6,122.13,122.13,"{""Friend Activities"": 2, ""Subscriptions"": 1}"
stats_1204,USR380Yw,CUST_0188,2024-11-01,580.06,3,0.0,580.06,193.35,371.33,371.33,"{""Personal Hygiene"": 1, ""Friend Activities"": 1, ""Hobbies"": 1}"
stats_1205,USR380Yw,CUST_0188,2024-12-01,1827.4,4,0.0,1827.4,456.85,1364.92,1364.92,"{""Transportation"": 2, ""Shopping"": 1, ""Fitness"": 1}"
stats_1206,USR653TK,CUST_0154,2023-01-01,3126.41,5,0.0,3126.41,625.28,2143.88,2143.88,"{""Personal Hygiene"": 1, ""Gifts"": 1, ""Medical/Dental"": 1, ""Friend Activities"": 1, ""Fitness"": 1}"
stats_1207,USR653TK,CUST_0154,2023-02-01,566.13,1,0.0,566.13,566.13,566.13,566.13,"{""Transportation"": 1}"
stats_1208,USR653TK,CUST_0154,2023-05-01,143.27,2,0.0,143.27,71.64,122.56,122.56,"{""Housing and Utilities"": 1, ""Fitness"": 1}"
stats_1209,USR653TK,CUST_0154,2023-06-01,42.4,2,0.0,42.4,21.2,22.37,22.37,"{""Hobbies"": 1, ""Travel"": 1}"
stats_1210,USR653TK,CUST_0154,2023-07-01,213310.7,2,0.0,213310.7,106655.35,213166.43,213166.43,"{""Shopping"": 1, ""Hobbies"": 1}"
stats_1211,USR653TK,CUST_0154,2023-08-01,1039.48,6,0.0,1039.48,173.25,515.39,515.39,"{""Hobbies"": 2, ""Travel"": 1, ""Fitness"": 1, ""Medical/Dental"": 1, ""Transportation"": 1}"
stats_1212,USR653TK,CUST_0154,2023-09-01,583.46,1,0.0,583.46,583.46,583.46,583.46,"{""Shopping"": 1}"
stats_1213,USR653TK,CUST_0154,2023-12-01,167.97,4,0.0,167.97,41.99,73.86,73.86,"{""Food"": 1, ""Groceries"": 1, ""Personal Hygiene"": 1, ""Hobbies"": 1}"
stats_1214,USR653TK,CUST_0154,2024-01-01,2357.42,2,0.0,2357.42,1178.71,2353.59,2353.59,"{""Transportation"": 1, ""Fitness"": 1}"
stats_1215,USR653TK,CUST_0154,2024-02-01,60.1,2,0.0,60.1,30.05,50.01,50.01,"{""Subscriptions"": 1, ""Hobbies"": 1}"
stats_1216,USR653TK,CUST_0154,2024-03-01,124.05,1,0.0,124.05,124.05,124.05,124.05,"{""Friend Activities"": 1}"
stats_1217,USR653TK,CUST_0154,2024-04-01,41.71,2,0.0,41.71,20.86,39.01,39.01,"{""Subscriptions"": 1, ""Personal Hygiene"": 1}"
stats_1218,USR653TK,CUST_0154,2024-05-01,144.0,2,0.0,144.0,72.0,139.04,139.04,"{""Groceries"": 1, ""Hobbies"": 1}"
stats_1219,USR653TK,CUST_0154,2024-07-01,161.52,1,0.0,161.52,161.52,161.52,161.52,"{""Gifts"": 1}"
stats_1220,USR653TK,CUST_0154,2024-08-01,802.13,3,0.0,802.13,267.38,556.08,556.08,"{""Subscriptions"": 1, ""Friend Activities"": 1, ""Hobbies"": 1}"
stats_1221,USR653TK,CUST_0154,2024-10-01,36.78,2,0.0,36.78,18.39,32.21,32.21,"{""Food"": 1, ""Friend Activities"": 1}"
stats_1222,USR653TK,CUST_0154,2024-11-01,169.25,3,0.0,169.25,56.42,147.35,147.35,"{""Food"": 2, ""Groceries"": 1}"
stats_1223,USR653TK,CUST_0154,2024-12-01,174.26,1,0.0,174.26,174.26,174.26,174.26,"{""Housing and Utilities"": 1}"
stats_1224,USR653TK,CUST_0154,2025-01-01,253.58,1,0.0,253.58,253.58,253.58,253.58,"{""Gifts"": 1}"
stats_1225,USR271Yo,CUST_0122,2023-01-01,1076.97,3,0.0,1076.97,358.99,763.33,763.33,"{""Hobbies"": 1, ""Transportation"": 1, ""Housing and Utilities"": 1}"
stats_1226,USR271Yo,CUST_0122,2023-02-01,49.18,3,0.0,49.18,16.39,28.54,28.54,"{""Transportation"": 1, ""Subscriptions"": 1, ""Friend Activities"": 1}"
stats_1227,USR271Yo,CUST_0122,2023-03-01,283.3,2,0.0,283.3,141.65,231.04,231.04,"{""Food"": 2}"
stats_1228,USR271Yo,CUST_0122,2023-07-01,660.87,3,0.0,660.87,220.29,496.22,496.22,"{""Hobbies"": 1, ""Travel"": 1, ""Medical/Dental"": 1}"
stats_1229,USR271Yo,CUST_0122,2023-10-01,35.25,2,0.0,35.25,17.62,24.52,24.52,"{""Groceries"": 1, ""Travel"": 1}"
stats_1230,USR271Yo,CUST_0122,2023-11-01,166.55,2,0.0,166.55,83.28,89.57,89.57,"{""Groceries"": 1, ""Fitness"": 1}"
stats_1231,USR271Yo,CUST_0122,2023-12-01,3458.62,2,0.0,3458.62,1729.31,3452.17,3452.17,"{""Housing and Utilities"": 1, ""Groceries"": 1}"
stats_1232,USR271Yo,CUST_0122,2024-01-01,149.96,2,0.0,149.96,74.98,115.84,115.84,"{""Shopping"": 1, ""Groceries"": 1}"
stats_1233,USR271Yo,CUST_0122,2024-02-01,878.29,2,0.0,878.29,439.14,870.0,870.0,"{""Gifts"": 1, ""Subscriptions"": 1}"
stats_1234,USR271Yo,CUST_0122,2024-03-01,772.1,3,0.0,772.1,257.37,732.03,732.03,"{""Subscriptions"": 1, ""Gifts"": 1, ""Shopping"": 1}"
stats_1235,USR271Yo,CUST_0122,2024-04-01,309.3,3,0.0,309.3,103.1,228.06,228.06,"{""Transportation"": 1, ""Food"": 1, ""Friend Activities"": 1}"
stats_1236,USR271Yo,CUST_0122,2024-05-01,4207.21,5,0.0,4207.21,841.44,3254.41,3254.41,"{""Medical/Dental"": 1, ""Housing and Utilities"": 1, ""Gifts"": 1, ""Groceries"": 1, ""Hobbies"": 1}"
stats_1237,USR271Yo,CUST_0122,2024-06-01,379.25,4,0.0,379.25,94.81,152.54,152.54,"{""Groceries"": 1, ""Friend Activities"": 1, ""Shopping"": 1, ""Housing and Utilities"": 1}"
stats_1238,USR271Yo,CUST_0122,2024-07-01,2504.4,2,0.0,2504.4,1252.2,1478.04,1478.04,"{""Gifts"": 2}"
stats_1239,USR271Yo,CUST_0122,2024-09-01,177.59,3,0.0,177.59,59.2,96.05,96.05,"{""Shopping"": 2, ""Groceries"": 1}"
stats_1240,USR271Yo,CUST_0122,2024-10-01,116.81,2,0.0,116.81,58.4,112.89,112.89,"{""Travel"": 1, ""Food"": 1}"
stats_1241,USR271Yo,CUST_0122,2024-11-01,285.07,2,0.0,285.07,142.54,275.21,275.21,"{""Gifts"": 1, ""Personal Hygiene"": 1}"
stats_1242,USR574tK,CUST_0096,2023-01-01,112.7,1,0.0,112.7,112.7,112.7,112.7,"{""Housing and Utilities"": 1}"
stats_1243,USR574tK,CUST_0096,2023-02-01,2370.26,5,0.0,2370.26,474.05,1143.36,1143.36,"{""Travel"": 1, ""Fitness"": 1, ""Shopping"": 1, ""Friend Activities"": 1, ""Transportation"": 1}"
stats_1244,USR574tK,CUST_0096,2023-04-01,219.25,4,0.0,219.25,54.81,118.41,118.41,"{""Food"": 1, ""Groceries"": 1, ""Friend Activities"": 1, ""Subscriptions"": 1}"
stats_1245,USR574tK,CUST_0096,2023-05-01,431.53,2,0.0,431.53,215.76,371.29,371.29,"{""Fitness"": 1, ""Housing and Utilities"": 1}"
stats_1246,USR574tK,CUST_0096,2023-06-01,84.27,3,0.0,84.27,28.09,69.29,69.29,"{""Fitness"": 1, ""Personal Hygiene"": 1, ""Transportation"": 1}"
stats_1247,USR574tK,CUST_0096,2023-07-01,29.8,2,0.0,29.8,14.9,21.78,21.78,"{""Subscriptions"": 1, ""Food"": 1}"
stats_1248,USR574tK,CUST_0096,2023-09-01,21.92,1,0.0,21.92,21.92,21.92,21.92,"{""Housing and Utilities"": 1}"
stats_1249,USR574tK,CUST_0096,2023-10-01,1486.95,2,0.0,1486.95,743.48,1371.22,1371.22,"{""Housing and Utilities"": 1, ""Travel"": 1}"
stats_1250,USR574tK,CUST_0096,2023-11-01,278.22,3,0.0,278.22,92.74,191.73,191.73,"{""Food"": 2, ""Subscriptions"": 1}"
stats_1251,USR574tK,CUST_0096,2023-12-01,1066.26,3,0.0,1066.26,355.42,747.24,747.24,"{""Subscriptions"": 1, ""Travel"": 1, ""Friend Activities"": 1}"
stats_1252,USR574tK,CUST_0096,2024-02-01,15.15,1,0.0,15.15,15.15,15.15,15.15,"{""Subscriptions"": 1}"
stats_1253,USR574tK,CUST_0096,2024-03-01,365.06,2,0.0,365.06,182.53,318.73,318.73,"{""Friend Activities"": 1, ""Gifts"": 1}"
stats_1254,USR574tK,CUST_0096,2024-04-01,4.09,1,0.0,4.09,4.09,4.09,4.09,"{""Transportation"": 1}"
stats_1255,USR574tK,CUST_0096,2024-05-01,282.68,2,0.0,282.68,141.34,232.56,232.56,"{""Subscriptions"": 1, ""Hobbies"": 1}"
stats_1256,USR574tK,CUST_0096,2024-06-01,6999.0,1,0.0,6999.0,6999.0,6999.0,6999.0,"{""Housing and Utilities"": 1}"
stats_1257,USR574tK,CUST_0096,2024-07-01,430.23,1,0.0,430.23,430.23,430.23,430.23,"{""Travel"": 1}"
stats_1258,USR574tK,CUST_0096,2024-09-01,315.64,3,0.0,315.64,105.21,282.14,282.14,"{""Transportation"": 1, ""Friend Activities"": 1, ""Fitness"": 1}"
stats_1259,USR574tK,CUST_0096,2024-10-01,82.03,3,0.0,82.03,27.34,51.18,51.18,"{""Groceries"": 2, ""Medical/Dental"": 1}"
stats_1260,USR574tK,CUST_0096,2025-01-01,296.2,1,0.0,296.2,296.2,296.2,296.2,"{""Shopping"": 1}"
stats_1261,USR572qw,CUST_0104,2023-01-01,462.82,1,0.0,462.82,462.82,462.82,462.82,"{""Friend Activities"": 1}"
stats_1262,USR572qw,CUST_0104,2023-02-01,91453.3,4,0.0,91453.3,22863.32,91281.53,91281.53,"{""Medical/Dental"": 1, ""Food"": 1, ""Groceries"": 1, ""Shopping"": 1}"
stats_1263,USR572qw,CUST_0104,2023-03-01,120.83,2,0.0,120.83,60.42,62.65,62.65,"{""Subscriptions"": 1, ""Gifts"": 1}"
stats_1264,USR572qw,CUST_0104,2023-04-01,1680.3,3,0.0,1680.3,560.1,1111.08,1111.08,"{""Transportation"": 2, ""Shopping"": 1}"
stats_1265,USR572qw,CUST_0104,2023-05-01,611.42,1,0.0,611.42,611.42,611.42,611.42,"{""Medical/Dental"": 1}"
stats_1266,USR572qw,CUST_0104,2023-06-01,175.64,1,0.0,175.64,175.64,175.64,175.64,"{""Fitness"": 1}"
stats_1267,USR572qw,CUST_0104,2023-07-01,223113.26,2,0.0,223113.26,111556.63,221971.79,221971.79,"{""Travel"": 1, ""Shopping"": 1}"
stats_1268,USR572qw,CUST_0104,2023-08-01,166.81,1,0.0,166.81,166.81,166.81,166.81,"{""Personal Hygiene"": 1}"
stats_1269,USR572qw,CUST_0104,2023-09-01,4153.63,4,0.0,4153.63,1038.41,3991.86,3991.86,"{""Housing and Utilities"": 1, ""Hobbies"": 1, ""Subscriptions"": 1, ""Groceries"": 1}"
stats_1270,USR572qw,CUST_0104,2023-10-01,73.4,2,0.0,73.4,36.7,39.38,39.38,"{""Personal Hygiene"": 1, ""Hobbies"": 1}"
stats_1271,USR572qw,CUST_0104,2023-11-01,2882.09,2,0.0,2882.09,1441.04,2583.75,2583.75,"{""Fitness"": 1, ""Personal Hygiene"": 1}"
stats_1272,USR572qw,CUST_0104,2023-12-01,115.03,2,0.0,115.03,57.52,79.94,79.94,"{""Gifts"": 1, ""Travel"": 1}"
stats_1273,USR572qw,CUST_0104,2024-01-01,19.9,1,0.0,19.9,19.9,19.9,19.9,"{""Hobbies"": 1}"
stats_1274,USR572qw,CUST_0104,2024-02-01,410.04,2,0.0,410.04,205.02,356.52,356.52,"{""Personal Hygiene"": 1, ""Housing and Utilities"": 1}"
stats_1275,USR572qw,CUST_0104,2024-03-01,810.03,5,0.0,810.03,162.01,384.21,384.21,"{""Subscriptions"": 2, ""Shopping"": 2, ""Groceries"": 1}"
stats_1276,USR572qw,CUST_0104,2024-04-01,546.79,3,0.0,546.79,182.26,533.99,533.99,"{""Subscriptions"": 2, ""Travel"": 1}"
stats_1277,USR572qw,CUST_0104,2024-05-01,134.56,2,0.0,134.56,67.28,124.3,124.3,"{""Subscriptions"": 1, ""Hobbies"": 1}"
stats_1278,USR572qw,CUST_0104,2024-07-01,80.16,2,0.0,80.16,40.08,41.11,41.11,"{""Fitness"": 1, ""Transportation"": 1}"
stats_1279,USR572qw,CUST_0104,2024-08-01,737.16,5,0.0,737.16,147.43,366.11,366.11,"{""Food"": 3, ""Transportation"": 1, ""Housing and Utilities"": 1}"
stats_1280,USR572qw,CUST_0104,2024-09-01,112.76,4,0.0,112.76,28.19,48.12,48.12,"{""Transportation"": 3, ""Personal Hygiene"": 1}"
stats_1281,USR572qw,CUST_0104,2024-10-01,622.23,3,0.0,622.23,207.41,559.38,559.38,"{""Shopping"": 1, ""Groceries"": 1, ""Subscriptions"": 1}"
stats_1282,USR572qw,CUST_0104,2024-11-01,26.71,1,0.0,26.71,26.71,26.71,26.71,"{""Fitness"": 1}"
stats_1283,USR572qw,CUST_0104,2024-12-01,147127.53,4,0.0,147127.53,36781.88,147027.25,147027.25,"{""Housing and Utilities"": 1, ""Transportation"": 1, ""Shopping"": 1, ""Subscriptions"": 1}"
stats_1284,USR572qw,CUST_0104,2025-01-01,12.55,1,0.0,12.55,12.55,12.55,12.55,"{""Subscriptions"": 1}"
stats_1285,USR925Mf,CUST_0076,2023-02-01,218.41,1,0.0,218.41,218.41,218.41,218.41,"{""Shopping"": 1}"
stats_1286,USR925Mf,CUST_0076,2023-04-01,330.11,1,0.0,330.11,330.11,330.11,330.11,"{""Hobbies"": 1}"
stats_1287,USR925Mf,CUST_0076,2023-05-01,2112.8,2,0.0,2112.8,1056.4,1597.07,1597.07,"{""Housing and Utilities"": 1, ""Shopping"": 1}"
stats_1288,USR925Mf,CUST_0076,2023-06-01,10.35,1,0.0,10.35,10.35,10.35,10.35,"{""Personal Hygiene"": 1}"
stats_1289,USR925Mf,CUST_0076,2023-07-01,53.98,1,0.0,53.98,53.98,53.98,53.98,"{""Hobbies"": 1}"
stats_1290,USR925Mf,CUST_0076,2023-08-01,839.48,2,0.0,839.48,419.74,826.69,826.69,"{""Subscriptions"": 1, ""Gifts"": 1}"
stats_1291,USR925Mf,CUST_0076,2023-11-01,224.58,1,0.0,224.58,224.58,224.58,224.58,"{""Travel"": 1}"
stats_1292,USR925Mf,CUST_0076,2024-01-01,3375.95,3,0.0,3375.95,1125.32,3151.32,3151.32,"{""Hobbies"": 1, ""Housing and Utilities"": 1, ""Subscriptions"": 1}"
stats_1293,USR925Mf,CUST_0076,2024-02-01,556.03,3,0.0,556.03,185.34,446.47,446.47,"{""Travel"": 2, ""Personal Hygiene"": 1}"
stats_1294,USR925Mf,CUST_0076,2024-03-01,167.31,3,0.0,167.31,55.77,148.54,148.54,"{""Groceries"": 2, ""Friend Activities"": 1}"
stats_1295,USR925Mf,CUST_0076,2024-04-01,1982.51,5,0.0,1982.51,396.5,1532.24,1532.24,"{""Travel"": 1, ""Hobbies"": 1, ""Subscriptions"": 1, ""Medical/Dental"": 1, ""Fitness"": 1}"
stats_1296,USR925Mf,CUST_0076,2024-06-01,77.0,2,0.0,77.0,38.5,73.8,73.8,"{""Transportation"": 1, ""Fitness"": 1}"
stats_1297,USR925Mf,CUST_0076,2024-07-01,225.43,2,0.0,225.43,112.72,133.23,133.23,"{""Friend Activities"": 1, ""Housing and Utilities"": 1}"
stats_1298,USR925Mf,CUST_0076,2024-08-01,886.3,3,0.0,886.3,295.43,745.2,745.2,"{""Groceries"": 1, ""Subscriptions"": 1, ""Shopping"": 1}"
stats_1299,USR925Mf,CUST_0076,2024-09-01,86.2,1,0.0,86.2,86.2,86.2,86.2,"{""Hobbies"": 1}"
stats_1300,USR925Mf,CUST_0076,2024-10-01,65.18,1,0.0,65.18,65.18,65.18,65.18,"{""Hobbies"": 1}"
stats_1301,USR925Mf,CUST_0076,2024-11-01,1058.93,3,0.0,1058.93,352.98,759.91,759.91,"{""Fitness"": 1, ""Transportation"": 1, ""Food"": 1}"
stats_1302,USR925Mf,CUST_0076,2024-12-01,1005.4,2,0.0,1005.4,502.7,948.47,948.47,"{""Housing and Utilities"": 1, ""Fitness"": 1}"
stats_1303,USR925Mf,CUST_0076,2025-01-01,3701.15,2,0.0,3701.15,1850.58,3614.0,3614.0,"{""Shopping"": 1, ""Transportation"": 1}"
stats_1304,USR201Zu,CUST_0126,2023-01-01,13.05,1,0.0,13.05,13.05,13.05,13.05,"{""Personal Hygiene"": 1}"
stats_1305,USR201Zu,CUST_0126,2023-02-01,84.98,3,0.0,84.98,28.33,70.41,70.41,"{""Hobbies"": 2, ""Subscriptions"": 1}"
stats_1306,USR201Zu,CUST_0126,2023-03-01,5966.87,5,0.0,5966.87,1193.37,5139.99,5139.99,"{""Housing and Utilities"": 2, ""Transportation"": 1, ""Subscriptions"": 1, ""Groceries"": 1}"
stats_1307,USR201Zu,CUST_0126,2023-04-01,427.6,2,0.0,427.6,213.8,375.63,375.63,"{""Shopping"": 1, ""Fitness"": 1}"
stats_1308,USR201Zu,CUST_0126,2023-05-01,374.93,1,0.0,374.93,374.93,374.93,374.93,"{""Medical/Dental"": 1}"
stats_1309,USR201Zu,CUST_0126,2023-06-01,34.87,2,0.0,34.87,17.43,19.85,19.85,"{""Travel"": 1, ""Food"": 1}"
stats_1310,USR201Zu,CUST_0126,2023-08-01,5052.5,6,0.0,5052.5,842.08,4679.14,4679.14,"{""Housing and Utilities"": 2, ""Hobbies"": 2, ""Food"": 1, ""Travel"": 1}"
stats_1311,USR201Zu,CUST_0126,2023-09-01,542.36,2,0.0,542.36,271.18,530.69,530.69,"{""Food"": 1, ""Personal Hygiene"": 1}"
stats_1312,USR201Zu,CUST_0126,2023-10-01,1884.93,5,0.0,1884.93,376.99,1159.98,1159.98,"{""Fitness"": 1, ""Personal Hygiene"": 1, ""Subscriptions"": 1, ""Groceries"": 1, ""Travel"": 1}"
stats_1313,USR201Zu,CUST_0126,2023-11-01,445.76,3,0.0,445.76,148.59,355.37,355.37,"{""Hobbies"": 1, ""Travel"": 1, ""Fitness"": 1}"
stats_1314,USR201Zu,CUST_0126,2023-12-01,342.58,5,0.0,342.58,68.52,180.04,180.04,"{""Subscriptions"": 2, ""Personal Hygiene"": 1, ""Fitness"": 1, ""Shopping"": 1}"
stats_1315,USR201Zu,CUST_0126,2024-01-01,52.5,1,0.0,52.5,52.5,52.5,52.5,"{""Housing and Utilities"": 1}"
stats_1316,USR201Zu,CUST_0126,2024-03-01,971.44,3,0.0,971.44,323.81,472.17,472.17,"{""Travel"": 1, ""Medical/Dental"": 1, ""Fitness"": 1}"
stats_1317,USR201Zu,CUST_0126,2024-05-01,911.28,2,0.0,911.28,455.64,824.74,824.74,"{""Friend Activities"": 2}"
stats_1318,USR201Zu,CUST_0126,2024-06-01,101.25,3,0.0,101.25,33.75,60.83,60.83,"{""Groceries"": 1, ""Food"": 1, ""Hobbies"": 1}"
stats_1319,USR201Zu,CUST_0126,2024-07-01,7888.28,2,0.0,7888.28,3944.14,7111.15,7111.15,"{""Shopping"": 1, ""Travel"": 1}"
stats_1320,USR201Zu,CUST_0126,2024-09-01,56.28,1,0.0,56.28,56.28,56.28,56.28,"{""Friend Activities"": 1}"
stats_1321,USR201Zu,CUST_0126,2024-11-01,650.86,4,0.0,650.86,162.72,273.81,273.81,"{""Gifts"": 1, ""Food"": 1, ""Friend Activities"": 1, ""Housing and Utilities"": 1}"
stats_1322,USR201Zu,CUST_0126,2024-12-01,63.42,3,0.0,63.42,21.14,31.0,31.0,"{""Groceries"": 1, ""Food"": 1, ""Housing and Utilities"": 1}"
stats_1323,USR201Zu,CUST_0126,2025-01-01,1017.88,2,0.0,1017.88,508.94,740.87,740.87,"{""Shopping"": 1, ""Transportation"": 1}"
stats_1324,USR425DX,CUST_0194,2023-01-01,1635.98,4,0.0,1635.98,409.0,891.83,891.83,"{""Travel"": 2, ""Gifts"": 1, ""Friend Activities"": 1}"
stats_1325,USR425DX,CUST_0194,2023-03-01,867.18,3,0.0,867.18,289.06,779.1,779.1,"{""Shopping"": 1, ""Friend Activities"": 1, ""Housing and Utilities"": 1}"
stats_1326,USR425DX,CUST_0194,2023-04-01,86.38,3,0.0,86.38,28.79,56.71,56.71,"{""Personal Hygiene"": 2, ""Hobbies"": 1}"
stats_1327,USR425DX,CUST_0194,2023-05-01,121.53,3,0.0,121.53,40.51,90.03,90.03,"{""Food"": 2, ""Groceries"": 1}"
stats_1328,USR425DX,CUST_0194,2023-06-01,1829.52,3,0.0,1829.52,609.84,737.0,737.0,"{""Medical/Dental"": 1, ""Fitness"": 1, ""Transportation"": 1}"
stats_1329,USR425DX,CUST_0194,2023-07-01,880.71,4,0.0,880.71,220.18,545.86,545.86,"{""Medical/Dental"": 1, ""Shopping"": 1, ""Groceries"": 1, ""Fitness"": 1}"
stats_1330,USR425DX,CUST_0194,2023-08-01,442.05,1,0.0,442.05,442.05,442.05,442.05,"{""Friend Activities"": 1}"
stats_1331,USR425DX,CUST_0194,2023-09-01,669.4,3,0.0,669.4,223.13,507.13,507.13,"{""Friend Activities"": 1, ""Personal Hygiene"": 1, ""Gifts"": 1}"
stats_1332,USR425DX,CUST_0194,2023-11-01,757.9,4,0.0,757.9,189.48,235.14,235.14,"{""Friend Activities"": 1, ""Housing and Utilities"": 1, ""Medical/Dental"": 1, ""Gifts"": 1}"
stats_1333,USR425DX,CUST_0194,2023-12-01,38.27,1,0.0,38.27,38.27,38.27,38.27,"{""Friend Activities"": 1}"
stats_1334,USR425DX,CUST_0194,2024-01-01,501.83,2,0.0,501.83,250.92,448.43,448.43,"{""Transportation"": 1, ""Hobbies"": 1}"
stats_1335,USR425DX,CUST_0194,2024-02-01,493.54,5,0.0,493.54,98.71,181.55,181.55,"{""Travel"": 2, ""Housing and Utilities"": 1, ""Medical/Dental"": 1, ""Subscriptions"": 1}"
stats_1336,USR425DX,CUST_0194,2024-03-01,269.41,1,0.0,269.41,269.41,269.41,269.41,"{""Gifts"": 1}"
stats_1337,USR425DX,CUST_0194,2024-04-01,2847.17,1,0.0,2847.17,2847.17,2847.17,2847.17,"{""Personal Hygiene"": 1}"
stats_1338,USR425DX,CUST_0194,2024-05-01,192.27,4,0.0,192.27,48.07,88.05,88.05,"{""Food"": 2, ""Personal Hygiene"": 1, ""Subscriptions"": 1}"
stats_1339,USR425DX,CUST_0194,2024-06-01,480.61,3,0.0,480.61,160.2,463.79,463.79,"{""Medical/Dental"": 1, ""Personal Hygiene"": 1, ""Transportation"": 1}"
stats_1340,USR425DX,CUST_0194,2024-07-01,1612.85,3,0.0,1612.85,537.62,1415.26,1415.26,"{""Shopping"": 1, ""Housing and Utilities"": 1, ""Transportation"": 1}"
stats_1341,USR425DX,CUST_0194,2024-08-01,2041.75,3,0.0,2041.75,680.58,1407.24,1407.24,"{""Travel"": 1, ""Fitness"": 1, ""Transportation"": 1}"
stats_1342,USR425DX,CUST_0194,2024-09-01,3663.11,5,0.0,3663.11,732.62,3441.79,3441.79,"{""Fitness"": 1, ""Transportation"": 1, ""Hobbies"": 1, ""Housing and Utilities"": 1, ""Travel"": 1}"
stats_1343,USR425DX,CUST_0194,2024-11-01,768.82,2,0.0,768.82,384.41,765.31,765.31,"{""Groceries"": 1, ""Fitness"": 1}"
stats_1344,USR425DX,CUST_0194,2024-12-01,708.9,2,0.0,708.9,354.45,637.38,637.38,"{""Groceries"": 1, ""Fitness"": 1}"
stats_1345,USR425DX,CUST_0194,2025-01-01,2.02,1,0.0,2.02,2.02,2.02,2.02,"{""Groceries"": 1}"
stats_1346,USR388wJ,CUST_0035,2023-01-01,9.7,1,0.0,9.7,9.7,9.7,9.7,"{""Subscriptions"": 1}"
stats_1347,USR388wJ,CUST_0035,2023-02-01,308.09,2,0.0,308.09,154.04,218.29,218.29,"{""Fitness"": 1, ""Gifts"": 1}"
stats_1348,USR388wJ,CUST_0035,2023-03-01,139.12,2,0.0,139.12,69.56,132.16,132.16,"{""Transportation"": 1, ""Gifts"": 1}"
stats_1349,USR388wJ,CUST_0035,2023-04-01,655.35,3,0.0,655.35,218.45,459.54,459.54,"{""Housing and Utilities"": 1, ""Subscriptions"": 1, ""Medical/Dental"": 1}"
stats_1350,USR388wJ,CUST_0035,2023-05-01,732.76,2,0.0,732.76,366.38,653.3,653.3,"{""Fitness"": 2}"
stats_1351,USR388wJ,CUST_0035,2023-06-01,2986.91,2,0.0,2986.91,1493.46,2676.71,2676.71,"{""Housing and Utilities"": 1, ""Fitness"": 1}"
stats_1352,USR388wJ,CUST_0035,2023-07-01,67.44,1,0.0,67.44,67.44,67.44,67.44,"{""Shopping"": 1}"
stats_1353,USR388wJ,CUST_0035,2023-08-01,387.68,2,0.0,387.68,193.84,320.33,320.33,"{""Housing and Utilities"": 1, ""Hobbies"": 1}"
stats_1354,USR388wJ,CUST_0035,2023-09-01,2156.6,5,0.0,2156.6,431.32,1208.55,1208.55,"{""Friend Activities"": 1, ""Fitness"": 1, ""Subscriptions"": 1, ""Hobbies"": 1, ""Gifts"": 1}"
stats_1355,USR388wJ,CUST_0035,2023-10-01,47.76,1,0.0,47.76,47.76,47.76,47.76,"{""Housing and Utilities"": 1}"
stats_1356,USR388wJ,CUST_0035,2023-11-01,84.37,1,0.0,84.37,84.37,84.37,84.37,"{""Personal Hygiene"": 1}"
stats_1357,USR388wJ,CUST_0035,2023-12-01,5566.85,3,0.0,5566.85,1855.62,4229.62,4229.62,"{""Housing and Utilities"": 1, ""Travel"": 1, ""Fitness"": 1}"
stats_1358,USR388wJ,CUST_0035,2024-01-01,279.22,2,0.0,279.22,139.61,203.19,203.19,"{""Transportation"": 1, ""Gifts"": 1}"
stats_1359,USR388wJ,CUST_0035,2024-02-01,1068.78,5,0.0,1068.78,213.76,564.79,564.79,"{""Shopping"": 1, ""Personal Hygiene"": 1, ""Food"": 1, ""Subscriptions"": 1, ""Travel"": 1}"
stats_1360,USR388wJ,CUST_0035,2024-03-01,1095.35,4,0.0,1095.35,273.84,835.14,835.14,"{""Friend Activities"": 1, ""Housing and Utilities"": 1, ""Transportation"": 1, ""Travel"": 1}"
stats_1361,USR388wJ,CUST_0035,2024-05-01,1019.7,4,0.0,1019.7,254.92,483.95,483.95,"{""Shopping"": 2, ""Transportation"": 1, ""Food"": 1}"
stats_1362,USR388wJ,CUST_0035,2024-06-01,245.12,2,0.0,245.12,122.56,147.11,147.11,"{""Medical/Dental"": 1, ""Food"": 1}"
stats_1363,USR388wJ,CUST_0035,2024-07-01,606.3,2,0.0,606.3,303.15,512.31,512.31,"{""Housing and Utilities"": 1, ""Transportation"": 1}"
stats_1364,USR388wJ,CUST_0035,2024-08-01,1843.4,2,0.0,1843.4,921.7,1664.35,1664.35,"{""Hobbies"": 1, ""Personal Hygiene"": 1}"
stats_1365,USR388wJ,CUST_0035,2024-09-01,106626.13,1,0.0,106626.13,106626.13,106626.13,106626.13,"{""Shopping"": 1}"
stats_1366,USR388wJ,CUST_0035,2024-10-01,244977.8,1,0.0,244977.8,244977.8,244977.8,244977.8,"{""Shopping"": 1}"
stats_1367,USR388wJ,CUST_0035,2024-11-01,256.1,3,0.0,256.1,85.37,173.38,173.38,"{""Groceries"": 1, ""Gifts"": 1, ""Transportation"": 1}"
stats_1368,USR388wJ,CUST_0035,2024-12-01,275.73,2,0.0,275.73,137.86,252.49,252.49,"{""Gifts"": 1, ""Fitness"": 1}"
stats_1369,USR388wJ,CUST_0035,2025-01-01,1252.62,2,0.0,1252.62,626.31,802.28,802.28,"{""Medical/Dental"": 1, ""Shopping"": 1}"
stats_1370,USR068Xr,CUST_0033,2023-01-01,936.89,1,0.0,936.89,936.89,936.89,936.89,"{""Shopping"": 1}"
stats_1371,USR068Xr,CUST_0033,2023-02-01,453.32,5,0.0,453.32,90.66,185.54,185.54,"{""Food"": 2, ""Gifts"": 1, ""Groceries"": 1, ""Subscriptions"": 1}"
stats_1372,USR068Xr,CUST_0033,2023-03-01,990.41,2,0.0,990.41,495.2,817.26,817.26,"{""Hobbies"": 1, ""Fitness"": 1}"
stats_1373,USR068Xr,CUST_0033,2023-04-01,241921.72,1,0.0,241921.72,241921.72,241921.72,241921.72,"{""Shopping"": 1}"
stats_1374,USR068Xr,CUST_0033,2023-05-01,961.32,3,0.0,961.32,320.44,835.06,835.06,"{""Friend Activities"": 1, ""Food"": 1, ""Transportation"": 1}"
stats_1375,USR068Xr,CUST_0033,2023-07-01,1727.46,4,0.0,1727.46,431.86,862.2,862.2,"{""Gifts"": 2, ""Fitness"": 1, ""Friend Activities"": 1}"
stats_1376,USR068Xr,CUST_0033,2023-08-01,103.88,2,0.0,103.88,51.94,61.83,61.83,"{""Subscriptions"": 1, ""Hobbies"": 1}"
stats_1377,USR068Xr,CUST_0033,2023-09-01,201.72,1,0.0,201.72,201.72,201.72,201.72,"{""Medical/Dental"": 1}"
stats_1378,USR068Xr,CUST_0033,2023-10-01,31.59,1,0.0,31.59,31.59,31.59,31.59,"{""Travel"": 1}"
stats_1379,USR068Xr,CUST_0033,2023-11-01,454.67,2,0.0,454.67,227.34,267.93,267.93,"{""Transportation"": 1, ""Food"": 1}"
stats_1380,USR068Xr,CUST_0033,2023-12-01,2955.57,2,0.0,2955.57,1477.78,2764.51,2764.51,"{""Hobbies"": 1, ""Personal Hygiene"": 1}"
stats_1381,USR068Xr,CUST_0033,2024-01-01,202668.45,4,0.0,202668.45,50667.11,202632.61,202632.61,"{""Groceries"": 1, ""Shopping"": 1, ""Personal Hygiene"": 1, ""Transportation"": 1}"
stats_1382,USR068Xr,CUST_0033,2024-03-01,217421.59,3,0.0,217421.59,72473.86,217300.65,217300.65,"{""Shopping"": 1, ""Gifts"": 1, ""Groceries"": 1}"
stats_1383,USR068Xr,CUST_0033,2024-04-01,921.44,4,0.0,921.44,230.36,445.69,445.69,"{""Friend Activities"": 1, ""Fitness"": 1, ""Shopping"": 1, ""Medical/Dental"": 1}"
stats_1384,USR068Xr,CUST_0033,2024-05-01,234.39,1,0.0,234.39,234.39,234.39,234.39,"{""Medical/Dental"": 1}"
stats_1385,USR068Xr,CUST_0033,2024-06-01,949.64,2,0.0,949.64,474.82,911.04,911.04,"{""Gifts"": 1, ""Shopping"": 1}"
stats_1386,USR068Xr,CUST_0033,2024-07-01,66.62,2,0.0,66.62,33.31,55.62,55.62,"{""Hobbies"": 1, ""Subscriptions"": 1}"
stats_1387,USR068Xr,CUST_0033,2024-08-01,12.43,1,0.0,12.43,12.43,12.43,12.43,"{""Groceries"": 1}"
stats_1388,USR068Xr,CUST_0033,2024-09-01,3185.79,3,0.0,3185.79,1061.93,2763.66,2763.66,"{""Travel"": 1, ""Friend Activities"": 1, ""Housing and Utilities"": 1}"
stats_1389,USR068Xr,CUST_0033,2024-11-01,147.8,1,0.0,147.8,147.8,147.8,147.8,"{""Food"": 1}"
stats_1390,USR223cE,CUST_0195,2023-01-01,129.66,2,0.0,129.66,64.83,95.9,95.9,"{""Subscriptions"": 1, ""Groceries"": 1}"
stats_1391,USR223cE,CUST_0195,2023-02-01,442.42,2,0.0,442.42,221.21,433.57,433.57,"{""Friend Activities"": 2}"
stats_1392,USR223cE,CUST_0195,2023-03-01,7.0,1,0.0,7.0,7.0,7.0,7.0,"{""Food"": 1}"
stats_1393,USR223cE,CUST_0195,2023-04-01,151.93,1,0.0,151.93,151.93,151.93,151.93,"{""Travel"": 1}"
stats_1394,USR223cE,CUST_0195,2023-05-01,153.44,3,0.0,153.44,51.15,75.37,75.37,"{""Groceries"": 2, ""Food"": 1}"
stats_1395,USR223cE,CUST_0195,2023-07-01,246.88,2,0.0,246.88,123.44,185.08,185.08,"{""Medical/Dental"": 1, ""Hobbies"": 1}"
stats_1396,USR223cE,CUST_0195,2023-08-01,56.85,1,0.0,56.85,56.85,56.85,56.85,"{""Transportation"": 1}"
stats_1397,USR223cE,CUST_0195,2023-09-01,18.28,1,0.0,18.28,18.28,18.28,18.28,"{""Groceries"": 1}"
stats_1398,USR223cE,CUST_0195,2023-10-01,656.76,5,0.0,656.76,131.35,373.9,373.9,"{""Transportation"": 2, ""Friend Activities"": 1, ""Subscriptions"": 1, ""Travel"": 1}"
stats_1399,USR223cE,CUST_0195,2023-11-01,4534.27,4,0.0,4534.27,1133.57,4153.05,4153.05,"{""Travel"": 1, ""Hobbies"": 1, ""Shopping"": 1, ""Medical/Dental"": 1}"
stats_1400,USR223cE,CUST_0195,2023-12-01,1214.59,2,0.0,1214.59,607.29,1111.71,1111.71,"{""Hobbies"": 1, ""Personal Hygiene"": 1}"
stats_1401,USR223cE,CUST_0195,2024-01-01,15.72,1,0.0,15.72,15.72,15.72,15.72,"{""Subscriptions"": 1}"
stats_1402,USR223cE,CUST_0195,2024-02-01,1955.18,2,0.0,1955.18,977.59,1936.91,1936.91,"{""Friend Activities"": 1, ""Fitness"": 1}"
stats_1403,USR223cE,CUST_0195,2024-03-01,5211.44,2,0.0,5211.44,2605.72,5103.01,5103.01,"{""Housing and Utilities"": 1, ""Medical/Dental"": 1}"
stats_1404,USR223cE,CUST_0195,2024-04-01,841.88,3,0.0,841.88,280.63,794.8,794.8,"{""Fitness"": 1, ""Hobbies"": 1, ""Food"": 1}"
stats_1405,USR223cE,CUST_0195,2024-05-01,718.35,2,0.0,718.35,359.18,659.08,659.08,"{""Medical/Dental"": 1, ""Food"": 1}"
stats_1406,USR223cE,CUST_0195,2024-06-01,171647.69,6,0.0,171647.69,28607.95,170911.33,170911.33,"{""Food"": 1, ""Housing and Utilities"": 1, ""Travel"": 1, ""Groceries"": 1, ""Shopping"": 1, ""Subscriptions"": 1}"
stats_1407,USR223cE,CUST_0195,2024-07-01,1257.92,3,0.0,1257.92,419.31,804.18,804.18,"{""Personal Hygiene"": 1, ""Transportation"": 1, ""Medical/Dental"": 1}"
stats_1408,USR223cE,CUST_0195,2024-08-01,4354.07,3,0.0,4354.07,1451.36,2750.59,2750.59,"{""Medical/Dental"": 1, ""Shopping"": 1, ""Travel"": 1}"
stats_1409,USR223cE,CUST_0195,2024-09-01,69561.26,2,0.0,69561.26,34780.63,69238.4,69238.4,"{""Shopping"": 2}"
stats_1410,USR223cE,CUST_0195,2024-11-01,258.82,2,0.0,258.82,129.41,179.65,179.65,"{""Hobbies"": 1, ""Gifts"": 1}"
stats_1411,USR223cE,CUST_0195,2024-12-01,1886.01,4,0.0,1886.01,471.5,850.48,850.48,"{""Groceries"": 1, ""Fitness"": 1, ""Gifts"": 1, ""Shopping"": 1}"
stats_1412,USR223cE,CUST_0195,2025-01-01,4.76,1,0.0,4.76,4.76,4.76,4.76,"{""Groceries"": 1}"
stats_1413,USR031uI,CUST_0115,2023-01-01,1655.02,1,0.0,1655.02,1655.02,1655.02,1655.02,"{""Shopping"": 1}"
stats_1414,USR031uI,CUST_0115,2023-02-01,35.32,2,0.0,35.32,17.66,23.92,23.92,"{""Gifts"": 1, ""Subscriptions"": 1}"
stats_1415,USR031uI,CUST_0115,2023-03-01,54.47,1,0.0,54.47,54.47,54.47,54.47,"{""Groceries"": 1}"
stats_1416,USR031uI,CUST_0115,2023-04-01,193.01,3,0.0,193.01,64.34,134.48,134.48,"{""Travel"": 2, ""Subscriptions"": 1}"
stats_1417,USR031uI,CUST_0115,2023-06-01,488.45,4,0.0,488.45,122.11,369.21,369.21,"{""Friend Activities"": 2, ""Housing and Utilities"": 1, ""Transportation"": 1}"
stats_1418,USR031uI,CUST_0115,2023-07-01,7.57,1,0.0,7.57,7.57,7.57,7.57,"{""Transportation"": 1}"
stats_1419,USR031uI,CUST_0115,2023-08-01,1272.95,3,0.0,1272.95,424.32,591.83,591.83,"{""Fitness"": 1, ""Transportation"": 1, ""Travel"": 1}"
stats_1420,USR031uI,CUST_0115,2023-09-01,674.77,2,0.0,674.77,337.38,512.38,512.38,"{""Travel"": 1, ""Medical/Dental"": 1}"
stats_1421,USR031uI,CUST_0115,2023-10-01,355.42,3,0.0,355.42,118.47,329.23,329.23,"{""Personal Hygiene"": 1, ""Travel"": 1, ""Transportation"": 1}"
stats_1422,USR031uI,CUST_0115,2023-11-01,308.9,5,0.0,308.9,61.78,165.75,165.75,"{""Shopping"": 1, ""Food"": 1, ""Travel"": 1, ""Subscriptions"": 1, ""Personal Hygiene"": 1}"
stats_1423,USR031uI,CUST_0115,2023-12-01,772.45,3,0.0,772.45,257.48,403.89,403.89,"{""Shopping"": 2, ""Personal Hygiene"": 1}"
stats_1424,USR031uI,CUST_0115,2024-01-01,284.76,3,0.0,284.76,94.92,154.22,154.22,"{""Fitness"": 1, ""Hobbies"": 1, ""Groceries"": 1}"
stats_1425,USR031uI,CUST_0115,2024-02-01,46.97,2,0.0,46.97,23.48,38.12,38.12,"{""Food"": 1, ""Subscriptions"": 1}"
stats_1426,USR031uI,CUST_0115,2024-03-01,326.73,4,0.0,326.73,81.68,138.53,138.53,"{""Personal Hygiene"": 1, ""Hobbies"": 1, ""Gifts"": 1, ""Housing and Utilities"": 1}"
stats_1427,USR031uI,CUST_0115,2024-05-01,455.12,3,0.0,455.12,151.71,408.92,408.92,"{""Medical/Dental"": 1, ""Subscriptions"": 1, ""Travel"": 1}"
stats_1428,USR031uI,CUST_0115,2024-06-01,2684.66,4,0.0,2684.66,671.16,2200.58,2200.58,"{""Personal Hygiene"": 2, ""Housing and Utilities"": 1, ""Groceries"": 1}"
stats_1429,USR031uI,CUST_0115,2024-07-01,572.0,1,0.0,572.0,572.0,572.0,572.0,"{""Travel"": 1}"
stats_1430,USR031uI,CUST_0115,2024-09-01,2379.14,3,0.0,2379.14,793.05,1997.28,1997.28,"{""Subscriptions"": 1, ""Friend Activities"": 1, ""Personal Hygiene"": 1}"
stats_1431,USR031uI,CUST_0115,2024-10-01,61691.25,3,0.0,61691.25,20563.75,61377.57,61377.57,"{""Shopping"": 1, ""Travel"": 1, ""Groceries"": 1}"
stats_1432,USR031uI,CUST_0115,2024-11-01,71.24,1,0.0,71.24,71.24,71.24,71.24,"{""Gifts"": 1}"
stats_1433,USR031uI,CUST_0115,2024-12-01,167.76,2,0.0,167.76,83.88,123.18,123.18,"{""Friend Activities"": 1, ""Gifts"": 1}"
stats_1434,USR031uI,CUST_0115,2025-01-01,12.35,1,0.0,12.35,12.35,12.35,12.35,"{""Subscriptions"": 1}"
stats_1435,USR151Xg,CUST_0002,2023-02-01,6872.14,2,0.0,6872.14,3436.07,6102.19,6102.19,"{""Housing and Utilities"": 1, ""Fitness"": 1}"
stats_1436,USR151Xg,CUST_0002,2023-04-01,8186.28,5,0.0,8186.28,1637.26,6332.43,6332.43,"{""Friend Activities"": 2, ""Housing and Utilities"": 1, ""Fitness"": 1, ""Subscriptions"": 1}"
stats_1437,USR151Xg,CUST_0002,2023-05-01,1154.93,4,0.0,1154.93,288.73,911.32,911.32,"{""Friend Activities"": 1, ""Travel"": 1, ""Food"": 1, ""Hobbies"": 1}"
stats_1438,USR151Xg,CUST_0002,2023-07-01,9.32,1,0.0,9.32,9.32,9.32,9.32,"{""Transportation"": 1}"
stats_1439,USR151Xg,CUST_0002,2023-08-01,1043.39,5,0.0,1043.39,208.68,714.93,714.93,"{""Housing and Utilities"": 2, ""Travel"": 1, ""Food"": 1, ""Shopping"": 1}"
stats_1440,USR151Xg,CUST_0002,2023-09-01,490.32,3,0.0,490.32,163.44,308.3,308.3,"{""Hobbies"": 1, ""Food"": 1, ""Travel"": 1}"
stats_1441,USR151Xg,CUST_0002,2023-11-01,205.24,2,0.0,205.24,102.62,138.41,138.41,"{""Housing and Utilities"": 1, ""Transportation"": 1}"
stats_1442,USR151Xg,CUST_0002,2023-12-01,1385.38,4,0.0,1385.38,346.34,1022.79,1022.79,"{""Hobbies"": 2, ""Transportation"": 1, ""Gifts"": 1}"
stats_1443,USR151Xg,CUST_0002,2024-01-01,66909.34,3,0.0,66909.34,22303.11,66772.13,66772.13,"{""Shopping"": 1, ""Fitness"": 1, ""Food"": 1}"
stats_1444,USR151Xg,CUST_0002,2024-02-01,361.64,2,0.0,361.64,180.82,195.98,195.98,"{""Hobbies"": 2}"
stats_1445,USR151Xg,CUST_0002,2024-03-01,2027.82,2,0.0,2027.82,1013.91,1853.16,1853.16,"{""Housing and Utilities"": 1, ""Transportation"": 1}"
stats_1446,USR151Xg,CUST_0002,2024-04-01,735.91,2,0.0,735.91,367.96,666.26,666.26,"{""Medical/Dental"": 1, ""Fitness"": 1}"
stats_1447,USR151Xg,CUST_0002,2024-05-01,700.14,2,0.0,700.14,350.07,596.71,596.71,"{""Travel"": 1, ""Gifts"": 1}"
stats_1448,USR151Xg,CUST_0002,2024-06-01,46.67,2,0.0,46.67,23.34,33.5,33.5,"{""Subscriptions"": 1, ""Gifts"": 1}"
stats_1449,USR151Xg,CUST_0002,2024-07-01,321.21,3,0.0,321.21,107.07,288.78,288.78,"{""Hobbies"": 1, ""Medical/Dental"": 1, ""Groceries"": 1}"
stats_1450,USR151Xg,CUST_0002,2024-08-01,65.82,1,0.0,65.82,65.82,65.82,65.82,"{""Transportation"": 1}"
stats_1451,USR151Xg,CUST_0002,2024-09-01,302.77,2,0.0,302.77,151.38,221.45,221.45,"{""Hobbies"": 1, ""Transportation"": 1}"
stats_1452,USR151Xg,CUST_0002,2024-10-01,1018.21,5,0.0,1018.21,203.64,968.88,968.88,"{""Groceries"": 2, ""Subscriptions"": 1, ""Shopping"": 1, ""Personal Hygiene"": 1}"
stats_1453,USR151Xg,CUST_0002,2024-11-01,911.08,3,0.0,911.08,303.69,525.38,525.38,"{""Subscriptions"": 1, ""Shopping"": 1, ""Fitness"": 1}"
stats_1454,USR151Xg,CUST_0002,2024-12-01,3232.44,2,0.0,3232.44,1616.22,3145.55,3145.55,"{""Housing and Utilities"": 2}"
stats_1455,USR013pA,CUST_0112,2023-01-01,75837.6,3,0.0,75837.6,25279.2,75510.53,75510.53,"{""Shopping"": 1, ""Travel"": 1, ""Subscriptions"": 1}"
stats_1456,USR013pA,CUST_0112,2023-02-01,66.86,3,0.0,66.86,22.29,26.22,26.22,"{""Groceries"": 1, ""Travel"": 1, ""Fitness"": 1}"
stats_1457,USR013pA,CUST_0112,2023-03-01,495.23,2,0.0,495.23,247.62,408.53,408.53,"{""Shopping"": 1, ""Transportation"": 1}"
stats_1458,USR013pA,CUST_0112,2023-04-01,92.75,2,0.0,92.75,46.38,79.25,79.25,"{""Personal Hygiene"": 1, ""Friend Activities"": 1}"
stats_1459,USR013pA,CUST_0112,2023-05-01,76.29,1,0.0,76.29,76.29,76.29,76.29,"{""Hobbies"": 1}"
stats_1460,USR013pA,CUST_0112,2023-06-01,220379.27,3,0.0,220379.27,73459.76,220355.95,220355.95,"{""Shopping"": 1, ""Personal Hygiene"": 1, ""Groceries"": 1}"
stats_1461,USR013pA,CUST_0112,2023-07-01,1151.18,4,0.0,1151.18,287.8,990.67,990.67,"{""Housing and Utilities"": 2, ""Travel"": 2}"
stats_1462,USR013pA,CUST_0112,2023-08-01,535.06,2,0.0,535.06,267.53,497.53,497.53,"{""Food"": 2}"
stats_1463,USR013pA,CUST_0112,2023-09-01,36.37,1,0.0,36.37,36.37,36.37,36.37,"{""Food"": 1}"
stats_1464,USR013pA,CUST_0112,2023-10-01,542.85,2,0.0,542.85,271.42,472.92,472.92,"{""Gifts"": 1, ""Travel"": 1}"
stats_1465,USR013pA,CUST_0112,2023-11-01,98.4,1,0.0,98.4,98.4,98.4,98.4,"{""Friend Activities"": 1}"
stats_1466,USR013pA,CUST_0112,2023-12-01,704.47,3,0.0,704.47,234.82,438.57,438.57,"{""Housing and Utilities"": 2, ""Medical/Dental"": 1}"
stats_1467,USR013pA,CUST_0112,2024-01-01,83.17,3,0.0,83.17,27.72,65.71,65.71,"{""Housing and Utilities"": 1, ""Food"": 1, ""Transportation"": 1}"
stats_1468,USR013pA,CUST_0112,2024-02-01,242.11,4,0.0,242.11,60.53,143.42,143.42,"{""Hobbies"": 1, ""Subscriptions"": 1, ""Housing and Utilities"": 1, ""Groceries"": 1}"
stats_1469,USR013pA,CUST_0112,2024-03-01,575.38,1,0.0,575.38,575.38,575.38,575.38,"{""Travel"": 1}"
stats_1470,USR013pA,CUST_0112,2024-04-01,211.86,2,0.0,211.86,105.93,122.98,122.98,"{""Housing and Utilities"": 1, ""Hobbies"": 1}"
stats_1471,USR013pA,CUST_0112,2024-05-01,9.05,2,0.0,9.05,4.53,7.94,7.94,"{""Transportation"": 1, ""Groceries"": 1}"
stats_1472,USR013pA,CUST_0112,2024-06-01,2173.72,3,0.0,2173.72,724.57,1274.69,1274.69,"{""Travel"": 2, ""Fitness"": 1}"
stats_1473,USR013pA,CUST_0112,2024-08-01,1698.24,4,0.0,1698.24,424.56,551.64,551.64,"{""Transportation"": 2, ""Gifts"": 1, ""Shopping"": 1}"
stats_1474,USR013pA,CUST_0112,2024-09-01,237.5,1,0.0,237.5,237.5,237.5,237.5,"{""Gifts"": 1}"
stats_1475,USR013pA,CUST_0112,2024-10-01,158.89,2,0.0,158.89,79.44,126.4,126.4,"{""Hobbies"": 1, ""Transportation"": 1}"
stats_1476,USR013pA,CUST_0112,2024-11-01,1384.69,6,0.0,1384.69,230.78,396.55,396.55,"{""Hobbies"": 2, ""Fitness"": 1, ""Subscriptions"": 1, ""Food"": 1, ""Gifts"": 1}"
stats_1477,USR013pA,CUST_0112,2024-12-01,529.33,3,0.0,529.33,176.44,341.63,341.63,"{""Food"": 2, ""Shopping"": 1}"
stats_1478,USR579jO,CUST_0066,2023-01-01,154731.2,2,0.0,154731.2,77365.6,154589.16,154589.16,"{""Shopping"": 1, ""Housing and Utilities"": 1}"
stats_1479,USR579jO,CUST_0066,2023-02-01,11.25,1,0.0,11.25,11.25,11.25,11.25,"{""Groceries"": 1}"
stats_1480,USR579jO,CUST_0066,2023-03-01,1358.95,3,0.0,1358.95,452.98,860.59,860.59,"{""Medical/Dental"": 1, ""Shopping"": 1, ""Groceries"": 1}"
stats_1481,USR579jO,CUST_0066,2023-04-01,364.85,4,0.0,364.85,91.21,254.26,254.26,"{""Travel"": 1, ""Subscriptions"": 1, ""Groceries"": 1, ""Hobbies"": 1}"
stats_1482,USR579jO,CUST_0066,2023-05-01,353.55,1,0.0,353.55,353.55,353.55,353.55,"{""Travel"": 1}"
stats_1483,USR579jO,CUST_0066,2023-06-01,312.53,2,0.0,312.53,156.26,277.8,277.8,"{""Fitness"": 1, ""Hobbies"": 1}"
stats_1484,USR579jO,CUST_0066,2023-07-01,429.78,1,0.0,429.78,429.78,429.78,429.78,"{""Friend Activities"": 1}"
stats_1485,USR579jO,CUST_0066,2023-08-01,841.79,3,0.0,841.79,280.6,517.65,517.65,"{""Food"": 1, ""Medical/Dental"": 1, ""Friend Activities"": 1}"
stats_1486,USR579jO,CUST_0066,2023-10-01,642.47,3,0.0,642.47,214.16,465.01,465.01,"{""Friend Activities"": 1, ""Medical/Dental"": 1, ""Travel"": 1}"
stats_1487,USR579jO,CUST_0066,2023-11-01,156631.15,5,0.0,156631.15,31326.23,155475.75,155475.75,"{""Shopping"": 1, ""Groceries"": 1, ""Gifts"": 1, ""Medical/Dental"": 1, ""Food"": 1}"
stats_1488,USR579jO,CUST_0066,2023-12-01,98.3,1,0.0,98.3,98.3,98.3,98.3,"{""Fitness"": 1}"
stats_1489,USR579jO,CUST_0066,2024-01-01,852.63,4,0.0,852.63,213.16,567.37,567.37,"{""Food"": 2, ""Groceries"": 1, ""Transportation"": 1}"
stats_1490,USR579jO,CUST_0066,2024-02-01,1183.43,2,0.0,1183.43,591.72,692.84,692.84,"{""Shopping"": 1, ""Medical/Dental"": 1}"
stats_1491,USR579jO,CUST_0066,2024-03-01,120.31,3,0.0,120.31,40.1,76.34,76.34,"{""Food"": 1, ""Hobbies"": 1, ""Fitness"": 1}"
stats_1492,USR579jO,CUST_0066,2024-05-01,7390.02,3,0.0,7390.02,2463.34,6345.87,6345.87,"{""Medical/Dental"": 1, ""Fitness"": 1, ""Housing and Utilities"": 1}"
stats_1493,USR579jO,CUST_0066,2024-07-01,113.67,1,0.0,113.67,113.67,113.67,113.67,"{""Food"": 1}"
stats_1494,USR579jO,CUST_0066,2024-08-01,1202.89,2,0.0,1202.89,601.45,1175.84,1175.84,"{""Travel"": 1, ""Groceries"": 1}"
stats_1495,USR579jO,CUST_0066,2024-09-01,1345.01,2,0.0,1345.01,672.5,1305.46,1305.46,"{""Travel"": 1, ""Transportation"": 1}"
stats_1496,USR579jO,CUST_0066,2024-11-01,328.84,2,0.0,328.84,164.42,171.35,171.35,"{""Friend Activities"": 1, ""Housing and Utilities"": 1}"
stats_1497,USR621BM,CUST_0020,2023-01-01,697.99,4,0.0,697.99,174.5,385.6,385.6,"{""Groceries"": 1, ""Medical/Dental"": 1, ""Personal Hygiene"": 1, ""Fitness"": 1}"
stats_1498,USR621BM,CUST_0020,2023-02-01,22.23,1,0.0,22.23,22.23,22.23,22.23,"{""Personal Hygiene"": 1}"
stats_1499,USR621BM,CUST_0020,2023-03-01,65859.26,3,0.0,65859.26,21953.09,64899.6,64899.6,"{""Transportation"": 1, ""Fitness"": 1, ""Shopping"": 1}"
stats_1500,USR621BM,CUST_0020,2023-04-01,51.69,1,0.0,51.69,51.69,51.69,51.69,"{""Subscriptions"": 1}"
stats_1501,USR621BM,CUST_0020,2023-05-01,50.15,1,0.0,50.15,50.15,50.15,50.15,"{""Subscriptions"": 1}"
stats_1502,USR621BM,CUST_0020,2023-07-01,86.57,2,0.0,86.57,43.28,48.94,48.94,"{""Personal Hygiene"": 1, ""Housing and Utilities"": 1}"
stats_1503,USR621BM,CUST_0020,2023-08-01,173.31,2,0.0,173.31,86.66,161.5,161.5,"{""Travel"": 1, ""Subscriptions"": 1}"
stats_1504,USR621BM,CUST_0020,2023-09-01,44.82,1,0.0,44.82,44.82,44.82,44.82,"{""Food"": 1}"
stats_1505,USR621BM,CUST_0020,2023-10-01,120.65,3,0.0,120.65,40.22,80.66,80.66,"{""Personal Hygiene"": 1, ""Hobbies"": 1, ""Medical/Dental"": 1}"
stats_1506,USR621BM,CUST_0020,2023-11-01,24.68,1,0.0,24.68,24.68,24.68,24.68,"{""Food"": 1}"
stats_1507,USR621BM,CUST_0020,2023-12-01,72.55,1,0.0,72.55,72.55,72.55,72.55,"{""Housing and Utilities"": 1}"
stats_1508,USR621BM,CUST_0020,2024-01-01,317.45,1,0.0,317.45,317.45,317.45,317.45,"{""Fitness"": 1}"
stats_1509,USR621BM,CUST_0020,2024-03-01,349.97,1,0.0,349.97,349.97,349.97,349.97,"{""Fitness"": 1}"
stats_1510,USR621BM,CUST_0020,2024-04-01,4330.6,3,0.0,4330.6,1443.53,3994.84,3994.84,"{""Personal Hygiene"": 1, ""Transportation"": 1, ""Housing and Utilities"": 1}"
stats_1511,USR621BM,CUST_0020,2024-05-01,634.01,5,0.0,634.01,126.8,447.5,447.5,"{""Shopping"": 2, ""Fitness"": 1, ""Subscriptions"": 1, ""Hobbies"": 1}"
stats_1512,USR621BM,CUST_0020,2024-06-01,449.16,3,0.0,449.16,149.72,337.32,337.32,"{""Food"": 1, ""Travel"": 1, ""Gifts"": 1}"
stats_1513,USR621BM,CUST_0020,2024-07-01,632.49,3,0.0,632.49,210.83,443.17,443.17,"{""Friend Activities"": 1, ""Fitness"": 1, ""Hobbies"": 1}"
stats_1514,USR621BM,CUST_0020,2024-08-01,188.02,2,0.0,188.02,94.01,169.2,169.2,"{""Personal Hygiene"": 1, ""Travel"": 1}"
stats_1515,USR621BM,CUST_0020,2024-10-01,59.3,1,0.0,59.3,59.3,59.3,59.3,"{""Friend Activities"": 1}"
stats_1516,USR621BM,CUST_0020,2024-11-01,117.19,2,0.0,117.19,58.6,78.91,78.91,"{""Gifts"": 1, ""Shopping"": 1}"
stats_1517,USR621BM,CUST_0020,2024-12-01,1654.7,3,0.0,1654.7,551.57,1546.26,1546.26,"{""Personal Hygiene"": 1, ""Travel"": 1, ""Hobbies"": 1}"
stats_1518,USR592gD,CUST_0077,2023-01-01,4423.08,3,0.0,4423.08,1474.36,3991.09,3991.09,"{""Shopping"": 2, ""Travel"": 1}"
stats_1519,USR592gD,CUST_0077,2023-02-01,93.95,1,0.0,93.95,93.95,93.95,93.95,"{""Transportation"": 1}"
stats_1520,USR592gD,CUST_0077,2023-03-01,268.43,2,0.0,268.43,134.22,254.63,254.63,"{""Hobbies"": 1, ""Travel"": 1}"
stats_1521,USR592gD,CUST_0077,2023-05-01,193.22,3,0.0,193.22,64.41,149.7,149.7,"{""Travel"": 1, ""Subscriptions"": 1, ""Friend Activities"": 1}"
stats_1522,USR592gD,CUST_0077,2023-06-01,590.03,6,0.0,590.03,98.34,252.35,252.35,"{""Food"": 2, ""Travel"": 1, ""Subscriptions"": 1, ""Transportation"": 1, ""Medical/Dental"": 1}"
stats_1523,USR592gD,CUST_0077,2023-07-01,422.22,2,0.0,422.22,211.11,327.61,327.61,"{""Medical/Dental"": 1, ""Shopping"": 1}"
stats_1524,USR592gD,CUST_0077,2023-08-01,610.39,3,0.0,610.39,203.46,523.28,523.28,"{""Shopping"": 1, ""Gifts"": 1, ""Groceries"": 1}"
stats_1525,USR592gD,CUST_0077,2023-09-01,112.97,2,0.0,112.97,56.48,91.22,91.22,"{""Groceries"": 1, ""Gifts"": 1}"
stats_1526,USR592gD,CUST_0077,2023-10-01,522.14,2,0.0,522.14,261.07,275.14,275.14,"{""Friend Activities"": 1, ""Medical/Dental"": 1}"
stats_1527,USR592gD,CUST_0077,2023-12-01,263.11,1,0.0,263.11,263.11,263.11,263.11,"{""Food"": 1}"
stats_1528,USR592gD,CUST_0077,2024-01-01,924.18,3,0.0,924.18,308.06,486.27,486.27,"{""Medical/Dental"": 1, ""Hobbies"": 1, ""Fitness"": 1}"
stats_1529,USR592gD,CUST_0077,2024-03-01,220.84,2,0.0,220.84,110.42,163.13,163.13,"{""Transportation"": 1, ""Housing and Utilities"": 1}"
stats_1530,USR592gD,CUST_0077,2024-04-01,258.38,5,0.0,258.38,51.68,80.92,80.92,"{""Transportation"": 2, ""Hobbies"": 1, ""Groceries"": 1, ""Travel"": 1}"
stats_1531,USR592gD,CUST_0077,2024-05-01,61.9,1,0.0,61.9,61.9,61.9,61.9,"{""Friend Activities"": 1}"
stats_1532,USR592gD,CUST_0077,2024-06-01,1084.45,2,0.0,1084.45,542.22,1023.57,1023.57,"{""Fitness"": 1, ""Subscriptions"": 1}"
stats_1533,USR592gD,CUST_0077,2024-07-01,792.08,2,0.0,792.08,396.04,556.37,556.37,"{""Gifts"": 1, ""Medical/Dental"": 1}"
stats_1534,USR592gD,CUST_0077,2024-08-01,16.56,1,0.0,16.56,16.56,16.56,16.56,"{""Groceries"": 1}"
stats_1535,USR592gD,CUST_0077,2024-09-01,184.69,2,0.0,184.69,92.34,107.21,107.21,"{""Gifts"": 1, ""Transportation"": 1}"
stats_1536,USR592gD,CUST_0077,2024-11-01,6968.11,3,0.0,6968.11,2322.7,6645.43,6645.43,"{""Subscriptions"": 1, ""Gifts"": 1, ""Housing and Utilities"": 1}"
stats_1537,USR592gD,CUST_0077,2024-12-01,339.7,3,0.0,339.7,113.23,230.99,230.99,"{""Medical/Dental"": 1, ""Subscriptions"": 1, ""Friend Activities"": 1}"
stats_1538,USR592gD,CUST_0077,2025-01-01,146.79,1,0.0,146.79,146.79,146.79,146.79,"{""Friend Activities"": 1}"
stats_1539,USR140si,CUST_0146,2023-02-01,25.34,1,0.0,25.34,25.34,25.34,25.34,"{""Food"": 1}"
stats_1540,USR140si,CUST_0146,2023-03-01,62.41,1,0.0,62.41,62.41,62.41,62.41,"{""Subscriptions"": 1}"
stats_1541,USR140si,CUST_0146,2023-04-01,59.48,2,0.0,59.48,29.74,40.86,40.86,"{""Fitness"": 1, ""Personal Hygiene"": 1}"
stats_1542,USR140si,CUST_0146,2023-05-01,506.53,2,0.0,506.53,253.26,482.46,482.46,"{""Medical/Dental"": 1, ""Personal Hygiene"": 1}"
stats_1543,USR140si,CUST_0146,2023-06-01,1226.79,2,0.0,1226.79,613.4,646.6,646.6,"{""Fitness"": 1, ""Medical/Dental"": 1}"
stats_1544,USR140si,CUST_0146,2023-07-01,55905.39,3,0.0,55905.39,18635.13,54472.59,54472.59,"{""Shopping"": 2, ""Subscriptions"": 1}"
stats_1545,USR140si,CUST_0146,2023-08-01,450.4,2,0.0,450.4,225.2,442.83,442.83,"{""Travel"": 1, ""Personal Hygiene"": 1}"
stats_1546,USR140si,CUST_0146,2023-09-01,14.87,1,0.0,14.87,14.87,14.87,14.87,"{""Food"": 1}"
stats_1547,USR140si,CUST_0146,2023-10-01,69.84,1,0.0,69.84,69.84,69.84,69.84,"{""Hobbies"": 1}"
stats_1548,USR140si,CUST_0146,2023-11-01,64.59,1,0.0,64.59,64.59,64.59,64.59,"{""Medical/Dental"": 1}"
stats_1549,USR140si,CUST_0146,2023-12-01,3188.75,5,0.0,3188.75,637.75,901.12,901.12,"{""Medical/Dental"": 3, ""Transportation"": 1, ""Travel"": 1}"
stats_1550,USR140si,CUST_0146,2024-01-01,158.38,2,0.0,158.38,79.19,140.32,140.32,"{""Hobbies"": 1, ""Personal Hygiene"": 1}"
stats_1551,USR140si,CUST_0146,2024-02-01,12.56,1,0.0,12.56,12.56,12.56,12.56,"{""Food"": 1}"
stats_1552,USR140si,CUST_0146,2024-03-01,42.23,1,0.0,42.23,42.23,42.23,42.23,"{""Personal Hygiene"": 1}"
stats_1553,USR140si,CUST_0146,2024-04-01,203.13,2,0.0,203.13,101.56,104.57,104.57,"{""Housing and Utilities"": 1, ""Travel"": 1}"
stats_1554,USR140si,CUST_0146,2024-05-01,1865.56,3,0.0,1865.56,621.85,1278.23,1278.23,"{""Shopping"": 2, ""Personal Hygiene"": 1}"
stats_1555,USR140si,CUST_0146,2024-06-01,249.39,2,0.0,249.39,124.7,193.92,193.92,"{""Subscriptions"": 1, ""Housing and Utilities"": 1}"
stats_1556,USR140si,CUST_0146,2024-08-01,454.86,3,0.0,454.86,151.62,390.09,390.09,"{""Subscriptions"": 1, ""Travel"": 1, ""Medical/Dental"": 1}"
stats_1557,USR140si,CUST_0146,2024-09-01,15.51,1,0.0,15.51,15.51,15.51,15.51,"{""Groceries"": 1}"
stats_1558,USR140si,CUST_0146,2024-10-01,630.3,1,0.0,630.3,630.3,630.3,630.3,"{""Friend Activities"": 1}"
stats_1559,USR140si,CUST_0146,2024-12-01,1236.21,3,0.0,1236.21,412.07,1160.21,1160.21,"{""Groceries"": 1, ""Shopping"": 1, ""Fitness"": 1}"
stats_1560,USR140si,CUST_0146,2025-01-01,7.99,1,0.0,7.99,7.99,7.99,7.99,"{""Personal Hygiene"": 1}"
stats_1561,USR596jh,CUST_0197,2023-01-01,83.94,2,0.0,83.94,41.97,77.86,77.86,"{""Fitness"": 1, ""Hobbies"": 1}"
stats_1562,USR596jh,CUST_0197,2023-02-01,260.85,3,0.0,260.85,86.95,227.62,227.62,"{""Transportation"": 1, ""Hobbies"": 1, ""Medical/Dental"": 1}"
stats_1563,USR596jh,CUST_0197,2023-03-01,14365.92,1,0.0,14365.92,14365.92,14365.92,14365.92,"{""Shopping"": 1}"
stats_1564,USR596jh,CUST_0197,2023-04-01,459.13,3,0.0,459.13,153.04,275.61,275.61,"{""Food"": 1, ""Fitness"": 1, ""Gifts"": 1}"
stats_1565,USR596jh,CUST_0197,2023-06-01,12.07,1,0.0,12.07,12.07,12.07,12.07,"{""Friend Activities"": 1}"
stats_1566,USR596jh,CUST_0197,2023-07-01,121.25,2,0.0,121.25,60.62,88.42,88.42,"{""Food"": 1, ""Hobbies"": 1}"
stats_1567,USR596jh,CUST_0197,2023-08-01,10.82,1,0.0,10.82,10.82,10.82,10.82,"{""Food"": 1}"
stats_1568,USR596jh,CUST_0197,2023-09-01,562.83,2,0.0,562.83,281.42,361.47,361.47,"{""Gifts"": 1, ""Hobbies"": 1}"
stats_1569,USR596jh,CUST_0197,2023-10-01,35.23,1,0.0,35.23,35.23,35.23,35.23,"{""Subscriptions"": 1}"
stats_1570,USR596jh,CUST_0197,2023-11-01,180.83,1,0.0,180.83,180.83,180.83,180.83,"{""Gifts"": 1}"
stats_1571,USR596jh,CUST_0197,2023-12-01,61.84,1,0.0,61.84,61.84,61.84,61.84,"{""Fitness"": 1}"
stats_1572,USR596jh,CUST_0197,2024-01-01,46.49,2,0.0,46.49,23.24,27.8,27.8,"{""Personal Hygiene"": 1, ""Housing and Utilities"": 1}"
stats_1573,USR596jh,CUST_0197,2024-03-01,253.71,2,0.0,253.71,126.86,226.58,226.58,"{""Groceries"": 1, ""Medical/Dental"": 1}"
stats_1574,USR596jh,CUST_0197,2024-04-01,292.64,2,0.0,292.64,146.32,202.67,202.67,"{""Housing and Utilities"": 1, ""Shopping"": 1}"
stats_1575,USR596jh,CUST_0197,2024-05-01,1139.33,4,0.0,1139.33,284.83,989.3,989.3,"{""Fitness"": 2, ""Personal Hygiene"": 1, ""Groceries"": 1}"
stats_1576,USR596jh,CUST_0197,2024-06-01,246.44,2,0.0,246.44,123.22,234.9,234.9,"{""Personal Hygiene"": 1, ""Medical/Dental"": 1}"
stats_1577,USR596jh,CUST_0197,2024-07-01,122.8,2,0.0,122.8,61.4,91.27,91.27,"{""Transportation"": 1, ""Subscriptions"": 1}"
stats_1578,USR596jh,CUST_0197,2024-08-01,604.24,3,0.0,604.24,201.41,489.5,489.5,"{""Food"": 2, ""Groceries"": 1}"
stats_1579,USR596jh,CUST_0197,2024-09-01,302.36,2,0.0,302.36,151.18,281.04,281.04,"{""Food"": 1, ""Shopping"": 1}"
stats_1580,USR596jh,CUST_0197,2024-10-01,58.02,2,0.0,58.02,29.01,42.79,42.79,"{""Groceries"": 2}"
stats_1581,USR596jh,CUST_0197,2024-11-01,331.84,1,0.0,331.84,331.84,331.84,331.84,"{""Medical/Dental"": 1}"
stats_1582,USR596jh,CUST_0197,2024-12-01,2650.23,4,0.0,2650.23,662.56,1674.65,1674.65,"{""Friend Activities"": 1, ""Fitness"": 1, ""Gifts"": 1, ""Shopping"": 1}"
stats_1583,USR691El,CUST_0198,2023-01-01,59.55,1,0.0,59.55,59.55,59.55,59.55,"{""Fitness"": 1}"
stats_1584,USR691El,CUST_0198,2023-02-01,247018.55,5,0.0,247018.55,49403.71,246679.84,246679.84,"{""Housing and Utilities"": 1, ""Medical/Dental"": 1, ""Shopping"": 1, ""Transportation"": 1, ""Personal Hygiene"": 1}"
stats_1585,USR691El,CUST_0198,2023-03-01,58.9,1,0.0,58.9,58.9,58.9,58.9,"{""Food"": 1}"
stats_1586,USR691El,CUST_0198,2023-04-01,50.35,1,0.0,50.35,50.35,50.35,50.35,"{""Subscriptions"": 1}"
stats_1587,USR691El,CUST_0198,2023-05-01,191.79,2,0.0,191.79,95.9,120.49,120.49,"{""Gifts"": 1, ""Fitness"": 1}"
stats_1588,USR691El,CUST_0198,2023-06-01,92.64,2,0.0,92.64,46.32,82.38,82.38,"{""Fitness"": 1, ""Groceries"": 1}"
stats_1589,USR691El,CUST_0198,2023-07-01,373.84,1,0.0,373.84,373.84,373.84,373.84,"{""Fitness"": 1}"
stats_1590,USR691El,CUST_0198,2023-08-01,6.85,1,0.0,6.85,6.85,6.85,6.85,"{""Food"": 1}"
stats_1591,USR691El,CUST_0198,2023-09-01,639.93,2,0.0,639.93,319.96,323.75,323.75,"{""Gifts"": 1, ""Fitness"": 1}"
stats_1592,USR691El,CUST_0198,2023-10-01,538.64,1,0.0,538.64,538.64,538.64,538.64,"{""Transportation"": 1}"
stats_1593,USR691El,CUST_0198,2023-12-01,857.37,2,0.0,857.37,428.68,834.75,834.75,"{""Fitness"": 1, ""Food"": 1}"
stats_1594,USR691El,CUST_0198,2024-01-01,512.64,3,0.0,512.64,170.88,368.02,368.02,"{""Food"": 1, ""Hobbies"": 1, ""Subscriptions"": 1}"
stats_1595,USR691El,CUST_0198,2024-02-01,581.64,3,0.0,581.64,193.88,572.17,572.17,"{""Groceries"": 1, ""Personal Hygiene"": 1, ""Transportation"": 1}"
stats_1596,USR691El,CUST_0198,2024-04-01,1656.45,2,0.0,1656.45,828.22,1304.98,1304.98,"{""Travel"": 1, ""Fitness"": 1}"
stats_1597,USR691El,CUST_0198,2024-05-01,34.27,1,0.0,34.27,34.27,34.27,34.27,"{""Groceries"": 1}"
stats_1598,USR691El,CUST_0198,2024-06-01,165.31,1,0.0,165.31,165.31,165.31,165.31,"{""Gifts"": 1}"
stats_1599,USR691El,CUST_0198,2024-07-01,59.75,1,0.0,59.75,59.75,59.75,59.75,"{""Subscriptions"": 1}"
stats_1600,USR691El,CUST_0198,2024-09-01,227.16,1,0.0,227.16,227.16,227.16,227.16,"{""Medical/Dental"": 1}"
stats_1601,USR691El,CUST_0198,2024-10-01,54.39,2,0.0,54.39,27.2,35.88,35.88,"{""Travel"": 1, ""Subscriptions"": 1}"
stats_1602,USR691El,CUST_0198,2024-11-01,114.55,1,0.0,114.55,114.55,114.55,114.55,"{""Gifts"": 1}"
stats_1603,USR691El,CUST_0198,2024-12-01,528.84,4,0.0,528.84,132.21,455.86,455.86,"{""Groceries"": 1, ""Subscriptions"": 1, ""Friend Activities"": 1, ""Gifts"": 1}"
stats_1604,USR691El,CUST_0198,2025-01-01,86.59,2,0.0,86.59,43.3,68.65,68.65,"{""Friend Activities"": 2}"
stats_1605,USR062rU,CUST_0164,2023-01-01,1912.2,3,0.0,1912.2,637.4,1725.99,1725.99,"{""Gifts"": 1, ""Housing and Utilities"": 1, ""Personal Hygiene"": 1}"
stats_1606,USR062rU,CUST_0164,2023-02-01,413.04,3,0.0,413.04,137.68,386.63,386.63,"{""Personal Hygiene"": 1, ""Friend Activities"": 1, ""Groceries"": 1}"
stats_1607,USR062rU,CUST_0164,2023-03-01,63.76,2,0.0,63.76,31.88,34.48,34.48,"{""Hobbies"": 1, ""Travel"": 1}"
stats_1608,USR062rU,CUST_0164,2023-04-01,15.73,1,0.0,15.73,15.73,15.73,15.73,"{""Groceries"": 1}"
stats_1609,USR062rU,CUST_0164,2023-05-01,3923.67,2,0.0,3923.67,1961.84,3572.33,3572.33,"{""Travel"": 1, ""Housing and Utilities"": 1}"
stats_1610,USR062rU,CUST_0164,2023-06-01,1005.7,2,0.0,1005.7,502.85,618.08,618.08,"{""Fitness"": 1, ""Personal Hygiene"": 1}"
stats_1611,USR062rU,CUST_0164,2023-07-01,875.84,3,0.0,875.84,291.95,508.55,508.55,"{""Travel"": 1, ""Gifts"": 1, ""Groceries"": 1}"
stats_1612,USR062rU,CUST_0164,2023-08-01,49.33,1,0.0,49.33,49.33,49.33,49.33,"{""Hobbies"": 1}"
stats_1613,USR062rU,CUST_0164,2023-09-01,45.06,1,0.0,45.06,45.06,45.06,45.06,"{""Friend Activities"": 1}"
stats_1614,USR062rU,CUST_0164,2023-10-01,857.28,4,0.0,857.28,214.32,397.98,397.98,"{""Medical/Dental"": 1, ""Transportation"": 1, ""Groceries"": 1, ""Gifts"": 1}"
stats_1615,USR062rU,CUST_0164,2023-11-01,187.24,1,0.0,187.24,187.24,187.24,187.24,"{""Hobbies"": 1}"
stats_1616,USR062rU,CUST_0164,2023-12-01,155.31,2,0.0,155.31,77.66,91.17,91.17,"{""Housing and Utilities"": 1, ""Transportation"": 1}"
stats_1617,USR062rU,CUST_0164,2024-01-01,280.2,1,0.0,280.2,280.2,280.2,280.2,"{""Hobbies"": 1}"
stats_1618,USR062rU,CUST_0164,2024-02-01,17.21,1,0.0,17.21,17.21,17.21,17.21,"{""Food"": 1}"
stats_1619,USR062rU,CUST_0164,2024-03-01,512.5,1,0.0,512.5,512.5,512.5,512.5,"{""Transportation"": 1}"
stats_1620,USR062rU,CUST_0164,2024-04-01,293.27,2,0.0,293.27,146.64,205.82,205.82,"{""Friend Activities"": 1, ""Gifts"": 1}"
stats_1621,USR062rU,CUST_0164,2024-05-01,35.69,1,0.0,35.69,35.69,35.69,35.69,"{""Groceries"": 1}"
stats_1622,USR062rU,CUST_0164,2024-06-01,63.41,1,0.0,63.41,63.41,63.41,63.41,"{""Gifts"": 1}"
stats_1623,USR062rU,CUST_0164,2024-07-01,4347.37,2,0.0,4347.37,2173.68,3715.36,3715.36,"{""Transportation"": 1, ""Housing and Utilities"": 1}"
stats_1624,USR062rU,CUST_0164,2024-08-01,5.45,1,0.0,5.45,5.45,5.45,5.45,"{""Groceries"": 1}"
stats_1625,USR062rU,CUST_0164,2024-09-01,237.46,2,0.0,237.46,118.73,215.73,215.73,"{""Shopping"": 1, ""Groceries"": 1}"
stats_1626,USR062rU,CUST_0164,2024-10-01,24.81,1,0.0,24.81,24.81,24.81,24.81,"{""Fitness"": 1}"
stats_1627,USR062rU,CUST_0164,2024-11-01,1053.01,5,0.0,1053.01,210.6,430.42,430.42,"{""Fitness"": 1, ""Hobbies"": 1, ""Food"": 1, ""Transportation"": 1, ""Travel"": 1}"
stats_1628,USR062rU,CUST_0164,2024-12-01,461.05,3,0.0,461.05,153.68,259.98,259.98,"{""Transportation"": 1, ""Hobbies"": 1, ""Personal Hygiene"": 1}"
stats_1629,USR062rU,CUST_0164,2025-01-01,41.9,1,0.0,41.9,41.9,41.9,41.9,"{""Fitness"": 1}"
stats_1630,USR628kq,CUST_0121,2023-01-01,1025.67,5,0.0,1025.67,205.13,335.12,335.12,"{""Travel"": 1, ""Fitness"": 1, ""Gifts"": 1, ""Friend Activities"": 1, ""Medical/Dental"": 1}"
stats_1631,USR628kq,CUST_0121,2023-02-01,125.7,1,0.0,125.7,125.7,125.7,125.7,"{""Gifts"": 1}"
stats_1632,USR628kq,CUST_0121,2023-03-01,157.5,3,0.0,157.5,52.5,110.26,110.26,"{""Groceries"": 1, ""Transportation"": 1, ""Hobbies"": 1}"
stats_1633,USR628kq,CUST_0121,2023-04-01,9.23,1,0.0,9.23,9.23,9.23,9.23,"{""Groceries"": 1}"
stats_1634,USR628kq,CUST_0121,2023-05-01,413.96,3,0.0,413.96,137.99,278.32,278.32,"{""Friend Activities"": 1, ""Hobbies"": 1, ""Subscriptions"": 1}"
stats_1635,USR628kq,CUST_0121,2023-06-01,1233.93,3,0.0,1233.93,411.31,654.0,654.0,"{""Fitness"": 1, ""Travel"": 1, ""Shopping"": 1}"
stats_1636,USR628kq,CUST_0121,2023-07-01,149.61,1,0.0,149.61,149.61,149.61,149.61,"{""Hobbies"": 1}"
stats_1637,USR628kq,CUST_0121,2023-08-01,411.18,3,0.0,411.18,137.06,283.13,283.13,"{""Gifts"": 2, ""Travel"": 1}"
stats_1638,USR628kq,CUST_0121,2023-09-01,88.69,1,0.0,88.69,88.69,88.69,88.69,"{""Friend Activities"": 1}"
stats_1639,USR628kq,CUST_0121,2023-10-01,453.86,3,0.0,453.86,151.29,441.95,441.95,"{""Food"": 1, ""Medical/Dental"": 1, ""Subscriptions"": 1}"
stats_1640,USR628kq,CUST_0121,2023-11-01,31.24,1,0.0,31.24,31.24,31.24,31.24,"{""Gifts"": 1}"
stats_1641,USR628kq,CUST_0121,2023-12-01,1473.17,2,0.0,1473.17,736.58,1416.98,1416.98,"{""Food"": 1, ""Fitness"": 1}"
stats_1642,USR628kq,CUST_0121,2024-01-01,32.24,1,0.0,32.24,32.24,32.24,32.24,"{""Friend Activities"": 1}"
stats_1643,USR628kq,CUST_0121,2024-02-01,213047.33,4,0.0,213047.33,53261.83,211350.01,211350.01,"{""Housing and Utilities"": 1, ""Shopping"": 1, ""Subscriptions"": 1, ""Travel"": 1}"
stats_1644,USR628kq,CUST_0121,2024-03-01,13.24,1,0.0,13.24,13.24,13.24,13.24,"{""Subscriptions"": 1}"
stats_1645,USR628kq,CUST_0121,2024-04-01,982.58,2,0.0,982.58,491.29,928.74,928.74,"{""Groceries"": 1, ""Fitness"": 1}"
stats_1646,USR628kq,CUST_0121,2024-05-01,39749.17,3,0.0,39749.17,13249.72,39238.85,39238.85,"{""Friend Activities"": 1, ""Shopping"": 1, ""Hobbies"": 1}"
stats_1647,USR628kq,CUST_0121,2024-06-01,956.54,3,0.0,956.54,318.85,889.56,889.56,"{""Friend Activities"": 1, ""Subscriptions"": 1, ""Fitness"": 1}"
stats_1648,USR628kq,CUST_0121,2024-07-01,260.02,3,0.0,260.02,86.67,213.65,213.65,"{""Gifts"": 1, ""Travel"": 1, ""Groceries"": 1}"
stats_1649,USR628kq,CUST_0121,2024-08-01,1440.58,3,0.0,1440.58,480.19,1137.02,1137.02,"{""Travel"": 1, ""Shopping"": 1, ""Groceries"": 1}"
stats_1650,USR628kq,CUST_0121,2024-10-01,452.95,2,0.0,452.95,226.48,386.84,386.84,"{""Hobbies"": 1, ""Medical/Dental"": 1}"
stats_1651,USR628kq,CUST_0121,2024-11-01,5054.83,3,0.0,5054.83,1684.94,4369.96,4369.96,"{""Shopping"": 1, ""Subscriptions"": 1, ""Gifts"": 1}"
stats_1652,USR628kq,CUST_0121,2024-12-01,1262.95,3,0.0,1262.95,420.98,939.02,939.02,"{""Hobbies"": 1, ""Friend Activities"": 1, ""Gifts"": 1}"
stats_1653,USR628kq,CUST_0121,2025-01-01,1418.07,2,0.0,1418.07,709.04,1386.27,1386.27,"{""Personal Hygiene"": 1, ""Subscriptions"": 1}"
stats_1654,USR421bB,CUST_0070,2023-01-01,512.19,3,0.0,512.19,170.73,406.27,406.27,"{""Housing and Utilities"": 1, ""Medical/Dental"": 1, ""Friend Activities"": 1}"
stats_1655,USR421bB,CUST_0070,2023-02-01,7.97,1,0.0,7.97,7.97,7.97,7.97,"{""Subscriptions"": 1}"
stats_1656,USR421bB,CUST_0070,2023-03-01,908.7,3,0.0,908.7,302.9,889.49,889.49,"{""Travel"": 1, ""Personal Hygiene"": 1, ""Transportation"": 1}"
stats_1657,USR421bB,CUST_0070,2023-04-01,4850.16,1,0.0,4850.16,4850.16,4850.16,4850.16,"{""Housing and Utilities"": 1}"
stats_1658,USR421bB,CUST_0070,2023-05-01,168.01,3,0.0,168.01,56.0,103.68,103.68,"{""Hobbies"": 2, ""Subscriptions"": 1}"
stats_1659,USR421bB,CUST_0070,2023-06-01,6899.59,5,0.0,6899.59,1379.92,6251.28,6251.28,"{""Housing and Utilities"": 2, ""Hobbies"": 1, ""Travel"": 1, ""Gifts"": 1}"
stats_1660,USR421bB,CUST_0070,2023-07-01,911.53,3,0.0,911.53,303.84,584.05,584.05,"{""Transportation"": 1, ""Food"": 1, ""Fitness"": 1}"
stats_1661,USR421bB,CUST_0070,2023-11-01,4.63,1,0.0,4.63,4.63,4.63,4.63,"{""Groceries"": 1}"
stats_1662,USR421bB,CUST_0070,2023-12-01,260.11,3,0.0,260.11,86.7,199.75,199.75,"{""Friend Activities"": 1, ""Personal Hygiene"": 1, ""Hobbies"": 1}"
stats_1663,USR421bB,CUST_0070,2024-01-01,350.86,1,0.0,350.86,350.86,350.86,350.86,"{""Fitness"": 1}"
stats_1664,USR421bB,CUST_0070,2024-02-01,342.15,2,0.0,342.15,171.08,334.77,334.77,"{""Food"": 1, ""Hobbies"": 1}"
stats_1665,USR421bB,CUST_0070,2024-04-01,334.19,5,0.0,334.19,66.84,105.78,105.78,"{""Fitness"": 1, ""Food"": 1, ""Groceries"": 1, ""Shopping"": 1, ""Personal Hygiene"": 1}"
stats_1666,USR421bB,CUST_0070,2024-06-01,70.85,2,0.0,70.85,35.42,64.5,64.5,"{""Personal Hygiene"": 1, ""Subscriptions"": 1}"
stats_1667,USR421bB,CUST_0070,2024-07-01,74.81,4,0.0,74.81,18.7,47.02,47.02,"{""Food"": 1, ""Groceries"": 1, ""Transportation"": 1, ""Subscriptions"": 1}"
stats_1668,USR421bB,CUST_0070,2024-08-01,761.06,5,0.0,761.06,152.21,527.4,527.4,"{""Transportation"": 1, ""Food"": 1, ""Medical/Dental"": 1, ""Gifts"": 1, ""Personal Hygiene"": 1}"
stats_1669,USR421bB,CUST_0070,2024-09-01,53.24,2,0.0,53.24,26.62,47.19,47.19,"{""Food"": 1, ""Travel"": 1}"
stats_1670,USR421bB,CUST_0070,2024-11-01,1218.82,2,0.0,1218.82,609.41,1116.29,1116.29,"{""Food"": 1, ""Travel"": 1}"
stats_1671,USR376hP,CUST_0052,2023-01-01,61.51,3,0.0,61.51,20.5,27.73,27.73,"{""Gifts"": 1, ""Food"": 1, ""Personal Hygiene"": 1}"
stats_1672,USR376hP,CUST_0052,2023-02-01,512.66,1,0.0,512.66,512.66,512.66,512.66,"{""Travel"": 1}"
stats_1673,USR376hP,CUST_0052,2023-03-01,363.25,2,0.0,363.25,181.62,265.11,265.11,"{""Food"": 1, ""Housing and Utilities"": 1}"
stats_1674,USR376hP,CUST_0052,2023-04-01,39.8,2,0.0,39.8,19.9,37.02,37.02,"{""Groceries"": 1, ""Travel"": 1}"
stats_1675,USR376hP,CUST_0052,2023-05-01,45.35,1,0.0,45.35,45.35,45.35,45.35,"{""Hobbies"": 1}"
stats_1676,USR376hP,CUST_0052,2023-06-01,544.03,3,0.0,544.03,181.34,307.36,307.36,"{""Medical/Dental"": 1, ""Transportation"": 1, ""Friend Activities"": 1}"
stats_1677,USR376hP,CUST_0052,2023-07-01,482.18,4,0.0,482.18,120.54,275.28,275.28,"{""Travel"": 1, ""Transportation"": 1, ""Shopping"": 1, ""Groceries"": 1}"
stats_1678,USR376hP,CUST_0052,2023-08-01,327.12,2,0.0,327.12,163.56,318.34,318.34,"{""Friend Activities"": 1, ""Transportation"": 1}"
stats_1679,USR376hP,CUST_0052,2023-09-01,988.3,3,0.0,988.3,329.43,697.22,697.22,"{""Food"": 2, ""Medical/Dental"": 1}"
stats_1680,USR376hP,CUST_0052,2023-10-01,1002.92,3,0.0,1002.92,334.31,702.13,702.13,"{""Gifts"": 1, ""Subscriptions"": 1, ""Transportation"": 1}"
stats_1681,USR376hP,CUST_0052,2023-11-01,609.86,2,0.0,609.86,304.93,607.14,607.14,"{""Shopping"": 1, ""Personal Hygiene"": 1}"
stats_1682,USR376hP,CUST_0052,2023-12-01,64.93,1,0.0,64.93,64.93,64.93,64.93,"{""Subscriptions"": 1}"
stats_1683,USR376hP,CUST_0052,2024-01-01,334.97,2,0.0,334.97,167.48,287.99,287.99,"{""Transportation"": 1, ""Friend Activities"": 1}"
stats_1684,USR376hP,CUST_0052,2024-02-01,306.39,2,0.0,306.39,153.2,264.75,264.75,"{""Hobbies"": 1, ""Friend Activities"": 1}"
stats_1685,USR376hP,CUST_0052,2024-03-01,407.5,1,0.0,407.5,407.5,407.5,407.5,"{""Friend Activities"": 1}"
stats_1686,USR376hP,CUST_0052,2024-04-01,1943.5,3,0.0,1943.5,647.83,1750.27,1750.27,"{""Fitness"": 2, ""Hobbies"": 1}"
stats_1687,USR376hP,CUST_0052,2024-05-01,1398.2,3,0.0,1398.2,466.07,1194.56,1194.56,"{""Food"": 1, ""Housing and Utilities"": 1, ""Gifts"": 1}"
stats_1688,USR376hP,CUST_0052,2024-06-01,18.04,1,0.0,18.04,18.04,18.04,18.04,"{""Friend Activities"": 1}"
stats_1689,USR376hP,CUST_0052,2024-07-01,157.02,3,0.0,157.02,52.34,108.64,108.64,"{""Transportation"": 2, ""Personal Hygiene"": 1}"
stats_1690,USR376hP,CUST_0052,2024-08-01,502.99,2,0.0,502.99,251.5,453.25,453.25,"{""Subscriptions"": 1, ""Hobbies"": 1}"
stats_1691,USR376hP,CUST_0052,2024-09-01,3258.53,4,0.0,3258.53,814.63,1483.77,1483.77,"{""Travel"": 3, ""Groceries"": 1}"
stats_1692,USR376hP,CUST_0052,2024-10-01,1997.5,1,0.0,1997.5,1997.5,1997.5,1997.5,"{""Fitness"": 1}"
stats_1693,USR376hP,CUST_0052,2024-11-01,341.98,2,0.0,341.98,170.99,175.18,175.18,"{""Travel"": 1, ""Housing and Utilities"": 1}"
stats_1694,USR376hP,CUST_0052,2024-12-01,1266.45,1,0.0,1266.45,1266.45,1266.45,1266.45,"{""Fitness"": 1}"
stats_1695,USR376hP,CUST_0052,2025-01-01,13.09,1,0.0,13.09,13.09,13.09,13.09,"{""Personal Hygiene"": 1}"
stats_1696,USR001YL,CUST_0185,2023-01-01,155.04,1,0.0,155.04,155.04,155.04,155.04,"{""Housing and Utilities"": 1}"
stats_1697,USR001YL,CUST_0185,2023-02-01,90.31,3,0.0,90.31,30.1,52.13,52.13,"{""Groceries"": 2, ""Fitness"": 1}"
stats_1698,USR001YL,CUST_0185,2023-04-01,1221.82,4,0.0,1221.82,305.46,710.21,710.21,"{""Fitness"": 1, ""Medical/Dental"": 1, ""Gifts"": 1, ""Subscriptions"": 1}"
stats_1699,USR001YL,CUST_0185,2023-05-01,576.64,3,0.0,576.64,192.21,523.48,523.48,"{""Hobbies"": 1, ""Food"": 1, ""Travel"": 1}"
stats_1700,USR001YL,CUST_0185,2023-06-01,599.16,3,0.0,599.16,199.72,530.27,530.27,"{""Transportation"": 1, ""Hobbies"": 1, ""Medical/Dental"": 1}"
stats_1701,USR001YL,CUST_0185,2023-07-01,395.9,2,0.0,395.9,197.95,269.4,269.4,"{""Fitness"": 1, ""Gifts"": 1}"
stats_1702,USR001YL,CUST_0185,2023-08-01,172.03,1,0.0,172.03,172.03,172.03,172.03,"{""Housing and Utilities"": 1}"
stats_1703,USR001YL,CUST_0185,2023-09-01,787.82,2,0.0,787.82,393.91,777.97,777.97,"{""Fitness"": 1, ""Subscriptions"": 1}"
stats_1704,USR001YL,CUST_0185,2023-11-01,506.24,3,0.0,506.24,168.75,262.88,262.88,"{""Hobbies"": 1, ""Subscriptions"": 1, ""Gifts"": 1}"
stats_1705,USR001YL,CUST_0185,2023-12-01,834.51,5,0.0,834.51,166.9,459.4,459.4,"{""Travel"": 1, ""Medical/Dental"": 1, ""Shopping"": 1, ""Transportation"": 1, ""Friend Activities"": 1}"
stats_1706,USR001YL,CUST_0185,2024-01-01,246.7,2,0.0,246.7,123.35,210.89,210.89,"{""Subscriptions"": 1, ""Transportation"": 1}"
stats_1707,USR001YL,CUST_0185,2024-03-01,205285.91,2,0.0,205285.91,102642.96,205093.33,205093.33,"{""Shopping"": 1, ""Friend Activities"": 1}"
stats_1708,USR001YL,CUST_0185,2024-04-01,515.2,3,0.0,515.2,171.73,371.72,371.72,"{""Fitness"": 2, ""Gifts"": 1}"
stats_1709,USR001YL,CUST_0185,2024-05-01,628.41,3,0.0,628.41,209.47,444.55,444.55,"{""Hobbies"": 1, ""Gifts"": 1, ""Groceries"": 1}"
stats_1710,USR001YL,CUST_0185,2024-06-01,126.11,2,0.0,126.11,63.06,91.83,91.83,"{""Friend Activities"": 1, ""Travel"": 1}"
stats_1711,USR001YL,CUST_0185,2024-07-01,449.55,4,0.0,449.55,112.39,349.64,349.64,"{""Travel"": 1, ""Groceries"": 1, ""Food"": 1, ""Friend Activities"": 1}"
stats_1712,USR001YL,CUST_0185,2024-08-01,254.98,4,0.0,254.98,63.74,180.98,180.98,"{""Hobbies"": 2, ""Travel"": 1, ""Personal Hygiene"": 1}"
stats_1713,USR001YL,CUST_0185,2024-09-01,9.23,1,0.0,9.23,9.23,9.23,9.23,"{""Subscriptions"": 1}"
stats_1714,USR001YL,CUST_0185,2024-10-01,792.49,2,0.0,792.49,396.24,464.85,464.85,"{""Gifts"": 1, ""Medical/Dental"": 1}"
stats_1715,USR001YL,CUST_0185,2024-11-01,96.36,1,0.0,96.36,96.36,96.36,96.36,"{""Housing and Utilities"": 1}"
stats_1716,USR001YL,CUST_0185,2024-12-01,150.38,2,0.0,150.38,75.19,109.96,109.96,"{""Food"": 1, ""Hobbies"": 1}"
stats_1717,USR001YL,CUST_0185,2025-01-01,1155.38,1,0.0,1155.38,1155.38,1155.38,1155.38,"{""Gifts"": 1}"
stats_1718,USR756hT,CUST_0047,2023-01-01,68.92,2,0.0,68.92,34.46,53.49,53.49,"{""Personal Hygiene"": 1, ""Hobbies"": 1}"
stats_1719,USR756hT,CUST_0047,2023-03-01,53.24,1,0.0,53.24,53.24,53.24,53.24,"{""Personal Hygiene"": 1}"
stats_1720,USR756hT,CUST_0047,2023-04-01,83.39,2,0.0,83.39,41.7,52.05,52.05,"{""Housing and Utilities"": 1, ""Food"": 1}"
stats_1721,USR756hT,CUST_0047,2023-06-01,327173.46,3,0.0,327173.46,109057.82,325127.03,325127.03,"{""Personal Hygiene"": 1, ""Housing and Utilities"": 1, ""Shopping"": 1}"
stats_1722,USR756hT,CUST_0047,2023-07-01,455.61,2,0.0,455.61,227.8,434.32,434.32,"{""Shopping"": 1, ""Travel"": 1}"
stats_1723,USR756hT,CUST_0047,2023-08-01,30.43,1,0.0,30.43,30.43,30.43,30.43,"{""Hobbies"": 1}"
stats_1724,USR756hT,CUST_0047,2023-10-01,477.41,2,0.0,477.41,238.7,370.61,370.61,"{""Travel"": 1, ""Friend Activities"": 1}"
stats_1725,USR756hT,CUST_0047,2023-11-01,609.69,6,0.0,609.69,101.62,390.94,390.94,"{""Groceries"": 2, ""Travel"": 2, ""Subscriptions"": 1, ""Personal Hygiene"": 1}"
stats_1726,USR756hT,CUST_0047,2023-12-01,78.47,1,0.0,78.47,78.47,78.47,78.47,"{""Shopping"": 1}"
stats_1727,USR756hT,CUST_0047,2024-01-01,151.79,4,0.0,151.79,37.95,73.22,73.22,"{""Food"": 1, ""Gifts"": 1, ""Subscriptions"": 1, ""Groceries"": 1}"
stats_1728,USR756hT,CUST_0047,2024-02-01,249.28,2,0.0,249.28,124.64,174.16,174.16,"{""Groceries"": 1, ""Fitness"": 1}"
stats_1729,USR756hT,CUST_0047,2024-03-01,41.52,2,0.0,41.52,20.76,38.56,38.56,"{""Groceries"": 1, ""Gifts"": 1}"
stats_1730,USR756hT,CUST_0047,2024-04-01,73.71,3,0.0,73.71,24.57,33.53,33.53,"{""Food"": 1, ""Travel"": 1, ""Personal Hygiene"": 1}"
stats_1731,USR756hT,CUST_0047,2024-05-01,33.88,1,0.0,33.88,33.88,33.88,33.88,"{""Subscriptions"": 1}"
stats_1732,USR756hT,CUST_0047,2024-06-01,162.2,1,0.0,162.2,162.2,162.2,162.2,"{""Shopping"": 1}"
stats_1733,USR756hT,CUST_0047,2024-07-01,333.21,2,0.0,333.21,166.6,204.36,204.36,"{""Hobbies"": 2}"
stats_1734,USR756hT,CUST_0047,2024-08-01,504.87,4,0.0,504.87,126.22,257.79,257.79,"{""Gifts"": 1, ""Friend Activities"": 1, ""Medical/Dental"": 1, ""Groceries"": 1}"
stats_1735,USR756hT,CUST_0047,2024-09-01,185.05,3,0.0,185.05,61.68,87.95,87.95,"{""Housing and Utilities"": 1, ""Friend Activities"": 1, ""Subscriptions"": 1}"
stats_1736,USR756hT,CUST_0047,2024-10-01,663.52,2,0.0,663.52,331.76,332.22,332.22,"{""Fitness"": 1, ""Hobbies"": 1}"
stats_1737,USR756hT,CUST_0047,2024-11-01,1351.04,4,0.0,1351.04,337.76,526.19,526.19,"{""Travel"": 2, ""Food"": 1, ""Transportation"": 1}"
stats_1738,USR756hT,CUST_0047,2024-12-01,98.03,2,0.0,98.03,49.02,92.51,92.51,"{""Hobbies"": 1, ""Groceries"": 1}"
stats_1739,USR148zM,CUST_0189,2023-02-01,1597.8,2,0.0,1597.8,798.9,1410.84,1410.84,"{""Travel"": 1, ""Housing and Utilities"": 1}"
stats_1740,USR148zM,CUST_0189,2023-03-01,703.08,1,0.0,703.08,703.08,703.08,703.08,"{""Fitness"": 1}"
stats_1741,USR148zM,CUST_0189,2023-04-01,468.14,4,0.0,468.14,117.04,364.07,364.07,"{""Travel"": 1, ""Food"": 1, ""Medical/Dental"": 1, ""Subscriptions"": 1}"
stats_1742,USR148zM,CUST_0189,2023-05-01,21.13,1,0.0,21.13,21.13,21.13,21.13,"{""Hobbies"": 1}"
stats_1743,USR148zM,CUST_0189,2023-06-01,928.76,2,0.0,928.76,464.38,854.96,854.96,"{""Shopping"": 1, ""Fitness"": 1}"
stats_1744,USR148zM,CUST_0189,2023-08-01,1315.87,1,0.0,1315.87,1315.87,1315.87,1315.87,"{""Travel"": 1}"
stats_1745,USR148zM,CUST_0189,2023-09-01,69.78,3,0.0,69.78,23.26,33.78,33.78,"{""Transportation"": 2, ""Groceries"": 1}"
stats_1746,USR148zM,CUST_0189,2023-10-01,808.75,2,0.0,808.75,404.38,777.29,777.29,"{""Travel"": 1, ""Fitness"": 1}"
stats_1747,USR148zM,CUST_0189,2023-11-01,886.2,3,0.0,886.2,295.4,447.5,447.5,"{""Medical/Dental"": 2, ""Housing and Utilities"": 1}"
stats_1748,USR148zM,CUST_0189,2023-12-01,892.01,3,0.0,892.01,297.34,856.93,856.93,"{""Personal Hygiene"": 1, ""Friend Activities"": 1, ""Travel"": 1}"
stats_1749,USR148zM,CUST_0189,2024-02-01,3076.98,3,0.0,3076.98,1025.66,1989.61,1989.61,"{""Friend Activities"": 1, ""Medical/Dental"": 1, ""Gifts"": 1}"
stats_1750,USR148zM,CUST_0189,2024-03-01,1039.49,2,0.0,1039.49,519.74,1013.08,1013.08,"{""Hobbies"": 1, ""Fitness"": 1}"
stats_1751,USR148zM,CUST_0189,2024-04-01,7637.6,3,0.0,7637.6,2545.87,6872.4,6872.4,"{""Housing and Utilities"": 1, ""Hobbies"": 1, ""Medical/Dental"": 1}"
stats_1752,USR148zM,CUST_0189,2024-05-01,2127.92,7,0.0,2127.92,303.99,1096.35,1096.35,"{""Travel"": 2, ""Hobbies"": 1, ""Medical/Dental"": 1, ""Transportation"": 1, ""Subscriptions"": 1, ""Gifts"": 1}"
stats_1753,USR148zM,CUST_0189,2024-06-01,137.44,1,0.0,137.44,137.44,137.44,137.44,"{""Gifts"": 1}"
stats_1754,USR148zM,CUST_0189,2024-07-01,11.65,1,0.0,11.65,11.65,11.65,11.65,"{""Food"": 1}"
stats_1755,USR148zM,CUST_0189,2024-08-01,992.46,4,0.0,992.46,248.12,646.72,646.72,"{""Transportation"": 1, ""Fitness"": 1, ""Medical/Dental"": 1, ""Groceries"": 1}"
stats_1756,USR148zM,CUST_0189,2024-09-01,7.24,1,0.0,7.24,7.24,7.24,7.24,"{""Transportation"": 1}"
stats_1757,USR148zM,CUST_0189,2024-10-01,2982.89,1,0.0,2982.89,2982.89,2982.89,2982.89,"{""Shopping"": 1}"
stats_1758,USR148zM,CUST_0189,2024-11-01,3149.33,2,0.0,3149.33,1574.66,3146.36,3146.36,"{""Housing and Utilities"": 1, ""Transportation"": 1}"
stats_1759,USR148zM,CUST_0189,2024-12-01,49.13,1,0.0,49.13,49.13,49.13,49.13,"{""Groceries"": 1}"
stats_1760,USR148zM,CUST_0189,2025-01-01,499.03,2,0.0,499.03,249.52,477.96,477.96,"{""Medical/Dental"": 1, ""Groceries"": 1}"
stats_1761,USR496UB,CUST_0176,2023-01-01,1587.44,4,0.0,1587.44,396.86,800.49,800.49,"{""Travel"": 2, ""Gifts"": 1, ""Medical/Dental"": 1}"
stats_1762,USR496UB,CUST_0176,2023-04-01,664.06,2,0.0,664.06,332.03,397.96,397.96,"{""Fitness"": 1, ""Medical/Dental"": 1}"
stats_1763,USR496UB,CUST_0176,2023-05-01,439.33,1,0.0,439.33,439.33,439.33,439.33,"{""Gifts"": 1}"
stats_1764,USR496UB,CUST_0176,2023-06-01,9.76,1,0.0,9.76,9.76,9.76,9.76,"{""Transportation"": 1}"
stats_1765,USR496UB,CUST_0176,2023-07-01,52.39,2,0.0,52.39,26.2,35.17,35.17,"{""Food"": 1, ""Hobbies"": 1}"
stats_1766,USR496UB,CUST_0176,2023-08-01,854.84,2,0.0,854.84,427.42,588.13,588.13,"{""Travel"": 1, ""Medical/Dental"": 1}"
stats_1767,USR496UB,CUST_0176,2023-09-01,86.92,1,0.0,86.92,86.92,86.92,86.92,"{""Hobbies"": 1}"
stats_1768,USR496UB,CUST_0176,2023-10-01,566.02,2,0.0,566.02,283.01,485.7,485.7,"{""Friend Activities"": 2}"
stats_1769,USR496UB,CUST_0176,2023-11-01,257.1,2,0.0,257.1,128.55,245.55,245.55,"{""Hobbies"": 1, ""Friend Activities"": 1}"
stats_1770,USR496UB,CUST_0176,2023-12-01,994.76,2,0.0,994.76,497.38,977.66,977.66,"{""Subscriptions"": 1, ""Fitness"": 1}"
stats_1771,USR496UB,CUST_0176,2024-01-01,2007.88,4,0.0,2007.88,501.97,1203.51,1203.51,"{""Friend Activities"": 2, ""Travel"": 1, ""Shopping"": 1}"
stats_1772,USR496UB,CUST_0176,2024-02-01,32.31,2,0.0,32.31,16.16,24.11,24.11,"{""Housing and Utilities"": 1, ""Subscriptions"": 1}"
stats_1773,USR496UB,CUST_0176,2024-03-01,282.33,3,0.0,282.33,94.11,184.91,184.91,"{""Groceries"": 2, ""Hobbies"": 1}"
stats_1774,USR496UB,CUST_0176,2024-04-01,7473.27,6,0.0,7473.27,1245.54,6837.61,6837.61,"{""Food"": 3, ""Transportation"": 1, ""Housing and Utilities"": 1, ""Personal Hygiene"": 1}"
stats_1775,USR496UB,CUST_0176,2024-05-01,463.6,4,0.0,463.6,115.9,381.92,381.92,"{""Food"": 2, ""Gifts"": 1, ""Transportation"": 1}"
stats_1776,USR496UB,CUST_0176,2024-06-01,2987.62,1,0.0,2987.62,2987.62,2987.62,2987.62,"{""Shopping"": 1}"
stats_1777,USR496UB,CUST_0176,2024-07-01,831.54,5,0.0,831.54,166.31,538.94,538.94,"{""Hobbies"": 1, ""Friend Activities"": 1, ""Gifts"": 1, ""Subscriptions"": 1, ""Housing and Utilities"": 1}"
stats_1778,USR496UB,CUST_0176,2024-08-01,560.13,4,0.0,560.13,140.03,473.61,473.61,"{""Fitness"": 1, ""Groceries"": 1, ""Shopping"": 1, ""Medical/Dental"": 1}"
stats_1779,USR496UB,CUST_0176,2024-09-01,632.59,5,0.0,632.59,126.52,329.52,329.52,"{""Hobbies"": 3, ""Friend Activities"": 2}"
stats_1780,USR496UB,CUST_0176,2024-10-01,100.66,1,0.0,100.66,100.66,100.66,100.66,"{""Hobbies"": 1}"
stats_1781,USR496UB,CUST_0176,2024-11-01,5372.93,2,0.0,5372.93,2686.46,4583.7,4583.7,"{""Housing and Utilities"": 1, ""Shopping"": 1}"
stats_1782,USR496UB,CUST_0176,2024-12-01,2981.06,5,0.0,2981.06,596.21,2791.92,2791.92,"{""Food"": 1, ""Subscriptions"": 1, ""Personal Hygiene"": 1, ""Medical/Dental"": 1, ""Housing and Utilities"": 1}"
stats_1783,USR739ei,CUST_0004,2023-01-01,2778.8,5,0.0,2778.8,555.76,1373.88,1373.88,"{""Medical/Dental"": 1, ""Gifts"": 1, ""Fitness"": 1, ""Friend Activities"": 1, ""Transportation"": 1}"
stats_1784,USR739ei,CUST_0004,2023-03-01,13.89,1,0.0,13.89,13.89,13.89,13.89,"{""Groceries"": 1}"
stats_1785,USR739ei,CUST_0004,2023-04-01,4.28,1,0.0,4.28,4.28,4.28,4.28,"{""Transportation"": 1}"
stats_1786,USR739ei,CUST_0004,2023-05-01,381.11,2,0.0,381.11,190.56,266.27,266.27,"{""Gifts"": 1, ""Medical/Dental"": 1}"
stats_1787,USR739ei,CUST_0004,2023-08-01,362.24,2,0.0,362.24,181.12,359.52,359.52,"{""Groceries"": 1, ""Hobbies"": 1}"
stats_1788,USR739ei,CUST_0004,2023-09-01,191.33,1,0.0,191.33,191.33,191.33,191.33,"{""Housing and Utilities"": 1}"
stats_1789,USR739ei,CUST_0004,2023-11-01,104.9,1,0.0,104.9,104.9,104.9,104.9,"{""Fitness"": 1}"
stats_1790,USR739ei,CUST_0004,2023-12-01,761.59,8,0.0,761.59,95.2,441.83,441.83,"{""Personal Hygiene"": 2, ""Shopping"": 1, ""Fitness"": 1, ""Friend Activities"": 1, ""Food"": 1, ""Travel"": 1, ""Medical/Dental"": 1}"
stats_1791,USR739ei,CUST_0004,2024-01-01,460.21,3,0.0,460.21,153.4,294.27,294.27,"{""Hobbies"": 1, ""Medical/Dental"": 1, ""Food"": 1}"
stats_1792,USR739ei,CUST_0004,2024-03-01,1981.56,1,0.0,1981.56,1981.56,1981.56,1981.56,"{""Housing and Utilities"": 1}"
stats_1793,USR739ei,CUST_0004,2024-04-01,96.81,3,0.0,96.81,32.27,45.14,45.14,"{""Travel"": 1, ""Subscriptions"": 1, ""Transportation"": 1}"
stats_1794,USR739ei,CUST_0004,2024-06-01,10202.92,2,0.0,10202.92,5101.46,6673.06,6673.06,"{""Housing and Utilities"": 2}"
stats_1795,USR739ei,CUST_0004,2024-07-01,6241.94,1,0.0,6241.94,6241.94,6241.94,6241.94,"{""Housing and Utilities"": 1}"
stats_1796,USR739ei,CUST_0004,2024-08-01,52.27,1,0.0,52.27,52.27,52.27,52.27,"{""Fitness"": 1}"
stats_1797,USR739ei,CUST_0004,2024-09-01,6473.94,2,0.0,6473.94,3236.97,6283.75,6283.75,"{""Housing and Utilities"": 2}"
stats_1798,USR739ei,CUST_0004,2024-10-01,1322.08,4,0.0,1322.08,330.52,737.98,737.98,"{""Food"": 1, ""Hobbies"": 1, ""Shopping"": 1, ""Medical/Dental"": 1}"
stats_1799,USR739ei,CUST_0004,2024-11-01,384.68,1,0.0,384.68,384.68,384.68,384.68,"{""Medical/Dental"": 1}"
stats_1800,USR739ei,CUST_0004,2024-12-01,2240.77,5,0.0,2240.77,448.15,1920.29,1920.29,"{""Groceries"": 2, ""Gifts"": 1, ""Housing and Utilities"": 1, ""Shopping"": 1}"
stats_1801,USR739ei,CUST_0004,2025-01-01,337.53,1,0.0,337.53,337.53,337.53,337.53,"{""Gifts"": 1}"
stats_1802,USR461nX,CUST_0103,2023-01-01,238181.08,3,0.0,238181.08,79393.69,238038.57,238038.57,"{""Shopping"": 1, ""Medical/Dental"": 1, ""Housing and Utilities"": 1}"
stats_1803,USR461nX,CUST_0103,2023-02-01,451.23,1,0.0,451.23,451.23,451.23,451.23,"{""Fitness"": 1}"
stats_1804,USR461nX,CUST_0103,2023-03-01,303.14,2,0.0,303.14,151.57,158.82,158.82,"{""Housing and Utilities"": 1, ""Medical/Dental"": 1}"
stats_1805,USR461nX,CUST_0103,2023-04-01,42.33,1,0.0,42.33,42.33,42.33,42.33,"{""Groceries"": 1}"
stats_1806,USR461nX,CUST_0103,2023-05-01,68.88,1,0.0,68.88,68.88,68.88,68.88,"{""Personal Hygiene"": 1}"
stats_1807,USR461nX,CUST_0103,2023-06-01,87.15,1,0.0,87.15,87.15,87.15,87.15,"{""Shopping"": 1}"
stats_1808,USR461nX,CUST_0103,2023-07-01,67.4,1,0.0,67.4,67.4,67.4,67.4,"{""Gifts"": 1}"
stats_1809,USR461nX,CUST_0103,2023-08-01,98.15,1,0.0,98.15,98.15,98.15,98.15,"{""Housing and Utilities"": 1}"
stats_1810,USR461nX,CUST_0103,2023-09-01,911.29,4,0.0,911.29,227.82,620.37,620.37,"{""Gifts"": 2, ""Fitness"": 1, ""Transportation"": 1}"
stats_1811,USR461nX,CUST_0103,2023-10-01,263.44,3,0.0,263.44,87.81,203.82,203.82,"{""Transportation"": 2, ""Fitness"": 1}"
stats_1812,USR461nX,CUST_0103,2023-11-01,126.53,2,0.0,126.53,63.26,115.88,115.88,"{""Hobbies"": 1, ""Subscriptions"": 1}"
stats_1813,USR461nX,CUST_0103,2023-12-01,9.79,1,0.0,9.79,9.79,9.79,9.79,"{""Subscriptions"": 1}"
stats_1814,USR461nX,CUST_0103,2024-01-01,257.85,2,0.0,257.85,128.93,253.25,253.25,"{""Travel"": 1, ""Personal Hygiene"": 1}"
stats_1815,USR461nX,CUST_0103,2024-02-01,779.68,4,0.0,779.68,194.92,701.08,701.08,"{""Personal Hygiene"": 2, ""Transportation"": 1, ""Hobbies"": 1}"
stats_1816,USR461nX,CUST_0103,2024-03-01,120.83,3,0.0,120.83,40.28,63.26,63.26,"{""Gifts"": 1, ""Subscriptions"": 1, ""Transportation"": 1}"
stats_1817,USR461nX,CUST_0103,2024-04-01,164.38,2,0.0,164.38,82.19,143.0,143.0,"{""Fitness"": 1, ""Hobbies"": 1}"
stats_1818,USR461nX,CUST_0103,2024-05-01,1283.23,2,0.0,1283.23,641.62,1120.95,1120.95,"{""Travel"": 1, ""Housing and Utilities"": 1}"
stats_1819,USR461nX,CUST_0103,2024-06-01,40.1,1,0.0,40.1,40.1,40.1,40.1,"{""Travel"": 1}"
stats_1820,USR461nX,CUST_0103,2024-07-01,111.21,3,0.0,111.21,37.07,39.38,39.38,"{""Friend Activities"": 1, ""Travel"": 1, ""Personal Hygiene"": 1}"
stats_1821,USR461nX,CUST_0103,2024-09-01,2577.65,3,0.0,2577.65,859.22,1227.38,1227.38,"{""Fitness"": 3}"
stats_1822,USR461nX,CUST_0103,2024-11-01,251.14,3,0.0,251.14,83.71,162.48,162.48,"{""Shopping"": 1, ""Fitness"": 1, ""Hobbies"": 1}"
stats_1823,USR461nX,CUST_0103,2024-12-01,5094.09,4,0.0,5094.09,1273.52,4780.56,4780.56,"{""Food"": 1, ""Travel"": 1, ""Shopping"": 1, ""Friend Activities"": 1}"
stats_1824,USR461nX,CUST_0103,2025-01-01,60.64,1,0.0,60.64,60.64,60.64,60.64,"{""Subscriptions"": 1}"
stats_1825,USR313nW,CUST_0005,2023-02-01,416.47,2,0.0,416.47,208.24,391.45,391.45,"{""Travel"": 2}"
stats_1826,USR313nW,CUST_0005,2023-03-01,590.73,2,0.0,590.73,295.36,547.47,547.47,"{""Travel"": 1, ""Gifts"": 1}"
stats_1827,USR313nW,CUST_0005,2023-04-01,294.13,3,0.0,294.13,98.04,123.51,123.51,"{""Transportation"": 1, ""Gifts"": 1, ""Travel"": 1}"
stats_1828,USR313nW,CUST_0005,2023-05-01,69.33,3,0.0,69.33,23.11,30.16,30.16,"{""Food"": 1, ""Groceries"": 1, ""Personal Hygiene"": 1}"
stats_1829,USR313nW,CUST_0005,2023-06-01,29.07,2,0.0,29.07,14.54,25.45,25.45,"{""Food"": 1, ""Groceries"": 1}"
stats_1830,USR313nW,CUST_0005,2023-07-01,353.95,4,0.0,353.95,88.49,292.86,292.86,"{""Subscriptions"": 1, ""Hobbies"": 1, ""Food"": 1, ""Groceries"": 1}"
stats_1831,USR313nW,CUST_0005,2023-08-01,199.49,3,0.0,199.49,66.5,132.36,132.36,"{""Subscriptions"": 1, ""Medical/Dental"": 1, ""Groceries"": 1}"
stats_1832,USR313nW,CUST_0005,2023-09-01,436.95,1,0.0,436.95,436.95,436.95,436.95,"{""Medical/Dental"": 1}"
stats_1833,USR313nW,CUST_0005,2023-10-01,1908.92,3,0.0,1908.92,636.31,1866.24,1866.24,"{""Gifts"": 1, ""Personal Hygiene"": 1, ""Groceries"": 1}"
stats_1834,USR313nW,CUST_0005,2023-11-01,3182.76,4,0.0,3182.76,795.69,1709.32,1709.32,"{""Shopping"": 2, ""Fitness"": 1, ""Groceries"": 1}"
stats_1835,USR313nW,CUST_0005,2023-12-01,520.24,3,0.0,520.24,173.41,325.15,325.15,"{""Fitness"": 1, ""Food"": 1, ""Friend Activities"": 1}"
stats_1836,USR313nW,CUST_0005,2024-01-01,757.71,3,0.0,757.71,252.57,383.27,383.27,"{""Shopping"": 1, ""Fitness"": 1, ""Subscriptions"": 1}"
stats_1837,USR313nW,CUST_0005,2024-02-01,25.97,2,0.0,25.97,12.98,13.49,13.49,"{""Personal Hygiene"": 1, ""Groceries"": 1}"
stats_1838,USR313nW,CUST_0005,2024-03-01,539.09,1,0.0,539.09,539.09,539.09,539.09,"{""Transportation"": 1}"
stats_1839,USR313nW,CUST_0005,2024-04-01,90.43,2,0.0,90.43,45.22,76.38,76.38,"{""Personal Hygiene"": 1, ""Gifts"": 1}"
stats_1840,USR313nW,CUST_0005,2024-06-01,2787.38,2,0.0,2787.38,1393.69,2127.33,2127.33,"{""Medical/Dental"": 1, ""Personal Hygiene"": 1}"
stats_1841,USR313nW,CUST_0005,2024-07-01,885.69,5,0.0,885.69,177.14,261.43,261.43,"{""Travel"": 2, ""Shopping"": 1, ""Personal Hygiene"": 1, ""Medical/Dental"": 1}"
stats_1842,USR313nW,CUST_0005,2024-08-01,516.97,2,0.0,516.97,258.48,347.25,347.25,"{""Medical/Dental"": 1, ""Hobbies"": 1}"
stats_1843,USR313nW,CUST_0005,2024-10-01,2066.82,2,0.0,2066.82,1033.41,2026.78,2026.78,"{""Food"": 1, ""Personal Hygiene"": 1}"
stats_1844,USR313nW,CUST_0005,2024-11-01,2135.93,3,0.0,2135.93,711.98,1768.22,1768.22,"{""Groceries"": 1, ""Personal Hygiene"": 1, ""Medical/Dental"": 1}"
stats_1845,USR626gZ,CUST_0007,2023-01-01,650.84,3,0.0,650.84,216.95,513.22,513.22,"{""Housing and Utilities"": 1, ""Transportation"": 1, ""Fitness"": 1}"
stats_1846,USR626gZ,CUST_0007,2023-02-01,4115.27,3,0.0,4115.27,1371.76,4037.48,4037.48,"{""Groceries"": 1, ""Transportation"": 1, ""Housing and Utilities"": 1}"
stats_1847,USR626gZ,CUST_0007,2023-04-01,276.58,2,0.0,276.58,138.29,183.84,183.84,"{""Transportation"": 1, ""Food"": 1}"
stats_1848,USR626gZ,CUST_0007,2023-05-01,134.36,1,0.0,134.36,134.36,134.36,134.36,"{""Transportation"": 1}"
stats_1849,USR626gZ,CUST_0007,2023-06-01,416.88,3,0.0,416.88,138.96,243.34,243.34,"{""Gifts"": 1, ""Friend Activities"": 1, ""Housing and Utilities"": 1}"
stats_1850,USR626gZ,CUST_0007,2023-07-01,1113.79,5,0.0,1113.79,222.76,477.39,477.39,"{""Gifts"": 1, ""Hobbies"": 1, ""Groceries"": 1, ""Transportation"": 1, ""Housing and Utilities"": 1}"
stats_1851,USR626gZ,CUST_0007,2023-08-01,92122.04,3,0.0,92122.04,30707.35,90668.52,90668.52,"{""Gifts"": 1, ""Fitness"": 1, ""Shopping"": 1}"
stats_1852,USR626gZ,CUST_0007,2023-10-01,22.26,1,0.0,22.26,22.26,22.26,22.26,"{""Travel"": 1}"
stats_1853,USR626gZ,CUST_0007,2023-12-01,513.08,2,0.0,513.08,256.54,508.48,508.48,"{""Groceries"": 1, ""Travel"": 1}"
stats_1854,USR626gZ,CUST_0007,2024-01-01,569.12,2,0.0,569.12,284.56,478.82,478.82,"{""Gifts"": 1, ""Hobbies"": 1}"
stats_1855,USR626gZ,CUST_0007,2024-02-01,95.67,2,0.0,95.67,47.84,81.21,81.21,"{""Fitness"": 1, ""Personal Hygiene"": 1}"
stats_1856,USR626gZ,CUST_0007,2024-03-01,138.0,1,0.0,138.0,138.0,138.0,138.0,"{""Hobbies"": 1}"
stats_1857,USR626gZ,CUST_0007,2024-04-01,368.01,3,0.0,368.01,122.67,302.96,302.96,"{""Medical/Dental"": 1, ""Personal Hygiene"": 1, ""Gifts"": 1}"
stats_1858,USR626gZ,CUST_0007,2024-05-01,335.91,3,0.0,335.91,111.97,290.22,290.22,"{""Fitness"": 2, ""Groceries"": 1}"
stats_1859,USR626gZ,CUST_0007,2024-06-01,828.06,3,0.0,828.06,276.02,447.56,447.56,"{""Medical/Dental"": 1, ""Gifts"": 1, ""Hobbies"": 1}"
stats_1860,USR626gZ,CUST_0007,2024-07-01,2150.33,1,0.0,2150.33,2150.33,2150.33,2150.33,"{""Housing and Utilities"": 1}"
stats_1861,USR626gZ,CUST_0007,2024-08-01,1388.57,3,0.0,1388.57,462.86,1125.43,1125.43,"{""Transportation"": 1, ""Travel"": 1, ""Shopping"": 1}"
stats_1862,USR626gZ,CUST_0007,2024-09-01,283.34,3,0.0,283.34,94.45,232.54,232.54,"{""Hobbies"": 1, ""Food"": 1, ""Travel"": 1}"
stats_1863,USR626gZ,CUST_0007,2024-10-01,745.82,4,0.0,745.82,186.46,619.09,619.09,"{""Subscriptions"": 1, ""Medical/Dental"": 1, ""Travel"": 1, ""Transportation"": 1}"
stats_1864,USR626gZ,CUST_0007,2024-11-01,163.33,1,0.0,163.33,163.33,163.33,163.33,"{""Gifts"": 1}"
stats_1865,USR626gZ,CUST_0007,2024-12-01,1019.84,2,0.0,1019.84,509.92,650.84,650.84,"{""Fitness"": 1, ""Friend Activities"": 1}"
stats_1866,USR626gZ,CUST_0007,2025-01-01,21.72,1,0.0,21.72,21.72,21.72,21.72,"{""Travel"": 1}"
stats_1867,USR746kv,CUST_0135,2023-01-01,100.08,1,0.0,100.08,100.08,100.08,100.08,"{""Medical/Dental"": 1}"
stats_1868,USR746kv,CUST_0135,2023-02-01,216.22,3,0.0,216.22,72.07,83.52,83.52,"{""Subscriptions"": 2, ""Transportation"": 1}"
stats_1869,USR746kv,CUST_0135,2023-03-01,21481.8,1,0.0,21481.8,21481.8,21481.8,21481.8,"{""Shopping"": 1}"
stats_1870,USR746kv,CUST_0135,2023-04-01,1069.39,3,0.0,1069.39,356.46,963.99,963.99,"{""Fitness"": 1, ""Personal Hygiene"": 1, ""Travel"": 1}"
stats_1871,USR746kv,CUST_0135,2023-05-01,463.61,3,0.0,463.61,154.54,440.95,440.95,"{""Personal Hygiene"": 2, ""Fitness"": 1}"
stats_1872,USR746kv,CUST_0135,2023-06-01,283.54,2,0.0,283.54,141.77,278.44,278.44,"{""Groceries"": 1, ""Friend Activities"": 1}"
stats_1873,USR746kv,CUST_0135,2023-07-01,61.51,1,0.0,61.51,61.51,61.51,61.51,"{""Subscriptions"": 1}"
stats_1874,USR746kv,CUST_0135,2023-08-01,2491.27,1,0.0,2491.27,2491.27,2491.27,2491.27,"{""Housing and Utilities"": 1}"
stats_1875,USR746kv,CUST_0135,2023-09-01,282.66,3,0.0,282.66,94.22,189.59,189.59,"{""Fitness"": 1, ""Groceries"": 1, ""Medical/Dental"": 1}"
stats_1876,USR746kv,CUST_0135,2023-10-01,466.79,1,0.0,466.79,466.79,466.79,466.79,"{""Medical/Dental"": 1}"
stats_1877,USR746kv,CUST_0135,2023-11-01,3059.91,2,0.0,3059.91,1529.96,2775.76,2775.76,"{""Shopping"": 1, ""Transportation"": 1}"
stats_1878,USR746kv,CUST_0135,2023-12-01,35.72,2,0.0,35.72,17.86,25.45,25.45,"{""Travel"": 1, ""Subscriptions"": 1}"
stats_1879,USR746kv,CUST_0135,2024-02-01,387.22,2,0.0,387.22,193.61,354.95,354.95,"{""Transportation"": 1, ""Travel"": 1}"
stats_1880,USR746kv,CUST_0135,2024-03-01,69.08,2,0.0,69.08,34.54,58.97,58.97,"{""Food"": 1, ""Housing and Utilities"": 1}"
stats_1881,USR746kv,CUST_0135,2024-05-01,966.07,5,0.0,966.07,193.21,536.69,536.69,"{""Food"": 2, ""Transportation"": 1, ""Fitness"": 1, ""Medical/Dental"": 1}"
stats_1882,USR746kv,CUST_0135,2024-06-01,181.01,4,0.0,181.01,45.25,96.74,96.74,"{""Housing and Utilities"": 2, ""Food"": 1, ""Personal Hygiene"": 1}"
stats_1883,USR746kv,CUST_0135,2024-07-01,924.78,1,0.0,924.78,924.78,924.78,924.78,"{""Gifts"": 1}"
stats_1884,USR746kv,CUST_0135,2024-08-01,17.16,1,0.0,17.16,17.16,17.16,17.16,"{""Groceries"": 1}"
stats_1885,USR746kv,CUST_0135,2024-09-01,11.8,1,0.0,11.8,11.8,11.8,11.8,"{""Personal Hygiene"": 1}"
stats_1886,USR746kv,CUST_0135,2024-10-01,15.72,2,0.0,15.72,7.86,10.68,10.68,"{""Subscriptions"": 2}"
stats_1887,USR746kv,CUST_0135,2024-12-01,99.26,3,0.0,99.26,33.09,50.9,50.9,"{""Travel"": 2, ""Hobbies"": 1}"
stats_1888,USR632NW,CUST_0010,2023-01-01,1491.37,3,0.0,1491.37,497.12,1259.08,1259.08,"{""Personal Hygiene"": 1, ""Gifts"": 1, ""Housing and Utilities"": 1}"
stats_1889,USR632NW,CUST_0010,2023-02-01,509.42,2,0.0,509.42,254.71,505.83,505.83,"{""Groceries"": 1, ""Travel"": 1}"
stats_1890,USR632NW,CUST_0010,2023-03-01,184.41,1,0.0,184.41,184.41,184.41,184.41,"{""Gifts"": 1}"
stats_1891,USR632NW,CUST_0010,2023-04-01,8.14,1,0.0,8.14,8.14,8.14,8.14,"{""Transportation"": 1}"
stats_1892,USR632NW,CUST_0010,2023-05-01,447.12,5,0.0,447.12,89.42,210.52,210.52,"{""Personal Hygiene"": 1, ""Travel"": 1, ""Friend Activities"": 1, ""Gifts"": 1, ""Housing and Utilities"": 1}"
stats_1893,USR632NW,CUST_0010,2023-07-01,73.08,2,0.0,73.08,36.54,64.61,64.61,"{""Subscriptions"": 1, ""Shopping"": 1}"
stats_1894,USR632NW,CUST_0010,2023-08-01,46.74,2,0.0,46.74,23.37,32.77,32.77,"{""Food"": 1, ""Groceries"": 1}"
stats_1895,USR632NW,CUST_0010,2023-09-01,35.44,1,0.0,35.44,35.44,35.44,35.44,"{""Gifts"": 1}"
stats_1896,USR632NW,CUST_0010,2023-10-01,88805.93,2,0.0,88805.93,44402.96,88286.88,88286.88,"{""Travel"": 1, ""Shopping"": 1}"
stats_1897,USR632NW,CUST_0010,2023-11-01,579.3,5,0.0,579.3,115.86,335.75,335.75,"{""Personal Hygiene"": 2, ""Housing and Utilities"": 1, ""Hobbies"": 1, ""Groceries"": 1}"
stats_1898,USR632NW,CUST_0010,2023-12-01,1449.6,4,0.0,1449.6,362.4,1279.01,1279.01,"{""Housing and Utilities"": 1, ""Fitness"": 1, ""Food"": 1, ""Personal Hygiene"": 1}"
stats_1899,USR632NW,CUST_0010,2024-02-01,526.35,2,0.0,526.35,263.18,412.06,412.06,"{""Friend Activities"": 1, ""Gifts"": 1}"
stats_1900,USR632NW,CUST_0010,2024-03-01,355.28,1,0.0,355.28,355.28,355.28,355.28,"{""Friend Activities"": 1}"
stats_1901,USR632NW,CUST_0010,2024-04-01,362.85,1,0.0,362.85,362.85,362.85,362.85,"{""Transportation"": 1}"
stats_1902,USR632NW,CUST_0010,2024-05-01,61.91,1,0.0,61.91,61.91,61.91,61.91,"{""Hobbies"": 1}"
stats_1903,USR632NW,CUST_0010,2024-06-01,449.34,4,0.0,449.34,112.34,279.58,279.58,"{""Subscriptions"": 2, ""Medical/Dental"": 1, ""Housing and Utilities"": 1}"
stats_1904,USR632NW,CUST_0010,2024-07-01,415.99,4,0.0,415.99,104.0,155.8,155.8,"{""Housing and Utilities"": 2, ""Friend Activities"": 1, ""Personal Hygiene"": 1}"
stats_1905,USR632NW,CUST_0010,2024-08-01,1355.05,2,0.0,1355.05,677.52,1301.4,1301.4,"{""Personal Hygiene"": 1, ""Transportation"": 1}"
stats_1906,USR632NW,CUST_0010,2024-09-01,39.59,1,0.0,39.59,39.59,39.59,39.59,"{""Groceries"": 1}"
stats_1907,USR632NW,CUST_0010,2024-10-01,399.1,3,0.0,399.1,133.03,323.4,323.4,"{""Gifts"": 1, ""Travel"": 1, ""Fitness"": 1}"
stats_1908,USR632NW,CUST_0010,2024-11-01,158.62,1,0.0,158.62,158.62,158.62,158.62,"{""Gifts"": 1}"
stats_1909,USR632NW,CUST_0010,2024-12-01,1526.32,5,0.0,1526.32,305.26,1039.89,1039.89,"{""Subscriptions"": 1, ""Personal Hygiene"": 1, ""Travel"": 1, ""Transportation"": 1, ""Friend Activities"": 1}"
stats_1910,USR632NW,CUST_0010,2025-01-01,94.86,1,0.0,94.86,94.86,94.86,94.86,"{""Hobbies"": 1}"
stats_1911,USR765RD,CUST_0143,2023-01-01,186.2,1,0.0,186.2,186.2,186.2,186.2,"{""Hobbies"": 1}"
stats_1912,USR765RD,CUST_0143,2023-02-01,1260.52,3,0.0,1260.52,420.17,1190.88,1190.88,"{""Housing and Utilities"": 2, ""Transportation"": 1}"
stats_1913,USR765RD,CUST_0143,2023-03-01,277.71,3,0.0,277.71,92.57,171.67,171.67,"{""Transportation"": 1, ""Personal Hygiene"": 1, ""Food"": 1}"
stats_1914,USR765RD,CUST_0143,2023-06-01,25.9,1,0.0,25.9,25.9,25.9,25.9,"{""Friend Activities"": 1}"
stats_1915,USR765RD,CUST_0143,2023-07-01,507.76,6,0.0,507.76,84.63,253.49,253.49,"{""Groceries"": 2, ""Transportation"": 1, ""Food"": 1, ""Housing and Utilities"": 1, ""Subscriptions"": 1}"
stats_1916,USR765RD,CUST_0143,2023-08-01,533.28,4,0.0,533.28,133.32,227.68,227.68,"{""Hobbies"": 2, ""Travel"": 1, ""Transportation"": 1}"
stats_1917,USR765RD,CUST_0143,2023-09-01,56.65,2,0.0,56.65,28.32,42.47,42.47,"{""Groceries"": 1, ""Hobbies"": 1}"
stats_1918,USR765RD,CUST_0143,2023-10-01,187.11,2,0.0,187.11,93.56,174.78,174.78,"{""Hobbies"": 1, ""Subscriptions"": 1}"
stats_1919,USR765RD,CUST_0143,2023-11-01,6088.71,5,0.0,6088.71,1217.74,3978.4,3978.4,"{""Housing and Utilities"": 2, ""Personal Hygiene"": 1, ""Friend Activities"": 1, ""Food"": 1}"
stats_1920,USR765RD,CUST_0143,2024-01-01,84.25,2,0.0,84.25,42.12,71.28,71.28,"{""Housing and Utilities"": 1, ""Hobbies"": 1}"
stats_1921,USR765RD,CUST_0143,2024-02-01,280.34,1,0.0,280.34,280.34,280.34,280.34,"{""Hobbies"": 1}"
stats_1922,USR765RD,CUST_0143,2024-03-01,1737.7,3,0.0,1737.7,579.23,1418.88,1418.88,"{""Friend Activities"": 1, ""Travel"": 1, ""Housing and Utilities"": 1}"
stats_1923,USR765RD,CUST_0143,2024-04-01,217.59,2,0.0,217.59,108.8,116.61,116.61,"{""Fitness"": 2}"
stats_1924,USR765RD,CUST_0143,2024-05-01,273.26,3,0.0,273.26,91.09,161.58,161.58,"{""Medical/Dental"": 1, ""Transportation"": 1, ""Fitness"": 1}"
stats_1925,USR765RD,CUST_0143,2024-06-01,191.15,1,0.0,191.15,191.15,191.15,191.15,"{""Hobbies"": 1}"
stats_1926,USR765RD,CUST_0143,2024-08-01,888.3,2,0.0,888.3,444.15,722.69,722.69,"{""Shopping"": 1, ""Friend Activities"": 1}"
stats_1927,USR765RD,CUST_0143,2024-09-01,212.04,3,0.0,212.04,70.68,95.01,95.01,"{""Housing and Utilities"": 2, ""Medical/Dental"": 1}"
stats_1928,USR765RD,CUST_0143,2024-11-01,93.45,4,0.0,93.45,23.36,39.16,39.16,"{""Hobbies"": 2, ""Food"": 1, ""Subscriptions"": 1}"
stats_1929,USR765RD,CUST_0143,2024-12-01,959.04,4,0.0,959.04,239.76,533.71,533.71,"{""Medical/Dental"": 1, ""Gifts"": 1, ""Housing and Utilities"": 1, ""Subscriptions"": 1}"
stats_1930,USR765RD,CUST_0143,2025-01-01,471.18,3,0.0,471.18,157.06,373.85,373.85,"{""Transportation"": 1, ""Personal Hygiene"": 1, ""Food"": 1}"
stats_1931,USR756uA,CUST_0036,2023-01-01,731.63,4,0.0,731.63,182.91,313.61,313.61,"{""Medical/Dental"": 2, ""Subscriptions"": 1, ""Shopping"": 1}"
stats_1932,USR756uA,CUST_0036,2023-03-01,124.49,1,0.0,124.49,124.49,124.49,124.49,"{""Medical/Dental"": 1}"
stats_1933,USR756uA,CUST_0036,2023-04-01,15.5,1,0.0,15.5,15.5,15.5,15.5,"{""Food"": 1}"
stats_1934,USR756uA,CUST_0036,2023-06-01,102.11,2,0.0,102.11,51.06,91.11,91.11,"{""Medical/Dental"": 1, ""Subscriptions"": 1}"
stats_1935,USR756uA,CUST_0036,2023-07-01,5286.35,5,0.0,5286.35,1057.27,3452.56,3452.56,"{""Fitness"": 2, ""Friend Activities"": 1, ""Shopping"": 1, ""Housing and Utilities"": 1}"
stats_1936,USR756uA,CUST_0036,2023-08-01,16.97,1,0.0,16.97,16.97,16.97,16.97,"{""Subscriptions"": 1}"
stats_1937,USR756uA,CUST_0036,2023-09-01,308.33,2,0.0,308.33,154.16,237.16,237.16,"{""Friend Activities"": 1, ""Medical/Dental"": 1}"
stats_1938,USR756uA,CUST_0036,2023-10-01,47.28,2,0.0,47.28,23.64,39.59,39.59,"{""Groceries"": 1, ""Shopping"": 1}"
stats_1939,USR756uA,CUST_0036,2023-11-01,6710.25,6,0.0,6710.25,1118.38,3824.22,3824.22,"{""Friend Activities"": 1, ""Fitness"": 1, ""Transportation"": 1, ""Gifts"": 1, ""Food"": 1, ""Shopping"": 1}"
stats_1940,USR756uA,CUST_0036,2023-12-01,503.51,4,0.0,503.51,125.88,389.05,389.05,"{""Subscriptions"": 2, ""Gifts"": 1, ""Housing and Utilities"": 1}"
stats_1941,USR756uA,CUST_0036,2024-01-01,598.59,4,0.0,598.59,149.65,513.63,513.63,"{""Travel"": 1, ""Subscriptions"": 1, ""Groceries"": 1, ""Gifts"": 1}"
stats_1942,USR756uA,CUST_0036,2024-02-01,997.02,4,0.0,997.02,249.26,570.55,570.55,"{""Travel"": 1, ""Personal Hygiene"": 1, ""Friend Activities"": 1, ""Medical/Dental"": 1}"
stats_1943,USR756uA,CUST_0036,2024-03-01,1122.97,2,0.0,1122.97,561.48,854.91,854.91,"{""Friend Activities"": 1, ""Food"": 1}"
stats_1944,USR756uA,CUST_0036,2024-04-01,398.44,4,0.0,398.44,99.61,280.47,280.47,"{""Housing and Utilities"": 2, ""Friend Activities"": 1, ""Groceries"": 1}"
stats_1945,USR756uA,CUST_0036,2024-05-01,465.48,2,0.0,465.48,232.74,426.24,426.24,"{""Travel"": 1, ""Friend Activities"": 1}"
stats_1946,USR756uA,CUST_0036,2024-06-01,20.47,1,0.0,20.47,20.47,20.47,20.47,"{""Housing and Utilities"": 1}"
stats_1947,USR756uA,CUST_0036,2024-07-01,978.02,2,0.0,978.02,489.01,608.83,608.83,"{""Travel"": 1, ""Medical/Dental"": 1}"
stats_1948,USR756uA,CUST_0036,2024-09-01,3009.02,1,0.0,3009.02,3009.02,3009.02,3009.02,"{""Shopping"": 1}"
stats_1949,USR756uA,CUST_0036,2024-10-01,420.03,5,0.0,420.03,84.01,213.61,213.61,"{""Medical/Dental"": 2, ""Personal Hygiene"": 1, ""Transportation"": 1, ""Groceries"": 1}"
stats_1950,USR756uA,CUST_0036,2024-11-01,200.5,2,0.0,200.5,100.25,174.49,174.49,"{""Travel"": 1, ""Personal Hygiene"": 1}"
stats_1951,USR756uA,CUST_0036,2024-12-01,23.17,1,0.0,23.17,23.17,23.17,23.17,"{""Fitness"": 1}"
stats_1952,USR756uA,CUST_0036,2025-01-01,126.88,1,0.0,126.88,126.88,126.88,126.88,"{""Housing and Utilities"": 1}"
stats_1953,USR619km,CUST_0160,2023-01-01,37.98,1,0.0,37.98,37.98,37.98,37.98,"{""Travel"": 1}"
stats_1954,USR619km,CUST_0160,2023-02-01,699.34,2,0.0,699.34,349.67,420.04,420.04,"{""Medical/Dental"": 1, ""Gifts"": 1}"
stats_1955,USR619km,CUST_0160,2023-03-01,537.6,4,0.0,537.6,134.4,319.36,319.36,"{""Groceries"": 2, ""Housing and Utilities"": 1, ""Transportation"": 1}"
stats_1956,USR619km,CUST_0160,2023-04-01,205.8,5,0.0,205.8,41.16,67.21,67.21,"{""Food"": 2, ""Hobbies"": 1, ""Housing and Utilities"": 1, ""Friend Activities"": 1}"
stats_1957,USR619km,CUST_0160,2023-06-01,1749.0,4,0.0,1749.0,437.25,925.2,925.2,"{""Friend Activities"": 2, ""Subscriptions"": 1, ""Personal Hygiene"": 1}"
stats_1958,USR619km,CUST_0160,2023-07-01,522.95,2,0.0,522.95,261.48,456.41,456.41,"{""Hobbies"": 1, ""Transportation"": 1}"
stats_1959,USR619km,CUST_0160,2023-08-01,23.62,1,0.0,23.62,23.62,23.62,23.62,"{""Groceries"": 1}"
stats_1960,USR619km,CUST_0160,2023-09-01,258.86,1,0.0,258.86,258.86,258.86,258.86,"{""Food"": 1}"
stats_1961,USR619km,CUST_0160,2023-10-01,96.04,2,0.0,96.04,48.02,93.77,93.77,"{""Transportation"": 1, ""Shopping"": 1}"
stats_1962,USR619km,CUST_0160,2023-12-01,120.59,2,0.0,120.59,60.3,89.78,89.78,"{""Shopping"": 1, ""Transportation"": 1}"
stats_1963,USR619km,CUST_0160,2024-01-01,465.12,2,0.0,465.12,232.56,442.28,442.28,"{""Food"": 1, ""Travel"": 1}"
stats_1964,USR619km,CUST_0160,2024-02-01,37186.09,4,0.0,37186.09,9296.52,36527.56,36527.56,"{""Shopping"": 1, ""Fitness"": 1, ""Food"": 1, ""Housing and Utilities"": 1}"
stats_1965,USR619km,CUST_0160,2024-03-01,296.13,2,0.0,296.13,148.06,221.69,221.69,"{""Travel"": 1, ""Friend Activities"": 1}"
stats_1966,USR619km,CUST_0160,2024-04-01,1131.16,3,0.0,1131.16,377.05,685.51,685.51,"{""Food"": 2, ""Fitness"": 1}"
stats_1967,USR619km,CUST_0160,2024-05-01,1884.15,1,0.0,1884.15,1884.15,1884.15,1884.15,"{""Gifts"": 1}"
stats_1968,USR619km,CUST_0160,2024-07-01,246.79,4,0.0,246.79,61.7,172.93,172.93,"{""Shopping"": 1, ""Subscriptions"": 1, ""Friend Activities"": 1, ""Hobbies"": 1}"
stats_1969,USR619km,CUST_0160,2024-08-01,132.23,3,0.0,132.23,44.08,82.96,82.96,"{""Travel"": 1, ""Food"": 1, ""Hobbies"": 1}"
stats_1970,USR619km,CUST_0160,2024-09-01,43.82,1,0.0,43.82,43.82,43.82,43.82,"{""Gifts"": 1}"
stats_1971,USR619km,CUST_0160,2024-10-01,45874.97,2,0.0,45874.97,22937.48,45856.74,45856.74,"{""Shopping"": 1, ""Subscriptions"": 1}"
stats_1972,USR619km,CUST_0160,2024-11-01,239.36,2,0.0,239.36,119.68,232.26,232.26,"{""Food"": 2}"
stats_1973,USR619km,CUST_0160,2024-12-01,2465.0,3,0.0,2465.0,821.67,2001.48,2001.48,"{""Shopping"": 1, ""Travel"": 1, ""Subscriptions"": 1}"
stats_1974,USR040Ko,CUST_0018,2023-01-01,2177.05,1,0.0,2177.05,2177.05,2177.05,2177.05,"{""Housing and Utilities"": 1}"
stats_1975,USR040Ko,CUST_0018,2023-02-01,7.99,1,0.0,7.99,7.99,7.99,7.99,"{""Food"": 1}"
stats_1976,USR040Ko,CUST_0018,2023-03-01,353.31,1,0.0,353.31,353.31,353.31,353.31,"{""Travel"": 1}"
stats_1977,USR040Ko,CUST_0018,2023-04-01,1143.71,5,0.0,1143.71,228.74,497.47,497.47,"{""Fitness"": 1, ""Groceries"": 1, ""Transportation"": 1, ""Medical/Dental"": 1, ""Gifts"": 1}"
stats_1978,USR040Ko,CUST_0018,2023-05-01,533.38,3,0.0,533.38,177.79,499.96,499.96,"{""Personal Hygiene"": 1, ""Groceries"": 1, ""Fitness"": 1}"
stats_1979,USR040Ko,CUST_0018,2023-06-01,1538.07,4,0.0,1538.07,384.52,1338.45,1338.45,"{""Personal Hygiene"": 1, ""Friend Activities"": 1, ""Shopping"": 1, ""Fitness"": 1}"
stats_1980,USR040Ko,CUST_0018,2023-07-01,596.96,3,0.0,596.96,198.99,556.22,556.22,"{""Groceries"": 2, ""Fitness"": 1}"
stats_1981,USR040Ko,CUST_0018,2023-08-01,714.2,2,0.0,714.2,357.1,368.08,368.08,"{""Travel"": 1, ""Friend Activities"": 1}"
stats_1982,USR040Ko,CUST_0018,2023-09-01,72.62,1,0.0,72.62,72.62,72.62,72.62,"{""Friend Activities"": 1}"
stats_1983,USR040Ko,CUST_0018,2023-12-01,1004.07,3,0.0,1004.07,334.69,771.17,771.17,"{""Gifts"": 1, ""Travel"": 1, ""Hobbies"": 1}"
stats_1984,USR040Ko,CUST_0018,2024-01-01,112.21,2,0.0,112.21,56.1,56.4,56.4,"{""Food"": 1, ""Personal Hygiene"": 1}"
stats_1985,USR040Ko,CUST_0018,2024-02-01,103.74,2,0.0,103.74,51.87,100.74,100.74,"{""Shopping"": 1, ""Groceries"": 1}"
stats_1986,USR040Ko,CUST_0018,2024-03-01,67.52,1,0.0,67.52,67.52,67.52,67.52,"{""Subscriptions"": 1}"
stats_1987,USR040Ko,CUST_0018,2024-05-01,1813.41,2,0.0,1813.41,906.7,1614.47,1614.47,"{""Housing and Utilities"": 1, ""Gifts"": 1}"
stats_1988,USR040Ko,CUST_0018,2024-06-01,122.56,1,0.0,122.56,122.56,122.56,122.56,"{""Hobbies"": 1}"
stats_1989,USR040Ko,CUST_0018,2024-07-01,871.19,2,0.0,871.19,435.6,764.45,764.45,"{""Fitness"": 1, ""Friend Activities"": 1}"
stats_1990,USR040Ko,CUST_0018,2024-09-01,289.51,4,0.0,289.51,72.38,138.01,138.01,"{""Friend Activities"": 1, ""Travel"": 1, ""Hobbies"": 1, ""Subscriptions"": 1}"
stats_1991,USR040Ko,CUST_0018,2024-11-01,4468.05,2,0.0,4468.05,2234.02,4421.08,4421.08,"{""Travel"": 1, ""Shopping"": 1}"
stats_1992,USR040Ko,CUST_0018,2024-12-01,58.12,2,0.0,58.12,29.06,49.72,49.72,"{""Subscriptions"": 1, ""Hobbies"": 1}"
stats_1993,USR040Ko,CUST_0018,2025-01-01,12.88,1,0.0,12.88,12.88,12.88,12.88,"{""Personal Hygiene"": 1}"
stats_1994,USR268Dy,CUST_0184,2023-02-01,419.29,2,0.0,419.29,209.64,393.44,393.44,"{""Travel"": 1, ""Groceries"": 1}"
stats_1995,USR268Dy,CUST_0184,2023-03-01,197.71,3,0.0,197.71,65.9,160.4,160.4,"{""Housing and Utilities"": 1, ""Food"": 1, ""Personal Hygiene"": 1}"
stats_1996,USR268Dy,CUST_0184,2023-05-01,6795.61,4,0.0,6795.61,1698.9,6181.67,6181.67,"{""Travel"": 1, ""Housing and Utilities"": 1, ""Personal Hygiene"": 1, ""Friend Activities"": 1}"
stats_1997,USR268Dy,CUST_0184,2023-06-01,1208.31,2,0.0,1208.31,604.16,1193.8,1193.8,"{""Fitness"": 1, ""Food"": 1}"
stats_1998,USR268Dy,CUST_0184,2023-07-01,1342.35,3,0.0,1342.35,447.45,1105.9,1105.9,"{""Hobbies"": 2, ""Shopping"": 1}"
stats_1999,USR268Dy,CUST_0184,2023-08-01,110.32,1,0.0,110.32,110.32,110.32,110.32,"{""Travel"": 1}"
stats_2000,USR268Dy,CUST_0184,2023-09-01,50.21,2,0.0,50.21,25.1,43.94,43.94,"{""Subscriptions"": 1, ""Groceries"": 1}"
stats_2001,USR268Dy,CUST_0184,2023-10-01,261.01,2,0.0,261.01,130.5,252.37,252.37,"{""Personal Hygiene"": 1, ""Travel"": 1}"
stats_2002,USR268Dy,CUST_0184,2023-12-01,19419.79,2,0.0,19419.79,9709.9,19414.26,19414.26,"{""Shopping"": 1, ""Groceries"": 1}"
stats_2003,USR268Dy,CUST_0184,2024-02-01,1210.1,4,0.0,1210.1,302.52,1034.54,1034.54,"{""Housing and Utilities"": 2, ""Food"": 1, ""Shopping"": 1}"
stats_2004,USR268Dy,CUST_0184,2024-03-01,746.79,4,0.0,746.79,186.7,383.28,383.28,"{""Medical/Dental"": 1, ""Personal Hygiene"": 1, ""Travel"": 1, ""Subscriptions"": 1}"
stats_2005,USR268Dy,CUST_0184,2024-04-01,831.58,4,0.0,831.58,207.9,666.57,666.57,"{""Groceries"": 2, ""Transportation"": 1, ""Friend Activities"": 1}"
stats_2006,USR268Dy,CUST_0184,2024-05-01,550.77,2,0.0,550.77,275.38,469.7,469.7,"{""Gifts"": 1, ""Medical/Dental"": 1}"
stats_2007,USR268Dy,CUST_0184,2024-06-01,195.48,2,0.0,195.48,97.74,98.05,98.05,"{""Travel"": 1, ""Gifts"": 1}"
stats_2008,USR268Dy,CUST_0184,2024-07-01,8.19,1,0.0,8.19,8.19,8.19,8.19,"{""Friend Activities"": 1}"
stats_2009,USR268Dy,CUST_0184,2024-08-01,167.28,2,0.0,167.28,83.64,114.83,114.83,"{""Groceries"": 1, ""Fitness"": 1}"
stats_2010,USR268Dy,CUST_0184,2024-09-01,330.19,1,0.0,330.19,330.19,330.19,330.19,"{""Medical/Dental"": 1}"
stats_2011,USR268Dy,CUST_0184,2024-10-01,190296.93,3,0.0,190296.93,63432.31,190283.81,190283.81,"{""Groceries"": 1, ""Travel"": 1, ""Shopping"": 1}"
stats_2012,USR268Dy,CUST_0184,2024-11-01,36.15,2,0.0,36.15,18.08,29.61,29.61,"{""Fitness"": 1, ""Groceries"": 1}"
stats_2013,USR268Dy,CUST_0184,2024-12-01,315.82,1,0.0,315.82,315.82,315.82,315.82,"{""Gifts"": 1}"
stats_2014,USR708ic,CUST_0120,2023-01-01,4467.54,4,0.0,4467.54,1116.88,3573.12,3573.12,"{""Personal Hygiene"": 1, ""Housing and Utilities"": 1, ""Shopping"": 1, ""Medical/Dental"": 1}"
stats_2015,USR708ic,CUST_0120,2023-02-01,453.28,2,0.0,453.28,226.64,447.79,447.79,"{""Shopping"": 1, ""Transportation"": 1}"
stats_2016,USR708ic,CUST_0120,2023-03-01,256.53,6,0.0,256.53,42.76,111.23,111.23,"{""Hobbies"": 1, ""Gifts"": 1, ""Groceries"": 1, ""Fitness"": 1, ""Subscriptions"": 1, ""Transportation"": 1}"
stats_2017,USR708ic,CUST_0120,2023-04-01,471.19,1,0.0,471.19,471.19,471.19,471.19,"{""Medical/Dental"": 1}"
stats_2018,USR708ic,CUST_0120,2023-05-01,654.4,4,0.0,654.4,163.6,306.68,306.68,"{""Hobbies"": 1, ""Fitness"": 1, ""Medical/Dental"": 1, ""Subscriptions"": 1}"
stats_2019,USR708ic,CUST_0120,2023-06-01,3966.2,3,0.0,3966.2,1322.07,3687.52,3687.52,"{""Travel"": 1, ""Subscriptions"": 1, ""Shopping"": 1}"
stats_2020,USR708ic,CUST_0120,2023-07-01,3025.68,8,0.0,3025.68,378.21,1663.11,1663.11,"{""Gifts"": 2, ""Hobbies"": 1, ""Groceries"": 1, ""Housing and Utilities"": 1, ""Food"": 1, ""Personal Hygiene"": 1, ""Transportation"": 1}"
stats_2021,USR708ic,CUST_0120,2023-08-01,134.47,2,0.0,134.47,67.24,72.48,72.48,"{""Hobbies"": 1, ""Housing and Utilities"": 1}"
stats_2022,USR708ic,CUST_0120,2023-09-01,3810.74,3,0.0,3810.74,1270.25,3398.03,3398.03,"{""Personal Hygiene"": 1, ""Medical/Dental"": 1, ""Subscriptions"": 1}"
stats_2023,USR708ic,CUST_0120,2023-10-01,378.77,3,0.0,378.77,126.26,316.03,316.03,"{""Personal Hygiene"": 1, ""Groceries"": 1, ""Gifts"": 1}"
stats_2024,USR708ic,CUST_0120,2023-11-01,233.72,2,0.0,233.72,116.86,198.65,198.65,"{""Subscriptions"": 1, ""Shopping"": 1}"
stats_2025,USR708ic,CUST_0120,2023-12-01,73.3,2,0.0,73.3,36.65,64.76,64.76,"{""Food"": 1, ""Hobbies"": 1}"
stats_2026,USR708ic,CUST_0120,2024-01-01,264.08,1,0.0,264.08,264.08,264.08,264.08,"{""Hobbies"": 1}"
stats_2027,USR708ic,CUST_0120,2024-02-01,1322.9,2,0.0,1322.9,661.45,733.6,733.6,"{""Medical/Dental"": 2}"
stats_2028,USR708ic,CUST_0120,2024-03-01,276.53,1,0.0,276.53,276.53,276.53,276.53,"{""Friend Activities"": 1}"
stats_2029,USR708ic,CUST_0120,2024-04-01,241.89,5,0.0,241.89,48.38,106.76,106.76,"{""Subscriptions"": 2, ""Gifts"": 1, ""Hobbies"": 1, ""Travel"": 1}"
stats_2030,USR708ic,CUST_0120,2024-07-01,70.9,2,0.0,70.9,35.45,58.87,58.87,"{""Food"": 1, ""Shopping"": 1}"
stats_2031,USR708ic,CUST_0120,2024-08-01,1159.27,3,0.0,1159.27,386.42,1086.56,1086.56,"{""Transportation"": 1, ""Groceries"": 1, ""Fitness"": 1}"
stats_2032,USR708ic,CUST_0120,2024-10-01,28.98,1,0.0,28.98,28.98,28.98,28.98,"{""Friend Activities"": 1}"
stats_2033,USR708ic,CUST_0120,2024-11-01,906.5,2,0.0,906.5,453.25,568.99,568.99,"{""Medical/Dental"": 1, ""Fitness"": 1}"
stats_2034,USR708ic,CUST_0120,2024-12-01,65.96,2,0.0,65.96,32.98,39.35,39.35,"{""Subscriptions"": 1, ""Friend Activities"": 1}"
stats_2035,USR708ic,CUST_0120,2025-01-01,4118.3,2,0.0,4118.3,2059.15,4108.66,4108.66,"{""Subscriptions"": 1, ""Shopping"": 1}"
stats_2036,USR737zJ,CUST_0178,2023-01-01,344.64,6,0.0,344.64,57.44,151.74,151.74,"{""Transportation"": 1, ""Hobbies"": 1, ""Gifts"": 1, ""Personal Hygiene"": 1, ""Fitness"": 1, ""Groceries"": 1}"
stats_2037,USR737zJ,CUST_0178,2023-03-01,177.48,1,0.0,177.48,177.48,177.48,177.48,"{""Housing and Utilities"": 1}"
stats_2038,USR737zJ,CUST_0178,2023-04-01,488.44,3,0.0,488.44,162.81,394.63,394.63,"{""Travel"": 2, ""Subscriptions"": 1}"
stats_2039,USR737zJ,CUST_0178,2023-05-01,5183.38,4,0.0,5183.38,1295.84,4926.71,4926.71,"{""Subscriptions"": 1, ""Groceries"": 1, ""Housing and Utilities"": 1, ""Friend Activities"": 1}"
stats_2040,USR737zJ,CUST_0178,2023-06-01,1279.54,5,0.0,1279.54,255.91,779.87,779.87,"{""Transportation"": 2, ""Subscriptions"": 1, ""Housing and Utilities"": 1, ""Friend Activities"": 1}"
stats_2041,USR737zJ,CUST_0178,2023-07-01,218.3,2,0.0,218.3,109.15,112.83,112.83,"{""Hobbies"": 1, ""Housing and Utilities"": 1}"
stats_2042,USR737zJ,CUST_0178,2023-08-01,85.11,2,0.0,85.11,42.56,49.34,49.34,"{""Fitness"": 1, ""Gifts"": 1}"
stats_2043,USR737zJ,CUST_0178,2023-10-01,203.15,2,0.0,203.15,101.58,193.09,193.09,"{""Friend Activities"": 1, ""Housing and Utilities"": 1}"
stats_2044,USR737zJ,CUST_0178,2023-11-01,3.91,1,0.0,3.91,3.91,3.91,3.91,"{""Transportation"": 1}"
stats_2045,USR737zJ,CUST_0178,2023-12-01,1202.49,3,0.0,1202.49,400.83,826.58,826.58,"{""Fitness"": 1, ""Travel"": 1, ""Food"": 1}"
stats_2046,USR737zJ,CUST_0178,2024-01-01,142.53,1,0.0,142.53,142.53,142.53,142.53,"{""Hobbies"": 1}"
stats_2047,USR737zJ,CUST_0178,2024-02-01,107.59,1,0.0,107.59,107.59,107.59,107.59,"{""Groceries"": 1}"
stats_2048,USR737zJ,CUST_0178,2024-03-01,835.49,2,0.0,835.49,417.74,828.49,828.49,"{""Personal Hygiene"": 1, ""Fitness"": 1}"
stats_2049,USR737zJ,CUST_0178,2024-04-01,2342.05,1,0.0,2342.05,2342.05,2342.05,2342.05,"{""Personal Hygiene"": 1}"
stats_2050,USR737zJ,CUST_0178,2024-05-01,201.81,2,0.0,201.81,100.9,175.65,175.65,"{""Personal Hygiene"": 1, ""Housing and Utilities"": 1}"
stats_2051,USR737zJ,CUST_0178,2024-07-01,163.06,5,0.0,163.06,32.61,56.58,56.58,"{""Food"": 1, ""Groceries"": 1, ""Housing and Utilities"": 1, ""Subscriptions"": 1, ""Fitness"": 1}"
stats_2052,USR737zJ,CUST_0178,2024-08-01,62.61,3,0.0,62.61,20.87,47.55,47.55,"{""Personal Hygiene"": 1, ""Travel"": 1, ""Groceries"": 1}"
stats_2053,USR737zJ,CUST_0178,2024-09-01,1654.47,2,0.0,1654.47,827.24,843.59,843.59,"{""Fitness"": 1, ""Friend Activities"": 1}"
stats_2054,USR737zJ,CUST_0178,2024-10-01,15.15,1,0.0,15.15,15.15,15.15,15.15,"{""Subscriptions"": 1}"
stats_2055,USR737zJ,CUST_0178,2024-11-01,699.56,6,0.0,699.56,116.59,297.46,297.46,"{""Food"": 1, ""Gifts"": 1, ""Friend Activities"": 1, ""Fitness"": 1, ""Housing and Utilities"": 1, ""Groceries"": 1}"
stats_2056,USR737zJ,CUST_0178,2024-12-01,48.52,1,0.0,48.52,48.52,48.52,48.52,"{""Transportation"": 1}"
stats_2057,USR737zJ,CUST_0178,2025-01-01,7.35,1,0.0,7.35,7.35,7.35,7.35,"{""Groceries"": 1}"
stats_2058,USR074qk,CUST_0045,2023-01-01,26.63,2,0.0,26.63,13.32,22.45,22.45,"{""Food"": 1, ""Groceries"": 1}"
stats_2059,USR074qk,CUST_0045,2023-03-01,20.56,2,0.0,20.56,10.28,15.03,15.03,"{""Food"": 1, ""Subscriptions"": 1}"
stats_2060,USR074qk,CUST_0045,2023-04-01,464.43,2,0.0,464.43,232.22,383.19,383.19,"{""Gifts"": 1, ""Fitness"": 1}"
stats_2061,USR074qk,CUST_0045,2023-05-01,1284.22,4,0.0,1284.22,321.06,768.78,768.78,"{""Transportation"": 1, ""Subscriptions"": 1, ""Fitness"": 1, ""Medical/Dental"": 1}"
stats_2062,USR074qk,CUST_0045,2023-06-01,159.57,1,0.0,159.57,159.57,159.57,159.57,"{""Housing and Utilities"": 1}"
stats_2063,USR074qk,CUST_0045,2023-08-01,58.33,2,0.0,58.33,29.16,39.32,39.32,"{""Subscriptions"": 1, ""Fitness"": 1}"
stats_2064,USR074qk,CUST_0045,2023-09-01,688.52,2,0.0,688.52,344.26,533.43,533.43,"{""Shopping"": 1, ""Gifts"": 1}"
stats_2065,USR074qk,CUST_0045,2023-10-01,115.43,1,0.0,115.43,115.43,115.43,115.43,"{""Hobbies"": 1}"
stats_2066,USR074qk,CUST_0045,2023-11-01,7014.55,2,0.0,7014.55,3507.28,7001.64,7001.64,"{""Shopping"": 1, ""Subscriptions"": 1}"
stats_2067,USR074qk,CUST_0045,2023-12-01,77.34,1,0.0,77.34,77.34,77.34,77.34,"{""Food"": 1}"
stats_2068,USR074qk,CUST_0045,2024-01-01,1179.13,3,0.0,1179.13,393.04,691.22,691.22,"{""Travel"": 1, ""Gifts"": 1, ""Shopping"": 1}"
stats_2069,USR074qk,CUST_0045,2024-02-01,76.67,1,0.0,76.67,76.67,76.67,76.67,"{""Housing and Utilities"": 1}"
stats_2070,USR074qk,CUST_0045,2024-03-01,728.47,1,0.0,728.47,728.47,728.47,728.47,"{""Medical/Dental"": 1}"
stats_2071,USR074qk,CUST_0045,2024-04-01,19.01,1,0.0,19.01,19.01,19.01,19.01,"{""Personal Hygiene"": 1}"
stats_2072,USR074qk,CUST_0045,2024-05-01,1380.22,3,0.0,1380.22,460.07,815.18,815.18,"{""Medical/Dental"": 2, ""Gifts"": 1}"
stats_2073,USR074qk,CUST_0045,2024-07-01,302.24,2,0.0,302.24,151.12,264.69,264.69,"{""Groceries"": 1, ""Gifts"": 1}"
stats_2074,USR074qk,CUST_0045,2024-08-01,4661.34,1,0.0,4661.34,4661.34,4661.34,4661.34,"{""Shopping"": 1}"
stats_2075,USR074qk,CUST_0045,2024-10-01,41.99,1,0.0,41.99,41.99,41.99,41.99,"{""Groceries"": 1}"
stats_2076,USR074qk,CUST_0045,2024-11-01,166.57,3,0.0,166.57,55.52,61.6,61.6,"{""Food"": 1, ""Friend Activities"": 1, ""Hobbies"": 1}"
stats_2077,USR074qk,CUST_0045,2024-12-01,37.24,2,0.0,37.24,18.62,29.94,29.94,"{""Personal Hygiene"": 1, ""Food"": 1}"
stats_2078,USR074qk,CUST_0045,2025-01-01,51.41,1,0.0,51.41,51.41,51.41,51.41,"{""Fitness"": 1}"
stats_2079,USR552iz,CUST_0026,2023-01-01,626.99,1,0.0,626.99,626.99,626.99,626.99,"{""Transportation"": 1}"
stats_2080,USR552iz,CUST_0026,2023-02-01,317.59,2,0.0,317.59,158.79,271.2,271.2,"{""Food"": 2}"
stats_2081,USR552iz,CUST_0026,2023-03-01,273.57,2,0.0,273.57,136.78,271.36,271.36,"{""Shopping"": 1, ""Food"": 1}"
stats_2082,USR552iz,CUST_0026,2023-04-01,783.15,3,0.0,783.15,261.05,461.58,461.58,"{""Medical/Dental"": 2, ""Personal Hygiene"": 1}"
stats_2083,USR552iz,CUST_0026,2023-06-01,672.28,4,0.0,672.28,168.07,423.55,423.55,"{""Hobbies"": 1, ""Gifts"": 1, ""Medical/Dental"": 1, ""Groceries"": 1}"
stats_2084,USR552iz,CUST_0026,2023-07-01,6.52,1,0.0,6.52,6.52,6.52,6.52,"{""Food"": 1}"
stats_2085,USR552iz,CUST_0026,2023-08-01,925.34,3,0.0,925.34,308.45,792.04,792.04,"{""Medical/Dental"": 1, ""Transportation"": 1, ""Personal Hygiene"": 1}"
stats_2086,USR552iz,CUST_0026,2023-09-01,43.21,2,0.0,43.21,21.6,31.4,31.4,"{""Personal Hygiene"": 1, ""Food"": 1}"
stats_2087,USR552iz,CUST_0026,2023-10-01,36.59,1,0.0,36.59,36.59,36.59,36.59,"{""Transportation"": 1}"
stats_2088,USR552iz,CUST_0026,2023-12-01,1535.82,4,0.0,1535.82,383.96,823.71,823.71,"{""Food"": 1, ""Fitness"": 1, ""Medical/Dental"": 1, ""Housing and Utilities"": 1}"
stats_2089,USR552iz,CUST_0026,2024-01-01,4442.21,3,0.0,4442.21,1480.74,3680.89,3680.89,"{""Shopping"": 1, ""Transportation"": 1, ""Food"": 1}"
stats_2090,USR552iz,CUST_0026,2024-03-01,774.75,3,0.0,774.75,258.25,415.15,415.15,"{""Travel"": 1, ""Medical/Dental"": 1, ""Groceries"": 1}"
stats_2091,USR552iz,CUST_0026,2024-04-01,5891.91,3,0.0,5891.91,1963.97,4409.3,4409.3,"{""Travel"": 2, ""Housing and Utilities"": 1}"
stats_2092,USR552iz,CUST_0026,2024-05-01,1362.19,1,0.0,1362.19,1362.19,1362.19,1362.19,"{""Housing and Utilities"": 1}"
stats_2093,USR552iz,CUST_0026,2024-07-01,86222.64,4,0.0,86222.64,21555.66,80965.09,80965.09,"{""Housing and Utilities"": 1, ""Travel"": 1, ""Friend Activities"": 1, ""Shopping"": 1}"
stats_2094,USR552iz,CUST_0026,2024-08-01,11.42,1,0.0,11.42,11.42,11.42,11.42,"{""Subscriptions"": 1}"
stats_2095,USR552iz,CUST_0026,2024-09-01,8.09,1,0.0,8.09,8.09,8.09,8.09,"{""Personal Hygiene"": 1}"
stats_2096,USR552iz,CUST_0026,2024-10-01,622.45,2,0.0,622.45,311.23,604.94,604.94,"{""Subscriptions"": 1, ""Transportation"": 1}"
stats_2097,USR552iz,CUST_0026,2024-11-01,166.34,4,0.0,166.34,41.58,72.99,72.99,"{""Transportation"": 1, ""Housing and Utilities"": 1, ""Subscriptions"": 1, ""Fitness"": 1}"
stats_2098,USR552iz,CUST_0026,2024-12-01,271.57,1,0.0,271.57,271.57,271.57,271.57,"{""Fitness"": 1}"
stats_2099,USR383GT,CUST_0074,2023-01-01,1316.48,3,0.0,1316.48,438.83,1166.84,1166.84,"{""Personal Hygiene"": 1, ""Housing and Utilities"": 1, ""Fitness"": 1}"
stats_2100,USR383GT,CUST_0074,2023-02-01,1182.96,3,0.0,1182.96,394.32,1129.91,1129.91,"{""Personal Hygiene"": 2, ""Hobbies"": 1}"
stats_2101,USR383GT,CUST_0074,2023-03-01,894.08,2,0.0,894.08,447.04,647.24,647.24,"{""Travel"": 1, ""Friend Activities"": 1}"
stats_2102,USR383GT,CUST_0074,2023-04-01,181.21,3,0.0,181.21,60.4,72.85,72.85,"{""Hobbies"": 1, ""Food"": 1, ""Housing and Utilities"": 1}"
stats_2103,USR383GT,CUST_0074,2023-05-01,6967.03,3,0.0,6967.03,2322.34,6842.24,6842.24,"{""Hobbies"": 1, ""Housing and Utilities"": 1, ""Groceries"": 1}"
stats_2104,USR383GT,CUST_0074,2023-06-01,424.42,3,0.0,424.42,141.47,303.31,303.31,"{""Subscriptions"": 1, ""Medical/Dental"": 1, ""Hobbies"": 1}"
stats_2105,USR383GT,CUST_0074,2023-07-01,770.03,2,0.0,770.03,385.02,736.16,736.16,"{""Groceries"": 1, ""Shopping"": 1}"
stats_2106,USR383GT,CUST_0074,2023-08-01,18.98,1,0.0,18.98,18.98,18.98,18.98,"{""Food"": 1}"
stats_2107,USR383GT,CUST_0074,2023-09-01,2438.21,2,0.0,2438.21,1219.1,1678.41,1678.41,"{""Fitness"": 1, ""Housing and Utilities"": 1}"
stats_2108,USR383GT,CUST_0074,2023-10-01,16.93,2,0.0,16.93,8.46,13.65,13.65,"{""Transportation"": 1, ""Subscriptions"": 1}"
stats_2109,USR383GT,CUST_0074,2023-11-01,247.5,4,0.0,247.5,61.88,166.9,166.9,"{""Food"": 1, ""Housing and Utilities"": 1, ""Groceries"": 1, ""Transportation"": 1}"
stats_2110,USR383GT,CUST_0074,2023-12-01,189.73,2,0.0,189.73,94.86,186.64,186.64,"{""Food"": 1, ""Personal Hygiene"": 1}"
stats_2111,USR383GT,CUST_0074,2024-01-01,234.21,5,0.0,234.21,46.84,143.76,143.76,"{""Groceries"": 2, ""Subscriptions"": 1, ""Friend Activities"": 1, ""Transportation"": 1}"
stats_2112,USR383GT,CUST_0074,2024-02-01,47.9,1,0.0,47.9,47.9,47.9,47.9,"{""Transportation"": 1}"
stats_2113,USR383GT,CUST_0074,2024-04-01,4749.38,2,0.0,4749.38,2374.69,4717.96,4717.96,"{""Housing and Utilities"": 2}"
stats_2114,USR383GT,CUST_0074,2024-05-01,711.83,1,0.0,711.83,711.83,711.83,711.83,"{""Transportation"": 1}"
stats_2115,USR383GT,CUST_0074,2024-06-01,21.21,1,0.0,21.21,21.21,21.21,21.21,"{""Groceries"": 1}"
stats_2116,USR383GT,CUST_0074,2024-07-01,133.87,2,0.0,133.87,66.94,128.61,128.61,"{""Housing and Utilities"": 1, ""Food"": 1}"
stats_2117,USR383GT,CUST_0074,2024-08-01,829.65,2,0.0,829.65,414.82,698.47,698.47,"{""Travel"": 1, ""Food"": 1}"
stats_2118,USR383GT,CUST_0074,2024-09-01,829.55,3,0.0,829.55,276.52,740.4,740.4,"{""Fitness"": 1, ""Housing and Utilities"": 1, ""Food"": 1}"
stats_2119,USR383GT,CUST_0074,2024-10-01,1571.58,3,0.0,1571.58,523.86,1479.42,1479.42,"{""Food"": 1, ""Travel"": 1, ""Housing and Utilities"": 1}"
stats_2120,USR383GT,CUST_0074,2024-11-01,1001.21,6,0.0,1001.21,166.87,839.68,839.68,"{""Personal Hygiene"": 2, ""Subscriptions"": 1, ""Medical/Dental"": 1, ""Fitness"": 1, ""Hobbies"": 1}"
stats_2121,USR383GT,CUST_0074,2025-01-01,27.96,1,0.0,27.96,27.96,27.96,27.96,"{""Groceries"": 1}"
stats_2122,USR605Px,CUST_0102,2023-01-01,683.65,2,0.0,683.65,341.82,671.8,671.8,"{""Medical/Dental"": 1, ""Personal Hygiene"": 1}"
stats_2123,USR605Px,CUST_0102,2023-03-01,166288.8,3,0.0,166288.8,55429.6,166202.6,166202.6,"{""Housing and Utilities"": 1, ""Shopping"": 1, ""Travel"": 1}"
stats_2124,USR605Px,CUST_0102,2023-04-01,851.98,3,0.0,851.98,283.99,455.7,455.7,"{""Gifts"": 2, ""Medical/Dental"": 1}"
stats_2125,USR605Px,CUST_0102,2023-05-01,103.57,4,0.0,103.57,25.89,48.71,48.71,"{""Friend Activities"": 1, ""Personal Hygiene"": 1, ""Subscriptions"": 1, ""Transportation"": 1}"
stats_2126,USR605Px,CUST_0102,2023-06-01,60.97,2,0.0,60.97,30.48,55.55,55.55,"{""Housing and Utilities"": 1, ""Transportation"": 1}"
stats_2127,USR605Px,CUST_0102,2023-07-01,52.31,1,0.0,52.31,52.31,52.31,52.31,"{""Subscriptions"": 1}"
stats_2128,USR605Px,CUST_0102,2023-09-01,284.14,4,0.0,284.14,71.04,165.78,165.78,"{""Subscriptions"": 2, ""Transportation"": 1, ""Food"": 1}"
stats_2129,USR605Px,CUST_0102,2023-10-01,29.45,2,0.0,29.45,14.72,22.57,22.57,"{""Transportation"": 1, ""Personal Hygiene"": 1}"
stats_2130,USR605Px,CUST_0102,2023-11-01,15.36,2,0.0,15.36,7.68,9.65,9.65,"{""Subscriptions"": 1, ""Personal Hygiene"": 1}"
stats_2131,USR605Px,CUST_0102,2023-12-01,125.17,4,0.0,125.17,31.29,78.69,78.69,"{""Personal Hygiene"": 2, ""Friend Activities"": 1, ""Travel"": 1}"
stats_2132,USR605Px,CUST_0102,2024-01-01,850.96,2,0.0,850.96,425.48,465.74,465.74,"{""Medical/Dental"": 1, ""Friend Activities"": 1}"
stats_2133,USR605Px,CUST_0102,2024-02-01,52.96,1,0.0,52.96,52.96,52.96,52.96,"{""Gifts"": 1}"
stats_2134,USR605Px,CUST_0102,2024-03-01,26.99,1,0.0,26.99,26.99,26.99,26.99,"{""Food"": 1}"
stats_2135,USR605Px,CUST_0102,2024-04-01,63.96,1,0.0,63.96,63.96,63.96,63.96,"{""Transportation"": 1}"
stats_2136,USR605Px,CUST_0102,2024-05-01,828.02,4,0.0,828.02,207.0,606.84,606.84,"{""Transportation"": 1, ""Personal Hygiene"": 1, ""Gifts"": 1, ""Fitness"": 1}"
stats_2137,USR605Px,CUST_0102,2024-07-01,32.77,2,0.0,32.77,16.39,23.27,23.27,"{""Food"": 1, ""Groceries"": 1}"
stats_2138,USR605Px,CUST_0102,2024-08-01,424.94,1,0.0,424.94,424.94,424.94,424.94,"{""Friend Activities"": 1}"
stats_2139,USR605Px,CUST_0102,2024-09-01,28.4,2,0.0,28.4,14.2,21.33,21.33,"{""Groceries"": 1, ""Personal Hygiene"": 1}"
stats_2140,USR605Px,CUST_0102,2024-10-01,65.47,1,0.0,65.47,65.47,65.47,65.47,"{""Personal Hygiene"": 1}"
stats_2141,USR605Px,CUST_0102,2024-11-01,539.71,3,0.0,539.71,179.9,408.36,408.36,"{""Gifts"": 1, ""Medical/Dental"": 1, ""Subscriptions"": 1}"
stats_2142,USR605Px,CUST_0102,2024-12-01,371.69,1,0.0,371.69,371.69,371.69,371.69,"{""Fitness"": 1}"
stats_2143,USR605Px,CUST_0102,2025-01-01,4.51,1,0.0,4.51,4.51,4.51,4.51,"{""Groceries"": 1}"
stats_2144,USR494kt,CUST_0039,2023-01-01,277880.8,3,0.0,277880.8,92626.93,276733.01,276733.01,"{""Medical/Dental"": 1, ""Friend Activities"": 1, ""Shopping"": 1}"
stats_2145,USR494kt,CUST_0039,2023-03-01,307.04,2,0.0,307.04,153.52,294.4,294.4,"{""Personal Hygiene"": 1, ""Friend Activities"": 1}"
stats_2146,USR494kt,CUST_0039,2023-04-01,444.19,2,0.0,444.19,222.1,240.68,240.68,"{""Transportation"": 1, ""Medical/Dental"": 1}"
stats_2147,USR494kt,CUST_0039,2023-05-01,4963.63,3,0.0,4963.63,1654.54,4732.46,4732.46,"{""Friend Activities"": 1, ""Shopping"": 1, ""Housing and Utilities"": 1}"
stats_2148,USR494kt,CUST_0039,2023-06-01,785.37,1,0.0,785.37,785.37,785.37,785.37,"{""Transportation"": 1}"
stats_2149,USR494kt,CUST_0039,2023-07-01,9.58,1,0.0,9.58,9.58,9.58,9.58,"{""Subscriptions"": 1}"
stats_2150,USR494kt,CUST_0039,2023-08-01,37218.76,5,0.0,37218.76,7443.75,36379.44,36379.44,"{""Food"": 1, ""Shopping"": 1, ""Fitness"": 1, ""Subscriptions"": 1, ""Personal Hygiene"": 1}"
stats_2151,USR494kt,CUST_0039,2023-09-01,2060.09,4,0.0,2060.09,515.02,1342.18,1342.18,"{""Housing and Utilities"": 1, ""Travel"": 1, ""Gifts"": 1, ""Groceries"": 1}"
stats_2152,USR494kt,CUST_0039,2023-11-01,36.76,1,0.0,36.76,36.76,36.76,36.76,"{""Transportation"": 1}"
stats_2153,USR494kt,CUST_0039,2023-12-01,3509.74,5,0.0,3509.74,701.95,2280.65,2280.65,"{""Food"": 1, ""Personal Hygiene"": 1, ""Travel"": 1, ""Fitness"": 1, ""Housing and Utilities"": 1}"
stats_2154,USR494kt,CUST_0039,2024-01-01,168430.76,1,0.0,168430.76,168430.76,168430.76,168430.76,"{""Shopping"": 1}"
stats_2155,USR494kt,CUST_0039,2024-02-01,263.47,1,0.0,263.47,263.47,263.47,263.47,"{""Travel"": 1}"
stats_2156,USR494kt,CUST_0039,2024-03-01,1880.67,3,0.0,1880.67,626.89,1721.1,1721.1,"{""Travel"": 1, ""Food"": 1, ""Shopping"": 1}"
stats_2157,USR494kt,CUST_0039,2024-05-01,121.4,2,0.0,121.4,60.7,109.42,109.42,"{""Groceries"": 1, ""Friend Activities"": 1}"
stats_2158,USR494kt,CUST_0039,2024-06-01,16.68,1,0.0,16.68,16.68,16.68,16.68,"{""Personal Hygiene"": 1}"
stats_2159,USR494kt,CUST_0039,2024-08-01,203.62,1,0.0,203.62,203.62,203.62,203.62,"{""Fitness"": 1}"
stats_2160,USR494kt,CUST_0039,2024-09-01,128.52,1,0.0,128.52,128.52,128.52,128.52,"{""Hobbies"": 1}"
stats_2161,USR494kt,CUST_0039,2024-10-01,54.39,1,0.0,54.39,54.39,54.39,54.39,"{""Transportation"": 1}"
stats_2162,USR494kt,CUST_0039,2024-12-01,50.39,2,0.0,50.39,25.2,30.61,30.61,"{""Fitness"": 1, ""Subscriptions"": 1}"
stats_2163,USR774PR,CUST_0014,2023-01-01,14.6,1,0.0,14.6,14.6,14.6,14.6,"{""Groceries"": 1}"
stats_2164,USR774PR,CUST_0014,2023-02-01,224.04,4,0.0,224.04,56.01,165.36,165.36,"{""Transportation"": 2, ""Gifts"": 1, ""Travel"": 1}"
stats_2165,USR774PR,CUST_0014,2023-03-01,209.38,2,0.0,209.38,104.69,165.49,165.49,"{""Housing and Utilities"": 1, ""Groceries"": 1}"
stats_2166,USR774PR,CUST_0014,2023-04-01,7.34,2,0.0,7.34,3.67,4.35,4.35,"{""Food"": 1, ""Personal Hygiene"": 1}"
stats_2167,USR774PR,CUST_0014,2023-05-01,6602.18,5,0.0,6602.18,1320.44,6204.78,6204.78,"{""Transportation"": 1, ""Food"": 1, ""Subscriptions"": 1, ""Shopping"": 1, ""Gifts"": 1}"
stats_2168,USR774PR,CUST_0014,2023-06-01,812.5,5,0.0,812.5,162.5,605.43,605.43,"{""Friend Activities"": 1, ""Subscriptions"": 1, ""Gifts"": 1, ""Shopping"": 1, ""Travel"": 1}"
stats_2169,USR774PR,CUST_0014,2023-07-01,299.9,4,0.0,299.9,74.97,157.74,157.74,"{""Housing and Utilities"": 1, ""Travel"": 1, ""Friend Activities"": 1, ""Hobbies"": 1}"
stats_2170,USR774PR,CUST_0014,2023-08-01,1209.58,1,0.0,1209.58,1209.58,1209.58,1209.58,"{""Shopping"": 1}"
stats_2171,USR774PR,CUST_0014,2023-09-01,12.63,1,0.0,12.63,12.63,12.63,12.63,"{""Subscriptions"": 1}"
stats_2172,USR774PR,CUST_0014,2023-10-01,63.28,2,0.0,63.28,31.64,34.4,34.4,"{""Food"": 1, ""Personal Hygiene"": 1}"
stats_2173,USR774PR,CUST_0014,2023-11-01,295.72,2,0.0,295.72,147.86,285.94,285.94,"{""Travel"": 1, ""Groceries"": 1}"
stats_2174,USR774PR,CUST_0014,2024-01-01,165.57,1,0.0,165.57,165.57,165.57,165.57,"{""Medical/Dental"": 1}"
stats_2175,USR774PR,CUST_0014,2024-02-01,289.17,2,0.0,289.17,144.58,282.83,282.83,"{""Shopping"": 1, ""Personal Hygiene"": 1}"
stats_2176,USR774PR,CUST_0014,2024-03-01,172.96,3,0.0,172.96,57.65,145.53,145.53,"{""Personal Hygiene"": 1, ""Groceries"": 1, ""Housing and Utilities"": 1}"
stats_2177,USR774PR,CUST_0014,2024-04-01,565.15,4,0.0,565.15,141.29,409.35,409.35,"{""Travel"": 2, ""Transportation"": 1, ""Medical/Dental"": 1}"
stats_2178,USR774PR,CUST_0014,2024-05-01,5.54,1,0.0,5.54,5.54,5.54,5.54,"{""Groceries"": 1}"
stats_2179,USR774PR,CUST_0014,2024-07-01,820.87,3,0.0,820.87,273.62,578.74,578.74,"{""Subscriptions"": 1, ""Medical/Dental"": 1, ""Shopping"": 1}"
stats_2180,USR774PR,CUST_0014,2024-08-01,707.7,4,0.0,707.7,176.92,387.05,387.05,"{""Shopping"": 1, ""Fitness"": 1, ""Personal Hygiene"": 1, ""Medical/Dental"": 1}"
stats_2181,USR774PR,CUST_0014,2024-09-01,61938.74,5,0.0,61938.74,12387.75,59697.35,59697.35,"{""Food"": 2, ""Personal Hygiene"": 1, ""Shopping"": 1, ""Medical/Dental"": 1}"
stats_2182,USR774PR,CUST_0014,2024-10-01,5408.3,3,0.0,5408.3,1802.77,5379.96,5379.96,"{""Subscriptions"": 1, ""Housing and Utilities"": 1, ""Groceries"": 1}"
stats_2183,USR774PR,CUST_0014,2024-11-01,997.46,5,0.0,997.46,199.49,797.46,797.46,"{""Groceries"": 1, ""Medical/Dental"": 1, ""Food"": 1, ""Personal Hygiene"": 1, ""Friend Activities"": 1}"
stats_2184,USR774PR,CUST_0014,2025-01-01,78.63,1,0.0,78.63,78.63,78.63,78.63,"{""Housing and Utilities"": 1}"
stats_2185,USR990MJ,CUST_0142,2023-01-01,15.28,1,0.0,15.28,15.28,15.28,15.28,"{""Personal Hygiene"": 1}"
stats_2186,USR990MJ,CUST_0142,2023-02-01,3548.75,6,0.0,3548.75,591.46,2442.23,2442.23,"{""Gifts"": 2, ""Friend Activities"": 1, ""Groceries"": 1, ""Medical/Dental"": 1, ""Travel"": 1}"
stats_2187,USR990MJ,CUST_0142,2023-04-01,110.96,1,0.0,110.96,110.96,110.96,110.96,"{""Fitness"": 1}"
stats_2188,USR990MJ,CUST_0142,2023-05-01,1105.12,3,0.0,1105.12,368.37,731.73,731.73,"{""Friend Activities"": 1, ""Shopping"": 1, ""Subscriptions"": 1}"
stats_2189,USR990MJ,CUST_0142,2023-06-01,279.01,2,0.0,279.01,139.5,258.57,258.57,"{""Fitness"": 1, ""Friend Activities"": 1}"
stats_2190,USR990MJ,CUST_0142,2023-07-01,228.27,3,0.0,228.27,76.09,170.98,170.98,"{""Travel"": 1, ""Friend Activities"": 1, ""Fitness"": 1}"
stats_2191,USR990MJ,CUST_0142,2023-08-01,98.34,2,0.0,98.34,49.17,63.82,63.82,"{""Personal Hygiene"": 2}"
stats_2192,USR990MJ,CUST_0142,2023-09-01,659.9,2,0.0,659.9,329.95,517.96,517.96,"{""Shopping"": 1, ""Medical/Dental"": 1}"
stats_2193,USR990MJ,CUST_0142,2023-10-01,40672.25,4,0.0,40672.25,10168.06,40397.4,40397.4,"{""Groceries"": 2, ""Hobbies"": 1, ""Shopping"": 1}"
stats_2194,USR990MJ,CUST_0142,2023-11-01,505.91,4,0.0,505.91,126.48,207.57,207.57,"{""Gifts"": 1, ""Fitness"": 1, ""Groceries"": 1, ""Friend Activities"": 1}"
stats_2195,USR990MJ,CUST_0142,2023-12-01,2206.49,6,0.0,2206.49,367.75,1112.95,1112.95,"{""Fitness"": 1, ""Personal Hygiene"": 1, ""Medical/Dental"": 1, ""Friend Activities"": 1, ""Food"": 1, ""Hobbies"": 1}"
stats_2196,USR990MJ,CUST_0142,2024-01-01,868.64,5,0.0,868.64,173.73,441.92,441.92,"{""Groceries"": 2, ""Subscriptions"": 1, ""Hobbies"": 1, ""Shopping"": 1}"
stats_2197,USR990MJ,CUST_0142,2024-02-01,1739.67,6,0.0,1739.67,289.94,1325.56,1325.56,"{""Transportation"": 1, ""Subscriptions"": 1, ""Gifts"": 1, ""Travel"": 1, ""Housing and Utilities"": 1, ""Groceries"": 1}"
stats_2198,USR990MJ,CUST_0142,2024-03-01,363.86,1,0.0,363.86,363.86,363.86,363.86,"{""Fitness"": 1}"
stats_2199,USR990MJ,CUST_0142,2024-04-01,177855.55,4,0.0,177855.55,44463.89,177421.04,177421.04,"{""Shopping"": 1, ""Personal Hygiene"": 1, ""Transportation"": 1, ""Gifts"": 1}"
stats_2200,USR990MJ,CUST_0142,2024-05-01,394.78,3,0.0,394.78,131.59,329.65,329.65,"{""Gifts"": 1, ""Personal Hygiene"": 1, ""Groceries"": 1}"
stats_2201,USR990MJ,CUST_0142,2024-06-01,486.36,4,0.0,486.36,121.59,269.19,269.19,"{""Subscriptions"": 1, ""Gifts"": 1, ""Groceries"": 1, ""Travel"": 1}"
stats_2202,USR990MJ,CUST_0142,2024-08-01,17.1,1,0.0,17.1,17.1,17.1,17.1,"{""Personal Hygiene"": 1}"
stats_2203,USR990MJ,CUST_0142,2024-09-01,2255.46,2,0.0,2255.46,1127.73,1590.9,1590.9,"{""Personal Hygiene"": 1, ""Medical/Dental"": 1}"
stats_2204,USR990MJ,CUST_0142,2024-10-01,326.16,3,0.0,326.16,108.72,183.83,183.83,"{""Food"": 2, ""Fitness"": 1}"
stats_2205,USR990MJ,CUST_0142,2024-11-01,357.17,1,0.0,357.17,357.17,357.17,357.17,"{""Gifts"": 1}"
stats_2206,USR990MJ,CUST_0142,2024-12-01,566.74,5,0.0,566.74,113.35,163.0,163.0,"{""Hobbies"": 2, ""Housing and Utilities"": 1, ""Medical/Dental"": 1, ""Transportation"": 1}"
stats_2207,USR990MJ,CUST_0142,2025-01-01,1654.58,3,0.0,1654.58,551.53,1288.73,1288.73,"{""Fitness"": 2, ""Travel"": 1}"
stats_2208,USR651Yc,CUST_0123,2023-01-01,679.9,3,0.0,679.9,226.63,639.33,639.33,"{""Subscriptions"": 1, ""Medical/Dental"": 1, ""Food"": 1}"
stats_2209,USR651Yc,CUST_0123,2023-03-01,1663.34,4,0.0,1663.34,415.84,1055.77,1055.77,"{""Gifts"": 2, ""Transportation"": 1, ""Hobbies"": 1}"
stats_2210,USR651Yc,CUST_0123,2023-04-01,182.93,3,0.0,182.93,60.98,95.98,95.98,"{""Transportation"": 2, ""Subscriptions"": 1}"
stats_2211,USR651Yc,CUST_0123,2023-05-01,1832.79,5,0.0,1832.79,366.56,944.2,944.2,"{""Friend Activities"": 2, ""Subscriptions"": 1, ""Medical/Dental"": 1, ""Fitness"": 1}"
stats_2212,USR651Yc,CUST_0123,2023-06-01,108.86,1,0.0,108.86,108.86,108.86,108.86,"{""Gifts"": 1}"
stats_2213,USR651Yc,CUST_0123,2023-07-01,405.81,1,0.0,405.81,405.81,405.81,405.81,"{""Medical/Dental"": 1}"
stats_2214,USR651Yc,CUST_0123,2023-08-01,737.08,2,0.0,737.08,368.54,625.54,625.54,"{""Shopping"": 1, ""Fitness"": 1}"
stats_2215,USR651Yc,CUST_0123,2023-09-01,501.25,2,0.0,501.25,250.62,475.78,475.78,"{""Medical/Dental"": 1, ""Groceries"": 1}"
stats_2216,USR651Yc,CUST_0123,2023-10-01,3800.83,2,0.0,3800.83,1900.42,3789.27,3789.27,"{""Shopping"": 1, ""Groceries"": 1}"
stats_2217,USR651Yc,CUST_0123,2023-11-01,1456.16,4,0.0,1456.16,364.04,788.4,788.4,"{""Fitness"": 2, ""Transportation"": 1, ""Medical/Dental"": 1}"
stats_2218,USR651Yc,CUST_0123,2023-12-01,1004.74,3,0.0,1004.74,334.91,580.5,580.5,"{""Fitness"": 2, ""Personal Hygiene"": 1}"
stats_2219,USR651Yc,CUST_0123,2024-02-01,491.27,1,0.0,491.27,491.27,491.27,491.27,"{""Travel"": 1}"
stats_2220,USR651Yc,CUST_0123,2024-04-01,625.3,4,0.0,625.3,156.32,423.17,423.17,"{""Hobbies"": 1, ""Travel"": 1, ""Gifts"": 1, ""Transportation"": 1}"
stats_2221,USR651Yc,CUST_0123,2024-05-01,1490.93,4,0.0,1490.93,372.73,1306.1,1306.1,"{""Hobbies"": 1, ""Groceries"": 1, ""Gifts"": 1, ""Subscriptions"": 1}"
stats_2222,USR651Yc,CUST_0123,2024-06-01,2.77,1,0.0,2.77,2.77,2.77,2.77,"{""Groceries"": 1}"
stats_2223,USR651Yc,CUST_0123,2024-07-01,806.74,3,0.0,806.74,268.91,463.39,463.39,"{""Personal Hygiene"": 1, ""Medical/Dental"": 1, ""Friend Activities"": 1}"
stats_2224,USR651Yc,CUST_0123,2024-08-01,400.15,3,0.0,400.15,133.38,386.63,386.63,"{""Groceries"": 1, ""Shopping"": 1, ""Food"": 1}"
stats_2225,USR651Yc,CUST_0123,2024-09-01,891.93,4,0.0,891.93,222.98,593.07,593.07,"{""Travel"": 1, ""Housing and Utilities"": 1, ""Gifts"": 1, ""Friend Activities"": 1}"
stats_2226,USR651Yc,CUST_0123,2024-10-01,522.55,2,0.0,522.55,261.27,458.72,458.72,"{""Housing and Utilities"": 1, ""Fitness"": 1}"
stats_2227,USR651Yc,CUST_0123,2024-11-01,399.48,2,0.0,399.48,199.74,200.36,200.36,"{""Fitness"": 2}"
stats_2228,USR651Yc,CUST_0123,2025-01-01,287.07,1,0.0,287.07,287.07,287.07,287.07,"{""Fitness"": 1}"
stats_2229,USR996DQ,CUST_0114,2023-01-01,41.72,1,0.0,41.72,41.72,41.72,41.72,"{""Personal Hygiene"": 1}"
stats_2230,USR996DQ,CUST_0114,2023-02-01,680.62,3,0.0,680.62,226.87,469.34,469.34,"{""Medical/Dental"": 1, ""Transportation"": 1, ""Housing and Utilities"": 1}"
stats_2231,USR996DQ,CUST_0114,2023-03-01,576.98,4,0.0,576.98,144.24,537.82,537.82,"{""Subscriptions"": 1, ""Transportation"": 1, ""Groceries"": 1, ""Friend Activities"": 1}"
stats_2232,USR996DQ,CUST_0114,2023-04-01,1216.55,4,0.0,1216.55,304.14,614.55,614.55,"{""Personal Hygiene"": 1, ""Groceries"": 1, ""Transportation"": 1, ""Medical/Dental"": 1}"
stats_2233,USR996DQ,CUST_0114,2023-05-01,778.57,4,0.0,778.57,194.64,658.0,658.0,"{""Personal Hygiene"": 1, ""Subscriptions"": 1, ""Medical/Dental"": 1, ""Groceries"": 1}"
stats_2234,USR996DQ,CUST_0114,2023-06-01,1922.47,1,0.0,1922.47,1922.47,1922.47,1922.47,"{""Housing and Utilities"": 1}"
stats_2235,USR996DQ,CUST_0114,2023-07-01,1925.31,3,0.0,1925.31,641.77,1226.3,1226.3,"{""Groceries"": 1, ""Transportation"": 1, ""Fitness"": 1}"
stats_2236,USR996DQ,CUST_0114,2023-08-01,1612.96,3,0.0,1612.96,537.65,1512.52,1512.52,"{""Gifts"": 1, ""Hobbies"": 1, ""Housing and Utilities"": 1}"
stats_2237,USR996DQ,CUST_0114,2023-09-01,1412.43,3,0.0,1412.43,470.81,1141.97,1141.97,"{""Travel"": 1, ""Subscriptions"": 1, ""Shopping"": 1}"
stats_2238,USR996DQ,CUST_0114,2023-10-01,893.62,3,0.0,893.62,297.87,560.94,560.94,"{""Hobbies"": 1, ""Medical/Dental"": 1, ""Friend Activities"": 1}"
stats_2239,USR996DQ,CUST_0114,2023-12-01,452.87,2,0.0,452.87,226.44,387.72,387.72,"{""Medical/Dental"": 1, ""Subscriptions"": 1}"
stats_2240,USR996DQ,CUST_0114,2024-01-01,25.4,1,0.0,25.4,25.4,25.4,25.4,"{""Travel"": 1}"
stats_2241,USR996DQ,CUST_0114,2024-03-01,235.59,2,0.0,235.59,117.8,173.64,173.64,"{""Hobbies"": 1, ""Transportation"": 1}"
stats_2242,USR996DQ,CUST_0114,2024-04-01,46.05,2,0.0,46.05,23.02,27.23,27.23,"{""Groceries"": 1, ""Personal Hygiene"": 1}"
stats_2243,USR996DQ,CUST_0114,2024-07-01,6.08,1,0.0,6.08,6.08,6.08,6.08,"{""Food"": 1}"
stats_2244,USR996DQ,CUST_0114,2024-08-01,5637.75,5,0.0,5637.75,1127.55,3020.13,3020.13,"{""Gifts"": 2, ""Subscriptions"": 1, ""Personal Hygiene"": 1, ""Housing and Utilities"": 1}"
stats_2245,USR996DQ,CUST_0114,2024-09-01,4674.81,2,0.0,4674.81,2337.41,4637.35,4637.35,"{""Travel"": 1, ""Shopping"": 1}"
stats_2246,USR996DQ,CUST_0114,2024-10-01,198.96,3,0.0,198.96,66.32,133.59,133.59,"{""Personal Hygiene"": 2, ""Hobbies"": 1}"
stats_2247,USR996DQ,CUST_0114,2024-11-01,346.11,2,0.0,346.11,173.06,338.37,338.37,"{""Groceries"": 1, ""Fitness"": 1}"
stats_2248,USR996DQ,CUST_0114,2024-12-01,354.39,4,0.0,354.39,88.6,285.67,285.67,"{""Subscriptions"": 1, ""Personal Hygiene"": 1, ""Groceries"": 1, ""Hobbies"": 1}"
stats_2249,USR996DQ,CUST_0114,2025-01-01,373.65,3,0.0,373.65,124.55,340.58,340.58,"{""Groceries"": 2, ""Medical/Dental"": 1}"
stats_2250,USR270YP,CUST_0034,2023-01-01,7698.43,1,0.0,7698.43,7698.43,7698.43,7698.43,"{""Shopping"": 1}"
stats_2251,USR270YP,CUST_0034,2023-02-01,1019.19,2,0.0,1019.19,509.6,682.6,682.6,"{""Medical/Dental"": 1, ""Fitness"": 1}"
stats_2252,USR270YP,CUST_0034,2023-03-01,13.22,1,0.0,13.22,13.22,13.22,13.22,"{""Personal Hygiene"": 1}"
stats_2253,USR270YP,CUST_0034,2023-04-01,161.38,1,0.0,161.38,161.38,161.38,161.38,"{""Transportation"": 1}"
stats_2254,USR270YP,CUST_0034,2023-05-01,1371.43,2,0.0,1371.43,685.72,694.05,694.05,"{""Medical/Dental"": 1, ""Friend Activities"": 1}"
stats_2255,USR270YP,CUST_0034,2023-06-01,181914.61,3,0.0,181914.61,60638.2,179356.93,179356.93,"{""Shopping"": 2, ""Groceries"": 1}"
stats_2256,USR270YP,CUST_0034,2023-08-01,630.73,2,0.0,630.73,315.36,574.37,574.37,"{""Fitness"": 1, ""Groceries"": 1}"
stats_2257,USR270YP,CUST_0034,2023-09-01,87.52,2,0.0,87.52,43.76,44.17,44.17,"{""Subscriptions"": 1, ""Personal Hygiene"": 1}"
stats_2258,USR270YP,CUST_0034,2023-10-01,613.75,2,0.0,613.75,306.88,374.53,374.53,"{""Medical/Dental"": 1, ""Travel"": 1}"
stats_2259,USR270YP,CUST_0034,2023-11-01,299349.03,5,0.0,299349.03,59869.81,297403.4,297403.4,"{""Shopping"": 2, ""Medical/Dental"": 1, ""Personal Hygiene"": 1, ""Housing and Utilities"": 1}"
stats_2260,USR270YP,CUST_0034,2023-12-01,283.03,1,0.0,283.03,283.03,283.03,283.03,"{""Friend Activities"": 1}"
stats_2261,USR270YP,CUST_0034,2024-02-01,538.9,2,0.0,538.9,269.45,517.68,517.68,"{""Medical/Dental"": 1, ""Groceries"": 1}"
stats_2262,USR270YP,CUST_0034,2024-03-01,4.87,1,0.0,4.87,4.87,4.87,4.87,"{""Groceries"": 1}"
stats_2263,USR270YP,CUST_0034,2024-04-01,2684.14,3,0.0,2684.14,894.71,2298.72,2298.72,"{""Shopping"": 1, ""Fitness"": 1, ""Subscriptions"": 1}"
stats_2264,USR270YP,CUST_0034,2024-05-01,4644.62,2,0.0,4644.62,2322.31,4275.4,4275.4,"{""Medical/Dental"": 1, ""Shopping"": 1}"
stats_2265,USR270YP,CUST_0034,2024-06-01,702.4,2,0.0,702.4,351.2,506.67,506.67,"{""Friend Activities"": 1, ""Travel"": 1}"
stats_2266,USR270YP,CUST_0034,2024-09-01,820.2,3,0.0,820.2,273.4,582.69,582.69,"{""Transportation"": 2, ""Friend Activities"": 1}"
stats_2267,USR270YP,CUST_0034,2024-12-01,179.81,1,0.0,179.81,179.81,179.81,179.81,"{""Medical/Dental"": 1}"
stats_2268,USR270YP,CUST_0034,2025-01-01,2231.46,3,0.0,2231.46,743.82,2219.5,2219.5,"{""Groceries"": 1, ""Food"": 1, ""Shopping"": 1}"
stats_2269,USR605nX,CUST_0111,2023-01-01,711.26,2,0.0,711.26,355.63,688.73,688.73,"{""Hobbies"": 1, ""Gifts"": 1}"
stats_2270,USR605nX,CUST_0111,2023-02-01,373.11,4,0.0,373.11,93.28,184.15,184.15,"{""Subscriptions"": 1, ""Transportation"": 1, ""Hobbies"": 1, ""Friend Activities"": 1}"
stats_2271,USR605nX,CUST_0111,2023-03-01,61.89,1,0.0,61.89,61.89,61.89,61.89,"{""Transportation"": 1}"
stats_2272,USR605nX,CUST_0111,2023-04-01,231.76,2,0.0,231.76,115.88,204.57,204.57,"{""Food"": 1, ""Gifts"": 1}"
stats_2273,USR605nX,CUST_0111,2023-07-01,822.86,3,0.0,822.86,274.29,705.57,705.57,"{""Personal Hygiene"": 2, ""Gifts"": 1}"
stats_2274,USR605nX,CUST_0111,2023-08-01,93.33,2,0.0,93.33,46.66,48.75,48.75,"{""Transportation"": 1, ""Groceries"": 1}"
stats_2275,USR605nX,CUST_0111,2023-09-01,118.96,1,0.0,118.96,118.96,118.96,118.96,"{""Housing and Utilities"": 1}"
stats_2276,USR605nX,CUST_0111,2023-10-01,139.29,4,0.0,139.29,34.82,57.88,57.88,"{""Groceries"": 2, ""Subscriptions"": 1, ""Friend Activities"": 1}"
stats_2277,USR605nX,CUST_0111,2023-11-01,178.83,1,0.0,178.83,178.83,178.83,178.83,"{""Medical/Dental"": 1}"
stats_2278,USR605nX,CUST_0111,2024-01-01,82.1,1,0.0,82.1,82.1,82.1,82.1,"{""Fitness"": 1}"
stats_2279,USR605nX,CUST_0111,2024-02-01,43.15,1,0.0,43.15,43.15,43.15,43.15,"{""Travel"": 1}"
stats_2280,USR605nX,CUST_0111,2024-03-01,53.26,3,0.0,53.26,17.75,31.04,31.04,"{""Subscriptions"": 2, ""Travel"": 1}"
stats_2281,USR605nX,CUST_0111,2024-04-01,902.18,2,0.0,902.18,451.09,878.37,878.37,"{""Travel"": 1, ""Food"": 1}"
stats_2282,USR605nX,CUST_0111,2024-05-01,299.7,3,0.0,299.7,99.9,181.16,181.16,"{""Groceries"": 1, ""Gifts"": 1, ""Housing and Utilities"": 1}"
stats_2283,USR605nX,CUST_0111,2024-06-01,16.08,1,0.0,16.08,16.08,16.08,16.08,"{""Travel"": 1}"
stats_2284,USR605nX,CUST_0111,2024-07-01,209.82,2,0.0,209.82,104.91,194.22,194.22,"{""Travel"": 1, ""Friend Activities"": 1}"
stats_2285,USR605nX,CUST_0111,2024-08-01,2892.71,3,0.0,2892.71,964.24,2735.4,2735.4,"{""Housing and Utilities"": 1, ""Fitness"": 1, ""Personal Hygiene"": 1}"
stats_2286,USR605nX,CUST_0111,2024-09-01,215.84,1,0.0,215.84,215.84,215.84,215.84,"{""Shopping"": 1}"
stats_2287,USR605nX,CUST_0111,2024-10-01,3212.97,1,0.0,3212.97,3212.97,3212.97,3212.97,"{""Housing and Utilities"": 1}"
stats_2288,USR605nX,CUST_0111,2024-11-01,1928.96,5,0.0,1928.96,385.79,1693.25,1693.25,"{""Gifts"": 1, ""Subscriptions"": 1, ""Travel"": 1, ""Housing and Utilities"": 1, ""Personal Hygiene"": 1}"
stats_2289,USR605nX,CUST_0111,2024-12-01,131.4,1,0.0,131.4,131.4,131.4,131.4,"{""Friend Activities"": 1}"
stats_2290,USR605nX,CUST_0111,2025-01-01,551.6,4,0.0,551.6,137.9,424.33,424.33,"{""Subscriptions"": 1, ""Shopping"": 1, ""Friend Activities"": 1, ""Food"": 1}"
stats_2291,USR793Ca,CUST_0092,2023-01-01,380.73,2,0.0,380.73,190.36,364.04,364.04,"{""Food"": 1, ""Medical/Dental"": 1}"
stats_2292,USR793Ca,CUST_0092,2023-02-01,167.56,1,0.0,167.56,167.56,167.56,167.56,"{""Friend Activities"": 1}"
stats_2293,USR793Ca,CUST_0092,2023-03-01,174.24,1,0.0,174.24,174.24,174.24,174.24,"{""Shopping"": 1}"
stats_2294,USR793Ca,CUST_0092,2023-04-01,274.21,3,0.0,274.21,91.4,229.9,229.9,"{""Shopping"": 1, ""Food"": 1, ""Subscriptions"": 1}"
stats_2295,USR793Ca,CUST_0092,2023-06-01,235.94,2,0.0,235.94,117.97,169.39,169.39,"{""Gifts"": 1, ""Transportation"": 1}"
stats_2296,USR793Ca,CUST_0092,2023-08-01,76.25,1,0.0,76.25,76.25,76.25,76.25,"{""Food"": 1}"
stats_2297,USR793Ca,CUST_0092,2023-09-01,110.9,1,0.0,110.9,110.9,110.9,110.9,"{""Housing and Utilities"": 1}"
stats_2298,USR793Ca,CUST_0092,2023-10-01,136577.46,3,0.0,136577.46,45525.82,136263.44,136263.44,"{""Shopping"": 2, ""Travel"": 1}"
stats_2299,USR793Ca,CUST_0092,2023-11-01,577.46,4,0.0,577.46,144.36,299.68,299.68,"{""Fitness"": 2, ""Transportation"": 1, ""Friend Activities"": 1}"
stats_2300,USR793Ca,CUST_0092,2023-12-01,100.62,2,0.0,100.62,50.31,53.32,53.32,"{""Groceries"": 2}"
stats_2301,USR793Ca,CUST_0092,2024-01-01,2091.94,5,0.0,2091.94,418.39,918.53,918.53,"{""Fitness"": 2, ""Friend Activities"": 2, ""Gifts"": 1}"
stats_2302,USR793Ca,CUST_0092,2024-02-01,2.19,1,0.0,2.19,2.19,2.19,2.19,"{""Personal Hygiene"": 1}"
stats_2303,USR793Ca,CUST_0092,2024-03-01,6.67,1,0.0,6.67,6.67,6.67,6.67,"{""Transportation"": 1}"
stats_2304,USR793Ca,CUST_0092,2024-05-01,124.88,2,0.0,124.88,62.44,100.91,100.91,"{""Friend Activities"": 1, ""Travel"": 1}"
stats_2305,USR793Ca,CUST_0092,2024-06-01,358.67,2,0.0,358.67,179.34,342.6,342.6,"{""Shopping"": 1, ""Travel"": 1}"
stats_2306,USR793Ca,CUST_0092,2024-07-01,32.58,1,0.0,32.58,32.58,32.58,32.58,"{""Fitness"": 1}"
stats_2307,USR793Ca,CUST_0092,2024-08-01,79.02,1,0.0,79.02,79.02,79.02,79.02,"{""Food"": 1}"
stats_2308,USR793Ca,CUST_0092,2024-11-01,4632.81,7,0.0,4632.81,661.83,4359.56,4359.56,"{""Subscriptions"": 3, ""Housing and Utilities"": 2, ""Transportation"": 1, ""Gifts"": 1}"
stats_2309,USR793Ca,CUST_0092,2024-12-01,193.1,2,0.0,193.1,96.55,189.85,189.85,"{""Housing and Utilities"": 1, ""Personal Hygiene"": 1}"
stats_2310,USR100df,CUST_0093,2023-01-01,535.48,3,0.0,535.48,178.49,436.35,436.35,"{""Medical/Dental"": 1, ""Food"": 1, ""Shopping"": 1}"
stats_2311,USR100df,CUST_0093,2023-02-01,369.48,1,0.0,369.48,369.48,369.48,369.48,"{""Gifts"": 1}"
stats_2312,USR100df,CUST_0093,2023-03-01,51.72,3,0.0,51.72,17.24,37.61,37.61,"{""Hobbies"": 1, ""Personal Hygiene"": 1, ""Transportation"": 1}"
stats_2313,USR100df,CUST_0093,2023-05-01,36371.87,2,0.0,36371.87,18185.94,36361.65,36361.65,"{""Personal Hygiene"": 1, ""Shopping"": 1}"
stats_2314,USR100df,CUST_0093,2023-06-01,113.21,2,0.0,113.21,56.6,89.46,89.46,"{""Travel"": 1, ""Medical/Dental"": 1}"
stats_2315,USR100df,CUST_0093,2023-07-01,1514.0,4,0.0,1514.0,378.5,1357.51,1357.51,"{""Medical/Dental"": 1, ""Housing and Utilities"": 1, ""Gifts"": 1, ""Fitness"": 1}"
stats_2316,USR100df,CUST_0093,2023-08-01,18.5,1,0.0,18.5,18.5,18.5,18.5,"{""Travel"": 1}"
stats_2317,USR100df,CUST_0093,2023-09-01,159.42,3,0.0,159.42,53.14,88.83,88.83,"{""Friend Activities"": 1, ""Gifts"": 1, ""Housing and Utilities"": 1}"
stats_2318,USR100df,CUST_0093,2023-10-01,274.14,3,0.0,274.14,91.38,198.11,198.11,"{""Hobbies"": 1, ""Subscriptions"": 1, ""Gifts"": 1}"
stats_2319,USR100df,CUST_0093,2023-11-01,1475.85,2,0.0,1475.85,737.92,1117.63,1117.63,"{""Shopping"": 1, ""Personal Hygiene"": 1}"
stats_2320,USR100df,CUST_0093,2023-12-01,78.9,2,0.0,78.9,39.45,68.85,68.85,"{""Subscriptions"": 1, ""Transportation"": 1}"
stats_2321,USR100df,CUST_0093,2024-01-01,542.78,5,0.0,542.78,108.56,444.05,444.05,"{""Groceries"": 2, ""Personal Hygiene"": 1, ""Subscriptions"": 1, ""Gifts"": 1}"
stats_2322,USR100df,CUST_0093,2024-02-01,842.31,3,0.0,842.31,280.77,746.62,746.62,"{""Personal Hygiene"": 1, ""Friend Activities"": 1, ""Subscriptions"": 1}"
stats_2323,USR100df,CUST_0093,2024-03-01,38.09,2,0.0,38.09,19.05,32.05,32.05,"{""Personal Hygiene"": 1, ""Groceries"": 1}"
stats_2324,USR100df,CUST_0093,2024-04-01,2393.38,5,0.0,2393.38,478.68,1359.62,1359.62,"{""Travel"": 2, ""Fitness"": 1, ""Friend Activities"": 1, ""Food"": 1}"
stats_2325,USR100df,CUST_0093,2024-06-01,212.5,2,0.0,212.5,106.25,142.09,142.09,"{""Gifts"": 1, ""Housing and Utilities"": 1}"
stats_2326,USR100df,CUST_0093,2024-07-01,53.77,1,0.0,53.77,53.77,53.77,53.77,"{""Gifts"": 1}"
stats_2327,USR100df,CUST_0093,2024-10-01,19.29,1,0.0,19.29,19.29,19.29,19.29,"{""Hobbies"": 1}"
stats_2328,USR100df,CUST_0093,2024-11-01,380.47,1,0.0,380.47,380.47,380.47,380.47,"{""Travel"": 1}"
stats_2329,USR100df,CUST_0093,2024-12-01,420.38,3,0.0,420.38,140.13,407.08,407.08,"{""Transportation"": 1, ""Subscriptions"": 1, ""Medical/Dental"": 1}"
stats_2330,USR840Fs,CUST_0183,2023-01-01,81.33,3,0.0,81.33,27.11,36.98,36.98,"{""Food"": 2, ""Friend Activities"": 1}"
stats_2331,USR840Fs,CUST_0183,2023-03-01,438.45,3,0.0,438.45,146.15,292.7,292.7,"{""Fitness"": 1, ""Travel"": 1, ""Food"": 1}"
stats_2332,USR840Fs,CUST_0183,2023-05-01,1269.97,2,0.0,1269.97,634.98,913.53,913.53,"{""Gifts"": 1, ""Fitness"": 1}"
stats_2333,USR840Fs,CUST_0183,2023-06-01,423.06,2,0.0,423.06,211.53,343.57,343.57,"{""Medical/Dental"": 1, ""Shopping"": 1}"
stats_2334,USR840Fs,CUST_0183,2023-07-01,19.48,1,0.0,19.48,19.48,19.48,19.48,"{""Travel"": 1}"
stats_2335,USR840Fs,CUST_0183,2023-08-01,322.31,2,0.0,322.31,161.16,179.35,179.35,"{""Housing and Utilities"": 1, ""Friend Activities"": 1}"
stats_2336,USR840Fs,CUST_0183,2023-09-01,2833.74,3,0.0,2833.74,944.58,2273.32,2273.32,"{""Housing and Utilities"": 1, ""Gifts"": 1, ""Friend Activities"": 1}"
stats_2337,USR840Fs,CUST_0183,2023-10-01,280.07,1,0.0,280.07,280.07,280.07,280.07,"{""Friend Activities"": 1}"
stats_2338,USR840Fs,CUST_0183,2023-11-01,161.68,3,0.0,161.68,53.89,66.87,66.87,"{""Gifts"": 2, ""Fitness"": 1}"
stats_2339,USR840Fs,CUST_0183,2023-12-01,578.35,4,0.0,578.35,144.59,496.6,496.6,"{""Friend Activities"": 1, ""Hobbies"": 1, ""Transportation"": 1, ""Fitness"": 1}"
stats_2340,USR840Fs,CUST_0183,2024-03-01,598.42,3,0.0,598.42,199.47,379.15,379.15,"{""Food"": 1, ""Fitness"": 1, ""Subscriptions"": 1}"
stats_2341,USR840Fs,CUST_0183,2024-04-01,45.02,2,0.0,45.02,22.51,38.5,38.5,"{""Friend Activities"": 1, ""Food"": 1}"
stats_2342,USR840Fs,CUST_0183,2024-05-01,864.02,2,0.0,864.02,432.01,707.15,707.15,"{""Friend Activities"": 1, ""Gifts"": 1}"
stats_2343,USR840Fs,CUST_0183,2024-06-01,1534.96,2,0.0,1534.96,767.48,1113.01,1113.01,"{""Travel"": 1, ""Medical/Dental"": 1}"
stats_2344,USR840Fs,CUST_0183,2024-07-01,588.78,3,0.0,588.78,196.26,283.17,283.17,"{""Fitness"": 1, ""Subscriptions"": 1, ""Medical/Dental"": 1}"
stats_2345,USR840Fs,CUST_0183,2024-08-01,860.19,1,0.0,860.19,860.19,860.19,860.19,"{""Fitness"": 1}"
stats_2346,USR840Fs,CUST_0183,2024-09-01,712.32,3,0.0,712.32,237.44,547.82,547.82,"{""Shopping"": 1, ""Housing and Utilities"": 1, ""Subscriptions"": 1}"
stats_2347,USR840Fs,CUST_0183,2024-10-01,343.65,2,0.0,343.65,171.82,286.3,286.3,"{""Transportation"": 1, ""Housing and Utilities"": 1}"
stats_2348,USR840Fs,CUST_0183,2024-11-01,1.99,1,0.0,1.99,1.99,1.99,1.99,"{""Groceries"": 1}"
stats_2349,USR840Fs,CUST_0183,2024-12-01,693.13,1,0.0,693.13,693.13,693.13,693.13,"{""Fitness"": 1}"
stats_2350,USR840Fs,CUST_0183,2025-01-01,773.68,3,0.0,773.68,257.89,503.62,503.62,"{""Personal Hygiene"": 1, ""Gifts"": 1, ""Food"": 1}"
stats_2351,USR472to,CUST_0090,2023-01-01,842.98,3,0.0,842.98,280.99,363.69,363.69,"{""Shopping"": 1, ""Housing and Utilities"": 1, ""Friend Activities"": 1}"
stats_2352,USR472to,CUST_0090,2023-02-01,90.66,1,0.0,90.66,90.66,90.66,90.66,"{""Gifts"": 1}"
stats_2353,USR472to,CUST_0090,2023-04-01,358.42,3,0.0,358.42,119.47,274.68,274.68,"{""Groceries"": 2, ""Travel"": 1}"
stats_2354,USR472to,CUST_0090,2023-05-01,411.42,4,0.0,411.42,102.86,223.73,223.73,"{""Gifts"": 2, ""Hobbies"": 1, ""Housing and Utilities"": 1}"
stats_2355,USR472to,CUST_0090,2023-06-01,311.18,2,0.0,311.18,155.59,268.06,268.06,"{""Subscriptions"": 1, ""Hobbies"": 1}"
stats_2356,USR472to,CUST_0090,2023-07-01,1139.49,3,0.0,1139.49,379.83,478.55,478.55,"{""Medical/Dental"": 1, ""Fitness"": 1, ""Travel"": 1}"
stats_2357,USR472to,CUST_0090,2023-08-01,8.72,1,0.0,8.72,8.72,8.72,8.72,"{""Transportation"": 1}"
stats_2358,USR472to,CUST_0090,2023-10-01,677.63,2,0.0,677.63,338.82,589.45,589.45,"{""Shopping"": 1, ""Hobbies"": 1}"
stats_2359,USR472to,CUST_0090,2023-11-01,351.59,3,0.0,351.59,117.2,223.6,223.6,"{""Gifts"": 1, ""Friend Activities"": 1, ""Housing and Utilities"": 1}"
stats_2360,USR472to,CUST_0090,2023-12-01,607.5,3,0.0,607.5,202.5,266.41,266.41,"{""Transportation"": 1, ""Travel"": 1, ""Friend Activities"": 1}"
stats_2361,USR472to,CUST_0090,2024-01-01,2829.5,3,0.0,2829.5,943.17,2607.6,2607.6,"{""Hobbies"": 2, ""Shopping"": 1}"
stats_2362,USR472to,CUST_0090,2024-02-01,593.03,4,0.0,593.03,148.26,509.42,509.42,"{""Groceries"": 1, ""Housing and Utilities"": 1, ""Hobbies"": 1, ""Medical/Dental"": 1}"
stats_2363,USR472to,CUST_0090,2024-03-01,416.87,2,0.0,416.87,208.44,411.99,411.99,"{""Medical/Dental"": 1, ""Food"": 1}"
stats_2364,USR472to,CUST_0090,2024-04-01,11.45,1,0.0,11.45,11.45,11.45,11.45,"{""Personal Hygiene"": 1}"
stats_2365,USR472to,CUST_0090,2024-05-01,5150.65,4,0.0,5150.65,1287.66,4864.58,4864.58,"{""Housing and Utilities"": 1, ""Shopping"": 1, ""Medical/Dental"": 1, ""Food"": 1}"
stats_2366,USR472to,CUST_0090,2024-06-01,149.34,1,0.0,149.34,149.34,149.34,149.34,"{""Food"": 1}"
stats_2367,USR472to,CUST_0090,2024-07-01,367.83,3,0.0,367.83,122.61,177.34,177.34,"{""Friend Activities"": 2, ""Shopping"": 1}"
stats_2368,USR472to,CUST_0090,2024-08-01,541.47,2,0.0,541.47,270.74,524.4,524.4,"{""Subscriptions"": 1, ""Travel"": 1}"
stats_2369,USR472to,CUST_0090,2024-09-01,483.42,2,0.0,483.42,241.71,349.2,349.2,"{""Housing and Utilities"": 1, ""Travel"": 1}"
stats_2370,USR472to,CUST_0090,2024-10-01,112.47,1,0.0,112.47,112.47,112.47,112.47,"{""Friend Activities"": 1}"
stats_2371,USR847Vu,CUST_0108,2023-01-01,93.06,2,0.0,93.06,46.53,81.79,81.79,"{""Transportation"": 1, ""Subscriptions"": 1}"
stats_2372,USR847Vu,CUST_0108,2023-02-01,323.95,3,0.0,323.95,107.98,301.35,301.35,"{""Groceries"": 1, ""Subscriptions"": 1, ""Hobbies"": 1}"
stats_2373,USR847Vu,CUST_0108,2023-04-01,873.91,5,0.0,873.91,174.78,337.85,337.85,"{""Shopping"": 1, ""Transportation"": 1, ""Medical/Dental"": 1, ""Personal Hygiene"": 1, ""Housing and Utilities"": 1}"
stats_2374,USR847Vu,CUST_0108,2023-05-01,3201.18,2,0.0,3201.18,1600.59,3181.48,3181.48,"{""Groceries"": 1, ""Housing and Utilities"": 1}"
stats_2375,USR847Vu,CUST_0108,2023-06-01,323.3,2,0.0,323.3,161.65,317.31,317.31,"{""Travel"": 1, ""Food"": 1}"
stats_2376,USR847Vu,CUST_0108,2023-07-01,893.95,1,0.0,893.95,893.95,893.95,893.95,"{""Medical/Dental"": 1}"
stats_2377,USR847Vu,CUST_0108,2023-08-01,622.05,3,0.0,622.05,207.35,547.85,547.85,"{""Transportation"": 2, ""Groceries"": 1}"
stats_2378,USR847Vu,CUST_0108,2023-09-01,1693.45,1,0.0,1693.45,1693.45,1693.45,1693.45,"{""Fitness"": 1}"
stats_2379,USR847Vu,CUST_0108,2023-10-01,702.59,3,0.0,702.59,234.2,598.09,598.09,"{""Friend Activities"": 2, ""Groceries"": 1}"
stats_2380,USR847Vu,CUST_0108,2023-12-01,8195.86,2,0.0,8195.86,4097.93,7930.89,7930.89,"{""Medical/Dental"": 1, ""Shopping"": 1}"
stats_2381,USR847Vu,CUST_0108,2024-01-01,239.66,1,0.0,239.66,239.66,239.66,239.66,"{""Fitness"": 1}"
stats_2382,USR847Vu,CUST_0108,2024-02-01,318.0,1,0.0,318.0,318.0,318.0,318.0,"{""Fitness"": 1}"
stats_2383,USR847Vu,CUST_0108,2024-04-01,18.26,1,0.0,18.26,18.26,18.26,18.26,"{""Personal Hygiene"": 1}"
stats_2384,USR847Vu,CUST_0108,2024-05-01,309.14,3,0.0,309.14,103.05,280.12,280.12,"{""Gifts"": 1, ""Food"": 1, ""Personal Hygiene"": 1}"
stats_2385,USR847Vu,CUST_0108,2024-06-01,5249.79,6,0.0,5249.79,874.96,3703.87,3703.87,"{""Shopping"": 2, ""Travel"": 1, ""Gifts"": 1, ""Transportation"": 1, ""Housing and Utilities"": 1}"
stats_2386,USR847Vu,CUST_0108,2024-07-01,1682.92,4,0.0,1682.92,420.73,884.09,884.09,"{""Gifts"": 2, ""Travel"": 1, ""Transportation"": 1}"
stats_2387,USR847Vu,CUST_0108,2024-08-01,419.83,3,0.0,419.83,139.94,377.7,377.7,"{""Transportation"": 1, ""Fitness"": 1, ""Food"": 1}"
stats_2388,USR847Vu,CUST_0108,2024-09-01,251.64,3,0.0,251.64,83.88,188.31,188.31,"{""Friend Activities"": 1, ""Transportation"": 1, ""Hobbies"": 1}"
stats_2389,USR847Vu,CUST_0108,2024-10-01,78.69,1,0.0,78.69,78.69,78.69,78.69,"{""Groceries"": 1}"
stats_2390,USR847Vu,CUST_0108,2024-11-01,171.09,1,0.0,171.09,171.09,171.09,171.09,"{""Food"": 1}"
stats_2391,USR847Vu,CUST_0108,2024-12-01,1295.25,2,0.0,1295.25,647.62,806.85,806.85,"{""Medical/Dental"": 1, ""Friend Activities"": 1}"
stats_2392,USR847Vu,CUST_0108,2025-01-01,49.47,1,0.0,49.47,49.47,49.47,49.47,"{""Shopping"": 1}"
stats_2393,USR932HS,CUST_0075,2023-01-01,192.33,3,0.0,192.33,64.11,109.94,109.94,"{""Medical/Dental"": 1, ""Food"": 1, ""Gifts"": 1}"
stats_2394,USR932HS,CUST_0075,2023-03-01,598.95,3,0.0,598.95,199.65,556.66,556.66,"{""Food"": 1, ""Travel"": 1, ""Groceries"": 1}"
stats_2395,USR932HS,CUST_0075,2023-06-01,5508.0,2,0.0,5508.0,2754.0,5500.03,5500.03,"{""Housing and Utilities"": 1, ""Food"": 1}"
stats_2396,USR932HS,CUST_0075,2023-07-01,150.24,1,0.0,150.24,150.24,150.24,150.24,"{""Gifts"": 1}"
stats_2397,USR932HS,CUST_0075,2023-08-01,192597.97,4,0.0,192597.97,48149.49,190421.89,190421.89,"{""Shopping"": 2, ""Subscriptions"": 1, ""Friend Activities"": 1}"
stats_2398,USR932HS,CUST_0075,2023-09-01,289.95,2,0.0,289.95,144.98,278.43,278.43,"{""Subscriptions"": 1, ""Gifts"": 1}"
stats_2399,USR932HS,CUST_0075,2023-10-01,894.64,2,0.0,894.64,447.32,858.53,858.53,"{""Medical/Dental"": 1, ""Personal Hygiene"": 1}"
stats_2400,USR932HS,CUST_0075,2023-11-01,191.53,3,0.0,191.53,63.84,149.04,149.04,"{""Friend Activities"": 1, ""Personal Hygiene"": 1, ""Gifts"": 1}"
stats_2401,USR932HS,CUST_0075,2023-12-01,6912.79,2,0.0,6912.79,3456.4,6886.91,6886.91,"{""Friend Activities"": 1, ""Housing and Utilities"": 1}"
stats_2402,USR932HS,CUST_0075,2024-01-01,75.43,2,0.0,75.43,37.72,48.68,48.68,"{""Groceries"": 1, ""Gifts"": 1}"
stats_2403,USR932HS,CUST_0075,2024-02-01,57.0,1,0.0,57.0,57.0,57.0,57.0,"{""Hobbies"": 1}"
stats_2404,USR932HS,CUST_0075,2024-03-01,249.01,2,0.0,249.01,124.5,194.56,194.56,"{""Housing and Utilities"": 1, ""Groceries"": 1}"
stats_2405,USR932HS,CUST_0075,2024-04-01,276.93,2,0.0,276.93,138.46,206.5,206.5,"{""Transportation"": 1, ""Gifts"": 1}"
stats_2406,USR932HS,CUST_0075,2024-05-01,5073.0,4,0.0,5073.0,1268.25,4376.92,4376.92,"{""Friend Activities"": 1, ""Groceries"": 1, ""Shopping"": 1, ""Housing and Utilities"": 1}"
stats_2407,USR932HS,CUST_0075,2024-06-01,388.62,1,0.0,388.62,388.62,388.62,388.62,"{""Travel"": 1}"
stats_2408,USR932HS,CUST_0075,2024-07-01,6825.4,3,0.0,6825.4,2275.13,6697.76,6697.76,"{""Housing and Utilities"": 2, ""Subscriptions"": 1}"
stats_2409,USR932HS,CUST_0075,2024-08-01,944.41,4,0.0,944.41,236.1,395.22,395.22,"{""Shopping"": 2, ""Subscriptions"": 1, ""Transportation"": 1}"
stats_2410,USR932HS,CUST_0075,2024-09-01,250.82,2,0.0,250.82,125.41,170.99,170.99,"{""Housing and Utilities"": 1, ""Friend Activities"": 1}"
stats_2411,USR932HS,CUST_0075,2024-10-01,14.87,2,0.0,14.87,7.44,7.83,7.83,"{""Transportation"": 1, ""Subscriptions"": 1}"
stats_2412,USR932HS,CUST_0075,2024-11-01,648.77,4,0.0,648.77,162.19,482.71,482.71,"{""Food"": 2, ""Groceries"": 1, ""Gifts"": 1}"
stats_2413,USR932HS,CUST_0075,2024-12-01,2164.78,4,0.0,2164.78,541.2,1298.94,1298.94,"{""Medical/Dental"": 2, ""Hobbies"": 1, ""Travel"": 1}"
stats_2414,USR932HS,CUST_0075,2025-01-01,151.74,1,0.0,151.74,151.74,151.74,151.74,"{""Shopping"": 1}"
stats_2415,USR646Eg,CUST_0187,2023-01-01,418.74,1,0.0,418.74,418.74,418.74,418.74,"{""Fitness"": 1}"
stats_2416,USR646Eg,CUST_0187,2023-03-01,1022.59,4,0.0,1022.59,255.65,957.85,957.85,"{""Subscriptions"": 1, ""Shopping"": 1, ""Food"": 1, ""Personal Hygiene"": 1}"
stats_2417,USR646Eg,CUST_0187,2023-05-01,265.74,2,0.0,265.74,132.87,210.41,210.41,"{""Medical/Dental"": 1, ""Transportation"": 1}"
stats_2418,USR646Eg,CUST_0187,2023-06-01,516.73,2,0.0,516.73,258.36,496.46,496.46,"{""Shopping"": 1, ""Groceries"": 1}"
stats_2419,USR646Eg,CUST_0187,2023-07-01,15.03,1,0.0,15.03,15.03,15.03,15.03,"{""Subscriptions"": 1}"
stats_2420,USR646Eg,CUST_0187,2023-08-01,32.4,2,0.0,32.4,16.2,22.34,22.34,"{""Friend Activities"": 1, ""Personal Hygiene"": 1}"
stats_2421,USR646Eg,CUST_0187,2023-09-01,563.87,2,0.0,563.87,281.94,549.46,549.46,"{""Subscriptions"": 1, ""Shopping"": 1}"
stats_2422,USR646Eg,CUST_0187,2023-10-01,552.83,2,0.0,552.83,276.42,543.67,543.67,"{""Subscriptions"": 1, ""Fitness"": 1}"
stats_2423,USR646Eg,CUST_0187,2023-11-01,541.6,2,0.0,541.6,270.8,491.02,491.02,"{""Medical/Dental"": 1, ""Friend Activities"": 1}"
stats_2424,USR646Eg,CUST_0187,2024-01-01,6170.59,2,0.0,6170.59,3085.3,6161.29,6161.29,"{""Housing and Utilities"": 1, ""Subscriptions"": 1}"
stats_2425,USR646Eg,CUST_0187,2024-02-01,253.07,3,0.0,253.07,84.36,166.8,166.8,"{""Groceries"": 2, ""Food"": 1}"
stats_2426,USR646Eg,CUST_0187,2024-03-01,43.98,2,0.0,43.98,21.99,40.07,40.07,"{""Food"": 1, ""Groceries"": 1}"
stats_2427,USR646Eg,CUST_0187,2024-04-01,576.27,4,0.0,576.27,144.07,275.0,275.0,"{""Hobbies"": 1, ""Transportation"": 1, ""Food"": 1, ""Medical/Dental"": 1}"
stats_2428,USR646Eg,CUST_0187,2024-05-01,201.76,1,0.0,201.76,201.76,201.76,201.76,"{""Gifts"": 1}"
stats_2429,USR646Eg,CUST_0187,2024-06-01,9.97,1,0.0,9.97,9.97,9.97,9.97,"{""Transportation"": 1}"
stats_2430,USR646Eg,CUST_0187,2024-07-01,23.83,2,0.0,23.83,11.92,14.62,14.62,"{""Travel"": 1, ""Subscriptions"": 1}"
stats_2431,USR646Eg,CUST_0187,2024-08-01,555.58,3,0.0,555.58,185.19,421.86,421.86,"{""Medical/Dental"": 2, ""Groceries"": 1}"
stats_2432,USR646Eg,CUST_0187,2024-09-01,858.51,4,0.0,858.51,214.63,564.12,564.12,"{""Medical/Dental"": 2, ""Transportation"": 1, ""Hobbies"": 1}"
stats_2433,USR646Eg,CUST_0187,2024-10-01,458.31,3,0.0,458.31,152.77,267.02,267.02,"{""Shopping"": 1, ""Subscriptions"": 1, ""Hobbies"": 1}"
stats_2434,USR646Eg,CUST_0187,2024-11-01,1523.35,2,0.0,1523.35,761.68,835.39,835.39,"{""Transportation"": 1, ""Medical/Dental"": 1}"
stats_2435,USR646Eg,CUST_0187,2024-12-01,169603.22,3,0.0,169603.22,56534.41,169207.4,169207.4,"{""Shopping"": 2, ""Personal Hygiene"": 1}"
stats_2436,USR258SD,CUST_0113,2023-01-01,166.35,2,0.0,166.35,83.18,154.78,154.78,"{""Gifts"": 1, ""Food"": 1}"
stats_2437,USR258SD,CUST_0113,2023-02-01,3964.33,1,0.0,3964.33,3964.33,3964.33,3964.33,"{""Housing and Utilities"": 1}"
stats_2438,USR258SD,CUST_0113,2023-03-01,1104.09,2,0.0,1104.09,552.04,1097.04,1097.04,"{""Travel"": 1, ""Transportation"": 1}"
stats_2439,USR258SD,CUST_0113,2023-04-01,488.26,3,0.0,488.26,162.75,308.57,308.57,"{""Food"": 1, ""Travel"": 1, ""Transportation"": 1}"
stats_2440,USR258SD,CUST_0113,2023-05-01,1714.18,3,0.0,1714.18,571.39,1600.59,1600.59,"{""Housing and Utilities"": 1, ""Personal Hygiene"": 1, ""Hobbies"": 1}"
stats_2441,USR258SD,CUST_0113,2023-06-01,11699.01,4,0.0,11699.01,2924.75,10756.37,10756.37,"{""Shopping"": 1, ""Fitness"": 1, ""Subscriptions"": 1, ""Housing and Utilities"": 1}"
stats_2442,USR258SD,CUST_0113,2023-07-01,1211.25,4,0.0,1211.25,302.81,912.6,912.6,"{""Food"": 2, ""Groceries"": 1, ""Travel"": 1}"
stats_2443,USR258SD,CUST_0113,2023-08-01,923.39,4,0.0,923.39,230.85,746.94,746.94,"{""Housing and Utilities"": 1, ""Medical/Dental"": 1, ""Fitness"": 1, ""Groceries"": 1}"
stats_2444,USR258SD,CUST_0113,2023-09-01,418.62,3,0.0,418.62,139.54,195.93,195.93,"{""Medical/Dental"": 1, ""Gifts"": 1, ""Housing and Utilities"": 1}"
stats_2445,USR258SD,CUST_0113,2023-10-01,1284.42,1,0.0,1284.42,1284.42,1284.42,1284.42,"{""Shopping"": 1}"
stats_2446,USR258SD,CUST_0113,2023-11-01,945.96,1,0.0,945.96,945.96,945.96,945.96,"{""Friend Activities"": 1}"
stats_2447,USR258SD,CUST_0113,2023-12-01,6.59,1,0.0,6.59,6.59,6.59,6.59,"{""Groceries"": 1}"
stats_2448,USR258SD,CUST_0113,2024-01-01,392.04,1,0.0,392.04,392.04,392.04,392.04,"{""Friend Activities"": 1}"
stats_2449,USR258SD,CUST_0113,2024-02-01,72.52,2,0.0,72.52,36.26,61.91,61.91,"{""Transportation"": 1, ""Food"": 1}"
stats_2450,USR258SD,CUST_0113,2024-03-01,75.84,1,0.0,75.84,75.84,75.84,75.84,"{""Housing and Utilities"": 1}"
stats_2451,USR258SD,CUST_0113,2024-04-01,100.31,1,0.0,100.31,100.31,100.31,100.31,"{""Hobbies"": 1}"
stats_2452,USR258SD,CUST_0113,2024-06-01,252.03,2,0.0,252.03,126.02,192.74,192.74,"{""Gifts"": 1, ""Food"": 1}"
stats_2453,USR258SD,CUST_0113,2024-08-01,271.6,4,0.0,271.6,67.9,161.75,161.75,"{""Personal Hygiene"": 2, ""Medical/Dental"": 1, ""Friend Activities"": 1}"
stats_2454,USR258SD,CUST_0113,2024-09-01,136.09,1,0.0,136.09,136.09,136.09,136.09,"{""Friend Activities"": 1}"
stats_2455,USR258SD,CUST_0113,2024-11-01,166430.87,2,0.0,166430.87,83215.44,166311.73,166311.73,"{""Shopping"": 1, ""Gifts"": 1}"
stats_2456,USR258SD,CUST_0113,2024-12-01,1312.96,4,0.0,1312.96,328.24,799.7,799.7,"{""Travel"": 2, ""Gifts"": 1, ""Housing and Utilities"": 1}"
stats_2457,USR465Of,CUST_0196,2023-01-01,63.67,1,0.0,63.67,63.67,63.67,63.67,"{""Housing and Utilities"": 1}"
stats_2458,USR465Of,CUST_0196,2023-02-01,71.56,2,0.0,71.56,35.78,66.44,66.44,"{""Groceries"": 1, ""Fitness"": 1}"
stats_2459,USR465Of,CUST_0196,2023-03-01,288.1,3,0.0,288.1,96.03,158.21,158.21,"{""Hobbies"": 1, ""Friend Activities"": 1, ""Medical/Dental"": 1}"
stats_2460,USR465Of,CUST_0196,2023-04-01,36.37,1,0.0,36.37,36.37,36.37,36.37,"{""Fitness"": 1}"
stats_2461,USR465Of,CUST_0196,2023-05-01,3.14,1,0.0,3.14,3.14,3.14,3.14,"{""Personal Hygiene"": 1}"
stats_2462,USR465Of,CUST_0196,2023-06-01,9.74,1,0.0,9.74,9.74,9.74,9.74,"{""Transportation"": 1}"
stats_2463,USR465Of,CUST_0196,2023-07-01,84.87,1,0.0,84.87,84.87,84.87,84.87,"{""Housing and Utilities"": 1}"
stats_2464,USR465Of,CUST_0196,2023-08-01,22.12,2,0.0,22.12,11.06,11.62,11.62,"{""Groceries"": 2}"
stats_2465,USR465Of,CUST_0196,2023-09-01,219.47,1,0.0,219.47,219.47,219.47,219.47,"{""Friend Activities"": 1}"
stats_2466,USR465Of,CUST_0196,2023-10-01,126.51,2,0.0,126.51,63.26,76.34,76.34,"{""Housing and Utilities"": 2}"
stats_2467,USR465Of,CUST_0196,2023-11-01,261.55,2,0.0,261.55,130.78,248.03,248.03,"{""Food"": 1, ""Subscriptions"": 1}"
stats_2468,USR465Of,CUST_0196,2023-12-01,505.85,3,0.0,505.85,168.62,347.55,347.55,"{""Fitness"": 2, ""Personal Hygiene"": 1}"
stats_2469,USR465Of,CUST_0196,2024-01-01,4380.71,3,0.0,4380.71,1460.24,4361.52,4361.52,"{""Transportation"": 1, ""Shopping"": 1, ""Travel"": 1}"
stats_2470,USR465Of,CUST_0196,2024-02-01,972.63,3,0.0,972.63,324.21,675.34,675.34,"{""Food"": 1, ""Medical/Dental"": 1, ""Subscriptions"": 1}"
stats_2471,USR465Of,CUST_0196,2024-03-01,374.35,1,0.0,374.35,374.35,374.35,374.35,"{""Travel"": 1}"
stats_2472,USR465Of,CUST_0196,2024-04-01,64.63,1,0.0,64.63,64.63,64.63,64.63,"{""Hobbies"": 1}"
stats_2473,USR465Of,CUST_0196,2024-05-01,235.62,3,0.0,235.62,78.54,198.3,198.3,"{""Travel"": 1, ""Subscriptions"": 1, ""Hobbies"": 1}"
stats_2474,USR465Of,CUST_0196,2024-06-01,2522.04,2,0.0,2522.04,1261.02,2332.5,2332.5,"{""Transportation"": 1, ""Housing and Utilities"": 1}"
stats_2475,USR465Of,CUST_0196,2024-07-01,71.12,1,0.0,71.12,71.12,71.12,71.12,"{""Transportation"": 1}"
stats_2476,USR465Of,CUST_0196,2024-08-01,5836.0,3,0.0,5836.0,1945.33,4467.84,4467.84,"{""Housing and Utilities"": 1, ""Travel"": 1, ""Friend Activities"": 1}"
stats_2477,USR465Of,CUST_0196,2024-09-01,1275.49,1,0.0,1275.49,1275.49,1275.49,1275.49,"{""Fitness"": 1}"
stats_2478,USR465Of,CUST_0196,2024-10-01,192.93,1,0.0,192.93,192.93,192.93,192.93,"{""Friend Activities"": 1}"
stats_2479,USR465Of,CUST_0196,2024-11-01,1180.0,5,0.0,1180.0,236.0,603.98,603.98,"{""Transportation"": 1, ""Medical/Dental"": 1, ""Friend Activities"": 1, ""Gifts"": 1, ""Shopping"": 1}"
stats_2480,USR465Of,CUST_0196,2024-12-01,109.25,2,0.0,109.25,54.62,102.61,102.61,"{""Transportation"": 1, ""Hobbies"": 1}"
stats_2481,USR465Of,CUST_0196,2025-01-01,767.26,1,0.0,767.26,767.26,767.26,767.26,"{""Shopping"": 1}"
stats_2482,USR556jk,CUST_0105,2023-01-01,89.44,2,0.0,89.44,44.72,53.74,53.74,"{""Transportation"": 1, ""Hobbies"": 1}"
stats_2483,USR556jk,CUST_0105,2023-02-01,1369.97,1,0.0,1369.97,1369.97,1369.97,1369.97,"{""Fitness"": 1}"
stats_2484,USR556jk,CUST_0105,2023-03-01,66.73,1,0.0,66.73,66.73,66.73,66.73,"{""Housing and Utilities"": 1}"
stats_2485,USR556jk,CUST_0105,2023-05-01,64.19,1,0.0,64.19,64.19,64.19,64.19,"{""Subscriptions"": 1}"
stats_2486,USR556jk,CUST_0105,2023-06-01,168.31,3,0.0,168.31,56.1,80.86,80.86,"{""Friend Activities"": 1, ""Travel"": 1, ""Housing and Utilities"": 1}"
stats_2487,USR556jk,CUST_0105,2023-08-01,7.73,1,0.0,7.73,7.73,7.73,7.73,"{""Groceries"": 1}"
stats_2488,USR556jk,CUST_0105,2023-09-01,609.62,1,0.0,609.62,609.62,609.62,609.62,"{""Fitness"": 1}"
stats_2489,USR556jk,CUST_0105,2023-10-01,314.81,2,0.0,314.81,157.4,304.22,304.22,"{""Groceries"": 1, ""Gifts"": 1}"
stats_2490,USR556jk,CUST_0105,2023-11-01,767.14,5,0.0,767.14,153.43,332.89,332.89,"{""Gifts"": 1, ""Friend Activities"": 1, ""Subscriptions"": 1, ""Transportation"": 1, ""Housing and Utilities"": 1}"
stats_2491,USR556jk,CUST_0105,2023-12-01,428.94,3,0.0,428.94,142.98,232.84,232.84,"{""Friend Activities"": 1, ""Medical/Dental"": 1, ""Food"": 1}"
stats_2492,USR556jk,CUST_0105,2024-01-01,361.59,1,0.0,361.59,361.59,361.59,361.59,"{""Friend Activities"": 1}"
stats_2493,USR556jk,CUST_0105,2024-02-01,43.08,2,0.0,43.08,21.54,37.12,37.12,"{""Personal Hygiene"": 1, ""Transportation"": 1}"
stats_2494,USR556jk,CUST_0105,2024-03-01,64.67,1,0.0,64.67,64.67,64.67,64.67,"{""Hobbies"": 1}"
stats_2495,USR556jk,CUST_0105,2024-06-01,73.51,2,0.0,73.51,36.76,61.34,61.34,"{""Food"": 1, ""Subscriptions"": 1}"
stats_2496,USR556jk,CUST_0105,2024-07-01,847.52,4,0.0,847.52,211.88,728.27,728.27,"{""Hobbies"": 1, ""Personal Hygiene"": 1, ""Subscriptions"": 1, ""Shopping"": 1}"
stats_2497,USR556jk,CUST_0105,2024-08-01,150.11,2,0.0,150.11,75.06,147.57,147.57,"{""Friend Activities"": 1, ""Food"": 1}"
stats_2498,USR556jk,CUST_0105,2024-09-01,1291.78,3,0.0,1291.78,430.59,1083.98,1083.98,"{""Subscriptions"": 1, ""Housing and Utilities"": 1, ""Travel"": 1}"
stats_2499,USR556jk,CUST_0105,2024-10-01,2733.4,3,0.0,2733.4,911.13,1450.2,1450.2,"{""Fitness"": 2, ""Gifts"": 1}"
stats_2500,USR556jk,CUST_0105,2024-11-01,7678.52,4,0.0,7678.52,1919.63,6900.84,6900.84,"{""Friend Activities"": 1, ""Transportation"": 1, ""Shopping"": 1, ""Fitness"": 1}"
stats_2501,USR556jk,CUST_0105,2024-12-01,530.05,3,0.0,530.05,176.68,269.31,269.31,"{""Hobbies"": 2, ""Medical/Dental"": 1}"
stats_2502,USR556jk,CUST_0105,2025-01-01,385.92,1,0.0,385.92,385.92,385.92,385.92,"{""Friend Activities"": 1}"
stats_2503,USR886vk,CUST_0106,2023-01-01,41168.19,2,0.0,41168.19,20584.1,41069.54,41069.54,"{""Friend Activities"": 1, ""Shopping"": 1}"
stats_2504,USR886vk,CUST_0106,2023-02-01,1307.38,2,0.0,1307.38,653.69,776.61,776.61,"{""Shopping"": 1, ""Fitness"": 1}"
stats_2505,USR886vk,CUST_0106,2023-03-01,250.42,1,0.0,250.42,250.42,250.42,250.42,"{""Hobbies"": 1}"
stats_2506,USR886vk,CUST_0106,2023-04-01,149.69,1,0.0,149.69,149.69,149.69,149.69,"{""Gifts"": 1}"
stats_2507,USR886vk,CUST_0106,2023-05-01,76.48,1,0.0,76.48,76.48,76.48,76.48,"{""Housing and Utilities"": 1}"
stats_2508,USR886vk,CUST_0106,2023-06-01,117.79,1,0.0,117.79,117.79,117.79,117.79,"{""Housing and Utilities"": 1}"
stats_2509,USR886vk,CUST_0106,2023-07-01,375.7,1,0.0,375.7,375.7,375.7,375.7,"{""Transportation"": 1}"
stats_2510,USR886vk,CUST_0106,2023-08-01,211.41,1,0.0,211.41,211.41,211.41,211.41,"{""Friend Activities"": 1}"
stats_2511,USR886vk,CUST_0106,2023-10-01,1453.47,1,0.0,1453.47,1453.47,1453.47,1453.47,"{""Travel"": 1}"
stats_2512,USR886vk,CUST_0106,2023-11-01,3347.69,5,0.0,3347.69,669.54,2966.69,2966.69,"{""Shopping"": 2, ""Gifts"": 1, ""Travel"": 1, ""Personal Hygiene"": 1}"
stats_2513,USR886vk,CUST_0106,2023-12-01,2995.65,3,0.0,2995.65,998.55,1508.86,1508.86,"{""Travel"": 1, ""Housing and Utilities"": 1, ""Personal Hygiene"": 1}"
stats_2514,USR886vk,CUST_0106,2024-01-01,166.37,1,0.0,166.37,166.37,166.37,166.37,"{""Hobbies"": 1}"
stats_2515,USR886vk,CUST_0106,2024-02-01,62.59,1,0.0,62.59,62.59,62.59,62.59,"{""Subscriptions"": 1}"
stats_2516,USR886vk,CUST_0106,2024-03-01,27.79,1,0.0,27.79,27.79,27.79,27.79,"{""Hobbies"": 1}"
stats_2517,USR886vk,CUST_0106,2024-04-01,2078.23,5,0.0,2078.23,415.65,1535.61,1535.61,"{""Friend Activities"": 1, ""Food"": 1, ""Personal Hygiene"": 1, ""Travel"": 1, ""Fitness"": 1}"
stats_2518,USR886vk,CUST_0106,2024-05-01,827.99,4,0.0,827.99,207.0,520.17,520.17,"{""Food"": 1, ""Hobbies"": 1, ""Travel"": 1, ""Medical/Dental"": 1}"
stats_2519,USR886vk,CUST_0106,2024-06-01,1444.24,2,0.0,1444.24,722.12,991.36,991.36,"{""Personal Hygiene"": 1, ""Shopping"": 1}"
stats_2520,USR886vk,CUST_0106,2024-07-01,98.81,1,0.0,98.81,98.81,98.81,98.81,"{""Transportation"": 1}"
stats_2521,USR886vk,CUST_0106,2024-08-01,1304.44,1,0.0,1304.44,1304.44,1304.44,1304.44,"{""Fitness"": 1}"
stats_2522,USR886vk,CUST_0106,2024-09-01,736.23,2,0.0,736.23,368.12,690.84,690.84,"{""Shopping"": 1, ""Gifts"": 1}"
stats_2523,USR886vk,CUST_0106,2024-11-01,800.86,4,0.0,800.86,200.22,526.27,526.27,"{""Transportation"": 2, ""Travel"": 1, ""Hobbies"": 1}"
stats_2524,USR886vk,CUST_0106,2024-12-01,467.41,3,0.0,467.41,155.8,444.24,444.24,"{""Subscriptions"": 2, ""Fitness"": 1}"
stats_2525,USR886vk,CUST_0106,2025-01-01,692.85,2,0.0,692.85,346.42,686.2,686.2,"{""Medical/Dental"": 1, ""Personal Hygiene"": 1}"
stats_2526,USR372Mt,CUST_0086,2023-01-01,211.27,3,0.0,211.27,70.42,103.36,103.36,"{""Fitness"": 2, ""Travel"": 1}"
stats_2527,USR372Mt,CUST_0086,2023-02-01,166.47,2,0.0,166.47,83.24,155.73,155.73,"{""Food"": 1, ""Housing and Utilities"": 1}"
stats_2528,USR372Mt,CUST_0086,2023-04-01,116.85,1,0.0,116.85,116.85,116.85,116.85,"{""Friend Activities"": 1}"
stats_2529,USR372Mt,CUST_0086,2023-05-01,593.25,2,0.0,593.25,296.62,588.81,588.81,"{""Medical/Dental"": 1, ""Transportation"": 1}"
stats_2530,USR372Mt,CUST_0086,2023-06-01,38.85,1,0.0,38.85,38.85,38.85,38.85,"{""Food"": 1}"
stats_2531,USR372Mt,CUST_0086,2023-07-01,67770.33,4,0.0,67770.33,16942.58,67448.2,67448.2,"{""Gifts"": 1, ""Shopping"": 1, ""Food"": 1, ""Friend Activities"": 1}"
stats_2532,USR372Mt,CUST_0086,2023-08-01,3390.85,4,0.0,3390.85,847.71,2415.46,2415.46,"{""Food"": 2, ""Gifts"": 1, ""Shopping"": 1}"
stats_2533,USR372Mt,CUST_0086,2023-10-01,80.85,1,0.0,80.85,80.85,80.85,80.85,"{""Housing and Utilities"": 1}"
stats_2534,USR372Mt,CUST_0086,2023-11-01,2661.44,6,0.0,2661.44,443.57,1203.56,1203.56,"{""Medical/Dental"": 2, ""Travel"": 2, ""Shopping"": 1, ""Friend Activities"": 1}"
stats_2535,USR372Mt,CUST_0086,2023-12-01,372.52,1,0.0,372.52,372.52,372.52,372.52,"{""Friend Activities"": 1}"
stats_2536,USR372Mt,CUST_0086,2024-01-01,5568.37,4,0.0,5568.37,1392.09,5184.87,5184.87,"{""Friend Activities"": 1, ""Hobbies"": 1, ""Housing and Utilities"": 1, ""Gifts"": 1}"
stats_2537,USR372Mt,CUST_0086,2024-02-01,506.64,2,0.0,506.64,253.32,459.05,459.05,"{""Shopping"": 1, ""Travel"": 1}"
stats_2538,USR372Mt,CUST_0086,2024-03-01,119.6,1,0.0,119.6,119.6,119.6,119.6,"{""Travel"": 1}"
stats_2539,USR372Mt,CUST_0086,2024-04-01,535.14,3,0.0,535.14,178.38,217.29,217.29,"{""Travel"": 1, ""Housing and Utilities"": 1, ""Friend Activities"": 1}"
stats_2540,USR372Mt,CUST_0086,2024-06-01,261.78,3,0.0,261.78,87.26,135.52,135.52,"{""Hobbies"": 2, ""Transportation"": 1}"
stats_2541,USR372Mt,CUST_0086,2024-07-01,473.08,5,0.0,473.08,94.62,250.42,250.42,"{""Hobbies"": 2, ""Fitness"": 1, ""Subscriptions"": 1, ""Food"": 1}"
stats_2542,USR372Mt,CUST_0086,2024-08-01,11.77,1,0.0,11.77,11.77,11.77,11.77,"{""Subscriptions"": 1}"
stats_2543,USR372Mt,CUST_0086,2024-09-01,1024.38,4,0.0,1024.38,256.1,734.83,734.83,"{""Fitness"": 1, ""Transportation"": 1, ""Groceries"": 1, ""Gifts"": 1}"
stats_2544,USR372Mt,CUST_0086,2024-10-01,25.14,2,0.0,25.14,12.57,15.14,15.14,"{""Food"": 1, ""Hobbies"": 1}"
stats_2545,USR372Mt,CUST_0086,2025-01-01,5.84,1,0.0,5.84,5.84,5.84,5.84,"{""Personal Hygiene"": 1}"
stats_2546,USR834PN,CUST_0127,2023-01-01,1094.78,3,0.0,1094.78,364.93,828.88,828.88,"{""Gifts"": 2, ""Transportation"": 1}"
stats_2547,USR834PN,CUST_0127,2023-02-01,231.25,2,0.0,231.25,115.62,124.18,124.18,"{""Friend Activities"": 1, ""Housing and Utilities"": 1}"
stats_2548,USR834PN,CUST_0127,2023-04-01,5.87,1,0.0,5.87,5.87,5.87,5.87,"{""Groceries"": 1}"
stats_2549,USR834PN,CUST_0127,2023-05-01,95.18,2,0.0,95.18,47.59,73.4,73.4,"{""Housing and Utilities"": 1, ""Food"": 1}"
stats_2550,USR834PN,CUST_0127,2023-06-01,366.84,2,0.0,366.84,183.42,204.34,204.34,"{""Hobbies"": 2}"
stats_2551,USR834PN,CUST_0127,2023-07-01,159.61,4,0.0,159.61,39.9,97.82,97.82,"{""Subscriptions"": 2, ""Friend Activities"": 1, ""Housing and Utilities"": 1}"
stats_2552,USR834PN,CUST_0127,2023-08-01,6071.82,3,0.0,6071.82,2023.94,5864.97,5864.97,"{""Housing and Utilities"": 1, ""Shopping"": 1, ""Food"": 1}"
stats_2553,USR834PN,CUST_0127,2023-09-01,62.0,1,0.0,62.0,62.0,62.0,62.0,"{""Transportation"": 1}"
stats_2554,USR834PN,CUST_0127,2023-10-01,583.03,2,0.0,583.03,291.52,417.48,417.48,"{""Medical/Dental"": 1, ""Food"": 1}"
stats_2555,USR834PN,CUST_0127,2023-11-01,1784.99,4,0.0,1784.99,446.25,946.96,946.96,"{""Medical/Dental"": 1, ""Food"": 1, ""Transportation"": 1, ""Travel"": 1}"
stats_2556,USR834PN,CUST_0127,2023-12-01,203.7,2,0.0,203.7,101.85,174.4,174.4,"{""Hobbies"": 1, ""Housing and Utilities"": 1}"
stats_2557,USR834PN,CUST_0127,2024-01-01,461.27,2,0.0,461.27,230.64,442.92,442.92,"{""Groceries"": 1, ""Medical/Dental"": 1}"
stats_2558,USR834PN,CUST_0127,2024-02-01,146.21,1,0.0,146.21,146.21,146.21,146.21,"{""Gifts"": 1}"
stats_2559,USR834PN,CUST_0127,2024-03-01,12.67,1,0.0,12.67,12.67,12.67,12.67,"{""Subscriptions"": 1}"
stats_2560,USR834PN,CUST_0127,2024-04-01,11.27,1,0.0,11.27,11.27,11.27,11.27,"{""Subscriptions"": 1}"
stats_2561,USR834PN,CUST_0127,2024-05-01,128.99,2,0.0,128.99,64.5,121.56,121.56,"{""Personal Hygiene"": 1, ""Shopping"": 1}"
stats_2562,USR834PN,CUST_0127,2024-06-01,1884.55,4,0.0,1884.55,471.14,953.72,953.72,"{""Transportation"": 2, ""Travel"": 1, ""Friend Activities"": 1}"
stats_2563,USR834PN,CUST_0127,2024-07-01,37.17,1,0.0,37.17,37.17,37.17,37.17,"{""Subscriptions"": 1}"
stats_2564,USR834PN,CUST_0127,2024-08-01,77.81,2,0.0,77.81,38.9,66.78,66.78,"{""Subscriptions"": 1, ""Housing and Utilities"": 1}"
stats_2565,USR834PN,CUST_0127,2024-09-01,385.2,2,0.0,385.2,192.6,270.77,270.77,"{""Fitness"": 1, ""Friend Activities"": 1}"
stats_2566,USR129NG,CUST_0161,2023-01-01,765.2,3,0.0,765.2,255.07,518.78,518.78,"{""Food"": 1, ""Shopping"": 1, ""Transportation"": 1}"
stats_2567,USR129NG,CUST_0161,2023-02-01,105.77,1,0.0,105.77,105.77,105.77,105.77,"{""Housing and Utilities"": 1}"
stats_2568,USR129NG,CUST_0161,2023-03-01,2087.1,1,0.0,2087.1,2087.1,2087.1,2087.1,"{""Fitness"": 1}"
stats_2569,USR129NG,CUST_0161,2023-04-01,342.2,2,0.0,342.2,171.1,222.64,222.64,"{""Medical/Dental"": 1, ""Hobbies"": 1}"
stats_2570,USR129NG,CUST_0161,2023-05-01,1056.33,5,0.0,1056.33,211.27,443.35,443.35,"{""Hobbies"": 1, ""Fitness"": 1, ""Food"": 1, ""Housing and Utilities"": 1, ""Friend Activities"": 1}"
stats_2571,USR129NG,CUST_0161,2023-06-01,2079.8,4,0.0,2079.8,519.95,778.44,778.44,"{""Transportation"": 2, ""Hobbies"": 1, ""Medical/Dental"": 1}"
stats_2572,USR129NG,CUST_0161,2023-07-01,85248.61,2,0.0,85248.61,42624.3,85202.48,85202.48,"{""Shopping"": 1, ""Groceries"": 1}"
stats_2573,USR129NG,CUST_0161,2023-08-01,124.39,2,0.0,124.39,62.2,69.59,69.59,"{""Gifts"": 1, ""Hobbies"": 1}"
stats_2574,USR129NG,CUST_0161,2023-09-01,1519.27,4,0.0,1519.27,379.82,693.24,693.24,"{""Transportation"": 2, ""Personal Hygiene"": 1, ""Travel"": 1}"
stats_2575,USR129NG,CUST_0161,2023-10-01,33.57,2,0.0,33.57,16.78,17.94,17.94,"{""Food"": 1, ""Fitness"": 1}"
stats_2576,USR129NG,CUST_0161,2023-12-01,410.16,3,0.0,410.16,136.72,286.86,286.86,"{""Housing and Utilities"": 1, ""Medical/Dental"": 1, ""Subscriptions"": 1}"
stats_2577,USR129NG,CUST_0161,2024-01-01,68.79,1,0.0,68.79,68.79,68.79,68.79,"{""Housing and Utilities"": 1}"
stats_2578,USR129NG,CUST_0161,2024-02-01,399.99,3,0.0,399.99,133.33,283.41,283.41,"{""Housing and Utilities"": 1, ""Shopping"": 1, ""Hobbies"": 1}"
stats_2579,USR129NG,CUST_0161,2024-03-01,113.46,2,0.0,113.46,56.73,98.43,98.43,"{""Food"": 1, ""Transportation"": 1}"
stats_2580,USR129NG,CUST_0161,2024-04-01,444.89,4,0.0,444.89,111.22,389.49,389.49,"{""Friend Activities"": 1, ""Groceries"": 1, ""Hobbies"": 1, ""Subscriptions"": 1}"
stats_2581,USR129NG,CUST_0161,2024-06-01,189.09,1,0.0,189.09,189.09,189.09,189.09,"{""Travel"": 1}"
stats_2582,USR129NG,CUST_0161,2024-07-01,128559.11,2,0.0,128559.11,64279.56,128550.18,128550.18,"{""Groceries"": 1, ""Shopping"": 1}"
stats_2583,USR129NG,CUST_0161,2024-08-01,991.34,2,0.0,991.34,495.67,893.87,893.87,"{""Medical/Dental"": 1, ""Hobbies"": 1}"
stats_2584,USR129NG,CUST_0161,2024-09-01,54.23,2,0.0,54.23,27.12,39.16,39.16,"{""Personal Hygiene"": 1, ""Travel"": 1}"
stats_2585,USR129NG,CUST_0161,2024-10-01,109.6,1,0.0,109.6,109.6,109.6,109.6,"{""Transportation"": 1}"
stats_2586,USR129NG,CUST_0161,2024-11-01,694.92,1,0.0,694.92,694.92,694.92,694.92,"{""Medical/Dental"": 1}"
stats_2587,USR129NG,CUST_0161,2024-12-01,191.24,2,0.0,191.24,95.62,134.42,134.42,"{""Hobbies"": 1, ""Medical/Dental"": 1}"
stats_2588,USR129NG,CUST_0161,2025-01-01,25.1,1,0.0,25.1,25.1,25.1,25.1,"{""Fitness"": 1}"
stats_2589,USR401fn,CUST_0170,2023-01-01,75.94,1,0.0,75.94,75.94,75.94,75.94,"{""Transportation"": 1}"
stats_2590,USR401fn,CUST_0170,2023-02-01,5007.92,5,0.0,5007.92,1001.58,3359.57,3359.57,"{""Fitness"": 1, ""Friend Activities"": 1, ""Shopping"": 1, ""Travel"": 1, ""Gifts"": 1}"
stats_2591,USR401fn,CUST_0170,2023-03-01,171.29,1,0.0,171.29,171.29,171.29,171.29,"{""Housing and Utilities"": 1}"
stats_2592,USR401fn,CUST_0170,2023-04-01,134.92,1,0.0,134.92,134.92,134.92,134.92,"{""Shopping"": 1}"
stats_2593,USR401fn,CUST_0170,2023-05-01,1231.01,7,0.0,1231.01,175.86,577.76,577.76,"{""Medical/Dental"": 2, ""Gifts"": 1, ""Friend Activities"": 1, ""Housing and Utilities"": 1, ""Food"": 1, ""Travel"": 1}"
stats_2594,USR401fn,CUST_0170,2023-06-01,480.49,2,0.0,480.49,240.24,379.29,379.29,"{""Fitness"": 1, ""Shopping"": 1}"
stats_2595,USR401fn,CUST_0170,2023-07-01,784.71,2,0.0,784.71,392.36,774.32,774.32,"{""Subscriptions"": 1, ""Personal Hygiene"": 1}"
stats_2596,USR401fn,CUST_0170,2023-09-01,803.79,2,0.0,803.79,401.9,561.57,561.57,"{""Travel"": 1, ""Transportation"": 1}"
stats_2597,USR401fn,CUST_0170,2023-10-01,177.97,3,0.0,177.97,59.32,87.31,87.31,"{""Food"": 1, ""Transportation"": 1, ""Groceries"": 1}"
stats_2598,USR401fn,CUST_0170,2023-11-01,23.97,1,0.0,23.97,23.97,23.97,23.97,"{""Personal Hygiene"": 1}"
stats_2599,USR401fn,CUST_0170,2023-12-01,512.45,4,0.0,512.45,128.11,374.55,374.55,"{""Transportation"": 1, ""Shopping"": 1, ""Subscriptions"": 1, ""Hobbies"": 1}"
stats_2600,USR401fn,CUST_0170,2024-01-01,366.3,3,0.0,366.3,122.1,214.8,214.8,"{""Personal Hygiene"": 1, ""Transportation"": 1, ""Friend Activities"": 1}"
stats_2601,USR401fn,CUST_0170,2024-02-01,368.05,3,0.0,368.05,122.68,190.16,190.16,"{""Groceries"": 1, ""Gifts"": 1, ""Personal Hygiene"": 1}"
stats_2602,USR401fn,CUST_0170,2024-03-01,6301.61,5,0.0,6301.61,1260.32,5254.97,5254.97,"{""Groceries"": 2, ""Gifts"": 1, ""Housing and Utilities"": 1, ""Friend Activities"": 1}"
stats_2603,USR401fn,CUST_0170,2024-05-01,1427.92,4,0.0,1427.92,356.98,977.23,977.23,"{""Transportation"": 1, ""Personal Hygiene"": 1, ""Shopping"": 1, ""Fitness"": 1}"
stats_2604,USR401fn,CUST_0170,2024-07-01,5799.79,3,0.0,5799.79,1933.26,5011.14,5011.14,"{""Gifts"": 1, ""Transportation"": 1, ""Housing and Utilities"": 1}"
stats_2605,USR401fn,CUST_0170,2024-08-01,1279.35,2,0.0,1279.35,639.67,1205.97,1205.97,"{""Fitness"": 1, ""Travel"": 1}"
stats_2606,USR401fn,CUST_0170,2024-09-01,2692.53,2,0.0,2692.53,1346.26,2684.35,2684.35,"{""Personal Hygiene"": 1, ""Subscriptions"": 1}"
stats_2607,USR401fn,CUST_0170,2024-10-01,219.27,3,0.0,219.27,73.09,167.33,167.33,"{""Fitness"": 1, ""Transportation"": 1, ""Groceries"": 1}"
stats_2608,USR401fn,CUST_0170,2024-12-01,426.97,2,0.0,426.97,213.48,398.85,398.85,"{""Housing and Utilities"": 1, ""Medical/Dental"": 1}"
stats_2609,USR401fn,CUST_0170,2025-01-01,26.4,1,0.0,26.4,26.4,26.4,26.4,"{""Housing and Utilities"": 1}"
stats_2610,USR297tJ,CUST_0167,2023-02-01,447.21,2,0.0,447.21,223.6,433.88,433.88,"{""Personal Hygiene"": 1, ""Fitness"": 1}"
stats_2611,USR297tJ,CUST_0167,2023-03-01,125.34,2,0.0,125.34,62.67,93.87,93.87,"{""Food"": 1, ""Groceries"": 1}"
stats_2612,USR297tJ,CUST_0167,2023-04-01,39.31,1,0.0,39.31,39.31,39.31,39.31,"{""Housing and Utilities"": 1}"
stats_2613,USR297tJ,CUST_0167,2023-05-01,1352.38,1,0.0,1352.38,1352.38,1352.38,1352.38,"{""Travel"": 1}"
stats_2614,USR297tJ,CUST_0167,2023-06-01,599.77,3,0.0,599.77,199.92,408.96,408.96,"{""Food"": 2, ""Travel"": 1}"
stats_2615,USR297tJ,CUST_0167,2023-09-01,140.82,3,0.0,140.82,46.94,87.31,87.31,"{""Gifts"": 1, ""Food"": 1, ""Fitness"": 1}"
stats_2616,USR297tJ,CUST_0167,2023-10-01,46.75,1,0.0,46.75,46.75,46.75,46.75,"{""Fitness"": 1}"
stats_2617,USR297tJ,CUST_0167,2023-11-01,758.21,4,0.0,758.21,189.55,347.4,347.4,"{""Personal Hygiene"": 1, ""Gifts"": 1, ""Medical/Dental"": 1, ""Shopping"": 1}"
stats_2618,USR297tJ,CUST_0167,2023-12-01,171.6,5,0.0,171.6,34.32,70.16,70.16,"{""Groceries"": 3, ""Personal Hygiene"": 2}"
stats_2619,USR297tJ,CUST_0167,2024-01-01,13.31,1,0.0,13.31,13.31,13.31,13.31,"{""Groceries"": 1}"
stats_2620,USR297tJ,CUST_0167,2024-02-01,582.34,3,0.0,582.34,194.11,446.67,446.67,"{""Hobbies"": 1, ""Transportation"": 1, ""Fitness"": 1}"
stats_2621,USR297tJ,CUST_0167,2024-03-01,312.28,2,0.0,312.28,156.14,258.4,258.4,"{""Travel"": 1, ""Subscriptions"": 1}"
stats_2622,USR297tJ,CUST_0167,2024-04-01,499.81,3,0.0,499.81,166.6,346.95,346.95,"{""Shopping"": 2, ""Gifts"": 1}"
stats_2623,USR297tJ,CUST_0167,2024-06-01,24.08,2,0.0,24.08,12.04,16.37,16.37,"{""Food"": 1, ""Subscriptions"": 1}"
stats_2624,USR297tJ,CUST_0167,2024-08-01,1431.42,3,0.0,1431.42,477.14,929.73,929.73,"{""Friend Activities"": 1, ""Gifts"": 1, ""Food"": 1}"
stats_2625,USR297tJ,CUST_0167,2024-09-01,145.33,4,0.0,145.33,36.33,74.88,74.88,"{""Food"": 2, ""Personal Hygiene"": 1, ""Groceries"": 1}"
stats_2626,USR297tJ,CUST_0167,2024-10-01,606.02,3,0.0,606.02,202.01,484.92,484.92,"{""Hobbies"": 1, ""Shopping"": 1, ""Personal Hygiene"": 1}"
stats_2627,USR297tJ,CUST_0167,2024-11-01,198.37,2,0.0,198.37,99.18,139.12,139.12,"{""Groceries"": 1, ""Gifts"": 1}"
stats_2628,USR297tJ,CUST_0167,2024-12-01,10.43,1,0.0,10.43,10.43,10.43,10.43,"{""Groceries"": 1}"
stats_2629,USR993dr,CUST_0172,2023-01-01,404.37,4,0.0,404.37,101.09,254.66,254.66,"{""Groceries"": 1, ""Medical/Dental"": 1, ""Housing and Utilities"": 1, ""Fitness"": 1}"
stats_2630,USR993dr,CUST_0172,2023-02-01,213.55,3,0.0,213.55,71.18,138.69,138.69,"{""Hobbies"": 2, ""Groceries"": 1}"
stats_2631,USR993dr,CUST_0172,2023-03-01,1197.24,2,0.0,1197.24,598.62,635.39,635.39,"{""Fitness"": 1, ""Medical/Dental"": 1}"
stats_2632,USR993dr,CUST_0172,2023-04-01,2033.98,2,0.0,2033.98,1016.99,2007.67,2007.67,"{""Personal Hygiene"": 2}"
stats_2633,USR993dr,CUST_0172,2023-05-01,195.21,2,0.0,195.21,97.6,155.96,155.96,"{""Hobbies"": 1, ""Housing and Utilities"": 1}"
stats_2634,USR993dr,CUST_0172,2023-06-01,501.48,4,0.0,501.48,125.37,325.63,325.63,"{""Groceries"": 2, ""Travel"": 1, ""Gifts"": 1}"
stats_2635,USR993dr,CUST_0172,2023-07-01,1645.12,1,0.0,1645.12,1645.12,1645.12,1645.12,"{""Fitness"": 1}"
stats_2636,USR993dr,CUST_0172,2023-08-01,310.35,2,0.0,310.35,155.18,256.95,256.95,"{""Housing and Utilities"": 1, ""Transportation"": 1}"
stats_2637,USR993dr,CUST_0172,2023-12-01,21.82,2,0.0,21.82,10.91,14.33,14.33,"{""Food"": 1, ""Subscriptions"": 1}"
stats_2638,USR993dr,CUST_0172,2024-01-01,171.48,1,0.0,171.48,171.48,171.48,171.48,"{""Gifts"": 1}"
stats_2639,USR993dr,CUST_0172,2024-03-01,420.82,2,0.0,420.82,210.41,381.93,381.93,"{""Shopping"": 1, ""Food"": 1}"
stats_2640,USR993dr,CUST_0172,2024-04-01,88.99,3,0.0,88.99,29.66,74.45,74.45,"{""Transportation"": 1, ""Gifts"": 1, ""Groceries"": 1}"
stats_2641,USR993dr,CUST_0172,2024-05-01,399.77,3,0.0,399.77,133.26,199.39,199.39,"{""Medical/Dental"": 1, ""Shopping"": 1, ""Hobbies"": 1}"
stats_2642,USR993dr,CUST_0172,2024-06-01,139.11,2,0.0,139.11,69.56,130.19,130.19,"{""Groceries"": 1, ""Gifts"": 1}"
stats_2643,USR993dr,CUST_0172,2024-07-01,274.4,3,0.0,274.4,91.47,191.44,191.44,"{""Gifts"": 1, ""Transportation"": 1, ""Personal Hygiene"": 1}"
stats_2644,USR993dr,CUST_0172,2024-08-01,188.7,2,0.0,188.7,94.35,133.41,133.41,"{""Friend Activities"": 1, ""Shopping"": 1}"
stats_2645,USR993dr,CUST_0172,2024-09-01,73.49,1,0.0,73.49,73.49,73.49,73.49,"{""Friend Activities"": 1}"
stats_2646,USR993dr,CUST_0172,2024-10-01,348.73,1,0.0,348.73,348.73,348.73,348.73,"{""Gifts"": 1}"
stats_2647,USR993dr,CUST_0172,2024-11-01,789.8,4,0.0,789.8,197.45,488.22,488.22,"{""Groceries"": 1, ""Travel"": 1, ""Personal Hygiene"": 1, ""Fitness"": 1}"
stats_2648,USR993dr,CUST_0172,2024-12-01,337.51,5,0.0,337.51,67.5,113.81,113.81,"{""Gifts"": 2, ""Friend Activities"": 1, ""Fitness"": 1, ""Transportation"": 1}"
stats_2649,USR249de,CUST_0168,2023-01-01,123.02,2,0.0,123.02,61.51,120.96,120.96,"{""Hobbies"": 1, ""Personal Hygiene"": 1}"
stats_2650,USR249de,CUST_0168,2023-02-01,573.3,1,0.0,573.3,573.3,573.3,573.3,"{""Transportation"": 1}"
stats_2651,USR249de,CUST_0168,2023-03-01,5358.24,3,0.0,5358.24,1786.08,4341.52,4341.52,"{""Housing and Utilities"": 1, ""Transportation"": 1, ""Fitness"": 1}"
stats_2652,USR249de,CUST_0168,2023-04-01,79.44,1,0.0,79.44,79.44,79.44,79.44,"{""Fitness"": 1}"
stats_2653,USR249de,CUST_0168,2023-05-01,19.67,2,0.0,19.67,9.84,11.49,11.49,"{""Food"": 1, ""Personal Hygiene"": 1}"
stats_2654,USR249de,CUST_0168,2023-06-01,44.39,2,0.0,44.39,22.2,41.47,41.47,"{""Food"": 1, ""Fitness"": 1}"
stats_2655,USR249de,CUST_0168,2023-07-01,1133.44,4,0.0,1133.44,283.36,557.91,557.91,"{""Medical/Dental"": 2, ""Friend Activities"": 1, ""Food"": 1}"
stats_2656,USR249de,CUST_0168,2023-08-01,2479.25,4,0.0,2479.25,619.81,2337.35,2337.35,"{""Housing and Utilities"": 2, ""Groceries"": 2}"
stats_2657,USR249de,CUST_0168,2023-09-01,15.66,2,0.0,15.66,7.83,13.4,13.4,"{""Personal Hygiene"": 1, ""Groceries"": 1}"
stats_2658,USR249de,CUST_0168,2023-10-01,42.89,1,0.0,42.89,42.89,42.89,42.89,"{""Subscriptions"": 1}"
stats_2659,USR249de,CUST_0168,2023-12-01,1294.38,1,0.0,1294.38,1294.38,1294.38,1294.38,"{""Fitness"": 1}"
stats_2660,USR249de,CUST_0168,2024-01-01,154.08,3,0.0,154.08,51.36,107.53,107.53,"{""Personal Hygiene"": 1, ""Groceries"": 1, ""Housing and Utilities"": 1}"
stats_2661,USR249de,CUST_0168,2024-02-01,4639.0,5,0.0,4639.0,927.8,4320.45,4320.45,"{""Housing and Utilities"": 3, ""Shopping"": 1, ""Transportation"": 1}"
stats_2662,USR249de,CUST_0168,2024-03-01,15.02,1,0.0,15.02,15.02,15.02,15.02,"{""Fitness"": 1}"
stats_2663,USR249de,CUST_0168,2024-04-01,484.07,2,0.0,484.07,242.04,318.85,318.85,"{""Housing and Utilities"": 1, ""Friend Activities"": 1}"
stats_2664,USR249de,CUST_0168,2024-05-01,1337.99,3,0.0,1337.99,446.0,935.3,935.3,"{""Personal Hygiene"": 1, ""Transportation"": 1, ""Fitness"": 1}"
stats_2665,USR249de,CUST_0168,2024-06-01,453.01,2,0.0,453.01,226.5,426.11,426.11,"{""Personal Hygiene"": 1, ""Food"": 1}"
stats_2666,USR249de,CUST_0168,2024-07-01,339.76,2,0.0,339.76,169.88,319.43,319.43,"{""Groceries"": 1, ""Shopping"": 1}"
stats_2667,USR249de,CUST_0168,2024-08-01,156.64,1,0.0,156.64,156.64,156.64,156.64,"{""Food"": 1}"
stats_2668,USR249de,CUST_0168,2024-10-01,266.51,2,0.0,266.51,133.26,246.74,246.74,"{""Personal Hygiene"": 1, ""Gifts"": 1}"
stats_2669,USR249de,CUST_0168,2024-11-01,74.8,1,0.0,74.8,74.8,74.8,74.8,"{""Food"": 1}"
stats_2670,USR249de,CUST_0168,2024-12-01,12.5,1,0.0,12.5,12.5,12.5,12.5,"{""Subscriptions"": 1}"
stats_2671,USR249de,CUST_0168,2025-01-01,83.67,1,0.0,83.67,83.67,83.67,83.67,"{""Friend Activities"": 1}"
stats_2672,USR862eI,CUST_0128,2023-01-01,402.77,3,0.0,402.77,134.26,294.02,294.02,"{""Food"": 1, ""Medical/Dental"": 1, ""Friend Activities"": 1}"
stats_2673,USR862eI,CUST_0128,2023-02-01,4972.34,2,0.0,4972.34,2486.17,4969.26,4969.26,"{""Groceries"": 1, ""Housing and Utilities"": 1}"
stats_2674,USR862eI,CUST_0128,2023-03-01,372.55,7,0.0,372.55,53.22,176.58,176.58,"{""Transportation"": 2, ""Friend Activities"": 1, ""Housing and Utilities"": 1, ""Personal Hygiene"": 1, ""Gifts"": 1, ""Subscriptions"": 1}"
stats_2675,USR862eI,CUST_0128,2023-05-01,388.87,3,0.0,388.87,129.62,231.09,231.09,"{""Housing and Utilities"": 1, ""Friend Activities"": 1, ""Subscriptions"": 1}"
stats_2676,USR862eI,CUST_0128,2023-06-01,99.94,1,0.0,99.94,99.94,99.94,99.94,"{""Housing and Utilities"": 1}"
stats_2677,USR862eI,CUST_0128,2023-07-01,60.58,2,0.0,60.58,30.29,43.94,43.94,"{""Personal Hygiene"": 1, ""Gifts"": 1}"
stats_2678,USR862eI,CUST_0128,2023-10-01,38894.4,3,0.0,38894.4,12964.8,38659.88,38659.88,"{""Fitness"": 1, ""Hobbies"": 1, ""Shopping"": 1}"
stats_2679,USR862eI,CUST_0128,2023-12-01,117.88,1,0.0,117.88,117.88,117.88,117.88,"{""Gifts"": 1}"
stats_2680,USR862eI,CUST_0128,2024-01-01,544.76,1,0.0,544.76,544.76,544.76,544.76,"{""Friend Activities"": 1}"
stats_2681,USR862eI,CUST_0128,2024-02-01,357.25,1,0.0,357.25,357.25,357.25,357.25,"{""Gifts"": 1}"
stats_2682,USR862eI,CUST_0128,2024-03-01,2677.12,3,0.0,2677.12,892.37,2094.88,2094.88,"{""Friend Activities"": 1, ""Subscriptions"": 1, ""Personal Hygiene"": 1}"
stats_2683,USR862eI,CUST_0128,2024-04-01,1867.0,6,0.0,1867.0,311.17,1439.53,1439.53,"{""Personal Hygiene"": 2, ""Fitness"": 2, ""Medical/Dental"": 1, ""Transportation"": 1}"
stats_2684,USR862eI,CUST_0128,2024-05-01,118.41,2,0.0,118.41,59.2,61.85,61.85,"{""Fitness"": 1, ""Hobbies"": 1}"
stats_2685,USR862eI,CUST_0128,2024-06-01,3765.18,4,0.0,3765.18,941.3,2237.05,2237.05,"{""Personal Hygiene"": 3, ""Travel"": 1}"
stats_2686,USR862eI,CUST_0128,2024-07-01,1510.66,5,0.0,1510.66,302.13,1300.89,1300.89,"{""Travel"": 2, ""Groceries"": 1, ""Housing and Utilities"": 1, ""Food"": 1}"
stats_2687,USR862eI,CUST_0128,2024-08-01,2345.61,2,0.0,2345.61,1172.8,2327.6,2327.6,"{""Fitness"": 1, ""Personal Hygiene"": 1}"
stats_2688,USR862eI,CUST_0128,2024-09-01,25.82,2,0.0,25.82,12.91,14.98,14.98,"{""Groceries"": 1, ""Subscriptions"": 1}"
stats_2689,USR862eI,CUST_0128,2024-10-01,866.75,2,0.0,866.75,433.38,719.11,719.11,"{""Gifts"": 1, ""Friend Activities"": 1}"
stats_2690,USR862eI,CUST_0128,2024-11-01,63.98,3,0.0,63.98,21.33,41.32,41.32,"{""Subscriptions"": 1, ""Fitness"": 1, ""Transportation"": 1}"
stats_2691,USR862eI,CUST_0128,2024-12-01,867.55,3,0.0,867.55,289.18,515.38,515.38,"{""Friend Activities"": 1, ""Medical/Dental"": 1, ""Hobbies"": 1}"
stats_2692,USR862eI,CUST_0128,2025-01-01,180.11,1,0.0,180.11,180.11,180.11,180.11,"{""Hobbies"": 1}"
stats_2693,USR489ka,CUST_0068,2023-01-01,632.03,4,0.0,632.03,158.01,505.72,505.72,"{""Personal Hygiene"": 1, ""Fitness"": 1, ""Subscriptions"": 1, ""Travel"": 1}"
stats_2694,USR489ka,CUST_0068,2023-02-01,105.24,1,0.0,105.24,105.24,105.24,105.24,"{""Hobbies"": 1}"
stats_2695,USR489ka,CUST_0068,2023-03-01,26.73,2,0.0,26.73,13.36,17.59,17.59,"{""Subscriptions"": 1, ""Transportation"": 1}"
stats_2696,USR489ka,CUST_0068,2023-04-01,12.81,1,0.0,12.81,12.81,12.81,12.81,"{""Personal Hygiene"": 1}"
stats_2697,USR489ka,CUST_0068,2023-06-01,511.31,1,0.0,511.31,511.31,511.31,511.31,"{""Transportation"": 1}"
stats_2698,USR489ka,CUST_0068,2023-07-01,53.28,1,0.0,53.28,53.28,53.28,53.28,"{""Transportation"": 1}"
stats_2699,USR489ka,CUST_0068,2023-08-01,2014.61,2,0.0,2014.61,1007.3,2008.17,2008.17,"{""Groceries"": 1, ""Shopping"": 1}"
stats_2700,USR489ka,CUST_0068,2023-09-01,26.15,2,0.0,26.15,13.08,15.01,15.01,"{""Groceries"": 2}"
stats_2701,USR489ka,CUST_0068,2023-10-01,281.33,1,0.0,281.33,281.33,281.33,281.33,"{""Fitness"": 1}"
stats_2702,USR489ka,CUST_0068,2023-11-01,87.55,2,0.0,87.55,43.78,54.86,54.86,"{""Transportation"": 1, ""Subscriptions"": 1}"
stats_2703,USR489ka,CUST_0068,2023-12-01,1203.21,3,0.0,1203.21,401.07,675.76,675.76,"{""Transportation"": 3}"
stats_2704,USR489ka,CUST_0068,2024-01-01,1385.94,3,0.0,1385.94,461.98,1226.23,1226.23,"{""Shopping"": 1, ""Personal Hygiene"": 1, ""Hobbies"": 1}"
stats_2705,USR489ka,CUST_0068,2024-02-01,375.07,3,0.0,375.07,125.02,286.52,286.52,"{""Hobbies"": 1, ""Fitness"": 1, ""Groceries"": 1}"
stats_2706,USR489ka,CUST_0068,2024-03-01,2533.12,4,0.0,2533.12,633.28,1876.5,1876.5,"{""Transportation"": 1, ""Hobbies"": 1, ""Fitness"": 1, ""Personal Hygiene"": 1}"
stats_2707,USR489ka,CUST_0068,2024-04-01,584.54,2,0.0,584.54,292.27,499.12,499.12,"{""Medical/Dental"": 1, ""Shopping"": 1}"
stats_2708,USR489ka,CUST_0068,2024-05-01,349.19,4,0.0,349.19,87.3,295.25,295.25,"{""Groceries"": 1, ""Friend Activities"": 1, ""Personal Hygiene"": 1, ""Transportation"": 1}"
stats_2709,USR489ka,CUST_0068,2024-06-01,561.62,4,0.0,561.62,140.4,377.08,377.08,"{""Subscriptions"": 2, ""Food"": 2}"
stats_2710,USR489ka,CUST_0068,2024-07-01,292.65,1,0.0,292.65,292.65,292.65,292.65,"{""Medical/Dental"": 1}"
stats_2711,USR489ka,CUST_0068,2024-08-01,7708.46,5,0.0,7708.46,1541.69,5138.76,5138.76,"{""Subscriptions"": 1, ""Shopping"": 1, ""Housing and Utilities"": 1, ""Hobbies"": 1, ""Transportation"": 1}"
stats_2712,USR489ka,CUST_0068,2024-09-01,427.09,5,0.0,427.09,85.42,129.87,129.87,"{""Hobbies"": 2, ""Shopping"": 1, ""Fitness"": 1, ""Food"": 1}"
stats_2713,USR489ka,CUST_0068,2024-10-01,149.21,3,0.0,149.21,49.74,70.29,70.29,"{""Subscriptions"": 2, ""Gifts"": 1}"
stats_2714,USR489ka,CUST_0068,2024-11-01,55837.05,3,0.0,55837.05,18612.35,55633.78,55633.78,"{""Groceries"": 1, ""Shopping"": 1, ""Hobbies"": 1}"
stats_2715,USR489ka,CUST_0068,2024-12-01,3610.21,2,0.0,3610.21,1805.1,3605.33,3605.33,"{""Housing and Utilities"": 1, ""Personal Hygiene"": 1}"
stats_2716,USR936rw,CUST_0012,2023-01-01,78.67,3,0.0,78.67,26.22,51.22,51.22,"{""Personal Hygiene"": 1, ""Subscriptions"": 1, ""Fitness"": 1}"
stats_2717,USR936rw,CUST_0012,2023-02-01,47.22,1,0.0,47.22,47.22,47.22,47.22,"{""Food"": 1}"
stats_2718,USR936rw,CUST_0012,2023-03-01,41.88,2,0.0,41.88,20.94,35.88,35.88,"{""Groceries"": 1, ""Friend Activities"": 1}"
stats_2719,USR936rw,CUST_0012,2023-05-01,872.76,4,0.0,872.76,218.19,771.15,771.15,"{""Travel"": 2, ""Transportation"": 1, ""Gifts"": 1}"
stats_2720,USR936rw,CUST_0012,2023-06-01,1071.7,2,0.0,1071.7,535.85,841.56,841.56,"{""Medical/Dental"": 1, ""Shopping"": 1}"
stats_2721,USR936rw,CUST_0012,2023-07-01,15.21,1,0.0,15.21,15.21,15.21,15.21,"{""Travel"": 1}"
stats_2722,USR936rw,CUST_0012,2023-08-01,1966.81,3,0.0,1966.81,655.6,1920.87,1920.87,"{""Personal Hygiene"": 1, ""Fitness"": 1, ""Hobbies"": 1}"
stats_2723,USR936rw,CUST_0012,2023-10-01,1148.17,1,0.0,1148.17,1148.17,1148.17,1148.17,"{""Shopping"": 1}"
stats_2724,USR936rw,CUST_0012,2023-11-01,1015.03,3,0.0,1015.03,338.34,696.07,696.07,"{""Medical/Dental"": 2, ""Hobbies"": 1}"
stats_2725,USR936rw,CUST_0012,2023-12-01,103.72,1,0.0,103.72,103.72,103.72,103.72,"{""Shopping"": 1}"
stats_2726,USR936rw,CUST_0012,2024-01-01,210.11,2,0.0,210.11,105.06,137.81,137.81,"{""Transportation"": 1, ""Housing and Utilities"": 1}"
stats_2727,USR936rw,CUST_0012,2024-04-01,2579.05,5,0.0,2579.05,515.81,701.87,701.87,"{""Medical/Dental"": 3, ""Gifts"": 1, ""Shopping"": 1}"
stats_2728,USR936rw,CUST_0012,2024-05-01,42626.02,4,0.0,42626.02,10656.5,42304.21,42304.21,"{""Subscriptions"": 1, ""Groceries"": 1, ""Shopping"": 1, ""Gifts"": 1}"
stats_2729,USR936rw,CUST_0012,2024-06-01,770.96,2,0.0,770.96,385.48,764.44,764.44,"{""Subscriptions"": 1, ""Fitness"": 1}"
stats_2730,USR936rw,CUST_0012,2024-08-01,63.49,2,0.0,63.49,31.74,47.05,47.05,"{""Subscriptions"": 1, ""Transportation"": 1}"
stats_2731,USR936rw,CUST_0012,2024-09-01,493.27,1,0.0,493.27,493.27,493.27,493.27,"{""Medical/Dental"": 1}"
stats_2732,USR936rw,CUST_0012,2024-10-01,717.07,3,0.0,717.07,239.02,412.05,412.05,"{""Food"": 2, ""Medical/Dental"": 1}"
stats_2733,USR936rw,CUST_0012,2024-11-01,210.94,4,0.0,210.94,52.74,124.11,124.11,"{""Subscriptions"": 1, ""Gifts"": 1, ""Travel"": 1, ""Housing and Utilities"": 1}"
stats_2734,USR936rw,CUST_0012,2024-12-01,112.61,1,0.0,112.61,112.61,112.61,112.61,"{""Fitness"": 1}"
stats_2735,USR936rw,CUST_0012,2025-01-01,252.48,3,0.0,252.48,84.16,170.79,170.79,"{""Travel"": 1, ""Subscriptions"": 1, ""Gifts"": 1}"
stats_2736,USR981Is,CUST_0056,2023-03-01,460.88,4,0.0,460.88,115.22,188.13,188.13,"{""Fitness"": 2, ""Housing and Utilities"": 1, ""Food"": 1}"
stats_2737,USR981Is,CUST_0056,2023-04-01,931.34,2,0.0,931.34,465.67,746.26,746.26,"{""Shopping"": 1, ""Medical/Dental"": 1}"
stats_2738,USR981Is,CUST_0056,2023-05-01,1113.46,2,0.0,1113.46,556.73,942.15,942.15,"{""Fitness"": 1, ""Medical/Dental"": 1}"
stats_2739,USR981Is,CUST_0056,2023-06-01,1773.4,3,0.0,1773.4,591.13,1749.27,1749.27,"{""Gifts"": 1, ""Housing and Utilities"": 1, ""Hobbies"": 1}"
stats_2740,USR981Is,CUST_0056,2023-07-01,95.1,1,0.0,95.1,95.1,95.1,95.1,"{""Shopping"": 1}"
stats_2741,USR981Is,CUST_0056,2023-08-01,834.22,3,0.0,834.22,278.07,557.61,557.61,"{""Fitness"": 1, ""Medical/Dental"": 1, ""Groceries"": 1}"
stats_2742,USR981Is,CUST_0056,2023-11-01,419.48,1,0.0,419.48,419.48,419.48,419.48,"{""Gifts"": 1}"
stats_2743,USR981Is,CUST_0056,2023-12-01,8.17,2,0.0,8.17,4.08,5.41,5.41,"{""Transportation"": 1, ""Food"": 1}"
stats_2744,USR981Is,CUST_0056,2024-01-01,1762.01,4,0.0,1762.01,440.5,1320.13,1320.13,"{""Groceries"": 1, ""Medical/Dental"": 1, ""Friend Activities"": 1, ""Travel"": 1}"
stats_2745,USR981Is,CUST_0056,2024-02-01,276.15,4,0.0,276.15,69.04,175.72,175.72,"{""Hobbies"": 1, ""Gifts"": 1, ""Personal Hygiene"": 1, ""Medical/Dental"": 1}"
stats_2746,USR981Is,CUST_0056,2024-03-01,236.75,2,0.0,236.75,118.38,152.23,152.23,"{""Housing and Utilities"": 2}"
stats_2747,USR981Is,CUST_0056,2024-04-01,82.06,1,0.0,82.06,82.06,82.06,82.06,"{""Housing and Utilities"": 1}"
stats_2748,USR981Is,CUST_0056,2024-06-01,195.29,4,0.0,195.29,48.82,102.33,102.33,"{""Shopping"": 1, ""Housing and Utilities"": 1, ""Food"": 1, ""Personal Hygiene"": 1}"
stats_2749,USR981Is,CUST_0056,2024-07-01,374.53,1,0.0,374.53,374.53,374.53,374.53,"{""Travel"": 1}"
stats_2750,USR981Is,CUST_0056,2024-08-01,856.29,2,0.0,856.29,428.14,788.03,788.03,"{""Shopping"": 2}"
stats_2751,USR981Is,CUST_0056,2024-09-01,39591.78,3,0.0,39591.78,13197.26,37620.04,37620.04,"{""Personal Hygiene"": 1, ""Medical/Dental"": 1, ""Shopping"": 1}"
stats_2752,USR981Is,CUST_0056,2024-11-01,1114.52,3,0.0,1114.52,371.51,1066.59,1066.59,"{""Travel"": 1, ""Housing and Utilities"": 1, ""Shopping"": 1}"
stats_2753,USR981Is,CUST_0056,2024-12-01,1099.1,2,0.0,1099.1,549.55,1091.48,1091.48,"{""Hobbies"": 1, ""Personal Hygiene"": 1}"
stats_2754,USR981Is,CUST_0056,2025-01-01,4735.03,1,0.0,4735.03,4735.03,4735.03,4735.03,"{""Shopping"": 1}"
stats_2755,USR169XO,CUST_0186,2023-01-01,75.5,2,0.0,75.5,37.75,56.11,56.11,"{""Friend Activities"": 2}"
stats_2756,USR169XO,CUST_0186,2023-02-01,88.74,1,0.0,88.74,88.74,88.74,88.74,"{""Fitness"": 1}"
stats_2757,USR169XO,CUST_0186,2023-03-01,18.89,1,0.0,18.89,18.89,18.89,18.89,"{""Food"": 1}"
stats_2758,USR169XO,CUST_0186,2023-04-01,95.5,1,0.0,95.5,95.5,95.5,95.5,"{""Friend Activities"": 1}"
stats_2759,USR169XO,CUST_0186,2023-05-01,27.18,1,0.0,27.18,27.18,27.18,27.18,"{""Hobbies"": 1}"
stats_2760,USR169XO,CUST_0186,2023-06-01,468.69,1,0.0,468.69,468.69,468.69,468.69,"{""Shopping"": 1}"
stats_2761,USR169XO,CUST_0186,2023-07-01,660.22,1,0.0,660.22,660.22,660.22,660.22,"{""Personal Hygiene"": 1}"
stats_2762,USR169XO,CUST_0186,2023-08-01,13.36,1,0.0,13.36,13.36,13.36,13.36,"{""Personal Hygiene"": 1}"
stats_2763,USR169XO,CUST_0186,2023-09-01,1116.81,4,0.0,1116.81,279.2,507.03,507.03,"{""Food"": 1, ""Transportation"": 1, ""Friend Activities"": 1, ""Shopping"": 1}"
stats_2764,USR169XO,CUST_0186,2023-10-01,136.06,3,0.0,136.06,45.35,71.15,71.15,"{""Housing and Utilities"": 2, ""Transportation"": 1}"
stats_2765,USR169XO,CUST_0186,2023-11-01,40.08,2,0.0,40.08,20.04,31.72,31.72,"{""Travel"": 1, ""Personal Hygiene"": 1}"
stats_2766,USR169XO,CUST_0186,2023-12-01,602.3,2,0.0,602.3,301.15,587.49,587.49,"{""Transportation"": 1, ""Subscriptions"": 1}"
stats_2767,USR169XO,CUST_0186,2024-02-01,42.33,1,0.0,42.33,42.33,42.33,42.33,"{""Food"": 1}"
stats_2768,USR169XO,CUST_0186,2024-04-01,2921.11,3,0.0,2921.11,973.7,2748.21,2748.21,"{""Groceries"": 1, ""Shopping"": 1, ""Hobbies"": 1}"
stats_2769,USR169XO,CUST_0186,2024-05-01,43.09,2,0.0,43.09,21.54,30.63,30.63,"{""Personal Hygiene"": 1, ""Food"": 1}"
stats_2770,USR169XO,CUST_0186,2024-06-01,990.15,2,0.0,990.15,495.08,817.92,817.92,"{""Medical/Dental"": 1, ""Shopping"": 1}"
stats_2771,USR169XO,CUST_0186,2024-07-01,129.87,2,0.0,129.87,64.94,108.85,108.85,"{""Groceries"": 1, ""Gifts"": 1}"
stats_2772,USR169XO,CUST_0186,2024-08-01,45.89,1,0.0,45.89,45.89,45.89,45.89,"{""Subscriptions"": 1}"
stats_2773,USR169XO,CUST_0186,2024-09-01,29.32,1,0.0,29.32,29.32,29.32,29.32,"{""Personal Hygiene"": 1}"
stats_2774,USR169XO,CUST_0186,2024-10-01,331.23,4,0.0,331.23,82.81,157.71,157.71,"{""Friend Activities"": 1, ""Hobbies"": 1, ""Subscriptions"": 1, ""Groceries"": 1}"
stats_2775,USR169XO,CUST_0186,2024-11-01,988.71,6,0.0,988.71,164.78,365.53,365.53,"{""Gifts"": 2, ""Subscriptions"": 1, ""Shopping"": 1, ""Travel"": 1, ""Personal Hygiene"": 1}"
stats_2776,USR169XO,CUST_0186,2024-12-01,1243.78,4,0.0,1243.78,310.94,884.33,884.33,"{""Shopping"": 1, ""Travel"": 1, ""Fitness"": 1, ""Transportation"": 1}"
stats_2777,USR169XO,CUST_0186,2025-01-01,5.56,1,0.0,5.56,5.56,5.56,5.56,"{""Personal Hygiene"": 1}"
stats_2778,USR885xH,CUST_0087,2023-01-01,135.56,2,0.0,135.56,67.78,131.46,131.46,"{""Transportation"": 2}"
stats_2779,USR885xH,CUST_0087,2023-02-01,209.29,4,0.0,209.29,52.32,156.81,156.81,"{""Transportation"": 1, ""Hobbies"": 1, ""Medical/Dental"": 1, ""Food"": 1}"
stats_2780,USR885xH,CUST_0087,2023-03-01,712.8,1,0.0,712.8,712.8,712.8,712.8,"{""Travel"": 1}"
stats_2781,USR885xH,CUST_0087,2023-04-01,272.32,1,0.0,272.32,272.32,272.32,272.32,"{""Travel"": 1}"
stats_2782,USR885xH,CUST_0087,2023-05-01,3771.07,4,0.0,3771.07,942.77,3137.83,3137.83,"{""Fitness"": 1, ""Housing and Utilities"": 1, ""Medical/Dental"": 1, ""Gifts"": 1}"
stats_2783,USR885xH,CUST_0087,2023-06-01,445.68,1,0.0,445.68,445.68,445.68,445.68,"{""Shopping"": 1}"
stats_2784,USR885xH,CUST_0087,2023-07-01,489.54,2,0.0,489.54,244.77,457.01,457.01,"{""Fitness"": 1, ""Food"": 1}"
stats_2785,USR885xH,CUST_0087,2023-08-01,254.48,2,0.0,254.48,127.24,208.43,208.43,"{""Medical/Dental"": 1, ""Fitness"": 1}"
stats_2786,USR885xH,CUST_0087,2023-09-01,5842.14,4,0.0,5842.14,1460.54,5636.56,5636.56,"{""Transportation"": 2, ""Shopping"": 1, ""Gifts"": 1}"
stats_2787,USR885xH,CUST_0087,2023-10-01,656.43,2,0.0,656.43,328.22,616.16,616.16,"{""Medical/Dental"": 1, ""Subscriptions"": 1}"
stats_2788,USR885xH,CUST_0087,2023-11-01,399.51,3,0.0,399.51,133.17,215.57,215.57,"{""Fitness"": 1, ""Medical/Dental"": 1, ""Food"": 1}"
stats_2789,USR885xH,CUST_0087,2023-12-01,64.94,2,0.0,64.94,32.47,51.04,51.04,"{""Food"": 1, ""Subscriptions"": 1}"
stats_2790,USR885xH,CUST_0087,2024-01-01,350.52,2,0.0,350.52,175.26,316.04,316.04,"{""Fitness"": 1, ""Transportation"": 1}"
stats_2791,USR885xH,CUST_0087,2024-03-01,788.03,4,0.0,788.03,197.01,580.08,580.08,"{""Fitness"": 1, ""Friend Activities"": 1, ""Transportation"": 1, ""Food"": 1}"
stats_2792,USR885xH,CUST_0087,2024-04-01,191.17,2,0.0,191.17,95.58,116.63,116.63,"{""Hobbies"": 1, ""Medical/Dental"": 1}"
stats_2793,USR885xH,CUST_0087,2024-05-01,386.89,5,0.0,386.89,77.38,150.92,150.92,"{""Hobbies"": 1, ""Fitness"": 1, ""Subscriptions"": 1, ""Housing and Utilities"": 1, ""Personal Hygiene"": 1}"
stats_2794,USR885xH,CUST_0087,2024-06-01,69.34,2,0.0,69.34,34.67,55.51,55.51,"{""Subscriptions"": 1, ""Gifts"": 1}"
stats_2795,USR885xH,CUST_0087,2024-07-01,199.68,1,0.0,199.68,199.68,199.68,199.68,"{""Hobbies"": 1}"
stats_2796,USR885xH,CUST_0087,2024-08-01,7.13,2,0.0,7.13,3.56,4.49,4.49,"{""Transportation"": 1, ""Personal Hygiene"": 1}"
stats_2797,USR885xH,CUST_0087,2024-09-01,120.59,3,0.0,120.59,40.2,90.76,90.76,"{""Subscriptions"": 2, ""Hobbies"": 1}"
stats_2798,USR885xH,CUST_0087,2024-10-01,726.45,4,0.0,726.45,181.61,419.58,419.58,"{""Medical/Dental"": 1, ""Friend Activities"": 1, ""Fitness"": 1, ""Food"": 1}"
stats_2799,USR885xH,CUST_0087,2024-11-01,794.9,4,0.0,794.9,198.72,531.64,531.64,"{""Food"": 1, ""Fitness"": 1, ""Friend Activities"": 1, ""Housing and Utilities"": 1}"
stats_2800,USR885xH,CUST_0087,2025-01-01,1297.38,2,0.0,1297.38,648.69,759.13,759.13,"{""Travel"": 1, ""Gifts"": 1}"
stats_2801,USR104NK,CUST_0025,2023-01-01,40.47,2,0.0,40.47,20.24,20.95,20.95,"{""Gifts"": 1, ""Food"": 1}"
stats_2802,USR104NK,CUST_0025,2023-02-01,444.52,6,0.0,444.52,74.09,173.55,173.55,"{""Travel"": 2, ""Groceries"": 1, ""Friend Activities"": 1, ""Hobbies"": 1, ""Transportation"": 1}"
stats_2803,USR104NK,CUST_0025,2023-03-01,244.44,5,0.0,244.44,48.89,106.27,106.27,"{""Gifts"": 1, ""Subscriptions"": 1, ""Personal Hygiene"": 1, ""Food"": 1, ""Housing and Utilities"": 1}"
stats_2804,USR104NK,CUST_0025,2023-04-01,173.08,1,0.0,173.08,173.08,173.08,173.08,"{""Food"": 1}"
stats_2805,USR104NK,CUST_0025,2023-05-01,751.09,2,0.0,751.09,375.54,427.39,427.39,"{""Travel"": 2}"
stats_2806,USR104NK,CUST_0025,2023-07-01,7014.85,6,0.0,7014.85,1169.14,5443.55,5443.55,"{""Gifts"": 2, ""Medical/Dental"": 1, ""Subscriptions"": 1, ""Shopping"": 1, ""Groceries"": 1}"
stats_2807,USR104NK,CUST_0025,2023-08-01,349.45,2,0.0,349.45,174.72,309.09,309.09,"{""Shopping"": 1, ""Travel"": 1}"
stats_2808,USR104NK,CUST_0025,2023-09-01,90.04,1,0.0,90.04,90.04,90.04,90.04,"{""Transportation"": 1}"
stats_2809,USR104NK,CUST_0025,2023-10-01,2139.09,2,0.0,2139.09,1069.54,2132.56,2132.56,"{""Food"": 1, ""Housing and Utilities"": 1}"
stats_2810,USR104NK,CUST_0025,2023-11-01,128.62,1,0.0,128.62,128.62,128.62,128.62,"{""Hobbies"": 1}"
stats_2811,USR104NK,CUST_0025,2023-12-01,1479.81,3,0.0,1479.81,493.27,1355.36,1355.36,"{""Personal Hygiene"": 1, ""Fitness"": 1, ""Groceries"": 1}"
stats_2812,USR104NK,CUST_0025,2024-01-01,205.97,2,0.0,205.97,102.98,139.05,139.05,"{""Hobbies"": 2}"
stats_2813,USR104NK,CUST_0025,2024-03-01,66.37,1,0.0,66.37,66.37,66.37,66.37,"{""Hobbies"": 1}"
stats_2814,USR104NK,CUST_0025,2024-04-01,511.87,2,0.0,511.87,255.94,413.31,413.31,"{""Gifts"": 1, ""Travel"": 1}"
stats_2815,USR104NK,CUST_0025,2024-05-01,477.53,2,0.0,477.53,238.76,450.37,450.37,"{""Medical/Dental"": 1, ""Personal Hygiene"": 1}"
stats_2816,USR104NK,CUST_0025,2024-06-01,1003.29,3,0.0,1003.29,334.43,653.1,653.1,"{""Travel"": 2, ""Subscriptions"": 1}"
stats_2817,USR104NK,CUST_0025,2024-07-01,147777.46,2,0.0,147777.46,73888.73,147600.24,147600.24,"{""Travel"": 1, ""Shopping"": 1}"
stats_2818,USR104NK,CUST_0025,2024-09-01,928.27,3,0.0,928.27,309.42,750.12,750.12,"{""Travel"": 1, ""Hobbies"": 1, ""Medical/Dental"": 1}"
stats_2819,USR104NK,CUST_0025,2024-10-01,333.51,3,0.0,333.51,111.17,171.57,171.57,"{""Groceries"": 1, ""Hobbies"": 1, ""Gifts"": 1}"
stats_2820,USR104NK,CUST_0025,2024-11-01,10.27,1,0.0,10.27,10.27,10.27,10.27,"{""Personal Hygiene"": 1}"
stats_2821,USR104NK,CUST_0025,2024-12-01,1415.31,4,0.0,1415.31,353.83,581.55,581.55,"{""Shopping"": 2, ""Groceries"": 1, ""Transportation"": 1}"
stats_2822,USR828eU,CUST_0016,2023-01-01,86.3,1,0.0,86.3,86.3,86.3,86.3,"{""Groceries"": 1}"
stats_2823,USR828eU,CUST_0016,2023-02-01,95.35,1,0.0,95.35,95.35,95.35,95.35,"{""Hobbies"": 1}"
stats_2824,USR828eU,CUST_0016,2023-03-01,261.81,4,0.0,261.81,65.45,203.16,203.16,"{""Transportation"": 1, ""Hobbies"": 1, ""Personal Hygiene"": 1, ""Friend Activities"": 1}"
stats_2825,USR828eU,CUST_0016,2023-05-01,11.89,1,0.0,11.89,11.89,11.89,11.89,"{""Hobbies"": 1}"
stats_2826,USR828eU,CUST_0016,2023-06-01,166398.47,2,0.0,166398.47,83199.24,166341.93,166341.93,"{""Housing and Utilities"": 1, ""Shopping"": 1}"
stats_2827,USR828eU,CUST_0016,2023-07-01,1084.37,5,0.0,1084.37,216.87,467.63,467.63,"{""Housing and Utilities"": 1, ""Shopping"": 1, ""Fitness"": 1, ""Gifts"": 1, ""Food"": 1}"
stats_2828,USR828eU,CUST_0016,2023-09-01,4.02,1,0.0,4.02,4.02,4.02,4.02,"{""Transportation"": 1}"
stats_2829,USR828eU,CUST_0016,2023-10-01,2254.49,4,0.0,2254.49,563.62,1528.89,1528.89,"{""Friend Activities"": 1, ""Gifts"": 1, ""Medical/Dental"": 1, ""Transportation"": 1}"
stats_2830,USR828eU,CUST_0016,2023-11-01,101.09,2,0.0,101.09,50.54,71.18,71.18,"{""Transportation"": 1, ""Friend Activities"": 1}"
stats_2831,USR828eU,CUST_0016,2023-12-01,66.27,1,0.0,66.27,66.27,66.27,66.27,"{""Housing and Utilities"": 1}"
stats_2832,USR828eU,CUST_0016,2024-01-01,42.12,2,0.0,42.12,21.06,33.43,33.43,"{""Groceries"": 1, ""Subscriptions"": 1}"
stats_2833,USR828eU,CUST_0016,2024-02-01,65.08,3,0.0,65.08,21.69,51.8,51.8,"{""Food"": 2, ""Groceries"": 1}"
stats_2834,USR828eU,CUST_0016,2024-03-01,200.35,4,0.0,200.35,50.09,129.83,129.83,"{""Friend Activities"": 1, ""Groceries"": 1, ""Food"": 1, ""Hobbies"": 1}"
stats_2835,USR828eU,CUST_0016,2024-04-01,1996.47,2,0.0,1996.47,998.24,1714.62,1714.62,"{""Gifts"": 1, ""Friend Activities"": 1}"
stats_2836,USR828eU,CUST_0016,2024-05-01,559.92,1,0.0,559.92,559.92,559.92,559.92,"{""Gifts"": 1}"
stats_2837,USR828eU,CUST_0016,2024-06-01,808.78,2,0.0,808.78,404.39,414.27,414.27,"{""Friend Activities"": 1, ""Shopping"": 1}"
stats_2838,USR828eU,CUST_0016,2024-08-01,49.97,2,0.0,49.97,24.98,36.16,36.16,"{""Subscriptions"": 1, ""Travel"": 1}"
stats_2839,USR828eU,CUST_0016,2024-09-01,725.86,4,0.0,725.86,181.46,495.17,495.17,"{""Groceries"": 2, ""Shopping"": 1, ""Medical/Dental"": 1}"
stats_2840,USR828eU,CUST_0016,2024-10-01,473.44,1,0.0,473.44,473.44,473.44,473.44,"{""Medical/Dental"": 1}"
stats_2841,USR828eU,CUST_0016,2024-11-01,285.48,3,0.0,285.48,95.16,266.35,266.35,"{""Fitness"": 1, ""Food"": 1, ""Personal Hygiene"": 1}"
stats_2842,USR828eU,CUST_0016,2024-12-01,698.63,3,0.0,698.63,232.88,603.25,603.25,"{""Hobbies"": 1, ""Groceries"": 1, ""Fitness"": 1}"
stats_2843,USR828eU,CUST_0016,2025-01-01,2559.01,3,0.0,2559.01,853.0,2504.62,2504.62,"{""Subscriptions"": 2, ""Shopping"": 1}"
stats_2844,USR689HM,CUST_0037,2023-01-01,102.7,3,0.0,102.7,34.23,63.73,63.73,"{""Groceries"": 2, ""Transportation"": 1}"
stats_2845,USR689HM,CUST_0037,2023-02-01,19.69,1,0.0,19.69,19.69,19.69,19.69,"{""Food"": 1}"
stats_2846,USR689HM,CUST_0037,2023-03-01,91.18,2,0.0,91.18,45.59,87.3,87.3,"{""Transportation"": 1, ""Travel"": 1}"
stats_2847,USR689HM,CUST_0037,2023-04-01,55.67,3,0.0,55.67,18.56,35.76,35.76,"{""Personal Hygiene"": 1, ""Friend Activities"": 1, ""Gifts"": 1}"
stats_2848,USR689HM,CUST_0037,2023-05-01,1010.5,5,0.0,1010.5,202.1,379.82,379.82,"{""Gifts"": 1, ""Travel"": 1, ""Hobbies"": 1, ""Groceries"": 1, ""Friend Activities"": 1}"
stats_2849,USR689HM,CUST_0037,2023-06-01,220.07,2,0.0,220.07,110.04,137.26,137.26,"{""Medical/Dental"": 1, ""Travel"": 1}"
stats_2850,USR689HM,CUST_0037,2023-07-01,3787.39,3,0.0,3787.39,1262.46,3692.13,3692.13,"{""Personal Hygiene"": 2, ""Gifts"": 1}"
stats_2851,USR689HM,CUST_0037,2023-08-01,329.18,3,0.0,329.18,109.73,201.4,201.4,"{""Housing and Utilities"": 1, ""Medical/Dental"": 1, ""Subscriptions"": 1}"
stats_2852,USR689HM,CUST_0037,2023-09-01,11.4,2,0.0,11.4,5.7,6.96,6.96,"{""Personal Hygiene"": 1, ""Transportation"": 1}"
stats_2853,USR689HM,CUST_0037,2023-10-01,140.61,1,0.0,140.61,140.61,140.61,140.61,"{""Hobbies"": 1}"
stats_2854,USR689HM,CUST_0037,2024-01-01,19.68,1,0.0,19.68,19.68,19.68,19.68,"{""Friend Activities"": 1}"
stats_2855,USR689HM,CUST_0037,2024-02-01,218911.5,1,0.0,218911.5,218911.5,218911.5,218911.5,"{""Shopping"": 1}"
stats_2856,USR689HM,CUST_0037,2024-03-01,83.11,1,0.0,83.11,83.11,83.11,83.11,"{""Transportation"": 1}"
stats_2857,USR689HM,CUST_0037,2024-04-01,175.63,2,0.0,175.63,87.82,171.3,171.3,"{""Friend Activities"": 1, ""Groceries"": 1}"
stats_2858,USR689HM,CUST_0037,2024-05-01,1618.38,3,0.0,1618.38,539.46,1507.38,1507.38,"{""Hobbies"": 1, ""Shopping"": 1, ""Personal Hygiene"": 1}"
stats_2859,USR689HM,CUST_0037,2024-07-01,2265.76,4,0.0,2265.76,566.44,2144.47,2144.47,"{""Transportation"": 1, ""Medical/Dental"": 1, ""Housing and Utilities"": 1, ""Groceries"": 1}"
stats_2860,USR689HM,CUST_0037,2024-08-01,732.78,3,0.0,732.78,244.26,388.61,388.61,"{""Medical/Dental"": 1, ""Transportation"": 1, ""Travel"": 1}"
stats_2861,USR689HM,CUST_0037,2024-09-01,366.22,1,0.0,366.22,366.22,366.22,366.22,"{""Friend Activities"": 1}"
stats_2862,USR689HM,CUST_0037,2024-10-01,305.17,4,0.0,305.17,76.29,191.0,191.0,"{""Housing and Utilities"": 1, ""Hobbies"": 1, ""Subscriptions"": 1, ""Gifts"": 1}"
stats_2863,USR689HM,CUST_0037,2024-11-01,1646.67,4,0.0,1646.67,411.67,963.94,963.94,"{""Fitness"": 1, ""Food"": 1, ""Medical/Dental"": 1, ""Subscriptions"": 1}"
stats_2864,USR689HM,CUST_0037,2024-12-01,255.75,2,0.0,255.75,127.88,184.92,184.92,"{""Gifts"": 1, ""Housing and Utilities"": 1}"
stats_2865,USR689HM,CUST_0037,2025-01-01,3443.87,1,0.0,3443.87,3443.87,3443.87,3443.87,"{""Shopping"": 1}"
stats_2866,USR654ba,CUST_0125,2023-01-01,5.49,1,0.0,5.49,5.49,5.49,5.49,"{""Subscriptions"": 1}"
stats_2867,USR654ba,CUST_0125,2023-02-01,707.95,3,0.0,707.95,235.98,644.82,644.82,"{""Groceries"": 1, ""Transportation"": 1, ""Personal Hygiene"": 1}"
stats_2868,USR654ba,CUST_0125,2023-04-01,59.89,2,0.0,59.89,29.94,43.61,43.61,"{""Fitness"": 1, ""Groceries"": 1}"
stats_2869,USR654ba,CUST_0125,2023-05-01,78.11,1,0.0,78.11,78.11,78.11,78.11,"{""Friend Activities"": 1}"
stats_2870,USR654ba,CUST_0125,2023-07-01,1367.0,3,0.0,1367.0,455.67,1159.21,1159.21,"{""Travel"": 2, ""Transportation"": 1}"
stats_2871,USR654ba,CUST_0125,2023-08-01,797.36,2,0.0,797.36,398.68,791.42,791.42,"{""Shopping"": 1, ""Transportation"": 1}"
stats_2872,USR654ba,CUST_0125,2023-09-01,122.0,1,0.0,122.0,122.0,122.0,122.0,"{""Friend Activities"": 1}"
stats_2873,USR654ba,CUST_0125,2023-10-01,733.74,1,0.0,733.74,733.74,733.74,733.74,"{""Medical/Dental"": 1}"
stats_2874,USR654ba,CUST_0125,2023-11-01,85.88,2,0.0,85.88,42.94,45.71,45.71,"{""Fitness"": 1, ""Housing and Utilities"": 1}"
stats_2875,USR654ba,CUST_0125,2023-12-01,359.73,3,0.0,359.73,119.91,275.73,275.73,"{""Food"": 1, ""Groceries"": 1, ""Travel"": 1}"
stats_2876,USR654ba,CUST_0125,2024-01-01,902.96,2,0.0,902.96,451.48,523.1,523.1,"{""Medical/Dental"": 1, ""Fitness"": 1}"
stats_2877,USR654ba,CUST_0125,2024-02-01,678.36,1,0.0,678.36,678.36,678.36,678.36,"{""Medical/Dental"": 1}"
stats_2878,USR654ba,CUST_0125,2024-03-01,491.64,4,0.0,491.64,122.91,165.87,165.87,"{""Medical/Dental"": 2, ""Hobbies"": 1, ""Shopping"": 1}"
stats_2879,USR654ba,CUST_0125,2024-04-01,321.94,3,0.0,321.94,107.31,207.93,207.93,"{""Subscriptions"": 1, ""Shopping"": 1, ""Housing and Utilities"": 1}"
stats_2880,USR654ba,CUST_0125,2024-05-01,279.3,3,0.0,279.3,93.1,171.7,171.7,"{""Transportation"": 2, ""Fitness"": 1}"
stats_2881,USR654ba,CUST_0125,2024-06-01,720.25,2,0.0,720.25,360.12,708.17,708.17,"{""Groceries"": 1, ""Medical/Dental"": 1}"
stats_2882,USR654ba,CUST_0125,2024-07-01,206059.79,4,0.0,206059.79,51514.95,204772.28,204772.28,"{""Fitness"": 1, ""Housing and Utilities"": 1, ""Subscriptions"": 1, ""Shopping"": 1}"
stats_2883,USR654ba,CUST_0125,2024-08-01,2032.52,3,0.0,2032.52,677.51,1962.18,1962.18,"{""Personal Hygiene"": 1, ""Shopping"": 1, ""Subscriptions"": 1}"
stats_2884,USR654ba,CUST_0125,2024-09-01,338.72,3,0.0,338.72,112.91,231.33,231.33,"{""Food"": 1, ""Gifts"": 1, ""Subscriptions"": 1}"
stats_2885,USR654ba,CUST_0125,2024-10-01,60878.15,2,0.0,60878.15,30439.08,57114.66,57114.66,"{""Personal Hygiene"": 1, ""Shopping"": 1}"
stats_2886,USR654ba,CUST_0125,2024-11-01,14.33,1,0.0,14.33,14.33,14.33,14.33,"{""Subscriptions"": 1}"
stats_2887,USR654ba,CUST_0125,2024-12-01,592.23,2,0.0,592.23,296.12,352.79,352.79,"{""Fitness"": 1, ""Medical/Dental"": 1}"
stats_2888,USR654ba,CUST_0125,2025-01-01,1055.4,3,0.0,1055.4,351.8,744.08,744.08,"{""Subscriptions"": 1, ""Food"": 1, ""Fitness"": 1}"
stats_2889,USR725fj,CUST_0099,2023-01-01,20.46,2,0.0,20.46,10.23,17.23,17.23,"{""Transportation"": 1, ""Food"": 1}"
stats_2890,USR725fj,CUST_0099,2023-02-01,695.29,2,0.0,695.29,347.64,661.33,661.33,"{""Personal Hygiene"": 2}"
stats_2891,USR725fj,CUST_0099,2023-03-01,5.48,1,0.0,5.48,5.48,5.48,5.48,"{""Transportation"": 1}"
stats_2892,USR725fj,CUST_0099,2023-04-01,6810.39,5,0.0,6810.39,1362.08,4259.87,4259.87,"{""Shopping"": 1, ""Gifts"": 1, ""Transportation"": 1, ""Housing and Utilities"": 1, ""Fitness"": 1}"
stats_2893,USR725fj,CUST_0099,2023-05-01,343.43,2,0.0,343.43,171.72,334.46,334.46,"{""Transportation"": 1, ""Groceries"": 1}"
stats_2894,USR725fj,CUST_0099,2023-06-01,3590.26,4,0.0,3590.26,897.56,2482.79,2482.79,"{""Medical/Dental"": 2, ""Friend Activities"": 1, ""Fitness"": 1}"
stats_2895,USR725fj,CUST_0099,2023-07-01,1021.33,5,0.0,1021.33,204.27,401.83,401.83,"{""Food"": 1, ""Housing and Utilities"": 1, ""Medical/Dental"": 1, ""Fitness"": 1, ""Travel"": 1}"
stats_2896,USR725fj,CUST_0099,2023-08-01,324.11,4,0.0,324.11,81.03,138.19,138.19,"{""Groceries"": 1, ""Transportation"": 1, ""Hobbies"": 1, ""Medical/Dental"": 1}"
stats_2897,USR725fj,CUST_0099,2023-09-01,5267.63,2,0.0,5267.63,2633.82,5133.9,5133.9,"{""Housing and Utilities"": 1, ""Hobbies"": 1}"
stats_2898,USR725fj,CUST_0099,2023-10-01,2696.42,3,0.0,2696.42,898.81,2490.86,2490.86,"{""Shopping"": 1, ""Friend Activities"": 1, ""Subscriptions"": 1}"
stats_2899,USR725fj,CUST_0099,2023-11-01,15.57,1,0.0,15.57,15.57,15.57,15.57,"{""Friend Activities"": 1}"
stats_2900,USR725fj,CUST_0099,2024-01-01,62650.16,2,0.0,62650.16,31325.08,62099.21,62099.21,"{""Transportation"": 1, ""Shopping"": 1}"
stats_2901,USR725fj,CUST_0099,2024-02-01,36.73,3,0.0,36.73,12.24,15.79,15.79,"{""Groceries"": 2, ""Subscriptions"": 1}"
stats_2902,USR725fj,CUST_0099,2024-03-01,28.43,2,0.0,28.43,14.22,14.64,14.64,"{""Personal Hygiene"": 2}"
stats_2903,USR725fj,CUST_0099,2024-04-01,2173.38,6,0.0,2173.38,362.23,1107.86,1107.86,"{""Travel"": 2, ""Personal Hygiene"": 1, ""Groceries"": 1, ""Gifts"": 1, ""Subscriptions"": 1}"
stats_2904,USR725fj,CUST_0099,2024-05-01,209.98,3,0.0,209.98,69.99,104.08,104.08,"{""Friend Activities"": 1, ""Housing and Utilities"": 1, ""Groceries"": 1}"
stats_2905,USR725fj,CUST_0099,2024-06-01,1010.57,4,0.0,1010.57,252.64,790.32,790.32,"{""Gifts"": 1, ""Fitness"": 1, ""Subscriptions"": 1, ""Hobbies"": 1}"
stats_2906,USR725fj,CUST_0099,2024-07-01,4999.74,5,0.0,4999.74,999.95,4290.99,4290.99,"{""Transportation"": 2, ""Gifts"": 1, ""Housing and Utilities"": 1, ""Hobbies"": 1}"
stats_2907,USR725fj,CUST_0099,2024-09-01,9243.06,4,0.0,9243.06,2310.76,5011.8,5011.8,"{""Food"": 1, ""Shopping"": 1, ""Subscriptions"": 1, ""Housing and Utilities"": 1}"
stats_2908,USR725fj,CUST_0099,2024-10-01,1170.17,3,0.0,1170.17,390.06,870.17,870.17,"{""Medical/Dental"": 1, ""Personal Hygiene"": 1, ""Groceries"": 1}"
stats_2909,USR725fj,CUST_0099,2024-11-01,183.3,3,0.0,183.3,61.1,113.48,113.48,"{""Personal Hygiene"": 1, ""Groceries"": 1, ""Shopping"": 1}"
stats_2910,USR725fj,CUST_0099,2024-12-01,989.66,3,0.0,989.66,329.89,384.01,384.01,"{""Medical/Dental"": 2, ""Transportation"": 1}"
stats_2911,USR725fj,CUST_0099,2025-01-01,224.11,1,0.0,224.11,224.11,224.11,224.11,"{""Medical/Dental"": 1}"
stats_2912,USR703am,CUST_0013,2023-01-01,231.09,2,0.0,231.09,115.54,115.64,115.64,"{""Food"": 1, ""Hobbies"": 1}"
stats_2913,USR703am,CUST_0013,2023-02-01,9.14,1,0.0,9.14,9.14,9.14,9.14,"{""Transportation"": 1}"
stats_2914,USR703am,CUST_0013,2023-03-01,468.53,3,0.0,468.53,156.18,375.88,375.88,"{""Gifts"": 1, ""Friend Activities"": 1, ""Travel"": 1}"
stats_2915,USR703am,CUST_0013,2023-05-01,829.56,3,0.0,829.56,276.52,502.02,502.02,"{""Medical/Dental"": 1, ""Groceries"": 1, ""Personal Hygiene"": 1}"
stats_2916,USR703am,CUST_0013,2023-06-01,228.47,1,0.0,228.47,228.47,228.47,228.47,"{""Shopping"": 1}"
stats_2917,USR703am,CUST_0013,2023-07-01,568.6,1,0.0,568.6,568.6,568.6,568.6,"{""Transportation"": 1}"
stats_2918,USR703am,CUST_0013,2023-08-01,1212.63,3,0.0,1212.63,404.21,738.0,738.0,"{""Medical/Dental"": 1, ""Travel"": 1, ""Friend Activities"": 1}"
stats_2919,USR703am,CUST_0013,2023-09-01,313.74,1,0.0,313.74,313.74,313.74,313.74,"{""Personal Hygiene"": 1}"
stats_2920,USR703am,CUST_0013,2023-10-01,300.91,2,0.0,300.91,150.46,280.95,280.95,"{""Subscriptions"": 1, ""Fitness"": 1}"
stats_2921,USR703am,CUST_0013,2023-11-01,1001.34,3,0.0,1001.34,333.78,736.75,736.75,"{""Transportation"": 1, ""Fitness"": 1, ""Subscriptions"": 1}"
stats_2922,USR703am,CUST_0013,2023-12-01,631.88,3,0.0,631.88,210.63,357.71,357.71,"{""Friend Activities"": 1, ""Medical/Dental"": 1, ""Food"": 1}"
stats_2923,USR703am,CUST_0013,2024-01-01,406.15,1,0.0,406.15,406.15,406.15,406.15,"{""Medical/Dental"": 1}"
stats_2924,USR703am,CUST_0013,2024-03-01,240.15,1,0.0,240.15,240.15,240.15,240.15,"{""Gifts"": 1}"
stats_2925,USR703am,CUST_0013,2024-04-01,202.81,2,0.0,202.81,101.4,188.08,188.08,"{""Subscriptions"": 1, ""Medical/Dental"": 1}"
stats_2926,USR703am,CUST_0013,2024-06-01,115.22,1,0.0,115.22,115.22,115.22,115.22,"{""Shopping"": 1}"
stats_2927,USR703am,CUST_0013,2024-07-01,724.08,2,0.0,724.08,362.04,616.27,616.27,"{""Fitness"": 2}"
stats_2928,USR703am,CUST_0013,2024-08-01,1050.71,5,0.0,1050.71,210.14,698.39,698.39,"{""Travel"": 2, ""Shopping"": 1, ""Gifts"": 1, ""Hobbies"": 1}"
stats_2929,USR703am,CUST_0013,2024-09-01,1095.37,2,0.0,1095.37,547.68,1083.85,1083.85,"{""Travel"": 1, ""Personal Hygiene"": 1}"
stats_2930,USR703am,CUST_0013,2024-10-01,33.47,3,0.0,33.47,11.16,17.53,17.53,"{""Groceries"": 1, ""Travel"": 1, ""Transportation"": 1}"
stats_2931,USR703am,CUST_0013,2024-11-01,893.41,1,0.0,893.41,893.41,893.41,893.41,"{""Fitness"": 1}"
stats_2932,USR703am,CUST_0013,2024-12-01,2335.83,5,0.0,2335.83,467.17,738.42,738.42,"{""Gifts"": 2, ""Medical/Dental"": 1, ""Food"": 1, ""Fitness"": 1}"
stats_2933,USR704Np,CUST_0060,2023-01-01,721.18,2,0.0,721.18,360.59,462.47,462.47,"{""Gifts"": 1, ""Medical/Dental"": 1}"
stats_2934,USR704Np,CUST_0060,2023-02-01,143.74,2,0.0,143.74,71.87,81.4,81.4,"{""Food"": 1, ""Shopping"": 1}"
stats_2935,USR704Np,CUST_0060,2023-03-01,119.48,1,0.0,119.48,119.48,119.48,119.48,"{""Medical/Dental"": 1}"
stats_2936,USR704Np,CUST_0060,2023-04-01,25.13,2,0.0,25.13,12.56,19.6,19.6,"{""Food"": 1, ""Friend Activities"": 1}"
stats_2937,USR704Np,CUST_0060,2023-06-01,1683.87,4,0.0,1683.87,420.97,844.88,844.88,"{""Friend Activities"": 2, ""Fitness"": 1, ""Medical/Dental"": 1}"
stats_2938,USR704Np,CUST_0060,2023-07-01,18.81,1,0.0,18.81,18.81,18.81,18.81,"{""Personal Hygiene"": 1}"
stats_2939,USR704Np,CUST_0060,2023-08-01,159.44,2,0.0,159.44,79.72,126.95,126.95,"{""Travel"": 1, ""Hobbies"": 1}"
stats_2940,USR704Np,CUST_0060,2023-09-01,72122.88,3,0.0,72122.88,24040.96,71736.42,71736.42,"{""Shopping"": 2, ""Friend Activities"": 1}"
stats_2941,USR704Np,CUST_0060,2023-10-01,196.0,1,0.0,196.0,196.0,196.0,196.0,"{""Transportation"": 1}"
stats_2942,USR704Np,CUST_0060,2023-11-01,441.66,3,0.0,441.66,147.22,382.74,382.74,"{""Gifts"": 1, ""Subscriptions"": 1, ""Shopping"": 1}"
stats_2943,USR704Np,CUST_0060,2023-12-01,1318.08,3,0.0,1318.08,439.36,847.92,847.92,"{""Medical/Dental"": 1, ""Friend Activities"": 1, ""Gifts"": 1}"
stats_2944,USR704Np,CUST_0060,2024-01-01,313.08,2,0.0,313.08,156.54,167.89,167.89,"{""Housing and Utilities"": 1, ""Hobbies"": 1}"
stats_2945,USR704Np,CUST_0060,2024-02-01,14574.87,3,0.0,14574.87,4858.29,13942.06,13942.06,"{""Transportation"": 1, ""Fitness"": 1, ""Shopping"": 1}"
stats_2946,USR704Np,CUST_0060,2024-03-01,697.66,2,0.0,697.66,348.83,694.41,694.41,"{""Personal Hygiene"": 1, ""Fitness"": 1}"
stats_2947,USR704Np,CUST_0060,2024-04-01,856.41,2,0.0,856.41,428.2,569.02,569.02,"{""Fitness"": 1, ""Hobbies"": 1}"
stats_2948,USR704Np,CUST_0060,2024-05-01,170.59,3,0.0,170.59,56.86,133.51,133.51,"{""Groceries"": 1, ""Transportation"": 1, ""Fitness"": 1}"
stats_2949,USR704Np,CUST_0060,2024-07-01,145.92,1,0.0,145.92,145.92,145.92,145.92,"{""Housing and Utilities"": 1}"
stats_2950,USR704Np,CUST_0060,2024-08-01,3559.58,1,0.0,3559.58,3559.58,3559.58,3559.58,"{""Shopping"": 1}"
stats_2951,USR704Np,CUST_0060,2024-09-01,317.56,1,0.0,317.56,317.56,317.56,317.56,"{""Travel"": 1}"
stats_2952,USR704Np,CUST_0060,2024-10-01,587.33,3,0.0,587.33,195.78,425.02,425.02,"{""Shopping"": 1, ""Subscriptions"": 1, ""Food"": 1}"
stats_2953,USR704Np,CUST_0060,2024-11-01,166.82,2,0.0,166.82,83.41,150.19,150.19,"{""Medical/Dental"": 1, ""Personal Hygiene"": 1}"
stats_2954,USR704Np,CUST_0060,2024-12-01,2949.34,2,0.0,2949.34,1474.67,2398.67,2398.67,"{""Fitness"": 1, ""Shopping"": 1}"
stats_2955,USR704Np,CUST_0060,2025-01-01,550.33,2,0.0,550.33,275.17,505.48,505.48,"{""Medical/Dental"": 1, ""Groceries"": 1}"
stats_2956,USR990wn,CUST_0173,2023-01-01,24.32,2,0.0,24.32,12.16,16.6,16.6,"{""Travel"": 1, ""Personal Hygiene"": 1}"
stats_2957,USR990wn,CUST_0173,2023-02-01,354.98,4,0.0,354.98,88.74,229.96,229.96,"{""Gifts"": 1, ""Transportation"": 1, ""Travel"": 1, ""Personal Hygiene"": 1}"
stats_2958,USR990wn,CUST_0173,2023-03-01,517.69,3,0.0,517.69,172.56,461.06,461.06,"{""Groceries"": 1, ""Medical/Dental"": 1, ""Housing and Utilities"": 1}"
stats_2959,USR990wn,CUST_0173,2023-04-01,726.56,2,0.0,726.56,363.28,656.37,656.37,"{""Travel"": 1, ""Gifts"": 1}"
stats_2960,USR990wn,CUST_0173,2023-06-01,212.17,3,0.0,212.17,70.72,200.37,200.37,"{""Transportation"": 1, ""Fitness"": 1, ""Food"": 1}"
stats_2961,USR990wn,CUST_0173,2023-07-01,1105.28,3,0.0,1105.28,368.43,949.32,949.32,"{""Hobbies"": 1, ""Personal Hygiene"": 1, ""Travel"": 1}"
stats_2962,USR990wn,CUST_0173,2023-08-01,370.35,2,0.0,370.35,185.18,273.96,273.96,"{""Hobbies"": 2}"
stats_2963,USR990wn,CUST_0173,2023-09-01,193.71,3,0.0,193.71,64.57,89.42,89.42,"{""Housing and Utilities"": 1, ""Food"": 1, ""Hobbies"": 1}"
stats_2964,USR990wn,CUST_0173,2023-10-01,214.61,3,0.0,214.61,71.54,196.9,196.9,"{""Subscriptions"": 1, ""Personal Hygiene"": 1, ""Food"": 1}"
stats_2965,USR990wn,CUST_0173,2023-11-01,146.94,3,0.0,146.94,48.98,64.48,64.48,"{""Housing and Utilities"": 1, ""Shopping"": 1, ""Friend Activities"": 1}"
stats_2966,USR990wn,CUST_0173,2023-12-01,72.83,2,0.0,72.83,36.42,59.67,59.67,"{""Food"": 1, ""Personal Hygiene"": 1}"
stats_2967,USR990wn,CUST_0173,2024-01-01,4720.02,3,0.0,4720.02,1573.34,4438.25,4438.25,"{""Housing and Utilities"": 1, ""Subscriptions"": 1, ""Travel"": 1}"
stats_2968,USR990wn,CUST_0173,2024-02-01,190.44,2,0.0,190.44,95.22,171.59,171.59,"{""Gifts"": 1, ""Subscriptions"": 1}"
stats_2969,USR990wn,CUST_0173,2024-03-01,763.26,3,0.0,763.26,254.42,714.31,714.31,"{""Medical/Dental"": 1, ""Housing and Utilities"": 1, ""Subscriptions"": 1}"
stats_2970,USR990wn,CUST_0173,2024-04-01,274.15,2,0.0,274.15,137.07,173.01,173.01,"{""Gifts"": 1, ""Hobbies"": 1}"
stats_2971,USR990wn,CUST_0173,2024-07-01,46.41,2,0.0,46.41,23.2,35.09,35.09,"{""Friend Activities"": 1, ""Hobbies"": 1}"
stats_2972,USR990wn,CUST_0173,2024-08-01,16.3,2,0.0,16.3,8.15,9.17,9.17,"{""Friend Activities"": 1, ""Subscriptions"": 1}"
stats_2973,USR990wn,CUST_0173,2024-09-01,6058.86,2,0.0,6058.86,3029.43,5360.63,5360.63,"{""Housing and Utilities"": 1, ""Medical/Dental"": 1}"
stats_2974,USR990wn,CUST_0173,2024-10-01,304.98,3,0.0,304.98,101.66,273.05,273.05,"{""Gifts"": 1, ""Travel"": 1, ""Food"": 1}"
stats_2975,USR990wn,CUST_0173,2024-11-01,3.24,1,0.0,3.24,3.24,3.24,3.24,"{""Groceries"": 1}"
stats_2976,USR990wn,CUST_0173,2024-12-01,87050.77,2,0.0,87050.77,43525.38,86982.19,86982.19,"{""Shopping"": 1, ""Personal Hygiene"": 1}"
stats_2977,USR990wn,CUST_0173,2025-01-01,148.28,2,0.0,148.28,74.14,99.62,99.62,"{""Personal Hygiene"": 1, ""Transportation"": 1}"
stats_2978,USR557yC,CUST_0081,2023-01-01,67.29,1,0.0,67.29,67.29,67.29,67.29,"{""Friend Activities"": 1}"
stats_2979,USR557yC,CUST_0081,2023-02-01,459.71,4,0.0,459.71,114.93,336.88,336.88,"{""Food"": 1, ""Friend Activities"": 1, ""Subscriptions"": 1, ""Hobbies"": 1}"
stats_2980,USR557yC,CUST_0081,2023-03-01,361.72,3,0.0,361.72,120.57,289.53,289.53,"{""Shopping"": 2, ""Subscriptions"": 1}"
stats_2981,USR557yC,CUST_0081,2023-04-01,405.07,1,0.0,405.07,405.07,405.07,405.07,"{""Fitness"": 1}"
stats_2982,USR557yC,CUST_0081,2023-05-01,95.35,2,0.0,95.35,47.68,72.23,72.23,"{""Travel"": 1, ""Friend Activities"": 1}"
stats_2983,USR557yC,CUST_0081,2023-06-01,1174.69,2,0.0,1174.69,587.34,1160.68,1160.68,"{""Subscriptions"": 1, ""Fitness"": 1}"
stats_2984,USR557yC,CUST_0081,2023-07-01,842.02,3,0.0,842.02,280.67,672.94,672.94,"{""Transportation"": 1, ""Hobbies"": 1, ""Subscriptions"": 1}"
stats_2985,USR557yC,CUST_0081,2023-08-01,432.94,3,0.0,432.94,144.31,222.81,222.81,"{""Medical/Dental"": 1, ""Hobbies"": 1, ""Transportation"": 1}"
stats_2986,USR557yC,CUST_0081,2023-11-01,515.48,2,0.0,515.48,257.74,280.38,280.38,"{""Personal Hygiene"": 1, ""Friend Activities"": 1}"
stats_2987,USR557yC,CUST_0081,2023-12-01,689.05,1,0.0,689.05,689.05,689.05,689.05,"{""Transportation"": 1}"
stats_2988,USR557yC,CUST_0081,2024-01-01,1746.85,3,0.0,1746.85,582.28,1126.96,1126.96,"{""Groceries"": 1, ""Fitness"": 1, ""Travel"": 1}"
stats_2989,USR557yC,CUST_0081,2024-02-01,381.26,2,0.0,381.26,190.63,373.07,373.07,"{""Medical/Dental"": 1, ""Groceries"": 1}"
stats_2990,USR557yC,CUST_0081,2024-04-01,600.29,3,0.0,600.29,200.1,329.25,329.25,"{""Food"": 1, ""Fitness"": 1, ""Medical/Dental"": 1}"
stats_2991,USR557yC,CUST_0081,2024-05-01,94.93,2,0.0,94.93,47.46,89.18,89.18,"{""Groceries"": 1, ""Food"": 1}"
stats_2992,USR557yC,CUST_0081,2024-06-01,2176.38,3,0.0,2176.38,725.46,1057.18,1057.18,"{""Gifts"": 2, ""Subscriptions"": 1}"
stats_2993,USR557yC,CUST_0081,2024-07-01,121.96,2,0.0,121.96,60.98,73.99,73.99,"{""Subscriptions"": 1, ""Housing and Utilities"": 1}"
stats_2994,USR557yC,CUST_0081,2024-08-01,14.53,1,0.0,14.53,14.53,14.53,14.53,"{""Groceries"": 1}"
stats_2995,USR557yC,CUST_0081,2024-09-01,230.9,3,0.0,230.9,76.97,131.41,131.41,"{""Friend Activities"": 1, ""Gifts"": 1, ""Groceries"": 1}"
stats_2996,USR557yC,CUST_0081,2024-10-01,211.81,4,0.0,211.81,52.95,153.85,153.85,"{""Food"": 1, ""Friend Activities"": 1, ""Gifts"": 1, ""Travel"": 1}"
stats_2997,USR557yC,CUST_0081,2024-11-01,480.23,2,0.0,480.23,240.12,471.55,471.55,"{""Gifts"": 1, ""Subscriptions"": 1}"
stats_2998,USR557yC,CUST_0081,2024-12-01,865.4,2,0.0,865.4,432.7,784.31,784.31,"{""Medical/Dental"": 1, ""Fitness"": 1}"
stats_2999,USR557yC,CUST_0081,2025-01-01,382.15,2,0.0,382.15,191.08,308.53,308.53,"{""Travel"": 1, ""Groceries"": 1}"
stats_3000,USR165jr,CUST_0069,2023-02-01,70.4,3,0.0,70.4,23.47,50.46,50.46,"{""Groceries"": 2, ""Housing and Utilities"": 1}"
stats_3001,USR165jr,CUST_0069,2023-03-01,410.34,2,0.0,410.34,205.17,359.93,359.93,"{""Shopping"": 1, ""Food"": 1}"
stats_3002,USR165jr,CUST_0069,2023-06-01,814.76,2,0.0,814.76,407.38,810.78,810.78,"{""Transportation"": 1, ""Fitness"": 1}"
stats_3003,USR165jr,CUST_0069,2023-07-01,466.3,3,0.0,466.3,155.43,304.76,304.76,"{""Personal Hygiene"": 1, ""Groceries"": 1, ""Gifts"": 1}"
stats_3004,USR165jr,CUST_0069,2023-08-01,29.76,2,0.0,29.76,14.88,19.15,19.15,"{""Personal Hygiene"": 2}"
stats_3005,USR165jr,CUST_0069,2023-09-01,367.46,1,0.0,367.46,367.46,367.46,367.46,"{""Medical/Dental"": 1}"
stats_3006,USR165jr,CUST_0069,2023-10-01,353.9,2,0.0,353.9,176.95,345.74,345.74,"{""Travel"": 1, ""Transportation"": 1}"
stats_3007,USR165jr,CUST_0069,2023-11-01,1852.27,3,0.0,1852.27,617.42,764.05,764.05,"{""Friend Activities"": 1, ""Medical/Dental"": 1, ""Shopping"": 1}"
stats_3008,USR165jr,CUST_0069,2023-12-01,401.34,4,0.0,401.34,100.34,229.82,229.82,"{""Subscriptions"": 2, ""Fitness"": 1, ""Hobbies"": 1}"
stats_3009,USR165jr,CUST_0069,2024-01-01,379.77,2,0.0,379.77,189.88,377.02,377.02,"{""Transportation"": 1, ""Gifts"": 1}"
stats_3010,USR165jr,CUST_0069,2024-02-01,325.86,1,0.0,325.86,325.86,325.86,325.86,"{""Fitness"": 1}"
stats_3011,USR165jr,CUST_0069,2024-03-01,192.65,4,0.0,192.65,48.16,93.83,93.83,"{""Housing and Utilities"": 1, ""Gifts"": 1, ""Subscriptions"": 1, ""Groceries"": 1}"
stats_3012,USR165jr,CUST_0069,2024-04-01,2963.78,2,0.0,2963.78,1481.89,2948.45,2948.45,"{""Groceries"": 1, ""Housing and Utilities"": 1}"
stats_3013,USR165jr,CUST_0069,2024-05-01,1811.22,1,0.0,1811.22,1811.22,1811.22,1811.22,"{""Shopping"": 1}"
stats_3014,USR165jr,CUST_0069,2024-06-01,8.55,1,0.0,8.55,8.55,8.55,8.55,"{""Groceries"": 1}"
stats_3015,USR165jr,CUST_0069,2024-07-01,252.23,4,0.0,252.23,63.06,79.37,79.37,"{""Personal Hygiene"": 1, ""Fitness"": 1, ""Hobbies"": 1, ""Food"": 1}"
stats_3016,USR165jr,CUST_0069,2024-08-01,387.99,3,0.0,387.99,129.33,312.27,312.27,"{""Food"": 2, ""Shopping"": 1}"
stats_3017,USR165jr,CUST_0069,2024-09-01,361.89,2,0.0,361.89,180.94,321.09,321.09,"{""Travel"": 1, ""Groceries"": 1}"
stats_3018,USR165jr,CUST_0069,2024-10-01,73.98,2,0.0,73.98,36.99,58.99,58.99,"{""Hobbies"": 1, ""Subscriptions"": 1}"
stats_3019,USR165jr,CUST_0069,2024-11-01,225.23,3,0.0,225.23,75.08,168.42,168.42,"{""Groceries"": 1, ""Gifts"": 1, ""Food"": 1}"
stats_3020,USR165jr,CUST_0069,2024-12-01,593.09,2,0.0,593.09,296.54,530.73,530.73,"{""Transportation"": 1, ""Subscriptions"": 1}"
stats_3021,USR165jr,CUST_0069,2025-01-01,334.34,1,0.0,334.34,334.34,334.34,334.34,"{""Medical/Dental"": 1}"
stats_3022,USR203qJ,CUST_0158,2023-01-01,1026.36,3,0.0,1026.36,342.12,515.95,515.95,"{""Travel"": 2, ""Hobbies"": 1}"
stats_3023,USR203qJ,CUST_0158,2023-02-01,66.03,2,0.0,66.03,33.02,54.66,54.66,"{""Gifts"": 1, ""Personal Hygiene"": 1}"
stats_3024,USR203qJ,CUST_0158,2023-03-01,986.47,4,0.0,986.47,246.62,653.5,653.5,"{""Medical/Dental"": 1, ""Fitness"": 1, ""Personal Hygiene"": 1, ""Gifts"": 1}"
stats_3025,USR203qJ,CUST_0158,2023-04-01,5680.75,4,0.0,5680.75,1420.19,5645.27,5645.27,"{""Food"": 1, ""Housing and Utilities"": 1, ""Groceries"": 1, ""Subscriptions"": 1}"
stats_3026,USR203qJ,CUST_0158,2023-05-01,134.14,1,0.0,134.14,134.14,134.14,134.14,"{""Gifts"": 1}"
stats_3027,USR203qJ,CUST_0158,2023-06-01,1628.65,4,0.0,1628.65,407.16,874.14,874.14,"{""Travel"": 3, ""Subscriptions"": 1}"
stats_3028,USR203qJ,CUST_0158,2023-07-01,14.18,2,0.0,14.18,7.09,10.81,10.81,"{""Food"": 1, ""Transportation"": 1}"
stats_3029,USR203qJ,CUST_0158,2023-08-01,242.31,2,0.0,242.31,121.16,145.46,145.46,"{""Friend Activities"": 1, ""Housing and Utilities"": 1}"
stats_3030,USR203qJ,CUST_0158,2023-09-01,145.84,3,0.0,145.84,48.61,105.4,105.4,"{""Groceries"": 1, ""Medical/Dental"": 1, ""Friend Activities"": 1}"
stats_3031,USR203qJ,CUST_0158,2023-10-01,644.45,7,0.0,644.45,92.06,324.11,324.11,"{""Friend Activities"": 1, ""Hobbies"": 1, ""Housing and Utilities"": 1, ""Groceries"": 1, ""Transportation"": 1, ""Personal Hygiene"": 1, ""Travel"": 1}"
stats_3032,USR203qJ,CUST_0158,2023-12-01,407.23,3,0.0,407.23,135.74,350.24,350.24,"{""Groceries"": 1, ""Hobbies"": 1, ""Personal Hygiene"": 1}"
stats_3033,USR203qJ,CUST_0158,2024-01-01,38.28,1,0.0,38.28,38.28,38.28,38.28,"{""Hobbies"": 1}"
stats_3034,USR203qJ,CUST_0158,2024-03-01,146.13,1,0.0,146.13,146.13,146.13,146.13,"{""Hobbies"": 1}"
stats_3035,USR203qJ,CUST_0158,2024-04-01,123.42,1,0.0,123.42,123.42,123.42,123.42,"{""Hobbies"": 1}"
stats_3036,USR203qJ,CUST_0158,2024-05-01,44791.6,2,0.0,44791.6,22395.8,44761.29,44761.29,"{""Shopping"": 1, ""Groceries"": 1}"
stats_3037,USR203qJ,CUST_0158,2024-06-01,167.43,3,0.0,167.43,55.81,82.26,82.26,"{""Fitness"": 1, ""Food"": 1, ""Housing and Utilities"": 1}"
stats_3038,USR203qJ,CUST_0158,2024-07-01,43.9,3,0.0,43.9,14.63,31.87,31.87,"{""Subscriptions"": 1, ""Fitness"": 1, ""Transportation"": 1}"
stats_3039,USR203qJ,CUST_0158,2024-08-01,171.03,3,0.0,171.03,57.01,119.71,119.71,"{""Hobbies"": 1, ""Fitness"": 1, ""Personal Hygiene"": 1}"
stats_3040,USR203qJ,CUST_0158,2024-09-01,1478.5,4,0.0,1478.5,369.62,596.52,596.52,"{""Fitness"": 2, ""Transportation"": 1, ""Hobbies"": 1}"
stats_3041,USR203qJ,CUST_0158,2024-10-01,1594.12,4,0.0,1594.12,398.53,919.25,919.25,"{""Subscriptions"": 1, ""Medical/Dental"": 1, ""Hobbies"": 1, ""Gifts"": 1}"
stats_3042,USR203qJ,CUST_0158,2024-11-01,47.45,1,0.0,47.45,47.45,47.45,47.45,"{""Subscriptions"": 1}"
stats_3043,USR203qJ,CUST_0158,2024-12-01,146.82,4,0.0,146.82,36.7,79.53,79.53,"{""Food"": 2, ""Gifts"": 1, ""Subscriptions"": 1}"
stats_3044,USR203qJ,CUST_0158,2025-01-01,75.87,1,0.0,75.87,75.87,75.87,75.87,"{""Housing and Utilities"": 1}"
stats_3045,USR677Eb,CUST_0009,2023-01-01,23093.23,5,0.0,23093.23,4618.65,22661.24,22661.24,"{""Personal Hygiene"": 2, ""Shopping"": 1, ""Subscriptions"": 1, ""Food"": 1}"
stats_3046,USR677Eb,CUST_0009,2023-02-01,245.57,3,0.0,245.57,81.86,145.46,145.46,"{""Fitness"": 1, ""Food"": 1, ""Housing and Utilities"": 1}"
stats_3047,USR677Eb,CUST_0009,2023-03-01,266.57,1,0.0,266.57,266.57,266.57,266.57,"{""Shopping"": 1}"
stats_3048,USR677Eb,CUST_0009,2023-04-01,1148.72,3,0.0,1148.72,382.91,579.77,579.77,"{""Personal Hygiene"": 1, ""Gifts"": 1, ""Medical/Dental"": 1}"
stats_3049,USR677Eb,CUST_0009,2023-05-01,49.73,2,0.0,49.73,24.86,39.1,39.1,"{""Personal Hygiene"": 2}"
stats_3050,USR677Eb,CUST_0009,2023-06-01,215.13,2,0.0,215.13,107.56,170.88,170.88,"{""Travel"": 1, ""Housing and Utilities"": 1}"
stats_3051,USR677Eb,CUST_0009,2023-07-01,115.81,2,0.0,115.81,57.9,91.23,91.23,"{""Housing and Utilities"": 1, ""Food"": 1}"
stats_3052,USR677Eb,CUST_0009,2023-08-01,431.54,2,0.0,431.54,215.77,415.39,415.39,"{""Medical/Dental"": 1, ""Groceries"": 1}"
stats_3053,USR677Eb,CUST_0009,2023-09-01,91.41,2,0.0,91.41,45.7,85.65,85.65,"{""Transportation"": 1, ""Fitness"": 1}"
stats_3054,USR677Eb,CUST_0009,2023-11-01,1183.83,3,0.0,1183.83,394.61,911.29,911.29,"{""Hobbies"": 2, ""Medical/Dental"": 1}"
stats_3055,USR677Eb,CUST_0009,2023-12-01,737.55,2,0.0,737.55,368.78,386.2,386.2,"{""Medical/Dental"": 2}"
stats_3056,USR677Eb,CUST_0009,2024-01-01,180.33,2,0.0,180.33,90.16,156.8,156.8,"{""Friend Activities"": 1, ""Shopping"": 1}"
stats_3057,USR677Eb,CUST_0009,2024-02-01,132.93,1,0.0,132.93,132.93,132.93,132.93,"{""Housing and Utilities"": 1}"
stats_3058,USR677Eb,CUST_0009,2024-03-01,217.8,1,0.0,217.8,217.8,217.8,217.8,"{""Gifts"": 1}"
stats_3059,USR677Eb,CUST_0009,2024-04-01,474.77,2,0.0,474.77,237.38,345.75,345.75,"{""Fitness"": 1, ""Housing and Utilities"": 1}"
stats_3060,USR677Eb,CUST_0009,2024-05-01,104314.67,3,0.0,104314.67,34771.56,104101.2,104101.2,"{""Gifts"": 2, ""Shopping"": 1}"
stats_3061,USR677Eb,CUST_0009,2024-06-01,18.84,2,0.0,18.84,9.42,14.67,14.67,"{""Friend Activities"": 1, ""Personal Hygiene"": 1}"
stats_3062,USR677Eb,CUST_0009,2024-07-01,301.83,3,0.0,301.83,100.61,222.39,222.39,"{""Friend Activities"": 1, ""Hobbies"": 1, ""Gifts"": 1}"
stats_3063,USR677Eb,CUST_0009,2024-08-01,792.38,3,0.0,792.38,264.13,296.95,296.95,"{""Gifts"": 1, ""Shopping"": 1, ""Fitness"": 1}"
stats_3064,USR677Eb,CUST_0009,2024-09-01,69.13,1,0.0,69.13,69.13,69.13,69.13,"{""Shopping"": 1}"
stats_3065,USR677Eb,CUST_0009,2024-10-01,148.38,2,0.0,148.38,74.19,124.75,124.75,"{""Food"": 1, ""Gifts"": 1}"
stats_3066,USR677Eb,CUST_0009,2024-11-01,29.15,2,0.0,29.15,14.58,21.39,21.39,"{""Transportation"": 1, ""Groceries"": 1}"
stats_3067,USR677Eb,CUST_0009,2024-12-01,2017.81,3,0.0,2017.81,672.6,1145.99,1145.99,"{""Shopping"": 1, ""Fitness"": 1, ""Personal Hygiene"": 1}"
stats_3068,USR848ei,CUST_0078,2023-01-01,697.94,2,0.0,697.94,348.97,665.93,665.93,"{""Travel"": 1, ""Shopping"": 1}"
stats_3069,USR848ei,CUST_0078,2023-04-01,471.14,2,0.0,471.14,235.57,295.67,295.67,"{""Friend Activities"": 1, ""Gifts"": 1}"
stats_3070,USR848ei,CUST_0078,2023-05-01,198.53,2,0.0,198.53,99.26,122.6,122.6,"{""Gifts"": 1, ""Housing and Utilities"": 1}"
stats_3071,USR848ei,CUST_0078,2023-06-01,1142.67,1,0.0,1142.67,1142.67,1142.67,1142.67,"{""Personal Hygiene"": 1}"
stats_3072,USR848ei,CUST_0078,2023-08-01,129.98,2,0.0,129.98,64.99,117.81,117.81,"{""Transportation"": 1, ""Subscriptions"": 1}"
stats_3073,USR848ei,CUST_0078,2023-09-01,124.56,2,0.0,124.56,62.28,74.91,74.91,"{""Housing and Utilities"": 1, ""Fitness"": 1}"
stats_3074,USR848ei,CUST_0078,2023-10-01,522.23,2,0.0,522.23,261.12,373.12,373.12,"{""Medical/Dental"": 1, ""Friend Activities"": 1}"
stats_3075,USR848ei,CUST_0078,2023-11-01,425.22,1,0.0,425.22,425.22,425.22,425.22,"{""Medical/Dental"": 1}"
stats_3076,USR848ei,CUST_0078,2023-12-01,372.93,3,0.0,372.93,124.31,257.52,257.52,"{""Medical/Dental"": 1, ""Subscriptions"": 1, ""Hobbies"": 1}"
stats_3077,USR848ei,CUST_0078,2024-02-01,71.55,2,0.0,71.55,35.78,57.3,57.3,"{""Transportation"": 1, ""Personal Hygiene"": 1}"
stats_3078,USR848ei,CUST_0078,2024-04-01,586.61,2,0.0,586.61,293.3,576.59,576.59,"{""Shopping"": 1, ""Travel"": 1}"
stats_3079,USR848ei,CUST_0078,2024-05-01,20.22,1,0.0,20.22,20.22,20.22,20.22,"{""Groceries"": 1}"
stats_3080,USR848ei,CUST_0078,2024-06-01,643.93,3,0.0,643.93,214.64,473.4,473.4,"{""Medical/Dental"": 1, ""Shopping"": 1, ""Housing and Utilities"": 1}"
stats_3081,USR848ei,CUST_0078,2024-07-01,310.64,2,0.0,310.64,155.32,197.44,197.44,"{""Hobbies"": 1, ""Gifts"": 1}"
stats_3082,USR848ei,CUST_0078,2024-08-01,1670.62,4,0.0,1670.62,417.66,1491.16,1491.16,"{""Fitness"": 1, ""Travel"": 1, ""Hobbies"": 1, ""Food"": 1}"
stats_3083,USR848ei,CUST_0078,2024-10-01,520.18,4,0.0,520.18,130.04,407.55,407.55,"{""Hobbies"": 2, ""Medical/Dental"": 1, ""Subscriptions"": 1}"
stats_3084,USR848ei,CUST_0078,2024-12-01,57279.09,4,0.0,57279.09,14319.77,57019.46,57019.46,"{""Shopping"": 2, ""Food"": 1, ""Travel"": 1}"
stats_3085,USR848ei,CUST_0078,2025-01-01,50.42,1,0.0,50.42,50.42,50.42,50.42,"{""Hobbies"": 1}"
stats_3086,USR718eU,CUST_0055,2023-01-01,102.9,2,0.0,102.9,51.45,79.44,79.44,"{""Housing and Utilities"": 1, ""Travel"": 1}"
stats_3087,USR718eU,CUST_0055,2023-02-01,211.66,2,0.0,211.66,105.83,128.4,128.4,"{""Gifts"": 1, ""Food"": 1}"
stats_3088,USR718eU,CUST_0055,2023-03-01,101.7,2,0.0,101.7,50.85,87.34,87.34,"{""Subscriptions"": 1, ""Housing and Utilities"": 1}"
stats_3089,USR718eU,CUST_0055,2023-04-01,5759.7,1,0.0,5759.7,5759.7,5759.7,5759.7,"{""Housing and Utilities"": 1}"
stats_3090,USR718eU,CUST_0055,2023-05-01,112.31,1,0.0,112.31,112.31,112.31,112.31,"{""Fitness"": 1}"
stats_3091,USR718eU,CUST_0055,2023-07-01,1418.12,3,0.0,1418.12,472.71,548.53,548.53,"{""Fitness"": 1, ""Travel"": 1, ""Transportation"": 1}"
stats_3092,USR718eU,CUST_0055,2023-08-01,19.89,1,0.0,19.89,19.89,19.89,19.89,"{""Hobbies"": 1}"
stats_3093,USR718eU,CUST_0055,2023-09-01,871.44,2,0.0,871.44,435.72,558.8,558.8,"{""Travel"": 1, ""Medical/Dental"": 1}"
stats_3094,USR718eU,CUST_0055,2023-10-01,86.6,2,0.0,86.6,43.3,81.7,81.7,"{""Personal Hygiene"": 1, ""Housing and Utilities"": 1}"
stats_3095,USR718eU,CUST_0055,2023-11-01,111.08,1,0.0,111.08,111.08,111.08,111.08,"{""Housing and Utilities"": 1}"
stats_3096,USR718eU,CUST_0055,2023-12-01,5.21,1,0.0,5.21,5.21,5.21,5.21,"{""Personal Hygiene"": 1}"
stats_3097,USR718eU,CUST_0055,2024-01-01,49.47,1,0.0,49.47,49.47,49.47,49.47,"{""Travel"": 1}"
stats_3098,USR718eU,CUST_0055,2024-02-01,1767.33,3,0.0,1767.33,589.11,1263.16,1263.16,"{""Groceries"": 1, ""Medical/Dental"": 1, ""Fitness"": 1}"
stats_3099,USR718eU,CUST_0055,2024-03-01,657.65,2,0.0,657.65,328.82,603.82,603.82,"{""Friend Activities"": 1, ""Hobbies"": 1}"
stats_3100,USR718eU,CUST_0055,2024-04-01,2627.58,5,0.0,2627.58,525.52,2412.62,2412.62,"{""Groceries"": 1, ""Medical/Dental"": 1, ""Shopping"": 1, ""Hobbies"": 1, ""Housing and Utilities"": 1}"
stats_3101,USR718eU,CUST_0055,2024-05-01,1523.06,5,0.0,1523.06,304.61,780.74,780.74,"{""Subscriptions"": 1, ""Friend Activities"": 1, ""Shopping"": 1, ""Groceries"": 1, ""Transportation"": 1}"
stats_3102,USR718eU,CUST_0055,2024-06-01,593.22,3,0.0,593.22,197.74,536.57,536.57,"{""Shopping"": 1, ""Friend Activities"": 1, ""Housing and Utilities"": 1}"
stats_3103,USR718eU,CUST_0055,2024-07-01,236.37,2,0.0,236.37,118.18,166.71,166.71,"{""Food"": 1, ""Hobbies"": 1}"
stats_3104,USR718eU,CUST_0055,2024-09-01,473.77,3,0.0,473.77,157.92,372.79,372.79,"{""Personal Hygiene"": 1, ""Housing and Utilities"": 1, ""Medical/Dental"": 1}"
stats_3105,USR718eU,CUST_0055,2024-10-01,44.08,1,0.0,44.08,44.08,44.08,44.08,"{""Gifts"": 1}"
stats_3106,USR718eU,CUST_0055,2024-12-01,107.82,2,0.0,107.82,53.91,90.11,90.11,"{""Groceries"": 1, ""Subscriptions"": 1}"
stats_3107,USR718eU,CUST_0055,2025-01-01,84.48,2,0.0,84.48,42.24,73.4,73.4,"{""Subscriptions"": 1, ""Transportation"": 1}"
stats_3108,USR162th,CUST_0152,2023-01-01,381.61,1,0.0,381.61,381.61,381.61,381.61,"{""Travel"": 1}"
stats_3109,USR162th,CUST_0152,2023-02-01,278.31,2,0.0,278.31,139.16,266.85,266.85,"{""Hobbies"": 1, ""Groceries"": 1}"
stats_3110,USR162th,CUST_0152,2023-03-01,59.52,2,0.0,59.52,29.76,45.79,45.79,"{""Transportation"": 1, ""Subscriptions"": 1}"
stats_3111,USR162th,CUST_0152,2023-04-01,513.61,2,0.0,513.61,256.8,452.83,452.83,"{""Gifts"": 1, ""Housing and Utilities"": 1}"
stats_3112,USR162th,CUST_0152,2023-05-01,264.25,4,0.0,264.25,66.06,102.05,102.05,"{""Fitness"": 1, ""Transportation"": 1, ""Subscriptions"": 1, ""Housing and Utilities"": 1}"
stats_3113,USR162th,CUST_0152,2023-06-01,47.29,2,0.0,47.29,23.64,32.72,32.72,"{""Hobbies"": 1, ""Friend Activities"": 1}"
stats_3114,USR162th,CUST_0152,2023-07-01,294.58,2,0.0,294.58,147.29,179.16,179.16,"{""Hobbies"": 1, ""Gifts"": 1}"
stats_3115,USR162th,CUST_0152,2023-08-01,220.65,3,0.0,220.65,73.55,204.78,204.78,"{""Subscriptions"": 1, ""Medical/Dental"": 1, ""Groceries"": 1}"
stats_3116,USR162th,CUST_0152,2023-09-01,69.13,1,0.0,69.13,69.13,69.13,69.13,"{""Gifts"": 1}"
stats_3117,USR162th,CUST_0152,2023-10-01,866.22,2,0.0,866.22,433.11,573.05,573.05,"{""Friend Activities"": 2}"
stats_3118,USR162th,CUST_0152,2023-11-01,27.15,2,0.0,27.15,13.58,15.43,15.43,"{""Food"": 1, ""Personal Hygiene"": 1}"
stats_3119,USR162th,CUST_0152,2023-12-01,136.93,1,0.0,136.93,136.93,136.93,136.93,"{""Gifts"": 1}"
stats_3120,USR162th,CUST_0152,2024-01-01,229.97,1,0.0,229.97,229.97,229.97,229.97,"{""Medical/Dental"": 1}"
stats_3121,USR162th,CUST_0152,2024-02-01,535.61,2,0.0,535.61,267.8,478.02,478.02,"{""Fitness"": 1, ""Gifts"": 1}"
stats_3122,USR162th,CUST_0152,2024-04-01,55771.72,5,0.0,55771.72,11154.34,48135.64,48135.64,"{""Shopping"": 2, ""Subscriptions"": 2, ""Gifts"": 1}"
stats_3123,USR162th,CUST_0152,2024-05-01,1529.1,5,0.0,1529.1,305.82,737.32,737.32,"{""Friend Activities"": 1, ""Housing and Utilities"": 1, ""Transportation"": 1, ""Personal Hygiene"": 1, ""Subscriptions"": 1}"
stats_3124,USR162th,CUST_0152,2024-06-01,155.33,1,0.0,155.33,155.33,155.33,155.33,"{""Gifts"": 1}"
stats_3125,USR162th,CUST_0152,2024-07-01,945.38,3,0.0,945.38,315.13,516.77,516.77,"{""Food"": 1, ""Medical/Dental"": 1, ""Gifts"": 1}"
stats_3126,USR162th,CUST_0152,2024-08-01,431.81,3,0.0,431.81,143.94,309.65,309.65,"{""Friend Activities"": 2, ""Food"": 1}"
stats_3127,USR162th,CUST_0152,2024-10-01,312.06,3,0.0,312.06,104.02,297.1,297.1,"{""Medical/Dental"": 1, ""Food"": 1, ""Groceries"": 1}"
stats_3128,USR162th,CUST_0152,2024-12-01,1636.45,4,0.0,1636.45,409.11,1499.7,1499.7,"{""Fitness"": 2, ""Housing and Utilities"": 1, ""Subscriptions"": 1}"
stats_3129,USR279gH,CUST_0169,2023-01-01,503.07,2,0.0,503.07,251.54,366.91,366.91,"{""Friend Activities"": 1, ""Gifts"": 1}"
stats_3130,USR279gH,CUST_0169,2023-02-01,23.6,1,0.0,23.6,23.6,23.6,23.6,"{""Groceries"": 1}"
stats_3131,USR279gH,CUST_0169,2023-03-01,61.58,1,0.0,61.58,61.58,61.58,61.58,"{""Gifts"": 1}"
stats_3132,USR279gH,CUST_0169,2023-04-01,2557.65,1,0.0,2557.65,2557.65,2557.65,2557.65,"{""Personal Hygiene"": 1}"
stats_3133,USR279gH,CUST_0169,2023-05-01,205.52,3,0.0,205.52,68.51,102.89,102.89,"{""Hobbies"": 1, ""Groceries"": 1, ""Gifts"": 1}"
stats_3134,USR279gH,CUST_0169,2023-06-01,813.68,2,0.0,813.68,406.84,672.63,672.63,"{""Medical/Dental"": 1, ""Gifts"": 1}"
stats_3135,USR279gH,CUST_0169,2023-07-01,453.66,3,0.0,453.66,151.22,231.49,231.49,"{""Friend Activities"": 1, ""Transportation"": 1, ""Fitness"": 1}"
stats_3136,USR279gH,CUST_0169,2023-08-01,211.85,2,0.0,211.85,105.92,198.46,198.46,"{""Food"": 1, ""Personal Hygiene"": 1}"
stats_3137,USR279gH,CUST_0169,2023-09-01,246.96,2,0.0,246.96,123.48,154.13,154.13,"{""Food"": 1, ""Gifts"": 1}"
stats_3138,USR279gH,CUST_0169,2023-10-01,1248.55,2,0.0,1248.55,624.28,996.97,996.97,"{""Shopping"": 1, ""Fitness"": 1}"
stats_3139,USR279gH,CUST_0169,2023-11-01,33.85,2,0.0,33.85,16.92,25.69,25.69,"{""Subscriptions"": 1, ""Fitness"": 1}"
stats_3140,USR279gH,CUST_0169,2023-12-01,209.79,2,0.0,209.79,104.9,177.38,177.38,"{""Travel"": 1, ""Transportation"": 1}"
stats_3141,USR279gH,CUST_0169,2024-01-01,72.21,2,0.0,72.21,36.1,45.58,45.58,"{""Housing and Utilities"": 1, ""Hobbies"": 1}"
stats_3142,USR279gH,CUST_0169,2024-02-01,262.55,4,0.0,262.55,65.64,224.43,224.43,"{""Food"": 1, ""Transportation"": 1, ""Groceries"": 1, ""Personal Hygiene"": 1}"
stats_3143,USR279gH,CUST_0169,2024-03-01,123.48,1,0.0,123.48,123.48,123.48,123.48,"{""Gifts"": 1}"
stats_3144,USR279gH,CUST_0169,2024-05-01,636.59,4,0.0,636.59,159.15,393.39,393.39,"{""Food"": 1, ""Friend Activities"": 1, ""Medical/Dental"": 1, ""Hobbies"": 1}"
stats_3145,USR279gH,CUST_0169,2024-06-01,5514.29,4,0.0,5514.29,1378.57,4078.57,4078.57,"{""Housing and Utilities"": 2, ""Gifts"": 1, ""Hobbies"": 1}"
stats_3146,USR279gH,CUST_0169,2024-07-01,147.05,2,0.0,147.05,73.53,133.23,133.23,"{""Personal Hygiene"": 1, ""Housing and Utilities"": 1}"
stats_3147,USR279gH,CUST_0169,2024-08-01,729.29,2,0.0,729.29,364.64,699.94,699.94,"{""Medical/Dental"": 1, ""Groceries"": 1}"
stats_3148,USR279gH,CUST_0169,2024-10-01,315.63,2,0.0,315.63,157.82,242.42,242.42,"{""Medical/Dental"": 2}"
stats_3149,USR279gH,CUST_0169,2024-11-01,150.7,1,0.0,150.7,150.7,150.7,150.7,"{""Personal Hygiene"": 1}"
stats_3150,USR279gH,CUST_0169,2024-12-01,83.03,2,0.0,83.03,41.52,69.09,69.09,"{""Travel"": 1, ""Hobbies"": 1}"
stats_3151,USR066Hw,CUST_0133,2023-01-01,638.03,3,0.0,638.03,212.68,486.49,486.49,"{""Travel"": 1, ""Friend Activities"": 1, ""Transportation"": 1}"
stats_3152,USR066Hw,CUST_0133,2023-02-01,271.47,1,0.0,271.47,271.47,271.47,271.47,"{""Shopping"": 1}"
stats_3153,USR066Hw,CUST_0133,2023-03-01,207.36,3,0.0,207.36,69.12,115.67,115.67,"{""Medical/Dental"": 1, ""Food"": 1, ""Gifts"": 1}"
stats_3154,USR066Hw,CUST_0133,2023-04-01,184.67,2,0.0,184.67,92.34,165.44,165.44,"{""Friend Activities"": 1, ""Personal Hygiene"": 1}"
stats_3155,USR066Hw,CUST_0133,2023-05-01,406.35,1,0.0,406.35,406.35,406.35,406.35,"{""Shopping"": 1}"
stats_3156,USR066Hw,CUST_0133,2023-06-01,238185.88,5,0.0,238185.88,47637.18,237032.68,237032.68,"{""Medical/Dental"": 2, ""Shopping"": 1, ""Housing and Utilities"": 1, ""Gifts"": 1}"
stats_3157,USR066Hw,CUST_0133,2023-07-01,74.94,1,0.0,74.94,74.94,74.94,74.94,"{""Housing and Utilities"": 1}"
stats_3158,USR066Hw,CUST_0133,2023-08-01,393.6,1,0.0,393.6,393.6,393.6,393.6,"{""Fitness"": 1}"
stats_3159,USR066Hw,CUST_0133,2023-09-01,916.6,4,0.0,916.6,229.15,570.42,570.42,"{""Shopping"": 1, ""Medical/Dental"": 1, ""Hobbies"": 1, ""Food"": 1}"
stats_3160,USR066Hw,CUST_0133,2023-10-01,5752.04,3,0.0,5752.04,1917.35,5148.76,5148.76,"{""Shopping"": 1, ""Subscriptions"": 1, ""Medical/Dental"": 1}"
stats_3161,USR066Hw,CUST_0133,2023-11-01,1103.88,4,0.0,1103.88,275.97,938.94,938.94,"{""Friend Activities"": 1, ""Medical/Dental"": 1, ""Food"": 1, ""Groceries"": 1}"
stats_3162,USR066Hw,CUST_0133,2023-12-01,476.85,1,0.0,476.85,476.85,476.85,476.85,"{""Personal Hygiene"": 1}"
stats_3163,USR066Hw,CUST_0133,2024-01-01,278.78,2,0.0,278.78,139.39,154.47,154.47,"{""Friend Activities"": 1, ""Shopping"": 1}"
stats_3164,USR066Hw,CUST_0133,2024-02-01,108.81,3,0.0,108.81,36.27,61.31,61.31,"{""Personal Hygiene"": 2, ""Travel"": 1}"
stats_3165,USR066Hw,CUST_0133,2024-03-01,377.28,4,0.0,377.28,94.32,162.11,162.11,"{""Gifts"": 1, ""Subscriptions"": 1, ""Travel"": 1, ""Personal Hygiene"": 1}"
stats_3166,USR066Hw,CUST_0133,2024-04-01,1434.75,4,0.0,1434.75,358.69,661.25,661.25,"{""Medical/Dental"": 2, ""Fitness"": 1, ""Subscriptions"": 1}"
stats_3167,USR066Hw,CUST_0133,2024-05-01,352.7,3,0.0,352.7,117.57,290.96,290.96,"{""Groceries"": 1, ""Friend Activities"": 1, ""Subscriptions"": 1}"
stats_3168,USR066Hw,CUST_0133,2024-06-01,842.76,2,0.0,842.76,421.38,790.55,790.55,"{""Transportation"": 1, ""Food"": 1}"
stats_3169,USR066Hw,CUST_0133,2024-07-01,15.11,1,0.0,15.11,15.11,15.11,15.11,"{""Food"": 1}"
stats_3170,USR066Hw,CUST_0133,2024-08-01,266.2,2,0.0,266.2,133.1,216.64,216.64,"{""Personal Hygiene"": 1, ""Fitness"": 1}"
stats_3171,USR066Hw,CUST_0133,2024-09-01,5763.2,1,0.0,5763.2,5763.2,5763.2,5763.2,"{""Housing and Utilities"": 1}"
stats_3172,USR066Hw,CUST_0133,2024-10-01,2657.27,5,0.0,2657.27,531.45,1215.93,1215.93,"{""Travel"": 3, ""Friend Activities"": 1, ""Transportation"": 1}"
stats_3173,USR066Hw,CUST_0133,2024-11-01,795.47,1,0.0,795.47,795.47,795.47,795.47,"{""Gifts"": 1}"
stats_3174,USR066Hw,CUST_0133,2024-12-01,196.43,2,0.0,196.43,98.22,173.75,173.75,"{""Hobbies"": 1, ""Food"": 1}"
stats_3175,USR066Hw,CUST_0133,2025-01-01,20.05,1,0.0,20.05,20.05,20.05,20.05,"{""Groceries"": 1}"
stats_3176,USR139QE,CUST_0138,2023-01-01,6.96,1,0.0,6.96,6.96,6.96,6.96,"{""Groceries"": 1}"
stats_3177,USR139QE,CUST_0138,2023-02-01,62.18,2,0.0,62.18,31.09,47.06,47.06,"{""Subscriptions"": 1, ""Housing and Utilities"": 1}"
stats_3178,USR139QE,CUST_0138,2023-03-01,1095.03,4,0.0,1095.03,273.76,490.23,490.23,"{""Personal Hygiene"": 1, ""Medical/Dental"": 1, ""Fitness"": 1, ""Gifts"": 1}"
stats_3179,USR139QE,CUST_0138,2023-04-01,898.28,2,0.0,898.28,449.14,853.58,853.58,"{""Personal Hygiene"": 1, ""Hobbies"": 1}"
stats_3180,USR139QE,CUST_0138,2023-05-01,3123.82,4,0.0,3123.82,780.96,2870.47,2870.47,"{""Housing and Utilities"": 1, ""Subscriptions"": 1, ""Groceries"": 1, ""Shopping"": 1}"
stats_3181,USR139QE,CUST_0138,2023-06-01,21.01,2,0.0,21.01,10.5,14.79,14.79,"{""Transportation"": 1, ""Food"": 1}"
stats_3182,USR139QE,CUST_0138,2023-07-01,11.65,1,0.0,11.65,11.65,11.65,11.65,"{""Fitness"": 1}"
stats_3183,USR139QE,CUST_0138,2023-09-01,179.15,2,0.0,179.15,89.58,169.2,169.2,"{""Food"": 1, ""Groceries"": 1}"
stats_3184,USR139QE,CUST_0138,2023-10-01,2154.96,6,0.0,2154.96,359.16,878.8,878.8,"{""Travel"": 3, ""Medical/Dental"": 1, ""Groceries"": 1, ""Hobbies"": 1}"
stats_3185,USR139QE,CUST_0138,2023-11-01,744.79,3,0.0,744.79,248.26,447.1,447.1,"{""Hobbies"": 1, ""Travel"": 1, ""Personal Hygiene"": 1}"
stats_3186,USR139QE,CUST_0138,2023-12-01,6511.31,4,0.0,6511.31,1627.83,6355.24,6355.24,"{""Fitness"": 1, ""Hobbies"": 1, ""Housing and Utilities"": 1, ""Food"": 1}"
stats_3187,USR139QE,CUST_0138,2024-01-01,362.09,3,0.0,362.09,120.7,195.71,195.71,"{""Fitness"": 1, ""Food"": 1, ""Travel"": 1}"
stats_3188,USR139QE,CUST_0138,2024-02-01,141.35,3,0.0,141.35,47.12,99.22,99.22,"{""Groceries"": 2, ""Food"": 1}"
stats_3189,USR139QE,CUST_0138,2024-03-01,14.55,1,0.0,14.55,14.55,14.55,14.55,"{""Personal Hygiene"": 1}"
stats_3190,USR139QE,CUST_0138,2024-04-01,3353.36,3,0.0,3353.36,1117.79,3110.55,3110.55,"{""Housing and Utilities"": 2, ""Groceries"": 1}"
stats_3191,USR139QE,CUST_0138,2024-05-01,145.39,3,0.0,145.39,48.46,101.31,101.31,"{""Food"": 1, ""Friend Activities"": 1, ""Personal Hygiene"": 1}"
stats_3192,USR139QE,CUST_0138,2024-06-01,66.64,1,0.0,66.64,66.64,66.64,66.64,"{""Hobbies"": 1}"
stats_3193,USR139QE,CUST_0138,2024-07-01,1600.94,1,0.0,1600.94,1600.94,1600.94,1600.94,"{""Gifts"": 1}"
stats_3194,USR139QE,CUST_0138,2024-08-01,4.28,1,0.0,4.28,4.28,4.28,4.28,"{""Groceries"": 1}"
stats_3195,USR139QE,CUST_0138,2024-09-01,18014.56,2,0.0,18014.56,9007.28,17942.38,17942.38,"{""Friend Activities"": 1, ""Shopping"": 1}"
stats_3196,USR139QE,CUST_0138,2024-10-01,3181.81,1,0.0,3181.81,3181.81,3181.81,3181.81,"{""Housing and Utilities"": 1}"
stats_3197,USR139QE,CUST_0138,2024-11-01,53.29,1,0.0,53.29,53.29,53.29,53.29,"{""Housing and Utilities"": 1}"
stats_3198,USR139QE,CUST_0138,2024-12-01,18.99,1,0.0,18.99,18.99,18.99,18.99,"{""Subscriptions"": 1}"
stats_3199,USR139QE,CUST_0138,2025-01-01,628.78,2,0.0,628.78,314.39,616.9,616.9,"{""Fitness"": 1, ""Friend Activities"": 1}"
stats_3200,USR317Xw,CUST_0144,2023-01-01,601.05,4,0.0,601.05,150.26,330.34,330.34,"{""Housing and Utilities"": 1, ""Shopping"": 1, ""Medical/Dental"": 1, ""Personal Hygiene"": 1}"
stats_3201,USR317Xw,CUST_0144,2023-02-01,1477.93,2,0.0,1477.93,738.96,1393.11,1393.11,"{""Shopping"": 1, ""Fitness"": 1}"
stats_3202,USR317Xw,CUST_0144,2023-03-01,447.14,2,0.0,447.14,223.57,424.72,424.72,"{""Fitness"": 1, ""Housing and Utilities"": 1}"
stats_3203,USR317Xw,CUST_0144,2023-04-01,1190.69,4,0.0,1190.69,297.67,927.83,927.83,"{""Travel"": 2, ""Gifts"": 2}"
stats_3204,USR317Xw,CUST_0144,2023-05-01,46.85,2,0.0,46.85,23.42,28.49,28.49,"{""Food"": 1, ""Groceries"": 1}"
stats_3205,USR317Xw,CUST_0144,2023-06-01,21.14,1,0.0,21.14,21.14,21.14,21.14,"{""Groceries"": 1}"
stats_3206,USR317Xw,CUST_0144,2023-07-01,9.96,1,0.0,9.96,9.96,9.96,9.96,"{""Subscriptions"": 1}"
stats_3207,USR317Xw,CUST_0144,2023-08-01,68.39,1,0.0,68.39,68.39,68.39,68.39,"{""Medical/Dental"": 1}"
stats_3208,USR317Xw,CUST_0144,2023-11-01,828.03,2,0.0,828.03,414.02,632.56,632.56,"{""Housing and Utilities"": 1, ""Medical/Dental"": 1}"
stats_3209,USR317Xw,CUST_0144,2023-12-01,379.06,3,0.0,379.06,126.35,282.64,282.64,"{""Groceries"": 1, ""Subscriptions"": 1, ""Friend Activities"": 1}"
stats_3210,USR317Xw,CUST_0144,2024-02-01,180.12,1,0.0,180.12,180.12,180.12,180.12,"{""Medical/Dental"": 1}"
stats_3211,USR317Xw,CUST_0144,2024-03-01,817.81,1,0.0,817.81,817.81,817.81,817.81,"{""Medical/Dental"": 1}"
stats_3212,USR317Xw,CUST_0144,2024-04-01,343.8,2,0.0,343.8,171.9,263.23,263.23,"{""Friend Activities"": 1, ""Fitness"": 1}"
stats_3213,USR317Xw,CUST_0144,2024-05-01,1390.51,4,0.0,1390.51,347.63,660.27,660.27,"{""Hobbies"": 1, ""Friend Activities"": 1, ""Groceries"": 1, ""Transportation"": 1}"
stats_3214,USR317Xw,CUST_0144,2024-06-01,1123.57,4,0.0,1123.57,280.89,684.13,684.13,"{""Transportation"": 2, ""Gifts"": 1, ""Personal Hygiene"": 1}"
stats_3215,USR317Xw,CUST_0144,2024-07-01,794.67,3,0.0,794.67,264.89,549.17,549.17,"{""Medical/Dental"": 1, ""Food"": 1, ""Gifts"": 1}"
stats_3216,USR317Xw,CUST_0144,2024-08-01,178.51,1,0.0,178.51,178.51,178.51,178.51,"{""Medical/Dental"": 1}"
stats_3217,USR317Xw,CUST_0144,2024-10-01,1859.77,2,0.0,1859.77,929.88,1821.45,1821.45,"{""Food"": 1, ""Gifts"": 1}"
stats_3218,USR317Xw,CUST_0144,2024-11-01,159.01,2,0.0,159.01,79.5,93.5,93.5,"{""Gifts"": 1, ""Housing and Utilities"": 1}"
stats_3219,USR317Xw,CUST_0144,2024-12-01,776.87,1,0.0,776.87,776.87,776.87,776.87,"{""Travel"": 1}"
stats_3220,USR317Xw,CUST_0144,2025-01-01,97.16,3,0.0,97.16,32.39,69.54,69.54,"{""Groceries"": 1, ""Housing and Utilities"": 1, ""Subscriptions"": 1}"
stats_3221,USR866Vy,CUST_0049,2023-01-01,67.61,2,0.0,67.61,33.8,42.31,42.31,"{""Shopping"": 1, ""Fitness"": 1}"
stats_3222,USR866Vy,CUST_0049,2023-02-01,629.61,3,0.0,629.61,209.87,534.95,534.95,"{""Hobbies"": 1, ""Medical/Dental"": 1, ""Housing and Utilities"": 1}"
stats_3223,USR866Vy,CUST_0049,2023-03-01,234.95,3,0.0,234.95,78.32,210.29,210.29,"{""Subscriptions"": 1, ""Friend Activities"": 1, ""Travel"": 1}"
stats_3224,USR866Vy,CUST_0049,2023-04-01,1533.75,3,0.0,1533.75,511.25,984.14,984.14,"{""Fitness"": 1, ""Transportation"": 1, ""Groceries"": 1}"
stats_3225,USR866Vy,CUST_0049,2023-05-01,415.16,2,0.0,415.16,207.58,384.18,384.18,"{""Medical/Dental"": 1, ""Groceries"": 1}"
stats_3226,USR866Vy,CUST_0049,2023-06-01,89695.09,4,0.0,89695.09,22423.77,89270.65,89270.65,"{""Medical/Dental"": 1, ""Shopping"": 1, ""Personal Hygiene"": 1, ""Groceries"": 1}"
stats_3227,USR866Vy,CUST_0049,2023-07-01,17119.88,5,0.0,17119.88,3423.98,16613.88,16613.88,"{""Food"": 2, ""Shopping"": 1, ""Medical/Dental"": 1, ""Groceries"": 1}"
stats_3228,USR866Vy,CUST_0049,2023-08-01,404.04,1,0.0,404.04,404.04,404.04,404.04,"{""Gifts"": 1}"
stats_3229,USR866Vy,CUST_0049,2023-09-01,22.85,2,0.0,22.85,11.42,15.55,15.55,"{""Personal Hygiene"": 1, ""Subscriptions"": 1}"
stats_3230,USR866Vy,CUST_0049,2023-10-01,173.43,1,0.0,173.43,173.43,173.43,173.43,"{""Shopping"": 1}"
stats_3231,USR866Vy,CUST_0049,2023-11-01,198.49,1,0.0,198.49,198.49,198.49,198.49,"{""Friend Activities"": 1}"
stats_3232,USR866Vy,CUST_0049,2024-01-01,143.35,1,0.0,143.35,143.35,143.35,143.35,"{""Housing and Utilities"": 1}"
stats_3233,USR866Vy,CUST_0049,2024-02-01,187.1,2,0.0,187.1,93.55,178.31,178.31,"{""Shopping"": 1, ""Groceries"": 1}"
stats_3234,USR866Vy,CUST_0049,2024-03-01,528.88,2,0.0,528.88,264.44,513.9,513.9,"{""Subscriptions"": 1, ""Travel"": 1}"
stats_3235,USR866Vy,CUST_0049,2024-04-01,71.3,1,0.0,71.3,71.3,71.3,71.3,"{""Friend Activities"": 1}"
stats_3236,USR866Vy,CUST_0049,2024-05-01,77.46,1,0.0,77.46,77.46,77.46,77.46,"{""Housing and Utilities"": 1}"
stats_3237,USR866Vy,CUST_0049,2024-08-01,189.83,1,0.0,189.83,189.83,189.83,189.83,"{""Housing and Utilities"": 1}"
stats_3238,USR866Vy,CUST_0049,2024-09-01,139.06,2,0.0,139.06,69.53,132.41,132.41,"{""Food"": 1, ""Travel"": 1}"
stats_3239,USR866Vy,CUST_0049,2024-11-01,5584.49,4,0.0,5584.49,1396.12,5048.6,5048.6,"{""Food"": 1, ""Fitness"": 1, ""Shopping"": 1, ""Transportation"": 1}"
stats_3240,USR866Vy,CUST_0049,2024-12-01,11.4,1,0.0,11.4,11.4,11.4,11.4,"{""Groceries"": 1}"
stats_3241,USR866Vy,CUST_0049,2025-01-01,7.13,1,0.0,7.13,7.13,7.13,7.13,"{""Transportation"": 1}"
stats_3242,USR672oM,CUST_0098,2023-01-01,209.74,2,0.0,209.74,104.87,198.34,198.34,"{""Personal Hygiene"": 1, ""Travel"": 1}"
stats_3243,USR672oM,CUST_0098,2023-02-01,166.73,2,0.0,166.73,83.36,153.78,153.78,"{""Fitness"": 1, ""Groceries"": 1}"
stats_3244,USR672oM,CUST_0098,2023-03-01,279.08,2,0.0,279.08,139.54,211.0,211.0,"{""Friend Activities"": 2}"
stats_3245,USR672oM,CUST_0098,2023-04-01,3819.37,4,0.0,3819.37,954.84,3046.6,3046.6,"{""Medical/Dental"": 2, ""Personal Hygiene"": 1, ""Shopping"": 1}"
stats_3246,USR672oM,CUST_0098,2023-05-01,102.01,2,0.0,102.01,51.0,69.81,69.81,"{""Subscriptions"": 1, ""Transportation"": 1}"
stats_3247,USR672oM,CUST_0098,2023-06-01,87046.23,3,0.0,87046.23,29015.41,86966.94,86966.94,"{""Hobbies"": 1, ""Groceries"": 1, ""Shopping"": 1}"
stats_3248,USR672oM,CUST_0098,2023-07-01,60.11,1,0.0,60.11,60.11,60.11,60.11,"{""Housing and Utilities"": 1}"
stats_3249,USR672oM,CUST_0098,2023-08-01,896.96,5,0.0,896.96,179.39,409.32,409.32,"{""Friend Activities"": 1, ""Personal Hygiene"": 1, ""Hobbies"": 1, ""Shopping"": 1, ""Food"": 1}"
stats_3250,USR672oM,CUST_0098,2023-10-01,2360.55,2,0.0,2360.55,1180.28,1988.15,1988.15,"{""Hobbies"": 1, ""Fitness"": 1}"
stats_3251,USR672oM,CUST_0098,2023-11-01,1417.85,4,0.0,1417.85,354.46,807.87,807.87,"{""Personal Hygiene"": 2, ""Travel"": 1, ""Groceries"": 1}"
stats_3252,USR672oM,CUST_0098,2023-12-01,816.73,4,0.0,816.73,204.18,704.99,704.99,"{""Subscriptions"": 2, ""Friend Activities"": 1, ""Medical/Dental"": 1}"
stats_3253,USR672oM,CUST_0098,2024-01-01,869.57,2,0.0,869.57,434.78,789.39,789.39,"{""Transportation"": 2}"
stats_3254,USR672oM,CUST_0098,2024-02-01,121.08,3,0.0,121.08,40.36,105.4,105.4,"{""Housing and Utilities"": 1, ""Personal Hygiene"": 1, ""Groceries"": 1}"
stats_3255,USR672oM,CUST_0098,2024-03-01,106.11,1,0.0,106.11,106.11,106.11,106.11,"{""Housing and Utilities"": 1}"
stats_3256,USR672oM,CUST_0098,2024-04-01,18.85,1,0.0,18.85,18.85,18.85,18.85,"{""Food"": 1}"
stats_3257,USR672oM,CUST_0098,2024-05-01,619.84,3,0.0,619.84,206.61,328.98,328.98,"{""Medical/Dental"": 1, ""Friend Activities"": 1, ""Hobbies"": 1}"
stats_3258,USR672oM,CUST_0098,2024-06-01,217.79,2,0.0,217.79,108.9,188.96,188.96,"{""Shopping"": 1, ""Food"": 1}"
stats_3259,USR672oM,CUST_0098,2024-07-01,23.61,1,0.0,23.61,23.61,23.61,23.61,"{""Gifts"": 1}"
stats_3260,USR672oM,CUST_0098,2024-09-01,76.24,2,0.0,76.24,38.12,57.89,57.89,"{""Hobbies"": 1, ""Personal Hygiene"": 1}"
stats_3261,USR672oM,CUST_0098,2024-10-01,51.08,1,0.0,51.08,51.08,51.08,51.08,"{""Personal Hygiene"": 1}"
stats_3262,USR672oM,CUST_0098,2024-11-01,1745.24,4,0.0,1745.24,436.31,769.45,769.45,"{""Transportation"": 2, ""Personal Hygiene"": 1, ""Friend Activities"": 1}"
stats_3263,USR672oM,CUST_0098,2024-12-01,1124.56,1,0.0,1124.56,1124.56,1124.56,1124.56,"{""Fitness"": 1}"
stats_3264,USR437KX,CUST_0054,2023-01-01,402.62,3,0.0,402.62,134.21,277.17,277.17,"{""Food"": 1, ""Friend Activities"": 1, ""Housing and Utilities"": 1}"
stats_3265,USR437KX,CUST_0054,2023-02-01,49.82,1,0.0,49.82,49.82,49.82,49.82,"{""Fitness"": 1}"
stats_3266,USR437KX,CUST_0054,2023-03-01,445.13,2,0.0,445.13,222.56,420.72,420.72,"{""Food"": 1, ""Groceries"": 1}"
stats_3267,USR437KX,CUST_0054,2023-04-01,5690.22,5,0.0,5690.22,1138.04,2469.21,2469.21,"{""Gifts"": 2, ""Food"": 1, ""Personal Hygiene"": 1, ""Medical/Dental"": 1}"
stats_3268,USR437KX,CUST_0054,2023-05-01,270.3,2,0.0,270.3,135.15,226.4,226.4,"{""Transportation"": 1, ""Food"": 1}"
stats_3269,USR437KX,CUST_0054,2023-06-01,1183.96,5,0.0,1183.96,236.79,694.15,694.15,"{""Transportation"": 1, ""Food"": 1, ""Shopping"": 1, ""Gifts"": 1, ""Travel"": 1}"
stats_3270,USR437KX,CUST_0054,2023-07-01,1391.66,2,0.0,1391.66,695.83,1296.51,1296.51,"{""Travel"": 1, ""Friend Activities"": 1}"
stats_3271,USR437KX,CUST_0054,2023-08-01,2423.84,4,0.0,2423.84,605.96,1456.88,1456.88,"{""Hobbies"": 1, ""Gifts"": 1, ""Fitness"": 1, ""Subscriptions"": 1}"
stats_3272,USR437KX,CUST_0054,2023-09-01,4.8,1,0.0,4.8,4.8,4.8,4.8,"{""Personal Hygiene"": 1}"
stats_3273,USR437KX,CUST_0054,2023-10-01,2943.99,3,0.0,2943.99,981.33,2932.2,2932.2,"{""Groceries"": 1, ""Personal Hygiene"": 1, ""Housing and Utilities"": 1}"
stats_3274,USR437KX,CUST_0054,2023-11-01,1026.36,3,0.0,1026.36,342.12,866.88,866.88,"{""Subscriptions"": 1, ""Travel"": 1, ""Friend Activities"": 1}"
stats_3275,USR437KX,CUST_0054,2023-12-01,1455.76,1,0.0,1455.76,1455.76,1455.76,1455.76,"{""Gifts"": 1}"
stats_3276,USR437KX,CUST_0054,2024-01-01,115.2,3,0.0,115.2,38.4,89.11,89.11,"{""Food"": 1, ""Groceries"": 1, ""Personal Hygiene"": 1}"
stats_3277,USR437KX,CUST_0054,2024-02-01,1016.32,5,0.0,1016.32,203.26,660.52,660.52,"{""Transportation"": 2, ""Travel"": 1, ""Friend Activities"": 1, ""Fitness"": 1}"
stats_3278,USR437KX,CUST_0054,2024-03-01,79.19,2,0.0,79.19,39.6,47.79,47.79,"{""Groceries"": 1, ""Hobbies"": 1}"
stats_3279,USR437KX,CUST_0054,2024-04-01,248.95,1,0.0,248.95,248.95,248.95,248.95,"{""Medical/Dental"": 1}"
stats_3280,USR437KX,CUST_0054,2024-05-01,275.97,2,0.0,275.97,137.99,192.2,192.2,"{""Gifts"": 1, ""Hobbies"": 1}"
stats_3281,USR437KX,CUST_0054,2024-06-01,84754.45,2,0.0,84754.45,42377.22,84697.66,84697.66,"{""Hobbies"": 1, ""Shopping"": 1}"
stats_3282,USR437KX,CUST_0054,2024-07-01,165.69,3,0.0,165.69,55.23,91.56,91.56,"{""Groceries"": 2, ""Gifts"": 1}"
stats_3283,USR437KX,CUST_0054,2024-09-01,1532.79,5,0.0,1532.79,306.56,1003.65,1003.65,"{""Hobbies"": 2, ""Subscriptions"": 1, ""Personal Hygiene"": 1, ""Transportation"": 1}"
stats_3284,USR437KX,CUST_0054,2024-10-01,864.79,2,0.0,864.79,432.4,496.93,496.93,"{""Gifts"": 1, ""Fitness"": 1}"
stats_3285,USR437KX,CUST_0054,2024-11-01,68697.7,6,0.0,68697.7,11449.62,68315.01,68315.01,"{""Food"": 1, ""Travel"": 1, ""Gifts"": 1, ""Personal Hygiene"": 1, ""Groceries"": 1, ""Shopping"": 1}"
stats_3286,USR437KX,CUST_0054,2024-12-01,226.6,2,0.0,226.6,113.3,150.49,150.49,"{""Housing and Utilities"": 1, ""Fitness"": 1}"
stats_3287,USR437KX,CUST_0054,2025-01-01,294.78,1,0.0,294.78,294.78,294.78,294.78,"{""Gifts"": 1}"
stats_3288,USR415QQ,CUST_0062,2023-01-01,39.71,1,0.0,39.71,39.71,39.71,39.71,"{""Gifts"": 1}"
stats_3289,USR415QQ,CUST_0062,2023-02-01,1304.41,2,0.0,1304.41,652.21,903.19,903.19,"{""Gifts"": 1, ""Shopping"": 1}"
stats_3290,USR415QQ,CUST_0062,2023-03-01,2527.1,2,0.0,2527.1,1263.55,2161.63,2161.63,"{""Food"": 1, ""Personal Hygiene"": 1}"
stats_3291,USR415QQ,CUST_0062,2023-04-01,154.66,1,0.0,154.66,154.66,154.66,154.66,"{""Gifts"": 1}"
stats_3292,USR415QQ,CUST_0062,2023-05-01,12.66,1,0.0,12.66,12.66,12.66,12.66,"{""Groceries"": 1}"
stats_3293,USR415QQ,CUST_0062,2023-06-01,126.99,2,0.0,126.99,63.5,89.48,89.48,"{""Food"": 1, ""Shopping"": 1}"
stats_3294,USR415QQ,CUST_0062,2023-07-01,254.41,3,0.0,254.41,84.8,178.27,178.27,"{""Housing and Utilities"": 1, ""Groceries"": 1, ""Transportation"": 1}"
stats_3295,USR415QQ,CUST_0062,2023-08-01,28.57,1,0.0,28.57,28.57,28.57,28.57,"{""Shopping"": 1}"
stats_3296,USR415QQ,CUST_0062,2023-09-01,1849.56,1,0.0,1849.56,1849.56,1849.56,1849.56,"{""Personal Hygiene"": 1}"
stats_3297,USR415QQ,CUST_0062,2023-10-01,374.25,1,0.0,374.25,374.25,374.25,374.25,"{""Transportation"": 1}"
stats_3298,USR415QQ,CUST_0062,2023-11-01,424.24,1,0.0,424.24,424.24,424.24,424.24,"{""Shopping"": 1}"
stats_3299,USR415QQ,CUST_0062,2023-12-01,540.73,1,0.0,540.73,540.73,540.73,540.73,"{""Travel"": 1}"
stats_3300,USR415QQ,CUST_0062,2024-01-01,31.64,2,0.0,31.64,15.82,16.65,16.65,"{""Subscriptions"": 1, ""Food"": 1}"
stats_3301,USR415QQ,CUST_0062,2024-02-01,47.51,2,0.0,47.51,23.76,37.93,37.93,"{""Subscriptions"": 1, ""Friend Activities"": 1}"
stats_3302,USR415QQ,CUST_0062,2024-03-01,6.46,1,0.0,6.46,6.46,6.46,6.46,"{""Groceries"": 1}"
stats_3303,USR415QQ,CUST_0062,2024-04-01,570.99,3,0.0,570.99,190.33,532.32,532.32,"{""Friend Activities"": 2, ""Food"": 1}"
stats_3304,USR415QQ,CUST_0062,2024-05-01,177.94,1,0.0,177.94,177.94,177.94,177.94,"{""Medical/Dental"": 1}"
stats_3305,USR415QQ,CUST_0062,2024-06-01,358.91,5,0.0,358.91,71.78,130.67,130.67,"{""Friend Activities"": 1, ""Food"": 1, ""Subscriptions"": 1, ""Gifts"": 1, ""Housing and Utilities"": 1}"
stats_3306,USR415QQ,CUST_0062,2024-07-01,1261.85,2,0.0,1261.85,630.92,873.87,873.87,"{""Travel"": 2}"
stats_3307,USR415QQ,CUST_0062,2024-08-01,18.53,2,0.0,18.53,9.26,15.58,15.58,"{""Groceries"": 1, ""Friend Activities"": 1}"
stats_3308,USR415QQ,CUST_0062,2024-09-01,356.2,2,0.0,356.2,178.1,292.09,292.09,"{""Fitness"": 1, ""Shopping"": 1}"
stats_3309,USR415QQ,CUST_0062,2024-10-01,3.55,1,0.0,3.55,3.55,3.55,3.55,"{""Personal Hygiene"": 1}"
stats_3310,USR415QQ,CUST_0062,2024-11-01,710.91,1,0.0,710.91,710.91,710.91,710.91,"{""Personal Hygiene"": 1}"
stats_3311,USR415QQ,CUST_0062,2024-12-01,316.61,3,0.0,316.61,105.54,286.93,286.93,"{""Subscriptions"": 2, ""Friend Activities"": 1}"
stats_3312,USR415QQ,CUST_0062,2025-01-01,47.03,1,0.0,47.03,47.03,47.03,47.03,"{""Food"": 1}"
stats_3313,USR332Yp,CUST_0003,2023-02-01,1303.26,2,0.0,1303.26,651.63,1231.79,1231.79,"{""Shopping"": 1, ""Transportation"": 1}"
stats_3314,USR332Yp,CUST_0003,2023-03-01,236.6,4,0.0,236.6,59.15,175.89,175.89,"{""Groceries"": 2, ""Hobbies"": 1, ""Friend Activities"": 1}"
stats_3315,USR332Yp,CUST_0003,2023-04-01,7.15,1,0.0,7.15,7.15,7.15,7.15,"{""Subscriptions"": 1}"
stats_3316,USR332Yp,CUST_0003,2023-05-01,583.06,1,0.0,583.06,583.06,583.06,583.06,"{""Friend Activities"": 1}"
stats_3317,USR332Yp,CUST_0003,2023-06-01,54.77,2,0.0,54.77,27.38,28.03,28.03,"{""Friend Activities"": 1, ""Food"": 1}"
stats_3318,USR332Yp,CUST_0003,2023-07-01,60.83,3,0.0,60.83,20.28,39.71,39.71,"{""Groceries"": 2, ""Personal Hygiene"": 1}"
stats_3319,USR332Yp,CUST_0003,2023-08-01,154.0,2,0.0,154.0,77.0,149.14,149.14,"{""Transportation"": 1, ""Gifts"": 1}"
stats_3320,USR332Yp,CUST_0003,2023-09-01,13.1,1,0.0,13.1,13.1,13.1,13.1,"{""Subscriptions"": 1}"
stats_3321,USR332Yp,CUST_0003,2023-10-01,408.5,4,0.0,408.5,102.12,303.56,303.56,"{""Subscriptions"": 1, ""Food"": 1, ""Transportation"": 1, ""Housing and Utilities"": 1}"
stats_3322,USR332Yp,CUST_0003,2023-11-01,58.82,2,0.0,58.82,29.41,37.75,37.75,"{""Gifts"": 1, ""Personal Hygiene"": 1}"
stats_3323,USR332Yp,CUST_0003,2024-01-01,2238.23,4,0.0,2238.23,559.56,1144.85,1144.85,"{""Shopping"": 2, ""Travel"": 1, ""Hobbies"": 1}"
stats_3324,USR332Yp,CUST_0003,2024-02-01,56.34,1,0.0,56.34,56.34,56.34,56.34,"{""Fitness"": 1}"
stats_3325,USR332Yp,CUST_0003,2024-03-01,2330.21,6,0.0,2330.21,388.37,794.68,794.68,"{""Shopping"": 2, ""Medical/Dental"": 1, ""Food"": 1, ""Gifts"": 1, ""Housing and Utilities"": 1}"
stats_3326,USR332Yp,CUST_0003,2024-05-01,4833.84,3,0.0,4833.84,1611.28,4715.98,4715.98,"{""Housing and Utilities"": 2, ""Shopping"": 1}"
stats_3327,USR332Yp,CUST_0003,2024-07-01,431.92,3,0.0,431.92,143.97,315.43,315.43,"{""Gifts"": 2, ""Travel"": 1}"
stats_3328,USR332Yp,CUST_0003,2024-08-01,870.82,2,0.0,870.82,435.41,841.7,841.7,"{""Friend Activities"": 1, ""Fitness"": 1}"
stats_3329,USR332Yp,CUST_0003,2024-09-01,453.29,1,0.0,453.29,453.29,453.29,453.29,"{""Transportation"": 1}"
stats_3330,USR332Yp,CUST_0003,2024-10-01,563.72,3,0.0,563.72,187.91,497.49,497.49,"{""Friend Activities"": 1, ""Travel"": 1, ""Fitness"": 1}"
stats_3331,USR332Yp,CUST_0003,2024-11-01,56078.04,1,0.0,56078.04,56078.04,56078.04,56078.04,"{""Shopping"": 1}"
stats_3332,USR332Yp,CUST_0003,2024-12-01,63.62,2,0.0,63.62,31.81,36.28,36.28,"{""Personal Hygiene"": 1, ""Travel"": 1}"
stats_3333,USR598Hk,CUST_0019,2023-01-01,34.41,2,0.0,34.41,17.2,27.79,27.79,"{""Personal Hygiene"": 1, ""Transportation"": 1}"
stats_3334,USR598Hk,CUST_0019,2023-02-01,313.67,1,0.0,313.67,313.67,313.67,313.67,"{""Friend Activities"": 1}"
stats_3335,USR598Hk,CUST_0019,2023-03-01,85493.66,3,0.0,85493.66,28497.89,84850.45,84850.45,"{""Fitness"": 2, ""Shopping"": 1}"
stats_3336,USR598Hk,CUST_0019,2023-04-01,54.16,2,0.0,54.16,27.08,34.41,34.41,"{""Subscriptions"": 1, ""Food"": 1}"
stats_3337,USR598Hk,CUST_0019,2023-05-01,352.73,4,0.0,352.73,88.18,196.42,196.42,"{""Food"": 2, ""Housing and Utilities"": 1, ""Hobbies"": 1}"
stats_3338,USR598Hk,CUST_0019,2023-06-01,145.19,1,0.0,145.19,145.19,145.19,145.19,"{""Gifts"": 1}"
stats_3339,USR598Hk,CUST_0019,2023-07-01,458.38,1,0.0,458.38,458.38,458.38,458.38,"{""Fitness"": 1}"
stats_3340,USR598Hk,CUST_0019,2023-08-01,346.61,3,0.0,346.61,115.54,273.89,273.89,"{""Personal Hygiene"": 1, ""Groceries"": 1, ""Gifts"": 1}"
stats_3341,USR598Hk,CUST_0019,2023-10-01,613.95,4,0.0,613.95,153.49,542.5,542.5,"{""Transportation"": 2, ""Hobbies"": 1, ""Friend Activities"": 1}"
stats_3342,USR598Hk,CUST_0019,2023-11-01,2.86,1,0.0,2.86,2.86,2.86,2.86,"{""Groceries"": 1}"
stats_3343,USR598Hk,CUST_0019,2023-12-01,1246.64,2,0.0,1246.64,623.32,1176.88,1176.88,"{""Fitness"": 1, ""Subscriptions"": 1}"
stats_3344,USR598Hk,CUST_0019,2024-01-01,211.0,1,0.0,211.0,211.0,211.0,211.0,"{""Shopping"": 1}"
stats_3345,USR598Hk,CUST_0019,2024-02-01,26.48,2,0.0,26.48,13.24,22.23,22.23,"{""Personal Hygiene"": 1, ""Hobbies"": 1}"
stats_3346,USR598Hk,CUST_0019,2024-03-01,494.91,4,0.0,494.91,123.73,241.71,241.71,"{""Transportation"": 2, ""Medical/Dental"": 1, ""Hobbies"": 1}"
stats_3347,USR598Hk,CUST_0019,2024-05-01,50.11,1,0.0,50.11,50.11,50.11,50.11,"{""Food"": 1}"
stats_3348,USR598Hk,CUST_0019,2024-06-01,2231.09,5,0.0,2231.09,446.22,2017.19,2017.19,"{""Transportation"": 2, ""Housing and Utilities"": 1, ""Subscriptions"": 1, ""Gifts"": 1}"
stats_3349,USR598Hk,CUST_0019,2024-07-01,956.14,3,0.0,956.14,318.71,513.58,513.58,"{""Medical/Dental"": 1, ""Fitness"": 1, ""Travel"": 1}"
stats_3350,USR598Hk,CUST_0019,2024-09-01,261.24,3,0.0,261.24,87.08,129.44,129.44,"{""Transportation"": 1, ""Shopping"": 1, ""Groceries"": 1}"
stats_3351,USR598Hk,CUST_0019,2024-10-01,1692.97,3,0.0,1692.97,564.32,984.59,984.59,"{""Medical/Dental"": 2, ""Personal Hygiene"": 1}"
stats_3352,USR598Hk,CUST_0019,2024-11-01,9.21,1,0.0,9.21,9.21,9.21,9.21,"{""Groceries"": 1}"
stats_3353,USR598Hk,CUST_0019,2024-12-01,7.11,1,0.0,7.11,7.11,7.11,7.11,"{""Food"": 1}"
stats_3354,USR598Hk,CUST_0019,2025-01-01,2057.66,2,0.0,2057.66,1028.83,1962.13,1962.13,"{""Transportation"": 1, ""Housing and Utilities"": 1}"
stats_3355,USR726VM,CUST_0051,2023-01-01,40.94,1,0.0,40.94,40.94,40.94,40.94,"{""Subscriptions"": 1}"
stats_3356,USR726VM,CUST_0051,2023-02-01,366.8,1,0.0,366.8,366.8,366.8,366.8,"{""Travel"": 1}"
stats_3357,USR726VM,CUST_0051,2023-03-01,1405.79,4,0.0,1405.79,351.45,755.18,755.18,"{""Friend Activities"": 2, ""Medical/Dental"": 1, ""Gifts"": 1}"
stats_3358,USR726VM,CUST_0051,2023-04-01,1029.08,1,0.0,1029.08,1029.08,1029.08,1029.08,"{""Travel"": 1}"
stats_3359,USR726VM,CUST_0051,2023-05-01,120.11,2,0.0,120.11,60.06,83.18,83.18,"{""Food"": 1, ""Travel"": 1}"
stats_3360,USR726VM,CUST_0051,2023-06-01,501.58,1,0.0,501.58,501.58,501.58,501.58,"{""Fitness"": 1}"
stats_3361,USR726VM,CUST_0051,2023-07-01,327.89,4,0.0,327.89,81.97,174.55,174.55,"{""Food"": 1, ""Transportation"": 1, ""Groceries"": 1, ""Gifts"": 1}"
stats_3362,USR726VM,CUST_0051,2023-08-01,8.91,1,0.0,8.91,8.91,8.91,8.91,"{""Groceries"": 1}"
stats_3363,USR726VM,CUST_0051,2023-09-01,1205.27,2,0.0,1205.27,602.64,875.41,875.41,"{""Fitness"": 1, ""Travel"": 1}"
stats_3364,USR726VM,CUST_0051,2023-10-01,28281.54,3,0.0,28281.54,9427.18,27636.39,27636.39,"{""Shopping"": 1, ""Travel"": 1, ""Gifts"": 1}"
stats_3365,USR726VM,CUST_0051,2023-11-01,1049.5,4,0.0,1049.5,262.38,607.48,607.48,"{""Shopping"": 1, ""Hobbies"": 1, ""Transportation"": 1, ""Medical/Dental"": 1}"
stats_3366,USR726VM,CUST_0051,2023-12-01,70.84,1,0.0,70.84,70.84,70.84,70.84,"{""Hobbies"": 1}"
stats_3367,USR726VM,CUST_0051,2024-01-01,341.62,3,0.0,341.62,113.87,281.51,281.51,"{""Personal Hygiene"": 1, ""Shopping"": 1, ""Gifts"": 1}"
stats_3368,USR726VM,CUST_0051,2024-02-01,147.58,1,0.0,147.58,147.58,147.58,147.58,"{""Friend Activities"": 1}"
stats_3369,USR726VM,CUST_0051,2024-03-01,1969.87,2,0.0,1969.87,984.94,1670.52,1670.52,"{""Gifts"": 1, ""Fitness"": 1}"
stats_3370,USR726VM,CUST_0051,2024-04-01,505.13,5,0.0,505.13,101.03,248.76,248.76,"{""Food"": 2, ""Groceries"": 1, ""Friend Activities"": 1, ""Hobbies"": 1}"
stats_3371,USR726VM,CUST_0051,2024-06-01,442.22,1,0.0,442.22,442.22,442.22,442.22,"{""Medical/Dental"": 1}"
stats_3372,USR726VM,CUST_0051,2024-07-01,44.3,1,0.0,44.3,44.3,44.3,44.3,"{""Travel"": 1}"
stats_3373,USR726VM,CUST_0051,2024-08-01,51182.31,3,0.0,51182.31,17060.77,51052.81,51052.81,"{""Subscriptions"": 1, ""Gifts"": 1, ""Shopping"": 1}"
stats_3374,USR726VM,CUST_0051,2024-09-01,880.21,2,0.0,880.21,440.1,813.15,813.15,"{""Travel"": 1, ""Subscriptions"": 1}"
stats_3375,USR726VM,CUST_0051,2024-10-01,823.49,3,0.0,823.49,274.5,777.3,777.3,"{""Transportation"": 3}"
stats_3376,USR726VM,CUST_0051,2024-11-01,291.11,2,0.0,291.11,145.56,259.85,259.85,"{""Transportation"": 1, ""Medical/Dental"": 1}"
stats_3377,USR726VM,CUST_0051,2024-12-01,10.67,1,0.0,10.67,10.67,10.67,10.67,"{""Subscriptions"": 1}"
stats_3378,USR059hG,CUST_0151,2023-01-01,1442.98,4,0.0,1442.98,360.74,1282.88,1282.88,"{""Medical/Dental"": 1, ""Shopping"": 1, ""Housing and Utilities"": 1, ""Groceries"": 1}"
stats_3379,USR059hG,CUST_0151,2023-04-01,3740.89,4,0.0,3740.89,935.22,2995.22,2995.22,"{""Gifts"": 1, ""Friend Activities"": 1, ""Shopping"": 1, ""Subscriptions"": 1}"
stats_3380,USR059hG,CUST_0151,2023-05-01,320.25,2,0.0,320.25,160.12,251.45,251.45,"{""Personal Hygiene"": 1, ""Housing and Utilities"": 1}"
stats_3381,USR059hG,CUST_0151,2023-07-01,1163.98,3,0.0,1163.98,387.99,642.44,642.44,"{""Food"": 1, ""Personal Hygiene"": 1, ""Transportation"": 1}"
stats_3382,USR059hG,CUST_0151,2023-08-01,954.11,6,0.0,954.11,159.02,658.92,658.92,"{""Housing and Utilities"": 3, ""Fitness"": 1, ""Personal Hygiene"": 1, ""Transportation"": 1}"
stats_3383,USR059hG,CUST_0151,2023-09-01,60.79,1,0.0,60.79,60.79,60.79,60.79,"{""Food"": 1}"
stats_3384,USR059hG,CUST_0151,2023-11-01,1005.52,3,0.0,1005.52,335.17,598.31,598.31,"{""Friend Activities"": 1, ""Fitness"": 1, ""Shopping"": 1}"
stats_3385,USR059hG,CUST_0151,2024-04-01,66.62,1,0.0,66.62,66.62,66.62,66.62,"{""Fitness"": 1}"
stats_3386,USR059hG,CUST_0151,2024-05-01,110.72,1,0.0,110.72,110.72,110.72,110.72,"{""Medical/Dental"": 1}"
stats_3387,USR059hG,CUST_0151,2024-06-01,242.1,2,0.0,242.1,121.05,235.32,235.32,"{""Subscriptions"": 1, ""Friend Activities"": 1}"
stats_3388,USR059hG,CUST_0151,2024-07-01,65.37,4,0.0,65.37,16.34,32.73,32.73,"{""Groceries"": 2, ""Transportation"": 1, ""Subscriptions"": 1}"
stats_3389,USR059hG,CUST_0151,2024-08-01,990.71,4,0.0,990.71,247.68,796.04,796.04,"{""Fitness"": 1, ""Gifts"": 1, ""Friend Activities"": 1, ""Groceries"": 1}"
stats_3390,USR059hG,CUST_0151,2024-09-01,385.4,1,0.0,385.4,385.4,385.4,385.4,"{""Medical/Dental"": 1}"
stats_3391,USR059hG,CUST_0151,2024-10-01,432.1,4,0.0,432.1,108.02,246.12,246.12,"{""Subscriptions"": 1, ""Shopping"": 1, ""Hobbies"": 1, ""Fitness"": 1}"
stats_3392,USR059hG,CUST_0151,2024-11-01,2029.81,3,0.0,2029.81,676.6,1879.17,1879.17,"{""Gifts"": 2, ""Housing and Utilities"": 1}"
stats_3393,USR059hG,CUST_0151,2024-12-01,110.86,2,0.0,110.86,55.43,64.85,64.85,"{""Friend Activities"": 1, ""Subscriptions"": 1}"
stats_3394,USR059hG,CUST_0151,2025-01-01,91.91,1,0.0,91.91,91.91,91.91,91.91,"{""Food"": 1}"
stats_3395,USR843Yq,CUST_0131,2023-01-01,403.14,5,0.0,403.14,80.63,151.52,151.52,"{""Groceries"": 2, ""Shopping"": 1, ""Transportation"": 1, ""Gifts"": 1}"
stats_3396,USR843Yq,CUST_0131,2023-02-01,1107.1,3,0.0,1107.1,369.03,903.1,903.1,"{""Personal Hygiene"": 1, ""Transportation"": 1, ""Medical/Dental"": 1}"
stats_3397,USR843Yq,CUST_0131,2023-04-01,2.89,1,0.0,2.89,2.89,2.89,2.89,"{""Groceries"": 1}"
stats_3398,USR843Yq,CUST_0131,2023-05-01,214.7,2,0.0,214.7,107.35,128.39,128.39,"{""Housing and Utilities"": 1, ""Transportation"": 1}"
stats_3399,USR843Yq,CUST_0131,2023-06-01,792.28,2,0.0,792.28,396.14,477.0,477.0,"{""Travel"": 1, ""Medical/Dental"": 1}"
stats_3400,USR843Yq,CUST_0131,2023-08-01,540.08,2,0.0,540.08,270.04,511.93,511.93,"{""Fitness"": 2}"
stats_3401,USR843Yq,CUST_0131,2023-09-01,5113.02,1,0.0,5113.02,5113.02,5113.02,5113.02,"{""Housing and Utilities"": 1}"
stats_3402,USR843Yq,CUST_0131,2023-10-01,836.57,4,0.0,836.57,209.14,726.17,726.17,"{""Travel"": 2, ""Transportation"": 1, ""Groceries"": 1}"
stats_3403,USR843Yq,CUST_0131,2023-11-01,125.4,1,0.0,125.4,125.4,125.4,125.4,"{""Gifts"": 1}"
stats_3404,USR843Yq,CUST_0131,2023-12-01,622.35,4,0.0,622.35,155.59,511.3,511.3,"{""Groceries"": 1, ""Fitness"": 1, ""Travel"": 1, ""Transportation"": 1}"
stats_3405,USR843Yq,CUST_0131,2024-01-01,773.75,1,0.0,773.75,773.75,773.75,773.75,"{""Friend Activities"": 1}"
stats_3406,USR843Yq,CUST_0131,2024-02-01,1347.08,4,0.0,1347.08,336.77,732.39,732.39,"{""Shopping"": 1, ""Groceries"": 1, ""Medical/Dental"": 1, ""Personal Hygiene"": 1}"
stats_3407,USR843Yq,CUST_0131,2024-03-01,309.4,2,0.0,309.4,154.7,236.28,236.28,"{""Travel"": 1, ""Transportation"": 1}"
stats_3408,USR843Yq,CUST_0131,2024-04-01,2411.29,3,0.0,2411.29,803.76,2368.96,2368.96,"{""Gifts"": 1, ""Personal Hygiene"": 1, ""Subscriptions"": 1}"
stats_3409,USR843Yq,CUST_0131,2024-05-01,562.6,3,0.0,562.6,187.53,544.88,544.88,"{""Medical/Dental"": 1, ""Groceries"": 1, ""Subscriptions"": 1}"
stats_3410,USR843Yq,CUST_0131,2024-07-01,90.18,1,0.0,90.18,90.18,90.18,90.18,"{""Housing and Utilities"": 1}"
stats_3411,USR843Yq,CUST_0131,2024-08-01,131.74,2,0.0,131.74,65.87,126.88,126.88,"{""Hobbies"": 1, ""Transportation"": 1}"
stats_3412,USR843Yq,CUST_0131,2024-09-01,1297.45,4,0.0,1297.45,324.36,731.86,731.86,"{""Medical/Dental"": 2, ""Hobbies"": 1, ""Housing and Utilities"": 1}"
stats_3413,USR843Yq,CUST_0131,2024-10-01,16.63,2,0.0,16.63,8.32,9.92,9.92,"{""Friend Activities"": 1, ""Groceries"": 1}"
stats_3414,USR843Yq,CUST_0131,2024-11-01,370.69,2,0.0,370.69,185.34,359.21,359.21,"{""Medical/Dental"": 1, ""Groceries"": 1}"
stats_3415,USR843Yq,CUST_0131,2024-12-01,128.95,1,0.0,128.95,128.95,128.95,128.95,"{""Shopping"": 1}"
stats_3416,USR473tw,CUST_0095,2023-01-01,202.78,2,0.0,202.78,101.39,196.68,196.68,"{""Groceries"": 1, ""Friend Activities"": 1}"
stats_3417,USR473tw,CUST_0095,2023-03-01,306.41,1,0.0,306.41,306.41,306.41,306.41,"{""Medical/Dental"": 1}"
stats_3418,USR473tw,CUST_0095,2023-05-01,2883.88,3,0.0,2883.88,961.29,1818.09,1818.09,"{""Travel"": 1, ""Housing and Utilities"": 1, ""Medical/Dental"": 1}"
stats_3419,USR473tw,CUST_0095,2023-06-01,99.18,2,0.0,99.18,49.59,53.28,53.28,"{""Hobbies"": 1, ""Housing and Utilities"": 1}"
stats_3420,USR473tw,CUST_0095,2023-09-01,150.42,2,0.0,150.42,75.21,149.07,149.07,"{""Housing and Utilities"": 1, ""Groceries"": 1}"
stats_3421,USR473tw,CUST_0095,2023-10-01,452.24,2,0.0,452.24,226.12,251.96,251.96,"{""Medical/Dental"": 2}"
stats_3422,USR473tw,CUST_0095,2023-11-01,60.88,1,0.0,60.88,60.88,60.88,60.88,"{""Hobbies"": 1}"
stats_3423,USR473tw,CUST_0095,2023-12-01,5.9,1,0.0,5.9,5.9,5.9,5.9,"{""Subscriptions"": 1}"
stats_3424,USR473tw,CUST_0095,2024-01-01,317.95,2,0.0,317.95,158.98,309.75,309.75,"{""Subscriptions"": 1, ""Shopping"": 1}"
stats_3425,USR473tw,CUST_0095,2024-02-01,2036.31,2,0.0,2036.31,1018.16,1918.04,1918.04,"{""Personal Hygiene"": 1, ""Gifts"": 1}"
stats_3426,USR473tw,CUST_0095,2024-03-01,601.77,4,0.0,601.77,150.44,493.16,493.16,"{""Transportation"": 1, ""Food"": 1, ""Medical/Dental"": 1, ""Subscriptions"": 1}"
stats_3427,USR473tw,CUST_0095,2024-04-01,290.39,3,0.0,290.39,96.8,149.64,149.64,"{""Transportation"": 2, ""Friend Activities"": 1}"
stats_3428,USR473tw,CUST_0095,2024-05-01,150.93,1,0.0,150.93,150.93,150.93,150.93,"{""Housing and Utilities"": 1}"
stats_3429,USR473tw,CUST_0095,2024-09-01,239.26,4,0.0,239.26,59.82,86.97,86.97,"{""Food"": 1, ""Personal Hygiene"": 1, ""Groceries"": 1, ""Housing and Utilities"": 1}"
stats_3430,USR473tw,CUST_0095,2024-10-01,72771.36,3,0.0,72771.36,24257.12,72604.92,72604.92,"{""Groceries"": 1, ""Housing and Utilities"": 1, ""Shopping"": 1}"
stats_3431,USR473tw,CUST_0095,2024-12-01,482.9,2,0.0,482.9,241.45,450.95,450.95,"{""Food"": 1, ""Personal Hygiene"": 1}"
stats_3432,USR146jK,CUST_0082,2023-01-01,435.15,2,0.0,435.15,217.58,330.09,330.09,"{""Fitness"": 1, ""Shopping"": 1}"
stats_3433,USR146jK,CUST_0082,2023-03-01,1148.06,1,0.0,1148.06,1148.06,1148.06,1148.06,"{""Gifts"": 1}"
stats_3434,USR146jK,CUST_0082,2023-05-01,250.74,1,0.0,250.74,250.74,250.74,250.74,"{""Gifts"": 1}"
stats_3435,USR146jK,CUST_0082,2023-06-01,6.43,1,0.0,6.43,6.43,6.43,6.43,"{""Personal Hygiene"": 1}"
stats_3436,USR146jK,CUST_0082,2023-07-01,895.96,5,0.0,895.96,179.19,416.79,416.79,"{""Friend Activities"": 2, ""Food"": 1, ""Hobbies"": 1, ""Transportation"": 1}"
stats_3437,USR146jK,CUST_0082,2023-08-01,8.92,1,0.0,8.92,8.92,8.92,8.92,"{""Subscriptions"": 1}"
stats_3438,USR146jK,CUST_0082,2023-09-01,150.44,2,0.0,150.44,75.22,135.48,135.48,"{""Hobbies"": 1, ""Food"": 1}"
stats_3439,USR146jK,CUST_0082,2023-10-01,1025.87,2,0.0,1025.87,512.93,598.93,598.93,"{""Medical/Dental"": 2}"
stats_3440,USR146jK,CUST_0082,2023-11-01,202.62,3,0.0,202.62,67.54,130.38,130.38,"{""Groceries"": 1, ""Food"": 1, ""Transportation"": 1}"
stats_3441,USR146jK,CUST_0082,2023-12-01,390.52,1,0.0,390.52,390.52,390.52,390.52,"{""Medical/Dental"": 1}"
stats_3442,USR146jK,CUST_0082,2024-01-01,357.25,1,0.0,357.25,357.25,357.25,357.25,"{""Friend Activities"": 1}"
stats_3443,USR146jK,CUST_0082,2024-03-01,94.13,3,0.0,94.13,31.38,75.75,75.75,"{""Personal Hygiene"": 1, ""Transportation"": 1, ""Fitness"": 1}"
stats_3444,USR146jK,CUST_0082,2024-04-01,4473.57,4,0.0,4473.57,1118.39,4164.41,4164.41,"{""Housing and Utilities"": 2, ""Groceries"": 1, ""Shopping"": 1}"
stats_3445,USR146jK,CUST_0082,2024-05-01,19.05,1,0.0,19.05,19.05,19.05,19.05,"{""Food"": 1}"
stats_3446,USR146jK,CUST_0082,2024-06-01,652.03,3,0.0,652.03,217.34,361.7,361.7,"{""Travel"": 1, ""Subscriptions"": 1, ""Fitness"": 1}"
stats_3447,USR146jK,CUST_0082,2024-07-01,637.06,3,0.0,637.06,212.35,329.5,329.5,"{""Medical/Dental"": 1, ""Friend Activities"": 1, ""Hobbies"": 1}"
stats_3448,USR146jK,CUST_0082,2024-08-01,11.15,1,0.0,11.15,11.15,11.15,11.15,"{""Subscriptions"": 1}"
stats_3449,USR146jK,CUST_0082,2024-10-01,525.13,2,0.0,525.13,262.56,350.28,350.28,"{""Travel"": 1, ""Medical/Dental"": 1}"
stats_3450,USR146jK,CUST_0082,2024-11-01,36.82,1,0.0,36.82,36.82,36.82,36.82,"{""Groceries"": 1}"
stats_3451,USR146jK,CUST_0082,2024-12-01,373.26,2,0.0,373.26,186.63,346.13,346.13,"{""Travel"": 1, ""Gifts"": 1}"
stats_3452,USR785nU,CUST_0179,2023-02-01,68.46,1,0.0,68.46,68.46,68.46,68.46,"{""Food"": 1}"
stats_3453,USR785nU,CUST_0179,2023-03-01,237.4,5,0.0,237.4,47.48,94.21,94.21,"{""Groceries"": 1, ""Transportation"": 1, ""Subscriptions"": 1, ""Travel"": 1, ""Personal Hygiene"": 1}"
stats_3454,USR785nU,CUST_0179,2023-04-01,2385.91,2,0.0,2385.91,1192.96,2374.18,2374.18,"{""Groceries"": 1, ""Personal Hygiene"": 1}"
stats_3455,USR785nU,CUST_0179,2023-05-01,2376.35,3,0.0,2376.35,792.12,1335.06,1335.06,"{""Shopping"": 1, ""Hobbies"": 1, ""Personal Hygiene"": 1}"
stats_3456,USR785nU,CUST_0179,2023-06-01,514.67,2,0.0,514.67,257.33,323.31,323.31,"{""Travel"": 1, ""Friend Activities"": 1}"
stats_3457,USR785nU,CUST_0179,2023-07-01,197.02,2,0.0,197.02,98.51,126.41,126.41,"{""Friend Activities"": 2}"
stats_3458,USR785nU,CUST_0179,2023-08-01,21.04,1,0.0,21.04,21.04,21.04,21.04,"{""Food"": 1}"
stats_3459,USR785nU,CUST_0179,2023-09-01,1192.32,3,0.0,1192.32,397.44,720.36,720.36,"{""Medical/Dental"": 1, ""Subscriptions"": 1, ""Shopping"": 1}"
stats_3460,USR785nU,CUST_0179,2023-10-01,922.75,5,0.0,922.75,184.55,778.33,778.33,"{""Fitness"": 2, ""Subscriptions"": 2, ""Food"": 1}"
stats_3461,USR785nU,CUST_0179,2023-11-01,36.42,1,0.0,36.42,36.42,36.42,36.42,"{""Housing and Utilities"": 1}"
stats_3462,USR785nU,CUST_0179,2023-12-01,224.74,2,0.0,224.74,112.37,212.98,212.98,"{""Personal Hygiene"": 1, ""Gifts"": 1}"
stats_3463,USR785nU,CUST_0179,2024-01-01,29.22,1,0.0,29.22,29.22,29.22,29.22,"{""Hobbies"": 1}"
stats_3464,USR785nU,CUST_0179,2024-02-01,130.49,2,0.0,130.49,65.24,122.21,122.21,"{""Travel"": 1, ""Transportation"": 1}"
stats_3465,USR785nU,CUST_0179,2024-03-01,7.71,1,0.0,7.71,7.71,7.71,7.71,"{""Transportation"": 1}"
stats_3466,USR785nU,CUST_0179,2024-04-01,11.5,1,0.0,11.5,11.5,11.5,11.5,"{""Travel"": 1}"
stats_3467,USR785nU,CUST_0179,2024-05-01,627.99,5,0.0,627.99,125.6,397.94,397.94,"{""Friend Activities"": 1, ""Transportation"": 1, ""Subscriptions"": 1, ""Travel"": 1, ""Medical/Dental"": 1}"
stats_3468,USR785nU,CUST_0179,2024-07-01,178.14,1,0.0,178.14,178.14,178.14,178.14,"{""Food"": 1}"
stats_3469,USR785nU,CUST_0179,2024-08-01,787.96,1,0.0,787.96,787.96,787.96,787.96,"{""Travel"": 1}"
stats_3470,USR785nU,CUST_0179,2024-09-01,1969.54,1,0.0,1969.54,1969.54,1969.54,1969.54,"{""Gifts"": 1}"
stats_3471,USR785nU,CUST_0179,2024-10-01,531.01,3,0.0,531.01,177.0,410.8,410.8,"{""Fitness"": 1, ""Gifts"": 1, ""Travel"": 1}"
stats_3472,USR785nU,CUST_0179,2024-11-01,556.98,3,0.0,556.98,185.66,538.62,538.62,"{""Friend Activities"": 1, ""Groceries"": 1, ""Travel"": 1}"
stats_3473,USR785nU,CUST_0179,2024-12-01,1655.7,1,0.0,1655.7,1655.7,1655.7,1655.7,"{""Gifts"": 1}"
stats_3474,USR102Ib,CUST_0040,2023-01-01,364.88,3,0.0,364.88,121.63,265.19,265.19,"{""Transportation"": 1, ""Food"": 1, ""Fitness"": 1}"
stats_3475,USR102Ib,CUST_0040,2023-02-01,11.71,1,0.0,11.71,11.71,11.71,11.71,"{""Subscriptions"": 1}"
stats_3476,USR102Ib,CUST_0040,2023-03-01,176454.21,4,0.0,176454.21,44113.55,176297.59,176297.59,"{""Fitness"": 1, ""Groceries"": 1, ""Transportation"": 1, ""Shopping"": 1}"
stats_3477,USR102Ib,CUST_0040,2023-04-01,465.14,2,0.0,465.14,232.57,249.76,249.76,"{""Hobbies"": 1, ""Shopping"": 1}"
stats_3478,USR102Ib,CUST_0040,2023-05-01,444.86,2,0.0,444.86,222.43,329.87,329.87,"{""Gifts"": 2}"
stats_3479,USR102Ib,CUST_0040,2023-06-01,592.23,2,0.0,592.23,296.12,329.18,329.18,"{""Medical/Dental"": 1, ""Shopping"": 1}"
stats_3480,USR102Ib,CUST_0040,2023-07-01,93.75,1,0.0,93.75,93.75,93.75,93.75,"{""Food"": 1}"
stats_3481,USR102Ib,CUST_0040,2023-08-01,32.04,1,0.0,32.04,32.04,32.04,32.04,"{""Transportation"": 1}"
stats_3482,USR102Ib,CUST_0040,2023-09-01,5.94,1,0.0,5.94,5.94,5.94,5.94,"{""Groceries"": 1}"
stats_3483,USR102Ib,CUST_0040,2023-10-01,323.61,2,0.0,323.61,161.8,273.36,273.36,"{""Medical/Dental"": 1, ""Friend Activities"": 1}"
stats_3484,USR102Ib,CUST_0040,2023-11-01,243.87,1,0.0,243.87,243.87,243.87,243.87,"{""Medical/Dental"": 1}"
stats_3485,USR102Ib,CUST_0040,2023-12-01,6.7,1,0.0,6.7,6.7,6.7,6.7,"{""Groceries"": 1}"
stats_3486,USR102Ib,CUST_0040,2024-01-01,492.52,2,0.0,492.52,246.26,444.72,444.72,"{""Shopping"": 2}"
stats_3487,USR102Ib,CUST_0040,2024-02-01,55537.71,4,0.0,55537.71,13884.43,55378.84,55378.84,"{""Shopping"": 1, ""Subscriptions"": 1, ""Hobbies"": 1, ""Fitness"": 1}"
stats_3488,USR102Ib,CUST_0040,2024-04-01,19.99,2,0.0,19.99,9.99,10.86,10.86,"{""Groceries"": 2}"
stats_3489,USR102Ib,CUST_0040,2024-05-01,694.53,4,0.0,694.53,173.63,352.92,352.92,"{""Gifts"": 2, ""Transportation"": 1, ""Food"": 1}"
stats_3490,USR102Ib,CUST_0040,2024-06-01,346.52,2,0.0,346.52,173.26,327.44,327.44,"{""Groceries"": 1, ""Travel"": 1}"
stats_3491,USR102Ib,CUST_0040,2024-07-01,18.29,2,0.0,18.29,9.14,14.8,14.8,"{""Subscriptions"": 1, ""Groceries"": 1}"
stats_3492,USR102Ib,CUST_0040,2024-08-01,565.16,4,0.0,565.16,141.29,188.6,188.6,"{""Friend Activities"": 1, ""Transportation"": 1, ""Travel"": 1, ""Housing and Utilities"": 1}"
stats_3493,USR102Ib,CUST_0040,2024-09-01,42.86,1,0.0,42.86,42.86,42.86,42.86,"{""Subscriptions"": 1}"
stats_3494,USR102Ib,CUST_0040,2024-11-01,278179.9,3,0.0,278179.9,92726.63,278057.06,278057.06,"{""Friend Activities"": 1, ""Shopping"": 1, ""Groceries"": 1}"
stats_3495,USR102Ib,CUST_0040,2024-12-01,57.33,2,0.0,57.33,28.66,36.51,36.51,"{""Housing and Utilities"": 1, ""Hobbies"": 1}"
stats_3496,USR102Ib,CUST_0040,2025-01-01,140.83,2,0.0,140.83,70.42,93.64,93.64,"{""Hobbies"": 2}"
stats_3497,USR350bh,CUST_0177,2023-02-01,202.2,2,0.0,202.2,101.1,195.99,195.99,"{""Subscriptions"": 1, ""Housing and Utilities"": 1}"
stats_3498,USR350bh,CUST_0177,2023-03-01,2404.86,5,0.0,2404.86,480.97,806.07,806.07,"{""Gifts"": 2, ""Fitness"": 1, ""Medical/Dental"": 1, ""Housing and Utilities"": 1}"
stats_3499,USR350bh,CUST_0177,2023-05-01,8.52,1,0.0,8.52,8.52,8.52,8.52,"{""Subscriptions"": 1}"
stats_3500,USR350bh,CUST_0177,2023-06-01,540.34,2,0.0,540.34,270.17,363.58,363.58,"{""Travel"": 1, ""Hobbies"": 1}"
stats_3501,USR350bh,CUST_0177,2023-07-01,2.31,1,0.0,2.31,2.31,2.31,2.31,"{""Groceries"": 1}"
stats_3502,USR350bh,CUST_0177,2023-08-01,81.89,2,0.0,81.89,40.94,67.36,67.36,"{""Transportation"": 1, ""Travel"": 1}"
stats_3503,USR350bh,CUST_0177,2023-09-01,6.74,1,0.0,6.74,6.74,6.74,6.74,"{""Transportation"": 1}"
stats_3504,USR350bh,CUST_0177,2023-10-01,18.33,1,0.0,18.33,18.33,18.33,18.33,"{""Groceries"": 1}"
stats_3505,USR350bh,CUST_0177,2023-11-01,234.11,1,0.0,234.11,234.11,234.11,234.11,"{""Gifts"": 1}"
stats_3506,USR350bh,CUST_0177,2024-01-01,65.94,2,0.0,65.94,32.97,59.63,59.63,"{""Transportation"": 1, ""Fitness"": 1}"
stats_3507,USR350bh,CUST_0177,2024-02-01,10.42,1,0.0,10.42,10.42,10.42,10.42,"{""Subscriptions"": 1}"
stats_3508,USR350bh,CUST_0177,2024-03-01,295.25,2,0.0,295.25,147.62,228.69,228.69,"{""Hobbies"": 1, ""Groceries"": 1}"
stats_3509,USR350bh,CUST_0177,2024-04-01,108.15,1,0.0,108.15,108.15,108.15,108.15,"{""Friend Activities"": 1}"
stats_3510,USR350bh,CUST_0177,2024-06-01,58.95,1,0.0,58.95,58.95,58.95,58.95,"{""Hobbies"": 1}"
stats_3511,USR350bh,CUST_0177,2024-07-01,655.6,3,0.0,655.6,218.53,423.84,423.84,"{""Medical/Dental"": 2, ""Friend Activities"": 1}"
stats_3512,USR350bh,CUST_0177,2024-08-01,82.13,1,0.0,82.13,82.13,82.13,82.13,"{""Friend Activities"": 1}"
stats_3513,USR350bh,CUST_0177,2024-09-01,2084.31,4,0.0,2084.31,521.08,961.73,961.73,"{""Shopping"": 1, ""Food"": 1, ""Medical/Dental"": 1, ""Travel"": 1}"
stats_3514,USR350bh,CUST_0177,2024-10-01,841.31,2,0.0,841.31,420.66,679.31,679.31,"{""Gifts"": 1, ""Medical/Dental"": 1}"
stats_3515,USR350bh,CUST_0177,2024-11-01,307.61,2,0.0,307.61,153.8,236.27,236.27,"{""Food"": 1, ""Hobbies"": 1}"
stats_3516,USR350bh,CUST_0177,2024-12-01,818.65,3,0.0,818.65,272.88,550.12,550.12,"{""Transportation"": 1, ""Fitness"": 1, ""Shopping"": 1}"
stats_3517,USR331Xb,CUST_0085,2023-01-01,316.98,2,0.0,316.98,158.49,288.74,288.74,"{""Medical/Dental"": 1, ""Hobbies"": 1}"
stats_3518,USR331Xb,CUST_0085,2023-02-01,46.0,1,0.0,46.0,46.0,46.0,46.0,"{""Fitness"": 1}"
stats_3519,USR331Xb,CUST_0085,2023-03-01,57.8,1,0.0,57.8,57.8,57.8,57.8,"{""Friend Activities"": 1}"
stats_3520,USR331Xb,CUST_0085,2023-04-01,52325.26,1,0.0,52325.26,52325.26,52325.26,52325.26,"{""Shopping"": 1}"
stats_3521,USR331Xb,CUST_0085,2023-05-01,642.47,4,0.0,642.47,160.62,190.27,190.27,"{""Housing and Utilities"": 2, ""Hobbies"": 1, ""Friend Activities"": 1}"
stats_3522,USR331Xb,CUST_0085,2023-06-01,9.94,1,0.0,9.94,9.94,9.94,9.94,"{""Groceries"": 1}"
stats_3523,USR331Xb,CUST_0085,2023-07-01,716.89,4,0.0,716.89,179.22,555.66,555.66,"{""Food"": 1, ""Transportation"": 1, ""Friend Activities"": 1, ""Medical/Dental"": 1}"
stats_3524,USR331Xb,CUST_0085,2023-08-01,1872.61,6,0.0,1872.61,312.1,1407.41,1407.41,"{""Travel"": 2, ""Groceries"": 1, ""Transportation"": 1, ""Subscriptions"": 1, ""Gifts"": 1}"
stats_3525,USR331Xb,CUST_0085,2023-09-01,686.55,6,0.0,686.55,114.42,262.16,262.16,"{""Friend Activities"": 2, ""Subscriptions"": 2, ""Medical/Dental"": 1, ""Hobbies"": 1}"
stats_3526,USR331Xb,CUST_0085,2023-10-01,53.56,1,0.0,53.56,53.56,53.56,53.56,"{""Housing and Utilities"": 1}"
stats_3527,USR331Xb,CUST_0085,2023-12-01,358.12,2,0.0,358.12,179.06,339.03,339.03,"{""Fitness"": 1, ""Personal Hygiene"": 1}"
stats_3528,USR331Xb,CUST_0085,2024-01-01,60.44,1,0.0,60.44,60.44,60.44,60.44,"{""Subscriptions"": 1}"
stats_3529,USR331Xb,CUST_0085,2024-03-01,230.06,1,0.0,230.06,230.06,230.06,230.06,"{""Fitness"": 1}"
stats_3530,USR331Xb,CUST_0085,2024-04-01,45.32,2,0.0,45.32,22.66,26.1,26.1,"{""Food"": 1, ""Fitness"": 1}"
stats_3531,USR331Xb,CUST_0085,2024-06-01,69.8,1,0.0,69.8,69.8,69.8,69.8,"{""Housing and Utilities"": 1}"
stats_3532,USR331Xb,CUST_0085,2024-07-01,52.23,1,0.0,52.23,52.23,52.23,52.23,"{""Housing and Utilities"": 1}"
stats_3533,USR331Xb,CUST_0085,2024-08-01,18.34,1,0.0,18.34,18.34,18.34,18.34,"{""Travel"": 1}"
stats_3534,USR331Xb,CUST_0085,2024-11-01,1479.65,3,0.0,1479.65,493.22,915.88,915.88,"{""Medical/Dental"": 1, ""Groceries"": 1, ""Fitness"": 1}"
stats_3535,USR331Xb,CUST_0085,2024-12-01,1713.89,3,0.0,1713.89,571.3,1608.04,1608.04,"{""Fitness"": 1, ""Food"": 1, ""Friend Activities"": 1}"
stats_3536,USR723TN,CUST_0171,2023-01-01,623.55,2,0.0,623.55,311.77,365.25,365.25,"{""Medical/Dental"": 1, ""Fitness"": 1}"
stats_3537,USR723TN,CUST_0171,2023-02-01,37.06,1,0.0,37.06,37.06,37.06,37.06,"{""Travel"": 1}"
stats_3538,USR723TN,CUST_0171,2023-03-01,754.68,4,0.0,754.68,188.67,441.03,441.03,"{""Subscriptions"": 2, ""Medical/Dental"": 1, ""Travel"": 1}"
stats_3539,USR723TN,CUST_0171,2023-04-01,2650.17,3,0.0,2650.17,883.39,1923.1,1923.1,"{""Groceries"": 1, ""Transportation"": 1, ""Fitness"": 1}"
stats_3540,USR723TN,CUST_0171,2023-06-01,10.74,1,0.0,10.74,10.74,10.74,10.74,"{""Food"": 1}"
stats_3541,USR723TN,CUST_0171,2023-07-01,2193.48,4,0.0,2193.48,548.37,1688.69,1688.69,"{""Gifts"": 1, ""Fitness"": 1, ""Friend Activities"": 1, ""Personal Hygiene"": 1}"
stats_3542,USR723TN,CUST_0171,2023-08-01,374.54,3,0.0,374.54,124.85,297.98,297.98,"{""Housing and Utilities"": 1, ""Gifts"": 1, ""Travel"": 1}"
stats_3543,USR723TN,CUST_0171,2023-09-01,681.84,2,0.0,681.84,340.92,652.11,652.11,"{""Personal Hygiene"": 1, ""Medical/Dental"": 1}"
stats_3544,USR723TN,CUST_0171,2023-10-01,21.72,3,0.0,21.72,7.24,10.06,10.06,"{""Personal Hygiene"": 2, ""Subscriptions"": 1}"
stats_3545,USR723TN,CUST_0171,2023-12-01,521.21,1,0.0,521.21,521.21,521.21,521.21,"{""Transportation"": 1}"
stats_3546,USR723TN,CUST_0171,2024-01-01,2031.64,2,0.0,2031.64,1015.82,2025.52,2025.52,"{""Transportation"": 1, ""Housing and Utilities"": 1}"
stats_3547,USR723TN,CUST_0171,2024-02-01,1661.04,6,0.0,1661.04,276.84,592.12,592.12,"{""Subscriptions"": 1, ""Travel"": 1, ""Shopping"": 1, ""Personal Hygiene"": 1, ""Friend Activities"": 1, ""Fitness"": 1}"
stats_3548,USR723TN,CUST_0171,2024-03-01,414.43,1,0.0,414.43,414.43,414.43,414.43,"{""Transportation"": 1}"
stats_3549,USR723TN,CUST_0171,2024-04-01,695.48,2,0.0,695.48,347.74,422.3,422.3,"{""Transportation"": 1, ""Travel"": 1}"
stats_3550,USR723TN,CUST_0171,2024-05-01,608.85,7,0.0,608.85,86.98,405.91,405.91,"{""Fitness"": 2, ""Food"": 2, ""Gifts"": 1, ""Housing and Utilities"": 1, ""Groceries"": 1}"
stats_3551,USR723TN,CUST_0171,2024-06-01,1743.68,4,0.0,1743.68,435.92,1102.19,1102.19,"{""Travel"": 2, ""Gifts"": 1, ""Fitness"": 1}"
stats_3552,USR723TN,CUST_0171,2024-07-01,87.7,1,0.0,87.7,87.7,87.7,87.7,"{""Housing and Utilities"": 1}"
stats_3553,USR723TN,CUST_0171,2024-08-01,422.27,1,0.0,422.27,422.27,422.27,422.27,"{""Travel"": 1}"
stats_3554,USR723TN,CUST_0171,2024-09-01,11.59,1,0.0,11.59,11.59,11.59,11.59,"{""Food"": 1}"
stats_3555,USR723TN,CUST_0171,2024-10-01,6.47,1,0.0,6.47,6.47,6.47,6.47,"{""Transportation"": 1}"
stats_3556,USR723TN,CUST_0171,2024-12-01,115.22,3,0.0,115.22,38.41,99.88,99.88,"{""Food"": 2, ""Gifts"": 1}"
stats_3557,USR723TN,CUST_0171,2025-01-01,43.77,1,0.0,43.77,43.77,43.77,43.77,"{""Fitness"": 1}"
stats_3558,USR395Ke,CUST_0137,2023-01-01,11.1,1,0.0,11.1,11.1,11.1,11.1,"{""Subscriptions"": 1}"
stats_3559,USR395Ke,CUST_0137,2023-02-01,929.9,2,0.0,929.9,464.95,578.86,578.86,"{""Medical/Dental"": 1, ""Fitness"": 1}"
stats_3560,USR395Ke,CUST_0137,2023-03-01,25.63,1,0.0,25.63,25.63,25.63,25.63,"{""Friend Activities"": 1}"
stats_3561,USR395Ke,CUST_0137,2023-04-01,111566.59,5,0.0,111566.59,22313.32,110650.79,110650.79,"{""Shopping"": 1, ""Personal Hygiene"": 1, ""Friend Activities"": 1, ""Housing and Utilities"": 1, ""Food"": 1}"
stats_3562,USR395Ke,CUST_0137,2023-05-01,1306.22,2,0.0,1306.22,653.11,1228.14,1228.14,"{""Housing and Utilities"": 1, ""Shopping"": 1}"
stats_3563,USR395Ke,CUST_0137,2023-06-01,1425.53,3,0.0,1425.53,475.18,797.13,797.13,"{""Travel"": 1, ""Friend Activities"": 1, ""Medical/Dental"": 1}"
stats_3564,USR395Ke,CUST_0137,2023-07-01,238938.51,3,0.0,238938.51,79646.17,237483.15,237483.15,"{""Shopping"": 1, ""Personal Hygiene"": 1, ""Food"": 1}"
stats_3565,USR395Ke,CUST_0137,2023-08-01,46.24,2,0.0,46.24,23.12,43.26,43.26,"{""Travel"": 1, ""Transportation"": 1}"
stats_3566,USR395Ke,CUST_0137,2023-09-01,30.7,2,0.0,30.7,15.35,15.82,15.82,"{""Groceries"": 2}"
stats_3567,USR395Ke,CUST_0137,2023-10-01,96.7,1,0.0,96.7,96.7,96.7,96.7,"{""Gifts"": 1}"
stats_3568,USR395Ke,CUST_0137,2023-11-01,79.93,3,0.0,79.93,26.64,39.2,39.2,"{""Food"": 1, ""Subscriptions"": 1, ""Hobbies"": 1}"
stats_3569,USR395Ke,CUST_0137,2023-12-01,114.64,2,0.0,114.64,57.32,80.89,80.89,"{""Hobbies"": 1, ""Travel"": 1}"
stats_3570,USR395Ke,CUST_0137,2024-01-01,705.79,4,0.0,705.79,176.45,444.54,444.54,"{""Groceries"": 1, ""Travel"": 1, ""Housing and Utilities"": 1, ""Gifts"": 1}"
stats_3571,USR395Ke,CUST_0137,2024-02-01,230.79,2,0.0,230.79,115.4,161.11,161.11,"{""Hobbies"": 1, ""Food"": 1}"
stats_3572,USR395Ke,CUST_0137,2024-03-01,137.8,1,0.0,137.8,137.8,137.8,137.8,"{""Fitness"": 1}"
stats_3573,USR395Ke,CUST_0137,2024-04-01,1507.94,5,0.0,1507.94,301.59,1301.54,1301.54,"{""Groceries"": 2, ""Travel"": 1, ""Hobbies"": 1, ""Housing and Utilities"": 1}"
stats_3574,USR395Ke,CUST_0137,2024-05-01,1184.55,6,0.0,1184.55,197.42,597.02,597.02,"{""Travel"": 2, ""Gifts"": 2, ""Hobbies"": 1, ""Shopping"": 1}"
stats_3575,USR395Ke,CUST_0137,2024-07-01,4545.93,3,0.0,4545.93,1515.31,3917.34,3917.34,"{""Friend Activities"": 2, ""Housing and Utilities"": 1}"
stats_3576,USR395Ke,CUST_0137,2024-08-01,721.06,6,0.0,721.06,120.18,355.3,355.3,"{""Travel"": 2, ""Personal Hygiene"": 2, ""Shopping"": 1, ""Medical/Dental"": 1}"
stats_3577,USR395Ke,CUST_0137,2024-09-01,70.38,1,0.0,70.38,70.38,70.38,70.38,"{""Hobbies"": 1}"
stats_3578,USR395Ke,CUST_0137,2024-10-01,2.69,1,0.0,2.69,2.69,2.69,2.69,"{""Groceries"": 1}"
stats_3579,USR395Ke,CUST_0137,2024-11-01,3472.71,1,0.0,3472.71,3472.71,3472.71,3472.71,"{""Personal Hygiene"": 1}"
stats_3580,USR395Ke,CUST_0137,2024-12-01,9.93,1,0.0,9.93,9.93,9.93,9.93,"{""Food"": 1}"
stats_3581,USR421oQ,CUST_0032,2023-01-01,808.73,2,0.0,808.73,404.36,440.31,440.31,"{""Friend Activities"": 1, ""Transportation"": 1}"
stats_3582,USR421oQ,CUST_0032,2023-02-01,411.22,2,0.0,411.22,205.61,359.84,359.84,"{""Friend Activities"": 1, ""Food"": 1}"
stats_3583,USR421oQ,CUST_0032,2023-03-01,78802.49,3,0.0,78802.49,26267.5,47093.35,47093.35,"{""Shopping"": 2, ""Groceries"": 1}"
stats_3584,USR421oQ,CUST_0032,2023-04-01,41.76,2,0.0,41.76,20.88,33.34,33.34,"{""Hobbies"": 1, ""Subscriptions"": 1}"
stats_3585,USR421oQ,CUST_0032,2023-05-01,861.76,2,0.0,861.76,430.88,564.14,564.14,"{""Transportation"": 1, ""Friend Activities"": 1}"
stats_3586,USR421oQ,CUST_0032,2023-06-01,46.33,1,0.0,46.33,46.33,46.33,46.33,"{""Travel"": 1}"
stats_3587,USR421oQ,CUST_0032,2023-07-01,656.53,1,0.0,656.53,656.53,656.53,656.53,"{""Transportation"": 1}"
stats_3588,USR421oQ,CUST_0032,2023-08-01,2898.95,4,0.0,2898.95,724.74,2106.15,2106.15,"{""Fitness"": 2, ""Friend Activities"": 1, ""Transportation"": 1}"
stats_3589,USR421oQ,CUST_0032,2023-09-01,2564.59,5,0.0,2564.59,512.92,1356.65,1356.65,"{""Groceries"": 2, ""Shopping"": 1, ""Personal Hygiene"": 1, ""Travel"": 1}"
stats_3590,USR421oQ,CUST_0032,2023-10-01,140584.38,2,0.0,140584.38,70292.19,121217.21,121217.21,"{""Shopping"": 2}"
stats_3591,USR421oQ,CUST_0032,2023-11-01,2008.07,5,0.0,2008.07,401.61,1049.7,1049.7,"{""Travel"": 2, ""Hobbies"": 1, ""Housing and Utilities"": 1, ""Gifts"": 1}"
stats_3592,USR421oQ,CUST_0032,2023-12-01,86.68,2,0.0,86.68,43.34,81.08,81.08,"{""Housing and Utilities"": 1, ""Food"": 1}"
stats_3593,USR421oQ,CUST_0032,2024-01-01,747.95,3,0.0,747.95,249.32,383.31,383.31,"{""Medical/Dental"": 1, ""Hobbies"": 1, ""Gifts"": 1}"
stats_3594,USR421oQ,CUST_0032,2024-02-01,353.77,1,0.0,353.77,353.77,353.77,353.77,"{""Medical/Dental"": 1}"
stats_3595,USR421oQ,CUST_0032,2024-04-01,66.14,3,0.0,66.14,22.05,46.2,46.2,"{""Groceries"": 1, ""Personal Hygiene"": 1, ""Subscriptions"": 1}"
stats_3596,USR421oQ,CUST_0032,2024-05-01,210.51,2,0.0,210.51,105.26,150.73,150.73,"{""Subscriptions"": 1, ""Gifts"": 1}"
stats_3597,USR421oQ,CUST_0032,2024-06-01,1114.46,2,0.0,1114.46,557.23,1104.5,1104.5,"{""Gifts"": 1, ""Subscriptions"": 1}"
stats_3598,USR421oQ,CUST_0032,2024-07-01,32.75,1,0.0,32.75,32.75,32.75,32.75,"{""Hobbies"": 1}"
stats_3599,USR421oQ,CUST_0032,2024-08-01,395.68,4,0.0,395.68,98.92,151.87,151.87,"{""Subscriptions"": 1, ""Hobbies"": 1, ""Food"": 1, ""Housing and Utilities"": 1}"
stats_3600,USR421oQ,CUST_0032,2024-09-01,13.1,1,0.0,13.1,13.1,13.1,13.1,"{""Travel"": 1}"
stats_3601,USR421oQ,CUST_0032,2024-10-01,12.7,1,0.0,12.7,12.7,12.7,12.7,"{""Groceries"": 1}"
stats_3602,USR421oQ,CUST_0032,2024-12-01,194176.5,4,0.0,194176.5,48544.12,194038.15,194038.15,"{""Groceries"": 2, ""Food"": 1, ""Shopping"": 1}"
stats_3603,USR698Vo,CUST_0089,2023-01-01,93.49,2,0.0,93.49,46.74,71.32,71.32,"{""Fitness"": 2}"
stats_3604,USR698Vo,CUST_0089,2023-02-01,11.92,1,0.0,11.92,11.92,11.92,11.92,"{""Food"": 1}"
stats_3605,USR698Vo,CUST_0089,2023-03-01,302.83,1,0.0,302.83,302.83,302.83,302.83,"{""Travel"": 1}"
stats_3606,USR698Vo,CUST_0089,2023-05-01,174.04,2,0.0,174.04,87.02,94.32,94.32,"{""Gifts"": 1, ""Food"": 1}"
stats_3607,USR698Vo,CUST_0089,2023-06-01,34.89,3,0.0,34.89,11.63,19.23,19.23,"{""Groceries"": 1, ""Transportation"": 1, ""Hobbies"": 1}"
stats_3608,USR698Vo,CUST_0089,2023-07-01,48.33,1,0.0,48.33,48.33,48.33,48.33,"{""Transportation"": 1}"
stats_3609,USR698Vo,CUST_0089,2023-08-01,424.29,2,0.0,424.29,212.14,323.94,323.94,"{""Gifts"": 1, ""Shopping"": 1}"
stats_3610,USR698Vo,CUST_0089,2023-09-01,1263.26,4,0.0,1263.26,315.82,886.57,886.57,"{""Shopping"": 1, ""Subscriptions"": 1, ""Medical/Dental"": 1, ""Gifts"": 1}"
stats_3611,USR698Vo,CUST_0089,2023-10-01,7063.23,3,0.0,7063.23,2354.41,6502.99,6502.99,"{""Shopping"": 1, ""Personal Hygiene"": 1, ""Housing and Utilities"": 1}"
stats_3612,USR698Vo,CUST_0089,2023-11-01,1014.1,4,0.0,1014.1,253.52,956.21,956.21,"{""Subscriptions"": 1, ""Food"": 1, ""Shopping"": 1, ""Transportation"": 1}"
stats_3613,USR698Vo,CUST_0089,2023-12-01,485.57,2,0.0,485.57,242.78,352.03,352.03,"{""Gifts"": 1, ""Hobbies"": 1}"
stats_3614,USR698Vo,CUST_0089,2024-02-01,398.9,2,0.0,398.9,199.45,350.36,350.36,"{""Friend Activities"": 1, ""Hobbies"": 1}"
stats_3615,USR698Vo,CUST_0089,2024-03-01,163.49,1,0.0,163.49,163.49,163.49,163.49,"{""Medical/Dental"": 1}"
stats_3616,USR698Vo,CUST_0089,2024-04-01,200.88,1,0.0,200.88,200.88,200.88,200.88,"{""Hobbies"": 1}"
stats_3617,USR698Vo,CUST_0089,2024-05-01,93.75,2,0.0,93.75,46.88,63.19,63.19,"{""Friend Activities"": 1, ""Medical/Dental"": 1}"
stats_3618,USR698Vo,CUST_0089,2024-07-01,8.34,1,0.0,8.34,8.34,8.34,8.34,"{""Groceries"": 1}"
stats_3619,USR698Vo,CUST_0089,2024-08-01,168.91,2,0.0,168.91,84.46,146.65,146.65,"{""Housing and Utilities"": 1, ""Personal Hygiene"": 1}"
stats_3620,USR698Vo,CUST_0089,2024-09-01,445.43,2,0.0,445.43,222.72,431.91,431.91,"{""Food"": 2}"
stats_3621,USR698Vo,CUST_0089,2024-11-01,155.66,1,0.0,155.66,155.66,155.66,155.66,"{""Hobbies"": 1}"
stats_3622,USR698Vo,CUST_0089,2024-12-01,255.11,4,0.0,255.11,63.78,224.15,224.15,"{""Travel"": 1, ""Hobbies"": 1, ""Personal Hygiene"": 1, ""Food"": 1}"
stats_3623,USR951HI,CUST_0015,2023-01-01,917.13,3,0.0,917.13,305.71,597.22,597.22,"{""Gifts"": 1, ""Travel"": 1, ""Fitness"": 1}"
stats_3624,USR951HI,CUST_0015,2023-02-01,250.06,1,0.0,250.06,250.06,250.06,250.06,"{""Hobbies"": 1}"
stats_3625,USR951HI,CUST_0015,2023-03-01,2618.85,2,0.0,2618.85,1309.42,2602.89,2602.89,"{""Travel"": 1, ""Housing and Utilities"": 1}"
stats_3626,USR951HI,CUST_0015,2023-04-01,795.96,2,0.0,795.96,397.98,791.64,791.64,"{""Gifts"": 1, ""Personal Hygiene"": 1}"
stats_3627,USR951HI,CUST_0015,2023-05-01,523.75,2,0.0,523.75,261.88,304.24,304.24,"{""Gifts"": 1, ""Hobbies"": 1}"
stats_3628,USR951HI,CUST_0015,2023-06-01,132.51,2,0.0,132.51,66.26,70.46,70.46,"{""Hobbies"": 1, ""Fitness"": 1}"
stats_3629,USR951HI,CUST_0015,2023-07-01,240.88,2,0.0,240.88,120.44,212.96,212.96,"{""Gifts"": 1, ""Travel"": 1}"
stats_3630,USR951HI,CUST_0015,2023-08-01,4950.44,3,0.0,4950.44,1650.15,4892.41,4892.41,"{""Shopping"": 1, ""Personal Hygiene"": 1, ""Travel"": 1}"
stats_3631,USR951HI,CUST_0015,2023-09-01,585.81,1,0.0,585.81,585.81,585.81,585.81,"{""Medical/Dental"": 1}"
stats_3632,USR951HI,CUST_0015,2023-12-01,800.87,3,0.0,800.87,266.96,734.7,734.7,"{""Food"": 1, ""Travel"": 1, ""Gifts"": 1}"
stats_3633,USR951HI,CUST_0015,2024-01-01,3849.83,2,0.0,3849.83,1924.92,3825.51,3825.51,"{""Travel"": 1, ""Housing and Utilities"": 1}"
stats_3634,USR951HI,CUST_0015,2024-02-01,254.17,3,0.0,254.17,84.72,243.05,243.05,"{""Travel"": 1, ""Food"": 1, ""Personal Hygiene"": 1}"
stats_3635,USR951HI,CUST_0015,2024-03-01,24.15,2,0.0,24.15,12.08,13.74,13.74,"{""Subscriptions"": 1, ""Travel"": 1}"
stats_3636,USR951HI,CUST_0015,2024-04-01,79.89,1,0.0,79.89,79.89,79.89,79.89,"{""Medical/Dental"": 1}"
stats_3637,USR951HI,CUST_0015,2024-05-01,1011.04,5,0.0,1011.04,202.21,656.26,656.26,"{""Gifts"": 2, ""Medical/Dental"": 1, ""Transportation"": 1, ""Shopping"": 1}"
stats_3638,USR951HI,CUST_0015,2024-06-01,51.43,2,0.0,51.43,25.72,40.98,40.98,"{""Groceries"": 1, ""Hobbies"": 1}"
stats_3639,USR951HI,CUST_0015,2024-07-01,904.89,3,0.0,904.89,301.63,688.07,688.07,"{""Friend Activities"": 2, ""Subscriptions"": 1}"
stats_3640,USR951HI,CUST_0015,2024-08-01,66.85,2,0.0,66.85,33.42,58.15,58.15,"{""Subscriptions"": 1, ""Housing and Utilities"": 1}"
stats_3641,USR951HI,CUST_0015,2024-09-01,167.95,3,0.0,167.95,55.98,101.25,101.25,"{""Housing and Utilities"": 2, ""Groceries"": 1}"
stats_3642,USR951HI,CUST_0015,2024-10-01,3766.16,4,0.0,3766.16,941.54,2805.38,2805.38,"{""Transportation"": 1, ""Shopping"": 1, ""Travel"": 1, ""Personal Hygiene"": 1}"
stats_3643,USR951HI,CUST_0015,2024-11-01,114.96,1,0.0,114.96,114.96,114.96,114.96,"{""Housing and Utilities"": 1}"
stats_3644,USR951HI,CUST_0015,2024-12-01,1930.33,5,0.0,1930.33,386.07,1369.86,1369.86,"{""Gifts"": 2, ""Medical/Dental"": 1, ""Hobbies"": 1, ""Subscriptions"": 1}"
stats_3645,USR951HI,CUST_0015,2025-01-01,41.41,2,0.0,41.41,20.7,22.39,22.39,"{""Hobbies"": 1, ""Friend Activities"": 1}"
stats_3646,USR495Vi,CUST_0141,2023-01-01,270.33,1,0.0,270.33,270.33,270.33,270.33,"{""Gifts"": 1}"
stats_3647,USR495Vi,CUST_0141,2023-02-01,191.82,1,0.0,191.82,191.82,191.82,191.82,"{""Fitness"": 1}"
stats_3648,USR495Vi,CUST_0141,2023-04-01,68.39,3,0.0,68.39,22.8,32.46,32.46,"{""Subscriptions"": 1, ""Personal Hygiene"": 1, ""Friend Activities"": 1}"
stats_3649,USR495Vi,CUST_0141,2023-05-01,8.48,1,0.0,8.48,8.48,8.48,8.48,"{""Subscriptions"": 1}"
stats_3650,USR495Vi,CUST_0141,2023-06-01,286.47,3,0.0,286.47,95.49,243.7,243.7,"{""Subscriptions"": 2, ""Medical/Dental"": 1}"
stats_3651,USR495Vi,CUST_0141,2023-07-01,358.67,3,0.0,358.67,119.56,176.96,176.96,"{""Fitness"": 2, ""Hobbies"": 1}"
stats_3652,USR495Vi,CUST_0141,2023-08-01,664.55,2,0.0,664.55,332.28,613.44,613.44,"{""Food"": 1, ""Shopping"": 1}"
stats_3653,USR495Vi,CUST_0141,2023-09-01,55.85,1,0.0,55.85,55.85,55.85,55.85,"{""Friend Activities"": 1}"
stats_3654,USR495Vi,CUST_0141,2023-10-01,888.06,2,0.0,888.06,444.03,853.87,853.87,"{""Friend Activities"": 1, ""Travel"": 1}"
stats_3655,USR495Vi,CUST_0141,2023-11-01,11.86,1,0.0,11.86,11.86,11.86,11.86,"{""Gifts"": 1}"
stats_3656,USR495Vi,CUST_0141,2023-12-01,1359.78,4,0.0,1359.78,339.94,1234.41,1234.41,"{""Friend Activities"": 1, ""Groceries"": 1, ""Fitness"": 1, ""Travel"": 1}"
stats_3657,USR495Vi,CUST_0141,2024-01-01,84.44,2,0.0,84.44,42.22,58.04,58.04,"{""Fitness"": 1, ""Food"": 1}"
stats_3658,USR495Vi,CUST_0141,2024-02-01,730.49,4,0.0,730.49,182.62,235.63,235.63,"{""Medical/Dental"": 2, ""Shopping"": 1, ""Gifts"": 1}"
stats_3659,USR495Vi,CUST_0141,2024-04-01,2511.79,3,0.0,2511.79,837.26,2368.96,2368.96,"{""Groceries"": 1, ""Gifts"": 1, ""Fitness"": 1}"
stats_3660,USR495Vi,CUST_0141,2024-05-01,3988.16,4,0.0,3988.16,997.04,2927.15,2927.15,"{""Hobbies"": 1, ""Medical/Dental"": 1, ""Groceries"": 1, ""Shopping"": 1}"
stats_3661,USR495Vi,CUST_0141,2024-06-01,2429.64,4,0.0,2429.64,607.41,1860.06,1860.06,"{""Travel"": 2, ""Personal Hygiene"": 1, ""Transportation"": 1}"
stats_3662,USR495Vi,CUST_0141,2024-07-01,573.25,4,0.0,573.25,143.31,310.18,310.18,"{""Friend Activities"": 1, ""Hobbies"": 1, ""Transportation"": 1, ""Travel"": 1}"
stats_3663,USR495Vi,CUST_0141,2024-08-01,679.23,3,0.0,679.23,226.41,382.9,382.9,"{""Hobbies"": 1, ""Food"": 1, ""Travel"": 1}"
stats_3664,USR495Vi,CUST_0141,2024-09-01,291770.06,1,0.0,291770.06,291770.06,291770.06,291770.06,"{""Shopping"": 1}"
stats_3665,USR495Vi,CUST_0141,2024-10-01,186.56,2,0.0,186.56,93.28,157.74,157.74,"{""Fitness"": 2}"
stats_3666,USR495Vi,CUST_0141,2024-11-01,14.9,2,0.0,14.9,7.45,9.35,9.35,"{""Food"": 1, ""Groceries"": 1}"
stats_3667,USR495Vi,CUST_0141,2024-12-01,95.47,1,0.0,95.47,95.47,95.47,95.47,"{""Food"": 1}"
stats_3668,USR466ol,CUST_0029,2023-01-01,481.69,1,0.0,481.69,481.69,481.69,481.69,"{""Fitness"": 1}"
stats_3669,USR466ol,CUST_0029,2023-02-01,1148.75,1,0.0,1148.75,1148.75,1148.75,1148.75,"{""Travel"": 1}"
stats_3670,USR466ol,CUST_0029,2023-03-01,51.25,1,0.0,51.25,51.25,51.25,51.25,"{""Friend Activities"": 1}"
stats_3671,USR466ol,CUST_0029,2023-05-01,115.05,4,0.0,115.05,28.76,69.63,69.63,"{""Friend Activities"": 1, ""Personal Hygiene"": 1, ""Travel"": 1, ""Food"": 1}"
stats_3672,USR466ol,CUST_0029,2023-06-01,659.36,3,0.0,659.36,219.79,537.99,537.99,"{""Housing and Utilities"": 1, ""Hobbies"": 1, ""Transportation"": 1}"
stats_3673,USR466ol,CUST_0029,2023-07-01,180.09,2,0.0,180.09,90.04,139.94,139.94,"{""Travel"": 1, ""Fitness"": 1}"
stats_3674,USR466ol,CUST_0029,2023-09-01,829.87,2,0.0,829.87,414.94,472.15,472.15,"{""Friend Activities"": 1, ""Medical/Dental"": 1}"
stats_3675,USR466ol,CUST_0029,2023-10-01,541.95,3,0.0,541.95,180.65,379.35,379.35,"{""Personal Hygiene"": 1, ""Hobbies"": 1, ""Housing and Utilities"": 1}"
stats_3676,USR466ol,CUST_0029,2023-11-01,156.38,2,0.0,156.38,78.19,153.34,153.34,"{""Travel"": 1, ""Personal Hygiene"": 1}"
stats_3677,USR466ol,CUST_0029,2023-12-01,721.7,4,0.0,721.7,180.42,439.29,439.29,"{""Hobbies"": 1, ""Medical/Dental"": 1, ""Groceries"": 1, ""Subscriptions"": 1}"
stats_3678,USR466ol,CUST_0029,2024-01-01,911.12,2,0.0,911.12,455.56,880.05,880.05,"{""Travel"": 1, ""Fitness"": 1}"
stats_3679,USR466ol,CUST_0029,2024-02-01,70.68,2,0.0,70.68,35.34,43.34,43.34,"{""Transportation"": 1, ""Personal Hygiene"": 1}"
stats_3680,USR466ol,CUST_0029,2024-03-01,50.74,2,0.0,50.74,25.37,34.6,34.6,"{""Groceries"": 1, ""Friend Activities"": 1}"
stats_3681,USR466ol,CUST_0029,2024-04-01,683.92,1,0.0,683.92,683.92,683.92,683.92,"{""Gifts"": 1}"
stats_3682,USR466ol,CUST_0029,2024-05-01,864.94,5,0.0,864.94,172.99,592.89,592.89,"{""Personal Hygiene"": 3, ""Fitness"": 1, ""Shopping"": 1}"
stats_3683,USR466ol,CUST_0029,2024-08-01,7863.22,3,0.0,7863.22,2621.07,4407.79,4407.79,"{""Transportation"": 1, ""Shopping"": 1, ""Personal Hygiene"": 1}"
stats_3684,USR466ol,CUST_0029,2024-09-01,58094.45,3,0.0,58094.45,19364.82,57903.41,57903.41,"{""Hobbies"": 1, ""Personal Hygiene"": 1, ""Shopping"": 1}"
stats_3685,USR466ol,CUST_0029,2024-11-01,2079.39,3,0.0,2079.39,693.13,1225.71,1225.71,"{""Fitness"": 1, ""Travel"": 1, ""Friend Activities"": 1}"
stats_3686,USR298ko,CUST_0080,2023-01-01,635.83,1,0.0,635.83,635.83,635.83,635.83,"{""Travel"": 1}"
stats_3687,USR298ko,CUST_0080,2023-03-01,1221.09,4,0.0,1221.09,305.27,942.46,942.46,"{""Food"": 2, ""Medical/Dental"": 1, ""Personal Hygiene"": 1}"
stats_3688,USR298ko,CUST_0080,2023-04-01,100934.27,2,0.0,100934.27,50467.14,100894.24,100894.24,"{""Shopping"": 1, ""Food"": 1}"
stats_3689,USR298ko,CUST_0080,2023-05-01,20.79,2,0.0,20.79,10.4,12.18,12.18,"{""Subscriptions"": 1, ""Personal Hygiene"": 1}"
stats_3690,USR298ko,CUST_0080,2023-06-01,366.43,2,0.0,366.43,183.22,215.75,215.75,"{""Friend Activities"": 1, ""Fitness"": 1}"
stats_3691,USR298ko,CUST_0080,2023-07-01,151.74,3,0.0,151.74,50.58,130.57,130.57,"{""Medical/Dental"": 1, ""Food"": 1, ""Transportation"": 1}"
stats_3692,USR298ko,CUST_0080,2023-08-01,3497.87,2,0.0,3497.87,1748.94,2909.46,2909.46,"{""Shopping"": 1, ""Travel"": 1}"
stats_3693,USR298ko,CUST_0080,2023-09-01,113.89,3,0.0,113.89,37.96,85.47,85.47,"{""Shopping"": 1, ""Transportation"": 1, ""Groceries"": 1}"
stats_3694,USR298ko,CUST_0080,2023-11-01,4357.73,3,0.0,4357.73,1452.58,4123.9,4123.9,"{""Personal Hygiene"": 1, ""Shopping"": 1, ""Food"": 1}"
stats_3695,USR298ko,CUST_0080,2023-12-01,251.75,1,0.0,251.75,251.75,251.75,251.75,"{""Transportation"": 1}"
stats_3696,USR298ko,CUST_0080,2024-01-01,116.66,2,0.0,116.66,58.33,102.39,102.39,"{""Fitness"": 1, ""Food"": 1}"
stats_3697,USR298ko,CUST_0080,2024-02-01,1194.38,2,0.0,1194.38,597.19,856.14,856.14,"{""Travel"": 1, ""Medical/Dental"": 1}"
stats_3698,USR298ko,CUST_0080,2024-03-01,23.98,2,0.0,23.98,11.99,14.6,14.6,"{""Transportation"": 1, ""Groceries"": 1}"
stats_3699,USR298ko,CUST_0080,2024-05-01,234.5,2,0.0,234.5,117.25,186.38,186.38,"{""Shopping"": 1, ""Housing and Utilities"": 1}"
stats_3700,USR298ko,CUST_0080,2024-06-01,174.01,4,0.0,174.01,43.5,108.13,108.13,"{""Food"": 1, ""Fitness"": 1, ""Housing and Utilities"": 1, ""Subscriptions"": 1}"
stats_3701,USR298ko,CUST_0080,2024-07-01,55.69,1,0.0,55.69,55.69,55.69,55.69,"{""Fitness"": 1}"
stats_3702,USR298ko,CUST_0080,2024-08-01,82761.25,1,0.0,82761.25,82761.25,82761.25,82761.25,"{""Shopping"": 1}"
stats_3703,USR298ko,CUST_0080,2024-10-01,184.45,1,0.0,184.45,184.45,184.45,184.45,"{""Hobbies"": 1}"
stats_3704,USR298ko,CUST_0080,2024-11-01,1021.94,3,0.0,1021.94,340.65,798.54,798.54,"{""Groceries"": 1, ""Hobbies"": 1, ""Fitness"": 1}"
stats_3705,USR298ko,CUST_0080,2024-12-01,56.37,2,0.0,56.37,28.18,30.83,30.83,"{""Food"": 1, ""Subscriptions"": 1}"
stats_3706,USR914Gc,CUST_0174,2023-01-01,4914.16,1,0.0,4914.16,4914.16,4914.16,4914.16,"{""Shopping"": 1}"
stats_3707,USR914Gc,CUST_0174,2023-02-01,568.95,6,0.0,568.95,94.82,285.33,285.33,"{""Subscriptions"": 1, ""Shopping"": 1, ""Transportation"": 1, ""Travel"": 1, ""Groceries"": 1, ""Food"": 1}"
stats_3708,USR914Gc,CUST_0174,2023-04-01,63.89,1,0.0,63.89,63.89,63.89,63.89,"{""Food"": 1}"
stats_3709,USR914Gc,CUST_0174,2023-05-01,367.92,3,0.0,367.92,122.64,297.62,297.62,"{""Fitness"": 1, ""Transportation"": 1, ""Groceries"": 1}"
stats_3710,USR914Gc,CUST_0174,2023-06-01,403.37,4,0.0,403.37,100.84,245.14,245.14,"{""Gifts"": 2, ""Medical/Dental"": 1, ""Subscriptions"": 1}"
stats_3711,USR914Gc,CUST_0174,2023-07-01,160.21,1,0.0,160.21,160.21,160.21,160.21,"{""Medical/Dental"": 1}"
stats_3712,USR914Gc,CUST_0174,2023-08-01,206.51,1,0.0,206.51,206.51,206.51,206.51,"{""Medical/Dental"": 1}"
stats_3713,USR914Gc,CUST_0174,2023-10-01,243.35,3,0.0,243.35,81.12,201.2,201.2,"{""Groceries"": 1, ""Travel"": 1, ""Hobbies"": 1}"
stats_3714,USR914Gc,CUST_0174,2023-12-01,94.34,1,0.0,94.34,94.34,94.34,94.34,"{""Transportation"": 1}"
stats_3715,USR914Gc,CUST_0174,2024-01-01,369.06,1,0.0,369.06,369.06,369.06,369.06,"{""Medical/Dental"": 1}"
stats_3716,USR914Gc,CUST_0174,2024-02-01,1285.54,8,0.0,1285.54,160.69,619.21,619.21,"{""Food"": 2, ""Friend Activities"": 1, ""Gifts"": 1, ""Groceries"": 1, ""Travel"": 1, ""Subscriptions"": 1, ""Personal Hygiene"": 1}"
stats_3717,USR914Gc,CUST_0174,2024-03-01,796.95,5,0.0,796.95,159.39,247.65,247.65,"{""Medical/Dental"": 1, ""Gifts"": 1, ""Groceries"": 1, ""Travel"": 1, ""Friend Activities"": 1}"
stats_3718,USR914Gc,CUST_0174,2024-05-01,39.32,1,0.0,39.32,39.32,39.32,39.32,"{""Subscriptions"": 1}"
stats_3719,USR914Gc,CUST_0174,2024-06-01,107.39,2,0.0,107.39,53.7,54.65,54.65,"{""Transportation"": 1, ""Housing and Utilities"": 1}"
stats_3720,USR914Gc,CUST_0174,2024-07-01,331.02,2,0.0,331.02,165.51,309.32,309.32,"{""Food"": 1, ""Friend Activities"": 1}"
stats_3721,USR914Gc,CUST_0174,2024-08-01,313.69,1,0.0,313.69,313.69,313.69,313.69,"{""Transportation"": 1}"
stats_3722,USR914Gc,CUST_0174,2024-09-01,1554.24,3,0.0,1554.24,518.08,1148.66,1148.66,"{""Personal Hygiene"": 1, ""Medical/Dental"": 1, ""Fitness"": 1}"
stats_3723,USR914Gc,CUST_0174,2024-10-01,382.05,5,0.0,382.05,76.41,133.19,133.19,"{""Groceries"": 2, ""Shopping"": 2, ""Friend Activities"": 1}"
stats_3724,USR914Gc,CUST_0174,2024-12-01,88632.55,3,0.0,88632.55,29544.18,88178.1,88178.1,"{""Travel"": 1, ""Food"": 1, ""Shopping"": 1}"
stats_3725,USR310Wm,CUST_0044,2023-01-01,341.15,1,0.0,341.15,341.15,341.15,341.15,"{""Shopping"": 1}"
stats_3726,USR310Wm,CUST_0044,2023-02-01,972.15,5,0.0,972.15,194.43,841.13,841.13,"{""Gifts"": 1, ""Hobbies"": 1, ""Friend Activities"": 1, ""Travel"": 1, ""Fitness"": 1}"
stats_3727,USR310Wm,CUST_0044,2023-03-01,275.82,1,0.0,275.82,275.82,275.82,275.82,"{""Hobbies"": 1}"
stats_3728,USR310Wm,CUST_0044,2023-04-01,381.21,3,0.0,381.21,127.07,317.87,317.87,"{""Personal Hygiene"": 1, ""Medical/Dental"": 1, ""Fitness"": 1}"
stats_3729,USR310Wm,CUST_0044,2023-05-01,438.81,4,0.0,438.81,109.7,202.54,202.54,"{""Gifts"": 1, ""Food"": 1, ""Subscriptions"": 1, ""Friend Activities"": 1}"
stats_3730,USR310Wm,CUST_0044,2023-06-01,304.63,1,0.0,304.63,304.63,304.63,304.63,"{""Personal Hygiene"": 1}"
stats_3731,USR310Wm,CUST_0044,2023-07-01,77.44,1,0.0,77.44,77.44,77.44,77.44,"{""Fitness"": 1}"
stats_3732,USR310Wm,CUST_0044,2023-08-01,340.26,2,0.0,340.26,170.13,240.13,240.13,"{""Medical/Dental"": 1, ""Shopping"": 1}"
stats_3733,USR310Wm,CUST_0044,2023-09-01,26.05,2,0.0,26.05,13.02,14.57,14.57,"{""Subscriptions"": 1, ""Friend Activities"": 1}"
stats_3734,USR310Wm,CUST_0044,2023-11-01,332.15,4,0.0,332.15,83.04,161.97,161.97,"{""Fitness"": 1, ""Housing and Utilities"": 1, ""Groceries"": 1, ""Personal Hygiene"": 1}"
stats_3735,USR310Wm,CUST_0044,2023-12-01,271532.96,4,0.0,271532.96,67883.24,271129.92,271129.92,"{""Personal Hygiene"": 1, ""Travel"": 1, ""Shopping"": 1, ""Gifts"": 1}"
stats_3736,USR310Wm,CUST_0044,2024-01-01,456.93,2,0.0,456.93,228.46,264.54,264.54,"{""Fitness"": 1, ""Gifts"": 1}"
stats_3737,USR310Wm,CUST_0044,2024-02-01,2774.71,5,0.0,2774.71,554.94,2634.51,2634.51,"{""Transportation"": 1, ""Gifts"": 1, ""Shopping"": 1, ""Food"": 1, ""Hobbies"": 1}"
stats_3738,USR310Wm,CUST_0044,2024-03-01,643.7,4,0.0,643.7,160.93,479.53,479.53,"{""Transportation"": 1, ""Food"": 1, ""Housing and Utilities"": 1, ""Friend Activities"": 1}"
stats_3739,USR310Wm,CUST_0044,2024-04-01,438.24,2,0.0,438.24,219.12,411.57,411.57,"{""Friend Activities"": 1, ""Medical/Dental"": 1}"
stats_3740,USR310Wm,CUST_0044,2024-05-01,187.49,3,0.0,187.49,62.5,90.19,90.19,"{""Housing and Utilities"": 1, ""Shopping"": 1, ""Personal Hygiene"": 1}"
stats_3741,USR310Wm,CUST_0044,2024-07-01,986.42,1,0.0,986.42,986.42,986.42,986.42,"{""Friend Activities"": 1}"
stats_3742,USR310Wm,CUST_0044,2024-08-01,762.76,2,0.0,762.76,381.38,727.19,727.19,"{""Personal Hygiene"": 1, ""Travel"": 1}"
stats_3743,USR310Wm,CUST_0044,2024-09-01,2344.83,3,0.0,2344.83,781.61,1522.43,1522.43,"{""Subscriptions"": 1, ""Housing and Utilities"": 1, ""Gifts"": 1}"
stats_3744,USR310Wm,CUST_0044,2024-10-01,226.22,1,0.0,226.22,226.22,226.22,226.22,"{""Medical/Dental"": 1}"
stats_3745,USR310Wm,CUST_0044,2024-11-01,23.02,1,0.0,23.02,23.02,23.02,23.02,"{""Personal Hygiene"": 1}"
stats_3746,USR310Wm,CUST_0044,2024-12-01,1133.79,3,0.0,1133.79,377.93,1101.03,1101.03,"{""Travel"": 1, ""Food"": 1, ""Friend Activities"": 1}"
stats_3747,USR199CW,CUST_0088,2023-01-01,17506.71,4,0.0,17506.71,4376.68,16821.62,16821.62,"{""Shopping"": 1, ""Groceries"": 1, ""Medical/Dental"": 1, ""Friend Activities"": 1}"
stats_3748,USR199CW,CUST_0088,2023-04-01,334.8,5,0.0,334.8,66.96,152.04,152.04,"{""Personal Hygiene"": 2, ""Medical/Dental"": 1, ""Hobbies"": 1, ""Transportation"": 1}"
stats_3749,USR199CW,CUST_0088,2023-05-01,1953.18,2,0.0,1953.18,976.59,1645.22,1645.22,"{""Fitness"": 1, ""Gifts"": 1}"
stats_3750,USR199CW,CUST_0088,2023-06-01,701.45,2,0.0,701.45,350.72,608.4,608.4,"{""Housing and Utilities"": 1, ""Medical/Dental"": 1}"
stats_3751,USR199CW,CUST_0088,2023-07-01,351.56,2,0.0,351.56,175.78,316.39,316.39,"{""Gifts"": 1, ""Transportation"": 1}"
stats_3752,USR199CW,CUST_0088,2023-08-01,86.61,3,0.0,86.61,28.87,34.64,34.64,"{""Friend Activities"": 1, ""Travel"": 1, ""Hobbies"": 1}"
stats_3753,USR199CW,CUST_0088,2023-09-01,54.24,2,0.0,54.24,27.12,49.05,49.05,"{""Personal Hygiene"": 1, ""Subscriptions"": 1}"
stats_3754,USR199CW,CUST_0088,2023-10-01,289.32,1,0.0,289.32,289.32,289.32,289.32,"{""Medical/Dental"": 1}"
stats_3755,USR199CW,CUST_0088,2023-11-01,1823.4,2,0.0,1823.4,911.7,1814.28,1814.28,"{""Gifts"": 1, ""Food"": 1}"
stats_3756,USR199CW,CUST_0088,2023-12-01,496.97,2,0.0,496.97,248.48,330.93,330.93,"{""Shopping"": 1, ""Hobbies"": 1}"
stats_3757,USR199CW,CUST_0088,2024-01-01,3333.24,5,0.0,3333.24,666.65,2574.88,2574.88,"{""Groceries"": 1, ""Fitness"": 1, ""Subscriptions"": 1, ""Travel"": 1, ""Shopping"": 1}"
stats_3758,USR199CW,CUST_0088,2024-02-01,5041.29,2,0.0,5041.29,2520.64,4977.89,4977.89,"{""Shopping"": 1, ""Hobbies"": 1}"
stats_3759,USR199CW,CUST_0088,2024-03-01,736.12,3,0.0,736.12,245.37,679.34,679.34,"{""Personal Hygiene"": 2, ""Medical/Dental"": 1}"
stats_3760,USR199CW,CUST_0088,2024-04-01,125.96,2,0.0,125.96,62.98,99.23,99.23,"{""Hobbies"": 1, ""Personal Hygiene"": 1}"
stats_3761,USR199CW,CUST_0088,2024-05-01,581.03,2,0.0,581.03,290.52,534.12,534.12,"{""Housing and Utilities"": 1, ""Shopping"": 1}"
stats_3762,USR199CW,CUST_0088,2024-06-01,1990.9,3,0.0,1990.9,663.63,1889.97,1889.97,"{""Fitness"": 1, ""Subscriptions"": 1, ""Food"": 1}"
stats_3763,USR199CW,CUST_0088,2024-07-01,63.92,1,0.0,63.92,63.92,63.92,63.92,"{""Housing and Utilities"": 1}"
stats_3764,USR199CW,CUST_0088,2024-08-01,51.11,1,0.0,51.11,51.11,51.11,51.11,"{""Gifts"": 1}"
stats_3765,USR199CW,CUST_0088,2024-10-01,1963.93,3,0.0,1963.93,654.64,1903.74,1903.74,"{""Groceries"": 1, ""Subscriptions"": 1, ""Gifts"": 1}"
stats_3766,USR199CW,CUST_0088,2024-11-01,58.57,1,0.0,58.57,58.57,58.57,58.57,"{""Hobbies"": 1}"
stats_3767,USR199CW,CUST_0088,2024-12-01,1990.19,4,0.0,1990.19,497.55,1534.07,1534.07,"{""Groceries"": 2, ""Fitness"": 1, ""Shopping"": 1}"
stats_3768,USR199CW,CUST_0088,2025-01-01,401.82,2,0.0,401.82,200.91,382.37,382.37,"{""Subscriptions"": 1, ""Gifts"": 1}"
stats_3769,USR538ia,CUST_0175,2023-01-01,300.3,3,0.0,300.3,100.1,211.29,211.29,"{""Groceries"": 1, ""Personal Hygiene"": 1, ""Medical/Dental"": 1}"
stats_3770,USR538ia,CUST_0175,2023-03-01,663.65,3,0.0,663.65,221.22,645.05,645.05,"{""Groceries"": 1, ""Travel"": 1, ""Food"": 1}"
stats_3771,USR538ia,CUST_0175,2023-04-01,105.73,1,0.0,105.73,105.73,105.73,105.73,"{""Medical/Dental"": 1}"
stats_3772,USR538ia,CUST_0175,2023-05-01,170.54,5,0.0,170.54,34.11,81.23,81.23,"{""Personal Hygiene"": 2, ""Gifts"": 1, ""Transportation"": 1, ""Food"": 1}"
stats_3773,USR538ia,CUST_0175,2023-07-01,133.86,1,0.0,133.86,133.86,133.86,133.86,"{""Housing and Utilities"": 1}"
stats_3774,USR538ia,CUST_0175,2023-08-01,263.62,1,0.0,263.62,263.62,263.62,263.62,"{""Food"": 1}"
stats_3775,USR538ia,CUST_0175,2023-10-01,83.73,2,0.0,83.73,41.86,58.79,58.79,"{""Food"": 1, ""Fitness"": 1}"
stats_3776,USR538ia,CUST_0175,2023-11-01,199.72,1,0.0,199.72,199.72,199.72,199.72,"{""Housing and Utilities"": 1}"
stats_3777,USR538ia,CUST_0175,2023-12-01,12.35,1,0.0,12.35,12.35,12.35,12.35,"{""Subscriptions"": 1}"
stats_3778,USR538ia,CUST_0175,2024-01-01,162.67,3,0.0,162.67,54.22,86.49,86.49,"{""Fitness"": 1, ""Personal Hygiene"": 1, ""Friend Activities"": 1}"
stats_3779,USR538ia,CUST_0175,2024-03-01,28.61,1,0.0,28.61,28.61,28.61,28.61,"{""Hobbies"": 1}"
stats_3780,USR538ia,CUST_0175,2024-04-01,188.81,1,0.0,188.81,188.81,188.81,188.81,"{""Housing and Utilities"": 1}"
stats_3781,USR538ia,CUST_0175,2024-05-01,2103.26,2,0.0,2103.26,1051.63,1975.09,1975.09,"{""Fitness"": 1, ""Housing and Utilities"": 1}"
stats_3782,USR538ia,CUST_0175,2024-07-01,2312.95,3,0.0,2312.95,770.98,2047.97,2047.97,"{""Housing and Utilities"": 1, ""Fitness"": 1, ""Shopping"": 1}"
stats_3783,USR538ia,CUST_0175,2024-08-01,545.19,2,0.0,545.19,272.6,511.29,511.29,"{""Hobbies"": 1, ""Friend Activities"": 1}"
stats_3784,USR538ia,CUST_0175,2024-09-01,916.8,2,0.0,916.8,458.4,885.65,885.65,"{""Gifts"": 1, ""Fitness"": 1}"
stats_3785,USR538ia,CUST_0175,2024-10-01,324.82,1,0.0,324.82,324.82,324.82,324.82,"{""Medical/Dental"": 1}"
stats_3786,USR538ia,CUST_0175,2024-11-01,7.46,1,0.0,7.46,7.46,7.46,7.46,"{""Transportation"": 1}"
stats_3787,USR538ia,CUST_0175,2024-12-01,98.06,1,0.0,98.06,98.06,98.06,98.06,"{""Housing and Utilities"": 1}"
stats_3788,USR538ia,CUST_0175,2025-01-01,2682.92,3,0.0,2682.92,894.31,2395.57,2395.57,"{""Shopping"": 1, ""Subscriptions"": 1, ""Medical/Dental"": 1}"
stats_3789,USR272Ng,CUST_0124,2023-01-01,907.24,5,0.0,907.24,181.45,836.58,836.58,"{""Food"": 1, ""Travel"": 1, ""Hobbies"": 1, ""Subscriptions"": 1, ""Groceries"": 1}"
stats_3790,USR272Ng,CUST_0124,2023-02-01,101.72,3,0.0,101.72,33.91,48.93,48.93,"{""Personal Hygiene"": 1, ""Travel"": 1, ""Subscriptions"": 1}"
stats_3791,USR272Ng,CUST_0124,2023-03-01,138.29,1,0.0,138.29,138.29,138.29,138.29,"{""Friend Activities"": 1}"
stats_3792,USR272Ng,CUST_0124,2023-04-01,102.71,3,0.0,102.71,34.24,54.11,54.11,"{""Travel"": 1, ""Housing and Utilities"": 1, ""Personal Hygiene"": 1}"
stats_3793,USR272Ng,CUST_0124,2023-05-01,10632.61,4,0.0,10632.61,2658.15,5852.09,5852.09,"{""Housing and Utilities"": 2, ""Personal Hygiene"": 1, ""Transportation"": 1}"
stats_3794,USR272Ng,CUST_0124,2023-08-01,1320.58,2,0.0,1320.58,660.29,1269.06,1269.06,"{""Gifts"": 1, ""Travel"": 1}"
stats_3795,USR272Ng,CUST_0124,2023-09-01,53.92,2,0.0,53.92,26.96,46.36,46.36,"{""Subscriptions"": 1, ""Transportation"": 1}"
stats_3796,USR272Ng,CUST_0124,2023-10-01,26.15,1,0.0,26.15,26.15,26.15,26.15,"{""Personal Hygiene"": 1}"
stats_3797,USR272Ng,CUST_0124,2023-11-01,3.86,1,0.0,3.86,3.86,3.86,3.86,"{""Personal Hygiene"": 1}"
stats_3798,USR272Ng,CUST_0124,2023-12-01,502.91,1,0.0,502.91,502.91,502.91,502.91,"{""Transportation"": 1}"
stats_3799,USR272Ng,CUST_0124,2024-01-01,28.07,1,0.0,28.07,28.07,28.07,28.07,"{""Travel"": 1}"
stats_3800,USR272Ng,CUST_0124,2024-02-01,312.3,2,0.0,312.3,156.15,194.35,194.35,"{""Shopping"": 2}"
stats_3801,USR272Ng,CUST_0124,2024-03-01,4349.37,2,0.0,4349.37,2174.68,4050.66,4050.66,"{""Shopping"": 1, ""Housing and Utilities"": 1}"
stats_3802,USR272Ng,CUST_0124,2024-04-01,50228.08,4,0.0,50228.08,12557.02,49941.02,49941.02,"{""Personal Hygiene"": 1, ""Medical/Dental"": 1, ""Food"": 1, ""Shopping"": 1}"
stats_3803,USR272Ng,CUST_0124,2024-05-01,3061.49,3,0.0,3061.49,1020.5,2392.74,2392.74,"{""Transportation"": 1, ""Food"": 1, ""Gifts"": 1}"
stats_3804,USR272Ng,CUST_0124,2024-06-01,344.41,1,0.0,344.41,344.41,344.41,344.41,"{""Travel"": 1}"
stats_3805,USR272Ng,CUST_0124,2024-07-01,8.03,1,0.0,8.03,8.03,8.03,8.03,"{""Subscriptions"": 1}"
stats_3806,USR272Ng,CUST_0124,2024-10-01,293.17,5,0.0,293.17,58.63,131.48,131.48,"{""Travel"": 1, ""Friend Activities"": 1, ""Fitness"": 1, ""Housing and Utilities"": 1, ""Groceries"": 1}"
stats_3807,USR272Ng,CUST_0124,2024-11-01,229.36,4,0.0,229.36,57.34,181.18,181.18,"{""Food"": 1, ""Personal Hygiene"": 1, ""Hobbies"": 1, ""Gifts"": 1}"
stats_3808,USR272Ng,CUST_0124,2024-12-01,62.83,1,0.0,62.83,62.83,62.83,62.83,"{""Gifts"": 1}"
stats_3809,USR757AI,CUST_0061,2023-01-01,248.37,2,0.0,248.37,124.18,238.98,238.98,"{""Personal Hygiene"": 1, ""Friend Activities"": 1}"
stats_3810,USR757AI,CUST_0061,2023-03-01,1982.94,4,0.0,1982.94,495.74,1764.2,1764.2,"{""Gifts"": 1, ""Fitness"": 1, ""Housing and Utilities"": 1, ""Groceries"": 1}"
stats_3811,USR757AI,CUST_0061,2023-04-01,40.18,1,0.0,40.18,40.18,40.18,40.18,"{""Gifts"": 1}"
stats_3812,USR757AI,CUST_0061,2023-05-01,618.65,3,0.0,618.65,206.22,355.72,355.72,"{""Personal Hygiene"": 1, ""Travel"": 1, ""Friend Activities"": 1}"
stats_3813,USR757AI,CUST_0061,2023-07-01,213.67,3,0.0,213.67,71.22,98.98,98.98,"{""Hobbies"": 1, ""Gifts"": 1, ""Housing and Utilities"": 1}"
stats_3814,USR757AI,CUST_0061,2023-08-01,677.52,2,0.0,677.52,338.76,449.41,449.41,"{""Medical/Dental"": 1, ""Friend Activities"": 1}"
stats_3815,USR757AI,CUST_0061,2023-09-01,527.38,2,0.0,527.38,263.69,453.87,453.87,"{""Housing and Utilities"": 1, ""Hobbies"": 1}"
stats_3816,USR757AI,CUST_0061,2023-10-01,41.48,1,0.0,41.48,41.48,41.48,41.48,"{""Subscriptions"": 1}"
stats_3817,USR757AI,CUST_0061,2023-11-01,383.3,3,0.0,383.3,127.77,211.24,211.24,"{""Hobbies"": 2, ""Groceries"": 1}"
stats_3818,USR757AI,CUST_0061,2023-12-01,560.27,2,0.0,560.27,280.14,513.43,513.43,"{""Friend Activities"": 1, ""Food"": 1}"
stats_3819,USR757AI,CUST_0061,2024-01-01,38.84,1,0.0,38.84,38.84,38.84,38.84,"{""Transportation"": 1}"
stats_3820,USR757AI,CUST_0061,2024-02-01,32.91,1,0.0,32.91,32.91,32.91,32.91,"{""Food"": 1}"
stats_3821,USR757AI,CUST_0061,2024-03-01,76.71,3,0.0,76.71,25.57,47.83,47.83,"{""Personal Hygiene"": 1, ""Subscriptions"": 1, ""Groceries"": 1}"
stats_3822,USR757AI,CUST_0061,2024-04-01,9.38,1,0.0,9.38,9.38,9.38,9.38,"{""Groceries"": 1}"
stats_3823,USR757AI,CUST_0061,2024-06-01,155.92,1,0.0,155.92,155.92,155.92,155.92,"{""Medical/Dental"": 1}"
stats_3824,USR757AI,CUST_0061,2024-07-01,376.99,1,0.0,376.99,376.99,376.99,376.99,"{""Medical/Dental"": 1}"
stats_3825,USR757AI,CUST_0061,2024-09-01,938.6,2,0.0,938.6,469.3,914.97,914.97,"{""Medical/Dental"": 1, ""Food"": 1}"
stats_3826,USR757AI,CUST_0061,2024-10-01,325.57,1,0.0,325.57,325.57,325.57,325.57,"{""Personal Hygiene"": 1}"
stats_3827,USR757AI,CUST_0061,2024-11-01,49.02,2,0.0,49.02,24.51,31.75,31.75,"{""Food"": 1, ""Transportation"": 1}"
stats_3828,USR757AI,CUST_0061,2024-12-01,212.42,5,0.0,212.42,42.48,119.28,119.28,"{""Personal Hygiene"": 1, ""Subscriptions"": 1, ""Gifts"": 1, ""Shopping"": 1, ""Groceries"": 1}"
stats_3829,USR895fU,CUST_0200,2023-02-01,8.79,1,0.0,8.79,8.79,8.79,8.79,"{""Transportation"": 1}"
stats_3830,USR895fU,CUST_0200,2023-03-01,8.15,1,0.0,8.15,8.15,8.15,8.15,"{""Subscriptions"": 1}"
stats_3831,USR895fU,CUST_0200,2023-05-01,1379.16,3,0.0,1379.16,459.72,1284.18,1284.18,"{""Fitness"": 1, ""Groceries"": 1, ""Transportation"": 1}"
stats_3832,USR895fU,CUST_0200,2023-06-01,582.59,1,0.0,582.59,582.59,582.59,582.59,"{""Fitness"": 1}"
stats_3833,USR895fU,CUST_0200,2023-07-01,58.73,2,0.0,58.73,29.36,42.08,42.08,"{""Groceries"": 2}"
stats_3834,USR895fU,CUST_0200,2023-09-01,519.48,4,0.0,519.48,129.87,285.06,285.06,"{""Hobbies"": 2, ""Groceries"": 1, ""Food"": 1}"
stats_3835,USR895fU,CUST_0200,2023-10-01,447.89,4,0.0,447.89,111.97,376.57,376.57,"{""Groceries"": 3, ""Medical/Dental"": 1}"
stats_3836,USR895fU,CUST_0200,2023-11-01,365.73,5,0.0,365.73,73.15,199.29,199.29,"{""Food"": 1, ""Subscriptions"": 1, ""Transportation"": 1, ""Fitness"": 1, ""Personal Hygiene"": 1}"
stats_3837,USR895fU,CUST_0200,2023-12-01,412.49,1,0.0,412.49,412.49,412.49,412.49,"{""Fitness"": 1}"
stats_3838,USR895fU,CUST_0200,2024-01-01,2350.93,3,0.0,2350.93,783.64,1796.51,1796.51,"{""Shopping"": 1, ""Groceries"": 1, ""Friend Activities"": 1}"
stats_3839,USR895fU,CUST_0200,2024-02-01,26.17,1,0.0,26.17,26.17,26.17,26.17,"{""Hobbies"": 1}"
stats_3840,USR895fU,CUST_0200,2024-03-01,321441.05,3,0.0,321441.05,107147.02,317197.82,317197.82,"{""Housing and Utilities"": 2, ""Shopping"": 1}"
stats_3841,USR895fU,CUST_0200,2024-04-01,92.05,1,0.0,92.05,92.05,92.05,92.05,"{""Gifts"": 1}"
stats_3842,USR895fU,CUST_0200,2024-05-01,28.85,1,0.0,28.85,28.85,28.85,28.85,"{""Hobbies"": 1}"
stats_3843,USR895fU,CUST_0200,2024-06-01,116.16,2,0.0,116.16,58.08,101.11,101.11,"{""Medical/Dental"": 1, ""Subscriptions"": 1}"
stats_3844,USR895fU,CUST_0200,2024-07-01,77.21,1,0.0,77.21,77.21,77.21,77.21,"{""Groceries"": 1}"
stats_3845,USR895fU,CUST_0200,2024-08-01,1547.84,3,0.0,1547.84,515.95,1203.63,1203.63,"{""Transportation"": 1, ""Gifts"": 1, ""Medical/Dental"": 1}"
stats_3846,USR895fU,CUST_0200,2024-09-01,52850.9,2,0.0,52850.9,26425.45,52846.43,52846.43,"{""Shopping"": 1, ""Transportation"": 1}"
stats_3847,USR895fU,CUST_0200,2024-10-01,167.51,1,0.0,167.51,167.51,167.51,167.51,"{""Friend Activities"": 1}"
stats_3848,USR895fU,CUST_0200,2024-11-01,67.83,2,0.0,67.83,33.92,61.76,61.76,"{""Food"": 1, ""Subscriptions"": 1}"
stats_3849,USR895fU,CUST_0200,2025-01-01,183.46,2,0.0,183.46,91.73,144.97,144.97,"{""Subscriptions"": 1, ""Friend Activities"": 1}"
stats_3850,USR009qR,CUST_0067,2023-01-01,1342.86,1,0.0,1342.86,1342.86,1342.86,1342.86,"{""Shopping"": 1}"
stats_3851,USR009qR,CUST_0067,2023-02-01,29.87,1,0.0,29.87,29.87,29.87,29.87,"{""Hobbies"": 1}"
stats_3852,USR009qR,CUST_0067,2023-03-01,249.56,1,0.0,249.56,249.56,249.56,249.56,"{""Medical/Dental"": 1}"
stats_3853,USR009qR,CUST_0067,2023-04-01,7241.98,4,0.0,7241.98,1810.5,6962.42,6962.42,"{""Gifts"": 2, ""Medical/Dental"": 1, ""Housing and Utilities"": 1}"
stats_3854,USR009qR,CUST_0067,2023-05-01,191.57,1,0.0,191.57,191.57,191.57,191.57,"{""Personal Hygiene"": 1}"
stats_3855,USR009qR,CUST_0067,2023-06-01,853.69,5,0.0,853.69,170.74,369.45,369.45,"{""Subscriptions"": 2, ""Housing and Utilities"": 1, ""Friend Activities"": 1, ""Medical/Dental"": 1}"
stats_3856,USR009qR,CUST_0067,2023-07-01,151.06,3,0.0,151.06,50.35,121.37,121.37,"{""Hobbies"": 1, ""Transportation"": 1, ""Food"": 1}"
stats_3857,USR009qR,CUST_0067,2023-08-01,692.03,3,0.0,692.03,230.68,337.71,337.71,"{""Groceries"": 1, ""Travel"": 1, ""Medical/Dental"": 1}"
stats_3858,USR009qR,CUST_0067,2023-09-01,4.9,1,0.0,4.9,4.9,4.9,4.9,"{""Personal Hygiene"": 1}"
stats_3859,USR009qR,CUST_0067,2023-10-01,64.73,1,0.0,64.73,64.73,64.73,64.73,"{""Subscriptions"": 1}"
stats_3860,USR009qR,CUST_0067,2023-11-01,350.22,4,0.0,350.22,87.56,194.8,194.8,"{""Medical/Dental"": 1, ""Personal Hygiene"": 1, ""Hobbies"": 1, ""Housing and Utilities"": 1}"
stats_3861,USR009qR,CUST_0067,2023-12-01,148.92,3,0.0,148.92,49.64,68.97,68.97,"{""Food"": 1, ""Subscriptions"": 1, ""Friend Activities"": 1}"
stats_3862,USR009qR,CUST_0067,2024-01-01,3233.39,3,0.0,3233.39,1077.8,3188.08,3188.08,"{""Travel"": 1, ""Shopping"": 1, ""Subscriptions"": 1}"
stats_3863,USR009qR,CUST_0067,2024-02-01,90.41,1,0.0,90.41,90.41,90.41,90.41,"{""Housing and Utilities"": 1}"
stats_3864,USR009qR,CUST_0067,2024-03-01,86.58,1,0.0,86.58,86.58,86.58,86.58,"{""Housing and Utilities"": 1}"
stats_3865,USR009qR,CUST_0067,2024-04-01,64.67,2,0.0,64.67,32.34,39.52,39.52,"{""Food"": 1, ""Groceries"": 1}"
stats_3866,USR009qR,CUST_0067,2024-05-01,2951.58,5,0.0,2951.58,590.32,2810.49,2810.49,"{""Travel"": 1, ""Gifts"": 1, ""Shopping"": 1, ""Subscriptions"": 1, ""Food"": 1}"
stats_3867,USR009qR,CUST_0067,2024-06-01,1114.13,2,0.0,1114.13,557.07,623.35,623.35,"{""Transportation"": 1, ""Medical/Dental"": 1}"
stats_3868,USR009qR,CUST_0067,2024-07-01,98.82,2,0.0,98.82,49.41,85.15,85.15,"{""Gifts"": 1, ""Subscriptions"": 1}"
stats_3869,USR009qR,CUST_0067,2024-08-01,2160.6,4,0.0,2160.6,540.15,1109.6,1109.6,"{""Housing and Utilities"": 2, ""Gifts"": 1, ""Transportation"": 1}"
stats_3870,USR009qR,CUST_0067,2024-09-01,961.18,2,0.0,961.18,480.59,937.32,937.32,"{""Friend Activities"": 1, ""Medical/Dental"": 1}"
stats_3871,USR009qR,CUST_0067,2024-10-01,149.24,1,0.0,149.24,149.24,149.24,149.24,"{""Shopping"": 1}"
stats_3872,USR009qR,CUST_0067,2024-11-01,150.41,2,0.0,150.41,75.2,115.23,115.23,"{""Hobbies"": 2}"
stats_3873,USR009qR,CUST_0067,2025-01-01,19.72,1,0.0,19.72,19.72,19.72,19.72,"{""Friend Activities"": 1}"
stats_3874,USR197Mx,CUST_0149,2023-01-01,84.9,2,0.0,84.9,42.45,76.98,76.98,"{""Personal Hygiene"": 1, ""Housing and Utilities"": 1}"
stats_3875,USR197Mx,CUST_0149,2023-02-01,2331.76,2,0.0,2331.76,1165.88,2262.03,2262.03,"{""Shopping"": 1, ""Medical/Dental"": 1}"
stats_3876,USR197Mx,CUST_0149,2023-03-01,5076.63,2,0.0,5076.63,2538.32,4737.82,4737.82,"{""Housing and Utilities"": 1, ""Travel"": 1}"
stats_3877,USR197Mx,CUST_0149,2023-04-01,125832.83,2,0.0,125832.83,62916.42,125798.6,125798.6,"{""Personal Hygiene"": 1, ""Shopping"": 1}"
stats_3878,USR197Mx,CUST_0149,2023-05-01,7.85,1,0.0,7.85,7.85,7.85,7.85,"{""Transportation"": 1}"
stats_3879,USR197Mx,CUST_0149,2023-06-01,499.59,2,0.0,499.59,249.8,363.83,363.83,"{""Fitness"": 1, ""Shopping"": 1}"
stats_3880,USR197Mx,CUST_0149,2023-07-01,847.44,4,0.0,847.44,211.86,675.73,675.73,"{""Transportation"": 1, ""Groceries"": 1, ""Medical/Dental"": 1, ""Friend Activities"": 1}"
stats_3881,USR197Mx,CUST_0149,2023-08-01,5572.76,1,0.0,5572.76,5572.76,5572.76,5572.76,"{""Housing and Utilities"": 1}"
stats_3882,USR197Mx,CUST_0149,2023-09-01,1397.69,4,0.0,1397.69,349.42,1029.12,1029.12,"{""Hobbies"": 1, ""Fitness"": 1, ""Friend Activities"": 1, ""Shopping"": 1}"
stats_3883,USR197Mx,CUST_0149,2023-10-01,3.47,1,0.0,3.47,3.47,3.47,3.47,"{""Transportation"": 1}"
stats_3884,USR197Mx,CUST_0149,2023-11-01,579.7,2,0.0,579.7,289.85,576.59,576.59,"{""Groceries"": 1, ""Travel"": 1}"
stats_3885,USR197Mx,CUST_0149,2024-01-01,261.76,2,0.0,261.76,130.88,131.22,131.22,"{""Hobbies"": 1, ""Fitness"": 1}"
stats_3886,USR197Mx,CUST_0149,2024-02-01,825.88,5,0.0,825.88,165.18,386.63,386.63,"{""Shopping"": 2, ""Food"": 1, ""Hobbies"": 1, ""Medical/Dental"": 1}"
stats_3887,USR197Mx,CUST_0149,2024-03-01,47394.89,3,0.0,47394.89,15798.3,47355.31,47355.31,"{""Groceries"": 1, ""Shopping"": 1, ""Personal Hygiene"": 1}"
stats_3888,USR197Mx,CUST_0149,2024-04-01,108.99,2,0.0,108.99,54.5,97.15,97.15,"{""Friend Activities"": 1, ""Food"": 1}"
stats_3889,USR197Mx,CUST_0149,2024-05-01,61.75,3,0.0,61.75,20.58,31.76,31.76,"{""Personal Hygiene"": 2, ""Food"": 1}"
stats_3890,USR197Mx,CUST_0149,2024-06-01,1965.84,2,0.0,1965.84,982.92,1956.82,1956.82,"{""Transportation"": 1, ""Personal Hygiene"": 1}"
stats_3891,USR197Mx,CUST_0149,2024-07-01,231.79,3,0.0,231.79,77.26,117.81,117.81,"{""Fitness"": 1, ""Gifts"": 1, ""Transportation"": 1}"
stats_3892,USR197Mx,CUST_0149,2024-08-01,522.99,4,0.0,522.99,130.75,331.73,331.73,"{""Hobbies"": 1, ""Food"": 1, ""Travel"": 1, ""Personal Hygiene"": 1}"
stats_3893,USR197Mx,CUST_0149,2024-09-01,19.8,1,0.0,19.8,19.8,19.8,19.8,"{""Fitness"": 1}"
stats_3894,USR197Mx,CUST_0149,2024-11-01,159.04,3,0.0,159.04,53.01,81.3,81.3,"{""Groceries"": 1, ""Fitness"": 1, ""Housing and Utilities"": 1}"
stats_3895,USR197Mx,CUST_0149,2024-12-01,497.13,2,0.0,497.13,248.56,447.52,447.52,"{""Friend Activities"": 1, ""Hobbies"": 1}"
stats_3896,USR926hk,CUST_0006,2023-01-01,368.47,4,0.0,368.47,92.12,184.26,184.26,"{""Transportation"": 1, ""Food"": 1, ""Subscriptions"": 1, ""Housing and Utilities"": 1}"
stats_3897,USR926hk,CUST_0006,2023-02-01,468.87,2,0.0,468.87,234.44,418.24,418.24,"{""Gifts"": 1, ""Fitness"": 1}"
stats_3898,USR926hk,CUST_0006,2023-03-01,2554.49,2,0.0,2554.49,1277.24,2362.47,2362.47,"{""Fitness"": 1, ""Travel"": 1}"
stats_3899,USR926hk,CUST_0006,2023-04-01,642.62,2,0.0,642.62,321.31,568.12,568.12,"{""Gifts"": 1, ""Travel"": 1}"
stats_3900,USR926hk,CUST_0006,2023-05-01,611.26,2,0.0,611.26,305.63,602.72,602.72,"{""Personal Hygiene"": 1, ""Fitness"": 1}"
stats_3901,USR926hk,CUST_0006,2023-06-01,546.03,4,0.0,546.03,136.51,267.68,267.68,"{""Transportation"": 2, ""Friend Activities"": 1, ""Shopping"": 1}"
stats_3902,USR926hk,CUST_0006,2023-07-01,1755.04,2,0.0,1755.04,877.52,1354.48,1354.48,"{""Fitness"": 1, ""Gifts"": 1}"
stats_3903,USR926hk,CUST_0006,2023-08-01,7026.13,3,0.0,7026.13,2342.04,6867.67,6867.67,"{""Housing and Utilities"": 2, ""Shopping"": 1}"
stats_3904,USR926hk,CUST_0006,2023-09-01,13.23,1,0.0,13.23,13.23,13.23,13.23,"{""Subscriptions"": 1}"
stats_3905,USR926hk,CUST_0006,2023-10-01,89.04,2,0.0,89.04,44.52,83.62,83.62,"{""Transportation"": 1, ""Subscriptions"": 1}"
stats_3906,USR926hk,CUST_0006,2023-11-01,8.35,1,0.0,8.35,8.35,8.35,8.35,"{""Subscriptions"": 1}"
stats_3907,USR926hk,CUST_0006,2023-12-01,451.64,3,0.0,451.64,150.55,227.77,227.77,"{""Fitness"": 1, ""Medical/Dental"": 1, ""Groceries"": 1}"
stats_3908,USR926hk,CUST_0006,2024-02-01,413.53,1,0.0,413.53,413.53,413.53,413.53,"{""Friend Activities"": 1}"
stats_3909,USR926hk,CUST_0006,2024-03-01,571.4,2,0.0,571.4,285.7,556.25,556.25,"{""Medical/Dental"": 1, ""Personal Hygiene"": 1}"
stats_3910,USR926hk,CUST_0006,2024-04-01,91.94,2,0.0,91.94,45.97,80.65,80.65,"{""Gifts"": 1, ""Personal Hygiene"": 1}"
stats_3911,USR926hk,CUST_0006,2024-05-01,154.67,3,0.0,154.67,51.56,93.98,93.98,"{""Friend Activities"": 1, ""Hobbies"": 1, ""Shopping"": 1}"
stats_3912,USR926hk,CUST_0006,2024-06-01,834.83,2,0.0,834.83,417.42,706.83,706.83,"{""Transportation"": 1, ""Gifts"": 1}"
stats_3913,USR926hk,CUST_0006,2024-07-01,1517.07,3,0.0,1517.07,505.69,1384.41,1384.41,"{""Groceries"": 1, ""Gifts"": 1, ""Shopping"": 1}"
stats_3914,USR926hk,CUST_0006,2024-09-01,667.18,2,0.0,667.18,333.59,659.06,659.06,"{""Subscriptions"": 1, ""Medical/Dental"": 1}"
stats_3915,USR926hk,CUST_0006,2024-10-01,778.94,3,0.0,778.94,259.65,723.06,723.06,"{""Groceries"": 1, ""Friend Activities"": 1, ""Shopping"": 1}"
stats_3916,USR926hk,CUST_0006,2024-11-01,74.04,2,0.0,74.04,37.02,41.88,41.88,"{""Friend Activities"": 1, ""Transportation"": 1}"
stats_3917,USR926hk,CUST_0006,2024-12-01,578.55,1,0.0,578.55,578.55,578.55,578.55,"{""Friend Activities"": 1}"
stats_3918,USR926hk,CUST_0006,2025-01-01,4183.38,1,0.0,4183.38,4183.38,4183.38,4183.38,"{""Shopping"": 1}"
stats_3919,USR832EJ,CUST_0059,2023-01-01,197.1,1,0.0,197.1,197.1,197.1,197.1,"{""Housing and Utilities"": 1}"
stats_3920,USR832EJ,CUST_0059,2023-03-01,8197.98,3,0.0,8197.98,2732.66,6058.29,6058.29,"{""Fitness"": 1, ""Housing and Utilities"": 1, ""Medical/Dental"": 1}"
stats_3921,USR832EJ,CUST_0059,2023-04-01,217.97,2,0.0,217.97,108.98,159.03,159.03,"{""Shopping"": 1, ""Housing and Utilities"": 1}"
stats_3922,USR832EJ,CUST_0059,2023-06-01,153.1,3,0.0,153.1,51.03,75.42,75.42,"{""Food"": 2, ""Fitness"": 1}"
stats_3923,USR832EJ,CUST_0059,2023-07-01,201.28,2,0.0,201.28,100.64,130.93,130.93,"{""Shopping"": 1, ""Transportation"": 1}"
stats_3924,USR832EJ,CUST_0059,2023-08-01,954.09,1,0.0,954.09,954.09,954.09,954.09,"{""Travel"": 1}"
stats_3925,USR832EJ,CUST_0059,2023-09-01,3162.1,2,0.0,3162.1,1581.05,3150.01,3150.01,"{""Housing and Utilities"": 1, ""Subscriptions"": 1}"
stats_3926,USR832EJ,CUST_0059,2023-10-01,59386.63,5,0.0,59386.63,11877.33,57440.86,57440.86,"{""Fitness"": 2, ""Friend Activities"": 1, ""Shopping"": 1, ""Hobbies"": 1}"
stats_3927,USR832EJ,CUST_0059,2023-11-01,257.88,1,0.0,257.88,257.88,257.88,257.88,"{""Medical/Dental"": 1}"
stats_3928,USR832EJ,CUST_0059,2023-12-01,1778.21,4,0.0,1778.21,444.55,789.3,789.3,"{""Travel"": 1, ""Fitness"": 1, ""Housing and Utilities"": 1, ""Medical/Dental"": 1}"
stats_3929,USR832EJ,CUST_0059,2024-01-01,1660.81,5,0.0,1660.81,332.16,681.88,681.88,"{""Medical/Dental"": 1, ""Food"": 1, ""Shopping"": 1, ""Fitness"": 1, ""Travel"": 1}"
stats_3930,USR832EJ,CUST_0059,2024-02-01,171.81,2,0.0,171.81,85.9,141.64,141.64,"{""Hobbies"": 1, ""Shopping"": 1}"
stats_3931,USR832EJ,CUST_0059,2024-03-01,100.03,1,0.0,100.03,100.03,100.03,100.03,"{""Travel"": 1}"
stats_3932,USR832EJ,CUST_0059,2024-04-01,464.45,3,0.0,464.45,154.82,216.39,216.39,"{""Hobbies"": 1, ""Gifts"": 1, ""Subscriptions"": 1}"
stats_3933,USR832EJ,CUST_0059,2024-05-01,14.28,1,0.0,14.28,14.28,14.28,14.28,"{""Subscriptions"": 1}"
stats_3934,USR832EJ,CUST_0059,2024-07-01,125.08,1,0.0,125.08,125.08,125.08,125.08,"{""Shopping"": 1}"
stats_3935,USR832EJ,CUST_0059,2024-08-01,581.53,3,0.0,581.53,193.84,270.14,270.14,"{""Travel"": 1, ""Fitness"": 1, ""Medical/Dental"": 1}"
stats_3936,USR832EJ,CUST_0059,2024-09-01,118.43,3,0.0,118.43,39.48,91.76,91.76,"{""Hobbies"": 1, ""Subscriptions"": 1, ""Travel"": 1}"
stats_3937,USR832EJ,CUST_0059,2024-10-01,966.62,4,0.0,966.62,241.66,591.29,591.29,"{""Hobbies"": 1, ""Subscriptions"": 1, ""Fitness"": 1, ""Shopping"": 1}"
stats_3938,USR832EJ,CUST_0059,2024-11-01,69728.12,3,0.0,69728.12,23242.71,68982.29,68982.29,"{""Medical/Dental"": 1, ""Shopping"": 1, ""Personal Hygiene"": 1}"
stats_3939,USR832EJ,CUST_0059,2024-12-01,1058.89,3,0.0,1058.89,352.96,986.85,986.85,"{""Subscriptions"": 2, ""Fitness"": 1}"
stats_3940,USR803YO,CUST_0181,2023-01-01,60.28,1,0.0,60.28,60.28,60.28,60.28,"{""Friend Activities"": 1}"
stats_3941,USR803YO,CUST_0181,2023-02-01,380.9,3,0.0,380.9,126.97,245.32,245.32,"{""Personal Hygiene"": 1, ""Friend Activities"": 1, ""Shopping"": 1}"
stats_3942,USR803YO,CUST_0181,2023-03-01,144.81,1,0.0,144.81,144.81,144.81,144.81,"{""Friend Activities"": 1}"
stats_3943,USR803YO,CUST_0181,2023-04-01,1524.1,4,0.0,1524.1,381.02,1069.66,1069.66,"{""Fitness"": 2, ""Friend Activities"": 1, ""Gifts"": 1}"
stats_3944,USR803YO,CUST_0181,2023-05-01,2839.47,3,0.0,2839.47,946.49,1999.3,1999.3,"{""Subscriptions"": 1, ""Shopping"": 1, ""Fitness"": 1}"
stats_3945,USR803YO,CUST_0181,2023-06-01,10.58,1,0.0,10.58,10.58,10.58,10.58,"{""Food"": 1}"
stats_3946,USR803YO,CUST_0181,2023-07-01,290.5,2,0.0,290.5,145.25,171.71,171.71,"{""Food"": 1, ""Hobbies"": 1}"
stats_3947,USR803YO,CUST_0181,2023-08-01,271.38,1,0.0,271.38,271.38,271.38,271.38,"{""Friend Activities"": 1}"
stats_3948,USR803YO,CUST_0181,2023-09-01,761.46,3,0.0,761.46,253.82,678.61,678.61,"{""Groceries"": 1, ""Fitness"": 1, ""Medical/Dental"": 1}"
stats_3949,USR803YO,CUST_0181,2023-10-01,187.62,2,0.0,187.62,93.81,110.93,110.93,"{""Housing and Utilities"": 1, ""Hobbies"": 1}"
stats_3950,USR803YO,CUST_0181,2023-11-01,301.62,2,0.0,301.62,150.81,287.0,287.0,"{""Gifts"": 1, ""Food"": 1}"
stats_3951,USR803YO,CUST_0181,2024-01-01,140.91,1,0.0,140.91,140.91,140.91,140.91,"{""Medical/Dental"": 1}"
stats_3952,USR803YO,CUST_0181,2024-02-01,149.89,1,0.0,149.89,149.89,149.89,149.89,"{""Gifts"": 1}"
stats_3953,USR803YO,CUST_0181,2024-03-01,370.05,3,0.0,370.05,123.35,340.3,340.3,"{""Friend Activities"": 1, ""Food"": 1, ""Hobbies"": 1}"
stats_3954,USR803YO,CUST_0181,2024-04-01,2200.25,2,0.0,2200.25,1100.12,2146.75,2146.75,"{""Housing and Utilities"": 1, ""Personal Hygiene"": 1}"
stats_3955,USR803YO,CUST_0181,2024-05-01,876.22,4,0.0,876.22,219.06,683.65,683.65,"{""Medical/Dental"": 2, ""Friend Activities"": 1, ""Travel"": 1}"
stats_3956,USR803YO,CUST_0181,2024-06-01,2348.01,3,0.0,2348.01,782.67,1834.47,1834.47,"{""Personal Hygiene"": 1, ""Friend Activities"": 1, ""Gifts"": 1}"
stats_3957,USR803YO,CUST_0181,2024-07-01,266.94,3,0.0,266.94,88.98,222.47,222.47,"{""Friend Activities"": 1, ""Subscriptions"": 1, ""Gifts"": 1}"
stats_3958,USR803YO,CUST_0181,2024-08-01,32.41,1,0.0,32.41,32.41,32.41,32.41,"{""Groceries"": 1}"
stats_3959,USR803YO,CUST_0181,2024-09-01,199.28,2,0.0,199.28,99.64,176.84,176.84,"{""Gifts"": 1, ""Food"": 1}"
stats_3960,USR803YO,CUST_0181,2024-10-01,139224.42,4,0.0,139224.42,34806.11,139125.95,139125.95,"{""Transportation"": 2, ""Fitness"": 1, ""Shopping"": 1}"
stats_3961,USR803YO,CUST_0181,2024-11-01,242.04,2,0.0,242.04,121.02,193.29,193.29,"{""Friend Activities"": 2}"
stats_3962,USR803YO,CUST_0181,2024-12-01,557.94,2,0.0,557.94,278.97,464.63,464.63,"{""Gifts"": 1, ""Travel"": 1}"
stats_3963,USR803YO,CUST_0181,2025-01-01,1164.08,2,0.0,1164.08,582.04,1136.71,1136.71,"{""Fitness"": 1, ""Personal Hygiene"": 1}"
stats_3964,USR489hA,CUST_0118,2023-02-01,46.2,2,0.0,46.2,23.1,42.19,42.19,"{""Friend Activities"": 1, ""Transportation"": 1}"
stats_3965,USR489hA,CUST_0118,2023-03-01,409.91,3,0.0,409.91,136.64,258.92,258.92,"{""Medical/Dental"": 1, ""Friend Activities"": 1, ""Groceries"": 1}"
stats_3966,USR489hA,CUST_0118,2023-04-01,198.81,4,0.0,198.81,49.7,143.77,143.77,"{""Transportation"": 1, ""Personal Hygiene"": 1, ""Hobbies"": 1, ""Travel"": 1}"
stats_3967,USR489hA,CUST_0118,2023-05-01,626.53,3,0.0,626.53,208.84,570.87,570.87,"{""Travel"": 2, ""Groceries"": 1}"
stats_3968,USR489hA,CUST_0118,2023-06-01,313.13,4,0.0,313.13,78.28,153.46,153.46,"{""Housing and Utilities"": 1, ""Medical/Dental"": 1, ""Transportation"": 1, ""Groceries"": 1}"
stats_3969,USR489hA,CUST_0118,2023-07-01,893.46,2,0.0,893.46,446.73,855.33,855.33,"{""Fitness"": 1, ""Transportation"": 1}"
stats_3970,USR489hA,CUST_0118,2023-09-01,38.03,1,0.0,38.03,38.03,38.03,38.03,"{""Friend Activities"": 1}"
stats_3971,USR489hA,CUST_0118,2023-10-01,30.25,1,0.0,30.25,30.25,30.25,30.25,"{""Personal Hygiene"": 1}"
stats_3972,USR489hA,CUST_0118,2023-11-01,1949.04,2,0.0,1949.04,974.52,1421.04,1421.04,"{""Travel"": 1, ""Housing and Utilities"": 1}"
stats_3973,USR489hA,CUST_0118,2023-12-01,452.66,2,0.0,452.66,226.33,380.7,380.7,"{""Travel"": 1, ""Fitness"": 1}"
stats_3974,USR489hA,CUST_0118,2024-01-01,63.26,1,0.0,63.26,63.26,63.26,63.26,"{""Subscriptions"": 1}"
stats_3975,USR489hA,CUST_0118,2024-02-01,1279.98,4,0.0,1279.98,320.0,640.89,640.89,"{""Transportation"": 2, ""Personal Hygiene"": 1, ""Gifts"": 1}"
stats_3976,USR489hA,CUST_0118,2024-03-01,1758.45,2,0.0,1758.45,879.22,1349.86,1349.86,"{""Fitness"": 2}"
stats_3977,USR489hA,CUST_0118,2024-05-01,171592.41,3,0.0,171592.41,57197.47,171397.48,171397.48,"{""Shopping"": 2, ""Subscriptions"": 1}"
stats_3978,USR489hA,CUST_0118,2024-06-01,737.37,2,0.0,737.37,368.68,694.25,694.25,"{""Transportation"": 1, ""Medical/Dental"": 1}"
stats_3979,USR489hA,CUST_0118,2024-07-01,947.56,2,0.0,947.56,473.78,593.7,593.7,"{""Medical/Dental"": 1, ""Travel"": 1}"
stats_3980,USR489hA,CUST_0118,2024-08-01,552.13,4,0.0,552.13,138.03,301.16,301.16,"{""Housing and Utilities"": 1, ""Groceries"": 1, ""Gifts"": 1, ""Fitness"": 1}"
stats_3981,USR489hA,CUST_0118,2024-09-01,241.39,1,0.0,241.39,241.39,241.39,241.39,"{""Fitness"": 1}"
stats_3982,USR489hA,CUST_0118,2024-10-01,702.95,1,0.0,702.95,702.95,702.95,702.95,"{""Medical/Dental"": 1}"
stats_3983,USR489hA,CUST_0118,2024-11-01,201.95,4,0.0,201.95,50.49,61.05,61.05,"{""Medical/Dental"": 1, ""Hobbies"": 1, ""Gifts"": 1, ""Friend Activities"": 1}"
stats_3984,USR489hA,CUST_0118,2024-12-01,309.63,4,0.0,309.63,77.41,161.83,161.83,"{""Gifts"": 1, ""Friend Activities"": 1, ""Hobbies"": 1, ""Subscriptions"": 1}"
stats_3985,USR489hA,CUST_0118,2025-01-01,117.01,2,0.0,117.01,58.5,63.3,63.3,"{""Hobbies"": 1, ""Subscriptions"": 1}"
stats_3986,USR587rm,CUST_0101,2023-01-01,98.05,2,0.0,98.05,49.02,68.26,68.26,"{""Housing and Utilities"": 1, ""Personal Hygiene"": 1}"
stats_3987,USR587rm,CUST_0101,2023-04-01,1491.46,2,0.0,1491.46,745.73,1405.84,1405.84,"{""Housing and Utilities"": 2}"
stats_3988,USR587rm,CUST_0101,2023-05-01,752.68,2,0.0,752.68,376.34,390.88,390.88,"{""Transportation"": 1, ""Travel"": 1}"
stats_3989,USR587rm,CUST_0101,2023-06-01,2241.74,3,0.0,2241.74,747.25,1114.32,1114.32,"{""Shopping"": 1, ""Personal Hygiene"": 1, ""Gifts"": 1}"
stats_3990,USR587rm,CUST_0101,2023-07-01,13.66,1,0.0,13.66,13.66,13.66,13.66,"{""Friend Activities"": 1}"
stats_3991,USR587rm,CUST_0101,2023-08-01,2893.02,3,0.0,2893.02,964.34,2218.78,2218.78,"{""Fitness"": 1, ""Friend Activities"": 1, ""Transportation"": 1}"
stats_3992,USR587rm,CUST_0101,2023-09-01,484.46,1,0.0,484.46,484.46,484.46,484.46,"{""Medical/Dental"": 1}"
stats_3993,USR587rm,CUST_0101,2023-10-01,9.57,1,0.0,9.57,9.57,9.57,9.57,"{""Groceries"": 1}"
stats_3994,USR587rm,CUST_0101,2023-11-01,7.49,1,0.0,7.49,7.49,7.49,7.49,"{""Groceries"": 1}"
stats_3995,USR587rm,CUST_0101,2023-12-01,151.68,2,0.0,151.68,75.84,146.73,146.73,"{""Shopping"": 1, ""Groceries"": 1}"
stats_3996,USR587rm,CUST_0101,2024-03-01,344.97,1,0.0,344.97,344.97,344.97,344.97,"{""Travel"": 1}"
stats_3997,USR587rm,CUST_0101,2024-04-01,102.16,1,0.0,102.16,102.16,102.16,102.16,"{""Housing and Utilities"": 1}"
stats_3998,USR587rm,CUST_0101,2024-05-01,13.13,1,0.0,13.13,13.13,13.13,13.13,"{""Food"": 1}"
stats_3999,USR587rm,CUST_0101,2024-07-01,35.55,1,0.0,35.55,35.55,35.55,35.55,"{""Subscriptions"": 1}"
stats_4000,USR587rm,CUST_0101,2024-08-01,790.47,2,0.0,790.47,395.24,528.74,528.74,"{""Travel"": 1, ""Gifts"": 1}"
stats_4001,USR587rm,CUST_0101,2024-09-01,170.18,4,0.0,170.18,42.54,89.44,89.44,"{""Fitness"": 1, ""Housing and Utilities"": 1, ""Subscriptions"": 1, ""Personal Hygiene"": 1}"
stats_4002,USR587rm,CUST_0101,2024-10-01,170.38,2,0.0,170.38,85.19,85.98,85.98,"{""Friend Activities"": 1, ""Housing and Utilities"": 1}"
stats_4003,USR587rm,CUST_0101,2024-11-01,219.25,2,0.0,219.25,109.62,173.62,173.62,"{""Hobbies"": 1, ""Fitness"": 1}"
stats_4004,USR587rm,CUST_0101,2024-12-01,1021.65,2,0.0,1021.65,510.82,1011.12,1011.12,"{""Subscriptions"": 1, ""Gifts"": 1}"
stats_4005,USR587rm,CUST_0101,2025-01-01,904.02,3,0.0,904.02,301.34,396.89,396.89,"{""Gifts"": 2, ""Fitness"": 1}"
stats_4006,USR103fp,CUST_0097,2023-01-01,172423.74,2,0.0,172423.74,86211.87,171327.87,171327.87,"{""Shopping"": 1, ""Housing and Utilities"": 1}"
stats_4007,USR103fp,CUST_0097,2023-02-01,175.6,2,0.0,175.6,87.8,160.45,160.45,"{""Housing and Utilities"": 1, ""Subscriptions"": 1}"
stats_4008,USR103fp,CUST_0097,2023-03-01,645.71,3,0.0,645.71,215.24,337.86,337.86,"{""Fitness"": 1, ""Friend Activities"": 1, ""Subscriptions"": 1}"
stats_4009,USR103fp,CUST_0097,2023-04-01,185.99,1,0.0,185.99,185.99,185.99,185.99,"{""Hobbies"": 1}"
stats_4010,USR103fp,CUST_0097,2023-05-01,75.03,1,0.0,75.03,75.03,75.03,75.03,"{""Housing and Utilities"": 1}"
stats_4011,USR103fp,CUST_0097,2023-06-01,2725.83,2,0.0,2725.83,1362.92,2639.09,2639.09,"{""Housing and Utilities"": 1, ""Hobbies"": 1}"
stats_4012,USR103fp,CUST_0097,2023-08-01,771.2,2,0.0,771.2,385.6,743.71,743.71,"{""Hobbies"": 1, ""Gifts"": 1}"
stats_4013,USR103fp,CUST_0097,2023-09-01,416.7,3,0.0,416.7,138.9,368.54,368.54,"{""Fitness"": 2, ""Subscriptions"": 1}"
stats_4014,USR103fp,CUST_0097,2023-10-01,371.83,2,0.0,371.83,185.92,315.87,315.87,"{""Friend Activities"": 1, ""Travel"": 1}"
stats_4015,USR103fp,CUST_0097,2023-11-01,31.11,1,0.0,31.11,31.11,31.11,31.11,"{""Groceries"": 1}"
stats_4016,USR103fp,CUST_0097,2023-12-01,71.87,1,0.0,71.87,71.87,71.87,71.87,"{""Gifts"": 1}"
stats_4017,USR103fp,CUST_0097,2024-01-01,571.94,1,0.0,571.94,571.94,571.94,571.94,"{""Friend Activities"": 1}"
stats_4018,USR103fp,CUST_0097,2024-02-01,131893.38,2,0.0,131893.38,65946.69,131858.51,131858.51,"{""Shopping"": 1, ""Food"": 1}"
stats_4019,USR103fp,CUST_0097,2024-03-01,172.54,2,0.0,172.54,86.27,124.58,124.58,"{""Groceries"": 1, ""Friend Activities"": 1}"
stats_4020,USR103fp,CUST_0097,2024-04-01,440.16,2,0.0,440.16,220.08,400.73,400.73,"{""Subscriptions"": 1, ""Medical/Dental"": 1}"
stats_4021,USR103fp,CUST_0097,2024-05-01,286.69,2,0.0,286.69,143.34,235.72,235.72,"{""Subscriptions"": 1, ""Friend Activities"": 1}"
stats_4022,USR103fp,CUST_0097,2024-06-01,151.91,2,0.0,151.91,75.96,103.51,103.51,"{""Food"": 1, ""Travel"": 1}"
stats_4023,USR103fp,CUST_0097,2024-07-01,69.47,2,0.0,69.47,34.74,48.92,48.92,"{""Food"": 1, ""Groceries"": 1}"
stats_4024,USR103fp,CUST_0097,2024-08-01,12067.69,5,0.0,12067.69,2413.54,11502.34,11502.34,"{""Groceries"": 1, ""Travel"": 1, ""Hobbies"": 1, ""Shopping"": 1, ""Friend Activities"": 1}"
stats_4025,USR103fp,CUST_0097,2024-09-01,45.93,1,0.0,45.93,45.93,45.93,45.93,"{""Gifts"": 1}"
stats_4026,USR103fp,CUST_0097,2024-10-01,63.28,2,0.0,63.28,31.64,55.25,55.25,"{""Transportation"": 1, ""Food"": 1}"
stats_4027,USR103fp,CUST_0097,2024-11-01,260.12,3,0.0,260.12,86.71,199.81,199.81,"{""Housing and Utilities"": 1, ""Personal Hygiene"": 1, ""Fitness"": 1}"
stats_4028,USR103fp,CUST_0097,2024-12-01,2011.99,7,0.0,2011.99,287.43,872.3,872.3,"{""Gifts"": 3, ""Friend Activities"": 2, ""Medical/Dental"": 1, ""Subscriptions"": 1}"
stats_4029,USR103fp,CUST_0097,2025-01-01,48.56,2,0.0,48.56,24.28,34.29,34.29,"{""Subscriptions"": 1, ""Travel"": 1}"
stats_4030,USR710BJ,CUST_0157,2023-01-01,295452.18,3,0.0,295452.18,98484.06,295387.25,295387.25,"{""Shopping"": 1, ""Medical/Dental"": 1, ""Subscriptions"": 1}"
stats_4031,USR710BJ,CUST_0157,2023-02-01,205.31,3,0.0,205.31,68.44,95.55,95.55,"{""Groceries"": 1, ""Friend Activities"": 1, ""Housing and Utilities"": 1}"
stats_4032,USR710BJ,CUST_0157,2023-03-01,146.09,3,0.0,146.09,48.7,115.48,115.48,"{""Hobbies"": 1, ""Groceries"": 1, ""Friend Activities"": 1}"
stats_4033,USR710BJ,CUST_0157,2023-04-01,626.75,2,0.0,626.75,313.38,615.06,615.06,"{""Shopping"": 1, ""Friend Activities"": 1}"
stats_4034,USR710BJ,CUST_0157,2023-05-01,816.46,4,0.0,816.46,204.12,405.9,405.9,"{""Housing and Utilities"": 1, ""Medical/Dental"": 1, ""Fitness"": 1, ""Subscriptions"": 1}"
stats_4035,USR710BJ,CUST_0157,2023-06-01,44.69,1,0.0,44.69,44.69,44.69,44.69,"{""Friend Activities"": 1}"
stats_4036,USR710BJ,CUST_0157,2023-07-01,369.91,2,0.0,369.91,184.96,278.32,278.32,"{""Hobbies"": 1, ""Gifts"": 1}"
stats_4037,USR710BJ,CUST_0157,2023-08-01,47.8,2,0.0,47.8,23.9,24.33,24.33,"{""Hobbies"": 1, ""Groceries"": 1}"
stats_4038,USR710BJ,CUST_0157,2023-09-01,154.87,3,0.0,154.87,51.62,133.6,133.6,"{""Subscriptions"": 1, ""Friend Activities"": 1, ""Food"": 1}"
stats_4039,USR710BJ,CUST_0157,2023-10-01,180.59,2,0.0,180.59,90.3,134.53,134.53,"{""Travel"": 1, ""Friend Activities"": 1}"
stats_4040,USR710BJ,CUST_0157,2023-11-01,214.56,2,0.0,214.56,107.28,175.24,175.24,"{""Personal Hygiene"": 1, ""Hobbies"": 1}"
stats_4041,USR710BJ,CUST_0157,2023-12-01,561.77,1,0.0,561.77,561.77,561.77,561.77,"{""Friend Activities"": 1}"
stats_4042,USR710BJ,CUST_0157,2024-03-01,66.7,1,0.0,66.7,66.7,66.7,66.7,"{""Housing and Utilities"": 1}"
stats_4043,USR710BJ,CUST_0157,2024-04-01,15.72,1,0.0,15.72,15.72,15.72,15.72,"{""Food"": 1}"
stats_4044,USR710BJ,CUST_0157,2024-07-01,494.13,2,0.0,494.13,247.06,468.24,468.24,"{""Medical/Dental"": 1, ""Friend Activities"": 1}"
stats_4045,USR710BJ,CUST_0157,2024-08-01,147.48,2,0.0,147.48,73.74,139.47,139.47,"{""Subscriptions"": 1, ""Hobbies"": 1}"
stats_4046,USR710BJ,CUST_0157,2024-09-01,36.41,1,0.0,36.41,36.41,36.41,36.41,"{""Gifts"": 1}"
stats_4047,USR710BJ,CUST_0157,2024-10-01,583.24,1,0.0,583.24,583.24,583.24,583.24,"{""Medical/Dental"": 1}"
stats_4048,USR710BJ,CUST_0157,2024-11-01,237.66,4,0.0,237.66,59.42,115.64,115.64,"{""Food"": 1, ""Personal Hygiene"": 1, ""Gifts"": 1, ""Shopping"": 1}"
stats_4049,USR710BJ,CUST_0157,2024-12-01,1232.23,2,0.0,1232.23,616.12,1207.26,1207.26,"{""Travel"": 1, ""Food"": 1}"
stats_4050,USR964lF,CUST_0079,2023-02-01,108.06,2,0.0,108.06,54.03,90.22,90.22,"{""Subscriptions"": 1, ""Transportation"": 1}"
stats_4051,USR964lF,CUST_0079,2023-03-01,140.59,2,0.0,140.59,70.3,135.34,135.34,"{""Travel"": 1, ""Groceries"": 1}"
stats_4052,USR964lF,CUST_0079,2023-04-01,65.78,2,0.0,65.78,32.89,45.46,45.46,"{""Transportation"": 1, ""Travel"": 1}"
stats_4053,USR964lF,CUST_0079,2023-05-01,71.38,1,0.0,71.38,71.38,71.38,71.38,"{""Housing and Utilities"": 1}"
stats_4054,USR964lF,CUST_0079,2023-06-01,45.92,1,0.0,45.92,45.92,45.92,45.92,"{""Subscriptions"": 1}"
stats_4055,USR964lF,CUST_0079,2023-07-01,5375.45,4,0.0,5375.45,1343.86,3890.09,3890.09,"{""Travel"": 3, ""Housing and Utilities"": 1}"
stats_4056,USR964lF,CUST_0079,2023-08-01,1809.48,4,0.0,1809.48,452.37,692.96,692.96,"{""Medical/Dental"": 1, ""Transportation"": 1, ""Travel"": 1, ""Groceries"": 1}"
stats_4057,USR964lF,CUST_0079,2023-09-01,1214.73,1,0.0,1214.73,1214.73,1214.73,1214.73,"{""Housing and Utilities"": 1}"
stats_4058,USR964lF,CUST_0079,2023-10-01,9.32,1,0.0,9.32,9.32,9.32,9.32,"{""Hobbies"": 1}"
stats_4059,USR964lF,CUST_0079,2023-11-01,15.12,1,0.0,15.12,15.12,15.12,15.12,"{""Groceries"": 1}"
stats_4060,USR964lF,CUST_0079,2023-12-01,381.78,6,0.0,381.78,63.63,117.49,117.49,"{""Friend Activities"": 2, ""Travel"": 1, ""Groceries"": 1, ""Hobbies"": 1, ""Food"": 1}"
stats_4061,USR964lF,CUST_0079,2024-01-01,37.88,1,0.0,37.88,37.88,37.88,37.88,"{""Subscriptions"": 1}"
stats_4062,USR964lF,CUST_0079,2024-02-01,224.61,3,0.0,224.61,74.87,195.85,195.85,"{""Fitness"": 1, ""Hobbies"": 1, ""Personal Hygiene"": 1}"
stats_4063,USR964lF,CUST_0079,2024-03-01,1802.16,3,0.0,1802.16,600.72,1640.65,1640.65,"{""Personal Hygiene"": 1, ""Fitness"": 1, ""Friend Activities"": 1}"
stats_4064,USR964lF,CUST_0079,2024-04-01,331.82,3,0.0,331.82,110.61,279.31,279.31,"{""Food"": 1, ""Medical/Dental"": 1, ""Travel"": 1}"
stats_4065,USR964lF,CUST_0079,2024-06-01,14.76,1,0.0,14.76,14.76,14.76,14.76,"{""Subscriptions"": 1}"
stats_4066,USR964lF,CUST_0079,2024-07-01,378.36,3,0.0,378.36,126.12,212.98,212.98,"{""Friend Activities"": 1, ""Hobbies"": 1, ""Subscriptions"": 1}"
stats_4067,USR964lF,CUST_0079,2024-08-01,583.81,3,0.0,583.81,194.6,429.97,429.97,"{""Medical/Dental"": 2, ""Subscriptions"": 1}"
stats_4068,USR964lF,CUST_0079,2024-09-01,16.17,1,0.0,16.17,16.17,16.17,16.17,"{""Groceries"": 1}"
stats_4069,USR964lF,CUST_0079,2024-10-01,518.57,5,0.0,518.57,103.71,302.3,302.3,"{""Friend Activities"": 2, ""Groceries"": 1, ""Subscriptions"": 1, ""Transportation"": 1}"
stats_4070,USR964lF,CUST_0079,2024-11-01,5661.75,6,0.0,5661.75,943.62,5329.56,5329.56,"{""Medical/Dental"": 1, ""Subscriptions"": 1, ""Transportation"": 1, ""Gifts"": 1, ""Housing and Utilities"": 1, ""Food"": 1}"
stats_4071,USR964lF,CUST_0079,2024-12-01,7775.58,3,0.0,7775.58,2591.86,7154.32,7154.32,"{""Travel"": 1, ""Fitness"": 1, ""Shopping"": 1}"
stats_4072,USR901Hl,CUST_0139,2023-01-01,850.81,2,0.0,850.81,425.4,562.61,562.61,"{""Transportation"": 1, ""Medical/Dental"": 1}"
stats_4073,USR901Hl,CUST_0139,2023-02-01,1330.56,4,0.0,1330.56,332.64,593.14,593.14,"{""Housing and Utilities"": 1, ""Travel"": 1, ""Hobbies"": 1, ""Transportation"": 1}"
stats_4074,USR901Hl,CUST_0139,2023-03-01,152.84,3,0.0,152.84,50.95,101.49,101.49,"{""Personal Hygiene"": 1, ""Food"": 1, ""Housing and Utilities"": 1}"
stats_4075,USR901Hl,CUST_0139,2023-07-01,4484.25,3,0.0,4484.25,1494.75,4437.14,4437.14,"{""Personal Hygiene"": 1, ""Travel"": 1, ""Housing and Utilities"": 1}"
stats_4076,USR901Hl,CUST_0139,2023-09-01,8.37,1,0.0,8.37,8.37,8.37,8.37,"{""Subscriptions"": 1}"
stats_4077,USR901Hl,CUST_0139,2023-10-01,318.47,4,0.0,318.47,79.62,134.56,134.56,"{""Hobbies"": 2, ""Medical/Dental"": 1, ""Transportation"": 1}"
stats_4078,USR901Hl,CUST_0139,2023-11-01,848.63,2,0.0,848.63,424.32,594.03,594.03,"{""Transportation"": 1, ""Travel"": 1}"
stats_4079,USR901Hl,CUST_0139,2023-12-01,509.76,2,0.0,509.76,254.88,501.34,501.34,"{""Fitness"": 1, ""Personal Hygiene"": 1}"
stats_4080,USR901Hl,CUST_0139,2024-02-01,213.87,2,0.0,213.87,106.94,155.08,155.08,"{""Travel"": 1, ""Friend Activities"": 1}"
stats_4081,USR901Hl,CUST_0139,2024-03-01,222202.24,7,0.0,222202.24,31743.18,214910.5,214910.5,"{""Shopping"": 2, ""Travel"": 1, ""Transportation"": 1, ""Medical/Dental"": 1, ""Hobbies"": 1, ""Groceries"": 1}"
stats_4082,USR901Hl,CUST_0139,2024-04-01,118.93,2,0.0,118.93,59.46,95.46,95.46,"{""Travel"": 1, ""Fitness"": 1}"
stats_4083,USR901Hl,CUST_0139,2024-05-01,684.38,3,0.0,684.38,228.13,559.62,559.62,"{""Subscriptions"": 1, ""Food"": 1, ""Shopping"": 1}"
stats_4084,USR901Hl,CUST_0139,2024-06-01,85.31,1,0.0,85.31,85.31,85.31,85.31,"{""Travel"": 1}"
stats_4085,USR901Hl,CUST_0139,2024-07-01,266.77,2,0.0,266.77,133.38,155.95,155.95,"{""Hobbies"": 1, ""Food"": 1}"
stats_4086,USR901Hl,CUST_0139,2024-10-01,1589.4,3,0.0,1589.4,529.8,1492.49,1492.49,"{""Groceries"": 1, ""Travel"": 1, ""Housing and Utilities"": 1}"
stats_4087,USR901Hl,CUST_0139,2024-11-01,190.15,3,0.0,190.15,63.38,130.65,130.65,"{""Subscriptions"": 1, ""Shopping"": 1, ""Personal Hygiene"": 1}"
stats_4088,USR901Hl,CUST_0139,2024-12-01,654.49,3,0.0,654.49,218.16,355.89,355.89,"{""Transportation"": 1, ""Gifts"": 1, ""Travel"": 1}"
stats_4089,USR901Hl,CUST_0139,2025-01-01,86.41,1,0.0,86.41,86.41,86.41,86.41,"{""Gifts"": 1}"
stats_4090,USR157Ok,CUST_0166,2023-01-01,1383.41,2,0.0,1383.41,691.7,1184.97,1184.97,"{""Housing and Utilities"": 1, ""Shopping"": 1}"
stats_4091,USR157Ok,CUST_0166,2023-02-01,420.43,2,0.0,420.43,210.22,325.2,325.2,"{""Medical/Dental"": 1, ""Transportation"": 1}"
stats_4092,USR157Ok,CUST_0166,2023-04-01,1494.32,4,0.0,1494.32,373.58,854.38,854.38,"{""Shopping"": 1, ""Hobbies"": 1, ""Friend Activities"": 1, ""Medical/Dental"": 1}"
stats_4093,USR157Ok,CUST_0166,2023-05-01,787.42,5,0.0,787.42,157.48,551.8,551.8,"{""Friend Activities"": 2, ""Gifts"": 1, ""Food"": 1, ""Transportation"": 1}"
stats_4094,USR157Ok,CUST_0166,2023-07-01,497.07,2,0.0,497.07,248.54,410.38,410.38,"{""Travel"": 1, ""Medical/Dental"": 1}"
stats_4095,USR157Ok,CUST_0166,2023-08-01,324.49,2,0.0,324.49,162.24,248.06,248.06,"{""Hobbies"": 2}"
stats_4096,USR157Ok,CUST_0166,2023-09-01,86.48,3,0.0,86.48,28.83,70.6,70.6,"{""Personal Hygiene"": 1, ""Shopping"": 1, ""Groceries"": 1}"
stats_4097,USR157Ok,CUST_0166,2023-10-01,423.61,3,0.0,423.61,141.2,395.84,395.84,"{""Transportation"": 1, ""Fitness"": 1, ""Food"": 1}"
stats_4098,USR157Ok,CUST_0166,2023-11-01,136.82,2,0.0,136.82,68.41,130.07,130.07,"{""Hobbies"": 1, ""Food"": 1}"
stats_4099,USR157Ok,CUST_0166,2023-12-01,58314.06,3,0.0,58314.06,19438.02,58087.43,58087.43,"{""Food"": 1, ""Travel"": 1, ""Shopping"": 1}"
stats_4100,USR157Ok,CUST_0166,2024-01-01,1082.2,6,0.0,1082.2,180.37,594.84,594.84,"{""Gifts"": 3, ""Groceries"": 1, ""Subscriptions"": 1, ""Fitness"": 1}"
stats_4101,USR157Ok,CUST_0166,2024-02-01,211.42,3,0.0,211.42,70.47,115.61,115.61,"{""Travel"": 1, ""Hobbies"": 1, ""Friend Activities"": 1}"
stats_4102,USR157Ok,CUST_0166,2024-03-01,7.07,1,0.0,7.07,7.07,7.07,7.07,"{""Food"": 1}"
stats_4103,USR157Ok,CUST_0166,2024-04-01,78.84,2,0.0,78.84,39.42,58.64,58.64,"{""Friend Activities"": 1, ""Fitness"": 1}"
stats_4104,USR157Ok,CUST_0166,2024-05-01,574.44,4,0.0,574.44,143.61,365.5,365.5,"{""Personal Hygiene"": 1, ""Gifts"": 1, ""Transportation"": 1, ""Medical/Dental"": 1}"
stats_4105,USR157Ok,CUST_0166,2024-06-01,804.32,2,0.0,804.32,402.16,732.02,732.02,"{""Travel"": 1, ""Gifts"": 1}"
stats_4106,USR157Ok,CUST_0166,2024-07-01,377.45,5,0.0,377.45,75.49,161.22,161.22,"{""Shopping"": 1, ""Hobbies"": 1, ""Housing and Utilities"": 1, ""Food"": 1, ""Subscriptions"": 1}"
stats_4107,USR157Ok,CUST_0166,2024-09-01,54.15,1,0.0,54.15,54.15,54.15,54.15,"{""Food"": 1}"
stats_4108,USR157Ok,CUST_0166,2024-10-01,85.86,2,0.0,85.86,42.93,71.53,71.53,"{""Subscriptions"": 1, ""Hobbies"": 1}"
stats_4109,USR157Ok,CUST_0166,2024-11-01,17.28,1,0.0,17.28,17.28,17.28,17.28,"{""Subscriptions"": 1}"
stats_4110,USR157Ok,CUST_0166,2025-01-01,8.16,1,0.0,8.16,8.16,8.16,8.16,"{""Food"": 1}"
stats_4111,USR640RH,CUST_0148,2023-02-01,442.29,1,0.0,442.29,442.29,442.29,442.29,"{""Medical/Dental"": 1}"
stats_4112,USR640RH,CUST_0148,2023-03-01,1260.61,1,0.0,1260.61,1260.61,1260.61,1260.61,"{""Gifts"": 1}"
stats_4113,USR640RH,CUST_0148,2023-04-01,540.49,3,0.0,540.49,180.16,424.17,424.17,"{""Personal Hygiene"": 1, ""Transportation"": 1, ""Hobbies"": 1}"
stats_4114,USR640RH,CUST_0148,2023-05-01,220.43,3,0.0,220.43,73.48,80.08,80.08,"{""Subscriptions"": 1, ""Food"": 1, ""Gifts"": 1}"
stats_4115,USR640RH,CUST_0148,2023-06-01,8.49,1,0.0,8.49,8.49,8.49,8.49,"{""Transportation"": 1}"
stats_4116,USR640RH,CUST_0148,2023-07-01,8.74,1,0.0,8.74,8.74,8.74,8.74,"{""Personal Hygiene"": 1}"
stats_4117,USR640RH,CUST_0148,2023-08-01,3593.25,4,0.0,3593.25,898.31,2753.29,2753.29,"{""Travel"": 1, ""Shopping"": 1, ""Transportation"": 1, ""Housing and Utilities"": 1}"
stats_4118,USR640RH,CUST_0148,2023-09-01,41.51,4,0.0,41.51,10.38,19.27,19.27,"{""Subscriptions"": 2, ""Groceries"": 1, ""Transportation"": 1}"
stats_4119,USR640RH,CUST_0148,2023-10-01,103.88,2,0.0,103.88,51.94,94.27,94.27,"{""Hobbies"": 1, ""Food"": 1}"
stats_4120,USR640RH,CUST_0148,2023-12-01,206513.02,4,0.0,206513.02,51628.26,206258.18,206258.18,"{""Hobbies"": 1, ""Transportation"": 1, ""Shopping"": 1, ""Subscriptions"": 1}"
stats_4121,USR640RH,CUST_0148,2024-01-01,1436.17,1,0.0,1436.17,1436.17,1436.17,1436.17,"{""Travel"": 1}"
stats_4122,USR640RH,CUST_0148,2024-02-01,2429.07,6,0.0,2429.07,404.84,1559.22,1559.22,"{""Fitness"": 2, ""Food"": 1, ""Personal Hygiene"": 1, ""Shopping"": 1, ""Transportation"": 1}"
stats_4123,USR640RH,CUST_0148,2024-03-01,671.36,6,0.0,671.36,111.89,365.53,365.53,"{""Gifts"": 1, ""Personal Hygiene"": 1, ""Food"": 1, ""Medical/Dental"": 1, ""Fitness"": 1, ""Housing and Utilities"": 1}"
stats_4124,USR640RH,CUST_0148,2024-04-01,337.49,2,0.0,337.49,168.74,281.27,281.27,"{""Housing and Utilities"": 1, ""Medical/Dental"": 1}"
stats_4125,USR640RH,CUST_0148,2024-05-01,93302.66,2,0.0,93302.66,46651.33,92670.3,92670.3,"{""Friend Activities"": 1, ""Shopping"": 1}"
stats_4126,USR640RH,CUST_0148,2024-06-01,18.83,1,0.0,18.83,18.83,18.83,18.83,"{""Subscriptions"": 1}"
stats_4127,USR640RH,CUST_0148,2024-07-01,73.26,3,0.0,73.26,24.42,45.96,45.96,"{""Subscriptions"": 1, ""Personal Hygiene"": 1, ""Groceries"": 1}"
stats_4128,USR640RH,CUST_0148,2024-08-01,489.64,4,0.0,489.64,122.41,354.19,354.19,"{""Subscriptions"": 1, ""Transportation"": 1, ""Housing and Utilities"": 1, ""Groceries"": 1}"
stats_4129,USR640RH,CUST_0148,2024-09-01,205.82,1,0.0,205.82,205.82,205.82,205.82,"{""Fitness"": 1}"
stats_4130,USR640RH,CUST_0148,2024-10-01,645.56,2,0.0,645.56,322.78,442.46,442.46,"{""Friend Activities"": 1, ""Medical/Dental"": 1}"
stats_4131,USR640RH,CUST_0148,2024-11-01,233.14,4,0.0,233.14,58.28,79.84,79.84,"{""Transportation"": 1, ""Gifts"": 1, ""Housing and Utilities"": 1, ""Friend Activities"": 1}"
stats_4132,USR640RH,CUST_0148,2024-12-01,2951.21,3,0.0,2951.21,983.74,2865.02,2865.02,"{""Shopping"": 1, ""Housing and Utilities"": 1, ""Transportation"": 1}"
stats_4133,USR953VW,CUST_0192,2023-02-01,209.92,1,0.0,209.92,209.92,209.92,209.92,"{""Fitness"": 1}"
stats_4134,USR953VW,CUST_0192,2023-03-01,204.77,1,0.0,204.77,204.77,204.77,204.77,"{""Friend Activities"": 1}"
stats_4135,USR953VW,CUST_0192,2023-04-01,1494.79,5,0.0,1494.79,298.96,733.99,733.99,"{""Medical/Dental"": 1, ""Hobbies"": 1, ""Travel"": 1, ""Transportation"": 1, ""Fitness"": 1}"
stats_4136,USR953VW,CUST_0192,2023-07-01,712.49,2,0.0,712.49,356.24,614.66,614.66,"{""Travel"": 1, ""Groceries"": 1}"
stats_4137,USR953VW,CUST_0192,2023-08-01,710.68,3,0.0,710.68,236.89,435.9,435.9,"{""Medical/Dental"": 2, ""Friend Activities"": 1}"
stats_4138,USR953VW,CUST_0192,2023-09-01,290.47,3,0.0,290.47,96.82,215.12,215.12,"{""Subscriptions"": 2, ""Medical/Dental"": 1}"
stats_4139,USR953VW,CUST_0192,2023-10-01,2936.94,3,0.0,2936.94,978.98,2337.38,2337.38,"{""Gifts"": 1, ""Transportation"": 1, ""Housing and Utilities"": 1}"
stats_4140,USR953VW,CUST_0192,2023-11-01,65.97,2,0.0,65.97,32.98,62.38,62.38,"{""Fitness"": 1, ""Groceries"": 1}"
stats_4141,USR953VW,CUST_0192,2023-12-01,27.13,1,0.0,27.13,27.13,27.13,27.13,"{""Fitness"": 1}"
stats_4142,USR953VW,CUST_0192,2024-01-01,32283.57,2,0.0,32283.57,16141.78,31308.72,31308.72,"{""Travel"": 1, ""Shopping"": 1}"
stats_4143,USR953VW,CUST_0192,2024-02-01,458.6,2,0.0,458.6,229.3,440.66,440.66,"{""Friend Activities"": 1, ""Travel"": 1}"
stats_4144,USR953VW,CUST_0192,2024-03-01,285.66,3,0.0,285.66,95.22,160.49,160.49,"{""Friend Activities"": 1, ""Gifts"": 1, ""Travel"": 1}"
stats_4145,USR953VW,CUST_0192,2024-04-01,720.03,3,0.0,720.03,240.01,657.54,657.54,"{""Hobbies"": 1, ""Subscriptions"": 1, ""Medical/Dental"": 1}"
stats_4146,USR953VW,CUST_0192,2024-05-01,269.69,3,0.0,269.69,89.9,116.79,116.79,"{""Housing and Utilities"": 2, ""Friend Activities"": 1}"
stats_4147,USR953VW,CUST_0192,2024-06-01,94657.12,2,0.0,94657.12,47328.56,94257.77,94257.77,"{""Gifts"": 1, ""Shopping"": 1}"
stats_4148,USR953VW,CUST_0192,2024-07-01,149.06,1,0.0,149.06,149.06,149.06,149.06,"{""Shopping"": 1}"
stats_4149,USR953VW,CUST_0192,2024-09-01,5449.69,2,0.0,5449.69,2724.84,4936.83,4936.83,"{""Housing and Utilities"": 1, ""Travel"": 1}"
stats_4150,USR953VW,CUST_0192,2024-10-01,196.11,3,0.0,196.11,65.37,119.28,119.28,"{""Hobbies"": 1, ""Shopping"": 1, ""Subscriptions"": 1}"
stats_4151,USR953VW,CUST_0192,2024-11-01,11.23,1,0.0,11.23,11.23,11.23,11.23,"{""Personal Hygiene"": 1}"
stats_4152,USR953VW,CUST_0192,2024-12-01,480.14,1,0.0,480.14,480.14,480.14,480.14,"{""Friend Activities"": 1}"
stats_4153,USR953VW,CUST_0192,2025-01-01,14.75,1,0.0,14.75,14.75,14.75,14.75,"{""Groceries"": 1}"
stats_4154,USR155Ld,CUST_0084,2023-01-01,2648.42,2,0.0,2648.42,1324.21,1914.91,1914.91,"{""Fitness"": 2}"
stats_4155,USR155Ld,CUST_0084,2023-02-01,42.69,1,0.0,42.69,42.69,42.69,42.69,"{""Transportation"": 1}"
stats_4156,USR155Ld,CUST_0084,2023-03-01,293.76,2,0.0,293.76,146.88,283.35,283.35,"{""Travel"": 1, ""Subscriptions"": 1}"
stats_4157,USR155Ld,CUST_0084,2023-04-01,7.41,1,0.0,7.41,7.41,7.41,7.41,"{""Transportation"": 1}"
stats_4158,USR155Ld,CUST_0084,2023-05-01,12.27,1,0.0,12.27,12.27,12.27,12.27,"{""Hobbies"": 1}"
stats_4159,USR155Ld,CUST_0084,2023-06-01,1348.07,5,0.0,1348.07,269.61,497.16,497.16,"{""Food"": 2, ""Fitness"": 1, ""Shopping"": 1, ""Medical/Dental"": 1}"
stats_4160,USR155Ld,CUST_0084,2023-07-01,209.36,4,0.0,209.36,52.34,133.25,133.25,"{""Gifts"": 1, ""Friend Activities"": 1, ""Personal Hygiene"": 1, ""Medical/Dental"": 1}"
stats_4161,USR155Ld,CUST_0084,2023-08-01,465.86,2,0.0,465.86,232.93,446.22,446.22,"{""Medical/Dental"": 1, ""Personal Hygiene"": 1}"
stats_4162,USR155Ld,CUST_0084,2023-09-01,59.11,1,0.0,59.11,59.11,59.11,59.11,"{""Food"": 1}"
stats_4163,USR155Ld,CUST_0084,2023-11-01,239.0,3,0.0,239.0,79.67,142.87,142.87,"{""Housing and Utilities"": 1, ""Personal Hygiene"": 1, ""Fitness"": 1}"
stats_4164,USR155Ld,CUST_0084,2024-01-01,10.96,1,0.0,10.96,10.96,10.96,10.96,"{""Friend Activities"": 1}"
stats_4165,USR155Ld,CUST_0084,2024-02-01,109.11,1,0.0,109.11,109.11,109.11,109.11,"{""Gifts"": 1}"
stats_4166,USR155Ld,CUST_0084,2024-04-01,160812.76,2,0.0,160812.76,80406.38,160789.58,160789.58,"{""Groceries"": 1, ""Shopping"": 1}"
stats_4167,USR155Ld,CUST_0084,2024-05-01,47.66,1,0.0,47.66,47.66,47.66,47.66,"{""Gifts"": 1}"
stats_4168,USR155Ld,CUST_0084,2024-06-01,20.95,1,0.0,20.95,20.95,20.95,20.95,"{""Personal Hygiene"": 1}"
stats_4169,USR155Ld,CUST_0084,2024-07-01,124.27,1,0.0,124.27,124.27,124.27,124.27,"{""Hobbies"": 1}"
stats_4170,USR155Ld,CUST_0084,2024-08-01,704.62,3,0.0,704.62,234.87,570.51,570.51,"{""Gifts"": 1, ""Fitness"": 1, ""Subscriptions"": 1}"
stats_4171,USR155Ld,CUST_0084,2024-09-01,21.17,1,0.0,21.17,21.17,21.17,21.17,"{""Food"": 1}"
stats_4172,USR155Ld,CUST_0084,2024-10-01,80.15,1,0.0,80.15,80.15,80.15,80.15,"{""Gifts"": 1}"
stats_4173,USR155Ld,CUST_0084,2024-11-01,1746.48,5,0.0,1746.48,349.3,958.31,958.31,"{""Medical/Dental"": 1, ""Transportation"": 1, ""Shopping"": 1, ""Friend Activities"": 1, ""Housing and Utilities"": 1}"
stats_4174,USR155Ld,CUST_0084,2024-12-01,46039.1,2,0.0,46039.1,23019.55,45860.87,45860.87,"{""Shopping"": 1, ""Housing and Utilities"": 1}"
stats_4175,USR155Ld,CUST_0084,2025-01-01,100.39,2,0.0,100.39,50.2,56.43,56.43,"{""Fitness"": 1, ""Food"": 1}"
stats_4176,USR979Po,CUST_0031,2023-01-01,1074.27,1,0.0,1074.27,1074.27,1074.27,1074.27,"{""Travel"": 1}"
stats_4177,USR979Po,CUST_0031,2023-03-01,567.18,3,0.0,567.18,189.06,410.01,410.01,"{""Friend Activities"": 1, ""Medical/Dental"": 1, ""Subscriptions"": 1}"
stats_4178,USR979Po,CUST_0031,2023-04-01,325.4,3,0.0,325.4,108.47,187.73,187.73,"{""Subscriptions"": 1, ""Fitness"": 1, ""Hobbies"": 1}"
stats_4179,USR979Po,CUST_0031,2023-05-01,171.19,3,0.0,171.19,57.06,124.22,124.22,"{""Subscriptions"": 1, ""Groceries"": 1, ""Hobbies"": 1}"
stats_4180,USR979Po,CUST_0031,2023-06-01,944.86,5,0.0,944.86,188.97,494.29,494.29,"{""Medical/Dental"": 2, ""Housing and Utilities"": 1, ""Subscriptions"": 1, ""Food"": 1}"
stats_4181,USR979Po,CUST_0031,2023-07-01,50.27,2,0.0,50.27,25.14,47.58,47.58,"{""Food"": 1, ""Transportation"": 1}"
stats_4182,USR979Po,CUST_0031,2023-11-01,1010.31,3,0.0,1010.31,336.77,941.27,941.27,"{""Fitness"": 1, ""Transportation"": 1, ""Food"": 1}"
stats_4183,USR979Po,CUST_0031,2024-01-01,207.9,1,0.0,207.9,207.9,207.9,207.9,"{""Travel"": 1}"
stats_4184,USR979Po,CUST_0031,2024-02-01,733.45,2,0.0,733.45,366.72,441.17,441.17,"{""Hobbies"": 1, ""Medical/Dental"": 1}"
stats_4185,USR979Po,CUST_0031,2024-03-01,584.0,2,0.0,584.0,292.0,554.91,554.91,"{""Fitness"": 1, ""Food"": 1}"
stats_4186,USR979Po,CUST_0031,2024-04-01,105.32,2,0.0,105.32,52.66,71.61,71.61,"{""Transportation"": 1, ""Subscriptions"": 1}"
stats_4187,USR979Po,CUST_0031,2024-05-01,673.12,3,0.0,673.12,224.37,383.86,383.86,"{""Fitness"": 1, ""Food"": 1, ""Medical/Dental"": 1}"
stats_4188,USR979Po,CUST_0031,2024-06-01,990.68,4,0.0,990.68,247.67,491.82,491.82,"{""Friend Activities"": 2, ""Fitness"": 1, ""Transportation"": 1}"
stats_4189,USR979Po,CUST_0031,2024-07-01,500.89,3,0.0,500.89,166.96,398.42,398.42,"{""Gifts"": 1, ""Personal Hygiene"": 1, ""Fitness"": 1}"
stats_4190,USR979Po,CUST_0031,2024-08-01,1087.87,3,0.0,1087.87,362.62,705.32,705.32,"{""Friend Activities"": 1, ""Shopping"": 1, ""Fitness"": 1}"
stats_4191,USR979Po,CUST_0031,2024-09-01,104.42,1,0.0,104.42,104.42,104.42,104.42,"{""Gifts"": 1}"
stats_4192,USR979Po,CUST_0031,2024-10-01,13.55,1,0.0,13.55,13.55,13.55,13.55,"{""Groceries"": 1}"
stats_4193,USR979Po,CUST_0031,2024-11-01,1474.42,1,0.0,1474.42,1474.42,1474.42,1474.42,"{""Gifts"": 1}"
stats_4194,USR979Po,CUST_0031,2024-12-01,265.5,1,0.0,265.5,265.5,265.5,265.5,"{""Hobbies"": 1}"
stats_4195,USR977PC,CUST_0134,2023-02-01,359.09,2,0.0,359.09,179.54,321.44,321.44,"{""Gifts"": 1, ""Food"": 1}"
stats_4196,USR977PC,CUST_0134,2023-03-01,150.34,1,0.0,150.34,150.34,150.34,150.34,"{""Medical/Dental"": 1}"
stats_4197,USR977PC,CUST_0134,2023-04-01,91.24,2,0.0,91.24,45.62,72.7,72.7,"{""Subscriptions"": 1, ""Shopping"": 1}"
stats_4198,USR977PC,CUST_0134,2023-06-01,268.66,1,0.0,268.66,268.66,268.66,268.66,"{""Gifts"": 1}"
stats_4199,USR977PC,CUST_0134,2023-07-01,46.45,2,0.0,46.45,23.22,37.54,37.54,"{""Transportation"": 1, ""Food"": 1}"
stats_4200,USR977PC,CUST_0134,2023-08-01,194.57,4,0.0,194.57,48.64,89.72,89.72,"{""Subscriptions"": 1, ""Groceries"": 1, ""Friend Activities"": 1, ""Travel"": 1}"
stats_4201,USR977PC,CUST_0134,2023-10-01,156.46,2,0.0,156.46,78.23,125.74,125.74,"{""Groceries"": 1, ""Gifts"": 1}"
stats_4202,USR977PC,CUST_0134,2023-11-01,150.79,3,0.0,150.79,50.26,123.59,123.59,"{""Groceries"": 1, ""Transportation"": 1, ""Medical/Dental"": 1}"
stats_4203,USR977PC,CUST_0134,2023-12-01,747.33,3,0.0,747.33,249.11,508.58,508.58,"{""Travel"": 1, ""Food"": 1, ""Shopping"": 1}"
stats_4204,USR977PC,CUST_0134,2024-01-01,153360.44,3,0.0,153360.44,51120.15,153334.39,153334.39,"{""Food"": 1, ""Shopping"": 1, ""Personal Hygiene"": 1}"
stats_4205,USR977PC,CUST_0134,2024-02-01,42.33,1,0.0,42.33,42.33,42.33,42.33,"{""Hobbies"": 1}"
stats_4206,USR977PC,CUST_0134,2024-03-01,25.45,1,0.0,25.45,25.45,25.45,25.45,"{""Groceries"": 1}"
stats_4207,USR977PC,CUST_0134,2024-04-01,326.12,1,0.0,326.12,326.12,326.12,326.12,"{""Shopping"": 1}"
stats_4208,USR977PC,CUST_0134,2024-05-01,174.37,2,0.0,174.37,87.18,94.47,94.47,"{""Gifts"": 1, ""Friend Activities"": 1}"
stats_4209,USR977PC,CUST_0134,2024-06-01,2667.55,1,0.0,2667.55,2667.55,2667.55,2667.55,"{""Shopping"": 1}"
stats_4210,USR977PC,CUST_0134,2024-07-01,251.34,3,0.0,251.34,83.78,192.22,192.22,"{""Hobbies"": 1, ""Subscriptions"": 1, ""Transportation"": 1}"
stats_4211,USR977PC,CUST_0134,2024-08-01,149.56,1,0.0,149.56,149.56,149.56,149.56,"{""Gifts"": 1}"
stats_4212,USR977PC,CUST_0134,2024-10-01,886.34,2,0.0,886.34,443.17,857.99,857.99,"{""Fitness"": 1, ""Food"": 1}"
stats_4213,USR977PC,CUST_0134,2024-11-01,8.87,1,0.0,8.87,8.87,8.87,8.87,"{""Food"": 1}"
stats_4214,USR977PC,CUST_0134,2024-12-01,32.61,2,0.0,32.61,16.3,18.35,18.35,"{""Subscriptions"": 1, ""Food"": 1}"
stats_4215,USR977PC,CUST_0134,2025-01-01,28.79,1,0.0,28.79,28.79,28.79,28.79,"{""Personal Hygiene"": 1}"
stats_4216,USR985cj,CUST_0117,2023-01-01,65.91,2,0.0,65.91,32.96,59.2,59.2,"{""Groceries"": 2}"
stats_4217,USR985cj,CUST_0117,2023-02-01,5468.44,3,0.0,5468.44,1822.81,5112.23,5112.23,"{""Medical/Dental"": 1, ""Groceries"": 1, ""Shopping"": 1}"
stats_4218,USR985cj,CUST_0117,2023-03-01,202829.07,5,0.0,202829.07,40565.81,202656.54,202656.54,"{""Groceries"": 2, ""Transportation"": 1, ""Subscriptions"": 1, ""Shopping"": 1}"
stats_4219,USR985cj,CUST_0117,2023-04-01,335.42,3,0.0,335.42,111.81,243.0,243.0,"{""Gifts"": 2, ""Personal Hygiene"": 1}"
stats_4220,USR985cj,CUST_0117,2023-05-01,499.38,2,0.0,499.38,249.69,410.13,410.13,"{""Shopping"": 1, ""Gifts"": 1}"
stats_4221,USR985cj,CUST_0117,2023-06-01,1186.57,2,0.0,1186.57,593.28,917.99,917.99,"{""Medical/Dental"": 2}"
stats_4222,USR985cj,CUST_0117,2023-07-01,310.59,2,0.0,310.59,155.29,285.91,285.91,"{""Friend Activities"": 1, ""Fitness"": 1}"
stats_4223,USR985cj,CUST_0117,2023-08-01,1433.18,2,0.0,1433.18,716.59,1324.64,1324.64,"{""Gifts"": 1, ""Food"": 1}"
stats_4224,USR985cj,CUST_0117,2023-09-01,585.95,4,0.0,585.95,146.49,356.15,356.15,"{""Food"": 1, ""Medical/Dental"": 1, ""Hobbies"": 1, ""Friend Activities"": 1}"
stats_4225,USR985cj,CUST_0117,2023-10-01,164.71,4,0.0,164.71,41.18,92.44,92.44,"{""Transportation"": 1, ""Groceries"": 1, ""Food"": 1, ""Hobbies"": 1}"
stats_4226,USR985cj,CUST_0117,2023-11-01,253.85,3,0.0,253.85,84.62,235.93,235.93,"{""Food"": 1, ""Transportation"": 1, ""Fitness"": 1}"
stats_4227,USR985cj,CUST_0117,2023-12-01,88.73,1,0.0,88.73,88.73,88.73,88.73,"{""Transportation"": 1}"
stats_4228,USR985cj,CUST_0117,2024-01-01,798.64,2,0.0,798.64,399.32,706.74,706.74,"{""Groceries"": 1, ""Transportation"": 1}"
stats_4229,USR985cj,CUST_0117,2024-02-01,92.39,1,0.0,92.39,92.39,92.39,92.39,"{""Housing and Utilities"": 1}"
stats_4230,USR985cj,CUST_0117,2024-03-01,5081.25,3,0.0,5081.25,1693.75,4425.73,4425.73,"{""Housing and Utilities"": 1, ""Shopping"": 1, ""Fitness"": 1}"
stats_4231,USR985cj,CUST_0117,2024-04-01,118863.41,2,0.0,118863.41,59431.7,118841.56,118841.56,"{""Hobbies"": 1, ""Shopping"": 1}"
stats_4232,USR985cj,CUST_0117,2024-05-01,35.77,1,0.0,35.77,35.77,35.77,35.77,"{""Groceries"": 1}"
stats_4233,USR985cj,CUST_0117,2024-06-01,627.35,4,0.0,627.35,156.84,492.18,492.18,"{""Hobbies"": 2, ""Travel"": 1, ""Personal Hygiene"": 1}"
stats_4234,USR985cj,CUST_0117,2024-07-01,317.34,5,0.0,317.34,63.47,166.93,166.93,"{""Fitness"": 1, ""Subscriptions"": 1, ""Groceries"": 1, ""Transportation"": 1, ""Medical/Dental"": 1}"
stats_4235,USR985cj,CUST_0117,2024-08-01,98.84,2,0.0,98.84,49.42,56.14,56.14,"{""Travel"": 1, ""Housing and Utilities"": 1}"
stats_4236,USR985cj,CUST_0117,2024-09-01,372.22,2,0.0,372.22,186.11,199.84,199.84,"{""Travel"": 1, ""Medical/Dental"": 1}"
stats_4237,USR985cj,CUST_0117,2024-10-01,613.46,4,0.0,613.46,153.36,306.77,306.77,"{""Medical/Dental"": 1, ""Transportation"": 1, ""Groceries"": 1, ""Fitness"": 1}"
stats_4238,USR985cj,CUST_0117,2024-11-01,25.88,2,0.0,25.88,12.94,18.25,18.25,"{""Groceries"": 1, ""Food"": 1}"
stats_4239,USR985cj,CUST_0117,2024-12-01,2097.91,2,0.0,2097.91,1048.96,2086.92,2086.92,"{""Shopping"": 1, ""Personal Hygiene"": 1}"
stats_4240,USR548Uw,CUST_0153,2023-01-01,876.94,2,0.0,876.94,438.47,467.89,467.89,"{""Fitness"": 1, ""Shopping"": 1}"
stats_4241,USR548Uw,CUST_0153,2023-02-01,46.32,1,0.0,46.32,46.32,46.32,46.32,"{""Gifts"": 1}"
stats_4242,USR548Uw,CUST_0153,2023-03-01,75.93,3,0.0,75.93,25.31,40.32,40.32,"{""Groceries"": 2, ""Personal Hygiene"": 1}"
stats_4243,USR548Uw,CUST_0153,2023-04-01,175313.73,3,0.0,175313.73,58437.91,175084.14,175084.14,"{""Shopping"": 2, ""Gifts"": 1}"
stats_4244,USR548Uw,CUST_0153,2023-05-01,1356.4,4,0.0,1356.4,339.1,633.5,633.5,"{""Food"": 1, ""Transportation"": 1, ""Friend Activities"": 1, ""Travel"": 1}"
stats_4245,USR548Uw,CUST_0153,2023-06-01,973.47,2,0.0,973.47,486.74,598.14,598.14,"{""Fitness"": 2}"
stats_4246,USR548Uw,CUST_0153,2023-07-01,27.01,2,0.0,27.01,13.5,16.82,16.82,"{""Subscriptions"": 1, ""Personal Hygiene"": 1}"
stats_4247,USR548Uw,CUST_0153,2023-08-01,1124.93,4,0.0,1124.93,281.23,468.79,468.79,"{""Hobbies"": 1, ""Fitness"": 1, ""Transportation"": 1, ""Food"": 1}"
stats_4248,USR548Uw,CUST_0153,2023-09-01,825.58,3,0.0,825.58,275.19,590.31,590.31,"{""Food"": 1, ""Travel"": 1, ""Friend Activities"": 1}"
stats_4249,USR548Uw,CUST_0153,2023-11-01,967.69,3,0.0,967.69,322.56,716.6,716.6,"{""Food"": 1, ""Transportation"": 1, ""Travel"": 1}"
stats_4250,USR548Uw,CUST_0153,2023-12-01,1960.27,6,0.0,1960.27,326.71,945.47,945.47,"{""Gifts"": 3, ""Subscriptions"": 1, ""Friend Activities"": 1, ""Housing and Utilities"": 1}"
stats_4251,USR548Uw,CUST_0153,2024-02-01,933.78,3,0.0,933.78,311.26,852.9,852.9,"{""Subscriptions"": 2, ""Gifts"": 1}"
stats_4252,USR548Uw,CUST_0153,2024-04-01,888.56,3,0.0,888.56,296.19,862.94,862.94,"{""Fitness"": 1, ""Subscriptions"": 1, ""Personal Hygiene"": 1}"
stats_4253,USR548Uw,CUST_0153,2024-06-01,271.14,3,0.0,271.14,90.38,157.52,157.52,"{""Housing and Utilities"": 1, ""Subscriptions"": 1, ""Medical/Dental"": 1}"
stats_4254,USR548Uw,CUST_0153,2024-07-01,107.67,1,0.0,107.67,107.67,107.67,107.67,"{""Travel"": 1}"
stats_4255,USR548Uw,CUST_0153,2024-08-01,536.52,3,0.0,536.52,178.84,292.85,292.85,"{""Gifts"": 2, ""Fitness"": 1}"
stats_4256,USR548Uw,CUST_0153,2024-09-01,1266.92,2,0.0,1266.92,633.46,755.28,755.28,"{""Transportation"": 1, ""Medical/Dental"": 1}"
stats_4257,USR548Uw,CUST_0153,2024-10-01,16.61,1,0.0,16.61,16.61,16.61,16.61,"{""Travel"": 1}"
stats_4258,USR548Uw,CUST_0153,2024-11-01,29.01,2,0.0,29.01,14.5,15.44,15.44,"{""Personal Hygiene"": 1, ""Groceries"": 1}"
stats_4259,USR548Uw,CUST_0153,2024-12-01,1185.47,2,0.0,1185.47,592.74,1170.91,1170.91,"{""Travel"": 1, ""Subscriptions"": 1}"
stats_4260,USR321bf,CUST_0119,2023-01-01,2113.53,3,0.0,2113.53,704.51,1761.25,1761.25,"{""Food"": 1, ""Shopping"": 1, ""Housing and Utilities"": 1}"
stats_4261,USR321bf,CUST_0119,2023-02-01,3828.41,1,0.0,3828.41,3828.41,3828.41,3828.41,"{""Housing and Utilities"": 1}"
stats_4262,USR321bf,CUST_0119,2023-03-01,2481.35,1,0.0,2481.35,2481.35,2481.35,2481.35,"{""Housing and Utilities"": 1}"
stats_4263,USR321bf,CUST_0119,2023-04-01,721.99,2,0.0,721.99,361.0,676.11,676.11,"{""Gifts"": 1, ""Medical/Dental"": 1}"
stats_4264,USR321bf,CUST_0119,2023-05-01,223.31,1,0.0,223.31,223.31,223.31,223.31,"{""Food"": 1}"
stats_4265,USR321bf,CUST_0119,2023-06-01,234.6,3,0.0,234.6,78.2,201.21,201.21,"{""Housing and Utilities"": 1, ""Transportation"": 1, ""Food"": 1}"
stats_4266,USR321bf,CUST_0119,2023-07-01,8.17,1,0.0,8.17,8.17,8.17,8.17,"{""Groceries"": 1}"
stats_4267,USR321bf,CUST_0119,2023-09-01,7468.95,5,0.0,7468.95,1493.79,4923.62,4923.62,"{""Groceries"": 2, ""Fitness"": 1, ""Housing and Utilities"": 1, ""Personal Hygiene"": 1}"
stats_4268,USR321bf,CUST_0119,2023-12-01,629.55,1,0.0,629.55,629.55,629.55,629.55,"{""Friend Activities"": 1}"
stats_4269,USR321bf,CUST_0119,2024-01-01,191.56,1,0.0,191.56,191.56,191.56,191.56,"{""Gifts"": 1}"
stats_4270,USR321bf,CUST_0119,2024-02-01,1018.38,3,0.0,1018.38,339.46,885.43,885.43,"{""Shopping"": 1, ""Personal Hygiene"": 1, ""Transportation"": 1}"
stats_4271,USR321bf,CUST_0119,2024-03-01,36.49,1,0.0,36.49,36.49,36.49,36.49,"{""Fitness"": 1}"
stats_4272,USR321bf,CUST_0119,2024-04-01,125.28,1,0.0,125.28,125.28,125.28,125.28,"{""Gifts"": 1}"
stats_4273,USR321bf,CUST_0119,2024-06-01,77.08,1,0.0,77.08,77.08,77.08,77.08,"{""Friend Activities"": 1}"
stats_4274,USR321bf,CUST_0119,2024-07-01,2064.11,1,0.0,2064.11,2064.11,2064.11,2064.11,"{""Personal Hygiene"": 1}"
stats_4275,USR321bf,CUST_0119,2024-08-01,48.96,3,0.0,48.96,16.32,21.17,21.17,"{""Personal Hygiene"": 2, ""Groceries"": 1}"
stats_4276,USR321bf,CUST_0119,2024-09-01,2920.88,3,0.0,2920.88,973.63,2481.71,2481.71,"{""Shopping"": 1, ""Medical/Dental"": 1, ""Food"": 1}"
stats_4277,USR321bf,CUST_0119,2024-10-01,386.5,2,0.0,386.5,193.25,365.39,365.39,"{""Personal Hygiene"": 1, ""Travel"": 1}"
stats_4278,USR321bf,CUST_0119,2024-11-01,399.32,3,0.0,399.32,133.11,192.92,192.92,"{""Housing and Utilities"": 1, ""Personal Hygiene"": 1, ""Gifts"": 1}"
stats_4279,USR321bf,CUST_0119,2024-12-01,395.24,1,0.0,395.24,395.24,395.24,395.24,"{""Fitness"": 1}"
stats_4280,USR329IV,7BD8PmlNy9S5vXPvqbgWTxzwMGkp9EcdbMK8o,2023-10-01,-388.87,5,-500.0,111.13,-77.77,89.4,-500.0,"{""Food and Dining"": 2, ""Transportation"": 2, ""Groceries"": 1}"
stats_4281,USR329IV,7BD8PmlNy9S5vXPvqbgWTxzwMGkp9EcdbMK8o,2023-11-01,-382.54,6,-500.0,117.46,-63.76,89.4,-500.0,"{""Transportation"": 3, ""Food and Dining"": 2, ""Groceries"": 1}"
stats_4282,USR329IV,7BD8PmlNy9S5vXPvqbgWTxzwMGkp9EcdbMK8o,2023-12-01,-382.54,6,-500.0,117.46,-63.76,89.4,-500.0,"{""Transportation"": 3, ""Food and Dining"": 2, ""Groceries"": 1}"
stats_4283,USR329IV,7BD8PmlNy9S5vXPvqbgWTxzwMGkp9EcdbMK8o,2024-01-01,-382.54,6,-500.0,117.46,-63.76,89.4,-500.0,"{""Transportation"": 3, ""Food and Dining"": 2, ""Groceries"": 1}"
stats_4284,USR329IV,7BD8PmlNy9S5vXPvqbgWTxzwMGkp9EcdbMK8o,2024-02-01,-382.54,6,-500.0,117.46,-63.76,89.4,-500.0,"{""Transportation"": 3, ""Food and Dining"": 2, ""Groceries"": 1}"
stats_4285,USR329IV,7BD8PmlNy9S5vXPvqbgWTxzwMGkp9EcdbMK8o,2024-03-01,-382.54,6,-500.0,117.46,-63.76,89.4,-500.0,"{""Transportation"": 3, ""Food and Dining"": 2, ""Groceries"": 1}"
stats_4286,USR329IV,7BD8PmlNy9S5vXPvqbgWTxzwMGkp9EcdbMK8o,2024-04-01,-382.54,6,-500.0,117.46,-63.76,89.4,-500.0,"{""Transportation"": 3, ""Food and Dining"": 2, ""Groceries"": 1}"
stats_4287,USR329IV,7BD8PmlNy9S5vXPvqbgWTxzwMGkp9EcdbMK8o,2024-05-01,-382.54,6,-500.0,117.46,-63.76,89.4,-500.0,"{""Transportation"": 3, ""Food and Dining"": 2, ""Groceries"": 1}"
stats_4288,USR329IV,7BD8PmlNy9S5vXPvqbgWTxzwMGkp9EcdbMK8o,2024-06-01,-382.54,6,-500.0,117.46,-63.76,89.4,-500.0,"{""Transportation"": 3, ""Food and Dining"": 2, ""Groceries"": 1}"
stats_4289,USR329IV,7BD8PmlNy9S5vXPvqbgWTxzwMGkp9EcdbMK8o,2024-07-01,-382.54,6,-500.0,117.46,-63.76,89.4,-500.0,"{""Transportation"": 3, ""Food and Dining"": 2, ""Groceries"": 1}"
stats_4290,USR329IV,7BD8PmlNy9S5vXPvqbgWTxzwMGkp9EcdbMK8o,2024-08-01,-382.54,6,-500.0,117.46,-63.76,89.4,-500.0,"{""Transportation"": 3, ""Food and Dining"": 2, ""Groceries"": 1}"
stats_4291,USR329IV,7BD8PmlNy9S5vXPvqbgWTxzwMGkp9EcdbMK8o,2024-09-01,-382.54,6,-500.0,117.46,-63.76,89.4,-500.0,"{""Transportation"": 3, ""Food and Dining"": 2, ""Groceries"": 1}"
stats_4292,USR329IV,7BD8PmlNy9S5vXPvqbgWTxzwMGkp9EcdbMK8o,2024-10-01,-382.54,6,-500.0,117.46,-63.76,89.4,-500.0,"{""Transportation"": 3, ""Food and Dining"": 2, ""Groceries"": 1}"
stats_4293,USR329IV,7BD8PmlNy9S5vXPvqbgWTxzwMGkp9EcdbMK8o,2024-11-01,-382.54,6,-500.0,117.46,-63.76,89.4,-500.0,"{""Transportation"": 3, ""Food and Dining"": 2, ""Groceries"": 1}"
stats_4294,USR329IV,7BD8PmlNy9S5vXPvqbgWTxzwMGkp9EcdbMK8o,2024-12-01,-382.54,6,-500.0,117.46,-63.76,89.4,-500.0,"{""Transportation"": 3, ""Food and Dining"": 2, ""Groceries"": 1}"
stats_4295,USR329IV,7BD8PmlNy9S5vXPvqbgWTxzwMGkp9EcdbMK8o,2025-01-01,-382.54,6,-500.0,117.46,-63.76,89.4,-500.0,"{""Transportation"": 3, ""Food and Dining"": 2, ""Groceries"": 1}"
stats_4296,USR329IV,7BD8PmlNy9S5vXPvqbgWTxzwMGkp9EcdbMK8o,2025-02-01,-382.54,6,-500.0,117.46,-63.76,89.4,-500.0,"{""Transportation"": 3, ""Food and Dining"": 2, ""Groceries"": 1}"
stats_4297,USR329IV,7BD8PmlNy9S5vXPvqbgWTxzwMGkp9EcdbMK8o,2025-03-01,-382.54,6,-500.0,117.46,-63.76,89.4,-500.0,"{""Transportation"": 3, ""Food and Dining"": 2, ""Groceries"": 1}"
stats_4298,USR329IV,7BD8PmlNy9S5vXPvqbgWTxzwMGkp9EcdbMK8o,2025-04-01,-382.54,6,-500.0,117.46,-63.76,89.4,-500.0,"{""Transportation"": 3, ""Food and Dining"": 2, ""Groceries"": 1}"
stats_4299,USR329IV,7BD8PmlNy9S5vXPvqbgWTxzwMGkp9EcdbMK8o,2025-05-01,-382.54,6,-500.0,117.46,-63.76,89.4,-500.0,"{""Transportation"": 3, ""Food and Dining"": 2, ""Groceries"": 1}"
stats_4300,USR329IV,7BD8PmlNy9S5vXPvqbgWTxzwMGkp9EcdbMK8o,2025-06-01,-382.54,6,-500.0,117.46,-63.76,89.4,-500.0,"{""Transportation"": 3, ""Food and Dining"": 2, ""Groceries"": 1}"
stats_4301,USR329IV,7BD8PmlNy9S5vXPvqbgWTxzwMGkp9EcdbMK8o,2025-07-01,-376.21,7,-500.0,123.79,-53.74,89.4,-500.0,"{""Transportation"": 4, ""Food and Dining"": 2, ""Groceries"": 1}"
stats_4302,USR329IV,7BD8PmlNy9S5vXPvqbgWTxzwMGkp9EcdbMK8o,2025-08-01,-382.54,6,-500.0,117.46,-63.76,89.4,-500.0,"{""Transportation"": 3, ""Food and Dining"": 2, ""Groceries"": 1}"
stats_4303,USR329IV,7BD8PmlNy9S5vXPvqbgWTxzwMGkp9EcdbMK8o,2025-09-01,-382.54,6,-500.0,117.46,-63.76,89.4,-500.0,"{""Transportation"": 3, ""Food and Dining"": 2, ""Groceries"": 1}"
stats_4304,USR329IV,7BD8PmlNy9S5vXPvqbgWTxzwMGkp9EcdbMK8o,2025-10-01,89.4,1,0.0,89.4,89.4,89.4,89.4,"{""Groceries"": 1}"
stats_4305,USR470Uv,eoWb631DemtnG5MGWQJKtXvGPo6adeirv7law,2023-10-01,20.78,2,-4.22,25.0,10.39,25.0,25.0,"{""Finance"": 2}"
stats_4306,USR470Uv,eoWb631DemtnG5MGWQJKtXvGPo6adeirv7law,2023-11-01,20.78,2,-4.22,25.0,10.39,25.0,25.0,"{""Finance"": 2}"
stats_4307,USR470Uv,eoWb631DemtnG5MGWQJKtXvGPo6adeirv7law,2023-12-01,20.78,2,-4.22,25.0,10.39,25.0,25.0,"{""Finance"": 2}"
stats_4308,USR470Uv,eoWb631DemtnG5MGWQJKtXvGPo6adeirv7law,2024-01-01,20.78,2,-4.22,25.0,10.39,25.0,25.0,"{""Finance"": 2}"
stats_4309,USR470Uv,eoWb631DemtnG5MGWQJKtXvGPo6adeirv7law,2024-02-01,20.78,2,-4.22,25.0,10.39,25.0,25.0,"{""Finance"": 2}"
stats_4310,USR470Uv,eoWb631DemtnG5MGWQJKtXvGPo6adeirv7law,2024-03-01,20.78,2,-4.22,25.0,10.39,25.0,25.0,"{""Finance"": 2}"
stats_4311,USR470Uv,eoWb631DemtnG5MGWQJKtXvGPo6adeirv7law,2024-04-01,20.78,2,-4.22,25.0,10.39,25.0,25.0,"{""Finance"": 2}"
stats_4312,USR470Uv,eoWb631DemtnG5MGWQJKtXvGPo6adeirv7law,2024-05-01,20.78,2,-4.22,25.0,10.39,25.0,25.0,"{""Finance"": 2}"
stats_4313,USR470Uv,eoWb631DemtnG5MGWQJKtXvGPo6adeirv7law,2024-06-01,20.78,2,-4.22,25.0,10.39,25.0,25.0,"{""Finance"": 2}"
stats_4314,USR470Uv,eoWb631DemtnG5MGWQJKtXvGPo6adeirv7law,2024-07-01,20.78,2,-4.22,25.0,10.39,25.0,25.0,"{""Finance"": 2}"
stats_4315,USR470Uv,eoWb631DemtnG5MGWQJKtXvGPo6adeirv7law,2024-08-01,20.78,2,-4.22,25.0,10.39,25.0,25.0,"{""Finance"": 2}"
stats_4316,USR470Uv,eoWb631DemtnG5MGWQJKtXvGPo6adeirv7law,2024-09-01,20.78,2,-4.22,25.0,10.39,25.0,25.0,"{""Finance"": 2}"
stats_4317,USR470Uv,eoWb631DemtnG5MGWQJKtXvGPo6adeirv7law,2024-10-01,20.78,2,-4.22,25.0,10.39,25.0,25.0,"{""Finance"": 2}"
stats_4318,USR470Uv,eoWb631DemtnG5MGWQJKtXvGPo6adeirv7law,2024-11-01,20.78,2,-4.22,25.0,10.39,25.0,25.0,"{""Finance"": 2}"
stats_4319,USR470Uv,eoWb631DemtnG5MGWQJKtXvGPo6adeirv7law,2024-12-01,20.78,2,-4.22,25.0,10.39,25.0,25.0,"{""Finance"": 2}"
stats_4320,USR470Uv,eoWb631DemtnG5MGWQJKtXvGPo6adeirv7law,2025-01-01,20.78,2,-4.22,25.0,10.39,25.0,25.0,"{""Finance"": 2}"
stats_4321,USR470Uv,eoWb631DemtnG5MGWQJKtXvGPo6adeirv7law,2025-02-01,20.78,2,-4.22,25.0,10.39,25.0,25.0,"{""Finance"": 2}"
stats_4322,USR470Uv,eoWb631DemtnG5MGWQJKtXvGPo6adeirv7law,2025-03-01,20.78,2,-4.22,25.0,10.39,25.0,25.0,"{""Finance"": 2}"
stats_4323,USR470Uv,eoWb631DemtnG5MGWQJKtXvGPo6adeirv7law,2025-04-01,20.78,2,-4.22,25.0,10.39,25.0,25.0,"{""Finance"": 2}"
stats_4324,USR470Uv,eoWb631DemtnG5MGWQJKtXvGPo6adeirv7law,2025-05-01,20.78,2,-4.22,25.0,10.39,25.0,25.0,"{""Finance"": 2}"
stats_4325,USR470Uv,eoWb631DemtnG5MGWQJKtXvGPo6adeirv7law,2025-06-01,20.78,2,-4.22,25.0,10.39,25.0,25.0,"{""Finance"": 2}"
stats_4326,USR470Uv,eoWb631DemtnG5MGWQJKtXvGPo6adeirv7law,2025-07-01,20.78,2,-4.22,25.0,10.39,25.0,25.0,"{""Finance"": 2}"
stats_4327,USR470Uv,eoWb631DemtnG5MGWQJKtXvGPo6adeirv7law,2025-08-01,20.78,2,-4.22,25.0,10.39,25.0,25.0,"{""Finance"": 2}"
stats_4328,USR470Uv,eoWb631DemtnG5MGWQJKtXvGPo6adeirv7law,2025-09-01,20.78,2,-4.22,25.0,10.39,25.0,25.0,"{""Finance"": 2}"
stats_4329,USR470Uv,eoWb631DemtnG5MGWQJKtXvGPo6adeirv7law,2025-10-01,-4.22,1,-4.22,0.0,-4.22,-4.22,-4.22,"{""Finance"": 1}"
stats_4330,USR557Nb,QKD9z6mAP3ugeqEeWZvyTjBa1y4n9LfwP3WG8,2023-10-01,1000.0,1,0.0,1000.0,1000.0,1000.0,1000.0,"{""Finance"": 1}"
stats_4331,USR557Nb,QKD9z6mAP3ugeqEeWZvyTjBa1y4n9LfwP3WG8,2023-11-01,1000.0,1,0.0,1000.0,1000.0,1000.0,1000.0,"{""Finance"": 1}"
stats_4332,USR557Nb,QKD9z6mAP3ugeqEeWZvyTjBa1y4n9LfwP3WG8,2023-12-01,1000.0,1,0.0,1000.0,1000.0,1000.0,1000.0,"{""Finance"": 1}"
stats_4333,USR557Nb,QKD9z6mAP3ugeqEeWZvyTjBa1y4n9LfwP3WG8,2024-01-01,1000.0,1,0.0,1000.0,1000.0,1000.0,1000.0,"{""Finance"": 1}"
stats_4334,USR557Nb,QKD9z6mAP3ugeqEeWZvyTjBa1y4n9LfwP3WG8,2024-02-01,1000.0,1,0.0,1000.0,1000.0,1000.0,1000.0,"{""Finance"": 1}"
stats_4335,USR557Nb,QKD9z6mAP3ugeqEeWZvyTjBa1y4n9LfwP3WG8,2024-03-01,1000.0,1,0.0,1000.0,1000.0,1000.0,1000.0,"{""Finance"": 1}"
stats_4336,USR557Nb,QKD9z6mAP3ugeqEeWZvyTjBa1y4n9LfwP3WG8,2024-04-01,1000.0,1,0.0,1000.0,1000.0,1000.0,1000.0,"{""Finance"": 1}"
stats_4337,USR557Nb,QKD9z6mAP3ugeqEeWZvyTjBa1y4n9LfwP3WG8,2024-05-01,1000.0,1,0.0,1000.0,1000.0,1000.0,1000.0,"{""Finance"": 1}"
stats_4338,USR557Nb,QKD9z6mAP3ugeqEeWZvyTjBa1y4n9LfwP3WG8,2024-06-01,1000.0,1,0.0,1000.0,1000.0,1000.0,1000.0,"{""Finance"": 1}"
stats_4339,USR557Nb,QKD9z6mAP3ugeqEeWZvyTjBa1y4n9LfwP3WG8,2024-07-01,1000.0,1,0.0,1000.0,1000.0,1000.0,1000.0,"{""Finance"": 1}"
stats_4340,USR557Nb,QKD9z6mAP3ugeqEeWZvyTjBa1y4n9LfwP3WG8,2024-08-01,1000.0,1,0.0,1000.0,1000.0,1000.0,1000.0,"{""Finance"": 1}"
stats_4341,USR557Nb,QKD9z6mAP3ugeqEeWZvyTjBa1y4n9LfwP3WG8,2024-09-01,1000.0,1,0.0,1000.0,1000.0,1000.0,1000.0,"{""Finance"": 1}"
stats_4342,USR557Nb,QKD9z6mAP3ugeqEeWZvyTjBa1y4n9LfwP3WG8,2024-10-01,1000.0,1,0.0,1000.0,1000.0,1000.0,1000.0,"{""Finance"": 1}"
stats_4343,USR557Nb,QKD9z6mAP3ugeqEeWZvyTjBa1y4n9LfwP3WG8,2024-11-01,1000.0,1,0.0,1000.0,1000.0,1000.0,1000.0,"{""Finance"": 1}"
stats_4344,USR557Nb,QKD9z6mAP3ugeqEeWZvyTjBa1y4n9LfwP3WG8,2024-12-01,1000.0,1,0.0,1000.0,1000.0,1000.0,1000.0,"{""Finance"": 1}"
stats_4345,USR557Nb,QKD9z6mAP3ugeqEeWZvyTjBa1y4n9LfwP3WG8,2025-01-01,1000.0,1,0.0,1000.0,1000.0,1000.0,1000.0,"{""Finance"": 1}"
stats_4346,USR557Nb,QKD9z6mAP3ugeqEeWZvyTjBa1y4n9LfwP3WG8,2025-02-01,1000.0,1,0.0,1000.0,1000.0,1000.0,1000.0,"{""Finance"": 1}"
stats_4347,USR557Nb,QKD9z6mAP3ugeqEeWZvyTjBa1y4n9LfwP3WG8,2025-03-01,1000.0,1,0.0,1000.0,1000.0,1000.0,1000.0,"{""Finance"": 1}"
stats_4348,USR557Nb,QKD9z6mAP3ugeqEeWZvyTjBa1y4n9LfwP3WG8,2025-04-01,1000.0,1,0.0,1000.0,1000.0,1000.0,1000.0,"{""Finance"": 1}"
stats_4349,USR557Nb,QKD9z6mAP3ugeqEeWZvyTjBa1y4n9LfwP3WG8,2025-05-01,1000.0,1,0.0,1000.0,1000.0,1000.0,1000.0,"{""Finance"": 1}"
stats_4350,USR557Nb,QKD9z6mAP3ugeqEeWZvyTjBa1y4n9LfwP3WG8,2025-06-01,1000.0,1,0.0,1000.0,1000.0,1000.0,1000.0,"{""Finance"": 1}"
stats_4351,USR557Nb,QKD9z6mAP3ugeqEeWZvyTjBa1y4n9LfwP3WG8,2025-07-01,1000.0,1,0.0,1000.0,1000.0,1000.0,1000.0,"{""Finance"": 1}"
stats_4352,USR557Nb,QKD9z6mAP3ugeqEeWZvyTjBa1y4n9LfwP3WG8,2025-08-01,1000.0,1,0.0,1000.0,1000.0,1000.0,1000.0,"{""Finance"": 1}"
stats_4353,USR557Nb,QKD9z6mAP3ugeqEeWZvyTjBa1y4n9LfwP3WG8,2025-09-01,1000.0,1,0.0,1000.0,1000.0,1000.0,1000.0,"{""Finance"": 1}"
stats_4354,USR888CC,ZNWdb6eAzmsEk4akbWvMTgVx3Z1ARQuearDJ5,2023-10-01,78.5,1,0.0,78.5,78.5,78.5,78.5,"{""Fitness"": 1}"
stats_4355,USR888CC,ZNWdb6eAzmsEk4akbWvMTgVx3Z1ARQuearDJ5,2023-11-01,4157.0,6,0.0,4157.0,692.83,2078.5,2078.5,"{""Finance"": 2, ""Fitness"": 2, ""Food and Dining"": 1, ""Transportation"": 1}"
stats_4356,USR888CC,ZNWdb6eAzmsEk4akbWvMTgVx3Z1ARQuearDJ5,2023-12-01,4157.0,6,0.0,4157.0,692.83,2078.5,2078.5,"{""Fitness"": 2, ""Finance"": 2, ""Food and Dining"": 1, ""Transportation"": 1}"
stats_4357,USR888CC,ZNWdb6eAzmsEk4akbWvMTgVx3Z1ARQuearDJ5,2024-01-01,4157.0,6,0.0,4157.0,692.83,2078.5,2078.5,"{""Fitness"": 2, ""Finance"": 2, ""Food and Dining"": 1, ""Transportation"": 1}"
stats_4358,USR888CC,ZNWdb6eAzmsEk4akbWvMTgVx3Z1ARQuearDJ5,2024-02-01,4157.0,6,0.0,4157.0,692.83,2078.5,2078.5,"{""Finance"": 2, ""Fitness"": 2, ""Food and Dining"": 1, ""Transportation"": 1}"
stats_4359,USR888CC,ZNWdb6eAzmsEk4akbWvMTgVx3Z1ARQuearDJ5,2024-03-01,4157.0,6,0.0,4157.0,692.83,2078.5,2078.5,"{""Finance"": 2, ""Fitness"": 2, ""Food and Dining"": 1, ""Transportation"": 1}"
stats_4360,USR888CC,ZNWdb6eAzmsEk4akbWvMTgVx3Z1ARQuearDJ5,2024-04-01,4157.0,6,0.0,4157.0,692.83,2078.5,2078.5,"{""Finance"": 2, ""Fitness"": 2, ""Food and Dining"": 1, ""Transportation"": 1}"
stats_4361,USR888CC,ZNWdb6eAzmsEk4akbWvMTgVx3Z1ARQuearDJ5,2024-05-01,4157.0,6,0.0,4157.0,692.83,2078.5,2078.5,"{""Fitness"": 2, ""Finance"": 2, ""Food and Dining"": 1, ""Transportation"": 1}"
stats_4362,USR888CC,ZNWdb6eAzmsEk4akbWvMTgVx3Z1ARQuearDJ5,2024-06-01,4157.0,6,0.0,4157.0,692.83,2078.5,2078.5,"{""Finance"": 2, ""Fitness"": 2, ""Food and Dining"": 1, ""Transportation"": 1}"
stats_4363,USR888CC,ZNWdb6eAzmsEk4akbWvMTgVx3Z1ARQuearDJ5,2024-07-01,4157.0,6,0.0,4157.0,692.83,2078.5,2078.5,"{""Fitness"": 2, ""Finance"": 2, ""Food and Dining"": 1, ""Transportation"": 1}"
stats_4364,USR888CC,ZNWdb6eAzmsEk4akbWvMTgVx3Z1ARQuearDJ5,2024-08-01,7235.5,9,0.0,7235.5,803.94,2078.5,2078.5,"{""Finance"": 3, ""Fitness"": 3, ""Food and Dining"": 2, ""Transportation"": 1}"
stats_4365,USR888CC,ZNWdb6eAzmsEk4akbWvMTgVx3Z1ARQuearDJ5,2024-09-01,4157.0,6,0.0,4157.0,692.83,2078.5,2078.5,"{""Finance"": 2, ""Fitness"": 2, ""Transportation"": 1, ""Food and Dining"": 1}"
stats_4366,USR888CC,ZNWdb6eAzmsEk4akbWvMTgVx3Z1ARQuearDJ5,2024-10-01,4657.0,7,0.0,4657.0,665.29,2078.5,2078.5,"{""Finance"": 3, ""Fitness"": 2, ""Transportation"": 1, ""Food and Dining"": 1}"
stats_4367,USR888CC,ZNWdb6eAzmsEk4akbWvMTgVx3Z1ARQuearDJ5,2024-11-01,4157.0,6,0.0,4157.0,692.83,2078.5,2078.5,"{""Fitness"": 2, ""Finance"": 2, ""Transportation"": 1, ""Food and Dining"": 1}"
stats_4368,USR888CC,ZNWdb6eAzmsEk4akbWvMTgVx3Z1ARQuearDJ5,2024-12-01,4157.0,6,0.0,4157.0,692.83,2078.5,2078.5,"{""Fitness"": 2, ""Finance"": 2, ""Transportation"": 1, ""Food and Dining"": 1}"
stats_4369,USR888CC,ZNWdb6eAzmsEk4akbWvMTgVx3Z1ARQuearDJ5,2025-01-01,4157.0,6,0.0,4157.0,692.83,2078.5,2078.5,"{""Fitness"": 2, ""Finance"": 2, ""Transportation"": 1, ""Food and Dining"": 1}"
stats_4370,USR888CC,ZNWdb6eAzmsEk4akbWvMTgVx3Z1ARQuearDJ5,2025-02-01,4157.0,6,0.0,4157.0,692.83,2078.5,2078.5,"{""Fitness"": 2, ""Finance"": 2, ""Transportation"": 1, ""Food and Dining"": 1}"
stats_4371,USR888CC,ZNWdb6eAzmsEk4akbWvMTgVx3Z1ARQuearDJ5,2025-03-01,4157.0,6,0.0,4157.0,692.83,2078.5,2078.5,"{""Fitness"": 2, ""Finance"": 2, ""Transportation"": 1, ""Food and Dining"": 1}"
stats_4372,USR888CC,ZNWdb6eAzmsEk4akbWvMTgVx3Z1ARQuearDJ5,2025-04-01,4157.0,6,0.0,4157.0,692.83,2078.5,2078.5,"{""Fitness"": 2, ""Finance"": 2, ""Transportation"": 1, ""Food and Dining"": 1}"
stats_4373,USR888CC,ZNWdb6eAzmsEk4akbWvMTgVx3Z1ARQuearDJ5,2025-05-01,4157.0,6,0.0,4157.0,692.83,2078.5,2078.5,"{""Fitness"": 2, ""Finance"": 2, ""Transportation"": 1, ""Food and Dining"": 1}"
stats_4374,USR888CC,ZNWdb6eAzmsEk4akbWvMTgVx3Z1ARQuearDJ5,2025-06-01,4157.0,6,0.0,4157.0,692.83,2078.5,2078.5,"{""Fitness"": 2, ""Finance"": 2, ""Transportation"": 1, ""Food and Dining"": 1}"
stats_4375,USR888CC,ZNWdb6eAzmsEk4akbWvMTgVx3Z1ARQuearDJ5,2025-07-01,4157.0,6,0.0,4157.0,692.83,2078.5,2078.5,"{""Fitness"": 2, ""Finance"": 2, ""Transportation"": 1, ""Food and Dining"": 1}"
stats_4376,USR888CC,ZNWdb6eAzmsEk4akbWvMTgVx3Z1ARQuearDJ5,2025-08-01,4157.0,6,0.0,4157.0,692.83,2078.5,2078.5,"{""Fitness"": 2, ""Finance"": 2, ""Transportation"": 1, ""Food and Dining"": 1}"
stats_4377,USR888CC,ZNWdb6eAzmsEk4akbWvMTgVx3Z1ARQuearDJ5,2025-09-01,4157.0,6,0.0,4157.0,692.83,2078.5,2078.5,"{""Fitness"": 2, ""Finance"": 2, ""Transportation"": 1, ""Food and Dining"": 1}"
stats_4378,USR888CC,ZNWdb6eAzmsEk4akbWvMTgVx3Z1ARQuearDJ5,2025-10-01,500.0,1,0.0,500.0,500.0,500.0,500.0,"{""Transportation"": 1}"
stats_4379,USR101Ec,MADEl6oVdKtk9W49Lo3xsa9JLEjRwBULXe84K,2023-10-01,5850.0,1,0.0,5850.0,5850.0,5850.0,5850.0,"{""Finance"": 1}"
stats_4380,USR101Ec,MADEl6oVdKtk9W49Lo3xsa9JLEjRwBULXe84K,2023-11-01,5850.0,1,0.0,5850.0,5850.0,5850.0,5850.0,"{""Finance"": 1}"
stats_4381,USR101Ec,MADEl6oVdKtk9W49Lo3xsa9JLEjRwBULXe84K,2023-12-01,5850.0,1,0.0,5850.0,5850.0,5850.0,5850.0,"{""Finance"": 1}"
stats_4382,USR101Ec,MADEl6oVdKtk9W49Lo3xsa9JLEjRwBULXe84K,2024-01-01,5850.0,1,0.0,5850.0,5850.0,5850.0,5850.0,"{""Finance"": 1}"
stats_4383,USR101Ec,MADEl6oVdKtk9W49Lo3xsa9JLEjRwBULXe84K,2024-02-01,5850.0,1,0.0,5850.0,5850.0,5850.0,5850.0,"{""Finance"": 1}"
stats_4384,USR101Ec,MADEl6oVdKtk9W49Lo3xsa9JLEjRwBULXe84K,2024-03-01,5850.0,1,0.0,5850.0,5850.0,5850.0,5850.0,"{""Finance"": 1}"
stats_4385,USR101Ec,MADEl6oVdKtk9W49Lo3xsa9JLEjRwBULXe84K,2024-04-01,5850.0,1,0.0,5850.0,5850.0,5850.0,5850.0,"{""Finance"": 1}"
stats_4386,USR101Ec,MADEl6oVdKtk9W49Lo3xsa9JLEjRwBULXe84K,2024-05-01,5850.0,1,0.0,5850.0,5850.0,5850.0,5850.0,"{""Finance"": 1}"
stats_4387,USR101Ec,MADEl6oVdKtk9W49Lo3xsa9JLEjRwBULXe84K,2024-06-01,5850.0,1,0.0,5850.0,5850.0,5850.0,5850.0,"{""Finance"": 1}"
stats_4388,USR101Ec,MADEl6oVdKtk9W49Lo3xsa9JLEjRwBULXe84K,2024-07-01,5850.0,1,0.0,5850.0,5850.0,5850.0,5850.0,"{""Finance"": 1}"
stats_4389,USR101Ec,MADEl6oVdKtk9W49Lo3xsa9JLEjRwBULXe84K,2024-08-01,5850.0,1,0.0,5850.0,5850.0,5850.0,5850.0,"{""Finance"": 1}"
stats_4390,USR101Ec,MADEl6oVdKtk9W49Lo3xsa9JLEjRwBULXe84K,2024-09-01,5850.0,1,0.0,5850.0,5850.0,5850.0,5850.0,"{""Finance"": 1}"
stats_4391,USR101Ec,MADEl6oVdKtk9W49Lo3xsa9JLEjRwBULXe84K,2024-10-01,5850.0,1,0.0,5850.0,5850.0,5850.0,5850.0,"{""Finance"": 1}"
stats_4392,USR101Ec,MADEl6oVdKtk9W49Lo3xsa9JLEjRwBULXe84K,2024-11-01,5850.0,1,0.0,5850.0,5850.0,5850.0,5850.0,"{""Finance"": 1}"
stats_4393,USR101Ec,MADEl6oVdKtk9W49Lo3xsa9JLEjRwBULXe84K,2024-12-01,5850.0,1,0.0,5850.0,5850.0,5850.0,5850.0,"{""Finance"": 1}"
stats_4394,USR101Ec,MADEl6oVdKtk9W49Lo3xsa9JLEjRwBULXe84K,2025-01-01,5850.0,1,0.0,5850.0,5850.0,5850.0,5850.0,"{""Finance"": 1}"
stats_4395,USR101Ec,MADEl6oVdKtk9W49Lo3xsa9JLEjRwBULXe84K,2025-02-01,5850.0,1,0.0,5850.0,5850.0,5850.0,5850.0,"{""Finance"": 1}"
stats_4396,USR101Ec,MADEl6oVdKtk9W49Lo3xsa9JLEjRwBULXe84K,2025-03-01,5850.0,1,0.0,5850.0,5850.0,5850.0,5850.0,"{""Finance"": 1}"
stats_4397,USR101Ec,MADEl6oVdKtk9W49Lo3xsa9JLEjRwBULXe84K,2025-04-01,5850.0,1,0.0,5850.0,5850.0,5850.0,5850.0,"{""Finance"": 1}"
stats_4398,USR101Ec,MADEl6oVdKtk9W49Lo3xsa9JLEjRwBULXe84K,2025-05-01,5850.0,1,0.0,5850.0,5850.0,5850.0,5850.0,"{""Finance"": 1}"
stats_4399,USR101Ec,MADEl6oVdKtk9W49Lo3xsa9JLEjRwBULXe84K,2025-06-01,5850.0,1,0.0,5850.0,5850.0,5850.0,5850.0,"{""Finance"": 1}"
stats_4400,USR101Ec,MADEl6oVdKtk9W49Lo3xsa9JLEjRwBULXe84K,2025-07-01,5850.0,1,0.0,5850.0,5850.0,5850.0,5850.0,"{""Finance"": 1}"
stats_4401,USR101Ec,MADEl6oVdKtk9W49Lo3xsa9JLEjRwBULXe84K,2025-08-01,5850.0,1,0.0,5850.0,5850.0,5850.0,5850.0,"{""Finance"": 1}"
stats_4402,USR101Ec,MADEl6oVdKtk9W49Lo3xsa9JLEjRwBULXe84K,2025-09-01,5850.0,1,0.0,5850.0,5850.0,5850.0,5850.0,"{""Finance"": 1}"
stats_4403,USR542rd,83rVqGRwKGh7BEQrErMNSvjLKd1WXAuW1ZvRr,2023-10-01,-388.87,5,-500.0,111.13,-77.77,89.4,-500.0,"{""Food and Dining"": 2, ""Transportation"": 2, ""Groceries"": 1}"
stats_4404,USR542rd,83rVqGRwKGh7BEQrErMNSvjLKd1WXAuW1ZvRr,2023-11-01,-382.54,6,-500.0,117.46,-63.76,89.4,-500.0,"{""Transportation"": 3, ""Food and Dining"": 2, ""Groceries"": 1}"
stats_4405,USR542rd,83rVqGRwKGh7BEQrErMNSvjLKd1WXAuW1ZvRr,2023-12-01,-382.54,6,-500.0,117.46,-63.76,89.4,-500.0,"{""Transportation"": 3, ""Food and Dining"": 2, ""Groceries"": 1}"
stats_4406,USR542rd,83rVqGRwKGh7BEQrErMNSvjLKd1WXAuW1ZvRr,2024-01-01,-382.54,6,-500.0,117.46,-63.76,89.4,-500.0,"{""Transportation"": 3, ""Food and Dining"": 2, ""Groceries"": 1}"
stats_4407,USR542rd,83rVqGRwKGh7BEQrErMNSvjLKd1WXAuW1ZvRr,2024-02-01,-382.54,6,-500.0,117.46,-63.76,89.4,-500.0,"{""Transportation"": 3, ""Food and Dining"": 2, ""Groceries"": 1}"
stats_4408,USR542rd,83rVqGRwKGh7BEQrErMNSvjLKd1WXAuW1ZvRr,2024-03-01,-382.54,6,-500.0,117.46,-63.76,89.4,-500.0,"{""Transportation"": 3, ""Food and Dining"": 2, ""Groceries"": 1}"
stats_4409,USR542rd,83rVqGRwKGh7BEQrErMNSvjLKd1WXAuW1ZvRr,2024-04-01,-382.54,6,-500.0,117.46,-63.76,89.4,-500.0,"{""Transportation"": 3, ""Food and Dining"": 2, ""Groceries"": 1}"
stats_4410,USR542rd,83rVqGRwKGh7BEQrErMNSvjLKd1WXAuW1ZvRr,2024-05-01,-382.54,6,-500.0,117.46,-63.76,89.4,-500.0,"{""Transportation"": 3, ""Food and Dining"": 2, ""Groceries"": 1}"
stats_4411,USR542rd,83rVqGRwKGh7BEQrErMNSvjLKd1WXAuW1ZvRr,2024-06-01,-382.54,6,-500.0,117.46,-63.76,89.4,-500.0,"{""Transportation"": 3, ""Food and Dining"": 2, ""Groceries"": 1}"
stats_4412,USR542rd,83rVqGRwKGh7BEQrErMNSvjLKd1WXAuW1ZvRr,2024-07-01,-382.54,6,-500.0,117.46,-63.76,89.4,-500.0,"{""Transportation"": 3, ""Food and Dining"": 2, ""Groceries"": 1}"
stats_4413,USR542rd,83rVqGRwKGh7BEQrErMNSvjLKd1WXAuW1ZvRr,2024-08-01,-382.54,6,-500.0,117.46,-63.76,89.4,-500.0,"{""Transportation"": 3, ""Food and Dining"": 2, ""Groceries"": 1}"
stats_4414,USR542rd,83rVqGRwKGh7BEQrErMNSvjLKd1WXAuW1ZvRr,2024-09-01,-382.54,6,-500.0,117.46,-63.76,89.4,-500.0,"{""Transportation"": 3, ""Food and Dining"": 2, ""Groceries"": 1}"
stats_4415,USR542rd,83rVqGRwKGh7BEQrErMNSvjLKd1WXAuW1ZvRr,2024-10-01,-382.54,6,-500.0,117.46,-63.76,89.4,-500.0,"{""Transportation"": 3, ""Food and Dining"": 2, ""Groceries"": 1}"
stats_4416,USR542rd,83rVqGRwKGh7BEQrErMNSvjLKd1WXAuW1ZvRr,2024-11-01,-382.54,6,-500.0,117.46,-63.76,89.4,-500.0,"{""Transportation"": 3, ""Food and Dining"": 2, ""Groceries"": 1}"
stats_4417,USR542rd,83rVqGRwKGh7BEQrErMNSvjLKd1WXAuW1ZvRr,2024-12-01,-382.54,6,-500.0,117.46,-63.76,89.4,-500.0,"{""Transportation"": 3, ""Food and Dining"": 2, ""Groceries"": 1}"
stats_4418,USR542rd,83rVqGRwKGh7BEQrErMNSvjLKd1WXAuW1ZvRr,2025-01-01,-382.54,6,-500.0,117.46,-63.76,89.4,-500.0,"{""Transportation"": 3, ""Food and Dining"": 2, ""Groceries"": 1}"
stats_4419,USR542rd,83rVqGRwKGh7BEQrErMNSvjLKd1WXAuW1ZvRr,2025-02-01,-382.54,6,-500.0,117.46,-63.76,89.4,-500.0,"{""Transportation"": 3, ""Food and Dining"": 2, ""Groceries"": 1}"
stats_4420,USR542rd,83rVqGRwKGh7BEQrErMNSvjLKd1WXAuW1ZvRr,2025-03-01,-382.54,6,-500.0,117.46,-63.76,89.4,-500.0,"{""Transportation"": 3, ""Food and Dining"": 2, ""Groceries"": 1}"
stats_4421,USR542rd,83rVqGRwKGh7BEQrErMNSvjLKd1WXAuW1ZvRr,2025-04-01,-382.54,6,-500.0,117.46,-63.76,89.4,-500.0,"{""Transportation"": 3, ""Food and Dining"": 2, ""Groceries"": 1}"
stats_4422,USR542rd,83rVqGRwKGh7BEQrErMNSvjLKd1WXAuW1ZvRr,2025-05-01,-382.54,6,-500.0,117.46,-63.76,89.4,-500.0,"{""Transportation"": 3, ""Food and Dining"": 2, ""Groceries"": 1}"
stats_4423,USR542rd,83rVqGRwKGh7BEQrErMNSvjLKd1WXAuW1ZvRr,2025-06-01,-382.54,6,-500.0,117.46,-63.76,89.4,-500.0,"{""Transportation"": 3, ""Food and Dining"": 2, ""Groceries"": 1}"
stats_4424,USR542rd,83rVqGRwKGh7BEQrErMNSvjLKd1WXAuW1ZvRr,2025-07-01,-376.21,7,-500.0,123.79,-53.74,89.4,-500.0,"{""Transportation"": 4, ""Food and Dining"": 2, ""Groceries"": 1}"
stats_4425,USR542rd,83rVqGRwKGh7BEQrErMNSvjLKd1WXAuW1ZvRr,2025-08-01,-382.54,6,-500.0,117.46,-63.76,89.4,-500.0,"{""Transportation"": 3, ""Food and Dining"": 2, ""Groceries"": 1}"
stats_4426,USR542rd,83rVqGRwKGh7BEQrErMNSvjLKd1WXAuW1ZvRr,2025-09-01,-382.54,6,-500.0,117.46,-63.76,89.4,-500.0,"{""Transportation"": 3, ""Food and Dining"": 2, ""Groceries"": 1}"
stats_4427,USR542rd,83rVqGRwKGh7BEQrErMNSvjLKd1WXAuW1ZvRr,2025-10-01,89.4,1,0.0,89.4,89.4,89.4,89.4,"{""Groceries"": 1}"
stats_4428,USR628FF,E1QEv4rNe4tBEvZGvGLaIqZRgyGejrt4RgZMV,2023-10-01,20.78,2,-4.22,25.0,10.39,25.0,25.0,"{""Finance"": 2}"
stats_4429,USR628FF,E1QEv4rNe4tBEvZGvGLaIqZRgyGejrt4RgZMV,2023-11-01,20.78,2,-4.22,25.0,10.39,25.0,25.0,"{""Finance"": 2}"
stats_4430,USR628FF,E1QEv4rNe4tBEvZGvGLaIqZRgyGejrt4RgZMV,2023-12-01,20.78,2,-4.22,25.0,10.39,25.0,25.0,"{""Finance"": 2}"
stats_4431,USR628FF,E1QEv4rNe4tBEvZGvGLaIqZRgyGejrt4RgZMV,2024-01-01,20.78,2,-4.22,25.0,10.39,25.0,25.0,"{""Finance"": 2}"
stats_4432,USR628FF,E1QEv4rNe4tBEvZGvGLaIqZRgyGejrt4RgZMV,2024-02-01,20.78,2,-4.22,25.0,10.39,25.0,25.0,"{""Finance"": 2}"
stats_4433,USR628FF,E1QEv4rNe4tBEvZGvGLaIqZRgyGejrt4RgZMV,2024-03-01,20.78,2,-4.22,25.0,10.39,25.0,25.0,"{""Finance"": 2}"
stats_4434,USR628FF,E1QEv4rNe4tBEvZGvGLaIqZRgyGejrt4RgZMV,2024-04-01,20.78,2,-4.22,25.0,10.39,25.0,25.0,"{""Finance"": 2}"
stats_4435,USR628FF,E1QEv4rNe4tBEvZGvGLaIqZRgyGejrt4RgZMV,2024-05-01,20.78,2,-4.22,25.0,10.39,25.0,25.0,"{""Finance"": 2}"
stats_4436,USR628FF,E1QEv4rNe4tBEvZGvGLaIqZRgyGejrt4RgZMV,2024-06-01,20.78,2,-4.22,25.0,10.39,25.0,25.0,"{""Finance"": 2}"
stats_4437,USR628FF,E1QEv4rNe4tBEvZGvGLaIqZRgyGejrt4RgZMV,2024-07-01,20.78,2,-4.22,25.0,10.39,25.0,25.0,"{""Finance"": 2}"
stats_4438,USR628FF,E1QEv4rNe4tBEvZGvGLaIqZRgyGejrt4RgZMV,2024-08-01,20.78,2,-4.22,25.0,10.39,25.0,25.0,"{""Finance"": 2}"
stats_4439,USR628FF,E1QEv4rNe4tBEvZGvGLaIqZRgyGejrt4RgZMV,2024-09-01,20.78,2,-4.22,25.0,10.39,25.0,25.0,"{""Finance"": 2}"
stats_4440,USR628FF,E1QEv4rNe4tBEvZGvGLaIqZRgyGejrt4RgZMV,2024-10-01,20.78,2,-4.22,25.0,10.39,25.0,25.0,"{""Finance"": 2}"
stats_4441,USR628FF,E1QEv4rNe4tBEvZGvGLaIqZRgyGejrt4RgZMV,2024-11-01,20.78,2,-4.22,25.0,10.39,25.0,25.0,"{""Finance"": 2}"
stats_4442,USR628FF,E1QEv4rNe4tBEvZGvGLaIqZRgyGejrt4RgZMV,2024-12-01,20.78,2,-4.22,25.0,10.39,25.0,25.0,"{""Finance"": 2}"
stats_4443,USR628FF,E1QEv4rNe4tBEvZGvGLaIqZRgyGejrt4RgZMV,2025-01-01,20.78,2,-4.22,25.0,10.39,25.0,25.0,"{""Finance"": 2}"
stats_4444,USR628FF,E1QEv4rNe4tBEvZGvGLaIqZRgyGejrt4RgZMV,2025-02-01,20.78,2,-4.22,25.0,10.39,25.0,25.0,"{""Finance"": 2}"
stats_4445,USR628FF,E1QEv4rNe4tBEvZGvGLaIqZRgyGejrt4RgZMV,2025-03-01,20.78,2,-4.22,25.0,10.39,25.0,25.0,"{""Finance"": 2}"
stats_4446,USR628FF,E1QEv4rNe4tBEvZGvGLaIqZRgyGejrt4RgZMV,2025-04-01,20.78,2,-4.22,25.0,10.39,25.0,25.0,"{""Finance"": 2}"
stats_4447,USR628FF,E1QEv4rNe4tBEvZGvGLaIqZRgyGejrt4RgZMV,2025-05-01,20.78,2,-4.22,25.0,10.39,25.0,25.0,"{""Finance"": 2}"
stats_4448,USR628FF,E1QEv4rNe4tBEvZGvGLaIqZRgyGejrt4RgZMV,2025-06-01,20.78,2,-4.22,25.0,10.39,25.0,25.0,"{""Finance"": 2}"
stats_4449,USR628FF,E1QEv4rNe4tBEvZGvGLaIqZRgyGejrt4RgZMV,2025-07-01,20.78,2,-4.22,25.0,10.39,25.0,25.0,"{""Finance"": 2}"
stats_4450,USR628FF,E1QEv4rNe4tBEvZGvGLaIqZRgyGejrt4RgZMV,2025-08-01,20.78,2,-4.22,25.0,10.39,25.0,25.0,"{""Finance"": 2}"
stats_4451,USR628FF,E1QEv4rNe4tBEvZGvGLaIqZRgyGejrt4RgZMV,2025-09-01,20.78,2,-4.22,25.0,10.39,25.0,25.0,"{""Finance"": 2}"
stats_4452,USR628FF,E1QEv4rNe4tBEvZGvGLaIqZRgyGejrt4RgZMV,2025-10-01,-4.22,1,-4.22,0.0,-4.22,-4.22,-4.22,"{""Finance"": 1}"
stats_4453,USR981sU,LWkyoZbjlZhxaARKAKwGFdbypNjJn8tkQegmq,2023-10-01,1000.0,1,0.0,1000.0,1000.0,1000.0,1000.0,"{""Finance"": 1}"
stats_4454,USR981sU,LWkyoZbjlZhxaARKAKwGFdbypNjJn8tkQegmq,2023-11-01,1000.0,1,0.0,1000.0,1000.0,1000.0,1000.0,"{""Finance"": 1}"
stats_4455,USR981sU,LWkyoZbjlZhxaARKAKwGFdbypNjJn8tkQegmq,2023-12-01,1000.0,1,0.0,1000.0,1000.0,1000.0,1000.0,"{""Finance"": 1}"
stats_4456,USR981sU,LWkyoZbjlZhxaARKAKwGFdbypNjJn8tkQegmq,2024-01-01,1000.0,1,0.0,1000.0,1000.0,1000.0,1000.0,"{""Finance"": 1}"
stats_4457,USR981sU,LWkyoZbjlZhxaARKAKwGFdbypNjJn8tkQegmq,2024-02-01,1000.0,1,0.0,1000.0,1000.0,1000.0,1000.0,"{""Finance"": 1}"
stats_4458,USR981sU,LWkyoZbjlZhxaARKAKwGFdbypNjJn8tkQegmq,2024-03-01,1000.0,1,0.0,1000.0,1000.0,1000.0,1000.0,"{""Finance"": 1}"
stats_4459,USR981sU,LWkyoZbjlZhxaARKAKwGFdbypNjJn8tkQegmq,2024-04-01,1000.0,1,0.0,1000.0,1000.0,1000.0,1000.0,"{""Finance"": 1}"
stats_4460,USR981sU,LWkyoZbjlZhxaARKAKwGFdbypNjJn8tkQegmq,2024-05-01,1000.0,1,0.0,1000.0,1000.0,1000.0,1000.0,"{""Finance"": 1}"
stats_4461,USR981sU,LWkyoZbjlZhxaARKAKwGFdbypNjJn8tkQegmq,2024-06-01,1000.0,1,0.0,1000.0,1000.0,1000.0,1000.0,"{""Finance"": 1}"
stats_4462,USR981sU,LWkyoZbjlZhxaARKAKwGFdbypNjJn8tkQegmq,2024-07-01,1000.0,1,0.0,1000.0,1000.0,1000.0,1000.0,"{""Finance"": 1}"
stats_4463,USR981sU,LWkyoZbjlZhxaARKAKwGFdbypNjJn8tkQegmq,2024-08-01,1000.0,1,0.0,1000.0,1000.0,1000.0,1000.0,"{""Finance"": 1}"
stats_4464,USR981sU,LWkyoZbjlZhxaARKAKwGFdbypNjJn8tkQegmq,2024-09-01,1000.0,1,0.0,1000.0,1000.0,1000.0,1000.0,"{""Finance"": 1}"
stats_4465,USR981sU,LWkyoZbjlZhxaARKAKwGFdbypNjJn8tkQegmq,2024-10-01,1000.0,1,0.0,1000.0,1000.0,1000.0,1000.0,"{""Finance"": 1}"
stats_4466,USR981sU,LWkyoZbjlZhxaARKAKwGFdbypNjJn8tkQegmq,2024-11-01,1000.0,1,0.0,1000.0,1000.0,1000.0,1000.0,"{""Finance"": 1}"
stats_4467,USR981sU,LWkyoZbjlZhxaARKAKwGFdbypNjJn8tkQegmq,2024-12-01,1000.0,1,0.0,1000.0,1000.0,1000.0,1000.0,"{""Finance"": 1}"
stats_4468,USR981sU,LWkyoZbjlZhxaARKAKwGFdbypNjJn8tkQegmq,2025-01-01,1000.0,1,0.0,1000.0,1000.0,1000.0,1000.0,"{""Finance"": 1}"
stats_4469,USR981sU,LWkyoZbjlZhxaARKAKwGFdbypNjJn8tkQegmq,2025-02-01,1000.0,1,0.0,1000.0,1000.0,1000.0,1000.0,"{""Finance"": 1}"
stats_4470,USR981sU,LWkyoZbjlZhxaARKAKwGFdbypNjJn8tkQegmq,2025-03-01,1000.0,1,0.0,1000.0,1000.0,1000.0,1000.0,"{""Finance"": 1}"
stats_4471,USR981sU,LWkyoZbjlZhxaARKAKwGFdbypNjJn8tkQegmq,2025-04-01,1000.0,1,0.0,1000.0,1000.0,1000.0,1000.0,"{""Finance"": 1}"
stats_4472,USR981sU,LWkyoZbjlZhxaARKAKwGFdbypNjJn8tkQegmq,2025-05-01,1000.0,1,0.0,1000.0,1000.0,1000.0,1000.0,"{""Finance"": 1}"
stats_4473,USR981sU,LWkyoZbjlZhxaARKAKwGFdbypNjJn8tkQegmq,2025-06-01,1000.0,1,0.0,1000.0,1000.0,1000.0,1000.0,"{""Finance"": 1}"
stats_4474,USR981sU,LWkyoZbjlZhxaARKAKwGFdbypNjJn8tkQegmq,2025-07-01,1000.0,1,0.0,1000.0,1000.0,1000.0,1000.0,"{""Finance"": 1}"
stats_4475,USR981sU,LWkyoZbjlZhxaARKAKwGFdbypNjJn8tkQegmq,2025-08-01,1000.0,1,0.0,1000.0,1000.0,1000.0,1000.0,"{""Finance"": 1}"
stats_4476,USR981sU,LWkyoZbjlZhxaARKAKwGFdbypNjJn8tkQegmq,2025-09-01,1000.0,1,0.0,1000.0,1000.0,1000.0,1000.0,"{""Finance"": 1}"
stats_4477,USR138nO,pzBp9VXLwVIo1v9kvk48S5bEdKakRZhprJ9qX,2023-10-01,78.5,1,0.0,78.5,78.5,78.5,78.5,"{""Fitness"": 1}"
stats_4478,USR138nO,pzBp9VXLwVIo1v9kvk48S5bEdKakRZhprJ9qX,2023-11-01,4157.0,6,0.0,4157.0,692.83,2078.5,2078.5,"{""Finance"": 2, ""Fitness"": 2, ""Food and Dining"": 1, ""Transportation"": 1}"
stats_4479,USR138nO,pzBp9VXLwVIo1v9kvk48S5bEdKakRZhprJ9qX,2023-12-01,4157.0,6,0.0,4157.0,692.83,2078.5,2078.5,"{""Fitness"": 2, ""Finance"": 2, ""Food and Dining"": 1, ""Transportation"": 1}"
stats_4480,USR138nO,pzBp9VXLwVIo1v9kvk48S5bEdKakRZhprJ9qX,2024-01-01,4157.0,6,0.0,4157.0,692.83,2078.5,2078.5,"{""Finance"": 2, ""Fitness"": 2, ""Food and Dining"": 1, ""Transportation"": 1}"
stats_4481,USR138nO,pzBp9VXLwVIo1v9kvk48S5bEdKakRZhprJ9qX,2024-02-01,4157.0,6,0.0,4157.0,692.83,2078.5,2078.5,"{""Fitness"": 2, ""Finance"": 2, ""Food and Dining"": 1, ""Transportation"": 1}"
stats_4482,USR138nO,pzBp9VXLwVIo1v9kvk48S5bEdKakRZhprJ9qX,2024-03-01,4157.0,6,0.0,4157.0,692.83,2078.5,2078.5,"{""Finance"": 2, ""Fitness"": 2, ""Food and Dining"": 1, ""Transportation"": 1}"
stats_4483,USR138nO,pzBp9VXLwVIo1v9kvk48S5bEdKakRZhprJ9qX,2024-04-01,4157.0,6,0.0,4157.0,692.83,2078.5,2078.5,"{""Finance"": 2, ""Fitness"": 2, ""Food and Dining"": 1, ""Transportation"": 1}"
stats_4484,USR138nO,pzBp9VXLwVIo1v9kvk48S5bEdKakRZhprJ9qX,2024-05-01,4157.0,6,0.0,4157.0,692.83,2078.5,2078.5,"{""Fitness"": 2, ""Finance"": 2, ""Food and Dining"": 1, ""Transportation"": 1}"
stats_4485,USR138nO,pzBp9VXLwVIo1v9kvk48S5bEdKakRZhprJ9qX,2024-06-01,4157.0,6,0.0,4157.0,692.83,2078.5,2078.5,"{""Fitness"": 2, ""Finance"": 2, ""Food and Dining"": 1, ""Transportation"": 1}"
stats_4486,USR138nO,pzBp9VXLwVIo1v9kvk48S5bEdKakRZhprJ9qX,2024-07-01,4157.0,6,0.0,4157.0,692.83,2078.5,2078.5,"{""Fitness"": 2, ""Finance"": 2, ""Food and Dining"": 1, ""Transportation"": 1}"
stats_4487,USR138nO,pzBp9VXLwVIo1v9kvk48S5bEdKakRZhprJ9qX,2024-08-01,7235.5,9,0.0,7235.5,803.94,2078.5,2078.5,"{""Finance"": 3, ""Fitness"": 3, ""Food and Dining"": 2, ""Transportation"": 1}"
stats_4488,USR138nO,pzBp9VXLwVIo1v9kvk48S5bEdKakRZhprJ9qX,2024-09-01,4157.0,6,0.0,4157.0,692.83,2078.5,2078.5,"{""Finance"": 2, ""Fitness"": 2, ""Transportation"": 1, ""Food and Dining"": 1}"
stats_4489,USR138nO,pzBp9VXLwVIo1v9kvk48S5bEdKakRZhprJ9qX,2024-10-01,4657.0,7,0.0,4657.0,665.29,2078.5,2078.5,"{""Finance"": 3, ""Fitness"": 2, ""Transportation"": 1, ""Food and Dining"": 1}"
stats_4490,USR138nO,pzBp9VXLwVIo1v9kvk48S5bEdKakRZhprJ9qX,2024-11-01,4157.0,6,0.0,4157.0,692.83,2078.5,2078.5,"{""Fitness"": 2, ""Finance"": 2, ""Transportation"": 1, ""Food and Dining"": 1}"
stats_4491,USR138nO,pzBp9VXLwVIo1v9kvk48S5bEdKakRZhprJ9qX,2024-12-01,4157.0,6,0.0,4157.0,692.83,2078.5,2078.5,"{""Fitness"": 2, ""Finance"": 2, ""Transportation"": 1, ""Food and Dining"": 1}"
stats_4492,USR138nO,pzBp9VXLwVIo1v9kvk48S5bEdKakRZhprJ9qX,2025-01-01,4157.0,6,0.0,4157.0,692.83,2078.5,2078.5,"{""Fitness"": 2, ""Finance"": 2, ""Transportation"": 1, ""Food and Dining"": 1}"
stats_4493,USR138nO,pzBp9VXLwVIo1v9kvk48S5bEdKakRZhprJ9qX,2025-02-01,4157.0,6,0.0,4157.0,692.83,2078.5,2078.5,"{""Fitness"": 2, ""Finance"": 2, ""Transportation"": 1, ""Food and Dining"": 1}"
stats_4494,USR138nO,pzBp9VXLwVIo1v9kvk48S5bEdKakRZhprJ9qX,2025-03-01,4157.0,6,0.0,4157.0,692.83,2078.5,2078.5,"{""Fitness"": 2, ""Finance"": 2, ""Transportation"": 1, ""Food and Dining"": 1}"
stats_4495,USR138nO,pzBp9VXLwVIo1v9kvk48S5bEdKakRZhprJ9qX,2025-04-01,4157.0,6,0.0,4157.0,692.83,2078.5,2078.5,"{""Fitness"": 2, ""Finance"": 2, ""Transportation"": 1, ""Food and Dining"": 1}"
stats_4496,USR138nO,pzBp9VXLwVIo1v9kvk48S5bEdKakRZhprJ9qX,2025-05-01,4157.0,6,0.0,4157.0,692.83,2078.5,2078.5,"{""Fitness"": 2, ""Finance"": 2, ""Transportation"": 1, ""Food and Dining"": 1}"
stats_4497,USR138nO,pzBp9VXLwVIo1v9kvk48S5bEdKakRZhprJ9qX,2025-06-01,4157.0,6,0.0,4157.0,692.83,2078.5,2078.5,"{""Fitness"": 2, ""Finance"": 2, ""Transportation"": 1, ""Food and Dining"": 1}"
stats_4498,USR138nO,pzBp9VXLwVIo1v9kvk48S5bEdKakRZhprJ9qX,2025-07-01,4157.0,6,0.0,4157.0,692.83,2078.5,2078.5,"{""Fitness"": 2, ""Finance"": 2, ""Transportation"": 1, ""Food and Dining"": 1}"
stats_4499,USR138nO,pzBp9VXLwVIo1v9kvk48S5bEdKakRZhprJ9qX,2025-08-01,4157.0,6,0.0,4157.0,692.83,2078.5,2078.5,"{""Fitness"": 2, ""Finance"": 2, ""Transportation"": 1, ""Food and Dining"": 1}"
stats_4500,USR138nO,pzBp9VXLwVIo1v9kvk48S5bEdKakRZhprJ9qX,2025-09-01,4157.0,6,0.0,4157.0,692.83,2078.5,2078.5,"{""Fitness"": 2, ""Finance"": 2, ""Transportation"": 1, ""Food and Dining"": 1}"
stats_4501,USR138nO,pzBp9VXLwVIo1v9kvk48S5bEdKakRZhprJ9qX,2025-10-01,500.0,1,0.0,500.0,500.0,500.0,500.0,"{""Transportation"": 1}"
stats_4502,USR352dx,orzN9VLXEVTpyaJkak48UNLkpBxAmdCoMp4PA,2023-10-01,5850.0,1,0.0,5850.0,5850.0,5850.0,5850.0,"{""Finance"": 1}"
stats_4503,USR352dx,orzN9VLXEVTpyaJkak48UNLkpBxAmdCoMp4PA,2023-11-01,5850.0,1,0.0,5850.0,5850.0,5850.0,5850.0,"{""Finance"": 1}"
stats_4504,USR352dx,orzN9VLXEVTpyaJkak48UNLkpBxAmdCoMp4PA,2023-12-01,5850.0,1,0.0,5850.0,5850.0,5850.0,5850.0,"{""Finance"": 1}"
stats_4505,USR352dx,orzN9VLXEVTpyaJkak48UNLkpBxAmdCoMp4PA,2024-01-01,5850.0,1,0.0,5850.0,5850.0,5850.0,5850.0,"{""Finance"": 1}"
stats_4506,USR352dx,orzN9VLXEVTpyaJkak48UNLkpBxAmdCoMp4PA,2024-02-01,5850.0,1,0.0,5850.0,5850.0,5850.0,5850.0,"{""Finance"": 1}"
stats_4507,USR352dx,orzN9VLXEVTpyaJkak48UNLkpBxAmdCoMp4PA,2024-03-01,5850.0,1,0.0,5850.0,5850.0,5850.0,5850.0,"{""Finance"": 1}"
stats_4508,USR352dx,orzN9VLXEVTpyaJkak48UNLkpBxAmdCoMp4PA,2024-04-01,5850.0,1,0.0,5850.0,5850.0,5850.0,5850.0,"{""Finance"": 1}"
stats_4509,USR352dx,orzN9VLXEVTpyaJkak48UNLkpBxAmdCoMp4PA,2024-05-01,5850.0,1,0.0,5850.0,5850.0,5850.0,5850.0,"{""Finance"": 1}"
stats_4510,USR352dx,orzN9VLXEVTpyaJkak48UNLkpBxAmdCoMp4PA,2024-06-01,5850.0,1,0.0,5850.0,5850.0,5850.0,5850.0,"{""Finance"": 1}"
stats_4511,USR352dx,orzN9VLXEVTpyaJkak48UNLkpBxAmdCoMp4PA,2024-07-01,5850.0,1,0.0,5850.0,5850.0,5850.0,5850.0,"{""Finance"": 1}"
stats_4512,USR352dx,orzN9VLXEVTpyaJkak48UNLkpBxAmdCoMp4PA,2024-08-01,5850.0,1,0.0,5850.0,5850.0,5850.0,5850.0,"{""Finance"": 1}"
stats_4513,USR352dx,orzN9VLXEVTpyaJkak48UNLkpBxAmdCoMp4PA,2024-09-01,5850.0,1,0.0,5850.0,5850.0,5850.0,5850.0,"{""Finance"": 1}"
stats_4514,USR352dx,orzN9VLXEVTpyaJkak48UNLkpBxAmdCoMp4PA,2024-10-01,5850.0,1,0.0,5850.0,5850.0,5850.0,5850.0,"{""Finance"": 1}"
stats_4515,USR352dx,orzN9VLXEVTpyaJkak48UNLkpBxAmdCoMp4PA,2024-11-01,5850.0,1,0.0,5850.0,5850.0,5850.0,5850.0,"{""Finance"": 1}"
stats_4516,USR352dx,orzN9VLXEVTpyaJkak48UNLkpBxAmdCoMp4PA,2024-12-01,5850.0,1,0.0,5850.0,5850.0,5850.0,5850.0,"{""Finance"": 1}"
stats_4517,USR352dx,orzN9VLXEVTpyaJkak48UNLkpBxAmdCoMp4PA,2025-01-01,5850.0,1,0.0,5850.0,5850.0,5850.0,5850.0,"{""Finance"": 1}"
stats_4518,USR352dx,orzN9VLXEVTpyaJkak48UNLkpBxAmdCoMp4PA,2025-02-01,5850.0,1,0.0,5850.0,5850.0,5850.0,5850.0,"{""Finance"": 1}"
stats_4519,USR352dx,orzN9VLXEVTpyaJkak48UNLkpBxAmdCoMp4PA,2025-03-01,5850.0,1,0.0,5850.0,5850.0,5850.0,5850.0,"{""Finance"": 1}"
stats_4520,USR352dx,orzN9VLXEVTpyaJkak48UNLkpBxAmdCoMp4PA,2025-04-01,5850.0,1,0.0,5850.0,5850.0,5850.0,5850.0,"{""Finance"": 1}"
stats_4521,USR352dx,orzN9VLXEVTpyaJkak48UNLkpBxAmdCoMp4PA,2025-05-01,5850.0,1,0.0,5850.0,5850.0,5850.0,5850.0,"{""Finance"": 1}"
stats_4522,USR352dx,orzN9VLXEVTpyaJkak48UNLkpBxAmdCoMp4PA,2025-06-01,5850.0,1,0.0,5850.0,5850.0,5850.0,5850.0,"{""Finance"": 1}"
stats_4523,USR352dx,orzN9VLXEVTpyaJkak48UNLkpBxAmdCoMp4PA,2025-07-01,5850.0,1,0.0,5850.0,5850.0,5850.0,5850.0,"{""Finance"": 1}"
stats_4524,USR352dx,orzN9VLXEVTpyaJkak48UNLkpBxAmdCoMp4PA,2025-08-01,5850.0,1,0.0,5850.0,5850.0,5850.0,5850.0,"{""Finance"": 1}"
stats_4525,USR352dx,orzN9VLXEVTpyaJkak48UNLkpBxAmdCoMp4PA,2025-09-01,5850.0,1,0.0,5850.0,5850.0,5850.0,5850.0,"{""Finance"": 1}"
stats_4526,USR761gu,DWz3rdP35Bi5klxAKN9Vsl8N6JmZegCdmdeBo,2023-10-01,-388.87,5,-500.0,111.13,-77.77,89.4,-500.0,"{""Food and Dining"": 2, ""Transportation"": 2, ""Groceries"": 1}"
stats_4527,USR761gu,DWz3rdP35Bi5klxAKN9Vsl8N6JmZegCdmdeBo,2023-11-01,-382.54,6,-500.0,117.46,-63.76,89.4,-500.0,"{""Transportation"": 3, ""Food and Dining"": 2, ""Groceries"": 1}"
stats_4528,USR761gu,DWz3rdP35Bi5klxAKN9Vsl8N6JmZegCdmdeBo,2023-12-01,-382.54,6,-500.0,117.46,-63.76,89.4,-500.0,"{""Transportation"": 3, ""Food and Dining"": 2, ""Groceries"": 1}"
stats_4529,USR761gu,DWz3rdP35Bi5klxAKN9Vsl8N6JmZegCdmdeBo,2024-01-01,-382.54,6,-500.0,117.46,-63.76,89.4,-500.0,"{""Transportation"": 3, ""Food and Dining"": 2, ""Groceries"": 1}"
stats_4530,USR761gu,DWz3rdP35Bi5klxAKN9Vsl8N6JmZegCdmdeBo,2024-02-01,-382.54,6,-500.0,117.46,-63.76,89.4,-500.0,"{""Transportation"": 3, ""Food and Dining"": 2, ""Groceries"": 1}"
stats_4531,USR761gu,DWz3rdP35Bi5klxAKN9Vsl8N6JmZegCdmdeBo,2024-03-01,-382.54,6,-500.0,117.46,-63.76,89.4,-500.0,"{""Transportation"": 3, ""Food and Dining"": 2, ""Groceries"": 1}"
stats_4532,USR761gu,DWz3rdP35Bi5klxAKN9Vsl8N6JmZegCdmdeBo,2024-04-01,-382.54,6,-500.0,117.46,-63.76,89.4,-500.0,"{""Transportation"": 3, ""Food and Dining"": 2, ""Groceries"": 1}"
stats_4533,USR761gu,DWz3rdP35Bi5klxAKN9Vsl8N6JmZegCdmdeBo,2024-05-01,-382.54,6,-500.0,117.46,-63.76,89.4,-500.0,"{""Transportation"": 3, ""Food and Dining"": 2, ""Groceries"": 1}"
stats_4534,USR761gu,DWz3rdP35Bi5klxAKN9Vsl8N6JmZegCdmdeBo,2024-06-01,-382.54,6,-500.0,117.46,-63.76,89.4,-500.0,"{""Transportation"": 3, ""Food and Dining"": 2, ""Groceries"": 1}"
stats_4535,USR761gu,DWz3rdP35Bi5klxAKN9Vsl8N6JmZegCdmdeBo,2024-07-01,-382.54,6,-500.0,117.46,-63.76,89.4,-500.0,"{""Transportation"": 3, ""Food and Dining"": 2, ""Groceries"": 1}"
stats_4536,USR761gu,DWz3rdP35Bi5klxAKN9Vsl8N6JmZegCdmdeBo,2024-08-01,-382.54,6,-500.0,117.46,-63.76,89.4,-500.0,"{""Transportation"": 3, ""Food and Dining"": 2, ""Groceries"": 1}"
stats_4537,USR761gu,DWz3rdP35Bi5klxAKN9Vsl8N6JmZegCdmdeBo,2024-09-01,-382.54,6,-500.0,117.46,-63.76,89.4,-500.0,"{""Transportation"": 3, ""Food and Dining"": 2, ""Groceries"": 1}"
stats_4538,USR761gu,DWz3rdP35Bi5klxAKN9Vsl8N6JmZegCdmdeBo,2024-10-01,-382.54,6,-500.0,117.46,-63.76,89.4,-500.0,"{""Transportation"": 3, ""Food and Dining"": 2, ""Groceries"": 1}"
stats_4539,USR761gu,DWz3rdP35Bi5klxAKN9Vsl8N6JmZegCdmdeBo,2024-11-01,-382.54,6,-500.0,117.46,-63.76,89.4,-500.0,"{""Transportation"": 3, ""Food and Dining"": 2, ""Groceries"": 1}"
stats_4540,USR761gu,DWz3rdP35Bi5klxAKN9Vsl8N6JmZegCdmdeBo,2024-12-01,-382.54,6,-500.0,117.46,-63.76,89.4,-500.0,"{""Transportation"": 3, ""Food and Dining"": 2, ""Groceries"": 1}"
stats_4541,USR761gu,DWz3rdP35Bi5klxAKN9Vsl8N6JmZegCdmdeBo,2025-01-01,-382.54,6,-500.0,117.46,-63.76,89.4,-500.0,"{""Transportation"": 3, ""Food and Dining"": 2, ""Groceries"": 1}"
stats_4542,USR761gu,DWz3rdP35Bi5klxAKN9Vsl8N6JmZegCdmdeBo,2025-02-01,-382.54,6,-500.0,117.46,-63.76,89.4,-500.0,"{""Transportation"": 3, ""Food and Dining"": 2, ""Groceries"": 1}"
stats_4543,USR761gu,DWz3rdP35Bi5klxAKN9Vsl8N6JmZegCdmdeBo,2025-03-01,-382.54,6,-500.0,117.46,-63.76,89.4,-500.0,"{""Transportation"": 3, ""Food and Dining"": 2, ""Groceries"": 1}"
stats_4544,USR761gu,DWz3rdP35Bi5klxAKN9Vsl8N6JmZegCdmdeBo,2025-04-01,-382.54,6,-500.0,117.46,-63.76,89.4,-500.0,"{""Transportation"": 3, ""Food and Dining"": 2, ""Groceries"": 1}"
stats_4545,USR761gu,DWz3rdP35Bi5klxAKN9Vsl8N6JmZegCdmdeBo,2025-05-01,-382.54,6,-500.0,117.46,-63.76,89.4,-500.0,"{""Transportation"": 3, ""Food and Dining"": 2, ""Groceries"": 1}"
stats_4546,USR761gu,DWz3rdP35Bi5klxAKN9Vsl8N6JmZegCdmdeBo,2025-06-01,-382.54,6,-500.0,117.46,-63.76,89.4,-500.0,"{""Transportation"": 3, ""Food and Dining"": 2, ""Groceries"": 1}"
stats_4547,USR761gu,DWz3rdP35Bi5klxAKN9Vsl8N6JmZegCdmdeBo,2025-07-01,-376.21,7,-500.0,123.79,-53.74,89.4,-500.0,"{""Transportation"": 4, ""Food and Dining"": 2, ""Groceries"": 1}"
stats_4548,USR761gu,DWz3rdP35Bi5klxAKN9Vsl8N6JmZegCdmdeBo,2025-08-01,-382.54,6,-500.0,117.46,-63.76,89.4,-500.0,"{""Transportation"": 3, ""Food and Dining"": 2, ""Groceries"": 1}"
stats_4549,USR761gu,DWz3rdP35Bi5klxAKN9Vsl8N6JmZegCdmdeBo,2025-09-01,-382.54,6,-500.0,117.46,-63.76,89.4,-500.0,"{""Transportation"": 3, ""Food and Dining"": 2, ""Groceries"": 1}"
stats_4550,USR761gu,DWz3rdP35Bi5klxAKN9Vsl8N6JmZegCdmdeBo,2025-10-01,89.4,1,0.0,89.4,89.4,89.4,89.4,"{""Groceries"": 1}"
stats_4551,USR940yP,VQy8XNb85qF5JMjZDX1gsMRBn164kQIlblkXm,2023-10-01,20.78,2,-4.22,25.0,10.39,25.0,25.0,"{""Finance"": 2}"
stats_4552,USR940yP,VQy8XNb85qF5JMjZDX1gsMRBn164kQIlblkXm,2023-11-01,20.78,2,-4.22,25.0,10.39,25.0,25.0,"{""Finance"": 2}"
stats_4553,USR940yP,VQy8XNb85qF5JMjZDX1gsMRBn164kQIlblkXm,2023-12-01,20.78,2,-4.22,25.0,10.39,25.0,25.0,"{""Finance"": 2}"
stats_4554,USR940yP,VQy8XNb85qF5JMjZDX1gsMRBn164kQIlblkXm,2024-01-01,20.78,2,-4.22,25.0,10.39,25.0,25.0,"{""Finance"": 2}"
stats_4555,USR940yP,VQy8XNb85qF5JMjZDX1gsMRBn164kQIlblkXm,2024-02-01,20.78,2,-4.22,25.0,10.39,25.0,25.0,"{""Finance"": 2}"
stats_4556,USR940yP,VQy8XNb85qF5JMjZDX1gsMRBn164kQIlblkXm,2024-03-01,20.78,2,-4.22,25.0,10.39,25.0,25.0,"{""Finance"": 2}"
stats_4557,USR940yP,VQy8XNb85qF5JMjZDX1gsMRBn164kQIlblkXm,2024-04-01,20.78,2,-4.22,25.0,10.39,25.0,25.0,"{""Finance"": 2}"
stats_4558,USR940yP,VQy8XNb85qF5JMjZDX1gsMRBn164kQIlblkXm,2024-05-01,20.78,2,-4.22,25.0,10.39,25.0,25.0,"{""Finance"": 2}"
stats_4559,USR940yP,VQy8XNb85qF5JMjZDX1gsMRBn164kQIlblkXm,2024-06-01,20.78,2,-4.22,25.0,10.39,25.0,25.0,"{""Finance"": 2}"
stats_4560,USR940yP,VQy8XNb85qF5JMjZDX1gsMRBn164kQIlblkXm,2024-07-01,20.78,2,-4.22,25.0,10.39,25.0,25.0,"{""Finance"": 2}"
stats_4561,USR940yP,VQy8XNb85qF5JMjZDX1gsMRBn164kQIlblkXm,2024-08-01,20.78,2,-4.22,25.0,10.39,25.0,25.0,"{""Finance"": 2}"
stats_4562,USR940yP,VQy8XNb85qF5JMjZDX1gsMRBn164kQIlblkXm,2024-09-01,20.78,2,-4.22,25.0,10.39,25.0,25.0,"{""Finance"": 2}"
stats_4563,USR940yP,VQy8XNb85qF5JMjZDX1gsMRBn164kQIlblkXm,2024-10-01,20.78,2,-4.22,25.0,10.39,25.0,25.0,"{""Finance"": 2}"
stats_4564,USR940yP,VQy8XNb85qF5JMjZDX1gsMRBn164kQIlblkXm,2024-11-01,20.78,2,-4.22,25.0,10.39,25.0,25.0,"{""Finance"": 2}"
stats_4565,USR940yP,VQy8XNb85qF5JMjZDX1gsMRBn164kQIlblkXm,2024-12-01,20.78,2,-4.22,25.0,10.39,25.0,25.0,"{""Finance"": 2}"
stats_4566,USR940yP,VQy8XNb85qF5JMjZDX1gsMRBn164kQIlblkXm,2025-01-01,20.78,2,-4.22,25.0,10.39,25.0,25.0,"{""Finance"": 2}"
stats_4567,USR940yP,VQy8XNb85qF5JMjZDX1gsMRBn164kQIlblkXm,2025-02-01,20.78,2,-4.22,25.0,10.39,25.0,25.0,"{""Finance"": 2}"
stats_4568,USR940yP,VQy8XNb85qF5JMjZDX1gsMRBn164kQIlblkXm,2025-03-01,20.78,2,-4.22,25.0,10.39,25.0,25.0,"{""Finance"": 2}"
stats_4569,USR940yP,VQy8XNb85qF5JMjZDX1gsMRBn164kQIlblkXm,2025-04-01,20.78,2,-4.22,25.0,10.39,25.0,25.0,"{""Finance"": 2}"
stats_4570,USR940yP,VQy8XNb85qF5JMjZDX1gsMRBn164kQIlblkXm,2025-05-01,20.78,2,-4.22,25.0,10.39,25.0,25.0,"{""Finance"": 2}"
stats_4571,USR940yP,VQy8XNb85qF5JMjZDX1gsMRBn164kQIlblkXm,2025-06-01,20.78,2,-4.22,25.0,10.39,25.0,25.0,"{""Finance"": 2}"
stats_4572,USR940yP,VQy8XNb85qF5JMjZDX1gsMRBn164kQIlblkXm,2025-07-01,20.78,2,-4.22,25.0,10.39,25.0,25.0,"{""Finance"": 2}"
stats_4573,USR940yP,VQy8XNb85qF5JMjZDX1gsMRBn164kQIlblkXm,2025-08-01,20.78,2,-4.22,25.0,10.39,25.0,25.0,"{""Finance"": 2}"
stats_4574,USR940yP,VQy8XNb85qF5JMjZDX1gsMRBn164kQIlblkXm,2025-09-01,20.78,2,-4.22,25.0,10.39,25.0,25.0,"{""Finance"": 2}"
stats_4575,USR940yP,VQy8XNb85qF5JMjZDX1gsMRBn164kQIlblkXm,2025-10-01,-4.22,1,-4.22,0.0,-4.22,-4.22,-4.22,"{""Finance"": 1}"
stats_4576,USR721Sq,wpXBz8WBjqSVPlg3579ZunLjxB1Qb4CMAM9x9,2023-10-01,1000.0,1,0.0,1000.0,1000.0,1000.0,1000.0,"{""Finance"": 1}"
stats_4577,USR721Sq,wpXBz8WBjqSVPlg3579ZunLjxB1Qb4CMAM9x9,2023-11-01,1000.0,1,0.0,1000.0,1000.0,1000.0,1000.0,"{""Finance"": 1}"
stats_4578,USR721Sq,wpXBz8WBjqSVPlg3579ZunLjxB1Qb4CMAM9x9,2023-12-01,1000.0,1,0.0,1000.0,1000.0,1000.0,1000.0,"{""Finance"": 1}"
stats_4579,USR721Sq,wpXBz8WBjqSVPlg3579ZunLjxB1Qb4CMAM9x9,2024-01-01,1000.0,1,0.0,1000.0,1000.0,1000.0,1000.0,"{""Finance"": 1}"
stats_4580,USR721Sq,wpXBz8WBjqSVPlg3579ZunLjxB1Qb4CMAM9x9,2024-02-01,1000.0,1,0.0,1000.0,1000.0,1000.0,1000.0,"{""Finance"": 1}"
stats_4581,USR721Sq,wpXBz8WBjqSVPlg3579ZunLjxB1Qb4CMAM9x9,2024-03-01,1000.0,1,0.0,1000.0,1000.0,1000.0,1000.0,"{""Finance"": 1}"
stats_4582,USR721Sq,wpXBz8WBjqSVPlg3579ZunLjxB1Qb4CMAM9x9,2024-04-01,1000.0,1,0.0,1000.0,1000.0,1000.0,1000.0,"{""Finance"": 1}"
stats_4583,USR721Sq,wpXBz8WBjqSVPlg3579ZunLjxB1Qb4CMAM9x9,2024-05-01,1000.0,1,0.0,1000.0,1000.0,1000.0,1000.0,"{""Finance"": 1}"
stats_4584,USR721Sq,wpXBz8WBjqSVPlg3579ZunLjxB1Qb4CMAM9x9,2024-06-01,1000.0,1,0.0,1000.0,1000.0,1000.0,1000.0,"{""Finance"": 1}"
stats_4585,USR721Sq,wpXBz8WBjqSVPlg3579ZunLjxB1Qb4CMAM9x9,2024-07-01,1000.0,1,0.0,1000.0,1000.0,1000.0,1000.0,"{""Finance"": 1}"
stats_4586,USR721Sq,wpXBz8WBjqSVPlg3579ZunLjxB1Qb4CMAM9x9,2024-08-01,1000.0,1,0.0,1000.0,1000.0,1000.0,1000.0,"{""Finance"": 1}"
stats_4587,USR721Sq,wpXBz8WBjqSVPlg3579ZunLjxB1Qb4CMAM9x9,2024-09-01,1000.0,1,0.0,1000.0,1000.0,1000.0,1000.0,"{""Finance"": 1}"
stats_4588,USR721Sq,wpXBz8WBjqSVPlg3579ZunLjxB1Qb4CMAM9x9,2024-10-01,1000.0,1,0.0,1000.0,1000.0,1000.0,1000.0,"{""Finance"": 1}"
stats_4589,USR721Sq,wpXBz8WBjqSVPlg3579ZunLjxB1Qb4CMAM9x9,2024-11-01,1000.0,1,0.0,1000.0,1000.0,1000.0,1000.0,"{""Finance"": 1}"
stats_4590,USR721Sq,wpXBz8WBjqSVPlg3579ZunLjxB1Qb4CMAM9x9,2024-12-01,1000.0,1,0.0,1000.0,1000.0,1000.0,1000.0,"{""Finance"": 1}"
stats_4591,USR721Sq,wpXBz8WBjqSVPlg3579ZunLjxB1Qb4CMAM9x9,2025-01-01,1000.0,1,0.0,1000.0,1000.0,1000.0,1000.0,"{""Finance"": 1}"
stats_4592,USR721Sq,wpXBz8WBjqSVPlg3579ZunLjxB1Qb4CMAM9x9,2025-02-01,1000.0,1,0.0,1000.0,1000.0,1000.0,1000.0,"{""Finance"": 1}"
stats_4593,USR721Sq,wpXBz8WBjqSVPlg3579ZunLjxB1Qb4CMAM9x9,2025-03-01,1000.0,1,0.0,1000.0,1000.0,1000.0,1000.0,"{""Finance"": 1}"
stats_4594,USR721Sq,wpXBz8WBjqSVPlg3579ZunLjxB1Qb4CMAM9x9,2025-04-01,1000.0,1,0.0,1000.0,1000.0,1000.0,1000.0,"{""Finance"": 1}"
stats_4595,USR721Sq,wpXBz8WBjqSVPlg3579ZunLjxB1Qb4CMAM9x9,2025-05-01,1000.0,1,0.0,1000.0,1000.0,1000.0,1000.0,"{""Finance"": 1}"
stats_4596,USR721Sq,wpXBz8WBjqSVPlg3579ZunLjxB1Qb4CMAM9x9,2025-06-01,1000.0,1,0.0,1000.0,1000.0,1000.0,1000.0,"{""Finance"": 1}"
stats_4597,USR721Sq,wpXBz8WBjqSVPlg3579ZunLjxB1Qb4CMAM9x9,2025-07-01,1000.0,1,0.0,1000.0,1000.0,1000.0,1000.0,"{""Finance"": 1}"
stats_4598,USR721Sq,wpXBz8WBjqSVPlg3579ZunLjxB1Qb4CMAM9x9,2025-08-01,1000.0,1,0.0,1000.0,1000.0,1000.0,1000.0,"{""Finance"": 1}"
stats_4599,USR721Sq,wpXBz8WBjqSVPlg3579ZunLjxB1Qb4CMAM9x9,2025-09-01,1000.0,1,0.0,1000.0,1000.0,1000.0,1000.0,"{""Finance"": 1}"
stats_4600,USR051Ap,5NMZw9vZg5IEo8l9PLzmSBgRe7aEdoiJzJVAl,2023-10-01,78.5,1,0.0,78.5,78.5,78.5,78.5,"{""Fitness"": 1}"
stats_4601,USR051Ap,5NMZw9vZg5IEo8l9PLzmSBgRe7aEdoiJzJVAl,2023-11-01,4157.0,6,0.0,4157.0,692.83,2078.5,2078.5,"{""Finance"": 2, ""Fitness"": 2, ""Food and Dining"": 1, ""Transportation"": 1}"
stats_4602,USR051Ap,5NMZw9vZg5IEo8l9PLzmSBgRe7aEdoiJzJVAl,2023-12-01,4157.0,6,0.0,4157.0,692.83,2078.5,2078.5,"{""Fitness"": 2, ""Finance"": 2, ""Food and Dining"": 1, ""Transportation"": 1}"
stats_4603,USR051Ap,5NMZw9vZg5IEo8l9PLzmSBgRe7aEdoiJzJVAl,2024-01-01,4157.0,6,0.0,4157.0,692.83,2078.5,2078.5,"{""Fitness"": 2, ""Finance"": 2, ""Food and Dining"": 1, ""Transportation"": 1}"
stats_4604,USR051Ap,5NMZw9vZg5IEo8l9PLzmSBgRe7aEdoiJzJVAl,2024-02-01,4157.0,6,0.0,4157.0,692.83,2078.5,2078.5,"{""Finance"": 2, ""Fitness"": 2, ""Food and Dining"": 1, ""Transportation"": 1}"
stats_4605,USR051Ap,5NMZw9vZg5IEo8l9PLzmSBgRe7aEdoiJzJVAl,2024-03-01,4157.0,6,0.0,4157.0,692.83,2078.5,2078.5,"{""Finance"": 2, ""Fitness"": 2, ""Food and Dining"": 1, ""Transportation"": 1}"
stats_4606,USR051Ap,5NMZw9vZg5IEo8l9PLzmSBgRe7aEdoiJzJVAl,2024-04-01,4157.0,6,0.0,4157.0,692.83,2078.5,2078.5,"{""Fitness"": 2, ""Finance"": 2, ""Food and Dining"": 1, ""Transportation"": 1}"
stats_4607,USR051Ap,5NMZw9vZg5IEo8l9PLzmSBgRe7aEdoiJzJVAl,2024-05-01,4157.0,6,0.0,4157.0,692.83,2078.5,2078.5,"{""Finance"": 2, ""Fitness"": 2, ""Food and Dining"": 1, ""Transportation"": 1}"
stats_4608,USR051Ap,5NMZw9vZg5IEo8l9PLzmSBgRe7aEdoiJzJVAl,2024-06-01,4157.0,6,0.0,4157.0,692.83,2078.5,2078.5,"{""Fitness"": 2, ""Finance"": 2, ""Food and Dining"": 1, ""Transportation"": 1}"
stats_4609,USR051Ap,5NMZw9vZg5IEo8l9PLzmSBgRe7aEdoiJzJVAl,2024-07-01,4157.0,6,0.0,4157.0,692.83,2078.5,2078.5,"{""Fitness"": 2, ""Finance"": 2, ""Food and Dining"": 1, ""Transportation"": 1}"
stats_4610,USR051Ap,5NMZw9vZg5IEo8l9PLzmSBgRe7aEdoiJzJVAl,2024-08-01,7235.5,9,0.0,7235.5,803.94,2078.5,2078.5,"{""Fitness"": 3, ""Finance"": 3, ""Food and Dining"": 2, ""Transportation"": 1}"
stats_4611,USR051Ap,5NMZw9vZg5IEo8l9PLzmSBgRe7aEdoiJzJVAl,2024-09-01,4157.0,6,0.0,4157.0,692.83,2078.5,2078.5,"{""Finance"": 2, ""Fitness"": 2, ""Transportation"": 1, ""Food and Dining"": 1}"
stats_4612,USR051Ap,5NMZw9vZg5IEo8l9PLzmSBgRe7aEdoiJzJVAl,2024-10-01,4657.0,7,0.0,4657.0,665.29,2078.5,2078.5,"{""Finance"": 3, ""Fitness"": 2, ""Transportation"": 1, ""Food and Dining"": 1}"
stats_4613,USR051Ap,5NMZw9vZg5IEo8l9PLzmSBgRe7aEdoiJzJVAl,2024-11-01,4157.0,6,0.0,4157.0,692.83,2078.5,2078.5,"{""Fitness"": 2, ""Finance"": 2, ""Transportation"": 1, ""Food and Dining"": 1}"
stats_4614,USR051Ap,5NMZw9vZg5IEo8l9PLzmSBgRe7aEdoiJzJVAl,2024-12-01,4157.0,6,0.0,4157.0,692.83,2078.5,2078.5,"{""Fitness"": 2, ""Finance"": 2, ""Transportation"": 1, ""Food and Dining"": 1}"
stats_4615,USR051Ap,5NMZw9vZg5IEo8l9PLzmSBgRe7aEdoiJzJVAl,2025-01-01,4157.0,6,0.0,4157.0,692.83,2078.5,2078.5,"{""Fitness"": 2, ""Finance"": 2, ""Transportation"": 1, ""Food and Dining"": 1}"
stats_4616,USR051Ap,5NMZw9vZg5IEo8l9PLzmSBgRe7aEdoiJzJVAl,2025-02-01,4157.0,6,0.0,4157.0,692.83,2078.5,2078.5,"{""Fitness"": 2, ""Finance"": 2, ""Transportation"": 1, ""Food and Dining"": 1}"
stats_4617,USR051Ap,5NMZw9vZg5IEo8l9PLzmSBgRe7aEdoiJzJVAl,2025-03-01,4157.0,6,0.0,4157.0,692.83,2078.5,2078.5,"{""Fitness"": 2, ""Finance"": 2, ""Transportation"": 1, ""Food and Dining"": 1}"
stats_4618,USR051Ap,5NMZw9vZg5IEo8l9PLzmSBgRe7aEdoiJzJVAl,2025-04-01,4157.0,6,0.0,4157.0,692.83,2078.5,2078.5,"{""Fitness"": 2, ""Finance"": 2, ""Transportation"": 1, ""Food and Dining"": 1}"
stats_4619,USR051Ap,5NMZw9vZg5IEo8l9PLzmSBgRe7aEdoiJzJVAl,2025-05-01,4157.0,6,0.0,4157.0,692.83,2078.5,2078.5,"{""Fitness"": 2, ""Finance"": 2, ""Transportation"": 1, ""Food and Dining"": 1}"
stats_4620,USR051Ap,5NMZw9vZg5IEo8l9PLzmSBgRe7aEdoiJzJVAl,2025-06-01,4157.0,6,0.0,4157.0,692.83,2078.5,2078.5,"{""Fitness"": 2, ""Finance"": 2, ""Transportation"": 1, ""Food and Dining"": 1}"
stats_4621,USR051Ap,5NMZw9vZg5IEo8l9PLzmSBgRe7aEdoiJzJVAl,2025-07-01,4157.0,6,0.0,4157.0,692.83,2078.5,2078.5,"{""Fitness"": 2, ""Finance"": 2, ""Transportation"": 1, ""Food and Dining"": 1}"
stats_4622,USR051Ap,5NMZw9vZg5IEo8l9PLzmSBgRe7aEdoiJzJVAl,2025-08-01,4157.0,6,0.0,4157.0,692.83,2078.5,2078.5,"{""Fitness"": 2, ""Finance"": 2, ""Transportation"": 1, ""Food and Dining"": 1}"
stats_4623,USR051Ap,5NMZw9vZg5IEo8l9PLzmSBgRe7aEdoiJzJVAl,2025-09-01,4157.0,6,0.0,4157.0,692.83,2078.5,2078.5,"{""Fitness"": 2, ""Finance"": 2, ""Transportation"": 1, ""Food and Dining"": 1}"
stats_4624,USR051Ap,5NMZw9vZg5IEo8l9PLzmSBgRe7aEdoiJzJVAl,2025-10-01,500.0,1,0.0,500.0,500.0,500.0,500.0,"{""Transportation"": 1}"
stats_4625,USR525bL,AgkrlBarRKfZLznP7dV5uyqBJ56Lw7uMRMwlm,2023-10-01,5850.0,1,0.0,5850.0,5850.0,5850.0,5850.0,"{""Finance"": 1}"
stats_4626,USR525bL,AgkrlBarRKfZLznP7dV5uyqBJ56Lw7uMRMwlm,2023-11-01,5850.0,1,0.0,5850.0,5850.0,5850.0,5850.0,"{""Finance"": 1}"
stats_4627,USR525bL,AgkrlBarRKfZLznP7dV5uyqBJ56Lw7uMRMwlm,2023-12-01,5850.0,1,0.0,5850.0,5850.0,5850.0,5850.0,"{""Finance"": 1}"
stats_4628,USR525bL,AgkrlBarRKfZLznP7dV5uyqBJ56Lw7uMRMwlm,2024-01-01,5850.0,1,0.0,5850.0,5850.0,5850.0,5850.0,"{""Finance"": 1}"
stats_4629,USR525bL,AgkrlBarRKfZLznP7dV5uyqBJ56Lw7uMRMwlm,2024-02-01,5850.0,1,0.0,5850.0,5850.0,5850.0,5850.0,"{""Finance"": 1}"
stats_4630,USR525bL,AgkrlBarRKfZLznP7dV5uyqBJ56Lw7uMRMwlm,2024-03-01,5850.0,1,0.0,5850.0,5850.0,5850.0,5850.0,"{""Finance"": 1}"
stats_4631,USR525bL,AgkrlBarRKfZLznP7dV5uyqBJ56Lw7uMRMwlm,2024-04-01,5850.0,1,0.0,5850.0,5850.0,5850.0,5850.0,"{""Finance"": 1}"
stats_4632,USR525bL,AgkrlBarRKfZLznP7dV5uyqBJ56Lw7uMRMwlm,2024-05-01,5850.0,1,0.0,5850.0,5850.0,5850.0,5850.0,"{""Finance"": 1}"
stats_4633,USR525bL,AgkrlBarRKfZLznP7dV5uyqBJ56Lw7uMRMwlm,2024-06-01,5850.0,1,0.0,5850.0,5850.0,5850.0,5850.0,"{""Finance"": 1}"
stats_4634,USR525bL,AgkrlBarRKfZLznP7dV5uyqBJ56Lw7uMRMwlm,2024-07-01,5850.0,1,0.0,5850.0,5850.0,5850.0,5850.0,"{""Finance"": 1}"
stats_4635,USR525bL,AgkrlBarRKfZLznP7dV5uyqBJ56Lw7uMRMwlm,2024-08-01,5850.0,1,0.0,5850.0,5850.0,5850.0,5850.0,"{""Finance"": 1}"
stats_4636,USR525bL,AgkrlBarRKfZLznP7dV5uyqBJ56Lw7uMRMwlm,2024-09-01,5850.0,1,0.0,5850.0,5850.0,5850.0,5850.0,"{""Finance"": 1}"
stats_4637,USR525bL,AgkrlBarRKfZLznP7dV5uyqBJ56Lw7uMRMwlm,2024-10-01,5850.0,1,0.0,5850.0,5850.0,5850.0,5850.0,"{""Finance"": 1}"
stats_4638,USR525bL,AgkrlBarRKfZLznP7dV5uyqBJ56Lw7uMRMwlm,2024-11-01,5850.0,1,0.0,5850.0,5850.0,5850.0,5850.0,"{""Finance"": 1}"
stats_4639,USR525bL,AgkrlBarRKfZLznP7dV5uyqBJ56Lw7uMRMwlm,2024-12-01,5850.0,1,0.0,5850.0,5850.0,5850.0,5850.0,"{""Finance"": 1}"
stats_4640,USR525bL,AgkrlBarRKfZLznP7dV5uyqBJ56Lw7uMRMwlm,2025-01-01,5850.0,1,0.0,5850.0,5850.0,5850.0,5850.0,"{""Finance"": 1}"
stats_4641,USR525bL,AgkrlBarRKfZLznP7dV5uyqBJ56Lw7uMRMwlm,2025-02-01,5850.0,1,0.0,5850.0,5850.0,5850.0,5850.0,"{""Finance"": 1}"
stats_4642,USR525bL,AgkrlBarRKfZLznP7dV5uyqBJ56Lw7uMRMwlm,2025-03-01,5850.0,1,0.0,5850.0,5850.0,5850.0,5850.0,"{""Finance"": 1}"
stats_4643,USR525bL,AgkrlBarRKfZLznP7dV5uyqBJ56Lw7uMRMwlm,2025-04-01,5850.0,1,0.0,5850.0,5850.0,5850.0,5850.0,"{""Finance"": 1}"
stats_4644,USR525bL,AgkrlBarRKfZLznP7dV5uyqBJ56Lw7uMRMwlm,2025-05-01,5850.0,1,0.0,5850.0,5850.0,5850.0,5850.0,"{""Finance"": 1}"
stats_4645,USR525bL,AgkrlBarRKfZLznP7dV5uyqBJ56Lw7uMRMwlm,2025-06-01,5850.0,1,0.0,5850.0,5850.0,5850.0,5850.0,"{""Finance"": 1}"
stats_4646,USR525bL,AgkrlBarRKfZLznP7dV5uyqBJ56Lw7uMRMwlm,2025-07-01,5850.0,1,0.0,5850.0,5850.0,5850.0,5850.0,"{""Finance"": 1}"
stats_4647,USR525bL,AgkrlBarRKfZLznP7dV5uyqBJ56Lw7uMRMwlm,2025-08-01,5850.0,1,0.0,5850.0,5850.0,5850.0,5850.0,"{""Finance"": 1}"
stats_4648,USR525bL,AgkrlBarRKfZLznP7dV5uyqBJ56Lw7uMRMwlm,2025-09-01,5850.0,1,0.0,5850.0,5850.0,5850.0,5850.0,"{""Finance"": 1}"
stats_4649,USR398kh,y4zENX7nR7UXKB76ZznycK8re41kjZH43qJnp,2023-10-01,-388.87,5,-500.0,111.13,-77.77,89.4,-500.0,"{""Food and Dining"": 2, ""Transportation"": 2, ""Groceries"": 1}"
stats_4650,USR398kh,y4zENX7nR7UXKB76ZznycK8re41kjZH43qJnp,2023-11-01,-382.54,6,-500.0,117.46,-63.76,89.4,-500.0,"{""Transportation"": 3, ""Food and Dining"": 2, ""Groceries"": 1}"
stats_4651,USR398kh,y4zENX7nR7UXKB76ZznycK8re41kjZH43qJnp,2023-12-01,-382.54,6,-500.0,117.46,-63.76,89.4,-500.0,"{""Transportation"": 3, ""Food and Dining"": 2, ""Groceries"": 1}"
stats_4652,USR398kh,y4zENX7nR7UXKB76ZznycK8re41kjZH43qJnp,2024-01-01,-382.54,6,-500.0,117.46,-63.76,89.4,-500.0,"{""Transportation"": 3, ""Food and Dining"": 2, ""Groceries"": 1}"
stats_4653,USR398kh,y4zENX7nR7UXKB76ZznycK8re41kjZH43qJnp,2024-02-01,-382.54,6,-500.0,117.46,-63.76,89.4,-500.0,"{""Transportation"": 3, ""Food and Dining"": 2, ""Groceries"": 1}"
stats_4654,USR398kh,y4zENX7nR7UXKB76ZznycK8re41kjZH43qJnp,2024-03-01,-382.54,6,-500.0,117.46,-63.76,89.4,-500.0,"{""Transportation"": 3, ""Food and Dining"": 2, ""Groceries"": 1}"
stats_4655,USR398kh,y4zENX7nR7UXKB76ZznycK8re41kjZH43qJnp,2024-04-01,-382.54,6,-500.0,117.46,-63.76,89.4,-500.0,"{""Transportation"": 3, ""Food and Dining"": 2, ""Groceries"": 1}"
stats_4656,USR398kh,y4zENX7nR7UXKB76ZznycK8re41kjZH43qJnp,2024-05-01,-382.54,6,-500.0,117.46,-63.76,89.4,-500.0,"{""Transportation"": 3, ""Food and Dining"": 2, ""Groceries"": 1}"
stats_4657,USR398kh,y4zENX7nR7UXKB76ZznycK8re41kjZH43qJnp,2024-06-01,-382.54,6,-500.0,117.46,-63.76,89.4,-500.0,"{""Transportation"": 3, ""Food and Dining"": 2, ""Groceries"": 1}"
stats_4658,USR398kh,y4zENX7nR7UXKB76ZznycK8re41kjZH43qJnp,2024-07-01,-382.54,6,-500.0,117.46,-63.76,89.4,-500.0,"{""Transportation"": 3, ""Food and Dining"": 2, ""Groceries"": 1}"
stats_4659,USR398kh,y4zENX7nR7UXKB76ZznycK8re41kjZH43qJnp,2024-08-01,-382.54,6,-500.0,117.46,-63.76,89.4,-500.0,"{""Transportation"": 3, ""Food and Dining"": 2, ""Groceries"": 1}"
stats_4660,USR398kh,y4zENX7nR7UXKB76ZznycK8re41kjZH43qJnp,2024-09-01,-382.54,6,-500.0,117.46,-63.76,89.4,-500.0,"{""Transportation"": 3, ""Food and Dining"": 2, ""Groceries"": 1}"
stats_4661,USR398kh,y4zENX7nR7UXKB76ZznycK8re41kjZH43qJnp,2024-10-01,-382.54,6,-500.0,117.46,-63.76,89.4,-500.0,"{""Transportation"": 3, ""Food and Dining"": 2, ""Groceries"": 1}"
stats_4662,USR398kh,y4zENX7nR7UXKB76ZznycK8re41kjZH43qJnp,2024-11-01,-382.54,6,-500.0,117.46,-63.76,89.4,-500.0,"{""Transportation"": 3, ""Food and Dining"": 2, ""Groceries"": 1}"
stats_4663,USR398kh,y4zENX7nR7UXKB76ZznycK8re41kjZH43qJnp,2024-12-01,-382.54,6,-500.0,117.46,-63.76,89.4,-500.0,"{""Transportation"": 3, ""Food and Dining"": 2, ""Groceries"": 1}"
stats_4664,USR398kh,y4zENX7nR7UXKB76ZznycK8re41kjZH43qJnp,2025-01-01,-382.54,6,-500.0,117.46,-63.76,89.4,-500.0,"{""Transportation"": 3, ""Food and Dining"": 2, ""Groceries"": 1}"
stats_4665,USR398kh,y4zENX7nR7UXKB76ZznycK8re41kjZH43qJnp,2025-02-01,-382.54,6,-500.0,117.46,-63.76,89.4,-500.0,"{""Transportation"": 3, ""Food and Dining"": 2, ""Groceries"": 1}"
stats_4666,USR398kh,y4zENX7nR7UXKB76ZznycK8re41kjZH43qJnp,2025-03-01,-382.54,6,-500.0,117.46,-63.76,89.4,-500.0,"{""Transportation"": 3, ""Food and Dining"": 2, ""Groceries"": 1}"
stats_4667,USR398kh,y4zENX7nR7UXKB76ZznycK8re41kjZH43qJnp,2025-04-01,-382.54,6,-500.0,117.46,-63.76,89.4,-500.0,"{""Transportation"": 3, ""Food and Dining"": 2, ""Groceries"": 1}"
stats_4668,USR398kh,y4zENX7nR7UXKB76ZznycK8re41kjZH43qJnp,2025-05-01,-382.54,6,-500.0,117.46,-63.76,89.4,-500.0,"{""Transportation"": 3, ""Food and Dining"": 2, ""Groceries"": 1}"
stats_4669,USR398kh,y4zENX7nR7UXKB76ZznycK8re41kjZH43qJnp,2025-06-01,-382.54,6,-500.0,117.46,-63.76,89.4,-500.0,"{""Transportation"": 3, ""Food and Dining"": 2, ""Groceries"": 1}"
stats_4670,USR398kh,y4zENX7nR7UXKB76ZznycK8re41kjZH43qJnp,2025-07-01,-376.21,7,-500.0,123.79,-53.74,89.4,-500.0,"{""Transportation"": 4, ""Food and Dining"": 2, ""Groceries"": 1}"
stats_4671,USR398kh,y4zENX7nR7UXKB76ZznycK8re41kjZH43qJnp,2025-08-01,-382.54,6,-500.0,117.46,-63.76,89.4,-500.0,"{""Transportation"": 3, ""Food and Dining"": 2, ""Groceries"": 1}"
stats_4672,USR398kh,y4zENX7nR7UXKB76ZznycK8re41kjZH43qJnp,2025-09-01,-382.54,6,-500.0,117.46,-63.76,89.4,-500.0,"{""Transportation"": 3, ""Food and Dining"": 2, ""Groceries"": 1}"
stats_4673,USR398kh,y4zENX7nR7UXKB76ZznycK8re41kjZH43qJnp,2025-10-01,89.4,1,0.0,89.4,89.4,89.4,89.4,"{""Groceries"": 1}"
stats_4674,USR986Sg,9PNm1azEjzSnKAe8E1gyHkQNer64Xjh4GW7yJ,2023-10-01,20.78,2,-4.22,25.0,10.39,25.0,25.0,"{""Finance"": 2}"
stats_4675,USR986Sg,9PNm1azEjzSnKAe8E1gyHkQNer64Xjh4GW7yJ,2023-11-01,20.78,2,-4.22,25.0,10.39,25.0,25.0,"{""Finance"": 2}"
stats_4676,USR986Sg,9PNm1azEjzSnKAe8E1gyHkQNer64Xjh4GW7yJ,2023-12-01,20.78,2,-4.22,25.0,10.39,25.0,25.0,"{""Finance"": 2}"
stats_4677,USR986Sg,9PNm1azEjzSnKAe8E1gyHkQNer64Xjh4GW7yJ,2024-01-01,20.78,2,-4.22,25.0,10.39,25.0,25.0,"{""Finance"": 2}"
stats_4678,USR986Sg,9PNm1azEjzSnKAe8E1gyHkQNer64Xjh4GW7yJ,2024-02-01,20.78,2,-4.22,25.0,10.39,25.0,25.0,"{""Finance"": 2}"
stats_4679,USR986Sg,9PNm1azEjzSnKAe8E1gyHkQNer64Xjh4GW7yJ,2024-03-01,20.78,2,-4.22,25.0,10.39,25.0,25.0,"{""Finance"": 2}"
stats_4680,USR986Sg,9PNm1azEjzSnKAe8E1gyHkQNer64Xjh4GW7yJ,2024-04-01,20.78,2,-4.22,25.0,10.39,25.0,25.0,"{""Finance"": 2}"
stats_4681,USR986Sg,9PNm1azEjzSnKAe8E1gyHkQNer64Xjh4GW7yJ,2024-05-01,20.78,2,-4.22,25.0,10.39,25.0,25.0,"{""Finance"": 2}"
stats_4682,USR986Sg,9PNm1azEjzSnKAe8E1gyHkQNer64Xjh4GW7yJ,2024-06-01,20.78,2,-4.22,25.0,10.39,25.0,25.0,"{""Finance"": 2}"
stats_4683,USR986Sg,9PNm1azEjzSnKAe8E1gyHkQNer64Xjh4GW7yJ,2024-07-01,20.78,2,-4.22,25.0,10.39,25.0,25.0,"{""Finance"": 2}"
stats_4684,USR986Sg,9PNm1azEjzSnKAe8E1gyHkQNer64Xjh4GW7yJ,2024-08-01,20.78,2,-4.22,25.0,10.39,25.0,25.0,"{""Finance"": 2}"
stats_4685,USR986Sg,9PNm1azEjzSnKAe8E1gyHkQNer64Xjh4GW7yJ,2024-09-01,20.78,2,-4.22,25.0,10.39,25.0,25.0,"{""Finance"": 2}"
stats_4686,USR986Sg,9PNm1azEjzSnKAe8E1gyHkQNer64Xjh4GW7yJ,2024-10-01,20.78,2,-4.22,25.0,10.39,25.0,25.0,"{""Finance"": 2}"
stats_4687,USR986Sg,9PNm1azEjzSnKAe8E1gyHkQNer64Xjh4GW7yJ,2024-11-01,20.78,2,-4.22,25.0,10.39,25.0,25.0,"{""Finance"": 2}"
stats_4688,USR986Sg,9PNm1azEjzSnKAe8E1gyHkQNer64Xjh4GW7yJ,2024-12-01,20.78,2,-4.22,25.0,10.39,25.0,25.0,"{""Finance"": 2}"
stats_4689,USR986Sg,9PNm1azEjzSnKAe8E1gyHkQNer64Xjh4GW7yJ,2025-01-01,20.78,2,-4.22,25.0,10.39,25.0,25.0,"{""Finance"": 2}"
stats_4690,USR986Sg,9PNm1azEjzSnKAe8E1gyHkQNer64Xjh4GW7yJ,2025-02-01,20.78,2,-4.22,25.0,10.39,25.0,25.0,"{""Finance"": 2}"
stats_4691,USR986Sg,9PNm1azEjzSnKAe8E1gyHkQNer64Xjh4GW7yJ,2025-03-01,20.78,2,-4.22,25.0,10.39,25.0,25.0,"{""Finance"": 2}"
stats_4692,USR986Sg,9PNm1azEjzSnKAe8E1gyHkQNer64Xjh4GW7yJ,2025-04-01,20.78,2,-4.22,25.0,10.39,25.0,25.0,"{""Finance"": 2}"
stats_4693,USR986Sg,9PNm1azEjzSnKAe8E1gyHkQNer64Xjh4GW7yJ,2025-05-01,20.78,2,-4.22,25.0,10.39,25.0,25.0,"{""Finance"": 2}"
stats_4694,USR986Sg,9PNm1azEjzSnKAe8E1gyHkQNer64Xjh4GW7yJ,2025-06-01,20.78,2,-4.22,25.0,10.39,25.0,25.0,"{""Finance"": 2}"
stats_4695,USR986Sg,9PNm1azEjzSnKAe8E1gyHkQNer64Xjh4GW7yJ,2025-07-01,20.78,2,-4.22,25.0,10.39,25.0,25.0,"{""Finance"": 2}"
stats_4696,USR986Sg,9PNm1azEjzSnKAe8E1gyHkQNer64Xjh4GW7yJ,2025-08-01,20.78,2,-4.22,25.0,10.39,25.0,25.0,"{""Finance"": 2}"
stats_4697,USR986Sg,9PNm1azEjzSnKAe8E1gyHkQNer64Xjh4GW7yJ,2025-09-01,20.78,2,-4.22,25.0,10.39,25.0,25.0,"{""Finance"": 2}"
stats_4698,USR986Sg,9PNm1azEjzSnKAe8E1gyHkQNer64Xjh4GW7yJ,2025-10-01,-4.22,1,-4.22,0.0,-4.22,-4.22,-4.22,"{""Finance"": 1}"
stats_4699,USR272FG,vx9odwNnJNsXWKylDRepcWJ39gml8Gtqz3Le4,2023-10-01,1000.0,1,0.0,1000.0,1000.0,1000.0,1000.0,"{""Finance"": 1}"
stats_4700,USR272FG,vx9odwNnJNsXWKylDRepcWJ39gml8Gtqz3Le4,2023-11-01,1000.0,1,0.0,1000.0,1000.0,1000.0,1000.0,"{""Finance"": 1}"
stats_4701,USR272FG,vx9odwNnJNsXWKylDRepcWJ39gml8Gtqz3Le4,2023-12-01,1000.0,1,0.0,1000.0,1000.0,1000.0,1000.0,"{""Finance"": 1}"
stats_4702,USR272FG,vx9odwNnJNsXWKylDRepcWJ39gml8Gtqz3Le4,2024-01-01,1000.0,1,0.0,1000.0,1000.0,1000.0,1000.0,"{""Finance"": 1}"
stats_4703,USR272FG,vx9odwNnJNsXWKylDRepcWJ39gml8Gtqz3Le4,2024-02-01,1000.0,1,0.0,1000.0,1000.0,1000.0,1000.0,"{""Finance"": 1}"
stats_4704,USR272FG,vx9odwNnJNsXWKylDRepcWJ39gml8Gtqz3Le4,2024-03-01,1000.0,1,0.0,1000.0,1000.0,1000.0,1000.0,"{""Finance"": 1}"
stats_4705,USR272FG,vx9odwNnJNsXWKylDRepcWJ39gml8Gtqz3Le4,2024-04-01,1000.0,1,0.0,1000.0,1000.0,1000.0,1000.0,"{""Finance"": 1}"
stats_4706,USR272FG,vx9odwNnJNsXWKylDRepcWJ39gml8Gtqz3Le4,2024-05-01,1000.0,1,0.0,1000.0,1000.0,1000.0,1000.0,"{""Finance"": 1}"
stats_4707,USR272FG,vx9odwNnJNsXWKylDRepcWJ39gml8Gtqz3Le4,2024-06-01,1000.0,1,0.0,1000.0,1000.0,1000.0,1000.0,"{""Finance"": 1}"
stats_4708,USR272FG,vx9odwNnJNsXWKylDRepcWJ39gml8Gtqz3Le4,2024-07-01,1000.0,1,0.0,1000.0,1000.0,1000.0,1000.0,"{""Finance"": 1}"
stats_4709,USR272FG,vx9odwNnJNsXWKylDRepcWJ39gml8Gtqz3Le4,2024-08-01,1000.0,1,0.0,1000.0,1000.0,1000.0,1000.0,"{""Finance"": 1}"
stats_4710,USR272FG,vx9odwNnJNsXWKylDRepcWJ39gml8Gtqz3Le4,2024-09-01,1000.0,1,0.0,1000.0,1000.0,1000.0,1000.0,"{""Finance"": 1}"
stats_4711,USR272FG,vx9odwNnJNsXWKylDRepcWJ39gml8Gtqz3Le4,2024-10-01,1000.0,1,0.0,1000.0,1000.0,1000.0,1000.0,"{""Finance"": 1}"
stats_4712,USR272FG,vx9odwNnJNsXWKylDRepcWJ39gml8Gtqz3Le4,2024-11-01,1000.0,1,0.0,1000.0,1000.0,1000.0,1000.0,"{""Finance"": 1}"
stats_4713,USR272FG,vx9odwNnJNsXWKylDRepcWJ39gml8Gtqz3Le4,2024-12-01,1000.0,1,0.0,1000.0,1000.0,1000.0,1000.0,"{""Finance"": 1}"
stats_4714,USR272FG,vx9odwNnJNsXWKylDRepcWJ39gml8Gtqz3Le4,2025-01-01,1000.0,1,0.0,1000.0,1000.0,1000.0,1000.0,"{""Finance"": 1}"
stats_4715,USR272FG,vx9odwNnJNsXWKylDRepcWJ39gml8Gtqz3Le4,2025-02-01,1000.0,1,0.0,1000.0,1000.0,1000.0,1000.0,"{""Finance"": 1}"
stats_4716,USR272FG,vx9odwNnJNsXWKylDRepcWJ39gml8Gtqz3Le4,2025-03-01,1000.0,1,0.0,1000.0,1000.0,1000.0,1000.0,"{""Finance"": 1}"
stats_4717,USR272FG,vx9odwNnJNsXWKylDRepcWJ39gml8Gtqz3Le4,2025-04-01,1000.0,1,0.0,1000.0,1000.0,1000.0,1000.0,"{""Finance"": 1}"
stats_4718,USR272FG,vx9odwNnJNsXWKylDRepcWJ39gml8Gtqz3Le4,2025-05-01,1000.0,1,0.0,1000.0,1000.0,1000.0,1000.0,"{""Finance"": 1}"
stats_4719,USR272FG,vx9odwNnJNsXWKylDRepcWJ39gml8Gtqz3Le4,2025-06-01,1000.0,1,0.0,1000.0,1000.0,1000.0,1000.0,"{""Finance"": 1}"
stats_4720,USR272FG,vx9odwNnJNsXWKylDRepcWJ39gml8Gtqz3Le4,2025-07-01,1000.0,1,0.0,1000.0,1000.0,1000.0,1000.0,"{""Finance"": 1}"
stats_4721,USR272FG,vx9odwNnJNsXWKylDRepcWJ39gml8Gtqz3Le4,2025-08-01,1000.0,1,0.0,1000.0,1000.0,1000.0,1000.0,"{""Finance"": 1}"
stats_4722,USR272FG,vx9odwNnJNsXWKylDRepcWJ39gml8Gtqz3Le4,2025-09-01,1000.0,1,0.0,1000.0,1000.0,1000.0,1000.0,"{""Finance"": 1}"
stats_4723,USR907oy,RzXpdaKDAKT6XdpVGPNzt7MmxKDQGpsalv6k6,2023-10-01,78.5,1,0.0,78.5,78.5,78.5,78.5,"{""Fitness"": 1}"
stats_4724,USR907oy,RzXpdaKDAKT6XdpVGPNzt7MmxKDQGpsalv6k6,2023-11-01,4157.0,6,0.0,4157.0,692.83,2078.5,2078.5,"{""Fitness"": 2, ""Finance"": 2, ""Food and Dining"": 1, ""Transportation"": 1}"
stats_4725,USR907oy,RzXpdaKDAKT6XdpVGPNzt7MmxKDQGpsalv6k6,2023-12-01,4157.0,6,0.0,4157.0,692.83,2078.5,2078.5,"{""Fitness"": 2, ""Finance"": 2, ""Food and Dining"": 1, ""Transportation"": 1}"
stats_4726,USR907oy,RzXpdaKDAKT6XdpVGPNzt7MmxKDQGpsalv6k6,2024-01-01,4157.0,6,0.0,4157.0,692.83,2078.5,2078.5,"{""Finance"": 2, ""Fitness"": 2, ""Food and Dining"": 1, ""Transportation"": 1}"
stats_4727,USR907oy,RzXpdaKDAKT6XdpVGPNzt7MmxKDQGpsalv6k6,2024-02-01,4157.0,6,0.0,4157.0,692.83,2078.5,2078.5,"{""Fitness"": 2, ""Finance"": 2, ""Food and Dining"": 1, ""Transportation"": 1}"
stats_4728,USR907oy,RzXpdaKDAKT6XdpVGPNzt7MmxKDQGpsalv6k6,2024-03-01,4157.0,6,0.0,4157.0,692.83,2078.5,2078.5,"{""Fitness"": 2, ""Finance"": 2, ""Food and Dining"": 1, ""Transportation"": 1}"
stats_4729,USR907oy,RzXpdaKDAKT6XdpVGPNzt7MmxKDQGpsalv6k6,2024-04-01,4157.0,6,0.0,4157.0,692.83,2078.5,2078.5,"{""Finance"": 2, ""Fitness"": 2, ""Food and Dining"": 1, ""Transportation"": 1}"
stats_4730,USR907oy,RzXpdaKDAKT6XdpVGPNzt7MmxKDQGpsalv6k6,2024-05-01,4157.0,6,0.0,4157.0,692.83,2078.5,2078.5,"{""Fitness"": 2, ""Finance"": 2, ""Food and Dining"": 1, ""Transportation"": 1}"
stats_4731,USR907oy,RzXpdaKDAKT6XdpVGPNzt7MmxKDQGpsalv6k6,2024-06-01,4157.0,6,0.0,4157.0,692.83,2078.5,2078.5,"{""Fitness"": 2, ""Finance"": 2, ""Food and Dining"": 1, ""Transportation"": 1}"
stats_4732,USR907oy,RzXpdaKDAKT6XdpVGPNzt7MmxKDQGpsalv6k6,2024-07-01,4157.0,6,0.0,4157.0,692.83,2078.5,2078.5,"{""Fitness"": 2, ""Finance"": 2, ""Food and Dining"": 1, ""Transportation"": 1}"
stats_4733,USR907oy,RzXpdaKDAKT6XdpVGPNzt7MmxKDQGpsalv6k6,2024-08-01,7235.5,9,0.0,7235.5,803.94,2078.5,2078.5,"{""Finance"": 3, ""Fitness"": 3, ""Food and Dining"": 2, ""Transportation"": 1}"
stats_4734,USR907oy,RzXpdaKDAKT6XdpVGPNzt7MmxKDQGpsalv6k6,2024-09-01,4157.0,6,0.0,4157.0,692.83,2078.5,2078.5,"{""Finance"": 2, ""Fitness"": 2, ""Transportation"": 1, ""Food and Dining"": 1}"
stats_4735,USR907oy,RzXpdaKDAKT6XdpVGPNzt7MmxKDQGpsalv6k6,2024-10-01,4657.0,7,0.0,4657.0,665.29,2078.5,2078.5,"{""Finance"": 3, ""Fitness"": 2, ""Transportation"": 1, ""Food and Dining"": 1}"
stats_4736,USR907oy,RzXpdaKDAKT6XdpVGPNzt7MmxKDQGpsalv6k6,2024-11-01,4157.0,6,0.0,4157.0,692.83,2078.5,2078.5,"{""Fitness"": 2, ""Finance"": 2, ""Transportation"": 1, ""Food and Dining"": 1}"
stats_4737,USR907oy,RzXpdaKDAKT6XdpVGPNzt7MmxKDQGpsalv6k6,2024-12-01,4157.0,6,0.0,4157.0,692.83,2078.5,2078.5,"{""Fitness"": 2, ""Finance"": 2, ""Transportation"": 1, ""Food and Dining"": 1}"
stats_4738,USR907oy,RzXpdaKDAKT6XdpVGPNzt7MmxKDQGpsalv6k6,2025-01-01,4157.0,6,0.0,4157.0,692.83,2078.5,2078.5,"{""Fitness"": 2, ""Finance"": 2, ""Transportation"": 1, ""Food and Dining"": 1}"
stats_4739,USR907oy,RzXpdaKDAKT6XdpVGPNzt7MmxKDQGpsalv6k6,2025-02-01,4157.0,6,0.0,4157.0,692.83,2078.5,2078.5,"{""Fitness"": 2, ""Finance"": 2, ""Transportation"": 1, ""Food and Dining"": 1}"
stats_4740,USR907oy,RzXpdaKDAKT6XdpVGPNzt7MmxKDQGpsalv6k6,2025-03-01,4157.0,6,0.0,4157.0,692.83,2078.5,2078.5,"{""Fitness"": 2, ""Finance"": 2, ""Transportation"": 1, ""Food and Dining"": 1}"
stats_4741,USR907oy,RzXpdaKDAKT6XdpVGPNzt7MmxKDQGpsalv6k6,2025-04-01,4157.0,6,0.0,4157.0,692.83,2078.5,2078.5,"{""Fitness"": 2, ""Finance"": 2, ""Transportation"": 1, ""Food and Dining"": 1}"
stats_4742,USR907oy,RzXpdaKDAKT6XdpVGPNzt7MmxKDQGpsalv6k6,2025-05-01,4157.0,6,0.0,4157.0,692.83,2078.5,2078.5,"{""Fitness"": 2, ""Finance"": 2, ""Transportation"": 1, ""Food and Dining"": 1}"
stats_4743,USR907oy,RzXpdaKDAKT6XdpVGPNzt7MmxKDQGpsalv6k6,2025-06-01,4157.0,6,0.0,4157.0,692.83,2078.5,2078.5,"{""Fitness"": 2, ""Finance"": 2, ""Transportation"": 1, ""Food and Dining"": 1}"
stats_4744,USR907oy,RzXpdaKDAKT6XdpVGPNzt7MmxKDQGpsalv6k6,2025-07-01,4157.0,6,0.0,4157.0,692.83,2078.5,2078.5,"{""Fitness"": 2, ""Finance"": 2, ""Transportation"": 1, ""Food and Dining"": 1}"
stats_4745,USR907oy,RzXpdaKDAKT6XdpVGPNzt7MmxKDQGpsalv6k6,2025-08-01,4157.0,6,0.0,4157.0,692.83,2078.5,2078.5,"{""Fitness"": 2, ""Finance"": 2, ""Transportation"": 1, ""Food and Dining"": 1}"
stats_4746,USR907oy,RzXpdaKDAKT6XdpVGPNzt7MmxKDQGpsalv6k6,2025-09-01,4157.0,6,0.0,4157.0,692.83,2078.5,2078.5,"{""Fitness"": 2, ""Finance"": 2, ""Transportation"": 1, ""Food and Dining"": 1}"
stats_4747,USR907oy,RzXpdaKDAKT6XdpVGPNzt7MmxKDQGpsalv6k6,2025-10-01,500.0,1,0.0,500.0,500.0,500.0,500.0,"{""Transportation"": 1}"
stats_4748,USR678LY,6aNGQ3qE4qUPgAlJyZ6kce3lG1PEQLu89oEKV,2023-10-01,5850.0,1,0.0,5850.0,5850.0,5850.0,5850.0,"{""Finance"": 1}"
stats_4749,USR678LY,6aNGQ3qE4qUPgAlJyZ6kce3lG1PEQLu89oEKV,2023-11-01,5850.0,1,0.0,5850.0,5850.0,5850.0,5850.0,"{""Finance"": 1}"
stats_4750,USR678LY,6aNGQ3qE4qUPgAlJyZ6kce3lG1PEQLu89oEKV,2023-12-01,5850.0,1,0.0,5850.0,5850.0,5850.0,5850.0,"{""Finance"": 1}"
stats_4751,USR678LY,6aNGQ3qE4qUPgAlJyZ6kce3lG1PEQLu89oEKV,2024-01-01,5850.0,1,0.0,5850.0,5850.0,5850.0,5850.0,"{""Finance"": 1}"
stats_4752,USR678LY,6aNGQ3qE4qUPgAlJyZ6kce3lG1PEQLu89oEKV,2024-02-01,5850.0,1,0.0,5850.0,5850.0,5850.0,5850.0,"{""Finance"": 1}"
stats_4753,USR678LY,6aNGQ3qE4qUPgAlJyZ6kce3lG1PEQLu89oEKV,2024-03-01,5850.0,1,0.0,5850.0,5850.0,5850.0,5850.0,"{""Finance"": 1}"
stats_4754,USR678LY,6aNGQ3qE4qUPgAlJyZ6kce3lG1PEQLu89oEKV,2024-04-01,5850.0,1,0.0,5850.0,5850.0,5850.0,5850.0,"{""Finance"": 1}"
stats_4755,USR678LY,6aNGQ3qE4qUPgAlJyZ6kce3lG1PEQLu89oEKV,2024-05-01,5850.0,1,0.0,5850.0,5850.0,5850.0,5850.0,"{""Finance"": 1}"
stats_4756,USR678LY,6aNGQ3qE4qUPgAlJyZ6kce3lG1PEQLu89oEKV,2024-06-01,5850.0,1,0.0,5850.0,5850.0,5850.0,5850.0,"{""Finance"": 1}"
stats_4757,USR678LY,6aNGQ3qE4qUPgAlJyZ6kce3lG1PEQLu89oEKV,2024-07-01,5850.0,1,0.0,5850.0,5850.0,5850.0,5850.0,"{""Finance"": 1}"
stats_4758,USR678LY,6aNGQ3qE4qUPgAlJyZ6kce3lG1PEQLu89oEKV,2024-08-01,5850.0,1,0.0,5850.0,5850.0,5850.0,5850.0,"{""Finance"": 1}"
stats_4759,USR678LY,6aNGQ3qE4qUPgAlJyZ6kce3lG1PEQLu89oEKV,2024-09-01,5850.0,1,0.0,5850.0,5850.0,5850.0,5850.0,"{""Finance"": 1}"
stats_4760,USR678LY,6aNGQ3qE4qUPgAlJyZ6kce3lG1PEQLu89oEKV,2024-10-01,5850.0,1,0.0,5850.0,5850.0,5850.0,5850.0,"{""Finance"": 1}"
stats_4761,USR678LY,6aNGQ3qE4qUPgAlJyZ6kce3lG1PEQLu89oEKV,2024-11-01,5850.0,1,0.0,5850.0,5850.0,5850.0,5850.0,"{""Finance"": 1}"
stats_4762,USR678LY,6aNGQ3qE4qUPgAlJyZ6kce3lG1PEQLu89oEKV,2024-12-01,5850.0,1,0.0,5850.0,5850.0,5850.0,5850.0,"{""Finance"": 1}"
stats_4763,USR678LY,6aNGQ3qE4qUPgAlJyZ6kce3lG1PEQLu89oEKV,2025-01-01,5850.0,1,0.0,5850.0,5850.0,5850.0,5850.0,"{""Finance"": 1}"
stats_4764,USR678LY,6aNGQ3qE4qUPgAlJyZ6kce3lG1PEQLu89oEKV,2025-02-01,5850.0,1,0.0,5850.0,5850.0,5850.0,5850.0,"{""Finance"": 1}"
stats_4765,USR678LY,6aNGQ3qE4qUPgAlJyZ6kce3lG1PEQLu89oEKV,2025-03-01,5850.0,1,0.0,5850.0,5850.0,5850.0,5850.0,"{""Finance"": 1}"
stats_4766,USR678LY,6aNGQ3qE4qUPgAlJyZ6kce3lG1PEQLu89oEKV,2025-04-01,5850.0,1,0.0,5850.0,5850.0,5850.0,5850.0,"{""Finance"": 1}"
stats_4767,USR678LY,6aNGQ3qE4qUPgAlJyZ6kce3lG1PEQLu89oEKV,2025-05-01,5850.0,1,0.0,5850.0,5850.0,5850.0,5850.0,"{""Finance"": 1}"
stats_4768,USR678LY,6aNGQ3qE4qUPgAlJyZ6kce3lG1PEQLu89oEKV,2025-06-01,5850.0,1,0.0,5850.0,5850.0,5850.0,5850.0,"{""Finance"": 1}"
stats_4769,USR678LY,6aNGQ3qE4qUPgAlJyZ6kce3lG1PEQLu89oEKV,2025-07-01,5850.0,1,0.0,5850.0,5850.0,5850.0,5850.0,"{""Finance"": 1}"
stats_4770,USR678LY,6aNGQ3qE4qUPgAlJyZ6kce3lG1PEQLu89oEKV,2025-08-01,5850.0,1,0.0,5850.0,5850.0,5850.0,5850.0,"{""Finance"": 1}"
stats_4771,USR678LY,6aNGQ3qE4qUPgAlJyZ6kce3lG1PEQLu89oEKV,2025-09-01,5850.0,1,0.0,5850.0,5850.0,5850.0,5850.0,"{""Finance"": 1}"
stats_4772,USR340wo,axyMQ495qoHdAEr9mlx1HWgnm3Bp7DFowzjGM,2025-09-01,997.47,74,-5200.0,6197.47,13.48,1400.0,-3000.0,"{""Shopping"": 20, ""Finance"": 18, ""Entertainment"": 10, ""Food and Dining"": 8, ""Transportation"": 7, ""Groceries"": 6, ""Travel"": 2, ""Housing and Utilities"": 2, ""Fitness"": 1}"
stats_4773,USR340wo,axyMQ495qoHdAEr9mlx1HWgnm3Bp7DFowzjGM,2025-10-01,3147.4,33,0.0,3147.4,95.38,1237.0,1237.0,"{""Finance"": 13, ""Shopping"": 7, ""Transportation"": 3, ""Groceries"": 3, ""Entertainment"": 2, ""Medical/Dental"": 2, ""Food and Dining"": 2, ""Housing and Utilities"": 1}"
stats_4774,USR471zI,4qjK1BGoWMtop63wjG14Szo1G4gAQvC9zZ6EK,2025-10-01,-4.22,1,-4.22,0.0,-4.22,-4.22,-4.22,"{""Finance"": 1}"
stats_4775,USR514Mj,jQXAv1Pl4wt7yxaKBdQLSW1BDkV76AFxdBNby,2025-09-01,1000.0,1,0.0,1000.0,1000.0,1000.0,1000.0,"{""Finance"": 1}"
stats_4776,USR486wN,NkbGJmg5ZAhzWL1AZn9XI4WKwGqvepuodglNb,2025-09-01,3628.5,6,0.0,3628.5,604.75,2078.5,2078.5,"{""Shopping"": 2, ""Finance"": 2, ""Food and Dining"": 1, ""Transportation"": 1}"
stats_4777,USR486wN,NkbGJmg5ZAhzWL1AZn9XI4WKwGqvepuodglNb,2025-10-01,500.0,1,0.0,500.0,500.0,500.0,500.0,"{""Transportation"": 1}"
stats_4778,USR844Zm,bKb6gqA5xvha7zrXERewszywp9ZJjZfmbE3Bp,2023-10-01,-388.87,5,-500.0,111.13,-77.77,89.4,-500.0,"{""Food and Dining"": 2, ""Transportation"": 2, ""Groceries"": 1}"
stats_4779,USR844Zm,bKb6gqA5xvha7zrXERewszywp9ZJjZfmbE3Bp,2023-11-01,-382.54,6,-500.0,117.46,-63.76,89.4,-500.0,"{""Transportation"": 3, ""Food and Dining"": 2, ""Groceries"": 1}"
stats_4780,USR844Zm,bKb6gqA5xvha7zrXERewszywp9ZJjZfmbE3Bp,2023-12-01,-382.54,6,-500.0,117.46,-63.76,89.4,-500.0,"{""Transportation"": 3, ""Food and Dining"": 2, ""Groceries"": 1}"
stats_4781,USR844Zm,bKb6gqA5xvha7zrXERewszywp9ZJjZfmbE3Bp,2024-01-01,-382.54,6,-500.0,117.46,-63.76,89.4,-500.0,"{""Transportation"": 3, ""Food and Dining"": 2, ""Groceries"": 1}"
stats_4782,USR844Zm,bKb6gqA5xvha7zrXERewszywp9ZJjZfmbE3Bp,2024-02-01,-382.54,6,-500.0,117.46,-63.76,89.4,-500.0,"{""Transportation"": 3, ""Food and Dining"": 2, ""Groceries"": 1}"
stats_4783,USR844Zm,bKb6gqA5xvha7zrXERewszywp9ZJjZfmbE3Bp,2024-03-01,-382.54,6,-500.0,117.46,-63.76,89.4,-500.0,"{""Transportation"": 3, ""Food and Dining"": 2, ""Groceries"": 1}"
stats_4784,USR844Zm,bKb6gqA5xvha7zrXERewszywp9ZJjZfmbE3Bp,2024-04-01,-382.54,6,-500.0,117.46,-63.76,89.4,-500.0,"{""Transportation"": 3, ""Food and Dining"": 2, ""Groceries"": 1}"
stats_4785,USR844Zm,bKb6gqA5xvha7zrXERewszywp9ZJjZfmbE3Bp,2024-05-01,-382.54,6,-500.0,117.46,-63.76,89.4,-500.0,"{""Transportation"": 3, ""Food and Dining"": 2, ""Groceries"": 1}"
stats_4786,USR844Zm,bKb6gqA5xvha7zrXERewszywp9ZJjZfmbE3Bp,2024-06-01,-382.54,6,-500.0,117.46,-63.76,89.4,-500.0,"{""Transportation"": 3, ""Food and Dining"": 2, ""Groceries"": 1}"
stats_4787,USR844Zm,bKb6gqA5xvha7zrXERewszywp9ZJjZfmbE3Bp,2024-07-01,-382.54,6,-500.0,117.46,-63.76,89.4,-500.0,"{""Transportation"": 3, ""Food and Dining"": 2, ""Groceries"": 1}"
stats_4788,USR844Zm,bKb6gqA5xvha7zrXERewszywp9ZJjZfmbE3Bp,2024-08-01,-382.54,6,-500.0,117.46,-63.76,89.4,-500.0,"{""Transportation"": 3, ""Food and Dining"": 2, ""Groceries"": 1}"
stats_4789,USR844Zm,bKb6gqA5xvha7zrXERewszywp9ZJjZfmbE3Bp,2024-09-01,-382.54,6,-500.0,117.46,-63.76,89.4,-500.0,"{""Transportation"": 3, ""Food and Dining"": 2, ""Groceries"": 1}"
stats_4790,USR844Zm,bKb6gqA5xvha7zrXERewszywp9ZJjZfmbE3Bp,2024-10-01,-382.54,6,-500.0,117.46,-63.76,89.4,-500.0,"{""Transportation"": 3, ""Food and Dining"": 2, ""Groceries"": 1}"
stats_4791,USR844Zm,bKb6gqA5xvha7zrXERewszywp9ZJjZfmbE3Bp,2024-11-01,-382.54,6,-500.0,117.46,-63.76,89.4,-500.0,"{""Transportation"": 3, ""Food and Dining"": 2, ""Groceries"": 1}"
stats_4792,USR844Zm,bKb6gqA5xvha7zrXERewszywp9ZJjZfmbE3Bp,2024-12-01,-382.54,6,-500.0,117.46,-63.76,89.4,-500.0,"{""Transportation"": 3, ""Food and Dining"": 2, ""Groceries"": 1}"
stats_4793,USR844Zm,bKb6gqA5xvha7zrXERewszywp9ZJjZfmbE3Bp,2025-01-01,-382.54,6,-500.0,117.46,-63.76,89.4,-500.0,"{""Transportation"": 3, ""Food and Dining"": 2, ""Groceries"": 1}"
stats_4794,USR844Zm,bKb6gqA5xvha7zrXERewszywp9ZJjZfmbE3Bp,2025-02-01,-382.54,6,-500.0,117.46,-63.76,89.4,-500.0,"{""Transportation"": 3, ""Food and Dining"": 2, ""Groceries"": 1}"
stats_4795,USR844Zm,bKb6gqA5xvha7zrXERewszywp9ZJjZfmbE3Bp,2025-03-01,-382.54,6,-500.0,117.46,-63.76,89.4,-500.0,"{""Transportation"": 3, ""Food and Dining"": 2, ""Groceries"": 1}"
stats_4796,USR844Zm,bKb6gqA5xvha7zrXERewszywp9ZJjZfmbE3Bp,2025-04-01,-382.54,6,-500.0,117.46,-63.76,89.4,-500.0,"{""Transportation"": 3, ""Food and Dining"": 2, ""Groceries"": 1}"
stats_4797,USR844Zm,bKb6gqA5xvha7zrXERewszywp9ZJjZfmbE3Bp,2025-05-01,-382.54,6,-500.0,117.46,-63.76,89.4,-500.0,"{""Transportation"": 3, ""Food and Dining"": 2, ""Groceries"": 1}"
stats_4798,USR844Zm,bKb6gqA5xvha7zrXERewszywp9ZJjZfmbE3Bp,2025-06-01,-382.54,6,-500.0,117.46,-63.76,89.4,-500.0,"{""Transportation"": 3, ""Food and Dining"": 2, ""Groceries"": 1}"
stats_4799,USR844Zm,bKb6gqA5xvha7zrXERewszywp9ZJjZfmbE3Bp,2025-07-01,-376.21,7,-500.0,123.79,-53.74,89.4,-500.0,"{""Transportation"": 4, ""Food and Dining"": 2, ""Groceries"": 1}"
stats_4800,USR844Zm,bKb6gqA5xvha7zrXERewszywp9ZJjZfmbE3Bp,2025-08-01,-382.54,6,-500.0,117.46,-63.76,89.4,-500.0,"{""Transportation"": 3, ""Food and Dining"": 2, ""Groceries"": 1}"
stats_4801,USR844Zm,bKb6gqA5xvha7zrXERewszywp9ZJjZfmbE3Bp,2025-09-01,-382.54,6,-500.0,117.46,-63.76,89.4,-500.0,"{""Transportation"": 3, ""Food and Dining"": 2, ""Groceries"": 1}"
stats_4802,USR844Zm,bKb6gqA5xvha7zrXERewszywp9ZJjZfmbE3Bp,2025-10-01,89.4,1,0.0,89.4,89.4,89.4,89.4,"{""Groceries"": 1}"
stats_4803,USR001ul,mjlgbPz45dFBK74poGMPhW4PeKDxADugy9ArD,2023-10-01,20.78,2,-4.22,25.0,10.39,25.0,25.0,"{""Finance"": 2}"
stats_4804,USR001ul,mjlgbPz45dFBK74poGMPhW4PeKDxADugy9ArD,2023-11-01,20.78,2,-4.22,25.0,10.39,25.0,25.0,"{""Finance"": 2}"
stats_4805,USR001ul,mjlgbPz45dFBK74poGMPhW4PeKDxADugy9ArD,2023-12-01,20.78,2,-4.22,25.0,10.39,25.0,25.0,"{""Finance"": 2}"
stats_4806,USR001ul,mjlgbPz45dFBK74poGMPhW4PeKDxADugy9ArD,2024-01-01,20.78,2,-4.22,25.0,10.39,25.0,25.0,"{""Finance"": 2}"
stats_4807,USR001ul,mjlgbPz45dFBK74poGMPhW4PeKDxADugy9ArD,2024-02-01,20.78,2,-4.22,25.0,10.39,25.0,25.0,"{""Finance"": 2}"
stats_4808,USR001ul,mjlgbPz45dFBK74poGMPhW4PeKDxADugy9ArD,2024-03-01,20.78,2,-4.22,25.0,10.39,25.0,25.0,"{""Finance"": 2}"
stats_4809,USR001ul,mjlgbPz45dFBK74poGMPhW4PeKDxADugy9ArD,2024-04-01,20.78,2,-4.22,25.0,10.39,25.0,25.0,"{""Finance"": 2}"
stats_4810,USR001ul,mjlgbPz45dFBK74poGMPhW4PeKDxADugy9ArD,2024-05-01,20.78,2,-4.22,25.0,10.39,25.0,25.0,"{""Finance"": 2}"
stats_4811,USR001ul,mjlgbPz45dFBK74poGMPhW4PeKDxADugy9ArD,2024-06-01,20.78,2,-4.22,25.0,10.39,25.0,25.0,"{""Finance"": 2}"
stats_4812,USR001ul,mjlgbPz45dFBK74poGMPhW4PeKDxADugy9ArD,2024-07-01,20.78,2,-4.22,25.0,10.39,25.0,25.0,"{""Finance"": 2}"
stats_4813,USR001ul,mjlgbPz45dFBK74poGMPhW4PeKDxADugy9ArD,2024-08-01,20.78,2,-4.22,25.0,10.39,25.0,25.0,"{""Finance"": 2}"
stats_4814,USR001ul,mjlgbPz45dFBK74poGMPhW4PeKDxADugy9ArD,2024-09-01,20.78,2,-4.22,25.0,10.39,25.0,25.0,"{""Finance"": 2}"
stats_4815,USR001ul,mjlgbPz45dFBK74poGMPhW4PeKDxADugy9ArD,2024-10-01,20.78,2,-4.22,25.0,10.39,25.0,25.0,"{""Finance"": 2}"
stats_4816,USR001ul,mjlgbPz45dFBK74poGMPhW4PeKDxADugy9ArD,2024-11-01,20.78,2,-4.22,25.0,10.39,25.0,25.0,"{""Finance"": 2}"
stats_4817,USR001ul,mjlgbPz45dFBK74poGMPhW4PeKDxADugy9ArD,2024-12-01,20.78,2,-4.22,25.0,10.39,25.0,25.0,"{""Finance"": 2}"
stats_4818,USR001ul,mjlgbPz45dFBK74poGMPhW4PeKDxADugy9ArD,2025-01-01,20.78,2,-4.22,25.0,10.39,25.0,25.0,"{""Finance"": 2}"
stats_4819,USR001ul,mjlgbPz45dFBK74poGMPhW4PeKDxADugy9ArD,2025-02-01,20.78,2,-4.22,25.0,10.39,25.0,25.0,"{""Finance"": 2}"
stats_4820,USR001ul,mjlgbPz45dFBK74poGMPhW4PeKDxADugy9ArD,2025-03-01,20.78,2,-4.22,25.0,10.39,25.0,25.0,"{""Finance"": 2}"
stats_4821,USR001ul,mjlgbPz45dFBK74poGMPhW4PeKDxADugy9ArD,2025-04-01,20.78,2,-4.22,25.0,10.39,25.0,25.0,"{""Finance"": 2}"
stats_4822,USR001ul,mjlgbPz45dFBK74poGMPhW4PeKDxADugy9ArD,2025-05-01,20.78,2,-4.22,25.0,10.39,25.0,25.0,"{""Finance"": 2}"
stats_4823,USR001ul,mjlgbPz45dFBK74poGMPhW4PeKDxADugy9ArD,2025-06-01,20.78,2,-4.22,25.0,10.39,25.0,25.0,"{""Finance"": 2}"
stats_4824,USR001ul,mjlgbPz45dFBK74poGMPhW4PeKDxADugy9ArD,2025-07-01,20.78,2,-4.22,25.0,10.39,25.0,25.0,"{""Finance"": 2}"
stats_4825,USR001ul,mjlgbPz45dFBK74poGMPhW4PeKDxADugy9ArD,2025-08-01,20.78,2,-4.22,25.0,10.39,25.0,25.0,"{""Finance"": 2}"
stats_4826,USR001ul,mjlgbPz45dFBK74poGMPhW4PeKDxADugy9ArD,2025-09-01,20.78,2,-4.22,25.0,10.39,25.0,25.0,"{""Finance"": 2}"
stats_4827,USR001ul,mjlgbPz45dFBK74poGMPhW4PeKDxADugy9ArD,2025-10-01,-4.22,1,-4.22,0.0,-4.22,-4.22,-4.22,"{""Finance"": 1}"
stats_4828,USR333eC,yEPM5pQoVLCgz5D4EaylsK8L1pzqgzI46oDgQ,2023-10-01,1000.0,1,0.0,1000.0,1000.0,1000.0,1000.0,"{""Finance"": 1}"
stats_4829,USR333eC,yEPM5pQoVLCgz5D4EaylsK8L1pzqgzI46oDgQ,2023-11-01,1000.0,1,0.0,1000.0,1000.0,1000.0,1000.0,"{""Finance"": 1}"
stats_4830,USR333eC,yEPM5pQoVLCgz5D4EaylsK8L1pzqgzI46oDgQ,2023-12-01,1000.0,1,0.0,1000.0,1000.0,1000.0,1000.0,"{""Finance"": 1}"
stats_4831,USR333eC,yEPM5pQoVLCgz5D4EaylsK8L1pzqgzI46oDgQ,2024-01-01,1000.0,1,0.0,1000.0,1000.0,1000.0,1000.0,"{""Finance"": 1}"
stats_4832,USR333eC,yEPM5pQoVLCgz5D4EaylsK8L1pzqgzI46oDgQ,2024-02-01,1000.0,1,0.0,1000.0,1000.0,1000.0,1000.0,"{""Finance"": 1}"
stats_4833,USR333eC,yEPM5pQoVLCgz5D4EaylsK8L1pzqgzI46oDgQ,2024-03-01,1000.0,1,0.0,1000.0,1000.0,1000.0,1000.0,"{""Finance"": 1}"
stats_4834,USR333eC,yEPM5pQoVLCgz5D4EaylsK8L1pzqgzI46oDgQ,2024-04-01,1000.0,1,0.0,1000.0,1000.0,1000.0,1000.0,"{""Finance"": 1}"
stats_4835,USR333eC,yEPM5pQoVLCgz5D4EaylsK8L1pzqgzI46oDgQ,2024-05-01,1000.0,1,0.0,1000.0,1000.0,1000.0,1000.0,"{""Finance"": 1}"
stats_4836,USR333eC,yEPM5pQoVLCgz5D4EaylsK8L1pzqgzI46oDgQ,2024-06-01,1000.0,1,0.0,1000.0,1000.0,1000.0,1000.0,"{""Finance"": 1}"
stats_4837,USR333eC,yEPM5pQoVLCgz5D4EaylsK8L1pzqgzI46oDgQ,2024-07-01,1000.0,1,0.0,1000.0,1000.0,1000.0,1000.0,"{""Finance"": 1}"
stats_4838,USR333eC,yEPM5pQoVLCgz5D4EaylsK8L1pzqgzI46oDgQ,2024-08-01,1000.0,1,0.0,1000.0,1000.0,1000.0,1000.0,"{""Finance"": 1}"
stats_4839,USR333eC,yEPM5pQoVLCgz5D4EaylsK8L1pzqgzI46oDgQ,2024-09-01,1000.0,1,0.0,1000.0,1000.0,1000.0,1000.0,"{""Finance"": 1}"
stats_4840,USR333eC,yEPM5pQoVLCgz5D4EaylsK8L1pzqgzI46oDgQ,2024-10-01,1000.0,1,0.0,1000.0,1000.0,1000.0,1000.0,"{""Finance"": 1}"
stats_4841,USR333eC,yEPM5pQoVLCgz5D4EaylsK8L1pzqgzI46oDgQ,2024-11-01,1000.0,1,0.0,1000.0,1000.0,1000.0,1000.0,"{""Finance"": 1}"
stats_4842,USR333eC,yEPM5pQoVLCgz5D4EaylsK8L1pzqgzI46oDgQ,2024-12-01,1000.0,1,0.0,1000.0,1000.0,1000.0,1000.0,"{""Finance"": 1}"
stats_4843,USR333eC,yEPM5pQoVLCgz5D4EaylsK8L1pzqgzI46oDgQ,2025-01-01,1000.0,1,0.0,1000.0,1000.0,1000.0,1000.0,"{""Finance"": 1}"
stats_4844,USR333eC,yEPM5pQoVLCgz5D4EaylsK8L1pzqgzI46oDgQ,2025-02-01,1000.0,1,0.0,1000.0,1000.0,1000.0,1000.0,"{""Finance"": 1}"
stats_4845,USR333eC,yEPM5pQoVLCgz5D4EaylsK8L1pzqgzI46oDgQ,2025-03-01,1000.0,1,0.0,1000.0,1000.0,1000.0,1000.0,"{""Finance"": 1}"
stats_4846,USR333eC,yEPM5pQoVLCgz5D4EaylsK8L1pzqgzI46oDgQ,2025-04-01,1000.0,1,0.0,1000.0,1000.0,1000.0,1000.0,"{""Finance"": 1}"
stats_4847,USR333eC,yEPM5pQoVLCgz5D4EaylsK8L1pzqgzI46oDgQ,2025-05-01,1000.0,1,0.0,1000.0,1000.0,1000.0,1000.0,"{""Finance"": 1}"
stats_4848,USR333eC,yEPM5pQoVLCgz5D4EaylsK8L1pzqgzI46oDgQ,2025-06-01,1000.0,1,0.0,1000.0,1000.0,1000.0,1000.0,"{""Finance"": 1}"
stats_4849,USR333eC,yEPM5pQoVLCgz5D4EaylsK8L1pzqgzI46oDgQ,2025-07-01,1000.0,1,0.0,1000.0,1000.0,1000.0,1000.0,"{""Finance"": 1}"
stats_4850,USR333eC,yEPM5pQoVLCgz5D4EaylsK8L1pzqgzI46oDgQ,2025-08-01,1000.0,1,0.0,1000.0,1000.0,1000.0,1000.0,"{""Finance"": 1}"
stats_4851,USR333eC,yEPM5pQoVLCgz5D4EaylsK8L1pzqgzI46oDgQ,2025-09-01,1000.0,1,0.0,1000.0,1000.0,1000.0,1000.0,"{""Finance"": 1}"
stats_4852,USR964ub,9mbdKZLl8QtW1DG47vydTkQK6PyvGyU4xkEKW,2023-10-01,78.5,1,0.0,78.5,78.5,78.5,78.5,"{""Fitness"": 1}"
stats_4853,USR964ub,9mbdKZLl8QtW1DG47vydTkQK6PyvGyU4xkEKW,2023-11-01,4157.0,6,0.0,4157.0,692.83,2078.5,2078.5,"{""Fitness"": 2, ""Finance"": 2, ""Food and Dining"": 1, ""Transportation"": 1}"
stats_4854,USR964ub,9mbdKZLl8QtW1DG47vydTkQK6PyvGyU4xkEKW,2023-12-01,4157.0,6,0.0,4157.0,692.83,2078.5,2078.5,"{""Fitness"": 2, ""Finance"": 2, ""Food and Dining"": 1, ""Transportation"": 1}"
stats_4855,USR964ub,9mbdKZLl8QtW1DG47vydTkQK6PyvGyU4xkEKW,2024-01-01,4157.0,6,0.0,4157.0,692.83,2078.5,2078.5,"{""Fitness"": 2, ""Finance"": 2, ""Food and Dining"": 1, ""Transportation"": 1}"
stats_4856,USR964ub,9mbdKZLl8QtW1DG47vydTkQK6PyvGyU4xkEKW,2024-02-01,4157.0,6,0.0,4157.0,692.83,2078.5,2078.5,"{""Finance"": 2, ""Fitness"": 2, ""Food and Dining"": 1, ""Transportation"": 1}"
stats_4857,USR964ub,9mbdKZLl8QtW1DG47vydTkQK6PyvGyU4xkEKW,2024-03-01,4157.0,6,0.0,4157.0,692.83,2078.5,2078.5,"{""Fitness"": 2, ""Finance"": 2, ""Food and Dining"": 1, ""Transportation"": 1}"
stats_4858,USR964ub,9mbdKZLl8QtW1DG47vydTkQK6PyvGyU4xkEKW,2024-04-01,4157.0,6,0.0,4157.0,692.83,2078.5,2078.5,"{""Finance"": 2, ""Fitness"": 2, ""Food and Dining"": 1, ""Transportation"": 1}"
stats_4859,USR964ub,9mbdKZLl8QtW1DG47vydTkQK6PyvGyU4xkEKW,2024-05-01,4157.0,6,0.0,4157.0,692.83,2078.5,2078.5,"{""Finance"": 2, ""Fitness"": 2, ""Food and Dining"": 1, ""Transportation"": 1}"
stats_4860,USR964ub,9mbdKZLl8QtW1DG47vydTkQK6PyvGyU4xkEKW,2024-06-01,4157.0,6,0.0,4157.0,692.83,2078.5,2078.5,"{""Finance"": 2, ""Fitness"": 2, ""Food and Dining"": 1, ""Transportation"": 1}"
stats_4861,USR964ub,9mbdKZLl8QtW1DG47vydTkQK6PyvGyU4xkEKW,2024-07-01,4157.0,6,0.0,4157.0,692.83,2078.5,2078.5,"{""Finance"": 2, ""Fitness"": 2, ""Food and Dining"": 1, ""Transportation"": 1}"
stats_4862,USR964ub,9mbdKZLl8QtW1DG47vydTkQK6PyvGyU4xkEKW,2024-08-01,7235.5,9,0.0,7235.5,803.94,2078.5,2078.5,"{""Fitness"": 3, ""Finance"": 3, ""Food and Dining"": 2, ""Transportation"": 1}"
stats_4863,USR964ub,9mbdKZLl8QtW1DG47vydTkQK6PyvGyU4xkEKW,2024-09-01,4157.0,6,0.0,4157.0,692.83,2078.5,2078.5,"{""Finance"": 2, ""Fitness"": 2, ""Transportation"": 1, ""Food and Dining"": 1}"
stats_4864,USR964ub,9mbdKZLl8QtW1DG47vydTkQK6PyvGyU4xkEKW,2024-10-01,4657.0,7,0.0,4657.0,665.29,2078.5,2078.5,"{""Finance"": 3, ""Fitness"": 2, ""Transportation"": 1, ""Food and Dining"": 1}"
stats_4865,USR964ub,9mbdKZLl8QtW1DG47vydTkQK6PyvGyU4xkEKW,2024-11-01,4157.0,6,0.0,4157.0,692.83,2078.5,2078.5,"{""Fitness"": 2, ""Finance"": 2, ""Transportation"": 1, ""Food and Dining"": 1}"
stats_4866,USR964ub,9mbdKZLl8QtW1DG47vydTkQK6PyvGyU4xkEKW,2024-12-01,4157.0,6,0.0,4157.0,692.83,2078.5,2078.5,"{""Fitness"": 2, ""Finance"": 2, ""Transportation"": 1, ""Food and Dining"": 1}"
stats_4867,USR964ub,9mbdKZLl8QtW1DG47vydTkQK6PyvGyU4xkEKW,2025-01-01,4157.0,6,0.0,4157.0,692.83,2078.5,2078.5,"{""Fitness"": 2, ""Finance"": 2, ""Transportation"": 1, ""Food and Dining"": 1}"
stats_4868,USR964ub,9mbdKZLl8QtW1DG47vydTkQK6PyvGyU4xkEKW,2025-02-01,4157.0,6,0.0,4157.0,692.83,2078.5,2078.5,"{""Fitness"": 2, ""Finance"": 2, ""Transportation"": 1, ""Food and Dining"": 1}"
stats_4869,USR964ub,9mbdKZLl8QtW1DG47vydTkQK6PyvGyU4xkEKW,2025-03-01,4157.0,6,0.0,4157.0,692.83,2078.5,2078.5,"{""Fitness"": 2, ""Finance"": 2, ""Transportation"": 1, ""Food and Dining"": 1}"
stats_4870,USR964ub,9mbdKZLl8QtW1DG47vydTkQK6PyvGyU4xkEKW,2025-04-01,4157.0,6,0.0,4157.0,692.83,2078.5,2078.5,"{""Fitness"": 2, ""Finance"": 2, ""Transportation"": 1, ""Food and Dining"": 1}"
stats_4871,USR964ub,9mbdKZLl8QtW1DG47vydTkQK6PyvGyU4xkEKW,2025-05-01,4157.0,6,0.0,4157.0,692.83,2078.5,2078.5,"{""Fitness"": 2, ""Finance"": 2, ""Transportation"": 1, ""Food and Dining"": 1}"
stats_4872,USR964ub,9mbdKZLl8QtW1DG47vydTkQK6PyvGyU4xkEKW,2025-06-01,4157.0,6,0.0,4157.0,692.83,2078.5,2078.5,"{""Fitness"": 2, ""Finance"": 2, ""Transportation"": 1, ""Food and Dining"": 1}"
stats_4873,USR964ub,9mbdKZLl8QtW1DG47vydTkQK6PyvGyU4xkEKW,2025-07-01,4157.0,6,0.0,4157.0,692.83,2078.5,2078.5,"{""Fitness"": 2, ""Finance"": 2, ""Transportation"": 1, ""Food and Dining"": 1}"
stats_4874,USR964ub,9mbdKZLl8QtW1DG47vydTkQK6PyvGyU4xkEKW,2025-08-01,4157.0,6,0.0,4157.0,692.83,2078.5,2078.5,"{""Fitness"": 2, ""Finance"": 2, ""Transportation"": 1, ""Food and Dining"": 1}"
stats_4875,USR964ub,9mbdKZLl8QtW1DG47vydTkQK6PyvGyU4xkEKW,2025-09-01,4157.0,6,0.0,4157.0,692.83,2078.5,2078.5,"{""Fitness"": 2, ""Finance"": 2, ""Transportation"": 1, ""Food and Dining"": 1}"
stats_4876,USR964ub,9mbdKZLl8QtW1DG47vydTkQK6PyvGyU4xkEKW,2025-10-01,500.0,1,0.0,500.0,500.0,500.0,500.0,"{""Transportation"": 1}"
stats_4877,USR827NH,voaMAkj1qZFwRqrx15pLhWJLm4MvVMuq6gXwj,2023-10-01,5850.0,1,0.0,5850.0,5850.0,5850.0,5850.0,"{""Finance"": 1}"
stats_4878,USR827NH,voaMAkj1qZFwRqrx15pLhWJLm4MvVMuq6gXwj,2023-11-01,5850.0,1,0.0,5850.0,5850.0,5850.0,5850.0,"{""Finance"": 1}"
stats_4879,USR827NH,voaMAkj1qZFwRqrx15pLhWJLm4MvVMuq6gXwj,2023-12-01,5850.0,1,0.0,5850.0,5850.0,5850.0,5850.0,"{""Finance"": 1}"
stats_4880,USR827NH,voaMAkj1qZFwRqrx15pLhWJLm4MvVMuq6gXwj,2024-01-01,5850.0,1,0.0,5850.0,5850.0,5850.0,5850.0,"{""Finance"": 1}"
stats_4881,USR827NH,voaMAkj1qZFwRqrx15pLhWJLm4MvVMuq6gXwj,2024-02-01,5850.0,1,0.0,5850.0,5850.0,5850.0,5850.0,"{""Finance"": 1}"
stats_4882,USR827NH,voaMAkj1qZFwRqrx15pLhWJLm4MvVMuq6gXwj,2024-03-01,5850.0,1,0.0,5850.0,5850.0,5850.0,5850.0,"{""Finance"": 1}"
stats_4883,USR827NH,voaMAkj1qZFwRqrx15pLhWJLm4MvVMuq6gXwj,2024-04-01,5850.0,1,0.0,5850.0,5850.0,5850.0,5850.0,"{""Finance"": 1}"
stats_4884,USR827NH,voaMAkj1qZFwRqrx15pLhWJLm4MvVMuq6gXwj,2024-05-01,5850.0,1,0.0,5850.0,5850.0,5850.0,5850.0,"{""Finance"": 1}"
stats_4885,USR827NH,voaMAkj1qZFwRqrx15pLhWJLm4MvVMuq6gXwj,2024-06-01,5850.0,1,0.0,5850.0,5850.0,5850.0,5850.0,"{""Finance"": 1}"
stats_4886,USR827NH,voaMAkj1qZFwRqrx15pLhWJLm4MvVMuq6gXwj,2024-07-01,5850.0,1,0.0,5850.0,5850.0,5850.0,5850.0,"{""Finance"": 1}"
stats_4887,USR827NH,voaMAkj1qZFwRqrx15pLhWJLm4MvVMuq6gXwj,2024-08-01,5850.0,1,0.0,5850.0,5850.0,5850.0,5850.0,"{""Finance"": 1}"
stats_4888,USR827NH,voaMAkj1qZFwRqrx15pLhWJLm4MvVMuq6gXwj,2024-09-01,5850.0,1,0.0,5850.0,5850.0,5850.0,5850.0,"{""Finance"": 1}"
stats_4889,USR827NH,voaMAkj1qZFwRqrx15pLhWJLm4MvVMuq6gXwj,2024-10-01,5850.0,1,0.0,5850.0,5850.0,5850.0,5850.0,"{""Finance"": 1}"
stats_4890,USR827NH,voaMAkj1qZFwRqrx15pLhWJLm4MvVMuq6gXwj,2024-11-01,5850.0,1,0.0,5850.0,5850.0,5850.0,5850.0,"{""Finance"": 1}"
stats_4891,USR827NH,voaMAkj1qZFwRqrx15pLhWJLm4MvVMuq6gXwj,2024-12-01,5850.0,1,0.0,5850.0,5850.0,5850.0,5850.0,"{""Finance"": 1}"
stats_4892,USR827NH,voaMAkj1qZFwRqrx15pLhWJLm4MvVMuq6gXwj,2025-01-01,5850.0,1,0.0,5850.0,5850.0,5850.0,5850.0,"{""Finance"": 1}"
stats_4893,USR827NH,voaMAkj1qZFwRqrx15pLhWJLm4MvVMuq6gXwj,2025-02-01,5850.0,1,0.0,5850.0,5850.0,5850.0,5850.0,"{""Finance"": 1}"
stats_4894,USR827NH,voaMAkj1qZFwRqrx15pLhWJLm4MvVMuq6gXwj,2025-03-01,5850.0,1,0.0,5850.0,5850.0,5850.0,5850.0,"{""Finance"": 1}"
stats_4895,USR827NH,voaMAkj1qZFwRqrx15pLhWJLm4MvVMuq6gXwj,2025-04-01,5850.0,1,0.0,5850.0,5850.0,5850.0,5850.0,"{""Finance"": 1}"
stats_4896,USR827NH,voaMAkj1qZFwRqrx15pLhWJLm4MvVMuq6gXwj,2025-05-01,5850.0,1,0.0,5850.0,5850.0,5850.0,5850.0,"{""Finance"": 1}"
stats_4897,USR827NH,voaMAkj1qZFwRqrx15pLhWJLm4MvVMuq6gXwj,2025-06-01,5850.0,1,0.0,5850.0,5850.0,5850.0,5850.0,"{""Finance"": 1}"
stats_4898,USR827NH,voaMAkj1qZFwRqrx15pLhWJLm4MvVMuq6gXwj,2025-07-01,5850.0,1,0.0,5850.0,5850.0,5850.0,5850.0,"{""Finance"": 1}"
stats_4899,USR827NH,voaMAkj1qZFwRqrx15pLhWJLm4MvVMuq6gXwj,2025-08-01,5850.0,1,0.0,5850.0,5850.0,5850.0,5850.0,"{""Finance"": 1}"
stats_4900,USR827NH,voaMAkj1qZFwRqrx15pLhWJLm4MvVMuq6gXwj,2025-09-01,5850.0,1,0.0,5850.0,5850.0,5850.0,5850.0,"{""Finance"": 1}"
stats_4901,USR264Ys,xlJDNAq6NotDawz9vPjZUDvBjwm8N3fQzjpRJ,2023-10-01,-388.87,5,-500.0,111.13,-77.77,89.4,-500.0,"{""Food and Dining"": 2, ""Transportation"": 2, ""Groceries"": 1}"
stats_4902,USR264Ys,xlJDNAq6NotDawz9vPjZUDvBjwm8N3fQzjpRJ,2023-11-01,-382.54,6,-500.0,117.46,-63.76,89.4,-500.0,"{""Transportation"": 3, ""Food and Dining"": 2, ""Groceries"": 1}"
stats_4903,USR264Ys,xlJDNAq6NotDawz9vPjZUDvBjwm8N3fQzjpRJ,2023-12-01,-382.54,6,-500.0,117.46,-63.76,89.4,-500.0,"{""Transportation"": 3, ""Food and Dining"": 2, ""Groceries"": 1}"
stats_4904,USR264Ys,xlJDNAq6NotDawz9vPjZUDvBjwm8N3fQzjpRJ,2024-01-01,-382.54,6,-500.0,117.46,-63.76,89.4,-500.0,"{""Transportation"": 3, ""Food and Dining"": 2, ""Groceries"": 1}"
stats_4905,USR264Ys,xlJDNAq6NotDawz9vPjZUDvBjwm8N3fQzjpRJ,2024-02-01,-382.54,6,-500.0,117.46,-63.76,89.4,-500.0,"{""Transportation"": 3, ""Food and Dining"": 2, ""Groceries"": 1}"
stats_4906,USR264Ys,xlJDNAq6NotDawz9vPjZUDvBjwm8N3fQzjpRJ,2024-03-01,-382.54,6,-500.0,117.46,-63.76,89.4,-500.0,"{""Transportation"": 3, ""Food and Dining"": 2, ""Groceries"": 1}"
stats_4907,USR264Ys,xlJDNAq6NotDawz9vPjZUDvBjwm8N3fQzjpRJ,2024-04-01,-382.54,6,-500.0,117.46,-63.76,89.4,-500.0,"{""Transportation"": 3, ""Food and Dining"": 2, ""Groceries"": 1}"
stats_4908,USR264Ys,xlJDNAq6NotDawz9vPjZUDvBjwm8N3fQzjpRJ,2024-05-01,-382.54,6,-500.0,117.46,-63.76,89.4,-500.0,"{""Transportation"": 3, ""Food and Dining"": 2, ""Groceries"": 1}"
stats_4909,USR264Ys,xlJDNAq6NotDawz9vPjZUDvBjwm8N3fQzjpRJ,2024-06-01,-382.54,6,-500.0,117.46,-63.76,89.4,-500.0,"{""Transportation"": 3, ""Food and Dining"": 2, ""Groceries"": 1}"
stats_4910,USR264Ys,xlJDNAq6NotDawz9vPjZUDvBjwm8N3fQzjpRJ,2024-07-01,-382.54,6,-500.0,117.46,-63.76,89.4,-500.0,"{""Transportation"": 3, ""Food and Dining"": 2, ""Groceries"": 1}"
stats_4911,USR264Ys,xlJDNAq6NotDawz9vPjZUDvBjwm8N3fQzjpRJ,2024-08-01,-382.54,6,-500.0,117.46,-63.76,89.4,-500.0,"{""Transportation"": 3, ""Food and Dining"": 2, ""Groceries"": 1}"
stats_4912,USR264Ys,xlJDNAq6NotDawz9vPjZUDvBjwm8N3fQzjpRJ,2024-09-01,-382.54,6,-500.0,117.46,-63.76,89.4,-500.0,"{""Transportation"": 3, ""Food and Dining"": 2, ""Groceries"": 1}"
stats_4913,USR264Ys,xlJDNAq6NotDawz9vPjZUDvBjwm8N3fQzjpRJ,2024-10-01,-382.54,6,-500.0,117.46,-63.76,89.4,-500.0,"{""Transportation"": 3, ""Food and Dining"": 2, ""Groceries"": 1}"
stats_4914,USR264Ys,xlJDNAq6NotDawz9vPjZUDvBjwm8N3fQzjpRJ,2024-11-01,-382.54,6,-500.0,117.46,-63.76,89.4,-500.0,"{""Transportation"": 3, ""Food and Dining"": 2, ""Groceries"": 1}"
stats_4915,USR264Ys,xlJDNAq6NotDawz9vPjZUDvBjwm8N3fQzjpRJ,2024-12-01,-382.54,6,-500.0,117.46,-63.76,89.4,-500.0,"{""Transportation"": 3, ""Food and Dining"": 2, ""Groceries"": 1}"
stats_4916,USR264Ys,xlJDNAq6NotDawz9vPjZUDvBjwm8N3fQzjpRJ,2025-01-01,-382.54,6,-500.0,117.46,-63.76,89.4,-500.0,"{""Transportation"": 3, ""Food and Dining"": 2, ""Groceries"": 1}"
stats_4917,USR264Ys,xlJDNAq6NotDawz9vPjZUDvBjwm8N3fQzjpRJ,2025-02-01,-382.54,6,-500.0,117.46,-63.76,89.4,-500.0,"{""Transportation"": 3, ""Food and Dining"": 2, ""Groceries"": 1}"
stats_4918,USR264Ys,xlJDNAq6NotDawz9vPjZUDvBjwm8N3fQzjpRJ,2025-03-01,-382.54,6,-500.0,117.46,-63.76,89.4,-500.0,"{""Transportation"": 3, ""Food and Dining"": 2, ""Groceries"": 1}"
stats_4919,USR264Ys,xlJDNAq6NotDawz9vPjZUDvBjwm8N3fQzjpRJ,2025-04-01,-382.54,6,-500.0,117.46,-63.76,89.4,-500.0,"{""Transportation"": 3, ""Food and Dining"": 2, ""Groceries"": 1}"
stats_4920,USR264Ys,xlJDNAq6NotDawz9vPjZUDvBjwm8N3fQzjpRJ,2025-05-01,-382.54,6,-500.0,117.46,-63.76,89.4,-500.0,"{""Transportation"": 3, ""Food and Dining"": 2, ""Groceries"": 1}"
stats_4921,USR264Ys,xlJDNAq6NotDawz9vPjZUDvBjwm8N3fQzjpRJ,2025-06-01,-382.54,6,-500.0,117.46,-63.76,89.4,-500.0,"{""Transportation"": 3, ""Food and Dining"": 2, ""Groceries"": 1}"
stats_4922,USR264Ys,xlJDNAq6NotDawz9vPjZUDvBjwm8N3fQzjpRJ,2025-07-01,-376.21,7,-500.0,123.79,-53.74,89.4,-500.0,"{""Transportation"": 4, ""Food and Dining"": 2, ""Groceries"": 1}"
stats_4923,USR264Ys,xlJDNAq6NotDawz9vPjZUDvBjwm8N3fQzjpRJ,2025-08-01,-382.54,6,-500.0,117.46,-63.76,89.4,-500.0,"{""Transportation"": 3, ""Food and Dining"": 2, ""Groceries"": 1}"
stats_4924,USR264Ys,xlJDNAq6NotDawz9vPjZUDvBjwm8N3fQzjpRJ,2025-09-01,-382.54,6,-500.0,117.46,-63.76,89.4,-500.0,"{""Transportation"": 3, ""Food and Dining"": 2, ""Groceries"": 1}"
stats_4925,USR264Ys,xlJDNAq6NotDawz9vPjZUDvBjwm8N3fQzjpRJ,2025-10-01,89.4,1,0.0,89.4,89.4,89.4,89.4,"{""Groceries"": 1}"
stats_4926,USR263pz,dErMyxXRyKTBXjlmwW8VHP7AeLyNvMiXbK5x6,2023-10-01,20.78,2,-4.22,25.0,10.39,25.0,25.0,"{""Finance"": 2}"
stats_4927,USR263pz,dErMyxXRyKTBXjlmwW8VHP7AeLyNvMiXbK5x6,2023-11-01,20.78,2,-4.22,25.0,10.39,25.0,25.0,"{""Finance"": 2}"
stats_4928,USR263pz,dErMyxXRyKTBXjlmwW8VHP7AeLyNvMiXbK5x6,2023-12-01,20.78,2,-4.22,25.0,10.39,25.0,25.0,"{""Finance"": 2}"
stats_4929,USR263pz,dErMyxXRyKTBXjlmwW8VHP7AeLyNvMiXbK5x6,2024-01-01,20.78,2,-4.22,25.0,10.39,25.0,25.0,"{""Finance"": 2}"
stats_4930,USR263pz,dErMyxXRyKTBXjlmwW8VHP7AeLyNvMiXbK5x6,2024-02-01,20.78,2,-4.22,25.0,10.39,25.0,25.0,"{""Finance"": 2}"
stats_4931,USR263pz,dErMyxXRyKTBXjlmwW8VHP7AeLyNvMiXbK5x6,2024-03-01,20.78,2,-4.22,25.0,10.39,25.0,25.0,"{""Finance"": 2}"
stats_4932,USR263pz,dErMyxXRyKTBXjlmwW8VHP7AeLyNvMiXbK5x6,2024-04-01,20.78,2,-4.22,25.0,10.39,25.0,25.0,"{""Finance"": 2}"
stats_4933,USR263pz,dErMyxXRyKTBXjlmwW8VHP7AeLyNvMiXbK5x6,2024-05-01,20.78,2,-4.22,25.0,10.39,25.0,25.0,"{""Finance"": 2}"
stats_4934,USR263pz,dErMyxXRyKTBXjlmwW8VHP7AeLyNvMiXbK5x6,2024-06-01,20.78,2,-4.22,25.0,10.39,25.0,25.0,"{""Finance"": 2}"
stats_4935,USR263pz,dErMyxXRyKTBXjlmwW8VHP7AeLyNvMiXbK5x6,2024-07-01,20.78,2,-4.22,25.0,10.39,25.0,25.0,"{""Finance"": 2}"
stats_4936,USR263pz,dErMyxXRyKTBXjlmwW8VHP7AeLyNvMiXbK5x6,2024-08-01,20.78,2,-4.22,25.0,10.39,25.0,25.0,"{""Finance"": 2}"
stats_4937,USR263pz,dErMyxXRyKTBXjlmwW8VHP7AeLyNvMiXbK5x6,2024-09-01,20.78,2,-4.22,25.0,10.39,25.0,25.0,"{""Finance"": 2}"
stats_4938,USR263pz,dErMyxXRyKTBXjlmwW8VHP7AeLyNvMiXbK5x6,2024-10-01,20.78,2,-4.22,25.0,10.39,25.0,25.0,"{""Finance"": 2}"
stats_4939,USR263pz,dErMyxXRyKTBXjlmwW8VHP7AeLyNvMiXbK5x6,2024-11-01,20.78,2,-4.22,25.0,10.39,25.0,25.0,"{""Finance"": 2}"
stats_4940,USR263pz,dErMyxXRyKTBXjlmwW8VHP7AeLyNvMiXbK5x6,2024-12-01,20.78,2,-4.22,25.0,10.39,25.0,25.0,"{""Finance"": 2}"
stats_4941,USR263pz,dErMyxXRyKTBXjlmwW8VHP7AeLyNvMiXbK5x6,2025-01-01,20.78,2,-4.22,25.0,10.39,25.0,25.0,"{""Finance"": 2}"
stats_4942,USR263pz,dErMyxXRyKTBXjlmwW8VHP7AeLyNvMiXbK5x6,2025-02-01,20.78,2,-4.22,25.0,10.39,25.0,25.0,"{""Finance"": 2}"
stats_4943,USR263pz,dErMyxXRyKTBXjlmwW8VHP7AeLyNvMiXbK5x6,2025-03-01,20.78,2,-4.22,25.0,10.39,25.0,25.0,"{""Finance"": 2}"
stats_4944,USR263pz,dErMyxXRyKTBXjlmwW8VHP7AeLyNvMiXbK5x6,2025-04-01,20.78,2,-4.22,25.0,10.39,25.0,25.0,"{""Finance"": 2}"
stats_4945,USR263pz,dErMyxXRyKTBXjlmwW8VHP7AeLyNvMiXbK5x6,2025-05-01,20.78,2,-4.22,25.0,10.39,25.0,25.0,"{""Finance"": 2}"
stats_4946,USR263pz,dErMyxXRyKTBXjlmwW8VHP7AeLyNvMiXbK5x6,2025-06-01,20.78,2,-4.22,25.0,10.39,25.0,25.0,"{""Finance"": 2}"
stats_4947,USR263pz,dErMyxXRyKTBXjlmwW8VHP7AeLyNvMiXbK5x6,2025-07-01,20.78,2,-4.22,25.0,10.39,25.0,25.0,"{""Finance"": 2}"
stats_4948,USR263pz,dErMyxXRyKTBXjlmwW8VHP7AeLyNvMiXbK5x6,2025-08-01,20.78,2,-4.22,25.0,10.39,25.0,25.0,"{""Finance"": 2}"
stats_4949,USR263pz,dErMyxXRyKTBXjlmwW8VHP7AeLyNvMiXbK5x6,2025-09-01,20.78,2,-4.22,25.0,10.39,25.0,25.0,"{""Finance"": 2}"
stats_4950,USR263pz,dErMyxXRyKTBXjlmwW8VHP7AeLyNvMiXbK5x6,2025-10-01,-4.22,1,-4.22,0.0,-4.22,-4.22,-4.22,"{""Finance"": 1}"
stats_4951,USR840Il,apl6nzXRnAuGrmdBJveVUWgGEz8Qp5HXEwlxP,2023-10-01,1000.0,1,0.0,1000.0,1000.0,1000.0,1000.0,"{""Finance"": 1}"
stats_4952,USR840Il,apl6nzXRnAuGrmdBJveVUWgGEz8Qp5HXEwlxP,2023-11-01,1000.0,1,0.0,1000.0,1000.0,1000.0,1000.0,"{""Finance"": 1}"
stats_4953,USR840Il,apl6nzXRnAuGrmdBJveVUWgGEz8Qp5HXEwlxP,2023-12-01,1000.0,1,0.0,1000.0,1000.0,1000.0,1000.0,"{""Finance"": 1}"
stats_4954,USR840Il,apl6nzXRnAuGrmdBJveVUWgGEz8Qp5HXEwlxP,2024-01-01,1000.0,1,0.0,1000.0,1000.0,1000.0,1000.0,"{""Finance"": 1}"
stats_4955,USR840Il,apl6nzXRnAuGrmdBJveVUWgGEz8Qp5HXEwlxP,2024-02-01,1000.0,1,0.0,1000.0,1000.0,1000.0,1000.0,"{""Finance"": 1}"
stats_4956,USR840Il,apl6nzXRnAuGrmdBJveVUWgGEz8Qp5HXEwlxP,2024-03-01,1000.0,1,0.0,1000.0,1000.0,1000.0,1000.0,"{""Finance"": 1}"
stats_4957,USR840Il,apl6nzXRnAuGrmdBJveVUWgGEz8Qp5HXEwlxP,2024-04-01,1000.0,1,0.0,1000.0,1000.0,1000.0,1000.0,"{""Finance"": 1}"
stats_4958,USR840Il,apl6nzXRnAuGrmdBJveVUWgGEz8Qp5HXEwlxP,2024-05-01,1000.0,1,0.0,1000.0,1000.0,1000.0,1000.0,"{""Finance"": 1}"
stats_4959,USR840Il,apl6nzXRnAuGrmdBJveVUWgGEz8Qp5HXEwlxP,2024-06-01,1000.0,1,0.0,1000.0,1000.0,1000.0,1000.0,"{""Finance"": 1}"
stats_4960,USR840Il,apl6nzXRnAuGrmdBJveVUWgGEz8Qp5HXEwlxP,2024-07-01,1000.0,1,0.0,1000.0,1000.0,1000.0,1000.0,"{""Finance"": 1}"
stats_4961,USR840Il,apl6nzXRnAuGrmdBJveVUWgGEz8Qp5HXEwlxP,2024-08-01,1000.0,1,0.0,1000.0,1000.0,1000.0,1000.0,"{""Finance"": 1}"
stats_4962,USR840Il,apl6nzXRnAuGrmdBJveVUWgGEz8Qp5HXEwlxP,2024-09-01,1000.0,1,0.0,1000.0,1000.0,1000.0,1000.0,"{""Finance"": 1}"
stats_4963,USR840Il,apl6nzXRnAuGrmdBJveVUWgGEz8Qp5HXEwlxP,2024-10-01,1000.0,1,0.0,1000.0,1000.0,1000.0,1000.0,"{""Finance"": 1}"
stats_4964,USR840Il,apl6nzXRnAuGrmdBJveVUWgGEz8Qp5HXEwlxP,2024-11-01,1000.0,1,0.0,1000.0,1000.0,1000.0,1000.0,"{""Finance"": 1}"
stats_4965,USR840Il,apl6nzXRnAuGrmdBJveVUWgGEz8Qp5HXEwlxP,2024-12-01,1000.0,1,0.0,1000.0,1000.0,1000.0,1000.0,"{""Finance"": 1}"
stats_4966,USR840Il,apl6nzXRnAuGrmdBJveVUWgGEz8Qp5HXEwlxP,2025-01-01,1000.0,1,0.0,1000.0,1000.0,1000.0,1000.0,"{""Finance"": 1}"
stats_4967,USR840Il,apl6nzXRnAuGrmdBJveVUWgGEz8Qp5HXEwlxP,2025-02-01,1000.0,1,0.0,1000.0,1000.0,1000.0,1000.0,"{""Finance"": 1}"
stats_4968,USR840Il,apl6nzXRnAuGrmdBJveVUWgGEz8Qp5HXEwlxP,2025-03-01,1000.0,1,0.0,1000.0,1000.0,1000.0,1000.0,"{""Finance"": 1}"
stats_4969,USR840Il,apl6nzXRnAuGrmdBJveVUWgGEz8Qp5HXEwlxP,2025-04-01,1000.0,1,0.0,1000.0,1000.0,1000.0,1000.0,"{""Finance"": 1}"
stats_4970,USR840Il,apl6nzXRnAuGrmdBJveVUWgGEz8Qp5HXEwlxP,2025-05-01,1000.0,1,0.0,1000.0,1000.0,1000.0,1000.0,"{""Finance"": 1}"
stats_4971,USR840Il,apl6nzXRnAuGrmdBJveVUWgGEz8Qp5HXEwlxP,2025-06-01,1000.0,1,0.0,1000.0,1000.0,1000.0,1000.0,"{""Finance"": 1}"
stats_4972,USR840Il,apl6nzXRnAuGrmdBJveVUWgGEz8Qp5HXEwlxP,2025-07-01,1000.0,1,0.0,1000.0,1000.0,1000.0,1000.0,"{""Finance"": 1}"
stats_4973,USR840Il,apl6nzXRnAuGrmdBJveVUWgGEz8Qp5HXEwlxP,2025-08-01,1000.0,1,0.0,1000.0,1000.0,1000.0,1000.0,"{""Finance"": 1}"
stats_4974,USR840Il,apl6nzXRnAuGrmdBJveVUWgGEz8Qp5HXEwlxP,2025-09-01,1000.0,1,0.0,1000.0,1000.0,1000.0,1000.0,"{""Finance"": 1}"
stats_4975,USR950fn,4LPnE9bAE4uv3joBQExXizor3e76ARcmvzNw9,2023-10-01,78.5,1,0.0,78.5,78.5,78.5,78.5,"{""Fitness"": 1}"
stats_4976,USR950fn,4LPnE9bAE4uv3joBQExXizor3e76ARcmvzNw9,2023-11-01,4157.0,6,0.0,4157.0,692.83,2078.5,2078.5,"{""Fitness"": 2, ""Finance"": 2, ""Food and Dining"": 1, ""Transportation"": 1}"
stats_4977,USR950fn,4LPnE9bAE4uv3joBQExXizor3e76ARcmvzNw9,2023-12-01,4157.0,6,0.0,4157.0,692.83,2078.5,2078.5,"{""Finance"": 2, ""Fitness"": 2, ""Food and Dining"": 1, ""Transportation"": 1}"
stats_4978,USR950fn,4LPnE9bAE4uv3joBQExXizor3e76ARcmvzNw9,2024-01-01,4157.0,6,0.0,4157.0,692.83,2078.5,2078.5,"{""Fitness"": 2, ""Finance"": 2, ""Food and Dining"": 1, ""Transportation"": 1}"
stats_4979,USR950fn,4LPnE9bAE4uv3joBQExXizor3e76ARcmvzNw9,2024-02-01,4157.0,6,0.0,4157.0,692.83,2078.5,2078.5,"{""Finance"": 2, ""Fitness"": 2, ""Food and Dining"": 1, ""Transportation"": 1}"
stats_4980,USR950fn,4LPnE9bAE4uv3joBQExXizor3e76ARcmvzNw9,2024-03-01,4157.0,6,0.0,4157.0,692.83,2078.5,2078.5,"{""Finance"": 2, ""Fitness"": 2, ""Food and Dining"": 1, ""Transportation"": 1}"
stats_4981,USR950fn,4LPnE9bAE4uv3joBQExXizor3e76ARcmvzNw9,2024-04-01,4157.0,6,0.0,4157.0,692.83,2078.5,2078.5,"{""Fitness"": 2, ""Finance"": 2, ""Food and Dining"": 1, ""Transportation"": 1}"
stats_4982,USR950fn,4LPnE9bAE4uv3joBQExXizor3e76ARcmvzNw9,2024-05-01,4157.0,6,0.0,4157.0,692.83,2078.5,2078.5,"{""Finance"": 2, ""Fitness"": 2, ""Food and Dining"": 1, ""Transportation"": 1}"
stats_4983,USR950fn,4LPnE9bAE4uv3joBQExXizor3e76ARcmvzNw9,2024-06-01,4157.0,6,0.0,4157.0,692.83,2078.5,2078.5,"{""Fitness"": 2, ""Finance"": 2, ""Food and Dining"": 1, ""Transportation"": 1}"
stats_4984,USR950fn,4LPnE9bAE4uv3joBQExXizor3e76ARcmvzNw9,2024-07-01,4157.0,6,0.0,4157.0,692.83,2078.5,2078.5,"{""Fitness"": 2, ""Finance"": 2, ""Food and Dining"": 1, ""Transportation"": 1}"
stats_4985,USR950fn,4LPnE9bAE4uv3joBQExXizor3e76ARcmvzNw9,2024-08-01,7235.5,9,0.0,7235.5,803.94,2078.5,2078.5,"{""Fitness"": 3, ""Finance"": 3, ""Food and Dining"": 2, ""Transportation"": 1}"
stats_4986,USR950fn,4LPnE9bAE4uv3joBQExXizor3e76ARcmvzNw9,2024-09-01,4157.0,6,0.0,4157.0,692.83,2078.5,2078.5,"{""Finance"": 2, ""Fitness"": 2, ""Transportation"": 1, ""Food and Dining"": 1}"
stats_4987,USR950fn,4LPnE9bAE4uv3joBQExXizor3e76ARcmvzNw9,2024-10-01,4657.0,7,0.0,4657.0,665.29,2078.5,2078.5,"{""Finance"": 3, ""Fitness"": 2, ""Transportation"": 1, ""Food and Dining"": 1}"
stats_4988,USR950fn,4LPnE9bAE4uv3joBQExXizor3e76ARcmvzNw9,2024-11-01,4157.0,6,0.0,4157.0,692.83,2078.5,2078.5,"{""Fitness"": 2, ""Finance"": 2, ""Transportation"": 1, ""Food and Dining"": 1}"
stats_4989,USR950fn,4LPnE9bAE4uv3joBQExXizor3e76ARcmvzNw9,2024-12-01,4157.0,6,0.0,4157.0,692.83,2078.5,2078.5,"{""Fitness"": 2, ""Finance"": 2, ""Transportation"": 1, ""Food and Dining"": 1}"
stats_4990,USR950fn,4LPnE9bAE4uv3joBQExXizor3e76ARcmvzNw9,2025-01-01,4157.0,6,0.0,4157.0,692.83,2078.5,2078.5,"{""Fitness"": 2, ""Finance"": 2, ""Transportation"": 1, ""Food and Dining"": 1}"
stats_4991,USR950fn,4LPnE9bAE4uv3joBQExXizor3e76ARcmvzNw9,2025-02-01,4157.0,6,0.0,4157.0,692.83,2078.5,2078.5,"{""Fitness"": 2, ""Finance"": 2, ""Transportation"": 1, ""Food and Dining"": 1}"
stats_4992,USR950fn,4LPnE9bAE4uv3joBQExXizor3e76ARcmvzNw9,2025-03-01,4157.0,6,0.0,4157.0,692.83,2078.5,2078.5,"{""Fitness"": 2, ""Finance"": 2, ""Transportation"": 1, ""Food and Dining"": 1}"
stats_4993,USR950fn,4LPnE9bAE4uv3joBQExXizor3e76ARcmvzNw9,2025-04-01,4157.0,6,0.0,4157.0,692.83,2078.5,2078.5,"{""Fitness"": 2, ""Finance"": 2, ""Transportation"": 1, ""Food and Dining"": 1}"
stats_4994,USR950fn,4LPnE9bAE4uv3joBQExXizor3e76ARcmvzNw9,2025-05-01,4157.0,6,0.0,4157.0,692.83,2078.5,2078.5,"{""Fitness"": 2, ""Finance"": 2, ""Transportation"": 1, ""Food and Dining"": 1}"
stats_4995,USR950fn,4LPnE9bAE4uv3joBQExXizor3e76ARcmvzNw9,2025-06-01,4157.0,6,0.0,4157.0,692.83,2078.5,2078.5,"{""Fitness"": 2, ""Finance"": 2, ""Transportation"": 1, ""Food and Dining"": 1}"
stats_4996,USR950fn,4LPnE9bAE4uv3joBQExXizor3e76ARcmvzNw9,2025-07-01,4157.0,6,0.0,4157.0,692.83,2078.5,2078.5,"{""Fitness"": 2, ""Finance"": 2, ""Transportation"": 1, ""Food and Dining"": 1}"
stats_4997,USR950fn,4LPnE9bAE4uv3joBQExXizor3e76ARcmvzNw9,2025-08-01,4157.0,6,0.0,4157.0,692.83,2078.5,2078.5,"{""Fitness"": 2, ""Finance"": 2, ""Transportation"": 1, ""Food and Dining"": 1}"
stats_4998,USR950fn,4LPnE9bAE4uv3joBQExXizor3e76ARcmvzNw9,2025-09-01,4157.0,6,0.0,4157.0,692.83,2078.5,2078.5,"{""Fitness"": 2, ""Finance"": 2, ""Transportation"": 1, ""Food and Dining"": 1}"
stats_4999,USR950fn,4LPnE9bAE4uv3joBQExXizor3e76ARcmvzNw9,2025-10-01,500.0,1,0.0,500.0,500.0,500.0,500.0,"{""Transportation"": 1}"
stats_5000,USR562FO,NK984oNL4dHd1Zzva5KbH4WNx3DbvZFVGdBqV,2023-10-01,5850.0,1,0.0,5850.0,5850.0,5850.0,5850.0,"{""Finance"": 1}"
stats_5001,USR562FO,NK984oNL4dHd1Zzva5KbH4WNx3DbvZFVGdBqV,2023-11-01,5850.0,1,0.0,5850.0,5850.0,5850.0,5850.0,"{""Finance"": 1}"
stats_5002,USR562FO,NK984oNL4dHd1Zzva5KbH4WNx3DbvZFVGdBqV,2023-12-01,5850.0,1,0.0,5850.0,5850.0,5850.0,5850.0,"{""Finance"": 1}"
stats_5003,USR562FO,NK984oNL4dHd1Zzva5KbH4WNx3DbvZFVGdBqV,2024-01-01,5850.0,1,0.0,5850.0,5850.0,5850.0,5850.0,"{""Finance"": 1}"
stats_5004,USR562FO,NK984oNL4dHd1Zzva5KbH4WNx3DbvZFVGdBqV,2024-02-01,5850.0,1,0.0,5850.0,5850.0,5850.0,5850.0,"{""Finance"": 1}"
stats_5005,USR562FO,NK984oNL4dHd1Zzva5KbH4WNx3DbvZFVGdBqV,2024-03-01,5850.0,1,0.0,5850.0,5850.0,5850.0,5850.0,"{""Finance"": 1}"
stats_5006,USR562FO,NK984oNL4dHd1Zzva5KbH4WNx3DbvZFVGdBqV,2024-04-01,5850.0,1,0.0,5850.0,5850.0,5850.0,5850.0,"{""Finance"": 1}"
stats_5007,USR562FO,NK984oNL4dHd1Zzva5KbH4WNx3DbvZFVGdBqV,2024-05-01,5850.0,1,0.0,5850.0,5850.0,5850.0,5850.0,"{""Finance"": 1}"
stats_5008,USR562FO,NK984oNL4dHd1Zzva5KbH4WNx3DbvZFVGdBqV,2024-06-01,5850.0,1,0.0,5850.0,5850.0,5850.0,5850.0,"{""Finance"": 1}"
stats_5009,USR562FO,NK984oNL4dHd1Zzva5KbH4WNx3DbvZFVGdBqV,2024-07-01,5850.0,1,0.0,5850.0,5850.0,5850.0,5850.0,"{""Finance"": 1}"
stats_5010,USR562FO,NK984oNL4dHd1Zzva5KbH4WNx3DbvZFVGdBqV,2024-08-01,5850.0,1,0.0,5850.0,5850.0,5850.0,5850.0,"{""Finance"": 1}"
stats_5011,USR562FO,NK984oNL4dHd1Zzva5KbH4WNx3DbvZFVGdBqV,2024-09-01,5850.0,1,0.0,5850.0,5850.0,5850.0,5850.0,"{""Finance"": 1}"
stats_5012,USR562FO,NK984oNL4dHd1Zzva5KbH4WNx3DbvZFVGdBqV,2024-10-01,5850.0,1,0.0,5850.0,5850.0,5850.0,5850.0,"{""Finance"": 1}"
stats_5013,USR562FO,NK984oNL4dHd1Zzva5KbH4WNx3DbvZFVGdBqV,2024-11-01,5850.0,1,0.0,5850.0,5850.0,5850.0,5850.0,"{""Finance"": 1}"
stats_5014,USR562FO,NK984oNL4dHd1Zzva5KbH4WNx3DbvZFVGdBqV,2024-12-01,5850.0,1,0.0,5850.0,5850.0,5850.0,5850.0,"{""Finance"": 1}"
stats_5015,USR562FO,NK984oNL4dHd1Zzva5KbH4WNx3DbvZFVGdBqV,2025-01-01,5850.0,1,0.0,5850.0,5850.0,5850.0,5850.0,"{""Finance"": 1}"
stats_5016,USR562FO,NK984oNL4dHd1Zzva5KbH4WNx3DbvZFVGdBqV,2025-02-01,5850.0,1,0.0,5850.0,5850.0,5850.0,5850.0,"{""Finance"": 1}"
stats_5017,USR562FO,NK984oNL4dHd1Zzva5KbH4WNx3DbvZFVGdBqV,2025-03-01,5850.0,1,0.0,5850.0,5850.0,5850.0,5850.0,"{""Finance"": 1}"
stats_5018,USR562FO,NK984oNL4dHd1Zzva5KbH4WNx3DbvZFVGdBqV,2025-04-01,5850.0,1,0.0,5850.0,5850.0,5850.0,5850.0,"{""Finance"": 1}"
stats_5019,USR562FO,NK984oNL4dHd1Zzva5KbH4WNx3DbvZFVGdBqV,2025-05-01,5850.0,1,0.0,5850.0,5850.0,5850.0,5850.0,"{""Finance"": 1}"
stats_5020,USR562FO,NK984oNL4dHd1Zzva5KbH4WNx3DbvZFVGdBqV,2025-06-01,5850.0,1,0.0,5850.0,5850.0,5850.0,5850.0,"{""Finance"": 1}"
stats_5021,USR562FO,NK984oNL4dHd1Zzva5KbH4WNx3DbvZFVGdBqV,2025-07-01,5850.0,1,0.0,5850.0,5850.0,5850.0,5850.0,"{""Finance"": 1}"
stats_5022,USR562FO,NK984oNL4dHd1Zzva5KbH4WNx3DbvZFVGdBqV,2025-08-01,5850.0,1,0.0,5850.0,5850.0,5850.0,5850.0,"{""Finance"": 1}"
stats_5023,USR562FO,NK984oNL4dHd1Zzva5KbH4WNx3DbvZFVGdBqV,2025-09-01,5850.0,1,0.0,5850.0,5850.0,5850.0,5850.0,"{""Finance"": 1}"
stats_5024,USR869qe,688qEydPQgC6LmwDnX1lUeGaNr8LP7ikqdjQ9,2025-09-01,997.47,74,-5200.0,6197.47,13.48,1400.0,-3000.0,"{""Shopping"": 20, ""Finance"": 18, ""Entertainment"": 10, ""Food and Dining"": 8, ""Transportation"": 7, ""Groceries"": 6, ""Travel"": 2, ""Housing and Utilities"": 2, ""Fitness"": 1}"
stats_5025,USR869qe,688qEydPQgC6LmwDnX1lUeGaNr8LP7ikqdjQ9,2025-10-01,3147.4,33,0.0,3147.4,95.38,1237.0,1237.0,"{""Finance"": 13, ""Shopping"": 7, ""Transportation"": 3, ""Groceries"": 3, ""Entertainment"": 2, ""Medical/Dental"": 2, ""Food and Dining"": 2, ""Housing and Utilities"": 1}"
stats_5026,USR024KD,X55dWKBM78hZNz6xRV38Hwbma7BezgUJrepkg,2025-10-01,-4.22,1,-4.22,0.0,-4.22,-4.22,-4.22,"{""Finance"": 1}"
stats_5027,USR661QD,wjjPmQJpaKu1L9dAwx3ZUnM1VRj9zbuMaWAza,2025-09-01,1000.0,1,0.0,1000.0,1000.0,1000.0,1000.0,"{""Finance"": 1}"
stats_5028,USR006To,D55eDyVWb8heZ9pJ3XAVUlEmrqNbMefdr6mND,2025-09-01,3628.5,6,0.0,3628.5,604.75,2078.5,2078.5,"{""Finance"": 2, ""Shopping"": 2, ""Food and Dining"": 1, ""Transportation"": 1}"
stats_5029,USR006To,D55eDyVWb8heZ9pJ3XAVUlEmrqNbMefdr6mND,2025-10-01,500.0,1,0.0,500.0,500.0,500.0,500.0,"{""Transportation"": 1}"
stats_5030,USR273gg,Wjvndjx55pfLel7mqdKdI1jqAkoKkEs6QADdw,2023-10-01,-388.87,5,-500.0,111.13,-77.77,89.4,-500.0,"{""Food and Dining"": 2, ""Transportation"": 2, ""Groceries"": 1}"
stats_5031,USR273gg,Wjvndjx55pfLel7mqdKdI1jqAkoKkEs6QADdw,2023-11-01,-382.54,6,-500.0,117.46,-63.76,89.4,-500.0,"{""Transportation"": 3, ""Food and Dining"": 2, ""Groceries"": 1}"
stats_5032,USR273gg,Wjvndjx55pfLel7mqdKdI1jqAkoKkEs6QADdw,2023-12-01,-382.54,6,-500.0,117.46,-63.76,89.4,-500.0,"{""Transportation"": 3, ""Food and Dining"": 2, ""Groceries"": 1}"
stats_5033,USR273gg,Wjvndjx55pfLel7mqdKdI1jqAkoKkEs6QADdw,2024-01-01,-382.54,6,-500.0,117.46,-63.76,89.4,-500.0,"{""Transportation"": 3, ""Food and Dining"": 2, ""Groceries"": 1}"
stats_5034,USR273gg,Wjvndjx55pfLel7mqdKdI1jqAkoKkEs6QADdw,2024-02-01,-382.54,6,-500.0,117.46,-63.76,89.4,-500.0,"{""Transportation"": 3, ""Food and Dining"": 2, ""Groceries"": 1}"
stats_5035,USR273gg,Wjvndjx55pfLel7mqdKdI1jqAkoKkEs6QADdw,2024-03-01,-382.54,6,-500.0,117.46,-63.76,89.4,-500.0,"{""Transportation"": 3, ""Food and Dining"": 2, ""Groceries"": 1}"
stats_5036,USR273gg,Wjvndjx55pfLel7mqdKdI1jqAkoKkEs6QADdw,2024-04-01,-382.54,6,-500.0,117.46,-63.76,89.4,-500.0,"{""Transportation"": 3, ""Food and Dining"": 2, ""Groceries"": 1}"
stats_5037,USR273gg,Wjvndjx55pfLel7mqdKdI1jqAkoKkEs6QADdw,2024-05-01,-382.54,6,-500.0,117.46,-63.76,89.4,-500.0,"{""Transportation"": 3, ""Food and Dining"": 2, ""Groceries"": 1}"
stats_5038,USR273gg,Wjvndjx55pfLel7mqdKdI1jqAkoKkEs6QADdw,2024-06-01,-382.54,6,-500.0,117.46,-63.76,89.4,-500.0,"{""Transportation"": 3, ""Food and Dining"": 2, ""Groceries"": 1}"
stats_5039,USR273gg,Wjvndjx55pfLel7mqdKdI1jqAkoKkEs6QADdw,2024-07-01,-382.54,6,-500.0,117.46,-63.76,89.4,-500.0,"{""Transportation"": 3, ""Food and Dining"": 2, ""Groceries"": 1}"
stats_5040,USR273gg,Wjvndjx55pfLel7mqdKdI1jqAkoKkEs6QADdw,2024-08-01,-382.54,6,-500.0,117.46,-63.76,89.4,-500.0,"{""Transportation"": 3, ""Food and Dining"": 2, ""Groceries"": 1}"
stats_5041,USR273gg,Wjvndjx55pfLel7mqdKdI1jqAkoKkEs6QADdw,2024-09-01,-382.54,6,-500.0,117.46,-63.76,89.4,-500.0,"{""Transportation"": 3, ""Food and Dining"": 2, ""Groceries"": 1}"
stats_5042,USR273gg,Wjvndjx55pfLel7mqdKdI1jqAkoKkEs6QADdw,2024-10-01,-382.54,6,-500.0,117.46,-63.76,89.4,-500.0,"{""Transportation"": 3, ""Food and Dining"": 2, ""Groceries"": 1}"
stats_5043,USR273gg,Wjvndjx55pfLel7mqdKdI1jqAkoKkEs6QADdw,2024-11-01,-382.54,6,-500.0,117.46,-63.76,89.4,-500.0,"{""Transportation"": 3, ""Food and Dining"": 2, ""Groceries"": 1}"
stats_5044,USR273gg,Wjvndjx55pfLel7mqdKdI1jqAkoKkEs6QADdw,2024-12-01,-382.54,6,-500.0,117.46,-63.76,89.4,-500.0,"{""Transportation"": 3, ""Food and Dining"": 2, ""Groceries"": 1}"
stats_5045,USR273gg,Wjvndjx55pfLel7mqdKdI1jqAkoKkEs6QADdw,2025-01-01,-382.54,6,-500.0,117.46,-63.76,89.4,-500.0,"{""Transportation"": 3, ""Food and Dining"": 2, ""Groceries"": 1}"
stats_5046,USR273gg,Wjvndjx55pfLel7mqdKdI1jqAkoKkEs6QADdw,2025-02-01,-382.54,6,-500.0,117.46,-63.76,89.4,-500.0,"{""Transportation"": 3, ""Food and Dining"": 2, ""Groceries"": 1}"
stats_5047,USR273gg,Wjvndjx55pfLel7mqdKdI1jqAkoKkEs6QADdw,2025-03-01,-382.54,6,-500.0,117.46,-63.76,89.4,-500.0,"{""Transportation"": 3, ""Food and Dining"": 2, ""Groceries"": 1}"
stats_5048,USR273gg,Wjvndjx55pfLel7mqdKdI1jqAkoKkEs6QADdw,2025-04-01,-382.54,6,-500.0,117.46,-63.76,89.4,-500.0,"{""Transportation"": 3, ""Food and Dining"": 2, ""Groceries"": 1}"
stats_5049,USR273gg,Wjvndjx55pfLel7mqdKdI1jqAkoKkEs6QADdw,2025-05-01,-382.54,6,-500.0,117.46,-63.76,89.4,-500.0,"{""Transportation"": 3, ""Food and Dining"": 2, ""Groceries"": 1}"
stats_5050,USR273gg,Wjvndjx55pfLel7mqdKdI1jqAkoKkEs6QADdw,2025-06-01,-382.54,6,-500.0,117.46,-63.76,89.4,-500.0,"{""Transportation"": 3, ""Food and Dining"": 2, ""Groceries"": 1}"
stats_5051,USR273gg,Wjvndjx55pfLel7mqdKdI1jqAkoKkEs6QADdw,2025-07-01,-376.21,7,-500.0,123.79,-53.74,89.4,-500.0,"{""Transportation"": 4, ""Food and Dining"": 2, ""Groceries"": 1}"
stats_5052,USR273gg,Wjvndjx55pfLel7mqdKdI1jqAkoKkEs6QADdw,2025-08-01,-382.54,6,-500.0,117.46,-63.76,89.4,-500.0,"{""Transportation"": 3, ""Food and Dining"": 2, ""Groceries"": 1}"
stats_5053,USR273gg,Wjvndjx55pfLel7mqdKdI1jqAkoKkEs6QADdw,2025-09-01,-382.54,6,-500.0,117.46,-63.76,89.4,-500.0,"{""Transportation"": 3, ""Food and Dining"": 2, ""Groceries"": 1}"
stats_5054,USR273gg,Wjvndjx55pfLel7mqdKdI1jqAkoKkEs6QADdw,2025-10-01,89.4,1,0.0,89.4,89.4,89.4,89.4,"{""Groceries"": 1}"
stats_5055,USR507pL,AA8XeAPRR4IdgLbMXaQaHyPpwvjQvBF9xKdbo,2023-10-01,20.78,2,-4.22,25.0,10.39,25.0,25.0,"{""Finance"": 2}"
stats_5056,USR507pL,AA8XeAPRR4IdgLbMXaQaHyPpwvjQvBF9xKdbo,2023-11-01,20.78,2,-4.22,25.0,10.39,25.0,25.0,"{""Finance"": 2}"
stats_5057,USR507pL,AA8XeAPRR4IdgLbMXaQaHyPpwvjQvBF9xKdbo,2023-12-01,20.78,2,-4.22,25.0,10.39,25.0,25.0,"{""Finance"": 2}"
stats_5058,USR507pL,AA8XeAPRR4IdgLbMXaQaHyPpwvjQvBF9xKdbo,2024-01-01,20.78,2,-4.22,25.0,10.39,25.0,25.0,"{""Finance"": 2}"
stats_5059,USR507pL,AA8XeAPRR4IdgLbMXaQaHyPpwvjQvBF9xKdbo,2024-02-01,20.78,2,-4.22,25.0,10.39,25.0,25.0,"{""Finance"": 2}"
stats_5060,USR507pL,AA8XeAPRR4IdgLbMXaQaHyPpwvjQvBF9xKdbo,2024-03-01,20.78,2,-4.22,25.0,10.39,25.0,25.0,"{""Finance"": 2}"
stats_5061,USR507pL,AA8XeAPRR4IdgLbMXaQaHyPpwvjQvBF9xKdbo,2024-04-01,20.78,2,-4.22,25.0,10.39,25.0,25.0,"{""Finance"": 2}"
stats_5062,USR507pL,AA8XeAPRR4IdgLbMXaQaHyPpwvjQvBF9xKdbo,2024-05-01,20.78,2,-4.22,25.0,10.39,25.0,25.0,"{""Finance"": 2}"
stats_5063,USR507pL,AA8XeAPRR4IdgLbMXaQaHyPpwvjQvBF9xKdbo,2024-06-01,20.78,2,-4.22,25.0,10.39,25.0,25.0,"{""Finance"": 2}"
stats_5064,USR507pL,AA8XeAPRR4IdgLbMXaQaHyPpwvjQvBF9xKdbo,2024-07-01,20.78,2,-4.22,25.0,10.39,25.0,25.0,"{""Finance"": 2}"
stats_5065,USR507pL,AA8XeAPRR4IdgLbMXaQaHyPpwvjQvBF9xKdbo,2024-08-01,20.78,2,-4.22,25.0,10.39,25.0,25.0,"{""Finance"": 2}"
stats_5066,USR507pL,AA8XeAPRR4IdgLbMXaQaHyPpwvjQvBF9xKdbo,2024-09-01,20.78,2,-4.22,25.0,10.39,25.0,25.0,"{""Finance"": 2}"
stats_5067,USR507pL,AA8XeAPRR4IdgLbMXaQaHyPpwvjQvBF9xKdbo,2024-10-01,20.78,2,-4.22,25.0,10.39,25.0,25.0,"{""Finance"": 2}"
stats_5068,USR507pL,AA8XeAPRR4IdgLbMXaQaHyPpwvjQvBF9xKdbo,2024-11-01,20.78,2,-4.22,25.0,10.39,25.0,25.0,"{""Finance"": 2}"
stats_5069,USR507pL,AA8XeAPRR4IdgLbMXaQaHyPpwvjQvBF9xKdbo,2024-12-01,20.78,2,-4.22,25.0,10.39,25.0,25.0,"{""Finance"": 2}"
stats_5070,USR507pL,AA8XeAPRR4IdgLbMXaQaHyPpwvjQvBF9xKdbo,2025-01-01,20.78,2,-4.22,25.0,10.39,25.0,25.0,"{""Finance"": 2}"
stats_5071,USR507pL,AA8XeAPRR4IdgLbMXaQaHyPpwvjQvBF9xKdbo,2025-02-01,20.78,2,-4.22,25.0,10.39,25.0,25.0,"{""Finance"": 2}"
stats_5072,USR507pL,AA8XeAPRR4IdgLbMXaQaHyPpwvjQvBF9xKdbo,2025-03-01,20.78,2,-4.22,25.0,10.39,25.0,25.0,"{""Finance"": 2}"
stats_5073,USR507pL,AA8XeAPRR4IdgLbMXaQaHyPpwvjQvBF9xKdbo,2025-04-01,20.78,2,-4.22,25.0,10.39,25.0,25.0,"{""Finance"": 2}"
stats_5074,USR507pL,AA8XeAPRR4IdgLbMXaQaHyPpwvjQvBF9xKdbo,2025-05-01,20.78,2,-4.22,25.0,10.39,25.0,25.0,"{""Finance"": 2}"
stats_5075,USR507pL,AA8XeAPRR4IdgLbMXaQaHyPpwvjQvBF9xKdbo,2025-06-01,20.78,2,-4.22,25.0,10.39,25.0,25.0,"{""Finance"": 2}"
stats_5076,USR507pL,AA8XeAPRR4IdgLbMXaQaHyPpwvjQvBF9xKdbo,2025-07-01,20.78,2,-4.22,25.0,10.39,25.0,25.0,"{""Finance"": 2}"
stats_5077,USR507pL,AA8XeAPRR4IdgLbMXaQaHyPpwvjQvBF9xKdbo,2025-08-01,20.78,2,-4.22,25.0,10.39,25.0,25.0,"{""Finance"": 2}"
stats_5078,USR507pL,AA8XeAPRR4IdgLbMXaQaHyPpwvjQvBF9xKdbo,2025-09-01,20.78,2,-4.22,25.0,10.39,25.0,25.0,"{""Finance"": 2}"
stats_5079,USR507pL,AA8XeAPRR4IdgLbMXaQaHyPpwvjQvBF9xKdbo,2025-10-01,-4.22,1,-4.22,0.0,-4.22,-4.22,-4.22,"{""Finance"": 1}"
stats_5080,USR305BD,G9vXp9M55Rf7kywpbeReIr6pabe3bgf67rQV8,2023-10-01,1000.0,1,0.0,1000.0,1000.0,1000.0,1000.0,"{""Finance"": 1}"
stats_5081,USR305BD,G9vXp9M55Rf7kywpbeReIr6pabe3bgf67rQV8,2023-11-01,1000.0,1,0.0,1000.0,1000.0,1000.0,1000.0,"{""Finance"": 1}"
stats_5082,USR305BD,G9vXp9M55Rf7kywpbeReIr6pabe3bgf67rQV8,2023-12-01,1000.0,1,0.0,1000.0,1000.0,1000.0,1000.0,"{""Finance"": 1}"
stats_5083,USR305BD,G9vXp9M55Rf7kywpbeReIr6pabe3bgf67rQV8,2024-01-01,1000.0,1,0.0,1000.0,1000.0,1000.0,1000.0,"{""Finance"": 1}"
stats_5084,USR305BD,G9vXp9M55Rf7kywpbeReIr6pabe3bgf67rQV8,2024-02-01,1000.0,1,0.0,1000.0,1000.0,1000.0,1000.0,"{""Finance"": 1}"
stats_5085,USR305BD,G9vXp9M55Rf7kywpbeReIr6pabe3bgf67rQV8,2024-03-01,1000.0,1,0.0,1000.0,1000.0,1000.0,1000.0,"{""Finance"": 1}"
stats_5086,USR305BD,G9vXp9M55Rf7kywpbeReIr6pabe3bgf67rQV8,2024-04-01,1000.0,1,0.0,1000.0,1000.0,1000.0,1000.0,"{""Finance"": 1}"
stats_5087,USR305BD,G9vXp9M55Rf7kywpbeReIr6pabe3bgf67rQV8,2024-05-01,1000.0,1,0.0,1000.0,1000.0,1000.0,1000.0,"{""Finance"": 1}"
stats_5088,USR305BD,G9vXp9M55Rf7kywpbeReIr6pabe3bgf67rQV8,2024-06-01,1000.0,1,0.0,1000.0,1000.0,1000.0,1000.0,"{""Finance"": 1}"
stats_5089,USR305BD,G9vXp9M55Rf7kywpbeReIr6pabe3bgf67rQV8,2024-07-01,1000.0,1,0.0,1000.0,1000.0,1000.0,1000.0,"{""Finance"": 1}"
stats_5090,USR305BD,G9vXp9M55Rf7kywpbeReIr6pabe3bgf67rQV8,2024-08-01,1000.0,1,0.0,1000.0,1000.0,1000.0,1000.0,"{""Finance"": 1}"
stats_5091,USR305BD,G9vXp9M55Rf7kywpbeReIr6pabe3bgf67rQV8,2024-09-01,1000.0,1,0.0,1000.0,1000.0,1000.0,1000.0,"{""Finance"": 1}"
stats_5092,USR305BD,G9vXp9M55Rf7kywpbeReIr6pabe3bgf67rQV8,2024-10-01,1000.0,1,0.0,1000.0,1000.0,1000.0,1000.0,"{""Finance"": 1}"
stats_5093,USR305BD,G9vXp9M55Rf7kywpbeReIr6pabe3bgf67rQV8,2024-11-01,1000.0,1,0.0,1000.0,1000.0,1000.0,1000.0,"{""Finance"": 1}"
stats_5094,USR305BD,G9vXp9M55Rf7kywpbeReIr6pabe3bgf67rQV8,2024-12-01,1000.0,1,0.0,1000.0,1000.0,1000.0,1000.0,"{""Finance"": 1}"
stats_5095,USR305BD,G9vXp9M55Rf7kywpbeReIr6pabe3bgf67rQV8,2025-01-01,1000.0,1,0.0,1000.0,1000.0,1000.0,1000.0,"{""Finance"": 1}"
stats_5096,USR305BD,G9vXp9M55Rf7kywpbeReIr6pabe3bgf67rQV8,2025-02-01,1000.0,1,0.0,1000.0,1000.0,1000.0,1000.0,"{""Finance"": 1}"
stats_5097,USR305BD,G9vXp9M55Rf7kywpbeReIr6pabe3bgf67rQV8,2025-03-01,1000.0,1,0.0,1000.0,1000.0,1000.0,1000.0,"{""Finance"": 1}"
stats_5098,USR305BD,G9vXp9M55Rf7kywpbeReIr6pabe3bgf67rQV8,2025-04-01,1000.0,1,0.0,1000.0,1000.0,1000.0,1000.0,"{""Finance"": 1}"
stats_5099,USR305BD,G9vXp9M55Rf7kywpbeReIr6pabe3bgf67rQV8,2025-05-01,1000.0,1,0.0,1000.0,1000.0,1000.0,1000.0,"{""Finance"": 1}"
stats_5100,USR305BD,G9vXp9M55Rf7kywpbeReIr6pabe3bgf67rQV8,2025-06-01,1000.0,1,0.0,1000.0,1000.0,1000.0,1000.0,"{""Finance"": 1}"
stats_5101,USR305BD,G9vXp9M55Rf7kywpbeReIr6pabe3bgf67rQV8,2025-07-01,1000.0,1,0.0,1000.0,1000.0,1000.0,1000.0,"{""Finance"": 1}"
stats_5102,USR305BD,G9vXp9M55Rf7kywpbeReIr6pabe3bgf67rQV8,2025-08-01,1000.0,1,0.0,1000.0,1000.0,1000.0,1000.0,"{""Finance"": 1}"
stats_5103,USR305BD,G9vXp9M55Rf7kywpbeReIr6pabe3bgf67rQV8,2025-09-01,1000.0,1,0.0,1000.0,1000.0,1000.0,1000.0,"{""Finance"": 1}"
stats_5104,USR002SI,nladKlrzzbtkBNE7RbrbspvnjxRPxmtAMpnaZ,2023-10-01,78.5,1,0.0,78.5,78.5,78.5,78.5,"{""Fitness"": 1}"
stats_5105,USR002SI,nladKlrzzbtkBNE7RbrbspvnjxRPxmtAMpnaZ,2023-11-01,4157.0,6,0.0,4157.0,692.83,2078.5,2078.5,"{""Finance"": 2, ""Fitness"": 2, ""Food and Dining"": 1, ""Transportation"": 1}"
stats_5106,USR002SI,nladKlrzzbtkBNE7RbrbspvnjxRPxmtAMpnaZ,2023-12-01,4157.0,6,0.0,4157.0,692.83,2078.5,2078.5,"{""Finance"": 2, ""Fitness"": 2, ""Food and Dining"": 1, ""Transportation"": 1}"
stats_5107,USR002SI,nladKlrzzbtkBNE7RbrbspvnjxRPxmtAMpnaZ,2024-01-01,4157.0,6,0.0,4157.0,692.83,2078.5,2078.5,"{""Finance"": 2, ""Fitness"": 2, ""Food and Dining"": 1, ""Transportation"": 1}"
stats_5108,USR002SI,nladKlrzzbtkBNE7RbrbspvnjxRPxmtAMpnaZ,2024-02-01,4157.0,6,0.0,4157.0,692.83,2078.5,2078.5,"{""Finance"": 2, ""Fitness"": 2, ""Food and Dining"": 1, ""Transportation"": 1}"
stats_5109,USR002SI,nladKlrzzbtkBNE7RbrbspvnjxRPxmtAMpnaZ,2024-03-01,4157.0,6,0.0,4157.0,692.83,2078.5,2078.5,"{""Finance"": 2, ""Fitness"": 2, ""Food and Dining"": 1, ""Transportation"": 1}"
stats_5110,USR002SI,nladKlrzzbtkBNE7RbrbspvnjxRPxmtAMpnaZ,2024-04-01,4157.0,6,0.0,4157.0,692.83,2078.5,2078.5,"{""Finance"": 2, ""Fitness"": 2, ""Food and Dining"": 1, ""Transportation"": 1}"
stats_5111,USR002SI,nladKlrzzbtkBNE7RbrbspvnjxRPxmtAMpnaZ,2024-05-01,4157.0,6,0.0,4157.0,692.83,2078.5,2078.5,"{""Finance"": 2, ""Fitness"": 2, ""Food and Dining"": 1, ""Transportation"": 1}"
stats_5112,USR002SI,nladKlrzzbtkBNE7RbrbspvnjxRPxmtAMpnaZ,2024-06-01,4157.0,6,0.0,4157.0,692.83,2078.5,2078.5,"{""Fitness"": 2, ""Finance"": 2, ""Food and Dining"": 1, ""Transportation"": 1}"
stats_5113,USR002SI,nladKlrzzbtkBNE7RbrbspvnjxRPxmtAMpnaZ,2024-07-01,4157.0,6,0.0,4157.0,692.83,2078.5,2078.5,"{""Fitness"": 2, ""Finance"": 2, ""Food and Dining"": 1, ""Transportation"": 1}"
stats_5114,USR002SI,nladKlrzzbtkBNE7RbrbspvnjxRPxmtAMpnaZ,2024-08-01,7235.5,9,0.0,7235.5,803.94,2078.5,2078.5,"{""Fitness"": 3, ""Finance"": 3, ""Food and Dining"": 2, ""Transportation"": 1}"
stats_5115,USR002SI,nladKlrzzbtkBNE7RbrbspvnjxRPxmtAMpnaZ,2024-09-01,4157.0,6,0.0,4157.0,692.83,2078.5,2078.5,"{""Finance"": 2, ""Fitness"": 2, ""Transportation"": 1, ""Food and Dining"": 1}"
stats_5116,USR002SI,nladKlrzzbtkBNE7RbrbspvnjxRPxmtAMpnaZ,2024-10-01,4657.0,7,0.0,4657.0,665.29,2078.5,2078.5,"{""Finance"": 3, ""Fitness"": 2, ""Transportation"": 1, ""Food and Dining"": 1}"
stats_5117,USR002SI,nladKlrzzbtkBNE7RbrbspvnjxRPxmtAMpnaZ,2024-11-01,4157.0,6,0.0,4157.0,692.83,2078.5,2078.5,"{""Fitness"": 2, ""Finance"": 2, ""Transportation"": 1, ""Food and Dining"": 1}"
stats_5118,USR002SI,nladKlrzzbtkBNE7RbrbspvnjxRPxmtAMpnaZ,2024-12-01,4157.0,6,0.0,4157.0,692.83,2078.5,2078.5,"{""Fitness"": 2, ""Finance"": 2, ""Transportation"": 1, ""Food and Dining"": 1}"
stats_5119,USR002SI,nladKlrzzbtkBNE7RbrbspvnjxRPxmtAMpnaZ,2025-01-01,4157.0,6,0.0,4157.0,692.83,2078.5,2078.5,"{""Fitness"": 2, ""Finance"": 2, ""Transportation"": 1, ""Food and Dining"": 1}"
stats_5120,USR002SI,nladKlrzzbtkBNE7RbrbspvnjxRPxmtAMpnaZ,2025-02-01,4157.0,6,0.0,4157.0,692.83,2078.5,2078.5,"{""Fitness"": 2, ""Finance"": 2, ""Transportation"": 1, ""Food and Dining"": 1}"
stats_5121,USR002SI,nladKlrzzbtkBNE7RbrbspvnjxRPxmtAMpnaZ,2025-03-01,4157.0,6,0.0,4157.0,692.83,2078.5,2078.5,"{""Fitness"": 2, ""Finance"": 2, ""Transportation"": 1, ""Food and Dining"": 1}"
stats_5122,USR002SI,nladKlrzzbtkBNE7RbrbspvnjxRPxmtAMpnaZ,2025-04-01,4157.0,6,0.0,4157.0,692.83,2078.5,2078.5,"{""Fitness"": 2, ""Finance"": 2, ""Transportation"": 1, ""Food and Dining"": 1}"
stats_5123,USR002SI,nladKlrzzbtkBNE7RbrbspvnjxRPxmtAMpnaZ,2025-05-01,4157.0,6,0.0,4157.0,692.83,2078.5,2078.5,"{""Fitness"": 2, ""Finance"": 2, ""Transportation"": 1, ""Food and Dining"": 1}"
stats_5124,USR002SI,nladKlrzzbtkBNE7RbrbspvnjxRPxmtAMpnaZ,2025-06-01,4157.0,6,0.0,4157.0,692.83,2078.5,2078.5,"{""Fitness"": 2, ""Finance"": 2, ""Transportation"": 1, ""Food and Dining"": 1}"
stats_5125,USR002SI,nladKlrzzbtkBNE7RbrbspvnjxRPxmtAMpnaZ,2025-07-01,4157.0,6,0.0,4157.0,692.83,2078.5,2078.5,"{""Fitness"": 2, ""Finance"": 2, ""Transportation"": 1, ""Food and Dining"": 1}"
stats_5126,USR002SI,nladKlrzzbtkBNE7RbrbspvnjxRPxmtAMpnaZ,2025-08-01,4157.0,6,0.0,4157.0,692.83,2078.5,2078.5,"{""Fitness"": 2, ""Finance"": 2, ""Transportation"": 1, ""Food and Dining"": 1}"
stats_5127,USR002SI,nladKlrzzbtkBNE7RbrbspvnjxRPxmtAMpnaZ,2025-09-01,4157.0,6,0.0,4157.0,692.83,2078.5,2078.5,"{""Fitness"": 2, ""Finance"": 2, ""Transportation"": 1, ""Food and Dining"": 1}"
stats_5128,USR002SI,nladKlrzzbtkBNE7RbrbspvnjxRPxmtAMpnaZ,2025-10-01,500.0,1,0.0,500.0,500.0,500.0,500.0,"{""Transportation"": 1}"
stats_5129,USR718AA,bkvn1kMJJwfPMmzJj171Sz6wZrjlrnCm6ydRB,2023-10-01,5850.0,1,0.0,5850.0,5850.0,5850.0,5850.0,"{""Finance"": 1}"
stats_5130,USR718AA,bkvn1kMJJwfPMmzJj171Sz6wZrjlrnCm6ydRB,2023-11-01,5850.0,1,0.0,5850.0,5850.0,5850.0,5850.0,"{""Finance"": 1}"
stats_5131,USR718AA,bkvn1kMJJwfPMmzJj171Sz6wZrjlrnCm6ydRB,2023-12-01,5850.0,1,0.0,5850.0,5850.0,5850.0,5850.0,"{""Finance"": 1}"
stats_5132,USR718AA,bkvn1kMJJwfPMmzJj171Sz6wZrjlrnCm6ydRB,2024-01-01,5850.0,1,0.0,5850.0,5850.0,5850.0,5850.0,"{""Finance"": 1}"
stats_5133,USR718AA,bkvn1kMJJwfPMmzJj171Sz6wZrjlrnCm6ydRB,2024-02-01,5850.0,1,0.0,5850.0,5850.0,5850.0,5850.0,"{""Finance"": 1}"
stats_5134,USR718AA,bkvn1kMJJwfPMmzJj171Sz6wZrjlrnCm6ydRB,2024-03-01,5850.0,1,0.0,5850.0,5850.0,5850.0,5850.0,"{""Finance"": 1}"
stats_5135,USR718AA,bkvn1kMJJwfPMmzJj171Sz6wZrjlrnCm6ydRB,2024-04-01,5850.0,1,0.0,5850.0,5850.0,5850.0,5850.0,"{""Finance"": 1}"
stats_5136,USR718AA,bkvn1kMJJwfPMmzJj171Sz6wZrjlrnCm6ydRB,2024-05-01,5850.0,1,0.0,5850.0,5850.0,5850.0,5850.0,"{""Finance"": 1}"
stats_5137,USR718AA,bkvn1kMJJwfPMmzJj171Sz6wZrjlrnCm6ydRB,2024-06-01,5850.0,1,0.0,5850.0,5850.0,5850.0,5850.0,"{""Finance"": 1}"
stats_5138,USR718AA,bkvn1kMJJwfPMmzJj171Sz6wZrjlrnCm6ydRB,2024-07-01,5850.0,1,0.0,5850.0,5850.0,5850.0,5850.0,"{""Finance"": 1}"
stats_5139,USR718AA,bkvn1kMJJwfPMmzJj171Sz6wZrjlrnCm6ydRB,2024-08-01,5850.0,1,0.0,5850.0,5850.0,5850.0,5850.0,"{""Finance"": 1}"
stats_5140,USR718AA,bkvn1kMJJwfPMmzJj171Sz6wZrjlrnCm6ydRB,2024-09-01,5850.0,1,0.0,5850.0,5850.0,5850.0,5850.0,"{""Finance"": 1}"
stats_5141,USR718AA,bkvn1kMJJwfPMmzJj171Sz6wZrjlrnCm6ydRB,2024-10-01,5850.0,1,0.0,5850.0,5850.0,5850.0,5850.0,"{""Finance"": 1}"
stats_5142,USR718AA,bkvn1kMJJwfPMmzJj171Sz6wZrjlrnCm6ydRB,2024-11-01,5850.0,1,0.0,5850.0,5850.0,5850.0,5850.0,"{""Finance"": 1}"
stats_5143,USR718AA,bkvn1kMJJwfPMmzJj171Sz6wZrjlrnCm6ydRB,2024-12-01,5850.0,1,0.0,5850.0,5850.0,5850.0,5850.0,"{""Finance"": 1}"
stats_5144,USR718AA,bkvn1kMJJwfPMmzJj171Sz6wZrjlrnCm6ydRB,2025-01-01,5850.0,1,0.0,5850.0,5850.0,5850.0,5850.0,"{""Finance"": 1}"
stats_5145,USR718AA,bkvn1kMJJwfPMmzJj171Sz6wZrjlrnCm6ydRB,2025-02-01,5850.0,1,0.0,5850.0,5850.0,5850.0,5850.0,"{""Finance"": 1}"
stats_5146,USR718AA,bkvn1kMJJwfPMmzJj171Sz6wZrjlrnCm6ydRB,2025-03-01,5850.0,1,0.0,5850.0,5850.0,5850.0,5850.0,"{""Finance"": 1}"
stats_5147,USR718AA,bkvn1kMJJwfPMmzJj171Sz6wZrjlrnCm6ydRB,2025-04-01,5850.0,1,0.0,5850.0,5850.0,5850.0,5850.0,"{""Finance"": 1}"
stats_5148,USR718AA,bkvn1kMJJwfPMmzJj171Sz6wZrjlrnCm6ydRB,2025-05-01,5850.0,1,0.0,5850.0,5850.0,5850.0,5850.0,"{""Finance"": 1}"
stats_5149,USR718AA,bkvn1kMJJwfPMmzJj171Sz6wZrjlrnCm6ydRB,2025-06-01,5850.0,1,0.0,5850.0,5850.0,5850.0,5850.0,"{""Finance"": 1}"
stats_5150,USR718AA,bkvn1kMJJwfPMmzJj171Sz6wZrjlrnCm6ydRB,2025-07-01,5850.0,1,0.0,5850.0,5850.0,5850.0,5850.0,"{""Finance"": 1}"
stats_5151,USR718AA,bkvn1kMJJwfPMmzJj171Sz6wZrjlrnCm6ydRB,2025-08-01,5850.0,1,0.0,5850.0,5850.0,5850.0,5850.0,"{""Finance"": 1}"
stats_5152,USR718AA,bkvn1kMJJwfPMmzJj171Sz6wZrjlrnCm6ydRB,2025-09-01,5850.0,1,0.0,5850.0,5850.0,5850.0,5850.0,"{""Finance"": 1}"
stats_5153,USR101Wd,jEN6PyxmJ3h97Grk641KTWRZoXnNP1CQ4W4wj,2023-10-01,-388.87,5,-500.0,111.13,-77.77,89.4,-500.0,"{""Food and Dining"": 2, ""Transportation"": 2, ""Groceries"": 1}"
stats_5154,USR101Wd,jEN6PyxmJ3h97Grk641KTWRZoXnNP1CQ4W4wj,2023-11-01,-382.54,6,-500.0,117.46,-63.76,89.4,-500.0,"{""Transportation"": 3, ""Food and Dining"": 2, ""Groceries"": 1}"
stats_5155,USR101Wd,jEN6PyxmJ3h97Grk641KTWRZoXnNP1CQ4W4wj,2023-12-01,-382.54,6,-500.0,117.46,-63.76,89.4,-500.0,"{""Transportation"": 3, ""Food and Dining"": 2, ""Groceries"": 1}"
stats_5156,USR101Wd,jEN6PyxmJ3h97Grk641KTWRZoXnNP1CQ4W4wj,2024-01-01,-382.54,6,-500.0,117.46,-63.76,89.4,-500.0,"{""Transportation"": 3, ""Food and Dining"": 2, ""Groceries"": 1}"
stats_5157,USR101Wd,jEN6PyxmJ3h97Grk641KTWRZoXnNP1CQ4W4wj,2024-02-01,-382.54,6,-500.0,117.46,-63.76,89.4,-500.0,"{""Transportation"": 3, ""Food and Dining"": 2, ""Groceries"": 1}"
stats_5158,USR101Wd,jEN6PyxmJ3h97Grk641KTWRZoXnNP1CQ4W4wj,2024-03-01,-382.54,6,-500.0,117.46,-63.76,89.4,-500.0,"{""Transportation"": 3, ""Food and Dining"": 2, ""Groceries"": 1}"
stats_5159,USR101Wd,jEN6PyxmJ3h97Grk641KTWRZoXnNP1CQ4W4wj,2024-04-01,-382.54,6,-500.0,117.46,-63.76,89.4,-500.0,"{""Transportation"": 3, ""Food and Dining"": 2, ""Groceries"": 1}"
stats_5160,USR101Wd,jEN6PyxmJ3h97Grk641KTWRZoXnNP1CQ4W4wj,2024-05-01,-382.54,6,-500.0,117.46,-63.76,89.4,-500.0,"{""Transportation"": 3, ""Food and Dining"": 2, ""Groceries"": 1}"
stats_5161,USR101Wd,jEN6PyxmJ3h97Grk641KTWRZoXnNP1CQ4W4wj,2024-06-01,-382.54,6,-500.0,117.46,-63.76,89.4,-500.0,"{""Transportation"": 3, ""Food and Dining"": 2, ""Groceries"": 1}"
stats_5162,USR101Wd,jEN6PyxmJ3h97Grk641KTWRZoXnNP1CQ4W4wj,2024-07-01,-382.54,6,-500.0,117.46,-63.76,89.4,-500.0,"{""Transportation"": 3, ""Food and Dining"": 2, ""Groceries"": 1}"
stats_5163,USR101Wd,jEN6PyxmJ3h97Grk641KTWRZoXnNP1CQ4W4wj,2024-08-01,-382.54,6,-500.0,117.46,-63.76,89.4,-500.0,"{""Transportation"": 3, ""Food and Dining"": 2, ""Groceries"": 1}"
stats_5164,USR101Wd,jEN6PyxmJ3h97Grk641KTWRZoXnNP1CQ4W4wj,2024-09-01,-382.54,6,-500.0,117.46,-63.76,89.4,-500.0,"{""Transportation"": 3, ""Food and Dining"": 2, ""Groceries"": 1}"
stats_5165,USR101Wd,jEN6PyxmJ3h97Grk641KTWRZoXnNP1CQ4W4wj,2024-10-01,-382.54,6,-500.0,117.46,-63.76,89.4,-500.0,"{""Transportation"": 3, ""Food and Dining"": 2, ""Groceries"": 1}"
stats_5166,USR101Wd,jEN6PyxmJ3h97Grk641KTWRZoXnNP1CQ4W4wj,2024-11-01,-382.54,6,-500.0,117.46,-63.76,89.4,-500.0,"{""Transportation"": 3, ""Food and Dining"": 2, ""Groceries"": 1}"
stats_5167,USR101Wd,jEN6PyxmJ3h97Grk641KTWRZoXnNP1CQ4W4wj,2024-12-01,-382.54,6,-500.0,117.46,-63.76,89.4,-500.0,"{""Transportation"": 3, ""Food and Dining"": 2, ""Groceries"": 1}"
stats_5168,USR101Wd,jEN6PyxmJ3h97Grk641KTWRZoXnNP1CQ4W4wj,2025-01-01,-382.54,6,-500.0,117.46,-63.76,89.4,-500.0,"{""Transportation"": 3, ""Food and Dining"": 2, ""Groceries"": 1}"
stats_5169,USR101Wd,jEN6PyxmJ3h97Grk641KTWRZoXnNP1CQ4W4wj,2025-02-01,-382.54,6,-500.0,117.46,-63.76,89.4,-500.0,"{""Transportation"": 3, ""Food and Dining"": 2, ""Groceries"": 1}"
stats_5170,USR101Wd,jEN6PyxmJ3h97Grk641KTWRZoXnNP1CQ4W4wj,2025-03-01,-382.54,6,-500.0,117.46,-63.76,89.4,-500.0,"{""Transportation"": 3, ""Food and Dining"": 2, ""Groceries"": 1}"
stats_5171,USR101Wd,jEN6PyxmJ3h97Grk641KTWRZoXnNP1CQ4W4wj,2025-04-01,-382.54,6,-500.0,117.46,-63.76,89.4,-500.0,"{""Transportation"": 3, ""Food and Dining"": 2, ""Groceries"": 1}"
stats_5172,USR101Wd,jEN6PyxmJ3h97Grk641KTWRZoXnNP1CQ4W4wj,2025-05-01,-382.54,6,-500.0,117.46,-63.76,89.4,-500.0,"{""Transportation"": 3, ""Food and Dining"": 2, ""Groceries"": 1}"
stats_5173,USR101Wd,jEN6PyxmJ3h97Grk641KTWRZoXnNP1CQ4W4wj,2025-06-01,-382.54,6,-500.0,117.46,-63.76,89.4,-500.0,"{""Transportation"": 3, ""Food and Dining"": 2, ""Groceries"": 1}"
stats_5174,USR101Wd,jEN6PyxmJ3h97Grk641KTWRZoXnNP1CQ4W4wj,2025-07-01,-376.21,7,-500.0,123.79,-53.74,89.4,-500.0,"{""Transportation"": 4, ""Food and Dining"": 2, ""Groceries"": 1}"
stats_5175,USR101Wd,jEN6PyxmJ3h97Grk641KTWRZoXnNP1CQ4W4wj,2025-08-01,-382.54,6,-500.0,117.46,-63.76,89.4,-500.0,"{""Transportation"": 3, ""Food and Dining"": 2, ""Groceries"": 1}"
stats_5176,USR101Wd,jEN6PyxmJ3h97Grk641KTWRZoXnNP1CQ4W4wj,2025-09-01,-382.54,6,-500.0,117.46,-63.76,89.4,-500.0,"{""Transportation"": 3, ""Food and Dining"": 2, ""Groceries"": 1}"
stats_5177,USR101Wd,jEN6PyxmJ3h97Grk641KTWRZoXnNP1CQ4W4wj,2025-10-01,89.4,1,0.0,89.4,89.4,89.4,89.4,"{""Groceries"": 1}"
stats_5178,USR926eP,7qmNlZw5avtvAlzbekophxKm6Nz4REFwQJQjz,2023-10-01,20.78,2,-4.22,25.0,10.39,25.0,25.0,"{""Finance"": 2}"
stats_5179,USR926eP,7qmNlZw5avtvAlzbekophxKm6Nz4REFwQJQjz,2023-11-01,20.78,2,-4.22,25.0,10.39,25.0,25.0,"{""Finance"": 2}"
stats_5180,USR926eP,7qmNlZw5avtvAlzbekophxKm6Nz4REFwQJQjz,2023-12-01,20.78,2,-4.22,25.0,10.39,25.0,25.0,"{""Finance"": 2}"
stats_5181,USR926eP,7qmNlZw5avtvAlzbekophxKm6Nz4REFwQJQjz,2024-01-01,20.78,2,-4.22,25.0,10.39,25.0,25.0,"{""Finance"": 2}"
stats_5182,USR926eP,7qmNlZw5avtvAlzbekophxKm6Nz4REFwQJQjz,2024-02-01,20.78,2,-4.22,25.0,10.39,25.0,25.0,"{""Finance"": 2}"
stats_5183,USR926eP,7qmNlZw5avtvAlzbekophxKm6Nz4REFwQJQjz,2024-03-01,20.78,2,-4.22,25.0,10.39,25.0,25.0,"{""Finance"": 2}"
stats_5184,USR926eP,7qmNlZw5avtvAlzbekophxKm6Nz4REFwQJQjz,2024-04-01,20.78,2,-4.22,25.0,10.39,25.0,25.0,"{""Finance"": 2}"
stats_5185,USR926eP,7qmNlZw5avtvAlzbekophxKm6Nz4REFwQJQjz,2024-05-01,20.78,2,-4.22,25.0,10.39,25.0,25.0,"{""Finance"": 2}"
stats_5186,USR926eP,7qmNlZw5avtvAlzbekophxKm6Nz4REFwQJQjz,2024-06-01,20.78,2,-4.22,25.0,10.39,25.0,25.0,"{""Finance"": 2}"
stats_5187,USR926eP,7qmNlZw5avtvAlzbekophxKm6Nz4REFwQJQjz,2024-07-01,20.78,2,-4.22,25.0,10.39,25.0,25.0,"{""Finance"": 2}"
stats_5188,USR926eP,7qmNlZw5avtvAlzbekophxKm6Nz4REFwQJQjz,2024-08-01,20.78,2,-4.22,25.0,10.39,25.0,25.0,"{""Finance"": 2}"
stats_5189,USR926eP,7qmNlZw5avtvAlzbekophxKm6Nz4REFwQJQjz,2024-09-01,20.78,2,-4.22,25.0,10.39,25.0,25.0,"{""Finance"": 2}"
stats_5190,USR926eP,7qmNlZw5avtvAlzbekophxKm6Nz4REFwQJQjz,2024-10-01,20.78,2,-4.22,25.0,10.39,25.0,25.0,"{""Finance"": 2}"
stats_5191,USR926eP,7qmNlZw5avtvAlzbekophxKm6Nz4REFwQJQjz,2024-11-01,20.78,2,-4.22,25.0,10.39,25.0,25.0,"{""Finance"": 2}"
stats_5192,USR926eP,7qmNlZw5avtvAlzbekophxKm6Nz4REFwQJQjz,2024-12-01,20.78,2,-4.22,25.0,10.39,25.0,25.0,"{""Finance"": 2}"
stats_5193,USR926eP,7qmNlZw5avtvAlzbekophxKm6Nz4REFwQJQjz,2025-01-01,20.78,2,-4.22,25.0,10.39,25.0,25.0,"{""Finance"": 2}"
stats_5194,USR926eP,7qmNlZw5avtvAlzbekophxKm6Nz4REFwQJQjz,2025-02-01,20.78,2,-4.22,25.0,10.39,25.0,25.0,"{""Finance"": 2}"
stats_5195,USR926eP,7qmNlZw5avtvAlzbekophxKm6Nz4REFwQJQjz,2025-03-01,20.78,2,-4.22,25.0,10.39,25.0,25.0,"{""Finance"": 2}"
stats_5196,USR926eP,7qmNlZw5avtvAlzbekophxKm6Nz4REFwQJQjz,2025-04-01,20.78,2,-4.22,25.0,10.39,25.0,25.0,"{""Finance"": 2}"
stats_5197,USR926eP,7qmNlZw5avtvAlzbekophxKm6Nz4REFwQJQjz,2025-05-01,20.78,2,-4.22,25.0,10.39,25.0,25.0,"{""Finance"": 2}"
stats_5198,USR926eP,7qmNlZw5avtvAlzbekophxKm6Nz4REFwQJQjz,2025-06-01,20.78,2,-4.22,25.0,10.39,25.0,25.0,"{""Finance"": 2}"
stats_5199,USR926eP,7qmNlZw5avtvAlzbekophxKm6Nz4REFwQJQjz,2025-07-01,20.78,2,-4.22,25.0,10.39,25.0,25.0,"{""Finance"": 2}"
stats_5200,USR926eP,7qmNlZw5avtvAlzbekophxKm6Nz4REFwQJQjz,2025-08-01,20.78,2,-4.22,25.0,10.39,25.0,25.0,"{""Finance"": 2}"
stats_5201,USR926eP,7qmNlZw5avtvAlzbekophxKm6Nz4REFwQJQjz,2025-09-01,20.78,2,-4.22,25.0,10.39,25.0,25.0,"{""Finance"": 2}"
stats_5202,USR926eP,7qmNlZw5avtvAlzbekophxKm6Nz4REFwQJQjz,2025-10-01,-4.22,1,-4.22,0.0,-4.22,-4.22,-4.22,"{""Finance"": 1}"
stats_5203,USR671AL,eE3D1AKxP4hGPr6QXBlwsXM79AvkDefxD9DEy,2023-10-01,1000.0,1,0.0,1000.0,1000.0,1000.0,1000.0,"{""Finance"": 1}"
stats_5204,USR671AL,eE3D1AKxP4hGPr6QXBlwsXM79AvkDefxD9DEy,2023-11-01,1000.0,1,0.0,1000.0,1000.0,1000.0,1000.0,"{""Finance"": 1}"
stats_5205,USR671AL,eE3D1AKxP4hGPr6QXBlwsXM79AvkDefxD9DEy,2023-12-01,1000.0,1,0.0,1000.0,1000.0,1000.0,1000.0,"{""Finance"": 1}"
stats_5206,USR671AL,eE3D1AKxP4hGPr6QXBlwsXM79AvkDefxD9DEy,2024-01-01,1000.0,1,0.0,1000.0,1000.0,1000.0,1000.0,"{""Finance"": 1}"
stats_5207,USR671AL,eE3D1AKxP4hGPr6QXBlwsXM79AvkDefxD9DEy,2024-02-01,1000.0,1,0.0,1000.0,1000.0,1000.0,1000.0,"{""Finance"": 1}"
stats_5208,USR671AL,eE3D1AKxP4hGPr6QXBlwsXM79AvkDefxD9DEy,2024-03-01,1000.0,1,0.0,1000.0,1000.0,1000.0,1000.0,"{""Finance"": 1}"
stats_5209,USR671AL,eE3D1AKxP4hGPr6QXBlwsXM79AvkDefxD9DEy,2024-04-01,1000.0,1,0.0,1000.0,1000.0,1000.0,1000.0,"{""Finance"": 1}"
stats_5210,USR671AL,eE3D1AKxP4hGPr6QXBlwsXM79AvkDefxD9DEy,2024-05-01,1000.0,1,0.0,1000.0,1000.0,1000.0,1000.0,"{""Finance"": 1}"
stats_5211,USR671AL,eE3D1AKxP4hGPr6QXBlwsXM79AvkDefxD9DEy,2024-06-01,1000.0,1,0.0,1000.0,1000.0,1000.0,1000.0,"{""Finance"": 1}"
stats_5212,USR671AL,eE3D1AKxP4hGPr6QXBlwsXM79AvkDefxD9DEy,2024-07-01,1000.0,1,0.0,1000.0,1000.0,1000.0,1000.0,"{""Finance"": 1}"
stats_5213,USR671AL,eE3D1AKxP4hGPr6QXBlwsXM79AvkDefxD9DEy,2024-08-01,1000.0,1,0.0,1000.0,1000.0,1000.0,1000.0,"{""Finance"": 1}"
stats_5214,USR671AL,eE3D1AKxP4hGPr6QXBlwsXM79AvkDefxD9DEy,2024-09-01,1000.0,1,0.0,1000.0,1000.0,1000.0,1000.0,"{""Finance"": 1}"
stats_5215,USR671AL,eE3D1AKxP4hGPr6QXBlwsXM79AvkDefxD9DEy,2024-10-01,1000.0,1,0.0,1000.0,1000.0,1000.0,1000.0,"{""Finance"": 1}"
stats_5216,USR671AL,eE3D1AKxP4hGPr6QXBlwsXM79AvkDefxD9DEy,2024-11-01,1000.0,1,0.0,1000.0,1000.0,1000.0,1000.0,"{""Finance"": 1}"
stats_5217,USR671AL,eE3D1AKxP4hGPr6QXBlwsXM79AvkDefxD9DEy,2024-12-01,1000.0,1,0.0,1000.0,1000.0,1000.0,1000.0,"{""Finance"": 1}"
stats_5218,USR671AL,eE3D1AKxP4hGPr6QXBlwsXM79AvkDefxD9DEy,2025-01-01,1000.0,1,0.0,1000.0,1000.0,1000.0,1000.0,"{""Finance"": 1}"
stats_5219,USR671AL,eE3D1AKxP4hGPr6QXBlwsXM79AvkDefxD9DEy,2025-02-01,1000.0,1,0.0,1000.0,1000.0,1000.0,1000.0,"{""Finance"": 1}"
stats_5220,USR671AL,eE3D1AKxP4hGPr6QXBlwsXM79AvkDefxD9DEy,2025-03-01,1000.0,1,0.0,1000.0,1000.0,1000.0,1000.0,"{""Finance"": 1}"
stats_5221,USR671AL,eE3D1AKxP4hGPr6QXBlwsXM79AvkDefxD9DEy,2025-04-01,1000.0,1,0.0,1000.0,1000.0,1000.0,1000.0,"{""Finance"": 1}"
stats_5222,USR671AL,eE3D1AKxP4hGPr6QXBlwsXM79AvkDefxD9DEy,2025-05-01,1000.0,1,0.0,1000.0,1000.0,1000.0,1000.0,"{""Finance"": 1}"
stats_5223,USR671AL,eE3D1AKxP4hGPr6QXBlwsXM79AvkDefxD9DEy,2025-06-01,1000.0,1,0.0,1000.0,1000.0,1000.0,1000.0,"{""Finance"": 1}"
stats_5224,USR671AL,eE3D1AKxP4hGPr6QXBlwsXM79AvkDefxD9DEy,2025-07-01,1000.0,1,0.0,1000.0,1000.0,1000.0,1000.0,"{""Finance"": 1}"
stats_5225,USR671AL,eE3D1AKxP4hGPr6QXBlwsXM79AvkDefxD9DEy,2025-08-01,1000.0,1,0.0,1000.0,1000.0,1000.0,1000.0,"{""Finance"": 1}"
stats_5226,USR671AL,eE3D1AKxP4hGPr6QXBlwsXM79AvkDefxD9DEy,2025-09-01,1000.0,1,0.0,1000.0,1000.0,1000.0,1000.0,"{""Finance"": 1}"
stats_5227,USR032gM,QB6Amx8GXQSex7bZkLrwUjmvQwBrdLijomozk,2023-10-01,78.5,1,0.0,78.5,78.5,78.5,78.5,"{""Fitness"": 1}"
stats_5228,USR032gM,QB6Amx8GXQSex7bZkLrwUjmvQwBrdLijomozk,2023-11-01,4157.0,6,0.0,4157.0,692.83,2078.5,2078.5,"{""Fitness"": 2, ""Finance"": 2, ""Food and Dining"": 1, ""Transportation"": 1}"
stats_5229,USR032gM,QB6Amx8GXQSex7bZkLrwUjmvQwBrdLijomozk,2023-12-01,4157.0,6,0.0,4157.0,692.83,2078.5,2078.5,"{""Finance"": 2, ""Fitness"": 2, ""Food and Dining"": 1, ""Transportation"": 1}"
stats_5230,USR032gM,QB6Amx8GXQSex7bZkLrwUjmvQwBrdLijomozk,2024-01-01,4157.0,6,0.0,4157.0,692.83,2078.5,2078.5,"{""Finance"": 2, ""Fitness"": 2, ""Food and Dining"": 1, ""Transportation"": 1}"
stats_5231,USR032gM,QB6Amx8GXQSex7bZkLrwUjmvQwBrdLijomozk,2024-02-01,4157.0,6,0.0,4157.0,692.83,2078.5,2078.5,"{""Finance"": 2, ""Fitness"": 2, ""Food and Dining"": 1, ""Transportation"": 1}"
stats_5232,USR032gM,QB6Amx8GXQSex7bZkLrwUjmvQwBrdLijomozk,2024-03-01,4157.0,6,0.0,4157.0,692.83,2078.5,2078.5,"{""Finance"": 2, ""Fitness"": 2, ""Food and Dining"": 1, ""Transportation"": 1}"
stats_5233,USR032gM,QB6Amx8GXQSex7bZkLrwUjmvQwBrdLijomozk,2024-04-01,4157.0,6,0.0,4157.0,692.83,2078.5,2078.5,"{""Fitness"": 2, ""Finance"": 2, ""Food and Dining"": 1, ""Transportation"": 1}"
stats_5234,USR032gM,QB6Amx8GXQSex7bZkLrwUjmvQwBrdLijomozk,2024-05-01,4157.0,6,0.0,4157.0,692.83,2078.5,2078.5,"{""Finance"": 2, ""Fitness"": 2, ""Food and Dining"": 1, ""Transportation"": 1}"
stats_5235,USR032gM,QB6Amx8GXQSex7bZkLrwUjmvQwBrdLijomozk,2024-06-01,4157.0,6,0.0,4157.0,692.83,2078.5,2078.5,"{""Fitness"": 2, ""Finance"": 2, ""Food and Dining"": 1, ""Transportation"": 1}"
stats_5236,USR032gM,QB6Amx8GXQSex7bZkLrwUjmvQwBrdLijomozk,2024-07-01,4157.0,6,0.0,4157.0,692.83,2078.5,2078.5,"{""Fitness"": 2, ""Finance"": 2, ""Food and Dining"": 1, ""Transportation"": 1}"
stats_5237,USR032gM,QB6Amx8GXQSex7bZkLrwUjmvQwBrdLijomozk,2024-08-01,7235.5,9,0.0,7235.5,803.94,2078.5,2078.5,"{""Finance"": 3, ""Fitness"": 3, ""Food and Dining"": 2, ""Transportation"": 1}"
stats_5238,USR032gM,QB6Amx8GXQSex7bZkLrwUjmvQwBrdLijomozk,2024-09-01,4157.0,6,0.0,4157.0,692.83,2078.5,2078.5,"{""Finance"": 2, ""Fitness"": 2, ""Transportation"": 1, ""Food and Dining"": 1}"
stats_5239,USR032gM,QB6Amx8GXQSex7bZkLrwUjmvQwBrdLijomozk,2024-10-01,4657.0,7,0.0,4657.0,665.29,2078.5,2078.5,"{""Finance"": 3, ""Fitness"": 2, ""Transportation"": 1, ""Food and Dining"": 1}"
stats_5240,USR032gM,QB6Amx8GXQSex7bZkLrwUjmvQwBrdLijomozk,2024-11-01,4157.0,6,0.0,4157.0,692.83,2078.5,2078.5,"{""Fitness"": 2, ""Finance"": 2, ""Transportation"": 1, ""Food and Dining"": 1}"
stats_5241,USR032gM,QB6Amx8GXQSex7bZkLrwUjmvQwBrdLijomozk,2024-12-01,4157.0,6,0.0,4157.0,692.83,2078.5,2078.5,"{""Fitness"": 2, ""Finance"": 2, ""Transportation"": 1, ""Food and Dining"": 1}"
stats_5242,USR032gM,QB6Amx8GXQSex7bZkLrwUjmvQwBrdLijomozk,2025-01-01,4157.0,6,0.0,4157.0,692.83,2078.5,2078.5,"{""Fitness"": 2, ""Finance"": 2, ""Transportation"": 1, ""Food and Dining"": 1}"
stats_5243,USR032gM,QB6Amx8GXQSex7bZkLrwUjmvQwBrdLijomozk,2025-02-01,4157.0,6,0.0,4157.0,692.83,2078.5,2078.5,"{""Fitness"": 2, ""Finance"": 2, ""Transportation"": 1, ""Food and Dining"": 1}"
stats_5244,USR032gM,QB6Amx8GXQSex7bZkLrwUjmvQwBrdLijomozk,2025-03-01,4157.0,6,0.0,4157.0,692.83,2078.5,2078.5,"{""Fitness"": 2, ""Finance"": 2, ""Transportation"": 1, ""Food and Dining"": 1}"
stats_5245,USR032gM,QB6Amx8GXQSex7bZkLrwUjmvQwBrdLijomozk,2025-04-01,4157.0,6,0.0,4157.0,692.83,2078.5,2078.5,"{""Fitness"": 2, ""Finance"": 2, ""Transportation"": 1, ""Food and Dining"": 1}"
stats_5246,USR032gM,QB6Amx8GXQSex7bZkLrwUjmvQwBrdLijomozk,2025-05-01,4157.0,6,0.0,4157.0,692.83,2078.5,2078.5,"{""Fitness"": 2, ""Finance"": 2, ""Transportation"": 1, ""Food and Dining"": 1}"
stats_5247,USR032gM,QB6Amx8GXQSex7bZkLrwUjmvQwBrdLijomozk,2025-06-01,4157.0,6,0.0,4157.0,692.83,2078.5,2078.5,"{""Fitness"": 2, ""Finance"": 2, ""Transportation"": 1, ""Food and Dining"": 1}"
stats_5248,USR032gM,QB6Amx8GXQSex7bZkLrwUjmvQwBrdLijomozk,2025-07-01,4157.0,6,0.0,4157.0,692.83,2078.5,2078.5,"{""Fitness"": 2, ""Finance"": 2, ""Transportation"": 1, ""Food and Dining"": 1}"
stats_5249,USR032gM,QB6Amx8GXQSex7bZkLrwUjmvQwBrdLijomozk,2025-08-01,4157.0,6,0.0,4157.0,692.83,2078.5,2078.5,"{""Fitness"": 2, ""Finance"": 2, ""Transportation"": 1, ""Food and Dining"": 1}"
stats_5250,USR032gM,QB6Amx8GXQSex7bZkLrwUjmvQwBrdLijomozk,2025-09-01,4157.0,6,0.0,4157.0,692.83,2078.5,2078.5,"{""Fitness"": 2, ""Finance"": 2, ""Transportation"": 1, ""Food and Dining"": 1}"
stats_5251,USR032gM,QB6Amx8GXQSex7bZkLrwUjmvQwBrdLijomozk,2025-10-01,500.0,1,0.0,500.0,500.0,500.0,500.0,"{""Transportation"": 1}"
stats_5252,USR510PJ,Z76AeQ9y8wHkQzrWgdpjsgGrynVPbQsxLqLzg,2023-10-01,5850.0,1,0.0,5850.0,5850.0,5850.0,5850.0,"{""Finance"": 1}"
stats_5253,USR510PJ,Z76AeQ9y8wHkQzrWgdpjsgGrynVPbQsxLqLzg,2023-11-01,5850.0,1,0.0,5850.0,5850.0,5850.0,5850.0,"{""Finance"": 1}"
stats_5254,USR510PJ,Z76AeQ9y8wHkQzrWgdpjsgGrynVPbQsxLqLzg,2023-12-01,5850.0,1,0.0,5850.0,5850.0,5850.0,5850.0,"{""Finance"": 1}"
stats_5255,USR510PJ,Z76AeQ9y8wHkQzrWgdpjsgGrynVPbQsxLqLzg,2024-01-01,5850.0,1,0.0,5850.0,5850.0,5850.0,5850.0,"{""Finance"": 1}"
stats_5256,USR510PJ,Z76AeQ9y8wHkQzrWgdpjsgGrynVPbQsxLqLzg,2024-02-01,5850.0,1,0.0,5850.0,5850.0,5850.0,5850.0,"{""Finance"": 1}"
stats_5257,USR510PJ,Z76AeQ9y8wHkQzrWgdpjsgGrynVPbQsxLqLzg,2024-03-01,5850.0,1,0.0,5850.0,5850.0,5850.0,5850.0,"{""Finance"": 1}"
stats_5258,USR510PJ,Z76AeQ9y8wHkQzrWgdpjsgGrynVPbQsxLqLzg,2024-04-01,5850.0,1,0.0,5850.0,5850.0,5850.0,5850.0,"{""Finance"": 1}"
stats_5259,USR510PJ,Z76AeQ9y8wHkQzrWgdpjsgGrynVPbQsxLqLzg,2024-05-01,5850.0,1,0.0,5850.0,5850.0,5850.0,5850.0,"{""Finance"": 1}"
stats_5260,USR510PJ,Z76AeQ9y8wHkQzrWgdpjsgGrynVPbQsxLqLzg,2024-06-01,5850.0,1,0.0,5850.0,5850.0,5850.0,5850.0,"{""Finance"": 1}"
stats_5261,USR510PJ,Z76AeQ9y8wHkQzrWgdpjsgGrynVPbQsxLqLzg,2024-07-01,5850.0,1,0.0,5850.0,5850.0,5850.0,5850.0,"{""Finance"": 1}"
stats_5262,USR510PJ,Z76AeQ9y8wHkQzrWgdpjsgGrynVPbQsxLqLzg,2024-08-01,5850.0,1,0.0,5850.0,5850.0,5850.0,5850.0,"{""Finance"": 1}"
stats_5263,USR510PJ,Z76AeQ9y8wHkQzrWgdpjsgGrynVPbQsxLqLzg,2024-09-01,5850.0,1,0.0,5850.0,5850.0,5850.0,5850.0,"{""Finance"": 1}"
stats_5264,USR510PJ,Z76AeQ9y8wHkQzrWgdpjsgGrynVPbQsxLqLzg,2024-10-01,5850.0,1,0.0,5850.0,5850.0,5850.0,5850.0,"{""Finance"": 1}"
stats_5265,USR510PJ,Z76AeQ9y8wHkQzrWgdpjsgGrynVPbQsxLqLzg,2024-11-01,5850.0,1,0.0,5850.0,5850.0,5850.0,5850.0,"{""Finance"": 1}"
stats_5266,USR510PJ,Z76AeQ9y8wHkQzrWgdpjsgGrynVPbQsxLqLzg,2024-12-01,5850.0,1,0.0,5850.0,5850.0,5850.0,5850.0,"{""Finance"": 1}"
stats_5267,USR510PJ,Z76AeQ9y8wHkQzrWgdpjsgGrynVPbQsxLqLzg,2025-01-01,5850.0,1,0.0,5850.0,5850.0,5850.0,5850.0,"{""Finance"": 1}"
stats_5268,USR510PJ,Z76AeQ9y8wHkQzrWgdpjsgGrynVPbQsxLqLzg,2025-02-01,5850.0,1,0.0,5850.0,5850.0,5850.0,5850.0,"{""Finance"": 1}"
stats_5269,USR510PJ,Z76AeQ9y8wHkQzrWgdpjsgGrynVPbQsxLqLzg,2025-03-01,5850.0,1,0.0,5850.0,5850.0,5850.0,5850.0,"{""Finance"": 1}"
stats_5270,USR510PJ,Z76AeQ9y8wHkQzrWgdpjsgGrynVPbQsxLqLzg,2025-04-01,5850.0,1,0.0,5850.0,5850.0,5850.0,5850.0,"{""Finance"": 1}"
stats_5271,USR510PJ,Z76AeQ9y8wHkQzrWgdpjsgGrynVPbQsxLqLzg,2025-05-01,5850.0,1,0.0,5850.0,5850.0,5850.0,5850.0,"{""Finance"": 1}"
stats_5272,USR510PJ,Z76AeQ9y8wHkQzrWgdpjsgGrynVPbQsxLqLzg,2025-06-01,5850.0,1,0.0,5850.0,5850.0,5850.0,5850.0,"{""Finance"": 1}"
stats_5273,USR510PJ,Z76AeQ9y8wHkQzrWgdpjsgGrynVPbQsxLqLzg,2025-07-01,5850.0,1,0.0,5850.0,5850.0,5850.0,5850.0,"{""Finance"": 1}"
stats_5274,USR510PJ,Z76AeQ9y8wHkQzrWgdpjsgGrynVPbQsxLqLzg,2025-08-01,5850.0,1,0.0,5850.0,5850.0,5850.0,5850.0,"{""Finance"": 1}"
stats_5275,USR510PJ,Z76AeQ9y8wHkQzrWgdpjsgGrynVPbQsxLqLzg,2025-09-01,5850.0,1,0.0,5850.0,5850.0,5850.0,5850.0,"{""Finance"": 1}"
stats_5276,USR888gq,oQ8pdvvMJmH5zbnGEJ39hNjopRpnNri19KZ1l,2023-10-01,-388.87,5,-500.0,111.13,-77.77,89.4,-500.0,"{""Food and Dining"": 2, ""Transportation"": 2, ""Groceries"": 1}"
stats_5277,USR888gq,oQ8pdvvMJmH5zbnGEJ39hNjopRpnNri19KZ1l,2023-11-01,-382.54,6,-500.0,117.46,-63.76,89.4,-500.0,"{""Transportation"": 3, ""Food and Dining"": 2, ""Groceries"": 1}"
stats_5278,USR888gq,oQ8pdvvMJmH5zbnGEJ39hNjopRpnNri19KZ1l,2023-12-01,-382.54,6,-500.0,117.46,-63.76,89.4,-500.0,"{""Transportation"": 3, ""Food and Dining"": 2, ""Groceries"": 1}"
stats_5279,USR888gq,oQ8pdvvMJmH5zbnGEJ39hNjopRpnNri19KZ1l,2024-01-01,-382.54,6,-500.0,117.46,-63.76,89.4,-500.0,"{""Transportation"": 3, ""Food and Dining"": 2, ""Groceries"": 1}"
stats_5280,USR888gq,oQ8pdvvMJmH5zbnGEJ39hNjopRpnNri19KZ1l,2024-02-01,-382.54,6,-500.0,117.46,-63.76,89.4,-500.0,"{""Transportation"": 3, ""Food and Dining"": 2, ""Groceries"": 1}"
stats_5281,USR888gq,oQ8pdvvMJmH5zbnGEJ39hNjopRpnNri19KZ1l,2024-03-01,-382.54,6,-500.0,117.46,-63.76,89.4,-500.0,"{""Transportation"": 3, ""Food and Dining"": 2, ""Groceries"": 1}"
stats_5282,USR888gq,oQ8pdvvMJmH5zbnGEJ39hNjopRpnNri19KZ1l,2024-04-01,-382.54,6,-500.0,117.46,-63.76,89.4,-500.0,"{""Transportation"": 3, ""Food and Dining"": 2, ""Groceries"": 1}"
stats_5283,USR888gq,oQ8pdvvMJmH5zbnGEJ39hNjopRpnNri19KZ1l,2024-05-01,-382.54,6,-500.0,117.46,-63.76,89.4,-500.0,"{""Transportation"": 3, ""Food and Dining"": 2, ""Groceries"": 1}"
stats_5284,USR888gq,oQ8pdvvMJmH5zbnGEJ39hNjopRpnNri19KZ1l,2024-06-01,-382.54,6,-500.0,117.46,-63.76,89.4,-500.0,"{""Transportation"": 3, ""Food and Dining"": 2, ""Groceries"": 1}"
stats_5285,USR888gq,oQ8pdvvMJmH5zbnGEJ39hNjopRpnNri19KZ1l,2024-07-01,-382.54,6,-500.0,117.46,-63.76,89.4,-500.0,"{""Transportation"": 3, ""Food and Dining"": 2, ""Groceries"": 1}"
stats_5286,USR888gq,oQ8pdvvMJmH5zbnGEJ39hNjopRpnNri19KZ1l,2024-08-01,-382.54,6,-500.0,117.46,-63.76,89.4,-500.0,"{""Transportation"": 3, ""Food and Dining"": 2, ""Groceries"": 1}"
stats_5287,USR888gq,oQ8pdvvMJmH5zbnGEJ39hNjopRpnNri19KZ1l,2024-09-01,-382.54,6,-500.0,117.46,-63.76,89.4,-500.0,"{""Transportation"": 3, ""Food and Dining"": 2, ""Groceries"": 1}"
stats_5288,USR888gq,oQ8pdvvMJmH5zbnGEJ39hNjopRpnNri19KZ1l,2024-10-01,-382.54,6,-500.0,117.46,-63.76,89.4,-500.0,"{""Transportation"": 3, ""Food and Dining"": 2, ""Groceries"": 1}"
stats_5289,USR888gq,oQ8pdvvMJmH5zbnGEJ39hNjopRpnNri19KZ1l,2024-11-01,-382.54,6,-500.0,117.46,-63.76,89.4,-500.0,"{""Transportation"": 3, ""Food and Dining"": 2, ""Groceries"": 1}"
stats_5290,USR888gq,oQ8pdvvMJmH5zbnGEJ39hNjopRpnNri19KZ1l,2024-12-01,-382.54,6,-500.0,117.46,-63.76,89.4,-500.0,"{""Transportation"": 3, ""Food and Dining"": 2, ""Groceries"": 1}"
stats_5291,USR888gq,oQ8pdvvMJmH5zbnGEJ39hNjopRpnNri19KZ1l,2025-01-01,-382.54,6,-500.0,117.46,-63.76,89.4,-500.0,"{""Transportation"": 3, ""Food and Dining"": 2, ""Groceries"": 1}"
stats_5292,USR888gq,oQ8pdvvMJmH5zbnGEJ39hNjopRpnNri19KZ1l,2025-02-01,-382.54,6,-500.0,117.46,-63.76,89.4,-500.0,"{""Transportation"": 3, ""Food and Dining"": 2, ""Groceries"": 1}"
stats_5293,USR888gq,oQ8pdvvMJmH5zbnGEJ39hNjopRpnNri19KZ1l,2025-03-01,-382.54,6,-500.0,117.46,-63.76,89.4,-500.0,"{""Transportation"": 3, ""Food and Dining"": 2, ""Groceries"": 1}"
stats_5294,USR888gq,oQ8pdvvMJmH5zbnGEJ39hNjopRpnNri19KZ1l,2025-04-01,-382.54,6,-500.0,117.46,-63.76,89.4,-500.0,"{""Transportation"": 3, ""Food and Dining"": 2, ""Groceries"": 1}"
stats_5295,USR888gq,oQ8pdvvMJmH5zbnGEJ39hNjopRpnNri19KZ1l,2025-05-01,-382.54,6,-500.0,117.46,-63.76,89.4,-500.0,"{""Transportation"": 3, ""Food and Dining"": 2, ""Groceries"": 1}"
stats_5296,USR888gq,oQ8pdvvMJmH5zbnGEJ39hNjopRpnNri19KZ1l,2025-06-01,-382.54,6,-500.0,117.46,-63.76,89.4,-500.0,"{""Transportation"": 3, ""Food and Dining"": 2, ""Groceries"": 1}"
stats_5297,USR888gq,oQ8pdvvMJmH5zbnGEJ39hNjopRpnNri19KZ1l,2025-07-01,-376.21,7,-500.0,123.79,-53.74,89.4,-500.0,"{""Transportation"": 4, ""Food and Dining"": 2, ""Groceries"": 1}"
stats_5298,USR888gq,oQ8pdvvMJmH5zbnGEJ39hNjopRpnNri19KZ1l,2025-08-01,-382.54,6,-500.0,117.46,-63.76,89.4,-500.0,"{""Transportation"": 3, ""Food and Dining"": 2, ""Groceries"": 1}"
stats_5299,USR888gq,oQ8pdvvMJmH5zbnGEJ39hNjopRpnNri19KZ1l,2025-09-01,-382.54,6,-500.0,117.46,-63.76,89.4,-500.0,"{""Transportation"": 3, ""Food and Dining"": 2, ""Groceries"": 1}"
stats_5300,USR888gq,oQ8pdvvMJmH5zbnGEJ39hNjopRpnNri19KZ1l,2025-10-01,89.4,1,0.0,89.4,89.4,89.4,89.4,"{""Groceries"": 1}"
stats_5301,USR594QR,gdQjloo4Paiq3wQEn19yHmGqdadkmbtPDM6Pb,2023-10-01,20.78,2,-4.22,25.0,10.39,25.0,25.0,"{""Finance"": 2}"
stats_5302,USR594QR,gdQjloo4Paiq3wQEn19yHmGqdadkmbtPDM6Pb,2023-11-01,20.78,2,-4.22,25.0,10.39,25.0,25.0,"{""Finance"": 2}"
stats_5303,USR594QR,gdQjloo4Paiq3wQEn19yHmGqdadkmbtPDM6Pb,2023-12-01,20.78,2,-4.22,25.0,10.39,25.0,25.0,"{""Finance"": 2}"
stats_5304,USR594QR,gdQjloo4Paiq3wQEn19yHmGqdadkmbtPDM6Pb,2024-01-01,20.78,2,-4.22,25.0,10.39,25.0,25.0,"{""Finance"": 2}"
stats_5305,USR594QR,gdQjloo4Paiq3wQEn19yHmGqdadkmbtPDM6Pb,2024-02-01,20.78,2,-4.22,25.0,10.39,25.0,25.0,"{""Finance"": 2}"
stats_5306,USR594QR,gdQjloo4Paiq3wQEn19yHmGqdadkmbtPDM6Pb,2024-03-01,20.78,2,-4.22,25.0,10.39,25.0,25.0,"{""Finance"": 2}"
stats_5307,USR594QR,gdQjloo4Paiq3wQEn19yHmGqdadkmbtPDM6Pb,2024-04-01,20.78,2,-4.22,25.0,10.39,25.0,25.0,"{""Finance"": 2}"
stats_5308,USR594QR,gdQjloo4Paiq3wQEn19yHmGqdadkmbtPDM6Pb,2024-05-01,20.78,2,-4.22,25.0,10.39,25.0,25.0,"{""Finance"": 2}"
stats_5309,USR594QR,gdQjloo4Paiq3wQEn19yHmGqdadkmbtPDM6Pb,2024-06-01,20.78,2,-4.22,25.0,10.39,25.0,25.0,"{""Finance"": 2}"
stats_5310,USR594QR,gdQjloo4Paiq3wQEn19yHmGqdadkmbtPDM6Pb,2024-07-01,20.78,2,-4.22,25.0,10.39,25.0,25.0,"{""Finance"": 2}"
stats_5311,USR594QR,gdQjloo4Paiq3wQEn19yHmGqdadkmbtPDM6Pb,2024-08-01,20.78,2,-4.22,25.0,10.39,25.0,25.0,"{""Finance"": 2}"
stats_5312,USR594QR,gdQjloo4Paiq3wQEn19yHmGqdadkmbtPDM6Pb,2024-09-01,20.78,2,-4.22,25.0,10.39,25.0,25.0,"{""Finance"": 2}"
stats_5313,USR594QR,gdQjloo4Paiq3wQEn19yHmGqdadkmbtPDM6Pb,2024-10-01,20.78,2,-4.22,25.0,10.39,25.0,25.0,"{""Finance"": 2}"
stats_5314,USR594QR,gdQjloo4Paiq3wQEn19yHmGqdadkmbtPDM6Pb,2024-11-01,20.78,2,-4.22,25.0,10.39,25.0,25.0,"{""Finance"": 2}"
stats_5315,USR594QR,gdQjloo4Paiq3wQEn19yHmGqdadkmbtPDM6Pb,2024-12-01,20.78,2,-4.22,25.0,10.39,25.0,25.0,"{""Finance"": 2}"
stats_5316,USR594QR,gdQjloo4Paiq3wQEn19yHmGqdadkmbtPDM6Pb,2025-01-01,20.78,2,-4.22,25.0,10.39,25.0,25.0,"{""Finance"": 2}"
stats_5317,USR594QR,gdQjloo4Paiq3wQEn19yHmGqdadkmbtPDM6Pb,2025-02-01,20.78,2,-4.22,25.0,10.39,25.0,25.0,"{""Finance"": 2}"
stats_5318,USR594QR,gdQjloo4Paiq3wQEn19yHmGqdadkmbtPDM6Pb,2025-03-01,20.78,2,-4.22,25.0,10.39,25.0,25.0,"{""Finance"": 2}"
stats_5319,USR594QR,gdQjloo4Paiq3wQEn19yHmGqdadkmbtPDM6Pb,2025-04-01,20.78,2,-4.22,25.0,10.39,25.0,25.0,"{""Finance"": 2}"
stats_5320,USR594QR,gdQjloo4Paiq3wQEn19yHmGqdadkmbtPDM6Pb,2025-05-01,20.78,2,-4.22,25.0,10.39,25.0,25.0,"{""Finance"": 2}"
stats_5321,USR594QR,gdQjloo4Paiq3wQEn19yHmGqdadkmbtPDM6Pb,2025-06-01,20.78,2,-4.22,25.0,10.39,25.0,25.0,"{""Finance"": 2}"
stats_5322,USR594QR,gdQjloo4Paiq3wQEn19yHmGqdadkmbtPDM6Pb,2025-07-01,20.78,2,-4.22,25.0,10.39,25.0,25.0,"{""Finance"": 2}"
stats_5323,USR594QR,gdQjloo4Paiq3wQEn19yHmGqdadkmbtPDM6Pb,2025-08-01,20.78,2,-4.22,25.0,10.39,25.0,25.0,"{""Finance"": 2}"
stats_5324,USR594QR,gdQjloo4Paiq3wQEn19yHmGqdadkmbtPDM6Pb,2025-09-01,20.78,2,-4.22,25.0,10.39,25.0,25.0,"{""Finance"": 2}"
stats_5325,USR594QR,gdQjloo4Paiq3wQEn19yHmGqdadkmbtPDM6Pb,2025-10-01,-4.22,1,-4.22,0.0,-4.22,-4.22,-4.22,"{""Finance"": 1}"
stats_5326,USR724hb,8AaBygglDjFVplbwJQXLIvbxG7GDveigarXgn,2023-10-01,1000.0,1,0.0,1000.0,1000.0,1000.0,1000.0,"{""Finance"": 1}"
stats_5327,USR724hb,8AaBygglDjFVplbwJQXLIvbxG7GDveigarXgn,2023-11-01,1000.0,1,0.0,1000.0,1000.0,1000.0,1000.0,"{""Finance"": 1}"
stats_5328,USR724hb,8AaBygglDjFVplbwJQXLIvbxG7GDveigarXgn,2023-12-01,1000.0,1,0.0,1000.0,1000.0,1000.0,1000.0,"{""Finance"": 1}"
stats_5329,USR724hb,8AaBygglDjFVplbwJQXLIvbxG7GDveigarXgn,2024-01-01,1000.0,1,0.0,1000.0,1000.0,1000.0,1000.0,"{""Finance"": 1}"
stats_5330,USR724hb,8AaBygglDjFVplbwJQXLIvbxG7GDveigarXgn,2024-02-01,1000.0,1,0.0,1000.0,1000.0,1000.0,1000.0,"{""Finance"": 1}"
stats_5331,USR724hb,8AaBygglDjFVplbwJQXLIvbxG7GDveigarXgn,2024-03-01,1000.0,1,0.0,1000.0,1000.0,1000.0,1000.0,"{""Finance"": 1}"
stats_5332,USR724hb,8AaBygglDjFVplbwJQXLIvbxG7GDveigarXgn,2024-04-01,1000.0,1,0.0,1000.0,1000.0,1000.0,1000.0,"{""Finance"": 1}"
stats_5333,USR724hb,8AaBygglDjFVplbwJQXLIvbxG7GDveigarXgn,2024-05-01,1000.0,1,0.0,1000.0,1000.0,1000.0,1000.0,"{""Finance"": 1}"
stats_5334,USR724hb,8AaBygglDjFVplbwJQXLIvbxG7GDveigarXgn,2024-06-01,1000.0,1,0.0,1000.0,1000.0,1000.0,1000.0,"{""Finance"": 1}"
stats_5335,USR724hb,8AaBygglDjFVplbwJQXLIvbxG7GDveigarXgn,2024-07-01,1000.0,1,0.0,1000.0,1000.0,1000.0,1000.0,"{""Finance"": 1}"
stats_5336,USR724hb,8AaBygglDjFVplbwJQXLIvbxG7GDveigarXgn,2024-08-01,1000.0,1,0.0,1000.0,1000.0,1000.0,1000.0,"{""Finance"": 1}"
stats_5337,USR724hb,8AaBygglDjFVplbwJQXLIvbxG7GDveigarXgn,2024-09-01,1000.0,1,0.0,1000.0,1000.0,1000.0,1000.0,"{""Finance"": 1}"
stats_5338,USR724hb,8AaBygglDjFVplbwJQXLIvbxG7GDveigarXgn,2024-10-01,1000.0,1,0.0,1000.0,1000.0,1000.0,1000.0,"{""Finance"": 1}"
stats_5339,USR724hb,8AaBygglDjFVplbwJQXLIvbxG7GDveigarXgn,2024-11-01,1000.0,1,0.0,1000.0,1000.0,1000.0,1000.0,"{""Finance"": 1}"
stats_5340,USR724hb,8AaBygglDjFVplbwJQXLIvbxG7GDveigarXgn,2024-12-01,1000.0,1,0.0,1000.0,1000.0,1000.0,1000.0,"{""Finance"": 1}"
stats_5341,USR724hb,8AaBygglDjFVplbwJQXLIvbxG7GDveigarXgn,2025-01-01,1000.0,1,0.0,1000.0,1000.0,1000.0,1000.0,"{""Finance"": 1}"
stats_5342,USR724hb,8AaBygglDjFVplbwJQXLIvbxG7GDveigarXgn,2025-02-01,1000.0,1,0.0,1000.0,1000.0,1000.0,1000.0,"{""Finance"": 1}"
stats_5343,USR724hb,8AaBygglDjFVplbwJQXLIvbxG7GDveigarXgn,2025-03-01,1000.0,1,0.0,1000.0,1000.0,1000.0,1000.0,"{""Finance"": 1}"
stats_5344,USR724hb,8AaBygglDjFVplbwJQXLIvbxG7GDveigarXgn,2025-04-01,1000.0,1,0.0,1000.0,1000.0,1000.0,1000.0,"{""Finance"": 1}"
stats_5345,USR724hb,8AaBygglDjFVplbwJQXLIvbxG7GDveigarXgn,2025-05-01,1000.0,1,0.0,1000.0,1000.0,1000.0,1000.0,"{""Finance"": 1}"
stats_5346,USR724hb,8AaBygglDjFVplbwJQXLIvbxG7GDveigarXgn,2025-06-01,1000.0,1,0.0,1000.0,1000.0,1000.0,1000.0,"{""Finance"": 1}"
stats_5347,USR724hb,8AaBygglDjFVplbwJQXLIvbxG7GDveigarXgn,2025-07-01,1000.0,1,0.0,1000.0,1000.0,1000.0,1000.0,"{""Finance"": 1}"
stats_5348,USR724hb,8AaBygglDjFVplbwJQXLIvbxG7GDveigarXgn,2025-08-01,1000.0,1,0.0,1000.0,1000.0,1000.0,1000.0,"{""Finance"": 1}"
stats_5349,USR724hb,8AaBygglDjFVplbwJQXLIvbxG7GDveigarXgn,2025-09-01,1000.0,1,0.0,1000.0,1000.0,1000.0,1000.0,"{""Finance"": 1}"
stats_5350,USR298fI,EboMlJJjwBuglj3kxZP7hqab939dqwUrQEBrB,2023-10-01,78.5,1,0.0,78.5,78.5,78.5,78.5,"{""Fitness"": 1}"
stats_5351,USR298fI,EboMlJJjwBuglj3kxZP7hqab939dqwUrQEBrB,2023-11-01,4157.0,6,0.0,4157.0,692.83,2078.5,2078.5,"{""Fitness"": 2, ""Finance"": 2, ""Food and Dining"": 1, ""Transportation"": 1}"
stats_5352,USR298fI,EboMlJJjwBuglj3kxZP7hqab939dqwUrQEBrB,2023-12-01,4157.0,6,0.0,4157.0,692.83,2078.5,2078.5,"{""Finance"": 2, ""Fitness"": 2, ""Food and Dining"": 1, ""Transportation"": 1}"
stats_5353,USR298fI,EboMlJJjwBuglj3kxZP7hqab939dqwUrQEBrB,2024-01-01,4157.0,6,0.0,4157.0,692.83,2078.5,2078.5,"{""Fitness"": 2, ""Finance"": 2, ""Food and Dining"": 1, ""Transportation"": 1}"
stats_5354,USR298fI,EboMlJJjwBuglj3kxZP7hqab939dqwUrQEBrB,2024-02-01,4157.0,6,0.0,4157.0,692.83,2078.5,2078.5,"{""Fitness"": 2, ""Finance"": 2, ""Food and Dining"": 1, ""Transportation"": 1}"
stats_5355,USR298fI,EboMlJJjwBuglj3kxZP7hqab939dqwUrQEBrB,2024-03-01,4157.0,6,0.0,4157.0,692.83,2078.5,2078.5,"{""Fitness"": 2, ""Finance"": 2, ""Food and Dining"": 1, ""Transportation"": 1}"
stats_5356,USR298fI,EboMlJJjwBuglj3kxZP7hqab939dqwUrQEBrB,2024-04-01,4157.0,6,0.0,4157.0,692.83,2078.5,2078.5,"{""Fitness"": 2, ""Finance"": 2, ""Food and Dining"": 1, ""Transportation"": 1}"
stats_5357,USR298fI,EboMlJJjwBuglj3kxZP7hqab939dqwUrQEBrB,2024-05-01,4157.0,6,0.0,4157.0,692.83,2078.5,2078.5,"{""Fitness"": 2, ""Finance"": 2, ""Food and Dining"": 1, ""Transportation"": 1}"
stats_5358,USR298fI,EboMlJJjwBuglj3kxZP7hqab939dqwUrQEBrB,2024-06-01,4157.0,6,0.0,4157.0,692.83,2078.5,2078.5,"{""Finance"": 2, ""Fitness"": 2, ""Food and Dining"": 1, ""Transportation"": 1}"
stats_5359,USR298fI,EboMlJJjwBuglj3kxZP7hqab939dqwUrQEBrB,2024-07-01,4157.0,6,0.0,4157.0,692.83,2078.5,2078.5,"{""Finance"": 2, ""Fitness"": 2, ""Food and Dining"": 1, ""Transportation"": 1}"
stats_5360,USR298fI,EboMlJJjwBuglj3kxZP7hqab939dqwUrQEBrB,2024-08-01,7235.5,9,0.0,7235.5,803.94,2078.5,2078.5,"{""Finance"": 3, ""Fitness"": 3, ""Food and Dining"": 2, ""Transportation"": 1}"
stats_5361,USR298fI,EboMlJJjwBuglj3kxZP7hqab939dqwUrQEBrB,2024-09-01,4157.0,6,0.0,4157.0,692.83,2078.5,2078.5,"{""Finance"": 2, ""Fitness"": 2, ""Transportation"": 1, ""Food and Dining"": 1}"
stats_5362,USR298fI,EboMlJJjwBuglj3kxZP7hqab939dqwUrQEBrB,2024-10-01,4657.0,7,0.0,4657.0,665.29,2078.5,2078.5,"{""Finance"": 3, ""Fitness"": 2, ""Transportation"": 1, ""Food and Dining"": 1}"
stats_5363,USR298fI,EboMlJJjwBuglj3kxZP7hqab939dqwUrQEBrB,2024-11-01,4157.0,6,0.0,4157.0,692.83,2078.5,2078.5,"{""Fitness"": 2, ""Finance"": 2, ""Transportation"": 1, ""Food and Dining"": 1}"
stats_5364,USR298fI,EboMlJJjwBuglj3kxZP7hqab939dqwUrQEBrB,2024-12-01,4157.0,6,0.0,4157.0,692.83,2078.5,2078.5,"{""Fitness"": 2, ""Finance"": 2, ""Transportation"": 1, ""Food and Dining"": 1}"
stats_5365,USR298fI,EboMlJJjwBuglj3kxZP7hqab939dqwUrQEBrB,2025-01-01,4157.0,6,0.0,4157.0,692.83,2078.5,2078.5,"{""Fitness"": 2, ""Finance"": 2, ""Transportation"": 1, ""Food and Dining"": 1}"
stats_5366,USR298fI,EboMlJJjwBuglj3kxZP7hqab939dqwUrQEBrB,2025-02-01,4157.0,6,0.0,4157.0,692.83,2078.5,2078.5,"{""Fitness"": 2, ""Finance"": 2, ""Transportation"": 1, ""Food and Dining"": 1}"
stats_5367,USR298fI,EboMlJJjwBuglj3kxZP7hqab939dqwUrQEBrB,2025-03-01,4157.0,6,0.0,4157.0,692.83,2078.5,2078.5,"{""Fitness"": 2, ""Finance"": 2, ""Transportation"": 1, ""Food and Dining"": 1}"
stats_5368,USR298fI,EboMlJJjwBuglj3kxZP7hqab939dqwUrQEBrB,2025-04-01,4157.0,6,0.0,4157.0,692.83,2078.5,2078.5,"{""Fitness"": 2, ""Finance"": 2, ""Transportation"": 1, ""Food and Dining"": 1}"
stats_5369,USR298fI,EboMlJJjwBuglj3kxZP7hqab939dqwUrQEBrB,2025-05-01,4157.0,6,0.0,4157.0,692.83,2078.5,2078.5,"{""Fitness"": 2, ""Finance"": 2, ""Transportation"": 1, ""Food and Dining"": 1}"
stats_5370,USR298fI,EboMlJJjwBuglj3kxZP7hqab939dqwUrQEBrB,2025-06-01,4157.0,6,0.0,4157.0,692.83,2078.5,2078.5,"{""Fitness"": 2, ""Finance"": 2, ""Transportation"": 1, ""Food and Dining"": 1}"
stats_5371,USR298fI,EboMlJJjwBuglj3kxZP7hqab939dqwUrQEBrB,2025-07-01,4157.0,6,0.0,4157.0,692.83,2078.5,2078.5,"{""Fitness"": 2, ""Finance"": 2, ""Transportation"": 1, ""Food and Dining"": 1}"
stats_5372,USR298fI,EboMlJJjwBuglj3kxZP7hqab939dqwUrQEBrB,2025-08-01,4157.0,6,0.0,4157.0,692.83,2078.5,2078.5,"{""Fitness"": 2, ""Finance"": 2, ""Transportation"": 1, ""Food and Dining"": 1}"
stats_5373,USR298fI,EboMlJJjwBuglj3kxZP7hqab939dqwUrQEBrB,2025-09-01,4157.0,6,0.0,4157.0,692.83,2078.5,2078.5,"{""Fitness"": 2, ""Finance"": 2, ""Transportation"": 1, ""Food and Dining"": 1}"
stats_5374,USR298fI,EboMlJJjwBuglj3kxZP7hqab939dqwUrQEBrB,2025-10-01,500.0,1,0.0,500.0,500.0,500.0,500.0,"{""Transportation"": 1}"
stats_5375,USR365gu,WVl6q33mLyCzgdykxeL8c1K4gxga1dIXM4bX9,2023-10-01,5850.0,1,0.0,5850.0,5850.0,5850.0,5850.0,"{""Finance"": 1}"
stats_5376,USR365gu,WVl6q33mLyCzgdykxeL8c1K4gxga1dIXM4bX9,2023-11-01,5850.0,1,0.0,5850.0,5850.0,5850.0,5850.0,"{""Finance"": 1}"
stats_5377,USR365gu,WVl6q33mLyCzgdykxeL8c1K4gxga1dIXM4bX9,2023-12-01,5850.0,1,0.0,5850.0,5850.0,5850.0,5850.0,"{""Finance"": 1}"
stats_5378,USR365gu,WVl6q33mLyCzgdykxeL8c1K4gxga1dIXM4bX9,2024-01-01,5850.0,1,0.0,5850.0,5850.0,5850.0,5850.0,"{""Finance"": 1}"
stats_5379,USR365gu,WVl6q33mLyCzgdykxeL8c1K4gxga1dIXM4bX9,2024-02-01,5850.0,1,0.0,5850.0,5850.0,5850.0,5850.0,"{""Finance"": 1}"
stats_5380,USR365gu,WVl6q33mLyCzgdykxeL8c1K4gxga1dIXM4bX9,2024-03-01,5850.0,1,0.0,5850.0,5850.0,5850.0,5850.0,"{""Finance"": 1}"
stats_5381,USR365gu,WVl6q33mLyCzgdykxeL8c1K4gxga1dIXM4bX9,2024-04-01,5850.0,1,0.0,5850.0,5850.0,5850.0,5850.0,"{""Finance"": 1}"
stats_5382,USR365gu,WVl6q33mLyCzgdykxeL8c1K4gxga1dIXM4bX9,2024-05-01,5850.0,1,0.0,5850.0,5850.0,5850.0,5850.0,"{""Finance"": 1}"
stats_5383,USR365gu,WVl6q33mLyCzgdykxeL8c1K4gxga1dIXM4bX9,2024-06-01,5850.0,1,0.0,5850.0,5850.0,5850.0,5850.0,"{""Finance"": 1}"
stats_5384,USR365gu,WVl6q33mLyCzgdykxeL8c1K4gxga1dIXM4bX9,2024-07-01,5850.0,1,0.0,5850.0,5850.0,5850.0,5850.0,"{""Finance"": 1}"
stats_5385,USR365gu,WVl6q33mLyCzgdykxeL8c1K4gxga1dIXM4bX9,2024-08-01,5850.0,1,0.0,5850.0,5850.0,5850.0,5850.0,"{""Finance"": 1}"
stats_5386,USR365gu,WVl6q33mLyCzgdykxeL8c1K4gxga1dIXM4bX9,2024-09-01,5850.0,1,0.0,5850.0,5850.0,5850.0,5850.0,"{""Finance"": 1}"
stats_5387,USR365gu,WVl6q33mLyCzgdykxeL8c1K4gxga1dIXM4bX9,2024-10-01,5850.0,1,0.0,5850.0,5850.0,5850.0,5850.0,"{""Finance"": 1}"
stats_5388,USR365gu,WVl6q33mLyCzgdykxeL8c1K4gxga1dIXM4bX9,2024-11-01,5850.0,1,0.0,5850.0,5850.0,5850.0,5850.0,"{""Finance"": 1}"
stats_5389,USR365gu,WVl6q33mLyCzgdykxeL8c1K4gxga1dIXM4bX9,2024-12-01,5850.0,1,0.0,5850.0,5850.0,5850.0,5850.0,"{""Finance"": 1}"
stats_5390,USR365gu,WVl6q33mLyCzgdykxeL8c1K4gxga1dIXM4bX9,2025-01-01,5850.0,1,0.0,5850.0,5850.0,5850.0,5850.0,"{""Finance"": 1}"
stats_5391,USR365gu,WVl6q33mLyCzgdykxeL8c1K4gxga1dIXM4bX9,2025-02-01,5850.0,1,0.0,5850.0,5850.0,5850.0,5850.0,"{""Finance"": 1}"
stats_5392,USR365gu,WVl6q33mLyCzgdykxeL8c1K4gxga1dIXM4bX9,2025-03-01,5850.0,1,0.0,5850.0,5850.0,5850.0,5850.0,"{""Finance"": 1}"
stats_5393,USR365gu,WVl6q33mLyCzgdykxeL8c1K4gxga1dIXM4bX9,2025-04-01,5850.0,1,0.0,5850.0,5850.0,5850.0,5850.0,"{""Finance"": 1}"
stats_5394,USR365gu,WVl6q33mLyCzgdykxeL8c1K4gxga1dIXM4bX9,2025-05-01,5850.0,1,0.0,5850.0,5850.0,5850.0,5850.0,"{""Finance"": 1}"
stats_5395,USR365gu,WVl6q33mLyCzgdykxeL8c1K4gxga1dIXM4bX9,2025-06-01,5850.0,1,0.0,5850.0,5850.0,5850.0,5850.0,"{""Finance"": 1}"
stats_5396,USR365gu,WVl6q33mLyCzgdykxeL8c1K4gxga1dIXM4bX9,2025-07-01,5850.0,1,0.0,5850.0,5850.0,5850.0,5850.0,"{""Finance"": 1}"
stats_5397,USR365gu,WVl6q33mLyCzgdykxeL8c1K4gxga1dIXM4bX9,2025-08-01,5850.0,1,0.0,5850.0,5850.0,5850.0,5850.0,"{""Finance"": 1}"
stats_5398,USR365gu,WVl6q33mLyCzgdykxeL8c1K4gxga1dIXM4bX9,2025-09-01,5850.0,1,0.0,5850.0,5850.0,5850.0,5850.0,"{""Finance"": 1}"
stats_5399,USR174bk,qKlp7jRgaMimKK6Pzvw4HBEbNBvQLjigzbe5r,2023-10-01,-388.87,5,-500.0,111.13,-77.77,89.4,-500.0,"{""Food and Dining"": 2, ""Transportation"": 2, ""Groceries"": 1}"
stats_5400,USR174bk,qKlp7jRgaMimKK6Pzvw4HBEbNBvQLjigzbe5r,2023-11-01,-382.54,6,-500.0,117.46,-63.76,89.4,-500.0,"{""Transportation"": 3, ""Food and Dining"": 2, ""Groceries"": 1}"
stats_5401,USR174bk,qKlp7jRgaMimKK6Pzvw4HBEbNBvQLjigzbe5r,2023-12-01,-382.54,6,-500.0,117.46,-63.76,89.4,-500.0,"{""Transportation"": 3, ""Food and Dining"": 2, ""Groceries"": 1}"
stats_5402,USR174bk,qKlp7jRgaMimKK6Pzvw4HBEbNBvQLjigzbe5r,2024-01-01,-382.54,6,-500.0,117.46,-63.76,89.4,-500.0,"{""Transportation"": 3, ""Food and Dining"": 2, ""Groceries"": 1}"
stats_5403,USR174bk,qKlp7jRgaMimKK6Pzvw4HBEbNBvQLjigzbe5r,2024-02-01,-382.54,6,-500.0,117.46,-63.76,89.4,-500.0,"{""Transportation"": 3, ""Food and Dining"": 2, ""Groceries"": 1}"
stats_5404,USR174bk,qKlp7jRgaMimKK6Pzvw4HBEbNBvQLjigzbe5r,2024-03-01,-382.54,6,-500.0,117.46,-63.76,89.4,-500.0,"{""Transportation"": 3, ""Food and Dining"": 2, ""Groceries"": 1}"
stats_5405,USR174bk,qKlp7jRgaMimKK6Pzvw4HBEbNBvQLjigzbe5r,2024-04-01,-382.54,6,-500.0,117.46,-63.76,89.4,-500.0,"{""Transportation"": 3, ""Food and Dining"": 2, ""Groceries"": 1}"
stats_5406,USR174bk,qKlp7jRgaMimKK6Pzvw4HBEbNBvQLjigzbe5r,2024-05-01,-382.54,6,-500.0,117.46,-63.76,89.4,-500.0,"{""Transportation"": 3, ""Food and Dining"": 2, ""Groceries"": 1}"
stats_5407,USR174bk,qKlp7jRgaMimKK6Pzvw4HBEbNBvQLjigzbe5r,2024-06-01,-382.54,6,-500.0,117.46,-63.76,89.4,-500.0,"{""Transportation"": 3, ""Food and Dining"": 2, ""Groceries"": 1}"
stats_5408,USR174bk,qKlp7jRgaMimKK6Pzvw4HBEbNBvQLjigzbe5r,2024-07-01,-382.54,6,-500.0,117.46,-63.76,89.4,-500.0,"{""Transportation"": 3, ""Food and Dining"": 2, ""Groceries"": 1}"
stats_5409,USR174bk,qKlp7jRgaMimKK6Pzvw4HBEbNBvQLjigzbe5r,2024-08-01,-382.54,6,-500.0,117.46,-63.76,89.4,-500.0,"{""Transportation"": 3, ""Food and Dining"": 2, ""Groceries"": 1}"
stats_5410,USR174bk,qKlp7jRgaMimKK6Pzvw4HBEbNBvQLjigzbe5r,2024-09-01,-382.54,6,-500.0,117.46,-63.76,89.4,-500.0,"{""Transportation"": 3, ""Food and Dining"": 2, ""Groceries"": 1}"
stats_5411,USR174bk,qKlp7jRgaMimKK6Pzvw4HBEbNBvQLjigzbe5r,2024-10-01,-382.54,6,-500.0,117.46,-63.76,89.4,-500.0,"{""Transportation"": 3, ""Food and Dining"": 2, ""Groceries"": 1}"
stats_5412,USR174bk,qKlp7jRgaMimKK6Pzvw4HBEbNBvQLjigzbe5r,2024-11-01,-382.54,6,-500.0,117.46,-63.76,89.4,-500.0,"{""Transportation"": 3, ""Food and Dining"": 2, ""Groceries"": 1}"
stats_5413,USR174bk,qKlp7jRgaMimKK6Pzvw4HBEbNBvQLjigzbe5r,2024-12-01,-382.54,6,-500.0,117.46,-63.76,89.4,-500.0,"{""Transportation"": 3, ""Food and Dining"": 2, ""Groceries"": 1}"
stats_5414,USR174bk,qKlp7jRgaMimKK6Pzvw4HBEbNBvQLjigzbe5r,2025-01-01,-382.54,6,-500.0,117.46,-63.76,89.4,-500.0,"{""Transportation"": 3, ""Food and Dining"": 2, ""Groceries"": 1}"
stats_5415,USR174bk,qKlp7jRgaMimKK6Pzvw4HBEbNBvQLjigzbe5r,2025-02-01,-382.54,6,-500.0,117.46,-63.76,89.4,-500.0,"{""Transportation"": 3, ""Food and Dining"": 2, ""Groceries"": 1}"
stats_5416,USR174bk,qKlp7jRgaMimKK6Pzvw4HBEbNBvQLjigzbe5r,2025-03-01,-382.54,6,-500.0,117.46,-63.76,89.4,-500.0,"{""Transportation"": 3, ""Food and Dining"": 2, ""Groceries"": 1}"
stats_5417,USR174bk,qKlp7jRgaMimKK6Pzvw4HBEbNBvQLjigzbe5r,2025-04-01,-382.54,6,-500.0,117.46,-63.76,89.4,-500.0,"{""Transportation"": 3, ""Food and Dining"": 2, ""Groceries"": 1}"
stats_5418,USR174bk,qKlp7jRgaMimKK6Pzvw4HBEbNBvQLjigzbe5r,2025-05-01,-382.54,6,-500.0,117.46,-63.76,89.4,-500.0,"{""Transportation"": 3, ""Food and Dining"": 2, ""Groceries"": 1}"
stats_5419,USR174bk,qKlp7jRgaMimKK6Pzvw4HBEbNBvQLjigzbe5r,2025-06-01,-382.54,6,-500.0,117.46,-63.76,89.4,-500.0,"{""Transportation"": 3, ""Food and Dining"": 2, ""Groceries"": 1}"
stats_5420,USR174bk,qKlp7jRgaMimKK6Pzvw4HBEbNBvQLjigzbe5r,2025-07-01,-376.21,7,-500.0,123.79,-53.74,89.4,-500.0,"{""Transportation"": 4, ""Food and Dining"": 2, ""Groceries"": 1}"
stats_5421,USR174bk,qKlp7jRgaMimKK6Pzvw4HBEbNBvQLjigzbe5r,2025-08-01,-382.54,6,-500.0,117.46,-63.76,89.4,-500.0,"{""Transportation"": 3, ""Food and Dining"": 2, ""Groceries"": 1}"
stats_5422,USR174bk,qKlp7jRgaMimKK6Pzvw4HBEbNBvQLjigzbe5r,2025-09-01,-382.54,6,-500.0,117.46,-63.76,89.4,-500.0,"{""Transportation"": 3, ""Food and Dining"": 2, ""Groceries"": 1}"
stats_5423,USR174bk,qKlp7jRgaMimKK6Pzvw4HBEbNBvQLjigzbe5r,2025-10-01,89.4,1,0.0,89.4,89.4,89.4,89.4,"{""Groceries"": 1}"
stats_5424,USR673Ud,KbR9MVn8r6SK33WNGVjLIx6oMxlNXGFRxwljX,2023-10-01,20.78,2,-4.22,25.0,10.39,25.0,25.0,"{""Finance"": 2}"
stats_5425,USR673Ud,KbR9MVn8r6SK33WNGVjLIx6oMxlNXGFRxwljX,2023-11-01,20.78,2,-4.22,25.0,10.39,25.0,25.0,"{""Finance"": 2}"
stats_5426,USR673Ud,KbR9MVn8r6SK33WNGVjLIx6oMxlNXGFRxwljX,2023-12-01,20.78,2,-4.22,25.0,10.39,25.0,25.0,"{""Finance"": 2}"
stats_5427,USR673Ud,KbR9MVn8r6SK33WNGVjLIx6oMxlNXGFRxwljX,2024-01-01,20.78,2,-4.22,25.0,10.39,25.0,25.0,"{""Finance"": 2}"
stats_5428,USR673Ud,KbR9MVn8r6SK33WNGVjLIx6oMxlNXGFRxwljX,2024-02-01,20.78,2,-4.22,25.0,10.39,25.0,25.0,"{""Finance"": 2}"
stats_5429,USR673Ud,KbR9MVn8r6SK33WNGVjLIx6oMxlNXGFRxwljX,2024-03-01,20.78,2,-4.22,25.0,10.39,25.0,25.0,"{""Finance"": 2}"
stats_5430,USR673Ud,KbR9MVn8r6SK33WNGVjLIx6oMxlNXGFRxwljX,2024-04-01,20.78,2,-4.22,25.0,10.39,25.0,25.0,"{""Finance"": 2}"
stats_5431,USR673Ud,KbR9MVn8r6SK33WNGVjLIx6oMxlNXGFRxwljX,2024-05-01,20.78,2,-4.22,25.0,10.39,25.0,25.0,"{""Finance"": 2}"
stats_5432,USR673Ud,KbR9MVn8r6SK33WNGVjLIx6oMxlNXGFRxwljX,2024-06-01,20.78,2,-4.22,25.0,10.39,25.0,25.0,"{""Finance"": 2}"
stats_5433,USR673Ud,KbR9MVn8r6SK33WNGVjLIx6oMxlNXGFRxwljX,2024-07-01,20.78,2,-4.22,25.0,10.39,25.0,25.0,"{""Finance"": 2}"
stats_5434,USR673Ud,KbR9MVn8r6SK33WNGVjLIx6oMxlNXGFRxwljX,2024-08-01,20.78,2,-4.22,25.0,10.39,25.0,25.0,"{""Finance"": 2}"
stats_5435,USR673Ud,KbR9MVn8r6SK33WNGVjLIx6oMxlNXGFRxwljX,2024-09-01,20.78,2,-4.22,25.0,10.39,25.0,25.0,"{""Finance"": 2}"
stats_5436,USR673Ud,KbR9MVn8r6SK33WNGVjLIx6oMxlNXGFRxwljX,2024-10-01,20.78,2,-4.22,25.0,10.39,25.0,25.0,"{""Finance"": 2}"
stats_5437,USR673Ud,KbR9MVn8r6SK33WNGVjLIx6oMxlNXGFRxwljX,2024-11-01,20.78,2,-4.22,25.0,10.39,25.0,25.0,"{""Finance"": 2}"
stats_5438,USR673Ud,KbR9MVn8r6SK33WNGVjLIx6oMxlNXGFRxwljX,2024-12-01,20.78,2,-4.22,25.0,10.39,25.0,25.0,"{""Finance"": 2}"
stats_5439,USR673Ud,KbR9MVn8r6SK33WNGVjLIx6oMxlNXGFRxwljX,2025-01-01,20.78,2,-4.22,25.0,10.39,25.0,25.0,"{""Finance"": 2}"
stats_5440,USR673Ud,KbR9MVn8r6SK33WNGVjLIx6oMxlNXGFRxwljX,2025-02-01,20.78,2,-4.22,25.0,10.39,25.0,25.0,"{""Finance"": 2}"
stats_5441,USR673Ud,KbR9MVn8r6SK33WNGVjLIx6oMxlNXGFRxwljX,2025-03-01,20.78,2,-4.22,25.0,10.39,25.0,25.0,"{""Finance"": 2}"
stats_5442,USR673Ud,KbR9MVn8r6SK33WNGVjLIx6oMxlNXGFRxwljX,2025-04-01,20.78,2,-4.22,25.0,10.39,25.0,25.0,"{""Finance"": 2}"
stats_5443,USR673Ud,KbR9MVn8r6SK33WNGVjLIx6oMxlNXGFRxwljX,2025-05-01,20.78,2,-4.22,25.0,10.39,25.0,25.0,"{""Finance"": 2}"
stats_5444,USR673Ud,KbR9MVn8r6SK33WNGVjLIx6oMxlNXGFRxwljX,2025-06-01,20.78,2,-4.22,25.0,10.39,25.0,25.0,"{""Finance"": 2}"
stats_5445,USR673Ud,KbR9MVn8r6SK33WNGVjLIx6oMxlNXGFRxwljX,2025-07-01,20.78,2,-4.22,25.0,10.39,25.0,25.0,"{""Finance"": 2}"
stats_5446,USR673Ud,KbR9MVn8r6SK33WNGVjLIx6oMxlNXGFRxwljX,2025-08-01,20.78,2,-4.22,25.0,10.39,25.0,25.0,"{""Finance"": 2}"
stats_5447,USR673Ud,KbR9MVn8r6SK33WNGVjLIx6oMxlNXGFRxwljX,2025-09-01,20.78,2,-4.22,25.0,10.39,25.0,25.0,"{""Finance"": 2}"
stats_5448,USR673Ud,KbR9MVn8r6SK33WNGVjLIx6oMxlNXGFRxwljX,2025-10-01,-4.22,1,-4.22,0.0,-4.22,-4.22,-4.22,"{""Finance"": 1}"
stats_5449,USR554bC,rrqye5J841UgrrmPMVEoSgQxagWABlC7eKrXe,2023-10-01,1000.0,1,0.0,1000.0,1000.0,1000.0,1000.0,"{""Finance"": 1}"
stats_5450,USR554bC,rrqye5J841UgrrmPMVEoSgQxagWABlC7eKrXe,2023-11-01,1000.0,1,0.0,1000.0,1000.0,1000.0,1000.0,"{""Finance"": 1}"
stats_5451,USR554bC,rrqye5J841UgrrmPMVEoSgQxagWABlC7eKrXe,2023-12-01,1000.0,1,0.0,1000.0,1000.0,1000.0,1000.0,"{""Finance"": 1}"
stats_5452,USR554bC,rrqye5J841UgrrmPMVEoSgQxagWABlC7eKrXe,2024-01-01,1000.0,1,0.0,1000.0,1000.0,1000.0,1000.0,"{""Finance"": 1}"
stats_5453,USR554bC,rrqye5J841UgrrmPMVEoSgQxagWABlC7eKrXe,2024-02-01,1000.0,1,0.0,1000.0,1000.0,1000.0,1000.0,"{""Finance"": 1}"
stats_5454,USR554bC,rrqye5J841UgrrmPMVEoSgQxagWABlC7eKrXe,2024-03-01,1000.0,1,0.0,1000.0,1000.0,1000.0,1000.0,"{""Finance"": 1}"
stats_5455,USR554bC,rrqye5J841UgrrmPMVEoSgQxagWABlC7eKrXe,2024-04-01,1000.0,1,0.0,1000.0,1000.0,1000.0,1000.0,"{""Finance"": 1}"
stats_5456,USR554bC,rrqye5J841UgrrmPMVEoSgQxagWABlC7eKrXe,2024-05-01,1000.0,1,0.0,1000.0,1000.0,1000.0,1000.0,"{""Finance"": 1}"
stats_5457,USR554bC,rrqye5J841UgrrmPMVEoSgQxagWABlC7eKrXe,2024-06-01,1000.0,1,0.0,1000.0,1000.0,1000.0,1000.0,"{""Finance"": 1}"
stats_5458,USR554bC,rrqye5J841UgrrmPMVEoSgQxagWABlC7eKrXe,2024-07-01,1000.0,1,0.0,1000.0,1000.0,1000.0,1000.0,"{""Finance"": 1}"
stats_5459,USR554bC,rrqye5J841UgrrmPMVEoSgQxagWABlC7eKrXe,2024-08-01,1000.0,1,0.0,1000.0,1000.0,1000.0,1000.0,"{""Finance"": 1}"
stats_5460,USR554bC,rrqye5J841UgrrmPMVEoSgQxagWABlC7eKrXe,2024-09-01,1000.0,1,0.0,1000.0,1000.0,1000.0,1000.0,"{""Finance"": 1}"
stats_5461,USR554bC,rrqye5J841UgrrmPMVEoSgQxagWABlC7eKrXe,2024-10-01,1000.0,1,0.0,1000.0,1000.0,1000.0,1000.0,"{""Finance"": 1}"
stats_5462,USR554bC,rrqye5J841UgrrmPMVEoSgQxagWABlC7eKrXe,2024-11-01,1000.0,1,0.0,1000.0,1000.0,1000.0,1000.0,"{""Finance"": 1}"
stats_5463,USR554bC,rrqye5J841UgrrmPMVEoSgQxagWABlC7eKrXe,2024-12-01,1000.0,1,0.0,1000.0,1000.0,1000.0,1000.0,"{""Finance"": 1}"
stats_5464,USR554bC,rrqye5J841UgrrmPMVEoSgQxagWABlC7eKrXe,2025-01-01,1000.0,1,0.0,1000.0,1000.0,1000.0,1000.0,"{""Finance"": 1}"
stats_5465,USR554bC,rrqye5J841UgrrmPMVEoSgQxagWABlC7eKrXe,2025-02-01,1000.0,1,0.0,1000.0,1000.0,1000.0,1000.0,"{""Finance"": 1}"
stats_5466,USR554bC,rrqye5J841UgrrmPMVEoSgQxagWABlC7eKrXe,2025-03-01,1000.0,1,0.0,1000.0,1000.0,1000.0,1000.0,"{""Finance"": 1}"
stats_5467,USR554bC,rrqye5J841UgrrmPMVEoSgQxagWABlC7eKrXe,2025-04-01,1000.0,1,0.0,1000.0,1000.0,1000.0,1000.0,"{""Finance"": 1}"
stats_5468,USR554bC,rrqye5J841UgrrmPMVEoSgQxagWABlC7eKrXe,2025-05-01,1000.0,1,0.0,1000.0,1000.0,1000.0,1000.0,"{""Finance"": 1}"
stats_5469,USR554bC,rrqye5J841UgrrmPMVEoSgQxagWABlC7eKrXe,2025-06-01,1000.0,1,0.0,1000.0,1000.0,1000.0,1000.0,"{""Finance"": 1}"
stats_5470,USR554bC,rrqye5J841UgrrmPMVEoSgQxagWABlC7eKrXe,2025-07-01,1000.0,1,0.0,1000.0,1000.0,1000.0,1000.0,"{""Finance"": 1}"
stats_5471,USR554bC,rrqye5J841UgrrmPMVEoSgQxagWABlC7eKrXe,2025-08-01,1000.0,1,0.0,1000.0,1000.0,1000.0,1000.0,"{""Finance"": 1}"
stats_5472,USR554bC,rrqye5J841UgrrmPMVEoSgQxagWABlC7eKrXe,2025-09-01,1000.0,1,0.0,1000.0,1000.0,1000.0,1000.0,"{""Finance"": 1}"
stats_5473,USR530Nq,JnkRZbEgK6SJnnBNQyPxU35pb5BpK3UBD7lGL,2023-10-01,78.5,1,0.0,78.5,78.5,78.5,78.5,"{""Fitness"": 1}"
stats_5474,USR530Nq,JnkRZbEgK6SJnnBNQyPxU35pb5BpK3UBD7lGL,2023-11-01,4157.0,6,0.0,4157.0,692.83,2078.5,2078.5,"{""Fitness"": 2, ""Finance"": 2, ""Food and Dining"": 1, ""Transportation"": 1}"
stats_5475,USR530Nq,JnkRZbEgK6SJnnBNQyPxU35pb5BpK3UBD7lGL,2023-12-01,4157.0,6,0.0,4157.0,692.83,2078.5,2078.5,"{""Fitness"": 2, ""Finance"": 2, ""Food and Dining"": 1, ""Transportation"": 1}"
stats_5476,USR530Nq,JnkRZbEgK6SJnnBNQyPxU35pb5BpK3UBD7lGL,2024-01-01,4157.0,6,0.0,4157.0,692.83,2078.5,2078.5,"{""Fitness"": 2, ""Finance"": 2, ""Food and Dining"": 1, ""Transportation"": 1}"
stats_5477,USR530Nq,JnkRZbEgK6SJnnBNQyPxU35pb5BpK3UBD7lGL,2024-02-01,4157.0,6,0.0,4157.0,692.83,2078.5,2078.5,"{""Finance"": 2, ""Fitness"": 2, ""Food and Dining"": 1, ""Transportation"": 1}"
stats_5478,USR530Nq,JnkRZbEgK6SJnnBNQyPxU35pb5BpK3UBD7lGL,2024-03-01,4157.0,6,0.0,4157.0,692.83,2078.5,2078.5,"{""Fitness"": 2, ""Finance"": 2, ""Food and Dining"": 1, ""Transportation"": 1}"
stats_5479,USR530Nq,JnkRZbEgK6SJnnBNQyPxU35pb5BpK3UBD7lGL,2024-04-01,4157.0,6,0.0,4157.0,692.83,2078.5,2078.5,"{""Fitness"": 2, ""Finance"": 2, ""Food and Dining"": 1, ""Transportation"": 1}"
stats_5480,USR530Nq,JnkRZbEgK6SJnnBNQyPxU35pb5BpK3UBD7lGL,2024-05-01,4157.0,6,0.0,4157.0,692.83,2078.5,2078.5,"{""Fitness"": 2, ""Finance"": 2, ""Food and Dining"": 1, ""Transportation"": 1}"
stats_5481,USR530Nq,JnkRZbEgK6SJnnBNQyPxU35pb5BpK3UBD7lGL,2024-06-01,4157.0,6,0.0,4157.0,692.83,2078.5,2078.5,"{""Finance"": 2, ""Fitness"": 2, ""Food and Dining"": 1, ""Transportation"": 1}"
stats_5482,USR530Nq,JnkRZbEgK6SJnnBNQyPxU35pb5BpK3UBD7lGL,2024-07-01,4157.0,6,0.0,4157.0,692.83,2078.5,2078.5,"{""Finance"": 2, ""Fitness"": 2, ""Food and Dining"": 1, ""Transportation"": 1}"
stats_5483,USR530Nq,JnkRZbEgK6SJnnBNQyPxU35pb5BpK3UBD7lGL,2024-08-01,7235.5,9,0.0,7235.5,803.94,2078.5,2078.5,"{""Finance"": 3, ""Fitness"": 3, ""Food and Dining"": 2, ""Transportation"": 1}"
stats_5484,USR530Nq,JnkRZbEgK6SJnnBNQyPxU35pb5BpK3UBD7lGL,2024-09-01,4157.0,6,0.0,4157.0,692.83,2078.5,2078.5,"{""Finance"": 2, ""Fitness"": 2, ""Transportation"": 1, ""Food and Dining"": 1}"
stats_5485,USR530Nq,JnkRZbEgK6SJnnBNQyPxU35pb5BpK3UBD7lGL,2024-10-01,4657.0,7,0.0,4657.0,665.29,2078.5,2078.5,"{""Finance"": 3, ""Fitness"": 2, ""Transportation"": 1, ""Food and Dining"": 1}"
stats_5486,USR530Nq,JnkRZbEgK6SJnnBNQyPxU35pb5BpK3UBD7lGL,2024-11-01,4157.0,6,0.0,4157.0,692.83,2078.5,2078.5,"{""Fitness"": 2, ""Finance"": 2, ""Transportation"": 1, ""Food and Dining"": 1}"
stats_5487,USR530Nq,JnkRZbEgK6SJnnBNQyPxU35pb5BpK3UBD7lGL,2024-12-01,4157.0,6,0.0,4157.0,692.83,2078.5,2078.5,"{""Fitness"": 2, ""Finance"": 2, ""Transportation"": 1, ""Food and Dining"": 1}"
stats_5488,USR530Nq,JnkRZbEgK6SJnnBNQyPxU35pb5BpK3UBD7lGL,2025-01-01,4157.0,6,0.0,4157.0,692.83,2078.5,2078.5,"{""Fitness"": 2, ""Finance"": 2, ""Transportation"": 1, ""Food and Dining"": 1}"
stats_5489,USR530Nq,JnkRZbEgK6SJnnBNQyPxU35pb5BpK3UBD7lGL,2025-02-01,4157.0,6,0.0,4157.0,692.83,2078.5,2078.5,"{""Fitness"": 2, ""Finance"": 2, ""Transportation"": 1, ""Food and Dining"": 1}"
stats_5490,USR530Nq,JnkRZbEgK6SJnnBNQyPxU35pb5BpK3UBD7lGL,2025-03-01,4157.0,6,0.0,4157.0,692.83,2078.5,2078.5,"{""Fitness"": 2, ""Finance"": 2, ""Transportation"": 1, ""Food and Dining"": 1}"
stats_5491,USR530Nq,JnkRZbEgK6SJnnBNQyPxU35pb5BpK3UBD7lGL,2025-04-01,4157.0,6,0.0,4157.0,692.83,2078.5,2078.5,"{""Fitness"": 2, ""Finance"": 2, ""Transportation"": 1, ""Food and Dining"": 1}"
stats_5492,USR530Nq,JnkRZbEgK6SJnnBNQyPxU35pb5BpK3UBD7lGL,2025-05-01,4157.0,6,0.0,4157.0,692.83,2078.5,2078.5,"{""Fitness"": 2, ""Finance"": 2, ""Transportation"": 1, ""Food and Dining"": 1}"
stats_5493,USR530Nq,JnkRZbEgK6SJnnBNQyPxU35pb5BpK3UBD7lGL,2025-06-01,4157.0,6,0.0,4157.0,692.83,2078.5,2078.5,"{""Fitness"": 2, ""Finance"": 2, ""Transportation"": 1, ""Food and Dining"": 1}"
stats_5494,USR530Nq,JnkRZbEgK6SJnnBNQyPxU35pb5BpK3UBD7lGL,2025-07-01,4157.0,6,0.0,4157.0,692.83,2078.5,2078.5,"{""Fitness"": 2, ""Finance"": 2, ""Transportation"": 1, ""Food and Dining"": 1}"
stats_5495,USR530Nq,JnkRZbEgK6SJnnBNQyPxU35pb5BpK3UBD7lGL,2025-08-01,4157.0,6,0.0,4157.0,692.83,2078.5,2078.5,"{""Fitness"": 2, ""Finance"": 2, ""Transportation"": 1, ""Food and Dining"": 1}"
stats_5496,USR530Nq,JnkRZbEgK6SJnnBNQyPxU35pb5BpK3UBD7lGL,2025-09-01,4157.0,6,0.0,4157.0,692.83,2078.5,2078.5,"{""Fitness"": 2, ""Finance"": 2, ""Transportation"": 1, ""Food and Dining"": 1}"
stats_5497,USR530Nq,JnkRZbEgK6SJnnBNQyPxU35pb5BpK3UBD7lGL,2025-10-01,500.0,1,0.0,500.0,500.0,500.0,500.0,"{""Transportation"": 1}"
stats_5498,USR451il,knwjdmyZrPSaJJpk7vEAI49Eo9bER4CLlP43V,2023-10-01,5850.0,1,0.0,5850.0,5850.0,5850.0,5850.0,"{""Finance"": 1}"
stats_5499,USR451il,knwjdmyZrPSaJJpk7vEAI49Eo9bER4CLlP43V,2023-11-01,5850.0,1,0.0,5850.0,5850.0,5850.0,5850.0,"{""Finance"": 1}"
stats_5500,USR451il,knwjdmyZrPSaJJpk7vEAI49Eo9bER4CLlP43V,2023-12-01,5850.0,1,0.0,5850.0,5850.0,5850.0,5850.0,"{""Finance"": 1}"
stats_5501,USR451il,knwjdmyZrPSaJJpk7vEAI49Eo9bER4CLlP43V,2024-01-01,5850.0,1,0.0,5850.0,5850.0,5850.0,5850.0,"{""Finance"": 1}"
stats_5502,USR451il,knwjdmyZrPSaJJpk7vEAI49Eo9bER4CLlP43V,2024-02-01,5850.0,1,0.0,5850.0,5850.0,5850.0,5850.0,"{""Finance"": 1}"
stats_5503,USR451il,knwjdmyZrPSaJJpk7vEAI49Eo9bER4CLlP43V,2024-03-01,5850.0,1,0.0,5850.0,5850.0,5850.0,5850.0,"{""Finance"": 1}"
stats_5504,USR451il,knwjdmyZrPSaJJpk7vEAI49Eo9bER4CLlP43V,2024-04-01,5850.0,1,0.0,5850.0,5850.0,5850.0,5850.0,"{""Finance"": 1}"
stats_5505,USR451il,knwjdmyZrPSaJJpk7vEAI49Eo9bER4CLlP43V,2024-05-01,5850.0,1,0.0,5850.0,5850.0,5850.0,5850.0,"{""Finance"": 1}"
stats_5506,USR451il,knwjdmyZrPSaJJpk7vEAI49Eo9bER4CLlP43V,2024-06-01,5850.0,1,0.0,5850.0,5850.0,5850.0,5850.0,"{""Finance"": 1}"
stats_5507,USR451il,knwjdmyZrPSaJJpk7vEAI49Eo9bER4CLlP43V,2024-07-01,5850.0,1,0.0,5850.0,5850.0,5850.0,5850.0,"{""Finance"": 1}"
stats_5508,USR451il,knwjdmyZrPSaJJpk7vEAI49Eo9bER4CLlP43V,2024-08-01,5850.0,1,0.0,5850.0,5850.0,5850.0,5850.0,"{""Finance"": 1}"
stats_5509,USR451il,knwjdmyZrPSaJJpk7vEAI49Eo9bER4CLlP43V,2024-09-01,5850.0,1,0.0,5850.0,5850.0,5850.0,5850.0,"{""Finance"": 1}"
stats_5510,USR451il,knwjdmyZrPSaJJpk7vEAI49Eo9bER4CLlP43V,2024-10-01,5850.0,1,0.0,5850.0,5850.0,5850.0,5850.0,"{""Finance"": 1}"
stats_5511,USR451il,knwjdmyZrPSaJJpk7vEAI49Eo9bER4CLlP43V,2024-11-01,5850.0,1,0.0,5850.0,5850.0,5850.0,5850.0,"{""Finance"": 1}"
stats_5512,USR451il,knwjdmyZrPSaJJpk7vEAI49Eo9bER4CLlP43V,2024-12-01,5850.0,1,0.0,5850.0,5850.0,5850.0,5850.0,"{""Finance"": 1}"
stats_5513,USR451il,knwjdmyZrPSaJJpk7vEAI49Eo9bER4CLlP43V,2025-01-01,5850.0,1,0.0,5850.0,5850.0,5850.0,5850.0,"{""Finance"": 1}"
stats_5514,USR451il,knwjdmyZrPSaJJpk7vEAI49Eo9bER4CLlP43V,2025-02-01,5850.0,1,0.0,5850.0,5850.0,5850.0,5850.0,"{""Finance"": 1}"
stats_5515,USR451il,knwjdmyZrPSaJJpk7vEAI49Eo9bER4CLlP43V,2025-03-01,5850.0,1,0.0,5850.0,5850.0,5850.0,5850.0,"{""Finance"": 1}"
stats_5516,USR451il,knwjdmyZrPSaJJpk7vEAI49Eo9bER4CLlP43V,2025-04-01,5850.0,1,0.0,5850.0,5850.0,5850.0,5850.0,"{""Finance"": 1}"
stats_5517,USR451il,knwjdmyZrPSaJJpk7vEAI49Eo9bER4CLlP43V,2025-05-01,5850.0,1,0.0,5850.0,5850.0,5850.0,5850.0,"{""Finance"": 1}"
stats_5518,USR451il,knwjdmyZrPSaJJpk7vEAI49Eo9bER4CLlP43V,2025-06-01,5850.0,1,0.0,5850.0,5850.0,5850.0,5850.0,"{""Finance"": 1}"
stats_5519,USR451il,knwjdmyZrPSaJJpk7vEAI49Eo9bER4CLlP43V,2025-07-01,5850.0,1,0.0,5850.0,5850.0,5850.0,5850.0,"{""Finance"": 1}"
stats_5520,USR451il,knwjdmyZrPSaJJpk7vEAI49Eo9bER4CLlP43V,2025-08-01,5850.0,1,0.0,5850.0,5850.0,5850.0,5850.0,"{""Finance"": 1}"
stats_5521,USR451il,knwjdmyZrPSaJJpk7vEAI49Eo9bER4CLlP43V,2025-09-01,5850.0,1,0.0,5850.0,5850.0,5850.0,5850.0,"{""Finance"": 1}"
stats_5522,USR017aL,vN5QqWXG5vig39w63bKvIWwWmG1vvaiwx6mxk,2023-10-01,-388.87,5,-500.0,111.13,-77.77,89.4,-500.0,"{""Food and Dining"": 2, ""Transportation"": 2, ""Groceries"": 1}"
stats_5523,USR017aL,vN5QqWXG5vig39w63bKvIWwWmG1vvaiwx6mxk,2023-11-01,-382.54,6,-500.0,117.46,-63.76,89.4,-500.0,"{""Transportation"": 3, ""Food and Dining"": 2, ""Groceries"": 1}"
stats_5524,USR017aL,vN5QqWXG5vig39w63bKvIWwWmG1vvaiwx6mxk,2023-12-01,-382.54,6,-500.0,117.46,-63.76,89.4,-500.0,"{""Transportation"": 3, ""Food and Dining"": 2, ""Groceries"": 1}"
stats_5525,USR017aL,vN5QqWXG5vig39w63bKvIWwWmG1vvaiwx6mxk,2024-01-01,-382.54,6,-500.0,117.46,-63.76,89.4,-500.0,"{""Transportation"": 3, ""Food and Dining"": 2, ""Groceries"": 1}"
stats_5526,USR017aL,vN5QqWXG5vig39w63bKvIWwWmG1vvaiwx6mxk,2024-02-01,-382.54,6,-500.0,117.46,-63.76,89.4,-500.0,"{""Transportation"": 3, ""Food and Dining"": 2, ""Groceries"": 1}"
stats_5527,USR017aL,vN5QqWXG5vig39w63bKvIWwWmG1vvaiwx6mxk,2024-03-01,-382.54,6,-500.0,117.46,-63.76,89.4,-500.0,"{""Transportation"": 3, ""Food and Dining"": 2, ""Groceries"": 1}"
stats_5528,USR017aL,vN5QqWXG5vig39w63bKvIWwWmG1vvaiwx6mxk,2024-04-01,-382.54,6,-500.0,117.46,-63.76,89.4,-500.0,"{""Transportation"": 3, ""Food and Dining"": 2, ""Groceries"": 1}"
stats_5529,USR017aL,vN5QqWXG5vig39w63bKvIWwWmG1vvaiwx6mxk,2024-05-01,-382.54,6,-500.0,117.46,-63.76,89.4,-500.0,"{""Transportation"": 3, ""Food and Dining"": 2, ""Groceries"": 1}"
stats_5530,USR017aL,vN5QqWXG5vig39w63bKvIWwWmG1vvaiwx6mxk,2024-06-01,-382.54,6,-500.0,117.46,-63.76,89.4,-500.0,"{""Transportation"": 3, ""Food and Dining"": 2, ""Groceries"": 1}"
stats_5531,USR017aL,vN5QqWXG5vig39w63bKvIWwWmG1vvaiwx6mxk,2024-07-01,-382.54,6,-500.0,117.46,-63.76,89.4,-500.0,"{""Transportation"": 3, ""Food and Dining"": 2, ""Groceries"": 1}"
stats_5532,USR017aL,vN5QqWXG5vig39w63bKvIWwWmG1vvaiwx6mxk,2024-08-01,-382.54,6,-500.0,117.46,-63.76,89.4,-500.0,"{""Transportation"": 3, ""Food and Dining"": 2, ""Groceries"": 1}"
stats_5533,USR017aL,vN5QqWXG5vig39w63bKvIWwWmG1vvaiwx6mxk,2024-09-01,-382.54,6,-500.0,117.46,-63.76,89.4,-500.0,"{""Transportation"": 3, ""Food and Dining"": 2, ""Groceries"": 1}"
stats_5534,USR017aL,vN5QqWXG5vig39w63bKvIWwWmG1vvaiwx6mxk,2024-10-01,-382.54,6,-500.0,117.46,-63.76,89.4,-500.0,"{""Transportation"": 3, ""Food and Dining"": 2, ""Groceries"": 1}"
stats_5535,USR017aL,vN5QqWXG5vig39w63bKvIWwWmG1vvaiwx6mxk,2024-11-01,-382.54,6,-500.0,117.46,-63.76,89.4,-500.0,"{""Transportation"": 3, ""Food and Dining"": 2, ""Groceries"": 1}"
stats_5536,USR017aL,vN5QqWXG5vig39w63bKvIWwWmG1vvaiwx6mxk,2024-12-01,-382.54,6,-500.0,117.46,-63.76,89.4,-500.0,"{""Transportation"": 3, ""Food and Dining"": 2, ""Groceries"": 1}"
stats_5537,USR017aL,vN5QqWXG5vig39w63bKvIWwWmG1vvaiwx6mxk,2025-01-01,-382.54,6,-500.0,117.46,-63.76,89.4,-500.0,"{""Transportation"": 3, ""Food and Dining"": 2, ""Groceries"": 1}"
stats_5538,USR017aL,vN5QqWXG5vig39w63bKvIWwWmG1vvaiwx6mxk,2025-02-01,-382.54,6,-500.0,117.46,-63.76,89.4,-500.0,"{""Transportation"": 3, ""Food and Dining"": 2, ""Groceries"": 1}"
stats_5539,USR017aL,vN5QqWXG5vig39w63bKvIWwWmG1vvaiwx6mxk,2025-03-01,-382.54,6,-500.0,117.46,-63.76,89.4,-500.0,"{""Transportation"": 3, ""Food and Dining"": 2, ""Groceries"": 1}"
stats_5540,USR017aL,vN5QqWXG5vig39w63bKvIWwWmG1vvaiwx6mxk,2025-04-01,-382.54,6,-500.0,117.46,-63.76,89.4,-500.0,"{""Transportation"": 3, ""Food and Dining"": 2, ""Groceries"": 1}"
stats_5541,USR017aL,vN5QqWXG5vig39w63bKvIWwWmG1vvaiwx6mxk,2025-05-01,-382.54,6,-500.0,117.46,-63.76,89.4,-500.0,"{""Transportation"": 3, ""Food and Dining"": 2, ""Groceries"": 1}"
stats_5542,USR017aL,vN5QqWXG5vig39w63bKvIWwWmG1vvaiwx6mxk,2025-06-01,-382.54,6,-500.0,117.46,-63.76,89.4,-500.0,"{""Transportation"": 3, ""Food and Dining"": 2, ""Groceries"": 1}"
stats_5543,USR017aL,vN5QqWXG5vig39w63bKvIWwWmG1vvaiwx6mxk,2025-07-01,-376.21,7,-500.0,123.79,-53.74,89.4,-500.0,"{""Transportation"": 4, ""Food and Dining"": 2, ""Groceries"": 1}"
stats_5544,USR017aL,vN5QqWXG5vig39w63bKvIWwWmG1vvaiwx6mxk,2025-08-01,-382.54,6,-500.0,117.46,-63.76,89.4,-500.0,"{""Transportation"": 3, ""Food and Dining"": 2, ""Groceries"": 1}"
stats_5545,USR017aL,vN5QqWXG5vig39w63bKvIWwWmG1vvaiwx6mxk,2025-09-01,-382.54,6,-500.0,117.46,-63.76,89.4,-500.0,"{""Transportation"": 3, ""Food and Dining"": 2, ""Groceries"": 1}"
stats_5546,USR017aL,vN5QqWXG5vig39w63bKvIWwWmG1vvaiwx6mxk,2025-10-01,89.4,1,0.0,89.4,89.4,89.4,89.4,"{""Groceries"": 1}"
stats_5547,USR087Jg,RKVn8y3mVqC7ZxLyZqdoU747DpyAAJhZjpyj4,2023-10-01,20.78,2,-4.22,25.0,10.39,25.0,25.0,"{""Finance"": 2}"
stats_5548,USR087Jg,RKVn8y3mVqC7ZxLyZqdoU747DpyAAJhZjpyj4,2023-11-01,20.78,2,-4.22,25.0,10.39,25.0,25.0,"{""Finance"": 2}"
stats_5549,USR087Jg,RKVn8y3mVqC7ZxLyZqdoU747DpyAAJhZjpyj4,2023-12-01,20.78,2,-4.22,25.0,10.39,25.0,25.0,"{""Finance"": 2}"
stats_5550,USR087Jg,RKVn8y3mVqC7ZxLyZqdoU747DpyAAJhZjpyj4,2024-01-01,20.78,2,-4.22,25.0,10.39,25.0,25.0,"{""Finance"": 2}"
stats_5551,USR087Jg,RKVn8y3mVqC7ZxLyZqdoU747DpyAAJhZjpyj4,2024-02-01,20.78,2,-4.22,25.0,10.39,25.0,25.0,"{""Finance"": 2}"
stats_5552,USR087Jg,RKVn8y3mVqC7ZxLyZqdoU747DpyAAJhZjpyj4,2024-03-01,20.78,2,-4.22,25.0,10.39,25.0,25.0,"{""Finance"": 2}"
stats_5553,USR087Jg,RKVn8y3mVqC7ZxLyZqdoU747DpyAAJhZjpyj4,2024-04-01,20.78,2,-4.22,25.0,10.39,25.0,25.0,"{""Finance"": 2}"
stats_5554,USR087Jg,RKVn8y3mVqC7ZxLyZqdoU747DpyAAJhZjpyj4,2024-05-01,20.78,2,-4.22,25.0,10.39,25.0,25.0,"{""Finance"": 2}"
stats_5555,USR087Jg,RKVn8y3mVqC7ZxLyZqdoU747DpyAAJhZjpyj4,2024-06-01,20.78,2,-4.22,25.0,10.39,25.0,25.0,"{""Finance"": 2}"
stats_5556,USR087Jg,RKVn8y3mVqC7ZxLyZqdoU747DpyAAJhZjpyj4,2024-07-01,20.78,2,-4.22,25.0,10.39,25.0,25.0,"{""Finance"": 2}"
stats_5557,USR087Jg,RKVn8y3mVqC7ZxLyZqdoU747DpyAAJhZjpyj4,2024-08-01,20.78,2,-4.22,25.0,10.39,25.0,25.0,"{""Finance"": 2}"
stats_5558,USR087Jg,RKVn8y3mVqC7ZxLyZqdoU747DpyAAJhZjpyj4,2024-09-01,20.78,2,-4.22,25.0,10.39,25.0,25.0,"{""Finance"": 2}"
stats_5559,USR087Jg,RKVn8y3mVqC7ZxLyZqdoU747DpyAAJhZjpyj4,2024-10-01,20.78,2,-4.22,25.0,10.39,25.0,25.0,"{""Finance"": 2}"
stats_5560,USR087Jg,RKVn8y3mVqC7ZxLyZqdoU747DpyAAJhZjpyj4,2024-11-01,20.78,2,-4.22,25.0,10.39,25.0,25.0,"{""Finance"": 2}"
stats_5561,USR087Jg,RKVn8y3mVqC7ZxLyZqdoU747DpyAAJhZjpyj4,2024-12-01,20.78,2,-4.22,25.0,10.39,25.0,25.0,"{""Finance"": 2}"
stats_5562,USR087Jg,RKVn8y3mVqC7ZxLyZqdoU747DpyAAJhZjpyj4,2025-01-01,20.78,2,-4.22,25.0,10.39,25.0,25.0,"{""Finance"": 2}"
stats_5563,USR087Jg,RKVn8y3mVqC7ZxLyZqdoU747DpyAAJhZjpyj4,2025-02-01,20.78,2,-4.22,25.0,10.39,25.0,25.0,"{""Finance"": 2}"
stats_5564,USR087Jg,RKVn8y3mVqC7ZxLyZqdoU747DpyAAJhZjpyj4,2025-03-01,20.78,2,-4.22,25.0,10.39,25.0,25.0,"{""Finance"": 2}"
stats_5565,USR087Jg,RKVn8y3mVqC7ZxLyZqdoU747DpyAAJhZjpyj4,2025-04-01,20.78,2,-4.22,25.0,10.39,25.0,25.0,"{""Finance"": 2}"
stats_5566,USR087Jg,RKVn8y3mVqC7ZxLyZqdoU747DpyAAJhZjpyj4,2025-05-01,20.78,2,-4.22,25.0,10.39,25.0,25.0,"{""Finance"": 2}"
stats_5567,USR087Jg,RKVn8y3mVqC7ZxLyZqdoU747DpyAAJhZjpyj4,2025-06-01,20.78,2,-4.22,25.0,10.39,25.0,25.0,"{""Finance"": 2}"
stats_5568,USR087Jg,RKVn8y3mVqC7ZxLyZqdoU747DpyAAJhZjpyj4,2025-07-01,20.78,2,-4.22,25.0,10.39,25.0,25.0,"{""Finance"": 2}"
stats_5569,USR087Jg,RKVn8y3mVqC7ZxLyZqdoU747DpyAAJhZjpyj4,2025-08-01,20.78,2,-4.22,25.0,10.39,25.0,25.0,"{""Finance"": 2}"
stats_5570,USR087Jg,RKVn8y3mVqC7ZxLyZqdoU747DpyAAJhZjpyj4,2025-09-01,20.78,2,-4.22,25.0,10.39,25.0,25.0,"{""Finance"": 2}"
stats_5571,USR087Jg,RKVn8y3mVqC7ZxLyZqdoU747DpyAAJhZjpyj4,2025-10-01,-4.22,1,-4.22,0.0,-4.22,-4.22,-4.22,"{""Finance"": 1}"
stats_5572,USR116fM,6qmDgblrmpIp1xG71DAasewePLamm8izJDZJe,2023-10-01,1000.0,1,0.0,1000.0,1000.0,1000.0,1000.0,"{""Finance"": 1}"
stats_5573,USR116fM,6qmDgblrmpIp1xG71DAasewePLamm8izJDZJe,2023-11-01,1000.0,1,0.0,1000.0,1000.0,1000.0,1000.0,"{""Finance"": 1}"
stats_5574,USR116fM,6qmDgblrmpIp1xG71DAasewePLamm8izJDZJe,2023-12-01,1000.0,1,0.0,1000.0,1000.0,1000.0,1000.0,"{""Finance"": 1}"
stats_5575,USR116fM,6qmDgblrmpIp1xG71DAasewePLamm8izJDZJe,2024-01-01,1000.0,1,0.0,1000.0,1000.0,1000.0,1000.0,"{""Finance"": 1}"
stats_5576,USR116fM,6qmDgblrmpIp1xG71DAasewePLamm8izJDZJe,2024-02-01,1000.0,1,0.0,1000.0,1000.0,1000.0,1000.0,"{""Finance"": 1}"
stats_5577,USR116fM,6qmDgblrmpIp1xG71DAasewePLamm8izJDZJe,2024-03-01,1000.0,1,0.0,1000.0,1000.0,1000.0,1000.0,"{""Finance"": 1}"
stats_5578,USR116fM,6qmDgblrmpIp1xG71DAasewePLamm8izJDZJe,2024-04-01,1000.0,1,0.0,1000.0,1000.0,1000.0,1000.0,"{""Finance"": 1}"
stats_5579,USR116fM,6qmDgblrmpIp1xG71DAasewePLamm8izJDZJe,2024-05-01,1000.0,1,0.0,1000.0,1000.0,1000.0,1000.0,"{""Finance"": 1}"
stats_5580,USR116fM,6qmDgblrmpIp1xG71DAasewePLamm8izJDZJe,2024-06-01,1000.0,1,0.0,1000.0,1000.0,1000.0,1000.0,"{""Finance"": 1}"
stats_5581,USR116fM,6qmDgblrmpIp1xG71DAasewePLamm8izJDZJe,2024-07-01,1000.0,1,0.0,1000.0,1000.0,1000.0,1000.0,"{""Finance"": 1}"
stats_5582,USR116fM,6qmDgblrmpIp1xG71DAasewePLamm8izJDZJe,2024-08-01,1000.0,1,0.0,1000.0,1000.0,1000.0,1000.0,"{""Finance"": 1}"
stats_5583,USR116fM,6qmDgblrmpIp1xG71DAasewePLamm8izJDZJe,2024-09-01,1000.0,1,0.0,1000.0,1000.0,1000.0,1000.0,"{""Finance"": 1}"
stats_5584,USR116fM,6qmDgblrmpIp1xG71DAasewePLamm8izJDZJe,2024-10-01,1000.0,1,0.0,1000.0,1000.0,1000.0,1000.0,"{""Finance"": 1}"
stats_5585,USR116fM,6qmDgblrmpIp1xG71DAasewePLamm8izJDZJe,2024-11-01,1000.0,1,0.0,1000.0,1000.0,1000.0,1000.0,"{""Finance"": 1}"
stats_5586,USR116fM,6qmDgblrmpIp1xG71DAasewePLamm8izJDZJe,2024-12-01,1000.0,1,0.0,1000.0,1000.0,1000.0,1000.0,"{""Finance"": 1}"
stats_5587,USR116fM,6qmDgblrmpIp1xG71DAasewePLamm8izJDZJe,2025-01-01,1000.0,1,0.0,1000.0,1000.0,1000.0,1000.0,"{""Finance"": 1}"
stats_5588,USR116fM,6qmDgblrmpIp1xG71DAasewePLamm8izJDZJe,2025-02-01,1000.0,1,0.0,1000.0,1000.0,1000.0,1000.0,"{""Finance"": 1}"
stats_5589,USR116fM,6qmDgblrmpIp1xG71DAasewePLamm8izJDZJe,2025-03-01,1000.0,1,0.0,1000.0,1000.0,1000.0,1000.0,"{""Finance"": 1}"
stats_5590,USR116fM,6qmDgblrmpIp1xG71DAasewePLamm8izJDZJe,2025-04-01,1000.0,1,0.0,1000.0,1000.0,1000.0,1000.0,"{""Finance"": 1}"
stats_5591,USR116fM,6qmDgblrmpIp1xG71DAasewePLamm8izJDZJe,2025-05-01,1000.0,1,0.0,1000.0,1000.0,1000.0,1000.0,"{""Finance"": 1}"
stats_5592,USR116fM,6qmDgblrmpIp1xG71DAasewePLamm8izJDZJe,2025-06-01,1000.0,1,0.0,1000.0,1000.0,1000.0,1000.0,"{""Finance"": 1}"
stats_5593,USR116fM,6qmDgblrmpIp1xG71DAasewePLamm8izJDZJe,2025-07-01,1000.0,1,0.0,1000.0,1000.0,1000.0,1000.0,"{""Finance"": 1}"
stats_5594,USR116fM,6qmDgblrmpIp1xG71DAasewePLamm8izJDZJe,2025-08-01,1000.0,1,0.0,1000.0,1000.0,1000.0,1000.0,"{""Finance"": 1}"
stats_5595,USR116fM,6qmDgblrmpIp1xG71DAasewePLamm8izJDZJe,2025-09-01,1000.0,1,0.0,1000.0,1000.0,1000.0,1000.0,"{""Finance"": 1}"
stats_5596,USR104pB,Xd1J8VPX1xcL3rk53x7Giwvwzem99BcDgKZgv,2023-10-01,78.5,1,0.0,78.5,78.5,78.5,78.5,"{""Fitness"": 1}"
stats_5597,USR104pB,Xd1J8VPX1xcL3rk53x7Giwvwzem99BcDgKZgv,2023-11-01,4157.0,6,0.0,4157.0,692.83,2078.5,2078.5,"{""Finance"": 2, ""Fitness"": 2, ""Food and Dining"": 1, ""Transportation"": 1}"
stats_5598,USR104pB,Xd1J8VPX1xcL3rk53x7Giwvwzem99BcDgKZgv,2023-12-01,4157.0,6,0.0,4157.0,692.83,2078.5,2078.5,"{""Finance"": 2, ""Fitness"": 2, ""Food and Dining"": 1, ""Transportation"": 1}"
stats_5599,USR104pB,Xd1J8VPX1xcL3rk53x7Giwvwzem99BcDgKZgv,2024-01-01,4157.0,6,0.0,4157.0,692.83,2078.5,2078.5,"{""Fitness"": 2, ""Finance"": 2, ""Food and Dining"": 1, ""Transportation"": 1}"
stats_5600,USR104pB,Xd1J8VPX1xcL3rk53x7Giwvwzem99BcDgKZgv,2024-02-01,4157.0,6,0.0,4157.0,692.83,2078.5,2078.5,"{""Fitness"": 2, ""Finance"": 2, ""Food and Dining"": 1, ""Transportation"": 1}"
stats_5601,USR104pB,Xd1J8VPX1xcL3rk53x7Giwvwzem99BcDgKZgv,2024-03-01,4157.0,6,0.0,4157.0,692.83,2078.5,2078.5,"{""Finance"": 2, ""Fitness"": 2, ""Food and Dining"": 1, ""Transportation"": 1}"
stats_5602,USR104pB,Xd1J8VPX1xcL3rk53x7Giwvwzem99BcDgKZgv,2024-04-01,4157.0,6,0.0,4157.0,692.83,2078.5,2078.5,"{""Fitness"": 2, ""Finance"": 2, ""Food and Dining"": 1, ""Transportation"": 1}"
stats_5603,USR104pB,Xd1J8VPX1xcL3rk53x7Giwvwzem99BcDgKZgv,2024-05-01,4157.0,6,0.0,4157.0,692.83,2078.5,2078.5,"{""Fitness"": 2, ""Finance"": 2, ""Food and Dining"": 1, ""Transportation"": 1}"
stats_5604,USR104pB,Xd1J8VPX1xcL3rk53x7Giwvwzem99BcDgKZgv,2024-06-01,4157.0,6,0.0,4157.0,692.83,2078.5,2078.5,"{""Fitness"": 2, ""Finance"": 2, ""Food and Dining"": 1, ""Transportation"": 1}"
stats_5605,USR104pB,Xd1J8VPX1xcL3rk53x7Giwvwzem99BcDgKZgv,2024-07-01,4157.0,6,0.0,4157.0,692.83,2078.5,2078.5,"{""Finance"": 2, ""Fitness"": 2, ""Food and Dining"": 1, ""Transportation"": 1}"
stats_5606,USR104pB,Xd1J8VPX1xcL3rk53x7Giwvwzem99BcDgKZgv,2024-08-01,7235.5,9,0.0,7235.5,803.94,2078.5,2078.5,"{""Finance"": 3, ""Fitness"": 3, ""Food and Dining"": 2, ""Transportation"": 1}"
stats_5607,USR104pB,Xd1J8VPX1xcL3rk53x7Giwvwzem99BcDgKZgv,2024-09-01,4157.0,6,0.0,4157.0,692.83,2078.5,2078.5,"{""Finance"": 2, ""Fitness"": 2, ""Transportation"": 1, ""Food and Dining"": 1}"
stats_5608,USR104pB,Xd1J8VPX1xcL3rk53x7Giwvwzem99BcDgKZgv,2024-10-01,4657.0,7,0.0,4657.0,665.29,2078.5,2078.5,"{""Finance"": 3, ""Fitness"": 2, ""Transportation"": 1, ""Food and Dining"": 1}"
stats_5609,USR104pB,Xd1J8VPX1xcL3rk53x7Giwvwzem99BcDgKZgv,2024-11-01,4157.0,6,0.0,4157.0,692.83,2078.5,2078.5,"{""Fitness"": 2, ""Finance"": 2, ""Transportation"": 1, ""Food and Dining"": 1}"
stats_5610,USR104pB,Xd1J8VPX1xcL3rk53x7Giwvwzem99BcDgKZgv,2024-12-01,4157.0,6,0.0,4157.0,692.83,2078.5,2078.5,"{""Fitness"": 2, ""Finance"": 2, ""Transportation"": 1, ""Food and Dining"": 1}"
stats_5611,USR104pB,Xd1J8VPX1xcL3rk53x7Giwvwzem99BcDgKZgv,2025-01-01,4157.0,6,0.0,4157.0,692.83,2078.5,2078.5,"{""Fitness"": 2, ""Finance"": 2, ""Transportation"": 1, ""Food and Dining"": 1}"
stats_5612,USR104pB,Xd1J8VPX1xcL3rk53x7Giwvwzem99BcDgKZgv,2025-02-01,4157.0,6,0.0,4157.0,692.83,2078.5,2078.5,"{""Fitness"": 2, ""Finance"": 2, ""Transportation"": 1, ""Food and Dining"": 1}"
stats_5613,USR104pB,Xd1J8VPX1xcL3rk53x7Giwvwzem99BcDgKZgv,2025-03-01,4157.0,6,0.0,4157.0,692.83,2078.5,2078.5,"{""Fitness"": 2, ""Finance"": 2, ""Transportation"": 1, ""Food and Dining"": 1}"
stats_5614,USR104pB,Xd1J8VPX1xcL3rk53x7Giwvwzem99BcDgKZgv,2025-04-01,4157.0,6,0.0,4157.0,692.83,2078.5,2078.5,"{""Fitness"": 2, ""Finance"": 2, ""Transportation"": 1, ""Food and Dining"": 1}"
stats_5615,USR104pB,Xd1J8VPX1xcL3rk53x7Giwvwzem99BcDgKZgv,2025-05-01,4157.0,6,0.0,4157.0,692.83,2078.5,2078.5,"{""Fitness"": 2, ""Finance"": 2, ""Transportation"": 1, ""Food and Dining"": 1}"
stats_5616,USR104pB,Xd1J8VPX1xcL3rk53x7Giwvwzem99BcDgKZgv,2025-06-01,4157.0,6,0.0,4157.0,692.83,2078.5,2078.5,"{""Fitness"": 2, ""Finance"": 2, ""Transportation"": 1, ""Food and Dining"": 1}"
stats_5617,USR104pB,Xd1J8VPX1xcL3rk53x7Giwvwzem99BcDgKZgv,2025-07-01,4157.0,6,0.0,4157.0,692.83,2078.5,2078.5,"{""Fitness"": 2, ""Finance"": 2, ""Transportation"": 1, ""Food and Dining"": 1}"
stats_5618,USR104pB,Xd1J8VPX1xcL3rk53x7Giwvwzem99BcDgKZgv,2025-08-01,4157.0,6,0.0,4157.0,692.83,2078.5,2078.5,"{""Fitness"": 2, ""Finance"": 2, ""Transportation"": 1, ""Food and Dining"": 1}"
stats_5619,USR104pB,Xd1J8VPX1xcL3rk53x7Giwvwzem99BcDgKZgv,2025-09-01,4157.0,6,0.0,4157.0,692.83,2078.5,2078.5,"{""Fitness"": 2, ""Finance"": 2, ""Transportation"": 1, ""Food and Dining"": 1}"
stats_5620,USR104pB,Xd1J8VPX1xcL3rk53x7Giwvwzem99BcDgKZgv,2025-10-01,500.0,1,0.0,500.0,500.0,500.0,500.0,"{""Transportation"": 1}"
stats_5621,USR799Rk,DeRX8z7ZRJtlAjngAJb4ilLlMbm99NCZeWDeN,2023-10-01,5850.0,1,0.0,5850.0,5850.0,5850.0,5850.0,"{""Finance"": 1}"
stats_5622,USR799Rk,DeRX8z7ZRJtlAjngAJb4ilLlMbm99NCZeWDeN,2023-11-01,5850.0,1,0.0,5850.0,5850.0,5850.0,5850.0,"{""Finance"": 1}"
stats_5623,USR799Rk,DeRX8z7ZRJtlAjngAJb4ilLlMbm99NCZeWDeN,2023-12-01,5850.0,1,0.0,5850.0,5850.0,5850.0,5850.0,"{""Finance"": 1}"
stats_5624,USR799Rk,DeRX8z7ZRJtlAjngAJb4ilLlMbm99NCZeWDeN,2024-01-01,5850.0,1,0.0,5850.0,5850.0,5850.0,5850.0,"{""Finance"": 1}"
stats_5625,USR799Rk,DeRX8z7ZRJtlAjngAJb4ilLlMbm99NCZeWDeN,2024-02-01,5850.0,1,0.0,5850.0,5850.0,5850.0,5850.0,"{""Finance"": 1}"
stats_5626,USR799Rk,DeRX8z7ZRJtlAjngAJb4ilLlMbm99NCZeWDeN,2024-03-01,5850.0,1,0.0,5850.0,5850.0,5850.0,5850.0,"{""Finance"": 1}"
stats_5627,USR799Rk,DeRX8z7ZRJtlAjngAJb4ilLlMbm99NCZeWDeN,2024-04-01,5850.0,1,0.0,5850.0,5850.0,5850.0,5850.0,"{""Finance"": 1}"
stats_5628,USR799Rk,DeRX8z7ZRJtlAjngAJb4ilLlMbm99NCZeWDeN,2024-05-01,5850.0,1,0.0,5850.0,5850.0,5850.0,5850.0,"{""Finance"": 1}"
stats_5629,USR799Rk,DeRX8z7ZRJtlAjngAJb4ilLlMbm99NCZeWDeN,2024-06-01,5850.0,1,0.0,5850.0,5850.0,5850.0,5850.0,"{""Finance"": 1}"
stats_5630,USR799Rk,DeRX8z7ZRJtlAjngAJb4ilLlMbm99NCZeWDeN,2024-07-01,5850.0,1,0.0,5850.0,5850.0,5850.0,5850.0,"{""Finance"": 1}"
stats_5631,USR799Rk,DeRX8z7ZRJtlAjngAJb4ilLlMbm99NCZeWDeN,2024-08-01,5850.0,1,0.0,5850.0,5850.0,5850.0,5850.0,"{""Finance"": 1}"
stats_5632,USR799Rk,DeRX8z7ZRJtlAjngAJb4ilLlMbm99NCZeWDeN,2024-09-01,5850.0,1,0.0,5850.0,5850.0,5850.0,5850.0,"{""Finance"": 1}"
stats_5633,USR799Rk,DeRX8z7ZRJtlAjngAJb4ilLlMbm99NCZeWDeN,2024-10-01,5850.0,1,0.0,5850.0,5850.0,5850.0,5850.0,"{""Finance"": 1}"
stats_5634,USR799Rk,DeRX8z7ZRJtlAjngAJb4ilLlMbm99NCZeWDeN,2024-11-01,5850.0,1,0.0,5850.0,5850.0,5850.0,5850.0,"{""Finance"": 1}"
stats_5635,USR799Rk,DeRX8z7ZRJtlAjngAJb4ilLlMbm99NCZeWDeN,2024-12-01,5850.0,1,0.0,5850.0,5850.0,5850.0,5850.0,"{""Finance"": 1}"
stats_5636,USR799Rk,DeRX8z7ZRJtlAjngAJb4ilLlMbm99NCZeWDeN,2025-01-01,5850.0,1,0.0,5850.0,5850.0,5850.0,5850.0,"{""Finance"": 1}"
stats_5637,USR799Rk,DeRX8z7ZRJtlAjngAJb4ilLlMbm99NCZeWDeN,2025-02-01,5850.0,1,0.0,5850.0,5850.0,5850.0,5850.0,"{""Finance"": 1}"
stats_5638,USR799Rk,DeRX8z7ZRJtlAjngAJb4ilLlMbm99NCZeWDeN,2025-03-01,5850.0,1,0.0,5850.0,5850.0,5850.0,5850.0,"{""Finance"": 1}"
stats_5639,USR799Rk,DeRX8z7ZRJtlAjngAJb4ilLlMbm99NCZeWDeN,2025-04-01,5850.0,1,0.0,5850.0,5850.0,5850.0,5850.0,"{""Finance"": 1}"
stats_5640,USR799Rk,DeRX8z7ZRJtlAjngAJb4ilLlMbm99NCZeWDeN,2025-05-01,5850.0,1,0.0,5850.0,5850.0,5850.0,5850.0,"{""Finance"": 1}"
stats_5641,USR799Rk,DeRX8z7ZRJtlAjngAJb4ilLlMbm99NCZeWDeN,2025-06-01,5850.0,1,0.0,5850.0,5850.0,5850.0,5850.0,"{""Finance"": 1}"
stats_5642,USR799Rk,DeRX8z7ZRJtlAjngAJb4ilLlMbm99NCZeWDeN,2025-07-01,5850.0,1,0.0,5850.0,5850.0,5850.0,5850.0,"{""Finance"": 1}"
stats_5643,USR799Rk,DeRX8z7ZRJtlAjngAJb4ilLlMbm99NCZeWDeN,2025-08-01,5850.0,1,0.0,5850.0,5850.0,5850.0,5850.0,"{""Finance"": 1}"
stats_5644,USR799Rk,DeRX8z7ZRJtlAjngAJb4ilLlMbm99NCZeWDeN,2025-09-01,5850.0,1,0.0,5850.0,5850.0,5850.0,5850.0,"{""Finance"": 1}"
stats_5645,USR398Px,000000 - 00000111,2023-11-01,-738.22,54,-738.22,0.0,-13.67,0.0,-172.5,"{""Shopping"": 32, ""Groceries"": 17, ""Finance"": 2, ""Food and Dining"": 2, ""Personal Hygiene"": 1}"
stats_5646,USR398Px,000000 - 00000111,2023-12-01,-956.81,83,-1059.84,103.03,-11.53,40.98,-109.0,"{""Groceries"": 28, ""Shopping"": 23, ""Transportation"": 10, ""Food and Dining"": 9, ""Finance"": 4, ""Other"": 4, ""Housing and Utilities"": 3, ""Personal Hygiene"": 2}"
stats_5647,USR398Px,000000 - 00000111,2024-01-01,-966.7,59,-966.7,0.0,-16.38,0.0,-259.1,"{""Shopping"": 30, ""Groceries"": 14, ""Food and Dining"": 8, ""Transportation"": 3, ""Housing and Utilities"": 2, ""Other"": 1, ""Finance"": 1}"
stats_5648,USR398Px,000000 - 00000111,2024-02-01,-902.57,76,-1013.33,110.76,-11.88,47.88,-225.0,"{""Groceries"": 31, ""Shopping"": 31, ""Finance"": 6, ""Food and Dining"": 3, ""Transportation"": 2, ""Housing and Utilities"": 2, ""Medical/Dental"": 1}"
stats_5649,USR398Px,000000 - 00000111,2024-03-01,-988.09,82,-1095.96,107.87,-12.05,59.99,-181.72,"{""Groceries"": 35, ""Shopping"": 27, ""Food and Dining"": 9, ""Finance"": 6, ""Housing and Utilities"": 2, ""Medical/Dental"": 2, ""Transportation"": 1}"
stats_5650,USR398Px,000000 - 00000111,2024-04-01,-1832.63,124,-1841.33,8.7,-14.78,8.7,-367.4,"{""Shopping"": 45, ""Groceries"": 29, ""Food and Dining"": 15, ""Transportation"": 14, ""Other"": 13, ""Personal Hygiene"": 3, ""Housing and Utilities"": 2, ""Medical/Dental"": 2, ""Finance"": 1}"
stats_5651,USR398Px,000000 - 00000111,2024-05-01,-956.7,99,-1046.65,89.95,-9.66,67.95,-308.98,"{""Groceries"": 47, ""Shopping"": 21, ""Food and Dining"": 12, ""Housing and Utilities"": 5, ""Other"": 5, ""Transportation"": 5, ""Finance"": 1, ""Entertainment"": 1, ""Personal Hygiene"": 1, ""Medical/Dental"": 1}"
stats_5652,USR398Px,000000 - 00000111,2024-06-01,-1093.74,87,-1113.74,20.0,-12.57,20.0,-217.98,"{""Groceries"": 42, ""Shopping"": 20, ""Food and Dining"": 9, ""Transportation"": 8, ""Other"": 4, ""Finance"": 2, ""Housing and Utilities"": 1, ""Personal Hygiene"": 1}"
stats_5653,USR398Px,000000 - 00000111,2024-07-01,-1526.5,88,-1542.5,16.0,-17.35,16.0,-200.0,"{""Shopping"": 37, ""Groceries"": 14, ""Food and Dining"": 11, ""Other"": 9, ""Transportation"": 8, ""Medical/Dental"": 4, ""Housing and Utilities"": 2, ""Travel"": 1, ""Finance"": 1, ""Personal Hygiene"": 1}"
stats_5654,USR398Px,000000 - 00000111,2024-08-01,309.17,12,-64.0,373.17,25.76,200.0,200.0,"{""Shopping"": 4, ""Other"": 3, ""Finance"": 2, ""Food and Dining"": 1, ""Transportation"": 1, ""Medical/Dental"": 1}"
stats_5655,USR398Px,000000 - 00000111,2024-09-01,-322.87,96,-863.87,541.0,-3.36,200.0,200.0,"{""Groceries"": 37, ""Shopping"": 27, ""Food and Dining"": 10, ""Other"": 7, ""Finance"": 5, ""Transportation"": 4, ""Housing and Utilities"": 3, ""Fitness"": 2, ""Entertainment"": 1}"
stats_5656,USR398Px,000000 - 00000111,2024-10-01,40.43,90,-516.57,557.0,0.45,250.0,250.0,"{""Shopping"": 37, ""Groceries"": 28, ""Food and Dining"": 10, ""Finance"": 6, ""Other"": 3, ""Housing and Utilities"": 2, ""Transportation"": 2, ""Entertainment"": 1, ""Personal Hygiene"": 1}"
stats_5657,USR398Px,000000 - 00000111,2024-11-01,-1078.58,85,-1128.58,50.0,-12.69,50.0,-171.77,"{""Shopping"": 36, ""Groceries"": 22, ""Food and Dining"": 14, ""Housing and Utilities"": 3, ""Personal Hygiene"": 3, ""Finance"": 2, ""Other"": 2, ""Medical/Dental"": 1, ""Entertainment"": 1, ""Fitness"": 1}"
stats_5658,USR398Px,000000 - 00000111,2024-12-01,-2137.58,111,-2397.58,260.0,-19.26,160.0,-550.0,"{""Shopping"": 44, ""Groceries"": 28, ""Food and Dining"": 13, ""Transportation"": 11, ""Other"": 8, ""Finance"": 4, ""Housing and Utilities"": 2, ""Entertainment"": 1}"
stats_5659,USR398Px,000000 - 00000111,2025-01-01,-1154.33,44,-1154.33,0.0,-26.23,0.0,-600.0,"{""Shopping"": 25, ""Food and Dining"": 5, ""Groceries"": 4, ""Transportation"": 3, ""Housing and Utilities"": 3, ""Finance"": 2, ""Personal Hygiene"": 1, ""Medical/Dental"": 1}"
stats_5660,USR398Px,000000 - 00000111,2025-02-01,-474.82,60,-874.82,400.0,-7.91,400.0,400.0,"{""Shopping"": 26, ""Groceries"": 15, ""Food and Dining"": 7, ""Transportation"": 4, ""Housing and Utilities"": 3, ""Travel"": 2, ""Other"": 2, ""Finance"": 1}"
stats_5661,USR398Px,000000 - 00000111,2025-03-01,-1702.07,78,-1702.07,0.0,-21.82,0.0,-800.0,"{""Shopping"": 36, ""Groceries"": 17, ""Food and Dining"": 10, ""Transportation"": 5, ""Other"": 3, ""Finance"": 3, ""Housing and Utilities"": 3, ""Medical/Dental"": 1}"
stats_5662,USR398Px,000000 - 00000111,2025-04-01,-537.08,92,-1156.58,619.5,-5.84,400.0,400.0,"{""Shopping"": 33, ""Groceries"": 20, ""Transportation"": 12, ""Food and Dining"": 12, ""Other"": 8, ""Finance"": 3, ""Housing and Utilities"": 3, ""Travel"": 1}"
stats_5663,USR398Px,000000 - 00000111,2025-05-01,-899.84,95,-1529.84,630.0,-9.47,250.0,-300.0,"{""Shopping"": 33, ""Groceries"": 21, ""Food and Dining"": 18, ""Transportation"": 7, ""Finance"": 7, ""Other"": 6, ""Housing and Utilities"": 2, ""Medical/Dental"": 1}"
stats_5664,USR398Px,000000 - 00000111,2025-06-01,-1037.05,80,-1045.05,8.0,-12.96,8.0,-192.67,"{""Shopping"": 23, ""Food and Dining"": 20, ""Transportation"": 15, ""Groceries"": 14, ""Housing and Utilities"": 3, ""Finance"": 3, ""Other"": 1, ""Travel"": 1}"
stats_5665,USR398Px,000000 - 00000111,2025-07-01,-599.86,56,-605.19,5.33,-10.71,5.33,-60.8,"{""Food and Dining"": 14, ""Transportation"": 12, ""Shopping"": 12, ""Other"": 9, ""Groceries"": 6, ""Housing and Utilities"": 2, ""Medical/Dental"": 1}"
stats_5666,USR398Px,000000 - 00000111,2025-08-01,-638.04,42,-795.04,157.0,-15.19,150.0,-192.97,"{""Transportation"": 11, ""Shopping"": 8, ""Food and Dining"": 6, ""Groceries"": 5, ""Finance"": 5, ""Personal Hygiene"": 3, ""Housing and Utilities"": 2, ""Other"": 1, ""Medical/Dental"": 1}"
stats_5667,USR398Px,000000 - 00000111,2025-09-01,-234.46,50,-490.46,256.0,-4.69,150.0,150.0,"{""Other"": 14, ""Shopping"": 13, ""Transportation"": 6, ""Finance"": 5, ""Groceries"": 5, ""Food and Dining"": 4, ""Housing and Utilities"": 2, ""Personal Hygiene"": 1}"
stats_5668,USR398Px,000000 - 00000111,2025-10-01,85.99,52,-489.96,575.95,1.65,200.0,200.0,"{""Shopping"": 16, ""Transportation"": 13, ""Groceries"": 6, ""Other"": 5, ""Finance"": 5, ""Food and Dining"": 4, ""Housing and Utilities"": 3}"
stats_5669,USR398Px,000000 - 00000111,2025-11-01,-9.99,3,-9.99,0.0,-3.33,-2.0,-5.0,"{""Shopping"": 2, ""Finance"": 1}"
stats_5670,USR149Et,000000 - 00000001,2023-11-01,-177.43,12,-177.43,0.0,-14.79,0.0,-95.0,"{""Shopping"": 5, ""Finance"": 2, ""Groceries"": 2, ""Personal Hygiene"": 1, ""Entertainment"": 1, ""Other"": 1}"
stats_5671,USR149Et,000000 - 00000001,2023-12-01,-1026.85,46,-1214.55,187.7,-22.32,172.5,-500.0,"{""Shopping"": 19, ""Groceries"": 9, ""Food and Dining"": 5, ""Finance"": 5, ""Medical/Dental"": 3, ""Transportation"": 1, ""Housing and Utilities"": 1, ""Travel"": 1, ""Entertainment"": 1, ""Personal Hygiene"": 1}"
stats_5672,USR149Et,000000 - 00000001,2024-01-01,-348.17,85,-1071.17,723.0,-4.1,450.0,450.0,"{""Shopping"": 37, ""Groceries"": 10, ""Transportation"": 10, ""Food and Dining"": 9, ""Finance"": 5, ""Other"": 5, ""Housing and Utilities"": 3, ""Personal Hygiene"": 3, ""Entertainment"": 2, ""Medical/Dental"": 1}"
stats_5673,USR149Et,000000 - 00000001,2024-02-01,-246.19,58,-496.19,250.0,-4.24,200.0,200.0,"{""Shopping"": 28, ""Groceries"": 13, ""Other"": 4, ""Food and Dining"": 4, ""Finance"": 3, ""Housing and Utilities"": 2, ""Transportation"": 2, ""Personal Hygiene"": 1, ""Entertainment"": 1}"
stats_5674,USR149Et,000000 - 00000001,2024-03-01,-331.82,68,-1005.97,674.15,-4.88,350.0,350.0,"{""Shopping"": 35, ""Groceries"": 12, ""Finance"": 6, ""Other"": 5, ""Transportation"": 5, ""Personal Hygiene"": 2, ""Medical/Dental"": 1, ""Travel"": 1, ""Entertainment"": 1}"
stats_5675,USR149Et,000000 - 00000001,2024-04-01,-658.79,59,-658.79,0.0,-11.17,0.0,-100.0,"{""Shopping"": 31, ""Groceries"": 11, ""Personal Hygiene"": 5, ""Food and Dining"": 4, ""Finance"": 3, ""Other"": 3, ""Transportation"": 1, ""Entertainment"": 1}"
stats_5676,USR149Et,000000 - 00000001,2024-05-01,-969.85,79,-1721.85,752.0,-12.28,300.0,-700.0,"{""Shopping"": 23, ""Groceries"": 15, ""Transportation"": 14, ""Other"": 10, ""Food and Dining"": 9, ""Finance"": 4, ""Personal Hygiene"": 3, ""Entertainment"": 1}"
stats_5677,USR149Et,000000 - 00000001,2024-06-01,46.22,61,-1093.21,1139.43,0.76,457.85,-500.0,"{""Groceries"": 17, ""Shopping"": 15, ""Transportation"": 10, ""Finance"": 10, ""Food and Dining"": 4, ""Other"": 2, ""Entertainment"": 2, ""Medical/Dental"": 1}"
stats_5678,USR149Et,000000 - 00000001,2024-07-01,-227.72,67,-1560.29,1332.57,-3.4,310.65,310.65,"{""Groceries"": 18, ""Transportation"": 16, ""Finance"": 11, ""Shopping"": 8, ""Food and Dining"": 5, ""Other"": 4, ""Personal Hygiene"": 3, ""Housing and Utilities"": 1, ""Entertainment"": 1}"
stats_5679,USR149Et,000000 - 00000001,2024-08-01,446.73,56,-1206.63,1653.36,7.98,376.03,376.03,"{""Groceries"": 19, ""Shopping"": 12, ""Finance"": 7, ""Transportation"": 7, ""Food and Dining"": 5, ""Other"": 3, ""Personal Hygiene"": 1, ""Entertainment"": 1, ""Medical/Dental"": 1}"
stats_5680,USR149Et,000000 - 00000001,2024-09-01,374.9,57,-981.94,1356.84,6.58,414.0,414.0,"{""Groceries"": 17, ""Shopping"": 14, ""Other"": 7, ""Food and Dining"": 6, ""Finance"": 5, ""Transportation"": 4, ""Entertainment"": 2, ""Personal Hygiene"": 1, ""Medical/Dental"": 1}"
stats_5681,USR149Et,000000 - 00000001,2024-10-01,-1856.13,57,-1870.63,14.5,-32.56,9.5,-655.5,"{""Shopping"": 26, ""Groceries"": 11, ""Food and Dining"": 8, ""Other"": 6, ""Transportation"": 3, ""Finance"": 1, ""Personal Hygiene"": 1, ""Entertainment"": 1}"
stats_5682,USR149Et,000000 - 00000001,2024-11-01,-115.0,3,-115.0,0.0,-38.33,0.0,-95.0,"{""Personal Hygiene"": 1, ""Shopping"": 1, ""Finance"": 1}"
stats_5683,USR342cz,000000 - 00000011,2024-10-01,-26.8,5,-31.8,5.0,-5.36,5.0,-15.0,"{""Shopping"": 3, ""Other"": 1, ""Groceries"": 1}"
stats_5684,USR342cz,000000 - 00000011,2024-11-01,-2261.13,60,-2499.19,238.06,-37.69,182.0,-546.5,"{""Shopping"": 20, ""Groceries"": 11, ""Finance"": 9, ""Food and Dining"": 7, ""Other"": 6, ""Transportation"": 3, ""Personal Hygiene"": 2, ""Medical/Dental"": 1, ""Entertainment"": 1}"
stats_5685,USR342cz,000000 - 00000011,2024-12-01,-1593.79,61,-1615.52,21.73,-26.13,18.33,-600.0,"{""Groceries"": 15, ""Shopping"": 13, ""Food and Dining"": 10, ""Finance"": 7, ""Transportation"": 5, ""Other"": 5, ""Personal Hygiene"": 2, ""Medical/Dental"": 2, ""Entertainment"": 2}"
stats_5686,USR342cz,000000 - 00000011,2025-01-01,-697.31,53,-697.31,0.0,-13.16,0.0,-83.0,"{""Shopping"": 17, ""Groceries"": 14, ""Food and Dining"": 12, ""Other"": 3, ""Entertainment"": 3, ""Finance"": 2, ""Transportation"": 1, ""Personal Hygiene"": 1}"
stats_5687,USR342cz,000000 - 00000011,2025-02-01,-1379.31,52,-1404.31,25.0,-26.53,25.0,-406.77,"{""Groceries"": 14, ""Shopping"": 12, ""Food and Dining"": 7, ""Transportation"": 7, ""Other"": 4, ""Finance"": 3, ""Travel"": 2, ""Entertainment"": 2, ""Personal Hygiene"": 1}"
stats_5688,USR342cz,000000 - 00000011,2025-03-01,-1223.48,74,-1756.68,533.2,-16.53,300.0,-396.22,"{""Shopping"": 22, ""Food and Dining"": 13, ""Groceries"": 12, ""Transportation"": 10, ""Other"": 10, ""Finance"": 3, ""Travel"": 1, ""Personal Hygiene"": 1, ""Medical/Dental"": 1, ""Entertainment"": 1}"
stats_5689,USR342cz,000000 - 00000011,2025-04-01,-1127.18,47,-1427.18,300.0,-23.98,300.0,-333.1,"{""Groceries"": 13, ""Shopping"": 10, ""Food and Dining"": 9, ""Transportation"": 5, ""Other"": 3, ""Personal Hygiene"": 2, ""Finance"": 2, ""Medical/Dental"": 1, ""Travel"": 1, ""Entertainment"": 1}"
stats_5690,USR342cz,000000 - 00000011,2025-05-01,-1532.87,72,-1960.77,427.9,-21.29,317.9,-600.0,"{""Groceries"": 20, ""Food and Dining"": 19, ""Shopping"": 12, ""Finance"": 7, ""Transportation"": 7, ""Personal Hygiene"": 2, ""Other"": 2, ""Travel"": 1, ""Medical/Dental"": 1, ""Entertainment"": 1}"
stats_5691,USR342cz,000000 - 00000011,2025-06-01,-781.7,69,-2083.19,1301.49,-11.33,331.34,-400.0,"{""Shopping"": 14, ""Transportation"": 12, ""Finance"": 11, ""Groceries"": 9, ""Food and Dining"": 8, ""Other"": 6, ""Personal Hygiene"": 4, ""Medical/Dental"": 3, ""Travel"": 1, ""Entertainment"": 1}"
stats_5692,USR342cz,000000 - 00000011,2025-07-01,-219.1,97,-1418.59,1199.49,-2.26,391.3,391.3,"{""Groceries"": 28, ""Food and Dining"": 19, ""Shopping"": 17, ""Transportation"": 14, ""Other"": 7, ""Finance"": 6, ""Personal Hygiene"": 2, ""Medical/Dental"": 2, ""Entertainment"": 2}"
stats_5693,USR342cz,000000 - 00000011,2025-08-01,-114.4,66,-1085.84,971.44,-1.73,364.74,364.74,"{""Shopping"": 16, ""Food and Dining"": 14, ""Groceries"": 14, ""Other"": 8, ""Transportation"": 5, ""Finance"": 4, ""Personal Hygiene"": 3, ""Travel"": 1, ""Entertainment"": 1}"
stats_5694,USR342cz,000000 - 00000011,2025-09-01,-1123.86,78,-1152.76,28.9,-14.41,21.9,-353.25,"{""Food and Dining"": 23, ""Groceries"": 22, ""Shopping"": 22, ""Other"": 4, ""Finance"": 3, ""Personal Hygiene"": 2, ""Transportation"": 1, ""Entertainment"": 1}"
stats_5695,USR342cz,000000 - 00000011,2025-10-01,-292.67,66,-1178.35,885.68,-4.43,500.0,500.0,"{""Shopping"": 29, ""Food and Dining"": 10, ""Other"": 9, ""Groceries"": 6, ""Finance"": 4, ""Transportation"": 3, ""Personal Hygiene"": 3, ""Medical/Dental"": 1, ""Entertainment"": 1}"
stats_5696,USR739UP,11111111,2023-06-01,111.21,60,-2028.54,2139.75,1.85,500.0,-500.9,"{""Finance"": 34, ""Groceries"": 10, ""Personal Hygiene"": 5, ""Other"": 5, ""Shopping"": 2, ""Transportation"": 1, ""Food and Dining"": 1, ""Entertainment"": 1, ""Housing and Utilities"": 1}"
stats_5697,USR739UP,11111111,2023-07-01,494.86,153,-1687.95,2182.81,3.23,488.77,488.77,"{""Finance"": 109, ""Groceries"": 18, ""Food and Dining"": 8, ""Other"": 6, ""Shopping"": 6, ""Personal Hygiene"": 5, ""Transportation"": 1}"
stats_5698,USR739UP,11111111,2023-08-01,-182.14,178,-2516.42,2334.28,-1.02,461.58,-461.58,"{""Finance"": 116, ""Other"": 19, ""Groceries"": 16, ""Food and Dining"": 9, ""Shopping"": 8, ""Personal Hygiene"": 5, ""Entertainment"": 3, ""Transportation"": 2}"
stats_5699,USR739UP,11111111,2023-09-01,-364.45,117,-1189.6,825.15,-3.11,205.19,-259.0,"{""Finance"": 79, ""Groceries"": 13, ""Shopping"": 10, ""Food and Dining"": 5, ""Other"": 4, ""Transportation"": 3, ""Personal Hygiene"": 2, ""Entertainment"": 1}"
stats_5700,USR739UP,11111111,2023-10-01,292.61,138,-1982.18,2274.79,2.12,500.0,500.0,"{""Finance"": 104, ""Groceries"": 11, ""Shopping"": 7, ""Food and Dining"": 6, ""Other"": 6, ""Personal Hygiene"": 3, ""Transportation"": 1}"
stats_5701,USR739UP,11111111,2023-11-01,-332.67,104,-547.38,214.71,-3.2,100.0,-100.0,"{""Finance"": 71, ""Groceries"": 14, ""Food and Dining"": 10, ""Other"": 4, ""Shopping"": 3, ""Transportation"": 1, ""Entertainment"": 1}"
stats_5702,USR739UP,11111111,2023-12-01,-18.4,5,-37.33,18.93,-3.68,18.33,-18.4,"{""Finance"": 4, ""Shopping"": 1}"
stats_5703,USR739UP,11111111,2024-03-01,399.83,98,-2641.67,3041.5,4.08,550.63,550.63,"{""Finance"": 67, ""Shopping"": 14, ""Other"": 8, ""Food and Dining"": 4, ""Travel"": 2, ""Groceries"": 2, ""Transportation"": 1}"
stats_5704,USR739UP,11111111,2024-04-01,-30.51,163,-1981.58,1951.07,-0.19,1050.0,1050.0,"{""Finance"": 124, ""Groceries"": 17, ""Food and Dining"": 9, ""Shopping"": 9, ""Housing and Utilities"": 2, ""Other"": 2}"
stats_5705,USR739UP,11111111,2024-05-01,-48.08,204,-960.22,912.14,-0.24,300.0,300.0,"{""Finance"": 154, ""Groceries"": 12, ""Food and Dining"": 10, ""Transportation"": 10, ""Other"": 6, ""Personal Hygiene"": 6, ""Shopping"": 4, ""Housing and Utilities"": 1, ""Travel"": 1}"
stats_5706,USR739UP,11111111,2024-06-01,422.58,199,-7005.12,7427.7,2.12,2000.0,2000.0,"{""Finance"": 150, ""Groceries"": 15, ""Other"": 9, ""Food and Dining"": 8, ""Shopping"": 6, ""Personal Hygiene"": 5, ""Transportation"": 3, ""Travel"": 2, ""Housing and Utilities"": 1}"
stats_5707,USR739UP,11111111,2024-07-01,-427.27,136,-4488.53,4061.26,-3.14,1421.75,1421.75,"{""Finance"": 101, ""Groceries"": 15, ""Shopping"": 6, ""Food and Dining"": 5, ""Other"": 4, ""Transportation"": 2, ""Housing and Utilities"": 1, ""Entertainment"": 1, ""Personal Hygiene"": 1}"
stats_5708,USR739UP,11111111,2024-08-01,234.58,284,-1138.54,1373.12,0.83,725.52,725.52,"{""Finance"": 210, ""Groceries"": 20, ""Food and Dining"": 18, ""Shopping"": 14, ""Other"": 11, ""Travel"": 3, ""Personal Hygiene"": 3, ""Housing and Utilities"": 2, ""Transportation"": 2, ""Entertainment"": 1}"
stats_5709,USR739UP,11111111,2024-09-01,-489.36,148,-3519.32,3029.96,-3.31,1000.0,1000.0,"{""Finance"": 113, ""Groceries"": 15, ""Shopping"": 8, ""Other"": 7, ""Food and Dining"": 4, ""Personal Hygiene"": 1}"
stats_5710,USR739UP,11111111,2024-10-01,237.73,58,-2048.75,2286.48,4.1,500.0,-685.92,"{""Finance"": 47, ""Groceries"": 4, ""Other"": 4, ""Transportation"": 2, ""Travel"": 1}"
stats_5711,USR739UP,11111111,2024-11-01,-181.0,36,-2187.64,2006.64,-5.03,700.0,700.0,"{""Finance"": 31, ""Travel"": 2, ""Transportation"": 2, ""Shopping"": 1}"
stats_5712,USR739UP,11111111,2024-12-01,-117.0,88,-1129.74,1012.74,-1.33,400.0,400.0,"{""Finance"": 67, ""Other"": 11, ""Shopping"": 4, ""Groceries"": 2, ""Food and Dining"": 2, ""Transportation"": 2}"
stats_5713,USR739UP,11111111,2025-01-01,1.0,3,-1.0,2.0,0.33,1.0,1.0,"{""Finance"": 3}"
stats_5714,USR739UP,11111111,2025-02-01,19.0,36,-328.02,347.02,0.53,150.0,150.0,"{""Finance"": 31, ""Other"": 2, ""Food and Dining"": 1, ""Groceries"": 1, ""Personal Hygiene"": 1}"
stats_5715,USR739UP,11111111,2025-03-01,91.0,7,-109.71,200.71,13.0,100.0,-100.0,"{""Finance"": 6, ""Food and Dining"": 1}"
stats_5716,USR739UP,11111111,2025-04-01,-60.0,6,-240.0,180.0,-10.0,100.0,100.0,"{""Finance"": 6}"
stats_5717,USR739UP,11111111,2025-05-01,-32.83,56,-493.99,461.16,-0.59,133.07,133.07,"{""Finance"": 44, ""Other"": 4, ""Food and Dining"": 4, ""Transportation"": 1, ""Groceries"": 1, ""Travel"": 1, ""Shopping"": 1}"
stats_5718,USR739UP,11111111,2025-06-01,58.73,67,-513.14,571.87,0.88,200.0,-200.0,"{""Finance"": 44, ""Other"": 17, ""Food and Dining"": 5, ""Groceries"": 1}"
stats_5719,USR739UP,11111111,2025-07-01,61.64,126,-550.89,612.53,0.49,203.71,203.71,"{""Finance"": 91, ""Food and Dining"": 10, ""Groceries"": 9, ""Other"": 8, ""Transportation"": 3, ""Personal Hygiene"": 3, ""Shopping"": 2}"
stats_5720,USR739UP,11111111,2025-08-01,-26.19,200,-2033.09,2006.9,-0.13,200.0,200.0,"{""Finance"": 157, ""Groceries"": 13, ""Food and Dining"": 10, ""Other"": 8, ""Personal Hygiene"": 5, ""Shopping"": 4, ""Travel"": 1, ""Medical/Dental"": 1, ""Transportation"": 1}"
stats_5721,USR739UP,11111111,2025-09-01,-112.26,197,-16384.52,16272.26,-0.57,3000.0,3000.0,"{""Finance"": 162, ""Other"": 9, ""Food and Dining"": 9, ""Groceries"": 8, ""Personal Hygiene"": 4, ""Transportation"": 3, ""Shopping"": 2}"
stats_5722,USR739UP,11111111,2025-10-01,14.99,54,-7551.65,7566.64,0.28,3154.75,3154.75,"{""Finance"": 47, ""Other"": 5, ""Shopping"": 1, ""Personal Hygiene"": 1}"
stats_5723,USR739UP,11111111,2025-11-01,1.0,14,-59.4,60.4,0.07,20.0,20.0,"{""Finance"": 12, ""Food and Dining"": 1, ""Entertainment"": 1}"
stats_5724,USR354Rs,db6f3eab8d36401ab29fe42bdf3280ef,2023-10-01,3050.0,3,-50.0,3100.0,1016.67,3000.0,3000.0,"{""Other"": 3}"
stats_5725,USR698Qr,00140a6c17ce4d3a9dd455073c5cac0a,2025-08-01,-109.92,7,-109.92,0.0,-15.7,-1.49,-34.0,"{""Other"": 4, ""Food and Dining"": 2, ""Transportation"": 1}"
stats_5726,USR698Qr,00140a6c17ce4d3a9dd455073c5cac0a,2025-09-01,1.63,45,-1889.12,1890.75,0.04,1887.03,1887.03,"{""Other"": 27, ""Food and Dining"": 8, ""Transportation"": 5, ""Shopping"": 3, ""Entertainment"": 1, ""Groceries"": 1}"
stats_5727,USR698Qr,00140a6c17ce4d3a9dd455073c5cac0a,2025-10-01,89.35,44,-1801.4,1890.75,2.03,1887.03,1887.03,"{""Other"": 25, ""Food and Dining"": 10, ""Transportation"": 4, ""Shopping"": 3, ""Entertainment"": 1, ""Groceries"": 1}"
stats_5728,USR698Qr,00140a6c17ce4d3a9dd455073c5cac0a,2025-11-01,-14.27,2,-17.99,3.72,-7.14,3.72,-17.99,"{""Food and Dining"": 1, ""Other"": 1}"
stats_5729,USR992ZI,38fdaceb6f364a50b21ba31b9a80306b,2025-09-01,200.0,1,0.0,200.0,200.0,200.0,200.0,"{""Other"": 1}"
stats_5730,USR992ZI,38fdaceb6f364a50b21ba31b9a80306b,2025-10-01,200.0,1,0.0,200.0,200.0,200.0,200.0,"{""Other"": 1}"
stats_5731,USR352pI,084611e2c55c45a0a153ff24e2b5cb50,2025-09-01,200.0,1,0.0,200.0,200.0,200.0,200.0,"{""Other"": 1}"
stats_5732,USR352pI,084611e2c55c45a0a153ff24e2b5cb50,2025-10-01,200.0,1,0.0,200.0,200.0,200.0,200.0,"{""Other"": 1}"
stats_5733,USR227ai,0c47e3c72eec4c2286f2d2f04c5e8433,2025-08-01,-33.47,3,-33.47,0.0,-11.16,-3.79,-23.99,"{""Food and Dining"": 2, ""Other"": 1}"
stats_5734,USR227ai,0c47e3c72eec4c2286f2d2f04c5e8433,2025-09-01,-101.51,47,-1992.26,1890.75,-2.16,1887.03,1887.03,"{""Other"": 23, ""Food and Dining"": 7, ""Transportation"": 6, ""Finance"": 5, ""Groceries"": 3, ""Shopping"": 2, ""Entertainment"": 1}"
stats_5735,USR227ai,0c47e3c72eec4c2286f2d2f04c5e8433,2025-10-01,-14.79,46,-1905.54,1890.75,-0.32,1887.03,1887.03,"{""Other"": 21, ""Food and Dining"": 8, ""Finance"": 6, ""Transportation"": 5, ""Groceries"": 3, ""Shopping"": 2, ""Entertainment"": 1}"
stats_5736,USR227ai,0c47e3c72eec4c2286f2d2f04c5e8433,2025-11-01,-14.27,2,-17.99,3.72,-7.14,3.72,-17.99,"{""Food and Dining"": 1, ""Other"": 1}"
stats_5737,USR086qQ,fb2d93d065bd45c9893f58d31839cde8,2025-09-01,200.0,1,0.0,200.0,200.0,200.0,200.0,"{""Other"": 1}"
stats_5738,USR086qQ,fb2d93d065bd45c9893f58d31839cde8,2025-10-01,200.0,1,0.0,200.0,200.0,200.0,200.0,"{""Other"": 1}"
stats_5739,USR592MJ,ff109f0c99a146e9bb9e30ccfac01582,2025-08-01,-3.79,1,-3.79,0.0,-3.79,-3.79,-3.79,"{""Other"": 1}"
stats_5740,USR592MJ,ff109f0c99a146e9bb9e30ccfac01582,2025-09-01,-136.36,48,-2027.11,1890.75,-2.84,1887.03,1887.03,"{""Other"": 29, ""Groceries"": 6, ""Food and Dining"": 6, ""Shopping"": 4, ""Entertainment"": 2, ""Transportation"": 1}"
stats_5741,USR592MJ,ff109f0c99a146e9bb9e30ccfac01582,2025-10-01,-49.64,47,-1940.39,1890.75,-1.06,1887.03,1887.03,"{""Other"": 28, ""Food and Dining"": 7, ""Groceries"": 5, ""Shopping"": 4, ""Entertainment"": 2, ""Transportation"": 1}"
stats_5742,USR592MJ,ff109f0c99a146e9bb9e30ccfac01582,2025-11-01,-14.27,2,-17.99,3.72,-7.14,3.72,-17.99,"{""Other"": 1, ""Food and Dining"": 1}"
stats_5743,USR163vx,edb7ed6c075646948c8fb81b63b5ba75,2025-10-01,-256.67,1,-256.67,0.0,-256.67,-256.67,-256.67,"{""Other"": 1}"
stats_5744,USR000Ux,9a0ba5d9c1f649dfbfaf18adec749a6a,2025-09-01,2000.0,1,0.0,2000.0,2000.0,2000.0,2000.0,"{""Other"": 1}"
stats_5745,USR000Ux,9a0ba5d9c1f649dfbfaf18adec749a6a,2025-10-01,2000.0,1,0.0,2000.0,2000.0,2000.0,2000.0,"{""Other"": 1}"
stats_5746,USR149vb,c933b12ce50c48dcb4208e2d5fe59c4e,2025-08-01,-334.7,3,-334.7,0.0,-111.57,-37.9,-239.9,"{""Food and Dining"": 2, ""Other"": 1}"
stats_5747,USR149vb,c933b12ce50c48dcb4208e2d5fe59c4e,2025-09-01,-1089.5,47,-19959.8,18870.3,-23.18,18870.3,18870.3,"{""Other"": 25, ""Shopping"": 7, ""Medical/Dental"": 5, ""Finance"": 4, ""Food and Dining"": 3, ""Entertainment"": 2, ""Groceries"": 1}"
stats_5748,USR149vb,c933b12ce50c48dcb4208e2d5fe59c4e,2025-10-01,-222.3,46,-19092.6,18870.3,-4.83,18870.3,18870.3,"{""Other"": 24, ""Shopping"": 7, ""Finance"": 5, ""Medical/Dental"": 4, ""Food and Dining"": 3, ""Entertainment"": 2, ""Groceries"": 1}"
stats_5749,USR149vb,c933b12ce50c48dcb4208e2d5fe59c4e,2025-11-01,-217.1,2,-217.1,0.0,-108.55,-37.2,-179.9,"{""Other"": 2}"
stats_5750,USR208yg,2901b5ccd9d84760926e25640dbb70cd,2025-08-01,-30.27,3,-30.27,0.0,-10.09,-2.49,-23.99,"{""Other"": 2, ""Food and Dining"": 1}"
stats_5751,USR208yg,2901b5ccd9d84760926e25640dbb70cd,2025-09-01,-101.51,47,-1992.26,1890.75,-2.16,1887.03,1887.03,"{""Other"": 32, ""Food and Dining"": 6, ""Shopping"": 4, ""Entertainment"": 2, ""Finance"": 1, ""Groceries"": 1, ""Transportation"": 1}"
stats_5752,USR208yg,2901b5ccd9d84760926e25640dbb70cd,2025-10-01,-14.79,46,-1905.54,1890.75,-0.32,1887.03,1887.03,"{""Other"": 30, ""Food and Dining"": 7, ""Shopping"": 4, ""Entertainment"": 2, ""Finance"": 1, ""Groceries"": 1, ""Transportation"": 1}"
stats_5753,USR208yg,2901b5ccd9d84760926e25640dbb70cd,2025-11-01,-14.27,2,-17.99,3.72,-7.14,3.72,-17.99,"{""Food and Dining"": 1, ""Other"": 1}"
stats_5754,USR463UE,725cf38790664fdb925d23618ee24518,2025-09-01,200.0,1,0.0,200.0,200.0,200.0,200.0,"{""Shopping"": 1}"
stats_5755,USR463UE,725cf38790664fdb925d23618ee24518,2025-10-01,200.0,1,0.0,200.0,200.0,200.0,200.0,"{""Shopping"": 1}"
stats_5756,USR980UY,d6cc56bc402a4685829f0de347af4c63,2024-04-01,3206.26,3,-3.74,3210.0,1068.75,3210.0,3210.0,"{""Food and Dining"": 2, ""Finance"": 1}"
stats_5757,USR980UY,d6cc56bc402a4685829f0de347af4c63,2024-05-01,3200.65,6,-9.35,3210.0,533.44,3210.0,3210.0,"{""Food and Dining"": 5, ""Finance"": 1}"
stats_5758,USR980UY,d6cc56bc402a4685829f0de347af4c63,2024-06-01,3202.52,5,-7.48,3210.0,640.5,3210.0,3210.0,"{""Food and Dining"": 4, ""Finance"": 1}"
stats_5759,USR980UY,d6cc56bc402a4685829f0de347af4c63,2024-07-01,3202.52,5,-7.48,3210.0,640.5,3210.0,3210.0,"{""Food and Dining"": 4, ""Finance"": 1}"
stats_5760,USR980UY,d6cc56bc402a4685829f0de347af4c63,2024-08-01,3200.65,6,-9.35,3210.0,533.44,3210.0,3210.0,"{""Food and Dining"": 5, ""Finance"": 1}"
stats_5761,USR980UY,d6cc56bc402a4685829f0de347af4c63,2024-09-01,3202.52,5,-7.48,3210.0,640.5,3210.0,3210.0,"{""Food and Dining"": 4, ""Finance"": 1}"
stats_5762,USR980UY,d6cc56bc402a4685829f0de347af4c63,2024-10-01,3202.52,5,-7.48,3210.0,640.5,3210.0,3210.0,"{""Food and Dining"": 4, ""Finance"": 1}"
stats_5763,USR980UY,d6cc56bc402a4685829f0de347af4c63,2024-11-01,3200.65,6,-9.35,3210.0,533.44,3210.0,3210.0,"{""Food and Dining"": 5, ""Finance"": 1}"
stats_5764,USR980UY,d6cc56bc402a4685829f0de347af4c63,2024-12-01,3202.52,5,-7.48,3210.0,640.5,3210.0,3210.0,"{""Food and Dining"": 4, ""Finance"": 1}"
stats_5765,USR980UY,d6cc56bc402a4685829f0de347af4c63,2025-01-01,3200.65,6,-9.35,3210.0,533.44,3210.0,3210.0,"{""Food and Dining"": 5, ""Finance"": 1}"
stats_5766,USR980UY,d6cc56bc402a4685829f0de347af4c63,2025-02-01,3202.52,5,-7.48,3210.0,640.5,3210.0,3210.0,"{""Food and Dining"": 4, ""Finance"": 1}"
stats_5767,USR980UY,d6cc56bc402a4685829f0de347af4c63,2025-03-01,3202.52,5,-7.48,3210.0,640.5,3210.0,3210.0,"{""Food and Dining"": 4, ""Finance"": 1}"
stats_5768,USR980UY,d6cc56bc402a4685829f0de347af4c63,2025-04-01,3202.52,5,-7.48,3210.0,640.5,3210.0,3210.0,"{""Food and Dining"": 4, ""Finance"": 1}"
stats_5769,USR980UY,d6cc56bc402a4685829f0de347af4c63,2025-05-01,3200.65,6,-9.35,3210.0,533.44,3210.0,3210.0,"{""Food and Dining"": 5, ""Finance"": 1}"
stats_5770,USR980UY,d6cc56bc402a4685829f0de347af4c63,2025-06-01,3202.52,5,-7.48,3210.0,640.5,3210.0,3210.0,"{""Food and Dining"": 4, ""Finance"": 1}"
stats_5771,USR980UY,d6cc56bc402a4685829f0de347af4c63,2025-07-01,3202.52,5,-7.48,3210.0,640.5,3210.0,3210.0,"{""Food and Dining"": 4, ""Finance"": 1}"
stats_5772,USR980UY,d6cc56bc402a4685829f0de347af4c63,2025-08-01,3200.65,6,-9.35,3210.0,533.44,3210.0,3210.0,"{""Food and Dining"": 5, ""Finance"": 1}"
stats_5773,USR980UY,d6cc56bc402a4685829f0de347af4c63,2025-09-01,3202.52,5,-7.48,3210.0,640.5,3210.0,3210.0,"{""Food and Dining"": 4, ""Finance"": 1}"
stats_5774,USR980UY,d6cc56bc402a4685829f0de347af4c63,2025-10-01,3200.65,6,-9.35,3210.0,533.44,3210.0,3210.0,"{""Food and Dining"": 5, ""Finance"": 1}"
stats_5775,USR673YB,6729b669f9e2456a9fbdee4e94d641c8,2025-09-01,200.0,1,0.0,200.0,200.0,200.0,200.0,"{""Finance"": 1}"
stats_5776,USR673YB,6729b669f9e2456a9fbdee4e94d641c8,2025-10-01,200.0,1,0.0,200.0,200.0,200.0,200.0,"{""Finance"": 1}"
stats_5777,USR829qO,41e035480df54e979ecd6234c2010921,2025-08-01,-34.65,3,-34.65,0.0,-11.55,-4.97,-23.99,"{""Food and Dining"": 2, ""Other"": 1}"
stats_5778,USR829qO,41e035480df54e979ecd6234c2010921,2025-09-01,-111.31,47,-1998.34,1887.03,-2.37,1887.03,1887.03,"{""Food and Dining"": 12, ""Other"": 10, ""Groceries"": 9, ""Transportation"": 5, ""Finance"": 4, ""Shopping"": 3, ""Entertainment"": 2, ""Housing and Utilities"": 1, ""Fitness"": 1}"
stats_5779,USR829qO,41e035480df54e979ecd6234c2010921,2025-10-01,-24.59,46,-1911.62,1887.03,-0.53,1887.03,1887.03,"{""Food and Dining"": 14, ""Other"": 9, ""Groceries"": 8, ""Finance"": 4, ""Transportation"": 4, ""Shopping"": 3, ""Entertainment"": 2, ""Housing and Utilities"": 1, ""Fitness"": 1}"
stats_5780,USR829qO,41e035480df54e979ecd6234c2010921,2025-11-01,-21.71,2,-21.71,0.0,-10.86,-3.72,-17.99,"{""Food and Dining"": 1, ""Finance"": 1}"
stats_5781,USR989QU,82e4bce631ce4afcace0ca4d36cc4958,2025-09-01,230.0,1,0.0,230.0,230.0,230.0,230.0,"{""Other"": 1}"
stats_5782,USR989QU,82e4bce631ce4afcace0ca4d36cc4958,2025-10-01,230.0,1,0.0,230.0,230.0,230.0,230.0,"{""Other"": 1}"
stats_5783,USR844Xx,7372a72bc03c4ab49492a481c2cfc7f5,2025-08-01,-143.38,7,-143.38,0.0,-20.48,-1.67,-38.08,"{""Other"": 2, ""Finance"": 2, ""Shopping"": 1, ""Food and Dining"": 1, ""Housing and Utilities"": 1}"
stats_5784,USR844Xx,7372a72bc03c4ab49492a481c2cfc7f5,2025-09-01,-3.3,45,-2119.42,2116.12,-0.07,2111.95,2111.95,"{""Other"": 22, ""Shopping"": 12, ""Finance"": 6, ""Food and Dining"": 2, ""Housing and Utilities"": 2, ""Entertainment"": 1}"
stats_5785,USR844Xx,7372a72bc03c4ab49492a481c2cfc7f5,2025-10-01,94.93,44,-2021.19,2116.12,2.16,2111.95,2111.95,"{""Other"": 22, ""Shopping"": 10, ""Finance"": 7, ""Food and Dining"": 2, ""Housing and Utilities"": 2, ""Entertainment"": 1}"
stats_5786,USR844Xx,7372a72bc03c4ab49492a481c2cfc7f5,2025-11-01,-15.98,2,-20.15,4.17,-7.99,4.17,-20.15,"{""Other"": 1, ""Food and Dining"": 1}"
stats_5787,USR338ns,0b938997d88247d69ef5234ff5bf653b,2025-09-01,200.0,1,0.0,200.0,200.0,200.0,200.0,"{""Other"": 1}"
stats_5788,USR338ns,0b938997d88247d69ef5234ff5bf653b,2025-10-01,200.0,1,0.0,200.0,200.0,200.0,200.0,"{""Other"": 1}"
stats_5789,USR526MW,ada3d0f52c0848b985022952fef7031f,2025-08-01,-33.47,3,-33.47,0.0,-11.16,-3.79,-23.99,"{""Food and Dining"": 1, ""Shopping"": 1, ""Other"": 1}"
stats_5790,USR526MW,ada3d0f52c0848b985022952fef7031f,2025-09-01,-101.51,47,-1992.26,1890.75,-2.16,1887.03,1887.03,"{""Other"": 27, ""Food and Dining"": 7, ""Groceries"": 5, ""Shopping"": 4, ""Entertainment"": 2, ""Housing and Utilities"": 1, ""Transportation"": 1}"
stats_5791,USR526MW,ada3d0f52c0848b985022952fef7031f,2025-10-01,-14.79,46,-1905.54,1890.75,-0.32,1887.03,1887.03,"{""Other"": 25, ""Food and Dining"": 9, ""Groceries"": 4, ""Shopping"": 4, ""Entertainment"": 2, ""Housing and Utilities"": 1, ""Transportation"": 1}"
stats_5792,USR526MW,ada3d0f52c0848b985022952fef7031f,2025-11-01,-14.27,2,-17.99,3.72,-7.14,3.72,-17.99,"{""Other"": 2}"
stats_5793,USR667ih,7f516dc6ddf5450f86f30b9fe0ba67ea,2025-08-01,-334.7,3,-334.7,0.0,-111.57,-37.9,-239.9,"{""Food and Dining"": 2, ""Other"": 1}"
stats_5794,USR667ih,7f516dc6ddf5450f86f30b9fe0ba67ea,2025-09-01,-1015.1,47,-19922.6,18907.5,-21.6,18870.3,18870.3,"{""Other"": 30, ""Food and Dining"": 9, ""Shopping"": 5, ""Entertainment"": 2, ""Finance"": 1}"
stats_5795,USR667ih,7f516dc6ddf5450f86f30b9fe0ba67ea,2025-10-01,-147.9,46,-19055.4,18907.5,-3.22,18870.3,18870.3,"{""Other"": 29, ""Food and Dining"": 10, ""Shopping"": 4, ""Entertainment"": 2, ""Finance"": 1}"
stats_5796,USR667ih,7f516dc6ddf5450f86f30b9fe0ba67ea,2025-11-01,-142.7,2,-179.9,37.2,-71.35,37.2,-179.9,"{""Food and Dining"": 1, ""Finance"": 1}"
stats_5797,USR310Mk,e012264a41a44d28b32f66f40200bb8e,2025-09-01,2000.0,1,0.0,2000.0,2000.0,2000.0,2000.0,"{""Other"": 1}"
stats_5798,USR310Mk,e012264a41a44d28b32f66f40200bb8e,2025-10-01,2000.0,1,0.0,2000.0,2000.0,2000.0,2000.0,"{""Other"": 1}"
stats_5799,USR235aH,4bb60c8682f543e8939a659d14a20124,2024-01-01,10000.0,2,0.0,10000.0,5000.0,5000.0,5000.0,"{""Finance"": 1, ""Other"": 1}"
stats_5800,USR235aH,4bb60c8682f543e8939a659d14a20124,2024-02-01,5250.0,2,0.0,5250.0,2625.0,5000.0,5000.0,"{""Finance"": 1, ""Other"": 1}"
stats_5801,USR235aH,4bb60c8682f543e8939a659d14a20124,2024-03-01,6000.0,2,0.0,6000.0,3000.0,5000.0,5000.0,"{""Other"": 1, ""Finance"": 1}"
stats_5802,USR235aH,4bb60c8682f543e8939a659d14a20124,2024-04-01,5000.0,1,0.0,5000.0,5000.0,5000.0,5000.0,"{""Finance"": 1}"
stats_5803,USR235aH,4bb60c8682f543e8939a659d14a20124,2024-05-01,5000.0,1,0.0,5000.0,5000.0,5000.0,5000.0,"{""Finance"": 1}"
stats_5804,USR235aH,4bb60c8682f543e8939a659d14a20124,2024-06-01,5000.0,1,0.0,5000.0,5000.0,5000.0,5000.0,"{""Finance"": 1}"
stats_5805,USR235aH,4bb60c8682f543e8939a659d14a20124,2024-07-01,5000.0,1,0.0,5000.0,5000.0,5000.0,5000.0,"{""Finance"": 1}"
stats_5806,USR235aH,4bb60c8682f543e8939a659d14a20124,2024-08-01,5000.0,1,0.0,5000.0,5000.0,5000.0,5000.0,"{""Finance"": 1}"
stats_5807,USR235aH,4bb60c8682f543e8939a659d14a20124,2024-09-01,5000.0,1,0.0,5000.0,5000.0,5000.0,5000.0,"{""Finance"": 1}"
stats_5808,USR235aH,4bb60c8682f543e8939a659d14a20124,2024-10-01,5000.0,1,0.0,5000.0,5000.0,5000.0,5000.0,"{""Finance"": 1}"
stats_5809,USR235aH,4bb60c8682f543e8939a659d14a20124,2024-11-01,5000.0,1,0.0,5000.0,5000.0,5000.0,5000.0,"{""Finance"": 1}"
stats_5810,USR235aH,4bb60c8682f543e8939a659d14a20124,2024-12-01,5000.0,1,0.0,5000.0,5000.0,5000.0,5000.0,"{""Finance"": 1}"
stats_5811,USR235aH,4bb60c8682f543e8939a659d14a20124,2025-01-01,5000.0,1,0.0,5000.0,5000.0,5000.0,5000.0,"{""Finance"": 1}"
stats_5812,USR235aH,4bb60c8682f543e8939a659d14a20124,2025-02-01,5000.0,1,0.0,5000.0,5000.0,5000.0,5000.0,"{""Finance"": 1}"
stats_5813,USR235aH,4bb60c8682f543e8939a659d14a20124,2025-03-01,5000.0,1,0.0,5000.0,5000.0,5000.0,5000.0,"{""Finance"": 1}"
stats_5814,USR235aH,4bb60c8682f543e8939a659d14a20124,2025-04-01,5000.0,1,0.0,5000.0,5000.0,5000.0,5000.0,"{""Finance"": 1}"
stats_5815,USR235aH,4bb60c8682f543e8939a659d14a20124,2025-05-01,5000.0,1,0.0,5000.0,5000.0,5000.0,5000.0,"{""Finance"": 1}"
stats_5816,USR235aH,4bb60c8682f543e8939a659d14a20124,2025-06-01,5000.0,1,0.0,5000.0,5000.0,5000.0,5000.0,"{""Finance"": 1}"
stats_5817,USR235aH,4bb60c8682f543e8939a659d14a20124,2025-07-01,5000.0,1,0.0,5000.0,5000.0,5000.0,5000.0,"{""Finance"": 1}"
stats_5818,USR235aH,4bb60c8682f543e8939a659d14a20124,2025-08-01,5000.0,1,0.0,5000.0,5000.0,5000.0,5000.0,"{""Finance"": 1}"
stats_5819,USR235aH,4bb60c8682f543e8939a659d14a20124,2025-09-01,5000.0,1,0.0,5000.0,5000.0,5000.0,5000.0,"{""Finance"": 1}"
stats_5820,USR235aH,4bb60c8682f543e8939a659d14a20124,2025-10-01,5000.0,1,0.0,5000.0,5000.0,5000.0,5000.0,"{""Finance"": 1}"
stats_5821,USR235aH,4bb60c8682f543e8939a659d14a20124,2025-11-01,5000.0,1,0.0,5000.0,5000.0,5000.0,5000.0,"{""Finance"": 1}"
stats_5822,USR218kF,33081974045743388a4274e657c69176,2024-01-01,8.0,6,-25.0,33.0,1.33,33.0,33.0,"{""Transportation"": 6}"
stats_5823,USR218kF,33081974045743388a4274e657c69176,2024-02-01,100.0,6,-20.0,120.0,16.67,100.0,100.0,"{""Transportation"": 4, ""Other"": 1, ""Shopping"": 1}"
stats_5824,USR218kF,33081974045743388a4274e657c69176,2024-03-01,40.0,6,-20.0,60.0,6.67,35.0,35.0,"{""Transportation"": 4, ""Entertainment"": 1, ""Shopping"": 1}"
stats_5825,USR218kF,33081974045743388a4274e657c69176,2024-04-01,-25.0,5,-25.0,0.0,-5.0,-5.0,-5.0,"{""Transportation"": 5}"
stats_5826,USR218kF,33081974045743388a4274e657c69176,2024-05-01,-20.0,4,-20.0,0.0,-5.0,-5.0,-5.0,"{""Transportation"": 4}"
stats_5827,USR218kF,33081974045743388a4274e657c69176,2024-06-01,-20.0,4,-20.0,0.0,-5.0,-5.0,-5.0,"{""Transportation"": 4}"
stats_5828,USR218kF,33081974045743388a4274e657c69176,2024-07-01,-25.0,5,-25.0,0.0,-5.0,-5.0,-5.0,"{""Transportation"": 5}"
stats_5829,USR218kF,33081974045743388a4274e657c69176,2024-08-01,-20.0,4,-20.0,0.0,-5.0,-5.0,-5.0,"{""Transportation"": 4}"
stats_5830,USR218kF,33081974045743388a4274e657c69176,2024-09-01,-25.0,5,-25.0,0.0,-5.0,-5.0,-5.0,"{""Transportation"": 5}"
stats_5831,USR218kF,33081974045743388a4274e657c69176,2024-10-01,-20.0,4,-20.0,0.0,-5.0,-5.0,-5.0,"{""Transportation"": 4}"
stats_5832,USR218kF,33081974045743388a4274e657c69176,2024-11-01,-20.0,4,-20.0,0.0,-5.0,-5.0,-5.0,"{""Transportation"": 4}"
stats_5833,USR900TT,ca93c6e29cd64c288aa462e85c634c88,2025-09-01,230.0,1,0.0,230.0,230.0,230.0,230.0,"{""Other"": 1}"
stats_5834,USR900TT,ca93c6e29cd64c288aa462e85c634c88,2025-10-01,230.0,1,0.0,230.0,230.0,230.0,230.0,"{""Other"": 1}"
stats_5835,USR978oc,f37690212445419c9e5d0fbbda82abc2,2025-08-01,-120.76,7,-120.76,0.0,-17.25,-1.67,-38.08,"{""Other"": 6, ""Food and Dining"": 1}"
stats_5836,USR978oc,f37690212445419c9e5d0fbbda82abc2,2025-09-01,-5.7,45,-2121.82,2116.12,-0.13,2111.95,2111.95,"{""Other"": 29, ""Groceries"": 6, ""Shopping"": 6, ""Food and Dining"": 2, ""Housing and Utilities"": 1, ""Entertainment"": 1}"
stats_5837,USR978oc,f37690212445419c9e5d0fbbda82abc2,2025-10-01,92.53,44,-2023.59,2116.12,2.1,2111.95,2111.95,"{""Other"": 30, ""Groceries"": 5, ""Shopping"": 5, ""Food and Dining"": 2, ""Housing and Utilities"": 1, ""Entertainment"": 1}"
stats_5838,USR978oc,f37690212445419c9e5d0fbbda82abc2,2025-11-01,-15.98,2,-20.15,4.17,-7.99,4.17,-20.15,"{""Food and Dining"": 1, ""Housing and Utilities"": 1}"
stats_5839,USR841fP,5078c8ead42c4f0c90ec882910bcc75c,2025-09-01,200.0,1,0.0,200.0,200.0,200.0,200.0,"{""Other"": 1}"
stats_5840,USR841fP,5078c8ead42c4f0c90ec882910bcc75c,2025-10-01,200.0,1,0.0,200.0,200.0,200.0,200.0,"{""Other"": 1}"
stats_5841,USR526Ci,ad3b198a7f624730a942384dd064f051,2025-08-01,-30.27,3,-30.27,0.0,-10.09,-2.49,-23.99,"{""Shopping"": 2, ""Other"": 1}"
stats_5842,USR526Ci,ad3b198a7f624730a942384dd064f051,2025-09-01,-101.51,47,-1992.26,1890.75,-2.16,1887.03,1887.03,"{""Other"": 34, ""Shopping"": 8, ""Entertainment"": 2, ""Finance"": 1, ""Transportation"": 1, ""Food and Dining"": 1}"
stats_5843,USR526Ci,ad3b198a7f624730a942384dd064f051,2025-10-01,-14.79,46,-1905.54,1890.75,-0.32,1887.03,1887.03,"{""Other"": 32, ""Shopping"": 9, ""Entertainment"": 2, ""Finance"": 1, ""Transportation"": 1, ""Food and Dining"": 1}"
stats_5844,USR526Ci,ad3b198a7f624730a942384dd064f051,2025-11-01,-14.27,2,-17.99,3.72,-7.14,3.72,-17.99,"{""Other"": 2}"
stats_5845,USR257qy,4fd04cb6bfc247ddb3f42419a347e9bc,2025-08-01,-33.47,3,-33.47,0.0,-11.16,-3.79,-23.99,"{""Food and Dining"": 2, ""Other"": 1}"
stats_5846,USR257qy,4fd04cb6bfc247ddb3f42419a347e9bc,2025-09-01,-101.51,47,-1992.26,1890.75,-2.16,1887.03,1887.03,"{""Other"": 25, ""Food and Dining"": 8, ""Transportation"": 5, ""Shopping"": 4, ""Groceries"": 3, ""Finance"": 1, ""Entertainment"": 1}"
stats_5847,USR257qy,4fd04cb6bfc247ddb3f42419a347e9bc,2025-10-01,-14.79,46,-1905.54,1890.75,-0.32,1887.03,1887.03,"{""Other"": 24, ""Food and Dining"": 9, ""Shopping"": 4, ""Transportation"": 4, ""Groceries"": 3, ""Finance"": 1, ""Entertainment"": 1}"
stats_5848,USR257qy,4fd04cb6bfc247ddb3f42419a347e9bc,2025-11-01,-14.27,2,-17.99,3.72,-7.14,3.72,-17.99,"{""Other"": 1, ""Food and Dining"": 1}"
stats_5849,USR748ZE,bfa0dd42f04646098b81b4cbc0bcb678,2025-09-01,200.0,1,0.0,200.0,200.0,200.0,200.0,"{""Finance"": 1}"
stats_5850,USR748ZE,bfa0dd42f04646098b81b4cbc0bcb678,2025-10-01,200.0,1,0.0,200.0,200.0,200.0,200.0,"{""Finance"": 1}"
stats_5851,USR755DK,b4b23f035a9f4b6193e1664c1d4ed782,2025-09-01,230.0,1,0.0,230.0,230.0,230.0,230.0,"{""Other"": 1}"
stats_5852,USR755DK,b4b23f035a9f4b6193e1664c1d4ed782,2025-10-01,230.0,1,0.0,230.0,230.0,230.0,230.0,"{""Other"": 1}"
stats_5853,USR495mL,8c1950bbf34d4de6adcf81d97399d701,2025-08-01,-123.1,7,-123.1,0.0,-17.59,-1.67,-38.08,"{""Other"": 4, ""Food and Dining"": 3}"
stats_5854,USR495mL,8c1950bbf34d4de6adcf81d97399d701,2025-09-01,-3.3,45,-2119.42,2116.12,-0.07,2111.95,2111.95,"{""Other"": 29, ""Shopping"": 7, ""Food and Dining"": 7, ""Entertainment"": 1, ""Groceries"": 1}"
stats_5855,USR495mL,8c1950bbf34d4de6adcf81d97399d701,2025-10-01,94.93,44,-2021.19,2116.12,2.16,2111.95,2111.95,"{""Other"": 28, ""Food and Dining"": 8, ""Shopping"": 6, ""Entertainment"": 1, ""Groceries"": 1}"
stats_5856,USR495mL,8c1950bbf34d4de6adcf81d97399d701,2025-11-01,-15.98,2,-20.15,4.17,-7.99,4.17,-20.15,"{""Other"": 1, ""Shopping"": 1}"
stats_5857,USR170FQ,c52dcb1d472c4252b1be25e1e35826fd,2025-09-01,1000.0,1,0.0,1000.0,1000.0,1000.0,1000.0,"{""Other"": 1}"
stats_5858,USR170FQ,c52dcb1d472c4252b1be25e1e35826fd,2025-10-01,1000.0,1,0.0,1000.0,1000.0,1000.0,1000.0,"{""Other"": 1}"
stats_5859,USR614yH,ca0e28e500584f8ba9a0197c04959318,2025-08-01,-812.03,9,-812.03,0.0,-90.23,-7.48,-170.68,"{""Other"": 6, ""Shopping"": 2, ""Food and Dining"": 1}"
stats_5860,USR614yH,ca0e28e500584f8ba9a0197c04959318,2025-09-01,183.66,44,-9302.03,9485.69,4.17,9467.02,9467.02,"{""Other"": 35, ""Shopping"": 4, ""Food and Dining"": 3, ""Entertainment"": 1, ""Groceries"": 1}"
stats_5861,USR614yH,ca0e28e500584f8ba9a0197c04959318,2025-10-01,623.84,43,-8861.85,9485.69,14.51,9467.02,9467.02,"{""Other"": 33, ""Food and Dining"": 4, ""Shopping"": 4, ""Entertainment"": 1, ""Groceries"": 1}"
stats_5862,USR614yH,ca0e28e500584f8ba9a0197c04959318,2025-11-01,-71.61,2,-90.28,18.67,-35.8,18.67,-90.28,"{""Other"": 2}"
stats_5863,USR885po,193ffb34e92f4926a2b1f166dd9c3ac8,2025-09-01,200.0,1,0.0,200.0,200.0,200.0,200.0,"{""Finance"": 1}"
stats_5864,USR885po,193ffb34e92f4926a2b1f166dd9c3ac8,2025-10-01,200.0,1,0.0,200.0,200.0,200.0,200.0,"{""Finance"": 1}"
stats_5865,USR733gw,d8e85133189140ceb38926ca37c44c8d,2025-08-01,-109.92,7,-109.92,0.0,-15.7,-1.49,-34.0,"{""Other"": 3, ""Food and Dining"": 3, ""Housing and Utilities"": 1}"
stats_5866,USR733gw,d8e85133189140ceb38926ca37c44c8d,2025-09-01,1.63,45,-1889.12,1890.75,0.04,1887.03,1887.03,"{""Other"": 14, ""Food and Dining"": 11, ""Transportation"": 6, ""Finance"": 4, ""Groceries"": 4, ""Shopping"": 3, ""Housing and Utilities"": 2, ""Entertainment"": 1}"
stats_5867,USR733gw,d8e85133189140ceb38926ca37c44c8d,2025-10-01,89.35,44,-1801.4,1890.75,2.03,1887.03,1887.03,"{""Food and Dining"": 13, ""Other"": 12, ""Transportation"": 5, ""Finance"": 4, ""Groceries"": 4, ""Shopping"": 3, ""Housing and Utilities"": 2, ""Entertainment"": 1}"
stats_5868,USR733gw,d8e85133189140ceb38926ca37c44c8d,2025-11-01,-14.27,2,-17.99,3.72,-7.14,3.72,-17.99,"{""Finance"": 1, ""Food and Dining"": 1}"
stats_5869,USR329uU,fb9a593b6b0c448d968616bb8aae9a60,2025-08-01,-119.7,3,-119.7,0.0,-39.9,-24.9,-56.9,"{""Other"": 3}"
stats_5870,USR329uU,fb9a593b6b0c448d968616bb8aae9a60,2025-09-01,-15.1,47,-19922.6,19907.5,-0.32,19870.3,19870.3,"{""Other"": 37, ""Shopping"": 6, ""Food and Dining"": 2, ""Housing and Utilities"": 1, ""Entertainment"": 1}"
stats_5871,USR329uU,fb9a593b6b0c448d968616bb8aae9a60,2025-10-01,852.1,46,-19055.4,19907.5,18.52,19870.3,19870.3,"{""Other"": 37, ""Shopping"": 5, ""Food and Dining"": 2, ""Housing and Utilities"": 1, ""Entertainment"": 1}"
stats_5872,USR329uU,fb9a593b6b0c448d968616bb8aae9a60,2025-11-01,-142.7,2,-179.9,37.2,-71.35,37.2,-179.9,"{""Housing and Utilities"": 1, ""Food and Dining"": 1}"
stats_5873,USR747HD,ac7a2d64f01d4638a1534bd543f7a8bc,2025-09-01,2000.0,1,0.0,2000.0,2000.0,2000.0,2000.0,"{""Other"": 1}"
stats_5874,USR747HD,ac7a2d64f01d4638a1534bd543f7a8bc,2025-10-01,2000.0,1,0.0,2000.0,2000.0,2000.0,2000.0,"{""Other"": 1}"
stats_5875,USR831lM,e446f1818301472a926013ba98cc8c5c,2025-09-01,200.0,1,0.0,200.0,200.0,200.0,200.0,"{""Finance"": 1}"
stats_5876,USR831lM,e446f1818301472a926013ba98cc8c5c,2025-10-01,200.0,1,0.0,200.0,200.0,200.0,200.0,"{""Finance"": 1}"
stats_5877,USR493ow,3288ff86901143b4a34e39d56b72f0c9,2025-08-01,-283.01,10,-283.01,0.0,-28.3,-2.49,-97.71,"{""Other"": 5, ""Transportation"": 2, ""Food and Dining"": 2, ""Shopping"": 1}"
stats_5878,USR493ow,3288ff86901143b4a34e39d56b72f0c9,2025-09-01,18.45,43,-1872.3,1890.75,0.43,1887.03,1887.03,"{""Other"": 22, ""Transportation"": 9, ""Food and Dining"": 4, ""Shopping"": 4, ""Groceries"": 2, ""Finance"": 1, ""Entertainment"": 1}"
stats_5879,USR493ow,3288ff86901143b4a34e39d56b72f0c9,2025-10-01,75.18,43,-1815.57,1890.75,1.75,1887.03,1887.03,"{""Other"": 22, ""Transportation"": 9, ""Food and Dining"": 4, ""Shopping"": 4, ""Groceries"": 2, ""Finance"": 1, ""Entertainment"": 1}"
stats_5880,USR493ow,3288ff86901143b4a34e39d56b72f0c9,2025-11-01,-14.27,2,-17.99,3.72,-7.14,3.72,-17.99,"{""Other"": 1, ""Food and Dining"": 1}"
