Type,Product,Started Date,Completed Date,Description,Amount,Fee,Currency,State,Balance
Transfer,Deposit,22/03/2024 12:13,22/03/2024 12:13,Savings Vault topup,500,0,EUR,COMPLETED,500
Transfer,Deposit,22/03/2024 12:13,22/03/2024 12:13,Saving vault topup prefunding wallet,-500,0,EUR,COMPLETED,0
Transfer,Deposit,23/03/2024 09:07,23/03/2024 09:07,Savings vault withdrawal from prefunding wallet,311.2,0,EUR,COMPLETED,311.2
Transfer,Deposit,23/03/2024 09:07,23/03/2024 09:07,From Flexible account,-311.2,0,EUR,COMPLETED,0
Transfer,Deposit,23/03/2024 09:10,23/03/2024 09:10,Savings Vault topup,0.8,0,EUR,COMPLETED,0.8
Transfer,Deposit,23/03/2024 09:10,23/03/2024 09:10,Saving vault topup prefunding wallet,-0.8,0,EUR,COMPLETED,0
Transfer,Deposit,23/03/2024 16:33,23/03/2024 16:33,Savings vault withdrawal from prefunding wallet,189.6,0,EUR,COMPLETED,189.6
Transfer,Deposit,23/03/2024 16:33,23/03/2024 16:33,From Flexible account,-189.6,0,EUR,COMPLETED,0
Transfer,Deposit,23/03/2024 17:10,23/03/2024 17:10,Savings Vault topup,1,0,EUR,COMPLETED,1
Transfer,Deposit,23/03/2024 17:10,23/03/2024 17:10,Saving vault topup prefunding wallet,-1,0,EUR,COMPLETED,0
Transfer,Deposit,23/03/2024 19:29,23/03/2024 19:29,Savings Vault topup,0.05,0,EUR,COMPLETED,0.05
Transfer,Deposit,23/03/2024 19:29,23/03/2024 19:29,Saving vault topup prefunding wallet,-0.05,0,EUR,COMPLETED,0
Transfer,Deposit,23/03/2024 19:57,23/03/2024 19:57,Savings Vault topup,0.2,0,EUR,COMPLETED,0.2
Transfer,Deposit,23/03/2024 19:57,23/03/2024 19:57,Saving vault topup prefunding wallet,-0.2,0,EUR,COMPLETED,0
Transfer,Deposit,23/03/2024 20:17,23/03/2024 20:17,Savings Vault topup,0.05,0,EUR,COMPLETED,0.05
Transfer,Deposit,23/03/2024 20:17,23/03/2024 20:17,Saving vault topup prefunding wallet,-0.05,0,EUR,COMPLETED,0
Transfer,Deposit,24/03/2024 10:28,24/03/2024 10:28,Savings Vault topup,0.65,0,EUR,COMPLETED,0.65
Transfer,Deposit,24/03/2024 10:28,24/03/2024 10:28,Saving vault topup prefunding wallet,-0.65,0,EUR,COMPLETED,0
Transfer,Deposit,24/03/2024 12:25,24/03/2024 12:25,Savings Vault topup,0.89,0,EUR,COMPLETED,0.89
Transfer,Deposit,24/03/2024 12:25,24/03/2024 12:25,Saving vault topup prefunding wallet,-0.89,0,EUR,COMPLETED,0
Transfer,Deposit,24/03/2024 13:24,24/03/2024 13:24,Savings Vault topup,0.01,0,EUR,COMPLETED,0.01
Transfer,Deposit,24/03/2024 13:24,24/03/2024 13:24,Saving vault topup prefunding wallet,-0.01,0,EUR,COMPLETED,0
Transfer,Deposit,24/03/2024 23:47,24/03/2024 23:47,Savings Vault topup,0.6,0,EUR,COMPLETED,0.6
Transfer,Deposit,24/03/2024 23:47,24/03/2024 23:47,Saving vault topup prefunding wallet,-0.6,0,EUR,COMPLETED,0
Transfer,Deposit,25/03/2024 11:37,25/03/2024 11:37,Savings Vault topup,0.3,0,EUR,COMPLETED,0.3
Transfer,Deposit,25/03/2024 11:37,25/03/2024 11:37,Saving vault topup prefunding wallet,-0.3,0,EUR,COMPLETED,0
Transfer,Deposit,26/03/2024 18:35,26/03/2024 18:35,Savings Vault topup,0.86,0,EUR,COMPLETED,0.86
Transfer,Deposit,26/03/2024 18:35,26/03/2024 18:35,Saving vault topup prefunding wallet,-0.86,0,EUR,COMPLETED,0
Transfer,Deposit,27/03/2024 13:07,27/03/2024 13:07,Savings Vault topup,1,0,EUR,COMPLETED,1
Transfer,Deposit,27/03/2024 13:07,27/03/2024 13:07,Saving vault topup prefunding wallet,-1,0,EUR,COMPLETED,0
Transfer,Deposit,27/03/2024 13:10,27/03/2024 13:10,Savings Vault topup,0.5,0,EUR,COMPLETED,0.5
Transfer,Deposit,27/03/2024 13:10,27/03/2024 13:10,Saving vault topup prefunding wallet,-0.5,0,EUR,COMPLETED,0
Transfer,Deposit,27/03/2024 18:27,27/03/2024 18:27,Savings Vault topup,0.03,0,EUR,COMPLETED,0.03
Transfer,Deposit,27/03/2024 18:27,27/03/2024 18:27,Saving vault topup prefunding wallet,-0.03,0,EUR,COMPLETED,0
Transfer,Deposit,28/03/2024 08:41,28/03/2024 08:41,Savings Vault topup,1,0,EUR,COMPLETED,1
Transfer,Deposit,28/03/2024 08:41,28/03/2024 08:41,Saving vault topup prefunding wallet,-1,0,EUR,COMPLETED,0
Transfer,Deposit,28/03/2024 18:59,28/03/2024 18:59,Savings Vault topup,0.51,0,EUR,COMPLETED,0.51
Transfer,Deposit,28/03/2024 18:59,28/03/2024 18:59,Saving vault topup prefunding wallet,-0.51,0,EUR,COMPLETED,0
Transfer,Deposit,28/03/2024 19:24,28/03/2024 19:24,Savings Vault topup,0.51,0,EUR,COMPLETED,0.51
Transfer,Deposit,28/03/2024 19:24,28/03/2024 19:24,Saving vault topup prefunding wallet,-0.51,0,EUR,COMPLETED,0
Transfer,Deposit,29/03/2024 16:45,29/03/2024 16:45,Savings Vault topup,0.21,0,EUR,COMPLETED,0.21
Transfer,Deposit,29/03/2024 16:45,29/03/2024 16:45,Saving vault topup prefunding wallet,-0.21,0,EUR,COMPLETED,0
Transfer,Deposit,31/03/2024 18:46,31/03/2024 18:46,Savings Vault topup,0.05,0,EUR,COMPLETED,0.05
Transfer,Deposit,31/03/2024 18:46,31/03/2024 18:46,Saving vault topup prefunding wallet,-0.05,0,EUR,COMPLETED,0
Transfer,Deposit,02/04/2024 12:28,02/04/2024 12:28,Savings Vault topup,0.65,0,EUR,COMPLETED,0.65
Transfer,Deposit,02/04/2024 12:28,02/04/2024 12:28,Saving vault topup prefunding wallet,-0.65,0,EUR,COMPLETED,0
Transfer,Deposit,05/04/2024 18:46,05/04/2024 18:46,Savings Vault topup,0.15,0,EUR,COMPLETED,0.15
Transfer,Deposit,05/04/2024 18:46,05/04/2024 18:46,Saving vault topup prefunding wallet,-0.15,0,EUR,COMPLETED,0
Transfer,Deposit,06/04/2024 11:12,06/04/2024 11:12,Savings Vault topup,1,0,EUR,COMPLETED,1
Transfer,Deposit,06/04/2024 11:12,06/04/2024 11:12,Saving vault topup prefunding wallet,-1,0,EUR,COMPLETED,0
Transfer,Deposit,06/04/2024 11:24,06/04/2024 11:24,Savings Vault topup,1,0,EUR,COMPLETED,1
Transfer,Deposit,06/04/2024 11:24,06/04/2024 11:24,Saving vault topup prefunding wallet,-1,0,EUR,COMPLETED,0
Transfer,Deposit,06/04/2024 12:13,06/04/2024 12:13,Savings Vault topup,0.05,0,EUR,COMPLETED,0.05
Transfer,Deposit,06/04/2024 12:13,06/04/2024 12:13,Saving vault topup prefunding wallet,-0.05,0,EUR,COMPLETED,0
Transfer,Deposit,07/04/2024 11:57,07/04/2024 11:57,Savings Vault topup,0.67,0,EUR,COMPLETED,0.67
Transfer,Deposit,07/04/2024 11:57,07/04/2024 11:57,Saving vault topup prefunding wallet,-0.67,0,EUR,COMPLETED,0
Transfer,Deposit,07/04/2024 14:57,07/04/2024 14:57,Savings Vault topup,0.16,0,EUR,COMPLETED,0.16
Transfer,Deposit,07/04/2024 14:57,07/04/2024 14:57,Saving vault topup prefunding wallet,-0.16,0,EUR,COMPLETED,0
Transfer,Deposit,08/04/2024 12:39,08/04/2024 12:39,Savings Vault topup,1,0,EUR,COMPLETED,1
Transfer,Deposit,08/04/2024 12:39,08/04/2024 12:39,Saving vault topup prefunding wallet,-1,0,EUR,COMPLETED,0
Transfer,Deposit,08/04/2024 14:22,08/04/2024 14:22,Savings Vault topup,0.44,0,EUR,COMPLETED,0.44
Transfer,Deposit,08/04/2024 14:22,08/04/2024 14:22,Saving vault topup prefunding wallet,-0.44,0,EUR,COMPLETED,0
Transfer,Deposit,08/04/2024 16:12,08/04/2024 16:12,Savings Vault topup,1,0,EUR,COMPLETED,1
Transfer,Deposit,08/04/2024 16:12,08/04/2024 16:12,Saving vault topup prefunding wallet,-1,0,EUR,COMPLETED,0
Transfer,Deposit,10/04/2024 18:36,10/04/2024 18:36,Savings Vault topup,0.54,0,EUR,COMPLETED,0.54
Transfer,Deposit,10/04/2024 18:36,10/04/2024 18:36,Saving vault topup prefunding wallet,-0.54,0,EUR,COMPLETED,0
Transfer,Deposit,11/04/2024 18:34,11/04/2024 18:34,Savings Vault topup,0.33,0,EUR,COMPLETED,0.33
Transfer,Deposit,11/04/2024 18:34,11/04/2024 18:34,Saving vault topup prefunding wallet,-0.33,0,EUR,COMPLETED,0
Transfer,Deposit,12/04/2024 13:25,12/04/2024 13:25,Savings Vault topup,0.7,0,EUR,COMPLETED,0.7
Transfer,Deposit,12/04/2024 13:25,12/04/2024 13:25,Saving vault topup prefunding wallet,-0.7,0,EUR,COMPLETED,0
Transfer,Deposit,13/04/2024 13:21,13/04/2024 13:21,Savings Vault topup,0.65,0,EUR,COMPLETED,0.65
Transfer,Deposit,13/04/2024 13:21,13/04/2024 13:21,Saving vault topup prefunding wallet,-0.65,0,EUR,COMPLETED,0
Transfer,Deposit,14/04/2024 12:12,14/04/2024 12:12,Savings Vault topup,0.85,0,EUR,COMPLETED,0.85
Transfer,Deposit,14/04/2024 12:12,14/04/2024 12:12,Saving vault topup prefunding wallet,-0.85,0,EUR,COMPLETED,0
Transfer,Deposit,14/04/2024 20:30,14/04/2024 20:30,Savings Vault topup,0.35,0,EUR,COMPLETED,0.35
Transfer,Deposit,14/04/2024 20:30,14/04/2024 20:30,Saving vault topup prefunding wallet,-0.35,0,EUR,COMPLETED,0
Transfer,Deposit,15/04/2024 11:14,15/04/2024 11:14,Savings Vault topup,0.6,0,EUR,COMPLETED,0.6
Transfer,Deposit,15/04/2024 11:14,15/04/2024 11:14,Saving vault topup prefunding wallet,-0.6,0,EUR,COMPLETED,0
Transfer,Deposit,15/04/2024 11:15,15/04/2024 11:15,Savings Vault topup,0.6,0,EUR,COMPLETED,0.6
Transfer,Deposit,15/04/2024 11:15,15/04/2024 11:15,Saving vault topup prefunding wallet,-0.6,0,EUR,COMPLETED,0
Transfer,Deposit,16/04/2024 13:44,16/04/2024 13:44,Savings Vault topup,1,0,EUR,COMPLETED,1
Transfer,Deposit,16/04/2024 13:44,16/04/2024 13:44,Saving vault topup prefunding wallet,-1,0,EUR,COMPLETED,0
Transfer,Deposit,16/04/2024 21:24,16/04/2024 21:24,Savings Vault topup,0.02,0,EUR,COMPLETED,0.02
Transfer,Deposit,16/04/2024 21:24,16/04/2024 21:24,Saving vault topup prefunding wallet,-0.02,0,EUR,COMPLETED,0
Transfer,Deposit,18/04/2024 08:51,18/04/2024 08:51,Savings Vault topup,0.51,0,EUR,COMPLETED,0.51
Transfer,Deposit,18/04/2024 08:51,18/04/2024 08:51,Saving vault topup prefunding wallet,-0.51,0,EUR,COMPLETED,0
Transfer,Deposit,18/04/2024 18:41,18/04/2024 18:41,Savings Vault topup,0.93,0,EUR,COMPLETED,0.93
Transfer,Deposit,18/04/2024 18:41,18/04/2024 18:41,Saving vault topup prefunding wallet,-0.93,0,EUR,COMPLETED,0
Transfer,Deposit,20/04/2024 10:50,20/04/2024 10:50,Savings Vault topup,0.46,0,EUR,COMPLETED,0.46
Transfer,Deposit,20/04/2024 10:50,20/04/2024 10:50,Saving vault topup prefunding wallet,-0.46,0,EUR,COMPLETED,0
Transfer,Deposit,20/04/2024 10:57,20/04/2024 10:57,Savings Vault topup,0.6,0,EUR,COMPLETED,0.6
Transfer,Deposit,20/04/2024 10:57,20/04/2024 10:57,Saving vault topup prefunding wallet,-0.6,0,EUR,COMPLETED,0
Transfer,Deposit,20/04/2024 16:04,20/04/2024 16:04,Savings Vault topup,0.7,0,EUR,COMPLETED,0.7
Transfer,Deposit,20/04/2024 16:04,20/04/2024 16:04,Saving vault topup prefunding wallet,-0.7,0,EUR,COMPLETED,0
Transfer,Deposit,23/04/2024 13:10,23/04/2024 13:10,Savings Vault topup,0.05,0,EUR,COMPLETED,0.05
Transfer,Deposit,23/04/2024 13:10,23/04/2024 13:10,Saving vault topup prefunding wallet,-0.05,0,EUR,COMPLETED,0
Transfer,Deposit,24/04/2024 18:35,24/04/2024 18:35,Savings Vault topup,0.08,0,EUR,COMPLETED,0.08
Transfer,Deposit,24/04/2024 18:35,24/04/2024 18:35,Saving vault topup prefunding wallet,-0.08,0,EUR,COMPLETED,0
Transfer,Deposit,24/04/2024 18:44,24/04/2024 18:44,Savings Vault topup,1,0,EUR,COMPLETED,1
Transfer,Deposit,24/04/2024 18:44,24/04/2024 18:44,Saving vault topup prefunding wallet,-1,0,EUR,COMPLETED,0
Transfer,Deposit,25/04/2024 13:22,25/04/2024 13:22,Savings Vault topup,0.9,0,EUR,COMPLETED,0.9
Transfer,Deposit,25/04/2024 13:22,25/04/2024 13:22,Saving vault topup prefunding wallet,-0.9,0,EUR,COMPLETED,0
Transfer,Deposit,25/04/2024 18:39,25/04/2024 18:39,Savings Vault topup,0.01,0,EUR,COMPLETED,0.01
Transfer,Deposit,25/04/2024 18:39,25/04/2024 18:39,Saving vault topup prefunding wallet,-0.01,0,EUR,COMPLETED,0
Transfer,Deposit,26/04/2024 13:00,26/04/2024 13:00,Savings Vault topup,1,0,EUR,COMPLETED,1
Transfer,Deposit,26/04/2024 13:00,26/04/2024 13:00,Saving vault topup prefunding wallet,-1,0,EUR,COMPLETED,0
Transfer,Deposit,26/04/2024 13:56,26/04/2024 13:56,Savings Vault topup,0.5,0,EUR,COMPLETED,0.5
Transfer,Deposit,26/04/2024 13:56,26/04/2024 13:56,Saving vault topup prefunding wallet,-0.5,0,EUR,COMPLETED,0
Transfer,Deposit,27/04/2024 17:44,27/04/2024 17:44,Savings Vault topup,0.5,0,EUR,COMPLETED,0.5
Transfer,Deposit,27/04/2024 17:44,27/04/2024 17:44,Saving vault topup prefunding wallet,-0.5,0,EUR,COMPLETED,0
Transfer,Deposit,28/04/2024 13:13,28/04/2024 13:13,Savings Vault topup,0.01,0,EUR,COMPLETED,0.01
Transfer,Deposit,28/04/2024 13:13,28/04/2024 13:13,Saving vault topup prefunding wallet,-0.01,0,EUR,COMPLETED,0
Transfer,Deposit,28/04/2024 14:11,28/04/2024 14:11,Savings Vault topup,0.5,0,EUR,COMPLETED,0.5
Transfer,Deposit,28/04/2024 14:11,28/04/2024 14:11,Saving vault topup prefunding wallet,-0.5,0,EUR,COMPLETED,0
Transfer,Deposit,28/04/2024 14:49,28/04/2024 14:49,Savings Vault topup,0.94,0,EUR,COMPLETED,0.94
Transfer,Deposit,28/04/2024 14:49,28/04/2024 14:49,Saving vault topup prefunding wallet,-0.94,0,EUR,COMPLETED,0
Transfer,Deposit,28/04/2024 18:47,28/04/2024 18:47,Savings Vault topup,0.37,0,EUR,COMPLETED,0.37
Transfer,Deposit,28/04/2024 18:47,28/04/2024 18:47,Saving vault topup prefunding wallet,-0.37,0,EUR,COMPLETED,0
Transfer,Deposit,30/04/2024 16:06,30/04/2024 16:06,Savings Vault topup,0.25,0,EUR,COMPLETED,0.25
Transfer,Deposit,30/04/2024 16:06,30/04/2024 16:06,Saving vault topup prefunding wallet,-0.25,0,EUR,COMPLETED,0
Transfer,Deposit,01/05/2024 21:43,01/05/2024 21:43,Savings Vault topup,1,0,EUR,COMPLETED,1
Transfer,Deposit,01/05/2024 21:43,01/05/2024 21:43,Saving vault topup prefunding wallet,-1,0,EUR,COMPLETED,0
Transfer,Deposit,02/05/2024 18:31,02/05/2024 18:31,Savings Vault topup,0.01,0,EUR,COMPLETED,0.01
Transfer,Deposit,02/05/2024 18:31,02/05/2024 18:31,Saving vault topup prefunding wallet,-0.01,0,EUR,COMPLETED,0
Transfer,Deposit,03/05/2024 23:56,03/05/2024 23:56,Savings Vault topup,0.6,0,EUR,COMPLETED,0.6
Transfer,Deposit,03/05/2024 23:56,03/05/2024 23:56,Saving vault topup prefunding wallet,-0.6,0,EUR,COMPLETED,0
Transfer,Deposit,04/05/2024 00:39,04/05/2024 00:39,Savings Vault topup,0.1,0,EUR,COMPLETED,0.1
Transfer,Deposit,04/05/2024 00:39,04/05/2024 00:39,Saving vault topup prefunding wallet,-0.1,0,EUR,COMPLETED,0
Transfer,Deposit,04/05/2024 21:33,04/05/2024 21:33,Savings Vault topup,0.49,0,EUR,COMPLETED,0.49
Transfer,Deposit,04/05/2024 21:33,04/05/2024 21:33,Saving vault topup prefunding wallet,-0.49,0,EUR,COMPLETED,0
Transfer,Deposit,05/05/2024 12:06,05/05/2024 12:06,Savings Vault topup,1,0,EUR,COMPLETED,1
Transfer,Deposit,05/05/2024 12:06,05/05/2024 12:06,Saving vault topup prefunding wallet,-1,0,EUR,COMPLETED,0
Transfer,Deposit,05/05/2024 12:38,05/05/2024 12:38,Savings Vault topup,0.94,0,EUR,COMPLETED,0.94
Transfer,Deposit,05/05/2024 12:38,05/05/2024 12:38,Saving vault topup prefunding wallet,-0.94,0,EUR,COMPLETED,0
Transfer,Deposit,05/05/2024 13:12,05/05/2024 13:12,Savings Vault topup,1,0,EUR,COMPLETED,1
Transfer,Deposit,05/05/2024 13:12,05/05/2024 13:12,Saving vault topup prefunding wallet,-1,0,EUR,COMPLETED,0
Transfer,Deposit,05/05/2024 14:03,05/05/2024 14:03,Savings Vault topup,1,0,EUR,COMPLETED,1
Transfer,Deposit,05/05/2024 14:03,05/05/2024 14:03,Saving vault topup prefunding wallet,-1,0,EUR,COMPLETED,0
Transfer,Deposit,06/05/2024 17:48,06/05/2024 17:48,Savings Vault topup,1,0,EUR,COMPLETED,1
Transfer,Deposit,06/05/2024 17:48,06/05/2024 17:48,Saving vault topup prefunding wallet,-1,0,EUR,COMPLETED,0
Transfer,Deposit,06/05/2024 18:12,06/05/2024 18:12,Savings Vault topup,1,0,EUR,COMPLETED,1
Transfer,Deposit,06/05/2024 18:12,06/05/2024 18:12,Saving vault topup prefunding wallet,-1,0,EUR,COMPLETED,0
Transfer,Deposit,08/05/2024 08:45,08/05/2024 08:45,Savings Vault topup,1,0,EUR,COMPLETED,1
Transfer,Deposit,08/05/2024 08:45,08/05/2024 08:45,Saving vault topup prefunding wallet,-1,0,EUR,COMPLETED,0
Transfer,Deposit,08/05/2024 09:00,08/05/2024 09:00,Savings Vault topup,1,0,EUR,COMPLETED,1
Transfer,Deposit,08/05/2024 09:00,08/05/2024 09:00,Saving vault topup prefunding wallet,-1,0,EUR,COMPLETED,0
Transfer,Deposit,08/05/2024 19:07,08/05/2024 19:07,Savings Vault topup,0.67,0,EUR,COMPLETED,0.67
Transfer,Deposit,08/05/2024 19:07,08/05/2024 19:07,Saving vault topup prefunding wallet,-0.67,0,EUR,COMPLETED,0
Transfer,Deposit,08/05/2024 20:45,08/05/2024 20:45,Savings Vault topup,0.3,0,EUR,COMPLETED,0.3
Transfer,Deposit,08/05/2024 20:45,08/05/2024 20:45,Saving vault topup prefunding wallet,-0.3,0,EUR,COMPLETED,0
Transfer,Deposit,09/05/2024 18:42,09/05/2024 18:42,Savings Vault topup,0.58,0,EUR,COMPLETED,0.58
Transfer,Deposit,09/05/2024 18:42,09/05/2024 18:42,Saving vault topup prefunding wallet,-0.58,0,EUR,COMPLETED,0
Transfer,Deposit,10/05/2024 12:54,10/05/2024 12:54,Savings Vault topup,0.53,0,EUR,COMPLETED,0.53
Transfer,Deposit,10/05/2024 12:54,10/05/2024 12:54,Saving vault topup prefunding wallet,-0.53,0,EUR,COMPLETED,0
Transfer,Deposit,10/05/2024 19:33,10/05/2024 19:33,Savings Vault topup,0.87,0,EUR,COMPLETED,0.87
Transfer,Deposit,10/05/2024 19:33,10/05/2024 19:33,Saving vault topup prefunding wallet,-0.87,0,EUR,COMPLETED,0
Transfer,Deposit,11/05/2024 12:56,11/05/2024 12:56,Savings Vault topup,1,0,EUR,COMPLETED,1
Transfer,Deposit,11/05/2024 12:56,11/05/2024 12:56,Saving vault topup prefunding wallet,-1,0,EUR,COMPLETED,0
Transfer,Deposit,11/05/2024 15:47,11/05/2024 15:47,Savings Vault topup,1,0,EUR,COMPLETED,1
Transfer,Deposit,11/05/2024 15:47,11/05/2024 15:47,Saving vault topup prefunding wallet,-1,0,EUR,COMPLETED,0
Transfer,Deposit,11/05/2024 19:38,11/05/2024 19:38,Savings Vault topup,0.5,0,EUR,COMPLETED,0.5
Transfer,Deposit,11/05/2024 19:38,11/05/2024 19:38,Saving vault topup prefunding wallet,-0.5,0,EUR,COMPLETED,0
Transfer,Deposit,12/05/2024 13:31,12/05/2024 13:31,Savings Vault topup,0.95,0,EUR,COMPLETED,0.95
Transfer,Deposit,12/05/2024 13:31,12/05/2024 13:31,Saving vault topup prefunding wallet,-0.95,0,EUR,COMPLETED,0
Transfer,Deposit,12/05/2024 14:58,12/05/2024 14:58,Savings Vault topup,0.58,0,EUR,COMPLETED,0.58
Transfer,Deposit,12/05/2024 14:58,12/05/2024 14:58,Saving vault topup prefunding wallet,-0.58,0,EUR,COMPLETED,0
Transfer,Deposit,14/05/2024 21:50,14/05/2024 21:50,Savings Vault topup,0.96,0,EUR,COMPLETED,0.96
Transfer,Deposit,14/05/2024 21:50,14/05/2024 21:50,Saving vault topup prefunding wallet,-0.96,0,EUR,COMPLETED,0
Transfer,Deposit,16/05/2024 10:20,16/05/2024 10:20,Savings Vault topup,0.79,0,EUR,COMPLETED,0.79
Transfer,Deposit,16/05/2024 10:20,16/05/2024 10:20,Saving vault topup prefunding wallet,-0.79,0,EUR,COMPLETED,0
Transfer,Deposit,16/05/2024 13:52,16/05/2024 13:52,Savings Vault topup,0.05,0,EUR,COMPLETED,0.05
Transfer,Deposit,16/05/2024 13:52,16/05/2024 13:52,Saving vault topup prefunding wallet,-0.05,0,EUR,COMPLETED,0
Transfer,Deposit,16/05/2024 20:42,16/05/2024 20:42,Savings Vault topup,0.3,0,EUR,COMPLETED,0.3
Transfer,Deposit,16/05/2024 20:42,16/05/2024 20:42,Saving vault topup prefunding wallet,-0.3,0,EUR,COMPLETED,0
Transfer,Deposit,16/05/2024 22:39,16/05/2024 22:39,Savings Vault topup,1,0,EUR,COMPLETED,1
Transfer,Deposit,16/05/2024 22:39,16/05/2024 22:39,Saving vault topup prefunding wallet,-1,0,EUR,COMPLETED,0
Transfer,Deposit,17/05/2024 11:07,17/05/2024 11:07,Savings Vault topup,0.1,0,EUR,COMPLETED,0.1
Transfer,Deposit,17/05/2024 11:07,17/05/2024 11:07,Saving vault topup prefunding wallet,-0.1,0,EUR,COMPLETED,0
Transfer,Deposit,17/05/2024 11:12,17/05/2024 11:12,Savings Vault topup,1,0,EUR,COMPLETED,1
Transfer,Deposit,17/05/2024 11:12,17/05/2024 11:12,Saving vault topup prefunding wallet,-1,0,EUR,COMPLETED,0
Transfer,Deposit,17/05/2024 13:07,17/05/2024 13:07,Savings Vault topup,0.2,0,EUR,COMPLETED,0.2
Transfer,Deposit,17/05/2024 13:07,17/05/2024 13:07,Saving vault topup prefunding wallet,-0.2,0,EUR,COMPLETED,0
Transfer,Deposit,17/05/2024 13:38,17/05/2024 13:38,Savings Vault topup,0.5,0,EUR,COMPLETED,0.5
Transfer,Deposit,17/05/2024 13:38,17/05/2024 13:38,Saving vault topup prefunding wallet,-0.5,0,EUR,COMPLETED,0
Transfer,Deposit,18/05/2024 10:00,18/05/2024 10:00,Savings Vault topup,0.7,0,EUR,COMPLETED,0.7
Transfer,Deposit,18/05/2024 10:00,18/05/2024 10:00,Saving vault topup prefunding wallet,-0.7,0,EUR,COMPLETED,0
Transfer,Deposit,18/05/2024 12:03,18/05/2024 12:03,Savings Vault topup,0.8,0,EUR,COMPLETED,0.8
Transfer,Deposit,18/05/2024 12:03,18/05/2024 12:03,Saving vault topup prefunding wallet,-0.8,0,EUR,COMPLETED,0
Transfer,Deposit,18/05/2024 12:04,18/05/2024 12:04,Savings Vault topup,0.5,0,EUR,COMPLETED,0.5
Transfer,Deposit,18/05/2024 12:04,18/05/2024 12:04,Saving vault topup prefunding wallet,-0.5,0,EUR,COMPLETED,0
Transfer,Deposit,18/05/2024 12:30,18/05/2024 12:30,Savings Vault topup,0.3,0,EUR,COMPLETED,0.3
Transfer,Deposit,18/05/2024 12:30,18/05/2024 12:30,Saving vault topup prefunding wallet,-0.3,0,EUR,COMPLETED,0
Transfer,Deposit,18/05/2024 14:42,18/05/2024 14:42,Savings Vault topup,1,0,EUR,COMPLETED,1
Transfer,Deposit,18/05/2024 14:42,18/05/2024 14:42,Saving vault topup prefunding wallet,-1,0,EUR,COMPLETED,0
Transfer,Deposit,18/05/2024 16:45,18/05/2024 16:45,Savings Vault topup,1,0,EUR,COMPLETED,1
Transfer,Deposit,18/05/2024 16:45,18/05/2024 16:45,Saving vault topup prefunding wallet,-1,0,EUR,COMPLETED,0
Transfer,Deposit,18/05/2024 18:49,18/05/2024 18:49,Savings Vault topup,1,0,EUR,COMPLETED,1
Transfer,Deposit,18/05/2024 18:49,18/05/2024 18:49,Saving vault topup prefunding wallet,-1,0,EUR,COMPLETED,0
Transfer,Deposit,18/05/2024 20:42,18/05/2024 20:42,Savings Vault topup,1,0,EUR,COMPLETED,1
Transfer,Deposit,18/05/2024 20:42,18/05/2024 20:42,Saving vault topup prefunding wallet,-1,0,EUR,COMPLETED,0
Transfer,Deposit,19/05/2024 22:16,19/05/2024 22:16,Savings Vault topup,0.85,0,EUR,COMPLETED,0.85
Transfer,Deposit,19/05/2024 22:16,19/05/2024 22:16,Saving vault topup prefunding wallet,-0.85,0,EUR,COMPLETED,0
Transfer,Deposit,19/05/2024 22:21,19/05/2024 22:21,Savings vault withdrawal from prefunding wallet,58.72,0,EUR,COMPLETED,58.72
Transfer,Deposit,19/05/2024 22:21,19/05/2024 22:21,From Flexible account,-58.72,0,EUR,COMPLETED,0
Transfer,Deposit,20/05/2024 20:26,20/05/2024 20:26,Savings Vault topup,0.18,0,EUR,COMPLETED,0.18
Transfer,Deposit,20/05/2024 20:26,20/05/2024 20:26,Saving vault topup prefunding wallet,-0.18,0,EUR,COMPLETED,0
Transfer,Deposit,20/05/2024 20:28,20/05/2024 20:28,Savings Vault topup,0.46,0,EUR,COMPLETED,0.46
Transfer,Deposit,20/05/2024 20:28,20/05/2024 20:28,Saving vault topup prefunding wallet,-0.46,0,EUR,COMPLETED,0
Transfer,Deposit,20/05/2024 20:33,20/05/2024 20:33,Savings Vault topup,0.19,0,EUR,COMPLETED,0.19
Transfer,Deposit,20/05/2024 20:33,20/05/2024 20:33,Saving vault topup prefunding wallet,-0.19,0,EUR,COMPLETED,0
Transfer,Deposit,20/05/2024 20:40,20/05/2024 20:40,Savings Vault topup,0.94,0,EUR,COMPLETED,0.94
Transfer,Deposit,20/05/2024 20:40,20/05/2024 20:40,Saving vault topup prefunding wallet,-0.94,0,EUR,COMPLETED,0
Transfer,Deposit,23/05/2024 05:17,23/05/2024 05:17,Savings Vault topup,1,0,EUR,COMPLETED,1
Transfer,Deposit,23/05/2024 05:17,23/05/2024 05:17,Saving vault topup prefunding wallet,-1,0,EUR,COMPLETED,0
Transfer,Deposit,23/05/2024 12:30,23/05/2024 12:30,Savings Vault topup,0.71,0,EUR,COMPLETED,0.71
Transfer,Deposit,23/05/2024 12:30,23/05/2024 12:30,Saving vault topup prefunding wallet,-0.71,0,EUR,COMPLETED,0
Transfer,Deposit,26/05/2024 13:05,26/05/2024 13:05,Savings Vault topup,1,0,EUR,COMPLETED,1
Transfer,Deposit,26/05/2024 13:05,26/05/2024 13:05,Saving vault topup prefunding wallet,-1,0,EUR,COMPLETED,0
Transfer,Deposit,31/05/2024 20:15,31/05/2024 20:15,Savings Vault topup,0.1,0,EUR,COMPLETED,0.1
Transfer,Deposit,31/05/2024 20:15,31/05/2024 20:15,Saving vault topup prefunding wallet,-0.1,0,EUR,COMPLETED,0
Transfer,Deposit,31/05/2024 20:41,31/05/2024 20:41,Savings Vault topup,0.95,0,EUR,COMPLETED,0.95
Transfer,Deposit,31/05/2024 20:41,31/05/2024 20:41,Saving vault topup prefunding wallet,-0.95,0,EUR,COMPLETED,0
Transfer,Deposit,01/06/2024 13:36,01/06/2024 13:36,Savings Vault topup,1,0,EUR,COMPLETED,1
Transfer,Deposit,01/06/2024 13:36,01/06/2024 13:36,Saving vault topup prefunding wallet,-1,0,EUR,COMPLETED,0
Transfer,Deposit,01/06/2024 13:51,01/06/2024 13:51,Savings Vault topup,1,0,EUR,COMPLETED,1
Transfer,Deposit,01/06/2024 13:51,01/06/2024 13:51,Saving vault topup prefunding wallet,-1,0,EUR,COMPLETED,0
Transfer,Deposit,01/06/2024 15:34,01/06/2024 15:34,Savings Vault topup,1,0,EUR,COMPLETED,1
Transfer,Deposit,01/06/2024 15:34,01/06/2024 15:34,Saving vault topup prefunding wallet,-1,0,EUR,COMPLETED,0
Transfer,Deposit,01/06/2024 16:43,01/06/2024 16:43,Savings Vault topup,1,0,EUR,COMPLETED,1
Transfer,Deposit,01/06/2024 16:43,01/06/2024 16:43,Saving vault topup prefunding wallet,-1,0,EUR,COMPLETED,0
Transfer,Deposit,01/06/2024 18:28,01/06/2024 18:28,Savings Vault topup,0.5,0,EUR,COMPLETED,0.5
Transfer,Deposit,01/06/2024 18:28,01/06/2024 18:28,Saving vault topup prefunding wallet,-0.5,0,EUR,COMPLETED,0
Transfer,Deposit,02/06/2024 15:38,02/06/2024 15:38,Savings Vault topup,0.14,0,EUR,COMPLETED,0.14
Transfer,Deposit,02/06/2024 15:38,02/06/2024 15:38,Saving vault topup prefunding wallet,-0.14,0,EUR,COMPLETED,0
Transfer,Deposit,03/06/2024 14:05,03/06/2024 14:05,Savings Vault topup,0.6,0,EUR,COMPLETED,0.6
Transfer,Deposit,03/06/2024 14:05,03/06/2024 14:05,Saving vault topup prefunding wallet,-0.6,0,EUR,COMPLETED,0
Transfer,Deposit,07/06/2024 13:08,07/06/2024 13:08,Savings Vault topup,1,0,EUR,COMPLETED,1
Transfer,Deposit,07/06/2024 13:08,07/06/2024 13:08,Saving vault topup prefunding wallet,-1,0,EUR,COMPLETED,0
Transfer,Deposit,08/06/2024 16:45,08/06/2024 16:45,Savings Vault topup,0.56,0,EUR,COMPLETED,0.56
Transfer,Deposit,08/06/2024 16:45,08/06/2024 16:45,Saving vault topup prefunding wallet,-0.56,0,EUR,COMPLETED,0
Transfer,Deposit,08/06/2024 18:17,08/06/2024 18:17,Savings Vault topup,0.01,0,EUR,COMPLETED,0.01
Transfer,Deposit,08/06/2024 18:17,08/06/2024 18:17,Saving vault topup prefunding wallet,-0.01,0,EUR,COMPLETED,0
Transfer,Deposit,08/06/2024 18:39,08/06/2024 18:39,Savings Vault topup,0.15,0,EUR,COMPLETED,0.15
Transfer,Deposit,08/06/2024 18:39,08/06/2024 18:39,Saving vault topup prefunding wallet,-0.15,0,EUR,COMPLETED,0
Transfer,Deposit,08/06/2024 18:45,08/06/2024 18:45,Savings Vault topup,0.5,0,EUR,COMPLETED,0.5
Transfer,Deposit,08/06/2024 18:45,08/06/2024 18:45,Saving vault topup prefunding wallet,-0.5,0,EUR,COMPLETED,0
Transfer,Deposit,09/06/2024 14:34,09/06/2024 14:34,Savings Vault topup,0.12,0,EUR,COMPLETED,0.12
Transfer,Deposit,09/06/2024 14:34,09/06/2024 14:34,Saving vault topup prefunding wallet,-0.12,0,EUR,COMPLETED,0
Transfer,Deposit,10/06/2024 18:22,10/06/2024 18:22,Savings Vault topup,0.22,0,EUR,COMPLETED,0.22
Transfer,Deposit,10/06/2024 18:22,10/06/2024 18:22,Saving vault topup prefunding wallet,-0.22,0,EUR,COMPLETED,0
Transfer,Deposit,10/06/2024 19:35,10/06/2024 19:35,Savings Vault topup,0.72,0,EUR,COMPLETED,0.72
Transfer,Deposit,10/06/2024 19:35,10/06/2024 19:35,Saving vault topup prefunding wallet,-0.72,0,EUR,COMPLETED,0
Transfer,Deposit,10/06/2024 19:41,10/06/2024 19:41,Savings Vault topup,1,0,EUR,COMPLETED,1
Transfer,Deposit,10/06/2024 19:41,10/06/2024 19:41,Saving vault topup prefunding wallet,-1,0,EUR,COMPLETED,0
Transfer,Deposit,14/06/2024 20:14,14/06/2024 20:14,Savings Vault topup,0.7,0,EUR,COMPLETED,0.7
Transfer,Deposit,14/06/2024 20:14,14/06/2024 20:14,Saving vault topup prefunding wallet,-0.7,0,EUR,COMPLETED,0
Transfer,Deposit,14/06/2024 20:28,14/06/2024 20:28,Savings Vault topup,0.77,0,EUR,COMPLETED,0.77
Transfer,Deposit,14/06/2024 20:28,14/06/2024 20:28,Saving vault topup prefunding wallet,-0.77,0,EUR,COMPLETED,0
Transfer,Deposit,15/06/2024 18:16,15/06/2024 18:16,Savings Vault topup,0.32,0,EUR,COMPLETED,0.32
Transfer,Deposit,15/06/2024 18:16,15/06/2024 18:16,Saving vault topup prefunding wallet,-0.32,0,EUR,COMPLETED,0
Transfer,Deposit,16/06/2024 13:19,16/06/2024 13:19,Savings Vault topup,0.2,0,EUR,COMPLETED,0.2
Transfer,Deposit,16/06/2024 13:19,16/06/2024 13:19,Saving vault topup prefunding wallet,-0.2,0,EUR,COMPLETED,0
Transfer,Deposit,16/06/2024 17:26,16/06/2024 17:26,Savings Vault topup,0.5,0,EUR,COMPLETED,0.5
Transfer,Deposit,16/06/2024 17:26,16/06/2024 17:26,Saving vault topup prefunding wallet,-0.5,0,EUR,COMPLETED,0
Transfer,Deposit,19/06/2024 18:02,19/06/2024 18:02,Savings Vault topup,0.84,0,EUR,COMPLETED,0.84
Transfer,Deposit,19/06/2024 18:02,19/06/2024 18:02,Saving vault topup prefunding wallet,-0.84,0,EUR,COMPLETED,0
Transfer,Deposit,20/06/2024 19:08,20/06/2024 19:08,Savings Vault topup,0.07,0,EUR,COMPLETED,0.07
Transfer,Deposit,20/06/2024 19:08,20/06/2024 19:08,Saving vault topup prefunding wallet,-0.07,0,EUR,COMPLETED,0
Transfer,Deposit,22/06/2024 15:03,22/06/2024 15:03,Savings Vault topup,0.5,0,EUR,COMPLETED,0.5
Transfer,Deposit,22/06/2024 15:03,22/06/2024 15:03,Saving vault topup prefunding wallet,-0.5,0,EUR,COMPLETED,0
Transfer,Deposit,22/06/2024 15:12,22/06/2024 15:12,Savings Vault topup,1,0,EUR,COMPLETED,1
Transfer,Deposit,22/06/2024 15:12,22/06/2024 15:12,Saving vault topup prefunding wallet,-1,0,EUR,COMPLETED,0
Transfer,Deposit,22/06/2024 15:32,22/06/2024 15:32,Savings Vault topup,0.6,0,EUR,COMPLETED,0.6
Transfer,Deposit,22/06/2024 15:32,22/06/2024 15:32,Saving vault topup prefunding wallet,-0.6,0,EUR,COMPLETED,0
Transfer,Deposit,22/06/2024 19:07,22/06/2024 19:07,Savings Vault topup,0.5,0,EUR,COMPLETED,0.5
Transfer,Deposit,22/06/2024 19:07,22/06/2024 19:07,Saving vault topup prefunding wallet,-0.5,0,EUR,COMPLETED,0
Transfer,Deposit,23/06/2024 15:24,23/06/2024 15:24,Savings Vault topup,1000,0,EUR,COMPLETED,1000
Transfer,Deposit,23/06/2024 15:24,23/06/2024 15:24,Saving vault topup prefunding wallet,-1000,0,EUR,COMPLETED,0
Transfer,Deposit,24/06/2024 22:11,24/06/2024 22:11,Savings Vault topup,1,0,EUR,COMPLETED,1
Transfer,Deposit,24/06/2024 22:11,24/06/2024 22:11,Saving vault topup prefunding wallet,-1,0,EUR,COMPLETED,0
Transfer,Deposit,24/06/2024 22:49,24/06/2024 22:49,Savings Vault topup,1,0,EUR,COMPLETED,1
Transfer,Deposit,24/06/2024 22:49,24/06/2024 22:49,Saving vault topup prefunding wallet,-1,0,EUR,COMPLETED,0
Transfer,Deposit,25/06/2024 10:42,25/06/2024 10:42,Savings Vault topup,1,0,EUR,COMPLETED,1
Transfer,Deposit,25/06/2024 10:42,25/06/2024 10:42,Saving vault topup prefunding wallet,-1,0,EUR,COMPLETED,0
Transfer,Deposit,26/06/2024 17:44,26/06/2024 17:44,Savings Vault topup,0.7,0,EUR,COMPLETED,0.7
Transfer,Deposit,26/06/2024 17:44,26/06/2024 17:44,Saving vault topup prefunding wallet,-0.7,0,EUR,COMPLETED,0
Transfer,Deposit,27/06/2024 12:59,27/06/2024 12:59,Savings Vault topup,0.05,0,EUR,COMPLETED,0.05
Transfer,Deposit,27/06/2024 12:59,27/06/2024 12:59,Saving vault topup prefunding wallet,-0.05,0,EUR,COMPLETED,0
Transfer,Deposit,27/06/2024 17:46,27/06/2024 17:46,Savings Vault topup,1,0,EUR,COMPLETED,1
Transfer,Deposit,27/06/2024 17:46,27/06/2024 17:46,Saving vault topup prefunding wallet,-1,0,EUR,COMPLETED,0
Transfer,Deposit,27/06/2024 21:07,27/06/2024 21:07,Savings Vault topup,1,0,EUR,COMPLETED,1
Transfer,Deposit,27/06/2024 21:07,27/06/2024 21:07,Saving vault topup prefunding wallet,-1,0,EUR,COMPLETED,0
Transfer,Deposit,27/06/2024 22:02,27/06/2024 22:02,Savings Vault topup,0.2,0,EUR,COMPLETED,0.2
Transfer,Deposit,27/06/2024 22:02,27/06/2024 22:02,Saving vault topup prefunding wallet,-0.2,0,EUR,COMPLETED,0
Transfer,Deposit,28/06/2024 21:34,28/06/2024 21:34,Savings Vault topup,500,0,EUR,COMPLETED,500
Transfer,Deposit,28/06/2024 21:34,28/06/2024 21:34,Saving vault topup prefunding wallet,-500,0,EUR,COMPLETED,0
Transfer,Deposit,28/06/2024 21:34,28/06/2024 21:34,Savings Vault topup,200,0,EUR,COMPLETED,200
Transfer,Deposit,28/06/2024 21:34,28/06/2024 21:34,Saving vault topup prefunding wallet,-200,0,EUR,COMPLETED,0
Transfer,Deposit,28/06/2024 21:34,28/06/2024 21:34,Savings vault withdrawal from prefunding wallet,200,0,EUR,COMPLETED,200
Transfer,Deposit,28/06/2024 21:34,28/06/2024 21:34,From Flexible Cash Funds,-200,0,EUR,COMPLETED,0
Transfer,Deposit,28/06/2024 21:41,28/06/2024 21:41,Savings Vault topup,0.86,0,EUR,COMPLETED,0.86
Transfer,Deposit,28/06/2024 21:41,28/06/2024 21:41,Saving vault topup prefunding wallet,-0.86,0,EUR,COMPLETED,0
Transfer,Deposit,28/06/2024 22:29,28/06/2024 22:29,Savings Vault topup,0.71,0,EUR,COMPLETED,0.71
Transfer,Deposit,28/06/2024 22:29,28/06/2024 22:29,Saving vault topup prefunding wallet,-0.71,0,EUR,COMPLETED,0
Transfer,Deposit,29/06/2024 15:53,29/06/2024 15:53,Savings Vault topup,0.62,0,EUR,COMPLETED,0.62
Transfer,Deposit,29/06/2024 15:53,29/06/2024 15:53,Saving vault topup prefunding wallet,-0.62,0,EUR,COMPLETED,0
Transfer,Deposit,29/06/2024 17:26,29/06/2024 17:26,Savings Vault topup,1,0,EUR,COMPLETED,1
Transfer,Deposit,29/06/2024 17:26,29/06/2024 17:26,Saving vault topup prefunding wallet,-1,0,EUR,COMPLETED,0
Transfer,Deposit,29/06/2024 20:10,29/06/2024 20:10,Savings Vault topup,0.55,0,EUR,COMPLETED,0.55
Transfer,Deposit,29/06/2024 20:10,29/06/2024 20:10,Saving vault topup prefunding wallet,-0.55,0,EUR,COMPLETED,0
Transfer,Deposit,29/06/2024 20:42,29/06/2024 20:42,Savings Vault topup,1,0,EUR,COMPLETED,1
Transfer,Deposit,29/06/2024 20:42,29/06/2024 20:42,Saving vault topup prefunding wallet,-1,0,EUR,COMPLETED,0
Transfer,Deposit,30/06/2024 13:51,30/06/2024 13:51,Savings Vault topup,1,0,EUR,COMPLETED,1
Transfer,Deposit,30/06/2024 13:51,30/06/2024 13:51,Saving vault topup prefunding wallet,-1,0,EUR,COMPLETED,0
Transfer,Deposit,30/06/2024 14:51,30/06/2024 14:51,Savings Vault topup,0.49,0,EUR,COMPLETED,0.49
Transfer,Deposit,30/06/2024 14:51,30/06/2024 14:51,Saving vault topup prefunding wallet,-0.49,0,EUR,COMPLETED,0
Transfer,Deposit,01/07/2024 19:13,01/07/2024 19:13,Savings Vault topup,0.05,0,EUR,COMPLETED,0.05
Transfer,Deposit,01/07/2024 19:13,01/07/2024 19:13,Saving vault topup prefunding wallet,-0.05,0,EUR,COMPLETED,0
Transfer,Deposit,02/07/2024 12:52,02/07/2024 12:52,Savings Vault topup,0.2,0,EUR,COMPLETED,0.2
Transfer,Deposit,02/07/2024 12:52,02/07/2024 12:52,Saving vault topup prefunding wallet,-0.2,0,EUR,COMPLETED,0
Transfer,Deposit,02/07/2024 18:08,02/07/2024 18:08,Savings Vault topup,0.93,0,EUR,COMPLETED,0.93
Transfer,Deposit,02/07/2024 18:08,02/07/2024 18:08,Saving vault topup prefunding wallet,-0.93,0,EUR,COMPLETED,0
Transfer,Deposit,03/07/2024 12:58,03/07/2024 12:58,Savings Vault topup,0.5,0,EUR,COMPLETED,0.5
Transfer,Deposit,03/07/2024 12:58,03/07/2024 12:58,Saving vault topup prefunding wallet,-0.5,0,EUR,COMPLETED,0
Transfer,Deposit,05/07/2024 02:13,05/07/2024 02:13,Savings Vault topup,0.02,0,EUR,COMPLETED,0.02
Transfer,Deposit,05/07/2024 02:13,05/07/2024 02:13,Saving vault topup prefunding wallet,-0.02,0,EUR,COMPLETED,0
Transfer,Deposit,06/07/2024 10:56,06/07/2024 10:56,Savings Vault topup,0.9,0,EUR,COMPLETED,0.9
Transfer,Deposit,06/07/2024 10:56,06/07/2024 10:56,Saving vault topup prefunding wallet,-0.9,0,EUR,COMPLETED,0
Transfer,Deposit,06/07/2024 12:31,06/07/2024 12:31,Savings Vault topup,1,0,EUR,COMPLETED,1
Transfer,Deposit,06/07/2024 12:31,06/07/2024 12:31,Saving vault topup prefunding wallet,-1,0,EUR,COMPLETED,0
Transfer,Deposit,06/07/2024 13:07,06/07/2024 13:07,Savings Vault topup,0.85,0,EUR,COMPLETED,0.85
Transfer,Deposit,06/07/2024 13:07,06/07/2024 13:07,Saving vault topup prefunding wallet,-0.85,0,EUR,COMPLETED,0
Transfer,Deposit,07/07/2024 15:06,07/07/2024 15:06,Savings Vault topup,0.62,0,EUR,COMPLETED,0.62
Transfer,Deposit,07/07/2024 15:06,07/07/2024 15:06,Saving vault topup prefunding wallet,-0.62,0,EUR,COMPLETED,0
Transfer,Deposit,08/07/2024 13:14,08/07/2024 13:14,Savings Vault topup,0.96,0,EUR,COMPLETED,0.96
Transfer,Deposit,08/07/2024 13:14,08/07/2024 13:14,Saving vault topup prefunding wallet,-0.96,0,EUR,COMPLETED,0
Transfer,Deposit,11/07/2024 08:26,11/07/2024 08:26,Savings Vault topup,0.71,0,EUR,COMPLETED,0.71
Transfer,Deposit,11/07/2024 08:26,11/07/2024 08:26,Saving vault topup prefunding wallet,-0.71,0,EUR,COMPLETED,0
Transfer,Deposit,12/07/2024 21:30,12/07/2024 21:30,Savings Vault topup,0.51,0,EUR,COMPLETED,0.51
Transfer,Deposit,12/07/2024 21:30,12/07/2024 21:30,Saving vault topup prefunding wallet,-0.51,0,EUR,COMPLETED,0
Transfer,Deposit,13/07/2024 18:15,13/07/2024 18:15,Savings Vault topup,0.25,0,EUR,COMPLETED,0.25
Transfer,Deposit,13/07/2024 18:15,13/07/2024 18:15,Saving vault topup prefunding wallet,-0.25,0,EUR,COMPLETED,0
Transfer,Deposit,16/07/2024 11:54,16/07/2024 11:54,Savings Vault topup,0.85,0,EUR,COMPLETED,0.85
Transfer,Deposit,16/07/2024 11:54,16/07/2024 11:54,Saving vault topup prefunding wallet,-0.85,0,EUR,COMPLETED,0
Transfer,Deposit,16/07/2024 13:30,16/07/2024 13:30,Savings vault withdrawal from prefunding wallet,1421.75,0,EUR,COMPLETED,1421.75
Transfer,Deposit,16/07/2024 13:30,16/07/2024 13:30,From Flexible Cash Funds,-1421.75,0,EUR,COMPLETED,0
Transfer,Deposit,16/07/2024 13:30,16/07/2024 13:30,Savings Vault topup,0.25,0,EUR,COMPLETED,0.25
Transfer,Deposit,16/07/2024 13:30,16/07/2024 13:30,Saving vault topup prefunding wallet,-0.25,0,EUR,COMPLETED,0
Transfer,Deposit,16/07/2024 14:02,16/07/2024 14:02,Savings Vault topup,1,0,EUR,COMPLETED,1
Transfer,Deposit,16/07/2024 14:02,16/07/2024 14:02,Saving vault topup prefunding wallet,-1,0,EUR,COMPLETED,0
Transfer,Deposit,16/07/2024 15:19,16/07/2024 15:19,Savings Vault topup,0.65,0,EUR,COMPLETED,0.65
Transfer,Deposit,16/07/2024 15:19,16/07/2024 15:19,Saving vault topup prefunding wallet,-0.65,0,EUR,COMPLETED,0
Transfer,Deposit,16/07/2024 17:26,16/07/2024 17:26,Savings Vault topup,0.5,0,EUR,COMPLETED,0.5
Transfer,Deposit,16/07/2024 17:26,16/07/2024 17:26,Saving vault topup prefunding wallet,-0.5,0,EUR,COMPLETED,0
Transfer,Deposit,16/07/2024 18:45,16/07/2024 18:45,Savings Vault topup,0.6,0,EUR,COMPLETED,0.6
Transfer,Deposit,16/07/2024 18:45,16/07/2024 18:45,Saving vault topup prefunding wallet,-0.6,0,EUR,COMPLETED,0
Transfer,Deposit,20/07/2024 17:43,20/07/2024 17:43,Savings Vault topup,0.2,0,EUR,COMPLETED,0.2
Transfer,Deposit,20/07/2024 17:43,20/07/2024 17:43,Saving vault topup prefunding wallet,-0.2,0,EUR,COMPLETED,0
Transfer,Deposit,21/07/2024 13:28,21/07/2024 13:28,Savings Vault topup,0.49,0,EUR,COMPLETED,0.49
Transfer,Deposit,21/07/2024 13:28,21/07/2024 13:28,Saving vault topup prefunding wallet,-0.49,0,EUR,COMPLETED,0
Transfer,Deposit,25/07/2024 18:01,25/07/2024 18:01,Savings Vault topup,0.01,0,EUR,COMPLETED,0.01
Transfer,Deposit,25/07/2024 18:01,25/07/2024 18:01,Saving vault topup prefunding wallet,-0.01,0,EUR,COMPLETED,0
Transfer,Deposit,25/07/2024 18:08,25/07/2024 18:08,Savings Vault topup,1,0,EUR,COMPLETED,1
Transfer,Deposit,25/07/2024 18:08,25/07/2024 18:08,Saving vault topup prefunding wallet,-1,0,EUR,COMPLETED,0
Transfer,Deposit,25/07/2024 18:44,25/07/2024 18:44,Savings Vault topup,1,0,EUR,COMPLETED,1
Transfer,Deposit,25/07/2024 18:44,25/07/2024 18:44,Saving vault topup prefunding wallet,-1,0,EUR,COMPLETED,0
Transfer,Deposit,25/07/2024 18:49,25/07/2024 18:49,Savings Vault topup,1,0,EUR,COMPLETED,1
Transfer,Deposit,25/07/2024 18:49,25/07/2024 18:49,Saving vault topup prefunding wallet,-1,0,EUR,COMPLETED,0
Transfer,Deposit,26/07/2024 01:18,26/07/2024 01:18,Savings Vault topup,0.96,0,EUR,COMPLETED,0.96
Transfer,Deposit,26/07/2024 01:18,26/07/2024 01:18,Saving vault topup prefunding wallet,-0.96,0,EUR,COMPLETED,0
Transfer,Deposit,26/07/2024 13:56,26/07/2024 13:56,Savings Vault topup,0.5,0,EUR,COMPLETED,0.5
Transfer,Deposit,26/07/2024 13:56,26/07/2024 13:56,Saving vault topup prefunding wallet,-0.5,0,EUR,COMPLETED,0
Transfer,Deposit,26/07/2024 18:59,26/07/2024 18:59,Savings Vault topup,0.15,0,EUR,COMPLETED,0.15
Transfer,Deposit,26/07/2024 18:59,26/07/2024 18:59,Saving vault topup prefunding wallet,-0.15,0,EUR,COMPLETED,0
Transfer,Deposit,27/07/2024 01:56,27/07/2024 01:56,Savings Vault topup,200,0,EUR,COMPLETED,200
Transfer,Deposit,27/07/2024 01:56,27/07/2024 01:56,Saving vault topup prefunding wallet,-200,0,EUR,COMPLETED,0
Transfer,Deposit,28/07/2024 14:58,28/07/2024 14:58,Savings Vault topup,0.2,0,EUR,COMPLETED,0.2
Transfer,Deposit,28/07/2024 14:58,28/07/2024 14:58,Saving vault topup prefunding wallet,-0.2,0,EUR,COMPLETED,0
Transfer,Deposit,28/07/2024 20:34,28/07/2024 20:34,Savings Vault topup,0.4,0,EUR,COMPLETED,0.4
Transfer,Deposit,28/07/2024 20:34,28/07/2024 20:34,Saving vault topup prefunding wallet,-0.4,0,EUR,COMPLETED,0
Transfer,Deposit,31/07/2024 14:56,31/07/2024 14:56,Savings Vault topup,0.5,0,EUR,COMPLETED,0.5
Transfer,Deposit,31/07/2024 14:56,31/07/2024 14:56,Saving vault topup prefunding wallet,-0.5,0,EUR,COMPLETED,0
Transfer,Deposit,01/08/2024 20:03,01/08/2024 20:03,Savings Vault topup,1,0,EUR,COMPLETED,1
Transfer,Deposit,01/08/2024 20:03,01/08/2024 20:03,Saving vault topup prefunding wallet,-1,0,EUR,COMPLETED,0
Transfer,Deposit,02/08/2024 18:26,02/08/2024 18:26,Savings Vault topup,0.55,0,EUR,COMPLETED,0.55
Transfer,Deposit,02/08/2024 18:26,02/08/2024 18:26,Saving vault topup prefunding wallet,-0.55,0,EUR,COMPLETED,0
Transfer,Deposit,03/08/2024 14:04,03/08/2024 14:04,Savings Vault topup,0.2,0,EUR,COMPLETED,0.2
Transfer,Deposit,03/08/2024 14:04,03/08/2024 14:04,Saving vault topup prefunding wallet,-0.2,0,EUR,COMPLETED,0
Transfer,Deposit,04/08/2024 19:15,04/08/2024 19:15,Savings Vault topup,0.33,0,EUR,COMPLETED,0.33
Transfer,Deposit,04/08/2024 19:15,04/08/2024 19:15,Saving vault topup prefunding wallet,-0.33,0,EUR,COMPLETED,0
Transfer,Deposit,04/08/2024 19:43,04/08/2024 19:43,Savings Vault topup,0.42,0,EUR,COMPLETED,0.42
Transfer,Deposit,04/08/2024 19:43,04/08/2024 19:43,Saving vault topup prefunding wallet,-0.42,0,EUR,COMPLETED,0
Transfer,Deposit,05/08/2024 13:12,05/08/2024 13:12,Savings Vault topup,1,0,EUR,COMPLETED,1
Transfer,Deposit,05/08/2024 13:12,05/08/2024 13:12,Saving vault topup prefunding wallet,-1,0,EUR,COMPLETED,0
Transfer,Deposit,05/08/2024 13:53,05/08/2024 13:53,Savings Vault topup,0.2,0,EUR,COMPLETED,0.2
Transfer,Deposit,05/08/2024 13:53,05/08/2024 13:53,Saving vault topup prefunding wallet,-0.2,0,EUR,COMPLETED,0
Transfer,Deposit,05/08/2024 17:07,05/08/2024 17:07,Savings Vault topup,0.5,0,EUR,COMPLETED,0.5
Transfer,Deposit,05/08/2024 17:07,05/08/2024 17:07,Saving vault topup prefunding wallet,-0.5,0,EUR,COMPLETED,0
Transfer,Deposit,05/08/2024 18:41,05/08/2024 18:41,Savings Vault topup,0.6,0,EUR,COMPLETED,0.6
Transfer,Deposit,05/08/2024 18:41,05/08/2024 18:41,Saving vault topup prefunding wallet,-0.6,0,EUR,COMPLETED,0
Transfer,Deposit,05/08/2024 19:45,05/08/2024 19:45,Savings Vault topup,1,0,EUR,COMPLETED,1
Transfer,Deposit,05/08/2024 19:45,05/08/2024 19:45,Saving vault topup prefunding wallet,-1,0,EUR,COMPLETED,0
Transfer,Deposit,07/08/2024 08:42,07/08/2024 08:42,Savings Vault topup,1,0,EUR,COMPLETED,1
Transfer,Deposit,07/08/2024 08:42,07/08/2024 08:42,Saving vault topup prefunding wallet,-1,0,EUR,COMPLETED,0
Transfer,Deposit,07/08/2024 17:41,07/08/2024 17:41,Savings Vault topup,0.99,0,EUR,COMPLETED,0.99
Transfer,Deposit,07/08/2024 17:41,07/08/2024 17:41,Saving vault topup prefunding wallet,-0.99,0,EUR,COMPLETED,0
Transfer,Deposit,09/08/2024 18:14,09/08/2024 18:14,Savings Vault topup,0.82,0,EUR,COMPLETED,0.82
Transfer,Deposit,09/08/2024 18:14,09/08/2024 18:14,Saving vault topup prefunding wallet,-0.82,0,EUR,COMPLETED,0
Transfer,Deposit,09/08/2024 19:00,09/08/2024 19:00,Savings Vault topup,0.02,0,EUR,COMPLETED,0.02
Transfer,Deposit,09/08/2024 19:00,09/08/2024 19:00,Saving vault topup prefunding wallet,-0.02,0,EUR,COMPLETED,0
Transfer,Deposit,10/08/2024 06:50,10/08/2024 06:50,Savings Vault topup,1,0,EUR,COMPLETED,1
Transfer,Deposit,10/08/2024 06:50,10/08/2024 06:50,Saving vault topup prefunding wallet,-1,0,EUR,COMPLETED,0
Transfer,Deposit,10/08/2024 06:54,10/08/2024 06:54,Savings Vault topup,0.3,0,EUR,COMPLETED,0.3
Transfer,Deposit,10/08/2024 06:54,10/08/2024 06:54,Saving vault topup prefunding wallet,-0.3,0,EUR,COMPLETED,0
Transfer,Deposit,10/08/2024 11:22,10/08/2024 11:22,Savings Vault topup,0.65,0,EUR,COMPLETED,0.65
Transfer,Deposit,10/08/2024 11:22,10/08/2024 11:22,Saving vault topup prefunding wallet,-0.65,0,EUR,COMPLETED,0
Transfer,Deposit,10/08/2024 11:32,10/08/2024 11:32,Savings Vault topup,0.5,0,EUR,COMPLETED,0.5
Transfer,Deposit,10/08/2024 11:32,10/08/2024 11:32,Saving vault topup prefunding wallet,-0.5,0,EUR,COMPLETED,0
Transfer,Deposit,10/08/2024 11:56,10/08/2024 11:56,Savings Vault topup,0.3,0,EUR,COMPLETED,0.3
Transfer,Deposit,10/08/2024 11:56,10/08/2024 11:56,Saving vault topup prefunding wallet,-0.3,0,EUR,COMPLETED,0
Transfer,Deposit,10/08/2024 11:58,10/08/2024 11:58,Savings Vault topup,0.3,0,EUR,COMPLETED,0.3
Transfer,Deposit,10/08/2024 11:58,10/08/2024 11:58,Saving vault topup prefunding wallet,-0.3,0,EUR,COMPLETED,0
Transfer,Deposit,10/08/2024 15:48,10/08/2024 15:48,Savings Vault topup,0.01,0,EUR,COMPLETED,0.01
Transfer,Deposit,10/08/2024 15:48,10/08/2024 15:48,Saving vault topup prefunding wallet,-0.01,0,EUR,COMPLETED,0
Transfer,Deposit,10/08/2024 16:43,10/08/2024 16:43,Savings Vault topup,0.5,0,EUR,COMPLETED,0.5
Transfer,Deposit,10/08/2024 16:43,10/08/2024 16:43,Saving vault topup prefunding wallet,-0.5,0,EUR,COMPLETED,0
Transfer,Deposit,10/08/2024 16:50,10/08/2024 16:50,Savings Vault topup,0.2,0,EUR,COMPLETED,0.2
Transfer,Deposit,10/08/2024 16:50,10/08/2024 16:50,Saving vault topup prefunding wallet,-0.2,0,EUR,COMPLETED,0
Transfer,Deposit,11/08/2024 19:48,11/08/2024 19:48,Savings Vault topup,0.85,0,EUR,COMPLETED,0.85
Transfer,Deposit,11/08/2024 19:48,11/08/2024 19:48,Saving vault topup prefunding wallet,-0.85,0,EUR,COMPLETED,0
Transfer,Deposit,12/08/2024 19:31,12/08/2024 19:31,Savings Vault topup,1,0,EUR,COMPLETED,1
Transfer,Deposit,12/08/2024 19:31,12/08/2024 19:31,Saving vault topup prefunding wallet,-1,0,EUR,COMPLETED,0
Transfer,Deposit,12/08/2024 19:35,12/08/2024 19:35,Savings Vault topup,0.31,0,EUR,COMPLETED,0.31
Transfer,Deposit,12/08/2024 19:35,12/08/2024 19:35,Saving vault topup prefunding wallet,-0.31,0,EUR,COMPLETED,0
Transfer,Deposit,12/08/2024 21:23,12/08/2024 21:23,Savings Vault topup,0.83,0,EUR,COMPLETED,0.83
Transfer,Deposit,12/08/2024 21:23,12/08/2024 21:23,Saving vault topup prefunding wallet,-0.83,0,EUR,COMPLETED,0
Transfer,Deposit,13/08/2024 12:58,13/08/2024 12:58,Savings Vault topup,0.1,0,EUR,COMPLETED,0.1
Transfer,Deposit,13/08/2024 12:58,13/08/2024 12:58,Saving vault topup prefunding wallet,-0.1,0,EUR,COMPLETED,0
Transfer,Deposit,13/08/2024 17:43,13/08/2024 17:43,Savings Vault topup,1,0,EUR,COMPLETED,1
Transfer,Deposit,13/08/2024 17:43,13/08/2024 17:43,Saving vault topup prefunding wallet,-1,0,EUR,COMPLETED,0
Transfer,Deposit,14/08/2024 17:57,14/08/2024 17:57,Savings Vault topup,1,0,EUR,COMPLETED,1
Transfer,Deposit,14/08/2024 17:57,14/08/2024 17:57,Saving vault topup prefunding wallet,-1,0,EUR,COMPLETED,0
Transfer,Deposit,14/08/2024 18:09,14/08/2024 18:09,Savings Vault topup,0.5,0,EUR,COMPLETED,0.5
Transfer,Deposit,14/08/2024 18:09,14/08/2024 18:09,Saving vault topup prefunding wallet,-0.5,0,EUR,COMPLETED,0
Transfer,Deposit,16/08/2024 12:43,16/08/2024 12:43,Savings Vault topup,0.99,0,EUR,COMPLETED,0.99
Transfer,Deposit,16/08/2024 12:43,16/08/2024 12:43,Saving vault topup prefunding wallet,-0.99,0,EUR,COMPLETED,0
Transfer,Deposit,17/08/2024 13:51,17/08/2024 13:51,Savings Vault topup,0.5,0,EUR,COMPLETED,0.5
Transfer,Deposit,17/08/2024 13:51,17/08/2024 13:51,Saving vault topup prefunding wallet,-0.5,0,EUR,COMPLETED,0
Transfer,Deposit,17/08/2024 14:13,17/08/2024 14:13,Savings Vault topup,1,0,EUR,COMPLETED,1
Transfer,Deposit,17/08/2024 14:13,17/08/2024 14:13,Saving vault topup prefunding wallet,-1,0,EUR,COMPLETED,0
Transfer,Deposit,17/08/2024 19:08,17/08/2024 19:08,Savings Vault topup,0.5,0,EUR,COMPLETED,0.5
Transfer,Deposit,17/08/2024 19:08,17/08/2024 19:08,Saving vault topup prefunding wallet,-0.5,0,EUR,COMPLETED,0
Transfer,Deposit,17/08/2024 22:28,17/08/2024 22:28,Savings Vault topup,0.5,0,EUR,COMPLETED,0.5
Transfer,Deposit,17/08/2024 22:28,17/08/2024 22:28,Saving vault topup prefunding wallet,-0.5,0,EUR,COMPLETED,0
Transfer,Deposit,17/08/2024 22:42,17/08/2024 22:42,Savings Vault topup,0.2,0,EUR,COMPLETED,0.2
Transfer,Deposit,17/08/2024 22:42,17/08/2024 22:42,Saving vault topup prefunding wallet,-0.2,0,EUR,COMPLETED,0
Transfer,Deposit,18/08/2024 12:30,18/08/2024 12:30,Savings Vault topup,0.5,0,EUR,COMPLETED,0.5
Transfer,Deposit,18/08/2024 12:30,18/08/2024 12:30,Saving vault topup prefunding wallet,-0.5,0,EUR,COMPLETED,0
Transfer,Deposit,18/08/2024 13:50,18/08/2024 13:50,Savings Vault topup,1,0,EUR,COMPLETED,1
Transfer,Deposit,18/08/2024 13:50,18/08/2024 13:50,Saving vault topup prefunding wallet,-1,0,EUR,COMPLETED,0
Transfer,Deposit,18/08/2024 20:38,18/08/2024 20:38,Savings Vault topup,1,0,EUR,COMPLETED,1
Transfer,Deposit,18/08/2024 20:38,18/08/2024 20:38,Saving vault topup prefunding wallet,-1,0,EUR,COMPLETED,0
Transfer,Deposit,19/08/2024 18:41,19/08/2024 18:41,Savings Vault topup,0.5,0,EUR,COMPLETED,0.5
Transfer,Deposit,19/08/2024 18:41,19/08/2024 18:41,Saving vault topup prefunding wallet,-0.5,0,EUR,COMPLETED,0
Transfer,Deposit,19/08/2024 19:07,19/08/2024 19:07,Savings Vault topup,0.73,0,EUR,COMPLETED,0.73
Transfer,Deposit,19/08/2024 19:07,19/08/2024 19:07,Saving vault topup prefunding wallet,-0.73,0,EUR,COMPLETED,0
Transfer,Deposit,20/08/2024 21:41,20/08/2024 21:41,Savings Vault topup,1,0,EUR,COMPLETED,1
Transfer,Deposit,20/08/2024 21:41,20/08/2024 21:41,Saving vault topup prefunding wallet,-1,0,EUR,COMPLETED,0
Transfer,Deposit,20/08/2024 22:16,20/08/2024 22:16,Savings Vault topup,0.5,0,EUR,COMPLETED,0.5
Transfer,Deposit,20/08/2024 22:16,20/08/2024 22:16,Saving vault topup prefunding wallet,-0.5,0,EUR,COMPLETED,0
Transfer,Deposit,21/08/2024 13:54,21/08/2024 13:54,Savings Vault topup,0.01,0,EUR,COMPLETED,0.01
Transfer,Deposit,21/08/2024 13:54,21/08/2024 13:54,Saving vault topup prefunding wallet,-0.01,0,EUR,COMPLETED,0
Transfer,Deposit,22/08/2024 20:37,22/08/2024 20:37,Savings Vault topup,0.7,0,EUR,COMPLETED,0.7
Transfer,Deposit,22/08/2024 20:37,22/08/2024 20:37,Saving vault topup prefunding wallet,-0.7,0,EUR,COMPLETED,0
Transfer,Deposit,23/08/2024 11:03,23/08/2024 11:03,Savings Vault topup,0.8,0,EUR,COMPLETED,0.8
Transfer,Deposit,23/08/2024 11:03,23/08/2024 11:03,Saving vault topup prefunding wallet,-0.8,0,EUR,COMPLETED,0
Transfer,Deposit,23/08/2024 14:50,23/08/2024 14:50,Savings Vault topup,0.01,0,EUR,COMPLETED,0.01
Transfer,Deposit,23/08/2024 14:50,23/08/2024 14:50,Saving vault topup prefunding wallet,-0.01,0,EUR,COMPLETED,0
Transfer,Deposit,23/08/2024 15:26,23/08/2024 15:26,Savings Vault topup,0.02,0,EUR,COMPLETED,0.02
Transfer,Deposit,23/08/2024 15:26,23/08/2024 15:26,Saving vault topup prefunding wallet,-0.02,0,EUR,COMPLETED,0
Transfer,Deposit,23/08/2024 15:39,23/08/2024 15:39,Savings Vault topup,0.07,0,EUR,COMPLETED,0.07
Transfer,Deposit,23/08/2024 15:39,23/08/2024 15:39,Saving vault topup prefunding wallet,-0.07,0,EUR,COMPLETED,0
Transfer,Deposit,23/08/2024 16:23,23/08/2024 16:23,Savings Vault topup,0.21,0,EUR,COMPLETED,0.21
Transfer,Deposit,23/08/2024 16:23,23/08/2024 16:23,Saving vault topup prefunding wallet,-0.21,0,EUR,COMPLETED,0
Transfer,Deposit,23/08/2024 18:48,23/08/2024 18:48,Savings Vault topup,0.2,0,EUR,COMPLETED,0.2
Transfer,Deposit,23/08/2024 18:48,23/08/2024 18:48,Saving vault topup prefunding wallet,-0.2,0,EUR,COMPLETED,0
Transfer,Deposit,23/08/2024 20:42,23/08/2024 20:42,Savings Vault topup,0.03,0,EUR,COMPLETED,0.03
Transfer,Deposit,23/08/2024 20:42,23/08/2024 20:42,Saving vault topup prefunding wallet,-0.03,0,EUR,COMPLETED,0
Transfer,Deposit,24/08/2024 11:06,24/08/2024 11:06,Savings Vault topup,0.1,0,EUR,COMPLETED,0.1
Transfer,Deposit,24/08/2024 11:06,24/08/2024 11:06,Saving vault topup prefunding wallet,-0.1,0,EUR,COMPLETED,0
Transfer,Deposit,24/08/2024 14:23,24/08/2024 14:23,Savings Vault topup,0.5,0,EUR,COMPLETED,0.5
Transfer,Deposit,24/08/2024 14:23,24/08/2024 14:23,Saving vault topup prefunding wallet,-0.5,0,EUR,COMPLETED,0
Transfer,Deposit,24/08/2024 14:38,24/08/2024 14:38,Savings Vault topup,0.61,0,EUR,COMPLETED,0.61
Transfer,Deposit,24/08/2024 14:38,24/08/2024 14:38,Saving vault topup prefunding wallet,-0.61,0,EUR,COMPLETED,0
Transfer,Deposit,25/08/2024 15:21,25/08/2024 15:21,Savings Vault topup,0.31,0,EUR,COMPLETED,0.31
Transfer,Deposit,25/08/2024 15:21,25/08/2024 15:21,Saving vault topup prefunding wallet,-0.31,0,EUR,COMPLETED,0
Transfer,Deposit,27/08/2024 12:19,27/08/2024 12:19,Savings Vault topup,0.1,0,EUR,COMPLETED,0.1
Transfer,Deposit,27/08/2024 12:19,27/08/2024 12:19,Saving vault topup prefunding wallet,-0.1,0,EUR,COMPLETED,0
Transfer,Deposit,27/08/2024 19:24,27/08/2024 19:24,Savings Vault topup,0.28,0,EUR,COMPLETED,0.28
Transfer,Deposit,27/08/2024 19:24,27/08/2024 19:24,Saving vault topup prefunding wallet,-0.28,0,EUR,COMPLETED,0
Transfer,Deposit,27/08/2024 20:56,27/08/2024 20:56,Savings Vault topup,0.22,0,EUR,COMPLETED,0.22
Transfer,Deposit,27/08/2024 20:56,27/08/2024 20:56,Saving vault topup prefunding wallet,-0.22,0,EUR,COMPLETED,0
Transfer,Deposit,29/08/2024 18:26,29/08/2024 18:26,Savings Vault topup,0.5,0,EUR,COMPLETED,0.5
Transfer,Deposit,29/08/2024 18:26,29/08/2024 18:26,Saving vault topup prefunding wallet,-0.5,0,EUR,COMPLETED,0
Transfer,Deposit,29/08/2024 20:08,29/08/2024 20:08,Savings Vault topup,0.5,0,EUR,COMPLETED,0.5
Transfer,Deposit,29/08/2024 20:08,29/08/2024 20:08,Saving vault topup prefunding wallet,-0.5,0,EUR,COMPLETED,0
Transfer,Deposit,29/08/2024 20:58,29/08/2024 20:58,Savings Vault topup,1,0,EUR,COMPLETED,1
Transfer,Deposit,29/08/2024 20:58,29/08/2024 20:58,Saving vault topup prefunding wallet,-1,0,EUR,COMPLETED,0
Transfer,Deposit,29/08/2024 23:03,29/08/2024 23:03,Savings Vault topup,0.2,0,EUR,COMPLETED,0.2
Transfer,Deposit,29/08/2024 23:03,29/08/2024 23:03,Saving vault topup prefunding wallet,-0.2,0,EUR,COMPLETED,0
Transfer,Deposit,30/08/2024 13:16,30/08/2024 13:16,Savings Vault topup,0.05,0,EUR,COMPLETED,0.05
Transfer,Deposit,30/08/2024 13:16,30/08/2024 13:16,Saving vault topup prefunding wallet,-0.05,0,EUR,COMPLETED,0
Transfer,Deposit,30/08/2024 13:24,30/08/2024 13:24,Savings Vault topup,0.76,0,EUR,COMPLETED,0.76
Transfer,Deposit,30/08/2024 13:24,30/08/2024 13:24,Saving vault topup prefunding wallet,-0.76,0,EUR,COMPLETED,0
Transfer,Deposit,30/08/2024 15:18,30/08/2024 15:18,Savings Vault topup,0.58,0,EUR,COMPLETED,0.58
Transfer,Deposit,30/08/2024 15:18,30/08/2024 15:18,Saving vault topup prefunding wallet,-0.58,0,EUR,COMPLETED,0
Transfer,Deposit,30/08/2024 19:10,30/08/2024 19:10,Savings Vault topup,0.05,0,EUR,COMPLETED,0.05
Transfer,Deposit,30/08/2024 19:10,30/08/2024 19:10,Saving vault topup prefunding wallet,-0.05,0,EUR,COMPLETED,0
Transfer,Deposit,31/08/2024 12:46,31/08/2024 12:46,Savings Vault topup,0.8,0,EUR,COMPLETED,0.8
Transfer,Deposit,31/08/2024 12:46,31/08/2024 12:46,Saving vault topup prefunding wallet,-0.8,0,EUR,COMPLETED,0
Transfer,Deposit,01/09/2024 14:15,01/09/2024 14:15,Savings Vault topup,0.05,0,EUR,COMPLETED,0.05
Transfer,Deposit,01/09/2024 14:15,01/09/2024 14:15,Saving vault topup prefunding wallet,-0.05,0,EUR,COMPLETED,0
Transfer,Deposit,01/09/2024 19:51,01/09/2024 19:51,Savings Vault topup,0.47,0,EUR,COMPLETED,0.47
Transfer,Deposit,01/09/2024 19:51,01/09/2024 19:51,Saving vault topup prefunding wallet,-0.47,0,EUR,COMPLETED,0
Transfer,Deposit,02/09/2024 09:39,02/09/2024 09:39,Savings Vault topup,0.6,0,EUR,COMPLETED,0.6
Transfer,Deposit,02/09/2024 09:39,02/09/2024 09:39,Saving vault topup prefunding wallet,-0.6,0,EUR,COMPLETED,0
Transfer,Deposit,02/09/2024 09:48,02/09/2024 09:48,Savings Vault topup,0.3,0,EUR,COMPLETED,0.3
Transfer,Deposit,02/09/2024 09:48,02/09/2024 09:48,Saving vault topup prefunding wallet,-0.3,0,EUR,COMPLETED,0
Transfer,Deposit,02/09/2024 18:33,02/09/2024 18:33,Savings Vault topup,0.48,0,EUR,COMPLETED,0.48
Transfer,Deposit,02/09/2024 18:33,02/09/2024 18:33,Saving vault topup prefunding wallet,-0.48,0,EUR,COMPLETED,0
Transfer,Deposit,02/09/2024 19:27,02/09/2024 19:27,Savings Vault topup,0.97,0,EUR,COMPLETED,0.97
Transfer,Deposit,02/09/2024 19:27,02/09/2024 19:27,Saving vault topup prefunding wallet,-0.97,0,EUR,COMPLETED,0
Transfer,Deposit,06/09/2024 14:49,06/09/2024 14:49,Savings Vault topup,1,0,EUR,COMPLETED,1
Transfer,Deposit,06/09/2024 14:49,06/09/2024 14:49,Saving vault topup prefunding wallet,-1,0,EUR,COMPLETED,0
Transfer,Deposit,08/09/2024 17:45,08/09/2024 17:45,Savings Vault topup,0.21,0,EUR,COMPLETED,0.21
Transfer,Deposit,08/09/2024 17:45,08/09/2024 17:45,Saving vault topup prefunding wallet,-0.21,0,EUR,COMPLETED,0
Transfer,Deposit,09/09/2024 14:21,09/09/2024 14:21,Savings Vault topup,0.02,0,EUR,COMPLETED,0.02
Transfer,Deposit,09/09/2024 14:21,09/09/2024 14:21,Saving vault topup prefunding wallet,-0.02,0,EUR,COMPLETED,0
Transfer,Deposit,10/09/2024 08:31,10/09/2024 08:31,Savings Vault topup,0.02,0,EUR,COMPLETED,0.02
Transfer,Deposit,10/09/2024 08:31,10/09/2024 08:31,Saving vault topup prefunding wallet,-0.02,0,EUR,COMPLETED,0
Transfer,Deposit,10/09/2024 08:57,10/09/2024 08:57,Savings Vault topup,0.3,0,EUR,COMPLETED,0.3
Transfer,Deposit,10/09/2024 08:57,10/09/2024 08:57,Saving vault topup prefunding wallet,-0.3,0,EUR,COMPLETED,0
Transfer,Deposit,10/09/2024 18:23,10/09/2024 18:23,Savings Vault topup,0.09,0,EUR,COMPLETED,0.09
Transfer,Deposit,10/09/2024 18:23,10/09/2024 18:23,Saving vault topup prefunding wallet,-0.09,0,EUR,COMPLETED,0
Transfer,Deposit,13/09/2024 13:30,13/09/2024 13:30,Savings Vault topup,0.24,0,EUR,COMPLETED,0.24
Transfer,Deposit,13/09/2024 13:30,13/09/2024 13:30,Saving vault topup prefunding wallet,-0.24,0,EUR,COMPLETED,0
Transfer,Deposit,13/09/2024 13:35,13/09/2024 13:35,Savings Vault topup,0.5,0,EUR,COMPLETED,0.5
Transfer,Deposit,13/09/2024 13:35,13/09/2024 13:35,Saving vault topup prefunding wallet,-0.5,0,EUR,COMPLETED,0
Transfer,Deposit,13/09/2024 21:07,13/09/2024 21:07,Savings Vault topup,0.22,0,EUR,COMPLETED,0.22
Transfer,Deposit,13/09/2024 21:07,13/09/2024 21:07,Saving vault topup prefunding wallet,-0.22,0,EUR,COMPLETED,0
Transfer,Deposit,14/09/2024 11:34,14/09/2024 11:34,Savings Vault topup,0.2,0,EUR,COMPLETED,0.2
Transfer,Deposit,14/09/2024 11:34,14/09/2024 11:34,Saving vault topup prefunding wallet,-0.2,0,EUR,COMPLETED,0
Transfer,Deposit,14/09/2024 11:40,14/09/2024 11:40,Savings Vault topup,0.05,0,EUR,COMPLETED,0.05
Transfer,Deposit,14/09/2024 11:40,14/09/2024 11:40,Saving vault topup prefunding wallet,-0.05,0,EUR,COMPLETED,0
Transfer,Deposit,14/09/2024 13:01,14/09/2024 13:01,Savings Vault topup,0.94,0,EUR,COMPLETED,0.94
Transfer,Deposit,14/09/2024 13:01,14/09/2024 13:01,Saving vault topup prefunding wallet,-0.94,0,EUR,COMPLETED,0
Transfer,Deposit,16/09/2024 09:00,16/09/2024 09:00,Savings Vault topup,1,0,EUR,COMPLETED,1
Transfer,Deposit,16/09/2024 09:00,16/09/2024 09:00,Saving vault topup prefunding wallet,-1,0,EUR,COMPLETED,0
Transfer,Deposit,16/09/2024 18:31,16/09/2024 18:31,Savings Vault topup,0.44,0,EUR,COMPLETED,0.44
Transfer,Deposit,16/09/2024 18:31,16/09/2024 18:31,Saving vault topup prefunding wallet,-0.44,0,EUR,COMPLETED,0
Transfer,Deposit,16/09/2024 20:25,16/09/2024 20:25,Savings Vault topup,1,0,EUR,COMPLETED,1
Transfer,Deposit,16/09/2024 20:25,16/09/2024 20:25,Saving vault topup prefunding wallet,-1,0,EUR,COMPLETED,0
Transfer,Deposit,17/09/2024 18:32,17/09/2024 18:32,Savings Vault topup,1,0,EUR,COMPLETED,1
Transfer,Deposit,17/09/2024 18:32,17/09/2024 18:32,Saving vault topup prefunding wallet,-1,0,EUR,COMPLETED,0
Transfer,Deposit,18/09/2024 14:53,18/09/2024 14:53,Savings Vault topup,0.35,0,EUR,COMPLETED,0.35
Transfer,Deposit,18/09/2024 14:53,18/09/2024 14:53,Saving vault topup prefunding wallet,-0.35,0,EUR,COMPLETED,0
Transfer,Deposit,19/09/2024 13:10,19/09/2024 13:10,Savings Vault topup,0.3,0,EUR,COMPLETED,0.3
Transfer,Deposit,19/09/2024 13:10,19/09/2024 13:10,Saving vault topup prefunding wallet,-0.3,0,EUR,COMPLETED,0
Transfer,Deposit,19/09/2024 18:43,19/09/2024 18:43,Savings Vault topup,0.29,0,EUR,COMPLETED,0.29
Transfer,Deposit,19/09/2024 18:43,19/09/2024 18:43,Saving vault topup prefunding wallet,-0.29,0,EUR,COMPLETED,0
Transfer,Deposit,20/09/2024 09:54,20/09/2024 09:54,Savings Vault topup,1,0,EUR,COMPLETED,1
Transfer,Deposit,20/09/2024 09:54,20/09/2024 09:54,Saving vault topup prefunding wallet,-1,0,EUR,COMPLETED,0
Transfer,Deposit,20/09/2024 11:09,20/09/2024 11:09,Savings Vault topup,0.8,0,EUR,COMPLETED,0.8
Transfer,Deposit,20/09/2024 11:09,20/09/2024 11:09,Saving vault topup prefunding wallet,-0.8,0,EUR,COMPLETED,0
Transfer,Deposit,20/09/2024 20:36,20/09/2024 20:36,Savings Vault topup,800,0,EUR,COMPLETED,800
Transfer,Deposit,20/09/2024 20:36,20/09/2024 20:36,Saving vault topup prefunding wallet,-800,0,EUR,COMPLETED,0
Transfer,Deposit,20/09/2024 20:41,20/09/2024 20:41,Savings vault withdrawal from prefunding wallet,600,0,EUR,COMPLETED,600
Transfer,Deposit,20/09/2024 20:41,20/09/2024 20:41,From Flexible Cash Funds,-600,0,EUR,COMPLETED,0
Transfer,Deposit,21/09/2024 16:56,21/09/2024 16:56,Savings Vault topup,0.34,0,EUR,COMPLETED,0.34
Transfer,Deposit,21/09/2024 16:56,21/09/2024 16:56,Saving vault topup prefunding wallet,-0.34,0,EUR,COMPLETED,0
Transfer,Deposit,22/09/2024 19:45,22/09/2024 19:45,Savings Vault topup,0.8,0,EUR,COMPLETED,0.8
Transfer,Deposit,22/09/2024 19:45,22/09/2024 19:45,Saving vault topup prefunding wallet,-0.8,0,EUR,COMPLETED,0
Transfer,Deposit,23/09/2024 19:51,23/09/2024 19:51,Savings Vault topup,0.83,0,EUR,COMPLETED,0.83
Transfer,Deposit,23/09/2024 19:51,23/09/2024 19:51,Saving vault topup prefunding wallet,-0.83,0,EUR,COMPLETED,0
Transfer,Deposit,25/09/2024 12:34,25/09/2024 12:34,Savings Vault topup,0.5,0,EUR,COMPLETED,0.5
Transfer,Deposit,25/09/2024 12:34,25/09/2024 12:34,Saving vault topup prefunding wallet,-0.5,0,EUR,COMPLETED,0
Transfer,Deposit,28/09/2024 11:45,28/09/2024 11:45,Savings Vault topup,0.09,0,EUR,COMPLETED,0.09
Transfer,Deposit,28/09/2024 11:45,28/09/2024 11:45,Saving vault topup prefunding wallet,-0.09,0,EUR,COMPLETED,0
Transfer,Deposit,29/09/2024 15:41,29/09/2024 15:41,Savings Vault topup,0.08,0,EUR,COMPLETED,0.08
Transfer,Deposit,29/09/2024 15:41,29/09/2024 15:41,Saving vault topup prefunding wallet,-0.08,0,EUR,COMPLETED,0
Transfer,Deposit,30/09/2024 19:50,30/09/2024 19:50,Savings Vault topup,0.98,0,EUR,COMPLETED,0.98
Transfer,Deposit,30/09/2024 19:50,30/09/2024 19:50,Saving vault topup prefunding wallet,-0.98,0,EUR,COMPLETED,0
Transfer,Deposit,01/10/2024 08:41,01/10/2024 08:41,Savings Vault topup,1,0,EUR,COMPLETED,1
Transfer,Deposit,01/10/2024 08:41,01/10/2024 08:41,Saving vault topup prefunding wallet,-1,0,EUR,COMPLETED,0
Transfer,Deposit,01/10/2024 20:36,01/10/2024 20:36,Savings Vault topup,1,0,EUR,COMPLETED,1
Transfer,Deposit,01/10/2024 20:36,01/10/2024 20:36,Saving vault topup prefunding wallet,-1,0,EUR,COMPLETED,0
Transfer,Deposit,02/10/2024 17:07,02/10/2024 17:07,Savings Vault topup,0.4,0,EUR,COMPLETED,0.4
Transfer,Deposit,02/10/2024 17:07,02/10/2024 17:07,Saving vault topup prefunding wallet,-0.4,0,EUR,COMPLETED,0
Transfer,Deposit,03/10/2024 09:15,03/10/2024 09:15,Savings Vault topup,0.25,0,EUR,COMPLETED,0.25
Transfer,Deposit,03/10/2024 09:15,03/10/2024 09:15,Saving vault topup prefunding wallet,-0.25,0,EUR,COMPLETED,0
Transfer,Deposit,03/10/2024 14:26,03/10/2024 14:26,Savings Vault topup,1,0,EUR,COMPLETED,1
Transfer,Deposit,03/10/2024 14:26,03/10/2024 14:26,Saving vault topup prefunding wallet,-1,0,EUR,COMPLETED,0
Transfer,Deposit,03/10/2024 15:07,03/10/2024 15:07,Savings Vault topup,0.5,0,EUR,COMPLETED,0.5
Transfer,Deposit,03/10/2024 15:07,03/10/2024 15:07,Saving vault topup prefunding wallet,-0.5,0,EUR,COMPLETED,0
Transfer,Deposit,04/10/2024 16:22,04/10/2024 16:22,Savings Vault topup,0.77,0,EUR,COMPLETED,0.77
Transfer,Deposit,04/10/2024 16:22,04/10/2024 16:22,Saving vault topup prefunding wallet,-0.77,0,EUR,COMPLETED,0
Transfer,Deposit,06/10/2024 13:11,06/10/2024 13:11,Savings Vault topup,0.38,0,EUR,COMPLETED,0.38
Transfer,Deposit,06/10/2024 13:11,06/10/2024 13:11,Saving vault topup prefunding wallet,-0.38,0,EUR,COMPLETED,0
Transfer,Deposit,06/10/2024 13:33,06/10/2024 13:33,Savings Vault topup,0.02,0,EUR,COMPLETED,0.02
Transfer,Deposit,06/10/2024 13:33,06/10/2024 13:33,Saving vault topup prefunding wallet,-0.02,0,EUR,COMPLETED,0
Transfer,Deposit,12/10/2024 15:45,12/10/2024 15:45,Savings vault withdrawal from prefunding wallet,389.58,0,EUR,COMPLETED,389.58
Transfer,Deposit,12/10/2024 15:45,12/10/2024 15:45,From Flexible Cash Funds,-389.58,0,EUR,COMPLETED,0
Transfer,Deposit,28/10/2024 12:58,28/10/2024 12:58,Savings Vault topup,1,0,EUR,COMPLETED,1
Transfer,Deposit,28/10/2024 12:58,28/10/2024 12:58,Saving vault topup prefunding wallet,-1,0,EUR,COMPLETED,0
Transfer,Deposit,28/10/2024 13:01,28/10/2024 13:01,Savings Vault topup,1,0,EUR,COMPLETED,1
Transfer,Deposit,28/10/2024 13:01,28/10/2024 13:01,Saving vault topup prefunding wallet,-1,0,EUR,COMPLETED,0
Transfer,Deposit,31/10/2024 16:06,31/10/2024 16:06,Savings vault withdrawal from prefunding wallet,200,0,EUR,COMPLETED,200
Transfer,Deposit,31/10/2024 16:06,31/10/2024 16:06,From Flexible Cash Funds,-200,0,EUR,COMPLETED,0
Transfer,Deposit,01/11/2024 18:36,01/11/2024 18:36,Savings Vault topup,700,0,EUR,COMPLETED,700
Transfer,Deposit,01/11/2024 18:36,01/11/2024 18:36,Saving vault topup prefunding wallet,-700,0,EUR,COMPLETED,0
Transfer,Deposit,13/11/2024 14:48,13/11/2024 14:48,Savings vault withdrawal from prefunding wallet,100,0,EUR,COMPLETED,100
Transfer,Deposit,13/11/2024 14:48,13/11/2024 14:48,From Flexible Cash Funds,-100,0,EUR,COMPLETED,0
Transfer,Deposit,13/11/2024 14:49,13/11/2024 14:49,Savings Vault topup,101,0,EUR,COMPLETED,101
Transfer,Deposit,13/11/2024 14:49,13/11/2024 14:49,Saving vault topup prefunding wallet,-101,0,EUR,COMPLETED,0
Transfer,Deposit,14/11/2024 13:45,14/11/2024 13:45,Savings vault withdrawal from prefunding wallet,100,0,EUR,COMPLETED,100
Transfer,Deposit,14/11/2024 13:45,14/11/2024 13:45,From Flexible Cash Funds,-100,0,EUR,COMPLETED,0
Transfer,Deposit,14/11/2024 13:46,14/11/2024 13:46,Savings Vault topup,0.04,0,EUR,COMPLETED,0.04
Transfer,Deposit,14/11/2024 13:46,14/11/2024 13:46,Saving vault topup prefunding wallet,-0.04,0,EUR,COMPLETED,0
Transfer,Deposit,17/11/2024 11:14,17/11/2024 11:14,Savings Vault topup,1,0,EUR,COMPLETED,1
Transfer,Deposit,17/11/2024 11:14,17/11/2024 11:14,Saving vault topup prefunding wallet,-1,0,EUR,COMPLETED,0
Transfer,Deposit,17/11/2024 12:01,17/11/2024 12:01,Savings vault withdrawal from prefunding wallet,200,0,EUR,COMPLETED,200
Transfer,Deposit,17/11/2024 12:01,17/11/2024 12:01,From Flexible Cash Funds,-200,0,EUR,COMPLETED,0
Transfer,Deposit,17/11/2024 17:47,17/11/2024 17:47,Savings Vault topup,0.55,0,EUR,COMPLETED,0.55
Transfer,Deposit,17/11/2024 17:47,17/11/2024 17:47,Saving vault topup prefunding wallet,-0.55,0,EUR,COMPLETED,0
Transfer,Deposit,26/11/2024 20:59,26/11/2024 20:59,Savings Vault topup,0.5,0,EUR,COMPLETED,0.5
Transfer,Deposit,26/11/2024 20:59,26/11/2024 20:59,Saving vault topup prefunding wallet,-0.5,0,EUR,COMPLETED,0
Transfer,Deposit,27/11/2024 13:03,27/11/2024 13:03,Savings Vault topup,0.55,0,EUR,COMPLETED,0.55
Transfer,Deposit,27/11/2024 13:03,27/11/2024 13:03,Saving vault topup prefunding wallet,-0.55,0,EUR,COMPLETED,0
Transfer,Deposit,01/12/2024 12:46,01/12/2024 12:46,Savings Vault topup,0.43,0,EUR,COMPLETED,0.43
Transfer,Deposit,01/12/2024 12:46,01/12/2024 12:46,Saving vault topup prefunding wallet,-0.43,0,EUR,COMPLETED,0
Transfer,Deposit,18/12/2024 13:16,18/12/2024 13:16,Savings Vault topup,1,0,EUR,COMPLETED,1
Transfer,Deposit,18/12/2024 13:16,18/12/2024 13:16,Saving vault topup prefunding wallet,-1,0,EUR,COMPLETED,0
Transfer,Deposit,19/12/2024 15:27,19/12/2024 15:27,Savings vault withdrawal from prefunding wallet,400,0,EUR,COMPLETED,400
Transfer,Deposit,19/12/2024 15:27,19/12/2024 15:27,From Flexible Cash Funds,-400,0,EUR,COMPLETED,0
Transfer,Deposit,19/12/2024 16:56,19/12/2024 16:56,Savings Vault topup,0.32,0,EUR,COMPLETED,0.32
Transfer,Deposit,19/12/2024 16:56,19/12/2024 16:56,Saving vault topup prefunding wallet,-0.32,0,EUR,COMPLETED,0
Transfer,Deposit,19/12/2024 21:02,19/12/2024 21:02,Savings Vault topup,0.01,0,EUR,COMPLETED,0.01
Transfer,Deposit,19/12/2024 21:02,19/12/2024 21:02,Saving vault topup prefunding wallet,-0.01,0,EUR,COMPLETED,0
Transfer,Deposit,20/12/2024 14:40,20/12/2024 14:40,Savings Vault topup,0.06,0,EUR,COMPLETED,0.06
Transfer,Deposit,20/12/2024 14:40,20/12/2024 14:40,Saving vault topup prefunding wallet,-0.06,0,EUR,COMPLETED,0
Transfer,Deposit,20/12/2024 15:13,20/12/2024 15:13,Savings Vault topup,0.3,0,EUR,COMPLETED,0.3
Transfer,Deposit,20/12/2024 15:13,20/12/2024 15:13,Saving vault topup prefunding wallet,-0.3,0,EUR,COMPLETED,0
Transfer,Deposit,20/12/2024 22:31,20/12/2024 22:31,Savings Vault topup,1,0,EUR,COMPLETED,1
Transfer,Deposit,20/12/2024 22:31,20/12/2024 22:31,Saving vault topup prefunding wallet,-1,0,EUR,COMPLETED,0
Transfer,Deposit,20/12/2024 22:42,20/12/2024 22:42,Savings Vault topup,0.2,0,EUR,COMPLETED,0.2
Transfer,Deposit,20/12/2024 22:42,20/12/2024 22:42,Saving vault topup prefunding wallet,-0.2,0,EUR,COMPLETED,0
Transfer,Deposit,20/12/2024 22:48,20/12/2024 22:48,Savings Vault topup,0.02,0,EUR,COMPLETED,0.02
Transfer,Deposit,20/12/2024 22:48,20/12/2024 22:48,Saving vault topup prefunding wallet,-0.02,0,EUR,COMPLETED,0
Transfer,Deposit,20/12/2024 22:52,20/12/2024 22:52,Savings Vault topup,1,0,EUR,COMPLETED,1
Transfer,Deposit,20/12/2024 22:52,20/12/2024 22:52,Saving vault topup prefunding wallet,-1,0,EUR,COMPLETED,0
Transfer,Deposit,24/12/2024 08:57,24/12/2024 08:57,Savings Vault topup,0.5,0,EUR,COMPLETED,0.5
Transfer,Deposit,24/12/2024 08:57,24/12/2024 08:57,Saving vault topup prefunding wallet,-0.5,0,EUR,COMPLETED,0
Transfer,Deposit,24/12/2024 09:39,24/12/2024 09:39,Savings Vault topup,1,0,EUR,COMPLETED,1
Transfer,Deposit,24/12/2024 09:39,24/12/2024 09:39,Saving vault topup prefunding wallet,-1,0,EUR,COMPLETED,0
Transfer,Deposit,24/12/2024 11:26,24/12/2024 11:26,Savings Vault topup,0.05,0,EUR,COMPLETED,0.05
Transfer,Deposit,24/12/2024 11:26,24/12/2024 11:26,Saving vault topup prefunding wallet,-0.05,0,EUR,COMPLETED,0
Transfer,Deposit,24/12/2024 11:57,24/12/2024 11:57,Savings Vault topup,1,0,EUR,COMPLETED,1
Transfer,Deposit,24/12/2024 11:57,24/12/2024 11:57,Saving vault topup prefunding wallet,-1,0,EUR,COMPLETED,0
Transfer,Deposit,24/12/2024 12:48,24/12/2024 12:48,Savings Vault topup,1,0,EUR,COMPLETED,1
Transfer,Deposit,24/12/2024 12:48,24/12/2024 12:48,Saving vault topup prefunding wallet,-1,0,EUR,COMPLETED,0
Transfer,Deposit,24/12/2024 13:48,24/12/2024 13:48,Savings Vault topup,0.5,0,EUR,COMPLETED,0.5
Transfer,Deposit,24/12/2024 13:48,24/12/2024 13:48,Saving vault topup prefunding wallet,-0.5,0,EUR,COMPLETED,0
Transfer,Deposit,24/12/2024 14:02,24/12/2024 14:02,Savings Vault topup,1,0,EUR,COMPLETED,1
Transfer,Deposit,24/12/2024 14:02,24/12/2024 14:02,Saving vault topup prefunding wallet,-1,0,EUR,COMPLETED,0
Transfer,Deposit,24/12/2024 15:01,24/12/2024 15:01,Savings Vault topup,1,0,EUR,COMPLETED,1
Transfer,Deposit,24/12/2024 15:01,24/12/2024 15:01,Saving vault topup prefunding wallet,-1,0,EUR,COMPLETED,0
Transfer,Deposit,24/12/2024 15:32,24/12/2024 15:32,Savings Vault topup,0.35,0,EUR,COMPLETED,0.35
Transfer,Deposit,24/12/2024 15:32,24/12/2024 15:32,Saving vault topup prefunding wallet,-0.35,0,EUR,COMPLETED,0
Transfer,Deposit,24/12/2024 16:45,24/12/2024 16:45,Savings Vault topup,1,0,EUR,COMPLETED,1
Transfer,Deposit,24/12/2024 16:45,24/12/2024 16:45,Saving vault topup prefunding wallet,-1,0,EUR,COMPLETED,0
Transfer,Deposit,28/12/2024 14:34,28/12/2024 14:34,Savings Vault topup,51,0,EUR,COMPLETED,51
Transfer,Deposit,28/12/2024 14:34,28/12/2024 14:34,Saving vault topup prefunding wallet,-51,0,EUR,COMPLETED,0
Transfer,Deposit,31/01/2025 11:41,31/01/2025 11:41,Savings vault withdrawal from prefunding wallet,1,0,EUR,COMPLETED,1
Transfer,Deposit,31/01/2025 11:41,31/01/2025 11:41,From Flexible Cash Funds,-1,0,EUR,COMPLETED,0
Transfer,Deposit,02/02/2025 03:09,02/02/2025 03:09,Savings vault withdrawal from prefunding wallet,1,0,EUR,COMPLETED,1
Transfer,Deposit,02/02/2025 03:09,02/02/2025 03:09,From Flexible Cash Funds,-1,0,EUR,COMPLETED,0
Transfer,Deposit,13/02/2025 14:28,13/02/2025 14:28,Savings Vault topup,1,0,EUR,COMPLETED,1
Transfer,Deposit,13/02/2025 14:28,13/02/2025 14:28,Saving vault topup prefunding wallet,-1,0,EUR,COMPLETED,0
Transfer,Deposit,17/02/2025 14:33,17/02/2025 14:33,Savings Vault topup,0.2,0,EUR,COMPLETED,0.2
Transfer,Deposit,17/02/2025 14:33,17/02/2025 14:33,Saving vault topup prefunding wallet,-0.2,0,EUR,COMPLETED,0
Transfer,Deposit,17/02/2025 19:15,17/02/2025 19:15,Savings Vault topup,0.82,0,EUR,COMPLETED,0.82
Transfer,Deposit,17/02/2025 19:15,17/02/2025 19:15,Saving vault topup prefunding wallet,-0.82,0,EUR,COMPLETED,0
Transfer,Deposit,17/02/2025 19:28,17/02/2025 19:28,Savings Vault topup,3,0,EUR,COMPLETED,3
Transfer,Deposit,17/02/2025 19:28,17/02/2025 19:28,Saving vault topup prefunding wallet,-3,0,EUR,COMPLETED,0
Transfer,Deposit,19/02/2025 00:54,19/02/2025 00:54,Savings vault withdrawal from prefunding wallet,2,0,EUR,COMPLETED,2
Transfer,Deposit,19/02/2025 00:54,19/02/2025 00:54,From Flexible Cash Funds,-2,0,EUR,COMPLETED,0
Transfer,Deposit,19/02/2025 16:42,19/02/2025 16:42,Savings Vault topup,142,0,EUR,COMPLETED,142
Transfer,Deposit,19/02/2025 16:42,19/02/2025 16:42,Saving vault topup prefunding wallet,-142,0,EUR,COMPLETED,0
Transfer,Deposit,19/02/2025 16:42,19/02/2025 16:42,Savings vault withdrawal from prefunding wallet,10,0,EUR,COMPLETED,10
Transfer,Deposit,19/02/2025 16:42,19/02/2025 16:42,From Flexible Cash Funds,-10,0,EUR,COMPLETED,0
Transfer,Deposit,27/02/2025 12:25,27/02/2025 12:25,Savings Vault topup,1,0,EUR,COMPLETED,1
Transfer,Deposit,27/02/2025 12:25,27/02/2025 12:25,Saving vault topup prefunding wallet,-1,0,EUR,COMPLETED,0
Transfer,Deposit,17/03/2025 17:27,17/03/2025 17:27,Savings vault withdrawal from prefunding wallet,100,0,EUR,COMPLETED,100
Transfer,Deposit,17/03/2025 17:27,17/03/2025 17:27,From Flexible Cash Funds,-100,0,EUR,COMPLETED,0
Transfer,Deposit,19/03/2025 14:15,19/03/2025 14:15,Savings Vault topup,0.71,0,EUR,COMPLETED,0.71
Transfer,Deposit,19/03/2025 14:15,19/03/2025 14:15,Saving vault topup prefunding wallet,-0.71,0,EUR,COMPLETED,0
Transfer,Deposit,05/04/2025 15:54,05/04/2025 15:54,Savings Vault topup,100,0,EUR,COMPLETED,100
Transfer,Deposit,05/04/2025 15:54,05/04/2025 15:54,Saving vault topup prefunding wallet,-100,0,EUR,COMPLETED,0
Transfer,Deposit,05/04/2025 15:54,05/04/2025 15:54,Savings vault withdrawal from prefunding wallet,40,0,EUR,COMPLETED,40
Transfer,Deposit,05/04/2025 15:54,05/04/2025 15:54,From Flexible Cash Funds,-40,0,EUR,COMPLETED,0
Transfer,Deposit,09/05/2025 17:17,09/05/2025 17:17,Savings vault withdrawal from prefunding wallet,100,0,EUR,COMPLETED,100
Transfer,Deposit,09/05/2025 17:17,09/05/2025 17:17,From Flexible Cash Funds,-100,0,EUR,COMPLETED,0
Transfer,Deposit,16/05/2025 23:37,16/05/2025 23:37,Savings Vault topup,1,0,EUR,COMPLETED,1
Transfer,Deposit,16/05/2025 23:37,16/05/2025 23:37,Saving vault topup prefunding wallet,-1,0,EUR,COMPLETED,0
Transfer,Deposit,17/05/2025 18:52,17/05/2025 18:52,Savings Vault topup,0.5,0,EUR,COMPLETED,0.5
Transfer,Deposit,17/05/2025 18:52,17/05/2025 18:52,Saving vault topup prefunding wallet,-0.5,0,EUR,COMPLETED,0
Transfer,Deposit,17/05/2025 18:56,17/05/2025 18:56,Savings Vault topup,0.2,0,EUR,COMPLETED,0.2
Transfer,Deposit,17/05/2025 18:56,17/05/2025 18:56,Saving vault topup prefunding wallet,-0.2,0,EUR,COMPLETED,0
Transfer,Deposit,18/05/2025 15:29,18/05/2025 15:29,Savings Vault topup,0.25,0,EUR,COMPLETED,0.25
Transfer,Deposit,18/05/2025 15:29,18/05/2025 15:29,Saving vault topup prefunding wallet,-0.25,0,EUR,COMPLETED,0
Transfer,Deposit,18/05/2025 15:37,18/05/2025 15:37,Savings Vault topup,1,0,EUR,COMPLETED,1
Transfer,Deposit,18/05/2025 15:37,18/05/2025 15:37,Saving vault topup prefunding wallet,-1,0,EUR,COMPLETED,0
Transfer,Deposit,19/05/2025 11:59,19/05/2025 11:59,Savings Vault topup,0.34,0,EUR,COMPLETED,0.34
Transfer,Deposit,19/05/2025 11:59,19/05/2025 11:59,Saving vault topup prefunding wallet,-0.34,0,EUR,COMPLETED,0
Transfer,Deposit,21/05/2025 19:59,21/05/2025 19:59,Savings Vault topup,0.7,0,EUR,COMPLETED,0.7
Transfer,Deposit,21/05/2025 19:59,21/05/2025 19:59,Saving vault topup prefunding wallet,-0.7,0,EUR,COMPLETED,0
Transfer,Deposit,22/05/2025 20:13,22/05/2025 20:13,Savings vault withdrawal from prefunding wallet,60,0,EUR,COMPLETED,60
Transfer,Deposit,22/05/2025 20:13,22/05/2025 20:13,From Flexible Cash Funds,-60,0,EUR,COMPLETED,0
Transfer,Deposit,22/05/2025 20:14,22/05/2025 20:14,Savings Vault topup,0.5,0,EUR,COMPLETED,0.5
Transfer,Deposit,22/05/2025 20:14,22/05/2025 20:14,Saving vault topup prefunding wallet,-0.5,0,EUR,COMPLETED,0
Transfer,Deposit,23/05/2025 18:19,23/05/2025 18:19,Savings Vault topup,1,0,EUR,COMPLETED,1
Transfer,Deposit,23/05/2025 18:19,23/05/2025 18:19,Saving vault topup prefunding wallet,-1,0,EUR,COMPLETED,0
Transfer,Deposit,26/05/2025 12:56,26/05/2025 12:56,Savings Vault topup,0.6,0,EUR,COMPLETED,0.6
Transfer,Deposit,26/05/2025 12:56,26/05/2025 12:56,Saving vault topup prefunding wallet,-0.6,0,EUR,COMPLETED,0
Transfer,Deposit,27/05/2025 18:23,27/05/2025 18:23,Savings Vault topup,1,0,EUR,COMPLETED,1
Transfer,Deposit,27/05/2025 18:23,27/05/2025 18:23,Saving vault topup prefunding wallet,-1,0,EUR,COMPLETED,0
Transfer,Deposit,31/05/2025 18:22,31/05/2025 18:22,Savings Vault topup,1,0,EUR,COMPLETED,1
Transfer,Deposit,31/05/2025 18:22,31/05/2025 18:22,Saving vault topup prefunding wallet,-1,0,EUR,COMPLETED,0
Transfer,Deposit,03/06/2025 15:21,03/06/2025 15:21,Savings Vault topup,0.8,0,EUR,COMPLETED,0.8
Transfer,Deposit,03/06/2025 15:21,03/06/2025 15:21,Saving vault topup prefunding wallet,-0.8,0,EUR,COMPLETED,0
Transfer,Deposit,03/06/2025 16:42,03/06/2025 16:42,Savings Vault topup,0.37,0,EUR,COMPLETED,0.37
Transfer,Deposit,03/06/2025 16:42,03/06/2025 16:42,Saving vault topup prefunding wallet,-0.37,0,EUR,COMPLETED,0
Transfer,Deposit,24/06/2025 10:52,24/06/2025 10:52,To Flexible Cash Funds,0.3,0,EUR,COMPLETED,0.3
Transfer,Deposit,24/06/2025 10:52,24/06/2025 10:52,Saving vault topup prefunding wallet,-0.3,0,EUR,COMPLETED,0
Transfer,Deposit,24/06/2025 13:14,24/06/2025 13:14,To Flexible Cash Funds,0.7,0,EUR,COMPLETED,0.7
Transfer,Deposit,24/06/2025 13:14,24/06/2025 13:14,Saving vault topup prefunding wallet,-0.7,0,EUR,COMPLETED,0
Transfer,Deposit,24/06/2025 13:46,24/06/2025 13:46,To Flexible Cash Funds,1,0,EUR,COMPLETED,1
Transfer,Deposit,24/06/2025 13:46,24/06/2025 13:46,Saving vault topup prefunding wallet,-1,0,EUR,COMPLETED,0
Transfer,Deposit,25/06/2025 07:34,25/06/2025 07:34,To Flexible Cash Funds,52.17,0,EUR,COMPLETED,52.17
Transfer,Deposit,25/06/2025 07:34,25/06/2025 07:34,Saving vault topup prefunding wallet,-52.17,0,EUR,COMPLETED,0
Exchange,Deposit,28/06/2025 17:15,28/06/2025 17:15,Exchanged to EUR,0.5,0,EUR,COMPLETED,0.5
Transfer,Deposit,28/06/2025 17:15,28/06/2025 17:15,Saving vault topup prefunding wallet,-0.5,0,EUR,COMPLETED,0
Exchange,Deposit,28/06/2025 18:48,28/06/2025 18:48,Exchanged to EUR,0.05,0,EUR,COMPLETED,0.05
Transfer,Deposit,28/06/2025 18:48,28/06/2025 18:48,Saving vault topup prefunding wallet,-0.05,0,EUR,COMPLETED,0
Exchange,Deposit,28/06/2025 19:16,28/06/2025 19:16,Exchanged to EUR,0.39,0,EUR,COMPLETED,0.39
Transfer,Deposit,28/06/2025 19:16,28/06/2025 19:16,Saving vault topup prefunding wallet,-0.39,0,EUR,COMPLETED,0
Exchange,Deposit,29/06/2025 10:38,29/06/2025 10:38,Exchanged to EUR,0.78,0.01,EUR,COMPLETED,0.77
Transfer,Deposit,29/06/2025 10:38,29/06/2025 10:38,Saving vault topup prefunding wallet,-0.77,0,EUR,COMPLETED,0
Exchange,Deposit,29/06/2025 10:58,29/06/2025 10:58,Exchanged to EUR,0.98,0.01,EUR,COMPLETED,0.97
Transfer,Deposit,29/06/2025 10:58,29/06/2025 10:58,Saving vault topup prefunding wallet,-0.97,0,EUR,COMPLETED,0
Exchange,Deposit,29/06/2025 10:58,29/06/2025 10:58,Exchanged to EUR,0.98,0.01,EUR,COMPLETED,0.97
Transfer,Deposit,29/06/2025 10:58,29/06/2025 10:58,Saving vault topup prefunding wallet,-0.97,0,EUR,COMPLETED,0
Exchange,Deposit,29/06/2025 14:29,29/06/2025 14:29,Exchanged to EUR,0.97,0.01,EUR,COMPLETED,0.96
Transfer,Deposit,29/06/2025 14:29,29/06/2025 14:29,Saving vault topup prefunding wallet,-0.96,0,EUR,COMPLETED,0
Exchange,Deposit,29/06/2025 14:44,29/06/2025 14:44,Exchanged to EUR,0.97,0.01,EUR,COMPLETED,0.96
Transfer,Deposit,29/06/2025 14:44,29/06/2025 14:44,Saving vault topup prefunding wallet,-0.96,0,EUR,COMPLETED,0
Exchange,Deposit,29/06/2025 15:01,29/06/2025 15:01,Exchanged to EUR,0.19,0,EUR,COMPLETED,0.19
Transfer,Deposit,29/06/2025 15:01,29/06/2025 15:01,Saving vault topup prefunding wallet,-0.19,0,EUR,COMPLETED,0
Exchange,Deposit,29/06/2025 16:16,29/06/2025 16:16,Exchanged to EUR,0.88,0.01,EUR,COMPLETED,0.87
Transfer,Deposit,29/06/2025 16:16,29/06/2025 16:16,Saving vault topup prefunding wallet,-0.87,0,EUR,COMPLETED,0
Exchange,Deposit,29/06/2025 16:35,29/06/2025 16:35,Exchanged to EUR,0.39,0,EUR,COMPLETED,0.39
Transfer,Deposit,29/06/2025 16:35,29/06/2025 16:35,Saving vault topup prefunding wallet,-0.39,0,EUR,COMPLETED,0
Exchange,Deposit,29/06/2025 17:39,29/06/2025 17:39,Exchanged to EUR,0.97,0.01,EUR,COMPLETED,0.96
Transfer,Deposit,29/06/2025 17:39,29/06/2025 17:39,Saving vault topup prefunding wallet,-0.96,0,EUR,COMPLETED,0
Exchange,Deposit,29/06/2025 17:43,29/06/2025 17:43,Exchanged to EUR,0.78,0.01,EUR,COMPLETED,0.77
Transfer,Deposit,29/06/2025 17:43,29/06/2025 17:43,Saving vault topup prefunding wallet,-0.77,0,EUR,COMPLETED,0
Exchange,Deposit,29/06/2025 19:24,29/06/2025 19:24,Exchanged to EUR,0.68,0.01,EUR,COMPLETED,0.67
Transfer,Deposit,29/06/2025 19:24,29/06/2025 19:24,Saving vault topup prefunding wallet,-0.67,0,EUR,COMPLETED,0
Transfer,Deposit,30/06/2025 10:19,30/06/2025 10:19,Savings vault withdrawal from prefunding wallet,77.61,0,EUR,COMPLETED,77.61
Transfer,Deposit,30/06/2025 10:19,30/06/2025 10:19,From Flexible Cash Funds,-77.61,0,EUR,COMPLETED,0
Transfer,Deposit,30/06/2025 11:25,30/06/2025 11:25,To Flexible Cash Funds,0.4,0,EUR,COMPLETED,0.4
Transfer,Deposit,30/06/2025 11:25,30/06/2025 11:25,Saving vault topup prefunding wallet,-0.4,0,EUR,COMPLETED,0
Transfer,Deposit,30/06/2025 14:23,30/06/2025 14:23,To Flexible Cash Funds,0.6,0,EUR,COMPLETED,0.6
Transfer,Deposit,30/06/2025 14:23,30/06/2025 14:23,Saving vault topup prefunding wallet,-0.6,0,EUR,COMPLETED,0
Transfer,Deposit,30/06/2025 14:47,30/06/2025 14:47,To Flexible Cash Funds,0.8,0,EUR,COMPLETED,0.8
Transfer,Deposit,30/06/2025 14:47,30/06/2025 14:47,Saving vault topup prefunding wallet,-0.8,0,EUR,COMPLETED,0
Transfer,Deposit,02/07/2025 14:07,02/07/2025 14:07,Savings vault withdrawal from prefunding wallet,1.8,0,EUR,COMPLETED,1.8
Transfer,Deposit,02/07/2025 14:07,02/07/2025 14:07,From Flexible Cash Funds,-1.8,0,EUR,COMPLETED,0
Transfer,Deposit,02/07/2025 15:30,02/07/2025 15:30,To Flexible Cash Funds,0.22,0,EUR,COMPLETED,0.22
Transfer,Deposit,02/07/2025 15:30,02/07/2025 15:30,Saving vault topup prefunding wallet,-0.22,0,EUR,COMPLETED,0
Transfer,Deposit,05/07/2025 19:08,05/07/2025 19:08,To Flexible Cash Funds,0.63,0,EUR,COMPLETED,0.63
Transfer,Deposit,05/07/2025 19:08,05/07/2025 19:08,Saving vault topup prefunding wallet,-0.63,0,EUR,COMPLETED,0
Transfer,Deposit,07/07/2025 12:46,07/07/2025 12:46,To Flexible Cash Funds,0.1,0,EUR,COMPLETED,0.1
Transfer,Deposit,07/07/2025 12:46,07/07/2025 12:46,Saving vault topup prefunding wallet,-0.1,0,EUR,COMPLETED,0
Transfer,Deposit,07/07/2025 14:11,07/07/2025 14:11,To Flexible Cash Funds,0.23,0,EUR,COMPLETED,0.23
Transfer,Deposit,07/07/2025 14:11,07/07/2025 14:11,Saving vault topup prefunding wallet,-0.23,0,EUR,COMPLETED,0
Transfer,Deposit,07/07/2025 18:07,07/07/2025 18:07,To Flexible Cash Funds,0.5,0,EUR,COMPLETED,0.5
Transfer,Deposit,07/07/2025 18:07,07/07/2025 18:07,Saving vault topup prefunding wallet,-0.5,0,EUR,COMPLETED,0
Transfer,Deposit,12/07/2025 20:45,12/07/2025 20:45,Savings vault withdrawal from prefunding wallet,1.68,0,EUR,COMPLETED,1.68
Transfer,Deposit,12/07/2025 20:45,12/07/2025 20:45,From Flexible Cash Funds,-1.68,0,EUR,COMPLETED,0
Transfer,Deposit,13/07/2025 16:30,13/07/2025 16:30,To Flexible Cash Funds,0.36,0,EUR,COMPLETED,0.36
Transfer,Deposit,13/07/2025 16:30,13/07/2025 16:30,Saving vault topup prefunding wallet,-0.36,0,EUR,COMPLETED,0
Transfer,Deposit,16/07/2025 21:27,16/07/2025 21:27,To Flexible Cash Funds,0.5,0,EUR,COMPLETED,0.5
Transfer,Deposit,16/07/2025 21:27,16/07/2025 21:27,Saving vault topup prefunding wallet,-0.5,0,EUR,COMPLETED,0
Transfer,Deposit,16/07/2025 22:21,16/07/2025 22:21,To Flexible Cash Funds,1,0,EUR,COMPLETED,1
Transfer,Deposit,16/07/2025 22:21,16/07/2025 22:21,Saving vault topup prefunding wallet,-1,0,EUR,COMPLETED,0
Transfer,Deposit,16/07/2025 23:17,16/07/2025 23:17,To Flexible Cash Funds,1,0,EUR,COMPLETED,1
Transfer,Deposit,16/07/2025 23:17,16/07/2025 23:17,Saving vault topup prefunding wallet,-1,0,EUR,COMPLETED,0
Transfer,Deposit,17/07/2025 20:31,17/07/2025 20:31,To Flexible Cash Funds,1,0,EUR,COMPLETED,1
Transfer,Deposit,17/07/2025 20:31,17/07/2025 20:31,Saving vault topup prefunding wallet,-1,0,EUR,COMPLETED,0
Transfer,Deposit,17/07/2025 21:39,17/07/2025 21:39,To Flexible Cash Funds,0.85,0,EUR,COMPLETED,0.85
Transfer,Deposit,17/07/2025 21:39,17/07/2025 21:39,Saving vault topup prefunding wallet,-0.85,0,EUR,COMPLETED,0
Transfer,Deposit,18/07/2025 18:52,18/07/2025 18:52,To Flexible Cash Funds,0.25,0,EUR,COMPLETED,0.25
Transfer,Deposit,18/07/2025 18:52,18/07/2025 18:52,Saving vault topup prefunding wallet,-0.25,0,EUR,COMPLETED,0
Transfer,Deposit,19/07/2025 10:06,19/07/2025 10:06,To Flexible Cash Funds,0.5,0,EUR,COMPLETED,0.5
Transfer,Deposit,19/07/2025 10:06,19/07/2025 10:06,Saving vault topup prefunding wallet,-0.5,0,EUR,COMPLETED,0
Transfer,Deposit,19/07/2025 10:48,19/07/2025 10:48,To Flexible Cash Funds,0.64,0,EUR,COMPLETED,0.64
Transfer,Deposit,19/07/2025 10:48,19/07/2025 10:48,Saving vault topup prefunding wallet,-0.64,0,EUR,COMPLETED,0
Transfer,Deposit,22/07/2025 05:24,22/07/2025 05:24,To Flexible Cash Funds,0.05,0,EUR,COMPLETED,0.05
Transfer,Deposit,22/07/2025 05:24,22/07/2025 05:24,Saving vault topup prefunding wallet,-0.05,0,EUR,COMPLETED,0
Transfer,Deposit,22/07/2025 11:05,22/07/2025 11:05,To Flexible Cash Funds,0.6,0,EUR,COMPLETED,0.6
Transfer,Deposit,22/07/2025 11:05,22/07/2025 11:05,Saving vault topup prefunding wallet,-0.6,0,EUR,COMPLETED,0
Transfer,Deposit,22/07/2025 14:21,22/07/2025 14:21,To Flexible Cash Funds,1,0,EUR,COMPLETED,1
Transfer,Deposit,22/07/2025 14:21,22/07/2025 14:21,Saving vault topup prefunding wallet,-1,0,EUR,COMPLETED,0
Transfer,Deposit,22/07/2025 14:44,22/07/2025 14:44,To Flexible Cash Funds,0.15,0,EUR,COMPLETED,0.15
Transfer,Deposit,22/07/2025 14:44,22/07/2025 14:44,Saving vault topup prefunding wallet,-0.15,0,EUR,COMPLETED,0
Transfer,Deposit,22/07/2025 16:27,22/07/2025 16:27,To Flexible Cash Funds,1,0,EUR,COMPLETED,1
Transfer,Deposit,22/07/2025 16:27,22/07/2025 16:27,Saving vault topup prefunding wallet,-1,0,EUR,COMPLETED,0
Transfer,Deposit,23/07/2025 01:23,23/07/2025 01:23,To Flexible Cash Funds,0.6,0,EUR,COMPLETED,0.6
Transfer,Deposit,23/07/2025 01:23,23/07/2025 01:23,Saving vault topup prefunding wallet,-0.6,0,EUR,COMPLETED,0
Transfer,Deposit,25/07/2025 10:20,25/07/2025 10:20,To Flexible Cash Funds,0.94,0,EUR,COMPLETED,0.94
Transfer,Deposit,25/07/2025 10:20,25/07/2025 10:20,Saving vault topup prefunding wallet,-0.94,0,EUR,COMPLETED,0
Transfer,Deposit,26/07/2025 17:49,26/07/2025 17:49,To Flexible Cash Funds,1,0,EUR,COMPLETED,1
Transfer,Deposit,26/07/2025 17:49,26/07/2025 17:49,Saving vault topup prefunding wallet,-1,0,EUR,COMPLETED,0
Transfer,Deposit,26/07/2025 18:18,26/07/2025 18:18,To Flexible Cash Funds,0.01,0,EUR,COMPLETED,0.01
Transfer,Deposit,26/07/2025 18:18,26/07/2025 18:18,Saving vault topup prefunding wallet,-0.01,0,EUR,COMPLETED,0
Transfer,Deposit,28/07/2025 14:12,28/07/2025 14:12,To Flexible Cash Funds,0.8,0,EUR,COMPLETED,0.8
Transfer,Deposit,28/07/2025 14:12,28/07/2025 14:12,Saving vault topup prefunding wallet,-0.8,0,EUR,COMPLETED,0
Transfer,Deposit,30/07/2025 10:13,30/07/2025 10:13,To Flexible Cash Funds,1,0,EUR,COMPLETED,1
Transfer,Deposit,30/07/2025 10:13,30/07/2025 10:13,Saving vault topup prefunding wallet,-1,0,EUR,COMPLETED,0
Transfer,Deposit,31/07/2025 11:24,31/07/2025 11:24,To Flexible Cash Funds,0.29,0,EUR,COMPLETED,0.29
Transfer,Deposit,31/07/2025 11:24,31/07/2025 11:24,Saving vault topup prefunding wallet,-0.29,0,EUR,COMPLETED,0
Transfer,Deposit,31/07/2025 17:31,31/07/2025 17:31,To Flexible Cash Funds,0.35,0,EUR,COMPLETED,0.35
Transfer,Deposit,31/07/2025 17:31,31/07/2025 17:31,Saving vault topup prefunding wallet,-0.35,0,EUR,COMPLETED,0
Transfer,Deposit,01/08/2025 17:22,01/08/2025 17:22,To Flexible Cash Funds,0.22,0,EUR,COMPLETED,0.22
Transfer,Deposit,01/08/2025 17:22,01/08/2025 17:22,Saving vault topup prefunding wallet,-0.22,0,EUR,COMPLETED,0
Transfer,Deposit,01/08/2025 17:28,01/08/2025 17:28,To Flexible Cash Funds,0.25,0,EUR,COMPLETED,0.25
Transfer,Deposit,01/08/2025 17:28,01/08/2025 17:28,Saving vault topup prefunding wallet,-0.25,0,EUR,COMPLETED,0
Transfer,Deposit,01/08/2025 20:18,01/08/2025 20:18,To Flexible Cash Funds,0.85,0,EUR,COMPLETED,0.85
Transfer,Deposit,01/08/2025 20:18,01/08/2025 20:18,Saving vault topup prefunding wallet,-0.85,0,EUR,COMPLETED,0
Transfer,Deposit,02/08/2025 13:14,02/08/2025 13:14,To Flexible Cash Funds,1,0,EUR,COMPLETED,1
Transfer,Deposit,02/08/2025 13:14,02/08/2025 13:14,Saving vault topup prefunding wallet,-1,0,EUR,COMPLETED,0
Transfer,Deposit,04/08/2025 13:35,04/08/2025 13:35,To Flexible Cash Funds,0.33,0,EUR,COMPLETED,0.33
Transfer,Deposit,04/08/2025 13:35,04/08/2025 13:35,Saving vault topup prefunding wallet,-0.33,0,EUR,COMPLETED,0
Transfer,Deposit,05/08/2025 16:50,05/08/2025 16:50,To Flexible Cash Funds,1,0,EUR,COMPLETED,1
Transfer,Deposit,05/08/2025 16:50,05/08/2025 16:50,Saving vault topup prefunding wallet,-1,0,EUR,COMPLETED,0
Transfer,Deposit,06/08/2025 19:08,06/08/2025 19:08,To Flexible Cash Funds,0.5,0,EUR,COMPLETED,0.5
Transfer,Deposit,06/08/2025 19:08,06/08/2025 19:08,Saving vault topup prefunding wallet,-0.5,0,EUR,COMPLETED,0
Transfer,Deposit,08/08/2025 19:19,08/08/2025 19:19,To Flexible Cash Funds,1,0,EUR,COMPLETED,1
Transfer,Deposit,08/08/2025 19:19,08/08/2025 19:19,Saving vault topup prefunding wallet,-1,0,EUR,COMPLETED,0
Transfer,Deposit,09/08/2025 15:32,09/08/2025 15:32,To Flexible Cash Funds,0.76,0,EUR,COMPLETED,0.76
Transfer,Deposit,09/08/2025 15:32,09/08/2025 15:32,Saving vault topup prefunding wallet,-0.76,0,EUR,COMPLETED,0
Transfer,Deposit,09/08/2025 16:00,09/08/2025 16:00,To Flexible Cash Funds,1,0,EUR,COMPLETED,1
Transfer,Deposit,09/08/2025 16:00,09/08/2025 16:00,Saving vault topup prefunding wallet,-1,0,EUR,COMPLETED,0
Transfer,Deposit,09/08/2025 16:21,09/08/2025 16:21,To Flexible Cash Funds,0.3,0,EUR,COMPLETED,0.3
Transfer,Deposit,09/08/2025 16:21,09/08/2025 16:21,Saving vault topup prefunding wallet,-0.3,0,EUR,COMPLETED,0
Transfer,Deposit,09/08/2025 22:53,09/08/2025 22:53,To Flexible Cash Funds,0.5,0,EUR,COMPLETED,0.5
Transfer,Deposit,09/08/2025 22:53,09/08/2025 22:53,Saving vault topup prefunding wallet,-0.5,0,EUR,COMPLETED,0
Transfer,Deposit,10/08/2025 20:10,10/08/2025 20:10,To Flexible Cash Funds,0.61,0,EUR,COMPLETED,0.61
Transfer,Deposit,10/08/2025 20:10,10/08/2025 20:10,Saving vault topup prefunding wallet,-0.61,0,EUR,COMPLETED,0
Transfer,Deposit,11/08/2025 03:03,11/08/2025 03:03,To Flexible Cash Funds,50,0,EUR,COMPLETED,50
Transfer,Deposit,11/08/2025 03:03,11/08/2025 03:03,Saving vault topup prefunding wallet,-50,0,EUR,COMPLETED,0
Transfer,Deposit,11/08/2025 17:03,11/08/2025 17:03,To Flexible Cash Funds,1,0,EUR,COMPLETED,1
Transfer,Deposit,11/08/2025 17:03,11/08/2025 17:03,Saving vault topup prefunding wallet,-1,0,EUR,COMPLETED,0
Transfer,Deposit,11/08/2025 17:05,11/08/2025 17:05,To Flexible Cash Funds,0.5,0,EUR,COMPLETED,0.5
Transfer,Deposit,11/08/2025 17:05,11/08/2025 17:05,Saving vault topup prefunding wallet,-0.5,0,EUR,COMPLETED,0
Transfer,Deposit,14/08/2025 19:47,14/08/2025 19:47,To Flexible Cash Funds,143.95,0,EUR,COMPLETED,143.95
Transfer,Deposit,14/08/2025 19:47,14/08/2025 19:47,Saving vault topup prefunding wallet,-143.95,0,EUR,COMPLETED,0
Transfer,Deposit,14/08/2025 19:47,14/08/2025 19:47,To Flexible Cash Funds,50,0,EUR,COMPLETED,50
Transfer,Deposit,14/08/2025 19:47,14/08/2025 19:47,Saving vault topup prefunding wallet,-50,0,EUR,COMPLETED,0
Transfer,Deposit,15/08/2025 14:39,15/08/2025 14:39,To Flexible Cash Funds,0.3,0,EUR,COMPLETED,0.3
Transfer,Deposit,15/08/2025 14:39,15/08/2025 14:39,Saving vault topup prefunding wallet,-0.3,0,EUR,COMPLETED,0
Transfer,Deposit,15/08/2025 14:54,15/08/2025 14:54,To Flexible Cash Funds,0.28,0,EUR,COMPLETED,0.28
Transfer,Deposit,15/08/2025 14:54,15/08/2025 14:54,Saving vault topup prefunding wallet,-0.28,0,EUR,COMPLETED,0
Transfer,Deposit,15/08/2025 16:10,15/08/2025 16:10,To Flexible Cash Funds,1,0,EUR,COMPLETED,1
Transfer,Deposit,15/08/2025 16:10,15/08/2025 16:10,Saving vault topup prefunding wallet,-1,0,EUR,COMPLETED,0
Transfer,Deposit,15/08/2025 17:38,15/08/2025 17:38,Savings vault withdrawal from prefunding wallet,50,0,EUR,COMPLETED,50
Transfer,Deposit,15/08/2025 17:38,15/08/2025 17:38,From Flexible Cash Funds,-50,0,EUR,COMPLETED,0
Transfer,Deposit,15/08/2025 18:07,15/08/2025 18:07,Savings vault withdrawal from prefunding wallet,50,0,EUR,COMPLETED,50
Transfer,Deposit,15/08/2025 18:07,15/08/2025 18:07,From Flexible Cash Funds,-50,0,EUR,COMPLETED,0
Transfer,Deposit,15/08/2025 18:08,15/08/2025 18:08,To Flexible Cash Funds,1,0,EUR,COMPLETED,1
Transfer,Deposit,15/08/2025 18:08,15/08/2025 18:08,Saving vault topup prefunding wallet,-1,0,EUR,COMPLETED,0
Transfer,Deposit,15/08/2025 20:44,15/08/2025 20:44,Savings vault withdrawal from prefunding wallet,100,0,EUR,COMPLETED,100
Transfer,Deposit,15/08/2025 20:44,15/08/2025 20:44,From Flexible Cash Funds,-100,0,EUR,COMPLETED,0
Transfer,Deposit,15/08/2025 20:45,15/08/2025 20:45,To Flexible Cash Funds,0.19,0,EUR,COMPLETED,0.19
Transfer,Deposit,15/08/2025 20:45,15/08/2025 20:45,Saving vault topup prefunding wallet,-0.19,0,EUR,COMPLETED,0
Transfer,Deposit,15/08/2025 21:44,15/08/2025 21:44,To Flexible Cash Funds,0.5,0,EUR,COMPLETED,0.5
Transfer,Deposit,15/08/2025 21:44,15/08/2025 21:44,Saving vault topup prefunding wallet,-0.5,0,EUR,COMPLETED,0
Transfer,Deposit,15/08/2025 22:37,15/08/2025 22:37,To Flexible Cash Funds,1,0,EUR,COMPLETED,1
Transfer,Deposit,15/08/2025 22:37,15/08/2025 22:37,Saving vault topup prefunding wallet,-1,0,EUR,COMPLETED,0
Transfer,Deposit,16/08/2025 10:33,16/08/2025 10:33,To Flexible Cash Funds,0.01,0,EUR,COMPLETED,0.01
Transfer,Deposit,16/08/2025 10:33,16/08/2025 10:33,Saving vault topup prefunding wallet,-0.01,0,EUR,COMPLETED,0
Transfer,Deposit,16/08/2025 11:48,16/08/2025 11:48,To Flexible Cash Funds,0.02,0,EUR,COMPLETED,0.02
Transfer,Deposit,16/08/2025 11:48,16/08/2025 11:48,Saving vault topup prefunding wallet,-0.02,0,EUR,COMPLETED,0
Transfer,Deposit,16/08/2025 15:09,16/08/2025 15:09,To Flexible Cash Funds,0.2,0,EUR,COMPLETED,0.2
Transfer,Deposit,16/08/2025 15:09,16/08/2025 15:09,Saving vault topup prefunding wallet,-0.2,0,EUR,COMPLETED,0
Transfer,Deposit,16/08/2025 21:25,16/08/2025 21:25,To Flexible Cash Funds,0.5,0,EUR,COMPLETED,0.5
Transfer,Deposit,16/08/2025 21:25,16/08/2025 21:25,Saving vault topup prefunding wallet,-0.5,0,EUR,COMPLETED,0
Transfer,Deposit,17/08/2025 15:26,17/08/2025 15:26,To Flexible Cash Funds,0.9,0,EUR,COMPLETED,0.9
Transfer,Deposit,17/08/2025 15:26,17/08/2025 15:26,Saving vault topup prefunding wallet,-0.9,0,EUR,COMPLETED,0
Transfer,Deposit,17/08/2025 15:59,17/08/2025 15:59,To Flexible Cash Funds,1,0,EUR,COMPLETED,1
Transfer,Deposit,17/08/2025 15:59,17/08/2025 15:59,Saving vault topup prefunding wallet,-1,0,EUR,COMPLETED,0
Transfer,Deposit,17/08/2025 16:20,17/08/2025 16:20,Savings vault withdrawal from prefunding wallet,50,0,EUR,COMPLETED,50
Transfer,Deposit,17/08/2025 16:20,17/08/2025 16:20,From Flexible Cash Funds,-50,0,EUR,COMPLETED,0
Transfer,Deposit,18/08/2025 15:47,18/08/2025 15:47,To Flexible Cash Funds,1,0,EUR,COMPLETED,1
Transfer,Deposit,18/08/2025 15:47,18/08/2025 15:47,Saving vault topup prefunding wallet,-1,0,EUR,COMPLETED,0
Transfer,Deposit,18/08/2025 18:19,18/08/2025 18:19,To Flexible Cash Funds,0.15,0,EUR,COMPLETED,0.15
Transfer,Deposit,18/08/2025 18:19,18/08/2025 18:19,Saving vault topup prefunding wallet,-0.15,0,EUR,COMPLETED,0
Transfer,Deposit,20/08/2025 15:21,20/08/2025 15:21,Savings vault withdrawal from prefunding wallet,25,0,EUR,COMPLETED,25
Transfer,Deposit,20/08/2025 15:21,20/08/2025 15:21,From Flexible Cash Funds,-25,0,EUR,COMPLETED,0
Transfer,Deposit,20/08/2025 15:21,20/08/2025 15:21,To Flexible Cash Funds,0.63,0,EUR,COMPLETED,0.63
Transfer,Deposit,20/08/2025 15:21,20/08/2025 15:21,Saving vault topup prefunding wallet,-0.63,0,EUR,COMPLETED,0
Transfer,Deposit,22/08/2025 21:36,22/08/2025 21:36,To Flexible Cash Funds,0.76,0,EUR,COMPLETED,0.76
Transfer,Deposit,22/08/2025 21:36,22/08/2025 21:36,Saving vault topup prefunding wallet,-0.76,0,EUR,COMPLETED,0
Transfer,Deposit,24/08/2025 14:18,24/08/2025 14:18,To Flexible Cash Funds,0.1,0,EUR,COMPLETED,0.1
Transfer,Deposit,24/08/2025 14:18,24/08/2025 14:18,Saving vault topup prefunding wallet,-0.1,0,EUR,COMPLETED,0
Transfer,Deposit,25/08/2025 16:17,25/08/2025 16:17,To Flexible Cash Funds,1,0,EUR,COMPLETED,1
Transfer,Deposit,25/08/2025 16:17,25/08/2025 16:17,Saving vault topup prefunding wallet,-1,0,EUR,COMPLETED,0
Transfer,Deposit,26/08/2025 14:59,26/08/2025 14:59,To Flexible Cash Funds,0.34,0,EUR,COMPLETED,0.34
Transfer,Deposit,26/08/2025 14:59,26/08/2025 14:59,Saving vault topup prefunding wallet,-0.34,0,EUR,COMPLETED,0
Transfer,Deposit,28/08/2025 09:44,28/08/2025 09:44,To Flexible Cash Funds,0.1,0,EUR,COMPLETED,0.1
Transfer,Deposit,28/08/2025 09:44,28/08/2025 09:44,Saving vault topup prefunding wallet,-0.1,0,EUR,COMPLETED,0
Transfer,Deposit,28/08/2025 10:19,28/08/2025 10:19,To Flexible Cash Funds,0.01,0,EUR,COMPLETED,0.01
Transfer,Deposit,28/08/2025 10:19,28/08/2025 10:19,Saving vault topup prefunding wallet,-0.01,0,EUR,COMPLETED,0
Transfer,Deposit,29/08/2025 18:26,29/08/2025 18:26,To Flexible Cash Funds,150,0,EUR,COMPLETED,150
Transfer,Deposit,29/08/2025 18:26,29/08/2025 18:26,Saving vault topup prefunding wallet,-150,0,EUR,COMPLETED,0
Transfer,Deposit,29/08/2025 18:26,29/08/2025 18:26,To Flexible Cash Funds,50,0,EUR,COMPLETED,50
Transfer,Deposit,29/08/2025 18:26,29/08/2025 18:26,Saving vault topup prefunding wallet,-50,0,EUR,COMPLETED,0
Transfer,Deposit,31/08/2025 16:52,31/08/2025 16:52,To Flexible Cash Funds,0.37,0,EUR,COMPLETED,0.37
Transfer,Deposit,31/08/2025 16:52,31/08/2025 16:52,Saving vault topup prefunding wallet,-0.37,0,EUR,COMPLETED,0
Transfer,Deposit,01/09/2025 12:45,01/09/2025 12:45,To Flexible Cash Funds,0.2,0,EUR,COMPLETED,0.2
Transfer,Deposit,01/09/2025 12:45,01/09/2025 12:45,Saving vault topup prefunding wallet,-0.2,0,EUR,COMPLETED,0
Transfer,Deposit,04/09/2025 13:40,04/09/2025 13:40,To Flexible Cash Funds,0.1,0,EUR,COMPLETED,0.1
Transfer,Deposit,04/09/2025 13:40,04/09/2025 13:40,Saving vault topup prefunding wallet,-0.1,0,EUR,COMPLETED,0
Transfer,Deposit,05/09/2025 23:02,05/09/2025 23:02,To Flexible Cash Funds,1,0,EUR,COMPLETED,1
Transfer,Deposit,05/09/2025 23:02,05/09/2025 23:02,Saving vault topup prefunding wallet,-1,0,EUR,COMPLETED,0
Transfer,Deposit,07/09/2025 16:04,07/09/2025 16:04,Savings vault withdrawal from prefunding wallet,10,0,EUR,COMPLETED,10
Transfer,Deposit,07/09/2025 16:04,07/09/2025 16:04,From Flexible Cash Funds,-10,0,EUR,COMPLETED,0
Transfer,Deposit,07/09/2025 16:05,07/09/2025 16:05,Savings vault withdrawal from prefunding wallet,30,0,EUR,COMPLETED,30
Transfer,Deposit,07/09/2025 16:05,07/09/2025 16:05,From Flexible Cash Funds,-30,0,EUR,COMPLETED,0
Transfer,Deposit,07/09/2025 16:11,07/09/2025 16:11,To Flexible Cash Funds,0.1,0,EUR,COMPLETED,0.1
Transfer,Deposit,07/09/2025 16:11,07/09/2025 16:11,Saving vault topup prefunding wallet,-0.1,0,EUR,COMPLETED,0
Transfer,Deposit,09/09/2025 13:52,09/09/2025 13:52,To Flexible Cash Funds,1,0,EUR,COMPLETED,1
Transfer,Deposit,09/09/2025 13:52,09/09/2025 13:52,Saving vault topup prefunding wallet,-1,0,EUR,COMPLETED,0
Transfer,Deposit,09/09/2025 16:19,09/09/2025 16:19,Savings vault withdrawal from prefunding wallet,150,0,EUR,COMPLETED,150
Transfer,Deposit,09/09/2025 16:19,09/09/2025 16:19,From Flexible Cash Funds,-150,0,EUR,COMPLETED,0
Transfer,Deposit,09/09/2025 16:19,09/09/2025 16:19,To Flexible Cash Funds,300,0,EUR,COMPLETED,300
Transfer,Deposit,09/09/2025 16:19,09/09/2025 16:19,Saving vault topup prefunding wallet,-300,0,EUR,COMPLETED,0
Transfer,Deposit,09/09/2025 16:20,09/09/2025 16:20,Savings vault withdrawal from prefunding wallet,150,0,EUR,COMPLETED,150
Transfer,Deposit,09/09/2025 16:20,09/09/2025 16:20,From Flexible Cash Funds,-150,0,EUR,COMPLETED,0
Transfer,Deposit,10/09/2025 12:37,10/09/2025 12:37,To Flexible Cash Funds,1,0,EUR,COMPLETED,1
Transfer,Deposit,10/09/2025 12:37,10/09/2025 12:37,Saving vault topup prefunding wallet,-1,0,EUR,COMPLETED,0
Transfer,Deposit,10/09/2025 18:33,10/09/2025 18:33,To Flexible Cash Funds,0.6,0,EUR,COMPLETED,0.6
Transfer,Deposit,10/09/2025 18:33,10/09/2025 18:33,Saving vault topup prefunding wallet,-0.6,0,EUR,COMPLETED,0
Transfer,Deposit,13/09/2025 12:27,13/09/2025 12:27,To Flexible Cash Funds,0.3,0,EUR,COMPLETED,0.3
Transfer,Deposit,13/09/2025 12:27,13/09/2025 12:27,Saving vault topup prefunding wallet,-0.3,0,EUR,COMPLETED,0
Transfer,Deposit,13/09/2025 12:55,13/09/2025 12:55,To Flexible Cash Funds,0.7,0,EUR,COMPLETED,0.7
Transfer,Deposit,13/09/2025 12:55,13/09/2025 12:55,Saving vault topup prefunding wallet,-0.7,0,EUR,COMPLETED,0
Transfer,Deposit,14/09/2025 12:46,14/09/2025 12:46,Savings vault withdrawal from prefunding wallet,100,0,EUR,COMPLETED,100
Transfer,Deposit,14/09/2025 12:46,14/09/2025 12:46,From Flexible Cash Funds,-100,0,EUR,COMPLETED,0
Transfer,Deposit,14/09/2025 12:47,14/09/2025 12:47,To Flexible Cash Funds,1,0,EUR,COMPLETED,1
Transfer,Deposit,14/09/2025 12:47,14/09/2025 12:47,Saving vault topup prefunding wallet,-1,0,EUR,COMPLETED,0
Transfer,Deposit,15/09/2025 18:10,15/09/2025 18:10,To Flexible Cash Funds,1,0,EUR,COMPLETED,1
Transfer,Deposit,15/09/2025 18:10,15/09/2025 18:10,Saving vault topup prefunding wallet,-1,0,EUR,COMPLETED,0
Transfer,Deposit,15/09/2025 18:16,15/09/2025 18:16,Savings vault withdrawal from prefunding wallet,50,0,EUR,COMPLETED,50
Transfer,Deposit,15/09/2025 18:16,15/09/2025 18:16,From Flexible Cash Funds,-50,0,EUR,COMPLETED,0
Transfer,Deposit,16/09/2025 20:22,16/09/2025 20:22,To Flexible Cash Funds,0.5,0,EUR,COMPLETED,0.5
Transfer,Deposit,16/09/2025 20:22,16/09/2025 20:22,Saving vault topup prefunding wallet,-0.5,0,EUR,COMPLETED,0
Transfer,Deposit,17/09/2025 12:29,17/09/2025 12:29,To Flexible Cash Funds,0.5,0,EUR,COMPLETED,0.5
Transfer,Deposit,17/09/2025 12:29,17/09/2025 12:29,Saving vault topup prefunding wallet,-0.5,0,EUR,COMPLETED,0
Transfer,Deposit,20/09/2025 13:53,20/09/2025 13:53,To Flexible Cash Funds,0.5,0,EUR,COMPLETED,0.5
Transfer,Deposit,20/09/2025 13:53,20/09/2025 13:53,Saving vault topup prefunding wallet,-0.5,0,EUR,COMPLETED,0
Transfer,Deposit,20/09/2025 14:47,20/09/2025 14:47,To Flexible Cash Funds,0.15,0,EUR,COMPLETED,0.15
Transfer,Deposit,20/09/2025 14:47,20/09/2025 14:47,Saving vault topup prefunding wallet,-0.15,0,EUR,COMPLETED,0
Transfer,Deposit,20/09/2025 15:02,20/09/2025 15:02,Savings vault withdrawal from prefunding wallet,22,0,EUR,COMPLETED,22
Transfer,Deposit,20/09/2025 15:02,20/09/2025 15:02,From Flexible Cash Funds,-22,0,EUR,COMPLETED,0
Transfer,Deposit,22/09/2025 08:48,22/09/2025 08:48,To Flexible Cash Funds,1,0,EUR,COMPLETED,1
Transfer,Deposit,22/09/2025 08:48,22/09/2025 08:48,Saving vault topup prefunding wallet,-1,0,EUR,COMPLETED,0
Transfer,Deposit,22/09/2025 18:04,22/09/2025 18:04,To Flexible Cash Funds,1,0,EUR,COMPLETED,1
Transfer,Deposit,22/09/2025 18:04,22/09/2025 18:04,Saving vault topup prefunding wallet,-1,0,EUR,COMPLETED,0
Transfer,Deposit,23/09/2025 23:27,23/09/2025 23:27,To Flexible Cash Funds,1,0,EUR,COMPLETED,1
Transfer,Deposit,23/09/2025 23:27,23/09/2025 23:27,Saving vault topup prefunding wallet,-1,0,EUR,COMPLETED,0
Transfer,Deposit,24/09/2025 12:33,24/09/2025 12:33,To Flexible Cash Funds,0.7,0,EUR,COMPLETED,0.7
Transfer,Deposit,24/09/2025 12:33,24/09/2025 12:33,Saving vault topup prefunding wallet,-0.7,0,EUR,COMPLETED,0
Transfer,Deposit,24/09/2025 22:51,24/09/2025 22:51,To Flexible Cash Funds,1,0,EUR,COMPLETED,1
Transfer,Deposit,24/09/2025 22:51,24/09/2025 22:51,Saving vault topup prefunding wallet,-1,0,EUR,COMPLETED,0
Transfer,Deposit,26/09/2025 00:31,26/09/2025 00:31,To Flexible Cash Funds,92.13,0,EUR,COMPLETED,92.13
Transfer,Deposit,26/09/2025 00:31,26/09/2025 00:31,Saving vault topup prefunding wallet,-92.13,0,EUR,COMPLETED,0
Transfer,Deposit,26/09/2025 10:45,26/09/2025 10:45,To Flexible Cash Funds,3000,0,EUR,COMPLETED,3000
Transfer,Deposit,26/09/2025 10:45,26/09/2025 10:45,Saving vault topup prefunding wallet,-3000,0,EUR,COMPLETED,0
Transfer,Deposit,26/09/2025 19:45,26/09/2025 19:45,Savings vault withdrawal from prefunding wallet,100,0,EUR,COMPLETED,100
Transfer,Deposit,26/09/2025 19:45,26/09/2025 19:45,From Flexible Cash Funds,-100,0,EUR,COMPLETED,0
Transfer,Deposit,26/09/2025 19:47,26/09/2025 19:47,To Flexible Cash Funds,0.01,0,EUR,COMPLETED,0.01
Transfer,Deposit,26/09/2025 19:47,26/09/2025 19:47,Saving vault topup prefunding wallet,-0.01,0,EUR,COMPLETED,0
Transfer,Deposit,27/09/2025 13:19,27/09/2025 13:19,To Flexible Cash Funds,0.6,0,EUR,COMPLETED,0.6
Transfer,Deposit,27/09/2025 13:19,27/09/2025 13:19,Saving vault topup prefunding wallet,-0.6,0,EUR,COMPLETED,0
Transfer,Deposit,27/09/2025 14:09,27/09/2025 14:09,To Flexible Cash Funds,0.43,0,EUR,COMPLETED,0.43
Transfer,Deposit,27/09/2025 14:09,27/09/2025 14:09,Saving vault topup prefunding wallet,-0.43,0,EUR,COMPLETED,0
Transfer,Deposit,27/09/2025 14:09,27/09/2025 14:09,Savings vault withdrawal from prefunding wallet,50,0,EUR,COMPLETED,50
Transfer,Deposit,27/09/2025 14:09,27/09/2025 14:09,From Flexible Cash Funds,-50,0,EUR,COMPLETED,0
Transfer,Deposit,27/09/2025 14:11,27/09/2025 14:11,To Flexible Cash Funds,0.09,0,EUR,COMPLETED,0.09
Transfer,Deposit,27/09/2025 14:11,27/09/2025 14:11,Saving vault topup prefunding wallet,-0.09,0,EUR,COMPLETED,0
Transfer,Deposit,27/09/2025 14:56,27/09/2025 14:56,To Flexible Cash Funds,1,0,EUR,COMPLETED,1
Transfer,Deposit,27/09/2025 14:56,27/09/2025 14:56,Saving vault topup prefunding wallet,-1,0,EUR,COMPLETED,0
Transfer,Deposit,27/09/2025 18:51,27/09/2025 18:51,Savings vault withdrawal from prefunding wallet,100,0,EUR,COMPLETED,100
Transfer,Deposit,27/09/2025 18:51,27/09/2025 18:51,From Flexible Cash Funds,-100,0,EUR,COMPLETED,0
Transfer,Deposit,27/09/2025 18:55,27/09/2025 18:55,To Flexible Cash Funds,0.02,0,EUR,COMPLETED,0.02
Transfer,Deposit,27/09/2025 18:55,27/09/2025 18:55,Saving vault topup prefunding wallet,-0.02,0,EUR,COMPLETED,0
Transfer,Deposit,28/09/2025 14:23,28/09/2025 14:23,To Flexible Cash Funds,0.01,0,EUR,COMPLETED,0.01
Transfer,Deposit,28/09/2025 14:23,28/09/2025 14:23,Saving vault topup prefunding wallet,-0.01,0,EUR,COMPLETED,0
Transfer,Deposit,28/09/2025 15:55,28/09/2025 15:55,To Flexible Cash Funds,1,0,EUR,COMPLETED,1
Transfer,Deposit,28/09/2025 15:55,28/09/2025 15:55,Saving vault topup prefunding wallet,-1,0,EUR,COMPLETED,0
Transfer,Deposit,28/09/2025 22:11,28/09/2025 22:11,Savings vault withdrawal from prefunding wallet,1000,0,EUR,COMPLETED,1000
Transfer,Deposit,28/09/2025 22:11,28/09/2025 22:11,From Flexible Cash Funds,-1000,0,EUR,COMPLETED,0
Transfer,Deposit,29/09/2025 22:10,29/09/2025 22:10,Savings vault withdrawal from prefunding wallet,1000,0,EUR,COMPLETED,1000
Transfer,Deposit,29/09/2025 22:10,29/09/2025 22:10,From Flexible Cash Funds,-1000,0,EUR,COMPLETED,0
Transfer,Deposit,29/09/2025 22:25,29/09/2025 22:25,Savings vault withdrawal from prefunding wallet,256.58,0,EUR,COMPLETED,256.58
Transfer,Deposit,29/09/2025 22:25,29/09/2025 22:25,From Flexible Cash Funds,-256.58,0,EUR,COMPLETED,0
Transfer,Deposit,29/09/2025 22:25,29/09/2025 22:25,To Flexible Cash Funds,513.16,0,EUR,COMPLETED,513.16
Transfer,Deposit,29/09/2025 22:25,29/09/2025 22:25,Saving vault topup prefunding wallet,-513.16,0,EUR,COMPLETED,0
Transfer,Deposit,29/09/2025 23:17,29/09/2025 23:17,Savings vault withdrawal from prefunding wallet,500,0,EUR,COMPLETED,500
Transfer,Deposit,29/09/2025 23:17,29/09/2025 23:17,From Flexible Cash Funds,-500,0,EUR,COMPLETED,0
Transfer,Deposit,29/09/2025 23:27,29/09/2025 23:27,Savings vault withdrawal from prefunding wallet,40,0,EUR,COMPLETED,40
Transfer,Deposit,29/09/2025 23:27,29/09/2025 23:27,From Flexible Cash Funds,-40,0,EUR,COMPLETED,0
Transfer,Deposit,29/09/2025 23:46,29/09/2025 23:46,Savings vault withdrawal from prefunding wallet,567.35,0,EUR,COMPLETED,567.35
Transfer,Deposit,29/09/2025 23:46,29/09/2025 23:46,From Flexible Cash Funds,-567.35,0,EUR,COMPLETED,0
Transfer,Deposit,29/09/2025 23:47,29/09/2025 23:47,To Flexible Cash Funds,100,0,EUR,COMPLETED,100
Transfer,Deposit,29/09/2025 23:47,29/09/2025 23:47,Saving vault topup prefunding wallet,-100,0,EUR,COMPLETED,0
Transfer,Deposit,30/09/2025 20:32,30/09/2025 20:32,To Flexible Cash Funds,3.21,0,EUR,COMPLETED,3.21
Transfer,Deposit,30/09/2025 20:32,30/09/2025 20:32,Saving vault topup prefunding wallet,-3.21,0,EUR,COMPLETED,0
Transfer,Deposit,02/10/2025 01:10,02/10/2025 01:10,Savings vault withdrawal from prefunding wallet,10,0,EUR,COMPLETED,10
Transfer,Deposit,02/10/2025 01:10,02/10/2025 01:10,From Flexible Cash Funds,-10,0,EUR,COMPLETED,0
Transfer,Deposit,02/10/2025 01:10,02/10/2025 01:10,To Flexible Cash Funds,10,0,EUR,COMPLETED,10
Transfer,Deposit,02/10/2025 01:10,02/10/2025 01:10,Saving vault topup prefunding wallet,-10,0,EUR,COMPLETED,0
Transfer,Deposit,03/10/2025 19:30,03/10/2025 19:30,Savings vault withdrawal from prefunding wallet,50,0,EUR,COMPLETED,50
Transfer,Deposit,03/10/2025 19:30,03/10/2025 19:30,From Flexible Cash Funds,-50,0,EUR,COMPLETED,0
Transfer,Deposit,03/10/2025 21:04,03/10/2025 21:04,To Flexible Cash Funds,0.16,0,EUR,COMPLETED,0.16
Transfer,Deposit,03/10/2025 21:04,03/10/2025 21:04,Saving vault topup prefunding wallet,-0.16,0,EUR,COMPLETED,0
Transfer,Deposit,06/10/2025 13:06,06/10/2025 13:06,Savings vault withdrawal from prefunding wallet,12,0,EUR,COMPLETED,12
Transfer,Deposit,06/10/2025 13:06,06/10/2025 13:06,From Flexible Cash Funds,-12,0,EUR,COMPLETED,0
Transfer,Deposit,06/10/2025 13:06,06/10/2025 13:06,To Flexible Cash Funds,24,0,EUR,COMPLETED,24
Transfer,Deposit,06/10/2025 13:06,06/10/2025 13:06,Saving vault topup prefunding wallet,-24,0,EUR,COMPLETED,0
Transfer,Deposit,09/10/2025 22:56,09/10/2025 22:56,Savings vault withdrawal from prefunding wallet,25,0,EUR,COMPLETED,25
Transfer,Deposit,09/10/2025 22:56,09/10/2025 22:56,From Flexible Cash Funds,-25,0,EUR,COMPLETED,0
Transfer,Deposit,23/10/2025 18:13,23/10/2025 18:13,Savings vault withdrawal from prefunding wallet,25,0,EUR,COMPLETED,25
Transfer,Deposit,23/10/2025 18:13,23/10/2025 18:13,From Flexible Cash Funds,-25,0,EUR,COMPLETED,0
Transfer,Deposit,23/10/2025 18:14,23/10/2025 18:14,To Flexible Cash Funds,1,0,EUR,COMPLETED,1
Transfer,Deposit,23/10/2025 18:14,23/10/2025 18:14,Saving vault topup prefunding wallet,-1,0,EUR,COMPLETED,0
Transfer,Deposit,24/10/2025 10:45,24/10/2025 10:45,To Flexible Cash Funds,180.96,0,EUR,COMPLETED,180.96
Transfer,Deposit,24/10/2025 10:45,24/10/2025 10:45,Saving vault topup prefunding wallet,-180.96,0,EUR,COMPLETED,0
Transfer,Deposit,24/10/2025 10:46,24/10/2025 10:46,Savings vault withdrawal from prefunding wallet,147.4,0,EUR,COMPLETED,147.4
Transfer,Deposit,24/10/2025 10:46,24/10/2025 10:46,From Flexible Cash Funds,-147.4,0,EUR,COMPLETED,0
Transfer,Deposit,27/10/2025 08:29,27/10/2025 08:29,Savings vault withdrawal from prefunding wallet,50,0,EUR,COMPLETED,50
Transfer,Deposit,27/10/2025 08:29,27/10/2025 08:29,From Flexible Cash Funds,-50,0,EUR,COMPLETED,0
Transfer,Deposit,30/10/2025 17:56,30/10/2025 17:56,To Flexible Cash Funds,1100,0,EUR,COMPLETED,1100
Transfer,Deposit,30/10/2025 17:56,30/10/2025 17:56,Saving vault topup prefunding wallet,-1100,0,EUR,COMPLETED,0
Transfer,Deposit,30/10/2025 17:56,30/10/2025 17:56,Savings vault withdrawal from prefunding wallet,1100,0,EUR,COMPLETED,1100
Transfer,Deposit,30/10/2025 17:56,30/10/2025 17:56,From Flexible Cash Funds,-1100,0,EUR,COMPLETED,0
Transfer,Deposit,30/10/2025 18:00,30/10/2025 18:00,To Flexible Cash Funds,85.01,0,EUR,COMPLETED,85.01
Transfer,Deposit,30/10/2025 18:00,30/10/2025 18:00,Saving vault topup prefunding wallet,-85.01,0,EUR,COMPLETED,0
Transfer,Deposit,01/11/2025 14:55,01/11/2025 14:55,To Flexible Cash Funds,0.3,0,EUR,COMPLETED,0.3
Transfer,Deposit,01/11/2025 14:55,01/11/2025 14:55,Saving vault topup prefunding wallet,-0.3,0,EUR,COMPLETED,0
Transfer,Deposit,01/11/2025 14:56,01/11/2025 14:56,Savings vault withdrawal from prefunding wallet,10,0,EUR,COMPLETED,10
Transfer,Deposit,01/11/2025 14:56,01/11/2025 14:56,From Flexible Cash Funds,-10,0,EUR,COMPLETED,0
Transfer,Deposit,01/11/2025 15:12,01/11/2025 15:12,Savings vault withdrawal from prefunding wallet,20,0,EUR,COMPLETED,20
Transfer,Deposit,01/11/2025 15:12,01/11/2025 15:12,From Flexible Cash Funds,-20,0,EUR,COMPLETED,0
Transfer,Deposit,01/11/2025 15:13,01/11/2025 15:13,To Flexible Cash Funds,0.1,0,EUR,COMPLETED,0.1
Transfer,Deposit,01/11/2025 15:13,01/11/2025 15:13,Saving vault topup prefunding wallet,-0.1,0,EUR,COMPLETED,0
Transfer,Savings,21/06/2023 23:33,21/06/2023 23:33,To pocket EUR Rent & Utils from EUR,500,0,EUR,COMPLETED,500
Transfer,Savings,21/06/2023 23:33,21/06/2023 23:33,To pocket EUR Paris from EUR,1,0,EUR,COMPLETED,501
Transfer,Savings,23/06/2023 23:23,23/06/2023 23:23,To pocket EUR Paris from EUR,150,0,EUR,COMPLETED,651
Transfer,Savings,24/06/2023 18:07,24/06/2023 18:07,To pocket EUR Paris from EUR,0.41,0,EUR,COMPLETED,651.41
Transfer,Savings,24/06/2023 18:10,24/06/2023 18:10,To pocket EUR Paris from EUR,1,0,EUR,COMPLETED,652.41
Transfer,Savings,25/06/2023 13:52,25/06/2023 13:52,To pocket EUR Paris from EUR,1,0,EUR,COMPLETED,653.41
Transfer,Savings,25/06/2023 17:10,25/06/2023 17:10,Pocket Withdrawal,-50,0,EUR,COMPLETED,603.41
Transfer,Savings,25/06/2023 19:03,25/06/2023 19:03,To pocket EUR Paris from EUR,0.5,0,EUR,COMPLETED,603.91
Transfer,Savings,26/06/2023 14:55,26/06/2023 14:55,Pocket Withdrawal,-500,0,EUR,COMPLETED,103.91
Transfer,Savings,26/06/2023 14:56,26/06/2023 14:56,To pocket EUR Paris from EUR,0.1,0,EUR,COMPLETED,104.01
Transfer,Savings,27/06/2023 13:49,27/06/2023 13:49,To pocket EUR Paris from EUR,0.57,0,EUR,COMPLETED,104.58
Transfer,Savings,27/06/2023 14:03,27/06/2023 14:03,To pocket EUR Paris from EUR,0.8,0,EUR,COMPLETED,105.38
Transfer,Savings,29/06/2023 21:24,29/06/2023 21:24,Pocket Withdrawal,-25,0,EUR,COMPLETED,80.38
Transfer,Savings,01/07/2023 17:19,01/07/2023 17:19,To pocket EUR Paris from EUR,0.02,0,EUR,COMPLETED,80.4
Transfer,Savings,03/07/2023 19:50,03/07/2023 19:50,To pocket EUR Paris from EUR,0.73,0,EUR,COMPLETED,81.13
Transfer,Savings,04/07/2023 19:01,04/07/2023 19:01,To pocket EUR Paris from EUR,1,0,EUR,COMPLETED,82.13
Transfer,Savings,05/07/2023 09:56,05/07/2023 09:56,To pocket EUR Paris from EUR,0.55,0,EUR,COMPLETED,82.68
Transfer,Savings,07/07/2023 16:56,07/07/2023 16:56,To pocket EUR Paris from EUR,0.73,0,EUR,COMPLETED,83.41
Transfer,Savings,07/07/2023 19:04,07/07/2023 19:04,To pocket EUR Paris from EUR,0.5,0,EUR,COMPLETED,83.91
Transfer,Savings,08/07/2023 01:55,08/07/2023 01:55,To pocket EUR Anna 18th Bday from EUR,100,0,EUR,COMPLETED,183.91
Transfer,Savings,08/07/2023 01:56,08/07/2023 01:56,Pocket Withdrawal,-20,0,EUR,COMPLETED,163.91
Transfer,Savings,08/07/2023 01:57,08/07/2023 01:57,To pocket EUR Anna 18th Bday from EUR,20,0,EUR,COMPLETED,183.91
Transfer,Savings,09/07/2023 18:01,09/07/2023 18:01,To pocket EUR Paris from EUR,0.89,0,EUR,COMPLETED,184.8
Transfer,Savings,10/07/2023 04:13,10/07/2023 04:13,To pocket EUR Paris from EUR,0.28,0,EUR,COMPLETED,185.08
Transfer,Savings,11/07/2023 02:05,11/07/2023 02:05,Pocket Withdrawal,-25,0,EUR,COMPLETED,160.08
Transfer,Savings,12/07/2023 12:05,12/07/2023 12:05,To pocket EUR Paris from EUR,0.44,0,EUR,COMPLETED,160.52
Transfer,Savings,13/07/2023 13:34,13/07/2023 13:34,Pocket Withdrawal,-10,0,EUR,COMPLETED,150.52
Transfer,Savings,14/07/2023 10:21,14/07/2023 10:21,Pocket Withdrawal,-120,0,EUR,COMPLETED,30.52
Transfer,Savings,14/07/2023 10:21,14/07/2023 10:21,Closing transaction,0,0,EUR,COMPLETED,30.52
Transfer,Savings,14/07/2023 10:25,14/07/2023 10:25,To pocket EUR Paris from EUR,0.01,0,EUR,COMPLETED,30.53
Transfer,Savings,14/07/2023 14:14,14/07/2023 14:14,Pocket Withdrawal,-10,0,EUR,COMPLETED,20.53
Transfer,Savings,14/07/2023 17:43,14/07/2023 17:43,Pocket Withdrawal,-10,0,EUR,COMPLETED,10.53
Transfer,Savings,14/07/2023 21:49,14/07/2023 21:49,To pocket EUR Paris from EUR,0.41,0,EUR,COMPLETED,10.94
Transfer,Savings,17/07/2023 16:31,17/07/2023 16:31,To pocket EUR Paris from EUR,0.91,0,EUR,COMPLETED,11.85
Transfer,Savings,17/07/2023 17:43,17/07/2023 17:43,To pocket EUR Paris from EUR,0.71,0,EUR,COMPLETED,12.56
Transfer,Savings,18/07/2023 10:55,18/07/2023 10:55,To pocket EUR Paris from EUR,1,0,EUR,COMPLETED,13.56
Transfer,Savings,18/07/2023 11:58,18/07/2023 11:58,To pocket EUR Paris from EUR,195.97,0,EUR,COMPLETED,209.53
Transfer,Savings,18/07/2023 11:59,18/07/2023 11:59,To pocket EUR Paris from EUR,50,0,EUR,COMPLETED,259.53
Transfer,Savings,18/07/2023 11:59,18/07/2023 11:59,To pocket EUR Paris from EUR,20,0,EUR,COMPLETED,279.53
Transfer,Savings,19/07/2023 17:59,19/07/2023 17:59,To pocket EUR Paris from EUR,0.62,0,EUR,COMPLETED,280.15
Transfer,Savings,20/07/2023 12:26,20/07/2023 12:26,To pocket EUR Paris from EUR,1,0,EUR,COMPLETED,281.15
Transfer,Savings,21/07/2023 17:04,21/07/2023 17:04,To pocket EUR Paris from EUR,0.92,0,EUR,COMPLETED,282.07
Transfer,Savings,23/07/2023 01:31,23/07/2023 01:31,To pocket EUR Paris from EUR,100.5,0,EUR,COMPLETED,382.57
Transfer,Savings,23/07/2023 23:32,23/07/2023 23:32,To pocket EUR Paris from EUR,0.62,0,EUR,COMPLETED,383.19
Transfer,Savings,24/07/2023 09:12,24/07/2023 09:12,To pocket EUR Paris from EUR,0.6,0,EUR,COMPLETED,383.79
Transfer,Savings,24/07/2023 09:54,24/07/2023 09:54,To pocket EUR Paris from EUR,0.5,0,EUR,COMPLETED,384.29
Transfer,Savings,24/07/2023 10:08,24/07/2023 10:08,To pocket EUR Paris from EUR,1,0,EUR,COMPLETED,385.29
Transfer,Savings,24/07/2023 13:28,24/07/2023 13:28,To pocket EUR Paris from EUR,1,0,EUR,COMPLETED,386.29
Transfer,Savings,25/07/2023 13:06,25/07/2023 13:06,To pocket EUR Paris from EUR,0.42,0,EUR,COMPLETED,386.71
Transfer,Savings,27/07/2023 16:32,27/07/2023 16:32,To pocket EUR Paris from EUR,0.92,0,EUR,COMPLETED,387.63
Transfer,Savings,27/07/2023 18:52,27/07/2023 18:52,To pocket EUR Paris from EUR,0.9,0,EUR,COMPLETED,388.53
Transfer,Savings,27/07/2023 19:20,27/07/2023 19:20,To pocket EUR Paris from EUR,0.96,0,EUR,COMPLETED,389.49
Transfer,Savings,27/07/2023 19:36,27/07/2023 19:36,To pocket EUR Paris from EUR,0.03,0,EUR,COMPLETED,389.52
Transfer,Savings,28/07/2023 13:24,28/07/2023 13:24,Pocket Withdrawal,-100,0,EUR,COMPLETED,289.52
Transfer,Savings,28/07/2023 14:17,28/07/2023 14:17,To pocket EUR Paris from EUR,0.5,0,EUR,COMPLETED,290.02
Transfer,Savings,28/07/2023 14:19,28/07/2023 14:19,To pocket EUR Paris from EUR,0.4,0,EUR,COMPLETED,290.42
Transfer,Savings,28/07/2023 16:18,28/07/2023 16:18,To pocket EUR Paris from EUR,0.15,0,EUR,COMPLETED,290.57
Transfer,Savings,28/07/2023 16:59,28/07/2023 16:59,To pocket EUR Paris from EUR,1,0,EUR,COMPLETED,291.57
Transfer,Savings,28/07/2023 19:01,28/07/2023 19:01,To pocket EUR Paris from EUR,0.8,0,EUR,COMPLETED,292.37
Transfer,Savings,28/07/2023 22:07,28/07/2023 22:07,Pocket Withdrawal,-50,0,EUR,COMPLETED,242.37
Transfer,Savings,28/07/2023 22:08,28/07/2023 22:08,To pocket EUR Paris from EUR,1,0,EUR,COMPLETED,243.37
Transfer,Savings,30/07/2023 18:22,30/07/2023 18:22,To pocket EUR Paris from EUR,0.7,0,EUR,COMPLETED,244.07
Transfer,Savings,31/07/2023 01:44,31/07/2023 01:44,To pocket EUR Paris from EUR,150,0,EUR,COMPLETED,394.07
Transfer,Savings,31/07/2023 01:44,31/07/2023 01:44,To pocket EUR Paris from EUR,100,0,EUR,COMPLETED,494.07
Transfer,Savings,31/07/2023 15:33,31/07/2023 15:33,To pocket EUR Paris from EUR,0.7,0,EUR,COMPLETED,494.77
Transfer,Savings,31/07/2023 15:50,31/07/2023 15:50,To pocket EUR Paris from EUR,1,0,EUR,COMPLETED,495.77
Transfer,Savings,01/08/2023 13:21,01/08/2023 13:21,To pocket EUR Paris from EUR,0.63,0,EUR,COMPLETED,496.4
Transfer,Savings,01/08/2023 13:35,01/08/2023 13:35,To pocket EUR Paris from EUR,0.52,0,EUR,COMPLETED,496.92
Transfer,Savings,01/08/2023 14:50,01/08/2023 14:50,To pocket EUR Paris from EUR,1,0,EUR,COMPLETED,497.92
Transfer,Savings,01/08/2023 14:57,01/08/2023 14:57,To pocket EUR Paris from EUR,1,0,EUR,COMPLETED,498.92
Transfer,Savings,01/08/2023 16:13,01/08/2023 16:13,To pocket EUR Paris from EUR,1,0,EUR,COMPLETED,499.92
Transfer,Savings,01/08/2023 16:14,01/08/2023 16:14,To pocket EUR Paris from EUR,1,0,EUR,COMPLETED,500.92
Transfer,Savings,02/08/2023 11:12,02/08/2023 11:12,To pocket EUR Paris from EUR,1,0,EUR,COMPLETED,501.92
Transfer,Savings,02/08/2023 17:14,02/08/2023 17:14,To pocket EUR Paris from EUR,0.87,0,EUR,COMPLETED,502.79
Transfer,Savings,04/08/2023 12:34,04/08/2023 12:34,To pocket EUR Paris from EUR,0.95,0,EUR,COMPLETED,503.74
Transfer,Savings,05/08/2023 17:40,05/08/2023 17:40,To pocket EUR Paris from EUR,1,0,EUR,COMPLETED,504.74
Transfer,Savings,07/08/2023 18:14,07/08/2023 18:14,To pocket EUR Paris from EUR,0.33,0,EUR,COMPLETED,505.07
Transfer,Savings,08/08/2023 14:37,08/08/2023 14:37,Pocket Withdrawal,-20,0,EUR,COMPLETED,485.07
Transfer,Savings,08/08/2023 14:37,08/08/2023 14:37,To pocket EUR Paris from EUR,1,0,EUR,COMPLETED,486.07
Transfer,Savings,09/08/2023 09:25,09/08/2023 09:25,To pocket EUR Paris from EUR,38.17,0,EUR,COMPLETED,524.24
Transfer,Savings,09/08/2023 10:00,09/08/2023 10:00,Pocket Withdrawal,-60,0,EUR,COMPLETED,464.24
Transfer,Savings,09/08/2023 10:01,09/08/2023 10:01,To pocket EUR Paris from EUR,0.24,0,EUR,COMPLETED,464.48
Transfer,Savings,09/08/2023 20:57,09/08/2023 20:57,To pocket EUR Paris from EUR,0.75,0,EUR,COMPLETED,465.23
Transfer,Savings,10/08/2023 12:23,10/08/2023 12:23,To pocket EUR Paris from EUR,0.8,0,EUR,COMPLETED,466.03
Transfer,Savings,10/08/2023 14:25,10/08/2023 14:25,Pocket Withdrawal,-50,0,EUR,COMPLETED,416.03
Transfer,Savings,10/08/2023 14:43,10/08/2023 14:43,To pocket EUR Paris from EUR,0.51,0,EUR,COMPLETED,416.54
Transfer,Savings,10/08/2023 18:01,10/08/2023 18:01,To pocket EUR Paris from EUR,0.5,0,EUR,COMPLETED,417.04
Transfer,Savings,10/08/2023 18:48,10/08/2023 18:48,To pocket EUR Paris from EUR,0.5,0,EUR,COMPLETED,417.54
Transfer,Savings,11/08/2023 20:14,11/08/2023 20:14,To pocket EUR Paris from EUR,0.22,0,EUR,COMPLETED,417.76
Transfer,Savings,13/08/2023 18:45,13/08/2023 18:45,To pocket EUR Paris from EUR,0.53,0,EUR,COMPLETED,418.29
Transfer,Savings,15/08/2023 15:29,15/08/2023 15:29,To pocket EUR Paris from EUR,1,0,EUR,COMPLETED,419.29
Transfer,Savings,15/08/2023 15:53,15/08/2023 15:53,To pocket EUR Paris from EUR,0.37,0,EUR,COMPLETED,419.66
Transfer,Savings,15/08/2023 16:58,15/08/2023 16:58,To pocket EUR Paris from EUR,1,0,EUR,COMPLETED,420.66
Transfer,Savings,16/08/2023 20:14,16/08/2023 20:14,To pocket EUR Paris from EUR,0.81,0,EUR,COMPLETED,421.47
Transfer,Savings,18/08/2023 22:16,18/08/2023 22:16,To pocket EUR Paris from EUR,1,0,EUR,COMPLETED,422.47
Transfer,Savings,19/08/2023 16:03,19/08/2023 16:03,To pocket EUR Paris from EUR,0.51,0,EUR,COMPLETED,422.98
Transfer,Savings,19/08/2023 22:37,19/08/2023 22:37,To pocket EUR Paris from EUR,150,0,EUR,COMPLETED,572.98
Transfer,Savings,20/08/2023 22:56,20/08/2023 22:56,To pocket EUR Paris from EUR,1,0,EUR,COMPLETED,573.98
Transfer,Savings,21/08/2023 13:02,21/08/2023 13:02,Pocket Withdrawal,-20,0,EUR,COMPLETED,553.98
Transfer,Savings,21/08/2023 13:04,21/08/2023 13:04,To pocket EUR Paris from EUR,1,0,EUR,COMPLETED,554.98
Transfer,Savings,21/08/2023 22:35,21/08/2023 22:35,To pocket EUR Paris from EUR,1,0,EUR,COMPLETED,555.98
Transfer,Savings,21/08/2023 22:35,21/08/2023 22:35,To pocket EUR Paris from EUR,1,0,EUR,COMPLETED,556.98
Transfer,Savings,21/08/2023 23:32,21/08/2023 23:32,To pocket EUR Paris from EUR,0.5,0,EUR,COMPLETED,557.48
Transfer,Savings,22/08/2023 09:04,22/08/2023 09:04,Pocket Withdrawal,-10,0,EUR,COMPLETED,547.48
Transfer,Savings,22/08/2023 09:08,22/08/2023 09:08,To pocket EUR Paris from EUR,1,0,EUR,COMPLETED,548.48
Transfer,Savings,22/08/2023 10:11,22/08/2023 10:11,To pocket EUR Paris from EUR,0.22,0,EUR,COMPLETED,548.7
Transfer,Savings,22/08/2023 14:17,22/08/2023 14:17,Pocket Withdrawal,-20,0,EUR,COMPLETED,528.7
Transfer,Savings,22/08/2023 14:26,22/08/2023 14:26,To pocket EUR Paris from EUR,0.22,0,EUR,COMPLETED,528.92
Transfer,Savings,23/08/2023 17:35,23/08/2023 17:35,Pocket Withdrawal,-50,0,EUR,COMPLETED,478.92
Transfer,Savings,23/08/2023 20:35,23/08/2023 20:35,Pocket Withdrawal,-20,0,EUR,COMPLETED,458.92
Transfer,Savings,23/08/2023 20:35,23/08/2023 20:35,To pocket EUR Paris from EUR,0.66,0,EUR,COMPLETED,459.58
Transfer,Savings,24/08/2023 15:19,24/08/2023 15:19,To pocket EUR Paris from EUR,1,0,EUR,COMPLETED,460.58
Transfer,Savings,24/08/2023 16:41,24/08/2023 16:41,To pocket EUR Paris from EUR,1,0,EUR,COMPLETED,461.58
Transfer,Savings,26/08/2023 01:57,26/08/2023 01:57,Pocket Withdrawal,-461.58,0,EUR,COMPLETED,0
Transfer,Savings,26/08/2023 01:59,26/08/2023 01:59,To pocket EUR Paris from EUR,275,0,EUR,COMPLETED,275
Transfer,Savings,27/08/2023 17:04,27/08/2023 17:04,Pocket Withdrawal,-50,0,EUR,COMPLETED,225
Transfer,Savings,27/08/2023 19:35,27/08/2023 19:35,Pocket Withdrawal,-225,0,EUR,COMPLETED,0
Transfer,Savings,31/08/2023 13:18,31/08/2023 13:18,To pocket EUR Savings from EUR,100,0,EUR,COMPLETED,100
Transfer,Savings,31/08/2023 15:24,31/08/2023 15:24,Pocket Withdrawal,-100,0,EUR,COMPLETED,0
Transfer,Savings,09/09/2023 01:28,09/09/2023 01:28,To pocket EUR Savings from EUR,200,0,EUR,COMPLETED,200
Transfer,Savings,09/09/2023 01:28,09/09/2023 01:28,To pocket EUR Savings from EUR,50,0,EUR,COMPLETED,250
Transfer,Savings,09/09/2023 01:28,09/09/2023 01:28,Closing transaction,0,0,EUR,COMPLETED,250
Transfer,Savings,09/09/2023 01:29,09/09/2023 01:29,Closing transaction,0,0,EUR,COMPLETED,250
Transfer,Savings,09/09/2023 01:29,09/09/2023 01:29,To pocket EUR Holidays from EUR,1,0,EUR,COMPLETED,251
Transfer,Savings,09/09/2023 16:50,09/09/2023 16:50,To pocket EUR Holidays from EUR,0.21,0,EUR,COMPLETED,251.21
Transfer,Savings,09/09/2023 17:11,09/09/2023 17:11,To pocket EUR Holidays from EUR,1,0,EUR,COMPLETED,252.21
Transfer,Savings,10/09/2023 14:07,10/09/2023 14:07,To pocket EUR Holidays from EUR,0.82,0,EUR,COMPLETED,253.03
Transfer,Savings,11/09/2023 19:46,11/09/2023 19:46,Pocket Withdrawal,-150,0,EUR,COMPLETED,103.03
Transfer,Savings,12/09/2023 18:50,12/09/2023 18:50,To pocket EUR Holidays from EUR,0.67,0,EUR,COMPLETED,103.7
Transfer,Savings,13/09/2023 13:23,13/09/2023 13:23,To pocket EUR Holidays from EUR,0.75,0,EUR,COMPLETED,104.45
Transfer,Savings,14/09/2023 10:35,14/09/2023 10:35,To pocket EUR Holidays from EUR,0.75,0,EUR,COMPLETED,105.2
Transfer,Savings,14/09/2023 17:44,14/09/2023 17:44,To pocket EUR Holidays from EUR,0.14,0,EUR,COMPLETED,105.34
Transfer,Savings,15/09/2023 13:35,15/09/2023 13:35,To pocket EUR Holidays from EUR,0.12,0,EUR,COMPLETED,105.46
Transfer,Savings,15/09/2023 19:15,15/09/2023 19:15,To pocket EUR Holidays from EUR,1,0,EUR,COMPLETED,106.46
Transfer,Savings,17/09/2023 12:45,17/09/2023 12:45,To pocket EUR Holidays from EUR,0.42,0,EUR,COMPLETED,106.88
Transfer,Savings,17/09/2023 12:51,17/09/2023 12:51,To pocket EUR Holidays from EUR,1,0,EUR,COMPLETED,107.88
Transfer,Savings,18/09/2023 18:09,18/09/2023 18:09,To pocket EUR Holidays from EUR,0.25,0,EUR,COMPLETED,108.13
Transfer,Savings,18/09/2023 22:54,18/09/2023 22:54,To pocket EUR Holidays from EUR,0.5,0,EUR,COMPLETED,108.63
Transfer,Savings,20/09/2023 09:49,20/09/2023 09:49,To pocket EUR Holidays from EUR,0.75,0,EUR,COMPLETED,109.38
Transfer,Savings,20/09/2023 17:40,20/09/2023 17:40,To pocket EUR Holidays from EUR,0.02,0,EUR,COMPLETED,109.4
Transfer,Savings,22/09/2023 08:42,22/09/2023 08:42,To pocket EUR Holidays from EUR,0.5,0,EUR,COMPLETED,109.9
Transfer,Savings,22/09/2023 23:40,22/09/2023 23:40,To pocket EUR Holidays from EUR,1,0,EUR,COMPLETED,110.9
Transfer,Savings,24/09/2023 11:57,24/09/2023 11:57,To pocket EUR Holidays from EUR,1,0,EUR,COMPLETED,111.9
Transfer,Savings,24/09/2023 12:02,24/09/2023 12:02,Pocket Withdrawal,-50,0,EUR,COMPLETED,61.9
Transfer,Savings,24/09/2023 12:51,24/09/2023 12:51,To pocket EUR Holidays from EUR,0.52,0,EUR,COMPLETED,62.42
Transfer,Savings,24/09/2023 13:09,24/09/2023 13:09,To pocket EUR Holidays from EUR,1,0,EUR,COMPLETED,63.42
Transfer,Savings,24/09/2023 13:26,24/09/2023 13:26,To pocket EUR Holidays from EUR,1,0,EUR,COMPLETED,64.42
Transfer,Savings,24/09/2023 14:31,24/09/2023 14:31,To pocket EUR Holidays from EUR,1,0,EUR,COMPLETED,65.42
Transfer,Savings,24/09/2023 18:51,24/09/2023 18:51,To pocket EUR Holidays from EUR,0.46,0,EUR,COMPLETED,65.88
Transfer,Savings,27/09/2023 15:56,27/09/2023 15:56,To pocket EUR Holidays from EUR,0.75,0,EUR,COMPLETED,66.63
Transfer,Savings,28/09/2023 17:30,28/09/2023 17:30,Pocket Withdrawal,-50,0,EUR,COMPLETED,16.63
Transfer,Savings,28/09/2023 17:31,28/09/2023 17:31,To pocket EUR Holidays from EUR,0.22,0,EUR,COMPLETED,16.85
Transfer,Savings,29/09/2023 13:35,29/09/2023 13:35,To pocket EUR Holidays from EUR,0.31,0,EUR,COMPLETED,17.16
Transfer,Savings,29/09/2023 20:58,29/09/2023 20:58,To pocket EUR Holidays from EUR,0.8,0,EUR,COMPLETED,17.96
Transfer,Savings,30/09/2023 16:16,30/09/2023 16:16,To pocket EUR Holidays from EUR,1,0,EUR,COMPLETED,18.96
Transfer,Savings,30/09/2023 16:32,30/09/2023 16:32,To pocket EUR Holidays from EUR,1,0,EUR,COMPLETED,19.96
Transfer,Savings,03/10/2023 09:03,03/10/2023 09:03,To pocket EUR Holidays from EUR,0.75,0,EUR,COMPLETED,20.71
Transfer,Savings,03/10/2023 18:27,03/10/2023 18:27,To pocket EUR Savings from EUR,300,0,EUR,COMPLETED,320.71
Transfer,Savings,03/10/2023 18:27,03/10/2023 18:27,To pocket EUR Savings from EUR,150,0,EUR,COMPLETED,470.71
Transfer,Savings,03/10/2023 18:28,03/10/2023 18:28,To pocket EUR Holidays from EUR,0.44,0,EUR,COMPLETED,471.15
Transfer,Savings,06/10/2023 15:23,06/10/2023 15:23,Pocket Withdrawal,-100,0,EUR,COMPLETED,371.15
Transfer,Savings,06/10/2023 15:53,06/10/2023 15:53,To pocket EUR Holidays from EUR,0.4,0,EUR,COMPLETED,371.55
Transfer,Savings,06/10/2023 22:50,06/10/2023 22:50,To pocket EUR Holidays from EUR,0.2,0,EUR,COMPLETED,371.75
Transfer,Savings,07/10/2023 12:37,07/10/2023 12:37,Pocket Withdrawal,-50,0,EUR,COMPLETED,321.75
Transfer,Savings,07/10/2023 13:07,07/10/2023 13:07,To pocket EUR Holidays from EUR,1,0,EUR,COMPLETED,322.75
Transfer,Savings,07/10/2023 13:11,07/10/2023 13:11,To pocket EUR Holidays from EUR,0.6,0,EUR,COMPLETED,323.35
Transfer,Savings,07/10/2023 14:27,07/10/2023 14:27,To pocket EUR Holidays from EUR,0.05,0,EUR,COMPLETED,323.4
Transfer,Savings,07/10/2023 16:39,07/10/2023 16:39,To pocket EUR Holidays from EUR,0.86,0,EUR,COMPLETED,324.26
Transfer,Savings,07/10/2023 17:32,07/10/2023 17:32,Pocket Withdrawal,-50,0,EUR,COMPLETED,274.26
Transfer,Savings,07/10/2023 19:24,07/10/2023 19:24,To pocket EUR Holidays from EUR,0.2,0,EUR,COMPLETED,274.46
Transfer,Savings,07/10/2023 19:54,07/10/2023 19:54,To pocket EUR Holidays from EUR,0.2,0,EUR,COMPLETED,274.66
Transfer,Savings,07/10/2023 20:20,07/10/2023 20:20,Pocket Withdrawal,-250,0,EUR,COMPLETED,24.66
Transfer,Savings,08/10/2023 14:17,08/10/2023 14:17,To pocket EUR Holidays from EUR,0.01,0,EUR,COMPLETED,24.67
Transfer,Savings,09/10/2023 18:45,09/10/2023 18:45,To pocket EUR Holidays from EUR,1,0,EUR,COMPLETED,25.67
Transfer,Savings,09/10/2023 20:14,09/10/2023 20:14,To pocket EUR Holidays from EUR,1,0,EUR,COMPLETED,26.67
Transfer,Savings,09/10/2023 20:14,09/10/2023 20:14,To pocket EUR Holidays from EUR,1,0,EUR,COMPLETED,27.67
Transfer,Savings,09/10/2023 21:42,09/10/2023 21:42,To pocket EUR Holidays from EUR,1,0,EUR,COMPLETED,28.67
Transfer,Savings,12/10/2023 18:45,12/10/2023 18:45,To pocket EUR Holidays from EUR,0.79,0,EUR,COMPLETED,29.46
Transfer,Savings,14/10/2023 10:02,14/10/2023 10:02,To pocket EUR Holidays from EUR,0.5,0,EUR,COMPLETED,29.96
Transfer,Savings,14/10/2023 16:27,14/10/2023 16:27,To pocket EUR Holidays from EUR,0.8,0,EUR,COMPLETED,30.76
Transfer,Savings,14/10/2023 16:45,14/10/2023 16:45,To pocket EUR Holidays from EUR,1,0,EUR,COMPLETED,31.76
Transfer,Savings,15/10/2023 15:21,15/10/2023 15:21,To pocket EUR Holidays from EUR,0.24,0,EUR,COMPLETED,32
Transfer,Savings,17/10/2023 08:09,17/10/2023 08:09,To pocket EUR Holidays from EUR,0.71,0,EUR,COMPLETED,32.71
Transfer,Savings,18/10/2023 21:33,18/10/2023 21:33,To pocket EUR Holidays from EUR,0.56,0,EUR,COMPLETED,33.27
Transfer,Savings,21/10/2023 16:28,21/10/2023 16:28,To pocket EUR Holidays from EUR,0.7,0,EUR,COMPLETED,33.97
Transfer,Savings,22/10/2023 15:41,22/10/2023 15:41,To pocket EUR Holidays from EUR,0.99,0,EUR,COMPLETED,34.96
Transfer,Savings,22/10/2023 17:43,22/10/2023 17:43,To pocket EUR Holidays from EUR,1,0,EUR,COMPLETED,35.96
Transfer,Savings,22/10/2023 19:14,22/10/2023 19:14,To pocket EUR Holidays from EUR,1,0,EUR,COMPLETED,36.96
Transfer,Savings,25/10/2023 18:30,25/10/2023 18:30,To pocket EUR Holidays from EUR,0.52,0,EUR,COMPLETED,37.48
Transfer,Savings,25/10/2023 18:35,25/10/2023 18:35,To pocket EUR Holidays from EUR,0.5,0,EUR,COMPLETED,37.98
Transfer,Savings,26/10/2023 14:17,26/10/2023 14:17,To pocket EUR Holidays from EUR,0.3,0,EUR,COMPLETED,38.28
Transfer,Savings,27/10/2023 10:58,27/10/2023 10:58,To pocket EUR Holidays from EUR,0.4,0,EUR,COMPLETED,38.68
Transfer,Savings,27/10/2023 14:30,27/10/2023 14:30,To pocket EUR Holidays from EUR,0.99,0,EUR,COMPLETED,39.67
Transfer,Savings,27/10/2023 14:31,27/10/2023 14:31,To pocket EUR Holidays from EUR,0.6,0,EUR,COMPLETED,40.27
Transfer,Savings,30/10/2023 19:29,30/10/2023 19:29,To pocket EUR Holidays from EUR,0.29,0,EUR,COMPLETED,40.56
Transfer,Savings,31/10/2023 00:43,31/10/2023 00:43,Pocket Withdrawal,-40.56,0,EUR,COMPLETED,0
Transfer,Savings,31/10/2023 00:43,31/10/2023 00:43,To pocket EUR Savings from EUR,200,0,EUR,COMPLETED,200
Transfer,Savings,31/10/2023 12:33,31/10/2023 12:33,To pocket EUR Holidays from EUR,0.6,0,EUR,COMPLETED,200.6
Transfer,Savings,31/10/2023 13:12,31/10/2023 13:12,To pocket EUR Holidays from EUR,0.4,0,EUR,COMPLETED,201
Transfer,Savings,31/10/2023 14:40,31/10/2023 14:40,To pocket EUR Holidays from EUR,0.25,0,EUR,COMPLETED,201.25
Transfer,Savings,31/10/2023 15:13,31/10/2023 15:13,To pocket EUR Holidays from EUR,1,0,EUR,COMPLETED,202.25
Transfer,Savings,31/10/2023 20:06,31/10/2023 20:06,To pocket EUR Holidays from EUR,0.87,0,EUR,COMPLETED,203.12
Transfer,Savings,31/10/2023 20:40,31/10/2023 20:40,To pocket EUR Holidays from EUR,0.2,0,EUR,COMPLETED,203.32
Transfer,Savings,31/10/2023 20:44,31/10/2023 20:44,To pocket EUR Holidays from EUR,0.3,0,EUR,COMPLETED,203.62
Transfer,Savings,01/11/2023 12:22,01/11/2023 12:22,To pocket EUR Holidays from EUR,0.6,0,EUR,COMPLETED,204.22
Transfer,Savings,01/11/2023 13:38,01/11/2023 13:38,To pocket EUR Holidays from EUR,0.85,0,EUR,COMPLETED,205.07
Transfer,Savings,01/11/2023 14:17,01/11/2023 14:17,To pocket EUR Holidays from EUR,0.7,0,EUR,COMPLETED,205.77
Transfer,Savings,01/11/2023 21:43,01/11/2023 21:43,To pocket EUR Holidays from EUR,0.4,0,EUR,COMPLETED,206.17
Transfer,Savings,02/11/2023 17:59,02/11/2023 17:59,To pocket EUR Holidays from EUR,0.1,0,EUR,COMPLETED,206.27
Transfer,Savings,02/11/2023 19:54,02/11/2023 19:54,Pocket Withdrawal,-50,0,EUR,COMPLETED,156.27
Transfer,Savings,04/11/2023 20:07,04/11/2023 20:07,To pocket EUR Holidays from EUR,0.08,0,EUR,COMPLETED,156.35
Transfer,Savings,04/11/2023 21:00,04/11/2023 21:00,To pocket EUR Holidays from EUR,0.7,0,EUR,COMPLETED,157.05
Transfer,Savings,05/11/2023 12:31,05/11/2023 12:31,To pocket EUR Holidays from EUR,1,0,EUR,COMPLETED,158.05
Transfer,Savings,05/11/2023 13:03,05/11/2023 13:03,To pocket EUR Holidays from EUR,0.11,0,EUR,COMPLETED,158.16
Transfer,Savings,05/11/2023 13:55,05/11/2023 13:55,To pocket EUR Holidays from EUR,1,0,EUR,COMPLETED,159.16
Transfer,Savings,05/11/2023 13:56,05/11/2023 13:56,To pocket EUR Holidays from EUR,1,0,EUR,COMPLETED,160.16
Transfer,Savings,05/11/2023 15:14,05/11/2023 15:14,To pocket EUR Holidays from EUR,1,0,EUR,COMPLETED,161.16
Transfer,Savings,06/11/2023 21:27,06/11/2023 21:27,To pocket EUR Holidays from EUR,0.57,0,EUR,COMPLETED,161.73
Transfer,Savings,07/11/2023 18:46,07/11/2023 18:46,To pocket EUR Holidays from EUR,0.41,0,EUR,COMPLETED,162.14
Transfer,Savings,08/11/2023 08:47,08/11/2023 08:47,To pocket EUR Holidays from EUR,0.21,0,EUR,COMPLETED,162.35
Transfer,Savings,08/11/2023 21:27,08/11/2023 21:27,To pocket EUR Holidays from EUR,0.21,0,EUR,COMPLETED,162.56
Transfer,Savings,08/11/2023 21:28,08/11/2023 21:28,To pocket EUR Holidays from EUR,0.11,0,EUR,COMPLETED,162.67
Transfer,Savings,09/11/2023 13:55,09/11/2023 13:55,To pocket EUR Holidays from EUR,0.2,0,EUR,COMPLETED,162.87
Transfer,Savings,10/11/2023 15:19,10/11/2023 15:19,To pocket EUR Holidays from EUR,0.9,0,EUR,COMPLETED,163.77
Transfer,Savings,10/11/2023 15:20,10/11/2023 15:20,Pocket Withdrawal,-50,0,EUR,COMPLETED,113.77
Transfer,Savings,11/11/2023 15:19,11/11/2023 15:19,To pocket EUR Holidays from EUR,0.34,0,EUR,COMPLETED,114.11
Transfer,Savings,13/11/2023 17:10,13/11/2023 17:10,To pocket EUR Holidays from EUR,0.87,0,EUR,COMPLETED,114.98
Transfer,Savings,14/11/2023 12:42,14/11/2023 12:42,To pocket EUR Holidays from EUR,0.25,0,EUR,COMPLETED,115.23
Transfer,Savings,15/11/2023 21:23,15/11/2023 21:23,To pocket EUR Holidays from EUR,0.11,0,EUR,COMPLETED,115.34
Transfer,Savings,17/11/2023 18:28,17/11/2023 18:28,To pocket EUR Holidays from EUR,0.95,0,EUR,COMPLETED,116.29
Transfer,Savings,18/11/2023 18:18,18/11/2023 18:18,To pocket EUR Holidays from EUR,0.01,0,EUR,COMPLETED,116.3
Transfer,Savings,19/11/2023 14:31,19/11/2023 14:31,Pocket Withdrawal,-100,0,EUR,COMPLETED,16.3
Transfer,Savings,19/11/2023 14:34,19/11/2023 14:34,To pocket EUR Holidays from EUR,0.85,0,EUR,COMPLETED,17.15
Transfer,Savings,20/11/2023 16:15,20/11/2023 16:15,To pocket EUR Holidays from EUR,0.01,0,EUR,COMPLETED,17.16
Transfer,Savings,20/11/2023 16:15,20/11/2023 16:15,To pocket EUR Holidays from EUR,0.47,0,EUR,COMPLETED,17.63
Transfer,Savings,21/11/2023 16:40,21/11/2023 16:40,To pocket EUR Holidays from EUR,0.5,0,EUR,COMPLETED,18.13
Transfer,Savings,22/11/2023 08:50,22/11/2023 08:50,To pocket EUR Holidays from EUR,0.2,0,EUR,COMPLETED,18.33
Transfer,Savings,14/12/2023 12:28,14/12/2023 12:28,Pocket Withdrawal,-18.33,0,EUR,COMPLETED,0
Transfer,Savings,14/12/2023 12:55,14/12/2023 12:55,To pocket EUR Holidays from EUR,0.6,0,EUR,COMPLETED,0.6
Transfer,Savings,21/03/2024 13:48,21/03/2024 13:48,Closing transaction,0,0,EUR,COMPLETED,0.6
Transfer,Savings,21/03/2024 13:48,21/03/2024 13:48,Pocket Withdrawal,-0.6,0,EUR,COMPLETED,0
Transfer,Savings,21/03/2024 13:49,21/03/2024 13:49,Closing transaction,0,0,EUR,COMPLETED,0
Transfer,Savings,28/03/2024 09:24,28/03/2024 09:24,To pocket EUR Monthly Allowance from EUR,300,0,EUR,COMPLETED,300
Transfer,Savings,06/04/2024 11:10,06/04/2024 11:10,Pocket Withdrawal,-100,0,EUR,COMPLETED,200
Transfer,Savings,08/04/2024 12:39,08/04/2024 12:39,Pocket Withdrawal,-50,0,EUR,COMPLETED,150
Transfer,Savings,11/04/2024 19:04,11/04/2024 19:04,Pocket Withdrawal,-50,0,EUR,COMPLETED,100
Transfer,Savings,13/04/2024 13:21,13/04/2024 13:21,Pocket Withdrawal,-100,0,EUR,COMPLETED,0
Transfer,Savings,02/07/2025 14:10,02/07/2025 14:10,Closing transaction,0,0,EUR,COMPLETED,0
Topup,Current,11/06/2023 22:19,11/06/2023 22:19,Google Pay top-up by *2106,50,0,EUR,COMPLETED,50
Transfer,Current,11/06/2023 22:20,11/06/2023 22:20,Transfer to PE CHEN,-3.37,0,EUR,COMPLETED,46.63
Card Payment,Current,17/06/2023 16:34,18/06/2023 12:30,Penneys,-13,0,EUR,COMPLETED,33.63
Card Payment,Current,17/06/2023 16:52,18/06/2023 16:34,SuperValu,-2,0,EUR,COMPLETED,31.63
Card Payment,Current,18/06/2023 19:20,19/06/2023 14:43,Dunnes Stores,-2.47,0,EUR,COMPLETED,29.16
Topup,Current,19/06/2023 23:11,19/06/2023 23:11,Google Pay top-up by *3905,290.09,0,EUR,COMPLETED,319.25
Topup,Current,19/06/2023 23:12,19/06/2023 23:12,Google Pay top-up by *2106,349,0,EUR,COMPLETED,668.25
Card Payment,Current,20/06/2023 10:02,21/06/2023 02:25,PayPal,-2.52,0,EUR,COMPLETED,665.73
Card Payment,Current,20/06/2023 10:45,21/06/2023 12:53,The Bookshelf Coffee House,-23.5,0,EUR,COMPLETED,642.23
Transfer,Current,21/06/2023 23:33,21/06/2023 23:33,To pocket EUR Rent & Utils from EUR,-500,0,EUR,COMPLETED,142.23
Transfer,Current,21/06/2023 23:33,21/06/2023 23:33,To pocket EUR Paris from EUR,-1,0,EUR,COMPLETED,141.23
Card Payment,Current,21/06/2023 12:23,22/06/2023 06:35,Lidl,-10.15,0,EUR,COMPLETED,131.08
Card Payment,Current,21/06/2023 12:23,22/06/2023 06:35,Lidl,-6.29,0,EUR,COMPLETED,124.79
Card Payment,Current,21/06/2023 08:54,22/06/2023 06:37,Tralee Interna,-9,0,EUR,COMPLETED,115.79
Card Payment,Current,21/06/2023 12:09,22/06/2023 14:10,O'Sullivans Pharmacy,-6.5,0,EUR,COMPLETED,109.29
Card Payment,Current,21/06/2023 12:01,22/06/2023 15:10,Dunnes Stores,-33.56,0,EUR,COMPLETED,75.73
Topup,Current,22/06/2023 15:36,22/06/2023 15:36,Google Pay top-up by *3905,50,0,EUR,COMPLETED,125.73
Transfer,Current,22/06/2023 15:09,23/06/2023 06:46,To LI PAN,-50,0,EUR,COMPLETED,75.73
Topup,Current,23/06/2023 06:53,23/06/2023 06:53,Payment from O HAN,10,0,EUR,COMPLETED,85.73
Card Payment,Current,22/06/2023 15:54,23/06/2023 14:34,Transport for Ireland - TFI,-10,0,EUR,COMPLETED,75.73
Card Payment,Current,22/06/2023 10:18,23/06/2023 14:41,Bean in Dingle,-9,0,EUR,COMPLETED,66.73
Card Payment,Current,22/06/2023 15:30,23/06/2023 15:23,Seed and Soul,-7.2,0,EUR,COMPLETED,59.53
Topup,Current,23/06/2023 23:19,23/06/2023 23:19,Google Pay top-up by *2106,160.28,0,EUR,COMPLETED,219.81
Transfer,Current,23/06/2023 23:23,23/06/2023 23:23,To pocket EUR Paris from EUR,-150,0,EUR,COMPLETED,69.81
Card Payment,Current,23/06/2023 14:48,24/06/2023 03:04,Airwallet,-3,0,EUR,COMPLETED,66.81
Card Payment,Current,23/06/2023 14:54,24/06/2023 03:04,Airwallet,-3,0,EUR,COMPLETED,63.81
Card Payment,Current,23/06/2023 13:30,24/06/2023 03:04,Airwallet,-5,0,EUR,COMPLETED,58.81
Card Payment,Current,23/06/2023 13:22,24/06/2023 03:04,Airwallet,-5,0,EUR,COMPLETED,53.81
Transfer,Current,24/06/2023 18:07,24/06/2023 18:07,To pocket EUR Paris from EUR,-0.41,0,EUR,COMPLETED,53.4
Transfer,Current,24/06/2023 18:10,24/06/2023 18:10,To pocket EUR Paris from EUR,-1,0,EUR,COMPLETED,52.4
Transfer,Current,25/06/2023 13:52,25/06/2023 13:52,To pocket EUR Paris from EUR,-1,0,EUR,COMPLETED,51.4
Card Payment,Current,24/06/2023 18:10,25/06/2023 14:41,Dunnes Stores,-8,0,EUR,COMPLETED,43.4
Card Payment,Current,24/06/2023 18:07,25/06/2023 14:41,Dunnes Stores,-1.59,0,EUR,COMPLETED,41.81
Transfer,Current,25/06/2023 17:10,25/06/2023 17:10,Pocket Withdrawal,50,0,EUR,COMPLETED,91.81
Transfer,Current,25/06/2023 19:03,25/06/2023 19:03,To pocket EUR Paris from EUR,-0.5,0,EUR,COMPLETED,91.31
Transfer,Current,26/06/2023 00:35,26/06/2023 00:42,International Transfer to O HAN,-17.73,0,EUR,COMPLETED,73.58
Card Payment,Current,25/06/2023 13:52,26/06/2023 13:51,Omniplex,-19,0,EUR,COMPLETED,54.58
Transfer,Current,26/06/2023 13:30,26/06/2023 14:10,To Ke Chin,-3.25,0,EUR,COMPLETED,51.33
Card Payment,Current,25/06/2023 19:03,26/06/2023 14:42,SuperValu,-15.5,0,EUR,COMPLETED,35.83
Transfer,Current,26/06/2023 14:55,26/06/2023 14:55,Pocket Withdrawal,500,0,EUR,COMPLETED,535.83
Transfer,Current,26/06/2023 14:56,26/06/2023 14:56,To pocket EUR Paris from EUR,-0.1,0,EUR,COMPLETED,535.73
Transfer,Current,27/06/2023 13:49,27/06/2023 13:49,To pocket EUR Paris from EUR,-0.57,0,EUR,COMPLETED,535.16
Transfer,Current,27/06/2023 14:03,27/06/2023 14:03,To pocket EUR Paris from EUR,-0.8,0,EUR,COMPLETED,534.36
Card Payment,Current,26/06/2023 14:56,27/06/2023 14:27,Tralee Town Centre Ap,-500.9,0,EUR,COMPLETED,33.46
Card Payment,Current,27/06/2023 14:03,28/06/2023 06:07,Lidl,-7.2,0,EUR,COMPLETED,26.26
Card Payment,Current,27/06/2023 13:49,28/06/2023 13:54,Dunnes Stores,-20.43,0,EUR,COMPLETED,5.83
Transfer,Current,29/06/2023 21:24,29/06/2023 21:24,Pocket Withdrawal,25,0,EUR,COMPLETED,30.83
Transfer,Current,01/07/2023 17:19,01/07/2023 17:19,To pocket EUR Paris from EUR,-0.02,0,EUR,COMPLETED,30.81
Card Payment,Current,01/07/2023 17:19,02/07/2023 12:31,Dunnes Stores,-1.98,0,EUR,COMPLETED,28.83
Transfer,Current,03/07/2023 19:50,03/07/2023 19:50,To pocket EUR Paris from EUR,-0.73,0,EUR,COMPLETED,28.1
Card Payment,Current,03/07/2023 19:50,04/07/2023 06:16,Lidl,-2.27,0,EUR,COMPLETED,25.83
Transfer,Current,04/07/2023 19:01,04/07/2023 19:01,To pocket EUR Paris from EUR,-1,0,EUR,COMPLETED,24.83
Card Payment,Current,04/07/2023 19:01,05/07/2023 03:01,Airwallet,-3,0,EUR,COMPLETED,21.83
Topup,Current,05/07/2023 09:55,05/07/2023 09:55,Google Pay top-up by *3905,42,0,EUR,COMPLETED,63.83
Transfer,Current,05/07/2023 09:56,05/07/2023 09:56,To pocket EUR Paris from EUR,-0.55,0,EUR,COMPLETED,63.28
Card Payment,Current,05/07/2023 09:56,06/07/2023 14:03,The Roast House,-20.45,0,EUR,COMPLETED,42.83
Transfer,Current,07/07/2023 16:56,07/07/2023 16:56,To pocket EUR Paris from EUR,-0.73,0,EUR,COMPLETED,42.1
Transfer,Current,07/07/2023 19:04,07/07/2023 19:04,To pocket EUR Paris from EUR,-0.5,0,EUR,COMPLETED,41.6
Topup,Current,08/07/2023 01:53,08/07/2023 01:53,Google Pay top-up by *2106,98.67,0,EUR,COMPLETED,140.27
Transfer,Current,08/07/2023 01:55,08/07/2023 01:55,To pocket EUR Anna 18th Bday from EUR,-100,0,EUR,COMPLETED,40.27
Transfer,Current,08/07/2023 01:56,08/07/2023 01:56,Pocket Withdrawal,20,0,EUR,COMPLETED,60.27
Transfer,Current,08/07/2023 01:57,08/07/2023 01:57,To pocket EUR Anna 18th Bday from EUR,-20,0,EUR,COMPLETED,40.27
Card Payment,Current,07/07/2023 16:56,08/07/2023 06:14,Lidl,-9.27,0,EUR,COMPLETED,31
Card Payment,Current,07/07/2023 19:04,08/07/2023 12:04,Dinano's Pizza & Kebab,-7.5,0,EUR,COMPLETED,23.5
Transfer,Current,09/07/2023 18:01,09/07/2023 18:01,To pocket EUR Paris from EUR,-0.89,0,EUR,COMPLETED,22.61
Transfer,Current,10/07/2023 04:13,10/07/2023 04:13,To pocket EUR Paris from EUR,-0.28,0,EUR,COMPLETED,22.33
Card Payment,Current,10/07/2023 04:13,10/07/2023 14:27,AliExpress,-12.72,0,EUR,COMPLETED,9.61
Card Payment,Current,09/07/2023 18:01,10/07/2023 14:36,Dunnes Stores,-3.11,0,EUR,COMPLETED,6.5
Transfer,Current,11/07/2023 02:05,11/07/2023 02:05,Pocket Withdrawal,25,0,EUR,COMPLETED,31.5
Transfer,Current,12/07/2023 12:05,12/07/2023 12:05,To pocket EUR Paris from EUR,-0.44,0,EUR,COMPLETED,31.06
Card Payment,Current,12/07/2023 14:46,13/07/2023 06:26,Lidl,-5.92,0,EUR,COMPLETED,25.14
Card Payment,Current,12/07/2023 12:05,13/07/2023 12:52,Dunnes Stores,-20.56,0,EUR,COMPLETED,4.58
Transfer,Current,13/07/2023 13:34,13/07/2023 13:34,Pocket Withdrawal,10,0,EUR,COMPLETED,14.58
Transfer,Current,14/07/2023 10:21,14/07/2023 10:21,Pocket Withdrawal,120,0,EUR,COMPLETED,134.58
Transfer,Current,14/07/2023 10:25,14/07/2023 10:25,To pocket EUR Paris from EUR,-0.01,0,EUR,COMPLETED,134.57
Transfer,Current,14/07/2023 14:14,14/07/2023 14:14,Pocket Withdrawal,10,0,EUR,COMPLETED,144.57
Transfer,Current,14/07/2023 17:43,14/07/2023 17:43,Pocket Withdrawal,10,0,EUR,COMPLETED,154.57
Transfer,Current,14/07/2023 21:49,14/07/2023 21:49,To pocket EUR Paris from EUR,-0.41,0,EUR,COMPLETED,154.16
Card Payment,Current,14/07/2023 14:28,15/07/2023 05:44,PayPal,-2.5,0,EUR,COMPLETED,151.66
Card Payment,Current,14/07/2023 21:49,15/07/2023 06:24,Lidl,-0.59,0,EUR,COMPLETED,151.07
Card Payment,Current,14/07/2023 10:25,15/07/2023 13:29,photospecialist.ie,-128.99,0,EUR,COMPLETED,22.08
Card Payment,Current,14/07/2023 17:43,15/07/2023 17:57,McDonald's,-12.4,0,EUR,COMPLETED,9.68
Transfer,Current,17/07/2023 16:31,17/07/2023 16:31,To pocket EUR Paris from EUR,-0.91,0,EUR,COMPLETED,8.77
Topup,Current,17/07/2023 17:16,17/07/2023 17:16,Google Pay top-up by *2106,488.77,0,EUR,COMPLETED,497.54
Transfer,Current,17/07/2023 17:43,17/07/2023 17:43,To pocket EUR Paris from EUR,-0.71,0,EUR,COMPLETED,496.83
Card Payment,Current,17/07/2023 16:31,18/07/2023 06:14,Lidl,-1.85,0,EUR,COMPLETED,494.98
Card Payment,Current,17/07/2023 16:31,18/07/2023 06:14,Lidl,-1.09,0,EUR,COMPLETED,493.89
Transfer,Current,18/07/2023 10:55,18/07/2023 10:55,To pocket EUR Paris from EUR,-1,0,EUR,COMPLETED,492.89
Transfer,Current,18/07/2023 11:58,18/07/2023 11:58,To pocket EUR Paris from EUR,-195.97,0,EUR,COMPLETED,296.92
Transfer,Current,18/07/2023 11:59,18/07/2023 11:59,To pocket EUR Paris from EUR,-50,0,EUR,COMPLETED,246.92
Transfer,Current,18/07/2023 11:59,18/07/2023 11:59,To pocket EUR Paris from EUR,-20,0,EUR,COMPLETED,226.92
Card Payment,Current,17/07/2023 17:43,18/07/2023 12:41,MYPROTEIN,-60.29,0,EUR,COMPLETED,166.63
Card Payment,Current,18/07/2023 10:55,19/07/2023 03:07,Airwallet,-3,0,EUR,COMPLETED,163.63
Card Payment,Current,18/07/2023 09:36,19/07/2023 03:07,Airwallet,-5,0,EUR,COMPLETED,158.63
Card Payment,Current,18/07/2023 09:26,19/07/2023 03:07,Airwallet,-5,0,EUR,COMPLETED,153.63
Card Payment,Current,18/07/2023 10:56,19/07/2023 03:07,Airwallet,-3,0,EUR,COMPLETED,150.63
Card Payment,Current,18/07/2023 12:23,19/07/2023 06:24,Lidl,-1.44,0,EUR,COMPLETED,149.19
Card Payment,Current,18/07/2023 11:17,19/07/2023 12:37,Dunnes Stores,-24.67,0,EUR,COMPLETED,124.52
Transfer,Current,19/07/2023 17:59,19/07/2023 17:59,To pocket EUR Paris from EUR,-0.62,0,EUR,COMPLETED,123.9
Transfer,Current,20/07/2023 12:26,20/07/2023 12:26,To pocket EUR Paris from EUR,-1,0,EUR,COMPLETED,122.9
Card Payment,Current,19/07/2023 17:59,20/07/2023 13:50,AliExpress,-24.38,0,EUR,COMPLETED,98.52
Card Payment,Current,20/07/2023 12:26,20/07/2023 17:47,SHEIN,-6,0,EUR,COMPLETED,92.52
Transfer,Current,21/07/2023 17:04,21/07/2023 17:04,To pocket EUR Paris from EUR,-0.92,0,EUR,COMPLETED,91.6
Card Payment,Current,21/07/2023 17:04,22/07/2023 14:48,Lidl,-3.08,0,EUR,COMPLETED,88.52
Topup,Current,23/07/2023 01:30,23/07/2023 01:30,Google Pay top-up by *2106,112.48,0,EUR,COMPLETED,201
Transfer,Current,23/07/2023 01:31,23/07/2023 01:31,To pocket EUR Paris from EUR,-100.5,0,EUR,COMPLETED,100.5
Transfer,Current,23/07/2023 23:32,23/07/2023 23:32,To pocket EUR Paris from EUR,-0.62,0,EUR,COMPLETED,99.88
Card Payment,Current,23/07/2023 23:32,24/07/2023 06:04,SHEIN,-21.38,0,EUR,COMPLETED,78.5
Transfer,Current,24/07/2023 09:12,24/07/2023 09:12,To pocket EUR Paris from EUR,-0.6,0,EUR,COMPLETED,77.9
Transfer,Current,24/07/2023 09:54,24/07/2023 09:54,To pocket EUR Paris from EUR,-0.5,0,EUR,COMPLETED,77.4
Transfer,Current,24/07/2023 10:08,24/07/2023 10:08,To pocket EUR Paris from EUR,-1,0,EUR,COMPLETED,76.4
Transfer,Current,24/07/2023 13:28,24/07/2023 13:28,To pocket EUR Paris from EUR,-1,0,EUR,COMPLETED,75.4
Card Payment,Current,24/07/2023 13:28,25/07/2023 06:07,Dunnes Stores,-6,0,EUR,COMPLETED,69.4
Card Payment,Current,24/07/2023 09:54,25/07/2023 12:36,Penneys,-10.5,0,EUR,COMPLETED,58.9
Card Payment,Current,24/07/2023 10:08,25/07/2023 12:43,John D,-6,0,EUR,COMPLETED,52.9
Transfer,Current,25/07/2023 13:06,25/07/2023 13:06,To pocket EUR Paris from EUR,-0.42,0,EUR,COMPLETED,52.48
Card Payment,Current,24/07/2023 09:12,25/07/2023 13:26,The Nu Place,-7.4,0,EUR,COMPLETED,45.08
Card Payment,Current,25/07/2023 13:06,26/07/2023 06:18,Dunnes Stores,-17.58,0,EUR,COMPLETED,27.5
Transfer,Current,27/07/2023 16:32,27/07/2023 16:32,To pocket EUR Paris from EUR,-0.92,0,EUR,COMPLETED,26.58
Transfer,Current,27/07/2023 18:52,27/07/2023 18:52,To pocket EUR Paris from EUR,-0.9,0,EUR,COMPLETED,25.68
Transfer,Current,27/07/2023 19:20,27/07/2023 19:20,To pocket EUR Paris from EUR,-0.96,0,EUR,COMPLETED,24.72
Transfer,Current,27/07/2023 19:36,27/07/2023 19:36,To pocket EUR Paris from EUR,-0.03,0,EUR,COMPLETED,24.69
Card Payment,Current,27/07/2023 16:32,28/07/2023 06:17,Lidl,-2.08,0,EUR,COMPLETED,22.61
Card Payment,Current,27/07/2023 19:20,28/07/2023 06:17,Lidl,-1.04,0,EUR,COMPLETED,21.57
Transfer,Current,28/07/2023 13:24,28/07/2023 13:24,Pocket Withdrawal,100,0,EUR,COMPLETED,121.57
Transfer,Current,28/07/2023 14:17,28/07/2023 14:17,To pocket EUR Paris from EUR,-0.5,0,EUR,COMPLETED,121.07
Transfer,Current,28/07/2023 14:19,28/07/2023 14:19,To pocket EUR Paris from EUR,-0.4,0,EUR,COMPLETED,120.67
Transfer,Current,28/07/2023 16:18,28/07/2023 16:18,To pocket EUR Paris from EUR,-0.15,0,EUR,COMPLETED,120.52
Transfer,Current,28/07/2023 16:59,28/07/2023 16:59,To pocket EUR Paris from EUR,-1,0,EUR,COMPLETED,119.52
Card Payment,Current,27/07/2023 19:36,28/07/2023 18:25,SuperValu,-3.97,0,EUR,COMPLETED,115.55
Card Payment,Current,27/07/2023 18:52,28/07/2023 18:25,SuperValu,-2.1,0,EUR,COMPLETED,113.45
Transfer,Current,28/07/2023 19:01,28/07/2023 19:01,To pocket EUR Paris from EUR,-0.8,0,EUR,COMPLETED,112.65
Transfer,Current,28/07/2023 22:07,28/07/2023 22:07,Pocket Withdrawal,50,0,EUR,COMPLETED,162.65
Transfer,Current,28/07/2023 22:08,28/07/2023 22:08,To pocket EUR Paris from EUR,-1,0,EUR,COMPLETED,161.65
Card Payment,Current,28/07/2023 14:17,29/07/2023 12:12,Citi Bus,-12.5,0,EUR,COMPLETED,149.15
Card Payment,Current,28/07/2023 14:19,29/07/2023 13:02,Kopitiam Dublin,-37.6,0,EUR,COMPLETED,111.55
Card Payment,Current,28/07/2023 22:08,29/07/2023 13:02,Drunken Fish,-36,0,EUR,COMPLETED,75.55
Card Payment,Current,28/07/2023 16:59,29/07/2023 19:01,LadurÃ©e,-30,0,EUR,COMPLETED,45.55
Card Payment,Current,28/07/2023 16:18,29/07/2023 19:03,Bewley's,-4.85,0,EUR,COMPLETED,40.7
Card Payment,Current,28/07/2023 19:01,29/07/2023 19:04,Maneki,-5.2,0,EUR,COMPLETED,35.5
Transfer,Current,30/07/2023 18:22,30/07/2023 18:22,To pocket EUR Paris from EUR,-0.7,0,EUR,COMPLETED,34.8
Topup,Current,31/07/2023 01:43,31/07/2023 01:43,Google Pay top-up by *2106,335.5,0,EUR,COMPLETED,370.3
Transfer,Current,31/07/2023 01:44,31/07/2023 01:44,To pocket EUR Paris from EUR,-150,0,EUR,COMPLETED,220.3
Transfer,Current,31/07/2023 01:44,31/07/2023 01:44,To pocket EUR Paris from EUR,-100,0,EUR,COMPLETED,120.3
Card Payment,Current,30/07/2023 18:22,31/07/2023 15:03,McDonald's,-8.3,0,EUR,COMPLETED,112
Transfer,Current,31/07/2023 15:33,31/07/2023 15:33,To pocket EUR Paris from EUR,-0.7,0,EUR,COMPLETED,111.3
Transfer,Current,31/07/2023 15:50,31/07/2023 15:50,To pocket EUR Paris from EUR,-1,0,EUR,COMPLETED,110.3
Card Payment,Current,31/07/2023 15:50,01/08/2023 12:36,Penneys,-7,0,EUR,COMPLETED,103.3
Card Payment,Current,31/07/2023 15:33,01/08/2023 12:36,Penneys,-3.3,0,EUR,COMPLETED,100
Transfer,Current,01/08/2023 13:21,01/08/2023 13:21,To pocket EUR Paris from EUR,-0.63,0,EUR,COMPLETED,99.37
Transfer,Current,01/08/2023 13:35,01/08/2023 13:35,To pocket EUR Paris from EUR,-0.52,0,EUR,COMPLETED,98.85
Transfer,Current,01/08/2023 14:50,01/08/2023 14:50,To pocket EUR Paris from EUR,-1,0,EUR,COMPLETED,97.85
Transfer,Current,01/08/2023 14:57,01/08/2023 14:57,To pocket EUR Paris from EUR,-1,0,EUR,COMPLETED,96.85
Transfer,Current,01/08/2023 16:13,01/08/2023 16:13,To pocket EUR Paris from EUR,-1,0,EUR,COMPLETED,95.85
Transfer,Current,01/08/2023 16:14,01/08/2023 16:14,To pocket EUR Paris from EUR,-1,0,EUR,COMPLETED,94.85
Card Payment,Current,01/08/2023 14:50,02/08/2023 02:57,Airwallet Laundry,-5,0,EUR,COMPLETED,89.85
Card Payment,Current,01/08/2023 16:13,02/08/2023 02:57,Airwallet Laundry,-3,0,EUR,COMPLETED,86.85
Card Payment,Current,01/08/2023 16:14,02/08/2023 02:57,Airwallet Laundry,-3,0,EUR,COMPLETED,83.85
Card Payment,Current,01/08/2023 14:57,02/08/2023 02:57,Airwallet Laundry,-5,0,EUR,COMPLETED,78.85
Card Payment,Current,01/08/2023 13:35,02/08/2023 06:23,Lidl,-4.48,0,EUR,COMPLETED,74.37
Transfer,Current,02/08/2023 11:12,02/08/2023 11:12,To pocket EUR Paris from EUR,-1,0,EUR,COMPLETED,73.37
Card Payment,Current,01/08/2023 13:21,02/08/2023 12:59,Dunnes Stores,-20.37,0,EUR,COMPLETED,53
Card Refund,Current,01/08/2023 01:00,02/08/2023 13:32,Penneys,1,0,EUR,COMPLETED,54
Transfer,Current,02/08/2023 17:14,02/08/2023 17:14,To pocket EUR Paris from EUR,-0.87,0,EUR,COMPLETED,53.13
Card Payment,Current,02/08/2023 11:12,03/08/2023 03:13,Maddens Bar,-7,0,EUR,COMPLETED,46.13
Card Payment,Current,02/08/2023 17:14,03/08/2023 06:15,Lidl,-3.13,0,EUR,COMPLETED,43
Transfer,Current,04/08/2023 12:34,04/08/2023 12:34,To pocket EUR Paris from EUR,-0.95,0,EUR,COMPLETED,42.05
Card Payment,Current,04/08/2023 12:34,05/08/2023 06:17,Lidl,-8.05,0,EUR,COMPLETED,34
Transfer,Current,05/08/2023 17:40,05/08/2023 17:40,To pocket EUR Paris from EUR,-1,0,EUR,COMPLETED,33
Card Payment,Current,05/08/2023 17:40,06/08/2023 12:43,Dunnes Stores,-10,0,EUR,COMPLETED,23
Transfer,Current,07/08/2023 18:14,07/08/2023 18:14,To pocket EUR Paris from EUR,-0.33,0,EUR,COMPLETED,22.67
Card Payment,Current,07/08/2023 18:14,08/08/2023 06:06,Lidl,-2.67,0,EUR,COMPLETED,20
Transfer,Current,08/08/2023 14:37,08/08/2023 14:37,Pocket Withdrawal,20,0,EUR,COMPLETED,40
Transfer,Current,08/08/2023 14:37,08/08/2023 14:37,To pocket EUR Paris from EUR,-1,0,EUR,COMPLETED,39
Topup,Current,09/08/2023 09:24,09/08/2023 09:24,Google Pay top-up by *2106,60.17,0,EUR,COMPLETED,99.17
Transfer,Current,09/08/2023 09:25,09/08/2023 09:25,To pocket EUR Paris from EUR,-38.17,0,EUR,COMPLETED,61
Transfer,Current,09/08/2023 10:00,09/08/2023 10:00,Pocket Withdrawal,60,0,EUR,COMPLETED,121
Transfer,Current,09/08/2023 10:01,09/08/2023 10:01,To pocket EUR Paris from EUR,-0.24,0,EUR,COMPLETED,120.76
Card Payment,Current,08/08/2023 14:37,09/08/2023 14:49,Dunnes Stores,-21,0,EUR,COMPLETED,99.76
Transfer,Current,09/08/2023 20:57,09/08/2023 20:57,To pocket EUR Paris from EUR,-0.75,0,EUR,COMPLETED,99.01
Card Payment,Current,09/08/2023 10:01,10/08/2023 06:24,Irish Rail,-56.76,0,EUR,COMPLETED,42.25
Transfer,Current,10/08/2023 12:23,10/08/2023 12:23,To pocket EUR Paris from EUR,-0.8,0,EUR,COMPLETED,41.45
Transfer,Current,10/08/2023 14:25,10/08/2023 14:25,Pocket Withdrawal,50,0,EUR,COMPLETED,91.45
Transfer,Current,10/08/2023 14:43,10/08/2023 14:43,To pocket EUR Paris from EUR,-0.51,0,EUR,COMPLETED,90.94
Transfer,Current,10/08/2023 18:01,10/08/2023 18:01,To pocket EUR Paris from EUR,-0.5,0,EUR,COMPLETED,90.44
Card Payment,Current,09/08/2023 20:57,10/08/2023 18:05,SuperValu,-2.25,0,EUR,COMPLETED,88.19
Transfer,Current,10/08/2023 18:48,10/08/2023 18:48,To pocket EUR Paris from EUR,-0.5,0,EUR,COMPLETED,87.69
Card Payment,Current,10/08/2023 18:01,11/08/2023 06:17,Marks & Spencer,-5.5,0,EUR,COMPLETED,82.19
Card Payment,Current,10/08/2023 18:48,11/08/2023 06:20,Supermac's,-11.5,0,EUR,COMPLETED,70.69
Card Payment,Current,10/08/2023 12:23,11/08/2023 12:02,Beanhive Coffee,-18.2,0,EUR,COMPLETED,52.49
Card Payment,Current,10/08/2023 14:43,11/08/2023 12:02,Camile Thai,-30.49,0,EUR,COMPLETED,22
Topup,Current,11/08/2023 16:32,11/08/2023 16:32,Google Pay top-up by *2106,80.5,0,EUR,COMPLETED,102.5
Transfer,Current,11/08/2023 20:14,11/08/2023 20:14,To pocket EUR Paris from EUR,-0.22,0,EUR,COMPLETED,102.28
Card Payment,Current,11/08/2023 20:14,12/08/2023 06:27,Lidl,-3.78,0,EUR,COMPLETED,98.5
Transfer,Current,13/08/2023 18:45,13/08/2023 18:45,To pocket EUR Paris from EUR,-0.53,0,EUR,COMPLETED,97.97
Card Payment,Current,13/08/2023 18:45,14/08/2023 06:24,Lidl,-5.47,0,EUR,COMPLETED,92.5
Transfer,Current,15/08/2023 15:29,15/08/2023 15:29,To pocket EUR Paris from EUR,-1,0,EUR,COMPLETED,91.5
Transfer,Current,15/08/2023 15:53,15/08/2023 15:53,To pocket EUR Paris from EUR,-0.37,0,EUR,COMPLETED,91.13
Transfer,Current,15/08/2023 16:58,15/08/2023 16:58,To pocket EUR Paris from EUR,-1,0,EUR,COMPLETED,90.13
Card Payment,Current,15/08/2023 15:29,16/08/2023 02:54,Airwallet Laundry,-5,0,EUR,COMPLETED,85.13
Card Payment,Current,15/08/2023 16:58,16/08/2023 02:54,Airwallet Laundry,-3,0,EUR,COMPLETED,82.13
Card Payment,Current,15/08/2023 15:53,16/08/2023 06:06,Dunnes Stores,-25.63,0,EUR,COMPLETED,56.5
Transfer,Current,16/08/2023 20:14,16/08/2023 20:14,To pocket EUR Paris from EUR,-0.81,0,EUR,COMPLETED,55.69
Card Payment,Current,16/08/2023 20:14,17/08/2023 13:29,Dunnes Stores,-3.19,0,EUR,COMPLETED,52.5
Transfer,Current,18/08/2023 22:16,18/08/2023 22:16,To pocket EUR Paris from EUR,-1,0,EUR,COMPLETED,51.5
Card Payment,Current,18/08/2023 22:16,19/08/2023 13:41,Graham Curry,-8,0,EUR,COMPLETED,43.5
Transfer,Current,19/08/2023 16:03,19/08/2023 16:03,To pocket EUR Paris from EUR,-0.51,0,EUR,COMPLETED,42.99
Topup,Current,19/08/2023 22:36,19/08/2023 22:36,Google Pay top-up by *2106,130.17,0,EUR,COMPLETED,173.16
Transfer,Current,19/08/2023 22:37,19/08/2023 22:37,To pocket EUR Paris from EUR,-150,0,EUR,COMPLETED,23.16
Card Payment,Current,19/08/2023 16:03,20/08/2023 12:47,Card World,-2.49,0,EUR,COMPLETED,20.67
Transfer,Current,20/08/2023 22:56,20/08/2023 22:56,To pocket EUR Paris from EUR,-1,0,EUR,COMPLETED,19.67
Card Payment,Current,20/08/2023 22:56,21/08/2023 06:26,The Coin,-5,0,EUR,COMPLETED,14.67
Transfer,Current,21/08/2023 13:02,21/08/2023 13:02,Pocket Withdrawal,20,0,EUR,COMPLETED,34.67
Transfer,Current,21/08/2023 13:04,21/08/2023 13:04,To pocket EUR Paris from EUR,-1,0,EUR,COMPLETED,33.67
Transfer,Current,21/08/2023 22:35,21/08/2023 22:35,To pocket EUR Paris from EUR,-1,0,EUR,COMPLETED,32.67
Transfer,Current,21/08/2023 22:35,21/08/2023 22:35,To pocket EUR Paris from EUR,-1,0,EUR,COMPLETED,31.67
Transfer,Current,21/08/2023 23:32,21/08/2023 23:32,To pocket EUR Paris from EUR,-0.5,0,EUR,COMPLETED,31.17
Card Payment,Current,21/08/2023 13:04,22/08/2023 06:18,Dinky Donuts,-12,0,EUR,COMPLETED,19.17
Card Payment,Current,21/08/2023 22:35,22/08/2023 06:20,Entertainment,-4,0,EUR,COMPLETED,15.17
Card Payment,Current,21/08/2023 22:35,22/08/2023 06:20,Entertainment,-4,0,EUR,COMPLETED,11.17
Transfer,Current,22/08/2023 09:04,22/08/2023 09:04,Pocket Withdrawal,10,0,EUR,COMPLETED,21.17
Transfer,Current,22/08/2023 09:08,22/08/2023 09:08,To pocket EUR Paris from EUR,-1,0,EUR,COMPLETED,20.17
Transfer,Current,22/08/2023 10:11,22/08/2023 10:11,To pocket EUR Paris from EUR,-0.22,0,EUR,COMPLETED,19.95
Transfer,Current,22/08/2023 14:17,22/08/2023 14:17,Pocket Withdrawal,20,0,EUR,COMPLETED,39.95
Transfer,Current,22/08/2023 14:26,22/08/2023 14:26,To pocket EUR Paris from EUR,-0.22,0,EUR,COMPLETED,39.73
Card Payment,Current,22/08/2023 14:26,23/08/2023 06:21,Lidl,-2.78,0,EUR,COMPLETED,36.95
Card Payment,Current,22/08/2023 09:08,23/08/2023 06:22,Rustic Boowa,-9,0,EUR,COMPLETED,27.95
Card Payment,Current,22/08/2023 10:11,23/08/2023 06:23,Food Plus,-1.78,0,EUR,COMPLETED,26.17
Card Payment,Current,21/08/2023 23:32,23/08/2023 13:13,Sean Ogs Bar & B&B,-5.5,0,EUR,COMPLETED,20.67
Transfer,Current,23/08/2023 17:35,23/08/2023 17:35,Pocket Withdrawal,50,0,EUR,COMPLETED,70.67
Transfer,Current,23/08/2023 20:35,23/08/2023 20:35,Pocket Withdrawal,20,0,EUR,COMPLETED,90.67
Transfer,Current,23/08/2023 20:35,23/08/2023 20:35,To pocket EUR Paris from EUR,-0.66,0,EUR,COMPLETED,90.01
Transfer,Current,23/08/2023 17:35,24/08/2023 06:40,To Anna K,-50,0,EUR,COMPLETED,40.01
Card Payment,Current,23/08/2023 20:35,24/08/2023 12:50,Dunnes Stores,-21.34,0,EUR,COMPLETED,18.67
Transfer,Current,24/08/2023 15:19,24/08/2023 15:19,To pocket EUR Paris from EUR,-1,0,EUR,COMPLETED,17.67
Transfer,Current,24/08/2023 16:41,24/08/2023 16:41,To pocket EUR Paris from EUR,-1,0,EUR,COMPLETED,16.67
Card Payment,Current,24/08/2023 15:19,25/08/2023 03:01,Airwallet Laundry,-5,0,EUR,COMPLETED,11.67
Card Payment,Current,24/08/2023 16:41,25/08/2023 03:01,Airwallet Laundry,-3,0,EUR,COMPLETED,8.67
Topup,Current,26/08/2023 01:56,26/08/2023 01:56,Google Pay top-up by *2106,304.75,0,EUR,COMPLETED,313.42
Transfer,Current,26/08/2023 01:57,26/08/2023 01:57,Pocket Withdrawal,461.58,0,EUR,COMPLETED,775
Transfer,Current,26/08/2023 01:59,26/08/2023 01:59,To pocket EUR Paris from EUR,-275,0,EUR,COMPLETED,500
Card Payment,Current,26/08/2023 09:13,,Google,-0.81,0.01,EUR,REVERTED,
Card Payment,Current,26/08/2023 09:21,26/08/2023 18:44,Airport Bus Express,-59.8,0,EUR,COMPLETED,440.2
Card Payment,Current,26/08/2023 11:02,27/08/2023 15:05,RATP,-4.2,0,EUR,COMPLETED,436
Card Payment,Current,26/08/2023 17:13,27/08/2023 15:05,RATP,-22.4,0,EUR,COMPLETED,413.6
Card Payment,Current,26/08/2023 18:01,27/08/2023 15:07,K-MART,-7.1,0,EUR,COMPLETED,406.5
Card Payment,Current,26/08/2023 18:26,27/08/2023 15:18,Starbucks,-11,0,EUR,COMPLETED,395.5
Transfer,Current,27/08/2023 17:04,27/08/2023 17:04,Pocket Withdrawal,50,0,EUR,COMPLETED,445.5
Transfer,Current,27/08/2023 19:35,27/08/2023 19:35,Pocket Withdrawal,225,0,EUR,COMPLETED,670.5
Fee,Current,27/08/2023 19:37,27/08/2023 19:37,Card Delivery Fee,-7.99,0,EUR,COMPLETED,662.51
Card Payment,Current,26/08/2023 21:15,28/08/2023 05:45,Sapporo,-35.3,0,EUR,COMPLETED,627.21
Card Payment,Current,26/08/2023 12:51,28/08/2023 05:52,CotÃ© Sushi,-20.8,0,EUR,COMPLETED,606.41
Card Payment,Current,26/08/2023 14:00,28/08/2023 13:54,Carrefour,-3.4,0,EUR,COMPLETED,603.01
Card Payment,Current,26/08/2023 13:37,28/08/2023 13:54,Omi Maiko,-10,0,EUR,COMPLETED,593.01
Card Payment,Current,27/08/2023 19:23,28/08/2023 13:54,Celio*,-45.99,0,EUR,COMPLETED,547.02
Card Payment,Current,27/08/2023 11:23,28/08/2023 13:54,C Troca,-28,0,EUR,COMPLETED,519.02
Card Payment,Current,28/08/2023 23:50,29/08/2023 06:18,MusÃ©e Du Louvre,-2,0,EUR,COMPLETED,517.02
Card Payment,Current,29/08/2023 20:45,30/08/2023 05:59,Yithe Glacerie,-7.2,0,EUR,COMPLETED,509.82
Card Payment,Current,29/08/2023 14:33,30/08/2023 06:07,Magasin U,-1.39,0,EUR,COMPLETED,508.43
Card Payment,Current,29/08/2023 13:43,30/08/2023 13:03,Annetherese,-9.6,0,EUR,COMPLETED,498.83
Card Payment,Current,29/08/2023 20:32,30/08/2023 13:33,Nitro,-59.6,0,EUR,COMPLETED,439.23
Card Payment,Current,29/08/2023 13:07,30/08/2023 13:39,Rocket Lunch,-11.7,0,EUR,COMPLETED,427.53
Card Payment,Current,29/08/2023 14:07,30/08/2023 13:39,Omusubi Gonbei Paris Palais Royal,-6.8,0,EUR,COMPLETED,420.73
Card Payment,Current,29/08/2023 13:04,30/08/2023 13:39,Omusubi Gonbei Paris Palais Royal,-6.5,0,EUR,COMPLETED,414.23
Card Payment,Current,29/08/2023 16:33,30/08/2023 13:59,Starbucks,-4.65,0,EUR,COMPLETED,409.58
Topup,Current,30/08/2023 18:26,30/08/2023 18:26,Google Pay top-up by *2106,80.3,0,EUR,COMPLETED,489.88
Card Payment,Current,30/08/2023 10:17,31/08/2023 02:40,Bo&Mie,-16.95,0,EUR,COMPLETED,472.93
Transfer,Current,31/08/2023 13:18,31/08/2023 13:18,To pocket EUR Savings from EUR,-100,0,EUR,COMPLETED,372.93
Card Payment,Current,30/08/2023 20:17,31/08/2023 15:05,RATP,-4.2,0,EUR,COMPLETED,368.73
Card Payment,Current,30/08/2023 20:19,31/08/2023 15:05,RATP,-4.2,0,EUR,COMPLETED,364.53
Card Payment,Current,30/08/2023 19:58,31/08/2023 15:07,Ace Mart,-7.1,0,EUR,COMPLETED,357.43
Card Payment,Current,30/08/2023 15:15,31/08/2023 15:09,Kodawari Ramen (YokochÅ),-33.5,0,EUR,COMPLETED,323.93
Transfer,Current,31/08/2023 15:24,31/08/2023 15:24,Pocket Withdrawal,100,0,EUR,COMPLETED,423.93
Card Payment,Current,30/08/2023 15:32,01/09/2023 06:06,KIOKO,-6.9,0,EUR,COMPLETED,417.03
Card Payment,Current,30/08/2023 19:32,01/09/2023 06:06,Restaurant 1129,-259,0,EUR,COMPLETED,158.03
Card Payment,Current,31/08/2023 11:28,01/09/2023 12:47,McDonald's,-24.3,0,EUR,COMPLETED,133.73
Card Payment,Current,31/08/2023 15:24,02/09/2023 06:07,Aeroport Paris Beauvais,-37.8,0,EUR,COMPLETED,95.93
Card Payment,Current,01/09/2023 18:53,02/09/2023 06:29,Dealz,-8.3,0,EUR,COMPLETED,87.63
Card Payment,Current,01/09/2023 20:09,02/09/2023 15:19,Lana Asian Street Food,-30.9,0,EUR,COMPLETED,56.73
Card Payment,Current,01/09/2023 19:58,02/09/2023 15:35,Omniplex,-4,0,EUR,COMPLETED,52.73
Card Payment,Current,03/09/2023 18:28,,Google,-0.81,0.01,EUR,REVERTED,
Card Payment,Current,03/09/2023 18:28,,Google,-0.81,0.01,EUR,REVERTED,
Card Payment,Current,03/09/2023 20:49,,Google,-0.81,0.01,EUR,REVERTED,
Card Payment,Current,03/09/2023 18:29,04/09/2023 13:10,Transport for Ireland - TFI,-10,0,EUR,COMPLETED,42.73
Card Payment,Current,03/09/2023 20:49,04/09/2023 13:10,Transport for Ireland - TFI,-10,0,EUR,COMPLETED,32.73
Card Payment,Current,05/09/2023 13:43,06/09/2023 06:27,Dealz,-5.1,0,EUR,COMPLETED,27.63
Topup,Current,08/09/2023 14:20,08/09/2023 14:20,Google Pay top-up by *3925,100,0,EUR,COMPLETED,127.63
Topup,Current,09/09/2023 01:28,09/09/2023 01:28,Google Pay top-up by *2106,205.19,0,EUR,COMPLETED,332.82
Transfer,Current,09/09/2023 01:28,09/09/2023 01:28,To pocket EUR Savings from EUR,-200,0,EUR,COMPLETED,132.82
Transfer,Current,09/09/2023 01:28,09/09/2023 01:28,To pocket EUR Savings from EUR,-50,0,EUR,COMPLETED,82.82
Transfer,Current,09/09/2023 01:29,09/09/2023 01:29,To pocket EUR Holidays from EUR,-1,0,EUR,COMPLETED,81.82
Card Payment,Current,08/09/2023 14:17,09/09/2023 03:16,Airwallet Laundry,-5,0,EUR,COMPLETED,76.82
Card Payment,Current,08/09/2023 15:42,09/09/2023 03:16,Airwallet Laundry,-3,0,EUR,COMPLETED,73.82
Card Payment,Current,08/09/2023 14:42,09/09/2023 03:16,Airwallet Laundry,-3,0,EUR,COMPLETED,70.82
Card Payment,Current,08/09/2023 13:05,09/09/2023 03:16,Airwallet Laundry,-5,0,EUR,COMPLETED,65.82
Card Payment,Current,08/09/2023 17:36,09/09/2023 06:20,Dealz,-2.3,0,EUR,COMPLETED,63.52
Transfer,Current,09/09/2023 16:50,09/09/2023 16:50,To pocket EUR Holidays from EUR,-0.21,0,EUR,COMPLETED,63.31
Transfer,Current,09/09/2023 17:11,09/09/2023 17:11,To pocket EUR Holidays from EUR,-1,0,EUR,COMPLETED,62.31
Card Payment,Current,09/09/2023 16:50,10/09/2023 06:15,Lidl,-2.79,0,EUR,COMPLETED,59.52
Transfer,Current,10/09/2023 14:07,10/09/2023 14:07,To pocket EUR Holidays from EUR,-0.82,0,EUR,COMPLETED,58.7
Card Payment,Current,10/09/2023 15:58,11/09/2023 13:29,Penneys,-8,0,EUR,COMPLETED,50.7
Card Payment,Current,09/09/2023 17:11,11/09/2023 13:46,Costa Coffee,-9,0,EUR,COMPLETED,41.7
Card Payment,Current,10/09/2023 14:07,11/09/2023 14:31,Dunnes Stores,-41.18,0,EUR,COMPLETED,0.52
Transfer,Current,11/09/2023 19:46,11/09/2023 19:46,Pocket Withdrawal,150,0,EUR,COMPLETED,150.52
Transfer,Current,12/09/2023 18:50,12/09/2023 18:50,To pocket EUR Holidays from EUR,-0.67,0,EUR,COMPLETED,149.85
Card Payment,Current,12/09/2023 18:50,13/09/2023 06:27,Lidl,-2.33,0,EUR,COMPLETED,147.52
Transfer,Current,13/09/2023 13:23,13/09/2023 13:23,To pocket EUR Holidays from EUR,-0.75,0,EUR,COMPLETED,146.77
Card Payment,Current,13/09/2023 13:23,14/09/2023 06:01,University,-3.25,0,EUR,COMPLETED,143.52
Transfer,Current,14/09/2023 10:35,14/09/2023 10:35,To pocket EUR Holidays from EUR,-0.75,0,EUR,COMPLETED,142.77
Transfer,Current,14/09/2023 17:44,14/09/2023 17:44,To pocket EUR Holidays from EUR,-0.14,0,EUR,COMPLETED,142.63
Card Payment,Current,14/09/2023 10:35,15/09/2023 02:48,University,-3.25,0,EUR,COMPLETED,139.38
Card Payment,Current,14/09/2023 17:44,15/09/2023 06:25,Lidl,-9.86,0,EUR,COMPLETED,129.52
Transfer,Current,15/09/2023 13:35,15/09/2023 13:35,To pocket EUR Holidays from EUR,-0.12,0,EUR,COMPLETED,129.4
Transfer,Current,15/09/2023 19:15,15/09/2023 19:15,To pocket EUR Holidays from EUR,-1,0,EUR,COMPLETED,128.4
Card Payment,Current,15/09/2023 13:35,16/09/2023 06:23,Lidl,-5.88,0,EUR,COMPLETED,122.52
Card Payment,Current,15/09/2023 19:15,16/09/2023 16:04,Dunnes Stores,-11,0,EUR,COMPLETED,111.52
Transfer,Current,17/09/2023 12:45,17/09/2023 12:45,To pocket EUR Holidays from EUR,-0.42,0,EUR,COMPLETED,111.1
Transfer,Current,17/09/2023 12:51,17/09/2023 12:51,To pocket EUR Holidays from EUR,-1,0,EUR,COMPLETED,110.1
Card Payment,Current,17/09/2023 12:45,18/09/2023 14:21,Dunnes Stores,-43.58,0,EUR,COMPLETED,66.52
Card Payment,Current,17/09/2023 12:51,18/09/2023 14:21,Dunnes Stores,-5,0,EUR,COMPLETED,61.52
Transfer,Current,18/09/2023 18:09,18/09/2023 18:09,To pocket EUR Holidays from EUR,-0.25,0,EUR,COMPLETED,61.27
Transfer,Current,18/09/2023 22:54,18/09/2023 22:54,To pocket EUR Holidays from EUR,-0.5,0,EUR,COMPLETED,60.77
Card Payment,Current,18/09/2023 18:09,19/09/2023 13:13,University,-5.75,0,EUR,COMPLETED,55.02
Transfer,Current,20/09/2023 09:49,20/09/2023 09:49,To pocket EUR Holidays from EUR,-0.75,0,EUR,COMPLETED,54.27
Card Payment,Current,18/09/2023 22:54,20/09/2023 13:33,Dinano's Pizza & Kebab,-3.5,0,EUR,COMPLETED,50.77
Transfer,Current,20/09/2023 17:40,20/09/2023 17:40,To pocket EUR Holidays from EUR,-0.02,0,EUR,COMPLETED,50.75
Card Payment,Current,20/09/2023 09:49,21/09/2023 06:02,University,-3.25,0,EUR,COMPLETED,47.5
Card Payment,Current,20/09/2023 17:40,21/09/2023 06:33,Lidl,-3.98,0,EUR,COMPLETED,43.52
Transfer,Current,22/09/2023 08:42,22/09/2023 08:42,To pocket EUR Holidays from EUR,-0.5,0,EUR,COMPLETED,43.02
Transfer,Current,22/09/2023 23:40,22/09/2023 23:40,To pocket EUR Holidays from EUR,-1,0,EUR,COMPLETED,42.02
Card Payment,Current,22/09/2023 08:42,23/09/2023 02:56,University,-6.5,0,EUR,COMPLETED,35.52
Card Payment,Current,22/09/2023 23:40,24/09/2023 06:22,Hennessys Bar,-6,0,EUR,COMPLETED,29.52
Transfer,Current,24/09/2023 11:57,24/09/2023 11:57,To pocket EUR Holidays from EUR,-1,0,EUR,COMPLETED,28.52
Transfer,Current,24/09/2023 12:02,24/09/2023 12:02,Pocket Withdrawal,50,0,EUR,COMPLETED,78.52
Transfer,Current,24/09/2023 12:51,24/09/2023 12:51,To pocket EUR Holidays from EUR,-0.52,0,EUR,COMPLETED,78
Transfer,Current,24/09/2023 13:09,24/09/2023 13:09,To pocket EUR Holidays from EUR,-1,0,EUR,COMPLETED,77
Transfer,Current,24/09/2023 13:26,24/09/2023 13:26,To pocket EUR Holidays from EUR,-1,0,EUR,COMPLETED,76
Transfer,Current,24/09/2023 14:31,24/09/2023 14:31,To pocket EUR Holidays from EUR,-1,0,EUR,COMPLETED,75
Card Payment,Current,24/09/2023 11:57,24/09/2023 17:57,Airwallet Laundry,-5,0,EUR,COMPLETED,70
Transfer,Current,24/09/2023 18:51,24/09/2023 18:51,To pocket EUR Holidays from EUR,-0.46,0,EUR,COMPLETED,69.54
Card Payment,Current,24/09/2023 14:31,25/09/2023 03:04,Airwallet Laundry,-3,0,EUR,COMPLETED,66.54
Card Payment,Current,24/09/2023 13:09,25/09/2023 03:04,Airwallet Laundry,-5,0,EUR,COMPLETED,61.54
Card Payment,Current,24/09/2023 13:26,25/09/2023 03:04,Airwallet Laundry,-3,0,EUR,COMPLETED,58.54
Card Payment,Current,24/09/2023 18:51,25/09/2023 06:22,Lidl,-2.54,0,EUR,COMPLETED,56
Card Payment,Current,24/09/2023 12:51,25/09/2023 14:27,Dunnes Stores,-40.48,0,EUR,COMPLETED,15.52
Transfer,Current,27/09/2023 15:56,27/09/2023 15:56,To pocket EUR Holidays from EUR,-0.75,0,EUR,COMPLETED,14.77
Card Payment,Current,27/09/2023 15:56,28/09/2023 11:44,University,-3.25,0,EUR,COMPLETED,11.52
Transfer,Current,28/09/2023 17:30,28/09/2023 17:30,Pocket Withdrawal,50,0,EUR,COMPLETED,61.52
Transfer,Current,28/09/2023 17:31,28/09/2023 17:31,To pocket EUR Holidays from EUR,-0.22,0,EUR,COMPLETED,61.3
Card Payment,Current,28/09/2023 17:31,29/09/2023 06:37,Lidl,-1.78,0,EUR,COMPLETED,59.52
Transfer,Current,29/09/2023 13:35,29/09/2023 13:35,To pocket EUR Holidays from EUR,-0.31,0,EUR,COMPLETED,59.21
Transfer,Current,29/09/2023 20:58,29/09/2023 20:58,To pocket EUR Holidays from EUR,-0.8,0,EUR,COMPLETED,58.41
Card Payment,Current,29/09/2023 13:35,30/09/2023 06:40,Lidl,-0.69,0,EUR,COMPLETED,57.72
Card Payment,Current,29/09/2023 20:58,30/09/2023 15:54,The Coin,-16.2,0,EUR,COMPLETED,41.52
Transfer,Current,30/09/2023 16:16,30/09/2023 16:16,To pocket EUR Holidays from EUR,-1,0,EUR,COMPLETED,40.52
Transfer,Current,30/09/2023 16:32,30/09/2023 16:32,To pocket EUR Holidays from EUR,-1,0,EUR,COMPLETED,39.52
Card Payment,Current,30/09/2023 16:16,01/10/2023 16:46,Penneys,-16,0,EUR,COMPLETED,23.52
Card Payment,Current,30/09/2023 16:32,01/10/2023 16:46,Penneys,-10,0,EUR,COMPLETED,13.52
Transfer,Current,03/10/2023 09:03,03/10/2023 09:03,To pocket EUR Holidays from EUR,-0.75,0,EUR,COMPLETED,12.77
Topup,Current,03/10/2023 18:27,03/10/2023 18:27,Google Pay top-up by *3925,500,0,EUR,COMPLETED,512.77
Transfer,Current,03/10/2023 18:27,03/10/2023 18:27,To pocket EUR Savings from EUR,-300,0,EUR,COMPLETED,212.77
Transfer,Current,03/10/2023 18:27,03/10/2023 18:27,To pocket EUR Savings from EUR,-150,0,EUR,COMPLETED,62.77
Transfer,Current,03/10/2023 18:28,03/10/2023 18:28,To pocket EUR Holidays from EUR,-0.44,0,EUR,COMPLETED,62.33
Card Payment,Current,03/10/2023 09:03,04/10/2023 06:09,University,-3.25,0,EUR,COMPLETED,59.08
Transfer,Current,03/10/2023 19:00,04/10/2023 06:36,To Anna K,-20,0,EUR,COMPLETED,39.08
Card Payment,Current,03/10/2023 18:28,04/10/2023 06:42,Lidl,-2.56,0,EUR,COMPLETED,36.52
Transfer,Current,06/10/2023 15:23,06/10/2023 15:23,Pocket Withdrawal,100,0,EUR,COMPLETED,136.52
Transfer,Current,06/10/2023 15:53,06/10/2023 15:53,To pocket EUR Holidays from EUR,-0.4,0,EUR,COMPLETED,136.12
Transfer,Current,06/10/2023 22:50,06/10/2023 22:50,To pocket EUR Holidays from EUR,-0.2,0,EUR,COMPLETED,135.92
Card Payment,Current,06/10/2023 15:53,07/10/2023 03:02,SHEIN,-30.6,0,EUR,COMPLETED,105.32
Card Payment,Current,06/10/2023 22:50,07/10/2023 06:19,Irish Rail,-36.8,0,EUR,COMPLETED,68.52
Transfer,Current,07/10/2023 12:37,07/10/2023 12:37,Pocket Withdrawal,50,0,EUR,COMPLETED,118.52
Transfer,Current,07/10/2023 13:07,07/10/2023 13:07,To pocket EUR Holidays from EUR,-1,0,EUR,COMPLETED,117.52
Transfer,Current,07/10/2023 13:11,07/10/2023 13:11,To pocket EUR Holidays from EUR,-0.6,0,EUR,COMPLETED,116.92
Transfer,Current,07/10/2023 14:27,07/10/2023 14:27,To pocket EUR Holidays from EUR,-0.05,0,EUR,COMPLETED,116.87
Transfer,Current,07/10/2023 16:39,07/10/2023 16:39,To pocket EUR Holidays from EUR,-0.86,0,EUR,COMPLETED,116.01
Transfer,Current,07/10/2023 17:32,07/10/2023 17:32,Pocket Withdrawal,50,0,EUR,COMPLETED,166.01
Transfer,Current,07/10/2023 19:24,07/10/2023 19:24,To pocket EUR Holidays from EUR,-0.2,0,EUR,COMPLETED,165.81
Transfer,Current,07/10/2023 19:54,07/10/2023 19:54,To pocket EUR Holidays from EUR,-0.2,0,EUR,COMPLETED,165.61
Transfer,Current,07/10/2023 20:20,07/10/2023 20:20,Pocket Withdrawal,250,0,EUR,COMPLETED,415.61
TEMP_BLOCK,Current,07/10/2023 20:33,,To ë§ˆì´ í€¸ðŸ‘¸,-1,0,EUR,REVERTED,
Card Payment,Current,07/10/2023 13:11,08/10/2023 02:58,Filter,-3.4,0,EUR,COMPLETED,412.21
Card Payment,Current,07/10/2023 14:27,08/10/2023 12:27,Ninja Sushi Bento,-9.95,0,EUR,COMPLETED,402.26
Card Payment,Current,07/10/2023 13:07,08/10/2023 13:01,GeoFood,-15,0,EUR,COMPLETED,387.26
Transfer,Current,08/10/2023 14:17,08/10/2023 14:17,To pocket EUR Holidays from EUR,-0.01,0,EUR,COMPLETED,387.25
Card Payment,Current,07/10/2023 16:39,08/10/2023 19:43,H&M,-70.14,0,EUR,COMPLETED,317.11
Card Payment,Current,07/10/2023 19:24,09/10/2023 06:16,Akira,-31.8,0,EUR,COMPLETED,285.31
Card Payment,Current,08/10/2023 14:17,09/10/2023 06:21,Lidl,-2.99,0,EUR,COMPLETED,282.32
Transfer,Current,07/10/2023 20:21,09/10/2023 06:46,To Anna K,-250,0,EUR,COMPLETED,32.32
Card Payment,Current,07/10/2023 19:54,09/10/2023 13:54,Chatime,-5.8,0,EUR,COMPLETED,26.52
Transfer,Current,09/10/2023 18:45,09/10/2023 18:45,To pocket EUR Holidays from EUR,-1,0,EUR,COMPLETED,25.52
Topup,Current,09/10/2023 20:13,09/10/2023 20:13,Google Pay top-up by *3925,190,0,EUR,COMPLETED,215.52
Transfer,Current,09/10/2023 20:14,09/10/2023 20:14,To pocket EUR Holidays from EUR,-1,0,EUR,COMPLETED,214.52
Transfer,Current,09/10/2023 20:14,09/10/2023 20:14,To pocket EUR Holidays from EUR,-1,0,EUR,COMPLETED,213.52
Transfer,Current,09/10/2023 21:42,09/10/2023 21:42,To pocket EUR Holidays from EUR,-1,0,EUR,COMPLETED,212.52
Card Payment,Current,09/10/2023 18:45,10/10/2023 03:11,Airwallet Laundry,-5,0,EUR,COMPLETED,207.52
Card Payment,Current,09/10/2023 21:42,10/10/2023 03:11,Airwallet Laundry,-3,0,EUR,COMPLETED,204.52
Card Payment,Current,09/10/2023 20:14,10/10/2023 03:11,Airwallet Laundry,-5,0,EUR,COMPLETED,199.52
Card Payment,Current,09/10/2023 20:14,10/10/2023 03:11,Airwallet Laundry,-3,0,EUR,COMPLETED,196.52
Transfer,Current,12/10/2023 18:45,12/10/2023 18:45,To pocket EUR Holidays from EUR,-0.79,0,EUR,COMPLETED,195.73
Card Payment,Current,12/10/2023 18:45,13/10/2023 06:42,Lidl,-3.21,0,EUR,COMPLETED,192.52
Transfer,Current,14/10/2023 10:02,14/10/2023 10:02,To pocket EUR Holidays from EUR,-0.5,0,EUR,COMPLETED,192.02
Transfer,Current,14/10/2023 16:27,14/10/2023 16:27,To pocket EUR Holidays from EUR,-0.8,0,EUR,COMPLETED,191.22
Transfer,Current,14/10/2023 16:45,14/10/2023 16:45,To pocket EUR Holidays from EUR,-1,0,EUR,COMPLETED,190.22
Card Payment,Current,14/10/2023 16:27,15/10/2023 06:35,Wei An,-6.2,0,EUR,COMPLETED,184.02
Transfer,Current,15/10/2023 15:21,15/10/2023 15:21,To pocket EUR Holidays from EUR,-0.24,0,EUR,COMPLETED,183.78
Card Payment,Current,14/10/2023 10:02,16/10/2023 14:11,The Red Fox Inn,-7.5,0,EUR,COMPLETED,176.28
Card Payment,Current,14/10/2023 16:45,16/10/2023 14:15,Der Oâ€™Sullivans,-12,0,EUR,COMPLETED,164.28
Card Payment,Current,15/10/2023 15:21,16/10/2023 15:01,Dunnes Stores,-93.76,0,EUR,COMPLETED,70.52
Transfer,Current,17/10/2023 08:09,17/10/2023 08:09,To pocket EUR Holidays from EUR,-0.71,0,EUR,COMPLETED,69.81
Topup,Current,17/10/2023 21:08,17/10/2023 21:09,Google Pay top-up by *2106,120.01,0,EUR,COMPLETED,189.82
Card Payment,Current,17/10/2023 08:09,18/10/2023 13:21,MYPROTEIN,-60.29,0,EUR,COMPLETED,129.53
Transfer,Current,18/10/2023 21:33,18/10/2023 21:33,To pocket EUR Holidays from EUR,-0.56,0,EUR,COMPLETED,128.97
Card Payment,Current,18/10/2023 21:33,19/10/2023 06:38,Lidl,-2.44,0,EUR,COMPLETED,126.53
Transfer,Current,21/10/2023 16:28,21/10/2023 16:28,To pocket EUR Holidays from EUR,-0.7,0,EUR,COMPLETED,125.83
Transfer,Current,22/10/2023 15:41,22/10/2023 15:41,To pocket EUR Holidays from EUR,-0.99,0,EUR,COMPLETED,124.84
Transfer,Current,22/10/2023 17:43,22/10/2023 17:43,To pocket EUR Holidays from EUR,-1,0,EUR,COMPLETED,123.84
Transfer,Current,22/10/2023 17:45,22/10/2023 17:45,Transfer to DYLAN LAI YEN CHENG,-15,0,EUR,COMPLETED,108.84
Transfer,Current,22/10/2023 19:14,22/10/2023 19:14,To pocket EUR Holidays from EUR,-1,0,EUR,COMPLETED,107.84
Card Payment,Current,21/10/2023 16:28,22/10/2023 19:34,McDonald's,-8.3,0,EUR,COMPLETED,99.54
Card Payment,Current,22/10/2023 19:14,23/10/2023 02:37,Airwallet Laundry,-3,0,EUR,COMPLETED,96.54
Card Payment,Current,22/10/2023 17:43,23/10/2023 02:37,Airwallet Laundry,-5,0,EUR,COMPLETED,91.54
Card Payment,Current,22/10/2023 15:41,23/10/2023 15:13,Dunnes Stores,-47.01,0,EUR,COMPLETED,44.53
Transfer,Current,25/10/2023 18:30,25/10/2023 18:30,To pocket EUR Holidays from EUR,-0.52,0,EUR,COMPLETED,44.01
Transfer,Current,25/10/2023 18:35,25/10/2023 18:35,To pocket EUR Holidays from EUR,-0.5,0,EUR,COMPLETED,43.51
Card Payment,Current,25/10/2023 18:30,26/10/2023 06:30,Lidl,-4.48,0,EUR,COMPLETED,39.03
Card Payment,Current,25/10/2023 18:35,26/10/2023 12:26,Dinano's Pizza & Kebab,-5.5,0,EUR,COMPLETED,33.53
Transfer,Current,26/10/2023 14:17,26/10/2023 14:17,To pocket EUR Holidays from EUR,-0.3,0,EUR,COMPLETED,33.23
Transfer,Current,27/10/2023 10:58,27/10/2023 10:58,To pocket EUR Holidays from EUR,-0.4,0,EUR,COMPLETED,32.83
Transfer,Current,27/10/2023 14:30,27/10/2023 14:30,To pocket EUR Holidays from EUR,-0.99,0,EUR,COMPLETED,31.84
Transfer,Current,27/10/2023 14:31,27/10/2023 14:31,To pocket EUR Holidays from EUR,-0.6,0,EUR,COMPLETED,31.24
Card Payment,Current,26/10/2023 14:17,27/10/2023 17:47,SuperValu,-1.7,0,EUR,COMPLETED,29.54
Card Payment,Current,27/10/2023 10:58,28/10/2023 05:59,University,-5.6,0,EUR,COMPLETED,23.94
Card Payment,Current,27/10/2023 14:30,28/10/2023 06:31,Lidl,-3.01,0,EUR,COMPLETED,20.93
Card Payment,Current,27/10/2023 14:31,28/10/2023 06:31,Lidl,-8.4,0,EUR,COMPLETED,12.53
Transfer,Current,30/10/2023 19:29,30/10/2023 19:29,To pocket EUR Holidays from EUR,-0.29,0,EUR,COMPLETED,12.24
Topup,Current,31/10/2023 00:42,31/10/2023 00:42,Payment from O HAN,300,0,EUR,COMPLETED,312.24
Transfer,Current,31/10/2023 00:43,31/10/2023 00:43,Pocket Withdrawal,40.56,0,EUR,COMPLETED,352.8
Transfer,Current,31/10/2023 00:43,31/10/2023 00:43,To pocket EUR Savings from EUR,-200,0,EUR,COMPLETED,152.8
Transfer,Current,31/10/2023 12:33,31/10/2023 12:33,To pocket EUR Holidays from EUR,-0.6,0,EUR,COMPLETED,152.2
Transfer,Current,31/10/2023 13:12,31/10/2023 13:12,To pocket EUR Holidays from EUR,-0.4,0,EUR,COMPLETED,151.8
Transfer,Current,31/10/2023 14:40,31/10/2023 14:40,To pocket EUR Holidays from EUR,-0.25,0,EUR,COMPLETED,151.55
Transfer,Current,31/10/2023 15:13,31/10/2023 15:13,To pocket EUR Holidays from EUR,-1,0,EUR,COMPLETED,150.55
Card Payment,Current,30/10/2023 19:29,31/10/2023 18:00,Lidl,-0.71,0,EUR,COMPLETED,149.84
Transfer,Current,31/10/2023 20:06,31/10/2023 20:06,To pocket EUR Holidays from EUR,-0.87,0,EUR,COMPLETED,148.97
Transfer,Current,31/10/2023 20:40,31/10/2023 20:40,To pocket EUR Holidays from EUR,-0.2,0,EUR,COMPLETED,148.77
Transfer,Current,31/10/2023 20:44,31/10/2023 20:44,To pocket EUR Holidays from EUR,-0.3,0,EUR,COMPLETED,148.47
Transfer,Current,01/11/2023 12:22,01/11/2023 12:22,To pocket EUR Holidays from EUR,-0.6,0,EUR,COMPLETED,147.87
Card Payment,Current,31/10/2023 20:40,01/11/2023 12:54,Super Asia Food,-3.8,0,EUR,COMPLETED,144.07
Card Payment,Current,31/10/2023 20:44,01/11/2023 12:55,Super Asia Food,-2.7,0,EUR,COMPLETED,141.37
Card Payment,Current,31/10/2023 12:33,01/11/2023 13:01,Butlers Chocolates,-3.4,0,EUR,COMPLETED,137.97
Card Payment,Current,31/10/2023 15:13,01/11/2023 13:05,Transport for Ireland - TFI,-10,0,EUR,COMPLETED,127.97
Transfer,Current,01/11/2023 13:38,01/11/2023 13:38,To pocket EUR Holidays from EUR,-0.85,0,EUR,COMPLETED,127.12
Card Payment,Current,31/10/2023 14:40,01/11/2023 13:41,Card Gallery,-0.75,0,EUR,COMPLETED,126.37
Card Payment,Current,31/10/2023 20:06,01/11/2023 14:00,Kopitiam Dublin,-20.13,0,EUR,COMPLETED,106.24
Transfer,Current,01/11/2023 14:17,01/11/2023 14:17,To pocket EUR Holidays from EUR,-0.7,0,EUR,COMPLETED,105.54
Card Payment,Current,31/10/2023 13:12,01/11/2023 15:52,Nanas Tea,-6.6,0,EUR,COMPLETED,98.94
Transfer,Current,01/11/2023 21:43,01/11/2023 21:43,To pocket EUR Holidays from EUR,-0.4,0,EUR,COMPLETED,98.54
Card Payment,Current,01/11/2023 14:17,02/11/2023 15:53,Nanas Tea,-6.3,0,EUR,COMPLETED,92.24
Card Payment,Current,01/11/2023 21:43,02/11/2023 16:05,Yoi Izakaya,-30.6,0,EUR,COMPLETED,61.64
Transfer,Current,02/11/2023 17:59,02/11/2023 17:59,To pocket EUR Holidays from EUR,-0.1,0,EUR,COMPLETED,61.54
Card Payment,Current,01/11/2023 12:22,02/11/2023 18:39,The Tram CafÃ©,-17.4,0,EUR,COMPLETED,44.14
Card Payment,Current,01/11/2023 13:38,02/11/2023 18:43,Boojum,-10.15,0,EUR,COMPLETED,33.99
Transfer,Current,02/11/2023 19:54,02/11/2023 19:54,Pocket Withdrawal,50,0,EUR,COMPLETED,83.99
Card Payment,Current,02/11/2023 17:59,03/11/2023 12:59,White Rabbit,-32.9,0,EUR,COMPLETED,51.09
Transfer,Current,04/11/2023 20:07,04/11/2023 20:07,To pocket EUR Holidays from EUR,-0.08,0,EUR,COMPLETED,51.01
Card Payment,Current,03/11/2023 00:00,04/11/2023 21:00,Carriage Food Services Ltd,-2.3,0,EUR,COMPLETED,48.71
Transfer,Current,04/11/2023 21:00,04/11/2023 21:00,To pocket EUR Holidays from EUR,-0.7,0,EUR,COMPLETED,48.01
Card Payment,Current,04/11/2023 20:07,05/11/2023 11:34,Lidl,-2.92,0,EUR,COMPLETED,45.09
Transfer,Current,05/11/2023 12:31,05/11/2023 12:31,To pocket EUR Holidays from EUR,-1,0,EUR,COMPLETED,44.09
Transfer,Current,05/11/2023 13:03,05/11/2023 13:03,To pocket EUR Holidays from EUR,-0.11,0,EUR,COMPLETED,43.98
Transfer,Current,05/11/2023 13:55,05/11/2023 13:55,To pocket EUR Holidays from EUR,-1,0,EUR,COMPLETED,42.98
Transfer,Current,05/11/2023 13:56,05/11/2023 13:56,To pocket EUR Holidays from EUR,-1,0,EUR,COMPLETED,41.98
Transfer,Current,05/11/2023 15:14,05/11/2023 15:14,To pocket EUR Holidays from EUR,-1,0,EUR,COMPLETED,40.98
Card Payment,Current,05/11/2023 13:03,06/11/2023 10:12,Lidl,-0.89,0,EUR,COMPLETED,40.09
Card Payment,Current,05/11/2023 15:14,06/11/2023 18:44,Airwallet Laundry,-3,0,EUR,COMPLETED,37.09
Card Payment,Current,05/11/2023 13:55,06/11/2023 18:46,Airwallet Laundry,-5,0,EUR,COMPLETED,32.09
Card Payment,Current,05/11/2023 13:56,06/11/2023 18:46,Airwallet Laundry,-3,0,EUR,COMPLETED,29.09
Card Payment,Current,05/11/2023 12:31,06/11/2023 18:54,Airwallet Laundry,-5,0,EUR,COMPLETED,24.09
Transfer,Current,06/11/2023 21:27,06/11/2023 21:27,To pocket EUR Holidays from EUR,-0.57,0,EUR,COMPLETED,23.52
Card Payment,Current,06/11/2023 21:27,07/11/2023 09:58,Lidl,-3.43,0,EUR,COMPLETED,20.09
Transfer,Current,07/11/2023 18:46,07/11/2023 18:46,To pocket EUR Holidays from EUR,-0.41,0,EUR,COMPLETED,19.68
Transfer,Current,08/11/2023 08:47,08/11/2023 08:47,To pocket EUR Holidays from EUR,-0.21,0,EUR,COMPLETED,19.47
Card Payment,Current,07/11/2023 18:46,08/11/2023 12:46,Lidl,-0.59,0,EUR,COMPLETED,18.88
Transfer,Current,08/11/2023 21:27,08/11/2023 21:27,To pocket EUR Holidays from EUR,-0.21,0,EUR,COMPLETED,18.67
Transfer,Current,08/11/2023 21:28,08/11/2023 21:28,To pocket EUR Holidays from EUR,-0.11,0,EUR,COMPLETED,18.56
Card Payment,Current,08/11/2023 08:47,09/11/2023 11:17,SuperValu,-1.79,0,EUR,COMPLETED,16.77
Transfer,Current,09/11/2023 13:55,09/11/2023 13:55,To pocket EUR Holidays from EUR,-0.2,0,EUR,COMPLETED,16.57
Card Payment,Current,08/11/2023 21:28,09/11/2023 15:54,Lidl,-0.89,0,EUR,COMPLETED,15.68
Card Payment,Current,08/11/2023 21:27,09/11/2023 15:54,Lidl,-1.79,0,EUR,COMPLETED,13.89
Card Payment,Current,09/11/2023 13:55,10/11/2023 13:03,University,-4.8,0,EUR,COMPLETED,9.09
Transfer,Current,10/11/2023 15:19,10/11/2023 15:19,To pocket EUR Holidays from EUR,-0.9,0,EUR,COMPLETED,8.19
Transfer,Current,10/11/2023 15:20,10/11/2023 15:20,Pocket Withdrawal,50,0,EUR,COMPLETED,58.19
Card Payment,Current,10/11/2023 15:19,11/11/2023 12:15,North South,-8.1,0,EUR,COMPLETED,50.09
Transfer,Current,11/11/2023 15:19,11/11/2023 15:19,To pocket EUR Holidays from EUR,-0.34,0,EUR,COMPLETED,49.75
Card Payment,Current,11/11/2023 15:19,12/11/2023 18:26,Lidl,-15.66,0,EUR,COMPLETED,34.09
Transfer,Current,13/11/2023 17:10,13/11/2023 17:10,To pocket EUR Holidays from EUR,-0.87,0,EUR,COMPLETED,33.22
Transfer,Current,14/11/2023 12:42,14/11/2023 12:42,To pocket EUR Holidays from EUR,-0.25,0,EUR,COMPLETED,32.97
Card Payment,Current,13/11/2023 17:10,14/11/2023 13:40,Mercury Food Distributo,-3.13,0,EUR,COMPLETED,29.84
Card Payment,Current,14/11/2023 12:42,15/11/2023 10:59,University,-5.75,0,EUR,COMPLETED,24.09
Transfer,Current,15/11/2023 21:23,15/11/2023 21:23,To pocket EUR Holidays from EUR,-0.11,0,EUR,COMPLETED,23.98
Transfer,Current,16/11/2023 11:03,16/11/2023 11:03,Transfer to LOK SIU,-14,0,EUR,COMPLETED,9.98
Card Payment,Current,15/11/2023 21:23,16/11/2023 16:22,Lidl,-1.89,0,EUR,COMPLETED,8.09
Transfer,Current,17/11/2023 18:28,17/11/2023 18:28,To pocket EUR Holidays from EUR,-0.95,0,EUR,COMPLETED,7.14
Card Payment,Current,17/11/2023 18:28,18/11/2023 15:32,SuperValu,-4.05,0,EUR,COMPLETED,3.09
Transfer,Current,18/11/2023 18:18,18/11/2023 18:18,To pocket EUR Holidays from EUR,-0.01,0,EUR,COMPLETED,3.08
Card Payment,Current,18/11/2023 18:18,19/11/2023 12:17,Lidl,-0.99,0,EUR,COMPLETED,2.09
Transfer,Current,19/11/2023 14:31,19/11/2023 14:31,Pocket Withdrawal,100,0,EUR,COMPLETED,102.09
Transfer,Current,19/11/2023 14:34,19/11/2023 14:34,To pocket EUR Holidays from EUR,-0.85,0,EUR,COMPLETED,101.24
Transfer,Current,20/11/2023 16:15,20/11/2023 16:15,To pocket EUR Holidays from EUR,-0.01,0,EUR,COMPLETED,101.23
Transfer,Current,20/11/2023 16:15,20/11/2023 16:15,To pocket EUR Holidays from EUR,-0.47,0,EUR,COMPLETED,100.76
Card Payment,Current,19/11/2023 14:34,20/11/2023 16:32,Dunnes Stores,-82.15,0,EUR,COMPLETED,18.61
Transfer,Current,21/11/2023 16:40,21/11/2023 16:40,To pocket EUR Holidays from EUR,-0.5,0,EUR,COMPLETED,18.11
Card Payment,Current,20/11/2023 16:15,21/11/2023 16:53,Lidl,-3.99,0,EUR,COMPLETED,14.12
Card Payment,Current,20/11/2023 16:15,21/11/2023 16:53,Lidl,-2.53,0,EUR,COMPLETED,11.59
Transfer,Current,22/11/2023 08:50,22/11/2023 08:50,To pocket EUR Holidays from EUR,-0.2,0,EUR,COMPLETED,11.39
Card Payment,Current,21/11/2023 16:40,22/11/2023 15:20,Dinano's Pizza & Kebab,-5.5,0,EUR,COMPLETED,5.89
Card Payment,Current,22/11/2023 08:50,23/11/2023 11:10,University,-4.8,0,EUR,COMPLETED,1.09
Transfer,Current,14/12/2023 12:28,14/12/2023 12:28,Pocket Withdrawal,18.33,0,EUR,COMPLETED,19.42
Transfer,Current,14/12/2023 12:55,14/12/2023 12:55,To pocket EUR Holidays from EUR,-0.6,0,EUR,COMPLETED,18.82
Card Payment,Current,14/12/2023 12:55,15/12/2023 12:49,Wild CafÃ©,-18.4,0,EUR,COMPLETED,0.42
Topup,Current,21/03/2024 13:39,21/03/2024 13:39,Apple Pay top-up by *4786,10,0,EUR,COMPLETED,10.42
Transfer,Current,21/03/2024 13:48,21/03/2024 13:48,Pocket Withdrawal,0.6,0,EUR,COMPLETED,11.02
Topup,Current,22/03/2024 12:12,22/03/2024 12:12,Apple Pay top-up by *4786,550.63,0,EUR,COMPLETED,561.65
Transfer,Current,22/03/2024 12:13,22/03/2024 12:13,Savings Vault topup,-500,0,EUR,COMPLETED,61.65
Transfer,Current,22/03/2024 18:27,22/03/2024 18:27,Transfer to MALDRIT X,-16,0,EUR,COMPLETED,45.65
Transfer,Current,23/03/2024 09:07,23/03/2024 09:07,From Flexible account,311.2,0,EUR,COMPLETED,356.85
Transfer,Current,23/03/2024 09:10,23/03/2024 09:10,Savings Vault topup,-0.8,0,EUR,COMPLETED,356.05
Transfer,Current,23/03/2024 16:33,23/03/2024 16:33,From Flexible account,189.6,0,EUR,COMPLETED,545.65
Transfer,Current,23/03/2024 17:10,23/03/2024 17:10,Savings Vault topup,-1,0,EUR,COMPLETED,544.65
Transfer,Current,23/03/2024 19:29,23/03/2024 19:29,Savings Vault topup,-0.05,0,EUR,COMPLETED,544.6
Transfer,Current,23/03/2024 19:57,23/03/2024 19:57,Savings Vault topup,-0.2,0,EUR,COMPLETED,544.4
Transfer,Current,23/03/2024 20:17,23/03/2024 20:17,Savings Vault topup,-0.05,0,EUR,COMPLETED,544.35
Card Payment,Current,23/03/2024 19:29,24/03/2024 08:38,Takara,-35.95,0,EUR,COMPLETED,508.4
Card Payment,Current,23/03/2024 19:57,24/03/2024 08:39,Takara,-6.8,0,EUR,COMPLETED,501.6
Transfer,Current,24/03/2024 10:28,24/03/2024 10:28,Savings Vault topup,-0.65,0,EUR,COMPLETED,500.95
Card Payment,Current,23/03/2024 09:10,24/03/2024 10:45,Maldron Hotel,-311.2,0,EUR,COMPLETED,189.75
Transfer,Current,24/03/2024 12:25,24/03/2024 12:25,Savings Vault topup,-0.89,0,EUR,COMPLETED,188.86
Transfer,Current,24/03/2024 13:24,24/03/2024 13:24,Savings Vault topup,-0.01,0,EUR,COMPLETED,188.85
Topup,Current,24/03/2024 23:47,24/03/2024 23:47,Apple Pay top-up by *4786,100,0,EUR,COMPLETED,288.85
Transfer,Current,24/03/2024 23:47,24/03/2024 23:47,Savings Vault topup,-0.6,0,EUR,COMPLETED,288.25
Card Payment,Current,23/03/2024 20:17,25/03/2024 08:21,Hickeyâ€™s Pharmacy,-8.95,0,EUR,COMPLETED,279.3
Card Payment,Current,23/03/2024 17:10,25/03/2024 08:51,Butlers Chocolates,-3,0,EUR,COMPLETED,276.3
Card Payment,Current,24/03/2024 12:25,25/03/2024 10:39,H&M,-127.11,0,EUR,COMPLETED,149.19
Transfer,Current,25/03/2024 11:37,25/03/2024 11:37,Savings Vault topup,-0.3,0,EUR,COMPLETED,148.89
Card Payment,Current,25/03/2024 11:37,26/03/2024 08:41,Bread 41,-8.7,0,EUR,COMPLETED,140.19
Card Payment,Current,24/03/2024 23:47,26/03/2024 10:47,Maldron Hotel,-30.4,0,EUR,COMPLETED,109.79
Card Payment,Current,24/03/2024 13:24,26/03/2024 15:51,Foot Locker,-34.99,0,EUR,COMPLETED,74.8
Card Payment,Current,24/03/2024 10:28,26/03/2024 15:59,Esquires,-14.35,0,EUR,COMPLETED,60.45
Transfer,Current,26/03/2024 18:35,26/03/2024 18:35,Savings Vault topup,-0.86,0,EUR,COMPLETED,59.59
Card Payment,Current,26/03/2024 18:35,27/03/2024 09:01,Lidl,-10.14,0,EUR,COMPLETED,49.45
Transfer,Current,27/03/2024 13:07,27/03/2024 13:07,Savings Vault topup,-1,0,EUR,COMPLETED,48.45
Transfer,Current,27/03/2024 13:10,27/03/2024 13:10,Savings Vault topup,-0.5,0,EUR,COMPLETED,47.95
Transfer,Current,27/03/2024 18:27,27/03/2024 18:27,Savings Vault topup,-0.03,0,EUR,COMPLETED,47.92
Transfer,Current,28/03/2024 08:41,28/03/2024 08:41,Savings Vault topup,-1,0,EUR,COMPLETED,46.92
Card Payment,Current,27/03/2024 13:10,28/03/2024 09:04,Kingdom Store,-3.5,0,EUR,COMPLETED,43.42
Card Payment,Current,27/03/2024 13:07,28/03/2024 09:04,Kingdom Store,-12,0,EUR,COMPLETED,31.42
Card Payment,Current,27/03/2024 18:27,28/03/2024 09:12,Lidl,-8.97,0,EUR,COMPLETED,22.45
Topup,Current,28/03/2024 09:24,28/03/2024 09:24,Apple Pay top-up by *4786,400,0,EUR,COMPLETED,422.45
Transfer,Current,28/03/2024 09:24,28/03/2024 09:24,To pocket EUR Monthly Allowance from EUR,-300,0,EUR,COMPLETED,122.45
Topup,Current,28/03/2024 18:23,28/03/2024 18:23,Apple Pay top-up by *4786,10,0,EUR,COMPLETED,132.45
Transfer,Current,28/03/2024 18:59,28/03/2024 18:59,Savings Vault topup,-0.51,0,EUR,COMPLETED,131.94
Topup,Current,28/03/2024 19:02,28/03/2024 19:02,Apple Pay top-up by *4786,74.45,0,EUR,COMPLETED,206.39
Transfer,Current,28/03/2024 19:24,28/03/2024 19:24,Savings Vault topup,-0.51,0,EUR,COMPLETED,205.88
Card Payment,Current,28/03/2024 08:41,29/03/2024 09:03,Transport for Ireland - TFI,-20,0,EUR,COMPLETED,185.88
Transfer,Current,29/03/2024 16:45,29/03/2024 16:45,Savings Vault topup,-0.21,0,EUR,COMPLETED,185.67
Topup,Current,29/03/2024 16:47,29/03/2024 16:47,Apple Pay top-up by *4786,85,0,EUR,COMPLETED,270.67
Card Payment,Current,29/03/2024 16:45,30/03/2024 01:44,Crema,-73.79,0,EUR,COMPLETED,196.88
Card Payment,Current,28/03/2024 18:59,30/03/2024 16:27,Nike,-84.49,0,EUR,COMPLETED,112.39
Card Payment,Current,28/03/2024 19:24,31/03/2024 10:58,Nike,-11.49,0,EUR,COMPLETED,100.9
Transfer,Current,31/03/2024 18:46,31/03/2024 18:46,Savings Vault topup,-0.05,0,EUR,COMPLETED,100.85
Card Payment,Current,31/03/2024 18:46,01/04/2024 10:40,Lana Asian Street Food,-12.95,0,EUR,COMPLETED,87.9
Transfer,Current,02/04/2024 12:28,02/04/2024 12:28,Savings Vault topup,-0.65,0,EUR,COMPLETED,87.25
Card Payment,Current,02/04/2024 12:28,03/04/2024 09:57,Dunnes Stores,-74.35,0,EUR,COMPLETED,12.9
Transfer,Current,05/04/2024 18:46,05/04/2024 18:46,Savings Vault topup,-0.15,0,EUR,COMPLETED,12.75
Card Payment,Current,05/04/2024 18:46,06/04/2024 09:52,Lidl,-7.85,0,EUR,COMPLETED,4.9
Transfer,Current,06/04/2024 11:10,06/04/2024 11:10,Pocket Withdrawal,100,0,EUR,COMPLETED,104.9
Transfer,Current,06/04/2024 11:12,06/04/2024 11:12,Savings Vault topup,-1,0,EUR,COMPLETED,103.9
Transfer,Current,06/04/2024 11:24,06/04/2024 11:24,Savings Vault topup,-1,0,EUR,COMPLETED,102.9
Transfer,Current,06/04/2024 12:13,06/04/2024 12:13,Savings Vault topup,-0.05,0,EUR,COMPLETED,102.85
Card Payment,Current,06/04/2024 11:24,07/04/2024 09:07,Daily Grind,-24,0,EUR,COMPLETED,78.85
Card Payment,Current,06/04/2024 11:12,07/04/2024 10:04,SuperValu,-5,0,EUR,COMPLETED,73.85
Card Payment,Current,06/04/2024 12:13,07/04/2024 10:45,Food Plus,-14.95,0,EUR,COMPLETED,58.9
Transfer,Current,07/04/2024 11:57,07/04/2024 11:57,Savings Vault topup,-0.67,0,EUR,COMPLETED,58.23
Transfer,Current,07/04/2024 14:57,07/04/2024 14:57,Savings Vault topup,-0.16,0,EUR,COMPLETED,58.07
Card Payment,Current,07/04/2024 11:57,08/04/2024 10:16,Dunnes Stores,-36.33,0,EUR,COMPLETED,21.74
Card Payment,Current,07/04/2024 14:57,08/04/2024 11:34,SuperValu,-6.84,0,EUR,COMPLETED,14.9
Transfer,Current,08/04/2024 12:39,08/04/2024 12:39,Pocket Withdrawal,50,0,EUR,COMPLETED,64.9
Transfer,Current,08/04/2024 12:39,08/04/2024 12:39,Savings Vault topup,-1,0,EUR,COMPLETED,63.9
Transfer,Current,08/04/2024 14:22,08/04/2024 14:22,Savings Vault topup,-0.44,0,EUR,COMPLETED,63.46
Transfer,Current,08/04/2024 16:12,08/04/2024 16:12,Savings Vault topup,-1,0,EUR,COMPLETED,62.46
Card Payment,Current,08/04/2024 14:22,09/04/2024 09:17,Lidl,-12.56,0,EUR,COMPLETED,49.9
Card Payment,Current,08/04/2024 12:39,09/04/2024 11:03,Airwallet Laundry,-20,0,EUR,COMPLETED,29.9
Card Payment,Current,08/04/2024 16:12,09/04/2024 11:40,Airwallet Laundry,-10,0,EUR,COMPLETED,19.9
Transfer,Current,10/04/2024 18:36,10/04/2024 18:36,Savings Vault topup,-0.54,0,EUR,COMPLETED,19.36
Card Payment,Current,10/04/2024 18:36,11/04/2024 09:23,Lidl,-12.46,0,EUR,COMPLETED,6.9
Transfer,Current,11/04/2024 18:34,11/04/2024 18:34,Savings Vault topup,-0.33,0,EUR,COMPLETED,6.57
Transfer,Current,11/04/2024 19:04,11/04/2024 19:04,Pocket Withdrawal,50,0,EUR,COMPLETED,56.57
Card Payment,Current,11/04/2024 18:34,12/04/2024 09:34,Lidl,-5.67,0,EUR,COMPLETED,50.9
Transfer,Current,12/04/2024 13:25,12/04/2024 13:25,Savings Vault topup,-0.7,0,EUR,COMPLETED,50.2
Card Payment,Current,12/04/2024 13:25,13/04/2024 11:17,University,-2.3,0,EUR,COMPLETED,47.9
Transfer,Current,13/04/2024 13:21,13/04/2024 13:21,Pocket Withdrawal,100,0,EUR,COMPLETED,147.9
Transfer,Current,13/04/2024 13:21,13/04/2024 13:21,Savings Vault topup,-0.65,0,EUR,COMPLETED,147.25
Transfer,Current,14/04/2024 12:12,14/04/2024 12:12,Savings Vault topup,-0.85,0,EUR,COMPLETED,146.4
Transfer,Current,14/04/2024 20:30,14/04/2024 20:30,Savings Vault topup,-0.35,0,EUR,COMPLETED,146.05
Card Payment,Current,14/04/2024 20:30,15/04/2024 09:38,Lidl,-11.65,0,EUR,COMPLETED,134.4
Card Payment,Current,14/04/2024 12:12,15/04/2024 10:34,Dunnes Stores,-62.15,0,EUR,COMPLETED,72.25
Card Payment,Current,13/04/2024 13:21,15/04/2024 10:46,Wild CafÃ©,-32.35,0,EUR,COMPLETED,39.9
Transfer,Current,15/04/2024 11:14,15/04/2024 11:14,Savings Vault topup,-0.6,0,EUR,COMPLETED,39.3
Transfer,Current,15/04/2024 11:15,15/04/2024 11:15,Savings Vault topup,-0.6,0,EUR,COMPLETED,38.7
Card Payment,Current,15/04/2024 11:14,16/04/2024 09:34,KTC Supplies,-1.4,0,EUR,COMPLETED,37.3
Card Payment,Current,15/04/2024 11:15,16/04/2024 09:34,KTC Supplies,-1.4,0,EUR,COMPLETED,35.9
Transfer,Current,16/04/2024 13:44,16/04/2024 13:44,Savings Vault topup,-1,0,EUR,COMPLETED,34.9
Transfer,Current,16/04/2024 21:24,16/04/2024 21:24,Savings Vault topup,-0.02,0,EUR,COMPLETED,34.88
Card Payment,Current,16/04/2024 21:24,17/04/2024 09:05,Lidl,-7.98,0,EUR,COMPLETED,26.9
Card Payment,Current,16/04/2024 13:44,17/04/2024 11:13,University,-3,0,EUR,COMPLETED,23.9
Transfer,Current,18/04/2024 08:51,18/04/2024 08:51,Savings Vault topup,-0.51,0,EUR,COMPLETED,23.39
Topup,Current,18/04/2024 18:38,18/04/2024 18:38,Apple Pay top-up by *6941,80,0,EUR,COMPLETED,103.39
Transfer,Current,18/04/2024 18:41,18/04/2024 18:41,Savings Vault topup,-0.93,0,EUR,COMPLETED,102.46
Card Payment,Current,18/04/2024 18:41,19/04/2024 09:23,Lidl,-13.07,0,EUR,COMPLETED,89.39
Card Payment,Current,18/04/2024 08:51,19/04/2024 09:54,FREE NOW,-14.8,0,EUR,COMPLETED,74.59
Transfer,Current,20/04/2024 10:50,20/04/2024 10:50,Savings Vault topup,-0.46,0,EUR,COMPLETED,74.13
Transfer,Current,20/04/2024 10:57,20/04/2024 10:57,Savings Vault topup,-0.6,0,EUR,COMPLETED,73.53
Transfer,Current,20/04/2024 16:04,20/04/2024 16:04,Savings Vault topup,-0.7,0,EUR,COMPLETED,72.83
Card Payment,Current,20/04/2024 10:50,22/04/2024 18:43,Lidl,-1.54,0,EUR,COMPLETED,71.29
Card Payment,Current,20/04/2024 10:57,22/04/2024 20:30,Maddens Bar,-12.4,0,EUR,COMPLETED,58.89
Card Payment,Current,20/04/2024 16:04,22/04/2024 22:12,McDonald's,-14.3,0,EUR,COMPLETED,44.59
Transfer,Current,23/04/2024 13:10,23/04/2024 13:10,Savings Vault topup,-0.05,0,EUR,COMPLETED,44.54
Card Payment,Current,23/04/2024 13:10,24/04/2024 11:09,University,-0.95,0,EUR,COMPLETED,43.59
Transfer,Current,24/04/2024 18:35,24/04/2024 18:35,Savings Vault topup,-0.08,0,EUR,COMPLETED,43.51
Transfer,Current,24/04/2024 18:44,24/04/2024 18:44,Savings Vault topup,-1,0,EUR,COMPLETED,42.51
Topup,Current,25/04/2024 08:56,25/04/2024 08:56,Apple Pay top-up by *4786,500,0,EUR,COMPLETED,542.51
Card Payment,Current,24/04/2024 18:35,25/04/2024 09:00,Lidl,-9.92,0,EUR,COMPLETED,532.59
Card Payment,Current,24/04/2024 18:44,25/04/2024 10:29,Yusuf Spice,-5,0,EUR,COMPLETED,527.59
Topup,Current,25/04/2024 13:21,25/04/2024 13:21,Apple Pay top-up by *4786,1050,0,EUR,COMPLETED,1577.59
Transfer,Current,25/04/2024 13:22,25/04/2024 13:22,Savings Vault topup,-0.9,0,EUR,COMPLETED,1576.69
Transfer,Current,25/04/2024 18:39,25/04/2024 18:39,Savings Vault topup,-0.01,0,EUR,COMPLETED,1576.68
Card Payment,Current,25/04/2024 18:39,26/04/2024 11:06,Yusuf Spice,-2.99,0,EUR,COMPLETED,1573.69
Card Payment,Current,25/04/2024 13:22,26/04/2024 11:09,Samsung,-1043.1,0,EUR,COMPLETED,530.59
Transfer,Current,26/04/2024 13:00,26/04/2024 13:00,Savings Vault topup,-1,0,EUR,COMPLETED,529.59
Transfer,Current,26/04/2024 13:56,26/04/2024 13:56,Savings Vault topup,-0.5,0,EUR,COMPLETED,529.09
Card Payment,Current,26/04/2024 13:00,27/04/2024 12:11,Penneys,-6,0,EUR,COMPLETED,523.09
Card Payment,Current,26/04/2024 13:56,27/04/2024 15:54,Kyoto,-36.5,0,EUR,COMPLETED,486.59
Transfer,Current,27/04/2024 17:44,27/04/2024 17:44,Savings Vault topup,-0.5,0,EUR,COMPLETED,486.09
Card Payment,Current,27/04/2024 17:44,28/04/2024 08:57,Tamarind,-5.5,0,EUR,COMPLETED,480.59
Transfer,Current,28/04/2024 13:13,28/04/2024 13:13,Savings Vault topup,-0.01,0,EUR,COMPLETED,480.58
Transfer,Current,28/04/2024 14:11,28/04/2024 14:11,Savings Vault topup,-0.5,0,EUR,COMPLETED,480.08
Transfer,Current,28/04/2024 14:49,28/04/2024 14:49,Savings Vault topup,-0.94,0,EUR,COMPLETED,479.14
Transfer,Current,28/04/2024 18:47,28/04/2024 18:47,Savings Vault topup,-0.37,0,EUR,COMPLETED,478.77
Card Payment,Current,28/04/2024 14:11,29/04/2024 10:17,Kyoto,-7.5,0,EUR,COMPLETED,471.27
Card Payment,Current,28/04/2024 18:47,29/04/2024 10:37,Lidl,-5.63,0,EUR,COMPLETED,465.64
Card Payment,Current,28/04/2024 13:13,29/04/2024 10:37,Lidl,-2.99,0,EUR,COMPLETED,462.65
Card Payment,Current,28/04/2024 14:49,29/04/2024 10:55,Dunnes Stores,-92.06,0,EUR,COMPLETED,370.59
Transfer,Current,30/04/2024 16:06,30/04/2024 16:06,Savings Vault topup,-0.25,0,EUR,COMPLETED,370.34
Card Payment,Current,30/04/2024 16:06,01/05/2024 04:54,PEPCO,-7.75,0,EUR,COMPLETED,362.59
Transfer,Current,01/05/2024 21:43,01/05/2024 21:43,Savings Vault topup,-1,0,EUR,COMPLETED,361.59
Transfer,Current,02/05/2024 18:31,02/05/2024 18:31,Savings Vault topup,-0.01,0,EUR,COMPLETED,361.58
Card Payment,Current,02/05/2024 18:31,03/05/2024 06:09,Lidl,-1.99,0,EUR,COMPLETED,359.59
Card Payment,Current,01/05/2024 21:43,03/05/2024 10:12,Dinano's Pizza & Kebab,-8,0,EUR,COMPLETED,351.59
Transfer,Current,03/05/2024 23:56,03/05/2024 23:56,Savings Vault topup,-0.6,0,EUR,COMPLETED,350.99
Transfer,Current,04/05/2024 00:39,04/05/2024 00:39,Savings Vault topup,-0.1,0,EUR,COMPLETED,350.89
Transfer,Current,04/05/2024 21:33,04/05/2024 21:33,Savings Vault topup,-0.49,0,EUR,COMPLETED,350.4
Card Payment,Current,04/05/2024 21:33,05/05/2024 05:46,Lidl,-15.51,0,EUR,COMPLETED,334.89
Transfer,Current,05/05/2024 12:06,05/05/2024 12:06,Savings Vault topup,-1,0,EUR,COMPLETED,333.89
Transfer,Current,05/05/2024 12:38,05/05/2024 12:38,Savings Vault topup,-0.94,0,EUR,COMPLETED,332.95
Transfer,Current,05/05/2024 13:12,05/05/2024 13:12,Savings Vault topup,-1,0,EUR,COMPLETED,331.95
Transfer,Current,05/05/2024 14:03,05/05/2024 14:03,Savings Vault topup,-1,0,EUR,COMPLETED,330.95
Card Payment,Current,04/05/2024 00:39,05/05/2024 17:22,Hennessys Bar,-5.9,0,EUR,COMPLETED,325.05
Card Payment,Current,03/05/2024 23:56,05/05/2024 17:22,Hennessys Bar,-5.4,0,EUR,COMPLETED,319.65
Card Payment,Current,05/05/2024 12:06,05/05/2024 18:54,Airwallet Laundry,-5,0,EUR,COMPLETED,314.65
Card Payment,Current,05/05/2024 13:12,06/05/2024 02:50,Airwallet Laundry,-3,0,EUR,COMPLETED,311.65
Card Payment,Current,05/05/2024 14:03,06/05/2024 02:50,Airwallet Laundry,-3,0,EUR,COMPLETED,308.65
Card Payment,Current,05/05/2024 12:38,06/05/2024 06:06,Dunnes Stores,-56.06,0,EUR,COMPLETED,252.59
Transfer,Current,06/05/2024 17:48,06/05/2024 17:48,Savings Vault topup,-1,0,EUR,COMPLETED,251.59
Transfer,Current,06/05/2024 18:12,06/05/2024 18:12,Savings Vault topup,-1,0,EUR,COMPLETED,250.59
Card Payment,Current,06/05/2024 17:48,07/05/2024 05:55,PEPCO,-3,0,EUR,COMPLETED,247.59
Card Payment,Current,06/05/2024 18:12,07/05/2024 06:00,Yusuf Spice,-15,0,EUR,COMPLETED,232.59
Transfer,Current,08/05/2024 08:45,08/05/2024 08:45,Savings Vault topup,-1,0,EUR,COMPLETED,231.59
Transfer,Current,08/05/2024 09:00,08/05/2024 09:00,Savings Vault topup,-1,0,EUR,COMPLETED,230.59
Transfer,Current,08/05/2024 19:07,08/05/2024 19:07,Savings Vault topup,-0.67,0,EUR,COMPLETED,229.92
Transfer,Current,08/05/2024 20:45,08/05/2024 20:45,Savings Vault topup,-0.3,0,EUR,COMPLETED,229.62
Card Payment,Current,08/05/2024 09:00,09/05/2024 04:52,KTC Supplies,-3,0,EUR,COMPLETED,226.62
Card Payment,Current,08/05/2024 19:07,09/05/2024 05:03,Lidl,-5.33,0,EUR,COMPLETED,221.29
Card Payment,Current,08/05/2024 08:45,09/05/2024 13:17,Transport for Ireland - TFI,-20,0,EUR,COMPLETED,201.29
Card Payment,Current,08/05/2024 20:45,09/05/2024 13:47,Kirbys Brogue Inn,-46.7,0,EUR,COMPLETED,154.59
Transfer,Current,09/05/2024 18:42,09/05/2024 18:42,Savings Vault topup,-0.58,0,EUR,COMPLETED,154.01
Card Payment,Current,09/05/2024 18:42,10/05/2024 06:06,Lidl,-15.42,0,EUR,COMPLETED,138.59
Transfer,Current,10/05/2024 12:54,10/05/2024 12:54,Savings Vault topup,-0.53,0,EUR,COMPLETED,138.06
Transfer,Current,10/05/2024 19:33,10/05/2024 19:33,Savings Vault topup,-0.87,0,EUR,COMPLETED,137.19
Card Payment,Current,10/05/2024 19:33,11/05/2024 06:00,Lidl,-10.13,0,EUR,COMPLETED,127.06
Card Payment,Current,10/05/2024 12:54,11/05/2024 06:00,Lidl,-6.47,0,EUR,COMPLETED,120.59
Transfer,Current,11/05/2024 12:56,11/05/2024 12:56,Savings Vault topup,-1,0,EUR,COMPLETED,119.59
Transfer,Current,11/05/2024 15:47,11/05/2024 15:47,Savings Vault topup,-1,0,EUR,COMPLETED,118.59
Transfer,Current,11/05/2024 19:38,11/05/2024 19:38,Savings Vault topup,-0.5,0,EUR,COMPLETED,118.09
Transfer,Current,12/05/2024 13:31,12/05/2024 13:31,Savings Vault topup,-0.95,0,EUR,COMPLETED,117.14
Card Payment,Current,11/05/2024 12:56,12/05/2024 13:40,Seasalt Cafe and Deli Cobh,-28,0,EUR,COMPLETED,89.14
Transfer,Current,12/05/2024 14:58,12/05/2024 14:58,Savings Vault topup,-0.58,0,EUR,COMPLETED,88.56
Card Payment,Current,12/05/2024 14:58,13/05/2024 06:08,Lidl,-3.42,0,EUR,COMPLETED,85.14
Card Payment,Current,11/05/2024 15:47,13/05/2024 13:52,PLUS,-10,0,EUR,COMPLETED,75.14
Card Payment,Current,11/05/2024 19:38,13/05/2024 13:52,PLUS,-5.5,0,EUR,COMPLETED,69.64
Card Payment,Current,12/05/2024 13:31,13/05/2024 14:25,Dunnes Stores,-20.05,0,EUR,COMPLETED,49.59
Transfer,Current,14/05/2024 21:50,14/05/2024 21:50,Savings Vault topup,-0.96,0,EUR,COMPLETED,48.63
Card Payment,Current,14/05/2024 21:50,15/05/2024 05:06,Lidl,-3.04,0,EUR,COMPLETED,45.59
Transfer,Current,16/05/2024 10:20,16/05/2024 10:20,Savings Vault topup,-0.79,0,EUR,COMPLETED,44.8
Transfer,Current,16/05/2024 13:52,16/05/2024 13:52,Savings Vault topup,-0.05,0,EUR,COMPLETED,44.75
Topup,Current,16/05/2024 19:18,16/05/2024 19:18,Google Pay top-up by *8806,50,0,EUR,COMPLETED,94.75
Transfer,Current,16/05/2024 20:42,16/05/2024 20:42,Savings Vault topup,-0.3,0,EUR,COMPLETED,94.45
Topup,Current,16/05/2024 22:36,16/05/2024 22:36,Google Pay top-up by *8806,90,0,EUR,COMPLETED,184.45
Transfer,Current,16/05/2024 22:39,16/05/2024 22:39,Savings Vault topup,-1,0,EUR,COMPLETED,183.45
Card Payment,Current,16/05/2024 13:52,17/05/2024 05:08,Bus Ã‰ireann,-19.95,0,EUR,COMPLETED,163.5
Card Payment,Current,16/05/2024 10:20,17/05/2024 05:09,Lidl,-4.21,0,EUR,COMPLETED,159.29
Transfer,Current,17/05/2024 11:07,17/05/2024 11:07,Savings Vault topup,-0.1,0,EUR,COMPLETED,159.19
Transfer,Current,17/05/2024 11:12,17/05/2024 11:12,Savings Vault topup,-1,0,EUR,COMPLETED,158.19
Card Payment,Current,16/05/2024 22:39,17/05/2024 12:52,Citi Bus,-90,0,EUR,COMPLETED,68.19
Card Payment,Current,16/05/2024 20:42,17/05/2024 12:58,The Ashe Hotel,-5.7,0,EUR,COMPLETED,62.49
Transfer,Current,17/05/2024 13:07,17/05/2024 13:07,Savings Vault topup,-0.2,0,EUR,COMPLETED,62.29
Transfer,Current,17/05/2024 13:38,17/05/2024 13:38,Savings Vault topup,-0.5,0,EUR,COMPLETED,61.79
Card Payment,Current,17/05/2024 11:12,18/05/2024 03:01,Maddens Bar,-10,0,EUR,COMPLETED,51.79
Card Payment,Current,17/05/2024 11:07,18/05/2024 03:01,Maddens Bar,-16.9,0,EUR,COMPLETED,34.89
Card Payment,Current,17/05/2024 13:38,18/05/2024 05:42,Lana Asian Street Food,-13.5,0,EUR,COMPLETED,21.39
Topup,Current,18/05/2024 09:56,18/05/2024 09:57,Google Pay top-up by *8806,100,0,EUR,COMPLETED,121.39
Transfer,Current,18/05/2024 10:00,18/05/2024 10:00,Savings Vault topup,-0.7,0,EUR,COMPLETED,120.69
Transfer,Current,18/05/2024 12:03,18/05/2024 12:03,Savings Vault topup,-0.8,0,EUR,COMPLETED,119.89
Transfer,Current,18/05/2024 12:04,18/05/2024 12:04,Savings Vault topup,-0.5,0,EUR,COMPLETED,119.39
Transfer,Current,18/05/2024 12:30,18/05/2024 12:30,Savings Vault topup,-0.3,0,EUR,COMPLETED,119.09
Card Payment,Current,17/05/2024 13:07,18/05/2024 12:54,Dunnes Stores,-20.8,0,EUR,COMPLETED,98.29
Card Payment,Current,18/05/2024 14:42,,FREE NOW,-21,0,EUR,REVERTED,
Transfer,Current,18/05/2024 14:42,18/05/2024 14:42,Savings Vault topup,-1,0,EUR,COMPLETED,97.29
Topup,Current,18/05/2024 14:49,18/05/2024 14:49,Google Pay top-up by *8806,100,0,EUR,COMPLETED,197.29
Card Payment,Current,18/05/2024 16:45,,FREE NOW,-19,0,EUR,REVERTED,
Transfer,Current,18/05/2024 16:45,18/05/2024 16:45,Savings Vault topup,-1,0,EUR,COMPLETED,196.29
Topup,Current,18/05/2024 18:34,18/05/2024 18:34,Google Pay top-up by *8806,120,0,EUR,COMPLETED,316.29
Card Payment,Current,18/05/2024 18:49,,FREE NOW,-20,0,EUR,REVERTED,
Transfer,Current,18/05/2024 18:49,18/05/2024 18:49,Savings Vault topup,-1,0,EUR,COMPLETED,315.29
Card Payment,Current,18/05/2024 20:42,,FREE NOW,-22,0,EUR,REVERTED,
Transfer,Current,18/05/2024 20:42,18/05/2024 20:42,Savings Vault topup,-1,0,EUR,COMPLETED,314.29
Card Payment,Current,18/05/2024 12:04,19/05/2024 04:35,Mug & Bean,-3.5,0,EUR,COMPLETED,310.79
Card Payment,Current,18/05/2024 12:03,19/05/2024 04:35,Mug & Bean,-3.2,0,EUR,COMPLETED,307.59
Card Payment,Current,18/05/2024 10:00,19/05/2024 04:48,Irish Rail,-60.3,0,EUR,COMPLETED,247.29
Card Payment,Current,18/05/2024 12:30,19/05/2024 04:48,Wei An,-6.7,0,EUR,COMPLETED,240.59
Transfer,Current,19/05/2024 22:16,19/05/2024 22:16,Savings Vault topup,-0.85,0,EUR,COMPLETED,239.74
Transfer,Current,19/05/2024 22:21,19/05/2024 22:21,From Flexible account,58.72,0,EUR,COMPLETED,298.46
Transfer,Current,20/05/2024 20:26,20/05/2024 20:26,Savings Vault topup,-0.18,0,EUR,COMPLETED,298.28
Transfer,Current,20/05/2024 20:28,20/05/2024 20:28,Savings Vault topup,-0.46,0,EUR,COMPLETED,297.82
Transfer,Current,20/05/2024 20:33,20/05/2024 20:33,Savings Vault topup,-0.19,0,EUR,COMPLETED,297.63
Transfer,Current,20/05/2024 20:40,20/05/2024 20:40,Savings Vault topup,-0.94,0,EUR,COMPLETED,296.69
Card Payment,Current,19/05/2024 22:16,21/05/2024 04:33,SBB CFF FFS,-64.15,0.64,EUR,COMPLETED,231.9
Card Payment,Current,20/05/2024 20:26,21/05/2024 04:33,SBB CFF FFS,-15.82,0,EUR,COMPLETED,216.08
Card Payment,Current,20/05/2024 20:28,21/05/2024 04:33,SBB CFF FFS,-39.54,0,EUR,COMPLETED,176.54
Card Payment,Current,20/05/2024 20:33,21/05/2024 04:33,SBB CFF FFS,-29.81,0,EUR,COMPLETED,146.73
Card Payment,Current,20/05/2024 20:40,21/05/2024 04:33,SBB CFF FFS,-77.06,0,EUR,COMPLETED,69.67
Transfer,Current,23/05/2024 05:17,23/05/2024 05:17,Savings Vault topup,-1,0,EUR,COMPLETED,68.67
Transfer,Current,23/05/2024 12:30,23/05/2024 12:30,Savings Vault topup,-0.71,0,EUR,COMPLETED,67.96
Card Payment,Current,23/05/2024 12:30,24/05/2024 04:35,SBB CFF FFS,-7.29,0,EUR,COMPLETED,60.67
Card Payment,Current,23/05/2024 05:17,24/05/2024 09:21,The Loop,-32,0,EUR,COMPLETED,28.67
Transfer,Current,26/05/2024 13:05,26/05/2024 13:05,Savings Vault topup,-1,0,EUR,COMPLETED,27.67
Card Payment,Current,26/05/2024 13:05,27/05/2024 13:24,The Alley Frankfurt,-5,0,EUR,COMPLETED,22.67
Topup,Current,31/05/2024 18:40,31/05/2024 18:40,Google Pay top-up by *8806,300,0,EUR,COMPLETED,322.67
Transfer,Current,31/05/2024 20:15,31/05/2024 20:15,Savings Vault topup,-0.1,0,EUR,COMPLETED,322.57
Transfer,Current,31/05/2024 20:41,31/05/2024 20:41,Savings Vault topup,-0.95,0,EUR,COMPLETED,321.62
Card Payment,Current,31/05/2024 20:15,01/06/2024 13:10,Corrib Oil,-7.9,0,EUR,COMPLETED,313.72
Transfer,Current,01/06/2024 13:36,01/06/2024 13:36,Savings Vault topup,-1,0,EUR,COMPLETED,312.72
Transfer,Current,01/06/2024 13:51,01/06/2024 13:51,Savings Vault topup,-1,0,EUR,COMPLETED,311.72
Transfer,Current,01/06/2024 15:34,01/06/2024 15:34,Savings Vault topup,-1,0,EUR,COMPLETED,310.72
Transfer,Current,01/06/2024 16:43,01/06/2024 16:43,Savings Vault topup,-1,0,EUR,COMPLETED,309.72
Card Payment,Current,31/05/2024 20:41,01/06/2024 16:50,ALDI,-10.05,0,EUR,COMPLETED,299.67
Transfer,Current,01/06/2024 18:28,01/06/2024 18:28,Savings Vault topup,-0.5,0,EUR,COMPLETED,299.17
Card Payment,Current,01/06/2024 15:34,02/06/2024 09:08,Wei An,-12,0,EUR,COMPLETED,287.17
Card Payment,Current,01/06/2024 13:36,02/06/2024 13:55,Lana Asian Street Food,-17,0,EUR,COMPLETED,270.17
Transfer,Current,02/06/2024 15:38,02/06/2024 15:38,Savings Vault topup,-0.14,0,EUR,COMPLETED,270.03
Card Payment,Current,01/06/2024 16:43,02/06/2024 18:31,Gleneagle Hotel,-7,0,EUR,COMPLETED,263.03
Card Payment,Current,01/06/2024 18:28,02/06/2024 18:32,Murphys Ice Cream,-7.5,0,EUR,COMPLETED,255.53
Card Payment,Current,02/06/2024 15:38,03/06/2024 06:05,Dunnes Stores,-71.86,0,EUR,COMPLETED,183.67
Transfer,Current,03/06/2024 14:05,03/06/2024 14:05,Savings Vault topup,-0.6,0,EUR,COMPLETED,183.07
Card Payment,Current,01/06/2024 13:51,03/06/2024 16:17,Transport for Ireland - TFI,-20,0,EUR,COMPLETED,163.07
Card Payment,Current,03/06/2024 14:05,04/06/2024 09:27,Lidl,-5.4,0,EUR,COMPLETED,157.67
Transfer,Current,07/06/2024 13:08,07/06/2024 13:08,Savings Vault topup,-1,0,EUR,COMPLETED,156.67
Card Payment,Current,07/06/2024 13:08,08/06/2024 02:55,Airwallet Laundry,-20,0,EUR,COMPLETED,136.67
Transfer,Current,08/06/2024 16:45,08/06/2024 16:45,Savings Vault topup,-0.56,0,EUR,COMPLETED,136.11
Transfer,Current,08/06/2024 18:17,08/06/2024 18:17,Savings Vault topup,-0.01,0,EUR,COMPLETED,136.1
Transfer,Current,08/06/2024 18:39,08/06/2024 18:39,Savings Vault topup,-0.15,0,EUR,COMPLETED,135.95
Transfer,Current,08/06/2024 18:45,08/06/2024 18:45,Savings Vault topup,-0.5,0,EUR,COMPLETED,135.45
Card Payment,Current,08/06/2024 16:45,09/06/2024 01:31,SHEIN,-19.44,0,EUR,COMPLETED,116.01
Topup,Current,09/06/2024 14:32,09/06/2024 14:32,Google Pay top-up by *8806,100,0,EUR,COMPLETED,216.01
Transfer,Current,09/06/2024 14:34,09/06/2024 14:34,Savings Vault topup,-0.12,0,EUR,COMPLETED,215.89
Card Payment,Current,08/06/2024 18:45,09/06/2024 15:42,Kyoto,-45.5,0,EUR,COMPLETED,170.39
Card Payment,Current,08/06/2024 18:17,09/06/2024 16:30,ALDI,-4.99,0,EUR,COMPLETED,165.4
Card Payment,Current,08/06/2024 18:39,09/06/2024 16:32,SuperValu,-9.85,0,EUR,COMPLETED,155.55
Card Payment,Current,09/06/2024 14:34,10/06/2024 07:17,Dunnes Stores,-74.88,0,EUR,COMPLETED,80.67
Transfer,Current,10/06/2024 18:22,10/06/2024 18:22,Savings Vault topup,-0.22,0,EUR,COMPLETED,80.45
Transfer,Current,10/06/2024 19:35,10/06/2024 19:35,Savings Vault topup,-0.72,0,EUR,COMPLETED,79.73
Transfer,Current,10/06/2024 19:41,10/06/2024 19:41,Savings Vault topup,-1,0,EUR,COMPLETED,78.73
Card Payment,Current,10/06/2024 19:41,11/06/2024 05:04,PEPCO,-3,0,EUR,COMPLETED,75.73
Card Payment,Current,10/06/2024 18:22,11/06/2024 05:05,Lidl,-7.78,0,EUR,COMPLETED,67.95
Card Payment,Current,10/06/2024 19:35,11/06/2024 16:08,SuperValu,-10.28,0,EUR,COMPLETED,57.67
Transfer,Current,14/06/2024 20:14,14/06/2024 20:14,Savings Vault topup,-0.7,0,EUR,COMPLETED,56.97
Transfer,Current,14/06/2024 20:28,14/06/2024 20:28,Savings Vault topup,-0.77,0,EUR,COMPLETED,56.2
Card Payment,Current,14/06/2024 20:14,15/06/2024 12:49,Corrib Oil,-19.3,0,EUR,COMPLETED,36.9
Card Payment,Current,14/06/2024 20:28,15/06/2024 17:09,ALDI,-8.23,0,EUR,COMPLETED,28.67
Topup,Current,15/06/2024 18:09,15/06/2024 18:09,Google Pay top-up by *8806,100,0,EUR,COMPLETED,128.67
Transfer,Current,15/06/2024 18:16,15/06/2024 18:16,Savings Vault topup,-0.32,0,EUR,COMPLETED,128.35
Card Payment,Current,15/06/2024 15:06,16/06/2024 05:06,Hugh Culloty Expert,-10,0,EUR,COMPLETED,118.35
Transfer,Current,16/06/2024 13:19,16/06/2024 13:19,Savings Vault topup,-0.2,0,EUR,COMPLETED,118.15
Card Payment,Current,15/06/2024 18:16,16/06/2024 15:52,ALDI,-6.68,0,EUR,COMPLETED,111.47
Transfer,Current,16/06/2024 17:26,16/06/2024 17:26,Savings Vault topup,-0.5,0,EUR,COMPLETED,110.97
Card Payment,Current,16/06/2024 17:26,17/06/2024 06:21,Dunnes Stores,-33.5,0,EUR,COMPLETED,77.47
Card Payment,Current,16/06/2024 13:19,17/06/2024 06:23,Salty Souls Ca,-3.8,0,EUR,COMPLETED,73.67
Transfer,Current,19/06/2024 18:02,19/06/2024 18:02,Savings Vault topup,-0.84,0,EUR,COMPLETED,72.83
Card Payment,Current,19/06/2024 18:02,20/06/2024 06:17,Lidl,-6.16,0,EUR,COMPLETED,66.67
Transfer,Current,20/06/2024 19:08,20/06/2024 19:08,Savings Vault topup,-0.07,0,EUR,COMPLETED,66.6
Card Payment,Current,20/06/2024 18:21,21/06/2024 05:57,Lidl,-7.93,0,EUR,COMPLETED,58.67
Transfer,Current,22/06/2024 15:03,22/06/2024 15:03,Savings Vault topup,-0.5,0,EUR,COMPLETED,58.17
Transfer,Current,22/06/2024 15:12,22/06/2024 15:12,Savings Vault topup,-1,0,EUR,COMPLETED,57.17
Transfer,Current,22/06/2024 15:32,22/06/2024 15:32,Savings Vault topup,-0.6,0,EUR,COMPLETED,56.57
Transfer,Current,22/06/2024 19:07,22/06/2024 19:07,Savings Vault topup,-0.5,0,EUR,COMPLETED,56.07
Card Payment,Current,22/06/2024 15:03,23/06/2024 05:37,Lana Asian Street Food,-13.5,0,EUR,COMPLETED,42.57
Card Payment,Current,22/06/2024 15:12,23/06/2024 05:54,Yusuf Spice,-7,0,EUR,COMPLETED,35.57
Card Payment,Current,22/06/2024 15:31,23/06/2024 05:54,Tesco,-6.4,0,EUR,COMPLETED,29.17
Topup,Current,23/06/2024 15:21,23/06/2024 15:21,Google Pay top-up by *8806,100,0,EUR,COMPLETED,129.17
Topup,Current,23/06/2024 15:23,23/06/2024 15:23,Google Pay top-up by *8806,2000,0,EUR,COMPLETED,2129.17
Transfer,Current,23/06/2024 15:24,23/06/2024 15:24,Savings Vault topup,-1000,0,EUR,COMPLETED,1129.17
Transfer,Current,23/06/2024 15:30,23/06/2024 15:30,To investment account,-1000,0,EUR,COMPLETED,129.17
Topup,Current,23/06/2024 15:32,23/06/2024 15:32,From investment account,1000,0,EUR,COMPLETED,1129.17
Exchange,Current,23/06/2024 15:32,23/06/2024 15:32,Exchanged to XAU,-300,0,EUR,COMPLETED,829.17
Transfer,Current,23/06/2024 15:34,23/06/2024 15:34,To investment account,-187.6,1.88,EUR,COMPLETED,639.69
Transfer,Current,23/06/2024 15:38,23/06/2024 15:38,To investment account,-100,0,EUR,COMPLETED,539.69
Transfer,Current,23/06/2024 15:38,23/06/2024 15:38,To investment account,-100,0,EUR,COMPLETED,439.69
Transfer,Current,23/06/2024 15:39,23/06/2024 15:39,To investment account,-100,0,EUR,COMPLETED,339.69
Transfer,Current,23/06/2024 15:41,23/06/2024 15:41,To Balanced Bundle portfolio,-200,0,EUR,COMPLETED,139.69
Card Payment,Current,22/06/2024 19:07,24/06/2024 13:03,Rose Garden Restaurant,-23.5,0,EUR,COMPLETED,116.19
Transfer,Current,24/06/2024 22:11,24/06/2024 22:11,Savings Vault topup,-1,0,EUR,COMPLETED,115.19
Transfer,Current,24/06/2024 22:49,24/06/2024 22:49,Savings Vault topup,-1,0,EUR,COMPLETED,114.19
Transfer,Current,25/06/2024 10:42,25/06/2024 10:42,Savings Vault topup,-1,0,EUR,COMPLETED,113.19
Card Payment,Current,24/06/2024 22:49,25/06/2024 13:38,Rose Garden Restaurant,-7,0,EUR,COMPLETED,106.19
Card Payment,Current,25/06/2024 10:42,26/06/2024 05:56,KTC Supplies,-3,0,EUR,COMPLETED,103.19
Card Payment,Current,24/06/2024 22:11,26/06/2024 13:24,McCaffrey's,-20,0,EUR,COMPLETED,83.19
Transfer,Current,26/06/2024 17:44,26/06/2024 17:44,Savings Vault topup,-0.7,0,EUR,COMPLETED,82.49
Transfer,Current,27/06/2024 12:59,27/06/2024 12:59,Savings Vault topup,-0.05,0,EUR,COMPLETED,82.44
Card Payment,Current,26/06/2024 17:44,27/06/2024 13:54,Corrib Oil,-11.3,0,EUR,COMPLETED,71.14
Transfer,Current,27/06/2024 17:46,27/06/2024 17:46,Savings Vault topup,-1,0,EUR,COMPLETED,70.14
Transfer,Current,27/06/2024 21:07,27/06/2024 21:07,Savings Vault topup,-1,0,EUR,COMPLETED,69.14
Transfer,Current,27/06/2024 22:02,27/06/2024 22:02,Savings Vault topup,-0.2,0,EUR,COMPLETED,68.94
Card Payment,Current,27/06/2024 17:46,28/06/2024 16:28,Penneys,-10,0,EUR,COMPLETED,58.94
Card Payment,Current,27/06/2024 21:07,28/06/2024 16:41,John M Reidy,-13,0,EUR,COMPLETED,45.94
Card Payment,Current,27/06/2024 22:02,28/06/2024 16:41,John M Reidy,-5.8,0,EUR,COMPLETED,40.14
Card Payment,Current,27/06/2024 12:59,28/06/2024 17:34,The Meadowlands Hotel,-18.95,0,EUR,COMPLETED,21.19
Topup,Current,28/06/2024 21:31,28/06/2024 21:31,Google Pay top-up by *8806,2000,0,EUR,COMPLETED,2021.19
Transfer,Current,28/06/2024 21:32,28/06/2024 21:32,To investment account,-374.38,0,EUR,COMPLETED,1646.81
Transfer,Current,28/06/2024 21:33,28/06/2024 21:33,To Balanced Bundle portfolio,-300,0,EUR,COMPLETED,1346.81
Transfer,Current,28/06/2024 21:34,28/06/2024 21:34,Savings Vault topup,-500,0,EUR,COMPLETED,846.81
Transfer,Current,28/06/2024 21:34,28/06/2024 21:34,Savings Vault topup,-200,0,EUR,COMPLETED,646.81
Transfer,Current,28/06/2024 21:34,28/06/2024 21:34,From Flexible Cash Funds,200,0,EUR,COMPLETED,846.81
Transfer,Current,28/06/2024 21:41,28/06/2024 21:41,Savings Vault topup,-0.86,0,EUR,COMPLETED,845.95
Transfer,Current,28/06/2024 22:29,28/06/2024 22:29,Savings Vault topup,-0.71,0,EUR,COMPLETED,845.24
Card Payment,Current,28/06/2024 22:29,29/06/2024 14:46,Google,-1.29,0,EUR,COMPLETED,843.95
Card Payment,Current,28/06/2024 21:41,29/06/2024 14:46,Google,-0.14,0,EUR,COMPLETED,843.81
Transfer,Current,29/06/2024 15:53,29/06/2024 15:53,Savings Vault topup,-0.62,0,EUR,COMPLETED,843.19
Transfer,Current,29/06/2024 17:26,29/06/2024 17:26,Savings Vault topup,-1,0,EUR,COMPLETED,842.19
Transfer,Current,29/06/2024 20:10,29/06/2024 20:10,Savings Vault topup,-0.55,0,EUR,COMPLETED,841.64
Transfer,Current,29/06/2024 20:42,29/06/2024 20:42,Savings Vault topup,-1,0,EUR,COMPLETED,840.64
Card Payment,Current,29/06/2024 17:26,30/06/2024 02:58,Airwallet Laundry,-50,0,EUR,COMPLETED,790.64
Transfer,Current,30/06/2024 13:51,30/06/2024 13:51,Savings Vault topup,-1,0,EUR,COMPLETED,789.64
Card Payment,Current,29/06/2024 15:53,30/06/2024 14:19,Dunnes Stores,-31.38,0,EUR,COMPLETED,758.26
Card Payment,Current,29/06/2024 20:10,30/06/2024 14:36,Smashd It,-15.45,0,EUR,COMPLETED,742.81
Transfer,Current,30/06/2024 14:51,30/06/2024 14:51,Savings Vault topup,-0.49,0,EUR,COMPLETED,742.32
Card Payment,Current,29/06/2024 20:42,01/07/2024 06:39,Sean Ogs Bar & B&B,-10,0,EUR,COMPLETED,732.32
Card Payment,Current,30/06/2024 13:51,01/07/2024 06:42,TK Maxx,-18,0,EUR,COMPLETED,714.32
Card Payment,Current,30/06/2024 14:51,01/07/2024 06:44,Lidl,-9.51,0,EUR,COMPLETED,704.81
Transfer,Current,01/07/2024 19:13,01/07/2024 19:13,Savings Vault topup,-0.05,0,EUR,COMPLETED,704.76
Card Payment,Current,01/07/2024 19:13,02/07/2024 06:01,Lana Asian Street Food,-9.95,0,EUR,COMPLETED,694.81
Transfer,Current,02/07/2024 12:52,02/07/2024 12:52,Savings Vault topup,-0.2,0,EUR,COMPLETED,694.61
Transfer,Current,02/07/2024 18:08,02/07/2024 18:08,Savings Vault topup,-0.93,0,EUR,COMPLETED,693.68
Transfer,Current,03/07/2024 12:58,03/07/2024 12:58,Savings Vault topup,-0.5,0,EUR,COMPLETED,693.18
Card Payment,Current,02/07/2024 12:52,03/07/2024 14:02,Corrib Oil,-9.8,0,EUR,COMPLETED,683.38
Card Payment,Current,02/07/2024 18:08,03/07/2024 16:39,ALDI,-5.07,0,EUR,COMPLETED,678.31
Card Payment,Current,03/07/2024 12:58,04/07/2024 13:40,Penneys,-1.5,0,EUR,COMPLETED,676.81
Transfer,Current,05/07/2024 02:13,05/07/2024 02:13,Savings Vault topup,-0.02,0,EUR,COMPLETED,676.79
Transfer,Current,06/07/2024 10:56,06/07/2024 10:56,Savings Vault topup,-0.9,0,EUR,COMPLETED,675.89
Transfer,Current,06/07/2024 12:31,06/07/2024 12:31,Savings Vault topup,-1,0,EUR,COMPLETED,674.89
Transfer,Current,06/07/2024 13:07,06/07/2024 13:07,Savings Vault topup,-0.85,0,EUR,COMPLETED,674.04
Card Payment,Current,05/07/2024 02:13,06/07/2024 21:05,eir,-43.98,0,EUR,COMPLETED,630.06
Card Payment,Current,06/07/2024 12:31,07/07/2024 14:34,Heatons,-20,0,EUR,COMPLETED,610.06
Transfer,Current,07/07/2024 15:06,07/07/2024 15:06,Savings Vault topup,-0.62,0,EUR,COMPLETED,609.44
Card Payment,Current,06/07/2024 13:07,07/07/2024 15:29,Dunnes Stores,-51.15,0,EUR,COMPLETED,558.29
Card Payment,Current,07/07/2024 15:06,08/07/2024 06:38,Lidl,-5.38,0,EUR,COMPLETED,552.91
Transfer,Current,08/07/2024 13:14,08/07/2024 13:14,Savings Vault topup,-0.96,0,EUR,COMPLETED,551.95
Card Payment,Current,06/07/2024 10:56,08/07/2024 15:23,NorthSouth,-28.1,0,EUR,COMPLETED,523.85
Card Payment,Current,08/07/2024 13:14,09/07/2024 06:15,Lidl,-3.04,0,EUR,COMPLETED,520.81
Transfer,Current,11/07/2024 08:26,11/07/2024 08:26,Savings Vault topup,-0.71,0,EUR,COMPLETED,520.1
Card Payment,Current,11/07/2024 08:26,11/07/2024 17:18,Google,-0.29,0,EUR,COMPLETED,519.81
Transfer,Current,12/07/2024 21:30,12/07/2024 21:30,Savings Vault topup,-0.51,0,EUR,COMPLETED,519.3
Card Payment,Current,12/07/2024 21:30,13/07/2024 06:06,Lidl,-15.49,0,EUR,COMPLETED,503.81
Transfer,Current,13/07/2024 18:15,13/07/2024 18:15,Savings Vault topup,-0.25,0,EUR,COMPLETED,503.56
Card Payment,Current,13/07/2024 18:15,14/07/2024 06:12,Lidl,-3.75,0,EUR,COMPLETED,499.81
Transfer,Current,16/07/2024 11:54,16/07/2024 11:54,Savings Vault topup,-0.85,0,EUR,COMPLETED,498.96
Transfer,Current,16/07/2024 13:30,16/07/2024 13:30,From Flexible Cash Funds,1421.75,0,EUR,COMPLETED,1920.71
Transfer,Current,16/07/2024 13:30,16/07/2024 13:30,Savings Vault topup,-0.25,0,EUR,COMPLETED,1920.46
Transfer,Current,16/07/2024 14:02,16/07/2024 14:02,Savings Vault topup,-1,0,EUR,COMPLETED,1919.46
Transfer,Current,16/07/2024 15:19,16/07/2024 15:19,Savings Vault topup,-0.65,0,EUR,COMPLETED,1918.81
Transfer,Current,16/07/2024 17:26,16/07/2024 17:26,Savings Vault topup,-0.5,0,EUR,COMPLETED,1918.31
Transfer,Current,16/07/2024 18:45,16/07/2024 18:45,Savings Vault topup,-0.6,0,EUR,COMPLETED,1917.71
Card Payment,Current,16/07/2024 13:30,17/07/2024 06:00,Main Street Multi Storey,-1421.75,0,EUR,COMPLETED,495.96
Card Payment,Current,16/07/2024 18:45,17/07/2024 06:33,The Fish Box,-46.4,0,EUR,COMPLETED,449.56
Card Payment,Current,16/07/2024 11:54,17/07/2024 06:36,Dunnes Stores,-27.15,0,EUR,COMPLETED,422.41
Card Payment,Current,16/07/2024 17:26,17/07/2024 14:48,Murphys Ice Cream,-7.5,0,EUR,COMPLETED,414.91
Card Payment,Current,16/07/2024 14:02,17/07/2024 14:54,Transport for Ireland - TFI,-20,0,EUR,COMPLETED,394.91
Card Payment,Current,16/07/2024 15:19,17/07/2024 14:57,Spar,-2.35,0,EUR,COMPLETED,392.56
Transfer,Current,20/07/2024 17:43,20/07/2024 17:43,Savings Vault topup,-0.2,0,EUR,COMPLETED,392.36
Card Payment,Current,20/07/2024 17:43,21/07/2024 06:07,Lidl,-10.8,0,EUR,COMPLETED,381.56
Transfer,Current,21/07/2024 13:28,21/07/2024 13:28,Savings Vault topup,-0.49,0,EUR,COMPLETED,381.07
Card Payment,Current,21/07/2024 13:28,22/07/2024 06:38,Dunnes Stores,-96.51,0,EUR,COMPLETED,284.56
Transfer,Current,22/07/2024 10:14,22/07/2024 10:14,To investment account,-92.01,0,EUR,COMPLETED,192.55
Transfer,Current,25/07/2024 18:01,25/07/2024 18:01,Savings Vault topup,-0.01,0,EUR,COMPLETED,192.54
Transfer,Current,25/07/2024 18:08,25/07/2024 18:08,Savings Vault topup,-1,0,EUR,COMPLETED,191.54
Transfer,Current,25/07/2024 18:44,25/07/2024 18:44,Savings Vault topup,-1,0,EUR,COMPLETED,190.54
Transfer,Current,25/07/2024 18:49,25/07/2024 18:49,Savings Vault topup,-1,0,EUR,COMPLETED,189.54
Topup,Current,26/07/2024 01:10,26/07/2024 01:10,Google Pay top-up by *8806,1000,0,EUR,COMPLETED,1189.54
Transfer,Current,26/07/2024 01:18,26/07/2024 01:18,Savings Vault topup,-0.96,0,EUR,COMPLETED,1188.58
Card Payment,Current,25/07/2024 18:08,26/07/2024 12:51,Omniplex,-24,0,EUR,COMPLETED,1164.58
Card Payment,Current,25/07/2024 18:44,26/07/2024 13:16,Kyoto,-25,0,EUR,COMPLETED,1139.58
Card Payment,Current,25/07/2024 18:49,26/07/2024 13:19,PEPCO,-7,0,EUR,COMPLETED,1132.58
Transfer,Current,26/07/2024 13:56,26/07/2024 13:56,Savings Vault topup,-0.5,0,EUR,COMPLETED,1132.08
Card Payment,Current,26/07/2024 01:18,26/07/2024 16:03,Watches2U,-188.04,0,EUR,COMPLETED,944.04
Card Payment,Current,25/07/2024 18:01,26/07/2024 16:05,SuperValu,-8.99,0,EUR,COMPLETED,935.05
Transfer,Current,26/07/2024 18:59,26/07/2024 18:59,Savings Vault topup,-0.15,0,EUR,COMPLETED,934.9
Transfer,Current,27/07/2024 01:55,27/07/2024 01:55,To investment account,-100,0,EUR,COMPLETED,834.9
Transfer,Current,27/07/2024 01:56,27/07/2024 01:56,Savings Vault topup,-200,0,EUR,COMPLETED,634.9
Card Payment,Current,26/07/2024 13:56,27/07/2024 05:42,Lana Asian Street Food,-28.5,0,EUR,COMPLETED,606.4
Card Payment,Current,26/07/2024 18:59,27/07/2024 06:00,Lidl,-18.85,0,EUR,COMPLETED,587.55
Transfer,Current,28/07/2024 09:02,28/07/2024 09:02,To Balanced Bundle portfolio,-200,0,EUR,COMPLETED,387.55
Transfer,Current,28/07/2024 14:58,28/07/2024 14:58,Savings Vault topup,-0.2,0,EUR,COMPLETED,387.35
Transfer,Current,28/07/2024 20:34,28/07/2024 20:34,Savings Vault topup,-0.4,0,EUR,COMPLETED,386.95
Card Payment,Current,28/07/2024 14:58,29/07/2024 05:56,Dunnes Stores,-69.8,0,EUR,COMPLETED,317.15
Card Payment,Current,28/07/2024 20:34,29/07/2024 05:56,Dunnes Stores,-1.6,0,EUR,COMPLETED,315.55
Transfer,Current,31/07/2024 14:56,31/07/2024 14:56,Savings Vault topup,-0.5,0,EUR,COMPLETED,315.05
Card Payment,Current,31/07/2024 14:56,01/08/2024 06:05,KTC Supplies,-1.5,0,EUR,COMPLETED,313.55
Transfer,Current,01/08/2024 15:31,01/08/2024 15:31,To investment account,-92.73,0,EUR,COMPLETED,220.82
Transfer,Current,01/08/2024 20:03,01/08/2024 20:03,Savings Vault topup,-1,0,EUR,COMPLETED,219.82
Card Payment,Current,01/08/2024 20:03,02/08/2024 14:41,Dunnes Stores,-6,0,EUR,COMPLETED,213.82
Transfer,Current,02/08/2024 18:26,02/08/2024 18:26,Savings Vault topup,-0.55,0,EUR,COMPLETED,213.27
Transfer,Current,03/08/2024 14:04,03/08/2024 14:04,Savings Vault topup,-0.2,0,EUR,COMPLETED,213.07
Card Payment,Current,02/08/2024 18:26,03/08/2024 18:51,SuperValu,-15.45,0,EUR,COMPLETED,197.62
Card Payment,Current,03/08/2024 14:04,04/08/2024 05:58,SHEIN,-23.8,0,EUR,COMPLETED,173.82
Transfer,Current,04/08/2024 19:15,04/08/2024 19:15,Savings Vault topup,-0.33,0,EUR,COMPLETED,173.49
Transfer,Current,04/08/2024 19:43,04/08/2024 19:43,Savings Vault topup,-0.42,0,EUR,COMPLETED,173.07
Card Payment,Current,04/08/2024 19:15,05/08/2024 06:05,Dunnes Stores,-36.67,0,EUR,COMPLETED,136.4
Card Payment,Current,04/08/2024 19:43,05/08/2024 06:05,Lidl,-1.58,0,EUR,COMPLETED,134.82
Transfer,Current,05/08/2024 13:12,05/08/2024 13:12,Savings Vault topup,-1,0,EUR,COMPLETED,133.82
Transfer,Current,05/08/2024 13:53,05/08/2024 13:53,Savings Vault topup,-0.2,0,EUR,COMPLETED,133.62
Transfer,Current,05/08/2024 17:07,05/08/2024 17:07,Savings Vault topup,-0.5,0,EUR,COMPLETED,133.12
Transfer,Current,05/08/2024 18:41,05/08/2024 18:41,Savings Vault topup,-0.6,0,EUR,COMPLETED,132.52
Topup,Current,05/08/2024 19:44,05/08/2024 19:44,Google Pay top-up by *8806,100,0,EUR,COMPLETED,232.52
Transfer,Current,05/08/2024 19:45,05/08/2024 19:45,Savings Vault topup,-1,0,EUR,COMPLETED,231.52
Card Payment,Current,05/08/2024 19:45,06/08/2024 05:50,Mizu Modern Japanese Cuisine,-55,0,EUR,COMPLETED,176.52
Card Payment,Current,05/08/2024 17:07,06/08/2024 06:07,Wei An,-7.5,0,EUR,COMPLETED,169.02
Card Payment,Current,05/08/2024 13:12,06/08/2024 10:20,Omniplex,-25,0,EUR,COMPLETED,144.02
Card Payment,Current,05/08/2024 18:41,06/08/2024 12:07,Penneys,-7.4,0,EUR,COMPLETED,136.62
Card Payment,Current,05/08/2024 13:53,06/08/2024 12:12,O'Briens Irish Sandwich Cafe,-24.8,0,EUR,COMPLETED,111.82
Transfer,Current,07/08/2024 08:42,07/08/2024 08:42,Savings Vault topup,-1,0,EUR,COMPLETED,110.82
Transfer,Current,07/08/2024 17:41,07/08/2024 17:41,Savings Vault topup,-0.99,0,EUR,COMPLETED,109.83
Card Payment,Current,07/08/2024 08:42,08/08/2024 05:44,KTC Supplies,-3,0,EUR,COMPLETED,106.83
Card Payment,Current,07/08/2024 17:41,08/08/2024 05:53,Lidl,-9.01,0,EUR,COMPLETED,97.82
Transfer,Current,09/08/2024 18:14,09/08/2024 18:14,Savings Vault topup,-0.82,0,EUR,COMPLETED,97
Transfer,Current,09/08/2024 19:00,09/08/2024 19:00,Savings Vault topup,-0.02,0,EUR,COMPLETED,96.98
Card Payment,Current,09/08/2024 19:00,10/08/2024 06:03,Irish Rail,-31.98,0,EUR,COMPLETED,65
Transfer,Current,10/08/2024 06:50,10/08/2024 06:50,Savings Vault topup,-1,0,EUR,COMPLETED,64
Transfer,Current,10/08/2024 06:54,10/08/2024 06:54,Savings Vault topup,-0.3,0,EUR,COMPLETED,63.7
Topup,Current,10/08/2024 06:56,10/08/2024 06:56,Google Pay top-up by *8806,725.52,0,EUR,COMPLETED,789.22
Transfer,Current,10/08/2024 11:22,10/08/2024 11:22,Savings Vault topup,-0.65,0,EUR,COMPLETED,788.57
Transfer,Current,10/08/2024 11:32,10/08/2024 11:32,Savings Vault topup,-0.5,0,EUR,COMPLETED,788.07
Transfer,Current,10/08/2024 11:56,10/08/2024 11:56,Savings Vault topup,-0.3,0,EUR,COMPLETED,787.77
Transfer,Current,10/08/2024 11:58,10/08/2024 11:58,Savings Vault topup,-0.3,0,EUR,COMPLETED,787.47
Card Payment,Current,09/08/2024 18:14,10/08/2024 14:20,AliExpress,-20.18,0,EUR,COMPLETED,767.29
Transfer,Current,10/08/2024 15:48,10/08/2024 15:48,Savings Vault topup,-0.01,0,EUR,COMPLETED,767.28
Transfer,Current,10/08/2024 16:43,10/08/2024 16:43,Savings Vault topup,-0.5,0,EUR,COMPLETED,766.78
Transfer,Current,10/08/2024 16:50,10/08/2024 16:50,Savings Vault topup,-0.2,0,EUR,COMPLETED,766.58
Card Payment,Current,10/08/2024 15:48,11/08/2024 03:22,Too Good To Go,-3.99,0,EUR,COMPLETED,762.59
Card Payment,Current,10/08/2024 11:22,11/08/2024 05:15,Asia Market,-2.35,0,EUR,COMPLETED,760.24
Card Payment,Current,10/08/2024 11:32,11/08/2024 05:16,Bear Market Coffee,-6.5,0,EUR,COMPLETED,753.74
Card Payment,Current,10/08/2024 16:43,11/08/2024 05:18,Offbeat Donut Co.,-8.5,0,EUR,COMPLETED,745.24
Card Payment,Current,10/08/2024 11:56,11/08/2024 15:03,Nanas Tea,-7.7,0,EUR,COMPLETED,737.54
Card Payment,Current,10/08/2024 11:58,11/08/2024 15:03,Nanas Tea,-6.7,0,EUR,COMPLETED,730.84
Card Payment,Current,10/08/2024 06:54,11/08/2024 16:30,Coca-Cola,-1.7,0,EUR,COMPLETED,729.14
Transfer,Current,11/08/2024 19:48,11/08/2024 19:48,Savings Vault topup,-0.85,0,EUR,COMPLETED,728.29
Card Payment,Current,11/08/2024 19:48,12/08/2024 06:11,Dunnes Stores,-25.15,0,EUR,COMPLETED,703.14
Card Payment,Current,10/08/2024 06:50,12/08/2024 12:41,Transport for Ireland - TFI,-20,0,EUR,COMPLETED,683.14
Card Payment,Current,10/08/2024 16:50,12/08/2024 12:43,Fresh The Good Food Market,-9.8,0,EUR,COMPLETED,673.34
Transfer,Current,12/08/2024 19:31,12/08/2024 19:31,Savings Vault topup,-1,0,EUR,COMPLETED,672.34
Transfer,Current,12/08/2024 19:35,12/08/2024 19:35,Savings Vault topup,-0.31,0,EUR,COMPLETED,672.03
Transfer,Current,12/08/2024 21:23,12/08/2024 21:23,Savings Vault topup,-0.83,0,EUR,COMPLETED,671.2
Card Payment,Current,12/08/2024 19:31,13/08/2024 06:04,PEPCO,-3,0,EUR,COMPLETED,668.2
Card Payment,Current,12/08/2024 21:23,13/08/2024 06:04,Lidl,-12.17,0,EUR,COMPLETED,656.03
Card Payment,Current,12/08/2024 19:35,13/08/2024 06:05,Tesco,-2.69,0,EUR,COMPLETED,653.34
Transfer,Current,13/08/2024 12:58,13/08/2024 12:58,Savings Vault topup,-0.1,0,EUR,COMPLETED,653.24
Transfer,Current,13/08/2024 13:37,13/08/2024 13:37,To EUR,0.03,0,EUR,COMPLETED,653.27
Transfer,Current,13/08/2024 17:43,13/08/2024 17:43,Savings Vault topup,-1,0,EUR,COMPLETED,652.27
Card Payment,Current,13/08/2024 17:43,14/08/2024 06:12,Lidl,-10,0,EUR,COMPLETED,642.27
Card Payment,Current,13/08/2024 12:58,14/08/2024 13:48,Corrib Oil,-9.9,0,EUR,COMPLETED,632.37
Transfer,Current,14/08/2024 17:57,14/08/2024 17:57,Savings Vault topup,-1,0,EUR,COMPLETED,631.37
Transfer,Current,14/08/2024 18:09,14/08/2024 18:09,Savings Vault topup,-0.5,0,EUR,COMPLETED,630.87
Card Payment,Current,14/08/2024 18:09,15/08/2024 06:52,PEPCO,-7.5,0,EUR,COMPLETED,623.37
Card Payment,Current,14/08/2024 17:57,15/08/2024 12:56,Dinano's Pizza & Kebab,-9,0,EUR,COMPLETED,614.37
Transfer,Current,16/08/2024 12:43,16/08/2024 12:43,Savings Vault topup,-0.99,0,EUR,COMPLETED,613.38
Card Payment,Current,16/08/2024 12:43,17/08/2024 06:02,Lidl,-6.01,0,EUR,COMPLETED,607.37
Transfer,Current,17/08/2024 13:51,17/08/2024 13:51,Savings Vault topup,-0.5,0,EUR,COMPLETED,606.87
Transfer,Current,17/08/2024 14:13,17/08/2024 14:13,Savings Vault topup,-1,0,EUR,COMPLETED,605.87
Transfer,Current,17/08/2024 19:08,17/08/2024 19:08,Savings Vault topup,-0.5,0,EUR,COMPLETED,605.37
Transfer,Current,17/08/2024 22:28,17/08/2024 22:28,Savings Vault topup,-0.5,0,EUR,COMPLETED,604.87
Transfer,Current,17/08/2024 22:42,17/08/2024 22:42,Savings Vault topup,-0.2,0,EUR,COMPLETED,604.67
Card Payment,Current,17/08/2024 13:51,18/08/2024 03:05,Sugar Mama BBQ,-9.5,0,EUR,COMPLETED,595.17
Card Payment,Current,17/08/2024 19:08,18/08/2024 06:02,Dinky Donuts,-6.5,0,EUR,COMPLETED,588.67
Card Payment,Current,17/08/2024 14:13,18/08/2024 06:07,Dinky Donuts,-13,0,EUR,COMPLETED,575.67
Transfer,Current,18/08/2024 12:30,18/08/2024 12:30,Savings Vault topup,-0.5,0,EUR,COMPLETED,575.17
Transfer,Current,18/08/2024 13:50,18/08/2024 13:50,Savings Vault topup,-1,0,EUR,COMPLETED,574.17
Transfer,Current,18/08/2024 20:38,18/08/2024 20:38,Savings Vault topup,-1,0,EUR,COMPLETED,573.17
Card Payment,Current,18/08/2024 13:50,19/08/2024 02:51,Brio Brunch,-22,0,EUR,COMPLETED,551.17
Card Payment,Current,17/08/2024 22:42,19/08/2024 06:12,Hennessys Bar,-12.8,0,EUR,COMPLETED,538.37
Card Payment,Current,17/08/2024 22:28,19/08/2024 12:43,Dinano's Pizza & Kebab,-3.5,0,EUR,COMPLETED,534.87
Card Payment,Current,18/08/2024 12:30,19/08/2024 12:44,The Greek,-11.5,0,EUR,COMPLETED,523.37
Card Payment,Current,18/08/2024 20:38,19/08/2024 12:45,The Ashe Hotel,-64,0,EUR,COMPLETED,459.37
Transfer,Current,19/08/2024 18:41,19/08/2024 18:41,Savings Vault topup,-0.5,0,EUR,COMPLETED,458.87
Transfer,Current,19/08/2024 19:07,19/08/2024 19:07,Savings Vault topup,-0.73,0,EUR,COMPLETED,458.14
Card Payment,Current,19/08/2024 19:07,20/08/2024 02:54,SHEIN,-19.27,0,EUR,COMPLETED,438.87
Card Payment,Current,19/08/2024 18:41,20/08/2024 06:12,Dinky Donuts,-6.5,0,EUR,COMPLETED,432.37
Transfer,Current,20/08/2024 21:41,20/08/2024 21:41,Savings Vault topup,-1,0,EUR,COMPLETED,431.37
Transfer,Current,20/08/2024 22:16,20/08/2024 22:16,Savings Vault topup,-0.5,0,EUR,COMPLETED,430.87
Card Payment,Current,20/08/2024 21:41,21/08/2024 06:15,J&A Catering,-7,0,EUR,COMPLETED,423.87
Transfer,Current,21/08/2024 13:54,21/08/2024 13:54,Savings Vault topup,-0.01,0,EUR,COMPLETED,423.86
Card Payment,Current,20/08/2024 22:16,22/08/2024 12:31,Dinano's Pizza & Kebab,-9.5,0,EUR,COMPLETED,414.36
Card Payment,Current,21/08/2024 13:54,22/08/2024 15:35,Mr Price,-3.99,0,EUR,COMPLETED,410.37
Transfer,Current,22/08/2024 20:37,22/08/2024 20:37,Savings Vault topup,-0.7,0,EUR,COMPLETED,409.67
Transfer,Current,23/08/2024 11:03,23/08/2024 11:03,Savings Vault topup,-0.8,0,EUR,COMPLETED,408.87
Transfer,Current,23/08/2024 14:50,23/08/2024 14:50,Savings Vault topup,-0.01,0,EUR,COMPLETED,408.86
Transfer,Current,23/08/2024 15:26,23/08/2024 15:26,Savings Vault topup,-0.02,0,EUR,COMPLETED,408.84
Transfer,Current,23/08/2024 15:39,23/08/2024 15:39,Savings Vault topup,-0.07,0,EUR,COMPLETED,408.77
Card Payment,Current,22/08/2024 20:37,23/08/2024 15:42,SuperValu,-6.3,0,EUR,COMPLETED,402.47
Transfer,Current,23/08/2024 16:23,23/08/2024 16:23,Savings Vault topup,-0.21,0,EUR,COMPLETED,402.26
Transfer,Current,23/08/2024 18:48,23/08/2024 18:48,Savings Vault topup,-0.2,0,EUR,COMPLETED,402.06
Transfer,Current,23/08/2024 20:42,23/08/2024 20:42,Savings Vault topup,-0.03,0,EUR,COMPLETED,402.03
Card Payment,Current,23/08/2024 20:42,24/08/2024 05:52,Lidl,-15.97,0,EUR,COMPLETED,386.06
Transfer,Current,24/08/2024 11:06,24/08/2024 11:06,Savings Vault topup,-0.1,0,EUR,COMPLETED,385.96
Card Payment,Current,23/08/2024 18:48,24/08/2024 13:53,Penneys,-4.8,0,EUR,COMPLETED,381.16
Card Payment,Current,23/08/2024 11:03,24/08/2024 14:02,NorthSouth,-27.2,0,EUR,COMPLETED,353.96
Transfer,Current,24/08/2024 14:23,24/08/2024 14:23,Savings Vault topup,-0.5,0,EUR,COMPLETED,353.46
Card Payment,Current,23/08/2024 16:23,24/08/2024 14:32,Card World,-1.79,0,EUR,COMPLETED,351.67
Card Payment,Current,23/08/2024 15:39,24/08/2024 14:36,Dunnes Stores,-10.93,0,EUR,COMPLETED,340.74
Transfer,Current,24/08/2024 14:38,24/08/2024 14:38,Savings Vault topup,-0.61,0,EUR,COMPLETED,340.13
Card Payment,Current,23/08/2024 15:26,24/08/2024 16:27,ALDI,-4.98,0,EUR,COMPLETED,335.15
Card Payment,Current,23/08/2024 14:50,24/08/2024 16:30,Eason,-3.99,0,EUR,COMPLETED,331.16
Card Payment,Current,24/08/2024 11:06,24/08/2024 16:31,Maddens Bar,-9.9,0,EUR,COMPLETED,321.26
Card Payment,Current,24/08/2024 14:38,25/08/2024 05:56,Tesco,-6.39,0,EUR,COMPLETED,314.87
Transfer,Current,25/08/2024 15:21,25/08/2024 15:21,Savings Vault topup,-0.31,0,EUR,COMPLETED,314.56
Card Payment,Current,24/08/2024 14:23,25/08/2024 16:29,CH Tralee,-21.5,0,EUR,COMPLETED,293.06
Card Payment,Current,25/08/2024 15:21,26/08/2024 16:19,ALDI,-5.69,0,EUR,COMPLETED,287.37
Transfer,Current,27/08/2024 12:19,27/08/2024 12:19,Savings Vault topup,-0.1,0,EUR,COMPLETED,287.27
Transfer,Current,27/08/2024 19:24,27/08/2024 19:24,Savings Vault topup,-0.28,0,EUR,COMPLETED,286.99
Transfer,Current,27/08/2024 20:56,27/08/2024 20:56,Savings Vault topup,-0.22,0,EUR,COMPLETED,286.77
Card Payment,Current,27/08/2024 19:24,28/08/2024 06:10,Lidl,-6.72,0,EUR,COMPLETED,280.05
Card Payment,Current,27/08/2024 12:19,28/08/2024 12:35,Corrib Oil,-8.9,0,EUR,COMPLETED,271.15
Card Payment,Current,27/08/2024 20:56,28/08/2024 13:02,Dunnes Stores,-31.78,0,EUR,COMPLETED,239.37
Card Refund,Current,28/08/2024 01:00,29/08/2024 12:52,AliExpress,12.06,0,EUR,COMPLETED,251.43
Exchange,Current,29/08/2024 15:52,29/08/2024 15:52,Exchanged to XAU,-100,0,EUR,COMPLETED,151.43
Transfer,Current,29/08/2024 18:26,29/08/2024 18:26,Savings Vault topup,-0.5,0,EUR,COMPLETED,150.93
Transfer,Current,29/08/2024 20:08,29/08/2024 20:08,Savings Vault topup,-0.5,0,EUR,COMPLETED,150.43
Transfer,Current,29/08/2024 20:58,29/08/2024 20:58,Savings Vault topup,-1,0,EUR,COMPLETED,149.43
Transfer,Current,29/08/2024 23:03,29/08/2024 23:03,Savings Vault topup,-0.2,0,EUR,COMPLETED,149.23
Transfer,Current,29/08/2024 23:06,29/08/2024 23:06,Transfer to ROISIN ANNE,-5,0,EUR,COMPLETED,144.23
Transfer,Current,30/08/2024 13:16,30/08/2024 13:16,Savings Vault topup,-0.05,0,EUR,COMPLETED,144.18
Transfer,Current,30/08/2024 13:24,30/08/2024 13:24,Savings Vault topup,-0.76,0,EUR,COMPLETED,143.42
Card Payment,Current,29/08/2024 20:08,30/08/2024 13:31,Benners Hotel,-18.5,0,EUR,COMPLETED,124.92
Card Payment,Current,29/08/2024 20:58,30/08/2024 13:31,Benners Hotel,-13,0,EUR,COMPLETED,111.92
Transfer,Current,30/08/2024 15:18,30/08/2024 15:18,Savings Vault topup,-0.58,0,EUR,COMPLETED,111.34
Transfer,Current,30/08/2024 19:10,30/08/2024 19:10,Savings Vault topup,-0.05,0,EUR,COMPLETED,111.29
Card Payment,Current,30/08/2024 13:24,31/08/2024 06:10,Lidl,-1.24,0,EUR,COMPLETED,110.05
Card Payment,Current,30/08/2024 15:18,31/08/2024 06:11,Mercury Food Distributo,-22.42,0,EUR,COMPLETED,87.63
Card Payment,Current,30/08/2024 19:10,31/08/2024 06:12,Smash'd,-13.95,0,EUR,COMPLETED,73.68
Topup,Current,31/08/2024 12:25,31/08/2024 12:25,Google Pay top-up by *8806,500,0,EUR,COMPLETED,573.68
Transfer,Current,31/08/2024 12:46,31/08/2024 12:46,Savings Vault topup,-0.8,0,EUR,COMPLETED,572.88
Card Payment,Current,30/08/2024 13:16,31/08/2024 18:32,Gallys Bar & Restaurant,-11.95,0,EUR,COMPLETED,560.93
Card Payment,Current,29/08/2024 18:26,31/08/2024 19:03,Baily's Corner,-5.5,0,EUR,COMPLETED,555.43
Card Payment,Current,29/08/2024 23:03,31/08/2024 19:03,Hennessys Bar,-5.8,0,EUR,COMPLETED,549.63
Card Payment,Current,31/08/2024 12:46,01/09/2024 05:59,My Boy Blue,-12.2,0,EUR,COMPLETED,537.43
Transfer,Current,01/09/2024 14:15,01/09/2024 14:15,Savings Vault topup,-0.05,0,EUR,COMPLETED,537.38
Transfer,Current,01/09/2024 19:51,01/09/2024 19:51,Savings Vault topup,-0.47,0,EUR,COMPLETED,536.91
Card Payment,Current,01/09/2024 14:15,02/09/2024 07:01,Kirbys Brogue Inn,-9.95,0,EUR,COMPLETED,526.96
Card Payment,Current,01/09/2024 19:51,02/09/2024 07:03,Lidl,-16.53,0,EUR,COMPLETED,510.43
Transfer,Current,02/09/2024 09:39,02/09/2024 09:39,Savings Vault topup,-0.6,0,EUR,COMPLETED,509.83
Transfer,Current,02/09/2024 09:48,02/09/2024 09:48,Savings Vault topup,-0.3,0,EUR,COMPLETED,509.53
Transfer,Current,02/09/2024 18:33,02/09/2024 18:33,Savings Vault topup,-0.48,0,EUR,COMPLETED,509.05
Transfer,Current,02/09/2024 19:27,02/09/2024 19:27,Savings Vault topup,-0.97,0,EUR,COMPLETED,508.08
Card Payment,Current,02/09/2024 18:33,03/09/2024 03:03,CafÃ© de Nata,-3.52,0,EUR,COMPLETED,504.56
Card Payment,Current,02/09/2024 19:27,03/09/2024 06:11,Heytea,-7.03,0,EUR,COMPLETED,497.53
Card Payment,Current,02/09/2024 09:39,03/09/2024 12:44,Butlers Chocolates,-4.4,0,EUR,COMPLETED,493.13
Transfer,Current,03/09/2024 15:39,03/09/2024 15:39,To investment account,-90.68,0,EUR,COMPLETED,402.45
Card Payment,Current,02/09/2024 09:48,03/09/2024 16:01,McDonald's,-5.7,0,EUR,COMPLETED,396.75
Transfer,Current,06/09/2024 14:49,06/09/2024 14:49,Savings Vault topup,-1,0,EUR,COMPLETED,395.75
Card Payment,Current,06/09/2024 14:49,07/09/2024 13:46,Kingdom Store,-18,0,EUR,COMPLETED,377.75
Transfer,Current,08/09/2024 17:45,08/09/2024 17:45,Savings Vault topup,-0.21,0,EUR,COMPLETED,377.54
Card Payment,Current,08/09/2024 17:45,09/09/2024 06:15,Lidl,-24.79,0,EUR,COMPLETED,352.75
Transfer,Current,09/09/2024 14:21,09/09/2024 14:21,Savings Vault topup,-0.02,0,EUR,COMPLETED,352.73
Transfer,Current,10/09/2024 08:31,10/09/2024 08:31,Savings Vault topup,-0.02,0,EUR,COMPLETED,352.71
Transfer,Current,10/09/2024 08:57,10/09/2024 08:57,Savings Vault topup,-0.3,0,EUR,COMPLETED,352.41
Card Payment,Current,09/09/2024 14:21,10/09/2024 15:44,SuperValu,-2.98,0,EUR,COMPLETED,349.43
Transfer,Current,10/09/2024 18:23,10/09/2024 18:23,Savings Vault topup,-0.09,0,EUR,COMPLETED,349.34
Card Payment,Current,10/09/2024 08:57,11/09/2024 05:48,University,-5.7,0,EUR,COMPLETED,343.64
Card Payment,Current,10/09/2024 18:23,11/09/2024 06:07,Lidl,-18.91,0,EUR,COMPLETED,324.73
Card Payment,Current,10/09/2024 08:31,11/09/2024 06:07,Lidl,-1.98,0,EUR,COMPLETED,322.75
Transfer,Current,13/09/2024 13:30,13/09/2024 13:30,Savings Vault topup,-0.24,0,EUR,COMPLETED,322.51
Transfer,Current,13/09/2024 13:35,13/09/2024 13:35,Savings Vault topup,-0.5,0,EUR,COMPLETED,322.01
Transfer,Current,13/09/2024 21:07,13/09/2024 21:07,Savings Vault topup,-0.22,0,EUR,COMPLETED,321.79
Card Payment,Current,13/09/2024 21:07,14/09/2024 06:07,Lidl,-5.78,0,EUR,COMPLETED,316.01
Card Payment,Current,13/09/2024 13:30,14/09/2024 06:07,Lidl,-4.76,0,EUR,COMPLETED,311.25
Card Payment,Current,13/09/2024 13:35,14/09/2024 06:13,Yusuf Spice,-12.5,0,EUR,COMPLETED,298.75
Transfer,Current,14/09/2024 11:34,14/09/2024 11:34,Savings Vault topup,-0.2,0,EUR,COMPLETED,298.55
Transfer,Current,14/09/2024 11:40,14/09/2024 11:40,Savings Vault topup,-0.05,0,EUR,COMPLETED,298.5
Transfer,Current,14/09/2024 13:01,14/09/2024 13:01,Savings Vault topup,-0.94,0,EUR,COMPLETED,297.56
Card Payment,Current,14/09/2024 11:34,15/09/2024 12:29,Penneys,-8.8,0,EUR,COMPLETED,288.76
Card Payment,Current,14/09/2024 13:01,15/09/2024 13:03,Dunnes Stores,-55.06,0,EUR,COMPLETED,233.7
Transfer,Current,16/09/2024 09:00,16/09/2024 09:00,Savings Vault topup,-1,0,EUR,COMPLETED,232.7
Card Payment,Current,14/09/2024 11:40,16/09/2024 12:28,NorthSouth,-12.95,0,EUR,COMPLETED,219.75
Transfer,Current,16/09/2024 18:31,16/09/2024 18:31,Savings Vault topup,-0.44,0,EUR,COMPLETED,219.31
Transfer,Current,16/09/2024 20:25,16/09/2024 20:25,Savings Vault topup,-1,0,EUR,COMPLETED,218.31
Card Payment,Current,16/09/2024 20:25,17/09/2024 05:43,The Aqua Dome,-6,0,EUR,COMPLETED,212.31
Card Payment,Current,16/09/2024 18:31,17/09/2024 06:05,Lidl,-8.56,0,EUR,COMPLETED,203.75
Card Payment,Current,16/09/2024 09:00,17/09/2024 13:20,Patchino's Coffee & Treats,-3,0,EUR,COMPLETED,200.75
Transfer,Current,17/09/2024 18:32,17/09/2024 18:32,Savings Vault topup,-1,0,EUR,COMPLETED,199.75
Card Payment,Current,17/09/2024 18:32,18/09/2024 14:35,Yusuf Spice,-10,0,EUR,COMPLETED,189.75
Transfer,Current,18/09/2024 14:53,18/09/2024 14:53,Savings Vault topup,-0.35,0,EUR,COMPLETED,189.4
Card Payment,Current,18/09/2024 14:53,19/09/2024 05:47,University,-1.65,0,EUR,COMPLETED,187.75
Transfer,Current,19/09/2024 11:06,19/09/2024 11:06,Transfer to PAN LI,-3,0,EUR,COMPLETED,184.75
Transfer,Current,19/09/2024 13:10,19/09/2024 13:10,Savings Vault topup,-0.3,0,EUR,COMPLETED,184.45
Transfer,Current,19/09/2024 18:43,19/09/2024 18:43,Savings Vault topup,-0.29,0,EUR,COMPLETED,184.16
Card Payment,Current,19/09/2024 13:10,20/09/2024 05:52,University,-4.7,0,EUR,COMPLETED,179.46
Card Payment,Current,19/09/2024 18:43,20/09/2024 06:12,Lidl,-7.71,0,EUR,COMPLETED,171.75
Transfer,Current,20/09/2024 09:54,20/09/2024 09:54,Savings Vault topup,-1,0,EUR,COMPLETED,170.75
Transfer,Current,20/09/2024 11:09,20/09/2024 11:09,Savings Vault topup,-0.8,0,EUR,COMPLETED,169.95
Topup,Current,20/09/2024 20:34,20/09/2024 20:34,Google Pay top-up by *8806,1000,0,EUR,COMPLETED,1169.95
Exchange,Current,20/09/2024 20:35,20/09/2024 20:35,Exchanged to XAU,-200,0,EUR,COMPLETED,969.95
Transfer,Current,20/09/2024 20:36,20/09/2024 20:36,Savings Vault topup,-800,0,EUR,COMPLETED,169.95
Transfer,Current,20/09/2024 20:41,20/09/2024 20:41,From Flexible Cash Funds,600,0,EUR,COMPLETED,769.95
Transfer,Current,20/09/2024 20:41,20/09/2024 20:41,To investment account,-500,0,EUR,COMPLETED,269.95
Card Payment,Current,20/09/2024 09:54,21/09/2024 14:30,Penneys,-37,0,EUR,COMPLETED,232.95
Card Payment,Current,20/09/2024 11:09,21/09/2024 14:39,NorthSouth,-32.2,0,EUR,COMPLETED,200.75
Transfer,Current,21/09/2024 16:56,21/09/2024 16:56,Savings Vault topup,-0.34,0,EUR,COMPLETED,200.41
Card Payment,Current,21/09/2024 16:55,22/09/2024 12:48,Dunnes Stores,-40.66,0,EUR,COMPLETED,159.75
Transfer,Current,22/09/2024 19:45,22/09/2024 19:45,Savings Vault topup,-0.8,0,EUR,COMPLETED,158.95
Card Payment,Current,22/09/2024 19:45,23/09/2024 13:06,Dunnes Stores,-16.2,0,EUR,COMPLETED,142.75
Transfer,Current,23/09/2024 19:51,23/09/2024 19:51,Savings Vault topup,-0.83,0,EUR,COMPLETED,141.92
Card Payment,Current,23/09/2024 19:51,24/09/2024 06:06,Lidl,-4.17,0,EUR,COMPLETED,137.75
Transfer,Current,25/09/2024 12:34,25/09/2024 12:34,Savings Vault topup,-0.5,0,EUR,COMPLETED,137.25
Card Payment,Current,25/09/2024 12:34,26/09/2024 13:57,Corrib Oil,-2.5,0,EUR,COMPLETED,134.75
Transfer,Current,26/09/2024 21:19,26/09/2024 21:19,Transfer from PAN LI,13.5,0,EUR,COMPLETED,148.25
Transfer,Current,28/09/2024 11:45,28/09/2024 11:45,Savings Vault topup,-0.09,0,EUR,COMPLETED,148.16
Card Payment,Current,28/09/2024 11:45,29/09/2024 12:46,Dunnes Stores,-78.91,0,EUR,COMPLETED,69.25
Transfer,Current,29/09/2024 15:41,29/09/2024 15:41,Savings Vault topup,-0.08,0,EUR,COMPLETED,69.17
Card Payment,Current,29/09/2024 15:41,30/09/2024 06:09,Lidl,-7.92,0,EUR,COMPLETED,61.25
Transfer,Current,30/09/2024 19:50,30/09/2024 19:50,Savings Vault topup,-0.98,0,EUR,COMPLETED,60.27
Card Payment,Current,30/09/2024 19:50,01/10/2024 06:02,Lidl,-4.02,0,EUR,COMPLETED,56.25
Transfer,Current,01/10/2024 08:41,01/10/2024 08:41,Savings Vault topup,-1,0,EUR,COMPLETED,55.25
Topup,Current,01/10/2024 20:33,01/10/2024 20:33,From investment account,500,0,EUR,COMPLETED,555.25
Transfer,Current,01/10/2024 20:36,01/10/2024 20:36,Savings Vault topup,-1,0,EUR,COMPLETED,554.25
Card Payment,Current,01/10/2024 08:41,02/10/2024 12:28,Transport for Ireland - TFI,-20,0,EUR,COMPLETED,534.25
Card Payment,Current,01/10/2024 20:36,02/10/2024 12:33,The Ashe Hotel,-15,0,EUR,COMPLETED,519.25
Transfer,Current,02/10/2024 17:07,02/10/2024 17:07,Savings Vault topup,-0.4,0,EUR,COMPLETED,518.85
Transfer,Current,03/10/2024 09:00,03/10/2024 09:00,Transfer to ALAN P,-10,0,EUR,COMPLETED,508.85
Transfer,Current,03/10/2024 09:13,03/10/2024 09:13,Transfer to ALAN P,-30,0,EUR,COMPLETED,478.85
Transfer,Current,03/10/2024 09:15,03/10/2024 09:15,Savings Vault topup,-0.25,0,EUR,COMPLETED,478.6
Card Payment,Current,02/10/2024 17:07,03/10/2024 12:47,Costa Coffee,-4.6,0,EUR,COMPLETED,474
Transfer,Current,03/10/2024 14:26,03/10/2024 14:26,Savings Vault topup,-1,0,EUR,COMPLETED,473
Transfer,Current,03/10/2024 15:07,03/10/2024 15:07,Savings Vault topup,-0.5,0,EUR,COMPLETED,472.5
Card Payment,Current,03/10/2024 15:07,04/10/2024 02:43,No Sin,-7.5,0,EUR,COMPLETED,465
Card Payment,Current,03/10/2024 14:26,04/10/2024 02:43,Poulet Vous,-20,0,EUR,COMPLETED,445
Card Payment,Current,03/10/2024 09:15,04/10/2024 12:44,Nolan's Garage,-2.75,0,EUR,COMPLETED,442.25
Transfer,Current,04/10/2024 16:22,04/10/2024 16:22,Savings Vault topup,-0.77,0,EUR,COMPLETED,441.48
Card Payment,Current,04/10/2024 16:22,05/10/2024 06:02,Lidl,-3.23,0,EUR,COMPLETED,438.25
Transfer,Current,06/10/2024 13:11,06/10/2024 13:11,Savings Vault topup,-0.38,0,EUR,COMPLETED,437.87
Transfer,Current,06/10/2024 13:33,06/10/2024 13:33,Savings Vault topup,-0.02,0,EUR,COMPLETED,437.85
Card Payment,Current,06/10/2024 13:33,07/10/2024 07:26,Lidl,-1.98,0,EUR,COMPLETED,435.87
Card Payment,Current,06/10/2024 13:11,07/10/2024 15:12,Dunnes Stores,-45.62,0,EUR,COMPLETED,390.25
Topup,Current,08/10/2024 04:57,08/10/2024 04:57,From Balanced Bundle portfolio,500,0,EUR,COMPLETED,890.25
Exchange,Current,08/10/2024 18:31,08/10/2024 18:31,Exchanged to USD,-685.92,0,EUR,COMPLETED,204.33
Transfer,Current,12/10/2024 15:44,12/10/2024 15:44,To investment account,-200,0,EUR,COMPLETED,4.33
Topup,Current,12/10/2024 15:44,12/10/2024 15:44,From investment account,100,0,EUR,COMPLETED,104.33
Transfer,Current,12/10/2024 15:44,12/10/2024 15:44,To investment account,-4.33,0,EUR,COMPLETED,100
Transfer,Current,12/10/2024 15:45,12/10/2024 15:45,From Flexible Cash Funds,389.58,0,EUR,COMPLETED,489.58
Transfer,Current,12/10/2024 15:46,12/10/2024 15:46,To investment account,-389.58,0,EUR,COMPLETED,100
Card Payment,Current,28/10/2024 12:58,,Ibm Ireland,-1,0,EUR,REVERTED,
Transfer,Current,28/10/2024 12:58,28/10/2024 12:58,Savings Vault topup,-1,0,EUR,COMPLETED,99
Card Payment,Current,28/10/2024 13:01,,Ibm Ireland,-1,0,EUR,REVERTED,
Transfer,Current,28/10/2024 13:01,28/10/2024 13:01,Savings Vault topup,-1,0,EUR,COMPLETED,98
Transfer,Current,31/10/2024 16:06,31/10/2024 16:06,From Flexible Cash Funds,200,0,EUR,COMPLETED,298
Topup,Current,01/11/2024 18:34,01/11/2024 18:34,From investment account,403,0,EUR,COMPLETED,701
Transfer,Current,01/11/2024 18:36,01/11/2024 18:36,Savings Vault topup,-700,0,EUR,COMPLETED,1
Transfer,Current,13/11/2024 14:48,13/11/2024 14:48,From Flexible Cash Funds,100,0,EUR,COMPLETED,101
Transfer,Current,13/11/2024 14:49,13/11/2024 14:49,Savings Vault topup,-101,0,EUR,COMPLETED,0
Transfer,Current,14/11/2024 13:45,14/11/2024 13:45,From Flexible Cash Funds,100,0,EUR,COMPLETED,100
Transfer,Current,14/11/2024 13:46,14/11/2024 13:46,Savings Vault topup,-0.04,0,EUR,COMPLETED,99.96
Card Payment,Current,14/11/2024 13:46,15/11/2024 05:58,Booking.com,-75.96,0,EUR,COMPLETED,24
Transfer,Current,17/11/2024 11:14,17/11/2024 11:14,Savings Vault topup,-1,0,EUR,COMPLETED,23
Transfer,Current,17/11/2024 12:01,17/11/2024 12:01,From Flexible Cash Funds,200,0,EUR,COMPLETED,223
Transfer,Current,17/11/2024 17:47,17/11/2024 17:47,Savings Vault topup,-0.55,0,EUR,COMPLETED,222.45
Card Payment,Current,17/11/2024 11:14,18/11/2024 12:34,Transport for Ireland - TFI,-20,0,EUR,COMPLETED,202.45
Card Payment,Current,17/11/2024 17:47,19/11/2024 14:00,Uber Eats,-11.45,0,EUR,COMPLETED,191
Transfer,Current,26/11/2024 20:59,26/11/2024 20:59,Savings Vault topup,-0.5,0,EUR,COMPLETED,190.5
Card Payment,Current,26/11/2024 20:59,27/11/2024 09:29,Benners Hotel,-52.5,0,EUR,COMPLETED,138
Transfer,Current,27/11/2024 13:03,27/11/2024 13:03,Savings Vault topup,-0.55,0,EUR,COMPLETED,137.45
Card Payment,Current,27/11/2024 13:03,28/11/2024 13:17,Kirbys Brogue Inn,-20.45,0,EUR,COMPLETED,117
Transfer,Current,01/12/2024 12:46,01/12/2024 12:46,Savings Vault topup,-0.43,0,EUR,COMPLETED,116.57
Card Payment,Current,01/12/2024 12:46,02/12/2024 09:58,Dunnes Stores,-41.57,0,EUR,COMPLETED,75
Transfer,Current,18/12/2024 13:16,18/12/2024 13:16,Savings Vault topup,-1,0,EUR,COMPLETED,74
Card Payment,Current,18/12/2024 13:16,19/12/2024 15:06,All Seasons Florist,-30,0,EUR,COMPLETED,44
Transfer,Current,19/12/2024 15:27,19/12/2024 15:27,From Flexible Cash Funds,400,0,EUR,COMPLETED,444
Transfer,Current,19/12/2024 16:56,19/12/2024 16:56,Savings Vault topup,-0.32,0,EUR,COMPLETED,443.68
Transfer,Current,19/12/2024 21:02,19/12/2024 21:02,Savings Vault topup,-0.01,0,EUR,COMPLETED,443.67
Transfer,Current,19/12/2024 15:37,20/12/2024 01:54,To Redcliff Investments Ltd,-300,0,EUR,COMPLETED,143.67
Card Payment,Current,19/12/2024 16:56,20/12/2024 10:49,Lidl,-11.68,0,EUR,COMPLETED,131.99
Transfer,Current,20/12/2024 14:40,20/12/2024 14:40,Savings Vault topup,-0.06,0,EUR,COMPLETED,131.93
Transfer,Current,20/12/2024 15:13,20/12/2024 15:13,Savings Vault topup,-0.3,0,EUR,COMPLETED,131.63
Exchange,Current,20/12/2024 22:31,20/12/2024 22:31,Exchanged to EUR,150,0,EUR,COMPLETED,281.63
Transfer,Current,20/12/2024 22:31,20/12/2024 22:31,Savings Vault topup,-1,0,EUR,COMPLETED,280.63
Transfer,Current,20/12/2024 22:42,20/12/2024 22:42,Savings Vault topup,-0.2,0,EUR,COMPLETED,280.43
Transfer,Current,20/12/2024 22:48,20/12/2024 22:48,Savings Vault topup,-0.02,0,EUR,COMPLETED,280.41
Transfer,Current,20/12/2024 22:52,20/12/2024 22:52,Savings Vault topup,-1,0,EUR,COMPLETED,279.41
Card Payment,Current,20/12/2024 22:52,21/12/2024 06:04,Airport Bus Express,-10,0,EUR,COMPLETED,269.41
Card Payment,Current,19/12/2024 21:02,21/12/2024 06:20,Microsoft,-29.99,0,EUR,COMPLETED,239.42
Card Payment,Current,20/12/2024 15:13,21/12/2024 06:21,Nanas Tea,-6.7,0,EUR,COMPLETED,232.72
Card Payment,Current,20/12/2024 22:42,21/12/2024 06:34,NS,-9.8,0,EUR,COMPLETED,222.92
Card Payment,Current,20/12/2024 22:31,21/12/2024 08:45,GVB,-9,0,EUR,COMPLETED,213.92
Card Payment,Current,20/12/2024 14:40,21/12/2024 09:01,Zone Street Food,-39.94,0,EUR,COMPLETED,173.98
Card Payment,Current,20/12/2024 22:48,21/12/2024 09:23,Irish Rail,-31.98,0,EUR,COMPLETED,142
Transfer,Current,24/12/2024 08:57,24/12/2024 08:57,Savings Vault topup,-0.5,0,EUR,COMPLETED,141.5
Transfer,Current,24/12/2024 09:39,24/12/2024 09:39,Savings Vault topup,-1,0,EUR,COMPLETED,140.5
Transfer,Current,24/12/2024 11:26,24/12/2024 11:26,Savings Vault topup,-0.05,0,EUR,COMPLETED,140.45
Transfer,Current,24/12/2024 11:57,24/12/2024 11:57,Savings Vault topup,-1,0,EUR,COMPLETED,139.45
Transfer,Current,24/12/2024 12:48,24/12/2024 12:48,Savings Vault topup,-1,0,EUR,COMPLETED,138.45
Transfer,Current,24/12/2024 13:48,24/12/2024 13:48,Savings Vault topup,-0.5,0,EUR,COMPLETED,137.95
Transfer,Current,24/12/2024 14:02,24/12/2024 14:02,Savings Vault topup,-1,0,EUR,COMPLETED,136.95
Transfer,Current,24/12/2024 15:01,24/12/2024 15:01,Savings Vault topup,-1,0,EUR,COMPLETED,135.95
Transfer,Current,24/12/2024 15:32,24/12/2024 15:32,Savings Vault topup,-0.35,0,EUR,COMPLETED,135.6
Transfer,Current,24/12/2024 16:45,24/12/2024 16:45,Savings Vault topup,-1,0,EUR,COMPLETED,134.6
Card Payment,Current,24/12/2024 09:39,24/12/2024 18:05,Salvo,-16,0,EUR,COMPLETED,118.6
Card Payment,Current,24/12/2024 12:48,25/12/2024 02:49,Poffertjes Albert Cuyp,-4,0,EUR,COMPLETED,114.6
Card Payment,Current,24/12/2024 15:32,25/12/2024 02:53,Fabel Friet,-6.65,0,EUR,COMPLETED,107.95
Card Payment,Current,24/12/2024 13:48,25/12/2024 03:13,Sentimento,-16.5,0,EUR,COMPLETED,91.45
Card Payment,Current,24/12/2024 11:57,25/12/2024 05:34,Maraval Group,-4,0,EUR,COMPLETED,87.45
Card Payment,Current,24/12/2024 15:01,25/12/2024 06:12,Grill'nSmoke,-7,0,EUR,COMPLETED,80.45
Card Payment,Current,24/12/2024 16:45,25/12/2024 06:17,Sdbv Inz. Bagagedepot,-6,0,EUR,COMPLETED,74.45
Card Payment,Current,24/12/2024 08:57,25/12/2024 09:40,Winkel 43,-8.5,0,EUR,COMPLETED,65.95
Card Payment,Current,24/12/2024 14:02,25/12/2024 09:41,Van Stapele Koekma,-6,0,EUR,COMPLETED,59.95
Card Payment,Current,24/12/2024 11:26,25/12/2024 09:41,de BallenBar,-8.95,0,EUR,COMPLETED,51
Transfer,Current,28/12/2024 14:34,28/12/2024 14:34,Savings Vault topup,-51,0,EUR,COMPLETED,0
Transfer,Current,31/01/2025 11:41,31/01/2025 11:41,From Flexible Cash Funds,1,0,EUR,COMPLETED,1
Card Payment,Current,31/01/2025 11:54,,Amazon Web Services,-1,0,EUR,REVERTED,
Transfer,Current,02/02/2025 03:09,02/02/2025 03:09,From Flexible Cash Funds,1,0,EUR,COMPLETED,2
Transfer,Current,13/02/2025 10:23,13/02/2025 10:23,To Instant Access Savings,-2,0,EUR,COMPLETED,0
Transfer,Current,13/02/2025 10:35,13/02/2025 10:35,From Instant Access Savings,1,0,EUR,COMPLETED,1
Reward,Current,13/02/2025 10:46,13/02/2025 10:46,Reward,20,0,EUR,COMPLETED,21
Transfer,Current,13/02/2025 14:28,13/02/2025 14:28,Savings Vault topup,-1,0,EUR,COMPLETED,20
Card Payment,Current,13/02/2025 14:28,14/02/2025 03:04,Maddens Bar,-4,0,EUR,COMPLETED,16
Transfer,Current,17/02/2025 14:33,17/02/2025 14:33,Savings Vault topup,-0.2,0,EUR,COMPLETED,15.8
Transfer,Current,17/02/2025 19:15,17/02/2025 19:15,Savings Vault topup,-0.82,0,EUR,COMPLETED,14.98
Transfer,Current,17/02/2025 19:28,17/02/2025 19:28,Savings Vault topup,-3,0,EUR,COMPLETED,11.98
Card Payment,Current,17/02/2025 19:15,18/02/2025 05:24,Lidl,-5.18,0,EUR,COMPLETED,6.8
Card Payment,Current,17/02/2025 14:33,18/02/2025 10:48,Tea Time,-6.8,0,EUR,COMPLETED,0
Transfer,Current,19/02/2025 00:54,19/02/2025 00:54,From Flexible Cash Funds,2,0,EUR,COMPLETED,2
Topup,Current,19/02/2025 16:41,19/02/2025 16:41,Google Pay top-up by *8806,150,0,EUR,COMPLETED,152
Transfer,Current,19/02/2025 16:42,19/02/2025 16:42,Savings Vault topup,-142,0,EUR,COMPLETED,10
Transfer,Current,19/02/2025 16:42,19/02/2025 16:42,From Flexible Cash Funds,10,0,EUR,COMPLETED,20
Card Payment,Current,27/02/2025 12:25,,Amazon Web Services,-1,0,EUR,REVERTED,
Transfer,Current,27/02/2025 12:25,27/02/2025 12:25,Savings Vault topup,-1,0,EUR,COMPLETED,19
Transfer,Current,17/03/2025 17:27,17/03/2025 17:27,From Flexible Cash Funds,100,0,EUR,COMPLETED,119
Transfer,Current,19/03/2025 14:15,19/03/2025 14:15,Savings Vault topup,-0.71,0,EUR,COMPLETED,118.29
Card Payment,Current,19/03/2025 14:15,20/03/2025 01:57,Yusuf Spice,-8.29,0,EUR,COMPLETED,110
Transfer,Current,05/04/2025 15:54,05/04/2025 15:54,Savings Vault topup,-100,0,EUR,COMPLETED,10
Transfer,Current,05/04/2025 15:54,05/04/2025 15:54,From Flexible Cash Funds,40,0,EUR,COMPLETED,50
Transfer,Current,04/05/2025 16:38,04/05/2025 16:38,Transfer to KOK LYNN,-27.9,0,EUR,COMPLETED,22.1
Transfer,Current,06/05/2025 16:38,06/05/2025 16:38,Transfer to MALDRIT X,-18,0,EUR,COMPLETED,4.1
Transfer,Current,09/05/2025 17:17,09/05/2025 17:17,From Flexible Cash Funds,100,0,EUR,COMPLETED,104.1
Transfer,Current,16/05/2025 23:37,16/05/2025 23:37,Savings Vault topup,-1,0,EUR,COMPLETED,103.1
Card Payment,Current,16/05/2025 23:37,17/05/2025 18:22,Transport for Ireland - TFI,-25,0,EUR,COMPLETED,78.1
Transfer,Current,17/05/2025 18:52,17/05/2025 18:52,Savings Vault topup,-0.5,0,EUR,COMPLETED,77.6
Transfer,Current,17/05/2025 18:56,17/05/2025 18:56,Savings Vault topup,-0.2,0,EUR,COMPLETED,77.4
Card Payment,Current,17/05/2025 18:52,18/05/2025 05:42,Reiwa Japanese Restaurant,-19.5,0,EUR,COMPLETED,57.9
Card Payment,Current,17/05/2025 18:56,18/05/2025 05:43,PLUS,-6.8,0,EUR,COMPLETED,51.1
Transfer,Current,18/05/2025 15:29,18/05/2025 15:29,Savings Vault topup,-0.25,0,EUR,COMPLETED,50.85
Transfer,Current,18/05/2025 15:37,18/05/2025 15:37,Savings Vault topup,-1,0,EUR,COMPLETED,49.85
Card Payment,Current,18/05/2025 15:37,19/05/2025 04:16,Guji,-8,0,EUR,COMPLETED,41.85
Card Payment,Current,18/05/2025 15:29,19/05/2025 09:54,Bunsen,-13.75,0,EUR,COMPLETED,28.1
Exchange,Current,19/05/2025 11:32,19/05/2025 11:32,Exchanged to EUR,133.07,0,EUR,COMPLETED,161.17
Transfer,Current,19/05/2025 11:59,19/05/2025 11:59,Savings Vault topup,-0.34,0,EUR,COMPLETED,160.83
Card Payment,Current,19/05/2025 11:59,20/05/2025 05:52,Dunnes Stores,-46.66,0,EUR,COMPLETED,114.17
Transfer,Current,21/05/2025 19:59,21/05/2025 19:59,Savings Vault topup,-0.7,0,EUR,COMPLETED,113.47
Card Payment,Current,21/05/2025 19:59,22/05/2025 17:13,McDonald's,-25.3,0,EUR,COMPLETED,88.17
Transfer,Current,22/05/2025 20:13,22/05/2025 20:13,From Flexible Cash Funds,60,0,EUR,COMPLETED,148.17
Transfer,Current,22/05/2025 20:14,22/05/2025 20:14,Savings Vault topup,-0.5,0,EUR,COMPLETED,147.67
Card Payment,Current,22/05/2025 20:14,23/05/2025 06:17,The Ashe Hotel,-96.5,0,EUR,COMPLETED,51.17
Transfer,Current,23/05/2025 18:19,23/05/2025 18:19,Savings Vault topup,-1,0,EUR,COMPLETED,50.17
Card Payment,Current,23/05/2025 18:19,24/05/2025 11:01,Akira Asia Supermark 0,-6,0,EUR,COMPLETED,44.17
Transfer,Current,26/05/2025 12:56,26/05/2025 12:56,Savings Vault topup,-0.6,0,EUR,COMPLETED,43.57
Card Payment,Current,26/05/2025 12:56,27/05/2025 12:21,Daily Grind,-18.4,0,EUR,COMPLETED,25.17
Transfer,Current,27/05/2025 18:23,27/05/2025 18:23,Savings Vault topup,-1,0,EUR,COMPLETED,24.17
Card Payment,Current,27/05/2025 18:23,28/05/2025 06:06,Akira Asia Supermark 0,-6,0,EUR,COMPLETED,18.17
Transfer,Current,31/05/2025 18:22,31/05/2025 18:22,Savings Vault topup,-1,0,EUR,COMPLETED,17.17
Card Payment,Current,31/05/2025 18:22,01/06/2025 12:35,Akira Asia Supermark 0,-6,0,EUR,COMPLETED,11.17
Exchange,Current,03/06/2025 13:46,03/06/2025 13:46,Exchanged to EUR,150,0,EUR,COMPLETED,161.17
Transfer,Current,03/06/2025 15:21,03/06/2025 15:21,Savings Vault topup,-0.8,0,EUR,COMPLETED,160.37
Transfer,Current,03/06/2025 16:42,03/06/2025 16:42,Savings Vault topup,-0.37,0,EUR,COMPLETED,160
Card Payment,Current,03/06/2025 15:21,04/06/2025 03:53,Maddens Bar,-9.2,0,EUR,COMPLETED,150.8
Card Payment,Current,03/06/2025 16:42,04/06/2025 06:00,Dunnes Stores,-39.63,0,EUR,COMPLETED,111.17
Transfer,Current,24/06/2025 10:52,24/06/2025 10:52,To Flexible Cash Funds,-0.3,0,EUR,COMPLETED,110.87
Transfer,Current,24/06/2025 13:14,24/06/2025 13:14,To Flexible Cash Funds,-0.7,0,EUR,COMPLETED,110.17
Transfer,Current,24/06/2025 13:46,24/06/2025 13:46,To Flexible Cash Funds,-1,0,EUR,COMPLETED,109.17
Transfer,Current,25/06/2025 07:34,25/06/2025 07:34,To Flexible Cash Funds,-52.17,0,EUR,COMPLETED,57
Card Payment,Current,24/06/2025 13:14,25/06/2025 10:37,Butlers Chocolates,-4.3,0,EUR,COMPLETED,52.7
Card Payment,Current,24/06/2025 13:46,25/06/2025 10:37,Butlers Chocolates,-12,0,EUR,COMPLETED,40.7
Card Payment,Current,24/06/2025 10:52,25/06/2025 14:04,Lemon Jelly Cafe,-40.7,0,EUR,COMPLETED,0
Exchange,Current,26/06/2025 12:02,26/06/2025 12:02,Exchanged to EUR,200,0,EUR,COMPLETED,200
Transfer,Current,26/06/2025 12:03,26/06/2025 12:03,To O HAN,-200,0,EUR,COMPLETED,0
Transfer,Current,30/06/2025 10:19,30/06/2025 10:19,From Flexible Cash Funds,77.61,0,EUR,COMPLETED,77.61
Transfer,Current,30/06/2025 11:25,30/06/2025 11:25,To Flexible Cash Funds,-0.4,0,EUR,COMPLETED,77.21
Transfer,Current,30/06/2025 14:23,30/06/2025 14:23,To Flexible Cash Funds,-0.6,0,EUR,COMPLETED,76.61
Transfer,Current,30/06/2025 14:47,30/06/2025 14:47,To Flexible Cash Funds,-0.8,0,EUR,COMPLETED,75.81
Card Payment,Current,30/06/2025 14:47,01/07/2025 11:52,Fresh The Good Food Market,-2.2,0,EUR,COMPLETED,73.61
Card Payment,Current,30/06/2025 11:25,01/07/2025 11:52,Russell Street Bakery,-16.6,0,EUR,COMPLETED,57.01
Card Payment,Current,30/06/2025 14:23,01/07/2025 12:05,Kyodai Izakaya,-31.4,0,EUR,COMPLETED,25.61
Transfer,Current,02/07/2025 14:07,02/07/2025 14:07,From Instant Access Savings,1,0,EUR,COMPLETED,26.61
Transfer,Current,02/07/2025 14:07,02/07/2025 14:07,From Flexible Cash Funds,1.8,0,EUR,COMPLETED,28.41
Exchange,Current,02/07/2025 15:10,02/07/2025 15:10,Exchanged to EUR,77.75,0,EUR,COMPLETED,106.16
Transfer,Current,02/07/2025 15:30,02/07/2025 15:30,To Flexible Cash Funds,-0.22,0,EUR,COMPLETED,105.94
Card Payment,Current,02/07/2025 15:30,03/07/2025 06:05,Dunnes Stores,-24.78,0,EUR,COMPLETED,81.16
Transfer,Current,05/07/2025 19:08,05/07/2025 19:08,To Flexible Cash Funds,-0.63,0,EUR,COMPLETED,80.53
Card Payment,Current,05/07/2025 19:08,06/07/2025 05:57,Lidl,-5.37,0,EUR,COMPLETED,75.16
Transfer,Current,07/07/2025 12:46,07/07/2025 12:46,To Flexible Cash Funds,-0.1,0,EUR,COMPLETED,75.06
Transfer,Current,07/07/2025 14:11,07/07/2025 14:11,To Flexible Cash Funds,-0.23,0,EUR,COMPLETED,74.83
Transfer,Current,07/07/2025 18:07,07/07/2025 18:07,To Flexible Cash Funds,-0.5,0,EUR,COMPLETED,74.33
Card Payment,Current,07/07/2025 14:11,08/07/2025 06:06,Dunnes Stores,-23.77,0,EUR,COMPLETED,50.56
Card Payment,Current,07/07/2025 18:07,08/07/2025 14:23,McDonald's,-9.5,0,EUR,COMPLETED,41.06
Card Payment,Current,07/07/2025 12:46,08/07/2025 16:03,Daily Grind,-17.9,0,EUR,COMPLETED,23.16
Topup,Current,12/07/2025 20:44,12/07/2025 20:44,From investment account,7.54,0,EUR,COMPLETED,30.7
Transfer,Current,12/07/2025 20:45,12/07/2025 20:45,From Flexible Cash Funds,1.68,0,EUR,COMPLETED,32.38
Transfer,Current,13/07/2025 16:30,13/07/2025 16:30,To Flexible Cash Funds,-0.36,0,EUR,COMPLETED,32.02
Card Payment,Current,13/07/2025 16:30,14/07/2025 05:57,Dunnes Stores,-21.64,0,EUR,COMPLETED,10.38
Card Payment,Current,14/07/2025 13:10,15/07/2025 04:16,Airwallet Laundry,-10,0,EUR,COMPLETED,0.38
Topup,Current,16/07/2025 04:56,16/07/2025 04:56,From Bold Stack portfolio,203.71,0,EUR,COMPLETED,204.09
Transfer,Current,16/07/2025 21:27,16/07/2025 21:27,To Flexible Cash Funds,-0.5,0,EUR,COMPLETED,203.59
Transfer,Current,16/07/2025 22:21,16/07/2025 22:21,To Flexible Cash Funds,-1,0,EUR,COMPLETED,202.59
Transfer,Current,16/07/2025 23:17,16/07/2025 23:17,To Flexible Cash Funds,-1,0,EUR,COMPLETED,201.59
Card Payment,Current,16/07/2025 21:27,17/07/2025 14:44,SuperValu,-0.5,0,EUR,COMPLETED,201.09
Transfer,Current,17/07/2025 20:31,17/07/2025 20:31,To Flexible Cash Funds,-1,0,EUR,COMPLETED,200.09
Topup,Current,17/07/2025 20:44,17/07/2025 20:44,Top-up by *2094,50,0,EUR,COMPLETED,250.09
Transfer,Current,17/07/2025 21:39,17/07/2025 21:39,To Flexible Cash Funds,-0.85,0,EUR,COMPLETED,249.24
Card Payment,Current,16/07/2025 22:20,18/07/2025 12:58,McCaffrey's,-13,0,EUR,COMPLETED,236.24
Card Payment,Current,16/07/2025 23:17,18/07/2025 12:58,Sean Ogs Bar & B&B,-10,0,EUR,COMPLETED,226.24
Card Payment,Current,17/07/2025 21:39,18/07/2025 13:55,SuperValu,-8.15,0,EUR,COMPLETED,218.09
Transfer,Current,18/07/2025 18:52,18/07/2025 18:52,To Flexible Cash Funds,-0.25,0,EUR,COMPLETED,217.84
Card Payment,Current,17/07/2025 20:31,19/07/2025 03:49,Swarovski,-159,0,EUR,COMPLETED,58.84
Card Payment,Current,18/07/2025 18:52,19/07/2025 06:31,Lidl,-9.75,0,EUR,COMPLETED,49.09
Transfer,Current,19/07/2025 10:06,19/07/2025 10:06,To Flexible Cash Funds,-0.5,0,EUR,COMPLETED,48.59
Transfer,Current,19/07/2025 10:48,19/07/2025 10:48,To Flexible Cash Funds,-0.64,0,EUR,COMPLETED,47.95
Card Payment,Current,19/07/2025 10:06,19/07/2025 15:45,Maddens Bar,-14.5,0,EUR,COMPLETED,33.45
Topup,Current,20/07/2025 18:35,20/07/2025 18:35,Top-up by *2094,100,0,EUR,COMPLETED,133.45
Card Payment,Current,19/07/2025 10:48,21/07/2025 06:31,Dunnes Stores,-23.36,0,EUR,COMPLETED,110.09
Transfer,Current,22/07/2025 05:24,22/07/2025 05:24,To Flexible Cash Funds,-0.05,0,EUR,COMPLETED,110.04
Transfer,Current,22/07/2025 11:05,22/07/2025 11:05,To Flexible Cash Funds,-0.6,0,EUR,COMPLETED,109.44
Transfer,Current,22/07/2025 14:21,22/07/2025 14:21,To Flexible Cash Funds,-1,0,EUR,COMPLETED,108.44
Transfer,Current,22/07/2025 14:44,22/07/2025 14:44,To Flexible Cash Funds,-0.15,0,EUR,COMPLETED,108.29
Transfer,Current,22/07/2025 16:27,22/07/2025 16:27,To Flexible Cash Funds,-1,0,EUR,COMPLETED,107.29
Transfer,Current,23/07/2025 01:23,23/07/2025 01:23,To Flexible Cash Funds,-0.6,0,EUR,COMPLETED,106.69
Card Payment,Current,22/07/2025 11:05,23/07/2025 03:32,Metro de Madrid,-7.4,0,EUR,COMPLETED,99.29
Card Payment,Current,22/07/2025 14:21,23/07/2025 06:22,Bottega Caffe,-23,0,EUR,COMPLETED,76.29
Card Payment,Current,22/07/2025 16:27,23/07/2025 11:36,Metro de Madrid,-2,0,EUR,COMPLETED,74.29
Card Payment,Current,22/07/2025 14:44,23/07/2025 14:20,DIA,-0.85,0,EUR,COMPLETED,73.44
Card Payment,Current,22/07/2025 05:24,23/07/2025 14:46,Burger King,-21.95,0,EUR,COMPLETED,51.49
Card Payment,Current,23/07/2025 01:23,24/07/2025 12:48,Selecta,-6.4,0,EUR,COMPLETED,45.09
Transfer,Current,25/07/2025 10:20,25/07/2025 10:20,To Flexible Cash Funds,-0.94,0,EUR,COMPLETED,44.15
Card Payment,Current,25/07/2025 10:20,26/07/2025 06:16,Lidl,-13.06,0,EUR,COMPLETED,31.09
Transfer,Current,26/07/2025 17:49,26/07/2025 17:49,To Flexible Cash Funds,-1,0,EUR,COMPLETED,30.09
Transfer,Current,26/07/2025 18:18,26/07/2025 18:18,To Flexible Cash Funds,-0.01,0,EUR,COMPLETED,30.08
Card Payment,Current,26/07/2025 18:18,27/07/2025 03:30,Apple,-1.99,0,EUR,COMPLETED,28.09
Card Payment,Current,26/07/2025 17:49,27/07/2025 11:24,Akira Asia Supermark 0,-6,0,EUR,COMPLETED,22.09
Topup,Current,28/07/2025 13:30,28/07/2025 13:30,Top-up by *2094,150,0,EUR,COMPLETED,172.09
Transfer,Current,28/07/2025 14:12,28/07/2025 14:12,To Flexible Cash Funds,-0.8,0,EUR,COMPLETED,171.29
Card Payment,Current,28/07/2025 14:12,29/07/2025 14:46,McDonald's,-19.2,0,EUR,COMPLETED,152.09
Transfer,Current,30/07/2025 10:13,30/07/2025 10:13,To Flexible Cash Funds,-1,0,EUR,COMPLETED,151.09
Card Payment,Current,30/07/2025 10:13,30/07/2025 15:21,Maddens Bar,-12,0,EUR,COMPLETED,139.09
Transfer,Current,31/07/2025 11:24,31/07/2025 11:24,To Flexible Cash Funds,-0.29,0,EUR,COMPLETED,138.8
Transfer,Current,31/07/2025 17:31,31/07/2025 17:31,To Flexible Cash Funds,-0.35,0,EUR,COMPLETED,138.45
Card Payment,Current,31/07/2025 11:24,01/08/2025 06:09,Dunnes Stores,-18.71,0,EUR,COMPLETED,119.74
Card Payment,Current,31/07/2025 17:31,01/08/2025 14:06,ALDI,-13.65,0,EUR,COMPLETED,106.09
Transfer,Current,01/08/2025 17:22,01/08/2025 17:22,To Flexible Cash Funds,-0.22,0,EUR,COMPLETED,105.87
Transfer,Current,01/08/2025 17:28,01/08/2025 17:28,To Flexible Cash Funds,-0.25,0,EUR,COMPLETED,105.62
Transfer,Current,01/08/2025 20:18,01/08/2025 20:18,To Flexible Cash Funds,-0.85,0,EUR,COMPLETED,104.77
Card Payment,Current,01/08/2025 17:28,02/08/2025 06:27,PEPCO,-7.75,0,EUR,COMPLETED,97.02
Card Payment,Current,01/08/2025 20:18,02/08/2025 06:28,Dunnes Stores,-6.15,0,EUR,COMPLETED,90.87
Card Payment,Current,01/08/2025 17:22,02/08/2025 12:24,Card World,-14.78,0,EUR,COMPLETED,76.09
Transfer,Current,02/08/2025 13:14,02/08/2025 13:14,To Flexible Cash Funds,-1,0,EUR,COMPLETED,75.09
Card Payment,Current,02/08/2025 13:14,03/08/2025 07:26,Airwallet Laundry,-25,0,EUR,COMPLETED,50.09
Transfer,Current,04/08/2025 13:35,04/08/2025 13:35,To Flexible Cash Funds,-0.33,0,EUR,COMPLETED,49.76
Card Payment,Current,04/08/2025 13:35,05/08/2025 06:27,Dunnes Stores,-19.67,0,EUR,COMPLETED,30.09
Transfer,Current,05/08/2025 16:50,05/08/2025 16:50,To Flexible Cash Funds,-1,0,EUR,COMPLETED,29.09
Exchange,Current,05/08/2025 17:07,05/08/2025 17:07,Exchanged to EUR,122.37,0,EUR,COMPLETED,151.46
Card Payment,Current,05/08/2025 16:50,06/08/2025 14:54,Akira Asia Supermark 0,-6,0,EUR,COMPLETED,145.46
Transfer,Current,06/08/2025 19:08,06/08/2025 19:08,To Flexible Cash Funds,-0.5,0,EUR,COMPLETED,144.96
Card Payment,Current,06/08/2025 19:08,07/08/2025 05:52,Forge Wood Fired Pizza,-21.5,0,EUR,COMPLETED,123.46
Transfer,Current,08/08/2025 19:19,08/08/2025 19:19,To Flexible Cash Funds,-1,0,EUR,COMPLETED,122.46
Card Payment,Current,08/08/2025 19:19,09/08/2025 05:31,PEPCO,-2,0,EUR,COMPLETED,120.46
Transfer,Current,09/08/2025 15:32,09/08/2025 15:32,To Flexible Cash Funds,-0.76,0,EUR,COMPLETED,119.7
Transfer,Current,09/08/2025 16:00,09/08/2025 16:00,To Flexible Cash Funds,-1,0,EUR,COMPLETED,118.7
Transfer,Current,09/08/2025 16:21,09/08/2025 16:21,To Flexible Cash Funds,-0.3,0,EUR,COMPLETED,118.4
Transfer,Current,09/08/2025 22:53,09/08/2025 22:53,To Flexible Cash Funds,-0.5,0,EUR,COMPLETED,117.9
Card Payment,Current,09/08/2025 16:21,10/08/2025 12:19,Akira Asia Supermarket,-14.7,0,EUR,COMPLETED,103.2
Card Payment,Current,09/08/2025 16:00,10/08/2025 12:19,Sparks Of Joy,-4,0,EUR,COMPLETED,99.2
Card Payment,Current,09/08/2025 15:32,10/08/2025 12:23,Dunnes Stores,-22.24,0,EUR,COMPLETED,76.96
Transfer,Current,10/08/2025 15:18,10/08/2025 15:18,Transfer to PAN LI,-18.98,0,EUR,COMPLETED,57.98
Exchange,Current,10/08/2025 19:59,10/08/2025 19:59,Exchanged to EUR,171.47,0,EUR,COMPLETED,229.45
Transfer,Current,10/08/2025 20:10,10/08/2025 20:10,To Flexible Cash Funds,-0.61,0,EUR,COMPLETED,228.84
Transfer,Current,11/08/2025 03:03,11/08/2025 03:03,To Flexible Cash Funds,-50,0,EUR,COMPLETED,178.84
Card Payment,Current,10/08/2025 20:10,11/08/2025 03:17,Booking.com,-96.39,0,EUR,COMPLETED,82.45
Card Payment,Current,09/08/2025 22:53,11/08/2025 05:37,Roundy's Bar,-9.5,0,EUR,COMPLETED,72.95
Transfer,Current,11/08/2025 17:03,11/08/2025 17:03,To Flexible Cash Funds,-1,0,EUR,COMPLETED,71.95
Transfer,Current,11/08/2025 17:05,11/08/2025 17:05,To Flexible Cash Funds,-0.5,0,EUR,COMPLETED,71.45
Card Payment,Current,11/08/2025 17:03,12/08/2025 15:15,Akira Asia Supermark 0,-6,0,EUR,COMPLETED,65.45
Card Payment,Current,11/08/2025 17:05,12/08/2025 15:15,Akira Asia Supermarket,-3.5,0,EUR,COMPLETED,61.95
Transfer,Current,13/08/2025 15:21,13/08/2025 15:21,Transfer to MALDRIT X,-18,0,EUR,COMPLETED,43.95
Exchange,Current,14/08/2025 19:47,14/08/2025 19:47,Exchanged to EUR,200,0,EUR,COMPLETED,243.95
Transfer,Current,14/08/2025 19:47,14/08/2025 19:47,To Flexible Cash Funds,-143.95,0,EUR,COMPLETED,100
Transfer,Current,14/08/2025 19:47,14/08/2025 19:47,To Flexible Cash Funds,-50,0,EUR,COMPLETED,50
Transfer,Current,15/08/2025 14:39,15/08/2025 14:39,To Flexible Cash Funds,-0.3,0,EUR,COMPLETED,49.7
Transfer,Current,15/08/2025 14:54,15/08/2025 14:54,To Flexible Cash Funds,-0.28,0,EUR,COMPLETED,49.42
Transfer,Current,15/08/2025 16:10,15/08/2025 16:10,To Flexible Cash Funds,-1,0,EUR,COMPLETED,48.42
Transfer,Current,15/08/2025 17:38,15/08/2025 17:38,From Flexible Cash Funds,50,0,EUR,COMPLETED,98.42
Transfer,Current,15/08/2025 17:39,15/08/2025 17:39,Transfer to PAN LI,-23.3,0,EUR,COMPLETED,75.12
Transfer,Current,15/08/2025 18:07,15/08/2025 18:07,From Flexible Cash Funds,50,0,EUR,COMPLETED,125.12
Transfer,Current,15/08/2025 18:08,15/08/2025 18:08,To Flexible Cash Funds,-1,0,EUR,COMPLETED,124.12
Transfer,Current,15/08/2025 18:09,15/08/2025 18:09,Transfer from PAN LI,10,0,EUR,COMPLETED,134.12
Transfer,Current,15/08/2025 20:44,15/08/2025 20:44,From Flexible Cash Funds,100,0,EUR,COMPLETED,234.12
Transfer,Current,15/08/2025 20:45,15/08/2025 20:45,To Flexible Cash Funds,-0.19,0,EUR,COMPLETED,233.93
Transfer,Current,15/08/2025 20:47,15/08/2025 20:47,Transfer from KOK LYNN,16,0,EUR,COMPLETED,249.93
Transfer,Current,15/08/2025 20:47,15/08/2025 20:47,Transfer from PAN LI,15.97,0,EUR,COMPLETED,265.9
Transfer,Current,15/08/2025 20:48,15/08/2025 20:48,Transfer from Yue Wen Ho,15.96,0,EUR,COMPLETED,281.86
Transfer,Current,15/08/2025 21:44,15/08/2025 21:44,To Flexible Cash Funds,-0.5,0,EUR,COMPLETED,281.36
Transfer,Current,15/08/2025 22:37,15/08/2025 22:37,To Flexible Cash Funds,-1,0,EUR,COMPLETED,280.36
Card Payment,Current,15/08/2025 18:08,16/08/2025 02:44,BAR 1661,-45,0,EUR,COMPLETED,235.36
Card Payment,Current,15/08/2025 14:39,16/08/2025 05:38,Beanhive Coffee,-15.7,0,EUR,COMPLETED,219.66
Card Payment,Current,15/08/2025 14:54,16/08/2025 05:51,Bamax Upominki,-4.72,0,EUR,COMPLETED,214.94
Card Payment,Current,15/08/2025 20:45,16/08/2025 05:53,M&L Chinese Restaurant,-95.81,0,EUR,COMPLETED,119.13
Card Payment,Current,15/08/2025 16:10,16/08/2025 08:46,Cool Hand Coffee Roasters,-15,0,EUR,COMPLETED,104.13
Transfer,Current,16/08/2025 10:33,16/08/2025 10:33,To Flexible Cash Funds,-0.01,0,EUR,COMPLETED,104.12
Transfer,Current,16/08/2025 11:48,16/08/2025 11:48,To Flexible Cash Funds,-0.02,0,EUR,COMPLETED,104.1
Card Payment,Current,15/08/2025 22:37,16/08/2025 13:01,Musashi Noodles & Sushi BAR,-20,0,EUR,COMPLETED,84.1
Card Payment,Current,15/08/2025 21:44,16/08/2025 13:06,Centra,-4.5,0,EUR,COMPLETED,79.6
Transfer,Current,16/08/2025 14:26,16/08/2025 14:26,Transfer to KOK LYNN,-32,0,EUR,COMPLETED,47.6
Transfer,Current,16/08/2025 14:28,16/08/2025 14:28,Transfer from Leong M,10,0,EUR,COMPLETED,57.6
Transfer,Current,16/08/2025 15:09,16/08/2025 15:09,To Flexible Cash Funds,-0.2,0,EUR,COMPLETED,57.4
Transfer,Current,16/08/2025 21:25,16/08/2025 21:25,To Flexible Cash Funds,-0.5,0,EUR,COMPLETED,56.9
Card Payment,Current,16/08/2025 10:33,17/08/2025 02:38,Too Good To Go,-3.99,0,EUR,COMPLETED,52.91
Card Payment,Current,16/08/2025 11:48,17/08/2025 02:39,Chemist Warehouse,-8.98,0,EUR,COMPLETED,43.93
Card Payment,Current,16/08/2025 15:09,17/08/2025 05:10,Tea Time,-6.8,0,EUR,COMPLETED,37.13
Transfer,Current,17/08/2025 15:26,17/08/2025 15:26,To Flexible Cash Funds,-0.9,0,EUR,COMPLETED,36.23
Transfer,Current,17/08/2025 15:59,17/08/2025 15:59,To Flexible Cash Funds,-1,0,EUR,COMPLETED,35.23
Transfer,Current,17/08/2025 16:20,17/08/2025 16:20,From Flexible Cash Funds,50,0,EUR,COMPLETED,85.23
Card Payment,Current,16/08/2025 21:25,18/08/2025 05:34,Rose Garden Restaurant,-16.5,0,EUR,COMPLETED,68.73
Card Payment,Current,17/08/2025 15:26,18/08/2025 05:47,Dunnes Stores,-4.1,0,EUR,COMPLETED,64.63
Card Payment,Current,17/08/2025 15:59,18/08/2025 05:52,Dinky Donuts,-7,0,EUR,COMPLETED,57.63
Transfer,Current,18/08/2025 15:47,18/08/2025 15:47,To Flexible Cash Funds,-1,0,EUR,COMPLETED,56.63
Transfer,Current,18/08/2025 18:19,18/08/2025 18:19,To Flexible Cash Funds,-0.15,0,EUR,COMPLETED,56.48
Card Payment,Current,18/08/2025 18:19,19/08/2025 05:49,Lidl,-24.85,0,EUR,COMPLETED,31.63
Card Payment,Current,18/08/2025 15:47,19/08/2025 05:52,Airwallet Laundry,-25,0,EUR,COMPLETED,6.63
Transfer,Current,20/08/2025 15:21,20/08/2025 15:21,From Flexible Cash Funds,25,0,EUR,COMPLETED,31.63
Transfer,Current,20/08/2025 15:21,20/08/2025 15:21,To Flexible Cash Funds,-0.63,0,EUR,COMPLETED,31
Topup,Current,20/08/2025 18:05,20/08/2025 18:05,Top-up by *2094,30,0,EUR,COMPLETED,61
Card Payment,Current,20/08/2025 15:21,21/08/2025 05:49,Dunnes Stores,-30.37,0,EUR,COMPLETED,30.63
Transfer,Current,22/08/2025 21:36,22/08/2025 21:36,To Flexible Cash Funds,-0.76,0,EUR,COMPLETED,29.87
Card Payment,Current,22/08/2025 21:36,23/08/2025 12:31,SuperValu,-4.24,0,EUR,COMPLETED,25.63
Topup,Current,24/08/2025 14:12,24/08/2025 14:12,Google Pay top-up by *8806,50,0,EUR,COMPLETED,75.63
Transfer,Current,24/08/2025 14:18,24/08/2025 14:18,To Flexible Cash Funds,-0.1,0,EUR,COMPLETED,75.53
Card Payment,Current,24/08/2025 14:18,25/08/2025 05:35,Quinlans Fish Shops &,-39.9,0,EUR,COMPLETED,35.63
Topup,Current,24/08/2025 14:11,25/08/2025 10:45,Open banking top-up,50,0,EUR,COMPLETED,85.63
Transfer,Current,25/08/2025 16:17,25/08/2025 16:17,To Flexible Cash Funds,-1,0,EUR,COMPLETED,84.63
Card Payment,Current,25/08/2025 16:17,26/08/2025 11:20,Transport for Ireland - TFI,-20,0,EUR,COMPLETED,64.63
Transfer,Current,26/08/2025 14:59,26/08/2025 14:59,To Flexible Cash Funds,-0.34,0,EUR,COMPLETED,64.29
Card Payment,Current,26/08/2025 14:59,27/08/2025 05:40,Dunnes Stores,-35.66,0,EUR,COMPLETED,28.63
Transfer,Current,28/08/2025 09:44,28/08/2025 09:44,To Flexible Cash Funds,-0.1,0,EUR,COMPLETED,28.53
Transfer,Current,28/08/2025 10:19,28/08/2025 10:19,To Flexible Cash Funds,-0.01,0,EUR,COMPLETED,28.52
Card Payment,Current,28/08/2025 10:19,29/08/2025 03:01,Too Good To Go,-3.99,0,EUR,COMPLETED,24.53
Card Payment,Current,28/08/2025 09:44,29/08/2025 08:47,Butlers Chocolates,-11.9,0,EUR,COMPLETED,12.63
Topup,Current,29/08/2025 18:25,29/08/2025 18:25,Top-up by *2094,150,0,EUR,COMPLETED,162.63
Topup,Current,29/08/2025 18:26,29/08/2025 18:26,Top-up by *2094,150,0,EUR,COMPLETED,312.63
Transfer,Current,29/08/2025 18:26,29/08/2025 18:26,To Flexible Cash Funds,-150,0,EUR,COMPLETED,162.63
Transfer,Current,29/08/2025 18:26,29/08/2025 18:26,To Flexible Cash Funds,-50,0,EUR,COMPLETED,112.63
Transfer,Current,31/08/2025 16:52,31/08/2025 16:52,To Flexible Cash Funds,-0.37,0,EUR,COMPLETED,112.26
Transfer,Current,01/09/2025 12:45,01/09/2025 12:45,To Flexible Cash Funds,-0.2,0,EUR,COMPLETED,112.06
Card Payment,Current,31/08/2025 16:52,01/09/2025 13:32,Dunnes Stores,-41.63,0,EUR,COMPLETED,70.43
Card Payment,Current,01/09/2025 12:45,02/09/2025 16:01,Zambrero,-9.8,0,EUR,COMPLETED,60.63
Transfer,Current,03/09/2025 12:43,03/09/2025 12:43,Transfer to DARRAGH J,-6.5,0,EUR,COMPLETED,54.13
Transfer,Current,03/09/2025 20:13,03/09/2025 20:13,Transfer to WAN KEW,-14,0,EUR,COMPLETED,40.13
Transfer,Current,04/09/2025 13:40,04/09/2025 13:40,To Flexible Cash Funds,-0.1,0,EUR,COMPLETED,40.03
Card Payment,Current,04/09/2025 13:40,05/09/2025 06:17,Gallys Bar & Restaurant,-16.9,0,EUR,COMPLETED,23.13
Transfer,Current,05/09/2025 23:02,05/09/2025 23:02,To Flexible Cash Funds,-1,0,EUR,COMPLETED,22.13
Card Payment,Current,05/09/2025 23:02,06/09/2025 05:43,Smash'd,-10,0,EUR,COMPLETED,12.13
Transfer,Current,07/09/2025 16:04,07/09/2025 16:04,From Flexible Cash Funds,10,0,EUR,COMPLETED,22.13
Transfer,Current,07/09/2025 16:05,07/09/2025 16:05,From Flexible Cash Funds,30,0,EUR,COMPLETED,52.13
Transfer,Current,07/09/2025 16:11,07/09/2025 16:11,To Flexible Cash Funds,-0.1,0,EUR,COMPLETED,52.03
Card Payment,Current,07/09/2025 16:11,08/09/2025 02:56,Rustic Boowa,-11.9,0,EUR,COMPLETED,40.13
Topup,Current,09/09/2025 13:50,09/09/2025 13:50,Top-up by *2094,500,0,EUR,COMPLETED,540.13
Transfer,Current,09/09/2025 13:52,09/09/2025 13:52,To Flexible Cash Funds,-1,0,EUR,COMPLETED,539.13
Transfer,Current,09/09/2025 16:19,09/09/2025 16:19,From Flexible Cash Funds,150,0,EUR,COMPLETED,689.13
Transfer,Current,09/09/2025 16:19,09/09/2025 16:19,To Flexible Cash Funds,-300,0,EUR,COMPLETED,389.13
Transfer,Current,09/09/2025 16:20,09/09/2025 16:20,From Flexible Cash Funds,150,0,EUR,COMPLETED,539.13
Transfer,Current,09/09/2025 16:20,09/09/2025 16:20,To investment account,-150,0,EUR,COMPLETED,389.13
Card Payment,Current,09/09/2025 13:52,10/09/2025 08:59,Department of Justice,-300,0,EUR,COMPLETED,89.13
Transfer,Current,10/09/2025 12:37,10/09/2025 12:37,To Flexible Cash Funds,-1,0,EUR,COMPLETED,88.13
Transfer,Current,10/09/2025 18:33,10/09/2025 18:33,To Flexible Cash Funds,-0.6,0,EUR,COMPLETED,87.53
Card Payment,Current,10/09/2025 12:37,11/09/2025 03:03,Terrys,-5,0,EUR,COMPLETED,82.53
Card Payment,Current,10/09/2025 18:33,11/09/2025 05:48,Lidl,-19.4,0,EUR,COMPLETED,63.13
Transfer,Current,13/09/2025 12:27,13/09/2025 12:27,To Flexible Cash Funds,-0.3,0,EUR,COMPLETED,62.83
Transfer,Current,13/09/2025 12:55,13/09/2025 12:55,To Flexible Cash Funds,-0.7,0,EUR,COMPLETED,62.13
Card Payment,Current,13/09/2025 12:55,14/09/2025 10:14,Akira Asia Supermarket,-32.3,0,EUR,COMPLETED,29.83
Card Payment,Current,13/09/2025 12:27,14/09/2025 10:18,Dunnes Stores,-25.7,0,EUR,COMPLETED,4.13
Transfer,Current,14/09/2025 12:46,14/09/2025 12:46,From Flexible Cash Funds,100,0,EUR,COMPLETED,104.13
Transfer,Current,14/09/2025 12:47,14/09/2025 12:47,To Flexible Cash Funds,-1,0,EUR,COMPLETED,103.13
Card Payment,Current,14/09/2025 12:47,15/09/2025 03:03,Sp Whack Vintage,-80,0,EUR,COMPLETED,23.13
Transfer,Current,15/09/2025 18:10,15/09/2025 18:10,To Flexible Cash Funds,-1,0,EUR,COMPLETED,22.13
Transfer,Current,15/09/2025 18:16,15/09/2025 18:16,From Flexible Cash Funds,50,0,EUR,COMPLETED,72.13
Card Payment,Current,15/09/2025 18:10,16/09/2025 06:09,Airwallet Laundry,-10,0,EUR,COMPLETED,62.13
Transfer,Current,16/09/2025 20:22,16/09/2025 20:22,To Flexible Cash Funds,-0.5,0,EUR,COMPLETED,61.63
Card Payment,Current,16/09/2025 20:22,17/09/2025 09:55,Rose Garden Restaurant,-7.5,0,EUR,COMPLETED,54.13
Transfer,Current,17/09/2025 12:29,17/09/2025 12:29,To Flexible Cash Funds,-0.5,0,EUR,COMPLETED,53.63
Card Payment,Current,17/09/2025 12:29,18/09/2025 05:23,Kingdom Store,-6.5,0,EUR,COMPLETED,47.13
Transfer,Current,20/09/2025 13:53,20/09/2025 13:53,To Flexible Cash Funds,-0.5,0,EUR,COMPLETED,46.63
Transfer,Current,20/09/2025 14:47,20/09/2025 14:47,To Flexible Cash Funds,-0.15,0,EUR,COMPLETED,46.48
Transfer,Current,20/09/2025 15:02,20/09/2025 15:02,From Flexible Cash Funds,22,0,EUR,COMPLETED,68.48
Card Payment,Current,20/09/2025 13:53,21/09/2025 03:08,Maddens Bar,-8.5,0,EUR,COMPLETED,59.98
Card Payment,Current,20/09/2025 14:47,21/09/2025 09:29,Dunnes Stores,-33.85,0,EUR,COMPLETED,26.13
Transfer,Current,22/09/2025 08:48,22/09/2025 08:48,To Flexible Cash Funds,-1,0,EUR,COMPLETED,25.13
Transfer,Current,22/09/2025 18:04,22/09/2025 18:04,To Flexible Cash Funds,-1,0,EUR,COMPLETED,24.13
Topup,Current,23/09/2025 08:46,23/09/2025 08:46,Top-up by *2094,50,0,EUR,COMPLETED,74.13
Card Payment,Current,22/09/2025 08:48,23/09/2025 17:36,Transport for Ireland - TFI,-10,0,EUR,COMPLETED,64.13
Card Payment,Current,22/09/2025 18:04,23/09/2025 17:52,Akira Asia Supermark 0,-6,0,EUR,COMPLETED,58.13
Transfer,Current,23/09/2025 23:27,23/09/2025 23:27,To Flexible Cash Funds,-1,0,EUR,COMPLETED,57.13
Transfer,Current,24/09/2025 12:33,24/09/2025 12:33,To Flexible Cash Funds,-0.7,0,EUR,COMPLETED,56.43
Card Payment,Current,23/09/2025 23:27,24/09/2025 16:19,Transport for Ireland - TFI,-10,0,EUR,COMPLETED,46.43
Card Refund,Current,23/09/2025 01:00,24/09/2025 18:16,Transport for Ireland - TFI,10,0,EUR,COMPLETED,56.43
Transfer,Current,24/09/2025 22:51,24/09/2025 22:51,To Flexible Cash Funds,-1,0,EUR,COMPLETED,55.43
Card Payment,Current,24/09/2025 12:33,25/09/2025 18:31,Spar,-7.3,0,EUR,COMPLETED,48.13
Transfer,Current,26/09/2025 00:29,26/09/2025 00:30,Early credit grant,100,0,EUR,COMPLETED,148.13
Transfer,Current,26/09/2025 00:31,26/09/2025 00:31,To Flexible Cash Funds,-92.13,0,EUR,COMPLETED,56
Topup,Current,26/09/2025 00:28,26/09/2025 10:39,Open banking top-up,3000,0,EUR,COMPLETED,3056
Transfer,Current,26/09/2025 10:45,26/09/2025 10:45,Transfer to PAN LI,-4.6,0,EUR,COMPLETED,3051.4
Transfer,Current,26/09/2025 10:45,26/09/2025 10:45,To Flexible Cash Funds,-3000,0,EUR,COMPLETED,51.4
Card Payment,Current,24/09/2025 22:51,26/09/2025 17:48,The Blasket Bar,-6,0,EUR,COMPLETED,45.4
Transfer,Current,26/09/2025 19:45,26/09/2025 19:45,From Flexible Cash Funds,100,0,EUR,COMPLETED,145.4
Transfer,Current,26/09/2025 19:47,26/09/2025 19:47,To Flexible Cash Funds,-0.01,0,EUR,COMPLETED,145.39
Card Payment,Current,26/09/2025 19:47,27/09/2025 06:28,Currys,-99.99,0,EUR,COMPLETED,45.4
Transfer,Current,27/09/2025 13:19,27/09/2025 13:19,To Flexible Cash Funds,-0.6,0,EUR,COMPLETED,44.8
Transfer,Current,27/09/2025 14:09,27/09/2025 14:09,To Flexible Cash Funds,-0.43,0,EUR,COMPLETED,44.37
Transfer,Current,27/09/2025 14:09,27/09/2025 14:09,From Flexible Cash Funds,50,0,EUR,COMPLETED,94.37
Transfer,Current,27/09/2025 14:11,27/09/2025 14:11,To Flexible Cash Funds,-0.09,0,EUR,COMPLETED,94.28
Transfer,Current,27/09/2025 14:56,27/09/2025 14:56,To Flexible Cash Funds,-1,0,EUR,COMPLETED,93.28
Transfer,Current,27/09/2025 18:51,27/09/2025 18:51,From Flexible Cash Funds,100,0,EUR,COMPLETED,193.28
Transfer,Current,27/09/2025 18:55,27/09/2025 18:55,To Flexible Cash Funds,-0.02,0,EUR,COMPLETED,193.26
Card Payment,Current,27/09/2025 13:19,28/09/2025 02:49,Maddens Bar,-12.4,0,EUR,COMPLETED,180.86
Card Payment,Current,27/09/2025 18:55,28/09/2025 05:25,TK Maxx,-59.98,0,EUR,COMPLETED,120.88
Card Payment,Current,27/09/2025 14:09,28/09/2025 10:37,Dunnes Stores,-21.57,0,EUR,COMPLETED,99.31
Card Payment,Current,27/09/2025 14:11,28/09/2025 10:37,Dunnes Stores,-21.91,0,EUR,COMPLETED,77.4
Card Payment,Current,27/09/2025 14:56,28/09/2025 10:43,Airwallet Laundry,-13,0,EUR,COMPLETED,64.4
Transfer,Current,28/09/2025 14:23,28/09/2025 14:23,To Flexible Cash Funds,-0.01,0,EUR,COMPLETED,64.39
Transfer,Current,28/09/2025 15:55,28/09/2025 15:55,To Flexible Cash Funds,-1,0,EUR,COMPLETED,63.39
Transfer,Current,28/09/2025 22:11,28/09/2025 22:11,From Flexible Cash Funds,1000,0,EUR,COMPLETED,1063.39
Transfer,Current,28/09/2025 22:14,28/09/2025 22:14,To Trading 212 Markets Limited,-10,0,EUR,COMPLETED,1053.39
Transfer,Current,28/09/2025 22:16,28/09/2025 22:16,To Trading 212 Markets Limited,-1000,0,EUR,COMPLETED,53.39
Card Payment,Current,28/09/2025 14:23,29/09/2025 02:52,Too Good To Go,-5.99,0,EUR,COMPLETED,47.4
Card Payment,Current,28/09/2025 15:55,29/09/2025 03:01,Rustic Boowa,-13,0,EUR,COMPLETED,34.4
Transfer,Current,29/09/2025 22:10,29/09/2025 22:10,From Flexible Cash Funds,1000,0,EUR,COMPLETED,1034.4
Transfer,Current,29/09/2025 22:11,29/09/2025 22:11,To Redcliff Investments Ltd,-1000,0,EUR,COMPLETED,34.4
Topup,Current,29/09/2025 22:21,29/09/2025 22:21,Google Pay top-up by *8806,322.18,0,EUR,COMPLETED,356.58
Transfer,Current,29/09/2025 22:24,29/09/2025 22:24,To Trading 212 Markets Limited,-100,0,EUR,COMPLETED,256.58
Transfer,Current,29/09/2025 22:25,29/09/2025 22:25,From Flexible Cash Funds,256.58,0,EUR,COMPLETED,513.16
Transfer,Current,29/09/2025 22:25,29/09/2025 22:25,To Flexible Cash Funds,-513.16,0,EUR,COMPLETED,0
Topup,Current,29/09/2025 23:15,29/09/2025 23:15,Payment from TRADING 212 MARKETS LTD,10,0,EUR,COMPLETED,10
Transfer,Current,29/09/2025 23:17,29/09/2025 23:17,From Flexible Cash Funds,500,0,EUR,COMPLETED,510
Transfer,Current,29/09/2025 23:18,29/09/2025 23:18,To H.L. O,-500,0,EUR,COMPLETED,10
Transfer,Current,29/09/2025 23:27,29/09/2025 23:27,From Flexible Cash Funds,40,0,EUR,COMPLETED,50
Transfer,Current,29/09/2025 23:46,29/09/2025 23:46,From Flexible Cash Funds,567.35,0,EUR,COMPLETED,617.35
Transfer,Current,29/09/2025 23:47,29/09/2025 23:47,To H.L. O,-517.35,0,EUR,COMPLETED,100
Transfer,Current,29/09/2025 23:47,29/09/2025 23:47,To Flexible Cash Funds,-100,0,EUR,COMPLETED,0
Topup,Current,30/09/2025 20:32,30/09/2025 20:32,From investment account,3.21,0,EUR,COMPLETED,3.21
Transfer,Current,30/09/2025 20:32,30/09/2025 20:32,To Flexible Cash Funds,-3.21,0,EUR,COMPLETED,0
Transfer,Current,02/10/2025 01:10,02/10/2025 01:10,From Flexible Cash Funds,10,0,EUR,COMPLETED,10
Transfer,Current,02/10/2025 01:10,02/10/2025 01:10,To Flexible Cash Funds,-10,0,EUR,COMPLETED,0
Transfer,Current,03/10/2025 19:30,03/10/2025 19:30,From Flexible Cash Funds,50,0,EUR,COMPLETED,50
Transfer,Current,03/10/2025 21:04,03/10/2025 21:04,To Flexible Cash Funds,-0.16,0,EUR,COMPLETED,49.84
Transfer,Current,06/10/2025 13:04,06/10/2025 13:04,To H.L. O,-20,0,EUR,COMPLETED,29.84
Transfer,Current,06/10/2025 13:06,06/10/2025 13:06,From Flexible Cash Funds,12,0,EUR,COMPLETED,41.84
Transfer,Current,06/10/2025 13:06,06/10/2025 13:06,To Flexible Cash Funds,-24,0,EUR,COMPLETED,17.84
Card Payment,Current,03/10/2025 21:04,06/10/2025 13:29,Amazon,-17.84,0,EUR,COMPLETED,0
Transfer,Current,09/10/2025 22:56,09/10/2025 22:56,From Flexible Cash Funds,25,0,EUR,COMPLETED,25
Transfer,Current,23/10/2025 18:13,23/10/2025 18:13,From Flexible Cash Funds,25,0,EUR,COMPLETED,50
Transfer,Current,23/10/2025 18:14,23/10/2025 18:14,To Flexible Cash Funds,-1,0,EUR,COMPLETED,49
Card Payment,Current,23/10/2025 18:14,24/10/2025 05:42,Phelanconan,-40,0,EUR,COMPLETED,9
Exchange,Current,24/10/2025 10:45,24/10/2025 10:45,Exchanged to EUR,171.96,0,EUR,COMPLETED,180.96
Transfer,Current,24/10/2025 10:45,24/10/2025 10:45,To Flexible Cash Funds,-180.96,0,EUR,COMPLETED,0
Transfer,Current,24/10/2025 10:46,24/10/2025 10:46,From Flexible Cash Funds,147.4,0,EUR,COMPLETED,147.4
Transfer,Current,24/10/2025 10:47,24/10/2025 11:50,To Trading 212 Markets Limited,-147.4,0,EUR,COMPLETED,0
Transfer,Current,27/10/2025 08:29,27/10/2025 08:29,From Flexible Cash Funds,50,0,EUR,COMPLETED,50
Topup,Current,30/10/2025 12:51,30/10/2025 12:51,Google Pay top-up by *8806,3154.75,0,EUR,COMPLETED,3204.75
Transfer,Current,30/10/2025 12:51,30/10/2025 13:52,To Trading 212 Markets Limited,-1500,0,EUR,COMPLETED,1704.75
Transfer,Current,30/10/2025 17:52,30/10/2025 17:52,To H.L. O,-500,0,EUR,COMPLETED,1204.75
Transfer,Current,30/10/2025 17:56,30/10/2025 17:56,To Flexible Cash Funds,-1100,0,EUR,COMPLETED,104.75
Transfer,Current,30/10/2025 17:56,30/10/2025 17:56,From Flexible Cash Funds,1100,0,EUR,COMPLETED,1204.75
Transfer,Current,30/10/2025 17:56,30/10/2025 17:56,To H.L. O,-1104.75,0,EUR,COMPLETED,100
Transfer,Current,30/10/2025 18:00,30/10/2025 18:00,To Flexible Cash Funds,-85.01,0,EUR,COMPLETED,14.99
Transfer,Current,01/11/2025 14:55,01/11/2025 14:55,To Flexible Cash Funds,-0.3,0,EUR,COMPLETED,14.69
Transfer,Current,01/11/2025 14:56,01/11/2025 14:56,From Flexible Cash Funds,10,0,EUR,COMPLETED,24.69
Transfer,Current,01/11/2025 15:12,01/11/2025 15:12,From Flexible Cash Funds,20,0,EUR,COMPLETED,44.69
Transfer,Current,01/11/2025 15:13,01/11/2025 15:13,To Flexible Cash Funds,-0.1,0,EUR,COMPLETED,44.59
Card Payment,Current,01/11/2025 14:55,02/11/2025 01:27,Maddens Bar,-8.7,0,EUR,COMPLETED,35.89
Card Payment,Current,01/11/2025 15:13,03/11/2025 05:19,Omniplex,-19.9,0,EUR,COMPLETED,15.99
Transfer,Deposit,13/02/2025 10:23,13/02/2025 10:23,To Instant Access Savings,2,0,EUR,COMPLETED,2
Transfer,Deposit,13/02/2025 10:35,13/02/2025 10:35,From Instant Access Savings,-1,0,EUR,COMPLETED,1
Transfer,Deposit,02/07/2025 14:07,02/07/2025 14:07,From Instant Access Savings,-1,0,EUR,COMPLETED,0
Transfer,Deposit,03/07/2025 02:30,03/07/2025 02:30,Closing transaction,0,0,EUR,COMPLETED,0
