transaction_id,account_id,category_id,date,merchant_name,description,amount,currency_code,payment_channel,pending
QKD9z6mAP3ugeqEeWZvyTjBV3q9DzPFjoVegZ,7BD8PmlNy9S5vXPvqbgWTxzwMGkp9EcdbMK8o,,2025-10-12,FUN,SparkFun,89.4,USD,in store,False
g8Wvpdk6lmTGEnME9rAgsmyPGaVRqZtyDJ16v,eoWb631DemtnG5MGWQJKtXvGPo6adeirv7law,,2025-10-11,,INTRST PYMNT,-4.22,USD,other,False
WdDKJVzAqPTJkxDkLqQ3f1W3KxBN4wIBMVE9p,ZNWdb6eAzmsEk4akbWvMTgVx3Z1ARQuearDJ5,,2025-10-01,United Airlines,United Airlines,500.0,USD,in store,False
ZNWdb6eAzmsEk4akbWvMTgVad4RpoKFxLBlEx,7BD8PmlNy9S5vXPvqbgWTxzwMGkp9EcdbMK8o,,2025-09-29,Uber,Uber 072515 SF**POOL**,6.33,USD,online,False
AeEq16pWyBfEKrpKdXJ8TyA7Qo8KRaHBwmPjZ,ZNWdb6eAzmsEk4akbWvMTgVx3Z1ARQuearDJ5,,2025-09-26,,Tectra Inc,500.0,USD,in store,False
b1W8prgoPmFWGEkGPjA6Iz1Klax3L9tBLeqx1,ZNWdb6eAzmsEk4akbWvMTgVx3Z1ARQuearDJ5,,2025-09-25,,AUTOMATIC PAYMENT - THANK,2078.5,USD,online,False
nKnB4ew9x8uWGy9GkR4VIpdEP5GJ87tJk4ben,ZNWdb6eAzmsEk4akbWvMTgVx3Z1ARQuearDJ5,,2025-09-25,KFC,KFC,500.0,USD,in store,False
GpDjwAo6KNTaK91K7bljTrKP3E8DzyCZ9d3Bk,ZNWdb6eAzmsEk4akbWvMTgVx3Z1ARQuearDJ5,,2025-09-25,,Madison Bicycle Shop,500.0,USD,in store,False
83EW6AqPy9tZwJkwXo9aTvjAb7dwxKfNaBmXD,eoWb631DemtnG5MGWQJKtXvGPo6adeirv7law,,2025-09-16,,CREDIT CARD 3333 PAYMENT *//,25.0,USD,other,False
MADEl6oVdKtk9W49Lo3xsa9zyPw8kqtmxryWk,7BD8PmlNy9S5vXPvqbgWTxzwMGkp9EcdbMK8o,,2025-09-16,Uber,Uber 063015 SF**POOL**,5.4,USD,online,False
yjnAdy5RJ8SW9ER9v1nMIKkdV4PrnpFgdBA3X,MADEl6oVdKtk9W49Lo3xsa9JLEjRwBULXe84K,,2025-09-15,,ACH Electronic CreditGUSTO PAY 123456,5850.0,USD,online,False
E1Da7bvWlkFJkxokPQApfqZra3y5bgF6QNlBD,QKD9z6mAP3ugeqEeWZvyTjBa1y4n9LfwP3WG8,,2025-09-15,,CD DEPOSIT .INITIAL.,1000.0,USD,other,False
mqnrJ7bw38fVEoxEzAa3cWaNGr6jqKirjaJmz,ZNWdb6eAzmsEk4akbWvMTgVx3Z1ARQuearDJ5,,2025-09-14,,Touchstone Climbing,78.5,USD,in store,False
1GEPJ5mB79tl7eM7DmLnfr5xAbXgMpCD71okE,7BD8PmlNy9S5vXPvqbgWTxzwMGkp9EcdbMK8o,,2025-09-14,United Airlines,United Airlines,-500.0,USD,in store,False
LWDgM6owxqtZbnNb14BvTdb1awkg4Nc385axz,7BD8PmlNy9S5vXPvqbgWTxzwMGkp9EcdbMK8o,,2025-09-13,McDonald's,McDonald's,12.0,USD,in store,False
pznagZ9mkWhbEVMEx6ANu5b6yPxLAKsXgdnvy,7BD8PmlNy9S5vXPvqbgWTxzwMGkp9EcdbMK8o,,2025-09-13,Starbucks,Starbucks,4.33,USD,in store,False
ornxbQ9odwhLGEPG3DmMTNL5jRbZoBfv9myZJ,7BD8PmlNy9S5vXPvqbgWTxzwMGkp9EcdbMK8o,,2025-09-12,FUN,SparkFun,89.4,USD,in store,False
6zEoX5d4y9hXBb9B5n6vfeEKweo3Egc8BRVzx,eoWb631DemtnG5MGWQJKtXvGPo6adeirv7law,,2025-09-11,,INTRST PYMNT,-4.22,USD,other,False
4K5M6DGdyJuG5p65PkZqszkXEzKokvuJQxj45,ZNWdb6eAzmsEk4akbWvMTgVx3Z1ARQuearDJ5,,2025-09-01,United Airlines,United Airlines,500.0,USD,in store,False
kGWJwPkoz8tG6Ek6Kwx7s4d394rMdEcLlby83,7BD8PmlNy9S5vXPvqbgWTxzwMGkp9EcdbMK8o,,2025-08-30,Uber,Uber 072515 SF**POOL**,6.33,USD,online,False
NGDAq6gyartnwWLwpMxmt4oXk4nWopcy41Pkd,ZNWdb6eAzmsEk4akbWvMTgVx3Z1ARQuearDJ5,,2025-08-27,,Tectra Inc,500.0,USD,in store,False
7BD8PmlNy9S5vXPvqbgWTxzXax4EzBCdoG7rz,ZNWdb6eAzmsEk4akbWvMTgVx3Z1ARQuearDJ5,,2025-08-26,,AUTOMATIC PAYMENT - THANK,2078.5,USD,online,False
jAnwpNP6r8td9yx9qkeJSWnjGWN1nAC6V3rlj,ZNWdb6eAzmsEk4akbWvMTgVx3Z1ARQuearDJ5,,2025-08-26,KFC,KFC,500.0,USD,in store,False
PqDmr6oANBfebldbgZa8SPbXvPKMbpuoP4pVR,ZNWdb6eAzmsEk4akbWvMTgVx3Z1ARQuearDJ5,,2025-08-26,,Madison Bicycle Shop,500.0,USD,in store,False
XaWzo6BRKjIVbAJbBRZqcwr1vwV5rZfbmRwDy,eoWb631DemtnG5MGWQJKtXvGPo6adeirv7law,,2025-08-17,,CREDIT CARD 3333 PAYMENT *//,25.0,USD,other,False
llnq7jdoByhxGEbGvQdNH1aN41k7aMHpVvDrz,7BD8PmlNy9S5vXPvqbgWTxzwMGkp9EcdbMK8o,,2025-08-17,Uber,Uber 063015 SF**POOL**,5.4,USD,online,False
wNmg3wJ1Q8sxGoMG7w14HnmZjp7lXvfPb6B4r,MADEl6oVdKtk9W49Lo3xsa9JLEjRwBULXe84K,,2025-08-16,,ACH Electronic CreditGUSTO PAY 123456,5850.0,USD,online,False
E1Da7bvWlkFJkxokPQApfqZlaq46ZWH4qLpzz,QKD9z6mAP3ugeqEeWZvyTjBa1y4n9LfwP3WG8,,2025-08-16,,CD DEPOSIT .INITIAL.,1000.0,USD,other,False
eoWb631DemtnG5MGWQJKtXvlrXkev5ir4woey,ZNWdb6eAzmsEk4akbWvMTgVx3Z1ARQuearDJ5,,2025-08-15,,Touchstone Climbing,78.5,USD,in store,False
qByNlM9o48SXWwPWd8JzfBX5EBlLX6Cgzq4V8,7BD8PmlNy9S5vXPvqbgWTxzwMGkp9EcdbMK8o,,2025-08-15,United Airlines,United Airlines,-500.0,USD,in store,False
KEDpR6ZW3lsvpjNpMezGFx4E6xrX4kCRxv4m6,7BD8PmlNy9S5vXPvqbgWTxzwMGkp9EcdbMK8o,,2025-08-14,McDonald's,McDonald's,12.0,USD,in store,False
r3njq19oNmtyGEPGa4jMIgyXQgwByzs7ev3Dl,7BD8PmlNy9S5vXPvqbgWTxzwMGkp9EcdbMK8o,,2025-08-14,Starbucks,Starbucks,4.33,USD,in store,False
z7XnJV91oDFzMbJMZvV4snzK9nVDzjCl5G4gl,7BD8PmlNy9S5vXPvqbgWTxzwMGkp9EcdbMK8o,,2025-08-13,FUN,SparkFun,89.4,USD,in store,False
DMDxo6VGydFXEWvEN3eRflyoLla8yGF358KZ7,eoWb631DemtnG5MGWQJKtXvGPo6adeirv7law,,2025-08-12,,INTRST PYMNT,-4.22,USD,other,False
4K5M6DGdyJuG5p65PkZqszkgqE9w38FJQxj4g,ZNWdb6eAzmsEk4akbWvMTgVx3Z1ARQuearDJ5,,2025-08-02,United Airlines,United Airlines,500.0,USD,in store,False
BQbrwA9Wy3IALz6LaJM5sMAgbM9QAEF4bGDLz,7BD8PmlNy9S5vXPvqbgWTxzwMGkp9EcdbMK8o,,2025-07-31,Uber,Uber 072515 SF**POOL**,6.33,USD,online,False
NGDAq6gyartnwWLwpMxmt4oqakm1xLFy41PkW,ZNWdb6eAzmsEk4akbWvMTgVx3Z1ARQuearDJ5,,2025-07-28,,Tectra Inc,500.0,USD,in store,False
7BD8PmlNy9S5vXPvqbgWTxzJAa51peidoG7rM,ZNWdb6eAzmsEk4akbWvMTgVx3Z1ARQuearDJ5,,2025-07-27,,AUTOMATIC PAYMENT - THANK,2078.5,USD,online,False
jAnwpNP6r8td9yx9qkeJSWnVeGq5bzu6V3rlv,ZNWdb6eAzmsEk4akbWvMTgVx3Z1ARQuearDJ5,,2025-07-27,KFC,KFC,500.0,USD,in store,False
PqDmr6oANBfebldbgZa8SPb9avGywWcoP4pVo,ZNWdb6eAzmsEk4akbWvMTgVx3Z1ARQuearDJ5,,2025-07-27,,Madison Bicycle Shop,500.0,USD,in store,False
VxDlp6rmkNHwyApyX7e9sM9qKMwR9lF9BJ3DD,eoWb631DemtnG5MGWQJKtXvGPo6adeirv7law,,2025-07-18,,CREDIT CARD 3333 PAYMENT *//,25.0,USD,other,False
3qAQPodxk9fGNdaNxPXWsEAkJE6RAVSZDad8M,7BD8PmlNy9S5vXPvqbgWTxzwMGkp9EcdbMK8o,,2025-07-18,Uber,Uber 063015 SF**POOL**,5.4,USD,online,False
5rmL7R6ay9hJR7MRL5nKfB9VRAJ5xbu51Dqa5,MADEl6oVdKtk9W49Lo3xsa9JLEjRwBULXe84K,,2025-07-17,,ACH Electronic CreditGUSTO PAY 123456,5850.0,USD,online,False
WdDKJVzAqPTJkxDkLqQ3f1WPK1J6WGH6kGJxq,QKD9z6mAP3ugeqEeWZvyTjBa1y4n9LfwP3WG8,,2025-07-17,,CD DEPOSIT .INITIAL.,1000.0,USD,other,False
eoWb631DemtnG5MGWQJKtXv4brNLaWir4woeV,ZNWdb6eAzmsEk4akbWvMTgVx3Z1ARQuearDJ5,,2025-07-16,,Touchstone Climbing,78.5,USD,in store,False
xPnExy5mkQHxXVMXelJAHDKZnDyvK6C63EdAA,7BD8PmlNy9S5vXPvqbgWTxzwMGkp9EcdbMK8o,,2025-07-16,United Airlines,United Airlines,-500.0,USD,in store,False
dp6GgB897mTEko5krdnqTPrBGPq7rouJj3L6G,7BD8PmlNy9S5vXPvqbgWTxzwMGkp9EcdbMK8o,,2025-07-15,McDonald's,McDonald's,12.0,USD,in store,False
aMbokK9GNmFlKAEKLZWjfWlkdWPglDCZB9Aeo,7BD8PmlNy9S5vXPvqbgWTxzwMGkp9EcdbMK8o,,2025-07-15,Starbucks,Starbucks,4.33,USD,in store,False
4K5M6DGdyJuG5p65PkZqszkXEzKokvuJQxj3m,7BD8PmlNy9S5vXPvqbgWTxzwMGkp9EcdbMK8o,,2025-07-14,FUN,SparkFun,89.4,USD,in store,False
wNmg3wJ1Q8sxGoMG7w14HnmapnGLmgCPb6BQM,eoWb631DemtnG5MGWQJKtXvGPo6adeirv7law,,2025-07-13,,INTRST PYMNT,-4.22,USD,other,False
QKD9z6mAP3ugeqEeWZvyTjB5l3EznJCw5dqRz,ZNWdb6eAzmsEk4akbWvMTgVx3Z1ARQuearDJ5,,2025-07-03,United Airlines,United Airlines,500.0,USD,in store,False
NGDAq6gyartnwWLwpMxmt4oXk4nWopcy41P7a,7BD8PmlNy9S5vXPvqbgWTxzwMGkp9EcdbMK8o,,2025-07-01,Uber,Uber 072515 SF**POOL**,6.33,USD,online,False
ZNWdb6eAzmsEk4akbWvMTgVB5dloAWHe6jd9P,ZNWdb6eAzmsEk4akbWvMTgVx3Z1ARQuearDJ5,,2025-06-28,,Tectra Inc,500.0,USD,in store,False
LWDgM6owxqtZbnNb14BvTdbGra34MEukXJVdd,ZNWdb6eAzmsEk4akbWvMTgVx3Z1ARQuearDJ5,,2025-06-27,,AUTOMATIC PAYMENT - THANK,2078.5,USD,online,False
1GEPJ5mB79tl7eM7DmLnfr5Q3AlMGaCp8wAEV,ZNWdb6eAzmsEk4akbWvMTgVx3Z1ARQuearDJ5,,2025-06-27,KFC,KFC,500.0,USD,in store,False
MADEl6oVdKtk9W49Lo3xsa91AybkRmuLJodGm,ZNWdb6eAzmsEk4akbWvMTgVx3Z1ARQuearDJ5,,2025-06-27,,Madison Bicycle Shop,500.0,USD,in store,False
5rmL7R6ay9hJR7MRL5nKfB9jABPg9GC51Dq6j,eoWb631DemtnG5MGWQJKtXvGPo6adeirv7law,,2025-06-18,,CREDIT CARD 3333 PAYMENT *//,25.0,USD,other,False
PqDmr6oANBfebldbgZa8SPbXvPKMbpuoP4pNV,7BD8PmlNy9S5vXPvqbgWTxzwMGkp9EcdbMK8o,,2025-06-18,Uber,Uber 063015 SF**POOL**,5.4,USD,online,False
J8D1k69WB7T8DPNDZErQU389d5o1xkIBDLVlQ,MADEl6oVdKtk9W49Lo3xsa9JLEjRwBULXe84K,,2025-06-17,,ACH Electronic CreditGUSTO PAY 123456,5850.0,USD,online,False
AeEq16pWyBfEKrpKdXJ8TyAXQyxqAWH9QvnMe,QKD9z6mAP3ugeqEeWZvyTjBa1y4n9LfwP3WG8,,2025-06-17,,CD DEPOSIT .INITIAL.,1000.0,USD,other,False
pznagZ9mkWhbEVMEx6ANu5blpyvAzXhpZxA8m,ZNWdb6eAzmsEk4akbWvMTgVx3Z1ARQuearDJ5,,2025-06-16,,Touchstone Climbing,78.5,USD,in store,False
jAnwpNP6r8td9yx9qkeJSWnjGWN1nAC6V3rGb,7BD8PmlNy9S5vXPvqbgWTxzwMGkp9EcdbMK8o,,2025-06-16,United Airlines,United Airlines,-500.0,USD,in store,False
7BD8PmlNy9S5vXPvqbgWTxzXax4EzBCdoG71A,7BD8PmlNy9S5vXPvqbgWTxzwMGkp9EcdbMK8o,,2025-06-15,McDonald's,McDonald's,12.0,USD,in store,False
eoWb631DemtnG5MGWQJKtXvlrXkev5ir4woVq,7BD8PmlNy9S5vXPvqbgWTxzwMGkp9EcdbMK8o,,2025-06-15,Starbucks,Starbucks,4.33,USD,in store,False
QKD9z6mAP3ugeqEeWZvyTjBN3jrLBxcw5dqaq,7BD8PmlNy9S5vXPvqbgWTxzwMGkp9EcdbMK8o,,2025-06-14,FUN,SparkFun,89.4,USD,in store,False
J8D1k69WB7T8DPNDZErQU38Q537a8pIBDLVnN,eoWb631DemtnG5MGWQJKtXvGPo6adeirv7law,,2025-06-13,,INTRST PYMNT,-4.22,USD,other,False
ornxbQ9odwhLGEPG3DmMTNL8Xjvor9iod3WGx,ZNWdb6eAzmsEk4akbWvMTgVx3Z1ARQuearDJ5,,2025-06-03,United Airlines,United Airlines,500.0,USD,in store,False
ZNWdb6eAzmsEk4akbWvMTgV9dgPQVzse6jdbZ,7BD8PmlNy9S5vXPvqbgWTxzwMGkp9EcdbMK8o,,2025-06-01,Uber,Uber 072515 SF**POOL**,6.33,USD,online,False
g8Wvpdk6lmTGEnME9rAgsmyvAGjqbefExXvde,ZNWdb6eAzmsEk4akbWvMTgVx3Z1ARQuearDJ5,,2025-05-29,,Tectra Inc,500.0,USD,in store,False
WdDKJVzAqPTJkxDkLqQ3f1W7EKm4dXu6kGJqL,ZNWdb6eAzmsEk4akbWvMTgVx3Z1ARQuearDJ5,,2025-05-28,,AUTOMATIC PAYMENT - THANK,2078.5,USD,online,False
E1Da7bvWlkFJkxokPQApfqZ1Ja7bwjc4qLp3W,ZNWdb6eAzmsEk4akbWvMTgVx3Z1ARQuearDJ5,,2025-05-28,KFC,KFC,500.0,USD,in store,False
83EW6AqPy9tZwJkwXo9aTvj9rbZxeXcWbykek,ZNWdb6eAzmsEk4akbWvMTgVx3Z1ARQuearDJ5,,2025-05-28,,Madison Bicycle Shop,500.0,USD,in store,False
kGWJwPkoz8tG6Ek6Kwx7s4d394rMdEcLlbymg,eoWb631DemtnG5MGWQJKtXvGPo6adeirv7law,,2025-05-19,,CREDIT CARD 3333 PAYMENT *//,25.0,USD,other,False
MADEl6oVdKtk9W49Lo3xsa94yaVB9pcLJod7n,7BD8PmlNy9S5vXPvqbgWTxzwMGkp9EcdbMK8o,,2025-05-19,Uber,Uber 063015 SF**POOL**,5.4,USD,online,False
kGWJwPkoz8tG6Ek6Kwx7s4dlB9KVx7FLlby4z,MADEl6oVdKtk9W49Lo3xsa9JLEjRwBULXe84K,,2025-05-18,,ACH Electronic CreditGUSTO PAY 123456,5850.0,USD,online,False
GpDjwAo6KNTaK91K7bljTrKG3rnxKAu654zwr,QKD9z6mAP3ugeqEeWZvyTjBa1y4n9LfwP3WG8,,2025-05-18,,CD DEPOSIT .INITIAL.,1000.0,USD,other,False
AeEq16pWyBfEKrpKdXJ8TyAeBQ9REgt9Qvneg,ZNWdb6eAzmsEk4akbWvMTgVx3Z1ARQuearDJ5,,2025-05-17,,Touchstone Climbing,78.5,USD,in store,False
1GEPJ5mB79tl7eM7DmLnfr56Arvq5Wup8wA3M,7BD8PmlNy9S5vXPvqbgWTxzwMGkp9EcdbMK8o,,2025-05-17,United Airlines,United Airlines,-500.0,USD,in store,False
LWDgM6owxqtZbnNb14BvTdbeadZVbKtkXJVo1,7BD8PmlNy9S5vXPvqbgWTxzwMGkp9EcdbMK8o,,2025-05-16,McDonald's,McDonald's,12.0,USD,in store,False
pznagZ9mkWhbEVMEx6ANu5bqy581bVFpZxAka,7BD8PmlNy9S5vXPvqbgWTxzwMGkp9EcdbMK8o,,2025-05-16,Starbucks,Starbucks,4.33,USD,in store,False
ornxbQ9odwhLGEPG3DmMTNLPjNqaL6fod3Wrz,7BD8PmlNy9S5vXPvqbgWTxzwMGkp9EcdbMK8o,,2025-05-15,FUN,SparkFun,89.4,USD,in store,False
llnq7jdoByhxGEbGvQdNH1aN41k7aMHpVvDMK,eoWb631DemtnG5MGWQJKtXvGPo6adeirv7law,,2025-05-14,,INTRST PYMNT,-4.22,USD,other,False
GpDjwAo6KNTaK91K7bljTrKog3RzqXC654zjm,ZNWdb6eAzmsEk4akbWvMTgVx3Z1ARQuearDJ5,,2025-05-04,United Airlines,United Airlines,500.0,USD,in store,False
g8Wvpdk6lmTGEnME9rAgsmy3GmMDynHExXvrQ,7BD8PmlNy9S5vXPvqbgWTxzwMGkp9EcdbMK8o,,2025-05-02,Uber,Uber 072515 SF**POOL**,6.33,USD,online,False
nKnB4ew9x8uWGy9GkR4VIpdlmPk8D9fAjBLmv,ZNWdb6eAzmsEk4akbWvMTgVx3Z1ARQuearDJ5,,2025-04-29,,Tectra Inc,500.0,USD,in store,False
yjnAdy5RJ8SW9ER9v1nMIKkGlVvnWoH4zQ7ve,ZNWdb6eAzmsEk4akbWvMTgVx3Z1ARQuearDJ5,,2025-04-28,,AUTOMATIC PAYMENT - THANK,2078.5,USD,online,False
mqnrJ7bw38fVEoxEzAa3cWak9GzqV8ugD5V3n,ZNWdb6eAzmsEk4akbWvMTgVx3Z1ARQuearDJ5,,2025-04-28,KFC,KFC,500.0,USD,in store,False
b1W8prgoPmFWGEkGPjA6Iz1XnldLVWFmXwMvd,ZNWdb6eAzmsEk4akbWvMTgVx3Z1ARQuearDJ5,,2025-04-28,,Madison Bicycle Shop,500.0,USD,in store,False
qByNlM9o48SXWwPWd8JzfBX5EBlLX6Cgzq4Q4,eoWb631DemtnG5MGWQJKtXvGPo6adeirv7law,,2025-04-19,,CREDIT CARD 3333 PAYMENT *//,25.0,USD,other,False
83EW6AqPy9tZwJkwXo9aTvj8bvgQjntWbykzj,7BD8PmlNy9S5vXPvqbgWTxzwMGkp9EcdbMK8o,,2025-04-19,Uber,Uber 063015 SF**POOL**,5.4,USD,online,False
llnq7jdoByhxGEbGvQdNH1aVX46npBupVvDKr,MADEl6oVdKtk9W49Lo3xsa9JLEjRwBULXe84K,,2025-04-18,,ACH Electronic CreditGUSTO PAY 123456,5850.0,USD,online,False
nKnB4ew9x8uWGy9GkR4VIpdXPpz4d6cAjBLDa,QKD9z6mAP3ugeqEeWZvyTjBa1y4n9LfwP3WG8,,2025-04-18,,CD DEPOSIT .INITIAL.,1000.0,USD,other,False
9xEGkDKjy9HRN75Nl9gpFk4xlpR1dqC4pmXJQ,ZNWdb6eAzmsEk4akbWvMTgVx3Z1ARQuearDJ5,,2025-04-17,,Touchstone Climbing,78.5,USD,in store,False
E1Da7bvWlkFJkxokPQApfqZlaq46ZWH4qLpVk,7BD8PmlNy9S5vXPvqbgWTxzwMGkp9EcdbMK8o,,2025-04-17,United Airlines,United Airlines,-500.0,USD,in store,False
WdDKJVzAqPTJkxDkLqQ3f1WPK1J6WGH6kGJvE,7BD8PmlNy9S5vXPvqbgWTxzwMGkp9EcdbMK8o,,2025-04-16,McDonald's,McDonald's,12.0,USD,in store,False
AeEq16pWyBfEKrpKdXJ8TyAXQyxqAWH9Qvny5,7BD8PmlNy9S5vXPvqbgWTxzwMGkp9EcdbMK8o,,2025-04-16,Starbucks,Starbucks,4.33,USD,in store,False
GpDjwAo6KNTaK91K7bljTrKG3rnxKAu654z87,7BD8PmlNy9S5vXPvqbgWTxzwMGkp9EcdbMK8o,,2025-04-15,FUN,SparkFun,89.4,USD,in store,False
KEDpR6ZW3lsvpjNpMezGFx4E6xrX4kCRxv45d,eoWb631DemtnG5MGWQJKtXvGPo6adeirv7law,,2025-04-14,,INTRST PYMNT,-4.22,USD,other,False
v4npByAJe8SAE1JEjneZsWlEawjAeduqMD97R,ZNWdb6eAzmsEk4akbWvMTgVx3Z1ARQuearDJ5,,2025-04-04,United Airlines,United Airlines,500.0,USD,in store,False
nKnB4ew9x8uWGy9GkR4VIpdXPpz4d6cAjBLE9,7BD8PmlNy9S5vXPvqbgWTxzwMGkp9EcdbMK8o,,2025-04-02,Uber,Uber 072515 SF**POOL**,6.33,USD,online,False
RrDRB6oAjxh8QK4QJwNEU7QdJ43agbfagQm1A,ZNWdb6eAzmsEk4akbWvMTgVx3Z1ARQuearDJ5,,2025-03-30,,Tectra Inc,500.0,USD,in store,False
DMDxo6VGydFXEWvEN3eRflyVNLzxKXC358KpR,ZNWdb6eAzmsEk4akbWvMTgVx3Z1ARQuearDJ5,,2025-03-29,,AUTOMATIC PAYMENT - THANK,2078.5,USD,online,False
XaWzo6BRKjIVbAJbBRZqcwrQBvMjpLubmRwlk,ZNWdb6eAzmsEk4akbWvMTgVx3Z1ARQuearDJ5,,2025-03-29,KFC,KFC,500.0,USD,in store,False
6zEoX5d4y9hXBb9B5n6vfeEn8wXMZki8BRVAP,ZNWdb6eAzmsEk4akbWvMTgVx3Z1ARQuearDJ5,,2025-03-29,,Madison Bicycle Shop,500.0,USD,in store,False
r3njq19oNmtyGEPGa4jMIgyXQgwByzs7ev3GK,eoWb631DemtnG5MGWQJKtXvGPo6adeirv7law,,2025-03-20,,CREDIT CARD 3333 PAYMENT *//,25.0,USD,other,False
b1W8prgoPmFWGEkGPjA6Iz1olzmy15umXwMzK,7BD8PmlNy9S5vXPvqbgWTxzwMGkp9EcdbMK8o,,2025-03-20,Uber,Uber 063015 SF**POOL**,5.4,USD,online,False
qByNlM9o48SXWwPWd8JzfBX14Edxyjugzq4eo,MADEl6oVdKtk9W49Lo3xsa9JLEjRwBULXe84K,,2025-03-19,,ACH Electronic CreditGUSTO PAY 123456,5850.0,USD,online,False
b1W8prgoPmFWGEkGPjA6Iz1olzmy15umXwMPM,QKD9z6mAP3ugeqEeWZvyTjBa1y4n9LfwP3WG8,,2025-03-19,,CD DEPOSIT .INITIAL.,1000.0,USD,other,False
VxDlp6rmkNHwyApyX7e9sM9LBKod7Wi9BJ3Ag,ZNWdb6eAzmsEk4akbWvMTgVx3Z1ARQuearDJ5,,2025-03-18,,Touchstone Climbing,78.5,USD,in store,False
mqnrJ7bw38fVEoxEzAa3cWalGWw4aoCgD5VPy,7BD8PmlNy9S5vXPvqbgWTxzwMGkp9EcdbMK8o,,2025-03-18,United Airlines,United Airlines,-500.0,USD,in store,False
yjnAdy5RJ8SW9ER9v1nMIKkJVKB8k7s4zQ75R,7BD8PmlNy9S5vXPvqbgWTxzwMGkp9EcdbMK8o,,2025-03-17,McDonald's,McDonald's,12.0,USD,in store,False
9xEGkDKjy9HRN75Nl9gpFk4apkBQ4nT4pmXnp,7BD8PmlNy9S5vXPvqbgWTxzwMGkp9EcdbMK8o,,2025-03-17,Starbucks,Starbucks,4.33,USD,in store,False
v4npByAJe8SAE1JEjneZsWlPwWyJl7CqMD9lD,7BD8PmlNy9S5vXPvqbgWTxzwMGkp9EcdbMK8o,,2025-03-16,FUN,SparkFun,89.4,USD,in store,False
z7XnJV91oDFzMbJMZvV4snzK9nVDzjCl5G4jx,eoWb631DemtnG5MGWQJKtXvGPo6adeirv7law,,2025-03-15,,INTRST PYMNT,-4.22,USD,other,False
wNmg3wJ1Q8sxGoMG7w14HnmZjp7lXvfPb6BdX,ZNWdb6eAzmsEk4akbWvMTgVx3Z1ARQuearDJ5,,2025-03-05,United Airlines,United Airlines,500.0,USD,in store,False
RrDRB6oAjxh8QK4QJwNEU7QP478MQRcagQmJv,7BD8PmlNy9S5vXPvqbgWTxzwMGkp9EcdbMK8o,,2025-03-03,Uber,Uber 072515 SF**POOL**,6.33,USD,online,False
5rmL7R6ay9hJR7MRL5nKfB9VRAJ5xbu51DqL1,ZNWdb6eAzmsEk4akbWvMTgVx3Z1ARQuearDJ5,,2025-02-28,,Tectra Inc,500.0,USD,in store,False
llnq7jdoByhxGEbGvQdNH1aVX46npBupVvDAy,ZNWdb6eAzmsEk4akbWvMTgVx3Z1ARQuearDJ5,,2025-02-27,,AUTOMATIC PAYMENT - THANK,2078.5,USD,online,False
kGWJwPkoz8tG6Ek6Kwx7s4dlB9KVx7FLlbyRV,ZNWdb6eAzmsEk4akbWvMTgVx3Z1ARQuearDJ5,,2025-02-27,KFC,KFC,500.0,USD,in store,False
J8D1k69WB7T8DPNDZErQU389d5o1xkIBDLVNL,ZNWdb6eAzmsEk4akbWvMTgVx3Z1ARQuearDJ5,,2025-02-27,,Madison Bicycle Shop,500.0,USD,in store,False
BQbrwA9Wy3IALz6LaJM5sMAgbM9QAEF4bGDad,eoWb631DemtnG5MGWQJKtXvGPo6adeirv7law,,2025-02-18,,CREDIT CARD 3333 PAYMENT *//,25.0,USD,other,False
6zEoX5d4y9hXBb9B5n6vfeEKweo3Egc8BRVGW,7BD8PmlNy9S5vXPvqbgWTxzwMGkp9EcdbMK8o,,2025-02-18,Uber,Uber 063015 SF**POOL**,5.4,USD,online,False
KEDpR6ZW3lsvpjNpMezGFx4DK6bBvGiRxv4lK,MADEl6oVdKtk9W49Lo3xsa9JLEjRwBULXe84K,,2025-02-17,,ACH Electronic CreditGUSTO PAY 123456,5850.0,USD,online,False
mqnrJ7bw38fVEoxEzAa3cWalGWw4aoCgD5VkB,QKD9z6mAP3ugeqEeWZvyTjBa1y4n9LfwP3WG8,,2025-02-17,,CD DEPOSIT .INITIAL.,1000.0,USD,other,False
qByNlM9o48SXWwPWd8JzfBX14Edxyjugzq4XE,ZNWdb6eAzmsEk4akbWvMTgVx3Z1ARQuearDJ5,,2025-02-16,,Touchstone Climbing,78.5,USD,in store,False
XaWzo6BRKjIVbAJbBRZqcwr1vwV5rZfbmRwyQ,7BD8PmlNy9S5vXPvqbgWTxzwMGkp9EcdbMK8o,,2025-02-16,United Airlines,United Airlines,-500.0,USD,in store,False
DMDxo6VGydFXEWvEN3eRflyoLla8yGF358Kno,7BD8PmlNy9S5vXPvqbgWTxzwMGkp9EcdbMK8o,,2025-02-15,McDonald's,McDonald's,12.0,USD,in store,False
VxDlp6rmkNHwyApyX7e9sM9qKMwR9lF9BJ3Rm,7BD8PmlNy9S5vXPvqbgWTxzwMGkp9EcdbMK8o,,2025-02-15,Starbucks,Starbucks,4.33,USD,in store,False
wNmg3wJ1Q8sxGoMG7w14HnmapnGLmgCPb6BL9,7BD8PmlNy9S5vXPvqbgWTxzwMGkp9EcdbMK8o,,2025-02-14,FUN,SparkFun,89.4,USD,in store,False
3qAQPodxk9fGNdaNxPXWsEAkJE6RAVSZDadXz,eoWb631DemtnG5MGWQJKtXvGPo6adeirv7law,,2025-02-13,,INTRST PYMNT,-4.22,USD,other,False
KEDpR6ZW3lsvpjNpMezGFx4DK6bBvGiRxv439,ZNWdb6eAzmsEk4akbWvMTgVx3Z1ARQuearDJ5,,2025-02-03,United Airlines,United Airlines,500.0,USD,in store,False
5rmL7R6ay9hJR7MRL5nKfB9jABPg9GC51Dqgl,7BD8PmlNy9S5vXPvqbgWTxzwMGkp9EcdbMK8o,,2025-02-01,Uber,Uber 072515 SF**POOL**,6.33,USD,online,False
r3njq19oNmtyGEPGa4jMIgyEmQ8oLlH7ev3BP,ZNWdb6eAzmsEk4akbWvMTgVx3Z1ARQuearDJ5,,2025-01-29,,Tectra Inc,500.0,USD,in store,False
3qAQPodxk9fGNdaNxPXWsEAw7JGvKoCZDadNx,ZNWdb6eAzmsEk4akbWvMTgVx3Z1ARQuearDJ5,,2025-01-28,,AUTOMATIC PAYMENT - THANK,2078.5,USD,online,False
BQbrwA9Wy3IALz6LaJM5sMANqb6er4i4bGDJE,ZNWdb6eAzmsEk4akbWvMTgVx3Z1ARQuearDJ5,,2025-01-28,KFC,KFC,500.0,USD,in store,False
z7XnJV91oDFzMbJMZvV4snzAB9EbN8fl5G48a,ZNWdb6eAzmsEk4akbWvMTgVx3Z1ARQuearDJ5,,2025-01-28,,Madison Bicycle Shop,500.0,USD,in store,False
xPnExy5mkQHxXVMXelJAHDKZnDyvK6C63Edgq,eoWb631DemtnG5MGWQJKtXvGPo6adeirv7law,,2025-01-19,,CREDIT CARD 3333 PAYMENT *//,25.0,USD,other,False
J8D1k69WB7T8DPNDZErQU38Q537a8pIBDLVZP,7BD8PmlNy9S5vXPvqbgWTxzwMGkp9EcdbMK8o,,2025-01-19,Uber,Uber 063015 SF**POOL**,5.4,USD,online,False
r3njq19oNmtyGEPGa4jMIgyEmQ8oLlH7ev3rG,MADEl6oVdKtk9W49Lo3xsa9JLEjRwBULXe84K,,2025-01-18,,ACH Electronic CreditGUSTO PAY 123456,5850.0,USD,online,False
yjnAdy5RJ8SW9ER9v1nMIKkJVKB8k7s4zQ7MN,QKD9z6mAP3ugeqEeWZvyTjBa1y4n9LfwP3WG8,,2025-01-18,,CD DEPOSIT .INITIAL.,1000.0,USD,other,False
xPnExy5mkQHxXVMXelJAHDKeAnkRjEf63EdWZ,ZNWdb6eAzmsEk4akbWvMTgVx3Z1ARQuearDJ5,,2025-01-17,,Touchstone Climbing,78.5,USD,in store,False
kGWJwPkoz8tG6Ek6Kwx7s4d394rMdEcLlbyw3,7BD8PmlNy9S5vXPvqbgWTxzwMGkp9EcdbMK8o,,2025-01-17,United Airlines,United Airlines,-500.0,USD,in store,False
llnq7jdoByhxGEbGvQdNH1aN41k7aMHpVvDJz,7BD8PmlNy9S5vXPvqbgWTxzwMGkp9EcdbMK8o,,2025-01-16,McDonald's,McDonald's,12.0,USD,in store,False
qByNlM9o48SXWwPWd8JzfBX5EBlLX6Cgzq4o8,7BD8PmlNy9S5vXPvqbgWTxzwMGkp9EcdbMK8o,,2025-01-16,Starbucks,Starbucks,4.33,USD,in store,False
KEDpR6ZW3lsvpjNpMezGFx4E6xrX4kCRxv4n6,7BD8PmlNy9S5vXPvqbgWTxzwMGkp9EcdbMK8o,,2025-01-15,FUN,SparkFun,89.4,USD,in store,False
dp6GgB897mTEko5krdnqTPrBGPq7rouJj3L9x,eoWb631DemtnG5MGWQJKtXvGPo6adeirv7law,,2025-01-14,,INTRST PYMNT,-4.22,USD,other,False
dp6GgB897mTEko5krdnqTPrjXG4be6cJj3LAd,ZNWdb6eAzmsEk4akbWvMTgVx3Z1ARQuearDJ5,,2025-01-04,United Airlines,United Airlines,500.0,USD,in store,False
r3njq19oNmtyGEPGa4jMIgyXQgwByzs7ev3ol,7BD8PmlNy9S5vXPvqbgWTxzwMGkp9EcdbMK8o,,2025-01-02,Uber,Uber 072515 SF**POOL**,6.33,USD,online,False
aMbokK9GNmFlKAEKLZWjfWlBVdx6EvuZB9AGp,ZNWdb6eAzmsEk4akbWvMTgVx3Z1ARQuearDJ5,,2024-12-30,,Tectra Inc,500.0,USD,in store,False
PqDmr6oANBfebldbgZa8SPb9avGywWcoP4pmo,ZNWdb6eAzmsEk4akbWvMTgVx3Z1ARQuearDJ5,,2024-12-29,,AUTOMATIC PAYMENT - THANK,2078.5,USD,online,False
NGDAq6gyartnwWLwpMxmt4oqakm1xLFy41PNW,ZNWdb6eAzmsEk4akbWvMTgVx3Z1ARQuearDJ5,,2024-12-29,KFC,KFC,500.0,USD,in store,False
4K5M6DGdyJuG5p65PkZqszkgqE9w38FJQxjEg,ZNWdb6eAzmsEk4akbWvMTgVx3Z1ARQuearDJ5,,2024-12-29,,Madison Bicycle Shop,500.0,USD,in store,False
aMbokK9GNmFlKAEKLZWjfWlkdWPglDCZB9AnL,eoWb631DemtnG5MGWQJKtXvGPo6adeirv7law,,2024-12-20,,CREDIT CARD 3333 PAYMENT *//,25.0,USD,other,False
z7XnJV91oDFzMbJMZvV4snzK9nVDzjCl5G4ql,7BD8PmlNy9S5vXPvqbgWTxzwMGkp9EcdbMK8o,,2024-12-20,Uber,Uber 063015 SF**POOL**,5.4,USD,online,False
z7XnJV91oDFzMbJMZvV4snzAB9EbN8fl5G4Aj,MADEl6oVdKtk9W49Lo3xsa9JLEjRwBULXe84K,,2024-12-19,,ACH Electronic CreditGUSTO PAY 123456,5850.0,USD,online,False
9xEGkDKjy9HRN75Nl9gpFk4apkBQ4nT4pmXMZ,QKD9z6mAP3ugeqEeWZvyTjBa1y4n9LfwP3WG8,,2024-12-19,,CD DEPOSIT .INITIAL.,1000.0,USD,other,False
jAnwpNP6r8td9yx9qkeJSWnVeGq5bzu6V3rbv,ZNWdb6eAzmsEk4akbWvMTgVx3Z1ARQuearDJ5,,2024-12-18,,Touchstone Climbing,78.5,USD,in store,False
BQbrwA9Wy3IALz6LaJM5sMAgbM9QAEF4bGDZz,7BD8PmlNy9S5vXPvqbgWTxzwMGkp9EcdbMK8o,,2024-12-18,United Airlines,United Airlines,-500.0,USD,in store,False
3qAQPodxk9fGNdaNxPXWsEAkJE6RAVSZDadPM,7BD8PmlNy9S5vXPvqbgWTxzwMGkp9EcdbMK8o,,2024-12-17,McDonald's,McDonald's,12.0,USD,in store,False
xPnExy5mkQHxXVMXelJAHDKZnDyvK6C63EdNA,7BD8PmlNy9S5vXPvqbgWTxzwMGkp9EcdbMK8o,,2024-12-17,Starbucks,Starbucks,4.33,USD,in store,False
dp6GgB897mTEko5krdnqTPrBGPq7rouJj3LGG,7BD8PmlNy9S5vXPvqbgWTxzwMGkp9EcdbMK8o,,2024-12-16,FUN,SparkFun,89.4,USD,in store,False
4K5M6DGdyJuG5p65PkZqszkXEzKokvuJQxjWA,eoWb631DemtnG5MGWQJKtXvGPo6adeirv7law,,2024-12-15,,INTRST PYMNT,-4.22,USD,other,False
7BD8PmlNy9S5vXPvqbgWTxzJAa51peidoG7VM,ZNWdb6eAzmsEk4akbWvMTgVx3Z1ARQuearDJ5,,2024-12-05,United Airlines,United Airlines,500.0,USD,in store,False
aMbokK9GNmFlKAEKLZWjfWlkdWPglDCZB9APo,7BD8PmlNy9S5vXPvqbgWTxzwMGkp9EcdbMK8o,,2024-12-03,Uber,Uber 072515 SF**POOL**,6.33,USD,online,False
eoWb631DemtnG5MGWQJKtXv4brNLaWir4wonV,ZNWdb6eAzmsEk4akbWvMTgVx3Z1ARQuearDJ5,,2024-11-30,,Tectra Inc,500.0,USD,in store,False
MADEl6oVdKtk9W49Lo3xsa91AybkRmuLJodZm,ZNWdb6eAzmsEk4akbWvMTgVx3Z1ARQuearDJ5,,2024-11-29,,AUTOMATIC PAYMENT - THANK,2078.5,USD,online,False
ZNWdb6eAzmsEk4akbWvMTgVB5dloAWHe6jdkP,ZNWdb6eAzmsEk4akbWvMTgVx3Z1ARQuearDJ5,,2024-11-29,KFC,KFC,500.0,USD,in store,False
QKD9z6mAP3ugeqEeWZvyTjB5l3EznJCw5dqAz,ZNWdb6eAzmsEk4akbWvMTgVx3Z1ARQuearDJ5,,2024-11-29,,Madison Bicycle Shop,500.0,USD,in store,False
NGDAq6gyartnwWLwpMxmt4oXk4nWopcy41PaK,eoWb631DemtnG5MGWQJKtXvGPo6adeirv7law,,2024-11-20,,CREDIT CARD 3333 PAYMENT *//,25.0,USD,other,False
4K5M6DGdyJuG5p65PkZqszkXEzKokvuJQxjkm,7BD8PmlNy9S5vXPvqbgWTxzwMGkp9EcdbMK8o,,2024-11-20,Uber,Uber 063015 SF**POOL**,5.4,USD,online,False
BQbrwA9Wy3IALz6LaJM5sMANqb6er4i4bGD9V,MADEl6oVdKtk9W49Lo3xsa9JLEjRwBULXe84K,,2024-11-19,,ACH Electronic CreditGUSTO PAY 123456,5850.0,USD,online,False
v4npByAJe8SAE1JEjneZsWlPwWyJl7CqMD9VN,QKD9z6mAP3ugeqEeWZvyTjBa1y4n9LfwP3WG8,,2024-11-19,,CD DEPOSIT .INITIAL.,1000.0,USD,other,False
1GEPJ5mB79tl7eM7DmLnfr5Q3AlMGaCp8wAvV,ZNWdb6eAzmsEk4akbWvMTgVx3Z1ARQuearDJ5,,2024-11-18,,Touchstone Climbing,78.5,USD,in store,False
NGDAq6gyartnwWLwpMxmt4oXk4nWopcy41Pxa,7BD8PmlNy9S5vXPvqbgWTxzwMGkp9EcdbMK8o,,2024-11-18,United Airlines,United Airlines,-500.0,USD,in store,False
PqDmr6oANBfebldbgZa8SPbXvPKMbpuoP4pJV,7BD8PmlNy9S5vXPvqbgWTxzwMGkp9EcdbMK8o,,2024-11-17,McDonald's,McDonald's,12.0,USD,in store,False
jAnwpNP6r8td9yx9qkeJSWnjGWN1nAC6V3rwb,7BD8PmlNy9S5vXPvqbgWTxzwMGkp9EcdbMK8o,,2024-11-17,Starbucks,Starbucks,4.33,USD,in store,False
7BD8PmlNy9S5vXPvqbgWTxzXax4EzBCdoG7jA,7BD8PmlNy9S5vXPvqbgWTxzwMGkp9EcdbMK8o,,2024-11-16,FUN,SparkFun,89.4,USD,in store,False
PqDmr6oANBfebldbgZa8SPbXvPKMbpuoP4pjA,eoWb631DemtnG5MGWQJKtXvGPo6adeirv7law,,2024-11-15,,INTRST PYMNT,-4.22,USD,other,False
LWDgM6owxqtZbnNb14BvTdbGra34MEukXJVzd,ZNWdb6eAzmsEk4akbWvMTgVx3Z1ARQuearDJ5,,2024-11-05,United Airlines,United Airlines,500.0,USD,in store,False
eoWb631DemtnG5MGWQJKtXvlrXkev5ir4woEq,7BD8PmlNy9S5vXPvqbgWTxzwMGkp9EcdbMK8o,,2024-11-03,Uber,Uber 072515 SF**POOL**,6.33,USD,online,False
pznagZ9mkWhbEVMEx6ANu5blpyvAzXhpZxAmm,ZNWdb6eAzmsEk4akbWvMTgVx3Z1ARQuearDJ5,,2024-10-31,,Tectra Inc,500.0,USD,in store,False
83EW6AqPy9tZwJkwXo9aTvj9rbZxeXcWbykEk,ZNWdb6eAzmsEk4akbWvMTgVx3Z1ARQuearDJ5,,2024-10-30,,AUTOMATIC PAYMENT - THANK,2078.5,USD,online,False
g8Wvpdk6lmTGEnME9rAgsmyvAGjqbefExXvke,ZNWdb6eAzmsEk4akbWvMTgVx3Z1ARQuearDJ5,,2024-10-30,KFC,KFC,500.0,USD,in store,False
ornxbQ9odwhLGEPG3DmMTNL8Xjvor9iod3Wwx,ZNWdb6eAzmsEk4akbWvMTgVx3Z1ARQuearDJ5,,2024-10-30,,Madison Bicycle Shop,500.0,USD,in store,False
jAnwpNP6r8td9yx9qkeJSWnjGWN1nAC6V3r9R,eoWb631DemtnG5MGWQJKtXvGPo6adeirv7law,,2024-10-21,,CREDIT CARD 3333 PAYMENT *//,25.0,USD,other,False
QKD9z6mAP3ugeqEeWZvyTjBN3jrLBxcw5dqzq,7BD8PmlNy9S5vXPvqbgWTxzwMGkp9EcdbMK8o,,2024-10-21,Uber,Uber 063015 SF**POOL**,5.4,USD,online,False
3qAQPodxk9fGNdaNxPXWsEAw7JGvKoCZDad7N,MADEl6oVdKtk9W49Lo3xsa9JLEjRwBULXe84K,,2024-10-20,,ACH Electronic CreditGUSTO PAY 123456,5850.0,USD,online,False
RrDRB6oAjxh8QK4QJwNEU7QP478MQRcagQm58,QKD9z6mAP3ugeqEeWZvyTjBa1y4n9LfwP3WG8,,2024-10-20,,CD DEPOSIT .INITIAL.,1000.0,USD,other,False
E1Da7bvWlkFJkxokPQApfqZ1Ja7bwjc4qLpdW,ZNWdb6eAzmsEk4akbWvMTgVx3Z1ARQuearDJ5,,2024-10-19,,Touchstone Climbing,78.5,USD,in store,False
ZNWdb6eAzmsEk4akbWvMTgV9dgPQVzse6jdzZ,7BD8PmlNy9S5vXPvqbgWTxzwMGkp9EcdbMK8o,,2024-10-19,United Airlines,United Airlines,-500.0,USD,in store,False
MADEl6oVdKtk9W49Lo3xsa94yaVB9pcLJodzn,7BD8PmlNy9S5vXPvqbgWTxzwMGkp9EcdbMK8o,,2024-10-18,McDonald's,McDonald's,12.0,USD,in store,False
1GEPJ5mB79tl7eM7DmLnfr56Arvq5Wup8wANM,7BD8PmlNy9S5vXPvqbgWTxzwMGkp9EcdbMK8o,,2024-10-18,Starbucks,Starbucks,4.33,USD,in store,False
LWDgM6owxqtZbnNb14BvTdbeadZVbKtkXJVq1,7BD8PmlNy9S5vXPvqbgWTxzwMGkp9EcdbMK8o,,2024-10-17,FUN,SparkFun,89.4,USD,in store,False
7BD8PmlNy9S5vXPvqbgWTxzXax4EzBCdoG73b,eoWb631DemtnG5MGWQJKtXvGPo6adeirv7law,,2024-10-16,,INTRST PYMNT,-4.22,USD,other,False
WdDKJVzAqPTJkxDkLqQ3f1W7EKm4dXu6kGJaL,ZNWdb6eAzmsEk4akbWvMTgVx3Z1ARQuearDJ5,,2024-10-06,United Airlines,United Airlines,500.0,USD,in store,False
pznagZ9mkWhbEVMEx6ANu5bqy581bVFpZxAba,7BD8PmlNy9S5vXPvqbgWTxzwMGkp9EcdbMK8o,,2024-10-04,Uber,Uber 072515 SF**POOL**,6.33,USD,online,False
AeEq16pWyBfEKrpKdXJ8TyAeBQ9REgt9QvnKg,ZNWdb6eAzmsEk4akbWvMTgVx3Z1ARQuearDJ5,,2024-10-01,,Tectra Inc,500.0,USD,in store,False
b1W8prgoPmFWGEkGPjA6Iz1XnldLVWFmXwMyd,ZNWdb6eAzmsEk4akbWvMTgVx3Z1ARQuearDJ5,,2024-09-30,,AUTOMATIC PAYMENT - THANK,2078.5,USD,online,False
nKnB4ew9x8uWGy9GkR4VIpdlmPk8D9fAjBLpv,ZNWdb6eAzmsEk4akbWvMTgVx3Z1ARQuearDJ5,,2024-09-30,KFC,KFC,500.0,USD,in store,False
GpDjwAo6KNTaK91K7bljTrKog3RzqXC654zrm,ZNWdb6eAzmsEk4akbWvMTgVx3Z1ARQuearDJ5,,2024-09-30,,Madison Bicycle Shop,500.0,USD,in store,False
eoWb631DemtnG5MGWQJKtXvlrXkev5ir4woPB,eoWb631DemtnG5MGWQJKtXvGPo6adeirv7law,,2024-09-21,,CREDIT CARD 3333 PAYMENT *//,25.0,USD,other,False
ornxbQ9odwhLGEPG3DmMTNLPjNqaL6fod3W1z,7BD8PmlNy9S5vXPvqbgWTxzwMGkp9EcdbMK8o,,2024-09-21,Uber,Uber 063015 SF**POOL**,5.4,USD,online,False
xPnExy5mkQHxXVMXelJAHDKeAnkRjEf63Ed5p,MADEl6oVdKtk9W49Lo3xsa9JLEjRwBULXe84K,,2024-09-20,,ACH Electronic CreditGUSTO PAY 123456,5850.0,USD,online,False
6zEoX5d4y9hXBb9B5n6vfeEKweo3Egc8BRVny,QKD9z6mAP3ugeqEeWZvyTjBa1y4n9LfwP3WG8,,2024-09-20,,CD DEPOSIT .INITIAL.,1000.0,USD,other,False
mqnrJ7bw38fVEoxEzAa3cWak9GzqV8ugD5Vwn,ZNWdb6eAzmsEk4akbWvMTgVx3Z1ARQuearDJ5,,2024-09-19,,Touchstone Climbing,78.5,USD,in store,False
g8Wvpdk6lmTGEnME9rAgsmy3GmMDynHExXvPQ,7BD8PmlNy9S5vXPvqbgWTxzwMGkp9EcdbMK8o,,2024-09-19,United Airlines,United Airlines,-500.0,USD,in store,False
83EW6AqPy9tZwJkwXo9aTvj8bvgQjntWbykgj,7BD8PmlNy9S5vXPvqbgWTxzwMGkp9EcdbMK8o,,2024-09-18,McDonald's,McDonald's,12.0,USD,in store,False
E1Da7bvWlkFJkxokPQApfqZlaq46ZWH4qLprk,7BD8PmlNy9S5vXPvqbgWTxzwMGkp9EcdbMK8o,,2024-09-18,Starbucks,Starbucks,4.33,USD,in store,False
WdDKJVzAqPTJkxDkLqQ3f1WPK1J6WGH6kGJXE,7BD8PmlNy9S5vXPvqbgWTxzwMGkp9EcdbMK8o,,2024-09-17,FUN,SparkFun,89.4,USD,in store,False
QKD9z6mAP3ugeqEeWZvyTjBN3jrLBxcw5dqBm,eoWb631DemtnG5MGWQJKtXvGPo6adeirv7law,,2024-09-16,,INTRST PYMNT,-4.22,USD,other,False
yjnAdy5RJ8SW9ER9v1nMIKkGlVvnWoH4zQ7Le,ZNWdb6eAzmsEk4akbWvMTgVx3Z1ARQuearDJ5,,2024-09-06,United Airlines,United Airlines,500.0,USD,in store,False
AeEq16pWyBfEKrpKdXJ8TyAXQyxqAWH9Qvna5,7BD8PmlNy9S5vXPvqbgWTxzwMGkp9EcdbMK8o,,2024-09-04,Uber,Uber 072515 SF**POOL**,6.33,USD,online,False
MADEl6oVdKtk9W49Lo3xsa91AybkRmuLJodwP,ZNWdb6eAzmsEk4akbWvMTgVx3Z1ARQuearDJ5,,2024-09-01,,Tectra Inc,500.0,USD,in store,False
pznagZ9mkWhbEVMEx6ANu5blpyvAzXhpZxAyQ,ZNWdb6eAzmsEk4akbWvMTgVx3Z1ARQuearDJ5,,2024-08-31,,AUTOMATIC PAYMENT - THANK,2078.5,USD,online,False
LWDgM6owxqtZbnNb14BvTdbGra34MEukXJVvE,ZNWdb6eAzmsEk4akbWvMTgVx3Z1ARQuearDJ5,,2024-08-31,KFC,KFC,500.0,USD,in store,False
1GEPJ5mB79tl7eM7DmLnfr5Q3AlMGaCp8wALo,ZNWdb6eAzmsEk4akbWvMTgVx3Z1ARQuearDJ5,,2024-08-31,,Madison Bicycle Shop,500.0,USD,in store,False
ZNWdb6eAzmsEk4akbWvMTgV9dgPQVzse6jdWy,eoWb631DemtnG5MGWQJKtXvGPo6adeirv7law,,2024-08-22,,CREDIT CARD 3333 PAYMENT *//,25.0,USD,other,False
GpDjwAo6KNTaK91K7bljTrKG3rnxKAu654zq7,7BD8PmlNy9S5vXPvqbgWTxzwMGkp9EcdbMK8o,,2024-08-22,Uber,Uber 063015 SF**POOL**,5.4,USD,online,False
dp6GgB897mTEko5krdnqTPrjXG4be6cJj3L88,MADEl6oVdKtk9W49Lo3xsa9JLEjRwBULXe84K,,2024-08-21,,ACH Electronic CreditGUSTO PAY 123456,5850.0,USD,online,False
XaWzo6BRKjIVbAJbBRZqcwr1vwV5rZfbmRw8N,QKD9z6mAP3ugeqEeWZvyTjBa1y4n9LfwP3WG8,,2024-08-21,,CD DEPOSIT .INITIAL.,1000.0,USD,other,False
ornxbQ9odwhLGEPG3DmMTNL8Xjvor9iod3WxQ,ZNWdb6eAzmsEk4akbWvMTgVx3Z1ARQuearDJ5,,2024-08-20,,Touchstone Climbing,78.5,USD,in store,False
nKnB4ew9x8uWGy9GkR4VIpdXPpz4d6cAjBLZ9,7BD8PmlNy9S5vXPvqbgWTxzwMGkp9EcdbMK8o,,2024-08-20,United Airlines,United Airlines,-500.0,USD,in store,False
b1W8prgoPmFWGEkGPjA6Iz1olzmy15umXwMEK,7BD8PmlNy9S5vXPvqbgWTxzwMGkp9EcdbMK8o,,2024-08-19,McDonald's,McDonald's,12.0,USD,in store,False
mqnrJ7bw38fVEoxEzAa3cWalGWw4aoCgD5V9y,7BD8PmlNy9S5vXPvqbgWTxzwMGkp9EcdbMK8o,,2024-08-19,Starbucks,Starbucks,4.33,USD,in store,False
yjnAdy5RJ8SW9ER9v1nMIKkJVKB8k7s4zQ7oR,7BD8PmlNy9S5vXPvqbgWTxzwMGkp9EcdbMK8o,,2024-08-18,FUN,SparkFun,89.4,USD,in store,False
MADEl6oVdKtk9W49Lo3xsa94yaVB9pcLJodkJ,eoWb631DemtnG5MGWQJKtXvGPo6adeirv7law,,2024-08-17,,INTRST PYMNT,-4.22,USD,other,False
g8Wvpdk6lmTGEnME9rAgsmyvAGjqbefExXvaR,ZNWdb6eAzmsEk4akbWvMTgVx3Z1ARQuearDJ5,,2024-08-07,United Airlines,United Airlines,500.0,USD,in store,False
9xEGkDKjy9HRN75Nl9gpFk4apkBQ4nT4pmXkp,7BD8PmlNy9S5vXPvqbgWTxzwMGkp9EcdbMK8o,,2024-08-05,Uber,Uber 072515 SF**POOL**,6.33,USD,online,False
83EW6AqPy9tZwJkwXo9aTvj9rbZxeXcWbyk43,ZNWdb6eAzmsEk4akbWvMTgVx3Z1ARQuearDJ5,,2024-08-02,,Tectra Inc,500.0,USD,in store,False
AeEq16pWyBfEKrpKdXJ8TyAeBQ9REgt9QvnKv,ZNWdb6eAzmsEk4akbWvMTgVx3Z1ARQuearDJ5,,2024-08-01,,AUTOMATIC PAYMENT - THANK,2078.5,USD,online,False
WdDKJVzAqPTJkxDkLqQ3f1W7EKm4dXu6kGJAk,ZNWdb6eAzmsEk4akbWvMTgVx3Z1ARQuearDJ5,,2024-08-01,KFC,KFC,500.0,USD,in store,False
E1Da7bvWlkFJkxokPQApfqZ1Ja7bwjc4qLpvn,ZNWdb6eAzmsEk4akbWvMTgVx3Z1ARQuearDJ5,,2024-08-01,,Madison Bicycle Shop,500.0,USD,in store,False
1GEPJ5mB79tl7eM7DmLnfr56Arvq5Wup8wAVw,eoWb631DemtnG5MGWQJKtXvGPo6adeirv7law,,2024-07-23,,CREDIT CARD 3333 PAYMENT *//,25.0,USD,other,False
v4npByAJe8SAE1JEjneZsWlPwWyJl7CqMD9gD,7BD8PmlNy9S5vXPvqbgWTxzwMGkp9EcdbMK8o,,2024-07-23,Uber,Uber 063015 SF**POOL**,5.4,USD,online,False
aMbokK9GNmFlKAEKLZWjfWlBVdx6EvuZB9AjA,MADEl6oVdKtk9W49Lo3xsa9JLEjRwBULXe84K,,2024-07-22,,ACH Electronic CreditGUSTO PAY 123456,5850.0,USD,online,False
DMDxo6VGydFXEWvEN3eRflyoLla8yGF358KGx,QKD9z6mAP3ugeqEeWZvyTjBa1y4n9LfwP3WG8,,2024-07-22,,CD DEPOSIT .INITIAL.,1000.0,USD,other,False
GpDjwAo6KNTaK91K7bljTrKog3RzqXC654zre,ZNWdb6eAzmsEk4akbWvMTgVx3Z1ARQuearDJ5,,2024-07-21,,Touchstone Climbing,78.5,USD,in store,False
RrDRB6oAjxh8QK4QJwNEU7QP478MQRcagQmwv,7BD8PmlNy9S5vXPvqbgWTxzwMGkp9EcdbMK8o,,2024-07-21,United Airlines,United Airlines,-500.0,USD,in store,False
6zEoX5d4y9hXBb9B5n6vfeEKweo3Egc8BRVmW,7BD8PmlNy9S5vXPvqbgWTxzwMGkp9EcdbMK8o,,2024-07-20,McDonald's,McDonald's,12.0,USD,in store,False
XaWzo6BRKjIVbAJbBRZqcwr1vwV5rZfbmRw9Q,7BD8PmlNy9S5vXPvqbgWTxzwMGkp9EcdbMK8o,,2024-07-20,Starbucks,Starbucks,4.33,USD,in store,False
DMDxo6VGydFXEWvEN3eRflyoLla8yGF358K7o,7BD8PmlNy9S5vXPvqbgWTxzwMGkp9EcdbMK8o,,2024-07-19,FUN,SparkFun,89.4,USD,in store,False
LWDgM6owxqtZbnNb14BvTdbeadZVbKtkXJVBr,eoWb631DemtnG5MGWQJKtXvGPo6adeirv7law,,2024-07-18,,INTRST PYMNT,-4.22,USD,other,False
nKnB4ew9x8uWGy9GkR4VIpdlmPk8D9fAjBLpd,ZNWdb6eAzmsEk4akbWvMTgVx3Z1ARQuearDJ5,,2024-07-08,United Airlines,United Airlines,500.0,USD,in store,False
83EW6AqPy9tZwJkwXo9aTvj8bvgQjntWbykg1,7BD8PmlNy9S5vXPvqbgWTxzwMGkp9EcdbMK8o,,2024-07-06,Uber,Uber 072515 SF**POOL**,6.33,USD,online,False
b1W8prgoPmFWGEkGPjA6Iz1XnldLVWFmXwMyl,ZNWdb6eAzmsEk4akbWvMTgVx3Z1ARQuearDJ5,,2024-07-03,,Tectra Inc,500.0,USD,in store,False
9xEGkDKjy9HRN75Nl9gpFk4xlpR1dqC4pmXb8,ZNWdb6eAzmsEk4akbWvMTgVx3Z1ARQuearDJ5,,2024-07-02,,AUTOMATIC PAYMENT - THANK,2078.5,USD,online,False
yjnAdy5RJ8SW9ER9v1nMIKkGlVvnWoH4zQ7L3,ZNWdb6eAzmsEk4akbWvMTgVx3Z1ARQuearDJ5,,2024-07-02,KFC,KFC,500.0,USD,in store,False
mqnrJ7bw38fVEoxEzAa3cWak9GzqV8ugD5Vwo,ZNWdb6eAzmsEk4akbWvMTgVx3Z1ARQuearDJ5,,2024-07-02,,Madison Bicycle Shop,500.0,USD,in store,False
pznagZ9mkWhbEVMEx6ANu5bqy581bVFpZxAe4,eoWb631DemtnG5MGWQJKtXvGPo6adeirv7law,,2024-06-23,,CREDIT CARD 3333 PAYMENT *//,25.0,USD,other,False
E1Da7bvWlkFJkxokPQApfqZlaq46ZWH4qLprQ,7BD8PmlNy9S5vXPvqbgWTxzwMGkp9EcdbMK8o,,2024-06-23,Uber,Uber 063015 SF**POOL**,5.4,USD,online,False
4K5M6DGdyJuG5p65PkZqszkgqE9w38FJQxj6G,MADEl6oVdKtk9W49Lo3xsa9JLEjRwBULXe84K,,2024-06-22,,ACH Electronic CreditGUSTO PAY 123456,5850.0,USD,online,False
VxDlp6rmkNHwyApyX7e9sM9qKMwR9lF9BJ3NP,QKD9z6mAP3ugeqEeWZvyTjBa1y4n9LfwP3WG8,,2024-06-22,,CD DEPOSIT .INITIAL.,1000.0,USD,other,False
v4npByAJe8SAE1JEjneZsWlEawjAeduqMD94m,ZNWdb6eAzmsEk4akbWvMTgVx3Z1ARQuearDJ5,,2024-06-21,,Touchstone Climbing,78.5,USD,in store,False
WdDKJVzAqPTJkxDkLqQ3f1WPK1J6WGH6kGJX8,7BD8PmlNy9S5vXPvqbgWTxzwMGkp9EcdbMK8o,,2024-06-21,United Airlines,United Airlines,-500.0,USD,in store,False
AeEq16pWyBfEKrpKdXJ8TyAXQyxqAWH9Qvnam,7BD8PmlNy9S5vXPvqbgWTxzwMGkp9EcdbMK8o,,2024-06-20,McDonald's,McDonald's,12.0,USD,in store,False
GpDjwAo6KNTaK91K7bljTrKG3rnxKAu654zqL,7BD8PmlNy9S5vXPvqbgWTxzwMGkp9EcdbMK8o,,2024-06-20,Starbucks,Starbucks,4.33,USD,in store,False
nKnB4ew9x8uWGy9GkR4VIpdXPpz4d6cAjBLZ7,7BD8PmlNy9S5vXPvqbgWTxzwMGkp9EcdbMK8o,,2024-06-19,FUN,SparkFun,89.4,USD,in store,False
ornxbQ9odwhLGEPG3DmMTNLPjNqaL6fod3WAj,eoWb631DemtnG5MGWQJKtXvGPo6adeirv7law,,2024-06-18,,INTRST PYMNT,-4.22,USD,other,False
RrDRB6oAjxh8QK4QJwNEU7QdJ43agbfagQmrE,ZNWdb6eAzmsEk4akbWvMTgVx3Z1ARQuearDJ5,,2024-06-08,United Airlines,United Airlines,500.0,USD,in store,False
b1W8prgoPmFWGEkGPjA6Iz1olzmy15umXwMEg,7BD8PmlNy9S5vXPvqbgWTxzwMGkp9EcdbMK8o,,2024-06-06,Uber,Uber 072515 SF**POOL**,6.33,USD,online,False
6zEoX5d4y9hXBb9B5n6vfeEn8wXMZki8BRVMq,ZNWdb6eAzmsEk4akbWvMTgVx3Z1ARQuearDJ5,,2024-06-03,,Tectra Inc,500.0,USD,in store,False
VxDlp6rmkNHwyApyX7e9sM9LBKod7Wi9BJ3L6,ZNWdb6eAzmsEk4akbWvMTgVx3Z1ARQuearDJ5,,2024-06-02,,AUTOMATIC PAYMENT - THANK,2078.5,USD,online,False
DMDxo6VGydFXEWvEN3eRflyVNLzxKXC358K9m,ZNWdb6eAzmsEk4akbWvMTgVx3Z1ARQuearDJ5,,2024-06-02,KFC,KFC,500.0,USD,in store,False
XaWzo6BRKjIVbAJbBRZqcwrQBvMjpLubmRwzM,ZNWdb6eAzmsEk4akbWvMTgVx3Z1ARQuearDJ5,,2024-06-02,,Madison Bicycle Shop,500.0,USD,in store,False
g8Wvpdk6lmTGEnME9rAgsmy3GmMDynHExXv96,eoWb631DemtnG5MGWQJKtXvGPo6adeirv7law,,2024-05-24,,CREDIT CARD 3333 PAYMENT *//,25.0,USD,other,False
mqnrJ7bw38fVEoxEzAa3cWalGWw4aoCgD5V97,7BD8PmlNy9S5vXPvqbgWTxzwMGkp9EcdbMK8o,,2024-05-24,Uber,Uber 063015 SF**POOL**,5.4,USD,online,False
NGDAq6gyartnwWLwpMxmt4oqakm1xLFy41Ple,MADEl6oVdKtk9W49Lo3xsa9JLEjRwBULXe84K,,2024-05-23,,ACH Electronic CreditGUSTO PAY 123456,5850.0,USD,online,False
wNmg3wJ1Q8sxGoMG7w14HnmapnGLmgCPb6BKV,QKD9z6mAP3ugeqEeWZvyTjBa1y4n9LfwP3WG8,,2024-05-23,,CD DEPOSIT .INITIAL.,1000.0,USD,other,False
wNmg3wJ1Q8sxGoMG7w14HnmZjp7lXvfPb6BDr,ZNWdb6eAzmsEk4akbWvMTgVx3Z1ARQuearDJ5,,2024-05-22,,Touchstone Climbing,78.5,USD,in store,False
yjnAdy5RJ8SW9ER9v1nMIKkJVKB8k7s4zQ7oy,7BD8PmlNy9S5vXPvqbgWTxzwMGkp9EcdbMK8o,,2024-05-22,United Airlines,United Airlines,-500.0,USD,in store,False
9xEGkDKjy9HRN75Nl9gpFk4apkBQ4nT4pmXk4,7BD8PmlNy9S5vXPvqbgWTxzwMGkp9EcdbMK8o,,2024-05-21,McDonald's,McDonald's,12.0,USD,in store,False
v4npByAJe8SAE1JEjneZsWlPwWyJl7CqMD9gv,7BD8PmlNy9S5vXPvqbgWTxzwMGkp9EcdbMK8o,,2024-05-21,Starbucks,Starbucks,4.33,USD,in store,False
RrDRB6oAjxh8QK4QJwNEU7QP478MQRcagQmwX,7BD8PmlNy9S5vXPvqbgWTxzwMGkp9EcdbMK8o,,2024-05-20,FUN,SparkFun,89.4,USD,in store,False
83EW6AqPy9tZwJkwXo9aTvj8bvgQjntWbyk51,eoWb631DemtnG5MGWQJKtXvGPo6adeirv7law,,2024-05-19,,INTRST PYMNT,-4.22,USD,other,False
5rmL7R6ay9hJR7MRL5nKfB9VRAJ5xbu51Dqe5,ZNWdb6eAzmsEk4akbWvMTgVx3Z1ARQuearDJ5,,2024-05-09,United Airlines,United Airlines,500.0,USD,in store,False
6zEoX5d4y9hXBb9B5n6vfeEKweo3Egc8BRVmx,7BD8PmlNy9S5vXPvqbgWTxzwMGkp9EcdbMK8o,,2024-05-07,Uber,Uber 072515 SF**POOL**,6.33,USD,online,False
J8D1k69WB7T8DPNDZErQU389d5o1xkIBDLVWQ,ZNWdb6eAzmsEk4akbWvMTgVx3Z1ARQuearDJ5,,2024-05-04,,Tectra Inc,500.0,USD,in store,False
qByNlM9o48SXWwPWd8JzfBX14Edxyjugzq4Ao,ZNWdb6eAzmsEk4akbWvMTgVx3Z1ARQuearDJ5,,2024-05-03,,AUTOMATIC PAYMENT - THANK,2078.5,USD,online,False
llnq7jdoByhxGEbGvQdNH1aVX46npBupVvDGr,ZNWdb6eAzmsEk4akbWvMTgVx3Z1ARQuearDJ5,,2024-05-03,KFC,KFC,500.0,USD,in store,False
kGWJwPkoz8tG6Ek6Kwx7s4dlB9KVx7FLlbygz,ZNWdb6eAzmsEk4akbWvMTgVx3Z1ARQuearDJ5,,2024-05-03,,Madison Bicycle Shop,500.0,USD,in store,False
E1Da7bvWlkFJkxokPQApfqZlaq46ZWH4qLpzQ,eoWb631DemtnG5MGWQJKtXvGPo6adeirv7law,,2024-04-24,,CREDIT CARD 3333 PAYMENT *//,25.0,USD,other,False
XaWzo6BRKjIVbAJbBRZqcwr1vwV5rZfbmRw9y,7BD8PmlNy9S5vXPvqbgWTxzwMGkp9EcdbMK8o,,2024-04-24,Uber,Uber 063015 SF**POOL**,5.4,USD,online,False
PqDmr6oANBfebldbgZa8SPb9avGywWcoP4ppz,MADEl6oVdKtk9W49Lo3xsa9JLEjRwBULXe84K,,2024-04-23,,ACH Electronic CreditGUSTO PAY 123456,5850.0,USD,online,False
5rmL7R6ay9hJR7MRL5nKfB9jABPg9GC51Dqj8,QKD9z6mAP3ugeqEeWZvyTjBa1y4n9LfwP3WG8,,2024-04-23,,CD DEPOSIT .INITIAL.,1000.0,USD,other,False
KEDpR6ZW3lsvpjNpMezGFx4DK6bBvGiRxv4WK,ZNWdb6eAzmsEk4akbWvMTgVx3Z1ARQuearDJ5,,2024-04-22,,Touchstone Climbing,78.5,USD,in store,False
DMDxo6VGydFXEWvEN3eRflyoLla8yGF358K77,7BD8PmlNy9S5vXPvqbgWTxzwMGkp9EcdbMK8o,,2024-04-22,United Airlines,United Airlines,-500.0,USD,in store,False
VxDlp6rmkNHwyApyX7e9sM9qKMwR9lF9BJ3oD,7BD8PmlNy9S5vXPvqbgWTxzwMGkp9EcdbMK8o,,2024-04-21,McDonald's,McDonald's,12.0,USD,in store,False
wNmg3wJ1Q8sxGoMG7w14HnmapnGLmgCPb6B3M,7BD8PmlNy9S5vXPvqbgWTxzwMGkp9EcdbMK8o,,2024-04-21,Starbucks,Starbucks,4.33,USD,in store,False
5rmL7R6ay9hJR7MRL5nKfB9jABPg9GC51Dqbj,7BD8PmlNy9S5vXPvqbgWTxzwMGkp9EcdbMK8o,,2024-04-20,FUN,SparkFun,89.4,USD,in store,False
WdDKJVzAqPTJkxDkLqQ3f1WPK1J6WGH6kGJx8,eoWb631DemtnG5MGWQJKtXvGPo6adeirv7law,,2024-04-19,,INTRST PYMNT,-4.22,USD,other,False
r3njq19oNmtyGEPGa4jMIgyEmQ8oLlH7ev3qG,ZNWdb6eAzmsEk4akbWvMTgVx3Z1ARQuearDJ5,,2024-04-09,United Airlines,United Airlines,500.0,USD,in store,False
J8D1k69WB7T8DPNDZErQU38Q537a8pIBDLV1N,7BD8PmlNy9S5vXPvqbgWTxzwMGkp9EcdbMK8o,,2024-04-07,Uber,Uber 072515 SF**POOL**,6.33,USD,online,False
z7XnJV91oDFzMbJMZvV4snzAB9EbN8fl5G4Jj,ZNWdb6eAzmsEk4akbWvMTgVx3Z1ARQuearDJ5,,2024-04-04,,Tectra Inc,500.0,USD,in store,False
xPnExy5mkQHxXVMXelJAHDKeAnkRjEf63Edpp,ZNWdb6eAzmsEk4akbWvMTgVx3Z1ARQuearDJ5,,2024-04-03,,AUTOMATIC PAYMENT - THANK,2078.5,USD,online,False
3qAQPodxk9fGNdaNxPXWsEAw7JGvKoCZDadKN,ZNWdb6eAzmsEk4akbWvMTgVx3Z1ARQuearDJ5,,2024-04-03,KFC,KFC,500.0,USD,in store,False
BQbrwA9Wy3IALz6LaJM5sMANqb6er4i4bGD6V,ZNWdb6eAzmsEk4akbWvMTgVx3Z1ARQuearDJ5,,2024-04-03,,Madison Bicycle Shop,500.0,USD,in store,False
AeEq16pWyBfEKrpKdXJ8TyAXQyxqAWH9QvnMm,eoWb631DemtnG5MGWQJKtXvGPo6adeirv7law,,2024-03-25,,CREDIT CARD 3333 PAYMENT *//,25.0,USD,other,False
kGWJwPkoz8tG6Ek6Kwx7s4d394rMdEcLlbyqg,7BD8PmlNy9S5vXPvqbgWTxzwMGkp9EcdbMK8o,,2024-03-25,Uber,Uber 063015 SF**POOL**,5.4,USD,online,False
jAnwpNP6r8td9yx9qkeJSWnVeGq5bzu6V3rrP,MADEl6oVdKtk9W49Lo3xsa9JLEjRwBULXe84K,,2024-03-24,,ACH Electronic CreditGUSTO PAY 123456,5850.0,USD,online,False
J8D1k69WB7T8DPNDZErQU38Q537a8pIBDLVwe,QKD9z6mAP3ugeqEeWZvyTjBa1y4n9LfwP3WG8,,2024-03-24,,CD DEPOSIT .INITIAL.,1000.0,USD,other,False
dp6GgB897mTEko5krdnqTPrjXG4be6cJj3L58,ZNWdb6eAzmsEk4akbWvMTgVx3Z1ARQuearDJ5,,2024-03-23,,Touchstone Climbing,78.5,USD,in store,False
llnq7jdoByhxGEbGvQdNH1aN41k7aMHpVvDnK,7BD8PmlNy9S5vXPvqbgWTxzwMGkp9EcdbMK8o,,2024-03-23,United Airlines,United Airlines,-500.0,USD,in store,False
qByNlM9o48SXWwPWd8JzfBX5EBlLX6Cgzq4L4,7BD8PmlNy9S5vXPvqbgWTxzwMGkp9EcdbMK8o,,2024-03-22,McDonald's,McDonald's,12.0,USD,in store,False
KEDpR6ZW3lsvpjNpMezGFx4E6xrX4kCRxv4Kd,7BD8PmlNy9S5vXPvqbgWTxzwMGkp9EcdbMK8o,,2024-03-22,Starbucks,Starbucks,4.33,USD,in store,False
r3njq19oNmtyGEPGa4jMIgyXQgwByzs7ev3pK,7BD8PmlNy9S5vXPvqbgWTxzwMGkp9EcdbMK8o,,2024-03-21,FUN,SparkFun,89.4,USD,in store,False
GpDjwAo6KNTaK91K7bljTrKG3rnxKAu654zwL,eoWb631DemtnG5MGWQJKtXvGPo6adeirv7law,,2024-03-20,,INTRST PYMNT,-4.22,USD,other,False
aMbokK9GNmFlKAEKLZWjfWlBVdx6EvuZB9AlA,ZNWdb6eAzmsEk4akbWvMTgVx3Z1ARQuearDJ5,,2024-03-10,United Airlines,United Airlines,500.0,USD,in store,False
z7XnJV91oDFzMbJMZvV4snzK9nVDzjCl5G4ex,7BD8PmlNy9S5vXPvqbgWTxzwMGkp9EcdbMK8o,,2024-03-08,Uber,Uber 072515 SF**POOL**,6.33,USD,online,False
4K5M6DGdyJuG5p65PkZqszkgqE9w38FJQxjNG,ZNWdb6eAzmsEk4akbWvMTgVx3Z1ARQuearDJ5,,2024-03-05,,Tectra Inc,500.0,USD,in store,False
jAnwpNP6r8td9yx9qkeJSWnVeGq5bzu6V3rNP,ZNWdb6eAzmsEk4akbWvMTgVx3Z1ARQuearDJ5,,2024-03-04,,AUTOMATIC PAYMENT - THANK,2078.5,USD,online,False
PqDmr6oANBfebldbgZa8SPb9avGywWcoP4pxz,ZNWdb6eAzmsEk4akbWvMTgVx3Z1ARQuearDJ5,,2024-03-04,KFC,KFC,500.0,USD,in store,False
NGDAq6gyartnwWLwpMxmt4oqakm1xLFy41PBe,ZNWdb6eAzmsEk4akbWvMTgVx3Z1ARQuearDJ5,,2024-03-04,,Madison Bicycle Shop,500.0,USD,in store,False
nKnB4ew9x8uWGy9GkR4VIpdXPpz4d6cAjBLD7,eoWb631DemtnG5MGWQJKtXvGPo6adeirv7law,,2024-02-24,,CREDIT CARD 3333 PAYMENT *//,25.0,USD,other,False
BQbrwA9Wy3IALz6LaJM5sMAgbM9QAEF4bGDkd,7BD8PmlNy9S5vXPvqbgWTxzwMGkp9EcdbMK8o,,2024-02-24,Uber,Uber 063015 SF**POOL**,5.4,USD,online,False
7BD8PmlNy9S5vXPvqbgWTxzJAa51peidoG77e,MADEl6oVdKtk9W49Lo3xsa9JLEjRwBULXe84K,,2024-02-23,,ACH Electronic CreditGUSTO PAY 123456,5850.0,USD,online,False
kGWJwPkoz8tG6Ek6Kwx7s4d394rMdEcLlbyA7,QKD9z6mAP3ugeqEeWZvyTjBa1y4n9LfwP3WG8,,2024-02-23,,CD DEPOSIT .INITIAL.,1000.0,USD,other,False
7BD8PmlNy9S5vXPvqbgWTxzJAa51peidoG7Ee,ZNWdb6eAzmsEk4akbWvMTgVx3Z1ARQuearDJ5,,2024-02-22,,Touchstone Climbing,78.5,USD,in store,False
3qAQPodxk9fGNdaNxPXWsEAkJE6RAVSZDadWz,7BD8PmlNy9S5vXPvqbgWTxzwMGkp9EcdbMK8o,,2024-02-22,United Airlines,United Airlines,-500.0,USD,in store,False
xPnExy5mkQHxXVMXelJAHDKZnDyvK6C63EdQq,7BD8PmlNy9S5vXPvqbgWTxzwMGkp9EcdbMK8o,,2024-02-21,McDonald's,McDonald's,12.0,USD,in store,False
dp6GgB897mTEko5krdnqTPrBGPq7rouJj3LXx,7BD8PmlNy9S5vXPvqbgWTxzwMGkp9EcdbMK8o,,2024-02-21,Starbucks,Starbucks,4.33,USD,in store,False
aMbokK9GNmFlKAEKLZWjfWlkdWPglDCZB9AXL,7BD8PmlNy9S5vXPvqbgWTxzwMGkp9EcdbMK8o,,2024-02-20,FUN,SparkFun,89.4,USD,in store,False
b1W8prgoPmFWGEkGPjA6Iz1olzmy15umXwMPg,eoWb631DemtnG5MGWQJKtXvGPo6adeirv7law,,2024-02-19,,INTRST PYMNT,-4.22,USD,other,False
eoWb631DemtnG5MGWQJKtXv4brNLaWir4woqz,ZNWdb6eAzmsEk4akbWvMTgVx3Z1ARQuearDJ5,,2024-02-09,United Airlines,United Airlines,500.0,USD,in store,False
4K5M6DGdyJuG5p65PkZqszkXEzKokvuJQxjmA,7BD8PmlNy9S5vXPvqbgWTxzwMGkp9EcdbMK8o,,2024-02-07,Uber,Uber 072515 SF**POOL**,6.33,USD,online,False
QKD9z6mAP3ugeqEeWZvyTjB5l3EznJCw5dqNW,ZNWdb6eAzmsEk4akbWvMTgVx3Z1ARQuearDJ5,,2024-02-04,,Tectra Inc,500.0,USD,in store,False
1GEPJ5mB79tl7eM7DmLnfr5Q3AlMGaCp8wAno,ZNWdb6eAzmsEk4akbWvMTgVx3Z1ARQuearDJ5,,2024-02-03,,AUTOMATIC PAYMENT - THANK,2078.5,USD,online,False
MADEl6oVdKtk9W49Lo3xsa91AybkRmuLJodjP,ZNWdb6eAzmsEk4akbWvMTgVx3Z1ARQuearDJ5,,2024-02-03,KFC,KFC,500.0,USD,in store,False
ZNWdb6eAzmsEk4akbWvMTgVB5dloAWHe6jdoV,ZNWdb6eAzmsEk4akbWvMTgVx3Z1ARQuearDJ5,,2024-02-03,,Madison Bicycle Shop,500.0,USD,in store,False
mqnrJ7bw38fVEoxEzAa3cWalGWw4aoCgD5Vk7,eoWb631DemtnG5MGWQJKtXvGPo6adeirv7law,,2024-01-25,,CREDIT CARD 3333 PAYMENT *//,25.0,USD,other,False
NGDAq6gyartnwWLwpMxmt4oXk4nWopcy41PVK,7BD8PmlNy9S5vXPvqbgWTxzwMGkp9EcdbMK8o,,2024-01-25,Uber,Uber 063015 SF**POOL**,5.4,USD,online,False
eoWb631DemtnG5MGWQJKtXv4brNLaWir4wooz,MADEl6oVdKtk9W49Lo3xsa9JLEjRwBULXe84K,,2024-01-24,,ACH Electronic CreditGUSTO PAY 123456,5850.0,USD,online,False
llnq7jdoByhxGEbGvQdNH1aN41k7aMHpVvD6g,QKD9z6mAP3ugeqEeWZvyTjBa1y4n9LfwP3WG8,,2024-01-24,,CD DEPOSIT .INITIAL.,1000.0,USD,other,False
LWDgM6owxqtZbnNb14BvTdbGra34MEukXJVAE,ZNWdb6eAzmsEk4akbWvMTgVx3Z1ARQuearDJ5,,2024-01-23,,Touchstone Climbing,78.5,USD,in store,False
PqDmr6oANBfebldbgZa8SPbXvPKMbpuoP4pKA,7BD8PmlNy9S5vXPvqbgWTxzwMGkp9EcdbMK8o,,2024-01-23,United Airlines,United Airlines,-500.0,USD,in store,False
jAnwpNP6r8td9yx9qkeJSWnjGWN1nAC6V3rQR,7BD8PmlNy9S5vXPvqbgWTxzwMGkp9EcdbMK8o,,2024-01-22,McDonald's,McDonald's,12.0,USD,in store,False
7BD8PmlNy9S5vXPvqbgWTxzXax4EzBCdoG7wb,7BD8PmlNy9S5vXPvqbgWTxzwMGkp9EcdbMK8o,,2024-01-22,Starbucks,Starbucks,4.33,USD,in store,False
eoWb631DemtnG5MGWQJKtXvlrXkev5ir4woxB,7BD8PmlNy9S5vXPvqbgWTxzwMGkp9EcdbMK8o,,2024-01-21,FUN,SparkFun,89.4,USD,in store,False
yjnAdy5RJ8SW9ER9v1nMIKkJVKB8k7s4zQ7My,eoWb631DemtnG5MGWQJKtXvGPo6adeirv7law,,2024-01-20,,INTRST PYMNT,-4.22,USD,other,False
pznagZ9mkWhbEVMEx6ANu5blpyvAzXhpZxA7Q,ZNWdb6eAzmsEk4akbWvMTgVx3Z1ARQuearDJ5,,2024-01-10,United Airlines,United Airlines,500.0,USD,in store,False
QKD9z6mAP3ugeqEeWZvyTjBN3jrLBxcw5dqjm,7BD8PmlNy9S5vXPvqbgWTxzwMGkp9EcdbMK8o,,2024-01-08,Uber,Uber 072515 SF**POOL**,6.33,USD,online,False
ornxbQ9odwhLGEPG3DmMTNL8Xjvor9iod3WJQ,ZNWdb6eAzmsEk4akbWvMTgVx3Z1ARQuearDJ5,,2024-01-05,,Tectra Inc,500.0,USD,in store,False
E1Da7bvWlkFJkxokPQApfqZ1Ja7bwjc4qLpan,ZNWdb6eAzmsEk4akbWvMTgVx3Z1ARQuearDJ5,,2024-01-04,,AUTOMATIC PAYMENT - THANK,2078.5,USD,online,False
83EW6AqPy9tZwJkwXo9aTvj9rbZxeXcWbykP3,ZNWdb6eAzmsEk4akbWvMTgVx3Z1ARQuearDJ5,,2024-01-04,KFC,KFC,500.0,USD,in store,False
g8Wvpdk6lmTGEnME9rAgsmyvAGjqbefExXveR,ZNWdb6eAzmsEk4akbWvMTgVx3Z1ARQuearDJ5,,2024-01-04,,Madison Bicycle Shop,500.0,USD,in store,False
9xEGkDKjy9HRN75Nl9gpFk4apkBQ4nT4pmXB4,eoWb631DemtnG5MGWQJKtXvGPo6adeirv7law,,2023-12-26,,CREDIT CARD 3333 PAYMENT *//,25.0,USD,other,False
ZNWdb6eAzmsEk4akbWvMTgV9dgPQVzse6jdxy,7BD8PmlNy9S5vXPvqbgWTxzwMGkp9EcdbMK8o,,2023-12-26,Uber,Uber 063015 SF**POOL**,5.4,USD,online,False
QKD9z6mAP3ugeqEeWZvyTjB5l3EznJCw5dqqW,MADEl6oVdKtk9W49Lo3xsa9JLEjRwBULXe84K,,2023-12-25,,ACH Electronic CreditGUSTO PAY 123456,5850.0,USD,online,False
qByNlM9o48SXWwPWd8JzfBX5EBlLX6Cgzq4Br,QKD9z6mAP3ugeqEeWZvyTjBa1y4n9LfwP3WG8,,2023-12-25,,CD DEPOSIT .INITIAL.,1000.0,USD,other,False
WdDKJVzAqPTJkxDkLqQ3f1W7EKm4dXu6kGJdk,ZNWdb6eAzmsEk4akbWvMTgVx3Z1ARQuearDJ5,,2023-12-24,,Touchstone Climbing,78.5,USD,in store,False
MADEl6oVdKtk9W49Lo3xsa94yaVB9pcLJodmJ,7BD8PmlNy9S5vXPvqbgWTxzwMGkp9EcdbMK8o,,2023-12-24,United Airlines,United Airlines,-500.0,USD,in store,False
1GEPJ5mB79tl7eM7DmLnfr56Arvq5Wup8wADw,7BD8PmlNy9S5vXPvqbgWTxzwMGkp9EcdbMK8o,,2023-12-23,McDonald's,McDonald's,12.0,USD,in store,False
LWDgM6owxqtZbnNb14BvTdbeadZVbKtkXJV3r,7BD8PmlNy9S5vXPvqbgWTxzwMGkp9EcdbMK8o,,2023-12-23,Starbucks,Starbucks,4.33,USD,in store,False
pznagZ9mkWhbEVMEx6ANu5bqy581bVFpZxAX4,7BD8PmlNy9S5vXPvqbgWTxzwMGkp9EcdbMK8o,,2023-12-22,FUN,SparkFun,89.4,USD,in store,False
v4npByAJe8SAE1JEjneZsWlPwWyJl7CqMD9Jv,eoWb631DemtnG5MGWQJKtXvGPo6adeirv7law,,2023-12-21,,INTRST PYMNT,-4.22,USD,other,False
AeEq16pWyBfEKrpKdXJ8TyAeBQ9REgt9Qvnbv,ZNWdb6eAzmsEk4akbWvMTgVx3Z1ARQuearDJ5,,2023-12-11,United Airlines,United Airlines,500.0,USD,in store,False
ornxbQ9odwhLGEPG3DmMTNLPjNqaL6fod3Wvj,7BD8PmlNy9S5vXPvqbgWTxzwMGkp9EcdbMK8o,,2023-12-09,Uber,Uber 072515 SF**POOL**,6.33,USD,online,False
GpDjwAo6KNTaK91K7bljTrKog3RzqXC654zVe,ZNWdb6eAzmsEk4akbWvMTgVx3Z1ARQuearDJ5,,2023-12-06,,Tectra Inc,500.0,USD,in store,False
mqnrJ7bw38fVEoxEzAa3cWak9GzqV8ugD5VGo,ZNWdb6eAzmsEk4akbWvMTgVx3Z1ARQuearDJ5,,2023-12-05,,AUTOMATIC PAYMENT - THANK,2078.5,USD,online,False
b1W8prgoPmFWGEkGPjA6Iz1XnldLVWFmXwMRl,ZNWdb6eAzmsEk4akbWvMTgVx3Z1ARQuearDJ5,,2023-12-05,KFC,KFC,500.0,USD,in store,False
nKnB4ew9x8uWGy9GkR4VIpdlmPk8D9fAjBLad,ZNWdb6eAzmsEk4akbWvMTgVx3Z1ARQuearDJ5,,2023-12-05,,Madison Bicycle Shop,500.0,USD,in store,False
RrDRB6oAjxh8QK4QJwNEU7QP478MQRcagQmMX,eoWb631DemtnG5MGWQJKtXvGPo6adeirv7law,,2023-11-26,,CREDIT CARD 3333 PAYMENT *//,25.0,USD,other,False
g8Wvpdk6lmTGEnME9rAgsmy3GmMDynHExXvy6,7BD8PmlNy9S5vXPvqbgWTxzwMGkp9EcdbMK8o,,2023-11-26,Uber,Uber 063015 SF**POOL**,5.4,USD,online,False
ZNWdb6eAzmsEk4akbWvMTgVB5dloAWHe6jddV,MADEl6oVdKtk9W49Lo3xsa9JLEjRwBULXe84K,,2023-11-25,,ACH Electronic CreditGUSTO PAY 123456,5850.0,USD,online,False
KEDpR6ZW3lsvpjNpMezGFx4E6xrX4kCRxv4rX,QKD9z6mAP3ugeqEeWZvyTjBa1y4n9LfwP3WG8,,2023-11-25,,CD DEPOSIT .INITIAL.,1000.0,USD,other,False
yjnAdy5RJ8SW9ER9v1nMIKkGlVvnWoH4zQ7J3,ZNWdb6eAzmsEk4akbWvMTgVx3Z1ARQuearDJ5,,2023-11-24,,Touchstone Climbing,78.5,USD,in store,False
83EW6AqPy9tZwJkwXo9aTvj8bvgQjntWbykN1,7BD8PmlNy9S5vXPvqbgWTxzwMGkp9EcdbMK8o,,2023-11-24,United Airlines,United Airlines,-500.0,USD,in store,False
E1Da7bvWlkFJkxokPQApfqZlaq46ZWH4qLp6Q,7BD8PmlNy9S5vXPvqbgWTxzwMGkp9EcdbMK8o,,2023-11-23,McDonald's,McDonald's,12.0,USD,in store,False
WdDKJVzAqPTJkxDkLqQ3f1WPK1J6WGH6kGJB8,7BD8PmlNy9S5vXPvqbgWTxzwMGkp9EcdbMK8o,,2023-11-23,Starbucks,Starbucks,4.33,USD,in store,False
AeEq16pWyBfEKrpKdXJ8TyAXQyxqAWH9QvnBm,7BD8PmlNy9S5vXPvqbgWTxzwMGkp9EcdbMK8o,,2023-11-22,FUN,SparkFun,89.4,USD,in store,False
6zEoX5d4y9hXBb9B5n6vfeEKweo3Egc8BRVkx,eoWb631DemtnG5MGWQJKtXvGPo6adeirv7law,,2023-11-21,,INTRST PYMNT,-4.22,USD,other,False
9xEGkDKjy9HRN75Nl9gpFk4xlpR1dqC4pmX78,ZNWdb6eAzmsEk4akbWvMTgVx3Z1ARQuearDJ5,,2023-11-11,United Airlines,United Airlines,500.0,USD,in store,False
GpDjwAo6KNTaK91K7bljTrKG3rnxKAu654zZL,7BD8PmlNy9S5vXPvqbgWTxzwMGkp9EcdbMK8o,,2023-11-09,Uber,Uber 072515 SF**POOL**,6.33,USD,online,False
v4npByAJe8SAE1JEjneZsWlEawjAeduqMD9Lm,ZNWdb6eAzmsEk4akbWvMTgVx3Z1ARQuearDJ5,,2023-11-06,,Tectra Inc,500.0,USD,in store,False
XaWzo6BRKjIVbAJbBRZqcwrQBvMjpLubmRw7M,ZNWdb6eAzmsEk4akbWvMTgVx3Z1ARQuearDJ5,,2023-11-05,,AUTOMATIC PAYMENT - THANK,2078.5,USD,online,False
6zEoX5d4y9hXBb9B5n6vfeEn8wXMZki8BRVEq,ZNWdb6eAzmsEk4akbWvMTgVx3Z1ARQuearDJ5,,2023-11-05,KFC,KFC,500.0,USD,in store,False
RrDRB6oAjxh8QK4QJwNEU7QdJ43agbfagQm6E,ZNWdb6eAzmsEk4akbWvMTgVx3Z1ARQuearDJ5,,2023-11-05,,Madison Bicycle Shop,500.0,USD,in store,False
XaWzo6BRKjIVbAJbBRZqcwr1vwV5rZfbmRwJy,eoWb631DemtnG5MGWQJKtXvGPo6adeirv7law,,2023-10-27,,CREDIT CARD 3333 PAYMENT *//,25.0,USD,other,False
nKnB4ew9x8uWGy9GkR4VIpdXPpz4d6cAjBLJ7,7BD8PmlNy9S5vXPvqbgWTxzwMGkp9EcdbMK8o,,2023-10-27,Uber,Uber 063015 SF**POOL**,5.4,USD,online,False
MADEl6oVdKtk9W49Lo3xsa91AybkRmuLJoddP,MADEl6oVdKtk9W49Lo3xsa9JLEjRwBULXe84K,,2023-10-26,,ACH Electronic CreditGUSTO PAY 123456,5850.0,USD,online,False
r3njq19oNmtyGEPGa4jMIgyXQgwByzs7ev3Ne,QKD9z6mAP3ugeqEeWZvyTjBa1y4n9LfwP3WG8,,2023-10-26,,CD DEPOSIT .INITIAL.,1000.0,USD,other,False
DMDxo6VGydFXEWvEN3eRflyVNLzxKXC358KAm,ZNWdb6eAzmsEk4akbWvMTgVx3Z1ARQuearDJ5,,2023-10-25,,Touchstone Climbing,78.5,USD,in store,False
b1W8prgoPmFWGEkGPjA6Iz1olzmy15umXwMBg,7BD8PmlNy9S5vXPvqbgWTxzwMGkp9EcdbMK8o,,2023-10-25,United Airlines,United Airlines,-500.0,USD,in store,False
mqnrJ7bw38fVEoxEzAa3cWalGWw4aoCgD5Vr7,7BD8PmlNy9S5vXPvqbgWTxzwMGkp9EcdbMK8o,,2023-10-24,McDonald's,McDonald's,12.0,USD,in store,False
yjnAdy5RJ8SW9ER9v1nMIKkJVKB8k7s4zQ7gy,7BD8PmlNy9S5vXPvqbgWTxzwMGkp9EcdbMK8o,,2023-10-24,Starbucks,Starbucks,4.33,USD,in store,False
9xEGkDKjy9HRN75Nl9gpFk4apkBQ4nT4pmXK4,7BD8PmlNy9S5vXPvqbgWTxzwMGkp9EcdbMK8o,,2023-10-23,FUN,SparkFun,89.4,USD,in store,False
DMDxo6VGydFXEWvEN3eRflyoLla8yGF358Kd7,eoWb631DemtnG5MGWQJKtXvGPo6adeirv7law,,2023-10-22,,INTRST PYMNT,-4.22,USD,other,False
LWkyoZbjlZhxaARKAKwGFdbz5MKA3NukWVlpx,83rVqGRwKGh7BEQrErMNSvjLKd1WXAuW1ZvRr,,2025-10-12,FUN,SparkFun,89.4,USD,in store,False
AePbp39QN3ixvbgAbAmlFyAzmEWl9af9xn6AR,E1QEv4rNe4tBEvZGvGLaIqZRgyGejrt4RgZMV,,2025-10-11,,INTRST PYMNT,-4.22,USD,other,False
b1MQgVj3EVtd9zMQzQrVfz1ApV5ed9Fm6MNZm,pzBp9VXLwVIo1v9kvk48S5bEdKakRZhprJ9qX,,2025-10-01,United Airlines,United Airlines,500.0,USD,in store,False
pzBp9VXLwVIo1v9kvk48S5bNWzVrvKIpQAEVr,83rVqGRwKGh7BEQrErMNSvjLKd1WXAuW1ZvRr,,2025-09-29,Uber,Uber 072515 SF**POOL**,6.33,USD,online,False
mqKZbV9LyVu1n756764vUWaneVomzKfgQVMd4,pzBp9VXLwVIo1v9kvk48S5bEdKakRZhprJ9qX,,2025-09-26,,Tectra Inc,500.0,USD,in store,False
v4N9AVR5XVIGoqDKqKrvTWlrme7zj4fqZ9nkl,pzBp9VXLwVIo1v9kvk48S5bEdKakRZhprJ9qX,,2025-09-25,,AUTOMATIC PAYMENT - THANK,2078.5,USD,online,False
9xzNKnwVrnTx3DEADAGPFk4g6dnVRPH49XVQE,pzBp9VXLwVIo1v9kvk48S5bEdKakRZhprJ9qX,,2025-09-25,KFC,KFC,500.0,USD,in store,False
yj7z5lb3qlsbL5ZB5BDwsKkA1W73vpi487WXW,pzBp9VXLwVIo1v9kvk48S5bEdKakRZhprJ9qX,,2025-09-25,,Madison Bicycle Shop,500.0,USD,in store,False
GpMBoPk3ZPInGwkMwM8dCrKjdqAMRyC67zAPW,E1QEv4rNe4tBEvZGvGLaIqZRgyGejrt4RgZMV,,2025-09-16,,CREDIT CARD 3333 PAYMENT *//,25.0,USD,other,False
orzN9VLXEVTpyaJkak48UNLnEr6MvBCoVWk79,83rVqGRwKGh7BEQrErMNSvjLKd1WXAuW1ZvRr,,2025-09-16,Uber,Uber 063015 SF**POOL**,5.4,USD,online,False
6zqNdWBmlWIMw4yA4ARaTeEJPZgDXzH8PVbXz,orzN9VLXEVTpyaJkak48UNLkpBxAmdCoMp4PA,,2025-09-15,,ACH Electronic CreditGUSTO PAY 123456,5850.0,USD,online,False
nKr1wVJpEVsLjEB8E8QvSpdNwD6ek7tAMLKW6,LWkyoZbjlZhxaARKAKwGFdbypNjJn8tkQegmq,,2025-09-15,,CD DEPOSIT .INITIAL.,1000.0,USD,other,False
RrKXog1V3gTnmDGdDdeoC7Q1DgRE3kSaomXbw,pzBp9VXLwVIo1v9kvk48S5bEdKakRZhprJ9qX,,2025-09-14,,Touchstone Climbing,78.5,USD,in store,False
g8gZkVJA9VIjzm1NmNdVHmykpbn9jZhE7v4nB,83rVqGRwKGh7BEQrErMNSvjLKd1WXAuW1ZvRr,,2025-09-14,United Airlines,United Airlines,-500.0,USD,in store,False
83rVqGRwKGh7BEQrErMNSvjDBenkZKCWJkKLB,83rVqGRwKGh7BEQrErMNSvjLKd1WXAuW1ZvRr,,2025-09-13,McDonald's,McDonald's,12.0,USD,in store,False
E1QEv4rNe4tBEvZGvGLaIqZdNwWm7gh45p9kM,83rVqGRwKGh7BEQrErMNSvjLKd1WXAuW1ZvRr,,2025-09-13,Starbucks,Starbucks,4.33,USD,in store,False
WdxgzG48NGhZn7e676bXS1WaZdGVmwu6QJw1N,83rVqGRwKGh7BEQrErMNSvjLKd1WXAuW1ZvRr,,2025-09-12,FUN,SparkFun,89.4,USD,in store,False
3qRwdgvB1gu5z9Z191n3IEApzJ6W1BfmAm5V1,E1QEv4rNe4tBEvZGvGLaIqZRgyGejrt4RgZMV,,2025-09-11,,INTRST PYMNT,-4.22,USD,other,False
Vx3GrAg14AT34BNPBP6qTM94jKwDmEsqaqNye,pzBp9VXLwVIo1v9kvk48S5bEdKakRZhprJ9qX,,2025-09-01,,United Airlines,500.0,USD,other,False
GpMBoPk3ZPInGwkMwM8dCrKQ53neB7fGaGRPo,83rVqGRwKGh7BEQrErMNSvjLKd1WXAuW1ZvRr,,2025-08-30,,Uber 072515 SF**POOL**,6.33,USD,other,False
wNP9JV5AEVIndz6yzybvCnmQqpGw59cEGEKRo,pzBp9VXLwVIo1v9kvk48S5bEdKakRZhprJ9qX,,2025-08-27,,Tectra Inc,500.0,USD,other,False
kGljk5mbE5hVD4bM4MLvf4dpy9rn51uJ9JAD1,pzBp9VXLwVIo1v9kvk48S5bEdKakRZhprJ9qX,,2025-08-26,,AUTOMATIC PAYMENT - THANK,2078.5,USD,other,False
J8pR9ebaLeI7jwRlwl1yS38eM57v46CQAQwMk,pzBp9VXLwVIo1v9kvk48S5bEdKakRZhprJ9qX,,2025-08-26,,KFC,500.0,USD,other,False
5rlG6EVxpETB6y1AyAXdIB9ENAP3kMiGvGjyd,pzBp9VXLwVIo1v9kvk48S5bEdKakRZhprJ9qX,,2025-08-26,,Madison Bicycle Shop,500.0,USD,other,False
xPjw5VXBlVTbngQzgz5ZsDKoJnyl4xcy1yLKo,E1QEv4rNe4tBEvZGvGLaIqZRgyGejrt4RgZMV,,2025-08-17,,CREDIT CARD 3333 PAYMENT *//,25.0,USD,other,False
nKr1wVJpEVsLjEB8E8QvSpdZKPzRqbf3o3gWM,83rVqGRwKGh7BEQrErMNSvjLKd1WXAuW1ZvRr,,2025-08-17,,Uber 063015 SF**POOL**,5.4,USD,other,False
QKqgmoWVBosBbkGxkxJXIjBgv3rRMGiG1GR5m,orzN9VLXEVTpyaJkak48UNLkpBxAmdCoMp4PA,,2025-08-16,,ACH Electronic CreditGUSTO PAY 123456,5850.0,USD,other,False
4KRjG8VvL8s1egJogo7XUzkpBEKj5aclol4pr,LWkyoZbjlZhxaARKAKwGFdbypNjJn8tkQegmq,,2025-08-16,,CD DEPOSIT .INITIAL.,1000.0,USD,other,False
llk5dV1WEVsMwn5DnDR8T1aLE4kQ3DIa4a6gB,pzBp9VXLwVIo1v9kvk48S5bEdKakRZhprJ9qX,,2025-08-15,,Touchstone Climbing,78.5,USD,other,False
b1MQgVj3EVtd9zMQzQrVfz1PNlmjb7colorZn,83rVqGRwKGh7BEQrErMNSvjLKd1WXAuW1ZvRr,,2025-08-15,,United Airlines,-500.0,USD,other,False
mqKZbV9LyVu1n756764vUWa3MGwAZEi4E48dp,83rVqGRwKGh7BEQrErMNSvjLKd1WXAuW1ZvRr,,2025-08-14,,McDonald's,12.0,USD,other,False
yj7z5lb3qlsbL5ZB5BDwsKk6bVBgwZcKGKpX6,83rVqGRwKGh7BEQrErMNSvjLKd1WXAuW1ZvRr,,2025-08-14,,Starbucks,4.33,USD,other,False
9xzNKnwVrnTx3DEADAGPFk495pBG8jSqrqMQN,83rVqGRwKGh7BEQrErMNSvjLKd1WXAuW1ZvRr,,2025-08-13,,SparkFun,89.4,USD,other,False
dpLa8VJdEVI4NMplMlbVIPrdDGqKQxCBkBrnk,E1QEv4rNe4tBEvZGvGLaIqZRgyGejrt4RgZMV,,2025-08-12,,INTRST PYMNT,-4.22,USD,other,False
qB3p9VjXwVIgDGqoGojvTBX3NEl8KGi6E6BPP,pzBp9VXLwVIo1v9kvk48S5bEdKakRZhprJ9qX,,2025-08-02,,United Airlines,500.0,USD,other,False
v4N9AVR5XVIGoqDKqKrvTWlKnwyVQGivpvVkM,83rVqGRwKGh7BEQrErMNSvjLKd1WXAuW1ZvRr,,2025-07-31,,Uber 072515 SF**POOL**,6.33,USD,other,False
KEo9ZQVakQFrbdnqdq7Vfx4qM6rRZeFEyErkp,pzBp9VXLwVIo1v9kvk48S5bEdKakRZhprJ9qX,,2025-07-28,,Tectra Inc,500.0,USD,other,False
BQjd9x5lPxT9vRQjRj1DUMA5Db9z8xszBzV5G,pzBp9VXLwVIo1v9kvk48S5bEdKakRZhprJ9qX,,2025-07-27,,AUTOMATIC PAYMENT - THANK,2078.5,USD,other,False
z7ex9q5MKqFBjAoyAygQInz6a9VvGdc3V36B5,pzBp9VXLwVIo1v9kvk48S5bEdKakRZhprJ9qX,,2025-07-27,,KFC,500.0,USD,other,False
r3xy9V5REVh8b5qZ5ZXVFgydaQw4R9hdQdN9R,pzBp9VXLwVIo1v9kvk48S5bEdKakRZhprJ9qX,,2025-07-27,,Madison Bicycle Shop,500.0,USD,other,False
aMZy9V3dpVIxPkadkdoVFWlK1dPLMyikNkVKE,E1QEv4rNe4tBEvZGvGLaIqZRgyGejrt4RgZMV,,2025-07-18,,CREDIT CARD 3333 PAYMENT *//,25.0,USD,other,False
RrKXog1V3gTnmDGdDdeoC7Q6n48elpfP9P5bQ,83rVqGRwKGh7BEQrErMNSvjLKd1WXAuW1ZvRr,,2025-07-18,,Uber 063015 SF**POOL**,5.4,USD,other,False
ZN4DeVjg7VIlrgJQgQXVugV6rdPq7MhJ3J96y,orzN9VLXEVTpyaJkak48UNLkpBxAmdCoMp4PA,,2025-07-17,,ACH Electronic CreditGUSTO PAY 123456,5850.0,USD,other,False
NGEbg1nwK1h9G3gz3zVbU4oBEknrj9uX3Xk8Z,LWkyoZbjlZhxaARKAKwGFdbypNjJn8tkQegmq,,2025-07-17,,CD DEPOSIT .INITIAL.,1000.0,USD,other,False
3qRwdgvB1gu5z9Z191n3IEApzJ6W1BfmAm5b1,pzBp9VXLwVIo1v9kvk48S5bEdKakRZhprJ9qX,,2025-07-16,,Touchstone Climbing,78.5,USD,other,False
6zqNdWBmlWIMw4yA4ARaTeEBvwo95Lc161nXo,83rVqGRwKGh7BEQrErMNSvjLKd1WXAuW1ZvRr,,2025-07-16,,United Airlines,-500.0,USD,other,False
XadEBnw1PnTa6wK7w7PGSwrxkvVGWeC1Q18n4,83rVqGRwKGh7BEQrErMNSvjLKd1WXAuW1ZvRr,,2025-07-15,,McDonald's,12.0,USD,other,False
DMejVawR7aIop1ab1b74SlyZQLa5wbF414Ga1,83rVqGRwKGh7BEQrErMNSvjLKd1WXAuW1ZvRr,,2025-07-15,,Starbucks,4.33,USD,other,False
Vx3GrAg14AT34BNPBP6qTM94jKwDmEsqaqNPV,83rVqGRwKGh7BEQrErMNSvjLKd1WXAuW1ZvRr,,2025-07-14,,SparkFun,89.4,USD,other,False
4KRjG8VvL8s1egJogo7XUzkpBEKj5aclol4Rr,E1QEv4rNe4tBEvZGvGLaIqZRgyGejrt4RgZMV,,2025-07-13,,INTRST PYMNT,-4.22,USD,other,False
xPjw5VXBlVTbngQzgz5ZsDKoJnyl4xcy1yLPo,pzBp9VXLwVIo1v9kvk48S5bEdKakRZhprJ9qX,,2025-07-03,,United Airlines,500.0,USD,other,False
wNP9JV5AEVIndz6yzybvCnmQqpGw59cEGEKoN,83rVqGRwKGh7BEQrErMNSvjLKd1WXAuW1ZvRr,,2025-07-01,,Uber 072515 SF**POOL**,6.33,USD,other,False
dpLa8VJdEVI4NMplMlbVIPrdDGqKQxCBkBrzk,pzBp9VXLwVIo1v9kvk48S5bEdKakRZhprJ9qX,,2025-06-28,,Tectra Inc,500.0,USD,other,False
NGEbg1nwK1h9G3gz3zVbU4oBEknrj9uX3XkpZ,pzBp9VXLwVIo1v9kvk48S5bEdKakRZhprJ9qX,,2025-06-27,,AUTOMATIC PAYMENT - THANK,2078.5,USD,other,False
4KRjG8VvL8s1egJogo7XUzkpBEKj5aclol4Vr,pzBp9VXLwVIo1v9kvk48S5bEdKakRZhprJ9qX,,2025-06-27,,KFC,500.0,USD,other,False
aMZy9V3dpVIxPkadkdoVFWlK1dPLMyikNkVJE,pzBp9VXLwVIo1v9kvk48S5bEdKakRZhprJ9qX,,2025-06-27,,Madison Bicycle Shop,500.0,USD,other,False
NGEbg1nwK1h9G3gz3zVbU4oBEknrj9uX3XkAZ,E1QEv4rNe4tBEvZGvGLaIqZRgyGejrt4RgZMV,,2025-06-18,,CREDIT CARD 3333 PAYMENT *//,25.0,USD,other,False
5rlG6EVxpETB6y1AyAXdIB9ENAP3kMiGvGj7V,83rVqGRwKGh7BEQrErMNSvjLKd1WXAuW1ZvRr,,2025-06-18,,Uber 063015 SF**POOL**,5.4,USD,other,False
MA8GoMZwqMhVdKjrKrZwfa97KyVnl3H4K4GJJ,orzN9VLXEVTpyaJkak48UNLkpBxAmdCoMp4PA,,2025-06-17,,ACH Electronic CreditGUSTO PAY 123456,5850.0,USD,other,False
PqlXopEezpu61Ar3A3XyHPb6RvKzkeCX1XVLa,LWkyoZbjlZhxaARKAKwGFdbypNjJn8tkQegmq,,2025-06-17,,CD DEPOSIT .INITIAL.,1000.0,USD,other,False
PqlXopEezpu61Ar3A3XyHPb6RvKzkeCX1XV5a,pzBp9VXLwVIo1v9kvk48S5bEdKakRZhprJ9qX,,2025-06-16,,Touchstone Climbing,78.5,USD,other,False
J8pR9ebaLeI7jwRlwl1yS38eM57v46CQAQwg3,83rVqGRwKGh7BEQrErMNSvjLKd1WXAuW1ZvRr,,2025-06-16,,United Airlines,-500.0,USD,other,False
kGljk5mbE5hVD4bM4MLvf4dpy9rn51uJ9JAdv,83rVqGRwKGh7BEQrErMNSvjLKd1WXAuW1ZvRr,,2025-06-15,,McDonald's,12.0,USD,other,False
llk5dV1WEVsMwn5DnDR8T1aLE4kQ3DIa4a6d5,83rVqGRwKGh7BEQrErMNSvjLKd1WXAuW1ZvRr,,2025-06-15,,Starbucks,4.33,USD,other,False
qB3p9VjXwVIgDGqoGojvTBX3NEl8KGi6E6B7v,83rVqGRwKGh7BEQrErMNSvjLKd1WXAuW1ZvRr,,2025-06-14,,SparkFun,89.4,USD,other,False
PqlXopEezpu61Ar3A3XyHPb6RvKzkeCX1XVya,E1QEv4rNe4tBEvZGvGLaIqZRgyGejrt4RgZMV,,2025-06-13,,INTRST PYMNT,-4.22,USD,other,False
jAWXPVgZEVhQr63767NvhWnaZGNdrpivEvlme,pzBp9VXLwVIo1v9kvk48S5bEdKakRZhprJ9qX,,2025-06-03,,United Airlines,500.0,USD,other,False
KEo9ZQVakQFrbdnqdq7Vfx4qM6rRZeFEyErAg,83rVqGRwKGh7BEQrErMNSvjLKd1WXAuW1ZvRr,,2025-06-01,,Uber 072515 SF**POOL**,6.33,USD,other,False
7BK3lAVQqAIKzeNAeAR4sxzqma4VlDF8Z8rya,pzBp9VXLwVIo1v9kvk48S5bEdKakRZhprJ9qX,,2025-05-29,,Tectra Inc,500.0,USD,other,False
KEo9ZQVakQFrbdnqdq7Vfx4qM6rRZeFEyErk6,pzBp9VXLwVIo1v9kvk48S5bEdKakRZhprJ9qX,,2025-05-28,,AUTOMATIC PAYMENT - THANK,2078.5,USD,other,False
qB3p9VjXwVIgDGqoGojvTBX3NEl8KGi6E6BP8,pzBp9VXLwVIo1v9kvk48S5bEdKakRZhprJ9qX,,2025-05-28,,KFC,500.0,USD,other,False
eopQ1VJaEVUN6XbPXPAVuXvJ7rkQgBuagaeBK,pzBp9VXLwVIo1v9kvk48S5bEdKakRZhprJ9qX,,2025-05-28,,Madison Bicycle Shop,500.0,USD,other,False
jAWXPVgZEVhQr63767NvhWnaZGNdrpivEvlRe,E1QEv4rNe4tBEvZGvGLaIqZRgyGejrt4RgZMV,,2025-05-19,,CREDIT CARD 3333 PAYMENT *//,25.0,USD,other,False
r3xy9V5REVh8b5qZ5ZXVFgydaQw4R9hdQdN6y,83rVqGRwKGh7BEQrErMNSvjLKd1WXAuW1ZvRr,,2025-05-19,,Uber 063015 SF**POOL**,5.4,USD,other,False
1GR3mpwyZph53VPoVovzIr5NdAvKJ4fqzqE8w,orzN9VLXEVTpyaJkak48UNLkpBxAmdCoMp4PA,,2025-05-18,,ACH Electronic CreditGUSTO PAY 123456,5850.0,USD,other,False
jAWXPVgZEVhQr63767NvhWnaZGNdrpivEvlKe,LWkyoZbjlZhxaARKAKwGFdbypNjJn8tkQegmq,,2025-05-18,,CD DEPOSIT .INITIAL.,1000.0,USD,other,False
r3xy9V5REVh8b5qZ5ZXVFgydaQw4R9hdQdN9l,pzBp9VXLwVIo1v9kvk48S5bEdKakRZhprJ9qX,,2025-05-17,,Touchstone Climbing,78.5,USD,other,False
z7ex9q5MKqFBjAoyAygQInz6a9VvGdc3V36Lo,83rVqGRwKGh7BEQrErMNSvjLKd1WXAuW1ZvRr,,2025-05-17,,United Airlines,-500.0,USD,other,False
BQjd9x5lPxT9vRQjRj1DUMA5Db9z8xszBzV84,83rVqGRwKGh7BEQrErMNSvjLKd1WXAuW1ZvRr,,2025-05-16,,McDonald's,12.0,USD,other,False
3qRwdgvB1gu5z9Z191n3IEApzJ6W1BfmAm5nm,83rVqGRwKGh7BEQrErMNSvjLKd1WXAuW1ZvRr,,2025-05-16,,Starbucks,4.33,USD,other,False
xPjw5VXBlVTbngQzgz5ZsDKoJnyl4xcy1yLVJ,83rVqGRwKGh7BEQrErMNSvjLKd1WXAuW1ZvRr,,2025-05-15,,SparkFun,89.4,USD,other,False
7BK3lAVQqAIKzeNAeAR4sxzqma4VlDF8Z8rBa,E1QEv4rNe4tBEvZGvGLaIqZRgyGejrt4RgZMV,,2025-05-14,,INTRST PYMNT,-4.22,USD,other,False
z7ex9q5MKqFBjAoyAygQInz6a9VvGdc3V36Bl,pzBp9VXLwVIo1v9kvk48S5bEdKakRZhprJ9qX,,2025-05-04,,United Airlines,500.0,USD,other,False
dpLa8VJdEVI4NMplMlbVIPrdDGqKQxCBkBrQ6,83rVqGRwKGh7BEQrErMNSvjLKd1WXAuW1ZvRr,,2025-05-02,,Uber 072515 SF**POOL**,6.33,USD,other,False
BQjd9x5lPxT9vRQjRj1DUMA5Db9z8xszBzV5z,pzBp9VXLwVIo1v9kvk48S5bEdKakRZhprJ9qX,,2025-04-29,,Tectra Inc,500.0,USD,other,False
dpLa8VJdEVI4NMplMlbVIPrdDGqKQxCBkBrzG,pzBp9VXLwVIo1v9kvk48S5bEdKakRZhprJ9qX,,2025-04-28,,AUTOMATIC PAYMENT - THANK,2078.5,USD,other,False
xPjw5VXBlVTbngQzgz5ZsDKoJnyl4xcy1yLPA,pzBp9VXLwVIo1v9kvk48S5bEdKakRZhprJ9qX,,2025-04-28,,KFC,500.0,USD,other,False
3qRwdgvB1gu5z9Z191n3IEApzJ6W1BfmAm5bM,pzBp9VXLwVIo1v9kvk48S5bEdKakRZhprJ9qX,,2025-04-28,,Madison Bicycle Shop,500.0,USD,other,False
eopQ1VJaEVUN6XbPXPAVuXvJ7rkQgBuagae3K,E1QEv4rNe4tBEvZGvGLaIqZRgyGejrt4RgZMV,,2025-04-19,,CREDIT CARD 3333 PAYMENT *//,25.0,USD,other,False
aMZy9V3dpVIxPkadkdoVFWlK1dPLMyikNkVQP,83rVqGRwKGh7BEQrErMNSvjLKd1WXAuW1ZvRr,,2025-04-19,,Uber 063015 SF**POOL**,5.4,USD,other,False
LWkyoZbjlZhxaARKAKwGFdbLyaZvQ7ce7edXr,orzN9VLXEVTpyaJkak48UNLkpBxAmdCoMp4PA,,2025-04-18,,ACH Electronic CreditGUSTO PAY 123456,5850.0,USD,other,False
7BK3lAVQqAIKzeNAeAR4sxzqma4VlDF8Z8rba,LWkyoZbjlZhxaARKAKwGFdbypNjJn8tkQegmq,,2025-04-18,,CD DEPOSIT .INITIAL.,1000.0,USD,other,False
aMZy9V3dpVIxPkadkdoVFWlK1dPLMyikNkVJo,pzBp9VXLwVIo1v9kvk48S5bEdKakRZhprJ9qX,,2025-04-17,,Touchstone Climbing,78.5,USD,other,False
4KRjG8VvL8s1egJogo7XUzkpBEKj5aclol4A9,83rVqGRwKGh7BEQrErMNSvjLKd1WXAuW1ZvRr,,2025-04-17,,United Airlines,-500.0,USD,other,False
NGEbg1nwK1h9G3gz3zVbU4oBEknrj9uX3Xk5V,83rVqGRwKGh7BEQrErMNSvjLKd1WXAuW1ZvRr,,2025-04-16,,McDonald's,12.0,USD,other,False
PqlXopEezpu61Ar3A3XyHPb6RvKzkeCX1XVWj,83rVqGRwKGh7BEQrErMNSvjLKd1WXAuW1ZvRr,,2025-04-16,,Starbucks,4.33,USD,other,False
jAWXPVgZEVhQr63767NvhWnaZGNdrpivEvlLl,83rVqGRwKGh7BEQrErMNSvjLKd1WXAuW1ZvRr,,2025-04-15,,SparkFun,89.4,USD,other,False
QKqgmoWVBosBbkGxkxJXIjBgv3rRMGiG1GRlr,E1QEv4rNe4tBEvZGvGLaIqZRgyGejrt4RgZMV,,2025-04-14,,INTRST PYMNT,-4.22,USD,other,False
4KRjG8VvL8s1egJogo7XUzkpBEKj5aclol4Vm,pzBp9VXLwVIo1v9kvk48S5bEdKakRZhprJ9qX,,2025-04-04,,United Airlines,500.0,USD,other,False
7BK3lAVQqAIKzeNAeAR4sxzqma4VlDF8Z8rnV,83rVqGRwKGh7BEQrErMNSvjLKd1WXAuW1ZvRr,,2025-04-02,,Uber 072515 SF**POOL**,6.33,USD,other,False
NGEbg1nwK1h9G3gz3zVbU4oBEknrj9uX3Xkpa,pzBp9VXLwVIo1v9kvk48S5bEdKakRZhprJ9qX,,2025-03-30,,Tectra Inc,500.0,USD,in store,False
7BK3lAVQqAIKzeNAeAR4sxzqma4VlDF8Z8ryA,pzBp9VXLwVIo1v9kvk48S5bEdKakRZhprJ9qX,,2025-03-29,,AUTOMATIC PAYMENT - THANK,2078.5,USD,online,False
jAWXPVgZEVhQr63767NvhWnaZGNdrpivEvlmb,pzBp9VXLwVIo1v9kvk48S5bEdKakRZhprJ9qX,,2025-03-29,KFC,KFC,500.0,USD,in store,False
PqlXopEezpu61Ar3A3XyHPb6RvKzkeCX1XV5V,pzBp9VXLwVIo1v9kvk48S5bEdKakRZhprJ9qX,,2025-03-29,,Madison Bicycle Shop,500.0,USD,in store,False
ZN4DeVjg7VIlrgJQgQXVugV6rdPq7MhJ3J918,E1QEv4rNe4tBEvZGvGLaIqZRgyGejrt4RgZMV,,2025-03-20,,CREDIT CARD 3333 PAYMENT *//,25.0,USD,other,False
eopQ1VJaEVUN6XbPXPAVuXvJ7rkQgBuagae5R,83rVqGRwKGh7BEQrErMNSvjLKd1WXAuW1ZvRr,,2025-03-20,Uber,Uber 063015 SF**POOL**,5.4,USD,online,False
pzBp9VXLwVIo1v9kvk48S5b4Ey87MGUJwJ8Z4,orzN9VLXEVTpyaJkak48UNLkpBxAmdCoMp4PA,,2025-03-19,,ACH Electronic CreditGUSTO PAY 123456,5850.0,USD,online,False
eopQ1VJaEVUN6XbPXPAVuXvJ7rkQgBuagaevK,LWkyoZbjlZhxaARKAKwGFdbypNjJn8tkQegmq,,2025-03-19,,CD DEPOSIT .INITIAL.,1000.0,USD,other,False
eopQ1VJaEVUN6XbPXPAVuXvJ7rkQgBuagaeBq,pzBp9VXLwVIo1v9kvk48S5bEdKakRZhprJ9qX,,2025-03-18,,Touchstone Climbing,78.5,USD,in store,False
qB3p9VjXwVIgDGqoGojvTBX3NEl8KGi6E6B7e,83rVqGRwKGh7BEQrErMNSvjLKd1WXAuW1ZvRr,,2025-03-18,United Airlines,United Airlines,-500.0,USD,in store,False
KEo9ZQVakQFrbdnqdq7Vfx4qM6rRZeFEyErA4,83rVqGRwKGh7BEQrErMNSvjLKd1WXAuW1ZvRr,,2025-03-17,McDonald's,McDonald's,12.0,USD,in store,False
r3xy9V5REVh8b5qZ5ZXVFgydaQw4R9hdQdN68,83rVqGRwKGh7BEQrErMNSvjLKd1WXAuW1ZvRr,,2025-03-17,Starbucks,Starbucks,4.33,USD,in store,False
z7ex9q5MKqFBjAoyAygQInz6a9VvGdc3V36LP,83rVqGRwKGh7BEQrErMNSvjLKd1WXAuW1ZvRr,,2025-03-16,FUN,SparkFun,89.4,USD,in store,False
MA8GoMZwqMhVdKjrKrZwfa97KyVnl3H4K4GR9,E1QEv4rNe4tBEvZGvGLaIqZRgyGejrt4RgZMV,,2025-03-15,,INTRST PYMNT,-4.22,USD,other,False
QKqgmoWVBosBbkGxkxJXIjBgv3rRMGiG1GR6q,pzBp9VXLwVIo1v9kvk48S5bEdKakRZhprJ9qX,,2025-03-05,United Airlines,United Airlines,500.0,USD,in store,False
BQjd9x5lPxT9vRQjRj1DUMA5Db9z8xszBzVj3,83rVqGRwKGh7BEQrErMNSvjLKd1WXAuW1ZvRr,,2025-03-03,Uber,Uber 072515 SF**POOL**,6.33,USD,online,False
ZN4DeVjg7VIlrgJQgQXVugV6rdPq7MhJ3J9mZ,pzBp9VXLwVIo1v9kvk48S5bEdKakRZhprJ9qX,,2025-02-28,,Tectra Inc,500.0,USD,in store,False
LWkyoZbjlZhxaARKAKwGFdbLyaZvQ7ce7edj1,pzBp9VXLwVIo1v9kvk48S5bEdKakRZhprJ9qX,,2025-02-27,,AUTOMATIC PAYMENT - THANK,2078.5,USD,online,False
1GR3mpwyZph53VPoVovzIr5NdAvKJ4fqzqEjM,pzBp9VXLwVIo1v9kvk48S5bEdKakRZhprJ9qX,,2025-02-27,KFC,KFC,500.0,USD,in store,False
MA8GoMZwqMhVdKjrKrZwfa97KyVnl3H4K4Gpn,pzBp9VXLwVIo1v9kvk48S5bEdKakRZhprJ9qX,,2025-02-27,,Madison Bicycle Shop,500.0,USD,in store,False
1GR3mpwyZph53VPoVovzIr5NdAvKJ4fqzqEPp,E1QEv4rNe4tBEvZGvGLaIqZRgyGejrt4RgZMV,,2025-02-18,,CREDIT CARD 3333 PAYMENT *//,25.0,USD,other,False
3qRwdgvB1gu5z9Z191n3IEApzJ6W1BfmAm5Rk,83rVqGRwKGh7BEQrErMNSvjLKd1WXAuW1ZvRr,,2025-02-18,Uber,Uber 063015 SF**POOL**,5.4,USD,online,False
orzN9VLXEVTpyaJkak48UNLlkjqDe3CpjpGdj,orzN9VLXEVTpyaJkak48UNLkpBxAmdCoMp4PA,,2025-02-17,,ACH Electronic CreditGUSTO PAY 123456,5850.0,USD,online,False
QKqgmoWVBosBbkGxkxJXIjBgv3rRMGiG1GRPr,LWkyoZbjlZhxaARKAKwGFdbypNjJn8tkQegmq,,2025-02-17,,CD DEPOSIT .INITIAL.,1000.0,USD,other,False
pzBp9VXLwVIo1v9kvk48S5b4Ey87MGUJwJ8oa,pzBp9VXLwVIo1v9kvk48S5bEdKakRZhprJ9qX,,2025-02-16,,Touchstone Climbing,78.5,USD,in store,False
xPjw5VXBlVTbngQzgz5ZsDKoJnyl4xcy1yLB8,83rVqGRwKGh7BEQrErMNSvjLKd1WXAuW1ZvRr,,2025-02-16,United Airlines,United Airlines,-500.0,USD,in store,False
dpLa8VJdEVI4NMplMlbVIPrdDGqKQxCBkBram,83rVqGRwKGh7BEQrErMNSvjLKd1WXAuW1ZvRr,,2025-02-15,McDonald's,McDonald's,12.0,USD,in store,False
aMZy9V3dpVIxPkadkdoVFWlK1dPLMyikNkV3x,83rVqGRwKGh7BEQrErMNSvjLKd1WXAuW1ZvRr,,2025-02-15,Starbucks,Starbucks,4.33,USD,in store,False
4KRjG8VvL8s1egJogo7XUzkpBEKj5aclol4M7,83rVqGRwKGh7BEQrErMNSvjLKd1WXAuW1ZvRr,,2025-02-14,FUN,SparkFun,89.4,USD,in store,False
LWkyoZbjlZhxaARKAKwGFdbLyaZvQ7ce7edWe,E1QEv4rNe4tBEvZGvGLaIqZRgyGejrt4RgZMV,,2025-02-13,,INTRST PYMNT,-4.22,USD,other,False
orzN9VLXEVTpyaJkak48UNLlkjqDe3CpjpGqz,pzBp9VXLwVIo1v9kvk48S5bEdKakRZhprJ9qX,,2025-02-03,United Airlines,United Airlines,500.0,USD,in store,False
NGEbg1nwK1h9G3gz3zVbU4oBEknrj9uX3XkK5,83rVqGRwKGh7BEQrErMNSvjLKd1WXAuW1ZvRr,,2025-02-01,Uber,Uber 072515 SF**POOL**,6.33,USD,online,False
g8gZkVJA9VIjzm1NmNdVHmy14GMrxWHLoLd8Q,pzBp9VXLwVIo1v9kvk48S5bEdKakRZhprJ9qX,,2025-01-29,,Tectra Inc,500.0,USD,in store,False
WdxgzG48NGhZn7e676bXS1WyMKJo9nIPRPqZE,pzBp9VXLwVIo1v9kvk48S5bEdKakRZhprJ9qX,,2025-01-28,,AUTOMATIC PAYMENT - THANK,2078.5,USD,online,False
E1QEv4rNe4tBEvZGvGLaIqZLxa4GRkcgyg3xk,pzBp9VXLwVIo1v9kvk48S5bEdKakRZhprJ9qX,,2025-01-28,KFC,KFC,500.0,USD,in store,False
83rVqGRwKGh7BEQrErMNSvjEqbg1LMCZnZe3j,pzBp9VXLwVIo1v9kvk48S5bEdKakRZhprJ9qX,,2025-01-28,,Madison Bicycle Shop,500.0,USD,in store,False
pzBp9VXLwVIo1v9kvk48S5b4Ey87MGUJwJ8QE,E1QEv4rNe4tBEvZGvGLaIqZRgyGejrt4RgZMV,,2025-01-19,,CREDIT CARD 3333 PAYMENT *//,25.0,USD,other,False
PqlXopEezpu61Ar3A3XyHPb6RvKzkeCX1XVvv,83rVqGRwKGh7BEQrErMNSvjLKd1WXAuW1ZvRr,,2025-01-19,Uber,Uber 063015 SF**POOL**,5.4,USD,online,False
g8gZkVJA9VIjzm1NmNdVHmy14GMrxWHLoLdx6,orzN9VLXEVTpyaJkak48UNLkpBxAmdCoMp4PA,,2025-01-18,,ACH Electronic CreditGUSTO PAY 123456,5850.0,USD,online,False
ZN4DeVjg7VIlrgJQgQXVugV6rdPq7MhJ3J9a8,LWkyoZbjlZhxaARKAKwGFdbypNjJn8tkQegmq,,2025-01-18,,CD DEPOSIT .INITIAL.,1000.0,USD,other,False
AePbp39QN3ixvbgAbAmlFyALNQxjnrC4843r5,pzBp9VXLwVIo1v9kvk48S5bEdKakRZhprJ9qX,,2025-01-17,,Touchstone Climbing,78.5,USD,in store,False
jAWXPVgZEVhQr63767NvhWnaZGNdrpivEvlAa,83rVqGRwKGh7BEQrErMNSvjLKd1WXAuW1ZvRr,,2025-01-17,United Airlines,United Airlines,-500.0,USD,in store,False
7BK3lAVQqAIKzeNAeAR4sxzqma4VlDF8Z8rpB,83rVqGRwKGh7BEQrErMNSvjLKd1WXAuW1ZvRr,,2025-01-16,McDonald's,McDonald's,12.0,USD,in store,False
eopQ1VJaEVUN6XbPXPAVuXvJ7rkQgBuagaekv,83rVqGRwKGh7BEQrErMNSvjLKd1WXAuW1ZvRr,,2025-01-16,Starbucks,Starbucks,4.33,USD,in store,False
QKqgmoWVBosBbkGxkxJXIjBgv3rRMGiG1GRe6,83rVqGRwKGh7BEQrErMNSvjLKd1WXAuW1ZvRr,,2025-01-15,FUN,SparkFun,89.4,USD,in store,False
orzN9VLXEVTpyaJkak48UNLlkjqDe3CpjpGVK,E1QEv4rNe4tBEvZGvGLaIqZRgyGejrt4RgZMV,,2025-01-14,,INTRST PYMNT,-4.22,USD,other,False
GpMBoPk3ZPInGwkMwM8dCrKQ53neB7fGaGRM7,pzBp9VXLwVIo1v9kvk48S5bEdKakRZhprJ9qX,,2025-01-04,United Airlines,United Airlines,500.0,USD,in store,False
ZN4DeVjg7VIlrgJQgQXVugV6rdPq7MhJ3J9lq,83rVqGRwKGh7BEQrErMNSvjLKd1WXAuW1ZvRr,,2025-01-02,Uber,Uber 072515 SF**POOL**,6.33,USD,online,False
nKr1wVJpEVsLjEB8E8QvSpdZKPzRqbf3o3gl9,pzBp9VXLwVIo1v9kvk48S5bEdKakRZhprJ9qX,,2024-12-30,,Tectra Inc,500.0,USD,in store,False
yj7z5lb3qlsbL5ZB5BDwsKk6bVBgwZcKGKp6R,pzBp9VXLwVIo1v9kvk48S5bEdKakRZhprJ9qX,,2024-12-29,,AUTOMATIC PAYMENT - THANK,2078.5,USD,online,False
mqKZbV9LyVu1n756764vUWa3MGwAZEi4E48yy,pzBp9VXLwVIo1v9kvk48S5bEdKakRZhprJ9qX,,2024-12-29,KFC,KFC,500.0,USD,in store,False
b1MQgVj3EVtd9zMQzQrVfz1PNlmjb7colorbK,pzBp9VXLwVIo1v9kvk48S5bEdKakRZhprJ9qX,,2024-12-29,,Madison Bicycle Shop,500.0,USD,in store,False
g8gZkVJA9VIjzm1NmNdVHmy14GMrxWHLoLd7r,E1QEv4rNe4tBEvZGvGLaIqZRgyGejrt4RgZMV,,2024-12-20,,CREDIT CARD 3333 PAYMENT *//,25.0,USD,other,False
MA8GoMZwqMhVdKjrKrZwfa97KyVnl3H4K4Gyg,83rVqGRwKGh7BEQrErMNSvjLKd1WXAuW1ZvRr,,2024-12-20,Uber,Uber 063015 SF**POOL**,5.4,USD,online,False
83rVqGRwKGh7BEQrErMNSvjEqbg1LMCZnZeb1,orzN9VLXEVTpyaJkak48UNLkpBxAmdCoMp4PA,,2024-12-19,,ACH Electronic CreditGUSTO PAY 123456,5850.0,USD,online,False
MA8GoMZwqMhVdKjrKrZwfa97KyVnl3H4K4GX9,LWkyoZbjlZhxaARKAKwGFdbypNjJn8tkQegmq,,2024-12-19,,CD DEPOSIT .INITIAL.,1000.0,USD,other,False
9xzNKnwVrnTx3DEADAGPFk495pBG8jSqrqMxp,pzBp9VXLwVIo1v9kvk48S5bEdKakRZhprJ9qX,,2024-12-18,,Touchstone Climbing,78.5,USD,in store,False
1GR3mpwyZph53VPoVovzIr5NdAvKJ4fqzqEo8,83rVqGRwKGh7BEQrErMNSvjLKd1WXAuW1ZvRr,,2024-12-18,United Airlines,United Airlines,-500.0,USD,in store,False
LWkyoZbjlZhxaARKAKwGFdbLyaZvQ7ce7edaJ,83rVqGRwKGh7BEQrErMNSvjLKd1WXAuW1ZvRr,,2024-12-17,McDonald's,McDonald's,12.0,USD,in store,False
pzBp9VXLwVIo1v9kvk48S5b4Ey87MGUJwJ8n1,83rVqGRwKGh7BEQrErMNSvjLKd1WXAuW1ZvRr,,2024-12-17,Starbucks,Starbucks,4.33,USD,in store,False
orzN9VLXEVTpyaJkak48UNLlkjqDe3CpjpGya,83rVqGRwKGh7BEQrErMNSvjLKd1WXAuW1ZvRr,,2024-12-16,FUN,SparkFun,89.4,USD,in store,False
83rVqGRwKGh7BEQrErMNSvjEqbg1LMCZnZeJg,E1QEv4rNe4tBEvZGvGLaIqZRgyGejrt4RgZMV,,2024-12-15,,INTRST PYMNT,-4.22,USD,other,False
v4N9AVR5XVIGoqDKqKrvTWlKnwyVQGivpvV6D,pzBp9VXLwVIo1v9kvk48S5bEdKakRZhprJ9qX,,2024-12-05,United Airlines,United Airlines,500.0,USD,in store,False
g8gZkVJA9VIjzm1NmNdVHmy14GMrxWHLoLd1o,83rVqGRwKGh7BEQrErMNSvjLKd1WXAuW1ZvRr,,2024-12-03,Uber,Uber 072515 SF**POOL**,6.33,USD,online,False
RrKXog1V3gTnmDGdDdeoC7Q6n48elpfP9P5pv,pzBp9VXLwVIo1v9kvk48S5bEdKakRZhprJ9qX,,2024-11-30,,Tectra Inc,500.0,USD,in store,False
DMejVawR7aIop1ab1b74SlyZQLa5wbF414GWo,pzBp9VXLwVIo1v9kvk48S5bEdKakRZhprJ9qX,,2024-11-29,,AUTOMATIC PAYMENT - THANK,2078.5,USD,online,False
XadEBnw1PnTa6wK7w7PGSwrxkvVGWeC1Q18KQ,pzBp9VXLwVIo1v9kvk48S5bEdKakRZhprJ9qX,,2024-11-29,KFC,KFC,500.0,USD,in store,False
6zqNdWBmlWIMw4yA4ARaTeEBvwo95Lc161nDW,pzBp9VXLwVIo1v9kvk48S5bEdKakRZhprJ9qX,,2024-11-29,,Madison Bicycle Shop,500.0,USD,in store,False
E1QEv4rNe4tBEvZGvGLaIqZLxa4GRkcgyg356,E1QEv4rNe4tBEvZGvGLaIqZRgyGejrt4RgZMV,,2024-11-20,,CREDIT CARD 3333 PAYMENT *//,25.0,USD,other,False
83rVqGRwKGh7BEQrErMNSvjEqbg1LMCZnZemX,83rVqGRwKGh7BEQrErMNSvjLKd1WXAuW1ZvRr,,2024-11-20,Uber,Uber 063015 SF**POOL**,5.4,USD,online,False
E1QEv4rNe4tBEvZGvGLaIqZLxa4GRkcgyg3qQ,orzN9VLXEVTpyaJkak48UNLkpBxAmdCoMp4PA,,2024-11-19,,ACH Electronic CreditGUSTO PAY 123456,5850.0,USD,online,False
1GR3mpwyZph53VPoVovzIr5NdAvKJ4fqzqE9p,LWkyoZbjlZhxaARKAKwGFdbypNjJn8tkQegmq,,2024-11-19,,CD DEPOSIT .INITIAL.,1000.0,USD,other,False
Vx3GrAg14AT34BNPBP6qTM94jKwDmEsqaqNgm,pzBp9VXLwVIo1v9kvk48S5bEdKakRZhprJ9qX,,2024-11-18,,Touchstone Climbing,78.5,USD,in store,False
E1QEv4rNe4tBEvZGvGLaIqZLxa4GRkcgyg3lR,83rVqGRwKGh7BEQrErMNSvjLKd1WXAuW1ZvRr,,2024-11-18,United Airlines,United Airlines,-500.0,USD,in store,False
WdxgzG48NGhZn7e676bXS1WyMKJo9nIPRPqEM,83rVqGRwKGh7BEQrErMNSvjLKd1WXAuW1ZvRr,,2024-11-17,McDonald's,McDonald's,12.0,USD,in store,False
AePbp39QN3ixvbgAbAmlFyALNQxjnrC4843PD,83rVqGRwKGh7BEQrErMNSvjLKd1WXAuW1ZvRr,,2024-11-17,Starbucks,Starbucks,4.33,USD,in store,False
GpMBoPk3ZPInGwkMwM8dCrKQ53neB7fGaGR3d,83rVqGRwKGh7BEQrErMNSvjLKd1WXAuW1ZvRr,,2024-11-16,FUN,SparkFun,89.4,USD,in store,False
WdxgzG48NGhZn7e676bXS1WyMKJo9nIPRPqQx,E1QEv4rNe4tBEvZGvGLaIqZRgyGejrt4RgZMV,,2024-11-15,,INTRST PYMNT,-4.22,USD,other,False
wNP9JV5AEVIndz6yzybvCnmQqpGw59cEGEKZ9,pzBp9VXLwVIo1v9kvk48S5bEdKakRZhprJ9qX,,2024-11-05,United Airlines,United Airlines,500.0,USD,in store,False
nKr1wVJpEVsLjEB8E8QvSpdZKPzRqbf3o3gbX,83rVqGRwKGh7BEQrErMNSvjLKd1WXAuW1ZvRr,,2024-11-03,Uber,Uber 072515 SF**POOL**,6.33,USD,online,False
5rlG6EVxpETB6y1AyAXdIB9ENAP3kMiGvGjKl,pzBp9VXLwVIo1v9kvk48S5bEdKakRZhprJ9qX,,2024-10-31,,Tectra Inc,500.0,USD,in store,False
llk5dV1WEVsMwn5DnDR8T1aLE4kQ3DIa4a6oz,pzBp9VXLwVIo1v9kvk48S5bEdKakRZhprJ9qX,,2024-10-30,,AUTOMATIC PAYMENT - THANK,2078.5,USD,online,False
kGljk5mbE5hVD4bM4MLvf4dpy9rn51uJ9JA63,pzBp9VXLwVIo1v9kvk48S5bEdKakRZhprJ9qX,,2024-10-30,KFC,KFC,500.0,USD,in store,False
J8pR9ebaLeI7jwRlwl1yS38eM57v46CQAQw6P,pzBp9VXLwVIo1v9kvk48S5bEdKakRZhprJ9qX,,2024-10-30,,Madison Bicycle Shop,500.0,USD,in store,False
AePbp39QN3ixvbgAbAmlFyALNQxjnrC4843x3,E1QEv4rNe4tBEvZGvGLaIqZRgyGejrt4RgZMV,,2024-10-21,,CREDIT CARD 3333 PAYMENT *//,25.0,USD,other,False
b1MQgVj3EVtd9zMQzQrVfz1PNlmjb7colorq9,83rVqGRwKGh7BEQrErMNSvjLKd1WXAuW1ZvRr,,2024-10-21,Uber,Uber 063015 SF**POOL**,5.4,USD,online,False
WdxgzG48NGhZn7e676bXS1WyMKJo9nIPRPqk8,orzN9VLXEVTpyaJkak48UNLkpBxAmdCoMp4PA,,2024-10-20,,ACH Electronic CreditGUSTO PAY 123456,5850.0,USD,online,False
LWkyoZbjlZhxaARKAKwGFdbLyaZvQ7ce7ed6e,LWkyoZbjlZhxaARKAKwGFdbypNjJn8tkQegmq,,2024-10-20,,CD DEPOSIT .INITIAL.,1000.0,USD,other,False
qB3p9VjXwVIgDGqoGojvTBX3NEl8KGi6E6Br8,pzBp9VXLwVIo1v9kvk48S5bEdKakRZhprJ9qX,,2024-10-19,,Touchstone Climbing,78.5,USD,in store,False
mqKZbV9LyVu1n756764vUWa3MGwAZEi4E48JR,83rVqGRwKGh7BEQrErMNSvjLKd1WXAuW1ZvRr,,2024-10-19,United Airlines,United Airlines,-500.0,USD,in store,False
yj7z5lb3qlsbL5ZB5BDwsKk6bVBgwZcKGKpAr,83rVqGRwKGh7BEQrErMNSvjLKd1WXAuW1ZvRr,,2024-10-18,McDonald's,McDonald's,12.0,USD,in store,False
9xzNKnwVrnTx3DEADAGPFk495pBG8jSqrqMDR,83rVqGRwKGh7BEQrErMNSvjLKd1WXAuW1ZvRr,,2024-10-18,Starbucks,Starbucks,4.33,USD,in store,False
v4N9AVR5XVIGoqDKqKrvTWlKnwyVQGivpvVRq,83rVqGRwKGh7BEQrErMNSvjLKd1WXAuW1ZvRr,,2024-10-17,FUN,SparkFun,89.4,USD,in store,False
GpMBoPk3ZPInGwkMwM8dCrKQ53neB7fGaGR7j,E1QEv4rNe4tBEvZGvGLaIqZRgyGejrt4RgZMV,,2024-10-16,,INTRST PYMNT,-4.22,USD,other,False
KEo9ZQVakQFrbdnqdq7Vfx4qM6rRZeFEyErp6,pzBp9VXLwVIo1v9kvk48S5bEdKakRZhprJ9qX,,2024-10-06,United Airlines,United Airlines,500.0,USD,in store,False
RrKXog1V3gTnmDGdDdeoC7Q6n48elpfP9P54P,83rVqGRwKGh7BEQrErMNSvjLKd1WXAuW1ZvRr,,2024-10-04,Uber,Uber 072515 SF**POOL**,6.33,USD,online,False
r3xy9V5REVh8b5qZ5ZXVFgydaQw4R9hdQdNJl,pzBp9VXLwVIo1v9kvk48S5bEdKakRZhprJ9qX,,2024-10-01,,Tectra Inc,500.0,USD,in store,False
3qRwdgvB1gu5z9Z191n3IEApzJ6W1BfmAm5lM,pzBp9VXLwVIo1v9kvk48S5bEdKakRZhprJ9qX,,2024-09-30,,AUTOMATIC PAYMENT - THANK,2078.5,USD,online,False
BQjd9x5lPxT9vRQjRj1DUMA5Db9z8xszBzVMz,pzBp9VXLwVIo1v9kvk48S5bEdKakRZhprJ9qX,,2024-09-30,KFC,KFC,500.0,USD,in store,False
z7ex9q5MKqFBjAoyAygQInz6a9VvGdc3V36Nl,pzBp9VXLwVIo1v9kvk48S5bEdKakRZhprJ9qX,,2024-09-30,,Madison Bicycle Shop,500.0,USD,in store,False
nKr1wVJpEVsLjEB8E8QvSpdZKPzRqbf3o3gMp,E1QEv4rNe4tBEvZGvGLaIqZRgyGejrt4RgZMV,,2024-09-21,,CREDIT CARD 3333 PAYMENT *//,25.0,USD,other,False
6zqNdWBmlWIMw4yA4ARaTeEBvwo95Lc161n3b,83rVqGRwKGh7BEQrErMNSvjLKd1WXAuW1ZvRr,,2024-09-21,Uber,Uber 063015 SF**POOL**,5.4,USD,online,False
AePbp39QN3ixvbgAbAmlFyALNQxjnrC4843Qm,orzN9VLXEVTpyaJkak48UNLkpBxAmdCoMp4PA,,2024-09-20,,ACH Electronic CreditGUSTO PAY 123456,5850.0,USD,online,False
pzBp9VXLwVIo1v9kvk48S5b4Ey87MGUJwJ8lE,LWkyoZbjlZhxaARKAKwGFdbypNjJn8tkQegmq,,2024-09-20,,CD DEPOSIT .INITIAL.,1000.0,USD,other,False
xPjw5VXBlVTbngQzgz5ZsDKoJnyl4xcy1yL4A,pzBp9VXLwVIo1v9kvk48S5bEdKakRZhprJ9qX,,2024-09-19,,Touchstone Climbing,78.5,USD,in store,False
XadEBnw1PnTa6wK7w7PGSwrxkvVGWeC1Q18Ex,83rVqGRwKGh7BEQrErMNSvjLKd1WXAuW1ZvRr,,2024-09-19,United Airlines,United Airlines,-500.0,USD,in store,False
DMejVawR7aIop1ab1b74SlyZQLa5wbF414GQn,83rVqGRwKGh7BEQrErMNSvjLKd1WXAuW1ZvRr,,2024-09-18,McDonald's,McDonald's,12.0,USD,in store,False
Vx3GrAg14AT34BNPBP6qTM94jKwDmEsqaqNdo,83rVqGRwKGh7BEQrErMNSvjLKd1WXAuW1ZvRr,,2024-09-18,Starbucks,Starbucks,4.33,USD,in store,False
wNP9JV5AEVIndz6yzybvCnmQqpGw59cEGEKVQ,83rVqGRwKGh7BEQrErMNSvjLKd1WXAuW1ZvRr,,2024-09-17,FUN,SparkFun,89.4,USD,in store,False
b1MQgVj3EVtd9zMQzQrVfz1PNlmjb7color6R,E1QEv4rNe4tBEvZGvGLaIqZRgyGejrt4RgZMV,,2024-09-16,,INTRST PYMNT,-4.22,USD,other,False
dpLa8VJdEVI4NMplMlbVIPrdDGqKQxCBkBrEG,pzBp9VXLwVIo1v9kvk48S5bEdKakRZhprJ9qX,,2024-09-06,United Airlines,United Airlines,500.0,USD,in store,False
5rlG6EVxpETB6y1AyAXdIB9ENAP3kMiGvGjdJ,83rVqGRwKGh7BEQrErMNSvjLKd1WXAuW1ZvRr,,2024-09-04,Uber,Uber 072515 SF**POOL**,6.33,USD,online,False
aMZy9V3dpVIxPkadkdoVFWlK1dPLMyikNkV5o,pzBp9VXLwVIo1v9kvk48S5bEdKakRZhprJ9qX,,2024-09-01,,Tectra Inc,500.0,USD,in store,False
PqlXopEezpu61Ar3A3XyHPb6RvKzkeCX1XV6V,pzBp9VXLwVIo1v9kvk48S5bEdKakRZhprJ9qX,,2024-08-31,,AUTOMATIC PAYMENT - THANK,2078.5,USD,online,False
NGEbg1nwK1h9G3gz3zVbU4oBEknrj9uX3Xk6a,pzBp9VXLwVIo1v9kvk48S5bEdKakRZhprJ9qX,,2024-08-31,KFC,KFC,500.0,USD,in store,False
4KRjG8VvL8s1egJogo7XUzkpBEKj5aclol4bm,pzBp9VXLwVIo1v9kvk48S5bEdKakRZhprJ9qX,,2024-08-31,,Madison Bicycle Shop,500.0,USD,in store,False
mqKZbV9LyVu1n756764vUWa3MGwAZEi4E48QV,E1QEv4rNe4tBEvZGvGLaIqZRgyGejrt4RgZMV,,2024-08-22,,CREDIT CARD 3333 PAYMENT *//,25.0,USD,other,False
J8pR9ebaLeI7jwRlwl1yS38eM57v46CQAQwJw,83rVqGRwKGh7BEQrErMNSvjLKd1WXAuW1ZvRr,,2024-08-22,Uber,Uber 063015 SF**POOL**,5.4,USD,online,False
GpMBoPk3ZPInGwkMwM8dCrKQ53neB7fGaGR5L,orzN9VLXEVTpyaJkak48UNLkpBxAmdCoMp4PA,,2024-08-21,,ACH Electronic CreditGUSTO PAY 123456,5850.0,USD,online,False
orzN9VLXEVTpyaJkak48UNLlkjqDe3CpjpGQK,LWkyoZbjlZhxaARKAKwGFdbypNjJn8tkQegmq,,2024-08-21,,CD DEPOSIT .INITIAL.,1000.0,USD,other,False
jAWXPVgZEVhQr63767NvhWnaZGNdrpivEvlWb,pzBp9VXLwVIo1v9kvk48S5bEdKakRZhprJ9qX,,2024-08-20,,Touchstone Climbing,78.5,USD,in store,False
kGljk5mbE5hVD4bM4MLvf4dpy9rn51uJ9JApR,83rVqGRwKGh7BEQrErMNSvjLKd1WXAuW1ZvRr,,2024-08-20,United Airlines,United Airlines,-500.0,USD,in store,False
llk5dV1WEVsMwn5DnDR8T1aLE4kQ3DIa4a67G,83rVqGRwKGh7BEQrErMNSvjLKd1WXAuW1ZvRr,,2024-08-19,McDonald's,McDonald's,12.0,USD,in store,False
qB3p9VjXwVIgDGqoGojvTBX3NEl8KGi6E6BMe,83rVqGRwKGh7BEQrErMNSvjLKd1WXAuW1ZvRr,,2024-08-19,Starbucks,Starbucks,4.33,USD,in store,False
KEo9ZQVakQFrbdnqdq7Vfx4qM6rRZeFEyErN4,83rVqGRwKGh7BEQrErMNSvjLKd1WXAuW1ZvRr,,2024-08-18,FUN,SparkFun,89.4,USD,in store,False
yj7z5lb3qlsbL5ZB5BDwsKk6bVBgwZcKGKp8V,E1QEv4rNe4tBEvZGvGLaIqZRgyGejrt4RgZMV,,2024-08-17,,INTRST PYMNT,-4.22,USD,other,False
7BK3lAVQqAIKzeNAeAR4sxzqma4VlDF8Z8rJA,pzBp9VXLwVIo1v9kvk48S5bEdKakRZhprJ9qX,,2024-08-07,United Airlines,United Airlines,500.0,USD,in store,False
r3xy9V5REVh8b5qZ5ZXVFgydaQw4R9hdQdNM8,83rVqGRwKGh7BEQrErMNSvjLKd1WXAuW1ZvRr,,2024-08-05,Uber,Uber 072515 SF**POOL**,6.33,USD,online,False
eopQ1VJaEVUN6XbPXPAVuXvJ7rkQgBuagae9q,pzBp9VXLwVIo1v9kvk48S5bEdKakRZhprJ9qX,,2024-08-02,,Tectra Inc,500.0,USD,in store,False
MA8GoMZwqMhVdKjrKrZwfa97KyVnl3H4K4G6n,pzBp9VXLwVIo1v9kvk48S5bEdKakRZhprJ9qX,,2024-08-01,,AUTOMATIC PAYMENT - THANK,2078.5,USD,online,False
ZN4DeVjg7VIlrgJQgQXVugV6rdPq7MhJ3J9qZ,pzBp9VXLwVIo1v9kvk48S5bEdKakRZhprJ9qX,,2024-08-01,KFC,KFC,500.0,USD,in store,False
QKqgmoWVBosBbkGxkxJXIjBgv3rRMGiG1GRmq,pzBp9VXLwVIo1v9kvk48S5bEdKakRZhprJ9qX,,2024-08-01,,Madison Bicycle Shop,500.0,USD,in store,False
9xzNKnwVrnTx3DEADAGPFk495pBG8jSqrqM9P,E1QEv4rNe4tBEvZGvGLaIqZRgyGejrt4RgZMV,,2024-07-23,,CREDIT CARD 3333 PAYMENT *//,25.0,USD,other,False
z7ex9q5MKqFBjAoyAygQInz6a9VvGdc3V36mP,83rVqGRwKGh7BEQrErMNSvjLKd1WXAuW1ZvRr,,2024-07-23,Uber,Uber 063015 SF**POOL**,5.4,USD,online,False
nKr1wVJpEVsLjEB8E8QvSpdZKPzRqbf3o3gj7,orzN9VLXEVTpyaJkak48UNLkpBxAmdCoMp4PA,,2024-07-22,,ACH Electronic CreditGUSTO PAY 123456,5850.0,USD,online,False
g8gZkVJA9VIjzm1NmNdVHmy14GMrxWHLoLdNr,LWkyoZbjlZhxaARKAKwGFdbypNjJn8tkQegmq,,2024-07-22,,CD DEPOSIT .INITIAL.,1000.0,USD,other,False
1GR3mpwyZph53VPoVovzIr5NdAvKJ4fqzqEdM,pzBp9VXLwVIo1v9kvk48S5bEdKakRZhprJ9qX,,2024-07-21,,Touchstone Climbing,78.5,USD,in store,False
BQjd9x5lPxT9vRQjRj1DUMA5Db9z8xszBzVg3,83rVqGRwKGh7BEQrErMNSvjLKd1WXAuW1ZvRr,,2024-07-21,United Airlines,United Airlines,-500.0,USD,in store,False
3qRwdgvB1gu5z9Z191n3IEApzJ6W1BfmAm5Ek,83rVqGRwKGh7BEQrErMNSvjLKd1WXAuW1ZvRr,,2024-07-20,McDonald's,McDonald's,12.0,USD,in store,False
xPjw5VXBlVTbngQzgz5ZsDKoJnyl4xcy1yLe8,83rVqGRwKGh7BEQrErMNSvjLKd1WXAuW1ZvRr,,2024-07-20,Starbucks,Starbucks,4.33,USD,in store,False
dpLa8VJdEVI4NMplMlbVIPrdDGqKQxCBkBrRm,83rVqGRwKGh7BEQrErMNSvjLKd1WXAuW1ZvRr,,2024-07-19,FUN,SparkFun,89.4,USD,in store,False
v4N9AVR5XVIGoqDKqKrvTWlKnwyVQGivpvVb8,E1QEv4rNe4tBEvZGvGLaIqZRgyGejrt4RgZMV,,2024-07-18,,INTRST PYMNT,-4.22,USD,other,False
LWkyoZbjlZhxaARKAKwGFdbLyaZvQ7ce7edn1,pzBp9VXLwVIo1v9kvk48S5bEdKakRZhprJ9qX,,2024-07-08,United Airlines,United Airlines,500.0,USD,in store,False
aMZy9V3dpVIxPkadkdoVFWlK1dPLMyikNkVDx,83rVqGRwKGh7BEQrErMNSvjLKd1WXAuW1ZvRr,,2024-07-06,Uber,Uber 072515 SF**POOL**,6.33,USD,online,False
pzBp9VXLwVIo1v9kvk48S5b4Ey87MGUJwJ8Ma,pzBp9VXLwVIo1v9kvk48S5bEdKakRZhprJ9qX,,2024-07-03,,Tectra Inc,500.0,USD,in store,False
83rVqGRwKGh7BEQrErMNSvjEqbg1LMCZnZeoj,pzBp9VXLwVIo1v9kvk48S5bEdKakRZhprJ9qX,,2024-07-02,,AUTOMATIC PAYMENT - THANK,2078.5,USD,online,False
g8gZkVJA9VIjzm1NmNdVHmy14GMrxWHLoLdpQ,pzBp9VXLwVIo1v9kvk48S5bEdKakRZhprJ9qX,,2024-07-02,KFC,KFC,500.0,USD,in store,False
orzN9VLXEVTpyaJkak48UNLlkjqDe3CpjpGez,pzBp9VXLwVIo1v9kvk48S5bEdKakRZhprJ9qX,,2024-07-02,,Madison Bicycle Shop,500.0,USD,in store,False
RrKXog1V3gTnmDGdDdeoC7Q6n48elpfP9P5ND,E1QEv4rNe4tBEvZGvGLaIqZRgyGejrt4RgZMV,,2024-06-23,,CREDIT CARD 3333 PAYMENT *//,25.0,USD,other,False
4KRjG8VvL8s1egJogo7XUzkpBEKj5aclol4L7,83rVqGRwKGh7BEQrErMNSvjLKd1WXAuW1ZvRr,,2024-06-23,Uber,Uber 063015 SF**POOL**,5.4,USD,online,False
b1MQgVj3EVtd9zMQzQrVfz1PNlmjb7colorXg,orzN9VLXEVTpyaJkak48UNLkpBxAmdCoMp4PA,,2024-06-22,,ACH Electronic CreditGUSTO PAY 123456,5850.0,USD,online,False
83rVqGRwKGh7BEQrErMNSvjEqbg1LMCZnZe7g,LWkyoZbjlZhxaARKAKwGFdbypNjJn8tkQegmq,,2024-06-22,,CD DEPOSIT .INITIAL.,1000.0,USD,other,False
E1QEv4rNe4tBEvZGvGLaIqZLxa4GRkcgyg3nk,pzBp9VXLwVIo1v9kvk48S5bEdKakRZhprJ9qX,,2024-06-21,,Touchstone Climbing,78.5,USD,in store,False
NGEbg1nwK1h9G3gz3zVbU4oBEknrj9uX3XkQ5,83rVqGRwKGh7BEQrErMNSvjLKd1WXAuW1ZvRr,,2024-06-21,United Airlines,United Airlines,-500.0,USD,in store,False
PqlXopEezpu61Ar3A3XyHPb6RvKzkeCX1XVAv,83rVqGRwKGh7BEQrErMNSvjLKd1WXAuW1ZvRr,,2024-06-20,McDonald's,McDonald's,12.0,USD,in store,False
jAWXPVgZEVhQr63767NvhWnaZGNdrpivEvlaa,83rVqGRwKGh7BEQrErMNSvjLKd1WXAuW1ZvRr,,2024-06-20,Starbucks,Starbucks,4.33,USD,in store,False
7BK3lAVQqAIKzeNAeAR4sxzqma4VlDF8Z8rxB,83rVqGRwKGh7BEQrErMNSvjLKd1WXAuW1ZvRr,,2024-06-19,FUN,SparkFun,89.4,USD,in store,False
6zqNdWBmlWIMw4yA4ARaTeEBvwo95Lc161nQ4,E1QEv4rNe4tBEvZGvGLaIqZRgyGejrt4RgZMV,,2024-06-18,,INTRST PYMNT,-4.22,USD,other,False
WdxgzG48NGhZn7e676bXS1WyMKJo9nIPRPqzE,pzBp9VXLwVIo1v9kvk48S5bEdKakRZhprJ9qX,,2024-06-08,United Airlines,United Airlines,500.0,USD,in store,False
eopQ1VJaEVUN6XbPXPAVuXvJ7rkQgBuagaemv,83rVqGRwKGh7BEQrErMNSvjLKd1WXAuW1ZvRr,,2024-06-06,Uber,Uber 072515 SF**POOL**,6.33,USD,online,False
AePbp39QN3ixvbgAbAmlFyALNQxjnrC4843N5,pzBp9VXLwVIo1v9kvk48S5bEdKakRZhprJ9qX,,2024-06-03,,Tectra Inc,500.0,USD,in store,False
b1MQgVj3EVtd9zMQzQrVfz1PNlmjb7colorpK,pzBp9VXLwVIo1v9kvk48S5bEdKakRZhprJ9qX,,2024-06-02,,AUTOMATIC PAYMENT - THANK,2078.5,USD,online,False
nKr1wVJpEVsLjEB8E8QvSpdZKPzRqbf3o3gq9,pzBp9VXLwVIo1v9kvk48S5bEdKakRZhprJ9qX,,2024-06-02,KFC,KFC,500.0,USD,in store,False
GpMBoPk3ZPInGwkMwM8dCrKQ53neB7fGaGRg7,pzBp9VXLwVIo1v9kvk48S5bEdKakRZhprJ9qX,,2024-06-02,,Madison Bicycle Shop,500.0,USD,in store,False
XadEBnw1PnTa6wK7w7PGSwrxkvVGWeC1Q18k3,E1QEv4rNe4tBEvZGvGLaIqZRgyGejrt4RgZMV,,2024-05-24,,CREDIT CARD 3333 PAYMENT *//,25.0,USD,other,False
QKqgmoWVBosBbkGxkxJXIjBgv3rRMGiG1GRD6,83rVqGRwKGh7BEQrErMNSvjLKd1WXAuW1ZvRr,,2024-05-24,Uber,Uber 063015 SF**POOL**,5.4,USD,online,False
mqKZbV9LyVu1n756764vUWa3MGwAZEi4E48D7,orzN9VLXEVTpyaJkak48UNLkpBxAmdCoMp4PA,,2024-05-23,,ACH Electronic CreditGUSTO PAY 123456,5850.0,USD,online,False
E1QEv4rNe4tBEvZGvGLaIqZLxa4GRkcgyg386,LWkyoZbjlZhxaARKAKwGFdbypNjJn8tkQegmq,,2024-05-23,,CD DEPOSIT .INITIAL.,1000.0,USD,other,False
mqKZbV9LyVu1n756764vUWa3MGwAZEi4E48Zy,pzBp9VXLwVIo1v9kvk48S5bEdKakRZhprJ9qX,,2024-05-22,,Touchstone Climbing,78.5,USD,in store,False
ZN4DeVjg7VIlrgJQgQXVugV6rdPq7MhJ3J9Gq,83rVqGRwKGh7BEQrErMNSvjLKd1WXAuW1ZvRr,,2024-05-22,United Airlines,United Airlines,-500.0,USD,in store,False
MA8GoMZwqMhVdKjrKrZwfa97KyVnl3H4K4G1g,83rVqGRwKGh7BEQrErMNSvjLKd1WXAuW1ZvRr,,2024-05-21,McDonald's,McDonald's,12.0,USD,in store,False
1GR3mpwyZph53VPoVovzIr5NdAvKJ4fqzqEr8,83rVqGRwKGh7BEQrErMNSvjLKd1WXAuW1ZvRr,,2024-05-21,Starbucks,Starbucks,4.33,USD,in store,False
LWkyoZbjlZhxaARKAKwGFdbLyaZvQ7ce7edEJ,83rVqGRwKGh7BEQrErMNSvjLKd1WXAuW1ZvRr,,2024-05-20,FUN,SparkFun,89.4,USD,in store,False
DMejVawR7aIop1ab1b74SlyZQLa5wbF414GNB,E1QEv4rNe4tBEvZGvGLaIqZRgyGejrt4RgZMV,,2024-05-19,,INTRST PYMNT,-4.22,USD,other,False
yj7z5lb3qlsbL5ZB5BDwsKk6bVBgwZcKGKpRR,pzBp9VXLwVIo1v9kvk48S5bEdKakRZhprJ9qX,,2024-05-09,United Airlines,United Airlines,500.0,USD,in store,False
pzBp9VXLwVIo1v9kvk48S5b4Ey87MGUJwJ8z1,83rVqGRwKGh7BEQrErMNSvjLKd1WXAuW1ZvRr,,2024-05-07,Uber,Uber 072515 SF**POOL**,6.33,USD,online,False
9xzNKnwVrnTx3DEADAGPFk495pBG8jSqrqMNp,pzBp9VXLwVIo1v9kvk48S5bEdKakRZhprJ9qX,,2024-05-04,,Tectra Inc,500.0,USD,in store,False
6zqNdWBmlWIMw4yA4ARaTeEBvwo95Lc161n7W,pzBp9VXLwVIo1v9kvk48S5bEdKakRZhprJ9qX,,2024-05-03,,AUTOMATIC PAYMENT - THANK,2078.5,USD,online,False
RrKXog1V3gTnmDGdDdeoC7Q6n48elpfP9P5Vv,pzBp9VXLwVIo1v9kvk48S5bEdKakRZhprJ9qX,,2024-05-03,KFC,KFC,500.0,USD,in store,False
v4N9AVR5XVIGoqDKqKrvTWlKnwyVQGivpvVQD,pzBp9VXLwVIo1v9kvk48S5bEdKakRZhprJ9qX,,2024-05-03,,Madison Bicycle Shop,500.0,USD,in store,False
Vx3GrAg14AT34BNPBP6qTM94jKwDmEsqaqNQe,E1QEv4rNe4tBEvZGvGLaIqZRgyGejrt4RgZMV,,2024-04-24,,CREDIT CARD 3333 PAYMENT *//,25.0,USD,other,False
orzN9VLXEVTpyaJkak48UNLlkjqDe3CpjpGba,83rVqGRwKGh7BEQrErMNSvjLKd1WXAuW1ZvRr,,2024-04-24,Uber,Uber 063015 SF**POOL**,5.4,USD,online,False
yj7z5lb3qlsbL5ZB5BDwsKk6bVBgwZcKGKpzy,orzN9VLXEVTpyaJkak48UNLkpBxAmdCoMp4PA,,2024-04-23,,ACH Electronic CreditGUSTO PAY 123456,5850.0,USD,online,False
WdxgzG48NGhZn7e676bXS1WyMKJo9nIPRPq3x,LWkyoZbjlZhxaARKAKwGFdbypNjJn8tkQegmq,,2024-04-23,,CD DEPOSIT .INITIAL.,1000.0,USD,other,False
XadEBnw1PnTa6wK7w7PGSwrxkvVGWeC1Q18AQ,pzBp9VXLwVIo1v9kvk48S5bEdKakRZhprJ9qX,,2024-04-22,,Touchstone Climbing,78.5,USD,in store,False
g8gZkVJA9VIjzm1NmNdVHmy14GMrxWHLoLd5o,83rVqGRwKGh7BEQrErMNSvjLKd1WXAuW1ZvRr,,2024-04-22,United Airlines,United Airlines,-500.0,USD,in store,False
83rVqGRwKGh7BEQrErMNSvjEqbg1LMCZnZe8X,83rVqGRwKGh7BEQrErMNSvjLKd1WXAuW1ZvRr,,2024-04-21,McDonald's,McDonald's,12.0,USD,in store,False
E1QEv4rNe4tBEvZGvGLaIqZLxa4GRkcgyg3mR,83rVqGRwKGh7BEQrErMNSvjLKd1WXAuW1ZvRr,,2024-04-21,Starbucks,Starbucks,4.33,USD,in store,False
WdxgzG48NGhZn7e676bXS1WyMKJo9nIPRPqjM,83rVqGRwKGh7BEQrErMNSvjLKd1WXAuW1ZvRr,,2024-04-20,FUN,SparkFun,89.4,USD,in store,False
wNP9JV5AEVIndz6yzybvCnmQqpGw59cEGEKzo,E1QEv4rNe4tBEvZGvGLaIqZRgyGejrt4RgZMV,,2024-04-19,,INTRST PYMNT,-4.22,USD,other,False
DMejVawR7aIop1ab1b74SlyZQLa5wbF414Gqo,pzBp9VXLwVIo1v9kvk48S5bEdKakRZhprJ9qX,,2024-04-09,United Airlines,United Airlines,500.0,USD,in store,False
AePbp39QN3ixvbgAbAmlFyALNQxjnrC48435D,83rVqGRwKGh7BEQrErMNSvjLKd1WXAuW1ZvRr,,2024-04-07,Uber,Uber 072515 SF**POOL**,6.33,USD,online,False
Vx3GrAg14AT34BNPBP6qTM94jKwDmEsqaqNMm,pzBp9VXLwVIo1v9kvk48S5bEdKakRZhprJ9qX,,2024-04-04,,Tectra Inc,500.0,USD,in store,False
J8pR9ebaLeI7jwRlwl1yS38eM57v46CQAQw8P,pzBp9VXLwVIo1v9kvk48S5bEdKakRZhprJ9qX,,2024-04-03,,AUTOMATIC PAYMENT - THANK,2078.5,USD,online,False
5rlG6EVxpETB6y1AyAXdIB9ENAP3kMiGvGjrl,pzBp9VXLwVIo1v9kvk48S5bEdKakRZhprJ9qX,,2024-04-03,KFC,KFC,500.0,USD,in store,False
wNP9JV5AEVIndz6yzybvCnmQqpGw59cEGEKX9,pzBp9VXLwVIo1v9kvk48S5bEdKakRZhprJ9qX,,2024-04-03,,Madison Bicycle Shop,500.0,USD,in store,False
5rlG6EVxpETB6y1AyAXdIB9ENAP3kMiGvGjXd,E1QEv4rNe4tBEvZGvGLaIqZRgyGejrt4RgZMV,,2024-03-25,,CREDIT CARD 3333 PAYMENT *//,25.0,USD,other,False
GpMBoPk3ZPInGwkMwM8dCrKQ53neB7fGaGRod,83rVqGRwKGh7BEQrErMNSvjLKd1WXAuW1ZvRr,,2024-03-25,Uber,Uber 063015 SF**POOL**,5.4,USD,online,False
9xzNKnwVrnTx3DEADAGPFk495pBG8jSqrqMp4,orzN9VLXEVTpyaJkak48UNLkpBxAmdCoMp4PA,,2024-03-24,,ACH Electronic CreditGUSTO PAY 123456,5850.0,USD,online,False
AePbp39QN3ixvbgAbAmlFyALNQxjnrC4843L3,LWkyoZbjlZhxaARKAKwGFdbypNjJn8tkQegmq,,2024-03-24,,CD DEPOSIT .INITIAL.,1000.0,USD,other,False
kGljk5mbE5hVD4bM4MLvf4dpy9rn51uJ9JA53,pzBp9VXLwVIo1v9kvk48S5bEdKakRZhprJ9qX,,2024-03-23,,Touchstone Climbing,78.5,USD,in store,False
nKr1wVJpEVsLjEB8E8QvSpdZKPzRqbf3o3gQX,83rVqGRwKGh7BEQrErMNSvjLKd1WXAuW1ZvRr,,2024-03-23,United Airlines,United Airlines,-500.0,USD,in store,False
b1MQgVj3EVtd9zMQzQrVfz1PNlmjb7color79,83rVqGRwKGh7BEQrErMNSvjLKd1WXAuW1ZvRr,,2024-03-22,McDonald's,McDonald's,12.0,USD,in store,False
mqKZbV9LyVu1n756764vUWa3MGwAZEi4E48XR,83rVqGRwKGh7BEQrErMNSvjLKd1WXAuW1ZvRr,,2024-03-22,Starbucks,Starbucks,4.33,USD,in store,False
yj7z5lb3qlsbL5ZB5BDwsKk6bVBgwZcKGKpwr,83rVqGRwKGh7BEQrErMNSvjLKd1WXAuW1ZvRr,,2024-03-21,FUN,SparkFun,89.4,USD,in store,False
J8pR9ebaLeI7jwRlwl1yS38eM57v46CQAQwXk,E1QEv4rNe4tBEvZGvGLaIqZRgyGejrt4RgZMV,,2024-03-20,,INTRST PYMNT,-4.22,USD,other,False
llk5dV1WEVsMwn5DnDR8T1aLE4kQ3DIa4a63z,pzBp9VXLwVIo1v9kvk48S5bEdKakRZhprJ9qX,,2024-03-10,United Airlines,United Airlines,500.0,USD,in store,False
9xzNKnwVrnTx3DEADAGPFk495pBG8jSqrqMgR,83rVqGRwKGh7BEQrErMNSvjLKd1WXAuW1ZvRr,,2024-03-08,Uber,Uber 072515 SF**POOL**,6.33,USD,online,False
qB3p9VjXwVIgDGqoGojvTBX3NEl8KGi6E6BK8,pzBp9VXLwVIo1v9kvk48S5bEdKakRZhprJ9qX,,2024-03-05,,Tectra Inc,500.0,USD,in store,False
z7ex9q5MKqFBjAoyAygQInz6a9VvGdc3V36bl,pzBp9VXLwVIo1v9kvk48S5bEdKakRZhprJ9qX,,2024-03-04,,AUTOMATIC PAYMENT - THANK,2078.5,USD,online,False
r3xy9V5REVh8b5qZ5ZXVFgydaQw4R9hdQdNRl,pzBp9VXLwVIo1v9kvk48S5bEdKakRZhprJ9qX,,2024-03-04,KFC,KFC,500.0,USD,in store,False
KEo9ZQVakQFrbdnqdq7Vfx4qM6rRZeFEyErX6,pzBp9VXLwVIo1v9kvk48S5bEdKakRZhprJ9qX,,2024-03-04,,Madison Bicycle Shop,500.0,USD,in store,False
kGljk5mbE5hVD4bM4MLvf4dpy9rn51uJ9JA71,E1QEv4rNe4tBEvZGvGLaIqZRgyGejrt4RgZMV,,2024-02-24,,CREDIT CARD 3333 PAYMENT *//,25.0,USD,other,False
v4N9AVR5XVIGoqDKqKrvTWlKnwyVQGivpvV1q,83rVqGRwKGh7BEQrErMNSvjLKd1WXAuW1ZvRr,,2024-02-24,Uber,Uber 063015 SF**POOL**,5.4,USD,online,False
v4N9AVR5XVIGoqDKqKrvTWlKnwyVQGivpvVMv,orzN9VLXEVTpyaJkak48UNLkpBxAmdCoMp4PA,,2024-02-23,,ACH Electronic CreditGUSTO PAY 123456,5850.0,USD,online,False
GpMBoPk3ZPInGwkMwM8dCrKQ53neB7fGaGRKj,LWkyoZbjlZhxaARKAKwGFdbypNjJn8tkQegmq,,2024-02-23,,CD DEPOSIT .INITIAL.,1000.0,USD,other,False
BQjd9x5lPxT9vRQjRj1DUMA5Db9z8xszBzVoz,pzBp9VXLwVIo1v9kvk48S5bEdKakRZhprJ9qX,,2024-02-22,,Touchstone Climbing,78.5,USD,in store,False
RrKXog1V3gTnmDGdDdeoC7Q6n48elpfP9P5AP,83rVqGRwKGh7BEQrErMNSvjLKd1WXAuW1ZvRr,,2024-02-22,United Airlines,United Airlines,-500.0,USD,in store,False
6zqNdWBmlWIMw4yA4ARaTeEBvwo95Lc161neb,83rVqGRwKGh7BEQrErMNSvjLKd1WXAuW1ZvRr,,2024-02-21,McDonald's,McDonald's,12.0,USD,in store,False
XadEBnw1PnTa6wK7w7PGSwrxkvVGWeC1Q18Lx,83rVqGRwKGh7BEQrErMNSvjLKd1WXAuW1ZvRr,,2024-02-21,Starbucks,Starbucks,4.33,USD,in store,False
DMejVawR7aIop1ab1b74SlyZQLa5wbF414GJn,83rVqGRwKGh7BEQrErMNSvjLKd1WXAuW1ZvRr,,2024-02-20,FUN,SparkFun,89.4,USD,in store,False
llk5dV1WEVsMwn5DnDR8T1aLE4kQ3DIa4a6BB,E1QEv4rNe4tBEvZGvGLaIqZRgyGejrt4RgZMV,,2024-02-19,,INTRST PYMNT,-4.22,USD,other,False
3qRwdgvB1gu5z9Z191n3IEApzJ6W1BfmAm5yM,pzBp9VXLwVIo1v9kvk48S5bEdKakRZhprJ9qX,,2024-02-09,United Airlines,United Airlines,500.0,USD,in store,False
Vx3GrAg14AT34BNPBP6qTM94jKwDmEsqaqNEo,83rVqGRwKGh7BEQrErMNSvjLKd1WXAuW1ZvRr,,2024-02-07,Uber,Uber 072515 SF**POOL**,6.33,USD,online,False
xPjw5VXBlVTbngQzgz5ZsDKoJnyl4xcy1yLaA,pzBp9VXLwVIo1v9kvk48S5bEdKakRZhprJ9qX,,2024-02-04,,Tectra Inc,500.0,USD,in store,False
4KRjG8VvL8s1egJogo7XUzkpBEKj5aclol4ym,pzBp9VXLwVIo1v9kvk48S5bEdKakRZhprJ9qX,,2024-02-03,,AUTOMATIC PAYMENT - THANK,2078.5,USD,online,False
aMZy9V3dpVIxPkadkdoVFWlK1dPLMyikNkVmo,pzBp9VXLwVIo1v9kvk48S5bEdKakRZhprJ9qX,,2024-02-03,KFC,KFC,500.0,USD,in store,False
dpLa8VJdEVI4NMplMlbVIPrdDGqKQxCBkBr1G,pzBp9VXLwVIo1v9kvk48S5bEdKakRZhprJ9qX,,2024-02-03,,Madison Bicycle Shop,500.0,USD,in store,False
qB3p9VjXwVIgDGqoGojvTBX3NEl8KGi6E6BlP,E1QEv4rNe4tBEvZGvGLaIqZRgyGejrt4RgZMV,,2024-01-25,,CREDIT CARD 3333 PAYMENT *//,25.0,USD,other,False
wNP9JV5AEVIndz6yzybvCnmQqpGw59cEGEKmQ,83rVqGRwKGh7BEQrErMNSvjLKd1WXAuW1ZvRr,,2024-01-25,Uber,Uber 063015 SF**POOL**,5.4,USD,online,False
RrKXog1V3gTnmDGdDdeoC7Q6n48elpfP9P5gX,orzN9VLXEVTpyaJkak48UNLkpBxAmdCoMp4PA,,2024-01-24,,ACH Electronic CreditGUSTO PAY 123456,5850.0,USD,online,False
nKr1wVJpEVsLjEB8E8QvSpdZKPzRqbf3o3g9p,LWkyoZbjlZhxaARKAKwGFdbypNjJn8tkQegmq,,2024-01-24,,CD DEPOSIT .INITIAL.,1000.0,USD,other,False
NGEbg1nwK1h9G3gz3zVbU4oBEknrj9uX3XkJa,pzBp9VXLwVIo1v9kvk48S5bEdKakRZhprJ9qX,,2024-01-23,,Touchstone Climbing,78.5,USD,in store,False
5rlG6EVxpETB6y1AyAXdIB9ENAP3kMiGvGj8J,83rVqGRwKGh7BEQrErMNSvjLKd1WXAuW1ZvRr,,2024-01-23,United Airlines,United Airlines,-500.0,USD,in store,False
J8pR9ebaLeI7jwRlwl1yS38eM57v46CQAQwkw,83rVqGRwKGh7BEQrErMNSvjLKd1WXAuW1ZvRr,,2024-01-22,McDonald's,McDonald's,12.0,USD,in store,False
kGljk5mbE5hVD4bM4MLvf4dpy9rn51uJ9JAoR,83rVqGRwKGh7BEQrErMNSvjLKd1WXAuW1ZvRr,,2024-01-22,Starbucks,Starbucks,4.33,USD,in store,False
llk5dV1WEVsMwn5DnDR8T1aLE4kQ3DIa4a6RG,83rVqGRwKGh7BEQrErMNSvjLKd1WXAuW1ZvRr,,2024-01-21,FUN,SparkFun,89.4,USD,in store,False
KEo9ZQVakQFrbdnqdq7Vfx4qM6rRZeFEyErop,E1QEv4rNe4tBEvZGvGLaIqZRgyGejrt4RgZMV,,2024-01-20,,INTRST PYMNT,-4.22,USD,other,False
PqlXopEezpu61Ar3A3XyHPb6RvKzkeCX1XVlV,pzBp9VXLwVIo1v9kvk48S5bEdKakRZhprJ9qX,,2024-01-10,United Airlines,United Airlines,500.0,USD,in store,False
qB3p9VjXwVIgDGqoGojvTBX3NEl8KGi6E6BRe,83rVqGRwKGh7BEQrErMNSvjLKd1WXAuW1ZvRr,,2024-01-08,Uber,Uber 072515 SF**POOL**,6.33,USD,online,False
jAWXPVgZEVhQr63767NvhWnaZGNdrpivEvlgb,pzBp9VXLwVIo1v9kvk48S5bEdKakRZhprJ9qX,,2024-01-05,,Tectra Inc,500.0,USD,in store,False
qB3p9VjXwVIgDGqoGojvTBX3NEl8KGi6E6BK4,pzBp9VXLwVIo1v9kvk48S5bEdKakRZhprJ9qX,,2024-01-04,,AUTOMATIC PAYMENT - THANK,2078.5,USD,online,False
eopQ1VJaEVUN6XbPXPAVuXvJ7rkQgBuagaeZq,pzBp9VXLwVIo1v9kvk48S5bEdKakRZhprJ9qX,,2024-01-04,KFC,KFC,500.0,USD,in store,False
7BK3lAVQqAIKzeNAeAR4sxzqma4VlDF8Z8rkA,pzBp9VXLwVIo1v9kvk48S5bEdKakRZhprJ9qX,,2024-01-04,,Madison Bicycle Shop,500.0,USD,in store,False
r3xy9V5REVh8b5qZ5ZXVFgydaQw4R9hdQdNbR,E1QEv4rNe4tBEvZGvGLaIqZRgyGejrt4RgZMV,,2023-12-26,,CREDIT CARD 3333 PAYMENT *//,25.0,USD,other,False
KEo9ZQVakQFrbdnqdq7Vfx4qM6rRZeFEyEr14,83rVqGRwKGh7BEQrErMNSvjLKd1WXAuW1ZvRr,,2023-12-26,Uber,Uber 063015 SF**POOL**,5.4,USD,online,False
6zqNdWBmlWIMw4yA4ARaTeEBvwo95Lc161nBx,orzN9VLXEVTpyaJkak48UNLkpBxAmdCoMp4PA,,2023-12-25,,ACH Electronic CreditGUSTO PAY 123456,5850.0,USD,online,False
b1MQgVj3EVtd9zMQzQrVfz1PNlmjb7colornR,LWkyoZbjlZhxaARKAKwGFdbypNjJn8tkQegmq,,2023-12-25,,CD DEPOSIT .INITIAL.,1000.0,USD,other,False
KEo9ZQVakQFrbdnqdq7Vfx4qM6rRZeFEyErXd,pzBp9VXLwVIo1v9kvk48S5bEdKakRZhprJ9qX,,2023-12-24,,Touchstone Climbing,78.5,USD,in store,False
r3xy9V5REVh8b5qZ5ZXVFgydaQw4R9hdQdN18,83rVqGRwKGh7BEQrErMNSvjLKd1WXAuW1ZvRr,,2023-12-24,United Airlines,United Airlines,-500.0,USD,in store,False
z7ex9q5MKqFBjAoyAygQInz6a9VvGdc3V36QP,83rVqGRwKGh7BEQrErMNSvjLKd1WXAuW1ZvRr,,2023-12-23,McDonald's,McDonald's,12.0,USD,in store,False
BQjd9x5lPxT9vRQjRj1DUMA5Db9z8xszBzVx3,83rVqGRwKGh7BEQrErMNSvjLKd1WXAuW1ZvRr,,2023-12-23,Starbucks,Starbucks,4.33,USD,in store,False
3qRwdgvB1gu5z9Z191n3IEApzJ6W1BfmAm5Vk,83rVqGRwKGh7BEQrErMNSvjLKd1WXAuW1ZvRr,,2023-12-22,FUN,SparkFun,89.4,USD,in store,False
z7ex9q5MKqFBjAoyAygQInz6a9VvGdc3V36d5,E1QEv4rNe4tBEvZGvGLaIqZRgyGejrt4RgZMV,,2023-12-21,,INTRST PYMNT,-4.22,USD,other,False
r3xy9V5REVh8b5qZ5ZXVFgydaQw4R9hdQdNRK,pzBp9VXLwVIo1v9kvk48S5bEdKakRZhprJ9qX,,2023-12-11,United Airlines,United Airlines,500.0,USD,in store,False
xPjw5VXBlVTbngQzgz5ZsDKoJnyl4xcy1yLK8,83rVqGRwKGh7BEQrErMNSvjLKd1WXAuW1ZvRr,,2023-12-09,Uber,Uber 072515 SF**POOL**,6.33,USD,online,False
z7ex9q5MKqFBjAoyAygQInz6a9VvGdc3V365x,pzBp9VXLwVIo1v9kvk48S5bEdKakRZhprJ9qX,,2023-12-06,,Tectra Inc,500.0,USD,in store,False
xPjw5VXBlVTbngQzgz5ZsDKoJnyl4xcy1yL3q,pzBp9VXLwVIo1v9kvk48S5bEdKakRZhprJ9qX,,2023-12-05,,AUTOMATIC PAYMENT - THANK,2078.5,USD,online,False
3qRwdgvB1gu5z9Z191n3IEApzJ6W1BfmAm5Dz,pzBp9VXLwVIo1v9kvk48S5bEdKakRZhprJ9qX,,2023-12-05,KFC,KFC,500.0,USD,in store,False
BQjd9x5lPxT9vRQjRj1DUMA5Db9z8xszBzVbd,pzBp9VXLwVIo1v9kvk48S5bEdKakRZhprJ9qX,,2023-12-05,,Madison Bicycle Shop,500.0,USD,in store,False
BQjd9x5lPxT9vRQjRj1DUMA5Db9z8xszBzVvG,E1QEv4rNe4tBEvZGvGLaIqZRgyGejrt4RgZMV,,2023-11-26,,CREDIT CARD 3333 PAYMENT *//,25.0,USD,other,False
dpLa8VJdEVI4NMplMlbVIPrdDGqKQxCBkBrnm,83rVqGRwKGh7BEQrErMNSvjLKd1WXAuW1ZvRr,,2023-11-26,Uber,Uber 063015 SF**POOL**,5.4,USD,online,False
XadEBnw1PnTa6wK7w7PGSwrxkvVGWeC1Q18my,orzN9VLXEVTpyaJkak48UNLkpBxAmdCoMp4PA,,2023-11-25,,ACH Electronic CreditGUSTO PAY 123456,5850.0,USD,online,False
mqKZbV9LyVu1n756764vUWa3MGwAZEi4E48eV,LWkyoZbjlZhxaARKAKwGFdbypNjJn8tkQegmq,,2023-11-25,,CD DEPOSIT .INITIAL.,1000.0,USD,other,False
dpLa8VJdEVI4NMplMlbVIPrdDGqKQxCBkBrjx,pzBp9VXLwVIo1v9kvk48S5bEdKakRZhprJ9qX,,2023-11-24,,Touchstone Climbing,78.5,USD,in store,False
aMZy9V3dpVIxPkadkdoVFWlK1dPLMyikNkVKx,83rVqGRwKGh7BEQrErMNSvjLKd1WXAuW1ZvRr,,2023-11-24,United Airlines,United Airlines,-500.0,USD,in store,False
4KRjG8VvL8s1egJogo7XUzkpBEKj5aclol4R7,83rVqGRwKGh7BEQrErMNSvjLKd1WXAuW1ZvRr,,2023-11-23,McDonald's,McDonald's,12.0,USD,in store,False
NGEbg1nwK1h9G3gz3zVbU4oBEknrj9uX3XkA5,83rVqGRwKGh7BEQrErMNSvjLKd1WXAuW1ZvRr,,2023-11-23,Starbucks,Starbucks,4.33,USD,in store,False
PqlXopEezpu61Ar3A3XyHPb6RvKzkeCX1XVyv,83rVqGRwKGh7BEQrErMNSvjLKd1WXAuW1ZvRr,,2023-11-22,FUN,SparkFun,89.4,USD,in store,False
3qRwdgvB1gu5z9Z191n3IEApzJ6W1BfmAm5g1,E1QEv4rNe4tBEvZGvGLaIqZRgyGejrt4RgZMV,,2023-11-21,,INTRST PYMNT,-4.22,USD,other,False
aMZy9V3dpVIxPkadkdoVFWlK1dPLMyikNkVBL,pzBp9VXLwVIo1v9kvk48S5bEdKakRZhprJ9qX,,2023-11-11,United Airlines,United Airlines,500.0,USD,in store,False
jAWXPVgZEVhQr63767NvhWnaZGNdrpivEvlRa,83rVqGRwKGh7BEQrErMNSvjLKd1WXAuW1ZvRr,,2023-11-09,Uber,Uber 072515 SF**POOL**,6.33,USD,online,False
4KRjG8VvL8s1egJogo7XUzkpBEKj5aclol4QA,pzBp9VXLwVIo1v9kvk48S5bEdKakRZhprJ9qX,,2023-11-06,,Tectra Inc,500.0,USD,in store,False
jAWXPVgZEVhQr63767NvhWnaZGNdrpivEvlVR,pzBp9VXLwVIo1v9kvk48S5bEdKakRZhprJ9qX,,2023-11-05,,AUTOMATIC PAYMENT - THANK,2078.5,USD,online,False
PqlXopEezpu61Ar3A3XyHPb6RvKzkeCX1XVPA,pzBp9VXLwVIo1v9kvk48S5bEdKakRZhprJ9qX,,2023-11-05,KFC,KFC,500.0,USD,in store,False
NGEbg1nwK1h9G3gz3zVbU4oBEknrj9uX3Xk4K,pzBp9VXLwVIo1v9kvk48S5bEdKakRZhprJ9qX,,2023-11-05,,Madison Bicycle Shop,500.0,USD,in store,False
xPjw5VXBlVTbngQzgz5ZsDKoJnyl4xcy1yLMo,E1QEv4rNe4tBEvZGvGLaIqZRgyGejrt4RgZMV,,2023-10-27,,CREDIT CARD 3333 PAYMENT *//,25.0,USD,other,False
7BK3lAVQqAIKzeNAeAR4sxzqma4VlDF8Z8rBB,83rVqGRwKGh7BEQrErMNSvjLKd1WXAuW1ZvRr,,2023-10-27,Uber,Uber 063015 SF**POOL**,5.4,USD,online,False
DMejVawR7aIop1ab1b74SlyZQLa5wbF414G57,orzN9VLXEVTpyaJkak48UNLkpBxAmdCoMp4PA,,2023-10-26,,ACH Electronic CreditGUSTO PAY 123456,5850.0,USD,online,False
yj7z5lb3qlsbL5ZB5BDwsKk6bVBgwZcKGKpPV,LWkyoZbjlZhxaARKAKwGFdbypNjJn8tkQegmq,,2023-10-26,,CD DEPOSIT .INITIAL.,1000.0,USD,other,False
7BK3lAVQqAIKzeNAeAR4sxzqma4VlDF8Z8rob,pzBp9VXLwVIo1v9kvk48S5bEdKakRZhprJ9qX,,2023-10-25,,Touchstone Climbing,78.5,USD,in store,False
eopQ1VJaEVUN6XbPXPAVuXvJ7rkQgBuagae3v,83rVqGRwKGh7BEQrErMNSvjLKd1WXAuW1ZvRr,,2023-10-25,United Airlines,United Airlines,-500.0,USD,in store,False
qB3p9VjXwVIgDGqoGojvTBX3NEl8KGi6E6ByP,83rVqGRwKGh7BEQrErMNSvjLKd1WXAuW1ZvRr,,2023-10-24,McDonald's,McDonald's,12.0,USD,in store,False
KEo9ZQVakQFrbdnqdq7Vfx4qM6rRZeFEyErDp,83rVqGRwKGh7BEQrErMNSvjLKd1WXAuW1ZvRr,,2023-10-24,Starbucks,Starbucks,4.33,USD,in store,False
r3xy9V5REVh8b5qZ5ZXVFgydaQw4R9hdQdNkR,83rVqGRwKGh7BEQrErMNSvjLKd1WXAuW1ZvRr,,2023-10-23,FUN,SparkFun,89.4,USD,in store,False
dpLa8VJdEVI4NMplMlbVIPrdDGqKQxCBkBryk,E1QEv4rNe4tBEvZGvGLaIqZRgyGejrt4RgZMV,,2023-10-22,,INTRST PYMNT,-4.22,USD,other,False
gBaerm4e57TelRk8493yhmDy5RWelnSEjVPd5,DWz3rdP35Bi5klxAKN9Vsl8N6JmZegCdmdeBo,,2025-10-12,FUN,SparkFun,89.4,USD,in store,False
blz4amB4JyU4m538BPRZHzy1R37Wq5FmgxErw,VQy8XNb85qF5JMjZDX1gsMRBn164kQIlblkXm,,2025-10-11,,INTRST PYMNT,-4.22,USD,other,False
9eMpv9qpA6Ia6znZolveSkQ4ZNjqWnI4zGkMr,5NMZw9vZg5IEo8l9PLzmSBgRe7aEdoiJzJVAl,,2025-10-01,United Airlines,United Airlines,500.0,USD,in store,False
87jLx9lLkZsdjWePGXpLcvQjzwMXRnCWv1geJ,DWz3rdP35Bi5klxAKN9Vsl8N6JmZegCdmdeBo,,2025-09-29,Uber,Uber 072515 SF**POOL**,6.33,USD,online,False
vLWzr8EzPlU4agX3Pj5yHWJlo3Gd67sqazgVK,5NMZw9vZg5IEo8l9PLzmSBgRe7aEdoiJzJVAl,,2025-09-26,,Tectra Inc,500.0,USD,in store,False
XMVlNjyl5ruleLd3MBz8tw5rqJeLnZibp698Z,5NMZw9vZg5IEo8l9PLzmSBgRe7aEdoiJzJVAl,,2025-09-25,,AUTOMATIC PAYMENT - THANK,2078.5,USD,online,False
6PbMw9RM8vS3VpP1Q5mlIe3EylLkpgh8j9mnJ,5NMZw9vZg5IEo8l9PLzmSBgRe7aEdoiJzJVAl,,2025-09-25,KFC,KFC,500.0,USD,in store,False
RPyLexWL5GS5W76ZAJvps7MQwmpbXRha7lw5l,5NMZw9vZg5IEo8l9PLzmSBgRe7aEdoiJzJVAl,,2025-09-25,,Madison Bicycle Shop,500.0,USD,in store,False
mNXpe8QpkAIqmrDjkzGZHW4aLjE8dosgRm98v,VQy8XNb85qF5JMjZDX1gsMRBn164kQIlblkXm,,2025-09-16,,CREDIT CARD 3333 PAYMENT *//,25.0,USD,other,False
EABxzkjx53U5dqn4NPl7sq6Zo5kjKWC4ZRr38,DWz3rdP35Bi5klxAKN9Vsl8N6JmZegCdmdeBo,,2025-09-16,Uber,Uber 063015 SF**POOL**,5.4,USD,online,False
VQy8XNb85qF5JMjZDX1gsMR9J8EWxlf9bmoNv,AgkrlBarRKfZLznP7dV5uyqBJ56Lw7uMRMwlm,,2025-09-15,,ACH Electronic CreditGUSTO PAY 123456,5850.0,USD,online,False
ygWxa8GxerfjV8Xr3va7uK8kMrZoy7H4k3op9,wpXBz8WBjqSVPlg3579ZunLjxB1Qb4CMAM9x9,,2025-09-15,,CD DEPOSIT .INITIAL.,1000.0,USD,other,False
DWz3rdP35Bi5klxAKN9Vsl8yjDbXnGc3mw7GM,5NMZw9vZg5IEo8l9PLzmSBgRe7aEdoiJzJVAl,,2025-09-14,,Touchstone Climbing,78.5,USD,in store,False
WZyEoPmE5kh5l1EMALg8s16W8NnXpGS6o9Xqy,DWz3rdP35Bi5klxAKN9Vsl8N6JmZegCdmdeBo,,2025-09-14,United Airlines,United Airlines,-500.0,USD,in store,False
AgkrlBarRKfZLznP7dV5uyqADKrg1Wi9Rja3r,DWz3rdP35Bi5klxAKN9Vsl8N6JmZegCdmdeBo,,2025-09-13,McDonald's,McDonald's,12.0,USD,in store,False
GqxaGNea5du5yrxWQ7mzsrxK4D7XNAt6JBqRg,DWz3rdP35Bi5klxAKN9Vsl8N6JmZegCdmdeBo,,2025-09-13,Starbucks,Starbucks,4.33,USD,in store,False
nPQoX8ZozASKN56JzkoXHp4d1Jb9a6FAPeZgj,DWz3rdP35Bi5klxAKN9Vsl8N6JmZegCdmdeBo,,2025-09-12,FUN,SparkFun,89.4,USD,in store,False
QNG1e3E15ZI51jDmAWKrsjL8Dkvp8liZdD37R,VQy8XNb85qF5JMjZDX1gsMRBn164kQIlblkXm,,2025-09-11,,INTRST PYMNT,-4.22,USD,other,False
vLWzr8EzPlU4agX3Pj5yHWJ93Bno9afgD1n1a,5NMZw9vZg5IEo8l9PLzmSBgRe7aEdoiJzJVAl,,2025-09-01,,United Airlines,500.0,USD,other,False
DWz3rdP35Bi5klxAKN9Vsl8EDqQjENi78JEk3,DWz3rdP35Bi5klxAKN9Vsl8N6JmZegCdmdeBo,,2025-08-30,,Uber 072515 SF**POOL**,6.33,USD,other,False
RPyLexWL5GS5W76ZAJvps7MxmLnwxJtwQAXAz,5NMZw9vZg5IEo8l9PLzmSBgRe7aEdoiJzJVAl,,2025-08-27,,Tectra Inc,500.0,USD,other,False
DWz3rdP35Bi5klxAKN9Vsl8EDqQjENi78JEJ4,5NMZw9vZg5IEo8l9PLzmSBgRe7aEdoiJzJVAl,,2025-08-26,,AUTOMATIC PAYMENT - THANK,2078.5,USD,other,False
XMVlNjyl5ruleLd3MBz8tw5bJ7kqbBS9RLPLb,5NMZw9vZg5IEo8l9PLzmSBgRe7aEdoiJzJVAl,,2025-08-26,,KFC,500.0,USD,other,False
6PbMw9RM8vS3VpP1Q5mlIe3GlrvyG8UmRebeg,5NMZw9vZg5IEo8l9PLzmSBgRe7aEdoiJzJVAl,,2025-08-26,,Madison Bicycle Shop,500.0,USD,other,False
ZLyKxmvK5BUK5oNGAb8pHgQvpDrev5SPjGrXk,VQy8XNb85qF5JMjZDX1gsMRBn164kQIlblkXm,,2025-08-17,,CREDIT CARD 3333 PAYMENT *//,25.0,USD,other,False
VQy8XNb85qF5JMjZDX1gsMRP8yjJPBtoJEpwq,DWz3rdP35Bi5klxAKN9Vsl8N6JmZegCdmdeBo,,2025-08-17,,Uber 063015 SF**POOL**,5.4,USD,other,False
WZyEoPmE5kh5l1EMALg8s16vNrM8vEfXGjwyv,AgkrlBarRKfZLznP7dV5uyqBJ56Lw7uMRMwlm,,2025-08-16,,ACH Electronic CreditGUSTO PAY 123456,5850.0,USD,other,False
L3N7RqL75PT53dqjM1JXsdVngJy6nrfqJElaV,wpXBz8WBjqSVPlg3579ZunLjxB1Qb4CMAM9x9,,2025-08-16,,CD DEPOSIT .INITIAL.,1000.0,USD,other,False
VQy8XNb85qF5JMjZDX1gsMRP8yjJPBtoJEpEp,5NMZw9vZg5IEo8l9PLzmSBgRe7aEdoiJzJVAl,,2025-08-15,,Touchstone Climbing,78.5,USD,other,False
wpXBz8WBjqSVPlg3579ZunLM3RqPMju36mq5q,DWz3rdP35Bi5klxAKN9Vsl8N6JmZegCdmdeBo,,2025-08-15,,United Airlines,-500.0,USD,other,False
5NMZw9vZg5IEo8l9PLzmSBgvQpNZvRfbD83Wp,DWz3rdP35Bi5klxAKN9Vsl8N6JmZegCdmdeBo,,2025-08-14,,McDonald's,12.0,USD,other,False
JzNPG7MP5Vs5v3xb9ZLms3amLKMXmdF1Lko9Z,DWz3rdP35Bi5klxAKN9Vsl8N6JmZegCdmdeBo,,2025-08-14,,Starbucks,4.33,USD,other,False
kaQ1e871qAh15XAnqKBdH4MWARymWBuqbozXq,DWz3rdP35Bi5klxAKN9Vsl8N6JmZegCdmdeBo,,2025-08-13,,SparkFun,89.4,USD,other,False
MxNe1Kpe5PU5yaBGNLEzsaBd8vKXdAfNo1ePw,VQy8XNb85qF5JMjZDX1gsMRBn164kQIlblkXm,,2025-08-12,,INTRST PYMNT,-4.22,USD,other,False
wpXBz8WBjqSVPlg3579ZunLM3RqPMju36mqml,5NMZw9vZg5IEo8l9PLzmSBgRe7aEdoiJzJVAl,,2025-08-02,,United Airlines,500.0,USD,other,False
l4QLXyeLKAhlLWmrKv6gt17Pm9EqPXfnvREkM,DWz3rdP35Bi5klxAKN9Vsl8N6JmZegCdmdeBo,,2025-07-31,,Uber 072515 SF**POOL**,6.33,USD,other,False
5NMZw9vZg5IEo8l9PLzmSBgvQpNZvRfbD838g,5NMZw9vZg5IEo8l9PLzmSBgRe7aEdoiJzJVAl,,2025-07-28,,Tectra Inc,500.0,USD,other,False
l4QLXyeLKAhlLWmrKv6gt17Pm9EqPXfnvRERN,5NMZw9vZg5IEo8l9PLzmSBgRe7aEdoiJzJVAl,,2025-07-27,,AUTOMATIC PAYMENT - THANK,2078.5,USD,other,False
kaQ1e871qAh15XAnqKBdH4MWARymWBuqbozom,5NMZw9vZg5IEo8l9PLzmSBgRe7aEdoiJzJVAl,,2025-07-27,,KFC,500.0,USD,other,False
JzNPG7MP5Vs5v3xb9ZLms3amLKMXmdF1Lkok1,5NMZw9vZg5IEo8l9PLzmSBgRe7aEdoiJzJVAl,,2025-07-27,,Madison Bicycle Shop,500.0,USD,other,False
1xMje9bj1WUqKa8WXDG6HrqkgydVk3uNwrZen,VQy8XNb85qF5JMjZDX1gsMRBn164kQIlblkXm,,2025-07-18,,CREDIT CARD 3333 PAYMENT *//,25.0,USD,other,False
qe1Em8LExAInL94pxdBAhBLDpRNbD4fLqRNZx,DWz3rdP35Bi5klxAKN9Vsl8N6JmZegCdmdeBo,,2025-07-18,,Uber 063015 SF**POOL**,5.4,USD,other,False
AgkrlBarRKfZLznP7dV5uyq3KGND3Buav56Ja,AgkrlBarRKfZLznP7dV5uyqBJ56Lw7uMRMwlm,,2025-07-17,,ACH Electronic CreditGUSTO PAY 123456,5850.0,USD,other,False
p7R8JW183AsznPdL3x7gs51RLkEJRpHbxzEnP,wpXBz8WBjqSVPlg3579ZunLjxB1Qb4CMAM9x9,,2025-07-17,,CD DEPOSIT .INITIAL.,1000.0,USD,other,False
qe1Em8LExAInL94pxdBAhBLDpRNbD4fLqRNRB,5NMZw9vZg5IEo8l9PLzmSBgRe7aEdoiJzJVAl,,2025-07-16,,Touchstone Climbing,78.5,USD,other,False
KBNjel1j5PT58xLwyMX6sxXL5JMoLKCKv1GLr,DWz3rdP35Bi5klxAKN9Vsl8N6JmZegCdmdeBo,,2025-07-16,,United Airlines,-500.0,USD,other,False
rQWlLmpldwF3pKoJdakDIgBpJkaxpmSpv1anB,DWz3rdP35Bi5klxAKN9Vsl8N6JmZegCdmdeBo,,2025-07-15,,McDonald's,12.0,USD,other,False
9eMpv9qpA6Ia6znZolveSkQeNM5ZelikmgV5b,DWz3rdP35Bi5klxAKN9Vsl8N6JmZegCdmdeBo,,2025-07-15,,Starbucks,4.33,USD,other,False
vLWzr8EzPlU4agX3Pj5yHWJ93Bno9afgD1nEL,DWz3rdP35Bi5klxAKN9Vsl8N6JmZegCdmdeBo,,2025-07-14,,SparkFun,89.4,USD,other,False
L3N7RqL75PT53dqjM1JXsdVngJy6nrfqJElpV,VQy8XNb85qF5JMjZDX1gsMRBn164kQIlblkXm,,2025-07-13,,INTRST PYMNT,-4.22,USD,other,False
KBNjel1j5PT58xLwyMX6sxXL5JMoLKCKv1G13,5NMZw9vZg5IEo8l9PLzmSBgRe7aEdoiJzJVAl,,2025-07-03,,United Airlines,500.0,USD,other,False
RPyLexWL5GS5W76ZAJvps7MxmLnwxJtwQAXBm,DWz3rdP35Bi5klxAKN9Vsl8N6JmZegCdmdeBo,,2025-07-01,,Uber 072515 SF**POOL**,6.33,USD,other,False
rQWlLmpldwF3pKoJdakDIgBpJkaxpmSpv1a1q,5NMZw9vZg5IEo8l9PLzmSBgRe7aEdoiJzJVAl,,2025-06-28,,Tectra Inc,500.0,USD,other,False
3aXeW9yepJhRlorb4xgDiERqQZzjq7fQaEME4,5NMZw9vZg5IEo8l9PLzmSBgRe7aEdoiJzJVAl,,2025-06-27,,AUTOMATIC PAYMENT - THANK,2078.5,USD,other,False
B8Kzq34z6kSEkGq8yaodSMQmLnDdmqtXGgAgD,5NMZw9vZg5IEo8l9PLzmSBgRe7aEdoiJzJVAl,,2025-06-27,,KFC,500.0,USD,other,False
z8wd4DkdQzSk1EdlxZa7SnDLlwaqLBuMGQwQA,5NMZw9vZg5IEo8l9PLzmSBgRe7aEdoiJzJVAl,,2025-06-27,,Madison Bicycle Shop,500.0,USD,other,False
p7R8JW183AsznPdL3x7gs51RLkEJRpHbxzEVP,VQy8XNb85qF5JMjZDX1gsMRBn164kQIlblkXm,,2025-06-18,,CREDIT CARD 3333 PAYMENT *//,25.0,USD,other,False
6PbMw9RM8vS3VpP1Q5mlIe3GlrvyG8UmRebyv,DWz3rdP35Bi5klxAKN9Vsl8N6JmZegCdmdeBo,,2025-06-18,,Uber 063015 SF**POOL**,5.4,USD,other,False
GqxaGNea5du5yrxWQ7mzsrxJD154Jguq4oAxZ,AgkrlBarRKfZLznP7dV5uyqBJ56Lw7uMRMwlm,,2025-06-17,,ACH Electronic CreditGUSTO PAY 123456,5850.0,USD,other,False
ojmgRwMgByIrdRwZB3z9FNamZAkzmXi13bkyL,wpXBz8WBjqSVPlg3579ZunLjxB1Qb4CMAM9x9,,2025-06-17,,CD DEPOSIT .INITIAL.,1000.0,USD,other,False
xoW3dQA37KcP96vWLerGcDvNWaJdNAukEeJel,5NMZw9vZg5IEo8l9PLzmSBgRe7aEdoiJzJVAl,,2025-06-16,,Touchstone Climbing,78.5,USD,other,False
XMVlNjyl5ruleLd3MBz8tw5bJ7kqbBS9RLP3B,DWz3rdP35Bi5klxAKN9Vsl8N6JmZegCdmdeBo,,2025-06-16,,United Airlines,-500.0,USD,other,False
DWz3rdP35Bi5klxAKN9Vsl8EDqQjENi78JEB6,DWz3rdP35Bi5klxAKN9Vsl8N6JmZegCdmdeBo,,2025-06-15,,McDonald's,12.0,USD,other,False
VQy8XNb85qF5JMjZDX1gsMRP8yjJPBtoJEpXx,DWz3rdP35Bi5klxAKN9Vsl8N6JmZegCdmdeBo,,2025-06-15,,Starbucks,4.33,USD,other,False
wpXBz8WBjqSVPlg3579ZunLM3RqPMju36mqxJ,DWz3rdP35Bi5klxAKN9Vsl8N6JmZegCdmdeBo,,2025-06-14,,SparkFun,89.4,USD,other,False
ojmgRwMgByIrdRwZB3z9FNamZAkzmXi13bk7L,VQy8XNb85qF5JMjZDX1gsMRBn164kQIlblkXm,,2025-06-13,,INTRST PYMNT,-4.22,USD,other,False
dK3PlmxP5ZIWmywPxrAKHP7vwVDRvXul3RDn4,5NMZw9vZg5IEo8l9PLzmSBgRe7aEdoiJzJVAl,,2025-06-03,,United Airlines,500.0,USD,other,False
5NMZw9vZg5IEo8l9PLzmSBgvQpNZvRfbD83AW,DWz3rdP35Bi5klxAKN9Vsl8N6JmZegCdmdeBo,,2025-06-01,,Uber 072515 SF**POOL**,6.33,USD,other,False
aAraEmza57UvBnJDzLXpSWgpJX1qpVfo9D1K8,5NMZw9vZg5IEo8l9PLzmSBgRe7aEdoiJzJVAl,,2025-05-29,,Tectra Inc,500.0,USD,other,False
P4ZMyB8M57h5BPwQMg4psPM85oRD8au84AQyr,5NMZw9vZg5IEo8l9PLzmSBgRe7aEdoiJzJVAl,,2025-05-28,,AUTOMATIC PAYMENT - THANK,2078.5,USD,other,False
NdjQeroQ5PI5v4aRPpQEs4Wv5AEJvauo1QnAg,5NMZw9vZg5IEo8l9PLzmSBgRe7aEdoiJzJVAl,,2025-05-28,,KFC,500.0,USD,other,False
44kQ3J9QoZhEBLQANPVdSzoAWNBlAqi9xLnRB,5NMZw9vZg5IEo8l9PLzmSBgRe7aEdoiJzJVAl,,2025-05-28,,Madison Bicycle Shop,500.0,USD,other,False
gBaerm4e57TelRk8493yhmDNRJ45NAFPX541K,VQy8XNb85qF5JMjZDX1gsMRBn164kQIlblkXm,,2025-05-19,,CREDIT CARD 3333 PAYMENT *//,25.0,USD,other,False
JzNPG7MP5Vs5v3xb9ZLms3amLKMXmdF1Lkovv,DWz3rdP35Bi5klxAKN9Vsl8N6JmZegCdmdeBo,,2025-05-19,,Uber 063015 SF**POOL**,5.4,USD,other,False
nPQoX8ZozASKN56JzkoXHp43JLK13mtZBQKVD,AgkrlBarRKfZLznP7dV5uyqBJ56Lw7uMRMwlm,,2025-05-18,,ACH Electronic CreditGUSTO PAY 123456,5850.0,USD,other,False
gBaerm4e57TelRk8493yhmDNRJ45NAFPX545K,wpXBz8WBjqSVPlg3579ZunLjxB1Qb4CMAM9x9,,2025-05-18,,CD DEPOSIT .INITIAL.,1000.0,USD,other,False
jdmMe8jMl7IAjgmoDqE1SW17mxZ47efx3aZRq,5NMZw9vZg5IEo8l9PLzmSBgRe7aEdoiJzJVAl,,2025-05-17,,Touchstone Climbing,78.5,USD,other,False
kaQ1e871qAh15XAnqKBdH4MWARymWBuqbozeK,DWz3rdP35Bi5klxAKN9Vsl8N6JmZegCdmdeBo,,2025-05-17,,United Airlines,-500.0,USD,other,False
l4QLXyeLKAhlLWmrKv6gt17Pm9EqPXfnvREed,DWz3rdP35Bi5klxAKN9Vsl8N6JmZegCdmdeBo,,2025-05-16,,McDonald's,12.0,USD,other,False
qe1Em8LExAInL94pxdBAhBLDpRNbD4fLqRN1M,DWz3rdP35Bi5klxAKN9Vsl8N6JmZegCdmdeBo,,2025-05-16,,Starbucks,4.33,USD,other,False
KBNjel1j5PT58xLwyMX6sxXL5JMoLKCKv1Ga1,DWz3rdP35Bi5klxAKN9Vsl8N6JmZegCdmdeBo,,2025-05-15,,SparkFun,89.4,USD,other,False
87jLx9lLkZsdjWePGXpLcvQPwmqzPrtgy8KmM,VQy8XNb85qF5JMjZDX1gsMRBn164kQIlblkXm,,2025-05-14,,INTRST PYMNT,-4.22,USD,other,False
7j51J961EXIEaxBy7q3oSxEn8PmZnAC6GxMBn,5NMZw9vZg5IEo8l9PLzmSBgRe7aEdoiJzJVAl,,2025-05-04,,United Airlines,500.0,USD,other,False
rQWlLmpldwF3pKoJdakDIgBpJkaxpmSpv1aVk,DWz3rdP35Bi5klxAKN9Vsl8N6JmZegCdmdeBo,,2025-05-02,,Uber 072515 SF**POOL**,6.33,USD,other,False
erxjqmdj5wsjx9qpdWeluXepq17RpbFJwm73k,5NMZw9vZg5IEo8l9PLzmSBgRe7aEdoiJzJVAl,,2025-04-29,,Tectra Inc,500.0,USD,other,False
MxNe1Kpe5PU5yaBGNLEzsaBd8vKXdAfNo1eRX,5NMZw9vZg5IEo8l9PLzmSBgRe7aEdoiJzJVAl,,2025-04-28,,AUTOMATIC PAYMENT - THANK,2078.5,USD,other,False
ZLyKxmvK5BUK5oNGAb8pHgQvpDrev5SPjGr11,5NMZw9vZg5IEo8l9PLzmSBgRe7aEdoiJzJVAl,,2025-04-28,,KFC,500.0,USD,other,False
QNG1e3E15ZI51jDmAWKrsjL8Dkvp8liZdD3lD,5NMZw9vZg5IEo8l9PLzmSBgRe7aEdoiJzJVAl,,2025-04-28,,Madison Bicycle Shop,500.0,USD,other,False
EABxzkjx53U5dqn4NPl7sq6D5pxoDJsrLm9lb,VQy8XNb85qF5JMjZDX1gsMRBn164kQIlblkXm,,2025-04-19,,CREDIT CARD 3333 PAYMENT *//,25.0,USD,other,False
z8wd4DkdQzSk1EdlxZa7SnDLlwaqLBuMGQw1d,DWz3rdP35Bi5klxAKN9Vsl8N6JmZegCdmdeBo,,2025-04-19,,Uber 063015 SF**POOL**,5.4,USD,other,False
blz4amB4JyU4m538BPRZHzyQ3kNRQniEw7NKr,AgkrlBarRKfZLznP7dV5uyqBJ56Lw7uMRMwlm,,2025-04-18,,ACH Electronic CreditGUSTO PAY 123456,5850.0,USD,other,False
87jLx9lLkZsdjWePGXpLcvQPwmqzPrtgy8K8M,wpXBz8WBjqSVPlg3579ZunLjxB1Qb4CMAM9x9,,2025-04-18,,CD DEPOSIT .INITIAL.,1000.0,USD,other,False
1xMje9bj1WUqKa8WXDG6HrqkgydVk3uNwrZPX,5NMZw9vZg5IEo8l9PLzmSBgRe7aEdoiJzJVAl,,2025-04-17,,Touchstone Climbing,78.5,USD,other,False
B8Kzq34z6kSEkGq8yaodSMQmLnDdmqtXGgAN5,DWz3rdP35Bi5klxAKN9Vsl8N6JmZegCdmdeBo,,2025-04-17,,United Airlines,-500.0,USD,other,False
3aXeW9yepJhRlorb4xgDiERqQZzjq7fQaEMel,DWz3rdP35Bi5klxAKN9Vsl8N6JmZegCdmdeBo,,2025-04-16,,McDonald's,12.0,USD,other,False
xoW3dQA37KcP96vWLerGcDvNWaJdNAukEeJRa,DWz3rdP35Bi5klxAKN9Vsl8N6JmZegCdmdeBo,,2025-04-16,,Starbucks,4.33,USD,other,False
dK3PlmxP5ZIWmywPxrAKHP7vwVDRvXul3RDxj,DWz3rdP35Bi5klxAKN9Vsl8N6JmZegCdmdeBo,,2025-04-15,,SparkFun,89.4,USD,other,False
WZyEoPmE5kh5l1EMALg8s16vNrM8vEfXGjwED,VQy8XNb85qF5JMjZDX1gsMRBn164kQIlblkXm,,2025-04-14,,INTRST PYMNT,-4.22,USD,other,False
L3N7RqL75PT53dqjM1JXsdVngJy6nrfqJElWj,5NMZw9vZg5IEo8l9PLzmSBgRe7aEdoiJzJVAl,,2025-04-04,,United Airlines,500.0,USD,other,False
aAraEmza57UvBnJDzLXpSWgpJX1qpVfo9D1x9,DWz3rdP35Bi5klxAKN9Vsl8N6JmZegCdmdeBo,,2025-04-02,,Uber 072515 SF**POOL**,6.33,USD,other,False
p7R8JW183AsznPdL3x7gs51RLkEJRpHbxzEQM,5NMZw9vZg5IEo8l9PLzmSBgRe7aEdoiJzJVAl,,2025-03-30,,Tectra Inc,500.0,USD,other,False
87jLx9lLkZsdjWePGXpLcvQPwmqzPrtgy8KJl,5NMZw9vZg5IEo8l9PLzmSBgRe7aEdoiJzJVAl,,2025-03-29,,AUTOMATIC PAYMENT - THANK,2078.5,USD,other,False
gBaerm4e57TelRk8493yhmDNRJ45NAFPX547X,5NMZw9vZg5IEo8l9PLzmSBgRe7aEdoiJzJVAl,,2025-03-29,,KFC,500.0,USD,other,False
ojmgRwMgByIrdRwZB3z9FNamZAkzmXi13bkVd,5NMZw9vZg5IEo8l9PLzmSBgRe7aEdoiJzJVAl,,2025-03-29,,Madison Bicycle Shop,500.0,USD,other,False
AgkrlBarRKfZLznP7dV5uyq3KGND3Buav56Pl,VQy8XNb85qF5JMjZDX1gsMRBn164kQIlblkXm,,2025-03-20,,CREDIT CARD 3333 PAYMENT *//,25.0,USD,other,False
44kQ3J9QoZhEBLQANPVdSzoAWNBlAqi9xLnw1,DWz3rdP35Bi5klxAKN9Vsl8N6JmZegCdmdeBo,,2025-03-20,,Uber 063015 SF**POOL**,5.4,USD,other,False
mNXpe8QpkAIqmrDjkzGZHW4XjgMLX9f95XMp3,AgkrlBarRKfZLznP7dV5uyqBJ56Lw7uMRMwlm,,2025-03-19,,ACH Electronic CreditGUSTO PAY 123456,5850.0,USD,other,False
EABxzkjx53U5dqn4NPl7sq6D5pxoDJsrLm9mb,wpXBz8WBjqSVPlg3579ZunLjxB1Qb4CMAM9x9,,2025-03-19,,CD DEPOSIT .INITIAL.,1000.0,USD,other,False
EABxzkjx53U5dqn4NPl7sq6D5pxoDJsrLm95w,5NMZw9vZg5IEo8l9PLzmSBgRe7aEdoiJzJVAl,,2025-03-18,,Touchstone Climbing,78.5,USD,other,False
NdjQeroQ5PI5v4aRPpQEs4Wv5AEJvauo1Qnqv,DWz3rdP35Bi5klxAKN9Vsl8N6JmZegCdmdeBo,,2025-03-18,,United Airlines,-500.0,USD,other,False
P4ZMyB8M57h5BPwQMg4psPM85oRD8au84AQr1,DWz3rdP35Bi5klxAKN9Vsl8N6JmZegCdmdeBo,,2025-03-17,,McDonald's,12.0,USD,other,False
jdmMe8jMl7IAjgmoDqE1SW17mxZ47efx3aZ87,DWz3rdP35Bi5klxAKN9Vsl8N6JmZegCdmdeBo,,2025-03-17,,Starbucks,4.33,USD,other,False
7j51J961EXIEaxBy7q3oSxEn8PmZnAC6GxMKl,DWz3rdP35Bi5klxAKN9Vsl8N6JmZegCdmdeBo,,2025-03-16,,SparkFun,89.4,USD,other,False
GqxaGNea5du5yrxWQ7mzsrxJD154Jguq4oA3y,VQy8XNb85qF5JMjZDX1gsMRBn164kQIlblkXm,,2025-03-15,,INTRST PYMNT,-4.22,USD,other,False
WZyEoPmE5kh5l1EMALg8s16vNrM8vEfXGjwQR,5NMZw9vZg5IEo8l9PLzmSBgRe7aEdoiJzJVAl,,2025-03-05,,United Airlines,500.0,USD,other,False
erxjqmdj5wsjx9qpdWeluXepq17RpbFJwm7lD,DWz3rdP35Bi5klxAKN9Vsl8N6JmZegCdmdeBo,,2025-03-03,,Uber 072515 SF**POOL**,6.33,USD,other,False
AgkrlBarRKfZLznP7dV5uyq3KGND3Buav56xp,5NMZw9vZg5IEo8l9PLzmSBgRe7aEdoiJzJVAl,,2025-02-28,,Tectra Inc,500.0,USD,other,False
blz4amB4JyU4m538BPRZHzyQ3kNRQniEw7N6j,5NMZw9vZg5IEo8l9PLzmSBgRe7aEdoiJzJVAl,,2025-02-27,,AUTOMATIC PAYMENT - THANK,2078.5,USD,other,False
nPQoX8ZozASKN56JzkoXHp43JLK13mtZBQKMk,5NMZw9vZg5IEo8l9PLzmSBgRe7aEdoiJzJVAl,,2025-02-27,,KFC,500.0,USD,other,False
GqxaGNea5du5yrxWQ7mzsrxJD154Jguq4oA7B,5NMZw9vZg5IEo8l9PLzmSBgRe7aEdoiJzJVAl,,2025-02-27,,Madison Bicycle Shop,500.0,USD,other,False
nPQoX8ZozASKN56JzkoXHp43JLK13mtZBQKbW,VQy8XNb85qF5JMjZDX1gsMRBn164kQIlblkXm,,2025-02-18,,CREDIT CARD 3333 PAYMENT *//,25.0,USD,other,False
QNG1e3E15ZI51jDmAWKrsjL8Dkvp8liZdD3WX,DWz3rdP35Bi5klxAKN9Vsl8N6JmZegCdmdeBo,,2025-02-18,,Uber 063015 SF**POOL**,5.4,USD,other,False
ygWxa8GxerfjV8Xr3va7uK8ermbMelSoQwWnL,AgkrlBarRKfZLznP7dV5uyqBJ56Lw7uMRMwlm,,2025-02-17,,ACH Electronic CreditGUSTO PAY 123456,5850.0,USD,other,False
WZyEoPmE5kh5l1EMALg8s16vNrM8vEfXGjwjD,wpXBz8WBjqSVPlg3579ZunLjxB1Qb4CMAM9x9,,2025-02-17,,CD DEPOSIT .INITIAL.,1000.0,USD,other,False
mNXpe8QpkAIqmrDjkzGZHW4XjgMLX9f95XMQa,5NMZw9vZg5IEo8l9PLzmSBgRe7aEdoiJzJVAl,,2025-02-16,,Touchstone Climbing,78.5,USD,other,False
ZLyKxmvK5BUK5oNGAb8pHgQvpDrev5SPjGrDB,DWz3rdP35Bi5klxAKN9Vsl8N6JmZegCdmdeBo,,2025-02-16,,United Airlines,-500.0,USD,other,False
MxNe1Kpe5PU5yaBGNLEzsaBd8vKXdAfNo1e85,DWz3rdP35Bi5klxAKN9Vsl8N6JmZegCdmdeBo,,2025-02-15,,McDonald's,12.0,USD,other,False
1xMje9bj1WUqKa8WXDG6HrqkgydVk3uNwrZGy,DWz3rdP35Bi5klxAKN9Vsl8N6JmZegCdmdeBo,,2025-02-15,,Starbucks,4.33,USD,other,False
L3N7RqL75PT53dqjM1JXsdVngJy6nrfqJElyg,DWz3rdP35Bi5klxAKN9Vsl8N6JmZegCdmdeBo,,2025-02-14,,SparkFun,89.4,USD,other,False
blz4amB4JyU4m538BPRZHzyQ3kNRQniEw7Nqq,VQy8XNb85qF5JMjZDX1gsMRBn164kQIlblkXm,,2025-02-13,,INTRST PYMNT,-4.22,USD,other,False
ygWxa8GxerfjV8Xr3va7uK8ermbMelSoQwW8Z,5NMZw9vZg5IEo8l9PLzmSBgRe7aEdoiJzJVAl,,2025-02-03,,United Airlines,500.0,USD,other,False
p7R8JW183AsznPdL3x7gs51RLkEJRpHbxzEND,DWz3rdP35Bi5klxAKN9Vsl8N6JmZegCdmdeBo,,2025-02-01,,Uber 072515 SF**POOL**,6.33,USD,other,False
9eMpv9qpA6Ia6znZolveSkQeNM5ZelikmgV9e,5NMZw9vZg5IEo8l9PLzmSBgRe7aEdoiJzJVAl,,2025-01-29,,Tectra Inc,500.0,USD,other,False
6PbMw9RM8vS3VpP1Q5mlIe3GlrvyG8UmRebPg,5NMZw9vZg5IEo8l9PLzmSBgRe7aEdoiJzJVAl,,2025-01-28,,AUTOMATIC PAYMENT - THANK,2078.5,USD,other,False
RPyLexWL5GS5W76ZAJvps7MxmLnwxJtwQAXoz,5NMZw9vZg5IEo8l9PLzmSBgRe7aEdoiJzJVAl,,2025-01-28,,KFC,500.0,USD,other,False
vLWzr8EzPlU4agX3Pj5yHWJ93Bno9afgD1nZa,5NMZw9vZg5IEo8l9PLzmSBgRe7aEdoiJzJVAl,,2025-01-28,,Madison Bicycle Shop,500.0,USD,other,False
mNXpe8QpkAIqmrDjkzGZHW4XjgMLX9f95XMJX,VQy8XNb85qF5JMjZDX1gsMRBn164kQIlblkXm,,2025-01-19,,CREDIT CARD 3333 PAYMENT *//,25.0,USD,other,False
ojmgRwMgByIrdRwZB3z9FNamZAkzmXi13bknR,DWz3rdP35Bi5klxAKN9Vsl8N6JmZegCdmdeBo,,2025-01-19,,Uber 063015 SF**POOL**,5.4,USD,other,False
9eMpv9qpA6Ia6znZolveSkQeNM5ZelikmgVy7,AgkrlBarRKfZLznP7dV5uyqBJ56Lw7uMRMwlm,,2025-01-18,,ACH Electronic CreditGUSTO PAY 123456,5850.0,USD,other,False
AgkrlBarRKfZLznP7dV5uyq3KGND3Buav565l,wpXBz8WBjqSVPlg3579ZunLjxB1Qb4CMAM9x9,,2025-01-18,,CD DEPOSIT .INITIAL.,1000.0,USD,other,False
XMVlNjyl5ruleLd3MBz8tw5bJ7kqbBS9RLPvb,5NMZw9vZg5IEo8l9PLzmSBgRe7aEdoiJzJVAl,,2025-01-17,,Touchstone Climbing,78.5,USD,other,False
gBaerm4e57TelRk8493yhmDNRJ45NAFPX54QE,DWz3rdP35Bi5klxAKN9Vsl8N6JmZegCdmdeBo,,2025-01-17,,United Airlines,-500.0,USD,other,False
87jLx9lLkZsdjWePGXpLcvQPwmqzPrtgy8KVZ,DWz3rdP35Bi5klxAKN9Vsl8N6JmZegCdmdeBo,,2025-01-16,,McDonald's,12.0,USD,other,False
EABxzkjx53U5dqn4NPl7sq6D5pxoDJsrLm9P9,DWz3rdP35Bi5klxAKN9Vsl8N6JmZegCdmdeBo,,2025-01-16,,Starbucks,4.33,USD,other,False
WZyEoPmE5kh5l1EMALg8s16vNrM8vEfXGjw74,DWz3rdP35Bi5klxAKN9Vsl8N6JmZegCdmdeBo,,2025-01-15,,SparkFun,89.4,USD,other,False
ygWxa8GxerfjV8Xr3va7uK8ermbMelSoQwWA8,VQy8XNb85qF5JMjZDX1gsMRBn164kQIlblkXm,,2025-01-14,,INTRST PYMNT,-4.22,USD,other,False
DWz3rdP35Bi5klxAKN9Vsl8EDqQjENi78JEL4,5NMZw9vZg5IEo8l9PLzmSBgRe7aEdoiJzJVAl,,2025-01-04,,United Airlines,500.0,USD,other,False
AgkrlBarRKfZLznP7dV5uyq3KGND3Buav56ly,DWz3rdP35Bi5klxAKN9Vsl8N6JmZegCdmdeBo,,2025-01-02,,Uber 072515 SF**POOL**,6.33,USD,other,False
VQy8XNb85qF5JMjZDX1gsMRP8yjJPBtoJEpZp,5NMZw9vZg5IEo8l9PLzmSBgRe7aEdoiJzJVAl,,2024-12-30,,Tectra Inc,500.0,USD,other,False
JzNPG7MP5Vs5v3xb9ZLms3amLKMXmdF1Lkoe1,5NMZw9vZg5IEo8l9PLzmSBgRe7aEdoiJzJVAl,,2024-12-29,,AUTOMATIC PAYMENT - THANK,2078.5,USD,other,False
5NMZw9vZg5IEo8l9PLzmSBgvQpNZvRfbD83Qg,5NMZw9vZg5IEo8l9PLzmSBgRe7aEdoiJzJVAl,,2024-12-29,,KFC,500.0,USD,other,False
wpXBz8WBjqSVPlg3579ZunLM3RqPMju36mq1l,5NMZw9vZg5IEo8l9PLzmSBgRe7aEdoiJzJVAl,,2024-12-29,,Madison Bicycle Shop,500.0,USD,other,False
9eMpv9qpA6Ia6znZolveSkQeNM5ZelikmgVDo,VQy8XNb85qF5JMjZDX1gsMRBn164kQIlblkXm,,2024-12-20,,CREDIT CARD 3333 PAYMENT *//,25.0,USD,other,False
GqxaGNea5du5yrxWQ7mzsrxJD154Jguq4oAXq,DWz3rdP35Bi5klxAKN9Vsl8N6JmZegCdmdeBo,,2024-12-20,,Uber 063015 SF**POOL**,5.4,USD,other,False
vLWzr8EzPlU4agX3Pj5yHWJ93Bno9afgD1ne9,AgkrlBarRKfZLznP7dV5uyqBJ56Lw7uMRMwlm,,2024-12-19,,ACH Electronic CreditGUSTO PAY 123456,5850.0,USD,other,False
GqxaGNea5du5yrxWQ7mzsrxJD154Jguq4oAoy,wpXBz8WBjqSVPlg3579ZunLjxB1Qb4CMAM9x9,,2024-12-19,,CD DEPOSIT .INITIAL.,1000.0,USD,other,False
kaQ1e871qAh15XAnqKBdH4MWARymWBuqboz1m,5NMZw9vZg5IEo8l9PLzmSBgRe7aEdoiJzJVAl,,2024-12-18,,Touchstone Climbing,78.5,USD,other,False
nPQoX8ZozASKN56JzkoXHp43JLK13mtZBQKNJ,DWz3rdP35Bi5klxAKN9Vsl8N6JmZegCdmdeBo,,2024-12-18,,United Airlines,-500.0,USD,other,False
blz4amB4JyU4m538BPRZHzyQ3kNRQniEw7N1P,DWz3rdP35Bi5klxAKN9Vsl8N6JmZegCdmdeBo,,2024-12-17,,McDonald's,12.0,USD,other,False
mNXpe8QpkAIqmrDjkzGZHW4XjgMLX9f95XMn8,DWz3rdP35Bi5klxAKN9Vsl8N6JmZegCdmdeBo,,2024-12-17,,Starbucks,4.33,USD,other,False
ygWxa8GxerfjV8Xr3va7uK8ermbMelSoQwWbv,DWz3rdP35Bi5klxAKN9Vsl8N6JmZegCdmdeBo,,2024-12-16,,SparkFun,89.4,USD,other,False
vLWzr8EzPlU4agX3Pj5yHWJ93Bno9afgD1nRe,VQy8XNb85qF5JMjZDX1gsMRBn164kQIlblkXm,,2024-12-15,,INTRST PYMNT,-4.22,USD,other,False
l4QLXyeLKAhlLWmrKv6gt17Pm9EqPXfnvREmN,5NMZw9vZg5IEo8l9PLzmSBgRe7aEdoiJzJVAl,,2024-12-05,,United Airlines,500.0,USD,other,False
9eMpv9qpA6Ia6znZolveSkQeNM5ZelikmgVwb,DWz3rdP35Bi5klxAKN9Vsl8N6JmZegCdmdeBo,,2024-12-03,,Uber 072515 SF**POOL**,6.33,USD,other,False
qe1Em8LExAInL94pxdBAhBLDpRNbD4fLqRNyB,5NMZw9vZg5IEo8l9PLzmSBgRe7aEdoiJzJVAl,,2024-11-30,,Tectra Inc,500.0,USD,other,False
z8wd4DkdQzSk1EdlxZa7SnDLlwaqLBuMGQwXA,5NMZw9vZg5IEo8l9PLzmSBgRe7aEdoiJzJVAl,,2024-11-29,,AUTOMATIC PAYMENT - THANK,2078.5,USD,other,False
rQWlLmpldwF3pKoJdakDIgBpJkaxpmSpv1akq,5NMZw9vZg5IEo8l9PLzmSBgRe7aEdoiJzJVAl,,2024-11-29,,KFC,500.0,USD,other,False
KBNjel1j5PT58xLwyMX6sxXL5JMoLKCKv1GD3,5NMZw9vZg5IEo8l9PLzmSBgRe7aEdoiJzJVAl,,2024-11-29,,Madison Bicycle Shop,500.0,USD,other,False
RPyLexWL5GS5W76ZAJvps7MxmLnwxJtwQAX4p,VQy8XNb85qF5JMjZDX1gsMRBn164kQIlblkXm,,2024-11-20,,CREDIT CARD 3333 PAYMENT *//,25.0,USD,other,False
vLWzr8EzPlU4agX3Pj5yHWJ93Bno9afgD1nBL,DWz3rdP35Bi5klxAKN9Vsl8N6JmZegCdmdeBo,,2024-11-20,,Uber 063015 SF**POOL**,5.4,USD,other,False
RPyLexWL5GS5W76ZAJvps7MxmLnwxJtwQAXke,AgkrlBarRKfZLznP7dV5uyqBJ56Lw7uMRMwlm,,2024-11-19,,ACH Electronic CreditGUSTO PAY 123456,5850.0,USD,other,False
nPQoX8ZozASKN56JzkoXHp43JLK13mtZBQKQW,wpXBz8WBjqSVPlg3579ZunLjxB1Qb4CMAM9x9,,2024-11-19,,CD DEPOSIT .INITIAL.,1000.0,USD,other,False
B8Kzq34z6kSEkGq8yaodSMQmLnDdmqtXGgAxD,5NMZw9vZg5IEo8l9PLzmSBgRe7aEdoiJzJVAl,,2024-11-18,,Touchstone Climbing,78.5,USD,other,False
RPyLexWL5GS5W76ZAJvps7MxmLnwxJtwQAXWm,DWz3rdP35Bi5klxAKN9Vsl8N6JmZegCdmdeBo,,2024-11-18,,United Airlines,-500.0,USD,other,False
6PbMw9RM8vS3VpP1Q5mlIe3GlrvyG8UmRebpv,DWz3rdP35Bi5klxAKN9Vsl8N6JmZegCdmdeBo,,2024-11-17,,McDonald's,12.0,USD,other,False
XMVlNjyl5ruleLd3MBz8tw5bJ7kqbBS9RLPNB,DWz3rdP35Bi5klxAKN9Vsl8N6JmZegCdmdeBo,,2024-11-17,,Starbucks,4.33,USD,other,False
DWz3rdP35Bi5klxAKN9Vsl8EDqQjENi78JEx6,DWz3rdP35Bi5klxAKN9Vsl8N6JmZegCdmdeBo,,2024-11-16,,SparkFun,89.4,USD,other,False
6PbMw9RM8vS3VpP1Q5mlIe3GlrvyG8UmReb37,VQy8XNb85qF5JMjZDX1gsMRBn164kQIlblkXm,,2024-11-15,,INTRST PYMNT,-4.22,USD,other,False
3aXeW9yepJhRlorb4xgDiERqQZzjq7fQaEMV4,5NMZw9vZg5IEo8l9PLzmSBgRe7aEdoiJzJVAl,,2024-11-05,,United Airlines,500.0,USD,other,False
VQy8XNb85qF5JMjZDX1gsMRP8yjJPBtoJEpex,DWz3rdP35Bi5klxAKN9Vsl8N6JmZegCdmdeBo,,2024-11-03,,Uber 072515 SF**POOL**,6.33,USD,other,False
xoW3dQA37KcP96vWLerGcDvNWaJdNAukEeJKl,5NMZw9vZg5IEo8l9PLzmSBgRe7aEdoiJzJVAl,,2024-10-31,,Tectra Inc,500.0,USD,other,False
44kQ3J9QoZhEBLQANPVdSzoAWNBlAqi9xLnpB,5NMZw9vZg5IEo8l9PLzmSBgRe7aEdoiJzJVAl,,2024-10-30,,AUTOMATIC PAYMENT - THANK,2078.5,USD,other,False
aAraEmza57UvBnJDzLXpSWgpJX1qpVfo9D168,5NMZw9vZg5IEo8l9PLzmSBgRe7aEdoiJzJVAl,,2024-10-30,,KFC,500.0,USD,other,False
dK3PlmxP5ZIWmywPxrAKHP7vwVDRvXul3RDy4,5NMZw9vZg5IEo8l9PLzmSBgRe7aEdoiJzJVAl,,2024-10-30,,Madison Bicycle Shop,500.0,USD,other,False
XMVlNjyl5ruleLd3MBz8tw5bJ7kqbBS9RLPEm,VQy8XNb85qF5JMjZDX1gsMRBn164kQIlblkXm,,2024-10-21,,CREDIT CARD 3333 PAYMENT *//,25.0,USD,other,False
wpXBz8WBjqSVPlg3579ZunLM3RqPMju36mqjJ,DWz3rdP35Bi5klxAKN9Vsl8N6JmZegCdmdeBo,,2024-10-21,,Uber 063015 SF**POOL**,5.4,USD,other,False
6PbMw9RM8vS3VpP1Q5mlIe3GlrvyG8UmRebKw,AgkrlBarRKfZLznP7dV5uyqBJ56Lw7uMRMwlm,,2024-10-20,,ACH Electronic CreditGUSTO PAY 123456,5850.0,USD,other,False
blz4amB4JyU4m538BPRZHzyQ3kNRQniEw7N7q,wpXBz8WBjqSVPlg3579ZunLjxB1Qb4CMAM9x9,,2024-10-20,,CD DEPOSIT .INITIAL.,1000.0,USD,other,False
NdjQeroQ5PI5v4aRPpQEs4Wv5AEJvauo1Qn8g,5NMZw9vZg5IEo8l9PLzmSBgRe7aEdoiJzJVAl,,2024-10-19,,Touchstone Climbing,78.5,USD,other,False
5NMZw9vZg5IEo8l9PLzmSBgvQpNZvRfbD83MW,DWz3rdP35Bi5klxAKN9Vsl8N6JmZegCdmdeBo,,2024-10-19,,United Airlines,-500.0,USD,other,False
JzNPG7MP5Vs5v3xb9ZLms3amLKMXmdF1Lkoqv,DWz3rdP35Bi5klxAKN9Vsl8N6JmZegCdmdeBo,,2024-10-18,,McDonald's,12.0,USD,other,False
kaQ1e871qAh15XAnqKBdH4MWARymWBuqbozKK,DWz3rdP35Bi5klxAKN9Vsl8N6JmZegCdmdeBo,,2024-10-18,,Starbucks,4.33,USD,other,False
l4QLXyeLKAhlLWmrKv6gt17Pm9EqPXfnvRE8d,DWz3rdP35Bi5klxAKN9Vsl8N6JmZegCdmdeBo,,2024-10-17,,SparkFun,89.4,USD,other,False
DWz3rdP35Bi5klxAKN9Vsl8EDqQjENi78JEQ8,VQy8XNb85qF5JMjZDX1gsMRBn164kQIlblkXm,,2024-10-16,,INTRST PYMNT,-4.22,USD,other,False
P4ZMyB8M57h5BPwQMg4psPM85oRD8au84AQLr,5NMZw9vZg5IEo8l9PLzmSBgRe7aEdoiJzJVAl,,2024-10-06,,United Airlines,500.0,USD,other,False
qe1Em8LExAInL94pxdBAhBLDpRNbD4fLqRNkM,DWz3rdP35Bi5klxAKN9Vsl8N6JmZegCdmdeBo,,2024-10-04,,Uber 072515 SF**POOL**,6.33,USD,other,False
jdmMe8jMl7IAjgmoDqE1SW17mxZ47efx3aZKq,5NMZw9vZg5IEo8l9PLzmSBgRe7aEdoiJzJVAl,,2024-10-01,,Tectra Inc,500.0,USD,other,False
QNG1e3E15ZI51jDmAWKrsjL8Dkvp8liZdD3PD,5NMZw9vZg5IEo8l9PLzmSBgRe7aEdoiJzJVAl,,2024-09-30,,AUTOMATIC PAYMENT - THANK,2078.5,USD,other,False
erxjqmdj5wsjx9qpdWeluXepq17RpbFJwm7vk,5NMZw9vZg5IEo8l9PLzmSBgRe7aEdoiJzJVAl,,2024-09-30,,KFC,500.0,USD,other,False
7j51J961EXIEaxBy7q3oSxEn8PmZnAC6GxMbn,5NMZw9vZg5IEo8l9PLzmSBgRe7aEdoiJzJVAl,,2024-09-30,,Madison Bicycle Shop,500.0,USD,other,False
VQy8XNb85qF5JMjZDX1gsMRP8yjJPBtoJEpd8,VQy8XNb85qF5JMjZDX1gsMRBn164kQIlblkXm,,2024-09-21,,CREDIT CARD 3333 PAYMENT *//,25.0,USD,other,False
KBNjel1j5PT58xLwyMX6sxXL5JMoLKCKv1Gb1,DWz3rdP35Bi5klxAKN9Vsl8N6JmZegCdmdeBo,,2024-09-21,Uber,Uber 063015 SF**POOL**,5.4,USD,online,False
XMVlNjyl5ruleLd3MBz8tw5bJ7kqbBS9RLPKe,AgkrlBarRKfZLznP7dV5uyqBJ56Lw7uMRMwlm,,2024-09-20,,ACH Electronic CreditGUSTO PAY 123456,5850.0,USD,online,False
mNXpe8QpkAIqmrDjkzGZHW4XjgMLX9f95XMXX,wpXBz8WBjqSVPlg3579ZunLjxB1Qb4CMAM9x9,,2024-09-20,,CD DEPOSIT .INITIAL.,1000.0,USD,other,False
ZLyKxmvK5BUK5oNGAb8pHgQvpDrev5SPjGra1,5NMZw9vZg5IEo8l9PLzmSBgRe7aEdoiJzJVAl,,2024-09-19,,Touchstone Climbing,78.5,USD,in store,False
rQWlLmpldwF3pKoJdakDIgBpJkaxpmSpv1agk,DWz3rdP35Bi5klxAKN9Vsl8N6JmZegCdmdeBo,,2024-09-19,United Airlines,United Airlines,-500.0,USD,in store,False
z8wd4DkdQzSk1EdlxZa7SnDLlwaqLBuMGQwWd,DWz3rdP35Bi5klxAKN9Vsl8N6JmZegCdmdeBo,,2024-09-18,McDonald's,McDonald's,12.0,USD,in store,False
B8Kzq34z6kSEkGq8yaodSMQmLnDdmqtXGgAn5,DWz3rdP35Bi5klxAKN9Vsl8N6JmZegCdmdeBo,,2024-09-18,Starbucks,Starbucks,4.33,USD,in store,False
3aXeW9yepJhRlorb4xgDiERqQZzjq7fQaEM3l,DWz3rdP35Bi5klxAKN9Vsl8N6JmZegCdmdeBo,,2024-09-17,FUN,SparkFun,89.4,USD,in store,False
wpXBz8WBjqSVPlg3579ZunLM3RqPMju36mqVv,VQy8XNb85qF5JMjZDX1gsMRBn164kQIlblkXm,,2024-09-16,,INTRST PYMNT,-4.22,USD,other,False
MxNe1Kpe5PU5yaBGNLEzsaBd8vKXdAfNo1eXX,5NMZw9vZg5IEo8l9PLzmSBgRe7aEdoiJzJVAl,,2024-09-06,United Airlines,United Airlines,500.0,USD,in store,False
xoW3dQA37KcP96vWLerGcDvNWaJdNAukEeJva,DWz3rdP35Bi5klxAKN9Vsl8N6JmZegCdmdeBo,,2024-09-04,Uber,Uber 072515 SF**POOL**,6.33,USD,online,False
1xMje9bj1WUqKa8WXDG6HrqkgydVk3uNwrZ9X,5NMZw9vZg5IEo8l9PLzmSBgRe7aEdoiJzJVAl,,2024-09-01,,Tectra Inc,500.0,USD,in store,False
ojmgRwMgByIrdRwZB3z9FNamZAkzmXi13bkQd,5NMZw9vZg5IEo8l9PLzmSBgRe7aEdoiJzJVAl,,2024-08-31,,AUTOMATIC PAYMENT - THANK,2078.5,USD,online,False
p7R8JW183AsznPdL3x7gs51RLkEJRpHbxzElM,5NMZw9vZg5IEo8l9PLzmSBgRe7aEdoiJzJVAl,,2024-08-31,KFC,KFC,500.0,USD,in store,False
L3N7RqL75PT53dqjM1JXsdVngJy6nrfqJEl6j,5NMZw9vZg5IEo8l9PLzmSBgRe7aEdoiJzJVAl,,2024-08-31,,Madison Bicycle Shop,500.0,USD,in store,False
5NMZw9vZg5IEo8l9PLzmSBgvQpNZvRfbD83dv,VQy8XNb85qF5JMjZDX1gsMRBn164kQIlblkXm,,2024-08-22,,CREDIT CARD 3333 PAYMENT *//,25.0,USD,other,False
dK3PlmxP5ZIWmywPxrAKHP7vwVDRvXul3RDej,DWz3rdP35Bi5klxAKN9Vsl8N6JmZegCdmdeBo,,2024-08-22,Uber,Uber 063015 SF**POOL**,5.4,USD,online,False
DWz3rdP35Bi5klxAKN9Vsl8EDqQjENi78JEWV,AgkrlBarRKfZLznP7dV5uyqBJ56Lw7uMRMwlm,,2024-08-21,,ACH Electronic CreditGUSTO PAY 123456,5850.0,USD,online,False
ygWxa8GxerfjV8Xr3va7uK8ermbMelSoQwWw8,wpXBz8WBjqSVPlg3579ZunLjxB1Qb4CMAM9x9,,2024-08-21,,CD DEPOSIT .INITIAL.,1000.0,USD,other,False
gBaerm4e57TelRk8493yhmDNRJ45NAFPX54NX,5NMZw9vZg5IEo8l9PLzmSBgRe7aEdoiJzJVAl,,2024-08-20,,Touchstone Climbing,78.5,USD,in store,False
aAraEmza57UvBnJDzLXpSWgpJX1qpVfo9D1L9,DWz3rdP35Bi5klxAKN9Vsl8N6JmZegCdmdeBo,,2024-08-20,United Airlines,United Airlines,-500.0,USD,in store,False
44kQ3J9QoZhEBLQANPVdSzoAWNBlAqi9xLn71,DWz3rdP35Bi5klxAKN9Vsl8N6JmZegCdmdeBo,,2024-08-19,McDonald's,McDonald's,12.0,USD,in store,False
NdjQeroQ5PI5v4aRPpQEs4Wv5AEJvauo1Qnmv,DWz3rdP35Bi5klxAKN9Vsl8N6JmZegCdmdeBo,,2024-08-19,Starbucks,Starbucks,4.33,USD,in store,False
P4ZMyB8M57h5BPwQMg4psPM85oRD8au84AQZ1,DWz3rdP35Bi5klxAKN9Vsl8N6JmZegCdmdeBo,,2024-08-18,FUN,SparkFun,89.4,USD,in store,False
JzNPG7MP5Vs5v3xb9ZLms3amLKMXmdF1LkoJy,VQy8XNb85qF5JMjZDX1gsMRBn164kQIlblkXm,,2024-08-17,,INTRST PYMNT,-4.22,USD,other,False
87jLx9lLkZsdjWePGXpLcvQPwmqzPrtgy8K7l,5NMZw9vZg5IEo8l9PLzmSBgRe7aEdoiJzJVAl,,2024-08-07,United Airlines,United Airlines,500.0,USD,in store,False
jdmMe8jMl7IAjgmoDqE1SW17mxZ47efx3aZq7,DWz3rdP35Bi5klxAKN9Vsl8N6JmZegCdmdeBo,,2024-08-05,Uber,Uber 072515 SF**POOL**,6.33,USD,online,False
EABxzkjx53U5dqn4NPl7sq6D5pxoDJsrLm98w,5NMZw9vZg5IEo8l9PLzmSBgRe7aEdoiJzJVAl,,2024-08-02,,Tectra Inc,500.0,USD,in store,False
GqxaGNea5du5yrxWQ7mzsrxJD154Jguq4oAKB,5NMZw9vZg5IEo8l9PLzmSBgRe7aEdoiJzJVAl,,2024-08-01,,AUTOMATIC PAYMENT - THANK,2078.5,USD,online,False
AgkrlBarRKfZLznP7dV5uyq3KGND3Buav56Lp,5NMZw9vZg5IEo8l9PLzmSBgRe7aEdoiJzJVAl,,2024-08-01,KFC,KFC,500.0,USD,in store,False
WZyEoPmE5kh5l1EMALg8s16vNrM8vEfXGjw3R,5NMZw9vZg5IEo8l9PLzmSBgRe7aEdoiJzJVAl,,2024-08-01,,Madison Bicycle Shop,500.0,USD,in store,False
kaQ1e871qAh15XAnqKBdH4MWARymWBuqbozpQ,VQy8XNb85qF5JMjZDX1gsMRBn164kQIlblkXm,,2024-07-23,,CREDIT CARD 3333 PAYMENT *//,25.0,USD,other,False
7j51J961EXIEaxBy7q3oSxEn8PmZnAC6GxMLl,DWz3rdP35Bi5klxAKN9Vsl8N6JmZegCdmdeBo,,2024-07-23,Uber,Uber 063015 SF**POOL**,5.4,USD,online,False
VQy8XNb85qF5JMjZDX1gsMRP8yjJPBtoJEpgz,AgkrlBarRKfZLznP7dV5uyqBJ56Lw7uMRMwlm,,2024-07-22,,ACH Electronic CreditGUSTO PAY 123456,5850.0,USD,online,False
9eMpv9qpA6Ia6znZolveSkQeNM5ZelikmgVgo,wpXBz8WBjqSVPlg3579ZunLjxB1Qb4CMAM9x9,,2024-07-22,,CD DEPOSIT .INITIAL.,1000.0,USD,other,False
nPQoX8ZozASKN56JzkoXHp43JLK13mtZBQK9k,5NMZw9vZg5IEo8l9PLzmSBgRe7aEdoiJzJVAl,,2024-07-21,,Touchstone Climbing,78.5,USD,in store,False
erxjqmdj5wsjx9qpdWeluXepq17RpbFJwm71D,DWz3rdP35Bi5klxAKN9Vsl8N6JmZegCdmdeBo,,2024-07-21,United Airlines,United Airlines,-500.0,USD,in store,False
QNG1e3E15ZI51jDmAWKrsjL8Dkvp8liZdD3EX,DWz3rdP35Bi5klxAKN9Vsl8N6JmZegCdmdeBo,,2024-07-20,McDonald's,McDonald's,12.0,USD,in store,False
ZLyKxmvK5BUK5oNGAb8pHgQvpDrev5SPjGrVB,DWz3rdP35Bi5klxAKN9Vsl8N6JmZegCdmdeBo,,2024-07-20,Starbucks,Starbucks,4.33,USD,in store,False
MxNe1Kpe5PU5yaBGNLEzsaBd8vKXdAfNo1eV5,DWz3rdP35Bi5klxAKN9Vsl8N6JmZegCdmdeBo,,2024-07-19,FUN,SparkFun,89.4,USD,in store,False
l4QLXyeLKAhlLWmrKv6gt17Pm9EqPXfnvRE7W,VQy8XNb85qF5JMjZDX1gsMRBn164kQIlblkXm,,2024-07-18,,INTRST PYMNT,-4.22,USD,other,False
blz4amB4JyU4m538BPRZHzyQ3kNRQniEw7Nnj,5NMZw9vZg5IEo8l9PLzmSBgRe7aEdoiJzJVAl,,2024-07-08,United Airlines,United Airlines,500.0,USD,in store,False
1xMje9bj1WUqKa8WXDG6HrqkgydVk3uNwrZly,DWz3rdP35Bi5klxAKN9Vsl8N6JmZegCdmdeBo,,2024-07-06,Uber,Uber 072515 SF**POOL**,6.33,USD,online,False
mNXpe8QpkAIqmrDjkzGZHW4XjgMLX9f95XMea,5NMZw9vZg5IEo8l9PLzmSBgRe7aEdoiJzJVAl,,2024-07-03,,Tectra Inc,500.0,USD,in store,False
vLWzr8EzPlU4agX3Pj5yHWJ93Bno9afgD1nba,5NMZw9vZg5IEo8l9PLzmSBgRe7aEdoiJzJVAl,,2024-07-02,,AUTOMATIC PAYMENT - THANK,2078.5,USD,online,False
9eMpv9qpA6Ia6znZolveSkQeNM5ZelikmgVoe,5NMZw9vZg5IEo8l9PLzmSBgRe7aEdoiJzJVAl,,2024-07-02,KFC,KFC,500.0,USD,in store,False
ygWxa8GxerfjV8Xr3va7uK8ermbMelSoQwWPZ,5NMZw9vZg5IEo8l9PLzmSBgRe7aEdoiJzJVAl,,2024-07-02,,Madison Bicycle Shop,500.0,USD,in store,False
qe1Em8LExAInL94pxdBAhBLDpRNbD4fLqRNMG,VQy8XNb85qF5JMjZDX1gsMRBn164kQIlblkXm,,2024-06-23,,CREDIT CARD 3333 PAYMENT *//,25.0,USD,other,False
L3N7RqL75PT53dqjM1JXsdVngJy6nrfqJElGg,DWz3rdP35Bi5klxAKN9Vsl8N6JmZegCdmdeBo,,2024-06-23,Uber,Uber 063015 SF**POOL**,5.4,USD,online,False
wpXBz8WBjqSVPlg3579ZunLM3RqPMju36mqZ5,AgkrlBarRKfZLznP7dV5uyqBJ56Lw7uMRMwlm,,2024-06-22,,ACH Electronic CreditGUSTO PAY 123456,5850.0,USD,online,False
vLWzr8EzPlU4agX3Pj5yHWJ93Bno9afgD1n1e,wpXBz8WBjqSVPlg3579ZunLjxB1Qb4CMAM9x9,,2024-06-22,,CD DEPOSIT .INITIAL.,1000.0,USD,other,False
RPyLexWL5GS5W76ZAJvps7MxmLnwxJtwQAXNz,5NMZw9vZg5IEo8l9PLzmSBgRe7aEdoiJzJVAl,,2024-06-21,,Touchstone Climbing,78.5,USD,in store,False
p7R8JW183AsznPdL3x7gs51RLkEJRpHbxzE3D,DWz3rdP35Bi5klxAKN9Vsl8N6JmZegCdmdeBo,,2024-06-21,United Airlines,United Airlines,-500.0,USD,in store,False
ojmgRwMgByIrdRwZB3z9FNamZAkzmXi13bk8R,DWz3rdP35Bi5klxAKN9Vsl8N6JmZegCdmdeBo,,2024-06-20,McDonald's,McDonald's,12.0,USD,in store,False
gBaerm4e57TelRk8493yhmDNRJ45NAFPX54qE,DWz3rdP35Bi5klxAKN9Vsl8N6JmZegCdmdeBo,,2024-06-20,Starbucks,Starbucks,4.33,USD,in store,False
87jLx9lLkZsdjWePGXpLcvQPwmqzPrtgy8KjZ,DWz3rdP35Bi5klxAKN9Vsl8N6JmZegCdmdeBo,,2024-06-19,FUN,SparkFun,89.4,USD,in store,False
KBNjel1j5PT58xLwyMX6sxXL5JMoLKCKv1GNQ,VQy8XNb85qF5JMjZDX1gsMRBn164kQIlblkXm,,2024-06-18,,INTRST PYMNT,-4.22,USD,other,False
6PbMw9RM8vS3VpP1Q5mlIe3GlrvyG8UmRebQg,5NMZw9vZg5IEo8l9PLzmSBgRe7aEdoiJzJVAl,,2024-06-08,United Airlines,United Airlines,500.0,USD,in store,False
EABxzkjx53U5dqn4NPl7sq6D5pxoDJsrLm9J9,DWz3rdP35Bi5klxAKN9Vsl8N6JmZegCdmdeBo,,2024-06-06,Uber,Uber 072515 SF**POOL**,6.33,USD,online,False
XMVlNjyl5ruleLd3MBz8tw5bJ7kqbBS9RLPkb,5NMZw9vZg5IEo8l9PLzmSBgRe7aEdoiJzJVAl,,2024-06-03,,Tectra Inc,500.0,USD,in store,False
wpXBz8WBjqSVPlg3579ZunLM3RqPMju36mqzl,5NMZw9vZg5IEo8l9PLzmSBgRe7aEdoiJzJVAl,,2024-06-02,,AUTOMATIC PAYMENT - THANK,2078.5,USD,online,False
VQy8XNb85qF5JMjZDX1gsMRP8yjJPBtoJEpQp,5NMZw9vZg5IEo8l9PLzmSBgRe7aEdoiJzJVAl,,2024-06-02,KFC,KFC,500.0,USD,in store,False
DWz3rdP35Bi5klxAKN9Vsl8EDqQjENi78JEN4,5NMZw9vZg5IEo8l9PLzmSBgRe7aEdoiJzJVAl,,2024-06-02,,Madison Bicycle Shop,500.0,USD,in store,False
rQWlLmpldwF3pKoJdakDIgBpJkaxpmSpv1aMX,VQy8XNb85qF5JMjZDX1gsMRBn164kQIlblkXm,,2024-05-24,,CREDIT CARD 3333 PAYMENT *//,25.0,USD,other,False
WZyEoPmE5kh5l1EMALg8s16vNrM8vEfXGjwK4,DWz3rdP35Bi5klxAKN9Vsl8N6JmZegCdmdeBo,,2024-05-24,Uber,Uber 063015 SF**POOL**,5.4,USD,online,False
5NMZw9vZg5IEo8l9PLzmSBgvQpNZvRfbD83KA,AgkrlBarRKfZLznP7dV5uyqBJ56Lw7uMRMwlm,,2024-05-23,,ACH Electronic CreditGUSTO PAY 123456,5850.0,USD,online,False
RPyLexWL5GS5W76ZAJvps7MxmLnwxJtwQAXAp,wpXBz8WBjqSVPlg3579ZunLjxB1Qb4CMAM9x9,,2024-05-23,,CD DEPOSIT .INITIAL.,1000.0,USD,other,False
5NMZw9vZg5IEo8l9PLzmSBgvQpNZvRfbD83Xg,5NMZw9vZg5IEo8l9PLzmSBgRe7aEdoiJzJVAl,,2024-05-22,,Touchstone Climbing,78.5,USD,in store,False
AgkrlBarRKfZLznP7dV5uyq3KGND3Buav56Ey,DWz3rdP35Bi5klxAKN9Vsl8N6JmZegCdmdeBo,,2024-05-22,United Airlines,United Airlines,-500.0,USD,in store,False
GqxaGNea5du5yrxWQ7mzsrxJD154Jguq4oAyq,DWz3rdP35Bi5klxAKN9Vsl8N6JmZegCdmdeBo,,2024-05-21,McDonald's,McDonald's,12.0,USD,in store,False
nPQoX8ZozASKN56JzkoXHp43JLK13mtZBQKwJ,DWz3rdP35Bi5klxAKN9Vsl8N6JmZegCdmdeBo,,2024-05-21,Starbucks,Starbucks,4.33,USD,in store,False
blz4amB4JyU4m538BPRZHzyQ3kNRQniEw7NQP,DWz3rdP35Bi5klxAKN9Vsl8N6JmZegCdmdeBo,,2024-05-20,FUN,SparkFun,89.4,USD,in store,False
z8wd4DkdQzSk1EdlxZa7SnDLlwaqLBuMGQwmZ,VQy8XNb85qF5JMjZDX1gsMRBn164kQIlblkXm,,2024-05-19,,INTRST PYMNT,-4.22,USD,other,False
JzNPG7MP5Vs5v3xb9ZLms3amLKMXmdF1LkoX1,5NMZw9vZg5IEo8l9PLzmSBgRe7aEdoiJzJVAl,,2024-05-09,United Airlines,United Airlines,500.0,USD,in store,False
mNXpe8QpkAIqmrDjkzGZHW4XjgMLX9f95XMz8,DWz3rdP35Bi5klxAKN9Vsl8N6JmZegCdmdeBo,,2024-05-07,Uber,Uber 072515 SF**POOL**,6.33,USD,online,False
kaQ1e871qAh15XAnqKBdH4MWARymWBuqboz7m,5NMZw9vZg5IEo8l9PLzmSBgRe7aEdoiJzJVAl,,2024-05-04,,Tectra Inc,500.0,USD,in store,False
KBNjel1j5PT58xLwyMX6sxXL5JMoLKCKv1Go3,5NMZw9vZg5IEo8l9PLzmSBgRe7aEdoiJzJVAl,,2024-05-03,,AUTOMATIC PAYMENT - THANK,2078.5,USD,online,False
qe1Em8LExAInL94pxdBAhBLDpRNbD4fLqRNlB,5NMZw9vZg5IEo8l9PLzmSBgRe7aEdoiJzJVAl,,2024-05-03,KFC,KFC,500.0,USD,in store,False
l4QLXyeLKAhlLWmrKv6gt17Pm9EqPXfnvREBN,5NMZw9vZg5IEo8l9PLzmSBgRe7aEdoiJzJVAl,,2024-05-03,,Madison Bicycle Shop,500.0,USD,in store,False
B8Kzq34z6kSEkGq8yaodSMQmLnDdmqtXGgAjq,VQy8XNb85qF5JMjZDX1gsMRBn164kQIlblkXm,,2024-04-24,,CREDIT CARD 3333 PAYMENT *//,25.0,USD,other,False
ygWxa8GxerfjV8Xr3va7uK8ermbMelSoQwWev,DWz3rdP35Bi5klxAKN9Vsl8N6JmZegCdmdeBo,,2024-04-24,Uber,Uber 063015 SF**POOL**,5.4,USD,online,False
JzNPG7MP5Vs5v3xb9ZLms3amLKMXmdF1Lko6q,AgkrlBarRKfZLznP7dV5uyqBJ56Lw7uMRMwlm,,2024-04-23,,ACH Electronic CreditGUSTO PAY 123456,5850.0,USD,online,False
6PbMw9RM8vS3VpP1Q5mlIe3GlrvyG8UmRebe7,wpXBz8WBjqSVPlg3579ZunLjxB1Qb4CMAM9x9,,2024-04-23,,CD DEPOSIT .INITIAL.,1000.0,USD,other,False
rQWlLmpldwF3pKoJdakDIgBpJkaxpmSpv1abq,5NMZw9vZg5IEo8l9PLzmSBgRe7aEdoiJzJVAl,,2024-04-22,,Touchstone Climbing,78.5,USD,in store,False
9eMpv9qpA6Ia6znZolveSkQeNM5ZelikmgVab,DWz3rdP35Bi5klxAKN9Vsl8N6JmZegCdmdeBo,,2024-04-22,United Airlines,United Airlines,-500.0,USD,in store,False
vLWzr8EzPlU4agX3Pj5yHWJ93Bno9afgD1nAL,DWz3rdP35Bi5klxAKN9Vsl8N6JmZegCdmdeBo,,2024-04-21,McDonald's,McDonald's,12.0,USD,in store,False
RPyLexWL5GS5W76ZAJvps7MxmLnwxJtwQAX3m,DWz3rdP35Bi5klxAKN9Vsl8N6JmZegCdmdeBo,,2024-04-21,Starbucks,Starbucks,4.33,USD,in store,False
6PbMw9RM8vS3VpP1Q5mlIe3GlrvyG8UmRebLv,DWz3rdP35Bi5klxAKN9Vsl8N6JmZegCdmdeBo,,2024-04-20,FUN,SparkFun,89.4,USD,in store,False
3aXeW9yepJhRlorb4xgDiERqQZzjq7fQaEMRw,VQy8XNb85qF5JMjZDX1gsMRBn164kQIlblkXm,,2024-04-19,,INTRST PYMNT,-4.22,USD,other,False
9eMpv9qpA6Ia6znZolveSkQeNM5ZelikmgVo7,5NMZw9vZg5IEo8l9PLzmSBgRe7aEdoiJzJVAl,,2024-04-09,United Airlines,United Airlines,500.0,USD,in store,False
XMVlNjyl5ruleLd3MBz8tw5bJ7kqbBS9RLPqB,DWz3rdP35Bi5klxAKN9Vsl8N6JmZegCdmdeBo,,2024-04-07,Uber,Uber 072515 SF**POOL**,6.33,USD,online,False
vLWzr8EzPlU4agX3Pj5yHWJ93Bno9afgD1nb9,5NMZw9vZg5IEo8l9PLzmSBgRe7aEdoiJzJVAl,,2024-04-04,,Tectra Inc,500.0,USD,in store,False
XMVlNjyl5ruleLd3MBz8tw5bJ7kqbBS9RLPje,5NMZw9vZg5IEo8l9PLzmSBgRe7aEdoiJzJVAl,,2024-04-03,,AUTOMATIC PAYMENT - THANK,2078.5,USD,online,False
6PbMw9RM8vS3VpP1Q5mlIe3GlrvyG8UmRebQw,5NMZw9vZg5IEo8l9PLzmSBgRe7aEdoiJzJVAl,,2024-04-03,KFC,KFC,500.0,USD,in store,False
RPyLexWL5GS5W76ZAJvps7MxmLnwxJtwQAXNe,5NMZw9vZg5IEo8l9PLzmSBgRe7aEdoiJzJVAl,,2024-04-03,,Madison Bicycle Shop,500.0,USD,in store,False
xoW3dQA37KcP96vWLerGcDvNWaJdNAukEeJBn,VQy8XNb85qF5JMjZDX1gsMRBn164kQIlblkXm,,2024-03-25,,CREDIT CARD 3333 PAYMENT *//,25.0,USD,other,False
DWz3rdP35Bi5klxAKN9Vsl8EDqQjENi78JEa6,DWz3rdP35Bi5klxAKN9Vsl8N6JmZegCdmdeBo,,2024-03-25,Uber,Uber 063015 SF**POOL**,5.4,USD,online,False
kaQ1e871qAh15XAnqKBdH4MWARymWBuqboz6d,AgkrlBarRKfZLznP7dV5uyqBJ56Lw7uMRMwlm,,2024-03-24,,ACH Electronic CreditGUSTO PAY 123456,5850.0,USD,online,False
XMVlNjyl5ruleLd3MBz8tw5bJ7kqbBS9RLPLm,wpXBz8WBjqSVPlg3579ZunLjxB1Qb4CMAM9x9,,2024-03-24,,CD DEPOSIT .INITIAL.,1000.0,USD,other,False
DWz3rdP35Bi5klxAKN9Vsl8EDqQjENi78JERV,5NMZw9vZg5IEo8l9PLzmSBgRe7aEdoiJzJVAl,,2024-03-23,,Touchstone Climbing,78.5,USD,in store,False
VQy8XNb85qF5JMjZDX1gsMRP8yjJPBtoJEpPx,DWz3rdP35Bi5klxAKN9Vsl8N6JmZegCdmdeBo,,2024-03-23,United Airlines,United Airlines,-500.0,USD,in store,False
wpXBz8WBjqSVPlg3579ZunLM3RqPMju36mqoJ,DWz3rdP35Bi5klxAKN9Vsl8N6JmZegCdmdeBo,,2024-03-22,McDonald's,McDonald's,12.0,USD,in store,False
5NMZw9vZg5IEo8l9PLzmSBgvQpNZvRfbD837W,DWz3rdP35Bi5klxAKN9Vsl8N6JmZegCdmdeBo,,2024-03-22,Starbucks,Starbucks,4.33,USD,in store,False
JzNPG7MP5Vs5v3xb9ZLms3amLKMXmdF1Lkogv,DWz3rdP35Bi5klxAKN9Vsl8N6JmZegCdmdeBo,,2024-03-21,FUN,SparkFun,89.4,USD,in store,False
dK3PlmxP5ZIWmywPxrAKHP7vwVDRvXul3RDaJ,VQy8XNb85qF5JMjZDX1gsMRBn164kQIlblkXm,,2024-03-20,,INTRST PYMNT,-4.22,USD,other,False
VQy8XNb85qF5JMjZDX1gsMRP8yjJPBtoJEpyz,5NMZw9vZg5IEo8l9PLzmSBgRe7aEdoiJzJVAl,,2024-03-10,United Airlines,United Airlines,500.0,USD,in store,False
kaQ1e871qAh15XAnqKBdH4MWARymWBuqbozdK,DWz3rdP35Bi5klxAKN9Vsl8N6JmZegCdmdeBo,,2024-03-08,Uber,Uber 072515 SF**POOL**,6.33,USD,online,False
wpXBz8WBjqSVPlg3579ZunLM3RqPMju36mqR5,5NMZw9vZg5IEo8l9PLzmSBgRe7aEdoiJzJVAl,,2024-03-05,,Tectra Inc,500.0,USD,in store,False
kaQ1e871qAh15XAnqKBdH4MWARymWBuqbozDd,5NMZw9vZg5IEo8l9PLzmSBgRe7aEdoiJzJVAl,,2024-03-04,,AUTOMATIC PAYMENT - THANK,2078.5,USD,online,False
JzNPG7MP5Vs5v3xb9ZLms3amLKMXmdF1LkoMq,5NMZw9vZg5IEo8l9PLzmSBgRe7aEdoiJzJVAl,,2024-03-04,KFC,KFC,500.0,USD,in store,False
5NMZw9vZg5IEo8l9PLzmSBgvQpNZvRfbD83yA,5NMZw9vZg5IEo8l9PLzmSBgRe7aEdoiJzJVAl,,2024-03-04,,Madison Bicycle Shop,500.0,USD,in store,False
aAraEmza57UvBnJDzLXpSWgpJX1qpVfo9D13k,VQy8XNb85qF5JMjZDX1gsMRBn164kQIlblkXm,,2024-02-24,,CREDIT CARD 3333 PAYMENT *//,25.0,USD,other,False
l4QLXyeLKAhlLWmrKv6gt17Pm9EqPXfnvREdd,DWz3rdP35Bi5klxAKN9Vsl8N6JmZegCdmdeBo,,2024-02-24,Uber,Uber 063015 SF**POOL**,5.4,USD,online,False
l4QLXyeLKAhlLWmrKv6gt17Pm9EqPXfnvREo7,AgkrlBarRKfZLznP7dV5uyqBJ56Lw7uMRMwlm,,2024-02-23,,ACH Electronic CreditGUSTO PAY 123456,5850.0,USD,online,False
DWz3rdP35Bi5klxAKN9Vsl8EDqQjENi78JEJ8,wpXBz8WBjqSVPlg3579ZunLjxB1Qb4CMAM9x9,,2024-02-23,,CD DEPOSIT .INITIAL.,1000.0,USD,other,False
l4QLXyeLKAhlLWmrKv6gt17Pm9EqPXfnvREg7,5NMZw9vZg5IEo8l9PLzmSBgRe7aEdoiJzJVAl,,2024-02-22,,Touchstone Climbing,78.5,USD,in store,False
qe1Em8LExAInL94pxdBAhBLDpRNbD4fLqRN7M,DWz3rdP35Bi5klxAKN9Vsl8N6JmZegCdmdeBo,,2024-02-22,United Airlines,United Airlines,-500.0,USD,in store,False
KBNjel1j5PT58xLwyMX6sxXL5JMoLKCKv1GA1,DWz3rdP35Bi5klxAKN9Vsl8N6JmZegCdmdeBo,,2024-02-21,McDonald's,McDonald's,12.0,USD,in store,False
rQWlLmpldwF3pKoJdakDIgBpJkaxpmSpv1a6k,DWz3rdP35Bi5klxAKN9Vsl8N6JmZegCdmdeBo,,2024-02-21,Starbucks,Starbucks,4.33,USD,in store,False
9eMpv9qpA6Ia6znZolveSkQeNM5ZelikmgVQo,DWz3rdP35Bi5klxAKN9Vsl8N6JmZegCdmdeBo,,2024-02-20,FUN,SparkFun,89.4,USD,in store,False
44kQ3J9QoZhEBLQANPVdSzoAWNBlAqi9xLnMn,VQy8XNb85qF5JMjZDX1gsMRBn164kQIlblkXm,,2024-02-19,,INTRST PYMNT,-4.22,USD,other,False
qe1Em8LExAInL94pxdBAhBLDpRNbD4fLqRNPR,5NMZw9vZg5IEo8l9PLzmSBgRe7aEdoiJzJVAl,,2024-02-09,United Airlines,United Airlines,500.0,USD,in store,False
vLWzr8EzPlU4agX3Pj5yHWJ93Bno9afgD1nke,DWz3rdP35Bi5klxAKN9Vsl8N6JmZegCdmdeBo,,2024-02-07,Uber,Uber 072515 SF**POOL**,6.33,USD,online,False
KBNjel1j5PT58xLwyMX6sxXL5JMoLKCKv1GkD,5NMZw9vZg5IEo8l9PLzmSBgRe7aEdoiJzJVAl,,2024-02-04,,Tectra Inc,500.0,USD,in store,False
B8Kzq34z6kSEkGq8yaodSMQmLnDdmqtXGgA5M,5NMZw9vZg5IEo8l9PLzmSBgRe7aEdoiJzJVAl,,2024-02-03,,AUTOMATIC PAYMENT - THANK,2078.5,USD,online,False
z8wd4DkdQzSk1EdlxZa7SnDLlwaqLBuMGQwBB,5NMZw9vZg5IEo8l9PLzmSBgRe7aEdoiJzJVAl,,2024-02-03,KFC,KFC,500.0,USD,in store,False
rQWlLmpldwF3pKoJdakDIgBpJkaxpmSpv1a9b,5NMZw9vZg5IEo8l9PLzmSBgRe7aEdoiJzJVAl,,2024-02-03,,Madison Bicycle Shop,500.0,USD,in store,False
NdjQeroQ5PI5v4aRPpQEs4Wv5AEJvauo1QnK7,VQy8XNb85qF5JMjZDX1gsMRBn164kQIlblkXm,,2024-01-25,,CREDIT CARD 3333 PAYMENT *//,25.0,USD,other,False
RPyLexWL5GS5W76ZAJvps7MxmLnwxJtwQAXbp,DWz3rdP35Bi5klxAKN9Vsl8N6JmZegCdmdeBo,,2024-01-25,Uber,Uber 063015 SF**POOL**,5.4,USD,online,False
qe1Em8LExAInL94pxdBAhBLDpRNbD4fLqRNrR,AgkrlBarRKfZLznP7dV5uyqBJ56Lw7uMRMwlm,,2024-01-24,,ACH Electronic CreditGUSTO PAY 123456,5850.0,USD,online,False
VQy8XNb85qF5JMjZDX1gsMRP8yjJPBtoJEpE8,wpXBz8WBjqSVPlg3579ZunLjxB1Qb4CMAM9x9,,2024-01-24,,CD DEPOSIT .INITIAL.,1000.0,USD,other,False
3aXeW9yepJhRlorb4xgDiERqQZzjq7fQaEMby,5NMZw9vZg5IEo8l9PLzmSBgRe7aEdoiJzJVAl,,2024-01-23,,Touchstone Climbing,78.5,USD,in store,False
6PbMw9RM8vS3VpP1Q5mlIe3GlrvyG8UmRebX7,DWz3rdP35Bi5klxAKN9Vsl8N6JmZegCdmdeBo,,2024-01-23,United Airlines,United Airlines,-500.0,USD,in store,False
XMVlNjyl5ruleLd3MBz8tw5bJ7kqbBS9RLPnm,DWz3rdP35Bi5klxAKN9Vsl8N6JmZegCdmdeBo,,2024-01-22,McDonald's,McDonald's,12.0,USD,in store,False
DWz3rdP35Bi5klxAKN9Vsl8EDqQjENi78JEa8,DWz3rdP35Bi5klxAKN9Vsl8N6JmZegCdmdeBo,,2024-01-22,Starbucks,Starbucks,4.33,USD,in store,False
VQy8XNb85qF5JMjZDX1gsMRP8yjJPBtoJEpP8,DWz3rdP35Bi5klxAKN9Vsl8N6JmZegCdmdeBo,,2024-01-21,FUN,SparkFun,89.4,USD,in store,False
P4ZMyB8M57h5BPwQMg4psPM85oRD8au84AQvJ,VQy8XNb85qF5JMjZDX1gsMRBn164kQIlblkXm,,2024-01-20,,INTRST PYMNT,-4.22,USD,other,False
xoW3dQA37KcP96vWLerGcDvNWaJdNAukEeJP3,5NMZw9vZg5IEo8l9PLzmSBgRe7aEdoiJzJVAl,,2024-01-10,United Airlines,United Airlines,500.0,USD,in store,False
wpXBz8WBjqSVPlg3579ZunLM3RqPMju36mqov,DWz3rdP35Bi5klxAKN9Vsl8N6JmZegCdmdeBo,,2024-01-08,Uber,Uber 072515 SF**POOL**,6.33,USD,online,False
dK3PlmxP5ZIWmywPxrAKHP7vwVDRvXul3RDz3,5NMZw9vZg5IEo8l9PLzmSBgRe7aEdoiJzJVAl,,2024-01-05,,Tectra Inc,500.0,USD,in store,False
NdjQeroQ5PI5v4aRPpQEs4Wv5AEJvauo1Qnp3,5NMZw9vZg5IEo8l9PLzmSBgRe7aEdoiJzJVAl,,2024-01-04,,AUTOMATIC PAYMENT - THANK,2078.5,USD,online,False
44kQ3J9QoZhEBLQANPVdSzoAWNBlAqi9xLnVe,5NMZw9vZg5IEo8l9PLzmSBgRe7aEdoiJzJVAl,,2024-01-04,KFC,KFC,500.0,USD,in store,False
aAraEmza57UvBnJDzLXpSWgpJX1qpVfo9D1JW,5NMZw9vZg5IEo8l9PLzmSBgRe7aEdoiJzJVAl,,2024-01-04,,Madison Bicycle Shop,500.0,USD,in store,False
jdmMe8jMl7IAjgmoDqE1SW17mxZ47efx3aZAx,VQy8XNb85qF5JMjZDX1gsMRBn164kQIlblkXm,,2023-12-26,,CREDIT CARD 3333 PAYMENT *//,25.0,USD,other,False
5NMZw9vZg5IEo8l9PLzmSBgvQpNZvRfbD837v,DWz3rdP35Bi5klxAKN9Vsl8N6JmZegCdmdeBo,,2023-12-26,Uber,Uber 063015 SF**POOL**,5.4,USD,online,False
KBNjel1j5PT58xLwyMX6sxXL5JMoLKCKv1GpD,AgkrlBarRKfZLznP7dV5uyqBJ56Lw7uMRMwlm,,2023-12-25,,ACH Electronic CreditGUSTO PAY 123456,5850.0,USD,online,False
wpXBz8WBjqSVPlg3579ZunLM3RqPMju36mqmv,wpXBz8WBjqSVPlg3579ZunLjxB1Qb4CMAM9x9,,2023-12-25,,CD DEPOSIT .INITIAL.,1000.0,USD,other,False
P4ZMyB8M57h5BPwQMg4psPM85oRD8au84AQ5e,5NMZw9vZg5IEo8l9PLzmSBgRe7aEdoiJzJVAl,,2023-12-24,,Touchstone Climbing,78.5,USD,in store,False
JzNPG7MP5Vs5v3xb9ZLms3amLKMXmdF1Lkogy,DWz3rdP35Bi5klxAKN9Vsl8N6JmZegCdmdeBo,,2023-12-24,United Airlines,United Airlines,-500.0,USD,in store,False
kaQ1e871qAh15XAnqKBdH4MWARymWBuqbozdQ,DWz3rdP35Bi5klxAKN9Vsl8N6JmZegCdmdeBo,,2023-12-23,McDonald's,McDonald's,12.0,USD,in store,False
l4QLXyeLKAhlLWmrKv6gt17Pm9EqPXfnvREdW,DWz3rdP35Bi5klxAKN9Vsl8N6JmZegCdmdeBo,,2023-12-23,Starbucks,Starbucks,4.33,USD,in store,False
qe1Em8LExAInL94pxdBAhBLDpRNbD4fLqRN7G,DWz3rdP35Bi5klxAKN9Vsl8N6JmZegCdmdeBo,,2023-12-22,FUN,SparkFun,89.4,USD,in store,False
7j51J961EXIEaxBy7q3oSxEn8PmZnAC6GxMpw,VQy8XNb85qF5JMjZDX1gsMRBn164kQIlblkXm,,2023-12-21,,INTRST PYMNT,-4.22,USD,other,False
jdmMe8jMl7IAjgmoDqE1SW17mxZ47efx3aZmM,5NMZw9vZg5IEo8l9PLzmSBgRe7aEdoiJzJVAl,,2023-12-11,United Airlines,United Airlines,500.0,USD,in store,False
KBNjel1j5PT58xLwyMX6sxXL5JMoLKCKv1GAQ,DWz3rdP35Bi5klxAKN9Vsl8N6JmZegCdmdeBo,,2023-12-09,Uber,Uber 072515 SF**POOL**,6.33,USD,online,False
7j51J961EXIEaxBy7q3oSxEn8PmZnAC6GxMyQ,5NMZw9vZg5IEo8l9PLzmSBgRe7aEdoiJzJVAl,,2023-12-06,,Tectra Inc,500.0,USD,in store,False
ZLyKxmvK5BUK5oNGAb8pHgQvpDrev5SPjGrmv,5NMZw9vZg5IEo8l9PLzmSBgRe7aEdoiJzJVAl,,2023-12-05,,AUTOMATIC PAYMENT - THANK,2078.5,USD,online,False
QNG1e3E15ZI51jDmAWKrsjL8Dkvp8liZdD36V,5NMZw9vZg5IEo8l9PLzmSBgRe7aEdoiJzJVAl,,2023-12-05,KFC,KFC,500.0,USD,in store,False
erxjqmdj5wsjx9qpdWeluXepq17RpbFJwm7BQ,5NMZw9vZg5IEo8l9PLzmSBgRe7aEdoiJzJVAl,,2023-12-05,,Madison Bicycle Shop,500.0,USD,in store,False
erxjqmdj5wsjx9qpdWeluXepq17RpbFJwm7kP,VQy8XNb85qF5JMjZDX1gsMRBn164kQIlblkXm,,2023-11-26,,CREDIT CARD 3333 PAYMENT *//,25.0,USD,other,False
rQWlLmpldwF3pKoJdakDIgBpJkaxpmSpv1a6X,DWz3rdP35Bi5klxAKN9Vsl8N6JmZegCdmdeBo,,2023-11-26,Uber,Uber 063015 SF**POOL**,5.4,USD,online,False
rQWlLmpldwF3pKoJdakDIgBpJkaxpmSpv1aJb,AgkrlBarRKfZLznP7dV5uyqBJ56Lw7uMRMwlm,,2023-11-25,,ACH Electronic CreditGUSTO PAY 123456,5850.0,USD,online,False
5NMZw9vZg5IEo8l9PLzmSBgvQpNZvRfbD838v,wpXBz8WBjqSVPlg3579ZunLjxB1Qb4CMAM9x9,,2023-11-25,,CD DEPOSIT .INITIAL.,1000.0,USD,other,False
MxNe1Kpe5PU5yaBGNLEzsaBd8vKXdAfNo1epA,5NMZw9vZg5IEo8l9PLzmSBgRe7aEdoiJzJVAl,,2023-11-24,,Touchstone Climbing,78.5,USD,in store,False
z8wd4DkdQzSk1EdlxZa7SnDLlwaqLBuMGQwLZ,DWz3rdP35Bi5klxAKN9Vsl8N6JmZegCdmdeBo,,2023-11-24,United Airlines,United Airlines,-500.0,USD,in store,False
B8Kzq34z6kSEkGq8yaodSMQmLnDdmqtXGgA8q,DWz3rdP35Bi5klxAKN9Vsl8N6JmZegCdmdeBo,,2023-11-23,McDonald's,McDonald's,12.0,USD,in store,False
3aXeW9yepJhRlorb4xgDiERqQZzjq7fQaEMnw,DWz3rdP35Bi5klxAKN9Vsl8N6JmZegCdmdeBo,,2023-11-23,Starbucks,Starbucks,4.33,USD,in store,False
xoW3dQA37KcP96vWLerGcDvNWaJdNAukEeJVn,DWz3rdP35Bi5klxAKN9Vsl8N6JmZegCdmdeBo,,2023-11-22,FUN,SparkFun,89.4,USD,in store,False
QNG1e3E15ZI51jDmAWKrsjL8Dkvp8liZdD3eR,VQy8XNb85qF5JMjZDX1gsMRBn164kQIlblkXm,,2023-11-21,,INTRST PYMNT,-4.22,USD,other,False
1xMje9bj1WUqKa8WXDG6HrqkgydVk3uNwrZXb,5NMZw9vZg5IEo8l9PLzmSBgRe7aEdoiJzJVAl,,2023-11-11,United Airlines,United Airlines,500.0,USD,in store,False
dK3PlmxP5ZIWmywPxrAKHP7vwVDRvXul3RDQJ,DWz3rdP35Bi5klxAKN9Vsl8N6JmZegCdmdeBo,,2023-11-09,Uber,Uber 072515 SF**POOL**,6.33,USD,online,False
L3N7RqL75PT53dqjM1JXsdVngJy6nrfqJElKL,5NMZw9vZg5IEo8l9PLzmSBgRe7aEdoiJzJVAl,,2023-11-06,,Tectra Inc,500.0,USD,in store,False
gBaerm4e57TelRk8493yhmDNRJ45NAFPX54RL,5NMZw9vZg5IEo8l9PLzmSBgRe7aEdoiJzJVAl,,2023-11-05,,AUTOMATIC PAYMENT - THANK,2078.5,USD,online,False
ojmgRwMgByIrdRwZB3z9FNamZAkzmXi13bk5o,5NMZw9vZg5IEo8l9PLzmSBgRe7aEdoiJzJVAl,,2023-11-05,KFC,KFC,500.0,USD,in store,False
p7R8JW183AsznPdL3x7gs51RLkEJRpHbxzEjL,5NMZw9vZg5IEo8l9PLzmSBgRe7aEdoiJzJVAl,,2023-11-05,,Madison Bicycle Shop,500.0,USD,in store,False
ZLyKxmvK5BUK5oNGAb8pHgQvpDrev5SPjGrlk,VQy8XNb85qF5JMjZDX1gsMRBn164kQIlblkXm,,2023-10-27,,CREDIT CARD 3333 PAYMENT *//,25.0,USD,other,False
aAraEmza57UvBnJDzLXpSWgpJX1qpVfo9D1Qk,DWz3rdP35Bi5klxAKN9Vsl8N6JmZegCdmdeBo,,2023-10-27,Uber,Uber 063015 SF**POOL**,5.4,USD,online,False
z8wd4DkdQzSk1EdlxZa7SnDLlwaqLBuMGQwNB,AgkrlBarRKfZLznP7dV5uyqBJ56Lw7uMRMwlm,,2023-10-26,,ACH Electronic CreditGUSTO PAY 123456,5850.0,USD,online,False
JzNPG7MP5Vs5v3xb9ZLms3amLKMXmdF1Lkoky,wpXBz8WBjqSVPlg3579ZunLjxB1Qb4CMAM9x9,,2023-10-26,,CD DEPOSIT .INITIAL.,1000.0,USD,other,False
87jLx9lLkZsdjWePGXpLcvQPwmqzPrtgy8KpK,5NMZw9vZg5IEo8l9PLzmSBgRe7aEdoiJzJVAl,,2023-10-25,,Touchstone Climbing,78.5,USD,in store,False
44kQ3J9QoZhEBLQANPVdSzoAWNBlAqi9xLnAn,DWz3rdP35Bi5klxAKN9Vsl8N6JmZegCdmdeBo,,2023-10-25,United Airlines,United Airlines,-500.0,USD,in store,False
NdjQeroQ5PI5v4aRPpQEs4Wv5AEJvauo1Qn57,DWz3rdP35Bi5klxAKN9Vsl8N6JmZegCdmdeBo,,2023-10-24,McDonald's,McDonald's,12.0,USD,in store,False
P4ZMyB8M57h5BPwQMg4psPM85oRD8au84AQWJ,DWz3rdP35Bi5klxAKN9Vsl8N6JmZegCdmdeBo,,2023-10-24,Starbucks,Starbucks,4.33,USD,in store,False
jdmMe8jMl7IAjgmoDqE1SW17mxZ47efx3aZLx,DWz3rdP35Bi5klxAKN9Vsl8N6JmZegCdmdeBo,,2023-10-23,FUN,SparkFun,89.4,USD,in store,False
MxNe1Kpe5PU5yaBGNLEzsaBd8vKXdAfNo1eyw,VQy8XNb85qF5JMjZDX1gsMRBn164kQIlblkXm,,2023-10-22,,INTRST PYMNT,-4.22,USD,other,False
qKpZrG3yo3c4moAbq3JacBLQev8PyjiLqRNWE,y4zENX7nR7UXKB76ZznycK8re41kjZH43qJnp,,2025-10-12,FUN,SparkFun,89.4,USD,in store,False
doazWkL69LIwBlK6p7nasP7z9gKWe6il3RDNd,9PNm1azEjzSnKAe8E1gyHkQNer64Xjh4GW7yJ,,2025-10-11,,INTRST PYMNT,-4.22,USD,other,False
NlbZzBEDyEhadzEBg8xlU4WV7yrexLco1QnZW,RzXpdaKDAKT6XdpVGPNzt7MmxKDQGpsalv6k6,,2025-10-01,United Airlines,United Airlines,500.0,USD,in store,False
Kb97qKoDWohLKq6knAzQUxXNylRpvGCKv1G89,y4zENX7nR7UXKB76ZznycK8re41kjZH43qJnp,,2025-09-29,Uber,Uber 072515 SF**POOL**,6.33,USD,online,False
PKX13xlDAlcwR3pErLa9sPMLlNz1wWi84AQdo,RzXpdaKDAKT6XdpVGPNzt7MmxKDQGpsalv6k6,,2025-09-26,,Tectra Inc,500.0,USD,in store,False
egQBAGpWDpCqEPl3b7JvhXeVdKQPaWCJwm7DV,RzXpdaKDAKT6XdpVGPNzt7MmxKDQGpsalv6k6,,2025-09-25,,AUTOMATIC PAYMENT - THANK,2078.5,USD,online,False
743nZxKDNKUBJAoQN6g9sxE397VMpeC6GxMQM,RzXpdaKDAKT6XdpVGPNzt7MmxKDQGpsalv6k6,,2025-09-25,KFC,KFC,500.0,USD,in store,False
jGX4y9Wn6WCmW71M3RepSW1Jywd6bzHx3aZ4v,RzXpdaKDAKT6XdpVGPNzt7MmxKDQGpsalv6k6,,2025-09-25,,Madison Bicycle Shop,500.0,USD,in store,False
a1yqg8ZbGZcJGdpNaRW3UWgRoNL7EvHo9D14p,9PNm1azEjzSnKAe8E1gyHkQNer64Xjh4GW7yJ,,2025-09-16,,CREDIT CARD 3333 PAYMENT *//,25.0,USD,other,False
rryMzGxnoxTogZD9qAjNUgBAbW4rLlSpv1awP,y4zENX7nR7UXKB76ZznycK8re41kjZH43qJnp,,2025-09-16,Uber,Uber 063015 SF**POOL**,5.4,USD,online,False
ZPDnQZ4WA4SNBQpyJxv9ugQwRKq3AWSPjGrLP,6aNGQ3qE4qUPgAlJyZ6kce3lG1PEQLu89oEKV,,2025-09-15,,ACH Electronic CreditGUSTO PAY 123456,5850.0,USD,online,False
4xjW7zR5dRsQvodWJyZnhzoVmMjQ38u9xLn5g,vx9odwNnJNsXWKylDRepcWJ39gml8Gtqz3Le4,,2025-09-15,,CD DEPOSIT .INITIAL.,1000.0,USD,other,False
QrgLxdqDAqTDVxrQGPv9HjL69PR1nJcZdD3oz,RzXpdaKDAKT6XdpVGPNzt7MmxKDQGpsalv6k6,,2025-09-14,,Touchstone Climbing,78.5,USD,in store,False
zNxWPGeX1eId6y7DomVpcnDMeZvQN8uMGQwaa,y4zENX7nR7UXKB76ZznycK8re41kjZH43qJnp,,2025-09-14,United Airlines,United Airlines,-500.0,USD,in store,False
BpdBGMjbWjhqgjdZQrMxhMQoBazyr4TXGgAyE,y4zENX7nR7UXKB76ZznycK8re41kjZH43qJnp,,2025-09-13,McDonald's,McDonald's,12.0,USD,in store,False
33wEjrRAxRurV1DEZ6XJiERD3nWrKoFQaEMJx,y4zENX7nR7UXKB76ZznycK8re41kjZH43qJnp,,2025-09-13,Starbucks,Starbucks,4.33,USD,in store,False
xaw84GjnmjUvDzGqQBJpiDvGMXlLjEukEeJwZ,y4zENX7nR7UXKB76ZznycK8re41kjZH43qJnp,,2025-09-12,FUN,SparkFun,89.4,USD,in store,False
PKX13xlDAlcwR3pErLa9sPMKzZnPrVtoAJEZB,9PNm1azEjzSnKAe8E1gyHkQNer64Xjh4GW7yJ,,2025-09-11,,INTRST PYMNT,-4.22,USD,other,False
bLQKkGMWoMI3qQZoM7AehzymjKvzMDCm7zgqV,RzXpdaKDAKT6XdpVGPNzt7MmxKDQGpsalv6k6,,2025-09-01,,United Airlines,500.0,USD,other,False
1z3gNqREBRT8xo6gPjLJCrqvKxPrE1ipr3bBZ,y4zENX7nR7UXKB76ZznycK8re41kjZH43qJnp,,2025-08-30,,Uber 072515 SF**POOL**,6.33,USD,other,False
mmZjRGKnwKIDW6ZL5KaMHW4wANQWJ5tgXPRJg,RzXpdaKDAKT6XdpVGPNzt7MmxKDQGpsalv6k6,,2025-08-27,,Tectra Inc,500.0,USD,other,False
vx9odwNnJNsXWKylDRepcWJyVxpW8Dtq1laRX,RzXpdaKDAKT6XdpVGPNzt7MmxKDQGpsalv6k6,,2025-08-26,,AUTOMATIC PAYMENT - THANK,2078.5,USD,other,False
9PNm1azEjzSnKAe8E1gyHkQBGL3kXwH4gnzDV,RzXpdaKDAKT6XdpVGPNzt7MmxKDQGpsalv6k6,,2025-08-26,,KFC,500.0,USD,other,False
y4zENX7nR7UXKB76ZznycK8Bgd9KjQu4w5kAK,RzXpdaKDAKT6XdpVGPNzt7MmxKDQGpsalv6k6,,2025-08-26,,Madison Bicycle Shop,500.0,USD,other,False
jGX4y9Wn6WCmW71M3RepSW1Nd9LW83t6awoqN,9PNm1azEjzSnKAe8E1gyHkQNer64Xjh4GW7yJ,,2025-08-17,,CREDIT CARD 3333 PAYMENT *//,25.0,USD,other,False
LmyeKrkDwkIq7KXgRpBmhdVZv1mdR9ukEogw9,y4zENX7nR7UXKB76ZznycK8re41kjZH43qJnp,,2025-08-17,,Uber 063015 SF**POOL**,5.4,USD,other,False
olNeqGznozhwNk95JAm6sNaqD57NVJiobr4Qv,6aNGQ3qE4qUPgAlJyZ6kce3lG1PEQLu89oEKV,,2025-08-16,,ACH Electronic CreditGUSTO PAY 123456,5850.0,USD,other,False
qKpZrG3yo3c4moAbq3JacBLl8mrB7qCgRo87b,vx9odwNnJNsXWKylDRepcWJ39gml8Gtqz3Le4,,2025-08-16,,CD DEPOSIT .INITIAL.,1000.0,USD,other,False
RzXpdaKDAKT6XdpVGPNzt7M8eNB7GWHaAJ74J,RzXpdaKDAKT6XdpVGPNzt7MmxKDQGpsalv6k6,,2025-08-15,,Touchstone Climbing,78.5,USD,other,False
pqpQKyBnmBTd5kgJ9BAWc5187635B9Upzk9ak,y4zENX7nR7UXKB76ZznycK8re41kjZH43qJnp,,2025-08-15,,United Airlines,-500.0,USD,other,False
olNeqGznozhwNk95JAm6sNaqD57NVJiobr4E1,y4zENX7nR7UXKB76ZznycK8re41kjZH43qJnp,,2025-08-14,,McDonald's,12.0,USD,other,False
gEZxnGgW6gSkoNyq1DAPsmDMrPKmQESE5rjWy,y4zENX7nR7UXKB76ZznycK8re41kjZH43qJnp,,2025-08-14,,Starbucks,4.33,USD,other,False
8NVbMdrEPrIeDrLVQy98hvQg1A3vNlcW8zvq5,y4zENX7nR7UXKB76ZznycK8re41kjZH43qJnp,,2025-08-13,,SparkFun,89.4,USD,other,False
743nZxKDNKUBJAoQN6g9sxE4VWLxkvidxj4L7,9PNm1azEjzSnKAe8E1gyHkQNer64Xjh4GW7yJ,,2025-08-12,,INTRST PYMNT,-4.22,USD,other,False
6aNGQ3qE4qUPgAlJyZ6kce3o9WNeQAS8eGj3m,RzXpdaKDAKT6XdpVGPNzt7MmxKDQGpsalv6k6,,2025-08-02,,United Airlines,500.0,USD,other,False
E8EdmpQDWQhn6G7gZwAmHq64GrMqQVc4mVZb3,y4zENX7nR7UXKB76ZznycK8re41kjZH43qJnp,,2025-07-31,,Uber 072515 SF**POOL**,6.33,USD,other,False
X4EA7edWRdUdo78QKEZ4cw5VG8awKNTbLypED,RzXpdaKDAKT6XdpVGPNzt7MmxKDQGpsalv6k6,,2025-07-28,,Tectra Inc,500.0,USD,other,False
wd9kaGPm1PSgqyZR6D1EHnLGw4Vno6uPmLAVd,RzXpdaKDAKT6XdpVGPNzt7MmxKDQGpsalv6k6,,2025-07-27,,AUTOMATIC PAYMENT - THANK,2078.5,USD,other,False
VdGEPj3Dm3SjrPgaNoedfMRwDQrMNbS9ERbdN,RzXpdaKDAKT6XdpVGPNzt7MmxKDQGpsalv6k6,,2025-07-27,,KFC,500.0,USD,other,False
DgjkbLeDGeCxGbVdaremfl8a5grldBF3JnmQd,RzXpdaKDAKT6XdpVGPNzt7MmxKDQGpsalv6k6,,2025-07-27,,Madison Bicycle Shop,500.0,USD,other,False
egQBAGpWDpCqEPl3b7JvhXekQm8X6jtrmEy1A,9PNm1azEjzSnKAe8E1gyHkQNer64Xjh4GW7yJ,,2025-07-18,,CREDIT CARD 3333 PAYMENT *//,25.0,USD,other,False
WagWj7xDAxUEp68zeKQaU16Jo3Q1eDU6jvoga,y4zENX7nR7UXKB76ZznycK8re41kjZH43qJnp,,2025-07-18,,Uber 063015 SF**POOL**,5.4,USD,other,False
gEZxnGgW6gSkoNyq1DAPsmDMrPKmQESE5rjN9,6aNGQ3qE4qUPgAlJyZ6kce3lG1PEQLu89oEKV,,2025-07-17,,ACH Electronic CreditGUSTO PAY 123456,5850.0,USD,other,False
Kb97qKoDWohLKq6knAzQUxXrR1jxnWiR1ngNz,vx9odwNnJNsXWKylDRepcWJ39gml8Gtqz3Le4,,2025-07-17,,CD DEPOSIT .INITIAL.,1000.0,USD,other,False
5dGAeBlmalSlGAmV1WnbuBgP3o8BrmC58gzde,RzXpdaKDAKT6XdpVGPNzt7MmxKDQGpsalv6k6,,2025-07-16,,Touchstone Climbing,78.5,USD,other,False
ALbzAZPEWPInBA5wgQJ3Hyqxj7kyd4t95yRzK,y4zENX7nR7UXKB76ZznycK8re41kjZH43qJnp,,2025-07-16,,United Airlines,-500.0,USD,other,False
GWB49gMD6MfxAMz6kRlPfrxnePLrkVi6o8JkV,y4zENX7nR7UXKB76ZznycK8re41kjZH43qJnp,,2025-07-15,,McDonald's,12.0,USD,other,False
ny17lGrn9rS6p8X1Br4Dtp4zRErpQBuAQEPvL,y4zENX7nR7UXKB76ZznycK8re41kjZH43qJnp,,2025-07-15,,Starbucks,4.33,USD,other,False
bLQKkGMWoMI3qQZoM7AehzymjKvzMDCm7zg8A,y4zENX7nR7UXKB76ZznycK8re41kjZH43qJnp,,2025-07-14,,SparkFun,89.4,USD,other,False
QrgLxdqDAqTDVxrQGPv9HjLrRVWj4bfwDzrEy,9PNm1azEjzSnKAe8E1gyHkQNer64Xjh4GW7yJ,,2025-07-13,,INTRST PYMNT,-4.22,USD,other,False
JnRjlqpDWpHxJlm6Rgref3a7vDG3RBfBkZpJl,RzXpdaKDAKT6XdpVGPNzt7MmxKDQGpsalv6k6,,2025-07-03,,United Airlines,500.0,USD,other,False
mmZjRGKnwKIDW6ZL5KaMHW4wANQWJ5tgXPR6q,y4zENX7nR7UXKB76ZznycK8re41kjZH43qJnp,,2025-07-01,,Uber 072515 SF**POOL**,6.33,USD,other,False
knjN96lWolHAaMdmblxQh4MrneP4kbtLowrpy,RzXpdaKDAKT6XdpVGPNzt7MmxKDQGpsalv6k6,,2025-06-28,,Tectra Inc,500.0,USD,other,False
Kb97qKoDWohLKq6knAzQUxXrR1jxnWiR1ng1z,RzXpdaKDAKT6XdpVGPNzt7MmxKDQGpsalv6k6,,2025-06-27,,AUTOMATIC PAYMENT - THANK,2078.5,USD,other,False
qKpZrG3yo3c4moAbq3JacBLl8mrB7qCgRo8Mb,RzXpdaKDAKT6XdpVGPNzt7MmxKDQGpsalv6k6,,2025-06-27,,KFC,500.0,USD,other,False
lb5PvGknokhm1Dgq5kdAS17kQvR1JrUpRJ17P,RzXpdaKDAKT6XdpVGPNzt7MmxKDQGpsalv6k6,,2025-06-27,,Madison Bicycle Shop,500.0,USD,other,False
ZPDnQZ4WA4SNBQpyJxv9ugQPqaEg1XueGznX7,9PNm1azEjzSnKAe8E1gyHkQNer64Xjh4GW7yJ,,2025-06-18,,CREDIT CARD 3333 PAYMENT *//,25.0,USD,other,False
y4zENX7nR7UXKB76ZznycK8Bgd9KjQu4w5klE,y4zENX7nR7UXKB76ZznycK8re41kjZH43qJnp,,2025-06-18,,Uber 063015 SF**POOL**,5.4,USD,other,False
8NVbMdrEPrIeDrLVQy98hvQg1A3vNlcW8zv7e,6aNGQ3qE4qUPgAlJyZ6kce3lG1PEQLu89oEKV,,2025-06-17,,ACH Electronic CreditGUSTO PAY 123456,5850.0,USD,other,False
rryMzGxnoxTogZD9qAjNUgBw4jVgDqu71oLMj,vx9odwNnJNsXWKylDRepcWJ39gml8Gtqz3Le4,,2025-06-17,,CD DEPOSIT .INITIAL.,1000.0,USD,other,False
rryMzGxnoxTogZD9qAjNUgBw4jVgDqu71oL1j,RzXpdaKDAKT6XdpVGPNzt7MmxKDQGpsalv6k6,,2025-06-16,,Touchstone Climbing,78.5,USD,other,False
9PNm1azEjzSnKAe8E1gyHkQBGL3kXwH4gnz5A,y4zENX7nR7UXKB76ZznycK8re41kjZH43qJnp,,2025-06-16,,United Airlines,-500.0,USD,other,False
vx9odwNnJNsXWKylDRepcWJyVxpW8Dtq1laEr,y4zENX7nR7UXKB76ZznycK8re41kjZH43qJnp,,2025-06-15,,McDonald's,12.0,USD,other,False
RzXpdaKDAKT6XdpVGPNzt7M8eNB7GWHaAJ7BB,y4zENX7nR7UXKB76ZznycK8re41kjZH43qJnp,,2025-06-15,,Starbucks,4.33,USD,other,False
6aNGQ3qE4qUPgAlJyZ6kce3o9WNeQAS8eGjyp,y4zENX7nR7UXKB76ZznycK8re41kjZH43qJnp,,2025-06-14,,SparkFun,89.4,USD,other,False
MyGQrz8DV8SB8rzJjg3MsaBVnz5ajDCL1zbP3,9PNm1azEjzSnKAe8E1gyHkQNer64Xjh4GW7yJ,,2025-06-13,,INTRST PYMNT,-4.22,USD,other,False
zNxWPGeX1eId6y7DomVpcnDVvJXnyoulQqDQp,RzXpdaKDAKT6XdpVGPNzt7MmxKDQGpsalv6k6,,2025-06-03,,United Airlines,500.0,USD,other,False
X4EA7edWRdUdo78QKEZ4cw5VG8awKNTbLyp3q,y4zENX7nR7UXKB76ZznycK8re41kjZH43qJnp,,2025-06-01,,Uber 072515 SF**POOL**,6.33,USD,other,False
BpdBGMjbWjhqgjdZQrMxhMQ9zP1MWwS4gZqgQ,RzXpdaKDAKT6XdpVGPNzt7MmxKDQGpsalv6k6,,2025-05-29,,Tectra Inc,500.0,USD,other,False
doazWkL69LIwBlK6p7nasP7qKLmPpatJRGoRQ,RzXpdaKDAKT6XdpVGPNzt7MmxKDQGpsalv6k6,,2025-05-28,,AUTOMATIC PAYMENT - THANK,2078.5,USD,other,False
xaw84GjnmjUvDzGqQBJpiDvylwzDpQu6eNmev,RzXpdaKDAKT6XdpVGPNzt7MmxKDQGpsalv6k6,,2025-05-28,,KFC,500.0,USD,other,False
33wEjrRAxRurV1DEZ6XJiER6W5bEydfZEPGEe,RzXpdaKDAKT6XdpVGPNzt7MmxKDQGpsalv6k6,,2025-05-28,,Madison Bicycle Shop,500.0,USD,other,False
1z3gNqREBRT8xo6gPjLJCrqvKxPrE1ipr3beB,9PNm1azEjzSnKAe8E1gyHkQNer64Xjh4GW7yJ,,2025-05-19,,CREDIT CARD 3333 PAYMENT *//,25.0,USD,other,False
DgjkbLeDGeCxGbVdaremfl8a5grldBF3Jnmka,y4zENX7nR7UXKB76ZznycK8re41kjZH43qJnp,,2025-05-19,,Uber 063015 SF**POOL**,5.4,USD,other,False
E8EdmpQDWQhn6G7gZwAmHq64GrMqQVc4mVZ8d,6aNGQ3qE4qUPgAlJyZ6kce3lG1PEQLu89oEKV,,2025-05-18,,ACH Electronic CreditGUSTO PAY 123456,5850.0,USD,other,False
zNxWPGeX1eId6y7DomVpcnDVvJXnyoulQqDmp,vx9odwNnJNsXWKylDRepcWJ39gml8Gtqz3Le4,,2025-05-18,,CD DEPOSIT .INITIAL.,1000.0,USD,other,False
a1yqg8ZbGZcJGdpNaRW3UWgPLzrWabtZDPpD3,RzXpdaKDAKT6XdpVGPNzt7MmxKDQGpsalv6k6,,2025-05-17,,Touchstone Climbing,78.5,USD,other,False
VdGEPj3Dm3SjrPgaNoedfMRwDQrMNbS9ERbwd,y4zENX7nR7UXKB76ZznycK8re41kjZH43qJnp,,2025-05-17,,United Airlines,-500.0,USD,other,False
wd9kaGPm1PSgqyZR6D1EHnLGw4Vno6uPmLA5m,y4zENX7nR7UXKB76ZznycK8re41kjZH43qJnp,,2025-05-16,,McDonald's,12.0,USD,other,False
5dGAeBlmalSlGAmV1WnbuBgP3o8BrmC58gzWQ,y4zENX7nR7UXKB76ZznycK8re41kjZH43qJnp,,2025-05-16,,Starbucks,4.33,USD,other,False
JnRjlqpDWpHxJlm6Rgref3a7vDG3RBfBkZp9X,y4zENX7nR7UXKB76ZznycK8re41kjZH43qJnp,,2025-05-15,,SparkFun,89.4,USD,other,False
LmyeKrkDwkIq7KXgRpBmhdVZv1mdR9ukEogpR,9PNm1azEjzSnKAe8E1gyHkQNer64Xjh4GW7yJ,,2025-05-14,,INTRST PYMNT,-4.22,USD,other,False
4xjW7zR5dRsQvodWJyZnhzoKjexzynCJLk8LL,RzXpdaKDAKT6XdpVGPNzt7MmxKDQGpsalv6k6,,2025-05-04,,United Airlines,500.0,USD,other,False
knjN96lWolHAaMdmblxQh4MrneP4kbtLowrXD,y4zENX7nR7UXKB76ZznycK8re41kjZH43qJnp,,2025-05-02,,Uber 072515 SF**POOL**,6.33,USD,other,False
NlbZzBEDyEhadzEBg8xlU4Wnr3z4g6tyQxLQA,RzXpdaKDAKT6XdpVGPNzt7MmxKDQGpsalv6k6,,2025-04-29,,Tectra Inc,500.0,USD,other,False
743nZxKDNKUBJAoQN6g9sxE4VWLxkvidxj4xJ,RzXpdaKDAKT6XdpVGPNzt7MmxKDQGpsalv6k6,,2025-04-28,,AUTOMATIC PAYMENT - THANK,2078.5,USD,other,False
jGX4y9Wn6WCmW71M3RepSW1Nd9LW83t6awoam,RzXpdaKDAKT6XdpVGPNzt7MmxKDQGpsalv6k6,,2025-04-28,,KFC,500.0,USD,other,False
PKX13xlDAlcwR3pErLa9sPMKzZnPrVtoAJEAL,RzXpdaKDAKT6XdpVGPNzt7MmxKDQGpsalv6k6,,2025-04-28,,Madison Bicycle Shop,500.0,USD,other,False
pqpQKyBnmBTd5kgJ9BAWc5187635B9Upzk9VN,9PNm1azEjzSnKAe8E1gyHkQNer64Xjh4GW7yJ,,2025-04-19,,CREDIT CARD 3333 PAYMENT *//,25.0,USD,other,False
lb5PvGknokhm1Dgq5kdAS17kQvR1JrUpRJ1ko,y4zENX7nR7UXKB76ZznycK8re41kjZH43qJnp,,2025-04-19,,Uber 063015 SF**POOL**,5.4,USD,other,False
WagWj7xDAxUEp68zeKQaU16Jo3Q1eDU6jvo3A,6aNGQ3qE4qUPgAlJyZ6kce3lG1PEQLu89oEKV,,2025-04-18,,ACH Electronic CreditGUSTO PAY 123456,5850.0,USD,other,False
BpdBGMjbWjhqgjdZQrMxhMQ9zP1MWwS4gZqjQ,vx9odwNnJNsXWKylDRepcWJ39gml8Gtqz3Le4,,2025-04-18,,CD DEPOSIT .INITIAL.,1000.0,USD,other,False
egQBAGpWDpCqEPl3b7JvhXekQm8X6jtrmEymZ,RzXpdaKDAKT6XdpVGPNzt7MmxKDQGpsalv6k6,,2025-04-17,,Touchstone Climbing,78.5,USD,other,False
qKpZrG3yo3c4moAbq3JacBLl8mrB7qCgRo8ZK,y4zENX7nR7UXKB76ZznycK8re41kjZH43qJnp,,2025-04-17,,United Airlines,-500.0,USD,other,False
Kb97qKoDWohLKq6knAzQUxXrR1jxnWiR1ngLx,y4zENX7nR7UXKB76ZznycK8re41kjZH43qJnp,,2025-04-16,,McDonald's,12.0,USD,other,False
rryMzGxnoxTogZD9qAjNUgBw4jVgDqu71oLnv,y4zENX7nR7UXKB76ZznycK8re41kjZH43qJnp,,2025-04-16,,Starbucks,4.33,USD,other,False
zNxWPGeX1eId6y7DomVpcnDVvJXnyoulQqDzv,y4zENX7nR7UXKB76ZznycK8re41kjZH43qJnp,,2025-04-15,,SparkFun,89.4,USD,other,False
olNeqGznozhwNk95JAm6sNaqD57NVJiobr478,9PNm1azEjzSnKAe8E1gyHkQNer64Xjh4GW7yJ,,2025-04-14,,INTRST PYMNT,-4.22,USD,other,False
QrgLxdqDAqTDVxrQGPv9HjLrRVWj4bfwDzrD5,RzXpdaKDAKT6XdpVGPNzt7MmxKDQGpsalv6k6,,2025-04-04,,United Airlines,500.0,USD,other,False
BpdBGMjbWjhqgjdZQrMxhMQ9zP1MWwS4gZqQP,y4zENX7nR7UXKB76ZznycK8re41kjZH43qJnp,,2025-04-02,,Uber 072515 SF**POOL**,6.33,USD,other,False
ZPDnQZ4WA4SNBQpyJxv9ugQPqaEg1XueGznGj,RzXpdaKDAKT6XdpVGPNzt7MmxKDQGpsalv6k6,,2025-03-30,,Tectra Inc,500.0,USD,in store,False
LmyeKrkDwkIq7KXgRpBmhdVZv1mdR9ukEogE7,RzXpdaKDAKT6XdpVGPNzt7MmxKDQGpsalv6k6,,2025-03-29,,AUTOMATIC PAYMENT - THANK,2078.5,USD,online,False
1z3gNqREBRT8xo6gPjLJCrqvKxPrE1ipr3brg,RzXpdaKDAKT6XdpVGPNzt7MmxKDQGpsalv6k6,,2025-03-29,KFC,KFC,500.0,USD,in store,False
MyGQrz8DV8SB8rzJjg3MsaBVnz5ajDCL1zb1M,RzXpdaKDAKT6XdpVGPNzt7MmxKDQGpsalv6k6,,2025-03-29,,Madison Bicycle Shop,500.0,USD,in store,False
gEZxnGgW6gSkoNyq1DAPsmDMrPKmQESE5rjnn,9PNm1azEjzSnKAe8E1gyHkQNer64Xjh4GW7yJ,,2025-03-20,,CREDIT CARD 3333 PAYMENT *//,25.0,USD,other,False
33wEjrRAxRurV1DEZ6XJiER6W5bEydfZEPGBA,y4zENX7nR7UXKB76ZznycK8re41kjZH43qJnp,,2025-03-20,Uber,Uber 063015 SF**POOL**,5.4,USD,online,False
ALbzAZPEWPInBA5wgQJ3Hyqxj7kyd4t95yRLb,6aNGQ3qE4qUPgAlJyZ6kce3lG1PEQLu89oEKV,,2025-03-19,,ACH Electronic CreditGUSTO PAY 123456,5850.0,USD,online,False
33wEjrRAxRurV1DEZ6XJiER6W5bEydfZEPGRe,vx9odwNnJNsXWKylDRepcWJ39gml8Gtqz3Le4,,2025-03-19,,CD DEPOSIT .INITIAL.,1000.0,USD,other,False
pqpQKyBnmBTd5kgJ9BAWc5187635B9Upzk9zv,RzXpdaKDAKT6XdpVGPNzt7MmxKDQGpsalv6k6,,2025-03-18,,Touchstone Climbing,78.5,USD,in store,False
xaw84GjnmjUvDzGqQBJpiDvylwzDpQu6eNmqz,y4zENX7nR7UXKB76ZznycK8re41kjZH43qJnp,,2025-03-18,United Airlines,United Airlines,-500.0,USD,in store,False
doazWkL69LIwBlK6p7nasP7qKLmPpatJRGomM,y4zENX7nR7UXKB76ZznycK8re41kjZH43qJnp,,2025-03-17,McDonald's,McDonald's,12.0,USD,in store,False
a1yqg8ZbGZcJGdpNaRW3UWgPLzrWabtZDPpz4,y4zENX7nR7UXKB76ZznycK8re41kjZH43qJnp,,2025-03-17,Starbucks,Starbucks,4.33,USD,in store,False
4xjW7zR5dRsQvodWJyZnhzoKjexzynCJLk8Zz,y4zENX7nR7UXKB76ZznycK8re41kjZH43qJnp,,2025-03-16,FUN,SparkFun,89.4,USD,in store,False
8NVbMdrEPrIeDrLVQy98hvQg1A3vNlcW8zvLm,9PNm1azEjzSnKAe8E1gyHkQNer64Xjh4GW7yJ,,2025-03-15,,INTRST PYMNT,-4.22,USD,other,False
olNeqGznozhwNk95JAm6sNaqD57NVJiobr4bM,RzXpdaKDAKT6XdpVGPNzt7MmxKDQGpsalv6k6,,2025-03-05,United Airlines,United Airlines,500.0,USD,in store,False
NlbZzBEDyEhadzEBg8xlU4Wnr3z4g6tyQxLgw,y4zENX7nR7UXKB76ZznycK8re41kjZH43qJnp,,2025-03-03,Uber,Uber 072515 SF**POOL**,6.33,USD,online,False
gEZxnGgW6gSkoNyq1DAPsmDMrPKmQESE5rj5D,RzXpdaKDAKT6XdpVGPNzt7MmxKDQGpsalv6k6,,2025-02-28,,Tectra Inc,500.0,USD,in store,False
WagWj7xDAxUEp68zeKQaU16Jo3Q1eDU6jvoj5,RzXpdaKDAKT6XdpVGPNzt7MmxKDQGpsalv6k6,,2025-02-27,,AUTOMATIC PAYMENT - THANK,2078.5,USD,online,False
E8EdmpQDWQhn6G7gZwAmHq64GrMqQVc4mVZmN,RzXpdaKDAKT6XdpVGPNzt7MmxKDQGpsalv6k6,,2025-02-27,KFC,KFC,500.0,USD,in store,False
8NVbMdrEPrIeDrLVQy98hvQg1A3vNlcW8zv86,RzXpdaKDAKT6XdpVGPNzt7MmxKDQGpsalv6k6,,2025-02-27,,Madison Bicycle Shop,500.0,USD,in store,False
E8EdmpQDWQhn6G7gZwAmHq64GrMqQVc4mVZkm,9PNm1azEjzSnKAe8E1gyHkQNer64Xjh4GW7yJ,,2025-02-18,,CREDIT CARD 3333 PAYMENT *//,25.0,USD,other,False
PKX13xlDAlcwR3pErLa9sPMKzZnPrVtoAJE9n,y4zENX7nR7UXKB76ZznycK8re41kjZH43qJnp,,2025-02-18,Uber,Uber 063015 SF**POOL**,5.4,USD,online,False
GWB49gMD6MfxAMz6kRlPfrxnePLrkVi6o8JKz,6aNGQ3qE4qUPgAlJyZ6kce3lG1PEQLu89oEKV,,2025-02-17,,ACH Electronic CreditGUSTO PAY 123456,5850.0,USD,online,False
xaw84GjnmjUvDzGqQBJpiDvylwzDpQu6eNmBv,vx9odwNnJNsXWKylDRepcWJ39gml8Gtqz3Le4,,2025-02-17,,CD DEPOSIT .INITIAL.,1000.0,USD,other,False
ALbzAZPEWPInBA5wgQJ3Hyqxj7kyd4t95yR5V,RzXpdaKDAKT6XdpVGPNzt7MmxKDQGpsalv6k6,,2025-02-16,,Touchstone Climbing,78.5,USD,in store,False
jGX4y9Wn6WCmW71M3RepSW1Nd9LW83t6awoBk,y4zENX7nR7UXKB76ZznycK8re41kjZH43qJnp,,2025-02-16,United Airlines,United Airlines,-500.0,USD,in store,False
743nZxKDNKUBJAoQN6g9sxE4VWLxkvidxj4m4,y4zENX7nR7UXKB76ZznycK8re41kjZH43qJnp,,2025-02-15,McDonald's,McDonald's,12.0,USD,in store,False
egQBAGpWDpCqEPl3b7JvhXekQm8X6jtrmEyzM,y4zENX7nR7UXKB76ZznycK8re41kjZH43qJnp,,2025-02-15,Starbucks,Starbucks,4.33,USD,in store,False
QrgLxdqDAqTDVxrQGPv9HjLrRVWj4bfwDzrJp,y4zENX7nR7UXKB76ZznycK8re41kjZH43qJnp,,2025-02-14,FUN,SparkFun,89.4,USD,in store,False
WagWj7xDAxUEp68zeKQaU16Jo3Q1eDU6jvo1Q,9PNm1azEjzSnKAe8E1gyHkQNer64Xjh4GW7yJ,,2025-02-13,,INTRST PYMNT,-4.22,USD,other,False
GWB49gMD6MfxAMz6kRlPfrxnePLrkVi6o8JoJ,RzXpdaKDAKT6XdpVGPNzt7MmxKDQGpsalv6k6,,2025-02-03,United Airlines,United Airlines,500.0,USD,in store,False
ZPDnQZ4WA4SNBQpyJxv9ugQPqaEg1XueGznNe,y4zENX7nR7UXKB76ZznycK8re41kjZH43qJnp,,2025-02-01,Uber,Uber 072515 SF**POOL**,6.33,USD,online,False
ny17lGrn9rS6p8X1Br4Dtp4zRErpQBuAQEPQ8,RzXpdaKDAKT6XdpVGPNzt7MmxKDQGpsalv6k6,,2025-01-29,,Tectra Inc,500.0,USD,in store,False
y4zENX7nR7UXKB76ZznycK8Bgd9KjQu4w5kwK,RzXpdaKDAKT6XdpVGPNzt7MmxKDQGpsalv6k6,,2025-01-28,,AUTOMATIC PAYMENT - THANK,2078.5,USD,online,False
mmZjRGKnwKIDW6ZL5KaMHW4wANQWJ5tgXPRXg,RzXpdaKDAKT6XdpVGPNzt7MmxKDQGpsalv6k6,,2025-01-28,KFC,KFC,500.0,USD,in store,False
bLQKkGMWoMI3qQZoM7AehzymjKvzMDCm7zg7V,RzXpdaKDAKT6XdpVGPNzt7MmxKDQGpsalv6k6,,2025-01-28,,Madison Bicycle Shop,500.0,USD,in store,False
ALbzAZPEWPInBA5wgQJ3Hyqxj7kyd4t95yRAL,9PNm1azEjzSnKAe8E1gyHkQNer64Xjh4GW7yJ,,2025-01-19,,CREDIT CARD 3333 PAYMENT *//,25.0,USD,other,False
MyGQrz8DV8SB8rzJjg3MsaBVnz5ajDCL1zbE4,y4zENX7nR7UXKB76ZznycK8re41kjZH43qJnp,,2025-01-19,Uber,Uber 063015 SF**POOL**,5.4,USD,online,False
ny17lGrn9rS6p8X1Br4Dtp4zRErpQBuAQEP91,6aNGQ3qE4qUPgAlJyZ6kce3lG1PEQLu89oEKV,,2025-01-18,,ACH Electronic CreditGUSTO PAY 123456,5850.0,USD,online,False
doazWkL69LIwBlK6p7nasP7qKLmPpatJRGoaQ,vx9odwNnJNsXWKylDRepcWJ39gml8Gtqz3Le4,,2025-01-18,,CD DEPOSIT .INITIAL.,1000.0,USD,other,False
9PNm1azEjzSnKAe8E1gyHkQBGL3kXwH4gnzgV,RzXpdaKDAKT6XdpVGPNzt7MmxKDQGpsalv6k6,,2025-01-17,,Touchstone Climbing,78.5,USD,in store,False
1z3gNqREBRT8xo6gPjLJCrqvKxPrE1ipr3bxZ,y4zENX7nR7UXKB76ZznycK8re41kjZH43qJnp,,2025-01-17,United Airlines,United Airlines,-500.0,USD,in store,False
LmyeKrkDwkIq7KXgRpBmhdVZv1mdR9ukEogR9,y4zENX7nR7UXKB76ZznycK8re41kjZH43qJnp,,2025-01-16,McDonald's,McDonald's,12.0,USD,in store,False
pqpQKyBnmBTd5kgJ9BAWc5187635B9Upzk9Wk,y4zENX7nR7UXKB76ZznycK8re41kjZH43qJnp,,2025-01-16,Starbucks,Starbucks,4.33,USD,in store,False
olNeqGznozhwNk95JAm6sNaqD57NVJiobr4z1,y4zENX7nR7UXKB76ZznycK8re41kjZH43qJnp,,2025-01-15,FUN,SparkFun,89.4,USD,in store,False
GWB49gMD6MfxAMz6kRlPfrxnePLrkVi6o8JPx,9PNm1azEjzSnKAe8E1gyHkQNer64Xjh4GW7yJ,,2025-01-14,,INTRST PYMNT,-4.22,USD,other,False
vx9odwNnJNsXWKylDRepcWJyVxpW8Dtq1la1X,RzXpdaKDAKT6XdpVGPNzt7MmxKDQGpsalv6k6,,2025-01-04,United Airlines,United Airlines,500.0,USD,in store,False
gEZxnGgW6gSkoNyq1DAPsmDMrPKmQESE5rjwy,y4zENX7nR7UXKB76ZznycK8re41kjZH43qJnp,,2025-01-02,Uber,Uber 072515 SF**POOL**,6.33,USD,online,False
RzXpdaKDAKT6XdpVGPNzt7M8eNB7GWHaAJ7AJ,RzXpdaKDAKT6XdpVGPNzt7MmxKDQGpsalv6k6,,2024-12-30,,Tectra Inc,500.0,USD,in store,False
DgjkbLeDGeCxGbVdaremfl8a5grldBF3JnmJd,RzXpdaKDAKT6XdpVGPNzt7MmxKDQGpsalv6k6,,2024-12-29,,AUTOMATIC PAYMENT - THANK,2078.5,USD,online,False
X4EA7edWRdUdo78QKEZ4cw5VG8awKNTbLypLD,RzXpdaKDAKT6XdpVGPNzt7MmxKDQGpsalv6k6,,2024-12-29,KFC,KFC,500.0,USD,in store,False
6aNGQ3qE4qUPgAlJyZ6kce3o9WNeQAS8eGjem,RzXpdaKDAKT6XdpVGPNzt7MmxKDQGpsalv6k6,,2024-12-29,,Madison Bicycle Shop,500.0,USD,in store,False
ny17lGrn9rS6p8X1Br4Dtp4zRErpQBuAQEPWl,9PNm1azEjzSnKAe8E1gyHkQNer64Xjh4GW7yJ,,2024-12-20,,CREDIT CARD 3333 PAYMENT *//,25.0,USD,other,False
8NVbMdrEPrIeDrLVQy98hvQg1A3vNlcW8zvG5,y4zENX7nR7UXKB76ZznycK8re41kjZH43qJnp,,2024-12-20,Uber,Uber 063015 SF**POOL**,5.4,USD,online,False
bLQKkGMWoMI3qQZoM7AehzymjKvzMDCm7zgnD,6aNGQ3qE4qUPgAlJyZ6kce3lG1PEQLu89oEKV,,2024-12-19,,ACH Electronic CreditGUSTO PAY 123456,5850.0,USD,online,False
a1yqg8ZbGZcJGdpNaRW3UWgPLzrWabtZDPp33,vx9odwNnJNsXWKylDRepcWJ39gml8Gtqz3Le4,,2024-12-19,,CD DEPOSIT .INITIAL.,1000.0,USD,other,False
VdGEPj3Dm3SjrPgaNoedfMRwDQrMNbS9ERbEN,RzXpdaKDAKT6XdpVGPNzt7MmxKDQGpsalv6k6,,2024-12-18,,Touchstone Climbing,78.5,USD,in store,False
E8EdmpQDWQhn6G7gZwAmHq64GrMqQVc4mVZ13,y4zENX7nR7UXKB76ZznycK8re41kjZH43qJnp,,2024-12-18,United Airlines,United Airlines,-500.0,USD,in store,False
WagWj7xDAxUEp68zeKQaU16Jo3Q1eDU6jvoDa,y4zENX7nR7UXKB76ZznycK8re41kjZH43qJnp,,2024-12-17,McDonald's,McDonald's,12.0,USD,in store,False
ALbzAZPEWPInBA5wgQJ3Hyqxj7kyd4t95yRdK,y4zENX7nR7UXKB76ZznycK8re41kjZH43qJnp,,2024-12-17,Starbucks,Starbucks,4.33,USD,in store,False
GWB49gMD6MfxAMz6kRlPfrxnePLrkVi6o8JQV,y4zENX7nR7UXKB76ZznycK8re41kjZH43qJnp,,2024-12-16,FUN,SparkFun,89.4,USD,in store,False
bLQKkGMWoMI3qQZoM7AehzymjKvzMDCm7zgZp,9PNm1azEjzSnKAe8E1gyHkQNer64Xjh4GW7yJ,,2024-12-15,,INTRST PYMNT,-4.22,USD,other,False
wd9kaGPm1PSgqyZR6D1EHnLGw4Vno6uPmLAmd,RzXpdaKDAKT6XdpVGPNzt7MmxKDQGpsalv6k6,,2024-12-05,United Airlines,United Airlines,500.0,USD,in store,False
ny17lGrn9rS6p8X1Br4Dtp4zRErpQBuAQEPnL,y4zENX7nR7UXKB76ZznycK8re41kjZH43qJnp,,2024-12-03,Uber,Uber 072515 SF**POOL**,6.33,USD,online,False
5dGAeBlmalSlGAmV1WnbuBgP3o8BrmC58gz8e,RzXpdaKDAKT6XdpVGPNzt7MmxKDQGpsalv6k6,,2024-11-30,,Tectra Inc,500.0,USD,in store,False
ny17lGrn9rS6p8X1Br4Dtp4zRErpQBuAQEPQ1,RzXpdaKDAKT6XdpVGPNzt7MmxKDQGpsalv6k6,,2024-11-29,,AUTOMATIC PAYMENT - THANK,2078.5,USD,online,False
knjN96lWolHAaMdmblxQh4MrneP4kbtLowroy,RzXpdaKDAKT6XdpVGPNzt7MmxKDQGpsalv6k6,,2024-11-29,KFC,KFC,500.0,USD,in store,False
JnRjlqpDWpHxJlm6Rgref3a7vDG3RBfBkZpkl,RzXpdaKDAKT6XdpVGPNzt7MmxKDQGpsalv6k6,,2024-11-29,,Madison Bicycle Shop,500.0,USD,in store,False
mmZjRGKnwKIDW6ZL5KaMHW4wANQWJ5tgXPRdD,9PNm1azEjzSnKAe8E1gyHkQNer64Xjh4GW7yJ,,2024-11-20,,CREDIT CARD 3333 PAYMENT *//,25.0,USD,other,False
bLQKkGMWoMI3qQZoM7AehzymjKvzMDCm7zgdA,y4zENX7nR7UXKB76ZznycK8re41kjZH43qJnp,,2024-11-20,Uber,Uber 063015 SF**POOL**,5.4,USD,online,False
mmZjRGKnwKIDW6ZL5KaMHW4wANQWJ5tgXPRp1,6aNGQ3qE4qUPgAlJyZ6kce3lG1PEQLu89oEKV,,2024-11-19,,ACH Electronic CreditGUSTO PAY 123456,5850.0,USD,online,False
4xjW7zR5dRsQvodWJyZnhzoKjexzynCJLk8ML,vx9odwNnJNsXWKylDRepcWJ39gml8Gtqz3Le4,,2024-11-19,,CD DEPOSIT .INITIAL.,1000.0,USD,other,False
bLQKkGMWoMI3qQZoM7AehzymjKvzMDCm7zg7D,RzXpdaKDAKT6XdpVGPNzt7MmxKDQGpsalv6k6,,2024-11-18,,Touchstone Climbing,78.5,USD,in store,False
mmZjRGKnwKIDW6ZL5KaMHW4wANQWJ5tgXPRWq,y4zENX7nR7UXKB76ZznycK8re41kjZH43qJnp,,2024-11-18,United Airlines,United Airlines,-500.0,USD,in store,False
y4zENX7nR7UXKB76ZznycK8Bgd9KjQu4w5kbE,y4zENX7nR7UXKB76ZznycK8re41kjZH43qJnp,,2024-11-17,McDonald's,McDonald's,12.0,USD,in store,False
9PNm1azEjzSnKAe8E1gyHkQBGL3kXwH4gnzwA,y4zENX7nR7UXKB76ZznycK8re41kjZH43qJnp,,2024-11-17,Starbucks,Starbucks,4.33,USD,in store,False
vx9odwNnJNsXWKylDRepcWJyVxpW8Dtq1laBr,y4zENX7nR7UXKB76ZznycK8re41kjZH43qJnp,,2024-11-16,FUN,SparkFun,89.4,USD,in store,False
y4zENX7nR7UXKB76ZznycK8Bgd9KjQu4w5kXQ,9PNm1azEjzSnKAe8E1gyHkQNer64Xjh4GW7yJ,,2024-11-15,,INTRST PYMNT,-4.22,USD,other,False
mmZjRGKnwKIDW6ZL5KaMHW4wANQWJ5tgXPRQ1,RzXpdaKDAKT6XdpVGPNzt7MmxKDQGpsalv6k6,,2024-11-05,United Airlines,United Airlines,500.0,USD,in store,False
RzXpdaKDAKT6XdpVGPNzt7M8eNB7GWHaAJ7WB,y4zENX7nR7UXKB76ZznycK8re41kjZH43qJnp,,2024-11-03,Uber,Uber 072515 SF**POOL**,6.33,USD,online,False
y4zENX7nR7UXKB76ZznycK8Bgd9KjQu4w5k8j,RzXpdaKDAKT6XdpVGPNzt7MmxKDQGpsalv6k6,,2024-10-31,,Tectra Inc,500.0,USD,in store,False
RzXpdaKDAKT6XdpVGPNzt7M8eNB7GWHaAJ7oW,RzXpdaKDAKT6XdpVGPNzt7MmxKDQGpsalv6k6,,2024-10-30,,AUTOMATIC PAYMENT - THANK,2078.5,USD,online,False
vx9odwNnJNsXWKylDRepcWJyVxpW8Dtq1laZE,RzXpdaKDAKT6XdpVGPNzt7MmxKDQGpsalv6k6,,2024-10-30,KFC,KFC,500.0,USD,in store,False
9PNm1azEjzSnKAe8E1gyHkQBGL3kXwH4gnz9j,RzXpdaKDAKT6XdpVGPNzt7MmxKDQGpsalv6k6,,2024-10-30,,Madison Bicycle Shop,500.0,USD,in store,False
9PNm1azEjzSnKAe8E1gyHkQBGL3kXwH4gnzQW,9PNm1azEjzSnKAe8E1gyHkQNer64Xjh4GW7yJ,,2024-10-21,,CREDIT CARD 3333 PAYMENT *//,25.0,USD,other,False
6aNGQ3qE4qUPgAlJyZ6kce3o9WNeQAS8eGjpp,y4zENX7nR7UXKB76ZznycK8re41kjZH43qJnp,,2024-10-21,Uber,Uber 063015 SF**POOL**,5.4,USD,online,False
y4zENX7nR7UXKB76ZznycK8Bgd9KjQu4w5knj,6aNGQ3qE4qUPgAlJyZ6kce3lG1PEQLu89oEKV,,2024-10-20,,ACH Electronic CreditGUSTO PAY 123456,5850.0,USD,online,False
NlbZzBEDyEhadzEBg8xlU4Wnr3z4g6tyQxLKA,vx9odwNnJNsXWKylDRepcWJ39gml8Gtqz3Le4,,2024-10-20,,CD DEPOSIT .INITIAL.,1000.0,USD,other,False
6aNGQ3qE4qUPgAlJyZ6kce3o9WNeQAS8eGjPL,RzXpdaKDAKT6XdpVGPNzt7MmxKDQGpsalv6k6,,2024-10-19,,Touchstone Climbing,78.5,USD,in store,False
X4EA7edWRdUdo78QKEZ4cw5VG8awKNTbLypNq,y4zENX7nR7UXKB76ZznycK8re41kjZH43qJnp,,2024-10-19,United Airlines,United Airlines,-500.0,USD,in store,False
DgjkbLeDGeCxGbVdaremfl8a5grldBF3JnmBa,y4zENX7nR7UXKB76ZznycK8re41kjZH43qJnp,,2024-10-18,McDonald's,McDonald's,12.0,USD,in store,False
VdGEPj3Dm3SjrPgaNoedfMRwDQrMNbS9ERbXd,y4zENX7nR7UXKB76ZznycK8re41kjZH43qJnp,,2024-10-18,Starbucks,Starbucks,4.33,USD,in store,False
wd9kaGPm1PSgqyZR6D1EHnLGw4Vno6uPmLAxm,y4zENX7nR7UXKB76ZznycK8re41kjZH43qJnp,,2024-10-17,FUN,SparkFun,89.4,USD,in store,False
vx9odwNnJNsXWKylDRepcWJyVxpW8Dtq1lakj,9PNm1azEjzSnKAe8E1gyHkQNer64Xjh4GW7yJ,,2024-10-16,,INTRST PYMNT,-4.22,USD,other,False
X4EA7edWRdUdo78QKEZ4cw5VG8awKNTbLypvn,RzXpdaKDAKT6XdpVGPNzt7MmxKDQGpsalv6k6,,2024-10-06,United Airlines,United Airlines,500.0,USD,in store,False
5dGAeBlmalSlGAmV1WnbuBgP3o8BrmC58gzAQ,y4zENX7nR7UXKB76ZznycK8re41kjZH43qJnp,,2024-10-04,Uber,Uber 072515 SF**POOL**,6.33,USD,online,False
DgjkbLeDGeCxGbVdaremfl8a5grldBF3JnmLQ,RzXpdaKDAKT6XdpVGPNzt7MmxKDQGpsalv6k6,,2024-10-01,,Tectra Inc,500.0,USD,in store,False
5dGAeBlmalSlGAmV1WnbuBgP3o8BrmC58gzQX,RzXpdaKDAKT6XdpVGPNzt7MmxKDQGpsalv6k6,,2024-09-30,,AUTOMATIC PAYMENT - THANK,2078.5,USD,online,False
wd9kaGPm1PSgqyZR6D1EHnLGw4Vno6uPmLA11,RzXpdaKDAKT6XdpVGPNzt7MmxKDQGpsalv6k6,,2024-09-30,KFC,KFC,500.0,USD,in store,False
VdGEPj3Dm3SjrPgaNoedfMRwDQrMNbS9ERbZE,RzXpdaKDAKT6XdpVGPNzt7MmxKDQGpsalv6k6,,2024-09-30,,Madison Bicycle Shop,500.0,USD,in store,False
RzXpdaKDAKT6XdpVGPNzt7M8eNB7GWHaAJ7b9,9PNm1azEjzSnKAe8E1gyHkQNer64Xjh4GW7yJ,,2024-09-21,,CREDIT CARD 3333 PAYMENT *//,25.0,USD,other,False
JnRjlqpDWpHxJlm6Rgref3a7vDG3RBfBkZpvX,y4zENX7nR7UXKB76ZznycK8re41kjZH43qJnp,,2024-09-21,Uber,Uber 063015 SF**POOL**,5.4,USD,online,False
9PNm1azEjzSnKAe8E1gyHkQBGL3kXwH4gnzyj,6aNGQ3qE4qUPgAlJyZ6kce3lG1PEQLu89oEKV,,2024-09-20,,ACH Electronic CreditGUSTO PAY 123456,5850.0,USD,online,False
PKX13xlDAlcwR3pErLa9sPMKzZnPrVtoAJEvL,vx9odwNnJNsXWKylDRepcWJ39gml8Gtqz3Le4,,2024-09-20,,CD DEPOSIT .INITIAL.,1000.0,USD,other,False
JnRjlqpDWpHxJlm6Rgref3a7vDG3RBfBkZpeM,RzXpdaKDAKT6XdpVGPNzt7MmxKDQGpsalv6k6,,2024-09-19,,Touchstone Climbing,78.5,USD,in store,False
knjN96lWolHAaMdmblxQh4MrneP4kbtLowreD,y4zENX7nR7UXKB76ZznycK8re41kjZH43qJnp,,2024-09-19,United Airlines,United Airlines,-500.0,USD,in store,False
ny17lGrn9rS6p8X1Br4Dtp4zRErpQBuAQEPNl,y4zENX7nR7UXKB76ZznycK8re41kjZH43qJnp,,2024-09-18,McDonald's,McDonald's,12.0,USD,in store,False
bLQKkGMWoMI3qQZoM7AehzymjKvzMDCm7zg1p,y4zENX7nR7UXKB76ZznycK8re41kjZH43qJnp,,2024-09-18,Starbucks,Starbucks,4.33,USD,in store,False
mmZjRGKnwKIDW6ZL5KaMHW4wANQWJ5tgXPRnD,y4zENX7nR7UXKB76ZznycK8re41kjZH43qJnp,,2024-09-17,FUN,SparkFun,89.4,USD,in store,False
6aNGQ3qE4qUPgAlJyZ6kce3o9WNeQAS8eGjXl,9PNm1azEjzSnKAe8E1gyHkQNer64Xjh4GW7yJ,,2024-09-16,,INTRST PYMNT,-4.22,USD,other,False
knjN96lWolHAaMdmblxQh4MrneP4kbtLowr16,RzXpdaKDAKT6XdpVGPNzt7MmxKDQGpsalv6k6,,2024-09-06,United Airlines,United Airlines,500.0,USD,in store,False
y4zENX7nR7UXKB76ZznycK8Bgd9KjQu4w5kbQ,y4zENX7nR7UXKB76ZznycK8re41kjZH43qJnp,,2024-09-04,Uber,Uber 072515 SF**POOL**,6.33,USD,online,False
lb5PvGknokhm1Dgq5kdAS17kQvR1JrUpRJ1m3,RzXpdaKDAKT6XdpVGPNzt7MmxKDQGpsalv6k6,,2024-09-01,,Tectra Inc,500.0,USD,in store,False
rryMzGxnoxTogZD9qAjNUgBw4jVgDqu71oLk5,RzXpdaKDAKT6XdpVGPNzt7MmxKDQGpsalv6k6,,2024-08-31,,AUTOMATIC PAYMENT - THANK,2078.5,USD,online,False
Kb97qKoDWohLKq6knAzQUxXrR1jxnWiR1ngDv,RzXpdaKDAKT6XdpVGPNzt7MmxKDQGpsalv6k6,,2024-08-31,KFC,KFC,500.0,USD,in store,False
qKpZrG3yo3c4moAbq3JacBLl8mrB7qCgRo8yz,RzXpdaKDAKT6XdpVGPNzt7MmxKDQGpsalv6k6,,2024-08-31,,Madison Bicycle Shop,500.0,USD,in store,False
X4EA7edWRdUdo78QKEZ4cw5VG8awKNTbLypn6,9PNm1azEjzSnKAe8E1gyHkQNer64Xjh4GW7yJ,,2024-08-22,,CREDIT CARD 3333 PAYMENT *//,25.0,USD,other,False
9PNm1azEjzSnKAe8E1gyHkQBGL3kXwH4gnzwW,y4zENX7nR7UXKB76ZznycK8re41kjZH43qJnp,,2024-08-22,Uber,Uber 063015 SF**POOL**,5.4,USD,online,False
vx9odwNnJNsXWKylDRepcWJyVxpW8Dtq1laeE,6aNGQ3qE4qUPgAlJyZ6kce3lG1PEQLu89oEKV,,2024-08-21,,ACH Electronic CreditGUSTO PAY 123456,5850.0,USD,online,False
jGX4y9Wn6WCmW71M3RepSW1Nd9LW83t6awoAm,vx9odwNnJNsXWKylDRepcWJ39gml8Gtqz3Le4,,2024-08-21,,CD DEPOSIT .INITIAL.,1000.0,USD,other,False
zNxWPGeX1eId6y7DomVpcnDVvJXnyoulQqDX9,RzXpdaKDAKT6XdpVGPNzt7MmxKDQGpsalv6k6,,2024-08-20,,Touchstone Climbing,78.5,USD,in store,False
vx9odwNnJNsXWKylDRepcWJyVxpW8Dtq1laBj,y4zENX7nR7UXKB76ZznycK8re41kjZH43qJnp,,2024-08-20,United Airlines,United Airlines,-500.0,USD,in store,False
RzXpdaKDAKT6XdpVGPNzt7M8eNB7GWHaAJ7W9,y4zENX7nR7UXKB76ZznycK8re41kjZH43qJnp,,2024-08-19,McDonald's,McDonald's,12.0,USD,in store,False
6aNGQ3qE4qUPgAlJyZ6kce3o9WNeQAS8eGjpl,y4zENX7nR7UXKB76ZznycK8re41kjZH43qJnp,,2024-08-19,Starbucks,Starbucks,4.33,USD,in store,False
X4EA7edWRdUdo78QKEZ4cw5VG8awKNTbLypN6,y4zENX7nR7UXKB76ZznycK8re41kjZH43qJnp,,2024-08-18,FUN,SparkFun,89.4,USD,in store,False
DgjkbLeDGeCxGbVdaremfl8a5grldBF3Jnmae,9PNm1azEjzSnKAe8E1gyHkQNer64Xjh4GW7yJ,,2024-08-17,,INTRST PYMNT,-4.22,USD,other,False
BpdBGMjbWjhqgjdZQrMxhMQ9zP1MWwS4gZqxB,RzXpdaKDAKT6XdpVGPNzt7MmxKDQGpsalv6k6,,2024-08-07,United Airlines,United Airlines,500.0,USD,in store,False
DgjkbLeDGeCxGbVdaremfl8a5grldBF3JnmBe,y4zENX7nR7UXKB76ZznycK8re41kjZH43qJnp,,2024-08-05,Uber,Uber 072515 SF**POOL**,6.33,USD,online,False
33wEjrRAxRurV1DEZ6XJiER6W5bEydfZEPGVj,RzXpdaKDAKT6XdpVGPNzt7MmxKDQGpsalv6k6,,2024-08-02,,Tectra Inc,500.0,USD,in store,False
a1yqg8ZbGZcJGdpNaRW3UWgPLzrWabtZDPpKw,RzXpdaKDAKT6XdpVGPNzt7MmxKDQGpsalv6k6,,2024-08-01,,AUTOMATIC PAYMENT - THANK,2078.5,USD,online,False
doazWkL69LIwBlK6p7nasP7qKLmPpatJRGonN,RzXpdaKDAKT6XdpVGPNzt7MmxKDQGpsalv6k6,,2024-08-01,KFC,KFC,500.0,USD,in store,False
xaw84GjnmjUvDzGqQBJpiDvylwzDpQu6eNmK7,RzXpdaKDAKT6XdpVGPNzt7MmxKDQGpsalv6k6,,2024-08-01,,Madison Bicycle Shop,500.0,USD,in store,False
VdGEPj3Dm3SjrPgaNoedfMRwDQrMNbS9ERbP1,9PNm1azEjzSnKAe8E1gyHkQNer64Xjh4GW7yJ,,2024-07-23,,CREDIT CARD 3333 PAYMENT *//,25.0,USD,other,False
VdGEPj3Dm3SjrPgaNoedfMRwDQrMNbS9ERbX1,y4zENX7nR7UXKB76ZznycK8re41kjZH43qJnp,,2024-07-23,Uber,Uber 063015 SF**POOL**,5.4,USD,online,False
RzXpdaKDAKT6XdpVGPNzt7M8eNB7GWHaAJ7kW,6aNGQ3qE4qUPgAlJyZ6kce3lG1PEQLu89oEKV,,2024-07-22,,ACH Electronic CreditGUSTO PAY 123456,5850.0,USD,online,False
743nZxKDNKUBJAoQN6g9sxE4VWLxkvidxj4pJ,vx9odwNnJNsXWKylDRepcWJ39gml8Gtqz3Le4,,2024-07-22,,CD DEPOSIT .INITIAL.,1000.0,USD,other,False
4xjW7zR5dRsQvodWJyZnhzoKjexzynCJLk8RP,RzXpdaKDAKT6XdpVGPNzt7MmxKDQGpsalv6k6,,2024-07-21,,Touchstone Climbing,78.5,USD,in store,False
wd9kaGPm1PSgqyZR6D1EHnLGw4Vno6uPmLAx8,y4zENX7nR7UXKB76ZznycK8re41kjZH43qJnp,,2024-07-21,United Airlines,United Airlines,-500.0,USD,in store,False
5dGAeBlmalSlGAmV1WnbuBgP3o8BrmC58gzAE,y4zENX7nR7UXKB76ZznycK8re41kjZH43qJnp,,2024-07-20,McDonald's,McDonald's,12.0,USD,in store,False
JnRjlqpDWpHxJlm6Rgref3a7vDG3RBfBkZpvK,y4zENX7nR7UXKB76ZznycK8re41kjZH43qJnp,,2024-07-20,Starbucks,Starbucks,4.33,USD,in store,False
knjN96lWolHAaMdmblxQh4MrneP4kbtLowrer,y4zENX7nR7UXKB76ZznycK8re41kjZH43qJnp,,2024-07-19,FUN,SparkFun,89.4,USD,in store,False
wd9kaGPm1PSgqyZR6D1EHnLGw4Vno6uPmLAo8,9PNm1azEjzSnKAe8E1gyHkQNer64Xjh4GW7yJ,,2024-07-18,,INTRST PYMNT,-4.22,USD,other,False
NlbZzBEDyEhadzEBg8xlU4Wnr3z4g6tyQxLAz,RzXpdaKDAKT6XdpVGPNzt7MmxKDQGpsalv6k6,,2024-07-08,United Airlines,United Airlines,500.0,USD,in store,False
lb5PvGknokhm1Dgq5kdAS17kQvR1JrUpRJ1eL,y4zENX7nR7UXKB76ZznycK8re41kjZH43qJnp,,2024-07-06,Uber,Uber 072515 SF**POOL**,6.33,USD,online,False
PKX13xlDAlcwR3pErLa9sPMKzZnPrVtoAJEyb,RzXpdaKDAKT6XdpVGPNzt7MmxKDQGpsalv6k6,,2024-07-03,,Tectra Inc,500.0,USD,in store,False
egQBAGpWDpCqEPl3b7JvhXekQm8X6jtrmEy3L,RzXpdaKDAKT6XdpVGPNzt7MmxKDQGpsalv6k6,,2024-07-02,,AUTOMATIC PAYMENT - THANK,2078.5,USD,online,False
743nZxKDNKUBJAoQN6g9sxE4VWLxkvidxj4BN,RzXpdaKDAKT6XdpVGPNzt7MmxKDQGpsalv6k6,,2024-07-02,KFC,KFC,500.0,USD,in store,False
jGX4y9Wn6WCmW71M3RepSW1Nd9LW83t6awoRo,RzXpdaKDAKT6XdpVGPNzt7MmxKDQGpsalv6k6,,2024-07-02,,Madison Bicycle Shop,500.0,USD,in store,False
5dGAeBlmalSlGAmV1WnbuBgP3o8BrmC58gz7E,9PNm1azEjzSnKAe8E1gyHkQNer64Xjh4GW7yJ,,2024-06-23,,CREDIT CARD 3333 PAYMENT *//,25.0,USD,other,False
qKpZrG3yo3c4moAbq3JacBLl8mrB7qCgRo81d,y4zENX7nR7UXKB76ZznycK8re41kjZH43qJnp,,2024-06-23,Uber,Uber 063015 SF**POOL**,5.4,USD,online,False
6aNGQ3qE4qUPgAlJyZ6kce3o9WNeQAS8eGjKL,6aNGQ3qE4qUPgAlJyZ6kce3lG1PEQLu89oEKV,,2024-06-22,,ACH Electronic CreditGUSTO PAY 123456,5850.0,USD,online,False
egQBAGpWDpCqEPl3b7JvhXekQm8X6jtrmEykZ,vx9odwNnJNsXWKylDRepcWJ39gml8Gtqz3Le4,,2024-06-22,,CD DEPOSIT .INITIAL.,1000.0,USD,other,False
QrgLxdqDAqTDVxrQGPv9HjLrRVWj4bfwDzrlw,RzXpdaKDAKT6XdpVGPNzt7MmxKDQGpsalv6k6,,2024-06-21,,Touchstone Climbing,78.5,USD,in store,False
Kb97qKoDWohLKq6knAzQUxXrR1jxnWiR1ngaR,y4zENX7nR7UXKB76ZznycK8re41kjZH43qJnp,,2024-06-21,United Airlines,United Airlines,-500.0,USD,in store,False
rryMzGxnoxTogZD9qAjNUgBw4jVgDqu71oLVd,y4zENX7nR7UXKB76ZznycK8re41kjZH43qJnp,,2024-06-20,McDonald's,McDonald's,12.0,USD,in store,False
zNxWPGeX1eId6y7DomVpcnDVvJXnyoulQqD1w,y4zENX7nR7UXKB76ZznycK8re41kjZH43qJnp,,2024-06-20,Starbucks,Starbucks,4.33,USD,in store,False
BpdBGMjbWjhqgjdZQrMxhMQ9zP1MWwS4gZqNL,y4zENX7nR7UXKB76ZznycK8re41kjZH43qJnp,,2024-06-19,FUN,SparkFun,89.4,USD,in store,False
JnRjlqpDWpHxJlm6Rgref3a7vDG3RBfBkZpgK,9PNm1azEjzSnKAe8E1gyHkQNer64Xjh4GW7yJ,,2024-06-18,,INTRST PYMNT,-4.22,USD,other,False
ZPDnQZ4WA4SNBQpyJxv9ugQPqaEg1XueGzn1J,RzXpdaKDAKT6XdpVGPNzt7MmxKDQGpsalv6k6,,2024-06-08,United Airlines,United Airlines,500.0,USD,in store,False
33wEjrRAxRurV1DEZ6XJiER6W5bEydfZEPGeP,y4zENX7nR7UXKB76ZznycK8re41kjZH43qJnp,,2024-06-06,Uber,Uber 072515 SF**POOL**,6.33,USD,online,False
MyGQrz8DV8SB8rzJjg3MsaBVnz5ajDCL1zbRe,RzXpdaKDAKT6XdpVGPNzt7MmxKDQGpsalv6k6,,2024-06-03,,Tectra Inc,500.0,USD,in store,False
pqpQKyBnmBTd5kgJ9BAWc5187635B9Upzk9Qb,RzXpdaKDAKT6XdpVGPNzt7MmxKDQGpsalv6k6,,2024-06-02,,AUTOMATIC PAYMENT - THANK,2078.5,USD,online,False
LmyeKrkDwkIq7KXgRpBmhdVZv1mdR9ukEogWo,RzXpdaKDAKT6XdpVGPNzt7MmxKDQGpsalv6k6,,2024-06-02,KFC,KFC,500.0,USD,in store,False
1z3gNqREBRT8xo6gPjLJCrqvKxPrE1ipr3bPm,RzXpdaKDAKT6XdpVGPNzt7MmxKDQGpsalv6k6,,2024-06-02,,Madison Bicycle Shop,500.0,USD,in store,False
knjN96lWolHAaMdmblxQh4MrneP4kbtLowrdr,9PNm1azEjzSnKAe8E1gyHkQNer64Xjh4GW7yJ,,2024-05-24,,CREDIT CARD 3333 PAYMENT *//,25.0,USD,other,False
xaw84GjnmjUvDzGqQBJpiDvylwzDpQu6eNmRk,y4zENX7nR7UXKB76ZznycK8re41kjZH43qJnp,,2024-05-24,Uber,Uber 063015 SF**POOL**,5.4,USD,online,False
X4EA7edWRdUdo78QKEZ4cw5VG8awKNTbLypjn,6aNGQ3qE4qUPgAlJyZ6kce3lG1PEQLu89oEKV,,2024-05-23,,ACH Electronic CreditGUSTO PAY 123456,5850.0,USD,online,False
QrgLxdqDAqTDVxrQGPv9HjLrRVWj4bfwDzre5,vx9odwNnJNsXWKylDRepcWJ39gml8Gtqz3Le4,,2024-05-23,,CD DEPOSIT .INITIAL.,1000.0,USD,other,False
olNeqGznozhwNk95JAm6sNaqD57NVJiobr4Vv,RzXpdaKDAKT6XdpVGPNzt7MmxKDQGpsalv6k6,,2024-05-22,,Touchstone Climbing,78.5,USD,in store,False
doazWkL69LIwBlK6p7nasP7qKLmPpatJRGoxX,y4zENX7nR7UXKB76ZznycK8re41kjZH43qJnp,,2024-05-22,United Airlines,United Airlines,-500.0,USD,in store,False
a1yqg8ZbGZcJGdpNaRW3UWgPLzrWabtZDPpxn,y4zENX7nR7UXKB76ZznycK8re41kjZH43qJnp,,2024-05-21,McDonald's,McDonald's,12.0,USD,in store,False
4xjW7zR5dRsQvodWJyZnhzoKjexzynCJLk8w4,y4zENX7nR7UXKB76ZznycK8re41kjZH43qJnp,,2024-05-21,Starbucks,Starbucks,4.33,USD,in store,False
NlbZzBEDyEhadzEBg8xlU4Wnr3z4g6tyQxLqN,y4zENX7nR7UXKB76ZznycK8re41kjZH43qJnp,,2024-05-20,FUN,SparkFun,89.4,USD,in store,False
ny17lGrn9rS6p8X1Br4Dtp4zRErpQBuAQEPW8,9PNm1azEjzSnKAe8E1gyHkQNer64Xjh4GW7yJ,,2024-05-19,,INTRST PYMNT,-4.22,USD,other,False
gEZxnGgW6gSkoNyq1DAPsmDMrPKmQESE5rj79,RzXpdaKDAKT6XdpVGPNzt7MmxKDQGpsalv6k6,,2024-05-09,United Airlines,United Airlines,500.0,USD,in store,False
PKX13xlDAlcwR3pErLa9sPMKzZnPrVtoAJErB,y4zENX7nR7UXKB76ZznycK8re41kjZH43qJnp,,2024-05-07,Uber,Uber 072515 SF**POOL**,6.33,USD,online,False
8NVbMdrEPrIeDrLVQy98hvQg1A3vNlcW8zvJe,RzXpdaKDAKT6XdpVGPNzt7MmxKDQGpsalv6k6,,2024-05-04,,Tectra Inc,500.0,USD,in store,False
ALbzAZPEWPInBA5wgQJ3Hyqxj7kyd4t95yRxb,RzXpdaKDAKT6XdpVGPNzt7MmxKDQGpsalv6k6,,2024-05-03,,AUTOMATIC PAYMENT - THANK,2078.5,USD,online,False
WagWj7xDAxUEp68zeKQaU16Jo3Q1eDU6jvoQA,RzXpdaKDAKT6XdpVGPNzt7MmxKDQGpsalv6k6,,2024-05-03,KFC,KFC,500.0,USD,in store,False
E8EdmpQDWQhn6G7gZwAmHq64GrMqQVc4mVZ5d,RzXpdaKDAKT6XdpVGPNzt7MmxKDQGpsalv6k6,,2024-05-03,,Madison Bicycle Shop,500.0,USD,in store,False
bLQKkGMWoMI3qQZoM7AehzymjKvzMDCm7zgZV,9PNm1azEjzSnKAe8E1gyHkQNer64Xjh4GW7yJ,,2024-04-24,,CREDIT CARD 3333 PAYMENT *//,25.0,USD,other,False
jGX4y9Wn6WCmW71M3RepSW1Nd9LW83t6awo8N,y4zENX7nR7UXKB76ZznycK8re41kjZH43qJnp,,2024-04-24,Uber,Uber 063015 SF**POOL**,5.4,USD,online,False
DgjkbLeDGeCxGbVdaremfl8a5grldBF3JnmRQ,6aNGQ3qE4qUPgAlJyZ6kce3lG1PEQLu89oEKV,,2024-04-23,,ACH Electronic CreditGUSTO PAY 123456,5850.0,USD,online,False
ZPDnQZ4WA4SNBQpyJxv9ugQPqaEg1XueGznlj,vx9odwNnJNsXWKylDRepcWJ39gml8Gtqz3Le4,,2024-04-23,,CD DEPOSIT .INITIAL.,1000.0,USD,other,False
GWB49gMD6MfxAMz6kRlPfrxnePLrkVi6o8J7z,RzXpdaKDAKT6XdpVGPNzt7MmxKDQGpsalv6k6,,2024-04-22,,Touchstone Climbing,78.5,USD,in store,False
743nZxKDNKUBJAoQN6g9sxE4VWLxkvidxj4K7,y4zENX7nR7UXKB76ZznycK8re41kjZH43qJnp,,2024-04-22,United Airlines,United Airlines,-500.0,USD,in store,False
egQBAGpWDpCqEPl3b7JvhXekQm8X6jtrmEylA,y4zENX7nR7UXKB76ZznycK8re41kjZH43qJnp,,2024-04-21,McDonald's,McDonald's,12.0,USD,in store,False
QrgLxdqDAqTDVxrQGPv9HjLrRVWj4bfwDzrWy,y4zENX7nR7UXKB76ZznycK8re41kjZH43qJnp,,2024-04-21,Starbucks,Starbucks,4.33,USD,in store,False
ZPDnQZ4WA4SNBQpyJxv9ugQPqaEg1XueGznV7,y4zENX7nR7UXKB76ZznycK8re41kjZH43qJnp,,2024-04-20,FUN,SparkFun,89.4,USD,in store,False
mmZjRGKnwKIDW6ZL5KaMHW4wANQWJ5tgXPRdg,9PNm1azEjzSnKAe8E1gyHkQNer64Xjh4GW7yJ,,2024-04-19,,INTRST PYMNT,-4.22,USD,other,False
ny17lGrn9rS6p8X1Br4Dtp4zRErpQBuAQEPM1,RzXpdaKDAKT6XdpVGPNzt7MmxKDQGpsalv6k6,,2024-04-09,United Airlines,United Airlines,500.0,USD,in store,False
MyGQrz8DV8SB8rzJjg3MsaBVnz5ajDCL1zbV3,y4zENX7nR7UXKB76ZznycK8re41kjZH43qJnp,,2024-04-07,Uber,Uber 072515 SF**POOL**,6.33,USD,online,False
bLQKkGMWoMI3qQZoM7AehzymjKvzMDCm7zg6D,RzXpdaKDAKT6XdpVGPNzt7MmxKDQGpsalv6k6,,2024-04-04,,Tectra Inc,500.0,USD,in store,False
9PNm1azEjzSnKAe8E1gyHkQBGL3kXwH4gnzoj,RzXpdaKDAKT6XdpVGPNzt7MmxKDQGpsalv6k6,,2024-04-03,,AUTOMATIC PAYMENT - THANK,2078.5,USD,online,False
y4zENX7nR7UXKB76ZznycK8Bgd9KjQu4w5kPj,RzXpdaKDAKT6XdpVGPNzt7MmxKDQGpsalv6k6,,2024-04-03,KFC,KFC,500.0,USD,in store,False
mmZjRGKnwKIDW6ZL5KaMHW4wANQWJ5tgXPRe1,RzXpdaKDAKT6XdpVGPNzt7MmxKDQGpsalv6k6,,2024-04-03,,Madison Bicycle Shop,500.0,USD,in store,False
y4zENX7nR7UXKB76ZznycK8Bgd9KjQu4w5kXK,9PNm1azEjzSnKAe8E1gyHkQNer64Xjh4GW7yJ,,2024-03-25,,CREDIT CARD 3333 PAYMENT *//,25.0,USD,other,False
1z3gNqREBRT8xo6gPjLJCrqvKxPrE1ipr3blB,y4zENX7nR7UXKB76ZznycK8re41kjZH43qJnp,,2024-03-25,Uber,Uber 063015 SF**POOL**,5.4,USD,online,False
VdGEPj3Dm3SjrPgaNoedfMRwDQrMNbS9ERbyE,6aNGQ3qE4qUPgAlJyZ6kce3lG1PEQLu89oEKV,,2024-03-24,,ACH Electronic CreditGUSTO PAY 123456,5850.0,USD,online,False
MyGQrz8DV8SB8rzJjg3MsaBVnz5ajDCL1zbyM,vx9odwNnJNsXWKylDRepcWJ39gml8Gtqz3Le4,,2024-03-24,,CD DEPOSIT .INITIAL.,1000.0,USD,other,False
vx9odwNnJNsXWKylDRepcWJyVxpW8Dtq1labE,RzXpdaKDAKT6XdpVGPNzt7MmxKDQGpsalv6k6,,2024-03-23,,Touchstone Climbing,78.5,USD,in store,False
LmyeKrkDwkIq7KXgRpBmhdVZv1mdR9ukEogGR,y4zENX7nR7UXKB76ZznycK8re41kjZH43qJnp,,2024-03-23,United Airlines,United Airlines,-500.0,USD,in store,False
pqpQKyBnmBTd5kgJ9BAWc5187635B9Upzk93N,y4zENX7nR7UXKB76ZznycK8re41kjZH43qJnp,,2024-03-22,McDonald's,McDonald's,12.0,USD,in store,False
olNeqGznozhwNk95JAm6sNaqD57NVJiobr488,y4zENX7nR7UXKB76ZznycK8re41kjZH43qJnp,,2024-03-22,Starbucks,Starbucks,4.33,USD,in store,False
gEZxnGgW6gSkoNyq1DAPsmDMrPKmQESE5rjqn,y4zENX7nR7UXKB76ZznycK8re41kjZH43qJnp,,2024-03-21,FUN,SparkFun,89.4,USD,in store,False
9PNm1azEjzSnKAe8E1gyHkQBGL3kXwH4gnzQV,9PNm1azEjzSnKAe8E1gyHkQNer64Xjh4GW7yJ,,2024-03-20,,INTRST PYMNT,-4.22,USD,other,False
RzXpdaKDAKT6XdpVGPNzt7M8eNB7GWHaAJ7NW,RzXpdaKDAKT6XdpVGPNzt7MmxKDQGpsalv6k6,,2024-03-10,United Airlines,United Airlines,500.0,USD,in store,False
8NVbMdrEPrIeDrLVQy98hvQg1A3vNlcW8zvjm,y4zENX7nR7UXKB76ZznycK8re41kjZH43qJnp,,2024-03-08,Uber,Uber 072515 SF**POOL**,6.33,USD,online,False
6aNGQ3qE4qUPgAlJyZ6kce3o9WNeQAS8eGjQL,RzXpdaKDAKT6XdpVGPNzt7MmxKDQGpsalv6k6,,2024-03-05,,Tectra Inc,500.0,USD,in store,False
VdGEPj3Dm3SjrPgaNoedfMRwDQrMNbS9ERbQE,RzXpdaKDAKT6XdpVGPNzt7MmxKDQGpsalv6k6,,2024-03-04,,AUTOMATIC PAYMENT - THANK,2078.5,USD,online,False
DgjkbLeDGeCxGbVdaremfl8a5grldBF3JnmNQ,RzXpdaKDAKT6XdpVGPNzt7MmxKDQGpsalv6k6,,2024-03-04,KFC,KFC,500.0,USD,in store,False
X4EA7edWRdUdo78QKEZ4cw5VG8awKNTbLypkn,RzXpdaKDAKT6XdpVGPNzt7MmxKDQGpsalv6k6,,2024-03-04,,Madison Bicycle Shop,500.0,USD,in store,False
vx9odwNnJNsXWKylDRepcWJyVxpW8Dtq1lakX,9PNm1azEjzSnKAe8E1gyHkQNer64Xjh4GW7yJ,,2024-02-24,,CREDIT CARD 3333 PAYMENT *//,25.0,USD,other,False
E8EdmpQDWQhn6G7gZwAmHq64GrMqQVc4mVZJm,y4zENX7nR7UXKB76ZznycK8re41kjZH43qJnp,,2024-02-24,Uber,Uber 063015 SF**POOL**,5.4,USD,online,False
wd9kaGPm1PSgqyZR6D1EHnLGw4Vno6uPmLAR1,6aNGQ3qE4qUPgAlJyZ6kce3lG1PEQLu89oEKV,,2024-02-23,,ACH Electronic CreditGUSTO PAY 123456,5850.0,USD,online,False
1z3gNqREBRT8xo6gPjLJCrqvKxPrE1ipr3bog,vx9odwNnJNsXWKylDRepcWJ39gml8Gtqz3Le4,,2024-02-23,,CD DEPOSIT .INITIAL.,1000.0,USD,other,False
wd9kaGPm1PSgqyZR6D1EHnLGw4Vno6uPmLAz1,RzXpdaKDAKT6XdpVGPNzt7MmxKDQGpsalv6k6,,2024-02-22,,Touchstone Climbing,78.5,USD,in store,False
WagWj7xDAxUEp68zeKQaU16Jo3Q1eDU6jvoKQ,y4zENX7nR7UXKB76ZznycK8re41kjZH43qJnp,,2024-02-22,United Airlines,United Airlines,-500.0,USD,in store,False
ALbzAZPEWPInBA5wgQJ3Hyqxj7kyd4t95yREL,y4zENX7nR7UXKB76ZznycK8re41kjZH43qJnp,,2024-02-21,McDonald's,McDonald's,12.0,USD,in store,False
GWB49gMD6MfxAMz6kRlPfrxnePLrkVi6o8Jyx,y4zENX7nR7UXKB76ZznycK8re41kjZH43qJnp,,2024-02-21,Starbucks,Starbucks,4.33,USD,in store,False
ny17lGrn9rS6p8X1Br4Dtp4zRErpQBuAQEPwl,y4zENX7nR7UXKB76ZznycK8re41kjZH43qJnp,,2024-02-20,FUN,SparkFun,89.4,USD,in store,False
RzXpdaKDAKT6XdpVGPNzt7M8eNB7GWHaAJ7bJ,9PNm1azEjzSnKAe8E1gyHkQNer64Xjh4GW7yJ,,2024-02-19,,INTRST PYMNT,-4.22,USD,other,False
5dGAeBlmalSlGAmV1WnbuBgP3o8BrmC58gzXX,RzXpdaKDAKT6XdpVGPNzt7MmxKDQGpsalv6k6,,2024-02-09,United Airlines,United Airlines,500.0,USD,in store,False
bLQKkGMWoMI3qQZoM7AehzymjKvzMDCm7zgQp,y4zENX7nR7UXKB76ZznycK8re41kjZH43qJnp,,2024-02-07,Uber,Uber 072515 SF**POOL**,6.33,USD,online,False
JnRjlqpDWpHxJlm6Rgref3a7vDG3RBfBkZpXM,RzXpdaKDAKT6XdpVGPNzt7MmxKDQGpsalv6k6,,2024-02-04,,Tectra Inc,500.0,USD,in store,False
qKpZrG3yo3c4moAbq3JacBLl8mrB7qCgRo8lz,RzXpdaKDAKT6XdpVGPNzt7MmxKDQGpsalv6k6,,2024-02-03,,AUTOMATIC PAYMENT - THANK,2078.5,USD,online,False
lb5PvGknokhm1Dgq5kdAS17kQvR1JrUpRJ1B3,RzXpdaKDAKT6XdpVGPNzt7MmxKDQGpsalv6k6,,2024-02-03,KFC,KFC,500.0,USD,in store,False
knjN96lWolHAaMdmblxQh4MrneP4kbtLowr76,RzXpdaKDAKT6XdpVGPNzt7MmxKDQGpsalv6k6,,2024-02-03,,Madison Bicycle Shop,500.0,USD,in store,False
6aNGQ3qE4qUPgAlJyZ6kce3o9WNeQAS8eGjXm,9PNm1azEjzSnKAe8E1gyHkQNer64Xjh4GW7yJ,,2024-01-25,,CREDIT CARD 3333 PAYMENT *//,25.0,USD,other,False
mmZjRGKnwKIDW6ZL5KaMHW4wANQWJ5tgXPRzD,y4zENX7nR7UXKB76ZznycK8re41kjZH43qJnp,,2024-01-25,Uber,Uber 063015 SF**POOL**,5.4,USD,online,False
5dGAeBlmalSlGAmV1WnbuBgP3o8BrmC58gzyX,6aNGQ3qE4qUPgAlJyZ6kce3lG1PEQLu89oEKV,,2024-01-24,,ACH Electronic CreditGUSTO PAY 123456,5850.0,USD,online,False
LmyeKrkDwkIq7KXgRpBmhdVZv1mdR9ukEoga7,vx9odwNnJNsXWKylDRepcWJ39gml8Gtqz3Le4,,2024-01-24,,CD DEPOSIT .INITIAL.,1000.0,USD,other,False
Kb97qKoDWohLKq6knAzQUxXrR1jxnWiR1ngov,RzXpdaKDAKT6XdpVGPNzt7MmxKDQGpsalv6k6,,2024-01-23,,Touchstone Climbing,78.5,USD,in store,False
y4zENX7nR7UXKB76ZznycK8Bgd9KjQu4w5keQ,y4zENX7nR7UXKB76ZznycK8re41kjZH43qJnp,,2024-01-23,United Airlines,United Airlines,-500.0,USD,in store,False
9PNm1azEjzSnKAe8E1gyHkQBGL3kXwH4gnzaW,y4zENX7nR7UXKB76ZznycK8re41kjZH43qJnp,,2024-01-22,McDonald's,McDonald's,12.0,USD,in store,False
vx9odwNnJNsXWKylDRepcWJyVxpW8Dtq1laAj,y4zENX7nR7UXKB76ZznycK8re41kjZH43qJnp,,2024-01-22,Starbucks,Starbucks,4.33,USD,in store,False
RzXpdaKDAKT6XdpVGPNzt7M8eNB7GWHaAJ739,y4zENX7nR7UXKB76ZznycK8re41kjZH43qJnp,,2024-01-21,FUN,SparkFun,89.4,USD,in store,False
X4EA7edWRdUdo78QKEZ4cw5VG8awKNTbLypnD,9PNm1azEjzSnKAe8E1gyHkQNer64Xjh4GW7yJ,,2024-01-20,,INTRST PYMNT,-4.22,USD,other,False
rryMzGxnoxTogZD9qAjNUgBw4jVgDqu71oLb5,RzXpdaKDAKT6XdpVGPNzt7MmxKDQGpsalv6k6,,2024-01-10,United Airlines,United Airlines,500.0,USD,in store,False
6aNGQ3qE4qUPgAlJyZ6kce3o9WNeQAS8eGjLl,y4zENX7nR7UXKB76ZznycK8re41kjZH43qJnp,,2024-01-08,Uber,Uber 072515 SF**POOL**,6.33,USD,online,False
zNxWPGeX1eId6y7DomVpcnDVvJXnyoulQqDd9,RzXpdaKDAKT6XdpVGPNzt7MmxKDQGpsalv6k6,,2024-01-05,,Tectra Inc,500.0,USD,in store,False
xaw84GjnmjUvDzGqQBJpiDvylwzDpQu6eNmM7,RzXpdaKDAKT6XdpVGPNzt7MmxKDQGpsalv6k6,,2024-01-04,,AUTOMATIC PAYMENT - THANK,2078.5,USD,online,False
33wEjrRAxRurV1DEZ6XJiER6W5bEydfZEPGgj,RzXpdaKDAKT6XdpVGPNzt7MmxKDQGpsalv6k6,,2024-01-04,KFC,KFC,500.0,USD,in store,False
BpdBGMjbWjhqgjdZQrMxhMQ9zP1MWwS4gZqvB,RzXpdaKDAKT6XdpVGPNzt7MmxKDQGpsalv6k6,,2024-01-04,,Madison Bicycle Shop,500.0,USD,in store,False
DgjkbLeDGeCxGbVdaremfl8a5grldBF3Jnmad,9PNm1azEjzSnKAe8E1gyHkQNer64Xjh4GW7yJ,,2023-12-26,,CREDIT CARD 3333 PAYMENT *//,25.0,USD,other,False
X4EA7edWRdUdo78QKEZ4cw5VG8awKNTbLypq6,y4zENX7nR7UXKB76ZznycK8re41kjZH43qJnp,,2023-12-26,Uber,Uber 063015 SF**POOL**,5.4,USD,online,False
JnRjlqpDWpHxJlm6Rgref3a7vDG3RBfBkZpMM,6aNGQ3qE4qUPgAlJyZ6kce3lG1PEQLu89oEKV,,2023-12-25,,ACH Electronic CreditGUSTO PAY 123456,5850.0,USD,online,False
pqpQKyBnmBTd5kgJ9BAWc5187635B9Upzk9nv,vx9odwNnJNsXWKylDRepcWJ39gml8Gtqz3Le4,,2023-12-25,,CD DEPOSIT .INITIAL.,1000.0,USD,other,False
doazWkL69LIwBlK6p7nasP7qKLmPpatJRGoyN,RzXpdaKDAKT6XdpVGPNzt7MmxKDQGpsalv6k6,,2023-12-24,,Touchstone Climbing,78.5,USD,in store,False
DgjkbLeDGeCxGbVdaremfl8a5grldBF3Jnmxe,y4zENX7nR7UXKB76ZznycK8re41kjZH43qJnp,,2023-12-24,United Airlines,United Airlines,-500.0,USD,in store,False
VdGEPj3Dm3SjrPgaNoedfMRwDQrMNbS9ERbe1,y4zENX7nR7UXKB76ZznycK8re41kjZH43qJnp,,2023-12-23,McDonald's,McDonald's,12.0,USD,in store,False
wd9kaGPm1PSgqyZR6D1EHnLGw4Vno6uPmLAj8,y4zENX7nR7UXKB76ZznycK8re41kjZH43qJnp,,2023-12-23,Starbucks,Starbucks,4.33,USD,in store,False
5dGAeBlmalSlGAmV1WnbuBgP3o8BrmC58gzME,y4zENX7nR7UXKB76ZznycK8re41kjZH43qJnp,,2023-12-22,FUN,SparkFun,89.4,USD,in store,False
VdGEPj3Dm3SjrPgaNoedfMRwDQrMNbS9ERbPN,9PNm1azEjzSnKAe8E1gyHkQNer64Xjh4GW7yJ,,2023-12-21,,INTRST PYMNT,-4.22,USD,other,False
a1yqg8ZbGZcJGdpNaRW3UWgPLzrWabtZDPp6w,RzXpdaKDAKT6XdpVGPNzt7MmxKDQGpsalv6k6,,2023-12-11,United Airlines,United Airlines,500.0,USD,in store,False
JnRjlqpDWpHxJlm6Rgref3a7vDG3RBfBkZpqK,y4zENX7nR7UXKB76ZznycK8re41kjZH43qJnp,,2023-12-09,Uber,Uber 072515 SF**POOL**,6.33,USD,online,False
4xjW7zR5dRsQvodWJyZnhzoKjexzynCJLk8pP,RzXpdaKDAKT6XdpVGPNzt7MmxKDQGpsalv6k6,,2023-12-06,,Tectra Inc,500.0,USD,in store,False
jGX4y9Wn6WCmW71M3RepSW1Nd9LW83t6awoKo,RzXpdaKDAKT6XdpVGPNzt7MmxKDQGpsalv6k6,,2023-12-05,,AUTOMATIC PAYMENT - THANK,2078.5,USD,online,False
PKX13xlDAlcwR3pErLa9sPMKzZnPrVtoAJELb,RzXpdaKDAKT6XdpVGPNzt7MmxKDQGpsalv6k6,,2023-12-05,KFC,KFC,500.0,USD,in store,False
NlbZzBEDyEhadzEBg8xlU4Wnr3z4g6tyQxL8z,RzXpdaKDAKT6XdpVGPNzt7MmxKDQGpsalv6k6,,2023-12-05,,Madison Bicycle Shop,500.0,USD,in store,False
wd9kaGPm1PSgqyZR6D1EHnLGw4Vno6uPmLAod,9PNm1azEjzSnKAe8E1gyHkQNer64Xjh4GW7yJ,,2023-11-26,,CREDIT CARD 3333 PAYMENT *//,25.0,USD,other,False
knjN96lWolHAaMdmblxQh4MrneP4kbtLowrKr,y4zENX7nR7UXKB76ZznycK8re41kjZH43qJnp,,2023-11-26,Uber,Uber 063015 SF**POOL**,5.4,USD,online,False
knjN96lWolHAaMdmblxQh4MrneP4kbtLowrD6,6aNGQ3qE4qUPgAlJyZ6kce3lG1PEQLu89oEKV,,2023-11-25,,ACH Electronic CreditGUSTO PAY 123456,5850.0,USD,online,False
olNeqGznozhwNk95JAm6sNaqD57NVJiobr4yM,vx9odwNnJNsXWKylDRepcWJ39gml8Gtqz3Le4,,2023-11-25,,CD DEPOSIT .INITIAL.,1000.0,USD,other,False
743nZxKDNKUBJAoQN6g9sxE4VWLxkvidxj4bN,RzXpdaKDAKT6XdpVGPNzt7MmxKDQGpsalv6k6,,2023-11-24,,Touchstone Climbing,78.5,USD,in store,False
lb5PvGknokhm1Dgq5kdAS17kQvR1JrUpRJ18L,y4zENX7nR7UXKB76ZznycK8re41kjZH43qJnp,,2023-11-24,United Airlines,United Airlines,-500.0,USD,in store,False
qKpZrG3yo3c4moAbq3JacBLl8mrB7qCgRo8kd,y4zENX7nR7UXKB76ZznycK8re41kjZH43qJnp,,2023-11-23,McDonald's,McDonald's,12.0,USD,in store,False
Kb97qKoDWohLKq6knAzQUxXrR1jxnWiR1ngbR,y4zENX7nR7UXKB76ZznycK8re41kjZH43qJnp,,2023-11-23,Starbucks,Starbucks,4.33,USD,in store,False
rryMzGxnoxTogZD9qAjNUgBw4jVgDqu71oLgd,y4zENX7nR7UXKB76ZznycK8re41kjZH43qJnp,,2023-11-22,FUN,SparkFun,89.4,USD,in store,False
5dGAeBlmalSlGAmV1WnbuBgP3o8BrmC58gz7e,9PNm1azEjzSnKAe8E1gyHkQNer64Xjh4GW7yJ,,2023-11-21,,INTRST PYMNT,-4.22,USD,other,False
egQBAGpWDpCqEPl3b7JvhXekQm8X6jtrmEyvL,RzXpdaKDAKT6XdpVGPNzt7MmxKDQGpsalv6k6,,2023-11-11,United Airlines,United Airlines,500.0,USD,in store,False
zNxWPGeX1eId6y7DomVpcnDVvJXnyoulQqDWw,y4zENX7nR7UXKB76ZznycK8re41kjZH43qJnp,,2023-11-09,Uber,Uber 072515 SF**POOL**,6.33,USD,online,False
QrgLxdqDAqTDVxrQGPv9HjLrRVWj4bfwDzrPw,RzXpdaKDAKT6XdpVGPNzt7MmxKDQGpsalv6k6,,2023-11-06,,Tectra Inc,500.0,USD,in store,False
1z3gNqREBRT8xo6gPjLJCrqvKxPrE1ipr3b9m,RzXpdaKDAKT6XdpVGPNzt7MmxKDQGpsalv6k6,,2023-11-05,,AUTOMATIC PAYMENT - THANK,2078.5,USD,online,False
MyGQrz8DV8SB8rzJjg3MsaBVnz5ajDCL1zbXe,RzXpdaKDAKT6XdpVGPNzt7MmxKDQGpsalv6k6,,2023-11-05,KFC,KFC,500.0,USD,in store,False
ZPDnQZ4WA4SNBQpyJxv9ugQPqaEg1XueGznaJ,RzXpdaKDAKT6XdpVGPNzt7MmxKDQGpsalv6k6,,2023-11-05,,Madison Bicycle Shop,500.0,USD,in store,False
JnRjlqpDWpHxJlm6Rgref3a7vDG3RBfBkZpgl,9PNm1azEjzSnKAe8E1gyHkQNer64Xjh4GW7yJ,,2023-10-27,,CREDIT CARD 3333 PAYMENT *//,25.0,USD,other,False
BpdBGMjbWjhqgjdZQrMxhMQ9zP1MWwS4gZqnL,y4zENX7nR7UXKB76ZznycK8re41kjZH43qJnp,,2023-10-27,Uber,Uber 063015 SF**POOL**,5.4,USD,online,False
ny17lGrn9rS6p8X1Br4Dtp4zRErpQBuAQEPVq,6aNGQ3qE4qUPgAlJyZ6kce3lG1PEQLu89oEKV,,2023-10-26,,ACH Electronic CreditGUSTO PAY 123456,5850.0,USD,online,False
gEZxnGgW6gSkoNyq1DAPsmDMrPKmQESE5rj1D,vx9odwNnJNsXWKylDRepcWJ39gml8Gtqz3Le4,,2023-10-26,,CD DEPOSIT .INITIAL.,1000.0,USD,other,False
LmyeKrkDwkIq7KXgRpBmhdVZv1mdR9ukEog6o,RzXpdaKDAKT6XdpVGPNzt7MmxKDQGpsalv6k6,,2023-10-25,,Touchstone Climbing,78.5,USD,in store,False
33wEjrRAxRurV1DEZ6XJiER6W5bEydfZEPG3P,y4zENX7nR7UXKB76ZznycK8re41kjZH43qJnp,,2023-10-25,United Airlines,United Airlines,-500.0,USD,in store,False
xaw84GjnmjUvDzGqQBJpiDvylwzDpQu6eNmvk,y4zENX7nR7UXKB76ZznycK8re41kjZH43qJnp,,2023-10-24,McDonald's,McDonald's,12.0,USD,in store,False
doazWkL69LIwBlK6p7nasP7qKLmPpatJRGoeX,y4zENX7nR7UXKB76ZznycK8re41kjZH43qJnp,,2023-10-24,Starbucks,Starbucks,4.33,USD,in store,False
a1yqg8ZbGZcJGdpNaRW3UWgPLzrWabtZDPpLn,y4zENX7nR7UXKB76ZznycK8re41kjZH43qJnp,,2023-10-23,FUN,SparkFun,89.4,USD,in store,False
knjN96lWolHAaMdmblxQh4MrneP4kbtLowrdy,9PNm1azEjzSnKAe8E1gyHkQNer64Xjh4GW7yJ,,2023-10-22,,INTRST PYMNT,-4.22,USD,other,False
jQXAv1Pl4wt7yxaKBdQLSW1yn6k8DeI6WEw91,axyMQ495qoHdAEr9mlx1HWgnm3Bp7DFowzjGM,,2025-10-12,Adidas,Adidas,39.0,USD,in store,False
DZjMJpV5kxhbWv6yJXoZcl8vy4PdMNf3W1nZp,axyMQ495qoHdAEr9mlx1HWgnm3Bp7DFowzjGM,,2025-10-12,Budget Insurance,Budget Insurance,79.0,USD,online,False
eNQoL715BbTP5MRwknNzcXedvPo6Zbfr9gEPw,axyMQ495qoHdAEr9mlx1HWgnm3Bp7DFowzjGM,,2025-10-12,Planet Spice,Planet Spice,20.0,USD,in store,False
lM5l6pdKPqSDEbjoBxMJu17lagdJ8XUpo4J6v,axyMQ495qoHdAEr9mlx1HWgnm3Bp7DFowzjGM,,2025-10-12,Sainsbury's,Sainsbury's,89.4,USD,in store,False
5KGrk36gALIA7M4xpJBeUBgq96Dr1Rt5Kvg6q,axyMQ495qoHdAEr9mlx1HWgnm3Bp7DFowzjGM,,2025-10-11,,HMRC,72.0,USD,in store,False
DZjMJpV5kxhbWv6yJXoZcl8vy4PdMNf3W1npL,4qjK1BGoWMtop63wjG14Szo1G4gAQvC9zZ6EK,,2025-10-11,,INTRST PYMNT,-4.22,USD,other,False
d4ap1j85zGTlo5X3jE41uP79rWkp1XCJEkG9p,axyMQ495qoHdAEr9mlx1HWgnm3Bp7DFowzjGM,,2025-10-10,Home Bargains,Home Bargains,70.0,USD,in store,False
VRGxBVr5ElIPApRE8w3GcMRX9pVNeBF9gaRDL,axyMQ495qoHdAEr9mlx1HWgnm3Bp7DFowzjGM,,2025-10-10,Pets And Claws Pet Insurance,Pets And Claws Pet Insurance,32.0,USD,online,False
zyx7vR9QWntybJW3qzBNHnDezQmy7BflNVqjy,axyMQ495qoHdAEr9mlx1HWgnm3Bp7DFowzjGM,,2025-10-10,Rookery Mini Market,Rookery Mini Market,35.0,USD,in store,False
A7beJMpRzqtArpWoeEx6Uyq8AMZdmBh9r8yMq,axyMQ495qoHdAEr9mlx1HWgnm3Bp7DFowzjGM,,2025-10-09,Bulb Energy,Bulb Energy,20.0,USD,online,False
RmXrqko5pRcdK4Rgq8n3H7M5Q9qGDJcap9JZZ,axyMQ495qoHdAEr9mlx1HWgnm3Bp7DFowzjGM,,2025-10-09,,Non-Sterling Transaction Fee NON-STERLING TRANSACTION,15.0,USD,other,False
ZlDNare5ndsQ4aDjwElmIgQRV3Z1J5feq3z9b,axyMQ495qoHdAEr9mlx1HWgnm3Bp7DFowzjGM,,2025-10-09,,VITALITY HEALTH,9.0,USD,online,False
8BV3gaqkbWUrJk6xAZ74tvQdjayNBriW3nz54,axyMQ495qoHdAEr9mlx1HWgnm3Bp7DFowzjGM,,2025-10-08,Cambridge City Council,Cambridge City Council,64.0,USD,in store,False
xbwPv9578ESzVMa1wxbNIDvMKL5pqAf641NgB,axyMQ495qoHdAEr9mlx1HWgnm3Bp7DFowzjGM,,2025-10-08,Wage Day Advance,Wage Day Advance,120.0,USD,online,False
MWGAJbo5QECrW4venkVqtaBw9LEjrACL6KzkK,axyMQ495qoHdAEr9mlx1HWgnm3Bp7DFowzjGM,,2025-10-07,Apple Store,Apple Store,52.0,USD,in store,False
qgpBvW9xZNtowPEkZXgKSBLeXPM7n4tgrEox9,axyMQ495qoHdAEr9mlx1HWgnm3Bp7DFowzjGM,,2025-10-07,CHIP,Chip Savings,43.0,USD,in store,False
axyMQ495qoHdAEr9mlx1HWgol73amVIZ5NPVv,axyMQ495qoHdAEr9mlx1HWgnm3Bp7DFowzjGM,,2025-10-07,Marks & Spencer,MARKS&SPENCER PLC,37.0,USD,in store,False
ZlDNare5ndsQ4aDjwElmIgQRV3Z1J5feq3zWb,axyMQ495qoHdAEr9mlx1HWgnm3Bp7DFowzjGM,,2025-10-07,Northenden Golf Club,Northenden Golf Club,48.0,USD,in store,False
PnXqJ9o51mS3ldKqve6zsPMlb1xrgaCo61Jjw,axyMQ495qoHdAEr9mlx1HWgnm3Bp7DFowzjGM,,2025-10-07,,Sports Direct,67.0,USD,in store,False
K89EJGZ57pSqjNBJEvr3UxXy4pznQKiRpynrP,axyMQ495qoHdAEr9mlx1HWgnm3Bp7DFowzjGM,,2025-10-07,YouLend,YouLend Limited / ref: No Reference,1237.0,USD,other,False
3lwqMzdpEQs1daKvBG5LSER3Arayg7cZlAPXn,axyMQ495qoHdAEr9mlx1HWgnm3Bp7DFowzjGM,,2025-10-06,Loans 2 Go,Loans 2 Go,280.0,USD,in store,False
7z3BodlEn8UAXPLpm5KVUxE9zMGkyAidJZj3d,axyMQ495qoHdAEr9mlx1HWgnm3Bp7DFowzjGM,,2025-10-06,Stobswell Dental Practice,Stobswell Dental Practice,26.0,USD,in store,False
XXEaxqB5AzI7AJpyxVaNSw56rDXKzBIbKQy8L,axyMQ495qoHdAEr9mlx1HWgnm3Bp7DFowzjGM,,2025-10-06,UniBet,unibet,180.0,USD,in store,False
m1Zqvobkjru6oxyPlV1dCW46ap1Je9IgyEP86,axyMQ495qoHdAEr9mlx1HWgnm3Bp7DFowzjGM,,2025-10-04,Capital One,CAPITAL ONE,73.0,USD,other,False
4qjK1BGoWMtop63wjG14SzomkQ4yGqiJbokWq,axyMQ495qoHdAEr9mlx1HWgnm3Bp7DFowzjGM,,2025-10-04,IKEA,IKEA,64.0,USD,in store,False
eNQoL715BbTP5MRwknNzcXedvPo6Zbfr9gEPa,axyMQ495qoHdAEr9mlx1HWgnm3Bp7DFowzjGM,,2025-10-04,MotorSport Vision,MotorSport Vision,58.0,USD,in store,False
PnXqJ9o51mS3ldKqve6zsPMlb1xrgaCo61JVw,axyMQ495qoHdAEr9mlx1HWgnm3Bp7DFowzjGM,,2025-10-04,Wilko,Wilko,57.0,USD,in store,False
JgR8JA95j1tlPNpXq87nu3aA8lJRPdtB6AZnz,axyMQ495qoHdAEr9mlx1HWgnm3Bp7DFowzjGM,,2025-10-03,Tradingview,Tradingview,26.0,USD,online,False
xbwPv9578ESzVMa1wxbNIDvMKL5pqAf641Ngj,axyMQ495qoHdAEr9mlx1HWgnm3Bp7DFowzjGM,,2025-10-02,Cartridge Discount,Cartridge Discount,40.0,USD,in store,False
QbgKlvm5L9SxqE4w8gBocjL9B1y47lcwm1zB3,axyMQ495qoHdAEr9mlx1HWgnm3Bp7DFowzjGM,,2025-10-02,Lloyds Pharmacy,Lloyds Pharmacy,22.0,USD,in store,False
popzvE93QaSkVMywrboqs51xbjnBWpSpowkee,axyMQ495qoHdAEr9mlx1HWgnm3Bp7DFowzjGM,,2025-10-01,Autobank Financial Services,Autobank Financial Services,31.0,USD,online,False
NkbGJmg5ZAhzWL1AZn9XI4W7oeGgwacy63xaL,axyMQ495qoHdAEr9mlx1HWgnm3Bp7DFowzjGM,,2025-10-01,J D Sports,J D Sports,42.0,USD,in store,False
zyx7vR9QWntybJW3qzBNHnDezQmy7BflNVq6y,axyMQ495qoHdAEr9mlx1HWgnm3Bp7DFowzjGM,,2025-10-01,,NON-GBP TRANS FEE,73.0,USD,other,False
5KGrk36gALIA7M4xpJBeUBgq96Dr1Rt5KvgLK,NkbGJmg5ZAhzWL1AZn9XI4WKwGqvepuodglNb,,2025-10-01,Ryanair,Ryanair,500.0,USD,in store,False
nL1Kvgwz7BS8y9dnqWLgUp4GdVoQwmcAloEgz,axyMQ495qoHdAEr9mlx1HWgnm3Bp7DFowzjGM,,2025-10-01,,ref: Transaction Fee,27.0,USD,other,False
NkbGJmg5ZAhzWL1AZn9XI4W7oeGgwacy63xap,axyMQ495qoHdAEr9mlx1HWgnm3Bp7DFowzjGM,,2025-09-30,Arena Birmingham,Arena Birmingham,22.0,USD,in store,False
axyMQ495qoHdAEr9mlx1HWgol73amVIZ5NPnK,axyMQ495qoHdAEr9mlx1HWgnm3Bp7DFowzjGM,,2025-09-30,Bet365,Bet365,42.0,USD,in store,False
wn9NvyJjkgSyoMrNAxnLHnLKmkJozjfPZGLKR,axyMQ495qoHdAEr9mlx1HWgnm3Bp7DFowzjGM,,2025-09-30,,Direct Deposit,-3000.0,USD,other,False
JgR8JA95j1tlPNpXq87nu3aA8lJRPdtB6AZw8,axyMQ495qoHdAEr9mlx1HWgnm3Bp7DFowzjGM,,2025-09-30,Uber,UBER INCOME - PAYROLL,-1200.0,USD,other,False
d4ap1j85zGTlo5X3jE41uP79rWkp1XCJEkG9R,axyMQ495qoHdAEr9mlx1HWgnm3Bp7DFowzjGM,,2025-09-30,UniBet,UniBet,89.0,USD,in store,False
r8y3vA9dMjSZEPxvey8rSgBbyrMDZmf7JQoNQ,axyMQ495qoHdAEr9mlx1HWgnm3Bp7DFowzjGM,,2025-09-30,Vauxhall Finance,Vauxhall Finance,48.0,USD,in store,False
RmXrqko5pRcdK4Rgq8n3H7M5Q9qGDJcap9J5b,axyMQ495qoHdAEr9mlx1HWgnm3Bp7DFowzjGM,,2025-09-30,Gorillas,gorillas,180.75,USD,in store,False
W6gd3lz5WKs6xD4jWJZRC16BWRbeZEU6ZRvxJ,axyMQ495qoHdAEr9mlx1HWgnm3Bp7DFowzjGM,,2025-09-29,,MyTaxi,66.0,USD,in store,False
6rNzpxd8GoSAb9dNDXMLUe3bEVRQP8U8D6Gzk,axyMQ495qoHdAEr9mlx1HWgnm3Bp7DFowzjGM,,2025-09-29,,OVERDRAFT FEE,72.0,USD,other,False
qgpBvW9xZNtowPEkZXgKSBLeXPM7n4tgrEoBD,axyMQ495qoHdAEr9mlx1HWgnm3Bp7DFowzjGM,,2025-09-29,Uber,Uber,6.33,USD,online,False
jQXAv1Pl4wt7yxaKBdQLSW1yn6k8DeI6WEw9g,axyMQ495qoHdAEr9mlx1HWgnm3Bp7DFowzjGM,,2025-09-27,Amazon Prime Video,Amazon Prime,12.99,USD,online,False
vG94vmAPopiK1JVLbAGNsWJblRN8maIq6plwg,axyMQ495qoHdAEr9mlx1HWgnm3Bp7DFowzjGM,,2025-09-27,,FOREIGN CURRENCY CONVERSION FEE,16.0,USD,other,False
NkbGJmg5ZAhzWL1AZn9XI4W7oeGgwacy63xkL,axyMQ495qoHdAEr9mlx1HWgnm3Bp7DFowzjGM,,2025-09-27,Primark,PRIMARK,61.0,USD,in store,False
eNQoL715BbTP5MRwknNzcXedvPo6Zbfr9gEea,axyMQ495qoHdAEr9mlx1HWgnm3Bp7DFowzjGM,,2025-09-27,,RENT,98.0,USD,in store,False
4qjK1BGoWMtop63wjG14SzomkQ4yGqiJbok4q,axyMQ495qoHdAEr9mlx1HWgnm3Bp7DFowzjGM,,2025-09-27,Walmart,Walmart,19.0,USD,in store,False
JgR8JA95j1tlPNpXq87nu3aA8lJRPdtB6AZN8,NkbGJmg5ZAhzWL1AZn9XI4WKwGqvepuodglNb,,2025-09-26,Burberry,Burberry,500.0,USD,in store,False
BedQJ196BrHjz6m3BA9pSMQBAyjWlqF4MBZan,axyMQ495qoHdAEr9mlx1HWgnm3Bp7DFowzjGM,,2025-09-26,Kensington Mortgage Company,Kensington Mortgage Company,1073.0,USD,online,False
1X3GQKm1gPIoeMybwl5pSrqX58wEL3Fpjz3VN,axyMQ495qoHdAEr9mlx1HWgnm3Bp7DFowzjGM,,2025-09-26,Nail Co,Nail Co,31.0,USD,in store,False
qgpBvW9xZNtowPEkZXgKSBLeXPM7n4tgrEoXD,NkbGJmg5ZAhzWL1AZn9XI4WKwGqvepuodglNb,,2025-09-25,,AUTOMATIC PAYMENT - THANK,2078.5,USD,in store,False
lM5l6pdKPqSDEbjoBxMJu17lagdJ8XUpo4JAv,NkbGJmg5ZAhzWL1AZn9XI4WKwGqvepuodglNb,,2025-09-25,Alfies Fish & Chips,Alfies Fish & Chips,500.0,USD,in store,False
d4ap1j85zGTlo5X3jE41uP79rWkp1XCJEkGrp,axyMQ495qoHdAEr9mlx1HWgnm3Bp7DFowzjGM,,2025-09-25,,Boscombe Convenience,28.0,USD,in store,False
opNrv89BexSkEPvQKLplsNabLKyVEXCoqjrAG,axyMQ495qoHdAEr9mlx1HWgnm3Bp7DFowzjGM,,2025-09-25,Homeserve,Homeserve,24.0,USD,in store,False
XXEaxqB5AzI7AJpyxVaNSw56rDXKzBIbKQyD8,axyMQ495qoHdAEr9mlx1HWgnm3Bp7DFowzjGM,,2025-09-25,,INTEREST CHARGED INTEREST CHARGED,22.0,USD,other,False
kZjGvLkqNJhMEkWzgGVJT4MQdDakNBcL69wRl,NkbGJmg5ZAhzWL1AZn9XI4WKwGqvepuodglNb,,2025-09-25,,JD Sports,500.0,USD,in store,False
4qjK1BGoWMtop63wjG14SzomkQ4yGqiJbokWp,axyMQ495qoHdAEr9mlx1HWgnm3Bp7DFowzjGM,,2025-09-25,Manchester Arena,Manchester Arena,125.0,USD,in store,False
K89EJGZ57pSqjNBJEvr3UxXy4pznQKiRpynJM,axyMQ495qoHdAEr9mlx1HWgnm3Bp7DFowzjGM,,2025-09-25,Moneybox,Moneybox,41.0,USD,online,False
gjZ8oQk5xvHNnMLXKGjvFmDVywBQpAsE8or9k,axyMQ495qoHdAEr9mlx1HWgnm3Bp7DFowzjGM,,2025-09-25,The Zoological Society of London,The Zoological Society of London,73.0,USD,in store,False
kZjGvLkqNJhMEkWzgGVJT4MQdDakNBcL69wAl,axyMQ495qoHdAEr9mlx1HWgnm3Bp7DFowzjGM,,2025-09-24,H&M,H&M,50.22,USD,in store,False
DZjMJpV5kxhbWv6yJXoZcl8vy4PdMNf3W1nGL,axyMQ495qoHdAEr9mlx1HWgnm3Bp7DFowzjGM,,2025-09-24,Zilch,zilch london,120.48,USD,other,False
7z3BodlEn8UAXPLpm5KVUxE9zMGkyAidJZj3o,axyMQ495qoHdAEr9mlx1HWgnm3Bp7DFowzjGM,,2025-09-23,Five Rivers Coffee Company,Five Rivers Coffee Company,10.0,USD,in store,False
EME1Jov5daSGxoeW8JBysq6yZXPQNJT4xyVza,axyMQ495qoHdAEr9mlx1HWgnm3Bp7DFowzjGM,,2025-09-23,Kingshill Cars,Kingshill Cars,75.0,USD,in store,False
93NxJ4KAmGUA75MdJRxVUkQA4JmX6li4xrnMw,axyMQ495qoHdAEr9mlx1HWgnm3Bp7DFowzjGM,,2025-09-23,Nando's,Nandos,45.0,USD,in store,False
lM5l6pdKPqSDEbjoBxMJu17lagdJ8XUpo4JNb,axyMQ495qoHdAEr9mlx1HWgnm3Bp7DFowzjGM,,2025-09-23,Pokerstars,Pokerstars,13.0,USD,in store,False
PnXqJ9o51mS3ldKqve6zsPMlb1xrgaCo61Jj6,axyMQ495qoHdAEr9mlx1HWgnm3Bp7DFowzjGM,,2025-09-23,Spotify,Spotify,19.99,USD,online,False
axyMQ495qoHdAEr9mlx1HWgol73amVIZ5NPnv,axyMQ495qoHdAEr9mlx1HWgnm3Bp7DFowzjGM,,2025-09-22,Ceramic Tile Company,Ceramic Tile Company,42.0,USD,in store,False
QbgKlvm5L9SxqE4w8gBocjL9B1y47lcwm1zB8,axyMQ495qoHdAEr9mlx1HWgnm3Bp7DFowzjGM,,2025-09-22,King Street Brew House,King Street Brew House,146.0,USD,in store,False
QbgKlvm5L9SxqE4w8gBocjL9B1y47lcwm1zR3,axyMQ495qoHdAEr9mlx1HWgnm3Bp7DFowzjGM,,2025-09-22,Sky,SKY DIGITAL,40.0,USD,online,False
MWGAJbo5QECrW4venkVqtaBw9LEjrACL6Kzkz,axyMQ495qoHdAEr9mlx1HWgnm3Bp7DFowzjGM,,2025-09-21,Elemis Spa,Elemis Spa,77.0,USD,in store,False
ZlDNare5ndsQ4aDjwElmIgQRV3Z1J5feq3zW5,axyMQ495qoHdAEr9mlx1HWgnm3Bp7DFowzjGM,,2025-09-21,HelloFresh,Hellofresh,18.0,USD,in store,False
jQXAv1Pl4wt7yxaKBdQLSW1yn6k8DeI6WEwl1,axyMQ495qoHdAEr9mlx1HWgnm3Bp7DFowzjGM,,2025-09-21,,MACDONALD HOTELS,68.0,USD,in store,False
wn9NvyJjkgSyoMrNAxnLHnLKmkJozjfPZGLQ4,axyMQ495qoHdAEr9mlx1HWgnm3Bp7DFowzjGM,,2025-09-20,And Customs,HM Revenue and Customs,12.0,USD,in store,False
r8y3vA9dMjSZEPxvey8rSgBbyrMDZmf7JQomn,axyMQ495qoHdAEr9mlx1HWgnm3Bp7DFowzjGM,,2025-09-20,Monzo,Monzo,72.0,USD,in store,False
1X3GQKm1gPIoeMybwl5pSrqX58wEL3Fpjz3EN,axyMQ495qoHdAEr9mlx1HWgnm3Bp7DFowzjGM,,2025-09-19,,HMRC,52.0,USD,in store,False
VRGxBVr5ElIPApRE8w3GcMRX9pVNeBF9gaRNQ,axyMQ495qoHdAEr9mlx1HWgnm3Bp7DFowzjGM,,2025-09-19,Flixbus,flixbus,140.0,USD,in store,False
BedQJ196BrHjz6m3BA9pSMQBAyjWlqF4MBZaW,axyMQ495qoHdAEr9mlx1HWgnm3Bp7DFowzjGM,,2025-09-18,Am 2 Pm Convenience Store,Am 2 Pm Convenience Store,41.0,USD,in store,False
zyx7vR9QWntybJW3qzBNHnDezQmy7BflNVqj1,axyMQ495qoHdAEr9mlx1HWgnm3Bp7DFowzjGM,,2025-09-18,American Express,American Express,1400.0,USD,other,False
GLBpJ8o54jSM91JDEanZTrx8K9wkdgF6Ma8wE,axyMQ495qoHdAEr9mlx1HWgnm3Bp7DFowzjGM,,2025-09-18,,HMRC,16.0,USD,in store,False
ymzjwv5eEAcBERQlmWbPsK8PkNxj1lH46G5pl,axyMQ495qoHdAEr9mlx1HWgnm3Bp7DFowzjGM,,2025-09-18,,HSBC PLC LOANS,77.0,USD,other,False
bdQ1ZNgJK8sQEkywgWdnIzyx1E4Mpnimblzra,axyMQ495qoHdAEr9mlx1HWgnm3Bp7DFowzjGM,,2025-09-18,Klarna,Klarna,49.0,USD,other,False
xbwPv9578ESzVMa1wxbNIDvMKL5pqAf641NLj,axyMQ495qoHdAEr9mlx1HWgnm3Bp7DFowzjGM,,2025-09-18,Microsoft,Microsoft,19.0,USD,in store,False
kZjGvLkqNJhMEkWzgGVJT4MQdDakNBcL69wmP,axyMQ495qoHdAEr9mlx1HWgnm3Bp7DFowzjGM,,2025-09-18,Nutmeg,Nutmeg,64.0,USD,online,False
LEyWJno5egcKnNWrEZxlsdVkbXxR5rukj7oB3,axyMQ495qoHdAEr9mlx1HWgnm3Bp7DFowzjGM,,2025-09-18,Park Veterinary Centre,Park Veterinary Centre,36.0,USD,in store,False
7z3BodlEn8UAXPLpm5KVUxE9zMGkyAidJZjrd,axyMQ495qoHdAEr9mlx1HWgnm3Bp7DFowzjGM,,2025-09-18,Trainline,Trainline,55.0,USD,in store,False
MWGAJbo5QECrW4venkVqtaBw9LEjrACL6KzGz,axyMQ495qoHdAEr9mlx1HWgnm3Bp7DFowzjGM,,2025-09-17,Bupa,BUPA UK,175.0,USD,online,False
3lwqMzdpEQs1daKvBG5LSER3Arayg7cZlAPXJ,axyMQ495qoHdAEr9mlx1HWgnm3Bp7DFowzjGM,,2025-09-17,Harrods,Harrods,51.0,USD,in store,False
3lwqMzdpEQs1daKvBG5LSER3Arayg7cZlAP5J,axyMQ495qoHdAEr9mlx1HWgnm3Bp7DFowzjGM,,2025-09-17,,Last Orders Drink,258.0,USD,in store,False
6rNzpxd8GoSAb9dNDXMLUe3bEVRQP8U8D6Gn3,axyMQ495qoHdAEr9mlx1HWgnm3Bp7DFowzjGM,,2025-09-17,Netflix,Netflix,14.99,USD,online,False
vG94vmAPopiK1JVLbAGNsWJblRN8maIq6plVA,axyMQ495qoHdAEr9mlx1HWgnm3Bp7DFowzjGM,,2025-09-17,Shop,Pet Shop,8.99,USD,in store,False
5KGrk36gALIA7M4xpJBeUBgq96Dr1Rt5KvgjK,axyMQ495qoHdAEr9mlx1HWgnm3Bp7DFowzjGM,,2025-09-16,Royal Mail,123456789 Royal Mail,10.0,USD,in store,False
VRGxBVr5ElIPApRE8w3GcMRX9pVNeBF9gaRAQ,NkbGJmg5ZAhzWL1AZn9XI4WKwGqvepuodglNb,,2025-09-16,,CREDIT CARD 3333 PAYMENT *//,25.0,USD,in store,False
LEyWJno5egcKnNWrEZxlsdVkbXxR5rukj7od3,axyMQ495qoHdAEr9mlx1HWgnm3Bp7DFowzjGM,,2025-09-16,,HMRC,52.0,USD,in store,False
BedQJ196BrHjz6m3BA9pSMQBAyjWlqF4MBZVW,axyMQ495qoHdAEr9mlx1HWgnm3Bp7DFowzjGM,,2025-09-16,Starbucks,Starbucks,12.0,USD,in store,False
wn9NvyJjkgSyoMrNAxnLHnLKmkJozjfPZGLdR,NkbGJmg5ZAhzWL1AZn9XI4WKwGqvepuodglNb,,2025-09-16,Amazon,amazon.co.uk,25.0,USD,online,True
W6gd3lz5WKs6xD4jWJZRC16BWRbeZEU6ZRvqJ,axyMQ495qoHdAEr9mlx1HWgnm3Bp7DFowzjGM,,2025-09-15,Aldi,Aldi,121.0,USD,in store,False
EME1Jov5daSGxoeW8JBysq6yZXPQNJT4xyV3a,axyMQ495qoHdAEr9mlx1HWgnm3Bp7DFowzjGM,,2025-09-15,Star Food And Wine,Star Food And Wine,17.0,USD,in store,False
K89EJGZ57pSqjNBJEvr3UxXy4pznQKiRpyn3P,jQXAv1Pl4wt7yxaKBdQLSW1BDkV76AFxdBNby,,2025-09-15,,CD DEPOSIT .INITIAL.,1000.0,USD,in store,False
GLBpJ8o54jSM91JDEanZTrx8K9wkdgF6Ma8RE,axyMQ495qoHdAEr9mlx1HWgnm3Bp7DFowzjGM,,2025-09-15,Nottinghill Pharmacy,Nottinghill Pharmacy,51.0,USD,in store,False
popzvE93QaSkVMywrboqs51xbjnBWpSpowk8e,axyMQ495qoHdAEr9mlx1HWgnm3Bp7DFowzjGM,,2025-09-14,Diamond Insurance,Diamond Insurance,39.0,USD,online,False
XXEaxqB5AzI7AJpyxVaNSw56rDXKzBIbKQylL,axyMQ495qoHdAEr9mlx1HWgnm3Bp7DFowzjGM,,2025-09-14,Sports,Reydon Sports,31.0,USD,in store,False
bdQ1ZNgJK8sQEkywgWdnIzyx1E4Mpnimblzva,axyMQ495qoHdAEr9mlx1HWgnm3Bp7DFowzjGM,,2025-09-14,Ryanair,Ryanair **** REFUND ****,-500.0,USD,in store,False
ymzjwv5eEAcBERQlmWbPsK8PkNxj1lH46G5vl,axyMQ495qoHdAEr9mlx1HWgnm3Bp7DFowzjGM,,2025-09-14,Takeway,takeaway,55.0,USD,online,False
vG94vmAPopiK1JVLbAGNsWJblRN8maIq6pl7A,axyMQ495qoHdAEr9mlx1HWgnm3Bp7DFowzjGM,,2025-09-13,,BANK TRANSFER,-500.0,USD,other,False
RmXrqko5pRcdK4Rgq8n3H7M5Q9qGDJcap9J1b,axyMQ495qoHdAEr9mlx1HWgnm3Bp7DFowzjGM,,2025-09-13,Blue Planet Aquarium,Blue Planet Aquarium,42.0,USD,in store,False
nL1Kvgwz7BS8y9dnqWLgUp4GdVoQwmcAloEmz,axyMQ495qoHdAEr9mlx1HWgnm3Bp7DFowzjGM,,2025-09-13,Brighouse Swimming Pool & Fitness Centre,Brighouse Swimming Pool & Fitness Centre,56.0,USD,in store,False
gjZ8oQk5xvHNnMLXKGjvFmDVywBQpAsE8ordk,axyMQ495qoHdAEr9mlx1HWgnm3Bp7DFowzjGM,,2025-09-13,First Direct Arena,First Direct Arena,52.0,USD,in store,False
93NxJ4KAmGUA75MdJRxVUkQA4JmX6li4xrnJw,axyMQ495qoHdAEr9mlx1HWgnm3Bp7DFowzjGM,,2025-09-13,Pret A Manger,Pret A Manger,4.33,USD,in store,False
m1Zqvobkjru6oxyPlV1dCW46ap1Je9IgyEP36,axyMQ495qoHdAEr9mlx1HWgnm3Bp7DFowzjGM,,2025-09-13,Tesco,Tesco,12.0,USD,in store,False
A7beJMpRzqtArpWoeEx6Uyq8AMZdmBh9r8y3q,axyMQ495qoHdAEr9mlx1HWgnm3Bp7DFowzjGM,,2025-09-12,Adidas,Adidas,39.0,USD,in store,False
opNrv89BexSkEPvQKLplsNabLKyVEXCoqjrGG,axyMQ495qoHdAEr9mlx1HWgnm3Bp7DFowzjGM,,2025-09-12,Budget Insurance,Budget Insurance,79.0,USD,online,False
8BV3gaqkbWUrJk6xAZ74tvQdjayNBriW3nze4,axyMQ495qoHdAEr9mlx1HWgnm3Bp7DFowzjGM,,2025-09-12,Planet Spice,Planet Spice,20.0,USD,in store,False
6rNzpxd8GoSAb9dNDXMLUe3bEVRQP8U8D6GA3,axyMQ495qoHdAEr9mlx1HWgnm3Bp7DFowzjGM,,2025-09-12,Sainsbury's,Sainsbury's,89.4,USD,in store,False
8bnDqQ15peuRyEMbJp8xSvQ9rdeEKetg6GP4D,bKb6gqA5xvha7zrXERewszywp9ZJjZfmbE3Bp,,2025-10-12,FUN,SparkFun,89.4,USD,in store,False
mjlgbPz45dFBK74poGMPhW4k96V3KVC9NWGGz,mjlgbPz45dFBK74poGMPhW4PeKDxADugy9ArD,,2025-10-11,,INTRST PYMNT,-4.22,USD,other,False
voaMAkj1qZFwRqrx15pLhWJEabeK4eCgmELL1,9mbdKZLl8QtW1DG47vydTkQK6PyvGyU4xkEKW,,2025-10-01,United Airlines,United Airlines,500.0,USD,in store,False
Edqwv6yP9GuKwvL3xlmWsq61JywLgwtr71avD,bKb6gqA5xvha7zrXERewszywp9ZJjZfmbE3Bp,,2025-09-29,Uber,Uber 072515 SF**POOL**,6.33,USD,online,False
Rp7Qo9NE8vuLPDe9Kvzgs7MdJ5g6kghwyB66o,9mbdKZLl8QtW1DG47vydTkQK6PyvGyU4xkEKW,,2025-09-26,,Tectra Inc,500.0,USD,in store,False
Dkl1VvmN8AFnr17qW9myCl8VNvKZ1Ku7DkAAW,9mbdKZLl8QtW1DG47vydTkQK6PyvGyU4xkEKW,,2025-09-25,,AUTOMATIC PAYMENT - THANK,2078.5,USD,online,False
XALgB9Zm8vTkEwP9Az4yHw5QB6pxApf9Z377j,9mbdKZLl8QtW1DG47vydTkQK6PyvGyU4xkEKW,,2025-09-25,KFC,KFC,500.0,USD,in store,False
6GAed7ZVgjCGZ4RWbmkNHe3n8bZBzZhmZyEEQ,9mbdKZLl8QtW1DG47vydTkQK6PyvGyU4xkEKW,,2025-09-25,,Madison Bicycle Shop,500.0,USD,in store,False
yEPM5pQoVLCgz5D4EaylsK8GlPW6pWiomlJJX,mjlgbPz45dFBK74poGMPhW4PeKDxADugy9ArD,,2025-09-16,,CREDIT CARD 3333 PAYMENT *//,25.0,USD,other,False
WW1Lz9QbRvfGK7byxgajH167EBdywdIX8Dddp,bKb6gqA5xvha7zrXERewszywp9ZJjZfmbE3Bp,,2025-09-16,Uber,Uber 063015 SF**POOL**,5.4,USD,online,False
wk4bJo7LKMFBDzbjo9ENhnLZjKXQyXi3w544b,voaMAkj1qZFwRqrx15pLhWJLm4MvVMuq6gXwj,,2025-09-15,,ACH Electronic CreditGUSTO PAY 123456,5850.0,USD,online,False
9mbdKZLl8QtW1DG47vydTkQxlAd9PdTk1577D,yEPM5pQoVLCgz5D4EaylsK8L1pzqgzI46oDgQ,,2025-09-15,,CD DEPOSIT .INITIAL.,1000.0,USD,other,False
VEMar9enWvCvoB6QA1dECMRLBX74z7Co1wjjM,9mbdKZLl8QtW1DG47vydTkQK6PyvGyU4xkEKW,,2025-09-14,,Touchstone Climbing,78.5,USD,in store,False
AzDxpmGdn8u1QbmDrV3oUyqeB8ELaEIaDdbbZ,bKb6gqA5xvha7zrXERewszywp9ZJjZfmbE3Bp,,2025-09-14,United Airlines,United Airlines,-500.0,USD,in store,False
G4ryoml7QvuNRw8v9mPDhrxog8qQyqiqvQVVk,bKb6gqA5xvha7zrXERewszywp9ZJjZfmbE3Bp,,2025-09-13,McDonald's,McDonald's,12.0,USD,in store,False
n7qMwjkN5aTxrEQeyoDnip4lmGDZ7DFZRnaan,bKb6gqA5xvha7zrXERewszywp9ZJjZfmbE3Bp,,2025-09-13,Starbucks,Starbucks,4.33,USD,in store,False
bKb6gqA5xvha7zrXERewszyXnxVP9VtEjdRR1,bKb6gqA5xvha7zrXERewszywp9ZJjZfmbE3Bp,,2025-09-12,FUN,SparkFun,89.4,USD,in store,False
4WEaGPeXrNfxyg7bpVnwizoRlzWQRefJ8rmlL,mjlgbPz45dFBK74poGMPhW4PeKDxADugy9ArD,,2025-09-11,,INTRST PYMNT,-4.22,USD,other,False
G4ryoml7QvuNRw8v9mPDhrxa4rD9aPi6JBZAz,9mbdKZLl8QtW1DG47vydTkQK6PyvGyU4xkEKW,,2025-09-01,United Airlines,United Airlines,500.0,USD,in store,False
Zno8eJ19qXc1xgXR489jUgQLegp3LafenRx87,bKb6gqA5xvha7zrXERewszywp9ZJjZfmbE3Bp,,2025-08-30,Uber,Uber 072515 SF**POOL**,6.33,USD,online,False
n7qMwjkN5aTxrEQeyoDnip4j1pJVjECAPeJK1,9mbdKZLl8QtW1DG47vydTkQK6PyvGyU4xkEKW,,2025-08-27,,Tectra Inc,500.0,USD,in store,False
yEPM5pQoVLCgz5D4EaylsK8zMKrNzdH4k3gDj,9mbdKZLl8QtW1DG47vydTkQK6PyvGyU4xkEKW,,2025-08-26,,AUTOMATIC PAYMENT - THANK,2078.5,USD,online,False
mjlgbPz45dFBK74poGMPhW4DLWjpDNhgRmrA1,9mbdKZLl8QtW1DG47vydTkQK6PyvGyU4xkEKW,,2025-08-26,KFC,KFC,500.0,USD,in store,False
bKb6gqA5xvha7zrXERewszyZRz3EZKfmgxBND,9mbdKZLl8QtW1DG47vydTkQK6PyvGyU4xkEKW,,2025-08-26,,Madison Bicycle Shop,500.0,USD,in store,False
NZ47g9xpRvCK83VkWQlAs4WZJ45eZ3cyLjVXA,mjlgbPz45dFBK74poGMPhW4PeKDxADugy9ArD,,2025-08-17,,CREDIT CARD 3333 PAYMENT *//,25.0,USD,other,False
MQajom3L7vI6gKZbWEMesaBxXa8LxzULblmD3,bKb6gqA5xvha7zrXERewszywp9ZJjZfmbE3Bp,,2025-08-17,Uber,Uber 063015 SF**POOL**,5.4,USD,online,False
BBVD9mnaREtKrR1Vzox3sMQJdMLyJPi4qWkkN,voaMAkj1qZFwRqrx15pLhWJLm4MvVMuq6gXwj,,2025-08-16,,ACH Electronic CreditGUSTO PAY 123456,5850.0,USD,online,False
kNVxk4Kdy3iRl4L3EBQzS4MGm4ADGecLrQmz6,yEPM5pQoVLCgz5D4EaylsK8L1pzqgzI46oDgQ,,2025-08-16,,CD DEPOSIT .INITIAL.,1000.0,USD,other,False
9mbdKZLl8QtW1DG47vydTkQyZkNJyLs4zGKEj,9mbdKZLl8QtW1DG47vydTkQK6PyvGyU4xkEKW,,2025-08-15,,Touchstone Climbing,78.5,USD,in store,False
1go4makvldudjVv4eGJbUrqjVrg8jxipbKDQB,bKb6gqA5xvha7zrXERewszywp9ZJjZfmbE3Bp,,2025-08-15,United Airlines,United Airlines,-500.0,USD,in store,False
Led4o9B1VvfDpAw8nJmrCdV86dgX81ukgQ3LR,bKb6gqA5xvha7zrXERewszywp9ZJjZfmbE3Bp,,2025-08-14,McDonald's,McDonald's,12.0,USD,in store,False
pQrP9exj5NIeBv4ZV7WwH51ZJ5LjZ6Up9rXDN,bKb6gqA5xvha7zrXERewszywp9ZJjZfmbE3Bp,,2025-08-14,Starbucks,Starbucks,4.33,USD,in store,False
oeKJ973P54foAa4nEz6QsNadzNZKd5uo4MvX8,bKb6gqA5xvha7zrXERewszywp9ZJjZfmbE3Bp,,2025-08-13,FUN,SparkFun,89.4,USD,in store,False
P1PQowagbvuJLAXxl49qUPMdDP51dZtoEkKXL,mjlgbPz45dFBK74poGMPhW4PeKDxADugy9ArD,,2025-08-12,,INTRST PYMNT,-4.22,USD,other,False
voaMAkj1qZFwRqrx15pLhWJMoW3RMxhqazwXE,9mbdKZLl8QtW1DG47vydTkQK6PyvGyU4xkEKW,,2025-08-02,United Airlines,United Airlines,500.0,USD,in store,False
gxRPk3yzbKCaDmdQn3PXsmDo5mRwoPhEjVyln,bKb6gqA5xvha7zrXERewszywp9ZJjZfmbE3Bp,,2025-07-31,Uber,Uber 072515 SF**POOL**,6.33,USD,online,False
Rp7Qo9NE8vuLPDe9Kvzgs7Mjw7m9jNCa7lZGW,9mbdKZLl8QtW1DG47vydTkQK6PyvGyU4xkEKW,,2025-07-28,,Tectra Inc,500.0,USD,in store,False
Dkl1VvmN8AFnr17qW9myCl8ejlD4egF3mwZXQ,9mbdKZLl8QtW1DG47vydTkQK6PyvGyU4xkEKW,,2025-07-27,,AUTOMATIC PAYMENT - THANK,2078.5,USD,online,False
XALgB9Zm8vTkEwP9Az4yHw5gqwJDg8Hbp6Dxn,9mbdKZLl8QtW1DG47vydTkQK6PyvGyU4xkEKW,,2025-07-27,KFC,KFC,500.0,USD,in store,False
6GAed7ZVgjCGZ4RWbmkNHe37yelV7Wu8j9zxL,9mbdKZLl8QtW1DG47vydTkQK6PyvGyU4xkEKW,,2025-07-27,,Madison Bicycle Shop,500.0,USD,in store,False
j4DJPaqxbBu5R6NzyEpKHW1E4Wm6E9h6oMQvm,mjlgbPz45dFBK74poGMPhW4PeKDxADugy9ArD,,2025-07-18,,CREDIT CARD 3333 PAYMENT *//,25.0,USD,other,False
8bnDqQ15peuRyEMbJp8xSvQJzvwaJAcWv1Nxm,bKb6gqA5xvha7zrXERewszywp9ZJjZfmbE3Bp,,2025-07-18,Uber,Uber 063015 SF**POOL**,5.4,USD,online,False
3E8GdN76K4Cm69n7dgJvsER4jEQr45sZGrWW3,voaMAkj1qZFwRqrx15pLhWJLm4MvVMuq6gXwj,,2025-07-17,,ACH Electronic CreditGUSTO PAY 123456,5850.0,USD,online,False
lPw9dNraZxCyknR3E6AoS175q1mg5vUp1wME3,yEPM5pQoVLCgz5D4EaylsK8L1pzqgzI46oDgQ,,2025-07-17,,CD DEPOSIT .INITIAL.,1000.0,USD,other,False
VEMar9enWvCvoB6QA1dECMRkJM8pkQi9bmDnE,9mbdKZLl8QtW1DG47vydTkQK6PyvGyU4xkEKW,,2025-07-16,,Touchstone Climbing,78.5,USD,in store,False
Edqwv6yP9GuKwvL3xlmWsq6Boq5XBrU4ZR6jm,bKb6gqA5xvha7zrXERewszywp9ZJjZfmbE3Bp,,2025-07-16,United Airlines,United Airlines,-500.0,USD,in store,False
WW1Lz9QbRvfGK7byxgajH16A81NRA3U6o9BWQ,bKb6gqA5xvha7zrXERewszywp9ZJjZfmbE3Bp,,2025-07-15,McDonald's,McDonald's,12.0,USD,in store,False
AzDxpmGdn8u1QbmDrV3oUyqwDyKMw7t9RjBWL,bKb6gqA5xvha7zrXERewszywp9ZJjZfmbE3Bp,,2025-07-15,Starbucks,Starbucks,4.33,USD,in store,False
G4ryoml7QvuNRw8v9mPDhrxa4rD9aPi6JBZWx,bKb6gqA5xvha7zrXERewszywp9ZJjZfmbE3Bp,,2025-07-14,FUN,SparkFun,89.4,USD,in store,False
7nGaleMwp7cZ6eRMX39psxErZx8MrWud4lw8J,mjlgbPz45dFBK74poGMPhW4PeKDxADugy9ArD,,2025-07-13,,INTRST PYMNT,-4.22,USD,other,False
wk4bJo7LKMFBDzbjo9ENhnLbPn3kb4fPANQl1,9mbdKZLl8QtW1DG47vydTkQK6PyvGyU4xkEKW,,2025-07-03,United Airlines,United Airlines,500.0,USD,in store,False
n7qMwjkN5aTxrEQeyoDnip4j1pJVjECAPeJ8l,bKb6gqA5xvha7zrXERewszywp9ZJjZfmbE3Bp,,2025-07-01,Uber,Uber 072515 SF**POOL**,6.33,USD,online,False
5AW46jQDoPTQWyXN7zbxhBgdZBQ6doC5zw6pX,9mbdKZLl8QtW1DG47vydTkQK6PyvGyU4xkEKW,,2025-06-28,,Tectra Inc,500.0,USD,in store,False
lPw9dNraZxCyknR3E6AoS175q1mg5vUp1wMr3,9mbdKZLl8QtW1DG47vydTkQK6PyvGyU4xkEKW,,2025-06-27,,AUTOMATIC PAYMENT - THANK,2078.5,USD,online,False
kNVxk4Kdy3iRl4L3EBQzS4MGm4ADGecLrQm86,9mbdKZLl8QtW1DG47vydTkQK6PyvGyU4xkEKW,,2025-06-27,KFC,KFC,500.0,USD,in store,False
Jj349mrZEvFWgw1kPLeXT3ajX3LljDtBp4n5M,9mbdKZLl8QtW1DG47vydTkQK6PyvGyU4xkEKW,,2025-06-27,,Madison Bicycle Shop,500.0,USD,in store,False
eB9P1zkKvlty7XA85evwSXe3RXqP3mtrydxaZ,mjlgbPz45dFBK74poGMPhW4PeKDxADugy9ArD,,2025-06-18,,CREDIT CARD 3333 PAYMENT *//,25.0,USD,other,False
bKb6gqA5xvha7zrXERewszyZRz3EZKfmgxBGp,bKb6gqA5xvha7zrXERewszywp9ZJjZfmbE3Bp,,2025-06-18,Uber,Uber 063015 SF**POOL**,5.4,USD,online,False
x8Ng5Jepr1ujBg5dVrp1FDv3dDWL3wf6m7QQV,voaMAkj1qZFwRqrx15pLhWJLm4MvVMuq6gXwj,,2025-06-17,,ACH Electronic CreditGUSTO PAY 123456,5850.0,USD,online,False
qZzb9Qd7RPCy3GjMwBakSBLzbBpPzmCg8mQNz,yEPM5pQoVLCgz5D4EaylsK8L1pzqgzI46oDgQ,,2025-06-17,,CD DEPOSIT .INITIAL.,1000.0,USD,other,False
qZzb9Qd7RPCy3GjMwBakSBLzbBpPzmCg8mQVz,9mbdKZLl8QtW1DG47vydTkQK6PyvGyU4xkEKW,,2025-06-16,,Touchstone Climbing,78.5,USD,in store,False
mjlgbPz45dFBK74poGMPhW4DLWjpDNhgRmr7D,bKb6gqA5xvha7zrXERewszywp9ZJjZfmbE3Bp,,2025-06-16,United Airlines,United Airlines,-500.0,USD,in store,False
yEPM5pQoVLCgz5D4EaylsK8zMKrNzdH4k3grQ,bKb6gqA5xvha7zrXERewszywp9ZJjZfmbE3Bp,,2025-06-15,McDonald's,McDonald's,12.0,USD,in store,False
9mbdKZLl8QtW1DG47vydTkQyZkNJyLs4zGKlW,bKb6gqA5xvha7zrXERewszywp9ZJjZfmbE3Bp,,2025-06-15,Starbucks,Starbucks,4.33,USD,in store,False
voaMAkj1qZFwRqrx15pLhWJMoW3RMxhqazwoj,bKb6gqA5xvha7zrXERewszywp9ZJjZfmbE3Bp,,2025-06-14,FUN,SparkFun,89.4,USD,in store,False
QLjXmk48JwfdPkJaqK9wUjLopjD1oVcwrMjG5,mjlgbPz45dFBK74poGMPhW4PeKDxADugy9ArD,,2025-06-13,,INTRST PYMNT,-4.22,USD,other,False
K7x4ZmzMnvTmAd7RjXQJsxX8ox5p81uRgZ5mv,9mbdKZLl8QtW1DG47vydTkQK6PyvGyU4xkEKW,,2025-06-03,United Airlines,United Airlines,500.0,USD,in store,False
Rp7Qo9NE8vuLPDe9Kvzgs7Mjw7m9jNCa7lZz9,bKb6gqA5xvha7zrXERewszywp9ZJjZfmbE3Bp,,2025-06-01,Uber,Uber 072515 SF**POOL**,6.33,USD,online,False
rMBg9ZaeJku1A5XBEkNvUgBexgJrejf7LPGD5,9mbdKZLl8QtW1DG47vydTkQK6PyvGyU4xkEKW,,2025-05-29,,Tectra Inc,500.0,USD,in store,False
3E8GdN76K4Cm69n7dgJvsER4jEQr45sZGrW8j,9mbdKZLl8QtW1DG47vydTkQK6PyvGyU4xkEKW,,2025-05-28,,AUTOMATIC PAYMENT - THANK,2078.5,USD,online,False
BBVD9mnaREtKrR1Vzox3sMQJdMLyJPi4qWkLB,9mbdKZLl8QtW1DG47vydTkQK6PyvGyU4xkEKW,,2025-05-28,KFC,KFC,500.0,USD,in store,False
zWja9bZgmpfnmAg9bap3CnD5qnlQ5JflD7eg9,9mbdKZLl8QtW1DG47vydTkQK6PyvGyU4xkEKW,,2025-05-28,,Madison Bicycle Shop,500.0,USD,in store,False
Zno8eJ19qXc1xgXR489jUgQLegp3LafenRxJj,mjlgbPz45dFBK74poGMPhW4PeKDxADugy9ArD,,2025-05-19,,CREDIT CARD 3333 PAYMENT *//,25.0,USD,other,False
6GAed7ZVgjCGZ4RWbmkNHe37yelV7Wu8j9zrl,bKb6gqA5xvha7zrXERewszywp9ZJjZfmbE3Bp,,2025-05-19,Uber,Uber 063015 SF**POOL**,5.4,USD,online,False
dzyD8rnqwvu87MbgoAa3tP7MRPwWMLtJoMXXa,voaMAkj1qZFwRqrx15pLhWJLm4MvVMuq6gXwj,,2025-05-18,,ACH Electronic CreditGUSTO PAY 123456,5850.0,USD,online,False
K7x4ZmzMnvTmAd7RjXQJsxX8ox5p81uRgZ5Gv,yEPM5pQoVLCgz5D4EaylsK8L1pzqgzI46oDgQ,,2025-05-18,,CD DEPOSIT .INITIAL.,1000.0,USD,other,False
x8Ng5Jepr1ujBg5dVrp1FDv3dDWL3wf6m7QA7,9mbdKZLl8QtW1DG47vydTkQK6PyvGyU4xkEKW,,2025-05-17,,Touchstone Climbing,78.5,USD,in store,False
XALgB9Zm8vTkEwP9Az4yHw5gqwJDg8Hbp6D56,bKb6gqA5xvha7zrXERewszywp9ZJjZfmbE3Bp,,2025-05-17,United Airlines,United Airlines,-500.0,USD,in store,False
Dkl1VvmN8AFnr17qW9myCl8ejlD4egF3mwZze,bKb6gqA5xvha7zrXERewszywp9ZJjZfmbE3Bp,,2025-05-16,McDonald's,McDonald's,12.0,USD,in store,False
VEMar9enWvCvoB6QA1dECMRkJM8pkQi9bmD61,bKb6gqA5xvha7zrXERewszywp9ZJjZfmbE3Bp,,2025-05-16,Starbucks,Starbucks,4.33,USD,in store,False
wk4bJo7LKMFBDzbjo9ENhnLbPn3kb4fPANQg8,bKb6gqA5xvha7zrXERewszywp9ZJjZfmbE3Bp,,2025-05-15,FUN,SparkFun,89.4,USD,in store,False
rMBg9ZaeJku1A5XBEkNvUgBexgJrejf7LPGd5,mjlgbPz45dFBK74poGMPhW4PeKDxADugy9ArD,,2025-05-14,,INTRST PYMNT,-4.22,USD,other,False
dzyD8rnqwvu87MbgoAa3tP7MRPwWMLtJoMX6N,9mbdKZLl8QtW1DG47vydTkQK6PyvGyU4xkEKW,,2025-05-04,United Airlines,United Airlines,500.0,USD,in store,False
5AW46jQDoPTQWyXN7zbxhBgdZBQ6doC5zw6xE,bKb6gqA5xvha7zrXERewszywp9ZJjZfmbE3Bp,,2025-05-02,Uber,Uber 072515 SF**POOL**,6.33,USD,online,False
aqnB9lWwevHeRkowAX39HWg5qWJ75zhZpaXew,9mbdKZLl8QtW1DG47vydTkQK6PyvGyU4xkEKW,,2025-04-29,,Tectra Inc,500.0,USD,in store,False
P1PQowagbvuJLAXxl49qUPMdDP51dZtoEkKNb,9mbdKZLl8QtW1DG47vydTkQK6PyvGyU4xkEKW,,2025-04-28,,AUTOMATIC PAYMENT - THANK,2078.5,USD,online,False
NZ47g9xpRvCK83VkWQlAs4WZJ45eZ3cyLjV7z,9mbdKZLl8QtW1DG47vydTkQK6PyvGyU4xkEKW,,2025-04-28,KFC,KFC,500.0,USD,in store,False
4WEaGPeXrNfxyg7bpVnwizoRlzWQRefJ8rm3P,9mbdKZLl8QtW1DG47vydTkQK6PyvGyU4xkEKW,,2025-04-28,,Madison Bicycle Shop,500.0,USD,in store,False
zWja9bZgmpfnmAg9bap3CnD5qnlQ5JflD7e39,mjlgbPz45dFBK74poGMPhW4PeKDxADugy9ArD,,2025-04-19,,CREDIT CARD 3333 PAYMENT *//,25.0,USD,other,False
Jj349mrZEvFWgw1kPLeXT3ajX3LljDtBp4nbK,bKb6gqA5xvha7zrXERewszywp9ZJjZfmbE3Bp,,2025-04-19,Uber,Uber 063015 SF**POOL**,5.4,USD,online,False
aqnB9lWwevHeRkowAX39HWg5qWJ75zhZpaXXD,voaMAkj1qZFwRqrx15pLhWJLm4MvVMuq6gXwj,,2025-04-18,,ACH Electronic CreditGUSTO PAY 123456,5850.0,USD,online,False
rMBg9ZaeJku1A5XBEkNvUgBexgJrejf7LPGa5,yEPM5pQoVLCgz5D4EaylsK8L1pzqgzI46oDgQ,,2025-04-18,,CD DEPOSIT .INITIAL.,1000.0,USD,other,False
j4DJPaqxbBu5R6NzyEpKHW1E4Wm6E9h6oMQGo,9mbdKZLl8QtW1DG47vydTkQK6PyvGyU4xkEKW,,2025-04-17,,Touchstone Climbing,78.5,USD,in store,False
kNVxk4Kdy3iRl4L3EBQzS4MGm4ADGecLrQmxr,bKb6gqA5xvha7zrXERewszywp9ZJjZfmbE3Bp,,2025-04-17,United Airlines,United Airlines,-500.0,USD,in store,False
lPw9dNraZxCyknR3E6AoS175q1mg5vUp1wMLL,bKb6gqA5xvha7zrXERewszywp9ZJjZfmbE3Bp,,2025-04-16,McDonald's,McDonald's,12.0,USD,in store,False
qZzb9Qd7RPCy3GjMwBakSBLzbBpPzmCg8mQJd,bKb6gqA5xvha7zrXERewszywp9ZJjZfmbE3Bp,,2025-04-16,Starbucks,Starbucks,4.33,USD,in store,False
K7x4ZmzMnvTmAd7RjXQJsxX8ox5p81uRgZ56R,bKb6gqA5xvha7zrXERewszywp9ZJjZfmbE3Bp,,2025-04-15,FUN,SparkFun,89.4,USD,in store,False
BBVD9mnaREtKrR1Vzox3sMQJdMLyJPi4qWkzB,mjlgbPz45dFBK74poGMPhW4PeKDxADugy9ArD,,2025-04-14,,INTRST PYMNT,-4.22,USD,other,False
7nGaleMwp7cZ6eRMX39psxErZx8MrWud4lw1N,9mbdKZLl8QtW1DG47vydTkQK6PyvGyU4xkEKW,,2025-04-04,United Airlines,United Airlines,500.0,USD,in store,False
rMBg9ZaeJku1A5XBEkNvUgBexgJrejf7LPGyd,bKb6gqA5xvha7zrXERewszywp9ZJjZfmbE3Bp,,2025-04-02,Uber,Uber 072515 SF**POOL**,6.33,USD,online,False
eB9P1zkKvlty7XA85evwSXe3RXqP3mtrydxVL,9mbdKZLl8QtW1DG47vydTkQK6PyvGyU4xkEKW,,2025-03-30,,Tectra Inc,500.0,USD,in store,False
rMBg9ZaeJku1A5XBEkNvUgBexgJrejf7LPGDa,9mbdKZLl8QtW1DG47vydTkQK6PyvGyU4xkEKW,,2025-03-29,,AUTOMATIC PAYMENT - THANK,2078.5,USD,online,False
Zno8eJ19qXc1xgXR489jUgQLegp3LafenRxbJ,9mbdKZLl8QtW1DG47vydTkQK6PyvGyU4xkEKW,,2025-03-29,KFC,KFC,500.0,USD,in store,False
QLjXmk48JwfdPkJaqK9wUjLopjD1oVcwrMjaw,9mbdKZLl8QtW1DG47vydTkQK6PyvGyU4xkEKW,,2025-03-29,,Madison Bicycle Shop,500.0,USD,in store,False
3E8GdN76K4Cm69n7dgJvsER4jEQr45sZGrWmj,mjlgbPz45dFBK74poGMPhW4PeKDxADugy9ArD,,2025-03-20,,CREDIT CARD 3333 PAYMENT *//,25.0,USD,other,False
zWja9bZgmpfnmAg9bap3CnD5qnlQ5JflD7eEw,bKb6gqA5xvha7zrXERewszywp9ZJjZfmbE3Bp,,2025-03-20,Uber,Uber 063015 SF**POOL**,5.4,USD,online,False
4WEaGPeXrNfxyg7bpVnwizoRlzWQRefJ8rmmR,voaMAkj1qZFwRqrx15pLhWJLm4MvVMuq6gXwj,,2025-03-19,,ACH Electronic CreditGUSTO PAY 123456,5850.0,USD,online,False
zWja9bZgmpfnmAg9bap3CnD5qnlQ5JflD7ew9,yEPM5pQoVLCgz5D4EaylsK8L1pzqgzI46oDgQ,,2025-03-19,,CD DEPOSIT .INITIAL.,1000.0,USD,other,False
zWja9bZgmpfnmAg9bap3CnD5qnlQ5JflD7egg,9mbdKZLl8QtW1DG47vydTkQK6PyvGyU4xkEKW,,2025-03-18,,Touchstone Climbing,78.5,USD,in store,False
BBVD9mnaREtKrR1Vzox3sMQJdMLyJPi4qWk7L,bKb6gqA5xvha7zrXERewszywp9ZJjZfmbE3Bp,,2025-03-18,United Airlines,United Airlines,-500.0,USD,in store,False
3E8GdN76K4Cm69n7dgJvsER4jEQr45sZGrWwP,bKb6gqA5xvha7zrXERewszywp9ZJjZfmbE3Bp,,2025-03-17,McDonald's,McDonald's,12.0,USD,in store,False
x8Ng5Jepr1ujBg5dVrp1FDv3dDWL3wf6m7Q9k,bKb6gqA5xvha7zrXERewszywp9ZJjZfmbE3Bp,,2025-03-17,Starbucks,Starbucks,4.33,USD,in store,False
dzyD8rnqwvu87MbgoAa3tP7MRPwWMLtJoMXPX,bKb6gqA5xvha7zrXERewszywp9ZJjZfmbE3Bp,,2025-03-16,FUN,SparkFun,89.4,USD,in store,False
x8Ng5Jepr1ujBg5dVrp1FDv3dDWL3wf6m7Qy7,mjlgbPz45dFBK74poGMPhW4PeKDxADugy9ArD,,2025-03-15,,INTRST PYMNT,-4.22,USD,other,False
BBVD9mnaREtKrR1Vzox3sMQJdMLyJPi4qWkLZ,9mbdKZLl8QtW1DG47vydTkQK6PyvGyU4xkEKW,,2025-03-05,United Airlines,United Airlines,500.0,USD,in store,False
aqnB9lWwevHeRkowAX39HWg5qWJ75zhZpaXRn,bKb6gqA5xvha7zrXERewszywp9ZJjZfmbE3Bp,,2025-03-03,Uber,Uber 072515 SF**POOL**,6.33,USD,online,False
3E8GdN76K4Cm69n7dgJvsER4jEQr45sZGrW8Q,9mbdKZLl8QtW1DG47vydTkQK6PyvGyU4xkEKW,,2025-02-28,,Tectra Inc,500.0,USD,in store,False
aqnB9lWwevHeRkowAX39HWg5qWJ75zhZpaXeV,9mbdKZLl8QtW1DG47vydTkQK6PyvGyU4xkEKW,,2025-02-27,,AUTOMATIC PAYMENT - THANK,2078.5,USD,online,False
dzyD8rnqwvu87MbgoAa3tP7MRPwWMLtJoMX69,9mbdKZLl8QtW1DG47vydTkQK6PyvGyU4xkEKW,,2025-02-27,KFC,KFC,500.0,USD,in store,False
x8Ng5Jepr1ujBg5dVrp1FDv3dDWL3wf6m7QAQ,9mbdKZLl8QtW1DG47vydTkQK6PyvGyU4xkEKW,,2025-02-27,,Madison Bicycle Shop,500.0,USD,in store,False
dzyD8rnqwvu87MbgoAa3tP7MRPwWMLtJoMXBN,mjlgbPz45dFBK74poGMPhW4PeKDxADugy9ArD,,2025-02-18,,CREDIT CARD 3333 PAYMENT *//,25.0,USD,other,False
4WEaGPeXrNfxyg7bpVnwizoRlzWQRefJ8rmg4,bKb6gqA5xvha7zrXERewszywp9ZJjZfmbE3Bp,,2025-02-18,Uber,Uber 063015 SF**POOL**,5.4,USD,online,False
NZ47g9xpRvCK83VkWQlAs4WZJ45eZ3cyLjVV8,voaMAkj1qZFwRqrx15pLhWJLm4MvVMuq6gXwj,,2025-02-17,,ACH Electronic CreditGUSTO PAY 123456,5850.0,USD,online,False
BBVD9mnaREtKrR1Vzox3sMQJdMLyJPi4qWkAB,yEPM5pQoVLCgz5D4EaylsK8L1pzqgzI46oDgQ,,2025-02-17,,CD DEPOSIT .INITIAL.,1000.0,USD,other,False
4WEaGPeXrNfxyg7bpVnwizoRlzWQRefJ8rm3E,9mbdKZLl8QtW1DG47vydTkQK6PyvGyU4xkEKW,,2025-02-16,,Touchstone Climbing,78.5,USD,in store,False
NZ47g9xpRvCK83VkWQlAs4WZJ45eZ3cyLjVrN,bKb6gqA5xvha7zrXERewszywp9ZJjZfmbE3Bp,,2025-02-16,United Airlines,United Airlines,-500.0,USD,in store,False
P1PQowagbvuJLAXxl49qUPMdDP51dZtoEkKwB,bKb6gqA5xvha7zrXERewszywp9ZJjZfmbE3Bp,,2025-02-15,McDonald's,McDonald's,12.0,USD,in store,False
j4DJPaqxbBu5R6NzyEpKHW1E4Wm6E9h6oMQyN,bKb6gqA5xvha7zrXERewszywp9ZJjZfmbE3Bp,,2025-02-15,Starbucks,Starbucks,4.33,USD,in store,False
7nGaleMwp7cZ6eRMX39psxErZx8MrWud4lwN7,bKb6gqA5xvha7zrXERewszywp9ZJjZfmbE3Bp,,2025-02-14,FUN,SparkFun,89.4,USD,in store,False
aqnB9lWwevHeRkowAX39HWg5qWJ75zhZpaXkw,mjlgbPz45dFBK74poGMPhW4PeKDxADugy9ArD,,2025-02-13,,INTRST PYMNT,-4.22,USD,other,False
NZ47g9xpRvCK83VkWQlAs4WZJ45eZ3cyLjV7B,9mbdKZLl8QtW1DG47vydTkQK6PyvGyU4xkEKW,,2025-02-03,United Airlines,United Airlines,500.0,USD,in store,False
eB9P1zkKvlty7XA85evwSXe3RXqP3mtrydxMA,bKb6gqA5xvha7zrXERewszywp9ZJjZfmbE3Bp,,2025-02-01,Uber,Uber 072515 SF**POOL**,6.33,USD,online,False
P1PQowagbvuJLAXxl49qUPMdDP51dZtoEkKNx,9mbdKZLl8QtW1DG47vydTkQK6PyvGyU4xkEKW,,2025-01-29,,Tectra Inc,500.0,USD,in store,False
eB9P1zkKvlty7XA85evwSXe3RXqP3mtrydxV6,9mbdKZLl8QtW1DG47vydTkQK6PyvGyU4xkEKW,,2025-01-28,,AUTOMATIC PAYMENT - THANK,2078.5,USD,online,False
7nGaleMwp7cZ6eRMX39psxErZx8MrWud4lw1D,9mbdKZLl8QtW1DG47vydTkQK6PyvGyU4xkEKW,,2025-01-28,KFC,KFC,500.0,USD,in store,False
j4DJPaqxbBu5R6NzyEpKHW1E4Wm6E9h6oMQGr,9mbdKZLl8QtW1DG47vydTkQK6PyvGyU4xkEKW,,2025-01-28,,Madison Bicycle Shop,500.0,USD,in store,False
4WEaGPeXrNfxyg7bpVnwizoRlzWQRefJ8rmlP,mjlgbPz45dFBK74poGMPhW4PeKDxADugy9ArD,,2025-01-19,,CREDIT CARD 3333 PAYMENT *//,25.0,USD,other,False
QLjXmk48JwfdPkJaqK9wUjLopjD1oVcwrMjky,bKb6gqA5xvha7zrXERewszywp9ZJjZfmbE3Bp,,2025-01-19,Uber,Uber 063015 SF**POOL**,5.4,USD,online,False
P1PQowagbvuJLAXxl49qUPMdDP51dZtoEkKK5,voaMAkj1qZFwRqrx15pLhWJLm4MvVMuq6gXwj,,2025-01-18,,ACH Electronic CreditGUSTO PAY 123456,5850.0,USD,online,False
3E8GdN76K4Cm69n7dgJvsER4jEQr45sZGrWMj,yEPM5pQoVLCgz5D4EaylsK8L1pzqgzI46oDgQ,,2025-01-18,,CD DEPOSIT .INITIAL.,1000.0,USD,other,False
QLjXmk48JwfdPkJaqK9wUjLopjD1oVcwrMjzK,9mbdKZLl8QtW1DG47vydTkQK6PyvGyU4xkEKW,,2025-01-17,,Touchstone Climbing,78.5,USD,in store,False
Zno8eJ19qXc1xgXR489jUgQLegp3LafenRxg7,bKb6gqA5xvha7zrXERewszywp9ZJjZfmbE3Bp,,2025-01-17,United Airlines,United Airlines,-500.0,USD,in store,False
rMBg9ZaeJku1A5XBEkNvUgBexgJrejf7LPGlj,bKb6gqA5xvha7zrXERewszywp9ZJjZfmbE3Bp,,2025-01-16,McDonald's,McDonald's,12.0,USD,in store,False
zWja9bZgmpfnmAg9bap3CnD5qnlQ5JflD7eop,bKb6gqA5xvha7zrXERewszywp9ZJjZfmbE3Bp,,2025-01-16,Starbucks,Starbucks,4.33,USD,in store,False
BBVD9mnaREtKrR1Vzox3sMQJdMLyJPi4qWkwQ,bKb6gqA5xvha7zrXERewszywp9ZJjZfmbE3Bp,,2025-01-15,FUN,SparkFun,89.4,USD,in store,False
NZ47g9xpRvCK83VkWQlAs4WZJ45eZ3cyLjVXz,mjlgbPz45dFBK74poGMPhW4PeKDxADugy9ArD,,2025-01-14,,INTRST PYMNT,-4.22,USD,other,False
Zno8eJ19qXc1xgXR489jUgQLegp3LafenRxzM,9mbdKZLl8QtW1DG47vydTkQK6PyvGyU4xkEKW,,2025-01-04,United Airlines,United Airlines,500.0,USD,in store,False
3E8GdN76K4Cm69n7dgJvsER4jEQr45sZGrWqe,bKb6gqA5xvha7zrXERewszywp9ZJjZfmbE3Bp,,2025-01-02,Uber,Uber 072515 SF**POOL**,6.33,USD,online,False
MQajom3L7vI6gKZbWEMesaBxXa8LxzULblmzq,9mbdKZLl8QtW1DG47vydTkQK6PyvGyU4xkEKW,,2024-12-30,,Tectra Inc,500.0,USD,in store,False
pQrP9exj5NIeBv4ZV7WwH51ZJ5LjZ6Up9rXk3,9mbdKZLl8QtW1DG47vydTkQK6PyvGyU4xkEKW,,2024-12-29,,AUTOMATIC PAYMENT - THANK,2078.5,USD,online,False
Led4o9B1VvfDpAw8nJmrCdV86dgX81ukgQ3oy,9mbdKZLl8QtW1DG47vydTkQK6PyvGyU4xkEKW,,2024-12-29,KFC,KFC,500.0,USD,in store,False
1go4makvldudjVv4eGJbUrqjVrg8jxipbKD3x,9mbdKZLl8QtW1DG47vydTkQK6PyvGyU4xkEKW,,2024-12-29,,Madison Bicycle Shop,500.0,USD,in store,False
P1PQowagbvuJLAXxl49qUPMdDP51dZtoEkKXb,mjlgbPz45dFBK74poGMPhW4PeKDxADugy9ArD,,2024-12-20,,CREDIT CARD 3333 PAYMENT *//,25.0,USD,other,False
x8Ng5Jepr1ujBg5dVrp1FDv3dDWL3wf6m7Qnv,bKb6gqA5xvha7zrXERewszywp9ZJjZfmbE3Bp,,2024-12-20,Uber,Uber 063015 SF**POOL**,5.4,USD,online,False
j4DJPaqxbBu5R6NzyEpKHW1E4Wm6E9h6oMQQW,voaMAkj1qZFwRqrx15pLhWJLm4MvVMuq6gXwj,,2024-12-19,,ACH Electronic CreditGUSTO PAY 123456,5850.0,USD,online,False
x8Ng5Jepr1ujBg5dVrp1FDv3dDWL3wf6m7QJ7,yEPM5pQoVLCgz5D4EaylsK8L1pzqgzI46oDgQ,,2024-12-19,,CD DEPOSIT .INITIAL.,1000.0,USD,other,False
oeKJ973P54foAa4nEz6QsNadzNZKd5uo4Mvr7,9mbdKZLl8QtW1DG47vydTkQK6PyvGyU4xkEKW,,2024-12-18,,Touchstone Climbing,78.5,USD,in store,False
dzyD8rnqwvu87MbgoAa3tP7MRPwWMLtJoMXZQ,bKb6gqA5xvha7zrXERewszywp9ZJjZfmbE3Bp,,2024-12-18,United Airlines,United Airlines,-500.0,USD,in store,False
aqnB9lWwevHeRkowAX39HWg5qWJ75zhZpaX73,bKb6gqA5xvha7zrXERewszywp9ZJjZfmbE3Bp,,2024-12-17,McDonald's,McDonald's,12.0,USD,in store,False
4WEaGPeXrNfxyg7bpVnwizoRlzWQRefJ8rmdL,bKb6gqA5xvha7zrXERewszywp9ZJjZfmbE3Bp,,2024-12-17,Starbucks,Starbucks,4.33,USD,in store,False
NZ47g9xpRvCK83VkWQlAs4WZJ45eZ3cyLjVWA,bKb6gqA5xvha7zrXERewszywp9ZJjZfmbE3Bp,,2024-12-16,FUN,SparkFun,89.4,USD,in store,False
j4DJPaqxbBu5R6NzyEpKHW1E4Wm6E9h6oMQvo,mjlgbPz45dFBK74poGMPhW4PeKDxADugy9ArD,,2024-12-15,,INTRST PYMNT,-4.22,USD,other,False
gxRPk3yzbKCaDmdQn3PXsmDo5mRwoPhEjVyr1,9mbdKZLl8QtW1DG47vydTkQK6PyvGyU4xkEKW,,2024-12-05,United Airlines,United Airlines,500.0,USD,in store,False
P1PQowagbvuJLAXxl49qUPMdDP51dZtoEkK7L,bKb6gqA5xvha7zrXERewszywp9ZJjZfmbE3Bp,,2024-12-03,Uber,Uber 072515 SF**POOL**,6.33,USD,online,False
8bnDqQ15peuRyEMbJp8xSvQJzvwaJAcWv1Nz8,9mbdKZLl8QtW1DG47vydTkQK6PyvGyU4xkEKW,,2024-11-30,,Tectra Inc,500.0,USD,in store,False
AzDxpmGdn8u1QbmDrV3oUyqwDyKMw7t9RjByJ,9mbdKZLl8QtW1DG47vydTkQK6PyvGyU4xkEKW,,2024-11-29,,AUTOMATIC PAYMENT - THANK,2078.5,USD,online,False
WW1Lz9QbRvfGK7byxgajH16A81NRA3U6o9Bv3,9mbdKZLl8QtW1DG47vydTkQK6PyvGyU4xkEKW,,2024-11-29,KFC,KFC,500.0,USD,in store,False
Edqwv6yP9GuKwvL3xlmWsq6Boq5XBrU4ZR6V5,9mbdKZLl8QtW1DG47vydTkQK6PyvGyU4xkEKW,,2024-11-29,,Madison Bicycle Shop,500.0,USD,in store,False
7nGaleMwp7cZ6eRMX39psxErZx8MrWud4lw8N,mjlgbPz45dFBK74poGMPhW4PeKDxADugy9ArD,,2024-11-20,,CREDIT CARD 3333 PAYMENT *//,25.0,USD,other,False
j4DJPaqxbBu5R6NzyEpKHW1E4Wm6E9h6oMQ1m,bKb6gqA5xvha7zrXERewszywp9ZJjZfmbE3Bp,,2024-11-20,Uber,Uber 063015 SF**POOL**,5.4,USD,online,False
7nGaleMwp7cZ6eRMX39psxErZx8MrWud4lwwk,voaMAkj1qZFwRqrx15pLhWJLm4MvVMuq6gXwj,,2024-11-19,,ACH Electronic CreditGUSTO PAY 123456,5850.0,USD,online,False
dzyD8rnqwvu87MbgoAa3tP7MRPwWMLtJoMXDN,yEPM5pQoVLCgz5D4EaylsK8L1pzqgzI46oDgQ,,2024-11-19,,CD DEPOSIT .INITIAL.,1000.0,USD,other,False
G4ryoml7QvuNRw8v9mPDhrxa4rD9aPi6JBZ8M,9mbdKZLl8QtW1DG47vydTkQK6PyvGyU4xkEKW,,2024-11-18,,Touchstone Climbing,78.5,USD,in store,False
7nGaleMwp7cZ6eRMX39psxErZx8MrWud4lwgJ,bKb6gqA5xvha7zrXERewszywp9ZJjZfmbE3Bp,,2024-11-18,United Airlines,United Airlines,-500.0,USD,in store,False
eB9P1zkKvlty7XA85evwSXe3RXqP3mtrydxLZ,bKb6gqA5xvha7zrXERewszywp9ZJjZfmbE3Bp,,2024-11-17,McDonald's,McDonald's,12.0,USD,in store,False
QLjXmk48JwfdPkJaqK9wUjLopjD1oVcwrMjp5,bKb6gqA5xvha7zrXERewszywp9ZJjZfmbE3Bp,,2024-11-17,Starbucks,Starbucks,4.33,USD,in store,False
Zno8eJ19qXc1xgXR489jUgQLegp3LafenRxgj,bKb6gqA5xvha7zrXERewszywp9ZJjZfmbE3Bp,,2024-11-16,FUN,SparkFun,89.4,USD,in store,False
eB9P1zkKvlty7XA85evwSXe3RXqP3mtrydxaL,mjlgbPz45dFBK74poGMPhW4PeKDxADugy9ArD,,2024-11-15,,INTRST PYMNT,-4.22,USD,other,False
n7qMwjkN5aTxrEQeyoDnip4j1pJVjECAPeJEq,9mbdKZLl8QtW1DG47vydTkQK6PyvGyU4xkEKW,,2024-11-05,United Airlines,United Airlines,500.0,USD,in store,False
MQajom3L7vI6gKZbWEMesaBxXa8LxzULblm9M,bKb6gqA5xvha7zrXERewszywp9ZJjZfmbE3Bp,,2024-11-03,Uber,Uber 072515 SF**POOL**,6.33,USD,online,False
bKb6gqA5xvha7zrXERewszyZRz3EZKfmgxBzX,9mbdKZLl8QtW1DG47vydTkQK6PyvGyU4xkEKW,,2024-10-31,,Tectra Inc,500.0,USD,in store,False
9mbdKZLl8QtW1DG47vydTkQyZkNJyLs4zGKnL,9mbdKZLl8QtW1DG47vydTkQK6PyvGyU4xkEKW,,2024-10-30,,AUTOMATIC PAYMENT - THANK,2078.5,USD,online,False
yEPM5pQoVLCgz5D4EaylsK8zMKrNzdH4k3g5q,9mbdKZLl8QtW1DG47vydTkQK6PyvGyU4xkEKW,,2024-10-30,KFC,KFC,500.0,USD,in store,False
mjlgbPz45dFBK74poGMPhW4DLWjpDNhgRmrP5,9mbdKZLl8QtW1DG47vydTkQK6PyvGyU4xkEKW,,2024-10-30,,Madison Bicycle Shop,500.0,USD,in store,False
QLjXmk48JwfdPkJaqK9wUjLopjD1oVcwrMjGw,mjlgbPz45dFBK74poGMPhW4PeKDxADugy9ArD,,2024-10-21,,CREDIT CARD 3333 PAYMENT *//,25.0,USD,other,False
1go4makvldudjVv4eGJbUrqjVrg8jxipbKD5g,bKb6gqA5xvha7zrXERewszywp9ZJjZfmbE3Bp,,2024-10-21,Uber,Uber 063015 SF**POOL**,5.4,USD,online,False
eB9P1zkKvlty7XA85evwSXe3RXqP3mtrydxx4,voaMAkj1qZFwRqrx15pLhWJLm4MvVMuq6gXwj,,2024-10-20,,ACH Electronic CreditGUSTO PAY 123456,5850.0,USD,online,False
aqnB9lWwevHeRkowAX39HWg5qWJ75zhZpaX1w,yEPM5pQoVLCgz5D4EaylsK8L1pzqgzI46oDgQ,,2024-10-20,,CD DEPOSIT .INITIAL.,1000.0,USD,other,False
voaMAkj1qZFwRqrx15pLhWJMoW3RMxhqazwlp,9mbdKZLl8QtW1DG47vydTkQK6PyvGyU4xkEKW,,2024-10-19,,Touchstone Climbing,78.5,USD,in store,False
Led4o9B1VvfDpAw8nJmrCdV86dgX81ukgQ3P7,bKb6gqA5xvha7zrXERewszywp9ZJjZfmbE3Bp,,2024-10-19,United Airlines,United Airlines,-500.0,USD,in store,False
pQrP9exj5NIeBv4ZV7WwH51ZJ5LjZ6Up9rXLv,bKb6gqA5xvha7zrXERewszywp9ZJjZfmbE3Bp,,2024-10-18,McDonald's,McDonald's,12.0,USD,in store,False
oeKJ973P54foAa4nEz6QsNadzNZKd5uo4MvRM,bKb6gqA5xvha7zrXERewszywp9ZJjZfmbE3Bp,,2024-10-18,Starbucks,Starbucks,4.33,USD,in store,False
gxRPk3yzbKCaDmdQn3PXsmDo5mRwoPhEjVygD,bKb6gqA5xvha7zrXERewszywp9ZJjZfmbE3Bp,,2024-10-17,FUN,SparkFun,89.4,USD,in store,False
Zno8eJ19qXc1xgXR489jUgQLegp3LafenRxJJ,mjlgbPz45dFBK74poGMPhW4PeKDxADugy9ArD,,2024-10-16,,INTRST PYMNT,-4.22,USD,other,False
Rp7Qo9NE8vuLPDe9Kvzgs7Mjw7m9jNCa7lZJq,9mbdKZLl8QtW1DG47vydTkQK6PyvGyU4xkEKW,,2024-10-06,United Airlines,United Airlines,500.0,USD,in store,False
8bnDqQ15peuRyEMbJp8xSvQJzvwaJAcWv1Nw6,bKb6gqA5xvha7zrXERewszywp9ZJjZfmbE3Bp,,2024-10-04,Uber,Uber 072515 SF**POOL**,6.33,USD,online,False
6GAed7ZVgjCGZ4RWbmkNHe37yelV7Wu8j9zG9,9mbdKZLl8QtW1DG47vydTkQK6PyvGyU4xkEKW,,2024-10-01,,Tectra Inc,500.0,USD,in store,False
VEMar9enWvCvoB6QA1dECMRkJM8pkQi9bmDRr,9mbdKZLl8QtW1DG47vydTkQK6PyvGyU4xkEKW,,2024-09-30,,AUTOMATIC PAYMENT - THANK,2078.5,USD,online,False
Dkl1VvmN8AFnr17qW9myCl8ejlD4egF3mwZnD,9mbdKZLl8QtW1DG47vydTkQK6PyvGyU4xkEKW,,2024-09-30,KFC,KFC,500.0,USD,in store,False
XALgB9Zm8vTkEwP9Az4yHw5gqwJDg8Hbp6Dyg,9mbdKZLl8QtW1DG47vydTkQK6PyvGyU4xkEKW,,2024-09-30,,Madison Bicycle Shop,500.0,USD,in store,False
MQajom3L7vI6gKZbWEMesaBxXa8LxzULblm4e,mjlgbPz45dFBK74poGMPhW4PeKDxADugy9ArD,,2024-09-21,,CREDIT CARD 3333 PAYMENT *//,25.0,USD,other,False
Edqwv6yP9GuKwvL3xlmWsq6Boq5XBrU4ZR6XN,bKb6gqA5xvha7zrXERewszywp9ZJjZfmbE3Bp,,2024-09-21,Uber,Uber 063015 SF**POOL**,5.4,USD,online,False
QLjXmk48JwfdPkJaqK9wUjLopjD1oVcwrMjjd,voaMAkj1qZFwRqrx15pLhWJLm4MvVMuq6gXwj,,2024-09-20,,ACH Electronic CreditGUSTO PAY 123456,5850.0,USD,online,False
4WEaGPeXrNfxyg7bpVnwizoRlzWQRefJ8rmnP,yEPM5pQoVLCgz5D4EaylsK8L1pzqgzI46oDgQ,,2024-09-20,,CD DEPOSIT .INITIAL.,1000.0,USD,other,False
wk4bJo7LKMFBDzbjo9ENhnLbPn3kb4fPANQLa,9mbdKZLl8QtW1DG47vydTkQK6PyvGyU4xkEKW,,2024-09-19,,Touchstone Climbing,78.5,USD,in store,False
WW1Lz9QbRvfGK7byxgajH16A81NRA3U6o9Bl5,bKb6gqA5xvha7zrXERewszywp9ZJjZfmbE3Bp,,2024-09-19,United Airlines,United Airlines,-500.0,USD,in store,False
AzDxpmGdn8u1QbmDrV3oUyqwDyKMw7t9RjB1V,bKb6gqA5xvha7zrXERewszywp9ZJjZfmbE3Bp,,2024-09-18,McDonald's,McDonald's,12.0,USD,in store,False
G4ryoml7QvuNRw8v9mPDhrxa4rD9aPi6JBZ1J,bKb6gqA5xvha7zrXERewszywp9ZJjZfmbE3Bp,,2024-09-18,Starbucks,Starbucks,4.33,USD,in store,False
n7qMwjkN5aTxrEQeyoDnip4j1pJVjECAPeJ68,bKb6gqA5xvha7zrXERewszywp9ZJjZfmbE3Bp,,2024-09-17,FUN,SparkFun,89.4,USD,in store,False
1go4makvldudjVv4eGJbUrqjVrg8jxipbKDqm,mjlgbPz45dFBK74poGMPhW4PeKDxADugy9ArD,,2024-09-16,,INTRST PYMNT,-4.22,USD,other,False
5AW46jQDoPTQWyXN7zbxhBgdZBQ6doC5zw6g4,9mbdKZLl8QtW1DG47vydTkQK6PyvGyU4xkEKW,,2024-09-06,United Airlines,United Airlines,500.0,USD,in store,False
bKb6gqA5xvha7zrXERewszyZRz3EZKfmgxBVV,bKb6gqA5xvha7zrXERewszywp9ZJjZfmbE3Bp,,2024-09-04,Uber,Uber 072515 SF**POOL**,6.33,USD,online,False
Jj349mrZEvFWgw1kPLeXT3ajX3LljDtBp4nZp,9mbdKZLl8QtW1DG47vydTkQK6PyvGyU4xkEKW,,2024-09-01,,Tectra Inc,500.0,USD,in store,False
qZzb9Qd7RPCy3GjMwBakSBLzbBpPzmCg8mQog,9mbdKZLl8QtW1DG47vydTkQK6PyvGyU4xkEKW,,2024-08-31,,AUTOMATIC PAYMENT - THANK,2078.5,USD,online,False
lPw9dNraZxCyknR3E6AoS175q1mg5vUp1wMJZ,9mbdKZLl8QtW1DG47vydTkQK6PyvGyU4xkEKW,,2024-08-31,KFC,KFC,500.0,USD,in store,False
kNVxk4Kdy3iRl4L3EBQzS4MGm4ADGecLrQmwx,9mbdKZLl8QtW1DG47vydTkQK6PyvGyU4xkEKW,,2024-08-31,,Madison Bicycle Shop,500.0,USD,in store,False
Led4o9B1VvfDpAw8nJmrCdV86dgX81ukgQ3eo,mjlgbPz45dFBK74poGMPhW4PeKDxADugy9ArD,,2024-08-22,,CREDIT CARD 3333 PAYMENT *//,25.0,USD,other,False
mjlgbPz45dFBK74poGMPhW4DLWjpDNhgRmrLg,bKb6gqA5xvha7zrXERewszywp9ZJjZfmbE3Bp,,2024-08-22,Uber,Uber 063015 SF**POOL**,5.4,USD,online,False
Zno8eJ19qXc1xgXR489jUgQLegp3LafenRxxK,voaMAkj1qZFwRqrx15pLhWJLm4MvVMuq6gXwj,,2024-08-21,,ACH Electronic CreditGUSTO PAY 123456,5850.0,USD,online,False
NZ47g9xpRvCK83VkWQlAs4WZJ45eZ3cyLjVnz,yEPM5pQoVLCgz5D4EaylsK8L1pzqgzI46oDgQ,,2024-08-21,,CD DEPOSIT .INITIAL.,1000.0,USD,other,False
K7x4ZmzMnvTmAd7RjXQJsxX8ox5p81uRgZ5nE,9mbdKZLl8QtW1DG47vydTkQK6PyvGyU4xkEKW,,2024-08-20,,Touchstone Climbing,78.5,USD,in store,False
yEPM5pQoVLCgz5D4EaylsK8zMKrNzdH4k3gyK,bKb6gqA5xvha7zrXERewszywp9ZJjZfmbE3Bp,,2024-08-20,United Airlines,United Airlines,-500.0,USD,in store,False
9mbdKZLl8QtW1DG47vydTkQyZkNJyLs4zGKRV,bKb6gqA5xvha7zrXERewszywp9ZJjZfmbE3Bp,,2024-08-19,McDonald's,McDonald's,12.0,USD,in store,False
voaMAkj1qZFwRqrx15pLhWJMoW3RMxhqazwWX,bKb6gqA5xvha7zrXERewszywp9ZJjZfmbE3Bp,,2024-08-19,Starbucks,Starbucks,4.33,USD,in store,False
Rp7Qo9NE8vuLPDe9Kvzgs7Mjw7m9jNCa7lZRJ,bKb6gqA5xvha7zrXERewszywp9ZJjZfmbE3Bp,,2024-08-18,FUN,SparkFun,89.4,USD,in store,False
pQrP9exj5NIeBv4ZV7WwH51ZJ5LjZ6Up9rXJb,mjlgbPz45dFBK74poGMPhW4PeKDxADugy9ArD,,2024-08-17,,INTRST PYMNT,-4.22,USD,other,False
rMBg9ZaeJku1A5XBEkNvUgBexgJrejf7LPGoa,9mbdKZLl8QtW1DG47vydTkQK6PyvGyU4xkEKW,,2024-08-07,United Airlines,United Airlines,500.0,USD,in store,False
6GAed7ZVgjCGZ4RWbmkNHe37yelV7Wu8j9zgm,bKb6gqA5xvha7zrXERewszywp9ZJjZfmbE3Bp,,2024-08-05,Uber,Uber 072515 SF**POOL**,6.33,USD,online,False
zWja9bZgmpfnmAg9bap3CnD5qnlQ5JflD7eqg,9mbdKZLl8QtW1DG47vydTkQK6PyvGyU4xkEKW,,2024-08-02,,Tectra Inc,500.0,USD,in store,False
x8Ng5Jepr1ujBg5dVrp1FDv3dDWL3wf6m7QNQ,9mbdKZLl8QtW1DG47vydTkQK6PyvGyU4xkEKW,,2024-08-01,,AUTOMATIC PAYMENT - THANK,2078.5,USD,online,False
3E8GdN76K4Cm69n7dgJvsER4jEQr45sZGrWPQ,9mbdKZLl8QtW1DG47vydTkQK6PyvGyU4xkEKW,,2024-08-01,KFC,KFC,500.0,USD,in store,False
BBVD9mnaREtKrR1Vzox3sMQJdMLyJPi4qWkZZ,9mbdKZLl8QtW1DG47vydTkQK6PyvGyU4xkEKW,,2024-08-01,,Madison Bicycle Shop,500.0,USD,in store,False
oeKJ973P54foAa4nEz6QsNadzNZKd5uo4Mvpv,mjlgbPz45dFBK74poGMPhW4PeKDxADugy9ArD,,2024-07-23,,CREDIT CARD 3333 PAYMENT *//,25.0,USD,other,False
XALgB9Zm8vTkEwP9Az4yHw5gqwJDg8Hbp6DdD,bKb6gqA5xvha7zrXERewszywp9ZJjZfmbE3Bp,,2024-07-23,Uber,Uber 063015 SF**POOL**,5.4,USD,online,False
MQajom3L7vI6gKZbWEMesaBxXa8LxzULblmmB,voaMAkj1qZFwRqrx15pLhWJLm4MvVMuq6gXwj,,2024-07-22,,ACH Electronic CreditGUSTO PAY 123456,5850.0,USD,online,False
P1PQowagbvuJLAXxl49qUPMdDP51dZtoEkKQb,yEPM5pQoVLCgz5D4EaylsK8L1pzqgzI46oDgQ,,2024-07-22,,CD DEPOSIT .INITIAL.,1000.0,USD,other,False
dzyD8rnqwvu87MbgoAa3tP7MRPwWMLtJoMXG9,9mbdKZLl8QtW1DG47vydTkQK6PyvGyU4xkEKW,,2024-07-21,,Touchstone Climbing,78.5,USD,in store,False
Dkl1VvmN8AFnr17qW9myCl8ejlD4egF3mwZvd,bKb6gqA5xvha7zrXERewszywp9ZJjZfmbE3Bp,,2024-07-21,United Airlines,United Airlines,-500.0,USD,in store,False
VEMar9enWvCvoB6QA1dECMRkJM8pkQi9bmDWN,bKb6gqA5xvha7zrXERewszywp9ZJjZfmbE3Bp,,2024-07-20,McDonald's,McDonald's,12.0,USD,in store,False
wk4bJo7LKMFBDzbjo9ENhnLbPn3kb4fPANQrd,bKb6gqA5xvha7zrXERewszywp9ZJjZfmbE3Bp,,2024-07-20,Starbucks,Starbucks,4.33,USD,in store,False
5AW46jQDoPTQWyXN7zbxhBgdZBQ6doC5zw6Ze,bKb6gqA5xvha7zrXERewszywp9ZJjZfmbE3Bp,,2024-07-19,FUN,SparkFun,89.4,USD,in store,False
gxRPk3yzbKCaDmdQn3PXsmDo5mRwoPhEjVyL9,mjlgbPz45dFBK74poGMPhW4PeKDxADugy9ArD,,2024-07-18,,INTRST PYMNT,-4.22,USD,other,False
aqnB9lWwevHeRkowAX39HWg5qWJ75zhZpaXPV,9mbdKZLl8QtW1DG47vydTkQK6PyvGyU4xkEKW,,2024-07-08,United Airlines,United Airlines,500.0,USD,in store,False
Jj349mrZEvFWgw1kPLeXT3ajX3LljDtBp4ndl,bKb6gqA5xvha7zrXERewszywp9ZJjZfmbE3Bp,,2024-07-06,Uber,Uber 072515 SF**POOL**,6.33,USD,online,False
4WEaGPeXrNfxyg7bpVnwizoRlzWQRefJ8rmkE,9mbdKZLl8QtW1DG47vydTkQK6PyvGyU4xkEKW,,2024-07-03,,Tectra Inc,500.0,USD,in store,False
j4DJPaqxbBu5R6NzyEpKHW1E4Wm6E9h6oMQwr,9mbdKZLl8QtW1DG47vydTkQK6PyvGyU4xkEKW,,2024-07-02,,AUTOMATIC PAYMENT - THANK,2078.5,USD,online,False
P1PQowagbvuJLAXxl49qUPMdDP51dZtoEkKJx,9mbdKZLl8QtW1DG47vydTkQK6PyvGyU4xkEKW,,2024-07-02,KFC,KFC,500.0,USD,in store,False
NZ47g9xpRvCK83VkWQlAs4WZJ45eZ3cyLjVxB,9mbdKZLl8QtW1DG47vydTkQK6PyvGyU4xkEKW,,2024-07-02,,Madison Bicycle Shop,500.0,USD,in store,False
8bnDqQ15peuRyEMbJp8xSvQJzvwaJAcWv1NZe,mjlgbPz45dFBK74poGMPhW4PeKDxADugy9ArD,,2024-06-23,,CREDIT CARD 3333 PAYMENT *//,25.0,USD,other,False
kNVxk4Kdy3iRl4L3EBQzS4MGm4ADGecLrQmWy,bKb6gqA5xvha7zrXERewszywp9ZJjZfmbE3Bp,,2024-06-23,Uber,Uber 063015 SF**POOL**,5.4,USD,online,False
1go4makvldudjVv4eGJbUrqjVrg8jxipbKDDz,voaMAkj1qZFwRqrx15pLhWJLm4MvVMuq6gXwj,,2024-06-22,,ACH Electronic CreditGUSTO PAY 123456,5850.0,USD,online,False
j4DJPaqxbBu5R6NzyEpKHW1E4Wm6E9h6oMQZo,yEPM5pQoVLCgz5D4EaylsK8L1pzqgzI46oDgQ,,2024-06-22,,CD DEPOSIT .INITIAL.,1000.0,USD,other,False
7nGaleMwp7cZ6eRMX39psxErZx8MrWud4lwjD,9mbdKZLl8QtW1DG47vydTkQK6PyvGyU4xkEKW,,2024-06-21,,Touchstone Climbing,78.5,USD,in store,False
lPw9dNraZxCyknR3E6AoS175q1mg5vUp1wMZP,bKb6gqA5xvha7zrXERewszywp9ZJjZfmbE3Bp,,2024-06-21,United Airlines,United Airlines,-500.0,USD,in store,False
qZzb9Qd7RPCy3GjMwBakSBLzbBpPzmCg8mQdb,bKb6gqA5xvha7zrXERewszywp9ZJjZfmbE3Bp,,2024-06-20,McDonald's,McDonald's,12.0,USD,in store,False
K7x4ZmzMnvTmAd7RjXQJsxX8ox5p81uRgZ5Rz,bKb6gqA5xvha7zrXERewszywp9ZJjZfmbE3Bp,,2024-06-20,Starbucks,Starbucks,4.33,USD,in store,False
rMBg9ZaeJku1A5XBEkNvUgBexgJrejf7LPG7j,bKb6gqA5xvha7zrXERewszywp9ZJjZfmbE3Bp,,2024-06-19,FUN,SparkFun,89.4,USD,in store,False
Edqwv6yP9GuKwvL3xlmWsq6Boq5XBrU4ZR6gd,mjlgbPz45dFBK74poGMPhW4PeKDxADugy9ArD,,2024-06-18,,INTRST PYMNT,-4.22,USD,other,False
eB9P1zkKvlty7XA85evwSXe3RXqP3mtrydxE6,9mbdKZLl8QtW1DG47vydTkQK6PyvGyU4xkEKW,,2024-06-08,United Airlines,United Airlines,500.0,USD,in store,False
zWja9bZgmpfnmAg9bap3CnD5qnlQ5JflD7elp,bKb6gqA5xvha7zrXERewszywp9ZJjZfmbE3Bp,,2024-06-06,Uber,Uber 072515 SF**POOL**,6.33,USD,online,False
QLjXmk48JwfdPkJaqK9wUjLopjD1oVcwrMjZK,9mbdKZLl8QtW1DG47vydTkQK6PyvGyU4xkEKW,,2024-06-03,,Tectra Inc,500.0,USD,in store,False
1go4makvldudjVv4eGJbUrqjVrg8jxipbKDNx,9mbdKZLl8QtW1DG47vydTkQK6PyvGyU4xkEKW,,2024-06-02,,AUTOMATIC PAYMENT - THANK,2078.5,USD,online,False
MQajom3L7vI6gKZbWEMesaBxXa8LxzULblmNq,9mbdKZLl8QtW1DG47vydTkQK6PyvGyU4xkEKW,,2024-06-02,KFC,KFC,500.0,USD,in store,False
Zno8eJ19qXc1xgXR489jUgQLegp3LafenRxPM,9mbdKZLl8QtW1DG47vydTkQK6PyvGyU4xkEKW,,2024-06-02,,Madison Bicycle Shop,500.0,USD,in store,False
WW1Lz9QbRvfGK7byxgajH16A81NRA3U6o9BPA,mjlgbPz45dFBK74poGMPhW4PeKDxADugy9ArD,,2024-05-24,,CREDIT CARD 3333 PAYMENT *//,25.0,USD,other,False
BBVD9mnaREtKrR1Vzox3sMQJdMLyJPi4qWk4Q,bKb6gqA5xvha7zrXERewszywp9ZJjZfmbE3Bp,,2024-05-24,Uber,Uber 063015 SF**POOL**,5.4,USD,online,False
Led4o9B1VvfDpAw8nJmrCdV86dgX81ukgQ33x,voaMAkj1qZFwRqrx15pLhWJLm4MvVMuq6gXwj,,2024-05-23,,ACH Electronic CreditGUSTO PAY 123456,5850.0,USD,online,False
7nGaleMwp7cZ6eRMX39psxErZx8MrWud4lwMN,yEPM5pQoVLCgz5D4EaylsK8L1pzqgzI46oDgQ,,2024-05-23,,CD DEPOSIT .INITIAL.,1000.0,USD,other,False
Led4o9B1VvfDpAw8nJmrCdV86dgX81ukgQ3qy,9mbdKZLl8QtW1DG47vydTkQK6PyvGyU4xkEKW,,2024-05-22,,Touchstone Climbing,78.5,USD,in store,False
3E8GdN76K4Cm69n7dgJvsER4jEQr45sZGrWZe,bKb6gqA5xvha7zrXERewszywp9ZJjZfmbE3Bp,,2024-05-22,United Airlines,United Airlines,-500.0,USD,in store,False
x8Ng5Jepr1ujBg5dVrp1FDv3dDWL3wf6m7Q6v,bKb6gqA5xvha7zrXERewszywp9ZJjZfmbE3Bp,,2024-05-21,McDonald's,McDonald's,12.0,USD,in store,False
dzyD8rnqwvu87MbgoAa3tP7MRPwWMLtJoMXJQ,bKb6gqA5xvha7zrXERewszywp9ZJjZfmbE3Bp,,2024-05-21,Starbucks,Starbucks,4.33,USD,in store,False
aqnB9lWwevHeRkowAX39HWg5qWJ75zhZpaXZ3,bKb6gqA5xvha7zrXERewszywp9ZJjZfmbE3Bp,,2024-05-20,FUN,SparkFun,89.4,USD,in store,False
AzDxpmGdn8u1QbmDrV3oUyqwDyKMw7t9RjB4b,mjlgbPz45dFBK74poGMPhW4PeKDxADugy9ArD,,2024-05-19,,INTRST PYMNT,-4.22,USD,other,False
pQrP9exj5NIeBv4ZV7WwH51ZJ5LjZ6Up9rXb3,9mbdKZLl8QtW1DG47vydTkQK6PyvGyU4xkEKW,,2024-05-09,United Airlines,United Airlines,500.0,USD,in store,False
4WEaGPeXrNfxyg7bpVnwizoRlzWQRefJ8rmJL,bKb6gqA5xvha7zrXERewszywp9ZJjZfmbE3Bp,,2024-05-07,Uber,Uber 072515 SF**POOL**,6.33,USD,online,False
oeKJ973P54foAa4nEz6QsNadzNZKd5uo4Mv17,9mbdKZLl8QtW1DG47vydTkQK6PyvGyU4xkEKW,,2024-05-04,,Tectra Inc,500.0,USD,in store,False
Edqwv6yP9GuKwvL3xlmWsq6Boq5XBrU4ZR6r5,9mbdKZLl8QtW1DG47vydTkQK6PyvGyU4xkEKW,,2024-05-03,,AUTOMATIC PAYMENT - THANK,2078.5,USD,online,False
8bnDqQ15peuRyEMbJp8xSvQJzvwaJAcWv1Ng8,9mbdKZLl8QtW1DG47vydTkQK6PyvGyU4xkEKW,,2024-05-03,KFC,KFC,500.0,USD,in store,False
gxRPk3yzbKCaDmdQn3PXsmDo5mRwoPhEjVyP1,9mbdKZLl8QtW1DG47vydTkQK6PyvGyU4xkEKW,,2024-05-03,,Madison Bicycle Shop,500.0,USD,in store,False
G4ryoml7QvuNRw8v9mPDhrxa4rD9aPi6JBZGz,mjlgbPz45dFBK74poGMPhW4PeKDxADugy9ArD,,2024-04-24,,CREDIT CARD 3333 PAYMENT *//,25.0,USD,other,False
NZ47g9xpRvCK83VkWQlAs4WZJ45eZ3cyLjVyA,bKb6gqA5xvha7zrXERewszywp9ZJjZfmbE3Bp,,2024-04-24,Uber,Uber 063015 SF**POOL**,5.4,USD,online,False
pQrP9exj5NIeBv4ZV7WwH51ZJ5LjZ6Up9rXXr,voaMAkj1qZFwRqrx15pLhWJLm4MvVMuq6gXwj,,2024-04-23,,ACH Electronic CreditGUSTO PAY 123456,5850.0,USD,online,False
eB9P1zkKvlty7XA85evwSXe3RXqP3mtrydx7L,yEPM5pQoVLCgz5D4EaylsK8L1pzqgzI46oDgQ,,2024-04-23,,CD DEPOSIT .INITIAL.,1000.0,USD,other,False
WW1Lz9QbRvfGK7byxgajH16A81NRA3U6o9BX3,9mbdKZLl8QtW1DG47vydTkQK6PyvGyU4xkEKW,,2024-04-22,,Touchstone Climbing,78.5,USD,in store,False
P1PQowagbvuJLAXxl49qUPMdDP51dZtoEkKoL,bKb6gqA5xvha7zrXERewszywp9ZJjZfmbE3Bp,,2024-04-22,United Airlines,United Airlines,-500.0,USD,in store,False
j4DJPaqxbBu5R6NzyEpKHW1E4Wm6E9h6oMQ6m,bKb6gqA5xvha7zrXERewszywp9ZJjZfmbE3Bp,,2024-04-21,McDonald's,McDonald's,12.0,USD,in store,False
7nGaleMwp7cZ6eRMX39psxErZx8MrWud4lwdJ,bKb6gqA5xvha7zrXERewszywp9ZJjZfmbE3Bp,,2024-04-21,Starbucks,Starbucks,4.33,USD,in store,False
eB9P1zkKvlty7XA85evwSXe3RXqP3mtrydxrZ,bKb6gqA5xvha7zrXERewszywp9ZJjZfmbE3Bp,,2024-04-20,FUN,SparkFun,89.4,USD,in store,False
n7qMwjkN5aTxrEQeyoDnip4j1pJVjECAPeJ31,mjlgbPz45dFBK74poGMPhW4PeKDxADugy9ArD,,2024-04-19,,INTRST PYMNT,-4.22,USD,other,False
AzDxpmGdn8u1QbmDrV3oUyqwDyKMw7t9RjBaJ,9mbdKZLl8QtW1DG47vydTkQK6PyvGyU4xkEKW,,2024-04-09,United Airlines,United Airlines,500.0,USD,in store,False
QLjXmk48JwfdPkJaqK9wUjLopjD1oVcwrMjw5,bKb6gqA5xvha7zrXERewszywp9ZJjZfmbE3Bp,,2024-04-07,Uber,Uber 072515 SF**POOL**,6.33,USD,online,False
G4ryoml7QvuNRw8v9mPDhrxa4rD9aPi6JBZqM,9mbdKZLl8QtW1DG47vydTkQK6PyvGyU4xkEKW,,2024-04-04,,Tectra Inc,500.0,USD,in store,False
mjlgbPz45dFBK74poGMPhW4DLWjpDNhgRmr95,9mbdKZLl8QtW1DG47vydTkQK6PyvGyU4xkEKW,,2024-04-03,,AUTOMATIC PAYMENT - THANK,2078.5,USD,online,False
bKb6gqA5xvha7zrXERewszyZRz3EZKfmgxBEX,9mbdKZLl8QtW1DG47vydTkQK6PyvGyU4xkEKW,,2024-04-03,KFC,KFC,500.0,USD,in store,False
n7qMwjkN5aTxrEQeyoDnip4j1pJVjECAPeJZq,9mbdKZLl8QtW1DG47vydTkQK6PyvGyU4xkEKW,,2024-04-03,,Madison Bicycle Shop,500.0,USD,in store,False
bKb6gqA5xvha7zrXERewszyZRz3EZKfmgxBoD,mjlgbPz45dFBK74poGMPhW4PeKDxADugy9ArD,,2024-03-25,,CREDIT CARD 3333 PAYMENT *//,25.0,USD,other,False
Zno8eJ19qXc1xgXR489jUgQLegp3LafenRxej,bKb6gqA5xvha7zrXERewszywp9ZJjZfmbE3Bp,,2024-03-25,Uber,Uber 063015 SF**POOL**,5.4,USD,online,False
oeKJ973P54foAa4nEz6QsNadzNZKd5uo4Mvv9,voaMAkj1qZFwRqrx15pLhWJLm4MvVMuq6gXwj,,2024-03-24,,ACH Electronic CreditGUSTO PAY 123456,5850.0,USD,online,False
QLjXmk48JwfdPkJaqK9wUjLopjD1oVcwrMj3w,yEPM5pQoVLCgz5D4EaylsK8L1pzqgzI46oDgQ,,2024-03-24,,CD DEPOSIT .INITIAL.,1000.0,USD,other,False
yEPM5pQoVLCgz5D4EaylsK8zMKrNzdH4k3goq,9mbdKZLl8QtW1DG47vydTkQK6PyvGyU4xkEKW,,2024-03-23,,Touchstone Climbing,78.5,USD,in store,False
MQajom3L7vI6gKZbWEMesaBxXa8LxzULblmLM,bKb6gqA5xvha7zrXERewszywp9ZJjZfmbE3Bp,,2024-03-23,United Airlines,United Airlines,-500.0,USD,in store,False
1go4makvldudjVv4eGJbUrqjVrg8jxipbKDpg,bKb6gqA5xvha7zrXERewszywp9ZJjZfmbE3Bp,,2024-03-22,McDonald's,McDonald's,12.0,USD,in store,False
Led4o9B1VvfDpAw8nJmrCdV86dgX81ukgQ3k7,bKb6gqA5xvha7zrXERewszywp9ZJjZfmbE3Bp,,2024-03-22,Starbucks,Starbucks,4.33,USD,in store,False
pQrP9exj5NIeBv4ZV7WwH51ZJ5LjZ6Up9rXpv,bKb6gqA5xvha7zrXERewszywp9ZJjZfmbE3Bp,,2024-03-21,FUN,SparkFun,89.4,USD,in store,False
mjlgbPz45dFBK74poGMPhW4DLWjpDNhgRmrM1,mjlgbPz45dFBK74poGMPhW4PeKDxADugy9ArD,,2024-03-20,,INTRST PYMNT,-4.22,USD,other,False
9mbdKZLl8QtW1DG47vydTkQyZkNJyLs4zGKkL,9mbdKZLl8QtW1DG47vydTkQK6PyvGyU4xkEKW,,2024-03-10,United Airlines,United Airlines,500.0,USD,in store,False
oeKJ973P54foAa4nEz6QsNadzNZKd5uo4MvoM,bKb6gqA5xvha7zrXERewszywp9ZJjZfmbE3Bp,,2024-03-08,Uber,Uber 072515 SF**POOL**,6.33,USD,online,False
voaMAkj1qZFwRqrx15pLhWJMoW3RMxhqazwgp,9mbdKZLl8QtW1DG47vydTkQK6PyvGyU4xkEKW,,2024-03-05,,Tectra Inc,500.0,USD,in store,False
XALgB9Zm8vTkEwP9Az4yHw5gqwJDg8Hbp6D9g,9mbdKZLl8QtW1DG47vydTkQK6PyvGyU4xkEKW,,2024-03-04,,AUTOMATIC PAYMENT - THANK,2078.5,USD,online,False
6GAed7ZVgjCGZ4RWbmkNHe37yelV7Wu8j9zm9,9mbdKZLl8QtW1DG47vydTkQK6PyvGyU4xkEKW,,2024-03-04,KFC,KFC,500.0,USD,in store,False
Rp7Qo9NE8vuLPDe9Kvzgs7Mjw7m9jNCa7lZwq,9mbdKZLl8QtW1DG47vydTkQK6PyvGyU4xkEKW,,2024-03-04,,Madison Bicycle Shop,500.0,USD,in store,False
yEPM5pQoVLCgz5D4EaylsK8zMKrNzdH4k3gWj,mjlgbPz45dFBK74poGMPhW4PeKDxADugy9ArD,,2024-02-24,,CREDIT CARD 3333 PAYMENT *//,25.0,USD,other,False
gxRPk3yzbKCaDmdQn3PXsmDo5mRwoPhEjVyED,bKb6gqA5xvha7zrXERewszywp9ZJjZfmbE3Bp,,2024-02-24,Uber,Uber 063015 SF**POOL**,5.4,USD,online,False
gxRPk3yzbKCaDmdQn3PXsmDo5mRwoPhEjVyyB,voaMAkj1qZFwRqrx15pLhWJLm4MvVMuq6gXwj,,2024-02-23,,ACH Electronic CreditGUSTO PAY 123456,5850.0,USD,online,False
Zno8eJ19qXc1xgXR489jUgQLegp3LafenRxrJ,yEPM5pQoVLCgz5D4EaylsK8L1pzqgzI46oDgQ,,2024-02-23,,CD DEPOSIT .INITIAL.,1000.0,USD,other,False
Dkl1VvmN8AFnr17qW9myCl8ejlD4egF3mwZ7D,9mbdKZLl8QtW1DG47vydTkQK6PyvGyU4xkEKW,,2024-02-22,,Touchstone Climbing,78.5,USD,in store,False
8bnDqQ15peuRyEMbJp8xSvQJzvwaJAcWv1NW6,bKb6gqA5xvha7zrXERewszywp9ZJjZfmbE3Bp,,2024-02-22,United Airlines,United Airlines,-500.0,USD,in store,False
Edqwv6yP9GuKwvL3xlmWsq6Boq5XBrU4ZR64N,bKb6gqA5xvha7zrXERewszywp9ZJjZfmbE3Bp,,2024-02-21,McDonald's,McDonald's,12.0,USD,in store,False
WW1Lz9QbRvfGK7byxgajH16A81NRA3U6o9B65,bKb6gqA5xvha7zrXERewszywp9ZJjZfmbE3Bp,,2024-02-21,Starbucks,Starbucks,4.33,USD,in store,False
AzDxpmGdn8u1QbmDrV3oUyqwDyKMw7t9RjB9V,bKb6gqA5xvha7zrXERewszywp9ZJjZfmbE3Bp,,2024-02-20,FUN,SparkFun,89.4,USD,in store,False
9mbdKZLl8QtW1DG47vydTkQyZkNJyLs4zGKVj,mjlgbPz45dFBK74poGMPhW4PeKDxADugy9ArD,,2024-02-19,,INTRST PYMNT,-4.22,USD,other,False
VEMar9enWvCvoB6QA1dECMRkJM8pkQi9bmDor,9mbdKZLl8QtW1DG47vydTkQK6PyvGyU4xkEKW,,2024-02-09,United Airlines,United Airlines,500.0,USD,in store,False
G4ryoml7QvuNRw8v9mPDhrxa4rD9aPi6JBZ6J,bKb6gqA5xvha7zrXERewszywp9ZJjZfmbE3Bp,,2024-02-07,Uber,Uber 072515 SF**POOL**,6.33,USD,online,False
wk4bJo7LKMFBDzbjo9ENhnLbPn3kb4fPANQ3a,9mbdKZLl8QtW1DG47vydTkQK6PyvGyU4xkEKW,,2024-02-04,,Tectra Inc,500.0,USD,in store,False
kNVxk4Kdy3iRl4L3EBQzS4MGm4ADGecLrQmqx,9mbdKZLl8QtW1DG47vydTkQK6PyvGyU4xkEKW,,2024-02-03,,AUTOMATIC PAYMENT - THANK,2078.5,USD,online,False
Jj349mrZEvFWgw1kPLeXT3ajX3LljDtBp4n1p,9mbdKZLl8QtW1DG47vydTkQK6PyvGyU4xkEKW,,2024-02-03,KFC,KFC,500.0,USD,in store,False
5AW46jQDoPTQWyXN7zbxhBgdZBQ6doC5zw6b4,9mbdKZLl8QtW1DG47vydTkQK6PyvGyU4xkEKW,,2024-02-03,,Madison Bicycle Shop,500.0,USD,in store,False
voaMAkj1qZFwRqrx15pLhWJMoW3RMxhqazwnE,mjlgbPz45dFBK74poGMPhW4PeKDxADugy9ArD,,2024-01-25,,CREDIT CARD 3333 PAYMENT *//,25.0,USD,other,False
n7qMwjkN5aTxrEQeyoDnip4j1pJVjECAPeJA8,bKb6gqA5xvha7zrXERewszywp9ZJjZfmbE3Bp,,2024-01-25,Uber,Uber 063015 SF**POOL**,5.4,USD,online,False
8bnDqQ15peuRyEMbJp8xSvQJzvwaJAcWv1NNB,voaMAkj1qZFwRqrx15pLhWJLm4MvVMuq6gXwj,,2024-01-24,,ACH Electronic CreditGUSTO PAY 123456,5850.0,USD,online,False
MQajom3L7vI6gKZbWEMesaBxXa8LxzULblmee,yEPM5pQoVLCgz5D4EaylsK8L1pzqgzI46oDgQ,,2024-01-24,,CD DEPOSIT .INITIAL.,1000.0,USD,other,False
lPw9dNraZxCyknR3E6AoS175q1mg5vUp1wMnZ,9mbdKZLl8QtW1DG47vydTkQK6PyvGyU4xkEKW,,2024-01-23,,Touchstone Climbing,78.5,USD,in store,False
bKb6gqA5xvha7zrXERewszyZRz3EZKfmgxBmV,bKb6gqA5xvha7zrXERewszywp9ZJjZfmbE3Bp,,2024-01-23,United Airlines,United Airlines,-500.0,USD,in store,False
mjlgbPz45dFBK74poGMPhW4DLWjpDNhgRmrgg,bKb6gqA5xvha7zrXERewszywp9ZJjZfmbE3Bp,,2024-01-22,McDonald's,McDonald's,12.0,USD,in store,False
yEPM5pQoVLCgz5D4EaylsK8zMKrNzdH4k3g4K,bKb6gqA5xvha7zrXERewszywp9ZJjZfmbE3Bp,,2024-01-22,Starbucks,Starbucks,4.33,USD,in store,False
9mbdKZLl8QtW1DG47vydTkQyZkNJyLs4zGK4V,bKb6gqA5xvha7zrXERewszywp9ZJjZfmbE3Bp,,2024-01-21,FUN,SparkFun,89.4,USD,in store,False
Rp7Qo9NE8vuLPDe9Kvzgs7Mjw7m9jNCa7lZXW,mjlgbPz45dFBK74poGMPhW4PeKDxADugy9ArD,,2024-01-20,,INTRST PYMNT,-4.22,USD,other,False
qZzb9Qd7RPCy3GjMwBakSBLzbBpPzmCg8mQLg,9mbdKZLl8QtW1DG47vydTkQK6PyvGyU4xkEKW,,2024-01-10,United Airlines,United Airlines,500.0,USD,in store,False
voaMAkj1qZFwRqrx15pLhWJMoW3RMxhqazwqX,bKb6gqA5xvha7zrXERewszywp9ZJjZfmbE3Bp,,2024-01-08,Uber,Uber 072515 SF**POOL**,6.33,USD,online,False
K7x4ZmzMnvTmAd7RjXQJsxX8ox5p81uRgZ5KE,9mbdKZLl8QtW1DG47vydTkQK6PyvGyU4xkEKW,,2024-01-05,,Tectra Inc,500.0,USD,in store,False
BBVD9mnaREtKrR1Vzox3sMQJdMLyJPi4qWkXZ,9mbdKZLl8QtW1DG47vydTkQK6PyvGyU4xkEKW,,2024-01-04,,AUTOMATIC PAYMENT - THANK,2078.5,USD,online,False
zWja9bZgmpfnmAg9bap3CnD5qnlQ5JflD7eMg,9mbdKZLl8QtW1DG47vydTkQK6PyvGyU4xkEKW,,2024-01-04,KFC,KFC,500.0,USD,in store,False
rMBg9ZaeJku1A5XBEkNvUgBexgJrejf7LPGpa,9mbdKZLl8QtW1DG47vydTkQK6PyvGyU4xkEKW,,2024-01-04,,Madison Bicycle Shop,500.0,USD,in store,False
6GAed7ZVgjCGZ4RWbmkNHe37yelV7Wu8j9zbL,mjlgbPz45dFBK74poGMPhW4PeKDxADugy9ArD,,2023-12-26,,CREDIT CARD 3333 PAYMENT *//,25.0,USD,other,False
Rp7Qo9NE8vuLPDe9Kvzgs7Mjw7m9jNCa7lZaJ,bKb6gqA5xvha7zrXERewszywp9ZJjZfmbE3Bp,,2023-12-26,Uber,Uber 063015 SF**POOL**,5.4,USD,online,False
Edqwv6yP9GuKwvL3xlmWsq6Boq5XBrU4ZR66M,voaMAkj1qZFwRqrx15pLhWJLm4MvVMuq6gXwj,,2023-12-25,,ACH Electronic CreditGUSTO PAY 123456,5850.0,USD,online,False
1go4makvldudjVv4eGJbUrqjVrg8jxipbKDZm,yEPM5pQoVLCgz5D4EaylsK8L1pzqgzI46oDgQ,,2023-12-25,,CD DEPOSIT .INITIAL.,1000.0,USD,other,False
3E8GdN76K4Cm69n7dgJvsER4jEQr45sZGrWQQ,9mbdKZLl8QtW1DG47vydTkQK6PyvGyU4xkEKW,,2023-12-24,,Touchstone Climbing,78.5,USD,in store,False
6GAed7ZVgjCGZ4RWbmkNHe37yelV7Wu8j9z8m,bKb6gqA5xvha7zrXERewszywp9ZJjZfmbE3Bp,,2023-12-24,United Airlines,United Airlines,-500.0,USD,in store,False
XALgB9Zm8vTkEwP9Az4yHw5gqwJDg8Hbp6DbD,bKb6gqA5xvha7zrXERewszywp9ZJjZfmbE3Bp,,2023-12-23,McDonald's,McDonald's,12.0,USD,in store,False
Dkl1VvmN8AFnr17qW9myCl8ejlD4egF3mwZ3d,bKb6gqA5xvha7zrXERewszywp9ZJjZfmbE3Bp,,2023-12-23,Starbucks,Starbucks,4.33,USD,in store,False
VEMar9enWvCvoB6QA1dECMRkJM8pkQi9bmD9N,bKb6gqA5xvha7zrXERewszywp9ZJjZfmbE3Bp,,2023-12-22,FUN,SparkFun,89.4,USD,in store,False
XALgB9Zm8vTkEwP9Az4yHw5gqwJDg8Hbp6DPn,mjlgbPz45dFBK74poGMPhW4PeKDxADugy9ArD,,2023-12-21,,INTRST PYMNT,-4.22,USD,other,False
x8Ng5Jepr1ujBg5dVrp1FDv3dDWL3wf6m7QkQ,9mbdKZLl8QtW1DG47vydTkQK6PyvGyU4xkEKW,,2023-12-11,United Airlines,United Airlines,500.0,USD,in store,False
wk4bJo7LKMFBDzbjo9ENhnLbPn3kb4fPANQPd,bKb6gqA5xvha7zrXERewszywp9ZJjZfmbE3Bp,,2023-12-09,Uber,Uber 072515 SF**POOL**,6.33,USD,online,False
dzyD8rnqwvu87MbgoAa3tP7MRPwWMLtJoMXl9,9mbdKZLl8QtW1DG47vydTkQK6PyvGyU4xkEKW,,2023-12-06,,Tectra Inc,500.0,USD,in store,False
NZ47g9xpRvCK83VkWQlAs4WZJ45eZ3cyLjVoB,9mbdKZLl8QtW1DG47vydTkQK6PyvGyU4xkEKW,,2023-12-05,,AUTOMATIC PAYMENT - THANK,2078.5,USD,online,False
4WEaGPeXrNfxyg7bpVnwizoRlzWQRefJ8rm9E,9mbdKZLl8QtW1DG47vydTkQK6PyvGyU4xkEKW,,2023-12-05,KFC,KFC,500.0,USD,in store,False
aqnB9lWwevHeRkowAX39HWg5qWJ75zhZpaXoV,9mbdKZLl8QtW1DG47vydTkQK6PyvGyU4xkEKW,,2023-12-05,,Madison Bicycle Shop,500.0,USD,in store,False
Dkl1VvmN8AFnr17qW9myCl8ejlD4egF3mwZEQ,mjlgbPz45dFBK74poGMPhW4PeKDxADugy9ArD,,2023-11-26,,CREDIT CARD 3333 PAYMENT *//,25.0,USD,other,False
5AW46jQDoPTQWyXN7zbxhBgdZBQ6doC5zw65e,bKb6gqA5xvha7zrXERewszywp9ZJjZfmbE3Bp,,2023-11-26,Uber,Uber 063015 SF**POOL**,5.4,USD,online,False
Led4o9B1VvfDpAw8nJmrCdV85apaA8fkgQ334,voaMAkj1qZFwRqrx15pLhWJLm4MvVMuq6gXwj,,2023-11-25,,ACH Electronic CreditGUSTO PAY 123456,5850.0,USD,online,False
Led4o9B1VvfDpAw8nJmrCdV86dgX81ukgQ3lo,yEPM5pQoVLCgz5D4EaylsK8L1pzqgzI46oDgQ,,2023-11-25,,CD DEPOSIT .INITIAL.,1000.0,USD,other,False
P1PQowagbvuJLAXxl49qUPMdDP51dZtoEkK8x,9mbdKZLl8QtW1DG47vydTkQK6PyvGyU4xkEKW,,2023-11-24,,Touchstone Climbing,78.5,USD,in store,False
Jj349mrZEvFWgw1kPLeXT3ajX3LljDtBp4nBl,bKb6gqA5xvha7zrXERewszywp9ZJjZfmbE3Bp,,2023-11-24,United Airlines,United Airlines,-500.0,USD,in store,False
kNVxk4Kdy3iRl4L3EBQzS4MGm4ADGecLrQmLy,bKb6gqA5xvha7zrXERewszywp9ZJjZfmbE3Bp,,2023-11-23,McDonald's,McDonald's,12.0,USD,in store,False
lPw9dNraZxCyknR3E6AoS175q1mg5vUp1wMpP,bKb6gqA5xvha7zrXERewszywp9ZJjZfmbE3Bp,,2023-11-23,Starbucks,Starbucks,4.33,USD,in store,False
qZzb9Qd7RPCy3GjMwBakSBLzbBpPzmCg8mQgb,bKb6gqA5xvha7zrXERewszywp9ZJjZfmbE3Bp,,2023-11-22,FUN,SparkFun,89.4,USD,in store,False
VEMar9enWvCvoB6QA1dECMRkJM8pkQi9bmDpE,mjlgbPz45dFBK74poGMPhW4PeKDxADugy9ArD,,2023-11-21,,INTRST PYMNT,-4.22,USD,other,False
j4DJPaqxbBu5R6NzyEpKHW1E4Wm6E9h6oMQxr,9mbdKZLl8QtW1DG47vydTkQK6PyvGyU4xkEKW,,2023-11-11,United Airlines,United Airlines,500.0,USD,in store,False
K7x4ZmzMnvTmAd7RjXQJsxX8ox5p81uRgZ5Ez,bKb6gqA5xvha7zrXERewszywp9ZJjZfmbE3Bp,,2023-11-09,Uber,Uber 072515 SF**POOL**,6.33,USD,online,False
7nGaleMwp7cZ6eRMX39psxErZx8MrWud4lw6D,9mbdKZLl8QtW1DG47vydTkQK6PyvGyU4xkEKW,,2023-11-06,,Tectra Inc,500.0,USD,in store,False
Zno8eJ19qXc1xgXR489jUgQLegp3LafenRxxM,9mbdKZLl8QtW1DG47vydTkQK6PyvGyU4xkEKW,,2023-11-05,,AUTOMATIC PAYMENT - THANK,2078.5,USD,online,False
QLjXmk48JwfdPkJaqK9wUjLopjD1oVcwrMjjK,9mbdKZLl8QtW1DG47vydTkQK6PyvGyU4xkEKW,,2023-11-05,KFC,KFC,500.0,USD,in store,False
eB9P1zkKvlty7XA85evwSXe3RXqP3mtrydxJ6,9mbdKZLl8QtW1DG47vydTkQK6PyvGyU4xkEKW,,2023-11-05,,Madison Bicycle Shop,500.0,USD,in store,False
wk4bJo7LKMFBDzbjo9ENhnLbPn3kb4fPANQq1,mjlgbPz45dFBK74poGMPhW4PeKDxADugy9ArD,,2023-10-27,,CREDIT CARD 3333 PAYMENT *//,25.0,USD,other,False
rMBg9ZaeJku1A5XBEkNvUgBexgJrejf7LPGdj,bKb6gqA5xvha7zrXERewszywp9ZJjZfmbE3Bp,,2023-10-27,Uber,Uber 063015 SF**POOL**,5.4,USD,online,False
pQrP9exj5NIeBv4ZV7WwH51ZWydyrZhp9rXX9,voaMAkj1qZFwRqrx15pLhWJLm4MvVMuq6gXwj,,2023-10-26,,ACH Electronic CreditGUSTO PAY 123456,5850.0,USD,online,False
pQrP9exj5NIeBv4ZV7WwH51ZJ5LjZ6Up9rXEb,yEPM5pQoVLCgz5D4EaylsK8L1pzqgzI46oDgQ,,2023-10-26,,CD DEPOSIT .INITIAL.,1000.0,USD,other,False
rMBg9ZaeJku1A5XBEkNvUgBexgJrejf7LPGGE,9mbdKZLl8QtW1DG47vydTkQK6PyvGyU4xkEKW,,2023-10-25,,Touchstone Climbing,78.5,USD,in store,False
zWja9bZgmpfnmAg9bap3CnD5qnlQ5JflD7e3p,bKb6gqA5xvha7zrXERewszywp9ZJjZfmbE3Bp,,2023-10-25,United Airlines,United Airlines,-500.0,USD,in store,False
BBVD9mnaREtKrR1Vzox3sMQJdMLyJPi4qWkzQ,bKb6gqA5xvha7zrXERewszywp9ZJjZfmbE3Bp,,2023-10-24,McDonald's,McDonald's,12.0,USD,in store,False
3E8GdN76K4Cm69n7dgJvsER4jEQr45sZGrWme,bKb6gqA5xvha7zrXERewszywp9ZJjZfmbE3Bp,,2023-10-24,Starbucks,Starbucks,4.33,USD,in store,False
x8Ng5Jepr1ujBg5dVrp1FDv3dDWL3wf6m7Qyv,bKb6gqA5xvha7zrXERewszywp9ZJjZfmbE3Bp,,2023-10-23,FUN,SparkFun,89.4,USD,in store,False
5AW46jQDoPTQWyXN7zbxhBgdZBQ6doC5zw63X,mjlgbPz45dFBK74poGMPhW4PeKDxADugy9ArD,,2023-10-22,,INTRST PYMNT,-4.22,USD,other,False
JLmw3Mxy3zuJpqlvx5Wyc3mKKqmXxkfBMg4an,xlJDNAq6NotDawz9vPjZUDvBjwm8N3fQzjpRJ,,2025-10-12,FUN,SparkFun,89.4,USD,in store,False
BPmLV4ZoV8tgmBjkqEKDTMmnnamdr4u458Wdm,dErMyxXRyKTBXjlmwW8VHP7AeLyNvMiXbK5x6,,2025-10-11,,INTRST PYMNT,-4.22,USD,other,False
dErMyxXRyKTBXjlmwW8VHPvVVgvRe6cJzQM7v,4LPnE9bAE4uv3joBQExXizor3e76ARcmvzNw9,,2025-10-01,United Airlines,United Airlines,500.0,USD,in store,False
kE4MV7DRVaTaWgM5A1RvU4WRRLWmx7cLDdQNa,xlJDNAq6NotDawz9vPjZUDvBjwm8N3fQzjpRJ,,2025-09-29,Uber,Uber 072515 SF**POOL**,6.33,USD,online,False
apl6nzXRnAuGrmdBJveVUWpXXNpqEvIZJQarr,4LPnE9bAE4uv3joBQExXizor3e76ARcmvzNw9,,2025-09-26,,Tectra Inc,500.0,USD,in store,False
PzwkP8WLP4tRKv3Bw5JyhP8ooN8DwWco5WkgZ,4LPnE9bAE4uv3joBQExXizor3e76ARcmvzNw9,,2025-09-25,,AUTOMATIC PAYMENT - THANK,2078.5,USD,online,False
NK984oNL4dHd1Zzva5KbH4vAAyvJxLcyp5j9q,4LPnE9bAE4uv3joBQExXizor3e76ARcmvzNw9,,2025-09-25,KFC,KFC,500.0,USD,in store,False
4LPnE9bAE4uv3joBQExXizANNMAl38fJVArBZ,4LPnE9bAE4uv3joBQExXizor3e76ARcmvzNw9,,2025-09-25,,Madison Bicycle Shop,500.0,USD,in store,False
31Nn8ybZ8auVKB1lrRm3hEqZZnqjKoHZbnrko,dErMyxXRyKTBXjlmwW8VHP7AeLyNvMiXbK5x6,,2025-09-16,,CREDIT CARD 3333 PAYMENT *//,25.0,USD,other,False
lENmweDRw4T1jBDLmly8H1P99zPqpBipgdwj6,xlJDNAq6NotDawz9vPjZUDvBjwm8N3fQzjpRJ,,2025-09-16,Uber,Uber 063015 SF**POOL**,5.4,USD,online,False
7qeRG6bgGjtJLmAaBEZ4cxnPP7nZpetdynlep,NK984oNL4dHd1Zzva5KbH4WNx3DbvZFVGdBqV,,2025-09-15,,ACH Electronic CreditGUSTO PAY 123456,5850.0,USD,online,False
xlJDNAq6NotDawz9vPjZUDNaaXNdjEC6PV78D,apl6nzXRnAuGrmdBJveVUWgGEz8Qp5HXEwlxP,,2025-09-15,,CD DEPOSIT .INITIAL.,1000.0,USD,other,False
jEaLDj5RDdTWaB7jmA5vIW7xxw74bzI6mLMDL,4LPnE9bAE4uv3joBQExXizor3e76ARcmvzNw9,,2025-09-14,,Touchstone Climbing,78.5,USD,in store,False
qwQJzLD6zeSmEZoL4nyvsBDRRvDbyjigP7m9X,xlJDNAq6NotDawz9vPjZUDvBjwm8N3fQzjpRJ,,2025-09-14,United Airlines,United Airlines,-500.0,USD,in store,False
KkmAx1dLxBsKBEq8L5mVSxLJJlLovGtRkAZeW,xlJDNAq6NotDawz9vPjZUDvBjwm8N3fQzjpRJ,,2025-09-13,McDonald's,McDonald's,12.0,USD,in store,False
rEZ7BpD6BQTgxeZpo31VTgpkkWpxLlC796Pjr,xlJDNAq6NotDawz9vPjZUDvBjwm8N3fQzjpRJ,,2025-09-13,Starbucks,Starbucks,4.33,USD,in store,False
zKbljkr6j8H6Wqy1dknQcnLwwZLqN8ClBL7R4,xlJDNAq6NotDawz9vPjZUDvBjwm8N3fQzjpRJ,,2025-09-12,FUN,SparkFun,89.4,USD,in store,False
dErMyxXRyKTBXjlmwW8VHPvZp1r5APcA5A7eo,dErMyxXRyKTBXjlmwW8VHP7AeLyNvMiXbK5x6,,2025-09-11,,INTRST PYMNT,-4.22,USD,other,False
WN9X1mMB1Ztp4W6lE5GXC1vLeZWga1HaAagEG,4LPnE9bAE4uv3joBQExXizor3e76ARcmvzNw9,,2025-09-01,,United Airlines,500.0,USD,other,False
eEzM9dXR9rTERkPxqjyVUXpA6ZvznXunRnppg,xlJDNAq6NotDawz9vPjZUDvBjwm8N3fQzjpRJ,,2025-08-30,,Uber 072515 SF**POOL**,6.33,USD,other,False
ANmwDaVoDgtBWeALnZ1lHy3JdmA5zyseKezPX,4LPnE9bAE4uv3joBQExXizor3e76ARcmvzNw9,,2025-08-27,,Tectra Inc,500.0,USD,other,False
bEqDbBXRblTqygQm34aVhzQBMp1gAzCvyv8qk,4LPnE9bAE4uv3joBQExXizor3e76ARcmvzNw9,,2025-08-26,,AUTOMATIC PAYMENT - THANK,2078.5,USD,other,False
nEjRqZD6qPTpdq8N6KxvCp3AQwdMNpFmpmvbo,4LPnE9bAE4uv3joBQExXizor3e76ARcmvzNw9,,2025-08-26,,KFC,500.0,USD,other,False
GZmnrezVrquAJEMyx5NdIrJlkdKZjrujrjk3l,4LPnE9bAE4uv3joBQExXizor3e76ARcmvzNw9,,2025-08-26,,Madison Bicycle Shop,500.0,USD,other,False
apl6nzXRnAuGrmdBJveVUWp4amljGWtGlGrLR,dErMyxXRyKTBXjlmwW8VHP7AeLyNvMiXbK5x6,,2025-08-17,,CREDIT CARD 3333 PAYMENT *//,25.0,USD,other,False
QBkpjEMRjNfV48x1D5dXhj8w47BZAjFA4Avvg,xlJDNAq6NotDawz9vPjZUDvBjwm8N3fQzjpRJ,,2025-08-17,,Uber 063015 SF**POOL**,5.4,USD,other,False
Mqmgap4naxt8vnryB56wCadojr9gZaFZwZqXv,NK984oNL4dHd1Zzva5KbH4WNx3DbvZFVGdBqV,,2025-08-16,,ACH Electronic CreditGUSTO PAY 123456,5850.0,USD,other,False
5pjnWvbXWNuG4pAolEQdUBver197yBcLeL97G,apl6nzXRnAuGrmdBJveVUWgGEz8Qp5HXEwlxP,,2025-08-16,,CD DEPOSIT .INITIAL.,1000.0,USD,other,False
myPMlQD6lNIWyl6mDqBvIWX7JeaBnWt3w36Jm,4LPnE9bAE4uv3joBQExXizor3e76ARcmvzNw9,,2025-08-15,,Touchstone Climbing,78.5,USD,other,False
Z7JEovMkoLsBDwQ5NK1VHgvn1JV8kgukAk44R,xlJDNAq6NotDawz9vPjZUDvBjwm8N3fQzjpRJ,,2025-08-15,,United Airlines,-500.0,USD,other,False
Mqmgap4naxt8vnryB56wCadojr9gZaFZwZqqx,xlJDNAq6NotDawz9vPjZUDvBjwm8N3fQzjpRJ,,2025-08-14,,McDonald's,12.0,USD,other,False
1Za6obVAoxuxywoK8qdzirknEL5e7ruvLvBBR,xlJDNAq6NotDawz9vPjZUDvBjwm8N3fQzjpRJ,,2025-08-14,,Starbucks,4.33,USD,other,False
Ll9pdLaAd3t7WEK3q5DGUdnBR5bpzdtzvzww5,xlJDNAq6NotDawz9vPjZUDvBjwm8N3fQzjpRJ,,2025-08-13,,SparkFun,89.4,USD,other,False
4LPnE9bAE4uv3joBQExXizAJyGkdrzCENEB7d,dErMyxXRyKTBXjlmwW8VHP7AeLyNvMiXbK5x6,,2025-08-12,,INTRST PYMNT,-4.22,USD,other,False
yqpkPGK6PgtKQmBVXjgwSKeRj1k5AKSvLvxAd,4LPnE9bAE4uv3joBQExXizor3e76ARcmvzNw9,,2025-08-02,,United Airlines,500.0,USD,other,False
pweMr1D6r7S5yrkndze8s5ReBWbdN5imymaaq,xlJDNAq6NotDawz9vPjZUDvBjwm8N3fQzjpRJ,,2025-07-31,,Uber 072515 SF**POOL**,6.33,USD,other,False
9rZRbq7obecKMJA6naWPSkeDX647gktJbJjD1,4LPnE9bAE4uv3joBQExXizor3e76ARcmvzNw9,,2025-07-28,,Tectra Inc,500.0,USD,other,False
6l7nAR6kAPtgdDAVP3GaTeGxQPE6JeuAMA43a,4LPnE9bAE4uv3joBQExXizor3e76ARcmvzNw9,,2025-07-27,,AUTOMATIC PAYMENT - THANK,2078.5,USD,other,False
R39w7WMl7PsXRqdW65LoI7xzGDQv17h1r184L,4LPnE9bAE4uv3joBQExXizor3e76ARcmvzNw9,,2025-07-27,,KFC,500.0,USD,other,False
vXkgaED6aLuWVbKaX4wvIW9X8mlqrWt747rRd,4LPnE9bAE4uv3joBQExXizor3e76ARcmvzNw9,,2025-07-27,,Madison Bicycle Shop,500.0,USD,other,False
NK984oNL4dHd1Zzva5KbH4vdgwoPN4FNBN9my,dErMyxXRyKTBXjlmwW8VHP7AeLyNvMiXbK5x6,,2025-07-18,,CREDIT CARD 3333 PAYMENT *//,25.0,USD,other,False
oE71KMD6KjTNvKkdwro8UNmWVELpnNCwxwEEB,xlJDNAq6NotDawz9vPjZUDvBjwm8N3fQzjpRJ,,2025-07-18,,Uber 063015 SF**POOL**,5.4,USD,other,False
1Za6obVAoxuxywoK8qdzirknEL5e7ruvLvB91,NK984oNL4dHd1Zzva5KbH4WNx3DbvZFVGdBqV,,2025-07-17,,ACH Electronic CreditGUSTO PAY 123456,5850.0,USD,other,False
JLmw3Mxy3zuJpqlvx5Wyc3mrRP8gN3iNWNmgo,apl6nzXRnAuGrmdBJveVUWgGEz8Qp5HXEwlxP,,2025-07-17,,CD DEPOSIT .INITIAL.,1000.0,USD,other,False
XP9bLyG3LMtopx7edlkGUwb4KzrylwSlzlGEp,4LPnE9bAE4uv3joBQExXizor3e76ARcmvzNw9,,2025-07-16,,Touchstone Climbing,78.5,USD,other,False
g93MR4XDRBsoLKNlkeaVUmNLQpydkmukakWWj,xlJDNAq6NotDawz9vPjZUDvBjwm8N3fQzjpRJ,,2025-07-16,,United Airlines,-500.0,USD,other,False
8KQJnlmon7HD6ArjedRNUvP6NBjGDvCE4Eqqx,xlJDNAq6NotDawz9vPjZUDvBjwm8N3fQzjpRJ,,2025-07-15,,McDonald's,12.0,USD,other,False
Ee6VqjKLqAu6e8Gdn5KacqDnQNZ9dqFdvdbbX,xlJDNAq6NotDawz9vPjZUDvBjwm8N3fQzjpRJ,,2025-07-15,,Starbucks,4.33,USD,other,False
WN9X1mMB1Ztp4W6lE5GXC1vLeZWga1HaAagg6,xlJDNAq6NotDawz9vPjZUDvBjwm8N3fQzjpRJ,,2025-07-14,,SparkFun,89.4,USD,other,False
PzwkP8WLP4tRKv3Bw5JyhP8Jrgb7mPcmBmgZX,dErMyxXRyKTBXjlmwW8VHP7AeLyNvMiXbK5x6,,2025-07-13,,INTRST PYMNT,-4.22,USD,other,False
D7vnlPqElWsG6Jbkx5n4UlE6dMyJplip9pbQz,4LPnE9bAE4uv3joBQExXizor3e76ARcmvzNw9,,2025-07-03,,United Airlines,500.0,USD,other,False
ANmwDaVoDgtBWeALnZ1lHy3JdmA5zyseKezz4,xlJDNAq6NotDawz9vPjZUDvBjwm8N3fQzjpRJ,,2025-07-01,,Uber 072515 SF**POOL**,6.33,USD,other,False
V49ZMbLzMQcrR8PJj5vqsMPnNe91AMSALAzdW,4LPnE9bAE4uv3joBQExXizor3e76ARcmvzNw9,,2025-06-28,,Tectra Inc,500.0,USD,other,False
JLmw3Mxy3zuJpqlvx5Wyc3mrRP8gN3iNWNmJo,4LPnE9bAE4uv3joBQExXizor3e76ARcmvzNw9,,2025-06-27,,AUTOMATIC PAYMENT - THANK,2078.5,USD,other,False
5pjnWvbXWNuG4pAolEQdUBver197yBcLeL9dG,4LPnE9bAE4uv3joBQExXizor3e76ARcmvzNw9,,2025-06-27,,KFC,500.0,USD,other,False
wEoR4Wl64pTqrAyPgVBvhnMxozmBWnudDdJVP,4LPnE9bAE4uv3joBQExXizor3e76ARcmvzNw9,,2025-06-27,,Madison Bicycle Shop,500.0,USD,other,False
jEaLDj5RDdTWaB7jmA5vIW7X8DnQgWtbzbDqZ,dErMyxXRyKTBXjlmwW8VHP7AeLyNvMiXbK5x6,,2025-06-18,,CREDIT CARD 3333 PAYMENT *//,25.0,USD,other,False
GZmnrezVrquAJEMyx5NdIrJlkdKZjrujrjkkA,xlJDNAq6NotDawz9vPjZUDvBjwm8N3fQzjpRJ,,2025-06-18,,Uber 063015 SF**POOL**,5.4,USD,other,False
Ll9pdLaAd3t7WEK3q5DGUdnBR5bpzdtzvzw6m,NK984oNL4dHd1Zzva5KbH4WNx3DbvZFVGdBqV,,2025-06-17,,ACH Electronic CreditGUSTO PAY 123456,5850.0,USD,other,False
kE4MV7DRVaTaWgM5A1RvU4WqkNdjz4FRgRkd8,apl6nzXRnAuGrmdBJveVUWgGEz8Qp5HXEwlxP,,2025-06-17,,CD DEPOSIT .INITIAL.,1000.0,USD,other,False
kE4MV7DRVaTaWgM5A1RvU4WqkNdjz4FRgRkp8,4LPnE9bAE4uv3joBQExXizor3e76ARcmvzNw9,,2025-06-16,,Touchstone Climbing,78.5,USD,other,False
nEjRqZD6qPTpdq8N6KxvCp3AQwdMNpFmpmvvG,xlJDNAq6NotDawz9vPjZUDvBjwm8N3fQzjpRJ,,2025-06-16,,United Airlines,-500.0,USD,other,False
bEqDbBXRblTqygQm34aVhzQBMp1gAzCvyv88z,xlJDNAq6NotDawz9vPjZUDvBjwm8N3fQzjpRJ,,2025-06-15,,McDonald's,12.0,USD,other,False
myPMlQD6lNIWyl6mDqBvIWX7JeaBnWt3w3669,xlJDNAq6NotDawz9vPjZUDvBjwm8N3fQzjpRJ,,2025-06-15,,Starbucks,4.33,USD,other,False
yqpkPGK6PgtKQmBVXjgwSKeRj1k5AKSvLvxxg,xlJDNAq6NotDawz9vPjZUDvBjwm8N3fQzjpRJ,,2025-06-14,,SparkFun,89.4,USD,other,False
7qeRG6bgGjtJLmAaBEZ4cxnNkyzjbxFVAVeL1,dErMyxXRyKTBXjlmwW8VHP7AeLyNvMiXbK5x6,,2025-06-13,,INTRST PYMNT,-4.22,USD,other,False
lENmweDRw4T1jBDLmly8H1PAJ8aZj1HAGAl7J,4LPnE9bAE4uv3joBQExXizor3e76ARcmvzNw9,,2025-06-03,,United Airlines,500.0,USD,other,False
9rZRbq7obecKMJA6naWPSkeDX647gktJbJjjB,xlJDNAq6NotDawz9vPjZUDvBjwm8N3fQzjpRJ,,2025-06-01,,Uber 072515 SF**POOL**,6.33,USD,other,False
qwQJzLD6zeSmEZoL4nyvsBDo7nXaZBcXAXnML,4LPnE9bAE4uv3joBQExXizor3e76ARcmvzNw9,,2025-05-29,,Tectra Inc,500.0,USD,other,False
zKbljkr6j8H6Wqy1dknQcnLry7zWxnu8J8pm6,4LPnE9bAE4uv3joBQExXizor3e76ARcmvzNw9,,2025-05-28,,AUTOMATIC PAYMENT - THANK,2078.5,USD,other,False
rEZ7BpD6BQTgxeZpo31VTgp1DZy5nguBqBEMm,4LPnE9bAE4uv3joBQExXizor3e76ARcmvzNw9,,2025-05-28,,KFC,500.0,USD,other,False
KkmAx1dLxBsKBEq8L5mVSxL7nQ4A3xF3W3MN5,4LPnE9bAE4uv3joBQExXizor3e76ARcmvzNw9,,2025-05-28,,Madison Bicycle Shop,500.0,USD,other,False
eEzM9dXR9rTERkPxqjyVUXpA6ZvznXunRnp1E,dErMyxXRyKTBXjlmwW8VHP7AeLyNvMiXbK5x6,,2025-05-19,,CREDIT CARD 3333 PAYMENT *//,25.0,USD,other,False
vXkgaED6aLuWVbKaX4wvIW9X8mlqrWt747rrV,xlJDNAq6NotDawz9vPjZUDvBjwm8N3fQzjpRJ,,2025-05-19,,Uber 063015 SF**POOL**,5.4,USD,other,False
pweMr1D6r7S5yrkndze8s5ReBWbdN5imymal6,NK984oNL4dHd1Zzva5KbH4WNx3DbvZFVGdBqV,,2025-05-18,,ACH Electronic CreditGUSTO PAY 123456,5850.0,USD,other,False
lENmweDRw4T1jBDLmly8H1PAJ8aZj1HAGAldJ,apl6nzXRnAuGrmdBJveVUWgGEz8Qp5HXEwlxP,,2025-05-18,,CD DEPOSIT .INITIAL.,1000.0,USD,other,False
BPmLV4ZoV8tgmBjkqEKDTMmvWlAV3MSJ6JrjJ,4LPnE9bAE4uv3joBQExXizor3e76ARcmvzNw9,,2025-05-17,,Touchstone Climbing,78.5,USD,other,False
R39w7WMl7PsXRqdW65LoI7xzGDQv17h1r1881,xlJDNAq6NotDawz9vPjZUDvBjwm8N3fQzjpRJ,,2025-05-17,,United Airlines,-500.0,USD,other,False
6l7nAR6kAPtgdDAVP3GaTeGxQPE6JeuAMA44M,xlJDNAq6NotDawz9vPjZUDvBjwm8N3fQzjpRJ,,2025-05-16,,McDonald's,12.0,USD,other,False
XP9bLyG3LMtopx7edlkGUwb4KzrylwSlzlGG7,xlJDNAq6NotDawz9vPjZUDvBjwm8N3fQzjpRJ,,2025-05-16,,Starbucks,4.33,USD,other,False
D7vnlPqElWsG6Jbkx5n4UlE6dMyJplip9pbbK,xlJDNAq6NotDawz9vPjZUDvBjwm8N3fQzjpRJ,,2025-05-15,,SparkFun,89.4,USD,other,False
QBkpjEMRjNfV48x1D5dXhj8w47BZAjFA4AvEZ,dErMyxXRyKTBXjlmwW8VHP7AeLyNvMiXbK5x6,,2025-05-14,,INTRST PYMNT,-4.22,USD,other,False
31Nn8ybZ8auVKB1lrRm3hEqeygAmxECNKNzRK,4LPnE9bAE4uv3joBQExXizor3e76ARcmvzNw9,,2025-05-04,,United Airlines,500.0,USD,other,False
V49ZMbLzMQcrR8PJj5vqsMPnNe91AMSALAzzG,xlJDNAq6NotDawz9vPjZUDvBjwm8N3fQzjpRJ,,2025-05-02,,Uber 072515 SF**POOL**,6.33,USD,other,False
xlJDNAq6NotDawz9vPjZUDNPpqKgBDuWpW8B5,4LPnE9bAE4uv3joBQExXizor3e76ARcmvzNw9,,2025-04-29,,Tectra Inc,500.0,USD,other,False
4LPnE9bAE4uv3joBQExXizAJyGkdrzCENEBMD,4LPnE9bAE4uv3joBQExXizor3e76ARcmvzNw9,,2025-04-28,,AUTOMATIC PAYMENT - THANK,2078.5,USD,other,False
apl6nzXRnAuGrmdBJveVUWp4amljGWtGlGr3y,4LPnE9bAE4uv3joBQExXizor3e76ARcmvzNw9,,2025-04-28,,KFC,500.0,USD,other,False
dErMyxXRyKTBXjlmwW8VHPvZp1r5APcA5A7aL,4LPnE9bAE4uv3joBQExXizor3e76ARcmvzNw9,,2025-04-28,,Madison Bicycle Shop,500.0,USD,other,False
Z7JEovMkoLsBDwQ5NK1VHgvn1JV8kgukAk4Vx,dErMyxXRyKTBXjlmwW8VHP7AeLyNvMiXbK5x6,,2025-04-19,,CREDIT CARD 3333 PAYMENT *//,25.0,USD,other,False
wEoR4Wl64pTqrAyPgVBvhnMxozmBWnudDdJJe,xlJDNAq6NotDawz9vPjZUDvBjwm8N3fQzjpRJ,,2025-04-19,,Uber 063015 SF**POOL**,5.4,USD,other,False
oE71KMD6KjTNvKkdwro8UNmWVELpnNCwxwEQ4,NK984oNL4dHd1Zzva5KbH4WNx3DbvZFVGdBqV,,2025-04-18,,ACH Electronic CreditGUSTO PAY 123456,5850.0,USD,other,False
qwQJzLD6zeSmEZoL4nyvsBDo7nXaZBcXAXn7L,apl6nzXRnAuGrmdBJveVUWgGEz8Qp5HXEwlxP,,2025-04-18,,CD DEPOSIT .INITIAL.,1000.0,USD,other,False
NK984oNL4dHd1Zzva5KbH4vdgwoPN4FNBN9QM,4LPnE9bAE4uv3joBQExXizor3e76ARcmvzNw9,,2025-04-17,,Touchstone Climbing,78.5,USD,other,False
5pjnWvbXWNuG4pAolEQdUBver197yBcLeL9WN,xlJDNAq6NotDawz9vPjZUDvBjwm8N3fQzjpRJ,,2025-04-17,,United Airlines,-500.0,USD,other,False
JLmw3Mxy3zuJpqlvx5Wyc3mrRP8gN3iNWNm9a,xlJDNAq6NotDawz9vPjZUDvBjwm8N3fQzjpRJ,,2025-04-16,,McDonald's,12.0,USD,other,False
kE4MV7DRVaTaWgM5A1RvU4WqkNdjz4FRgRkXk,xlJDNAq6NotDawz9vPjZUDvBjwm8N3fQzjpRJ,,2025-04-16,,Starbucks,4.33,USD,other,False
lENmweDRw4T1jBDLmly8H1PAJ8aZj1HAGAlkk,xlJDNAq6NotDawz9vPjZUDvBjwm8N3fQzjpRJ,,2025-04-15,,SparkFun,89.4,USD,other,False
Mqmgap4naxt8vnryB56wCadojr9gZaFZwZqVk,dErMyxXRyKTBXjlmwW8VHP7AeLyNvMiXbK5x6,,2025-04-14,,INTRST PYMNT,-4.22,USD,other,False
PzwkP8WLP4tRKv3Bw5JyhP8Jrgb7mPcmBmgAG,4LPnE9bAE4uv3joBQExXizor3e76ARcmvzNw9,,2025-04-04,,United Airlines,500.0,USD,other,False
qwQJzLD6zeSmEZoL4nyvsBDo7nXaZBcXAXnZ1,xlJDNAq6NotDawz9vPjZUDvBjwm8N3fQzjpRJ,,2025-04-02,,Uber 072515 SF**POOL**,6.33,USD,other,False
jEaLDj5RDdTWaB7jmA5vIW7X8DnQgWtbzbDaD,4LPnE9bAE4uv3joBQExXizor3e76ARcmvzNw9,,2025-03-30,,Tectra Inc,500.0,USD,in store,False
QBkpjEMRjNfV48x1D5dXhj8w47BZAjFA4AvDE,4LPnE9bAE4uv3joBQExXizor3e76ARcmvzNw9,,2025-03-29,,AUTOMATIC PAYMENT - THANK,2078.5,USD,online,False
eEzM9dXR9rTERkPxqjyVUXpA6ZvznXunRnpml,4LPnE9bAE4uv3joBQExXizor3e76ARcmvzNw9,,2025-03-29,KFC,KFC,500.0,USD,in store,False
7qeRG6bgGjtJLmAaBEZ4cxnNkyzjbxFVAVexm,4LPnE9bAE4uv3joBQExXizor3e76ARcmvzNw9,,2025-03-29,,Madison Bicycle Shop,500.0,USD,in store,False
1Za6obVAoxuxywoK8qdzirknEL5e7ruvLvBlE,dErMyxXRyKTBXjlmwW8VHP7AeLyNvMiXbK5x6,,2025-03-20,,CREDIT CARD 3333 PAYMENT *//,25.0,USD,other,False
KkmAx1dLxBsKBEq8L5mVSxL7nQ4A3xF3W3MLb,xlJDNAq6NotDawz9vPjZUDvBjwm8N3fQzjpRJ,,2025-03-20,Uber,Uber 063015 SF**POOL**,5.4,USD,online,False
g93MR4XDRBsoLKNlkeaVUmNLQpydkmukakWNl,NK984oNL4dHd1Zzva5KbH4WNx3DbvZFVGdBqV,,2025-03-19,,ACH Electronic CreditGUSTO PAY 123456,5850.0,USD,online,False
KkmAx1dLxBsKBEq8L5mVSxL7nQ4A3xF3W3MA5,apl6nzXRnAuGrmdBJveVUWgGEz8Qp5HXEwlxP,,2025-03-19,,CD DEPOSIT .INITIAL.,1000.0,USD,other,False
Z7JEovMkoLsBDwQ5NK1VHgvn1JV8kgukAk4GX,4LPnE9bAE4uv3joBQExXizor3e76ARcmvzNw9,,2025-03-18,,Touchstone Climbing,78.5,USD,in store,False
rEZ7BpD6BQTgxeZpo31VTgp1DZy5nguBqBEn6,xlJDNAq6NotDawz9vPjZUDvBjwm8N3fQzjpRJ,,2025-03-18,United Airlines,United Airlines,-500.0,USD,in store,False
zKbljkr6j8H6Wqy1dknQcnLry7zWxnu8J8pzm,xlJDNAq6NotDawz9vPjZUDvBjwm8N3fQzjpRJ,,2025-03-17,McDonald's,McDonald's,12.0,USD,in store,False
BPmLV4ZoV8tgmBjkqEKDTMmvWlAV3MSJ6JrQg,xlJDNAq6NotDawz9vPjZUDvBjwm8N3fQzjpRJ,,2025-03-17,Starbucks,Starbucks,4.33,USD,in store,False
31Nn8ybZ8auVKB1lrRm3hEqeygAmxECNKNzBV,xlJDNAq6NotDawz9vPjZUDvBjwm8N3fQzjpRJ,,2025-03-16,FUN,SparkFun,89.4,USD,in store,False
Ll9pdLaAd3t7WEK3q5DGUdnBR5bpzdtzvzwGz,dErMyxXRyKTBXjlmwW8VHP7AeLyNvMiXbK5x6,,2025-03-15,,INTRST PYMNT,-4.22,USD,other,False
Mqmgap4naxt8vnryB56wCadojr9gZaFZwZq1y,4LPnE9bAE4uv3joBQExXizor3e76ARcmvzNw9,,2025-03-05,United Airlines,United Airlines,500.0,USD,in store,False
xlJDNAq6NotDawz9vPjZUDNPpqKgBDuWpW8qM,xlJDNAq6NotDawz9vPjZUDvBjwm8N3fQzjpRJ,,2025-03-03,Uber,Uber 072515 SF**POOL**,6.33,USD,online,False
1Za6obVAoxuxywoK8qdzirknEL5e7ruvLvBrr,4LPnE9bAE4uv3joBQExXizor3e76ARcmvzNw9,,2025-02-28,,Tectra Inc,500.0,USD,in store,False
oE71KMD6KjTNvKkdwro8UNmWVELpnNCwxwEb5,4LPnE9bAE4uv3joBQExXizor3e76ARcmvzNw9,,2025-02-27,,AUTOMATIC PAYMENT - THANK,2078.5,USD,online,False
pweMr1D6r7S5yrkndze8s5ReBWbdN5imymazl,4LPnE9bAE4uv3joBQExXizor3e76ARcmvzNw9,,2025-02-27,KFC,KFC,500.0,USD,in store,False
Ll9pdLaAd3t7WEK3q5DGUdnBR5bpzdtzvzwEW,4LPnE9bAE4uv3joBQExXizor3e76ARcmvzNw9,,2025-02-27,,Madison Bicycle Shop,500.0,USD,in store,False
pweMr1D6r7S5yrkndze8s5ReBWbdN5imyma3y,dErMyxXRyKTBXjlmwW8VHP7AeLyNvMiXbK5x6,,2025-02-18,,CREDIT CARD 3333 PAYMENT *//,25.0,USD,other,False
dErMyxXRyKTBXjlmwW8VHPvZp1r5APcA5A7mz,xlJDNAq6NotDawz9vPjZUDvBjwm8N3fQzjpRJ,,2025-02-18,Uber,Uber 063015 SF**POOL**,5.4,USD,online,False
8KQJnlmon7HD6ArjedRNUvP6NBjGDvCE4Eq7w,NK984oNL4dHd1Zzva5KbH4WNx3DbvZFVGdBqV,,2025-02-17,,ACH Electronic CreditGUSTO PAY 123456,5850.0,USD,online,False
rEZ7BpD6BQTgxeZpo31VTgp1DZy5nguBqBE6m,apl6nzXRnAuGrmdBJveVUWgGEz8Qp5HXEwlxP,,2025-02-17,,CD DEPOSIT .INITIAL.,1000.0,USD,other,False
g93MR4XDRBsoLKNlkeaVUmNLQpydkmukakW58,4LPnE9bAE4uv3joBQExXizor3e76ARcmvzNw9,,2025-02-16,,Touchstone Climbing,78.5,USD,in store,False
apl6nzXRnAuGrmdBJveVUWp4amljGWtGlGrz5,xlJDNAq6NotDawz9vPjZUDvBjwm8N3fQzjpRJ,,2025-02-16,United Airlines,United Airlines,-500.0,USD,in store,False
4LPnE9bAE4uv3joBQExXizAJyGkdrzCENEBZy,xlJDNAq6NotDawz9vPjZUDvBjwm8N3fQzjpRJ,,2025-02-15,McDonald's,McDonald's,12.0,USD,in store,False
NK984oNL4dHd1Zzva5KbH4vdgwoPN4FNBN9g4,xlJDNAq6NotDawz9vPjZUDvBjwm8N3fQzjpRJ,,2025-02-15,Starbucks,Starbucks,4.33,USD,in store,False
PzwkP8WLP4tRKv3Bw5JyhP8Jrgb7mPcmBmg94,xlJDNAq6NotDawz9vPjZUDvBjwm8N3fQzjpRJ,,2025-02-14,FUN,SparkFun,89.4,USD,in store,False
oE71KMD6KjTNvKkdwro8UNmWVELpnNCwxwE8J,dErMyxXRyKTBXjlmwW8VHP7AeLyNvMiXbK5x6,,2025-02-13,,INTRST PYMNT,-4.22,USD,other,False
8KQJnlmon7HD6ArjedRNUvP6NBjGDvCE4Eq8o,4LPnE9bAE4uv3joBQExXizor3e76ARcmvzNw9,,2025-02-03,United Airlines,United Airlines,500.0,USD,in store,False
jEaLDj5RDdTWaB7jmA5vIW7X8DnQgWtbzbDBX,xlJDNAq6NotDawz9vPjZUDvBjwm8N3fQzjpRJ,,2025-02-01,Uber,Uber 072515 SF**POOL**,6.33,USD,online,False
Ee6VqjKLqAu6e8Gdn5KacqDnQNZ9dqFdvdbmq,4LPnE9bAE4uv3joBQExXizor3e76ARcmvzNw9,,2025-01-29,,Tectra Inc,500.0,USD,in store,False
jEaLDj5RDdTWaB7jmA5vIW7X8DnQgWtbzbDa5,4LPnE9bAE4uv3joBQExXizor3e76ARcmvzNw9,,2025-01-28,,AUTOMATIC PAYMENT - THANK,2078.5,USD,online,False
PzwkP8WLP4tRKv3Bw5JyhP8Jrgb7mPcmBmgAM,4LPnE9bAE4uv3joBQExXizor3e76ARcmvzNw9,,2025-01-28,KFC,KFC,500.0,USD,in store,False
NK984oNL4dHd1Zzva5KbH4vdgwoPN4FNBN9Q1,4LPnE9bAE4uv3joBQExXizor3e76ARcmvzNw9,,2025-01-28,,Madison Bicycle Shop,500.0,USD,in store,False
g93MR4XDRBsoLKNlkeaVUmNLQpydkmukakWqv,dErMyxXRyKTBXjlmwW8VHP7AeLyNvMiXbK5x6,,2025-01-19,,CREDIT CARD 3333 PAYMENT *//,25.0,USD,other,False
7qeRG6bgGjtJLmAaBEZ4cxnNkyzjbxFVAVemW,xlJDNAq6NotDawz9vPjZUDvBjwm8N3fQzjpRJ,,2025-01-19,Uber,Uber 063015 SF**POOL**,5.4,USD,online,False
Ee6VqjKLqAu6e8Gdn5KacqDnQNZ9dqFdvdb84,NK984oNL4dHd1Zzva5KbH4WNx3DbvZFVGdBqV,,2025-01-18,,ACH Electronic CreditGUSTO PAY 123456,5850.0,USD,online,False
zKbljkr6j8H6Wqy1dknQcnLry7zWxnu8J8pL6,apl6nzXRnAuGrmdBJveVUWgGEz8Qp5HXEwlxP,,2025-01-18,,CD DEPOSIT .INITIAL.,1000.0,USD,other,False
7qeRG6bgGjtJLmAaBEZ4cxnNkyzjbxFVAVexZ,4LPnE9bAE4uv3joBQExXizor3e76ARcmvzNw9,,2025-01-17,,Touchstone Climbing,78.5,USD,in store,False
eEzM9dXR9rTERkPxqjyVUXpA6ZvznXunRnpzg,xlJDNAq6NotDawz9vPjZUDvBjwm8N3fQzjpRJ,,2025-01-17,United Airlines,United Airlines,-500.0,USD,in store,False
QBkpjEMRjNfV48x1D5dXhj8w47BZAjFA4AvJg,xlJDNAq6NotDawz9vPjZUDvBjwm8N3fQzjpRJ,,2025-01-16,McDonald's,McDonald's,12.0,USD,in store,False
Z7JEovMkoLsBDwQ5NK1VHgvn1JV8kgukAk4NR,xlJDNAq6NotDawz9vPjZUDvBjwm8N3fQzjpRJ,,2025-01-16,Starbucks,Starbucks,4.33,USD,in store,False
Mqmgap4naxt8vnryB56wCadojr9gZaFZwZqEx,xlJDNAq6NotDawz9vPjZUDvBjwm8N3fQzjpRJ,,2025-01-15,FUN,SparkFun,89.4,USD,in store,False
8KQJnlmon7HD6ArjedRNUvP6NBjGDvCE4EqjD,dErMyxXRyKTBXjlmwW8VHP7AeLyNvMiXbK5x6,,2025-01-14,,INTRST PYMNT,-4.22,USD,other,False
eEzM9dXR9rTERkPxqjyVUXpA6ZvznXunRnpmb,4LPnE9bAE4uv3joBQExXizor3e76ARcmvzNw9,,2025-01-04,United Airlines,United Airlines,500.0,USD,in store,False
1Za6obVAoxuxywoK8qdzirknEL5e7ruvLvBxR,xlJDNAq6NotDawz9vPjZUDvBjwm8N3fQzjpRJ,,2025-01-02,Uber,Uber 072515 SF**POOL**,6.33,USD,online,False
QBkpjEMRjNfV48x1D5dXhj8w47BZAjFA4AvDM,4LPnE9bAE4uv3joBQExXizor3e76ARcmvzNw9,,2024-12-30,,Tectra Inc,500.0,USD,in store,False
1Za6obVAoxuxywoK8qdzirknEL5e7ruvLvBr1,4LPnE9bAE4uv3joBQExXizor3e76ARcmvzNw9,,2024-12-29,,AUTOMATIC PAYMENT - THANK,2078.5,USD,online,False
Mqmgap4naxt8vnryB56wCadojr9gZaFZwZq1v,4LPnE9bAE4uv3joBQExXizor3e76ARcmvzNw9,,2024-12-29,KFC,KFC,500.0,USD,in store,False
Z7JEovMkoLsBDwQ5NK1VHgvn1JV8kgukAk4GL,4LPnE9bAE4uv3joBQExXizor3e76ARcmvzNw9,,2024-12-29,,Madison Bicycle Shop,500.0,USD,in store,False
Ee6VqjKLqAu6e8Gdn5KacqDnQNZ9dqFdvdbJD,dErMyxXRyKTBXjlmwW8VHP7AeLyNvMiXbK5x6,,2024-12-20,,CREDIT CARD 3333 PAYMENT *//,25.0,USD,other,False
Ll9pdLaAd3t7WEK3q5DGUdnBR5bpzdtzvzwR5,xlJDNAq6NotDawz9vPjZUDvBjwm8N3fQzjpRJ,,2024-12-20,Uber,Uber 063015 SF**POOL**,5.4,USD,online,False
NK984oNL4dHd1Zzva5KbH4vdgwoPN4FNBN98X,NK984oNL4dHd1Zzva5KbH4WNx3DbvZFVGdBqV,,2024-12-19,,ACH Electronic CreditGUSTO PAY 123456,5850.0,USD,online,False
BPmLV4ZoV8tgmBjkqEKDTMmvWlAV3MSJ6Jr8J,apl6nzXRnAuGrmdBJveVUWgGEz8Qp5HXEwlxP,,2024-12-19,,CD DEPOSIT .INITIAL.,1000.0,USD,other,False
Ll9pdLaAd3t7WEK3q5DGUdnBR5bpzdtzvzwEm,4LPnE9bAE4uv3joBQExXizor3e76ARcmvzNw9,,2024-12-18,,Touchstone Climbing,78.5,USD,in store,False
pweMr1D6r7S5yrkndze8s5ReBWbdN5imymaWq,xlJDNAq6NotDawz9vPjZUDvBjwm8N3fQzjpRJ,,2024-12-18,United Airlines,United Airlines,-500.0,USD,in store,False
oE71KMD6KjTNvKkdwro8UNmWVELpnNCwxwEzB,xlJDNAq6NotDawz9vPjZUDvBjwm8N3fQzjpRJ,,2024-12-17,McDonald's,McDonald's,12.0,USD,in store,False
g93MR4XDRBsoLKNlkeaVUmNLQpydkmukakWwj,xlJDNAq6NotDawz9vPjZUDvBjwm8N3fQzjpRJ,,2024-12-17,Starbucks,Starbucks,4.33,USD,in store,False
8KQJnlmon7HD6ArjedRNUvP6NBjGDvCE4EqGx,xlJDNAq6NotDawz9vPjZUDvBjwm8N3fQzjpRJ,,2024-12-16,FUN,SparkFun,89.4,USD,in store,False
NK984oNL4dHd1Zzva5KbH4vdgwoPN4FNBN95M,dErMyxXRyKTBXjlmwW8VHP7AeLyNvMiXbK5x6,,2024-12-15,,INTRST PYMNT,-4.22,USD,other,False
pweMr1D6r7S5yrkndze8s5ReBWbdN5imymaz6,4LPnE9bAE4uv3joBQExXizor3e76ARcmvzNw9,,2024-12-05,United Airlines,United Airlines,500.0,USD,in store,False
Ee6VqjKLqAu6e8Gdn5KacqDnQNZ9dqFdvdb1X,xlJDNAq6NotDawz9vPjZUDvBjwm8N3fQzjpRJ,,2024-12-03,Uber,Uber 072515 SF**POOL**,6.33,USD,online,False
oE71KMD6KjTNvKkdwro8UNmWVELpnNCwxwEb4,4LPnE9bAE4uv3joBQExXizor3e76ARcmvzNw9,,2024-11-30,,Tectra Inc,500.0,USD,in store,False
Ee6VqjKLqAu6e8Gdn5KacqDnQNZ9dqFdvdbm4,4LPnE9bAE4uv3joBQExXizor3e76ARcmvzNw9,,2024-11-29,,AUTOMATIC PAYMENT - THANK,2078.5,USD,online,False
8KQJnlmon7HD6ArjedRNUvP6NBjGDvCE4Eq8w,4LPnE9bAE4uv3joBQExXizor3e76ARcmvzNw9,,2024-11-29,KFC,KFC,500.0,USD,in store,False
g93MR4XDRBsoLKNlkeaVUmNLQpydkmukakW5l,4LPnE9bAE4uv3joBQExXizor3e76ARcmvzNw9,,2024-11-29,,Madison Bicycle Shop,500.0,USD,in store,False
PzwkP8WLP4tRKv3Bw5JyhP8Jrgb7mPcmBmgWG,dErMyxXRyKTBXjlmwW8VHP7AeLyNvMiXbK5x6,,2024-11-20,,CREDIT CARD 3333 PAYMENT *//,25.0,USD,other,False
NK984oNL4dHd1Zzva5KbH4vdgwoPN4FNBN9gy,xlJDNAq6NotDawz9vPjZUDvBjwm8N3fQzjpRJ,,2024-11-20,Uber,Uber 063015 SF**POOL**,5.4,USD,online,False
PzwkP8WLP4tRKv3Bw5JyhP8Jrgb7mPcmBmgLQ,NK984oNL4dHd1Zzva5KbH4WNx3DbvZFVGdBqV,,2024-11-19,,ACH Electronic CreditGUSTO PAY 123456,5850.0,USD,online,False
31Nn8ybZ8auVKB1lrRm3hEqeygAmxECNKNznK,apl6nzXRnAuGrmdBJveVUWgGEz8Qp5HXEwlxP,,2024-11-19,,CD DEPOSIT .INITIAL.,1000.0,USD,other,False
WN9X1mMB1Ztp4W6lE5GXC1vLeZWga1HaAagjP,4LPnE9bAE4uv3joBQExXizor3e76ARcmvzNw9,,2024-11-18,,Touchstone Climbing,78.5,USD,in store,False
PzwkP8WLP4tRKv3Bw5JyhP8Jrgb7mPcmBmg9X,xlJDNAq6NotDawz9vPjZUDvBjwm8N3fQzjpRJ,,2024-11-18,United Airlines,United Airlines,-500.0,USD,in store,False
jEaLDj5RDdTWaB7jmA5vIW7X8DnQgWtbzbDBZ,xlJDNAq6NotDawz9vPjZUDvBjwm8N3fQzjpRJ,,2024-11-17,McDonald's,McDonald's,12.0,USD,in store,False
7qeRG6bgGjtJLmAaBEZ4cxnNkyzjbxFVAVem1,xlJDNAq6NotDawz9vPjZUDvBjwm8N3fQzjpRJ,,2024-11-17,Starbucks,Starbucks,4.33,USD,in store,False
eEzM9dXR9rTERkPxqjyVUXpA6ZvznXunRnpzE,xlJDNAq6NotDawz9vPjZUDvBjwm8N3fQzjpRJ,,2024-11-16,FUN,SparkFun,89.4,USD,in store,False
jEaLDj5RDdTWaB7jmA5vIW7X8DnQgWtbzbDLD,dErMyxXRyKTBXjlmwW8VHP7AeLyNvMiXbK5x6,,2024-11-15,,INTRST PYMNT,-4.22,USD,other,False
ANmwDaVoDgtBWeALnZ1lHy3JdmA5zyseKez56,4LPnE9bAE4uv3joBQExXizor3e76ARcmvzNw9,,2024-11-05,United Airlines,United Airlines,500.0,USD,in store,False
QBkpjEMRjNfV48x1D5dXhj8w47BZAjFA4AvJZ,xlJDNAq6NotDawz9vPjZUDvBjwm8N3fQzjpRJ,,2024-11-03,Uber,Uber 072515 SF**POOL**,6.33,USD,online,False
GZmnrezVrquAJEMyx5NdIrJlkdKZjrujrjkon,4LPnE9bAE4uv3joBQExXizor3e76ARcmvzNw9,,2024-10-31,,Tectra Inc,500.0,USD,in store,False
myPMlQD6lNIWyl6mDqBvIWX7JeaBnWt3w36Xr,4LPnE9bAE4uv3joBQExXizor3e76ARcmvzNw9,,2024-10-30,,AUTOMATIC PAYMENT - THANK,2078.5,USD,online,False
bEqDbBXRblTqygQm34aVhzQBMp1gAzCvyv87E,4LPnE9bAE4uv3joBQExXizor3e76ARcmvzNw9,,2024-10-30,KFC,KFC,500.0,USD,in store,False
nEjRqZD6qPTpdq8N6KxvCp3AQwdMNpFmpmvQE,4LPnE9bAE4uv3joBQExXizor3e76ARcmvzNw9,,2024-10-30,,Madison Bicycle Shop,500.0,USD,in store,False
7qeRG6bgGjtJLmAaBEZ4cxnNkyzjbxFVAVenm,dErMyxXRyKTBXjlmwW8VHP7AeLyNvMiXbK5x6,,2024-10-21,,CREDIT CARD 3333 PAYMENT *//,25.0,USD,other,False
Z7JEovMkoLsBDwQ5NK1VHgvn1JV8kgukAk4Nx,xlJDNAq6NotDawz9vPjZUDvBjwm8N3fQzjpRJ,,2024-10-21,Uber,Uber 063015 SF**POOL**,5.4,USD,online,False
jEaLDj5RDdTWaB7jmA5vIW7X8DnQgWtbzbDKG,NK984oNL4dHd1Zzva5KbH4WNx3DbvZFVGdBqV,,2024-10-20,,ACH Electronic CreditGUSTO PAY 123456,5850.0,USD,online,False
xlJDNAq6NotDawz9vPjZUDNPpqKgBDuWpW8V5,apl6nzXRnAuGrmdBJveVUWgGEz8Qp5HXEwlxP,,2024-10-20,,CD DEPOSIT .INITIAL.,1000.0,USD,other,False
yqpkPGK6PgtKQmBVXjgwSKeRj1k5AKSvLvxwM,4LPnE9bAE4uv3joBQExXizor3e76ARcmvzNw9,,2024-10-19,,Touchstone Climbing,78.5,USD,in store,False
Mqmgap4naxt8vnryB56wCadojr9gZaFZwZqEk,xlJDNAq6NotDawz9vPjZUDvBjwm8N3fQzjpRJ,,2024-10-19,United Airlines,United Airlines,-500.0,USD,in store,False
1Za6obVAoxuxywoK8qdzirknEL5e7ruvLvBxE,xlJDNAq6NotDawz9vPjZUDvBjwm8N3fQzjpRJ,,2024-10-18,McDonald's,McDonald's,12.0,USD,in store,False
Ll9pdLaAd3t7WEK3q5DGUdnBR5bpzdtzvzwRz,xlJDNAq6NotDawz9vPjZUDvBjwm8N3fQzjpRJ,,2024-10-18,Starbucks,Starbucks,4.33,USD,in store,False
pweMr1D6r7S5yrkndze8s5ReBWbdN5imymaWy,xlJDNAq6NotDawz9vPjZUDvBjwm8N3fQzjpRJ,,2024-10-17,FUN,SparkFun,89.4,USD,in store,False
eEzM9dXR9rTERkPxqjyVUXpA6ZvznXunRnp5l,dErMyxXRyKTBXjlmwW8VHP7AeLyNvMiXbK5x6,,2024-10-16,,INTRST PYMNT,-4.22,USD,other,False
9rZRbq7obecKMJA6naWPSkeDX647gktJbJjgM,4LPnE9bAE4uv3joBQExXizor3e76ARcmvzNw9,,2024-10-06,United Airlines,United Airlines,500.0,USD,in store,False
oE71KMD6KjTNvKkdwro8UNmWVELpnNCwxwEzJ,xlJDNAq6NotDawz9vPjZUDvBjwm8N3fQzjpRJ,,2024-10-04,Uber,Uber 072515 SF**POOL**,6.33,USD,online,False
vXkgaED6aLuWVbKaX4wvIW9X8mlqrWt747r17,4LPnE9bAE4uv3joBQExXizor3e76ARcmvzNw9,,2024-10-01,,Tectra Inc,500.0,USD,in store,False
XP9bLyG3LMtopx7edlkGUwb4KzrylwSlzlGLw,4LPnE9bAE4uv3joBQExXizor3e76ARcmvzNw9,,2024-09-30,,AUTOMATIC PAYMENT - THANK,2078.5,USD,online,False
6l7nAR6kAPtgdDAVP3GaTeGxQPE6JeuAMA4eE,4LPnE9bAE4uv3joBQExXizor3e76ARcmvzNw9,,2024-09-30,KFC,KFC,500.0,USD,in store,False
R39w7WMl7PsXRqdW65LoI7xzGDQv17h1r18Ar,4LPnE9bAE4uv3joBQExXizor3e76ARcmvzNw9,,2024-09-30,,Madison Bicycle Shop,500.0,USD,in store,False
QBkpjEMRjNfV48x1D5dXhj8w47BZAjFA4Av7E,dErMyxXRyKTBXjlmwW8VHP7AeLyNvMiXbK5x6,,2024-09-21,,CREDIT CARD 3333 PAYMENT *//,25.0,USD,other,False
g93MR4XDRBsoLKNlkeaVUmNLQpydkmukakWwv,xlJDNAq6NotDawz9vPjZUDvBjwm8N3fQzjpRJ,,2024-09-21,Uber,Uber 063015 SF**POOL**,5.4,USD,online,False
7qeRG6bgGjtJLmAaBEZ4cxnNkyzjbxFVAVebj,NK984oNL4dHd1Zzva5KbH4WNx3DbvZFVGdBqV,,2024-09-20,,ACH Electronic CreditGUSTO PAY 123456,5850.0,USD,online,False
dErMyxXRyKTBXjlmwW8VHPvZp1r5APcA5A7QL,apl6nzXRnAuGrmdBJveVUWgGEz8Qp5HXEwlxP,,2024-09-20,,CD DEPOSIT .INITIAL.,1000.0,USD,other,False
D7vnlPqElWsG6Jbkx5n4UlE6dMyJplip9pbJj,4LPnE9bAE4uv3joBQExXizor3e76ARcmvzNw9,,2024-09-19,,Touchstone Climbing,78.5,USD,in store,False
8KQJnlmon7HD6ArjedRNUvP6NBjGDvCE4EqGD,xlJDNAq6NotDawz9vPjZUDvBjwm8N3fQzjpRJ,,2024-09-19,United Airlines,United Airlines,-500.0,USD,in store,False
Ee6VqjKLqAu6e8Gdn5KacqDnQNZ9dqFdvdb1D,xlJDNAq6NotDawz9vPjZUDvBjwm8N3fQzjpRJ,,2024-09-18,McDonald's,McDonald's,12.0,USD,in store,False
WN9X1mMB1Ztp4W6lE5GXC1vLeZWga1HaAag7p,xlJDNAq6NotDawz9vPjZUDvBjwm8N3fQzjpRJ,,2024-09-18,Starbucks,Starbucks,4.33,USD,in store,False
ANmwDaVoDgtBWeALnZ1lHy3JdmA5zyseKezlZ,xlJDNAq6NotDawz9vPjZUDvBjwm8N3fQzjpRJ,,2024-09-17,FUN,SparkFun,89.4,USD,in store,False
Z7JEovMkoLsBDwQ5NK1VHgvn1JV8kgukAk4XX,dErMyxXRyKTBXjlmwW8VHP7AeLyNvMiXbK5x6,,2024-09-16,,INTRST PYMNT,-4.22,USD,other,False
V49ZMbLzMQcrR8PJj5vqsMPnNe91AMSALAzE7,4LPnE9bAE4uv3joBQExXizor3e76ARcmvzNw9,,2024-09-06,United Airlines,United Airlines,500.0,USD,in store,False
GZmnrezVrquAJEMyx5NdIrJlkdKZjrujrjkXk,xlJDNAq6NotDawz9vPjZUDvBjwm8N3fQzjpRJ,,2024-09-04,Uber,Uber 072515 SF**POOL**,6.33,USD,online,False
wEoR4Wl64pTqrAyPgVBvhnMxozmBWnudDdJ1W,4LPnE9bAE4uv3joBQExXizor3e76ARcmvzNw9,,2024-09-01,,Tectra Inc,500.0,USD,in store,False
kE4MV7DRVaTaWgM5A1RvU4WqkNdjz4FRgRk1X,4LPnE9bAE4uv3joBQExXizor3e76ARcmvzNw9,,2024-08-31,,AUTOMATIC PAYMENT - THANK,2078.5,USD,online,False
JLmw3Mxy3zuJpqlvx5Wyc3mrRP8gN3iNWNmem,4LPnE9bAE4uv3joBQExXizor3e76ARcmvzNw9,,2024-08-31,KFC,KFC,500.0,USD,in store,False
5pjnWvbXWNuG4pAolEQdUBver197yBcLeL9QR,4LPnE9bAE4uv3joBQExXizor3e76ARcmvzNw9,,2024-08-31,,Madison Bicycle Shop,500.0,USD,in store,False
Mqmgap4naxt8vnryB56wCadojr9gZaFZwZqPy,dErMyxXRyKTBXjlmwW8VHP7AeLyNvMiXbK5x6,,2024-08-22,,CREDIT CARD 3333 PAYMENT *//,25.0,USD,other,False
nEjRqZD6qPTpdq8N6KxvCp3AQwdMNpFmpmvNn,xlJDNAq6NotDawz9vPjZUDvBjwm8N3fQzjpRJ,,2024-08-22,Uber,Uber 063015 SF**POOL**,5.4,USD,online,False
eEzM9dXR9rTERkPxqjyVUXpA6ZvznXunRnpvJ,NK984oNL4dHd1Zzva5KbH4WNx3DbvZFVGdBqV,,2024-08-21,,ACH Electronic CreditGUSTO PAY 123456,5850.0,USD,online,False
apl6nzXRnAuGrmdBJveVUWp4amljGWtGlGrQy,apl6nzXRnAuGrmdBJveVUWgGEz8Qp5HXEwlxP,,2024-08-21,,CD DEPOSIT .INITIAL.,1000.0,USD,other,False
lENmweDRw4T1jBDLmly8H1PAJ8aZj1HAGAlme,4LPnE9bAE4uv3joBQExXizor3e76ARcmvzNw9,,2024-08-20,,Touchstone Climbing,78.5,USD,in store,False
bEqDbBXRblTqygQm34aVhzQBMp1gAzCvyv811,xlJDNAq6NotDawz9vPjZUDvBjwm8N3fQzjpRJ,,2024-08-20,United Airlines,United Airlines,-500.0,USD,in store,False
myPMlQD6lNIWyl6mDqBvIWX7JeaBnWt3w36nz,xlJDNAq6NotDawz9vPjZUDvBjwm8N3fQzjpRJ,,2024-08-19,McDonald's,McDonald's,12.0,USD,in store,False
yqpkPGK6PgtKQmBVXjgwSKeRj1k5AKSvLvxbX,xlJDNAq6NotDawz9vPjZUDvBjwm8N3fQzjpRJ,,2024-08-19,Starbucks,Starbucks,4.33,USD,in store,False
9rZRbq7obecKMJA6naWPSkeDX647gktJbJjwD,xlJDNAq6NotDawz9vPjZUDvBjwm8N3fQzjpRJ,,2024-08-18,FUN,SparkFun,89.4,USD,in store,False
1Za6obVAoxuxywoK8qdzirknEL5e7ruvLvBer,dErMyxXRyKTBXjlmwW8VHP7AeLyNvMiXbK5x6,,2024-08-17,,INTRST PYMNT,-4.22,USD,other,False
qwQJzLD6zeSmEZoL4nyvsBDo7nXaZBcXAXnyk,4LPnE9bAE4uv3joBQExXizor3e76ARcmvzNw9,,2024-08-07,United Airlines,United Airlines,500.0,USD,in store,False
vXkgaED6aLuWVbKaX4wvIW9X8mlqrWt747rB1,xlJDNAq6NotDawz9vPjZUDvBjwm8N3fQzjpRJ,,2024-08-05,Uber,Uber 072515 SF**POOL**,6.33,USD,online,False
KkmAx1dLxBsKBEq8L5mVSxL7nQ4A3xF3W3MDA,4LPnE9bAE4uv3joBQExXizor3e76ARcmvzNw9,,2024-08-02,,Tectra Inc,500.0,USD,in store,False
BPmLV4ZoV8tgmBjkqEKDTMmvWlAV3MSJ6Jrxx,4LPnE9bAE4uv3joBQExXizor3e76ARcmvzNw9,,2024-08-01,,AUTOMATIC PAYMENT - THANK,2078.5,USD,online,False
zKbljkr6j8H6Wqy1dknQcnLry7zWxnu8J8pXQ,4LPnE9bAE4uv3joBQExXizor3e76ARcmvzNw9,,2024-08-01,KFC,KFC,500.0,USD,in store,False
rEZ7BpD6BQTgxeZpo31VTgp1DZy5nguBqBEkM,4LPnE9bAE4uv3joBQExXizor3e76ARcmvzNw9,,2024-08-01,,Madison Bicycle Shop,500.0,USD,in store,False
Ll9pdLaAd3t7WEK3q5DGUdnBR5bpzdtzvzwpW,dErMyxXRyKTBXjlmwW8VHP7AeLyNvMiXbK5x6,,2024-07-23,,CREDIT CARD 3333 PAYMENT *//,25.0,USD,other,False
R39w7WMl7PsXRqdW65LoI7xzGDQv17h1r18Wo,xlJDNAq6NotDawz9vPjZUDvBjwm8N3fQzjpRJ,,2024-07-23,Uber,Uber 063015 SF**POOL**,5.4,USD,online,False
QBkpjEMRjNfV48x1D5dXhj8w47BZAjFA4AvPj,NK984oNL4dHd1Zzva5KbH4WNx3DbvZFVGdBqV,,2024-07-22,,ACH Electronic CreditGUSTO PAY 123456,5850.0,USD,online,False
4LPnE9bAE4uv3joBQExXizAJyGkdrzCENEBAD,apl6nzXRnAuGrmdBJveVUWgGEz8Qp5HXEwlxP,,2024-07-22,,CD DEPOSIT .INITIAL.,1000.0,USD,other,False
31Nn8ybZ8auVKB1lrRm3hEqeygAmxECNKNzVg,4LPnE9bAE4uv3joBQExXizor3e76ARcmvzNw9,,2024-07-21,,Touchstone Climbing,78.5,USD,in store,False
6l7nAR6kAPtgdDAVP3GaTeGxQPE6JeuAMA4pQ,xlJDNAq6NotDawz9vPjZUDvBjwm8N3fQzjpRJ,,2024-07-21,United Airlines,United Airlines,-500.0,USD,in store,False
XP9bLyG3LMtopx7edlkGUwb4KzrylwSlzlGNj,xlJDNAq6NotDawz9vPjZUDvBjwm8N3fQzjpRJ,,2024-07-20,McDonald's,McDonald's,12.0,USD,in store,False
D7vnlPqElWsG6Jbkx5n4UlE6dMyJplip9pbBW,xlJDNAq6NotDawz9vPjZUDvBjwm8N3fQzjpRJ,,2024-07-20,Starbucks,Starbucks,4.33,USD,in store,False
V49ZMbLzMQcrR8PJj5vqsMPnNe91AMSALAzXM,xlJDNAq6NotDawz9vPjZUDvBjwm8N3fQzjpRJ,,2024-07-19,FUN,SparkFun,89.4,USD,in store,False
pweMr1D6r7S5yrkndze8s5ReBWbdN5imymaVl,dErMyxXRyKTBXjlmwW8VHP7AeLyNvMiXbK5x6,,2024-07-18,,INTRST PYMNT,-4.22,USD,other,False
xlJDNAq6NotDawz9vPjZUDNPpqKgBDuWpW8KP,4LPnE9bAE4uv3joBQExXizor3e76ARcmvzNw9,,2024-07-08,United Airlines,United Airlines,500.0,USD,in store,False
wEoR4Wl64pTqrAyPgVBvhnMxozmBWnudDdJxb,xlJDNAq6NotDawz9vPjZUDvBjwm8N3fQzjpRJ,,2024-07-06,Uber,Uber 072515 SF**POOL**,6.33,USD,online,False
dErMyxXRyKTBXjlmwW8VHPvZp1r5APcA5A7nE,4LPnE9bAE4uv3joBQExXizor3e76ARcmvzNw9,,2024-07-03,,Tectra Inc,500.0,USD,in store,False
NK984oNL4dHd1Zzva5KbH4vdgwoPN4FNBN9A1,4LPnE9bAE4uv3joBQExXizor3e76ARcmvzNw9,,2024-07-02,,AUTOMATIC PAYMENT - THANK,2078.5,USD,online,False
4LPnE9bAE4uv3joBQExXizAJyGkdrzCENEBRQ,4LPnE9bAE4uv3joBQExXizor3e76ARcmvzNw9,,2024-07-02,KFC,KFC,500.0,USD,in store,False
apl6nzXRnAuGrmdBJveVUWp4amljGWtGlGrKm,4LPnE9bAE4uv3joBQExXizor3e76ARcmvzNw9,,2024-07-02,,Madison Bicycle Shop,500.0,USD,in store,False
oE71KMD6KjTNvKkdwro8UNmWVELpnNCwxwE75,dErMyxXRyKTBXjlmwW8VHP7AeLyNvMiXbK5x6,,2024-06-23,,CREDIT CARD 3333 PAYMENT *//,25.0,USD,other,False
5pjnWvbXWNuG4pAolEQdUBver197yBcLeL9AD,xlJDNAq6NotDawz9vPjZUDvBjwm8N3fQzjpRJ,,2024-06-23,Uber,Uber 063015 SF**POOL**,5.4,USD,online,False
Z7JEovMkoLsBDwQ5NK1VHgvn1JV8kgukAk4aW,NK984oNL4dHd1Zzva5KbH4WNx3DbvZFVGdBqV,,2024-06-22,,ACH Electronic CreditGUSTO PAY 123456,5850.0,USD,online,False
NK984oNL4dHd1Zzva5KbH4vdgwoPN4FNBN9KM,apl6nzXRnAuGrmdBJveVUWgGEz8Qp5HXEwlxP,,2024-06-22,,CD DEPOSIT .INITIAL.,1000.0,USD,other,False
PzwkP8WLP4tRKv3Bw5JyhP8Jrgb7mPcmBmgyM,4LPnE9bAE4uv3joBQExXizor3e76ARcmvzNw9,,2024-06-21,,Touchstone Climbing,78.5,USD,in store,False
JLmw3Mxy3zuJpqlvx5Wyc3mrRP8gN3iNWNmvr,xlJDNAq6NotDawz9vPjZUDvBjwm8N3fQzjpRJ,,2024-06-21,United Airlines,United Airlines,-500.0,USD,in store,False
kE4MV7DRVaTaWgM5A1RvU4WqkNdjz4FRgRkeB,xlJDNAq6NotDawz9vPjZUDvBjwm8N3fQzjpRJ,,2024-06-20,McDonald's,McDonald's,12.0,USD,in store,False
lENmweDRw4T1jBDLmly8H1PAJ8aZj1HAGAle4,xlJDNAq6NotDawz9vPjZUDvBjwm8N3fQzjpRJ,,2024-06-20,Starbucks,Starbucks,4.33,USD,in store,False
qwQJzLD6zeSmEZoL4nyvsBDo7nXaZBcXAXn1j,xlJDNAq6NotDawz9vPjZUDvBjwm8N3fQzjpRJ,,2024-06-19,FUN,SparkFun,89.4,USD,in store,False
g93MR4XDRBsoLKNlkeaVUmNLQpydkmukakWn8,dErMyxXRyKTBXjlmwW8VHP7AeLyNvMiXbK5x6,,2024-06-18,,INTRST PYMNT,-4.22,USD,other,False
jEaLDj5RDdTWaB7jmA5vIW7X8DnQgWtbzbDR5,4LPnE9bAE4uv3joBQExXizor3e76ARcmvzNw9,,2024-06-08,United Airlines,United Airlines,500.0,USD,in store,False
KkmAx1dLxBsKBEq8L5mVSxL7nQ4A3xF3W3MaZ,xlJDNAq6NotDawz9vPjZUDvBjwm8N3fQzjpRJ,,2024-06-06,Uber,Uber 072515 SF**POOL**,6.33,USD,online,False
7qeRG6bgGjtJLmAaBEZ4cxnNkyzjbxFVAVeBZ,4LPnE9bAE4uv3joBQExXizor3e76ARcmvzNw9,,2024-06-03,,Tectra Inc,500.0,USD,in store,False
Z7JEovMkoLsBDwQ5NK1VHgvn1JV8kgukAk41L,4LPnE9bAE4uv3joBQExXizor3e76ARcmvzNw9,,2024-06-02,,AUTOMATIC PAYMENT - THANK,2078.5,USD,online,False
QBkpjEMRjNfV48x1D5dXhj8w47BZAjFA4AvlM,4LPnE9bAE4uv3joBQExXizor3e76ARcmvzNw9,,2024-06-02,KFC,KFC,500.0,USD,in store,False
eEzM9dXR9rTERkPxqjyVUXpA6ZvznXunRnp3b,4LPnE9bAE4uv3joBQExXizor3e76ARcmvzNw9,,2024-06-02,,Madison Bicycle Shop,500.0,USD,in store,False
8KQJnlmon7HD6ArjedRNUvP6NBjGDvCE4EqLo,dErMyxXRyKTBXjlmwW8VHP7AeLyNvMiXbK5x6,,2024-05-24,,CREDIT CARD 3333 PAYMENT *//,25.0,USD,other,False
rEZ7BpD6BQTgxeZpo31VTgp1DZy5nguBqBEVw,xlJDNAq6NotDawz9vPjZUDvBjwm8N3fQzjpRJ,,2024-05-24,Uber,Uber 063015 SF**POOL**,5.4,USD,online,False
Mqmgap4naxt8vnryB56wCadojr9gZaFZwZqXG,NK984oNL4dHd1Zzva5KbH4WNx3DbvZFVGdBqV,,2024-05-23,,ACH Electronic CreditGUSTO PAY 123456,5850.0,USD,online,False
PzwkP8WLP4tRKv3Bw5JyhP8Jrgb7mPcmBmgvG,apl6nzXRnAuGrmdBJveVUWgGEz8Qp5HXEwlxP,,2024-05-23,,CD DEPOSIT .INITIAL.,1000.0,USD,other,False
Mqmgap4naxt8vnryB56wCadojr9gZaFZwZqRv,4LPnE9bAE4uv3joBQExXizor3e76ARcmvzNw9,,2024-05-22,,Touchstone Climbing,78.5,USD,in store,False
zKbljkr6j8H6Wqy1dknQcnLry7zWxnu8J8p1r,xlJDNAq6NotDawz9vPjZUDvBjwm8N3fQzjpRJ,,2024-05-22,United Airlines,United Airlines,-500.0,USD,in store,False
BPmLV4ZoV8tgmBjkqEKDTMmvWlAV3MSJ6JrNl,xlJDNAq6NotDawz9vPjZUDvBjwm8N3fQzjpRJ,,2024-05-21,McDonald's,McDonald's,12.0,USD,in store,False
31Nn8ybZ8auVKB1lrRm3hEqeygAmxECNKNzeL,xlJDNAq6NotDawz9vPjZUDvBjwm8N3fQzjpRJ,,2024-05-21,Starbucks,Starbucks,4.33,USD,in store,False
xlJDNAq6NotDawz9vPjZUDNPpqKgBDuWpW8RX,xlJDNAq6NotDawz9vPjZUDvBjwm8N3fQzjpRJ,,2024-05-20,FUN,SparkFun,89.4,USD,in store,False
Ee6VqjKLqAu6e8Gdn5KacqDnQNZ9dqFdvdbkq,dErMyxXRyKTBXjlmwW8VHP7AeLyNvMiXbK5x6,,2024-05-19,,INTRST PYMNT,-4.22,USD,other,False
1Za6obVAoxuxywoK8qdzirknEL5e7ruvLvBP1,4LPnE9bAE4uv3joBQExXizor3e76ARcmvzNw9,,2024-05-09,United Airlines,United Airlines,500.0,USD,in store,False
dErMyxXRyKTBXjlmwW8VHPvZp1r5APcA5A7xo,xlJDNAq6NotDawz9vPjZUDvBjwm8N3fQzjpRJ,,2024-05-07,Uber,Uber 072515 SF**POOL**,6.33,USD,online,False
Ll9pdLaAd3t7WEK3q5DGUdnBR5bpzdtzvzwWm,4LPnE9bAE4uv3joBQExXizor3e76ARcmvzNw9,,2024-05-04,,Tectra Inc,500.0,USD,in store,False
g93MR4XDRBsoLKNlkeaVUmNLQpydkmukakW7l,4LPnE9bAE4uv3joBQExXizor3e76ARcmvzNw9,,2024-05-03,,AUTOMATIC PAYMENT - THANK,2078.5,USD,online,False
oE71KMD6KjTNvKkdwro8UNmWVELpnNCwxwEV4,4LPnE9bAE4uv3joBQExXizor3e76ARcmvzNw9,,2024-05-03,KFC,KFC,500.0,USD,in store,False
pweMr1D6r7S5yrkndze8s5ReBWbdN5imymaQ6,4LPnE9bAE4uv3joBQExXizor3e76ARcmvzNw9,,2024-05-03,,Madison Bicycle Shop,500.0,USD,in store,False
WN9X1mMB1Ztp4W6lE5GXC1vLeZWga1HaAag1G,dErMyxXRyKTBXjlmwW8VHP7AeLyNvMiXbK5x6,,2024-04-24,,CREDIT CARD 3333 PAYMENT *//,25.0,USD,other,False
apl6nzXRnAuGrmdBJveVUWp4amljGWtGlGrxR,xlJDNAq6NotDawz9vPjZUDvBjwm8N3fQzjpRJ,,2024-04-24,Uber,Uber 063015 SF**POOL**,5.4,USD,online,False
1Za6obVAoxuxywoK8qdzirknEL5e7ruvLvB9v,NK984oNL4dHd1Zzva5KbH4WNx3DbvZFVGdBqV,,2024-04-23,,ACH Electronic CreditGUSTO PAY 123456,5850.0,USD,online,False
jEaLDj5RDdTWaB7jmA5vIW7X8DnQgWtbzbDAD,apl6nzXRnAuGrmdBJveVUWgGEz8Qp5HXEwlxP,,2024-04-23,,CD DEPOSIT .INITIAL.,1000.0,USD,other,False
8KQJnlmon7HD6ArjedRNUvP6NBjGDvCE4EqJw,4LPnE9bAE4uv3joBQExXizor3e76ARcmvzNw9,,2024-04-22,,Touchstone Climbing,78.5,USD,in store,False
4LPnE9bAE4uv3joBQExXizAJyGkdrzCENEBwd,xlJDNAq6NotDawz9vPjZUDvBjwm8N3fQzjpRJ,,2024-04-22,United Airlines,United Airlines,-500.0,USD,in store,False
NK984oNL4dHd1Zzva5KbH4vdgwoPN4FNBN9qy,xlJDNAq6NotDawz9vPjZUDvBjwm8N3fQzjpRJ,,2024-04-21,McDonald's,McDonald's,12.0,USD,in store,False
PzwkP8WLP4tRKv3Bw5JyhP8Jrgb7mPcmBmgrX,xlJDNAq6NotDawz9vPjZUDvBjwm8N3fQzjpRJ,,2024-04-21,Starbucks,Starbucks,4.33,USD,in store,False
jEaLDj5RDdTWaB7jmA5vIW7X8DnQgWtbzbD8Z,xlJDNAq6NotDawz9vPjZUDvBjwm8N3fQzjpRJ,,2024-04-20,FUN,SparkFun,89.4,USD,in store,False
ANmwDaVoDgtBWeALnZ1lHy3JdmA5zyseKezAX,dErMyxXRyKTBXjlmwW8VHP7AeLyNvMiXbK5x6,,2024-04-19,,INTRST PYMNT,-4.22,USD,other,False
Ee6VqjKLqAu6e8Gdn5KacqDnQNZ9dqFdvdb54,4LPnE9bAE4uv3joBQExXizor3e76ARcmvzNw9,,2024-04-09,United Airlines,United Airlines,500.0,USD,in store,False
7qeRG6bgGjtJLmAaBEZ4cxnNkyzjbxFVAVeK1,xlJDNAq6NotDawz9vPjZUDvBjwm8N3fQzjpRJ,,2024-04-07,Uber,Uber 072515 SF**POOL**,6.33,USD,online,False
WN9X1mMB1Ztp4W6lE5GXC1vLeZWga1HaAagQP,4LPnE9bAE4uv3joBQExXizor3e76ARcmvzNw9,,2024-04-04,,Tectra Inc,500.0,USD,in store,False
nEjRqZD6qPTpdq8N6KxvCp3AQwdMNpFmpmvME,4LPnE9bAE4uv3joBQExXizor3e76ARcmvzNw9,,2024-04-03,,AUTOMATIC PAYMENT - THANK,2078.5,USD,online,False
GZmnrezVrquAJEMyx5NdIrJlkdKZjrujrjk7n,4LPnE9bAE4uv3joBQExXizor3e76ARcmvzNw9,,2024-04-03,KFC,KFC,500.0,USD,in store,False
ANmwDaVoDgtBWeALnZ1lHy3JdmA5zyseKezx6,4LPnE9bAE4uv3joBQExXizor3e76ARcmvzNw9,,2024-04-03,,Madison Bicycle Shop,500.0,USD,in store,False
GZmnrezVrquAJEMyx5NdIrJlkdKZjrujrjkPl,dErMyxXRyKTBXjlmwW8VHP7AeLyNvMiXbK5x6,,2024-03-25,,CREDIT CARD 3333 PAYMENT *//,25.0,USD,other,False
eEzM9dXR9rTERkPxqjyVUXpA6ZvznXunRnplE,xlJDNAq6NotDawz9vPjZUDvBjwm8N3fQzjpRJ,,2024-03-25,Uber,Uber 063015 SF**POOL**,5.4,USD,online,False
Ll9pdLaAd3t7WEK3q5DGUdnBR5bpzdtzvzw6v,NK984oNL4dHd1Zzva5KbH4WNx3DbvZFVGdBqV,,2024-03-24,,ACH Electronic CreditGUSTO PAY 123456,5850.0,USD,online,False
7qeRG6bgGjtJLmAaBEZ4cxnNkyzjbxFVAVepm,apl6nzXRnAuGrmdBJveVUWgGEz8Qp5HXEwlxP,,2024-03-24,,CD DEPOSIT .INITIAL.,1000.0,USD,other,False
bEqDbBXRblTqygQm34aVhzQBMp1gAzCvyv86E,4LPnE9bAE4uv3joBQExXizor3e76ARcmvzNw9,,2024-03-23,,Touchstone Climbing,78.5,USD,in store,False
QBkpjEMRjNfV48x1D5dXhj8w47BZAjFA4AvWZ,xlJDNAq6NotDawz9vPjZUDvBjwm8N3fQzjpRJ,,2024-03-23,United Airlines,United Airlines,-500.0,USD,in store,False
Z7JEovMkoLsBDwQ5NK1VHgvn1JV8kgukAk4Dx,xlJDNAq6NotDawz9vPjZUDvBjwm8N3fQzjpRJ,,2024-03-22,McDonald's,McDonald's,12.0,USD,in store,False
Mqmgap4naxt8vnryB56wCadojr9gZaFZwZq8k,xlJDNAq6NotDawz9vPjZUDvBjwm8N3fQzjpRJ,,2024-03-22,Starbucks,Starbucks,4.33,USD,in store,False
1Za6obVAoxuxywoK8qdzirknEL5e7ruvLvBGE,xlJDNAq6NotDawz9vPjZUDvBjwm8N3fQzjpRJ,,2024-03-21,FUN,SparkFun,89.4,USD,in store,False
nEjRqZD6qPTpdq8N6KxvCp3AQwdMNpFmpmvWo,dErMyxXRyKTBXjlmwW8VHP7AeLyNvMiXbK5x6,,2024-03-20,,INTRST PYMNT,-4.22,USD,other,False
myPMlQD6lNIWyl6mDqBvIWX7JeaBnWt3w36Qr,4LPnE9bAE4uv3joBQExXizor3e76ARcmvzNw9,,2024-03-10,United Airlines,United Airlines,500.0,USD,in store,False
Ll9pdLaAd3t7WEK3q5DGUdnBR5bpzdtzvzwyz,xlJDNAq6NotDawz9vPjZUDvBjwm8N3fQzjpRJ,,2024-03-08,Uber,Uber 072515 SF**POOL**,6.33,USD,online,False
yqpkPGK6PgtKQmBVXjgwSKeRj1k5AKSvLvx8M,4LPnE9bAE4uv3joBQExXizor3e76ARcmvzNw9,,2024-03-05,,Tectra Inc,500.0,USD,in store,False
R39w7WMl7PsXRqdW65LoI7xzGDQv17h1r18or,4LPnE9bAE4uv3joBQExXizor3e76ARcmvzNw9,,2024-03-04,,AUTOMATIC PAYMENT - THANK,2078.5,USD,online,False
vXkgaED6aLuWVbKaX4wvIW9X8mlqrWt747rZ7,4LPnE9bAE4uv3joBQExXizor3e76ARcmvzNw9,,2024-03-04,KFC,KFC,500.0,USD,in store,False
9rZRbq7obecKMJA6naWPSkeDX647gktJbJj9M,4LPnE9bAE4uv3joBQExXizor3e76ARcmvzNw9,,2024-03-04,,Madison Bicycle Shop,500.0,USD,in store,False
bEqDbBXRblTqygQm34aVhzQBMp1gAzCvyv8Zk,dErMyxXRyKTBXjlmwW8VHP7AeLyNvMiXbK5x6,,2024-02-24,,CREDIT CARD 3333 PAYMENT *//,25.0,USD,other,False
pweMr1D6r7S5yrkndze8s5ReBWbdN5imymaNy,xlJDNAq6NotDawz9vPjZUDvBjwm8N3fQzjpRJ,,2024-02-24,Uber,Uber 063015 SF**POOL**,5.4,USD,online,False
pweMr1D6r7S5yrkndze8s5ReBWbdN5imymal7,NK984oNL4dHd1Zzva5KbH4WNx3DbvZFVGdBqV,,2024-02-23,,ACH Electronic CreditGUSTO PAY 123456,5850.0,USD,online,False
eEzM9dXR9rTERkPxqjyVUXpA6ZvznXunRnpkl,apl6nzXRnAuGrmdBJveVUWgGEz8Qp5HXEwlxP,,2024-02-23,,CD DEPOSIT .INITIAL.,1000.0,USD,other,False
6l7nAR6kAPtgdDAVP3GaTeGxQPE6JeuAMA4PE,4LPnE9bAE4uv3joBQExXizor3e76ARcmvzNw9,,2024-02-22,,Touchstone Climbing,78.5,USD,in store,False
oE71KMD6KjTNvKkdwro8UNmWVELpnNCwxwEnJ,xlJDNAq6NotDawz9vPjZUDvBjwm8N3fQzjpRJ,,2024-02-22,United Airlines,United Airlines,-500.0,USD,in store,False
g93MR4XDRBsoLKNlkeaVUmNLQpydkmukakWQv,xlJDNAq6NotDawz9vPjZUDvBjwm8N3fQzjpRJ,,2024-02-21,McDonald's,McDonald's,12.0,USD,in store,False
8KQJnlmon7HD6ArjedRNUvP6NBjGDvCE4EqVD,xlJDNAq6NotDawz9vPjZUDvBjwm8N3fQzjpRJ,,2024-02-21,Starbucks,Starbucks,4.33,USD,in store,False
Ee6VqjKLqAu6e8Gdn5KacqDnQNZ9dqFdvdbPD,xlJDNAq6NotDawz9vPjZUDvBjwm8N3fQzjpRJ,,2024-02-20,FUN,SparkFun,89.4,USD,in store,False
myPMlQD6lNIWyl6mDqBvIWX7JeaBnWt3w36dm,dErMyxXRyKTBXjlmwW8VHP7AeLyNvMiXbK5x6,,2024-02-19,,INTRST PYMNT,-4.22,USD,other,False
XP9bLyG3LMtopx7edlkGUwb4KzrylwSlzlGvw,4LPnE9bAE4uv3joBQExXizor3e76ARcmvzNw9,,2024-02-09,United Airlines,United Airlines,500.0,USD,in store,False
WN9X1mMB1Ztp4W6lE5GXC1vLeZWga1HaAagKp,xlJDNAq6NotDawz9vPjZUDvBjwm8N3fQzjpRJ,,2024-02-07,Uber,Uber 072515 SF**POOL**,6.33,USD,online,False
D7vnlPqElWsG6Jbkx5n4UlE6dMyJplip9pbLj,4LPnE9bAE4uv3joBQExXizor3e76ARcmvzNw9,,2024-02-04,,Tectra Inc,500.0,USD,in store,False
5pjnWvbXWNuG4pAolEQdUBver197yBcLeL9XR,4LPnE9bAE4uv3joBQExXizor3e76ARcmvzNw9,,2024-02-03,,AUTOMATIC PAYMENT - THANK,2078.5,USD,online,False
wEoR4Wl64pTqrAyPgVBvhnMxozmBWnudDdJzW,4LPnE9bAE4uv3joBQExXizor3e76ARcmvzNw9,,2024-02-03,KFC,KFC,500.0,USD,in store,False
V49ZMbLzMQcrR8PJj5vqsMPnNe91AMSALAzZ7,4LPnE9bAE4uv3joBQExXizor3e76ARcmvzNw9,,2024-02-03,,Madison Bicycle Shop,500.0,USD,in store,False
yqpkPGK6PgtKQmBVXjgwSKeRj1k5AKSvLvxXd,dErMyxXRyKTBXjlmwW8VHP7AeLyNvMiXbK5x6,,2024-01-25,,CREDIT CARD 3333 PAYMENT *//,25.0,USD,other,False
ANmwDaVoDgtBWeALnZ1lHy3JdmA5zyseKezEZ,xlJDNAq6NotDawz9vPjZUDvBjwm8N3fQzjpRJ,,2024-01-25,Uber,Uber 063015 SF**POOL**,5.4,USD,online,False
oE71KMD6KjTNvKkdwro8UNmWVELpnNCwxwEQW,NK984oNL4dHd1Zzva5KbH4WNx3DbvZFVGdBqV,,2024-01-24,,ACH Electronic CreditGUSTO PAY 123456,5850.0,USD,online,False
QBkpjEMRjNfV48x1D5dXhj8w47BZAjFA4AveE,apl6nzXRnAuGrmdBJveVUWgGEz8Qp5HXEwlxP,,2024-01-24,,CD DEPOSIT .INITIAL.,1000.0,USD,other,False
JLmw3Mxy3zuJpqlvx5Wyc3mrRP8gN3iNWNmXm,4LPnE9bAE4uv3joBQExXizor3e76ARcmvzNw9,,2024-01-23,,Touchstone Climbing,78.5,USD,in store,False
GZmnrezVrquAJEMyx5NdIrJlkdKZjrujrjkyk,xlJDNAq6NotDawz9vPjZUDvBjwm8N3fQzjpRJ,,2024-01-23,United Airlines,United Airlines,-500.0,USD,in store,False
nEjRqZD6qPTpdq8N6KxvCp3AQwdMNpFmpmvwn,xlJDNAq6NotDawz9vPjZUDvBjwm8N3fQzjpRJ,,2024-01-22,McDonald's,McDonald's,12.0,USD,in store,False
bEqDbBXRblTqygQm34aVhzQBMp1gAzCvyv8Q1,xlJDNAq6NotDawz9vPjZUDvBjwm8N3fQzjpRJ,,2024-01-22,Starbucks,Starbucks,4.33,USD,in store,False
myPMlQD6lNIWyl6mDqBvIWX7JeaBnWt3w36zz,xlJDNAq6NotDawz9vPjZUDvBjwm8N3fQzjpRJ,,2024-01-21,FUN,SparkFun,89.4,USD,in store,False
9rZRbq7obecKMJA6naWPSkeDX647gktJbJjQ1,dErMyxXRyKTBXjlmwW8VHP7AeLyNvMiXbK5x6,,2024-01-20,,INTRST PYMNT,-4.22,USD,other,False
kE4MV7DRVaTaWgM5A1RvU4WqkNdjz4FRgRk7X,4LPnE9bAE4uv3joBQExXizor3e76ARcmvzNw9,,2024-01-10,United Airlines,United Airlines,500.0,USD,in store,False
yqpkPGK6PgtKQmBVXjgwSKeRj1k5AKSvLvxeX,xlJDNAq6NotDawz9vPjZUDvBjwm8N3fQzjpRJ,,2024-01-08,Uber,Uber 072515 SF**POOL**,6.33,USD,online,False
lENmweDRw4T1jBDLmly8H1PAJ8aZj1HAGAlBe,4LPnE9bAE4uv3joBQExXizor3e76ARcmvzNw9,,2024-01-05,,Tectra Inc,500.0,USD,in store,False
rEZ7BpD6BQTgxeZpo31VTgp1DZy5nguBqBEbM,4LPnE9bAE4uv3joBQExXizor3e76ARcmvzNw9,,2024-01-04,,AUTOMATIC PAYMENT - THANK,2078.5,USD,online,False
KkmAx1dLxBsKBEq8L5mVSxL7nQ4A3xF3W3MoA,4LPnE9bAE4uv3joBQExXizor3e76ARcmvzNw9,,2024-01-04,KFC,KFC,500.0,USD,in store,False
qwQJzLD6zeSmEZoL4nyvsBDo7nXaZBcXAXnlk,4LPnE9bAE4uv3joBQExXizor3e76ARcmvzNw9,,2024-01-04,,Madison Bicycle Shop,500.0,USD,in store,False
vXkgaED6aLuWVbKaX4wvIW9X8mlqrWt747rkd,dErMyxXRyKTBXjlmwW8VHP7AeLyNvMiXbK5x6,,2023-12-26,,CREDIT CARD 3333 PAYMENT *//,25.0,USD,other,False
9rZRbq7obecKMJA6naWPSkeDX647gktJbJjaD,xlJDNAq6NotDawz9vPjZUDvBjwm8N3fQzjpRJ,,2023-12-26,Uber,Uber 063015 SF**POOL**,5.4,USD,online,False
g93MR4XDRBsoLKNlkeaVUmNLQpydkmukakWNA,NK984oNL4dHd1Zzva5KbH4WNx3DbvZFVGdBqV,,2023-12-25,,ACH Electronic CreditGUSTO PAY 123456,5850.0,USD,online,False
Z7JEovMkoLsBDwQ5NK1VHgvn1JV8kgukAk4lX,apl6nzXRnAuGrmdBJveVUWgGEz8Qp5HXEwlxP,,2023-12-25,,CD DEPOSIT .INITIAL.,1000.0,USD,other,False
zKbljkr6j8H6Wqy1dknQcnLry7zWxnu8J8pdQ,4LPnE9bAE4uv3joBQExXizor3e76ARcmvzNw9,,2023-12-24,,Touchstone Climbing,78.5,USD,in store,False
vXkgaED6aLuWVbKaX4wvIW9X8mlqrWt747rA1,xlJDNAq6NotDawz9vPjZUDvBjwm8N3fQzjpRJ,,2023-12-24,United Airlines,United Airlines,-500.0,USD,in store,False
R39w7WMl7PsXRqdW65LoI7xzGDQv17h1r183o,xlJDNAq6NotDawz9vPjZUDvBjwm8N3fQzjpRJ,,2023-12-23,McDonald's,McDonald's,12.0,USD,in store,False
6l7nAR6kAPtgdDAVP3GaTeGxQPE6JeuAMA4LQ,xlJDNAq6NotDawz9vPjZUDvBjwm8N3fQzjpRJ,,2023-12-23,Starbucks,Starbucks,4.33,USD,in store,False
XP9bLyG3LMtopx7edlkGUwb4KzrylwSlzlGqj,xlJDNAq6NotDawz9vPjZUDvBjwm8N3fQzjpRJ,,2023-12-22,FUN,SparkFun,89.4,USD,in store,False
R39w7WMl7PsXRqdW65LoI7xzGDQv17h1r18bL,dErMyxXRyKTBXjlmwW8VHP7AeLyNvMiXbK5x6,,2023-12-21,,INTRST PYMNT,-4.22,USD,other,False
BPmLV4ZoV8tgmBjkqEKDTMmvWlAV3MSJ6Jrvx,4LPnE9bAE4uv3joBQExXizor3e76ARcmvzNw9,,2023-12-11,United Airlines,United Airlines,500.0,USD,in store,False
D7vnlPqElWsG6Jbkx5n4UlE6dMyJplip9pbxW,xlJDNAq6NotDawz9vPjZUDvBjwm8N3fQzjpRJ,,2023-12-09,Uber,Uber 072515 SF**POOL**,6.33,USD,online,False
31Nn8ybZ8auVKB1lrRm3hEqeygAmxECNKNzgg,4LPnE9bAE4uv3joBQExXizor3e76ARcmvzNw9,,2023-12-06,,Tectra Inc,500.0,USD,in store,False
apl6nzXRnAuGrmdBJveVUWp4amljGWtGlGr6m,4LPnE9bAE4uv3joBQExXizor3e76ARcmvzNw9,,2023-12-05,,AUTOMATIC PAYMENT - THANK,2078.5,USD,online,False
dErMyxXRyKTBXjlmwW8VHPvZp1r5APcA5A7yE,4LPnE9bAE4uv3joBQExXizor3e76ARcmvzNw9,,2023-12-05,KFC,KFC,500.0,USD,in store,False
xlJDNAq6NotDawz9vPjZUDNPpqKgBDuWpW8MP,4LPnE9bAE4uv3joBQExXizor3e76ARcmvzNw9,,2023-12-05,,Madison Bicycle Shop,500.0,USD,in store,False
6l7nAR6kAPtgdDAVP3GaTeGxQPE6JeuAMA4Xa,dErMyxXRyKTBXjlmwW8VHP7AeLyNvMiXbK5x6,,2023-11-26,,CREDIT CARD 3333 PAYMENT *//,25.0,USD,other,False
V49ZMbLzMQcrR8PJj5vqsMPnNe91AMSALAzeM,xlJDNAq6NotDawz9vPjZUDvBjwm8N3fQzjpRJ,,2023-11-26,Uber,Uber 063015 SF**POOL**,5.4,USD,online,False
8KQJnlmon7HD6ArjedRNUvP6NBjGDvCE4Eq7d,NK984oNL4dHd1Zzva5KbH4WNx3DbvZFVGdBqV,,2023-11-25,,ACH Electronic CreditGUSTO PAY 123456,5850.0,USD,online,False
Mqmgap4naxt8vnryB56wCadojr9gZaFZwZqyy,apl6nzXRnAuGrmdBJveVUWgGEz8Qp5HXEwlxP,,2023-11-25,,CD DEPOSIT .INITIAL.,1000.0,USD,other,False
4LPnE9bAE4uv3joBQExXizAJyGkdrzCENEBpQ,4LPnE9bAE4uv3joBQExXizor3e76ARcmvzNw9,,2023-11-24,,Touchstone Climbing,78.5,USD,in store,False
wEoR4Wl64pTqrAyPgVBvhnMxozmBWnudDdJjb,xlJDNAq6NotDawz9vPjZUDvBjwm8N3fQzjpRJ,,2023-11-24,United Airlines,United Airlines,-500.0,USD,in store,False
5pjnWvbXWNuG4pAolEQdUBver197yBcLeL9MD,xlJDNAq6NotDawz9vPjZUDvBjwm8N3fQzjpRJ,,2023-11-23,McDonald's,McDonald's,12.0,USD,in store,False
JLmw3Mxy3zuJpqlvx5Wyc3mrRP8gN3iNWNmqr,xlJDNAq6NotDawz9vPjZUDvBjwm8N3fQzjpRJ,,2023-11-23,Starbucks,Starbucks,4.33,USD,in store,False
kE4MV7DRVaTaWgM5A1RvU4WqkNdjz4FRgRkKB,xlJDNAq6NotDawz9vPjZUDvBjwm8N3fQzjpRJ,,2023-11-22,FUN,SparkFun,89.4,USD,in store,False
XP9bLyG3LMtopx7edlkGUwb4KzrylwSlzlGnp,dErMyxXRyKTBXjlmwW8VHP7AeLyNvMiXbK5x6,,2023-11-21,,INTRST PYMNT,-4.22,USD,other,False
NK984oNL4dHd1Zzva5KbH4vdgwoPN4FNBN981,4LPnE9bAE4uv3joBQExXizor3e76ARcmvzNw9,,2023-11-11,United Airlines,United Airlines,500.0,USD,in store,False
lENmweDRw4T1jBDLmly8H1PAJ8aZj1HAGAl84,xlJDNAq6NotDawz9vPjZUDvBjwm8N3fQzjpRJ,,2023-11-09,Uber,Uber 072515 SF**POOL**,6.33,USD,online,False
PzwkP8WLP4tRKv3Bw5JyhP8Jrgb7mPcmBmgLM,4LPnE9bAE4uv3joBQExXizor3e76ARcmvzNw9,,2023-11-06,,Tectra Inc,500.0,USD,in store,False
eEzM9dXR9rTERkPxqjyVUXpA6ZvznXunRnpvb,4LPnE9bAE4uv3joBQExXizor3e76ARcmvzNw9,,2023-11-05,,AUTOMATIC PAYMENT - THANK,2078.5,USD,online,False
7qeRG6bgGjtJLmAaBEZ4cxnNkyzjbxFVAVebZ,4LPnE9bAE4uv3joBQExXizor3e76ARcmvzNw9,,2023-11-05,KFC,KFC,500.0,USD,in store,False
jEaLDj5RDdTWaB7jmA5vIW7X8DnQgWtbzbDK5,4LPnE9bAE4uv3joBQExXizor3e76ARcmvzNw9,,2023-11-05,,Madison Bicycle Shop,500.0,USD,in store,False
D7vnlPqElWsG6Jbkx5n4UlE6dMyJplip9pbaz,dErMyxXRyKTBXjlmwW8VHP7AeLyNvMiXbK5x6,,2023-10-27,,CREDIT CARD 3333 PAYMENT *//,25.0,USD,other,False
qwQJzLD6zeSmEZoL4nyvsBDo7nXaZBcXAXnkj,xlJDNAq6NotDawz9vPjZUDvBjwm8N3fQzjpRJ,,2023-10-27,Uber,Uber 063015 SF**POOL**,5.4,USD,online,False
Ee6VqjKLqAu6e8Gdn5KacqDnQNZ9dqFdvdbeo,NK984oNL4dHd1Zzva5KbH4WNx3DbvZFVGdBqV,,2023-10-26,,ACH Electronic CreditGUSTO PAY 123456,5850.0,USD,online,False
1Za6obVAoxuxywoK8qdzirknEL5e7ruvLvBor,apl6nzXRnAuGrmdBJveVUWgGEz8Qp5HXEwlxP,,2023-10-26,,CD DEPOSIT .INITIAL.,1000.0,USD,other,False
QBkpjEMRjNfV48x1D5dXhj8w47BZAjFA4AvPM,4LPnE9bAE4uv3joBQExXizor3e76ARcmvzNw9,,2023-10-25,,Touchstone Climbing,78.5,USD,in store,False
KkmAx1dLxBsKBEq8L5mVSxL7nQ4A3xF3W3MbZ,xlJDNAq6NotDawz9vPjZUDvBjwm8N3fQzjpRJ,,2023-10-25,United Airlines,United Airlines,-500.0,USD,in store,False
rEZ7BpD6BQTgxeZpo31VTgp1DZy5nguBqBEgw,xlJDNAq6NotDawz9vPjZUDvBjwm8N3fQzjpRJ,,2023-10-24,McDonald's,McDonald's,12.0,USD,in store,False
zKbljkr6j8H6Wqy1dknQcnLry7zWxnu8J8pWr,xlJDNAq6NotDawz9vPjZUDvBjwm8N3fQzjpRJ,,2023-10-24,Starbucks,Starbucks,4.33,USD,in store,False
BPmLV4ZoV8tgmBjkqEKDTMmvWlAV3MSJ6Jrnl,xlJDNAq6NotDawz9vPjZUDvBjwm8N3fQzjpRJ,,2023-10-23,FUN,SparkFun,89.4,USD,in store,False
V49ZMbLzMQcrR8PJj5vqsMPnNe91AMSALAzPW,dErMyxXRyKTBXjlmwW8VHP7AeLyNvMiXbK5x6,,2023-10-22,,INTRST PYMNT,-4.22,USD,other,False
5gglmy6NeoFnez6p5J9mcBvgV3mXjgt5Kvby5,688qEydPQgC6LmwDnX1lUeGaNr8LP7ikqdjQ9,,2025-10-12,Adidas,Adidas,39.0,USD,in store,False
oBBznd9jq5CmlzyKDLZ9UNma8DJGPaCoqj1Qx,688qEydPQgC6LmwDnX1lUeGaNr8LP7ikqdjQ9,,2025-10-12,Budget Insurance,Budget Insurance,79.0,USD,online,False
G55MDKoq9QhlZmGEbaWzSrJxoeVWGxu6Maqxe,688qEydPQgC6LmwDnX1lUeGaNr8LP7ikqdjQ9,,2025-10-12,Planet Spice,Planet Spice,20.0,USD,in store,False
G55MDKoq9QhlZmGEbaWzSrJxoeVWGxu6MaqMe,688qEydPQgC6LmwDnX1lUeGaNr8LP7ikqdjQ9,,2025-10-12,Sainsbury's,Sainsbury's,89.4,USD,in store,False
E55QDlvAm9hAylE8QJ47SqD61GVvl6S4xyr8W,688qEydPQgC6LmwDnX1lUeGaNr8LP7ikqdjQ9,,2025-10-11,,HMRC,72.0,USD,in store,False
oBBznd9jq5CmlzyKDLZ9UNma8DJGPaCoqj1eQ,X55dWKBM78hZNz6xRV38Hwbma7BezgUJrepkg,,2025-10-11,,INTRST PYMNT,-4.22,USD,other,False
688qEydPQgC6LmwDnX1lUeG3n9AjK3h8D6mKq,688qEydPQgC6LmwDnX1lUeGaNr8LP7ikqdjQ9,,2025-10-10,Home Bargains,Home Bargains,70.0,USD,in store,False
g55gWlkBnbhAv3zKrG8ySmNDvrE83DUE8oPNe,688qEydPQgC6LmwDnX1lUeGaNr8LP7ikqdjQ9,,2025-10-10,Pets And Claws Pet Insurance,Pets And Claws Pet Insurance,32.0,USD,online,False
yee7nJ5gNVtnPaLm1Wr7cKe8GgQXJ8T46Gon3,688qEydPQgC6LmwDnX1lUeGaNr8LP7ikqdjQ9,,2025-10-10,Rookery Mini Market,Rookery Mini Market,35.0,USD,in store,False
N55EDagdzRhxXQGZMnREc4vWqr6QXWCy63ope,688qEydPQgC6LmwDnX1lUeGaNr8LP7ikqdjQ9,,2025-10-09,Bulb Energy,Bulb Energy,20.0,USD,online,False
111RE7mxNlsLpG3wmlW6HrkqQK196qupjzN9V,688qEydPQgC6LmwDnX1lUeGaNr8LP7ikqdjQ9,,2025-10-09,,Non-Sterling Transaction Fee NON-STERLING TRANSACTION,15.0,USD,other,False
qxx3y49erRiJKBDZ8XpAHBDL18qW5LtgrELro,688qEydPQgC6LmwDnX1lUeGaNr8LP7ikqdjQ9,,2025-10-09,,VITALITY HEALTH,9.0,USD,online,False
d55L678KWwhn1ANjdEPKcPv7jKaEB7uJEklz8,688qEydPQgC6LmwDnX1lUeGaNr8LP7ikqdjQ9,,2025-10-08,Cambridge City Council,Cambridge City Council,64.0,USD,in store,False
L55kDxo3KVhBlJaE4ZjXUdnVGv9WeVtkj7qKE,688qEydPQgC6LmwDnX1lUeGaNr8LP7ikqdjQ9,,2025-10-08,Wage Day Advance,Wage Day Advance,120.0,USD,online,False
mkkKn3bNR5fadGnlAVjZHWX4kA5yl4SgyE9po,688qEydPQgC6LmwDnX1lUeGaNr8LP7ikqdjQ9,,2025-10-07,Apple Store,Apple Store,52.0,USD,in store,False
nzzrnxwPl5t4gojqRWJXHp34lRBWX4cAloZVv,688qEydPQgC6LmwDnX1lUeGaNr8LP7ikqdjQ9,,2025-10-07,CHIP,Chip Savings,43.0,USD,in store,False
X55dWKBM78hZNz6xRV38Hwb5QGNd15tbKQ9KM,688qEydPQgC6LmwDnX1lUeGaNr8LP7ikqdjQ9,,2025-10-07,Marks & Spencer,MARKS&SPENCER PLC,37.0,USD,in store,False
qxx3y49erRiJKBDZ8XpAHBDL18qW5LtgrELPo,688qEydPQgC6LmwDnX1lUeGaNr8LP7ikqdjQ9,,2025-10-07,Northenden Golf Club,Northenden Golf Club,48.0,USD,in store,False
wjjPmQJpaKu1L9dAwx3ZUnMLZw6EaLFPZG3Rr,688qEydPQgC6LmwDnX1lUeGaNr8LP7ikqdjQ9,,2025-10-07,,Sports Direct,67.0,USD,in store,False
bJJMWPglkxCAnR9gjW8ZSzQyXjDGoyumblEbl,688qEydPQgC6LmwDnX1lUeGaNr8LP7ikqdjQ9,,2025-10-07,YouLend,YouLend Limited / ref: No Reference,1237.0,USD,other,False
111RE7mxNlsLpG3wmlW6HrkqQK196qupjzNXo,688qEydPQgC6LmwDnX1lUeGaNr8LP7ikqdjQ9,,2025-10-06,Loans 2 Go,Loans 2 Go,280.0,USD,in store,False
J55pDB9zlEhrnLjqE8bms3ma9vBwQaIB6A1MQ,688qEydPQgC6LmwDnX1lUeGaNr8LP7ikqdjQ9,,2025-10-06,Stobswell Dental Practice,Stobswell Dental Practice,26.0,USD,in store,False
p33Bnk97K5SAq71r6bLgS5R1l79oq1tpowboQ,688qEydPQgC6LmwDnX1lUeGaNr8LP7ikqdjQ9,,2025-10-06,UniBet,unibet,180.0,USD,in store,False
e55pWe1rAvhJze6kQnplHXpe4Qj9lefr9gJ9z,688qEydPQgC6LmwDnX1lUeGaNr8LP7ikqdjQ9,,2025-10-04,Capital One,CAPITAL ONE,73.0,USD,other,False
D55eDyVWb8heZ9pJ3XAVUlE8V5B3o8t3W17Rm,688qEydPQgC6LmwDnX1lUeGaNr8LP7ikqdjQ9,,2025-10-04,IKEA,IKEA,64.0,USD,in store,False
kqqlWzka9yIxJBDgwGndc4WMlnb63MCL69qDz,688qEydPQgC6LmwDnX1lUeGaNr8LP7ikqdjQ9,,2025-10-04,MotorSport Vision,MotorSport Vision,58.0,USD,in store,False
wjjPmQJpaKu1L9dAwx3ZUnMLZw6EaLFPZG3Zr,688qEydPQgC6LmwDnX1lUeGaNr8LP7ikqdjQ9,,2025-10-04,Wilko,Wilko,57.0,USD,in store,False
W55xDqzZjRhQRgnWqJM8H1v67oDzP6H6ZRX3L,688qEydPQgC6LmwDnX1lUeGaNr8LP7ikqdjQ9,,2025-10-03,Tradingview,Tradingview,26.0,USD,online,False
R55KDjoPd8hN3vmqw8ZpC7xMdeWVPMsap9wkE,688qEydPQgC6LmwDnX1lUeGaNr8LP7ikqdjQ9,,2025-10-02,Cartridge Discount,Cartridge Discount,40.0,USD,in store,False
lKKknBd4vZIdJ6wBQxrgS1P7VQrGN7Hpo4ngr,688qEydPQgC6LmwDnX1lUeGaNr8LP7ikqdjQ9,,2025-10-02,Lloyds Pharmacy,Lloyds Pharmacy,22.0,USD,in store,False
B66jby98GRCMpovBJA8dIMmQNzwRgQU4MBX5V,688qEydPQgC6LmwDnX1lUeGaNr8LP7ikqdjQ9,,2025-10-01,Autobank Financial Services,Autobank Financial Services,31.0,USD,online,False
V553DkrQPWheG1487wZgUMPRLDb3qRU9gaoy6,688qEydPQgC6LmwDnX1lUeGaNr8LP7ikqdjQ9,,2025-10-01,J D Sports,J D Sports,42.0,USD,in store,False
yee7nJ5gNVtnPaLm1Wr7cKe8GgQXJ8T46Go63,688qEydPQgC6LmwDnX1lUeGaNr8LP7ikqdjQ9,,2025-10-01,,NON-GBP TRANS FEE,73.0,USD,other,False
E55QDlvAm9hAylE8QJ47SqD61GVvl6S4xyrnn,D55eDyVWb8heZ9pJ3XAVUlEmrqNbMefdr6mND,,2025-10-01,Ryanair,Ryanair,500.0,USD,in store,False
jllWnrPdybCeLErBkdo1UW71Vd3oj1S6WExWP,688qEydPQgC6LmwDnX1lUeGaNr8LP7ikqdjQ9,,2025-10-01,,ref: Transaction Fee,27.0,USD,other,False
8kkrEyq7Mpf94pBAoZPLTvPQ91l58QiW3ngp3,688qEydPQgC6LmwDnX1lUeGaNr8LP7ikqdjQ9,,2025-09-30,Arena Birmingham,Arena Birmingham,22.0,USD,in store,False
oBBznd9jq5CmlzyKDLZ9UNma8DJGPaCoqj15Q,688qEydPQgC6LmwDnX1lUeGaNr8LP7ikqdjQ9,,2025-09-30,Bet365,Bet365,42.0,USD,in store,False
8kkrEyq7Mpf94pBAoZPLTvPQ91l58QiW3ng33,688qEydPQgC6LmwDnX1lUeGaNr8LP7ikqdjQ9,,2025-09-30,,Direct Deposit,-3000.0,USD,other,False
W55xDqzZjRhQRgnWqJM8H1v67oDzP6H6ZRXZk,688qEydPQgC6LmwDnX1lUeGaNr8LP7ikqdjQ9,,2025-09-30,Uber,UBER INCOME - PAYROLL,-1200.0,USD,other,False
p33Bnk97K5SAq71r6bLgS5R1l79oq1tpowbjQ,688qEydPQgC6LmwDnX1lUeGaNr8LP7ikqdjQ9,,2025-09-30,UniBet,UniBet,89.0,USD,in store,False
mkkKn3bNR5fadGnlAVjZHWX4kA5yl4SgyE9yo,688qEydPQgC6LmwDnX1lUeGaNr8LP7ikqdjQ9,,2025-09-30,Vauxhall Finance,Vauxhall Finance,48.0,USD,in store,False
111RE7mxNlsLpG3wmlW6HrkqQK196qupjzNjo,688qEydPQgC6LmwDnX1lUeGaNr8LP7ikqdjQ9,,2025-09-30,Gorillas,gorillas,180.75,USD,in store,False
4ooR5yG47rCZ4VejkGAdHzAogjnDXouJbo9VG,688qEydPQgC6LmwDnX1lUeGaNr8LP7ikqdjQ9,,2025-09-29,,MyTaxi,66.0,USD,in store,False
L55kDxo3KVhBlJaE4ZjXUdnVGv9WeVtkj7q6d,688qEydPQgC6LmwDnX1lUeGaNr8LP7ikqdjQ9,,2025-09-29,,OVERDRAFT FEE,72.0,USD,other,False
nzzrnxwPl5t4gojqRWJXHp34lRBWX4cAloZld,688qEydPQgC6LmwDnX1lUeGaNr8LP7ikqdjQ9,,2025-09-29,Uber,Uber,6.33,USD,online,False
W55xDqzZjRhQRgnWqJM8H1v67oDzP6H6ZRXyk,688qEydPQgC6LmwDnX1lUeGaNr8LP7ikqdjQ9,,2025-09-27,Amazon Prime Video,Amazon Prime,12.99,USD,online,False
M558Ddoxr7h3qEdnokGzHadB1nDe4BHL6KNXm,688qEydPQgC6LmwDnX1lUeGaNr8LP7ikqdjQ9,,2025-09-27,,FOREIGN CURRENCY CONVERSION FEE,16.0,USD,other,False
V553DkrQPWheG1487wZgUMPRLDb3qRU9gaog6,688qEydPQgC6LmwDnX1lUeGaNr8LP7ikqdjQ9,,2025-09-27,Primark,PRIMARK,61.0,USD,in store,False
kqqlWzka9yIxJBDgwGndc4WMlnb63MCL69q6z,688qEydPQgC6LmwDnX1lUeGaNr8LP7ikqdjQ9,,2025-09-27,,RENT,98.0,USD,in store,False
D55eDyVWb8heZ9pJ3XAVUlE8V5B3o8t3W17Wm,688qEydPQgC6LmwDnX1lUeGaNr8LP7ikqdjQ9,,2025-09-27,Walmart,Walmart,19.0,USD,in store,False
W55xDqzZjRhQRgnWqJM8H1v67oDzP6H6ZRXzk,D55eDyVWb8heZ9pJ3XAVUlEmrqNbMefdr6mND,,2025-09-26,Burberry,Burberry,500.0,USD,in store,False
9AAzEyKe18hgVv3J9RZeHkeQxGwoaQt4xrkyQ,688qEydPQgC6LmwDnX1lUeGaNr8LP7ikqdjQ9,,2025-09-26,Kensington Mortgage Company,Kensington Mortgage Company,1073.0,USD,online,False
rddxnN9QzJFjrkbe4yJDSgpBE4qGXBT7JQp9G,688qEydPQgC6LmwDnX1lUeGaNr8LP7ikqdjQ9,,2025-09-26,Nail Co,Nail Co,31.0,USD,in store,False
nzzrnxwPl5t4gojqRWJXHp34lRBWX4cAloZqd,D55eDyVWb8heZ9pJ3XAVUlEmrqNbMefdr6mND,,2025-09-25,,AUTOMATIC PAYMENT - THANK,2078.5,USD,in store,False
G55MDKoq9QhlZmGEbaWzSrJxoeVWGxu6Maqge,D55eDyVWb8heZ9pJ3XAVUlEmrqNbMefdr6mND,,2025-09-25,Alfies Fish & Chips,Alfies Fish & Chips,500.0,USD,in store,False
688qEydPQgC6LmwDnX1lUeG3n9AjK3h8D6mDq,688qEydPQgC6LmwDnX1lUeGaNr8LP7ikqdjQ9,,2025-09-25,,Boscombe Convenience,28.0,USD,in store,False
3ppRAkdajKCXLgzBPGbDsEqRwWdLkRhZlAQbN,688qEydPQgC6LmwDnX1lUeGaNr8LP7ikqdjQ9,,2025-09-25,Homeserve,Homeserve,24.0,USD,in store,False
p33Bnk97K5SAq71r6bLgS5R1l79oq1tpowblm,688qEydPQgC6LmwDnX1lUeGaNr8LP7ikqdjQ9,,2025-09-25,,INTEREST CHARGED INTEREST CHARGED,22.0,USD,other,False
ARRPEypgAntJ6VveXEP5Hy3qej4bXqH9r8aNv,D55eDyVWb8heZ9pJ3XAVUlEmrqNbMefdr6mND,,2025-09-25,,JD Sports,500.0,USD,in store,False
g55gWlkBnbhAv3zKrG8ySmNDvrE83DUE8oPRR,688qEydPQgC6LmwDnX1lUeGaNr8LP7ikqdjQ9,,2025-09-25,Manchester Arena,Manchester Arena,125.0,USD,in store,False
bJJMWPglkxCAnR9gjW8ZSzQyXjDGoyumblEKd,688qEydPQgC6LmwDnX1lUeGaNr8LP7ikqdjQ9,,2025-09-25,Moneybox,Moneybox,41.0,USD,online,False
x77jnk5o4rFJNrnwlxWGHDNvelQbZvF641kPp,688qEydPQgC6LmwDnX1lUeGaNr8LP7ikqdjQ9,,2025-09-25,The Zoological Society of London,The Zoological Society of London,73.0,USD,in store,False
ARRPEypgAntJ6VveXEP5Hy3qej4bXqH9r8arv,688qEydPQgC6LmwDnX1lUeGaNr8LP7ikqdjQ9,,2025-09-24,H&M,H&M,50.22,USD,in store,False
oBBznd9jq5CmlzyKDLZ9UNma8DJGPaCoqj1qQ,688qEydPQgC6LmwDnX1lUeGaNr8LP7ikqdjQ9,,2025-09-24,Zilch,zilch london,120.48,USD,other,False
ARRPEypgAntJ6VveXEP5Hy3qej4bXqH9r8aJv,688qEydPQgC6LmwDnX1lUeGaNr8LP7ikqdjQ9,,2025-09-23,Five Rivers Coffee Company,Five Rivers Coffee Company,10.0,USD,in store,False
a55ZbN9AgehW1XPmZlDpHWpgBLbZkgSZ5NoJA,688qEydPQgC6LmwDnX1lUeGaNr8LP7ikqdjQ9,,2025-09-23,Kingshill Cars,Kingshill Cars,75.0,USD,in store,False
Z554WzeLQqhvm8rwWEGpHgvQBqXy9QTeq3PqV,688qEydPQgC6LmwDnX1lUeGaNr8LP7ikqdjQ9,,2025-09-23,Nando's,Nandos,45.0,USD,in store,False
G55MDKoq9QhlZmGEbaWzSrJxoeVWGxu6Maqxm,688qEydPQgC6LmwDnX1lUeGaNr8LP7ikqdjQ9,,2025-09-23,Pokerstars,Pokerstars,13.0,USD,in store,False
E55QDlvAm9hAylE8QJ47SqD61GVvl6S4xyren,688qEydPQgC6LmwDnX1lUeGaNr8LP7ikqdjQ9,,2025-09-23,Spotify,Spotify,19.99,USD,online,False
X55dWKBM78hZNz6xRV38Hwb5QGNd15tbKQ9jM,688qEydPQgC6LmwDnX1lUeGaNr8LP7ikqdjQ9,,2025-09-22,Ceramic Tile Company,Ceramic Tile Company,42.0,USD,in store,False
nzzrnxwPl5t4gojqRWJXHp34lRBWX4cAloZVd,688qEydPQgC6LmwDnX1lUeGaNr8LP7ikqdjQ9,,2025-09-22,King Street Brew House,King Street Brew House,146.0,USD,in store,False
lKKknBd4vZIdJ6wBQxrgS1P7VQrGN7Hpo4nor,688qEydPQgC6LmwDnX1lUeGaNr8LP7ikqdjQ9,,2025-09-22,Sky,SKY DIGITAL,40.0,USD,online,False
K55oD3ZBqnhz3XbEevw6ixLXDRWdEXcRpyKkK,688qEydPQgC6LmwDnX1lUeGaNr8LP7ikqdjQ9,,2025-09-21,Elemis Spa,Elemis Spa,77.0,USD,in store,False
bJJMWPglkxCAnR9gjW8ZSzQyXjDGoyumblEKl,688qEydPQgC6LmwDnX1lUeGaNr8LP7ikqdjQ9,,2025-09-21,HelloFresh,Hellofresh,18.0,USD,in store,False
5gglmy6NeoFnez6p5J9mcBvgV3mXjgt5KvbK5,688qEydPQgC6LmwDnX1lUeGaNr8LP7ikqdjQ9,,2025-09-21,,MACDONALD HOTELS,68.0,USD,in store,False
8kkrEyq7Mpf94pBAoZPLTvPQ91l58QiW3ng7k,688qEydPQgC6LmwDnX1lUeGaNr8LP7ikqdjQ9,,2025-09-20,And Customs,HM Revenue and Customs,12.0,USD,in store,False
mkkKn3bNR5fadGnlAVjZHWX4kA5yl4SgyE9pn,688qEydPQgC6LmwDnX1lUeGaNr8LP7ikqdjQ9,,2025-09-20,Monzo,Monzo,72.0,USD,in store,False
rddxnN9QzJFjrkbe4yJDSgpBE4qGXBT7JQpJG,688qEydPQgC6LmwDnX1lUeGaNr8LP7ikqdjQ9,,2025-09-19,,HMRC,52.0,USD,in store,False
g55gWlkBnbhAv3zKrG8ySmNDvrE83DUE8oP8R,688qEydPQgC6LmwDnX1lUeGaNr8LP7ikqdjQ9,,2025-09-19,Flixbus,flixbus,140.0,USD,in store,False
9AAzEyKe18hgVv3J9RZeHkeQxGwoaQt4xrky8,688qEydPQgC6LmwDnX1lUeGaNr8LP7ikqdjQ9,,2025-09-18,Am 2 Pm Convenience Store,Am 2 Pm Convenience Store,41.0,USD,in store,False
yee7nJ5gNVtnPaLm1Wr7cKe8GgQXJ8T46Gone,688qEydPQgC6LmwDnX1lUeGaNr8LP7ikqdjQ9,,2025-09-18,American Express,American Express,1400.0,USD,other,False
P55lDNo43bhaz41vZeQpHP8M9zVEXMuo6186z,688qEydPQgC6LmwDnX1lUeGaNr8LP7ikqdjQ9,,2025-09-18,,HMRC,16.0,USD,in store,False
Q55qDPmNxJhvoKb8ZgmrHj8L5RbQNLCwm1ZmW,688qEydPQgC6LmwDnX1lUeGaNr8LP7ikqdjQ9,,2025-09-18,,HSBC PLC LOANS,77.0,USD,other,False
7EEKDyljZpsgV3zmb5yoHxnEJVv6XEcdJZ6Je,688qEydPQgC6LmwDnX1lUeGaNr8LP7ikqdjQ9,,2025-09-18,Klarna,Klarna,49.0,USD,other,False
R55KDjoPd8hN3vmqw8ZpC7xMdeWVPMsap9wpE,688qEydPQgC6LmwDnX1lUeGaNr8LP7ikqdjQ9,,2025-09-18,Microsoft,Microsoft,19.0,USD,in store,False
ARRPEypgAntJ6VveXEP5Hy3qej4bXqH9r8aJg,688qEydPQgC6LmwDnX1lUeGaNr8LP7ikqdjQ9,,2025-09-18,Nutmeg,Nutmeg,64.0,USD,online,False
zQQeXo98PmIVNajqvzl7inLDAvopKDFlNVMBj,688qEydPQgC6LmwDnX1lUeGaNr8LP7ikqdjQ9,,2025-09-18,Park Veterinary Centre,Park Veterinary Centre,36.0,USD,in store,False
J55pDB9zlEhrnLjqE8bms3ma9vBwQaIB6A16Q,688qEydPQgC6LmwDnX1lUeGaNr8LP7ikqdjQ9,,2025-09-18,Trainline,Trainline,55.0,USD,in store,False
K55oD3ZBqnhz3XbEevw6ixLXDRWdEXcRpyKpK,688qEydPQgC6LmwDnX1lUeGaNr8LP7ikqdjQ9,,2025-09-17,Bupa,BUPA UK,175.0,USD,online,False
vPPNneALdqceN5obnA3yUW9JEVDkPJSq6pgem,688qEydPQgC6LmwDnX1lUeGaNr8LP7ikqdjQ9,,2025-09-17,Harrods,Harrods,51.0,USD,in store,False
vPPNneALdqceN5obnA3yUW9JEVDkPJSq6pg6m,688qEydPQgC6LmwDnX1lUeGaNr8LP7ikqdjQ9,,2025-09-17,,Last Orders Drink,258.0,USD,in store,False
L55kDxo3KVhBlJaE4ZjXUdnVGv9WeVtkj7qjE,688qEydPQgC6LmwDnX1lUeGaNr8LP7ikqdjQ9,,2025-09-17,Netflix,Netflix,14.99,USD,online,False
M558Ddoxr7h3qEdnokGzHadB1nDe4BHL6KN6P,688qEydPQgC6LmwDnX1lUeGaNr8LP7ikqdjQ9,,2025-09-17,Shop,Pet Shop,8.99,USD,in store,False
E55QDlvAm9hAylE8QJ47SqD61GVvl6S4xyrxn,688qEydPQgC6LmwDnX1lUeGaNr8LP7ikqdjQ9,,2025-09-16,Royal Mail,123456789 Royal Mail,10.0,USD,in store,False
g55gWlkBnbhAv3zKrG8ySmNDvrE83DUE8oPpR,D55eDyVWb8heZ9pJ3XAVUlEmrqNbMefdr6mND,,2025-09-16,,CREDIT CARD 3333 PAYMENT *//,25.0,USD,in store,False
zQQeXo98PmIVNajqvzl7inLDAvopKDFlNVMNj,688qEydPQgC6LmwDnX1lUeGaNr8LP7ikqdjQ9,,2025-09-16,,HMRC,52.0,USD,in store,False
9AAzEyKe18hgVv3J9RZeHkeQxGwoaQt4xrkx8,688qEydPQgC6LmwDnX1lUeGaNr8LP7ikqdjQ9,,2025-09-16,Starbucks,Starbucks,12.0,USD,in store,False
8kkrEyq7Mpf94pBAoZPLTvPQ91l58QiW3ngo3,D55eDyVWb8heZ9pJ3XAVUlEmrqNbMefdr6mND,,2025-09-16,Amazon,amazon.co.uk,25.0,USD,online,True
4ooR5yG47rCZ4VejkGAdHzAogjnDXouJbo9bG,688qEydPQgC6LmwDnX1lUeGaNr8LP7ikqdjQ9,,2025-09-15,Aldi,Aldi,121.0,USD,in store,False
a55ZbN9AgehW1XPmZlDpHWpgBLbZkgSZ5No5A,688qEydPQgC6LmwDnX1lUeGaNr8LP7ikqdjQ9,,2025-09-15,Star Food And Wine,Star Food And Wine,17.0,USD,in store,False
bJJMWPglkxCAnR9gjW8ZSzQyXjDGoyumblEpl,wjjPmQJpaKu1L9dAwx3ZUnM1VRj9zbuMaWAza,,2025-09-15,,CD DEPOSIT .INITIAL.,1000.0,USD,in store,False
P55lDNo43bhaz41vZeQpHP8M9zVEXMuo618lz,688qEydPQgC6LmwDnX1lUeGaNr8LP7ikqdjQ9,,2025-09-15,Nottinghill Pharmacy,Nottinghill Pharmacy,51.0,USD,in store,False
B66jby98GRCMpovBJA8dIMmQNzwRgQU4MBXMV,688qEydPQgC6LmwDnX1lUeGaNr8LP7ikqdjQ9,,2025-09-14,Diamond Insurance,Diamond Insurance,39.0,USD,online,False
p33Bnk97K5SAq71r6bLgS5R1l79oq1tpowbMQ,688qEydPQgC6LmwDnX1lUeGaNr8LP7ikqdjQ9,,2025-09-14,Sports,Reydon Sports,31.0,USD,in store,False
7EEKDyljZpsgV3zmb5yoHxnEJVv6XEcdJZ6ke,688qEydPQgC6LmwDnX1lUeGaNr8LP7ikqdjQ9,,2025-09-14,Ryanair,Ryanair **** REFUND ****,-500.0,USD,in store,False
Q55qDPmNxJhvoKb8ZgmrHj8L5RbQNLCwm1ZQW,688qEydPQgC6LmwDnX1lUeGaNr8LP7ikqdjQ9,,2025-09-14,Takeway,takeaway,55.0,USD,online,False
M558Ddoxr7h3qEdnokGzHadB1nDe4BHL6KNgP,688qEydPQgC6LmwDnX1lUeGaNr8LP7ikqdjQ9,,2025-09-13,,BANK TRANSFER,-500.0,USD,other,False
111RE7mxNlsLpG3wmlW6HrkqQK196qupjzNdo,688qEydPQgC6LmwDnX1lUeGaNr8LP7ikqdjQ9,,2025-09-13,Blue Planet Aquarium,Blue Planet Aquarium,42.0,USD,in store,False
jllWnrPdybCeLErBkdo1UW71Vd3oj1S6WExgP,688qEydPQgC6LmwDnX1lUeGaNr8LP7ikqdjQ9,,2025-09-13,Brighouse Swimming Pool & Fitness Centre,Brighouse Swimming Pool & Fitness Centre,56.0,USD,in store,False
x77jnk5o4rFJNrnwlxWGHDNvelQbZvF641k4p,688qEydPQgC6LmwDnX1lUeGaNr8LP7ikqdjQ9,,2025-09-13,First Direct Arena,First Direct Arena,52.0,USD,in store,False
Z554WzeLQqhvm8rwWEGpHgvQBqXy9QTeq3PyV,688qEydPQgC6LmwDnX1lUeGaNr8LP7ikqdjQ9,,2025-09-13,Pret A Manger,Pret A Manger,4.33,USD,in store,False
e55pWe1rAvhJze6kQnplHXpe4Qj9lefr9gJZz,688qEydPQgC6LmwDnX1lUeGaNr8LP7ikqdjQ9,,2025-09-13,Tesco,Tesco,12.0,USD,in store,False
N55EDagdzRhxXQGZMnREc4vWqr6QXWCy63o6e,688qEydPQgC6LmwDnX1lUeGaNr8LP7ikqdjQ9,,2025-09-12,Adidas,Adidas,39.0,USD,in store,False
3ppRAkdajKCXLgzBPGbDsEqRwWdLkRhZlAQlN,688qEydPQgC6LmwDnX1lUeGaNr8LP7ikqdjQ9,,2025-09-12,Budget Insurance,Budget Insurance,79.0,USD,online,False
d55L678KWwhn1ANjdEPKcPv7jKaEB7uJEklE8,688qEydPQgC6LmwDnX1lUeGaNr8LP7ikqdjQ9,,2025-09-12,Planet Spice,Planet Spice,20.0,USD,in store,False
L55kDxo3KVhBlJaE4ZjXUdnVGv9WeVtkj7qnE,688qEydPQgC6LmwDnX1lUeGaNr8LP7ikqdjQ9,,2025-09-12,Sainsbury's,Sainsbury's,89.4,USD,in store,False
